x,y,z,z2
0.0,2.1,0.013462,0.018628
0.0,4.38,0.013363,0.018699
0.0,6.82,0.013126,0.018745
0.0,9.1,0.013028,0.018616
0.0,11.38,0.013089,0.018748
0.0,13.48,0.012954,0.018906
0.0,15.75,0.013197,0.019038
0.0,18.03,0.012969,0.019066
0.0,20.3,0.013154,0.019072
0.0,22.4,0.013157,0.019001
0.0,24.68,0.013459,0.01909
0.0,26.78,0.01348,0.019047
0.0,29.05,0.01357,0.019038
0.0,31.33,0.013514,0.019476
0.0,33.6,0.013924,0.019411
0.0,35.7,0.013912,0.019485
0.0,37.97,0.014248,0.019097
0.0,40.25,0.014278,0.019106
0.0,42.35,0.014238,0.019075
0.0,44.62,0.014315,0.018616
0.0,46.9,0.014321,0.01869
0.0,49.0,0.014657,0.018638
0.0,51.27,0.015002,0.018607
0.0,53.55,0.015458,0.018231
0.0,55.65,0.015751,0.018604
0.0,57.92,0.015843,0.01873
0.0,60.02,0.016355,0.018665
0.0,62.3,0.016253,0.019291
0.0,64.57,0.016232,0.0193
0.0,66.85,0.016432,0.01975
0.0,68.95,0.016623,0.019821
0.0,71.22,0.017248,0.02024
0.0,73.32,0.017963,0.020498
0.0,75.42,0.018237,0.020831
0.0,77.87,0.018496,0.020905
0.0,79.97,0.018576,0.020951
0.0,82.25,0.018573,0.020828
0.0,84.35,0.018465,0.020942
0.0,86.62,0.018644,0.021
0.0,88.9,0.019057,0.020945
0.0,91.0,0.018939,0.020816
0.0,93.27,0.018822,0.02129
0.0,95.55,0.018936,0.021666
0.0,97.65,0.018927,0.02161
0.0,99.92,0.018949,0.0215
0.0,102.02,0.018533,0.021607
0.0,104.3,0.018182,0.021265
0.0,106.57,0.018028,0.021022
0.0,108.85,0.017747,0.020541
0.0,110.95,0.017753,0.020209
0.0,113.22,0.017294,0.019879
0.0,115.32,0.017451,0.019454
0.0,117.6,0.017485,0.01901
0.0,119.87,0.017328,0.018702
0.0,121.97,0.017273,0.018622
0.0,124.25,0.017341,0.01873
0.0,126.35,0.017427,0.019112
0.0,128.62,0.017282,0.019485
0.0,130.9,0.01743,0.020178
0.0,133.0,0.017331,0.020939
0.0,135.27,0.017485,0.021281
0.0,137.37,0.017639,0.021678
0.0,139.65,0.017744,0.022069
0.0,141.92,0.018265,0.022119
0.0,144.2,0.018157,0.022039
0.0,146.3,0.018256,0.021968
0.0,148.57,0.018585,0.021715
0.0,150.85,0.018607,0.021321
0.0,152.95,0.018634,0.021293
0.0,155.23,0.018844,0.021287
0.0,157.33,0.018419,0.020994
0.0,159.6,0.018517,0.021041
0.0,161.88,0.018619,0.021327
0.0,163.98,0.018505,0.021272
0.0,166.25,0.018557,0.021635
0.0,168.35,0.018487,0.022042
0.0,170.63,0.018576,0.022451
0.0,172.9,0.01804,0.022772
0.0,175.0,0.018339,0.023194
0.0,177.28,0.018391,0.023108
0.0,179.38,0.018585,0.023274
0.0,181.65,0.018958,0.023296
0.0,183.75,0.019001,0.023185
0.0,186.03,0.018533,0.023163
0.0,188.3,0.01853,0.023216
0.0,190.58,0.018517,0.023083
0.0,192.85,0.018561,0.022883
0.0,194.95,0.018447,0.022846
0.0,197.23,0.018437,0.022895
0.0,199.33,0.018921,0.023231
0.0,201.6,0.018936,0.023129
0.0,203.7,0.019226,0.023539
0.0,205.98,0.019703,0.023992
0.0,208.25,0.020027,0.02434
0.0,210.35,0.02048,0.024753
0.0,212.63,0.021019,0.025458
0.0,214.9,0.021167,0.025902
0.0,217.0,0.021567,0.02665
0.0,219.28,0.021549,0.026906
0.0,221.55,0.022097,0.026894
0.0,223.65,0.022048,0.026971
0.0,225.93,0.02153,0.026885
0.0,228.2,0.021392,0.026626
0.0,230.48,0.020766,0.025942
0.0,232.58,0.019965,0.025458
0.0,234.85,0.01918,0.025209
0.0,236.95,0.018939,0.024716
0.0,239.23,0.018986,0.024402
0.0,241.33,0.018967,0.02402
0.0,243.6,0.018822,0.023906
0.0,245.88,0.019007,0.024836
0.0,248.15,0.01926,0.025566
0.0,250.25,0.01979,0.026145
0.0,252.53,0.020458,0.026561
0.0,254.63,0.021176,0.027029
0.0,256.9,0.021478,0.027356
0.0,259.18,0.022048,0.027741
0.0,261.28,0.02194,0.027784
0.0,263.55,0.021974,0.027852
0.0,265.83,0.021909,0.027408
0.0,268.1,0.021567,0.027344
0.0,270.2,0.021321,0.026992
0.0,272.48,0.020923,0.026952
0.0,274.75,0.020726,0.026903
0.0,276.85,0.020865,0.02666
0.0,279.13,0.020434,0.026533
0.0,281.23,0.019916,0.026629
0.0,283.5,0.019294,0.02658
0.0,285.6,0.018782,0.02658
0.0,287.88,0.018188,0.026302
0.0,290.15,0.017227,0.026084
0.0,292.25,0.016992,0.025591
0.0,294.53,0.016724,0.025446
0.0,296.8,0.016835,0.025541
0.0,298.9,0.016962,0.025508
0.0,301.18,0.017686,0.02552
0.0,303.45,0.018333,0.025862
0.0,305.55,0.018847,0.025939
0.0,307.83,0.018967,0.026241
0.0,310.1,0.018893,0.026198
0.0,312.38,0.019057,0.02654
0.0,314.65,0.018881,0.027002
0.0,316.75,0.018872,0.027294
0.0,319.03,0.018853,0.027707
0.0,321.3,0.018437,0.028145
0.0,323.4,0.018416,0.028739
0.0,325.68,0.018899,0.029146
0.0,327.78,0.018998,0.029559
0.0,330.23,0.019285,0.02975
0.0,332.5,0.019155,0.030039
0.0,334.78,0.019223,0.029993
0.0,336.88,0.019365,0.030329
0.0,338.98,0.019371,0.030415
0.0,341.25,0.019294,0.030822
0.0,343.53,0.019229,0.031114
0.0,345.63,0.019294,0.031158
0.0,347.9,0.01966,0.031453
0.0,350.18,0.020052,0.03105
0.0,352.28,0.020424,0.031056
0.0,354.55,0.020976,0.030745
0.0,356.83,0.020831,0.030625
0.0,359.1,0.020729,0.030095
0.0,361.2,0.020862,0.02962
0.0,363.48,0.020834,0.029251
0.0,365.58,0.020517,0.028952
0.0,367.85,0.020252,0.028964
0.0,370.13,0.019731,0.02893
0.0,372.23,0.019395,0.029137
0.0,374.5,0.018736,0.029362
0.0,376.78,0.018496,0.029685
0.0,378.88,0.018271,0.029586
0.0,381.15,0.01763,0.029571
0.0,383.43,0.017193,0.029984
0.0,385.88,0.017103,0.029891
0.0,387.98,0.01658,0.029913
0.0,390.25,0.016515,0.029599
0.0,392.53,0.01662,0.029685
0.0,394.63,0.016697,0.029149
0.0,396.9,0.016626,0.029211
0.0,399.18,0.016721,0.028915
0.0,401.45,0.01662,0.028807
0.0,403.73,0.016309,0.028915
0.0,405.83,0.015794,0.028856
0.0,408.1,0.015449,0.029149
0.0,410.38,0.015486,0.02962
0.0,412.48,0.015449,0.029694
0.0,414.75,0.015403,0.029599
0.0,417.03,0.01548,0.02967
0.0,419.13,0.015769,0.029204
0.0,421.23,0.01588,0.028832
0.0,423.5,0.015886,0.028382
0.0,425.78,0.015853,0.028434
0.0,428.05,0.015714,0.028419
0.0,430.15,0.015967,0.028508
0.0,432.43,0.015748,0.028813
0.0,434.7,0.015837,0.02849
0.0,436.8,0.015893,0.028484
0.0,439.08,0.015763,0.027984
0.0,441.35,0.01544,0.028148
0.0,443.63,0.015323,0.028061
0.0,445.73,0.015434,0.028582
0.0,448.0,0.01576,0.028419
0.0,450.28,0.015809,0.028755
0.0,452.55,0.015859,0.02852
0.0,454.65,0.015471,0.028564
0.0,456.93,0.015212,0.028089
0.0,459.2,0.014707,0.028061
0.0,461.3,0.014352,0.028505
0.0,463.58,0.014078,0.028838
0.0,465.85,0.013388,0.029312
0.0,467.95,0.013453,0.030058
0.0,470.23,0.013237,0.030387
0.0,472.33,0.012846,0.030384
0.0,474.6,0.012304,0.030372
0.0,476.88,0.011946,0.030199
0.0,478.98,0.01206,0.029623
0.0,481.25,0.01206,0.0293
0.0,483.53,0.012029,0.028419
0.0,485.63,0.012008,0.028163
0.0,487.9,0.012384,0.027701
0.0,490.18,0.01231,0.027245
0.0,492.28,0.012704,0.027365
0.0,494.55,0.012673,0.026922
0.0,496.83,0.013175,0.027002
0.0,498.93,0.013548,0.026937
0.0,501.2,0.014112,0.026952
0.0,503.3,0.014402,0.026974
0.0,505.58,0.014713,0.026595
0.0,507.85,0.014506,0.026629
0.0,509.95,0.014383,0.026912
0.0,512.23,0.013924,0.02686
0.0,514.33,0.013579,0.026949
0.0,516.6,0.012818,0.026857
0.0,518.88,0.012137,0.02666
0.0,520.98,0.01161,0.026641
0.0,523.25,0.011148,0.026176
0.0,525.53,0.010874,0.025788
0.0,527.63,0.010785,0.025843
0.0,529.9,0.010686,0.025526
0.0,532.18,0.010806,0.025304
0.0,534.45,0.01076,0.024771
0.0,536.55,0.010794,0.0243
0.0,538.83,0.0102,0.023745
0.0,540.93,0.010021,0.023246
0.0,543.2,0.009513,0.02283
0.0,545.48,0.008872,0.022433
0.0,547.58,0.008363,0.022196
0.0,549.85,0.008576,0.022054
0.0,552.13,0.008015,0.02206
0.0,554.23,0.00812,0.022069
0.0,556.5,0.007485,0.022134
0.0,558.6,0.007131,0.022106
0.0,560.88,0.006783,0.022187
0.0,563.15,0.006654,0.021986
0.0,565.25,0.006728,0.022066
0.0,567.53,0.006358,0.022017
0.0,569.8,0.005967,0.021601
0.0,571.9,0.005166,0.021715
0.0,574.18,0.004744,0.021318
0.0,576.45,0.004035,0.021346
0.0,578.9,0.003471,0.020908
0.0,581.18,0.003179,0.020985
0.0,583.28,0.003175,0.020982
0.0,585.55,0.002889,0.021081
0.0,587.83,0.002732,0.020871
0.0,590.1,0.002359,0.020957
0.0,592.2,0.002085,0.020655
0.0,594.48,0.001435,0.020144
0.0,596.75,0.000887,0.019565
0.0,599.03,0.000387,0.019063
0.0,601.3,-0.000475,0.01865
0.0,603.58,-0.000706,0.017963
0.0,605.68,-0.000672,0.017384
0.0,607.95,-0.000888,0.016878
0.0,610.22,-0.00139,0.016158
0.0,612.5,-0.001495,0.015434
0.0,614.6,-0.002262,0.01467
0.0,617.05,-0.002675,0.014278
0.0,619.15,-0.003106,0.01413
0.0,621.42,-0.003735,0.014244
0.0,623.7,-0.004061,0.014476
0.0,625.8,-0.004779,0.014543
0.0,628.07,-0.005068,0.014155
0.0,630.17,-0.005377,0.014053
0.0,632.45,-0.005817,0.013699
0.0,634.72,-0.006353,0.013357
0.0,636.82,-0.006215,0.012864
0.0,639.1,-0.006264,0.012926
0.0,641.37,-0.005891,0.012565
0.0,643.47,-0.005903,0.012565
0.0,645.75,-0.005947,0.012575
0.0,648.02,-0.0059,0.012729
0.0,650.3,-0.005996,0.013025
0.0,652.57,-0.005491,0.013351
0.0,654.67,-0.005324,0.013822
0.0,656.95,-0.004982,0.013628
0.0,659.22,-0.004686,0.013696
0.0,661.32,-0.004274,0.013345
0.0,663.6,-0.003744,0.013003
0.0,665.87,-0.003312,0.012593
0.0,668.15,-0.002678,0.012162
0.0,670.25,-0.001874,0.011379
0.0,672.52,-0.001042,0.011044
0.0,674.8,-0.000303,0.010267
0.0,676.9,0.000597,0.009879
0.0,679.17,0.001244,0.009238
0.0,681.45,0.001746,0.008456
0.0,683.55,0.001774,0.008055
0.0,685.82,0.000991,0.00739
0.0,688.1,0.000156,0.006795
36.05,11.38,0.006558,0.028431
36.05,13.48,0.006074,0.027723
36.05,15.75,0.005369,0.027384
36.05,18.03,0.004682,0.02654
36.05,20.3,0.003973,0.02629
36.05,22.4,0.003379,0.025856
36.05,24.68,0.003175,0.025434
36.05,26.78,0.002886,0.02539
36.05,29.05,0.002957,0.025049
36.05,31.33,0.002248,0.025187
36.05,33.43,0.002374,0.024719
36.05,35.53,0.002393,0.024688
36.05,37.98,0.002073,0.024685
36.05,40.08,0.001678,0.0247
36.05,42.18,0.001318,0.024614
36.05,44.45,0.001358,0.024525
36.05,46.73,0.000874,0.024371
36.05,49.0,0.000874,0.024004
36.05,51.1,0.000785,0.02369
36.05,53.38,0.000782,0.023533
36.05,55.65,0.000776,0.023252
36.05,57.75,0.000794,0.023249
36.05,60.03,0.000883,0.022815
36.05,62.3,0.000828,0.022815
36.05,64.58,0.000446,0.023188
36.05,66.68,0.000535,0.023779
36.05,68.95,0.000511,0.024525
36.05,71.05,0.00044,0.025236
36.05,73.33,0.000477,0.025856
36.05,75.6,2.7e-05,0.026238
36.05,77.7,-2.2e-05,0.02662
36.05,79.98,9e-06,0.026635
36.05,82.25,9.8e-05,0.0265
36.05,84.53,0.000144,0.026561
36.05,86.8,0.000391,0.02662
36.05,88.9,0.000631,0.026835
36.05,91.18,0.000403,0.026965
36.05,93.28,0.000384,0.026986
36.05,95.55,0.000933,0.026934
36.05,97.83,0.001028,0.026863
36.05,100.1,0.001232,0.026832
36.05,102.2,0.001583,0.027014
36.05,104.48,0.001604,0.02661
36.05,106.75,0.001487,0.026546
36.05,108.85,0.001589,0.02617
36.05,111.13,0.0015,0.02593
36.05,113.4,0.001333,0.025797
36.05,115.68,0.00105,0.025886
36.05,117.78,0.000816,0.025421
36.05,120.05,0.000877,0.025018
36.05,122.33,0.000803,0.025132
36.05,124.6,0.000776,0.02474
36.05,126.88,0.00076,0.02515
36.05,128.98,0.000988,0.02552
36.05,131.25,0.001096,0.02552
36.05,133.35,0.001284,0.025492
36.05,135.63,0.001407,0.025437
36.05,137.9,0.001299,0.025406
36.05,140.0,0.001148,0.025785
36.05,142.28,0.00146,0.026253
36.05,144.38,0.001589,0.026204
36.05,146.65,0.001743,0.026118
36.05,148.93,0.0015,0.026247
36.05,151.03,0.001986,0.026607
36.05,153.3,0.002313,0.026992
36.05,155.58,0.002784,0.027288
36.05,157.85,0.003108,0.027627
36.05,159.95,0.003182,0.027704
36.05,162.23,0.003403,0.027433
36.05,164.33,0.00402,0.027396
36.05,166.6,0.004392,0.027208
36.05,168.7,0.004275,0.027387
36.05,170.98,0.004047,0.027445
36.05,173.25,0.003912,0.027621
36.05,175.53,0.003477,0.028009
36.05,177.63,0.003579,0.028049
36.05,179.9,0.003524,0.027741
36.05,182.0,0.003293,0.027769
36.05,184.28,0.002984,0.027337
36.05,186.38,0.003206,0.027331
36.05,188.65,0.003166,0.027282
36.05,190.93,0.003157,0.027325
36.05,193.2,0.002769,0.027014
36.05,195.3,0.002664,0.026974
36.05,197.58,0.002267,0.026537
36.05,199.85,0.002495,0.026407
36.05,201.95,0.002371,0.026278
36.05,204.23,0.002239,0.026028
36.05,206.33,0.002322,0.026093
36.05,208.6,0.002362,0.026537
36.05,210.88,0.002809,0.026823
36.05,212.98,0.003323,0.026888
36.05,215.43,0.003114,0.026891
36.05,217.53,0.002981,0.026832
36.05,219.8,0.002692,0.0269
36.05,221.9,0.002279,0.026959
36.05,224.18,0.001937,0.026965
36.05,226.45,0.002033,0.02698
36.05,228.73,0.002131,0.026826
36.05,230.83,0.002402,0.026503
36.05,233.1,0.002254,0.026204
36.05,235.38,0.002516,0.025628
36.05,237.48,0.001888,0.025461
36.05,239.75,0.001709,0.02535
36.05,241.85,0.001204,0.024928
36.05,244.13,0.000782,0.025058
36.05,246.4,0.000618,0.025036
36.05,248.5,0.000776,0.025409
36.05,250.78,0.000899,0.025695
36.05,252.88,0.000933,0.025813
36.05,255.33,0.000702,0.025828
36.05,257.43,0.00076,0.025372
36.05,259.7,0.00085,0.025437
36.05,261.98,0.000409,0.025455
36.05,264.25,0.000286,0.025039
36.05,266.53,0.000517,0.025027
36.05,268.63,0.000468,0.025076
36.05,270.9,0.000535,0.025073
36.05,273.18,0.00031,0.024802
36.05,275.45,-4.7e-05,0.024657
36.05,277.55,-0.000503,0.025042
36.05,279.83,-0.000983,0.025129
36.05,282.1,-0.001301,0.025455
36.05,284.2,-0.001332,0.025699
36.05,286.48,-0.001338,0.025797
36.05,288.75,-0.001698,0.02621
36.05,291.2,-0.001815,0.026201
36.05,293.3,-0.002197,0.02605
36.05,295.58,-0.002059,0.02576
36.05,297.85,-0.002148,0.025517
36.05,299.95,-0.002194,0.025122
36.05,302.23,-0.002256,0.02511
36.05,304.5,-0.002145,0.025283
36.05,306.78,-0.002216,0.025461
36.05,309.05,-0.001751,0.025883
36.05,311.15,-0.001516,0.026416
36.05,313.43,-0.00147,0.026909
36.05,315.7,-0.00131,0.026922
36.05,317.8,-0.001791,0.02727
36.05,320.08,-0.002247,0.027279
36.05,322.18,-0.002533,0.026872
36.05,324.45,-0.002093,0.026808
36.05,326.73,-0.002173,0.02653
36.05,328.83,-0.001849,0.026496
36.05,331.1,-0.001791,0.025988
36.05,333.38,-0.002037,0.025797
36.05,335.65,-0.001732,0.025129
36.05,337.75,-0.00229,0.024725
36.05,340.03,-0.002434,0.023939
36.05,342.3,-0.00261,0.023613
36.05,344.4,-0.002946,0.023514
36.05,346.68,-0.002733,0.023299
36.05,348.95,-0.002838,0.023379
36.05,351.05,-0.002604,0.023545
36.05,353.33,-0.002656,0.023493
36.05,355.6,-0.00225,0.023487
36.05,357.7,-0.002142,0.022963
36.05,359.98,-0.002166,0.023129
36.05,362.08,-0.002521,0.022753
36.05,364.35,-0.002616,0.023117
36.05,366.63,-0.002912,0.023114
36.05,368.9,-0.003057,0.023536
36.05,371.0,-0.003457,0.024164
36.05,373.28,-0.0033,0.024756
36.05,375.55,-0.003081,0.025138
36.05,377.83,-0.002906,0.025199
36.05,380.1,-0.003294,0.025517
36.05,382.2,-0.003393,0.025018
36.05,384.48,-0.003257,0.024713
36.05,386.75,-0.003738,0.024805
36.05,388.85,-0.003731,0.024257
36.05,391.13,-0.003886,0.024365
36.05,393.4,-0.004073,0.024223
36.05,395.68,-0.004141,0.023856
36.05,397.78,-0.004129,0.023921
36.05,400.05,-0.004104,0.023943
36.05,402.15,-0.003959,0.023961
36.05,404.43,-0.004033,0.023924
36.05,406.7,-0.003793,0.02352
36.05,408.98,-0.003433,0.02316
36.05,411.08,-0.003276,0.022679
36.05,413.35,-0.003094,0.022803
36.05,415.45,-0.002897,0.022867
36.05,417.73,-0.002857,0.023163
36.05,420.0,-0.002961,0.023083
36.05,422.1,-0.003248,0.023145
36.05,424.38,-0.003408,0.023191
36.05,426.65,-0.003581,0.023077
36.05,428.75,-0.00412,0.023148
36.05,431.03,-0.004378,0.023231
36.05,433.3,-0.004708,0.0232
36.05,435.58,-0.004955,0.023487
36.05,437.68,-0.005429,0.023197
36.05,439.95,-0.005931,0.023108
36.05,442.23,-0.006054,0.023594
36.05,444.33,-0.005395,0.02357
36.05,446.6,-0.005537,0.023456
36.05,448.7,-0.005007,0.023493
36.05,450.98,-0.00521,0.023533
36.05,453.25,-0.004939,0.023456
36.05,455.35,-0.004807,0.02348
36.05,457.63,-0.004779,0.02352
36.05,459.9,-0.004825,0.023986
36.05,462.18,-0.004797,0.024408
36.05,464.28,-0.004745,0.024759
36.05,466.55,-0.005084,0.024556
36.05,468.83,-0.005044,0.02422
36.05,470.93,-0.005484,0.023939
36.05,473.2,-0.00595,0.023536
36.05,475.48,-0.006227,0.02312
36.05,477.58,-0.006344,0.023142
36.05,479.85,-0.006205,0.022793
36.05,482.13,-0.006057,0.022769
36.05,484.23,-0.005703,0.023095
36.05,486.5,-0.005469,0.023299
36.05,488.78,-0.005152,0.023031
36.05,491.05,-0.005358,0.023154
36.05,493.33,-0.005451,0.022812
36.05,495.43,-0.005589,0.022399
36.05,497.7,-0.005722,0.022424
36.05,499.8,-0.00582,0.022455
36.05,502.08,-0.006224,0.022433
36.05,504.35,-0.006593,0.022066
36.05,506.45,-0.007016,0.021684
36.05,508.73,-0.007142,0.021275
36.05,511.0,-0.007056,0.021265
36.05,513.28,-0.00684,0.021241
36.05,515.55,-0.00663,0.021715
36.05,517.65,-0.006627,0.022008
36.05,519.93,-0.006932,0.022458
36.05,522.2,-0.007428,0.022458
36.05,524.3,-0.007949,0.022778
36.05,526.58,-0.007752,0.022763
36.05,528.85,-0.007967,0.022827
36.05,530.95,-0.007826,0.022415
36.05,533.23,-0.00757,0.022146
36.05,535.5,-0.007422,0.02166
36.05,537.6,-0.007129,0.021638
36.05,539.88,-0.006972,0.021524
36.05,542.15,-0.006683,0.021678
36.05,544.43,-0.006248,0.021623
36.05,546.7,-0.005857,0.021962
36.05,548.8,-0.005503,0.022066
36.05,551.08,-0.005706,0.022063
36.05,553.18,-0.005749,0.022017
36.05,555.45,-0.006319,0.022029
36.05,557.55,-0.006624,0.022066
36.05,559.83,-0.007388,0.021764
36.05,562.1,-0.007918,0.021561
36.05,564.38,-0.008239,0.021201
36.05,566.48,-0.008553,0.020529
36.05,568.75,-0.008633,0.020089
36.05,571.03,-0.008562,0.019781
36.05,573.13,-0.008482,0.019528
36.05,575.4,-0.009018,0.018995
36.05,577.68,-0.009018,0.019334
36.05,579.95,-0.009372,0.019824
36.05,582.05,-0.009841,0.020323
36.05,584.33,-0.009699,0.020874
36.05,586.43,-0.009674,0.021404
36.05,588.7,-0.010112,0.021475
36.05,590.8,-0.009979,0.021503
36.05,593.08,-0.01038,0.021195
36.05,595.35,-0.010691,0.020939
36.05,597.63,-0.011159,0.020548
36.05,599.73,-0.01139,0.020196
36.05,602.0,-0.01164,0.019805
36.05,604.1,-0.012388,0.019423
36.05,606.38,-0.012521,0.019414
36.05,608.3,-0.012545,0.018961
36.05,610.75,-0.012699,0.018656
36.05,613.03,-0.012983,0.018613
36.05,615.3,-0.012958,0.01873
36.05,617.58,-0.012955,0.018237
36.05,619.85,-0.012853,0.017864
36.05,621.95,-0.013297,0.017522
36.05,624.23,-0.013226,0.017051
36.05,626.5,-0.01322,0.017057
36.05,628.78,-0.013405,0.016752
36.05,631.05,-0.0133,0.01678
36.05,633.15,-0.01375,0.016805
36.05,635.43,-0.013904,0.01641
36.05,637.7,-0.014055,0.016053
36.05,639.8,-0.014418,0.01601
36.05,642.08,-0.014865,0.015717
36.05,644.18,-0.015241,0.015665
36.05,646.45,-0.015595,0.015079
36.05,648.55,-0.016082,0.014817
36.05,650.83,-0.016181,0.014343
36.05,653.1,-0.016624,0.013779
36.05,655.38,-0.016942,0.013376
36.05,657.65,-0.017324,0.013225
36.05,659.75,-0.017582,0.012935
36.05,662.03,-0.017952,0.012587
36.05,664.13,-0.018602,0.012103
36.05,666.4,-0.019154,0.011463
36.05,668.68,-0.019862,0.011053
36.05,670.95,-0.020626,0.010652
36.05,673.05,-0.021519,0.010187
36.05,675.33,-0.022117,0.00991
36.05,677.6,-0.022601,0.009531
36.05,679.7,-0.023325,0.00897
36.05,681.98,-0.023719,0.008447
36.05,684.25,-0.024576,0.008055
36.05,686.35,-0.025389,0.007193
36.05,688.63,-0.026082,0.007029
72.1,11.55,-0.01131,0.026481
72.1,13.65,-0.010454,0.027134
72.1,15.75,-0.009381,0.028049
72.1,18.03,-0.008011,0.028792
72.1,20.3,-0.006784,0.0295
72.1,22.58,-0.005792,0.030092
72.1,24.68,-0.004452,0.030717
72.1,26.95,-0.003411,0.03109
72.1,29.05,-0.002213,0.031441
72.1,31.33,-0.001473,0.031404
72.1,33.6,-0.001153,0.031453
72.1,35.7,-0.000583,0.031114
72.1,37.98,-0.000161,0.030982
72.1,40.25,0.000341,0.030686
72.1,42.53,0.00085,0.030655
72.1,44.63,0.001114,0.030554
72.1,46.9,0.001216,0.03064
72.1,49.0,0.000779,0.03105
72.1,51.28,0.000366,0.031139
72.1,53.55,-4e-06,0.031573
72.1,55.83,-0.000189,0.031447
72.1,57.93,-0.000343,0.031404
72.1,60.2,-0.000241,0.031536
72.1,62.3,-0.000192,0.031521
72.1,64.58,8.6e-05,0.03145
72.1,66.85,0.000378,0.03157
72.1,69.13,0.001219,0.031401
72.1,71.23,0.001207,0.03137
72.1,73.5,0.001195,0.031019
72.1,75.78,0.001222,0.030769
72.1,77.88,0.001287,0.030692
72.1,80.15,0.00084,0.030991
72.1,82.43,0.000788,0.031148
72.1,84.7,0.000397,0.03153
72.1,86.98,0.000505,0.031416
72.1,89.08,0.000505,0.03133
72.1,91.35,-2.2e-05,0.03097
72.1,93.63,7.3e-05,0.031456
72.1,95.9,0.000421,0.03141
72.1,98.0,0.000431,0.031734
72.1,100.28,0.00052,0.0317
72.1,102.55,3.9e-05,0.032267
72.1,104.65,7.9e-05,0.031811
72.1,106.93,7.9e-05,0.031777
72.1,109.03,8.9e-05,0.031891
72.1,111.3,0.000415,0.031376
72.1,113.58,0.000412,0.031361
72.1,115.68,0.000936,0.031426
72.1,117.95,0.001114,0.031496
72.1,120.23,0.001543,0.03137
72.1,122.33,0.0019,0.031176
72.1,124.6,0.002347,0.031019
72.1,126.88,0.002261,0.031047
72.1,128.98,0.002331,0.031521
72.1,131.25,0.001956,0.031398
72.1,133.53,0.001968,0.03186
72.1,135.63,0.001956,0.032177
72.1,137.9,0.001811,0.032578
72.1,140.0,0.001626,0.03291
72.1,142.28,0.001262,0.033249
72.1,144.55,0.001352,0.033326
72.1,146.65,0.001518,0.033579
72.1,149.1,0.002476,0.033631
72.1,151.38,0.00263,0.033631
72.1,153.48,0.002929,0.033567
72.1,155.75,0.003496,0.033299
72.1,158.2,0.003909,0.033003
72.1,160.3,0.004439,0.032606
72.1,162.58,0.005132,0.032655
72.1,164.85,0.005769,0.032467
72.1,166.95,0.006158,0.032978
72.1,169.23,0.006204,0.033293
72.1,171.5,0.006155,0.03361
72.1,173.6,0.006114,0.033918
72.1,175.88,0.006084,0.03409
72.1,177.98,0.005846,0.033653
72.1,180.25,0.005508,0.033785
72.1,182.35,0.00511,0.034072
72.1,184.63,0.004651,0.034103
72.1,186.9,0.004358,0.034417
72.1,189.18,0.004208,0.034491
72.1,191.28,0.004417,0.034469
72.1,193.55,0.004608,0.034457
72.1,195.65,0.005098,0.034817
72.1,197.93,0.005067,0.034867
72.1,200.2,0.005474,0.034879
72.1,202.48,0.005286,0.034864
72.1,204.58,0.005434,0.034891
72.1,206.85,0.005455,0.035224
72.1,209.13,0.005381,0.035224
72.1,211.23,0.00532,0.035431
72.1,213.5,0.005067,0.035566
72.1,215.78,0.005002,0.035597
72.1,218.05,0.004728,0.035572
72.1,220.15,0.004713,0.036
72.1,222.43,0.005018,0.035849
72.1,224.7,0.004904,0.036309
72.1,226.8,0.005159,0.036675
72.1,229.08,0.005196,0.037063
72.1,231.18,0.00499,0.037103
72.1,233.45,0.00499,0.037057
72.1,235.73,0.005052,0.037039
72.1,237.83,0.005052,0.036691
72.1,240.1,0.005122,0.035927
72.1,242.38,0.005009,0.035212
72.1,244.65,0.004993,0.034827
72.1,246.93,0.004999,0.034469
72.1,249.03,0.004968,0.03409
72.1,251.3,0.004935,0.034158
72.1,253.4,0.005049,0.033718
72.1,255.68,0.004821,0.033687
72.1,257.95,0.004663,0.033631
72.1,260.05,0.004174,0.033628
72.1,262.33,0.004389,0.034013
72.1,264.6,0.004183,0.0345
72.1,266.88,0.004352,0.035122
72.1,268.98,0.003856,0.035042
72.1,271.25,0.00357,0.035585
72.1,273.53,0.003105,0.03552
72.1,275.63,0.003259,0.03536
72.1,277.9,0.003117,0.035273
72.1,280.18,0.002627,0.035178
72.1,282.28,0.00272,0.035178
72.1,284.55,0.002606,0.035307
72.1,286.83,0.002596,0.034848
72.1,288.93,0.002723,0.034873
72.1,291.2,0.002649,0.034793
72.1,293.3,0.002636,0.034845
72.1,295.58,0.002834,0.03483
72.1,297.85,0.002698,0.034744
72.1,300.13,0.002858,0.034774
72.1,302.23,0.003052,0.034814
72.1,304.5,0.003172,0.034959
72.1,306.95,0.003539,0.035196
72.1,309.05,0.003872,0.035517
72.1,311.33,0.003758,0.035714
72.1,313.43,0.00381,0.035976
72.1,315.7,0.003484,0.036333
72.1,317.98,0.003259,0.03666
72.1,320.08,0.002978,0.036238
72.1,322.35,0.002938,0.036349
72.1,324.63,0.002738,0.035942
72.1,326.9,0.002387,0.035508
72.1,329.0,0.001922,0.035215
72.1,331.28,0.001845,0.03487
72.1,333.38,0.001496,0.034839
72.1,335.65,0.001506,0.034854
72.1,337.93,0.001589,0.034756
72.1,340.2,0.001574,0.034534
72.1,342.3,0.001789,0.034134
72.1,344.58,0.001801,0.034087
72.1,346.68,0.00198,0.034448
72.1,348.95,0.001875,0.034482
72.1,351.05,0.002008,0.034888
72.1,353.33,0.001423,0.034448
72.1,355.6,0.001262,0.034023
72.1,357.88,0.001259,0.033801
72.1,359.98,0.000837,0.03312
72.1,362.25,0.000427,0.033345
72.1,364.53,0.000156,0.032932
72.1,366.63,-0.000173,0.032923
72.1,368.9,-0.000392,0.032624
72.1,371.18,-0.000229,0.032599
72.1,373.45,9.5e-05,0.032544
72.1,375.73,0.000132,0.032649
72.1,377.83,-6.5e-05,0.032599
72.1,380.28,-0.000441,0.032538
72.1,382.55,-0.000352,0.032569
72.1,384.83,-0.000287,0.032609
72.1,386.93,-3.8e-05,0.032473
72.1,389.38,0.000427,0.032522
72.1,391.65,0.000471,0.032091
72.1,393.75,0.000434,0.031848
72.1,396.03,0.000135,0.031546
72.1,398.13,-0.000223,0.0315
72.1,400.4,-0.000833,0.031814
72.1,402.68,-0.001436,0.031931
72.1,404.95,-0.001911,0.032153
72.1,407.05,-0.002203,0.032202
72.1,409.33,-0.002293,0.032565
72.1,411.6,-0.001831,0.03255
72.1,413.7,-0.001868,0.032655
72.1,415.98,-0.001541,0.03222
72.1,418.25,-0.001347,0.032273
72.1,420.35,-0.00151,0.031734
72.1,422.63,-0.001507,0.031493
72.1,424.9,-0.001563,0.03149
72.1,427.0,-0.001507,0.031191
72.1,429.28,-0.001828,0.030705
72.1,431.55,-0.00152,0.030292
72.1,433.65,-0.001125,0.029882
72.1,435.93,-0.000722,0.029534
72.1,438.2,-0.000749,0.029596
72.1,440.48,-0.000685,0.029679
72.1,442.58,-0.00111,0.029546
72.1,445.03,-0.001815,0.029534
72.1,447.13,-0.00224,0.030018
72.1,449.4,-0.002589,0.030015
72.1,451.68,-0.00298,0.029987
72.1,453.78,-0.002992,0.029999
72.1,456.05,-0.00261,0.029605
72.1,458.33,-0.002533,0.029519
72.1,460.6,-0.002274,0.029392
72.1,462.7,-0.001849,0.029137
72.1,464.98,-0.001304,0.028912
72.1,467.25,-0.000626,0.028822
72.1,469.35,2.7e-05,0.029161
72.1,471.63,0.000736,0.029124
72.1,473.9,0.001139,0.029106
72.1,476.18,0.001416,0.029546
72.1,478.28,0.001912,0.02971
72.1,480.38,0.002467,0.029861
72.1,482.65,0.003145,0.03031
72.1,485.1,0.003521,0.030221
72.1,487.2,0.004248,0.030403
72.1,489.48,0.00511,0.030739
72.1,491.58,0.00592,0.03076
72.1,493.85,0.006915,0.031022
72.1,496.13,0.007911,0.031059
72.1,498.23,0.008853,0.030732
72.1,500.5,0.009777,0.030058
72.1,502.6,0.010326,0.029167
72.1,504.88,0.011207,0.028074
72.1,507.15,0.012285,0.026986
72.1,509.25,0.013317,0.026145
72.1,511.35,0.014362,0.025427
72.1,513.8,0.015437,0.025181
72.1,515.9,0.016198,0.024898
72.1,518.18,0.016977,0.024685
72.1,520.28,0.01747,0.024725
72.1,522.55,0.017787,0.02507
72.1,524.83,0.017994,0.025529
72.1,526.93,0.017827,0.025831
72.1,529.55,0.017883,0.026188
72.1,531.65,0.018046,0.026854
72.1,533.93,0.018185,0.027227
72.1,536.2,0.017984,0.027347
72.1,538.3,0.018329,0.027347
72.1,540.58,0.018169,0.02759
72.1,542.68,0.018012,0.027627
72.1,544.95,0.017461,0.027257
72.1,547.23,0.016663,0.027347
72.1,549.33,0.015418,0.027331
72.1,551.6,0.014365,0.026906
72.1,553.7,0.013142,0.027353
72.1,555.98,0.012408,0.027378
72.1,558.25,0.01149,0.027257
72.1,560.35,0.010723,0.027633
72.1,562.63,0.009978,0.027661
72.1,564.9,0.009337,0.027652
72.1,567.0,0.008764,0.02735
72.1,569.28,0.008185,0.02735
72.1,571.55,0.007713,0.027307
72.1,573.83,0.006897,0.027319
72.1,575.93,0.005763,0.027378
72.1,578.2,0.004485,0.027421
72.1,580.3,0.003268,0.027002
72.1,582.58,0.001749,0.026339
72.1,584.68,-7.2e-05,0.02564
72.1,586.95,-0.001507,0.024765
72.1,589.23,-0.003038,0.023967
72.1,591.33,-0.003784,0.023305
72.1,593.6,-0.004862,0.022713
72.1,595.88,-0.005725,0.022827
72.1,597.98,-0.00688,0.022858
72.1,600.25,-0.008109,0.022652
72.1,602.35,-0.00916,0.022276
72.1,604.63,-0.01013,0.022541
72.1,606.9,-0.010885,0.022424
72.1,609.18,-0.011378,0.022331
72.1,611.28,-0.011575,0.022359
72.1,613.55,-0.011843,0.022165
72.1,615.65,-0.011988,0.022008
72.1,617.93,-0.012225,0.021669
72.1,620.03,-0.012638,0.021305
72.1,622.3,-0.012502,0.021284
72.1,624.58,-0.013186,0.020911
72.1,626.68,-0.013661,0.020548
72.1,628.95,-0.014274,0.020489
72.1,631.23,-0.014742,0.020113
72.1,633.33,-0.015078,0.019691
72.1,635.6,-0.015238,0.019469
72.1,637.88,-0.015186,0.01902
72.1,639.98,-0.015238,0.018801
72.1,642.25,-0.015441,0.018736
72.1,644.53,-0.015749,0.018582
72.1,646.8,-0.015919,0.017988
72.1,648.9,-0.015836,0.017492
72.1,651.18,-0.016301,0.017405
72.1,653.45,-0.016353,0.017168
72.1,655.55,-0.016335,0.017174
72.1,657.83,-0.016245,0.017177
72.1,659.93,-0.016162,0.017119
72.1,662.2,-0.015823,0.017063
72.1,664.48,-0.01545,0.017131
72.1,666.58,-0.014757,0.017359
72.1,668.85,-0.014434,0.01755
72.1,671.13,-0.014465,0.017895
72.1,673.23,-0.014474,0.01784
72.1,675.5,-0.014459,0.017886
72.1,677.78,-0.014499,0.01796
72.1,680.05,-0.014452,0.0178
72.1,682.15,-0.014591,0.017917
72.1,684.43,-0.014403,0.017981
72.1,686.7,-0.014428,0.017501
108.15,11.55,0.016496,0.047547
108.15,13.65,0.01747,0.048188
108.15,15.75,0.017769,0.04865
108.15,18.2,0.018095,0.048989
108.15,20.48,0.01836,0.049303
108.15,22.75,0.018841,0.049577
108.15,24.85,0.018961,0.049645
108.15,27.13,0.019013,0.049602
108.15,29.23,0.019026,0.049248
108.15,31.5,0.018856,0.049269
108.15,33.6,0.018838,0.048862
108.15,36.05,0.018909,0.048447
108.15,38.33,0.018893,0.048369
108.15,40.6,0.019001,0.048576
108.15,42.7,0.019066,0.048872
108.15,44.98,0.019525,0.049189
108.15,47.25,0.02003,0.049519
108.15,49.35,0.020184,0.049861
108.15,51.63,0.020501,0.05027
108.15,53.9,0.020973,0.05028
108.15,56.0,0.020711,0.050705
108.15,58.28,0.020529,0.050606
108.15,60.55,0.020452,0.050945
108.15,62.65,0.020714,0.050963
108.15,64.93,0.020856,0.051102
108.15,67.03,0.021228,0.050979
108.15,69.3,0.021336,0.050714
108.15,71.58,0.021666,0.050286
108.15,73.68,0.022094,0.049559
108.15,75.95,0.021989,0.049562
108.15,78.23,0.021875,0.049223
108.15,80.33,0.021894,0.049201
108.15,82.6,0.02198,0.049408
108.15,84.88,0.021946,0.049552
108.15,86.98,0.021496,0.049583
108.15,89.25,0.021216,0.049707
108.15,91.53,0.020997,0.049928
108.15,93.63,0.020677,0.050307
108.15,95.9,0.020726,0.050218
108.15,98.18,0.0208,0.050378
108.15,100.45,0.020464,0.050039
108.15,102.55,0.020049,0.049546
108.15,104.83,0.01959,0.049217
108.15,106.93,0.019562,0.048813
108.15,109.2,0.019214,0.048428
108.15,111.48,0.019152,0.048037
108.15,113.58,0.019288,0.048126
108.15,115.85,0.019211,0.048126
108.15,118.13,0.019605,0.048163
108.15,120.4,0.019719,0.048493
108.15,122.68,0.019623,0.048425
108.15,124.78,0.019512,0.048594
108.15,127.05,0.01959,0.0484
108.15,129.33,0.01958,0.048514
108.15,131.6,0.019602,0.048055
108.15,133.7,0.019996,0.048052
108.15,135.98,0.020307,0.048031
108.15,138.08,0.020545,0.048354
108.15,140.35,0.020717,0.04881
108.15,142.63,0.020776,0.049152
108.15,144.73,0.020289,0.04962
108.15,147.0,0.019938,0.050313
108.15,149.28,0.019663,0.050658
108.15,151.38,0.019337,0.051096
108.15,153.65,0.019155,0.051324
108.15,155.75,0.019257,0.051398
108.15,158.03,0.019303,0.051386
108.15,160.13,0.019238,0.05113
108.15,162.4,0.01914,0.050997
108.15,164.68,0.019537,0.050735
108.15,166.95,0.019559,0.050409
108.15,169.05,0.019642,0.049891
108.15,171.5,0.020079,0.049867
108.15,173.78,0.020015,0.049586
108.15,175.88,0.019867,0.049605
108.15,177.98,0.020045,0.049685
108.15,180.43,0.020076,0.0495
108.15,182.53,0.019854,0.049281
108.15,184.8,0.020015,0.048822
108.15,187.08,0.019713,0.048832
108.15,189.35,0.01971,0.048752
108.15,191.45,0.019599,0.048366
108.15,193.73,0.019654,0.048111
108.15,195.83,0.0195,0.048052
108.15,198.1,0.019565,0.048243
108.15,200.38,0.019685,0.048138
108.15,202.48,0.019435,0.048505
108.15,204.75,0.019636,0.048865
108.15,206.85,0.019636,0.04873
108.15,209.3,0.019448,0.049158
108.15,211.4,0.019861,0.049152
108.15,213.68,0.020073,0.04873
108.15,215.95,0.020012,0.048878
108.15,218.23,0.020397,0.048872
108.15,220.33,0.020298,0.048856
108.15,222.6,0.02027,0.048856
108.15,224.88,0.02052,0.04885
108.15,226.98,0.019984,0.049204
108.15,229.25,0.020021,0.049204
108.15,231.53,0.020027,0.049389
108.15,233.63,0.019907,0.049611
108.15,235.73,0.019633,0.049528
108.15,238.18,0.019602,0.049586
108.15,240.45,0.019254,0.049947
108.15,242.55,0.019112,0.050375
108.15,244.65,0.018825,0.050335
108.15,247.1,0.01893,0.050329
108.15,249.2,0.019238,0.050236
108.15,251.48,0.019611,0.050008
108.15,253.75,0.020122,0.049475
108.15,256.03,0.020369,0.049084
108.15,258.3,0.020726,0.048388
108.15,260.4,0.020902,0.048108
108.15,262.68,0.02101,0.048185
108.15,264.95,0.021737,0.048203
108.15,267.05,0.021644,0.048154
108.15,269.33,0.021558,0.048105
108.15,271.43,0.02154,0.047978
108.15,273.7,0.02161,0.048406
108.15,275.98,0.02158,0.04885
108.15,278.08,0.021721,0.049167
108.15,280.35,0.022319,0.049928
108.15,282.63,0.02263,0.050304
108.15,284.9,0.023366,0.050313
108.15,287.18,0.023616,0.050335
108.15,289.28,0.024509,0.050039
108.15,291.55,0.02515,0.049935
108.15,293.83,0.025058,0.049722
108.15,296.1,0.025172,0.049589
108.15,298.38,0.025036,0.049531
108.15,300.48,0.024525,0.049719
108.15,302.75,0.024556,0.049657
108.15,305.03,0.024993,0.049549
108.15,307.3,0.024938,0.049626
108.15,309.4,0.025458,0.050042
108.15,311.68,0.025548,0.049867
108.15,313.95,0.026151,0.04954
108.15,316.23,0.026758,0.049174
108.15,318.33,0.027473,0.04909
108.15,320.78,0.028379,0.048804
108.15,323.05,0.029063,0.048727
108.15,325.15,0.02991,0.049001
108.15,327.43,0.030575,0.0493
108.15,329.35,0.031555,0.049645
108.15,331.8,0.032855,0.049623
108.15,333.9,0.03361,0.049975
108.15,336.18,0.034642,0.050067
108.15,338.45,0.034978,0.050286
108.15,340.73,0.035692,0.050317
108.15,342.83,0.035963,0.050344
108.15,345.1,0.036524,0.049993
108.15,347.2,0.036453,0.049941
108.15,349.48,0.036943,0.049522
108.15,351.75,0.037556,0.049534
108.15,354.03,0.038055,0.049251
108.15,356.13,0.038564,0.04922
108.15,358.4,0.039398,0.049235
108.15,360.68,0.040005,0.049238
108.15,362.95,0.04056,0.049198
108.15,365.05,0.040853,0.049568
108.15,367.5,0.041225,0.049596
108.15,369.78,0.041352,0.049956
108.15,372.05,0.041355,0.050406
108.15,374.33,0.041654,0.05068
108.15,376.78,0.041657,0.050726
108.15,379.05,0.041817,0.050723
108.15,381.33,0.041543,0.050286
108.15,383.6,0.041268,0.050301
108.15,385.7,0.040748,0.050203
108.15,387.98,0.040203,0.050008
108.15,390.25,0.039549,0.050434
108.15,392.35,0.03832,0.050286
108.15,394.63,0.037553,0.050779
108.15,396.73,0.036814,0.051111
108.15,399.0,0.036019,0.051068
108.15,401.1,0.035689,0.051327
108.15,403.38,0.034953,0.051327
108.15,405.65,0.034395,0.051022
108.15,407.93,0.033832,0.050967
108.15,410.2,0.033345,0.050699
108.15,412.3,0.032729,0.050236
108.15,414.58,0.031823,0.050353
108.15,416.68,0.030856,0.050372
108.15,418.95,0.030483,0.050409
108.15,421.23,0.029802,0.05035
108.15,423.5,0.029845,0.049885
108.15,425.6,0.029482,0.050332
108.15,427.88,0.029426,0.050344
108.15,429.98,0.028909,0.050347
108.15,432.25,0.028564,0.050357
108.15,434.35,0.027806,0.05031
108.15,436.63,0.026808,0.050246
108.15,438.9,0.025874,0.050415
108.15,441.0,0.024836,0.05028
108.15,443.28,0.024004,0.05035
108.15,445.55,0.023083,0.05027
108.15,447.65,0.022208,0.050452
108.15,449.93,0.021583,0.050317
108.15,452.2,0.020933,0.049935
108.15,454.3,0.020372,0.04987
108.15,456.58,0.019691,0.049516
108.15,458.85,0.019297,0.049525
108.15,460.95,0.018943,0.0493
108.15,463.23,0.019001,0.048869
108.15,465.33,0.01832,0.048582
108.15,467.6,0.018028,0.048222
108.15,469.88,0.017803,0.04776
108.15,472.15,0.017217,0.047787
108.15,474.25,0.016678,0.047646
108.15,476.53,0.015883,0.047812
108.15,478.8,0.01544,0.047501
108.15,480.9,0.014657,0.047356
108.15,483.18,0.014192,0.047045
108.15,485.45,0.013428,0.046583
108.15,487.55,0.013542,0.046275
108.15,489.83,0.013175,0.04597
108.15,491.93,0.012901,0.045554
108.15,494.38,0.013058,0.045206
108.15,496.48,0.012726,0.044759
108.15,498.75,0.012516,0.044371
108.15,501.03,0.012341,0.044106
108.15,503.13,0.012319,0.044029
108.15,505.4,0.012082,0.044204
108.15,507.68,0.011925,0.044192
108.15,509.78,0.012014,0.044057
108.15,511.88,0.011848,0.043973
108.15,514.33,0.011697,0.044097
108.15,516.43,0.01146,0.044121
108.15,518.7,0.011056,0.043678
108.15,520.98,0.010788,0.043388
108.15,523.08,0.010495,0.043049
108.15,525.35,0.010545,0.043003
108.15,527.45,0.009996,0.043021
108.15,529.73,0.010104,0.043317
108.15,532.0,0.010042,0.043296
108.15,534.28,0.010138,0.043373
108.15,536.38,0.010033,0.043222
108.15,538.65,0.009836,0.043305
108.15,540.75,0.010156,0.043314
108.15,543.2,0.010501,0.043299
108.15,545.48,0.010354,0.043354
108.15,547.58,0.011,0.042941
108.15,549.85,0.011401,0.042941
108.15,552.13,0.011983,0.042646
108.15,554.23,0.012834,0.042658
108.15,556.5,0.013533,0.043021
108.15,558.78,0.013866,0.043237
108.15,561.05,0.013893,0.043508
108.15,563.15,0.014211,0.043733
108.15,565.43,0.014275,0.044084
108.15,567.53,0.014288,0.044013
108.15,569.8,0.014238,0.044174
108.15,572.08,0.014383,0.044137
108.15,574.35,0.014968,0.044395
108.15,576.45,0.015862,0.04483
108.15,578.73,0.016792,0.044861
108.15,581.0,0.017091,0.045082
108.15,583.1,0.018286,0.045495
108.15,585.38,0.018986,0.04633
108.15,587.65,0.019599,0.04678
108.15,589.93,0.020252,0.047593
108.15,592.03,0.021207,0.04841
108.15,594.3,0.021866,0.048862
108.15,596.4,0.02259,0.04917
108.15,598.68,0.022889,0.049257
108.15,600.95,0.023382,0.049562
108.15,603.05,0.023764,0.04963
108.15,605.33,0.024244,0.049888
108.15,607.43,0.024565,0.049756
108.15,609.7,0.024744,0.04963
108.15,611.98,0.024469,0.049574
108.15,614.08,0.024608,0.049565
108.15,616.35,0.024534,0.049482
108.15,618.45,0.023964,0.049685
108.15,620.73,0.023397,0.049275
108.15,623.0,0.022673,0.049112
108.15,625.1,0.021832,0.048853
108.15,627.38,0.020853,0.048406
108.15,629.65,0.020172,0.047642
108.15,631.75,0.019633,0.046629
108.15,634.03,0.01914,0.04584
108.15,636.13,0.019155,0.045233
108.15,638.4,0.018172,0.044454
108.15,640.68,0.017359,0.044177
108.15,642.95,0.016333,0.043373
108.15,645.05,0.015495,0.042575
108.15,647.33,0.014192,0.041875
108.15,649.6,0.013311,0.041013
108.15,651.7,0.012374,0.04007
108.15,653.98,0.011426,0.039312
108.15,656.08,0.010994,0.03853
108.15,658.35,0.010637,0.038148
108.15,660.63,0.010754,0.037451
108.15,662.73,0.011176,0.037094
108.15,665.0,0.011318,0.036681
108.15,667.1,0.011053,0.036392
108.15,669.38,0.011133,0.035973
108.15,671.65,0.01129,0.035603
108.15,673.93,0.01096,0.034922
108.15,676.03,0.010572,0.034402
108.15,678.3,0.01007,0.03405
108.15,680.58,0.009346,0.033721
108.15,682.68,0.008918,0.033699
108.15,684.95,0.008129,0.033293
108.15,687.23,0.00775,0.033397
144.2,11.2,0.013671,0.048976
144.2,13.48,0.012778,0.048471
144.2,15.93,0.012051,0.048157
144.2,18.2,0.011438,0.047701
144.2,20.48,0.011617,0.047088
144.2,22.93,0.011413,0.046441
144.2,25.03,0.011604,0.045877
144.2,27.3,0.011222,0.045683
144.2,29.75,0.011161,0.045618
144.2,32.03,0.010763,0.045609
144.2,34.13,0.010381,0.045671
144.2,36.4,0.010095,0.045951
144.2,38.85,0.009673,0.046179
144.2,41.13,0.009161,0.046666
144.2,43.23,0.009198,0.047026
144.2,45.5,0.009281,0.047023
144.2,47.95,0.009657,0.047427
144.2,50.05,0.009734,0.047251
144.2,52.33,0.01011,0.046999
144.2,54.6,0.01052,0.047051
144.2,56.7,0.010803,0.04657
144.2,58.98,0.010834,0.046635
144.2,61.25,0.01113,0.046764
144.2,63.35,0.011232,0.047029
144.2,65.63,0.011185,0.046928
144.2,67.9,0.011564,0.047371
144.2,70.18,0.011108,0.047569
144.2,72.28,0.011074,0.047424
144.2,74.55,0.010729,0.047362
144.2,76.65,0.010455,0.046959
144.2,78.93,0.010412,0.046912
144.2,81.2,0.010304,0.047039
144.2,83.48,0.010886,0.046996
144.2,85.58,0.011124,0.047473
144.2,87.85,0.01162,0.047855
144.2,89.95,0.012039,0.048249
144.2,92.23,0.012439,0.048058
144.2,94.5,0.012633,0.04824
144.2,96.6,0.012797,0.047683
144.2,98.88,0.012812,0.048188
144.2,101.15,0.01267,0.048031
144.2,103.25,0.01222,0.04808
144.2,105.53,0.012057,0.048098
144.2,107.8,0.012014,0.048169
144.2,110.08,0.011915,0.048157
144.2,112.18,0.011977,0.048527
144.2,114.45,0.01186,0.048872
144.2,116.73,0.012045,0.049097
144.2,119.0,0.012285,0.049266
144.2,121.28,0.012338,0.049734
144.2,123.38,0.012707,0.049223
144.2,125.65,0.012606,0.049167
144.2,127.93,0.01272,0.049257
144.2,130.03,0.01271,0.049223
144.2,132.3,0.013114,0.049666
144.2,134.4,0.012904,0.049488
144.2,136.68,0.013302,0.049485
144.2,138.95,0.013151,0.049614
144.2,141.05,0.013025,0.049623
144.2,143.15,0.013135,0.049552
144.2,145.6,0.013129,0.04967
144.2,147.7,0.013074,0.049596
144.2,149.98,0.012843,0.049888
144.2,152.08,0.01276,0.049663
144.2,154.35,0.012784,0.049605
144.2,156.63,0.012753,0.049568
144.2,158.73,0.012821,0.049642
144.2,161.0,0.012667,0.049321
144.2,163.28,0.012797,0.049201
144.2,165.55,0.012713,0.049152
144.2,167.65,0.012775,0.049663
144.2,169.93,0.012766,0.049546
144.2,172.2,0.013114,0.049512
144.2,174.3,0.013228,0.049953
144.2,176.58,0.013487,0.050489
144.2,178.68,0.013804,0.050585
144.2,180.95,0.01462,0.051022
144.2,183.23,0.014996,0.051004
144.2,185.33,0.01536,0.050785
144.2,187.6,0.015631,0.050769
144.2,189.7,0.016155,0.050276
144.2,191.98,0.016158,0.050092
144.2,194.25,0.016604,0.049876
144.2,196.53,0.016632,0.050347
144.2,198.63,0.016284,0.050227
144.2,200.9,0.016395,0.050464
144.2,203.18,0.0158,0.051127
144.2,205.28,0.01552,0.051074
144.2,207.55,0.014928,0.050729
144.2,209.83,0.015021,0.050739
144.2,211.93,0.015372,0.050329
144.2,214.2,0.015418,0.050267
144.2,216.3,0.015865,0.050227
144.2,218.58,0.015846,0.049888
144.2,220.85,0.015819,0.050295
144.2,222.95,0.015813,0.050625
144.2,225.23,0.015776,0.050917
144.2,227.33,0.01548,0.051102
144.2,229.6,0.015545,0.05101
144.2,231.88,0.015073,0.050917
144.2,233.98,0.015021,0.050729
144.2,236.25,0.0154,0.050221
144.2,238.53,0.015908,0.050375
144.2,240.63,0.016219,0.050273
144.2,242.9,0.016743,0.050381
144.2,245.18,0.016829,0.050283
144.2,247.28,0.017076,0.05028
144.2,249.55,0.016629,0.050249
144.2,251.83,0.01661,0.050344
144.2,253.93,0.016099,0.050292
144.2,256.2,0.015803,0.050646
144.2,258.48,0.015893,0.050757
144.2,260.58,0.015517,0.051022
144.2,262.85,0.015397,0.051121
144.2,264.95,0.01596,0.051019
144.2,267.23,0.01593,0.051127
144.2,269.5,0.01633,0.051062
144.2,271.6,0.016931,0.051358
144.2,273.88,0.017451,0.051863
144.2,276.15,0.017769,0.052208
144.2,278.25,0.017686,0.052473
144.2,280.53,0.017344,0.052806
144.2,282.8,0.017217,0.052806
144.2,284.9,0.016848,0.052575
144.2,287.18,0.016284,0.051875
144.2,289.28,0.015769,0.051407
144.2,291.55,0.015443,0.051053
144.2,293.83,0.014793,0.050649
144.2,295.93,0.01471,0.050646
144.2,298.2,0.014744,0.050341
144.2,300.3,0.014337,0.050335
144.2,302.58,0.014306,0.050273
144.2,304.85,0.014004,0.049987
144.2,307.13,0.013952,0.049904
144.2,309.23,0.013407,0.04987
144.2,311.5,0.012683,0.049996
144.2,313.78,0.012421,0.049593
144.2,316.05,0.011925,0.049589
144.2,318.15,0.011614,0.049183
144.2,320.43,0.011324,0.049263
144.2,322.7,0.011309,0.048835
144.2,324.8,0.011691,0.048792
144.2,327.08,0.011968,0.048881
144.2,329.35,0.012076,0.048792
144.2,331.45,0.012374,0.048825
144.2,333.73,0.012433,0.049192
144.2,336.0,0.011872,0.04914
144.2,338.1,0.011943,0.049152
144.2,340.38,0.011857,0.049115
144.2,342.65,0.012224,0.049149
144.2,344.75,0.012411,0.049103
144.2,347.03,0.012695,0.049161
144.2,349.3,0.013108,0.04914
144.2,351.4,0.013354,0.048835
144.2,353.68,0.013644,0.048807
144.2,355.95,0.013567,0.04841
144.2,358.05,0.013271,0.048052
144.2,360.33,0.013074,0.047562
144.2,362.43,0.013274,0.047285
144.2,364.7,0.012821,0.046989
144.2,366.98,0.012772,0.046564
144.2,368.9,0.012741,0.046697
144.2,371.35,0.012421,0.046595
144.2,373.63,0.011999,0.047054
144.2,375.73,0.011567,0.047359
144.2,378.0,0.011324,0.047612
144.2,380.28,0.011041,0.048151
144.2,382.38,0.01085,0.048366
144.2,384.65,0.010739,0.048539
144.2,386.93,0.01068,0.04849
144.2,389.03,0.010893,0.048628
144.2,391.3,0.01093,0.04845
144.2,393.4,0.010606,0.048499
144.2,395.68,0.010366,0.048527
144.2,397.95,0.010119,0.048434
144.2,400.05,0.009454,0.048132
144.2,402.33,0.009352,0.0482
144.2,404.6,0.008887,0.048108
144.2,406.7,0.009057,0.048101
144.2,408.98,0.009371,0.048259
144.2,411.25,0.009759,0.047895
144.2,413.35,0.010169,0.047735
144.2,415.63,0.010005,0.047359
144.2,417.9,0.00999,0.046915
144.2,420.18,0.010101,0.046678
144.2,422.28,0.009685,0.046315
144.2,424.55,0.009281,0.045991
144.2,426.65,0.009007,0.045631
144.2,428.93,0.008249,0.045166
144.2,431.2,0.007815,0.045252
144.2,433.3,0.007378,0.045085
144.2,435.58,0.007316,0.045199
144.2,437.85,0.007405,0.045655
144.2,439.95,0.007381,0.045625
144.2,442.23,0.007399,0.045674
144.2,444.5,0.007855,0.045551
144.2,446.6,0.007636,0.04556
144.2,448.88,0.008191,0.045233
144.2,450.98,0.008157,0.04478
144.2,453.08,0.008243,0.044497
144.2,455.53,0.008616,0.044149
144.2,457.63,0.008243,0.043992
144.2,459.9,0.008123,0.044549
144.2,462.18,0.007664,0.044516
144.2,464.45,0.007488,0.044811
144.2,466.55,0.006903,0.045008
144.2,468.83,0.007039,0.045184
144.2,471.1,0.00706,0.045594
144.2,473.2,0.00743,0.04564
144.2,475.48,0.007787,0.045911
144.2,477.75,0.007944,0.046321
144.2,479.85,0.008117,0.046253
144.2,482.13,0.008545,0.04629
144.2,484.23,0.009285,0.046312
144.2,486.5,0.009811,0.046376
144.2,488.78,0.01035,0.046265
144.2,490.88,0.010896,0.046367
144.2,493.15,0.010933,0.046225
144.2,495.43,0.010893,0.046034
144.2,497.53,0.010822,0.045973
144.2,499.8,0.010822,0.045942
144.2,502.08,0.01085,0.045985
144.2,504.35,0.011124,0.045939
144.2,506.45,0.011527,0.045591
144.2,508.73,0.011814,0.04519
144.2,510.83,0.01247,0.044898
144.2,513.1,0.012978,0.044796
144.2,515.38,0.013943,0.045218
144.2,517.65,0.014556,0.045156
144.2,519.75,0.015464,0.045628
144.2,522.03,0.016614,0.045963
144.2,524.3,0.01772,0.04589
144.2,526.4,0.018915,0.045769
144.2,528.68,0.019722,0.046299
144.2,530.78,0.021432,0.046438
144.2,533.05,0.022553,0.046758
144.2,535.33,0.023554,0.047008
144.2,537.43,0.024232,0.046996
144.2,539.7,0.025027,0.046983
144.2,541.98,0.025594,0.047066
144.2,544.08,0.026312,0.047082
144.2,546.35,0.027165,0.04698
144.2,548.45,0.028148,0.04702
144.2,550.73,0.029485,0.047023
144.2,553.0,0.030387,0.047002
144.2,555.28,0.031111,0.046949
144.2,557.38,0.031327,0.047458
144.2,559.65,0.032128,0.04783
144.2,561.75,0.03235,0.047778
144.2,564.03,0.032984,0.048077
144.2,566.3,0.033296,0.048083
144.2,568.4,0.033681,0.048154
144.2,570.68,0.034155,0.048065
144.2,572.95,0.034309,0.047787
144.2,575.23,0.034223,0.047726
144.2,577.5,0.033856,0.04755
144.2,579.6,0.033111,0.047054
144.2,581.88,0.032642,0.04702
144.2,584.15,0.031678,0.046694
144.2,586.43,0.030692,0.046694
144.2,588.53,0.029512,0.046604
144.2,590.8,0.02861,0.046598
144.2,593.08,0.027547,0.046761
144.2,595.18,0.026102,0.046697
144.2,597.45,0.024503,0.046213
144.2,599.73,0.023058,0.046231
144.2,601.83,0.021475,0.046533
144.2,604.1,0.019747,0.046666
144.2,606.38,0.018792,0.047082
144.2,608.48,0.017726,0.046952
144.2,610.75,0.016638,0.047017
144.2,612.85,0.015446,0.04654
144.2,615.13,0.014697,0.045963
144.2,617.4,0.013832,0.045471
144.2,619.68,0.012821,0.04519
144.2,621.78,0.011956,0.04487
144.2,624.05,0.011185,0.04442
144.2,626.15,0.010588,0.044093
144.2,628.43,0.010024,0.043721
144.2,630.7,0.009325,0.043456
144.2,632.8,0.008856,0.042975
144.2,635.08,0.008517,0.043003
144.2,637.18,0.008172,0.042636
144.2,639.45,0.008219,0.042655
144.2,641.73,0.007599,0.042578
144.2,643.83,0.007618,0.042984
144.2,646.1,0.007224,0.042664
144.2,648.38,0.006922,0.042707
144.2,650.65,0.006447,0.042282
144.2,652.75,0.006139,0.04161
144.2,655.03,0.005862,0.041142
144.2,657.3,0.0058,0.040714
144.2,659.4,0.005369,0.040939
144.2,661.68,0.00471,0.040886
144.2,663.95,0.004281,0.040785
144.2,666.05,0.003998,0.0404
144.2,668.33,0.003465,0.040344
144.2,670.6,0.00328,0.040064
144.2,672.7,0.003145,0.040042
144.2,674.98,0.003188,0.039611
144.2,677.25,0.003243,0.039318
144.2,679.35,0.003502,0.039177
144.2,681.63,0.003958,0.038641
144.2,683.9,0.0043,0.038326
144.2,686.0,0.004771,0.038249
180.25,11.38,0.002396,0.041173
180.25,13.65,0.002341,0.040705
180.25,15.93,0.00198,0.041121
180.25,18.03,0.001678,0.04129
180.25,20.3,0.001222,0.041435
180.25,22.58,0.000637,0.041823
180.25,24.85,6.4e-05,0.041949
180.25,26.95,-0.000324,0.041798
180.25,29.4,-0.000306,0.04178
180.25,31.5,-0.000672,0.041456
180.25,33.78,-0.000454,0.041068
180.25,36.05,-0.000235,0.041118
180.25,38.15,0.00015,0.040831
180.25,40.43,0.000215,0.040695
180.25,42.53,0.000394,0.040751
180.25,44.8,0.001031,0.040748
180.25,47.08,0.001469,0.041025
180.25,49.18,0.001567,0.041154
180.25,51.45,0.00166,0.041481
180.25,53.73,0.001681,0.041413
180.25,55.83,0.00154,0.041586
180.25,58.1,0.001493,0.0415
180.25,60.38,0.001552,0.041487
180.25,62.65,0.001644,0.041401
180.25,64.75,0.001915,0.041629
180.25,67.03,0.002094,0.041746
180.25,69.13,0.002082,0.042032
180.25,71.4,0.001949,0.042602
180.25,73.68,0.001521,0.042907
180.25,75.95,0.001509,0.04332
180.25,78.05,0.001358,0.043296
180.25,80.33,0.001272,0.043634
180.25,82.6,0.001296,0.044075
180.25,84.7,0.001235,0.044115
180.25,86.98,0.001235,0.044057
180.25,89.25,0.001213,0.044063
180.25,91.35,0.001379,0.043705
180.25,93.63,0.001503,0.043567
180.25,95.9,0.001986,0.043231
180.25,98.0,0.001937,0.043246
180.25,100.28,0.001888,0.043219
180.25,102.55,0.001537,0.043764
180.25,104.65,0.001219,0.043711
180.25,106.93,0.001167,0.044057
180.25,109.2,0.001,0.04402
180.25,111.48,0.00085,0.044124
180.25,113.58,0.00084,0.043964
180.25,115.85,0.00064,0.044013
180.25,118.13,0.001053,0.044038
180.25,120.23,0.000692,0.04401
180.25,122.5,0.001192,0.044013
180.25,124.78,0.001305,0.044137
180.25,126.88,0.000776,0.0441
180.25,128.98,0.000791,0.044414
180.25,131.25,0.001148,0.044519
180.25,133.53,0.001709,0.044325
180.25,135.8,0.001558,0.043986
180.25,137.9,0.001925,0.043976
180.25,140.18,0.002381,0.04406
180.25,142.28,0.002116,0.04361
180.25,144.55,0.002723,0.043296
180.25,146.83,0.002738,0.043434
180.25,149.1,0.002803,0.043252
180.25,151.38,0.00267,0.043302
180.25,153.48,0.0028,0.043416
180.25,155.75,0.002371,0.043764
180.25,158.03,0.002291,0.043628
180.25,160.3,0.002073,0.043758
180.25,162.4,0.002516,0.044038
180.25,164.68,0.002418,0.044152
180.25,166.78,0.002279,0.044007
180.25,169.23,0.002381,0.044109
180.25,171.33,0.002445,0.043656
180.25,173.6,0.002442,0.044075
180.25,175.88,0.002633,0.043681
180.25,178.15,0.002772,0.043696
180.25,180.25,0.003034,0.043801
180.25,182.53,0.003231,0.043631
180.25,184.63,0.003132,0.04377
180.25,186.9,0.003194,0.044097
180.25,189.18,0.003271,0.044097
180.25,191.45,0.003071,0.044127
180.25,193.55,0.002984,0.044112
180.25,195.83,0.003089,0.044013
180.25,197.93,0.003049,0.044023
180.25,200.2,0.003206,0.043711
180.25,202.48,0.002997,0.043711
180.25,204.58,0.003003,0.043727
180.25,206.85,0.003111,0.043708
180.25,208.95,0.003635,0.043656
180.25,211.23,0.003573,0.043329
180.25,213.33,0.003219,0.043345
180.25,215.6,0.003117,0.043474
180.25,217.88,0.002723,0.043425
180.25,219.98,0.002057,0.043034
180.25,222.25,0.00162,0.043
180.25,224.53,0.001641,0.043268
180.25,226.8,0.001278,0.043222
180.25,228.9,0.001299,0.042889
180.25,231.18,0.001232,0.043413
180.25,233.63,0.001145,0.043366
180.25,235.73,0.001278,0.043745
180.25,238.0,0.001179,0.04361
180.25,240.28,0.000668,0.043755
180.25,242.38,0.000776,0.04337
180.25,244.65,0.000985,0.043406
180.25,246.93,0.000982,0.04291
180.25,249.03,0.001155,0.042981
180.25,251.3,0.001278,0.042978
180.25,253.58,0.00157,0.042513
180.25,255.68,0.001595,0.042609
180.25,257.95,0.001614,0.042214
180.25,260.05,0.001752,0.042307
180.25,262.33,0.001672,0.042362
180.25,264.43,0.001521,0.041789
180.25,266.7,0.001558,0.041595
180.25,268.98,0.001595,0.041481
180.25,271.25,0.001537,0.041882
180.25,273.35,0.001278,0.042199
180.25,275.63,0.00093,0.042652
180.25,277.73,0.000748,0.043015
180.25,280.0,0.001084,0.043222
180.25,282.28,0.001164,0.04336
180.25,284.55,0.001626,0.043788
180.25,286.65,0.001651,0.043862
180.25,288.93,0.001983,0.044201
180.25,291.03,0.00223,0.04418
180.25,293.3,0.002365,0.044097
180.25,295.58,0.002036,0.044482
180.25,297.68,0.002042,0.044916
180.25,299.95,0.001835,0.044297
180.25,302.05,0.001583,0.044288
180.25,304.33,0.001173,0.0441
180.25,306.6,0.000705,0.044124
180.25,308.7,0.000717,0.04409
180.25,310.98,0.001096,0.04413
180.25,313.25,0.001272,0.044023
180.25,315.35,0.001272,0.044457
180.25,317.1,0.001287,0.044577
180.25,319.9,0.001272,0.044888
180.25,322.18,0.001438,0.044836
180.25,324.28,0.000948,0.044574
180.25,326.55,0.001515,0.044272
180.25,328.65,0.001506,0.044078
180.25,330.93,0.00153,0.043693
180.25,333.2,0.001315,0.043329
180.25,335.48,0.001453,0.042954
180.25,337.58,0.001909,0.042683
180.25,339.85,0.001888,0.042562
180.25,342.13,0.001974,0.042575
180.25,344.23,0.001626,0.042683
180.25,346.5,0.001617,0.043126
180.25,348.78,0.001586,0.043625
180.25,350.88,0.001493,0.04413
180.25,353.15,0.001614,0.044109
180.25,355.6,0.001478,0.04402
180.25,357.88,0.001617,0.044041
180.25,360.15,0.00157,0.04414
180.25,362.43,0.001675,0.04413
180.25,364.88,0.001379,0.044155
180.25,366.98,0.001176,0.044035
180.25,369.25,0.001071,0.044063
180.25,371.53,0.001586,0.044118
180.25,374.15,0.002005,0.044072
180.25,376.25,0.0019,0.044035
180.25,378.53,0.002331,0.044093
180.25,380.8,0.002344,0.044084
180.25,383.08,0.002079,0.044124
180.25,385.35,0.00154,0.044023
180.25,387.45,0.001256,0.04414
180.25,389.73,0.000853,0.04434
180.25,391.83,4.9e-05,0.044971
180.25,394.1,-0.000478,0.045551
180.25,396.38,-0.001097,0.045856
180.25,398.65,-0.001359,0.046613
180.25,400.75,-0.001674,0.046928
180.25,403.03,-0.001828,0.047264
180.25,405.3,-0.001775,0.047769
180.25,407.58,-0.001248,0.047735
180.25,409.85,-0.00066,0.047248
180.25,412.3,-6.9e-05,0.046937
180.25,414.58,0.000887,0.046743
180.25,416.68,0.001651,0.046284
180.25,418.95,0.002316,0.045917
180.25,421.05,0.003148,0.045794
180.25,423.33,0.003468,0.045603
180.25,425.6,0.004078,0.045178
180.25,427.7,0.004358,0.044556
180.25,429.98,0.004611,0.04446
180.25,432.25,0.005095,0.04409
180.25,434.35,0.004993,0.044306
180.25,436.63,0.004633,0.044633
180.25,438.73,0.004349,0.044941
180.25,441.0,0.003955,0.045224
180.25,443.28,0.003752,0.045575
180.25,445.38,0.003487,0.045803
180.25,447.65,0.003145,0.046108
180.25,449.75,0.003132,0.046342
180.25,452.2,0.003154,0.045926
180.25,454.3,0.003237,0.045686
180.25,456.58,0.003219,0.045203
180.25,458.85,0.004134,0.045212
180.25,461.13,0.004839,0.045162
180.25,463.23,0.005394,0.045147
180.25,465.5,0.005671,0.04552
180.25,467.78,0.005853,0.045443
180.25,470.05,0.005806,0.045951
180.25,472.33,0.005501,0.045846
180.25,474.43,0.005129,0.045908
180.25,476.7,0.005092,0.046247
180.25,478.98,0.004614,0.046358
180.25,481.08,0.004275,0.046259
180.25,483.35,0.004331,0.046275
180.25,485.45,0.003998,0.046333
180.25,487.73,0.003915,0.0467
180.25,490.0,0.004248,0.046786
180.25,492.28,0.004411,0.046955
180.25,494.38,0.004571,0.047014
180.25,496.65,0.004651,0.046687
180.25,498.75,0.004765,0.046675
180.25,501.03,0.004713,0.046724
180.25,503.13,0.004728,0.046641
180.25,505.4,0.004223,0.046789
180.25,507.68,0.004155,0.046697
180.25,509.78,0.004346,0.04665
180.25,512.05,0.004195,0.046617
180.25,514.33,0.00402,0.046613
180.25,516.43,0.003554,0.046613
180.25,518.7,0.003028,0.046663
180.25,520.8,0.003083,0.046398
180.25,523.08,0.003098,0.04625
180.25,525.18,0.003638,0.046201
180.25,527.45,0.003875,0.046275
180.25,529.73,0.003933,0.046241
180.25,531.83,0.004017,0.046309
180.25,534.1,0.00389,0.046201
180.25,536.38,0.003484,0.045942
180.25,538.65,0.00316,0.045578
180.25,540.75,0.003068,0.045437
180.25,543.03,0.002763,0.04528
180.25,545.13,0.002766,0.04556
180.25,547.4,0.00272,0.045594
180.25,549.5,0.002812,0.045615
180.25,551.78,0.00276,0.045495
180.25,553.7,0.003058,0.045618
180.25,556.33,0.003135,0.045585
180.25,558.43,0.00316,0.045585
180.25,560.7,0.003148,0.045588
180.25,562.8,0.003175,0.045631
180.25,565.25,0.00316,0.045252
180.25,567.53,0.003225,0.04523
180.25,569.63,0.003126,0.045209
180.25,571.9,0.003092,0.045076
180.25,574.0,0.00276,0.044854
180.25,576.28,0.002732,0.044861
180.25,578.55,0.002334,0.044857
180.25,580.65,0.002165,0.044787
180.25,582.93,0.001644,0.04479
180.25,585.2,0.001256,0.044796
180.25,587.3,0.000899,0.044817
180.25,589.58,0.000474,0.044432
180.25,591.68,0.000483,0.044475
180.25,593.95,0.000178,0.044075
180.25,596.05,-0.000327,0.044146
180.25,598.33,-0.000826,0.044112
180.25,600.6,-0.000814,0.044035
180.25,602.88,-0.000737,0.044035
180.25,604.98,-0.000275,0.044075
180.25,607.25,3e-05,0.043739
180.25,609.35,1.5e-05,0.042957
180.25,611.63,0.000397,0.042701
180.25,613.73,0.000492,0.042541
180.25,616.0,5.2e-05,0.042673
180.25,618.28,0.000116,0.042609
180.25,620.55,0.000391,0.042174
180.25,622.83,0.000449,0.042227
180.25,625.1,0.001204,0.042479
180.25,627.2,0.001537,0.042538
180.25,629.48,0.002353,0.042667
180.25,631.75,0.002735,0.042655
180.25,633.85,0.003046,0.043
180.25,636.13,0.003323,0.042914
180.25,638.23,0.00349,0.043314
180.25,640.5,0.003705,0.043674
180.25,642.78,0.003878,0.043758
180.25,644.88,0.003983,0.043973
180.25,647.15,0.003998,0.043755
180.25,649.43,0.004001,0.043597
180.25,651.7,0.004328,0.04365
180.25,653.8,0.004814,0.043986
180.25,656.08,0.005424,0.044066
180.25,658.18,0.006392,0.044485
180.25,660.45,0.007618,0.044349
180.25,662.73,0.008462,0.044432
180.25,664.83,0.009402,0.044352
180.25,667.1,0.010554,0.044395
180.25,669.38,0.011678,0.044402
180.25,671.48,0.012775,0.044429
180.25,673.75,0.01369,0.043989
180.25,676.03,0.01463,0.044109
180.25,678.13,0.015816,0.044063
180.25,680.4,0.017165,0.043711
180.25,682.5,0.01873,0.043179
180.25,684.78,0.019648,0.042609
180.25,686.88,0.021118,0.042297
216.3,11.38,-0.003873,0.043684
216.3,13.48,-0.004388,0.043289
216.3,15.75,-0.004893,0.043058
216.3,18.03,-0.00546,0.042609
216.3,20.3,-0.00594,0.042264
216.3,22.75,-0.006723,0.042146
216.3,24.85,-0.006788,0.042187
216.3,27.13,-0.006969,0.042248
216.3,29.4,-0.00696,0.042227
216.3,31.68,-0.006954,0.042279
216.3,33.78,-0.007117,0.042131
216.3,36.05,-0.00656,0.041968
216.3,38.33,-0.006658,0.041952
216.3,40.43,-0.006569,0.041906
216.3,42.7,-0.006609,0.041795
216.3,44.98,-0.006304,0.041915
216.3,47.08,-0.005934,0.041669
216.3,49.35,-0.005506,0.041438
216.3,51.45,-0.005232,0.041102
216.3,53.73,-0.004776,0.040991
216.3,56.0,-0.004606,0.041031
216.3,58.28,-0.004499,0.041081
216.3,60.38,-0.004391,0.041081
216.3,62.65,-0.004576,0.041509
216.3,64.93,-0.004428,0.041989
216.3,67.03,-0.004418,0.042211
216.3,69.3,-0.004443,0.042572
216.3,71.58,-0.004804,0.042926
216.3,73.85,-0.004918,0.043339
216.3,75.95,-0.005118,0.043271
216.3,78.23,-0.005139,0.042938
216.3,80.5,-0.005589,0.042901
216.3,82.6,-0.00546,0.042935
216.3,84.88,-0.005697,0.043345
216.3,87.15,-0.005503,0.043431
216.3,89.43,-0.005882,0.043776
216.3,91.53,-0.005836,0.044038
216.3,93.8,-0.00591,0.044084
216.3,96.25,-0.005672,0.044106
216.3,98.35,-0.005558,0.044069
216.3,100.63,-0.005244,0.043594
216.3,102.9,-0.005238,0.043601
216.3,105.0,-0.005195,0.043277
216.3,107.28,-0.00469,0.042726
216.3,109.55,-0.004628,0.04227
216.3,111.65,-0.004363,0.041875
216.3,113.93,-0.003975,0.041552
216.3,116.2,-0.003716,0.041419
216.3,118.3,-0.003165,0.040973
216.3,120.58,-0.002644,0.041004
216.3,123.03,-0.002327,0.040772
216.3,125.13,-0.00225,0.041145
216.3,127.4,-0.00257,0.041071
216.3,129.68,-0.002672,0.041644
216.3,131.78,-0.003081,0.042137
216.3,134.05,-0.003698,0.042883
216.3,136.33,-0.003929,0.043394
216.3,138.43,-0.004117,0.043721
216.3,140.7,-0.004529,0.043792
216.3,142.98,-0.004486,0.043998
216.3,145.08,-0.004378,0.043711
216.3,147.35,-0.004489,0.043684
216.3,149.63,-0.004742,0.043693
216.3,151.9,-0.005173,0.04341
216.3,154.0,-0.005993,0.043693
216.3,156.1,-0.006193,0.043844
216.3,158.38,-0.00623,0.043696
216.3,160.65,-0.006387,0.043323
216.3,162.93,-0.006054,0.043046
216.3,165.03,-0.006054,0.042926
216.3,167.3,-0.00538,0.042947
216.3,169.58,-0.004686,0.042994
216.3,171.85,-0.004181,0.043003
216.3,174.13,-0.003664,0.042624
216.3,176.23,-0.003331,0.042562
216.3,178.5,-0.002934,0.042337
216.3,180.78,-0.00249,0.042251
216.3,183.05,-0.002595,0.042183
216.3,185.15,-0.002638,0.042211
216.3,187.6,-0.002434,0.042223
216.3,189.7,-0.00294,0.041838
216.3,191.98,-0.003041,0.041515
216.3,194.08,-0.003448,0.041154
216.3,196.35,-0.004107,0.041139
216.3,198.63,-0.00473,0.041219
216.3,200.9,-0.005041,0.041398
216.3,203.0,-0.005109,0.042085
216.3,205.28,-0.005528,0.042525
216.3,207.55,-0.00562,0.04288
216.3,209.83,-0.005601,0.042938
216.3,211.93,-0.005512,0.042772
216.3,214.2,-0.005429,0.042482
216.3,216.48,-0.006048,0.041992
216.3,218.75,-0.00619,0.041885
216.3,221.03,-0.006735,0.041894
216.3,223.13,-0.007188,0.041857
216.3,225.4,-0.00732,0.042177
216.3,227.68,-0.007447,0.042217
216.3,229.95,-0.007579,0.042652
216.3,232.05,-0.007019,0.042889
216.3,234.5,-0.006695,0.042544
216.3,236.78,-0.006372,0.042482
216.3,238.88,-0.006353,0.041789
216.3,241.15,-0.006726,0.041345
216.3,243.43,-0.006849,0.040695
216.3,245.53,-0.007108,0.04036
216.3,247.8,-0.007481,0.040461
216.3,250.08,-0.007487,0.039941
216.3,252.18,-0.007798,0.040036
216.3,254.45,-0.007906,0.039491
216.3,256.73,-0.008162,0.039568
216.3,258.83,-0.008063,0.039848
216.3,261.1,-0.00785,0.040329
216.3,263.2,-0.007459,0.040649
216.3,265.48,-0.007099,0.041164
216.3,267.75,-0.007154,0.041456
216.3,269.85,-0.007086,0.040988
216.3,272.13,-0.007071,0.040936
216.3,274.23,-0.007037,0.040702
216.3,276.5,-0.007465,0.040286
216.3,278.78,-0.007444,0.040289
216.3,281.05,-0.007333,0.040101
216.3,283.33,-0.007345,0.040012
216.3,285.43,-0.007635,0.039901
216.3,287.7,-0.007832,0.039987
216.3,289.8,-0.008149,0.039442
216.3,292.08,-0.008587,0.039553
216.3,294.35,-0.008996,0.039583
216.3,296.45,-0.009227,0.039694
216.3,298.73,-0.009662,0.039562
216.3,301.0,-0.010072,0.039617
216.3,303.28,-0.010478,0.039938
216.3,305.38,-0.010854,0.039891
216.3,307.65,-0.011113,0.039987
216.3,309.93,-0.011227,0.03999
216.3,312.03,-0.011162,0.0404
216.3,314.3,-0.010719,0.04031
216.3,316.58,-0.010833,0.04039
216.3,318.68,-0.010343,0.040313
216.3,320.95,-0.010685,0.039935
216.3,323.05,-0.010789,0.039922
216.3,325.33,-0.011168,0.039398
216.3,327.6,-0.011369,0.038964
216.3,329.7,-0.011855,0.038816
216.3,331.98,-0.011883,0.038406
216.3,334.08,-0.012311,0.038095
216.3,336.35,-0.012179,0.038179
216.3,338.63,-0.011861,0.037803
216.3,340.9,-0.011861,0.037581
216.3,343.0,-0.011846,0.03702
216.3,345.28,-0.012043,0.036657
216.3,347.55,-0.012203,0.036549
216.3,349.65,-0.012582,0.036644
216.3,351.93,-0.012478,0.036644
216.3,354.2,-0.012573,0.036644
216.3,356.48,-0.012666,0.03702
216.3,358.58,-0.012607,0.03698
216.3,360.85,-0.012394,0.036903
216.3,362.95,-0.012126,0.037011
216.3,365.05,-0.012274,0.036845
216.3,367.5,-0.012305,0.036586
216.3,369.6,-0.011824,0.036743
216.3,371.88,-0.011735,0.036663
216.3,374.15,-0.011674,0.036573
216.3,376.25,-0.01152,0.036681
216.3,378.53,-0.011427,0.036524
216.3,380.63,-0.011501,0.036666
216.3,382.9,-0.011421,0.036626
216.3,385.18,-0.011144,0.036999
216.3,387.45,-0.011464,0.037146
216.3,389.73,-0.011504,0.037297
216.3,392.0,-0.011695,0.037353
216.3,394.1,-0.011886,0.03779
216.3,396.38,-0.012191,0.037775
216.3,398.65,-0.011938,0.038095
216.3,400.75,-0.011849,0.038413
216.3,403.03,-0.011975,0.038561
216.3,405.3,-0.01152,0.038832
216.3,407.4,-0.011507,0.038795
216.3,409.68,-0.012022,0.039183
216.3,411.95,-0.01225,0.039226
216.3,414.23,-0.012518,0.039201
216.3,416.33,-0.012629,0.038804
216.3,418.6,-0.013038,0.038499
216.3,420.7,-0.013328,0.037812
216.3,422.98,-0.013186,0.037267
216.3,425.25,-0.013522,0.036974
216.3,427.35,-0.01375,0.037106
216.3,429.63,-0.013593,0.037008
216.3,431.73,-0.013821,0.03702
216.3,434.0,-0.013756,0.037002
216.3,436.1,-0.01379,0.03694
216.3,438.38,-0.013208,0.037054
216.3,440.65,-0.013174,0.037408
216.3,442.75,-0.012585,0.037784
216.3,445.03,-0.012518,0.037646
216.3,447.3,-0.012475,0.037763
216.3,449.4,-0.012508,0.037525
216.3,451.68,-0.01233,0.037344
216.3,453.78,-0.011603,0.037448
216.3,456.05,-0.011914,0.037316
216.3,458.33,-0.011479,0.037005
216.3,460.43,-0.01143,0.036882
216.3,462.7,-0.011498,0.037085
216.3,464.98,-0.011144,0.037183
216.3,467.25,-0.011156,0.037387
216.3,469.35,-0.011507,0.036915
216.3,471.63,-0.011612,0.037026
216.3,473.73,-0.011769,0.036623
216.3,476.0,-0.01245,0.036595
216.3,478.1,-0.012616,0.036675
216.3,480.38,-0.012552,0.036635
216.3,482.65,-0.012675,0.036952
216.3,484.93,-0.012733,0.037014
216.3,487.03,-0.012545,0.036949
216.3,489.3,-0.012773,0.037082
216.3,491.4,-0.012974,0.037011
216.3,493.68,-0.01326,0.036937
216.3,495.95,-0.013374,0.036971
216.3,498.23,-0.013316,0.036835
216.3,500.33,-0.013072,0.03698
216.3,502.78,-0.013044,0.036878
216.3,505.05,-0.01265,0.036586
216.3,507.33,-0.012499,0.036262
216.3,509.6,-0.012277,0.036031
216.3,511.88,-0.011532,0.035927
216.3,513.98,-0.011051,0.035856
216.3,516.25,-0.010805,0.03637
216.3,518.53,-0.010441,0.036614
216.3,520.63,-0.010099,0.036925
216.3,523.08,-0.009951,0.037381
216.3,525.18,-0.010056,0.037402
216.3,527.45,-0.010158,0.037381
216.3,529.73,-0.010617,0.03771
216.3,532.0,-0.011236,0.037646
216.3,534.28,-0.011606,0.0378
216.3,536.38,-0.012,0.038105
216.3,538.65,-0.011935,0.038095
216.3,540.93,-0.011855,0.038447
216.3,543.03,-0.011248,0.038456
216.3,545.3,-0.010882,0.038711
216.3,547.58,-0.010139,0.039503
216.3,549.68,-0.009634,0.040018
216.3,551.95,-0.009268,0.040332
216.3,554.23,-0.008876,0.040338
216.3,556.33,-0.00846,0.039842
216.3,558.6,-0.008359,0.039556
216.3,560.88,-0.00789,0.03914
216.3,562.98,-0.007934,0.038659
216.3,565.25,-0.007829,0.038105
216.3,567.35,-0.007555,0.037667
216.3,569.63,-0.007385,0.037676
216.3,571.9,-0.007077,0.037387
216.3,574.18,-0.006917,0.037301
216.3,576.28,-0.006698,0.037325
216.3,578.55,-0.006535,0.037482
216.3,580.65,-0.006412,0.03731
216.3,582.93,-0.006319,0.037251
216.3,585.2,-0.005882,0.036992
216.3,587.3,-0.005913,0.036561
216.3,589.58,-0.005983,0.037051
216.3,591.85,-0.005657,0.037316
216.3,594.13,-0.005386,0.038028
216.3,596.23,-0.005053,0.038872
216.3,598.5,-0.004902,0.039565
216.3,600.78,-0.004372,0.040317
216.3,602.88,-0.004868,0.040899
216.3,605.15,-0.004896,0.04137
216.3,607.43,-0.005109,0.041438
216.3,609.7,-0.005531,0.041416
216.3,611.8,-0.005823,0.041044
216.3,614.08,-0.005925,0.040997
216.3,616.18,-0.006039,0.040637
216.3,618.45,-0.006184,0.040486
216.3,620.73,-0.006279,0.04036
216.3,622.83,-0.006418,0.039891
216.3,625.1,-0.006704,0.039556
216.3,627.38,-0.006717,0.039614
216.3,629.65,-0.006362,0.039426
216.3,631.75,-0.005983,0.039519
216.3,634.03,-0.0059,0.039577
216.3,636.13,-0.006024,0.039596
216.3,638.4,-0.006051,0.039666
216.3,640.68,-0.006048,0.03963
216.3,642.78,-0.005768,0.039288
216.3,645.05,-0.006365,0.039204
216.3,647.15,-0.006621,0.038779
216.3,649.43,-0.00708,0.038807
216.3,651.7,-0.007046,0.038397
216.3,653.8,-0.006979,0.038169
216.3,656.08,-0.00721,0.037729
216.3,658.35,-0.007453,0.037646
216.3,660.45,-0.007465,0.037655
216.3,662.73,-0.007887,0.037704
216.3,665.0,-0.008109,0.037735
216.3,667.1,-0.008482,0.038028
216.3,669.38,-0.008605,0.038089
216.3,671.65,-0.008605,0.038077
216.3,673.75,-0.008562,0.037864
216.3,676.03,-0.008507,0.037843
216.3,678.13,-0.008544,0.037418
216.3,680.4,-0.008525,0.037014
216.3,682.68,-0.008503,0.037023
216.3,684.78,-0.007687,0.036647
216.3,687.05,-0.007475,0.036669
252.35,11.38,-0.008075,0.042609
252.35,13.83,-0.007983,0.042569
252.35,16.1,-0.007894,0.04292
252.35,18.38,-0.007558,0.043326
252.35,20.65,-0.007752,0.043607
252.35,22.75,-0.007536,0.044032
252.35,25.03,-0.007342,0.04406
252.35,27.13,-0.007508,0.044398
252.35,29.75,-0.007028,0.044817
252.35,31.85,-0.006661,0.045233
252.35,34.13,-0.006316,0.045162
252.35,36.4,-0.00599,0.04544
252.35,38.85,-0.005466,0.045585
252.35,41.13,-0.0053,0.045936
252.35,43.4,-0.004877,0.045813
252.35,45.68,-0.004862,0.045877
252.35,47.78,-0.004779,0.045575
252.35,50.05,-0.004767,0.045005
252.35,52.15,-0.004908,0.044334
252.35,54.43,-0.004822,0.044063
252.35,56.7,-0.005072,0.043311
252.35,59.15,-0.004927,0.042815
252.35,61.25,-0.005127,0.042713
252.35,63.53,-0.005229,0.042211
252.35,65.63,-0.004893,0.042239
252.35,67.73,-0.004834,0.042069
252.35,70.18,-0.00485,0.042276
252.35,72.28,-0.004927,0.042436
252.35,74.55,-0.004868,0.042556
252.35,76.65,-0.004828,0.042658
252.35,78.93,-0.004757,0.042941
252.35,81.2,-0.004653,0.042812
252.35,83.3,-0.004976,0.042966
252.35,85.58,-0.00448,0.042923
252.35,87.85,-0.004526,0.042966
252.35,90.13,-0.004459,0.042901
252.35,92.23,-0.003978,0.043003
252.35,94.5,-0.003996,0.042556
252.35,96.6,-0.003661,0.042196
252.35,98.88,-0.003661,0.04226
252.35,101.15,-0.003633,0.041832
252.35,103.43,-0.003876,0.041897
252.35,105.53,-0.003972,0.041364
252.35,107.8,-0.004215,0.04154
252.35,109.9,-0.004508,0.041469
252.35,112.18,-0.004874,0.041558
252.35,114.45,-0.004847,0.041561
252.35,116.55,-0.004317,0.041148
252.35,118.83,-0.004357,0.041161
252.35,120.93,-0.004468,0.040782
252.35,123.2,-0.004422,0.040822
252.35,125.48,-0.004459,0.041093
252.35,127.75,-0.004443,0.041549
252.35,129.85,-0.004403,0.041823
252.35,132.13,-0.004301,0.04222
252.35,134.58,-0.004751,0.042575
252.35,136.68,-0.004431,0.043031
252.35,138.95,-0.004582,0.043357
252.35,141.23,-0.004431,0.043715
252.35,143.5,-0.00432,0.043631
252.35,145.6,-0.004751,0.043662
252.35,147.88,-0.004958,0.043687
252.35,150.15,-0.005494,0.043166
252.35,152.6,-0.005719,0.042547
252.35,154.7,-0.006008,0.0419
252.35,156.98,-0.005509,0.041438
252.35,159.25,-0.005589,0.041031
252.35,161.88,-0.005124,0.041118
252.35,164.15,-0.005025,0.041062
252.35,166.43,-0.005176,0.040769
252.35,168.7,-0.005244,0.040806
252.35,170.98,-0.005423,0.040631
252.35,173.25,-0.005595,0.040831
252.35,175.53,-0.00607,0.041099
252.35,177.63,-0.006159,0.041121
252.35,179.9,-0.006504,0.041438
252.35,182.18,-0.006449,0.041432
252.35,184.28,-0.007003,0.041795
252.35,186.55,-0.007123,0.041789
252.35,188.83,-0.006997,0.042297
252.35,190.93,-0.007311,0.04227
252.35,193.2,-0.007438,0.042599
252.35,195.48,-0.007293,0.042612
252.35,197.58,-0.007148,0.042525
252.35,199.85,-0.006975,0.042596
252.35,201.95,-0.006427,0.042301
252.35,204.23,-0.005863,0.042245
252.35,206.5,-0.005444,0.042227
252.35,208.78,-0.005247,0.04227
252.35,210.88,-0.005238,0.042562
252.35,213.15,-0.005441,0.042528
252.35,215.43,-0.005561,0.042575
252.35,217.7,-0.005792,0.04255
252.35,219.98,-0.00591,0.042248
252.35,222.08,-0.005956,0.041783
252.35,224.35,-0.005962,0.041854
252.35,226.8,-0.005654,0.041897
252.35,228.9,-0.00542,0.041774
252.35,231.18,-0.005466,0.042227
252.35,233.45,-0.005469,0.04215
252.35,235.9,-0.005574,0.042723
252.35,238.0,-0.005789,0.043003
252.35,240.28,-0.00578,0.043292
252.35,242.55,-0.006304,0.043351
252.35,244.83,-0.006781,0.042957
252.35,247.1,-0.007016,0.042513
252.35,249.38,-0.007154,0.041968
252.35,251.48,-0.007478,0.041573
252.35,253.75,-0.007438,0.041185
252.35,256.03,-0.007552,0.041145
252.35,258.3,-0.007114,0.041179
252.35,260.4,-0.007031,0.041238
252.35,262.68,-0.0068,0.041099
252.35,264.78,-0.006772,0.041111
252.35,267.05,-0.00635,0.041463
252.35,269.33,-0.006236,0.04141
252.35,271.43,-0.006529,0.041983
252.35,273.7,-0.006865,0.041912
252.35,275.98,-0.007348,0.042131
252.35,278.08,-0.007727,0.042183
252.35,280.35,-0.007749,0.042177
252.35,282.63,-0.008131,0.042227
252.35,284.73,-0.008473,0.042168
252.35,287.0,-0.008713,0.041845
252.35,289.28,-0.009077,0.041342
252.35,291.38,-0.008947,0.040517
252.35,293.65,-0.008562,0.03978
252.35,295.75,-0.008152,0.039177
252.35,298.03,-0.007752,0.038927
252.35,300.3,-0.007465,0.038819
252.35,302.58,-0.00704,0.038428
252.35,304.68,-0.007145,0.038391
252.35,306.95,-0.007074,0.038838
252.35,309.23,-0.007157,0.039251
252.35,311.33,-0.007582,0.03954
252.35,313.6,-0.007789,0.040049
252.35,315.7,-0.008035,0.039981
252.35,317.98,-0.008356,0.040055
252.35,320.25,-0.008319,0.039666
252.35,322.35,-0.008199,0.03906
252.35,324.63,-0.00818,0.038844
252.35,326.9,-0.008162,0.038453
252.35,329.18,-0.008648,0.038477
252.35,331.28,-0.008728,0.038511
252.35,333.55,-0.00855,0.038779
252.35,335.83,-0.008885,0.038764
252.35,337.93,-0.00871,0.038884
252.35,340.2,-0.009403,0.038881
252.35,342.48,-0.009434,0.038887
252.35,344.58,-0.008827,0.038909
252.35,346.85,-0.008873,0.038798
252.35,349.13,-0.008556,0.038921
252.35,351.4,-0.008075,0.038822
252.35,353.5,-0.007977,0.038936
252.35,355.78,-0.00798,0.038413
252.35,358.05,-0.008208,0.038487
252.35,360.33,-0.008143,0.038616
252.35,362.6,-0.008162,0.038847
252.35,364.88,-0.008205,0.039281
252.35,366.98,-0.008245,0.03958
252.35,369.08,-0.008316,0.039611
252.35,371.53,-0.00846,0.039596
252.35,373.63,-0.008584,0.03966
252.35,375.9,-0.00859,0.039158
252.35,378.0,-0.00818,0.03914
252.35,380.28,-0.008325,0.039235
252.35,382.38,-0.008112,0.039571
252.35,385.0,-0.008439,0.040027
252.35,387.1,-0.008676,0.03995
252.35,389.38,-0.008436,0.04031
252.35,391.65,-0.008537,0.04039
252.35,393.75,-0.0085,0.040332
252.35,396.03,-0.008568,0.039925
252.35,398.13,-0.008596,0.040061
252.35,400.4,-0.008497,0.040335
252.35,402.68,-0.008904,0.040732
252.35,404.95,-0.008707,0.040822
252.35,407.05,-0.008494,0.041133
252.35,409.33,-0.008568,0.041512
252.35,411.43,-0.008966,0.041435
252.35,413.7,-0.009283,0.041955
252.35,415.98,-0.009187,0.04186
252.35,418.08,-0.009696,0.042193
252.35,420.35,-0.009366,0.04219
252.35,422.63,-0.00924,0.042254
252.35,424.73,-0.009255,0.042051
252.35,427.0,-0.009298,0.042227
252.35,429.28,-0.009406,0.042187
252.35,431.38,-0.008836,0.041777
252.35,433.65,-0.008941,0.041783
252.35,435.93,-0.008531,0.041897
252.35,438.03,-0.008688,0.041869
252.35,440.3,-0.008239,0.041478
252.35,442.58,-0.008069,0.041515
252.35,444.85,-0.007921,0.041561
252.35,446.95,-0.007869,0.041814
252.35,449.23,-0.007789,0.041903
252.35,451.5,-0.007816,0.041392
252.35,453.6,-0.007419,0.041
252.35,455.88,-0.007074,0.041198
252.35,458.15,-0.006615,0.040788
252.35,460.43,-0.006735,0.040831
252.35,462.53,-0.006406,0.040825
252.35,464.8,-0.006233,0.040782
252.35,466.9,-0.005839,0.040665
252.35,469.18,-0.005589,0.040732
252.35,471.45,-0.005497,0.041142
252.35,473.73,-0.00586,0.041509
252.35,475.83,-0.006288,0.041798
252.35,478.1,-0.006581,0.042103
252.35,480.38,-0.00663,0.042233
252.35,482.48,-0.00672,0.042199
252.35,484.75,-0.006205,0.042473
252.35,487.03,-0.005974,0.042972
252.35,489.3,-0.00546,0.043329
252.35,491.4,-0.004837,0.043653
252.35,493.68,-0.004341,0.043792
252.35,495.95,-0.004298,0.043721
252.35,498.23,-0.004129,0.043342
252.35,500.33,-0.003953,0.043336
252.35,502.6,-0.003654,0.042907
252.35,504.7,-0.003688,0.043043
252.35,506.98,-0.003393,0.04267
252.35,509.25,-0.003214,0.042602
252.35,511.35,-0.00318,0.042624
252.35,513.63,-0.002934,0.042559
252.35,515.9,-0.002838,0.042575
252.35,518.0,-0.002622,0.042202
252.35,520.28,-0.002515,0.042162
252.35,522.55,-0.002653,0.041712
252.35,524.83,-0.002518,0.041142
252.35,526.93,-0.002998,0.041142
252.35,529.2,-0.003423,0.041121
252.35,531.48,-0.003624,0.041185
252.35,533.75,-0.00391,0.041361
252.35,536.03,-0.004286,0.041392
252.35,538.13,-0.004773,0.041783
252.35,540.4,-0.004807,0.041817
252.35,542.68,-0.004659,0.041897
252.35,544.95,-0.005173,0.041872
252.35,547.05,-0.005263,0.041817
252.35,549.33,-0.005176,0.041829
252.35,551.6,-0.005244,0.041509
252.35,553.88,-0.004764,0.041472
252.35,555.98,-0.004905,0.041869
252.35,558.25,-0.004736,0.041832
252.35,560.53,-0.004311,0.042254
252.35,562.63,-0.004135,0.042202
252.35,564.9,-0.004064,0.042168
252.35,567.18,-0.003642,0.042202
252.35,569.45,-0.003691,0.042174
252.35,571.55,-0.003202,0.0419
252.35,573.83,-0.00338,0.041826
252.35,576.1,-0.003701,0.041416
252.35,578.38,-0.003762,0.041389
252.35,580.48,-0.003605,0.04141
252.35,582.75,-0.003738,0.041601
252.35,585.03,-0.003695,0.041416
252.35,587.13,-0.003731,0.041774
252.35,589.4,-0.00371,0.041851
252.35,591.68,-0.003596,0.041878
252.35,593.78,-0.003331,0.041826
252.35,596.05,-0.003353,0.042134
252.35,598.15,-0.003436,0.042267
252.35,600.6,-0.00367,0.042646
252.35,602.7,-0.00408,0.042941
252.35,604.98,-0.004462,0.042951
252.35,607.08,-0.004764,0.042704
252.35,609.35,-0.004702,0.042414
252.35,611.63,-0.00489,0.041851
252.35,613.9,-0.004628,0.041419
252.35,616.0,-0.004175,0.041056
252.35,618.28,-0.003581,0.04064
252.35,620.38,-0.003676,0.040597
252.35,622.65,-0.00379,0.040246
252.35,624.93,-0.003753,0.040049
252.35,627.03,-0.003728,0.039516
252.35,629.3,-0.003972,0.039512
252.35,631.4,-0.004258,0.039497
252.35,633.68,-0.004147,0.039454
252.35,635.95,-0.004027,0.039639
252.35,638.23,-0.004172,0.039614
252.35,640.5,-0.004101,0.039553
252.35,642.6,-0.004326,0.039278
252.35,644.88,-0.004397,0.039303
252.35,647.15,-0.004736,0.039198
252.35,649.43,-0.004323,0.039124
252.35,651.53,-0.00452,0.039331
252.35,653.8,-0.004529,0.03917
252.35,655.9,-0.004428,0.038902
252.35,658.18,-0.004529,0.038878
252.35,660.45,-0.004113,0.038847
252.35,662.55,-0.004061,0.038887
252.35,665.0,-0.004049,0.03844
252.35,667.1,-0.004409,0.038527
252.35,669.38,-0.004782,0.038252
252.35,671.48,-0.004865,0.037917
252.35,673.75,-0.0053,0.037467
252.35,676.03,-0.005028,0.037002
252.35,678.13,-0.005182,0.03661
252.35,680.4,-0.005062,0.036509
252.35,682.5,-0.005112,0.036466
252.35,684.78,-0.005136,0.03625
252.35,687.05,-0.005179,0.036235
288.4,11.38,-0.013926,0.032442
288.4,13.65,-0.014585,0.032168
288.4,15.93,-0.015155,0.031872
288.4,18.2,-0.015435,0.032048
288.4,20.3,-0.015515,0.032202
288.4,22.58,-0.015885,0.032202
288.4,24.68,-0.015836,0.032254
288.4,26.95,-0.016156,0.032584
288.4,29.23,-0.01627,0.032569
288.4,31.33,-0.016769,0.033003
288.4,33.6,-0.016997,0.033126
288.4,35.88,-0.01732,0.033425
288.4,38.15,-0.017237,0.033785
288.4,40.25,-0.017712,0.034244
288.4,42.53,-0.018106,0.034426
288.4,44.8,-0.017974,0.034386
288.4,46.9,-0.017675,0.034368
288.4,49.18,-0.017404,0.034439
288.4,51.45,-0.017351,0.034365
288.4,53.73,-0.017422,0.033976
288.4,56.0,-0.017376,0.033983
288.4,58.1,-0.017308,0.033773
288.4,60.38,-0.017382,0.033428
288.4,62.48,-0.017743,0.033203
288.4,64.75,-0.018035,0.033197
288.4,67.03,-0.018389,0.033182
288.4,69.13,-0.01883,0.033259
288.4,71.4,-0.018858,0.033299
288.4,73.68,-0.018704,0.033274
288.4,75.6,-0.018639,0.033302
288.4,78.58,-0.018408,0.033015
288.4,80.68,-0.018359,0.032479
288.4,82.95,-0.018519,0.031919
288.4,85.23,-0.018402,0.03149
288.4,87.68,-0.018451,0.031389
288.4,89.78,-0.018343,0.031453
288.4,92.05,-0.018522,0.031336
288.4,94.33,-0.01814,0.031718
288.4,96.43,-0.018085,0.032159
288.4,98.7,-0.017961,0.032513
288.4,100.98,-0.017804,0.032809
288.4,103.08,-0.017681,0.03287
288.4,105.35,-0.017816,0.032784
288.4,107.63,-0.017807,0.032507
288.4,109.9,-0.018032,0.032233
288.4,112.18,-0.018174,0.031697
288.4,114.28,-0.018121,0.031395
288.4,116.55,-0.018439,0.031065
288.4,118.65,-0.018205,0.031034
288.4,120.93,-0.017912,0.031059
288.4,123.2,-0.017696,0.031441
288.4,125.3,-0.01757,0.031352
288.4,127.58,-0.017764,0.031783
288.4,129.85,-0.017829,0.031752
288.4,131.95,-0.018091,0.03219
288.4,134.23,-0.018155,0.032165
288.4,136.5,-0.017758,0.032097
288.4,138.78,-0.017684,0.032525
288.4,140.88,-0.017324,0.032427
288.4,143.15,-0.017391,0.032528
288.4,145.43,-0.01732,0.03251
288.4,147.7,-0.017625,0.032559
288.4,149.8,-0.017718,0.032929
288.4,152.08,-0.01778,0.032895
288.4,154.35,-0.01782,0.032914
288.4,156.45,-0.018097,0.032923
288.4,158.73,-0.018587,0.032846
288.4,161.0,-0.018824,0.032892
288.4,163.1,-0.019264,0.032867
288.4,165.38,-0.019058,0.032926
288.4,167.65,-0.019172,0.032969
288.4,169.75,-0.018805,0.033339
288.4,172.03,-0.019043,0.033403
288.4,174.3,-0.018873,0.033342
288.4,176.58,-0.018867,0.03336
288.4,178.68,-0.018867,0.033302
288.4,180.95,-0.019261,0.032864
288.4,183.05,-0.019622,0.032886
288.4,185.33,-0.02041,0.032559
288.4,187.6,-0.020617,0.032575
288.4,189.7,-0.020651,0.032528
288.4,191.98,-0.02078,0.032639
288.4,194.25,-0.020315,0.032572
288.4,196.53,-0.020272,0.032365
288.4,198.63,-0.020355,0.031854
288.4,200.9,-0.020629,0.031404
288.4,203.18,-0.020937,0.03141
288.4,205.28,-0.020694,0.031025
288.4,207.55,-0.020993,0.031053
288.4,209.65,-0.021082,0.03064
288.4,211.93,-0.021178,0.030591
288.4,214.03,-0.021347,0.030649
288.4,216.3,-0.02143,0.031093
288.4,218.58,-0.021427,0.031037
288.4,220.68,-0.021523,0.031004
288.4,222.95,-0.021587,0.031139
288.4,225.23,-0.021747,0.031071
288.4,227.33,-0.021738,0.030717
288.4,229.6,-0.02225,0.030726
288.4,231.88,-0.022166,0.030603
288.4,233.98,-0.022216,0.03097
288.4,236.25,-0.022274,0.031432
288.4,238.53,-0.022102,0.031349
288.4,240.8,-0.022333,0.031934
288.4,242.9,-0.02217,0.032177
288.4,245.18,-0.022123,0.032396
288.4,247.45,-0.022311,0.032803
288.4,249.73,-0.022056,0.033138
288.4,251.83,-0.021788,0.033268
288.4,254.1,-0.021849,0.033715
288.4,256.38,-0.021898,0.033755
288.4,258.65,-0.02216,0.034029
288.4,260.75,-0.022271,0.03409
288.4,263.03,-0.022166,0.033659
288.4,265.3,-0.022256,0.033086
288.4,267.58,-0.022148,0.03255
288.4,269.85,-0.022284,0.03219
288.4,271.95,-0.022548,0.031737
288.4,274.23,-0.022548,0.031395
288.4,276.5,-0.022955,0.031416
288.4,278.6,-0.023041,0.031367
288.4,280.88,-0.022792,0.031503
288.4,283.15,-0.022961,0.031386
288.4,285.25,-0.023094,0.03149
288.4,287.53,-0.02285,0.031047
288.4,289.8,-0.022881,0.030745
288.4,291.9,-0.02293,0.030344
288.4,294.18,-0.022983,0.029987
288.4,296.45,-0.023309,0.029682
288.4,298.73,-0.02334,0.029491
288.4,300.83,-0.023735,0.029497
288.4,303.1,-0.023787,0.029479
288.4,305.38,-0.023556,0.029217
288.4,307.48,-0.023627,0.029207
288.4,309.75,-0.023753,0.029081
288.4,312.03,-0.02407,0.029229
288.4,314.13,-0.024523,0.02914
288.4,316.4,-0.02477,0.029075
288.4,318.5,-0.024776,0.029146
288.4,320.78,-0.024603,0.02942
288.4,323.05,-0.024369,0.029476
288.4,325.33,-0.023987,0.029355
288.4,327.43,-0.023574,0.029506
288.4,329.7,-0.02314,0.029879
288.4,331.98,-0.022521,0.029469
288.4,334.08,-0.022176,0.029522
288.4,336.35,-0.021769,0.02954
288.4,338.63,-0.021569,0.029978
288.4,340.55,-0.021184,0.030412
288.4,343.0,-0.02103,0.031025
288.4,345.28,-0.021332,0.031518
288.4,347.38,-0.021344,0.031826
288.4,349.65,-0.021871,0.031906
288.4,351.75,-0.022293,0.032128
288.4,354.03,-0.022601,0.032146
288.4,356.3,-0.022964,0.032569
288.4,358.4,-0.02285,0.03222
288.4,360.68,-0.022921,0.032233
288.4,362.78,-0.023208,0.031758
288.4,365.05,-0.023269,0.031364
288.4,367.33,-0.023211,0.031355
288.4,369.6,-0.023346,0.031019
288.4,371.7,-0.022995,0.030295
288.4,373.98,-0.022924,0.02975
288.4,376.25,-0.022847,0.029174
288.4,378.35,-0.023306,0.028798
288.4,380.63,-0.023202,0.028431
288.4,382.9,-0.023189,0.028462
288.4,385.0,-0.023414,0.028474
288.4,387.28,-0.023393,0.028832
288.4,389.55,-0.023593,0.029164
288.4,391.83,-0.023975,0.029519
288.4,394.1,-0.024024,0.029947
288.4,396.38,-0.024363,0.030049
288.4,398.65,-0.024409,0.030283
288.4,400.93,-0.024813,0.030261
288.4,403.03,-0.024705,0.030289
288.4,405.3,-0.024754,0.030236
288.4,407.58,-0.024693,0.030594
288.4,409.85,-0.024773,0.030726
288.4,411.95,-0.02469,0.030551
288.4,414.23,-0.024696,0.030594
288.4,416.33,-0.02473,0.030258
288.4,418.6,-0.024606,0.02983
288.4,420.88,-0.025173,0.029371
288.4,422.98,-0.025229,0.029143
288.4,425.25,-0.025192,0.028678
288.4,427.53,-0.024899,0.028736
288.4,429.63,-0.024985,0.028767
288.4,431.9,-0.02513,0.028825
288.4,434.0,-0.025102,0.028798
288.4,436.28,-0.02501,0.028792
288.4,438.55,-0.024995,0.028625
288.4,440.83,-0.02477,0.02885
288.4,442.93,-0.024415,0.028755
288.4,445.2,-0.023768,0.028665
288.4,447.48,-0.023356,0.028887
288.4,449.75,-0.02286,0.028422
288.4,451.85,-0.022844,0.028012
288.4,454.13,-0.022524,0.027559
288.4,456.4,-0.022539,0.027618
288.4,458.5,-0.022511,0.027661
288.4,460.78,-0.022579,0.027636
288.4,463.05,-0.022776,0.027988
288.4,465.15,-0.02278,0.02841
288.4,467.43,-0.023229,0.028816
288.4,469.7,-0.023402,0.029198
288.4,471.98,-0.023658,0.029158
288.4,474.25,-0.023242,0.029072
288.4,476.35,-0.023759,0.029463
288.4,478.63,-0.02351,0.029885
288.4,480.9,-0.023722,0.030323
288.4,483.18,-0.023383,0.030769
288.4,485.45,-0.023328,0.030717
288.4,487.55,-0.023285,0.030886
288.4,489.65,-0.023266,0.031044
288.4,491.93,-0.023291,0.031056
288.4,494.2,-0.022967,0.031118
288.4,496.48,-0.02298,0.030591
288.4,498.75,-0.022524,0.030261
288.4,501.03,-0.022391,0.029907
288.4,503.13,-0.02208,0.029291
288.4,505.4,-0.021698,0.028758
288.4,507.68,-0.021772,0.028813
288.4,509.78,-0.02139,0.028413
288.4,512.05,-0.021476,0.028416
288.4,514.15,-0.021017,0.028388
288.4,516.43,-0.021036,0.027988
288.4,518.7,-0.02111,0.028342
288.4,520.8,-0.021147,0.028357
288.4,522.9,-0.021227,0.028736
288.4,525.35,-0.021575,0.029291
288.4,527.63,-0.021846,0.029164
288.4,529.9,-0.021997,0.02913
288.4,532.0,-0.022314,0.029183
288.4,534.28,-0.022588,0.029143
288.4,536.55,-0.022539,0.029149
288.4,538.65,-0.022635,0.029093
288.4,540.93,-0.022028,0.029522
288.4,543.2,-0.021495,0.029891
288.4,545.83,-0.020836,0.030699
288.4,548.1,-0.020241,0.030705
288.4,550.38,-0.020266,0.031028
288.4,552.65,-0.020041,0.030702
288.4,554.93,-0.019653,0.030652
288.4,557.03,-0.019163,0.030276
288.4,559.3,-0.01903,0.030015
288.4,561.4,-0.018895,0.029916
288.4,563.68,-0.018451,0.029494
288.4,565.95,-0.018553,0.029506
288.4,568.05,-0.0185,0.02962
288.4,570.33,-0.018568,0.029534
288.4,572.6,-0.018812,0.029614
288.4,574.7,-0.018753,0.029771
288.4,576.98,-0.018861,0.030005
288.4,579.08,-0.018694,0.030184
288.4,581.35,-0.01891,0.030809
288.4,583.28,-0.018812,0.031342
288.4,585.73,-0.018507,0.031429
288.4,588.0,-0.0179,0.031386
288.4,590.28,-0.017247,0.031416
288.4,592.38,-0.01655,0.031386
288.4,594.65,-0.016273,0.031041
288.4,596.75,-0.016008,0.030674
288.4,599.03,-0.015823,0.030631
288.4,601.3,-0.016005,0.030384
288.4,603.58,-0.016218,0.030295
288.4,605.68,-0.016171,0.030107
288.4,607.95,-0.016615,0.030665
288.4,610.23,-0.01667,0.031059
288.4,612.5,-0.016747,0.031401
288.4,614.6,-0.017096,0.031444
288.4,616.88,-0.016932,0.031315
288.4,619.15,-0.017333,0.031416
288.4,621.25,-0.017718,0.031173
288.4,623.53,-0.018088,0.030997
288.4,625.8,-0.018476,0.03068
288.4,628.08,-0.018322,0.030249
288.4,630.35,-0.018057,0.029962
288.4,632.63,-0.018041,0.029143
288.4,634.9,-0.018309,0.028785
288.4,637.0,-0.018534,0.02836
288.4,639.28,-0.018941,0.028453
288.4,641.55,-0.019224,0.028785
288.4,643.65,-0.019548,0.028866
288.4,645.93,-0.019431,0.029072
288.4,648.2,-0.019594,0.029149
288.4,650.3,-0.019693,0.029691
288.4,652.58,-0.019606,0.029528
288.4,654.85,-0.019264,0.029651
288.4,657.13,-0.019517,0.029519
288.4,659.4,-0.019628,0.029522
288.4,661.5,-0.019514,0.029411
288.4,663.78,-0.019588,0.029497
288.4,666.05,-0.01944,0.02946
288.4,668.33,-0.019551,0.029207
288.4,670.43,-0.019163,0.029093
288.4,672.7,-0.019073,0.029174
288.4,674.8,-0.019261,0.029204
288.4,677.08,-0.019458,0.029161
288.4,679.35,-0.019486,0.028958
288.4,681.63,-0.019526,0.02881
288.4,683.9,-0.019557,0.028314
288.4,686.0,-0.019563,0.027744
288.4,688.28,-0.019446,0.027082
324.45,11.38,-0.005423,0.040403
324.45,13.65,-0.004095,0.041851
324.45,15.93,-0.003044,0.043
324.45,18.2,-0.002154,0.043918
324.45,20.48,-0.0016,0.044525
324.45,22.75,-0.000854,0.044879
324.45,25.03,-0.000454,0.04527
324.45,27.3,0.000372,0.045058
324.45,29.4,0.000911,0.045116
324.45,31.68,0.000927,0.044774
324.45,33.95,0.000843,0.044734
324.45,36.05,0.000646,0.044325
324.45,38.33,0.000298,0.044377
324.45,40.6,-0.000364,0.044442
324.45,42.88,-0.00058,0.044531
324.45,44.98,-0.000691,0.04479
324.45,47.25,-0.001011,0.045039
324.45,49.53,-0.000756,0.045221
324.45,51.63,-0.000315,0.045076
324.45,53.9,8.2e-05,0.04511
324.45,56.18,0.000412,0.044365
324.45,58.28,0.0008,0.04406
324.45,60.55,0.000856,0.043764
324.45,62.83,0.001318,0.043246
324.45,64.93,0.001247,0.042969
324.45,67.2,0.001081,0.042963
324.45,69.3,0.000859,0.042547
324.45,71.58,0.000443,0.042575
324.45,73.85,0.000557,0.04276
324.45,76.13,0.000545,0.04308
324.45,78.4,0.000708,0.043342
324.45,80.5,0.001213,0.043616
324.45,82.78,0.001426,0.043801
324.45,85.05,0.00153,0.044152
324.45,87.5,0.001429,0.044146
324.45,89.78,0.001546,0.044109
324.45,91.88,0.001703,0.044121
324.45,94.15,0.001626,0.043813
324.45,96.43,0.001564,0.043748
324.45,98.53,0.001305,0.043647
324.45,100.8,0.00125,0.043215
324.45,103.08,0.001352,0.043302
324.45,105.18,0.000662,0.043296
324.45,107.45,0.000406,0.043822
324.45,109.73,0.000138,0.04406
324.45,111.83,-0.00058,0.044352
324.45,114.1,-0.001008,0.044913
324.45,116.38,-0.001316,0.045212
324.45,118.65,-0.001455,0.045092
324.45,120.93,-0.001427,0.045563
324.45,123.2,-0.001375,0.045603
324.45,125.3,-0.001369,0.045612
324.45,127.58,-0.001569,0.045548
324.45,129.85,-0.001504,0.045514
324.45,132.13,-0.001104,0.045578
324.45,134.23,-0.000743,0.045508
324.45,136.5,-0.000398,0.04597
324.45,138.78,-0.000235,0.045757
324.45,140.88,-0.000392,0.046244
324.45,143.15,-0.000216,0.045853
324.45,145.43,-0.000642,0.045837
324.45,147.53,-0.000685,0.045646
324.45,149.8,-0.000774,0.045159
324.45,152.08,-0.000876,0.045255
324.45,154.18,-0.000783,0.044854
324.45,156.45,-0.000759,0.044885
324.45,158.73,-0.000438,0.044445
324.45,160.83,2.1e-05,0.044432
324.45,163.1,0.000372,0.0445
324.45,165.38,0.000668,0.04446
324.45,167.48,0.001512,0.04479
324.45,169.75,0.002113,0.04523
324.45,171.85,0.002421,0.045298
324.45,174.13,0.002735,0.04588
324.45,176.4,0.002686,0.046167
324.45,178.5,0.002399,0.046151
324.45,180.78,0.001814,0.04605
324.45,183.05,0.001265,0.045954
324.45,185.15,0.000942,0.045471
324.45,187.43,0.000899,0.045122
324.45,189.53,0.000277,0.045283
324.45,191.8,0.000532,0.045372
324.45,194.08,0.000301,0.045544
324.45,196.35,0.000341,0.045926
324.45,198.45,0.000236,0.045535
324.45,200.73,0.000517,0.045551
324.45,202.83,0.000258,0.045098
324.45,205.1,0.000859,0.044861
324.45,207.38,0.000874,0.044642
324.45,209.48,0.00072,0.044395
324.45,211.75,0.000717,0.044047
324.45,214.03,0.000384,0.044013
324.45,216.13,-0.000146,0.043745
324.45,218.58,-0.000672,0.044081
324.45,220.85,-0.000762,0.044069
324.45,222.95,-0.001128,0.044134
324.45,225.23,-0.001122,0.044078
324.45,227.33,-0.000974,0.044103
324.45,229.6,-0.001178,0.043998
324.45,231.88,-0.001501,0.044155
324.45,233.98,-0.001174,0.044506
324.45,236.25,-0.001005,0.044426
324.45,238.35,-0.001159,0.044029
324.45,240.63,-0.000688,0.044146
324.45,242.9,-0.000386,0.044053
324.45,245.0,9e-06,0.04414
324.45,247.28,0.000431,0.044118
324.45,249.55,0.000816,0.04413
324.45,251.65,0.001173,0.04406
324.45,253.93,0.001293,0.04406
324.45,256.2,0.001342,0.044272
324.45,258.3,0.001093,0.044075
324.45,260.58,0.000942,0.04409
324.45,262.85,0.000837,0.044075
324.45,264.95,0.000692,0.0434
324.45,267.23,0.001216,0.043009
324.45,269.5,0.001453,0.043012
324.45,271.6,0.001983,0.043018
324.45,273.88,0.001934,0.042938
324.45,276.15,0.001943,0.043588
324.45,278.25,0.001635,0.043792
324.45,280.53,0.001684,0.044081
324.45,282.8,0.001232,0.04413
324.45,284.9,0.001044,0.044574
324.45,287.18,0.001247,0.044851
324.45,289.45,0.001164,0.045292
324.45,291.55,0.000757,0.045175
324.45,293.83,0.000375,0.045652
324.45,296.1,0.000107,0.045153
324.45,298.38,-0.000346,0.045221
324.45,300.65,-0.00041,0.045113
324.45,302.75,-0.000734,0.044787
324.45,305.03,-0.001141,0.044589
324.45,307.3,-0.000672,0.04406
324.45,309.58,-0.000805,0.044115
324.45,311.68,-0.000367,0.04413
324.45,313.95,0.000477,0.044032
324.45,316.05,0.000615,0.043773
324.45,318.33,0.000957,0.043576
324.45,320.6,0.000692,0.043755
324.45,322.7,0.000495,0.043354
324.45,325.15,0.000582,0.043197
324.45,327.25,4.2e-05,0.043394
324.45,329.53,4.5e-05,0.042957
324.45,331.8,6.7e-05,0.042963
324.45,333.9,0.000113,0.042833
324.45,336.18,-9.6e-05,0.042525
324.45,338.45,-5.6e-05,0.042578
324.45,340.55,0.000474,0.042655
324.45,342.83,0.000381,0.042488
324.45,345.1,0.000443,0.042609
324.45,347.38,0.000474,0.042926
324.45,349.48,0.000498,0.042938
324.45,351.58,0.000514,0.042901
324.45,354.03,-8.4e-05,0.043024
324.45,356.13,-0.000118,0.042824
324.45,358.4,-0.000848,0.042646
324.45,360.68,-0.001593,0.042673
324.45,362.95,-0.001729,0.042516
324.45,365.05,-0.002462,0.042633
324.45,367.33,-0.002961,0.042565
324.45,369.6,-0.002915,0.042612
324.45,371.7,-0.003334,0.042504
324.45,373.98,-0.003497,0.042698
324.45,376.25,-0.003134,0.042485
324.45,378.35,-0.003309,0.042602
324.45,380.63,-0.002921,0.042522
324.45,382.9,-0.003075,0.042464
324.45,385.18,-0.003004,0.042193
324.45,387.28,-0.002804,0.042214
324.45,389.9,-0.002878,0.041811
324.45,392.0,-0.003445,0.041922
324.45,394.28,-0.00346,0.041857
324.45,396.55,-0.003266,0.041617
324.45,398.65,-0.003371,0.041771
324.45,400.93,-0.003371,0.041466
324.45,403.2,-0.003202,0.041382
324.45,405.48,-0.00342,0.04117
324.45,407.58,-0.003319,0.041037
324.45,409.85,-0.003214,0.040751
324.45,412.13,-0.003513,0.040477
324.45,414.23,-0.003611,0.040055
324.45,416.5,-0.004083,0.040049
324.45,418.6,-0.003978,0.039577
324.45,420.88,-0.00391,0.039703
324.45,423.15,-0.003676,0.039848
324.45,425.25,-0.003371,0.039867
324.45,427.53,-0.003328,0.040329
324.45,429.8,-0.002974,0.040634
324.45,432.08,-0.002983,0.04104
324.45,434.35,-0.00334,0.041524
324.45,436.63,-0.003679,0.0415
324.45,438.73,-0.00416,0.041934
324.45,441.0,-0.004169,0.04231
324.45,443.28,-0.004073,0.042291
324.45,445.38,-0.003901,0.042655
324.45,447.65,-0.003457,0.042649
324.45,449.93,-0.002915,0.042516
324.45,452.03,-0.002755,0.042649
324.45,454.3,-0.002299,0.042621
324.45,456.58,-0.002284,0.042451
324.45,458.68,-0.001784,0.042257
324.45,460.95,-0.002302,0.041863
324.45,463.05,-0.002299,0.041983
324.45,465.33,-0.002635,0.041567
324.45,467.78,-0.002564,0.041386
324.45,469.88,-0.002632,0.041845
324.45,472.15,-0.002536,0.041771
324.45,474.43,-0.002576,0.041888
324.45,476.7,-0.002616,0.04227
324.45,478.8,-0.002271,0.04223
324.45,481.08,-0.002145,0.042596
324.45,483.35,-0.001837,0.042575
324.45,485.63,-0.001378,0.043071
324.45,487.73,-0.00062,0.043302
324.45,490.0,-0.000161,0.043274
324.45,492.28,0.000138,0.043419
324.45,494.38,0.000612,0.043065
324.45,496.65,0.000985,0.043123
324.45,498.75,0.001161,0.043391
324.45,501.03,0.001404,0.043209
324.45,503.13,0.001706,0.043662
324.45,505.4,0.001601,0.043687
324.45,507.68,0.001894,0.043773
324.45,509.78,0.00239,0.043752
324.45,512.05,0.003126,0.043265
324.45,514.33,0.003536,0.043289
324.45,516.6,0.003807,0.042991
324.45,518.7,0.004238,0.042544
324.45,520.98,0.004593,0.042205
324.45,523.08,0.004805,0.041814
324.45,525.35,0.005354,0.041438
324.45,527.63,0.00584,0.041062
324.45,529.9,0.006697,0.041216
324.45,532.0,0.007655,0.041099
324.45,534.28,0.008607,0.041493
324.45,536.55,0.009688,0.041922
324.45,538.83,0.011164,0.042011
324.45,540.75,0.012581,0.042843
324.45,543.2,0.014075,0.043459
324.45,545.48,0.015267,0.043329
324.45,547.58,0.016352,0.043277
324.45,549.85,0.017097,0.043274
324.45,552.13,0.017612,0.042818
324.45,554.4,0.018502,0.042569
324.45,556.5,0.018866,0.041949
324.45,558.78,0.019257,0.041441
324.45,561.05,0.019935,0.041016
324.45,563.33,0.020372,0.040723
324.45,565.6,0.020803,0.04036
324.45,567.7,0.021623,0.040347
324.45,569.98,0.022325,0.039953
324.45,572.08,0.023,0.039894
324.45,574.35,0.023782,0.040276
324.45,576.63,0.024167,0.04068
324.45,578.73,0.024118,0.041164
324.45,581.0,0.024232,0.041681
324.45,583.28,0.023721,0.041715
324.45,585.38,0.023758,0.041774
324.45,587.65,0.023428,0.041946
324.45,589.93,0.02263,0.041848
324.45,592.2,0.022159,0.041493
324.45,594.3,0.021922,0.041509
324.45,596.58,0.021444,0.041527
324.45,598.85,0.020711,0.041549
324.45,600.95,0.019996,0.041487
324.45,603.23,0.019207,0.041851
324.45,605.5,0.018736,0.042177
324.45,607.78,0.017941,0.042276
324.45,610.05,0.016925,0.042492
324.45,612.15,0.016268,0.042935
324.45,614.43,0.015665,0.042907
324.45,616.7,0.015039,0.043317
324.45,618.8,0.014238,0.043397
324.45,621.08,0.013983,0.043348
324.45,623.18,0.013388,0.043585
324.45,625.45,0.012957,0.043594
324.45,627.55,0.012279,0.043678
324.45,629.83,0.011244,0.043561
324.45,632.1,0.010089,0.043339
324.45,634.2,0.009402,0.043265
324.45,636.48,0.008012,0.042809
324.45,638.75,0.007553,0.042106
324.45,641.03,0.006241,0.041795
324.45,643.3,0.005495,0.041466
324.45,645.58,0.005082,0.041
324.45,647.85,0.004226,0.04076
324.45,649.95,0.003813,0.040341
324.45,652.23,0.003477,0.039879
324.45,654.5,0.00304,0.039525
324.45,656.78,0.002809,0.039589
324.45,659.05,0.001909,0.039238
324.45,661.15,0.001721,0.039235
324.45,663.43,0.001056,0.039241
324.45,665.7,0.000745,0.039288
324.45,667.98,0.000705,0.039522
324.45,670.08,0.000748,0.039549
324.45,672.35,0.00113,0.039654
324.45,674.63,0.001213,0.039174
324.45,676.9,0.000831,0.038949
324.45,679.0,0.000434,0.038856
324.45,681.28,3e-05,0.038788
324.45,683.55,-0.0007,0.038862
324.45,685.65,-0.001104,0.039146
324.45,687.93,-0.001476,0.039605
360.5,11.38,-0.000176,0.0471
360.5,13.48,-0.001202,0.047368
360.5,15.93,-0.002016,0.047402
360.5,18.2,-0.002656,0.047029
360.5,20.3,-0.002961,0.047011
360.5,22.58,-0.003266,0.046672
360.5,24.85,-0.003426,0.046367
360.5,27.13,-0.003719,0.046287
360.5,29.23,-0.003682,0.046253
360.5,31.5,-0.004187,0.046253
360.5,33.6,-0.004529,0.045745
360.5,35.88,-0.004881,0.045819
360.5,38.15,-0.005146,0.045544
360.5,40.25,-0.005102,0.045181
360.5,42.53,-0.005201,0.04487
360.5,44.8,-0.004911,0.044426
360.5,47.08,-0.004428,0.044075
360.5,49.18,-0.004018,0.044038
360.5,51.45,-0.003753,0.043733
360.5,53.73,-0.003211,0.043357
360.5,55.65,-0.002961,0.043071
360.5,58.1,-0.002659,0.04292
360.5,60.38,-0.002749,0.04291
360.5,62.65,-0.002533,0.042994
360.5,64.75,-0.002844,0.042525
360.5,67.03,-0.002595,0.042661
360.5,69.3,-0.002743,0.042581
360.5,71.4,-0.002712,0.042735
360.5,73.68,-0.002037,0.043074
360.5,75.95,-0.002157,0.042975
360.5,78.05,-0.00208,0.043314
360.5,80.33,-0.001979,0.04287
360.5,82.6,-0.002126,0.042972
360.5,84.7,-0.002749,0.042941
360.5,86.98,-0.003408,0.042605
360.5,89.25,-0.003781,0.042615
360.5,91.35,-0.004397,0.042202
360.5,93.63,-0.004412,0.041915
360.5,95.9,-0.004819,0.041811
360.5,98.18,-0.004446,0.041456
360.5,100.45,-0.004067,0.041345
360.5,102.55,-0.003778,0.041084
360.5,104.83,-0.00343,0.041071
360.5,106.93,-0.002977,0.041037
360.5,109.2,-0.002465,0.041108
360.5,111.48,-0.002487,0.041376
360.5,113.58,-0.002576,0.041432
360.5,115.85,-0.002798,0.041447
360.5,118.13,-0.002967,0.041453
360.5,120.4,-0.003026,0.041922
360.5,122.68,-0.002884,0.042223
360.5,124.78,-0.003165,0.042618
360.5,127.05,-0.003131,0.042627
360.5,129.33,-0.002869,0.042655
360.5,131.6,-0.003337,0.042627
360.5,133.88,-0.003359,0.042941
360.5,135.98,-0.003676,0.04288
360.5,138.25,-0.003756,0.043357
360.5,140.35,-0.004046,0.043345
360.5,142.63,-0.004144,0.043474
360.5,144.9,-0.004027,0.043271
360.5,147.0,-0.004055,0.043231
360.5,149.28,-0.004532,0.043366
360.5,151.55,-0.004563,0.043366
360.5,153.65,-0.004973,0.043268
360.5,155.93,-0.004914,0.043336
360.5,158.2,-0.004338,0.043259
360.5,160.3,-0.004292,0.043296
360.5,162.58,-0.004043,0.043634
360.5,164.85,-0.003716,0.04406
360.5,167.13,-0.003362,0.044007
360.5,168.88,-0.003011,0.043986
360.5,171.5,-0.002897,0.044439
360.5,173.6,-0.002539,0.044475
360.5,175.88,-0.002237,0.044488
360.5,178.15,-0.002126,0.044475
360.5,180.25,-0.002052,0.044038
360.5,182.53,-0.001997,0.043983
360.5,184.8,-0.001627,0.043579
360.5,186.9,-0.001584,0.043274
360.5,189.18,-0.001159,0.042917
360.5,191.45,-0.00106,0.042698
360.5,193.55,-0.001088,0.042264
360.5,195.83,-0.001168,0.042196
360.5,198.1,-0.001187,0.042267
360.5,200.38,-0.001587,0.04227
360.5,202.65,-0.001778,0.042621
360.5,204.75,-0.001892,0.042966
360.5,207.03,-0.001877,0.042944
360.5,209.13,-0.001868,0.043009
360.5,211.4,-0.001754,0.04304
360.5,213.68,-0.001849,0.042593
360.5,215.95,-0.001905,0.042704
360.5,218.05,-0.001966,0.042294
360.5,220.33,-0.0018,0.042174
360.5,222.43,-0.001834,0.042217
360.5,224.7,-0.001439,0.042146
360.5,226.8,-0.00143,0.042701
360.5,229.25,-0.001498,0.042636
360.5,231.53,-0.001138,0.042914
360.5,233.63,-0.000762,0.043169
360.5,235.9,-0.00086,0.043311
360.5,238.0,-0.000586,0.04337
360.5,240.28,-0.000598,0.043262
360.5,242.55,-0.000719,0.04328
360.5,244.65,-0.000497,0.043422
360.5,246.58,-0.000364,0.042763
360.5,249.03,-0.000346,0.042233
360.5,251.3,-0.000903,0.041943
360.5,253.58,-0.00127,0.041484
360.5,255.68,-0.001467,0.041493
360.5,257.95,-0.001852,0.041401
360.5,260.23,-0.002299,0.041829
360.5,262.33,-0.002555,0.041863
360.5,264.6,-0.003008,0.042325
360.5,266.88,-0.003008,0.042584
360.5,268.98,-0.002937,0.042932
360.5,271.25,-0.002632,0.043366
360.5,273.53,-0.002696,0.043613
360.5,275.63,-0.002508,0.04409
360.5,277.9,-0.00217,0.044041
360.5,280.0,-0.002336,0.044047
360.5,282.28,-0.002277,0.043964
360.5,284.38,-0.002635,0.044134
360.5,286.65,-0.002271,0.044072
360.5,288.93,-0.00229,0.043625
360.5,291.2,-0.001895,0.043366
360.5,293.3,-0.001458,0.043003
360.5,295.58,-0.001094,0.042541
360.5,297.85,-0.000709,0.042612
360.5,299.95,-0.000321,0.042917
360.5,302.23,-0.00042,0.043
360.5,304.5,-0.000457,0.042941
360.5,306.6,-0.000802,0.042984
360.5,308.88,-0.001122,0.042547
360.5,311.15,-0.001144,0.042239
360.5,313.25,-0.001446,0.042273
360.5,315.53,-0.001489,0.041798
360.5,317.63,-0.001538,0.041875
360.5,319.9,-0.001381,0.042248
360.5,322.0,-0.001147,0.04263
360.5,324.28,-0.0009,0.042562
360.5,326.55,-0.000746,0.042359
360.5,328.83,-0.000876,0.042171
360.5,330.93,-0.000756,0.041863
360.5,333.2,-0.000626,0.041727
360.5,335.3,-0.001153,0.04186
360.5,337.58,-0.001153,0.042267
360.5,339.85,-0.001443,0.042892
360.5,341.43,-0.001424,0.042991
360.5,344.23,-0.001449,0.043425
360.5,346.5,-0.00111,0.042907
360.5,348.78,-0.000685,0.042935
360.5,350.88,-0.00034,0.043024
360.5,353.15,-0.000367,0.043228
360.5,355.25,-0.000346,0.043582
360.5,357.53,-0.000765,0.044063
360.5,359.8,-0.000811,0.044072
360.5,362.08,-0.000774,0.044072
360.5,364.18,-0.000284,0.044057
360.5,366.45,-0.000293,0.044057
360.5,368.73,-0.000512,0.044035
360.5,370.83,-0.000743,0.044127
360.5,373.1,-0.000866,0.044257
360.5,375.2,-0.000463,0.044152
360.5,377.48,-0.000386,0.044084
360.5,379.75,-0.000386,0.044066
360.5,381.85,-0.000238,0.044057
360.5,384.13,-0.000377,0.044106
360.5,386.4,-0.000315,0.044035
360.5,388.68,-0.00025,0.043727
360.5,390.78,-0.000423,0.043696
360.5,393.05,5.2e-05,0.043385
360.5,395.33,2.1e-05,0.043031
360.5,397.43,0.00019,0.042846
360.5,399.7,-0.000207,0.042679
360.5,401.98,-0.000589,0.041949
360.5,404.08,-0.001091,0.041564
360.5,406.35,-0.001504,0.040859
360.5,408.63,-0.001384,0.040813
360.5,410.73,-0.001338,0.040757
360.5,413.0,-0.001489,0.040452
360.5,415.28,-0.000965,0.040283
360.5,417.55,-0.000728,0.040742
360.5,419.65,-0.000654,0.040769
360.5,421.93,-0.000685,0.041068
360.5,424.03,-0.00111,0.041515
360.5,426.3,-0.001754,0.041783
360.5,428.58,-0.002136,0.041949
360.5,430.85,-0.002222,0.042307
360.5,433.13,-0.001711,0.042605
360.5,435.23,-0.001606,0.042686
360.5,437.5,-0.001131,0.042584
360.5,439.6,-0.000765,0.042701
360.5,441.88,-0.000571,0.04284
360.5,444.15,-0.000343,0.043028
360.5,446.43,-0.000364,0.042929
360.5,448.53,-0.000293,0.04292
360.5,450.8,-0.00029,0.043018
360.5,452.9,-0.000497,0.043034
360.5,455.18,-0.000281,0.042892
360.5,457.45,-0.000389,0.042858
360.5,459.55,-0.000293,0.042639
360.5,461.83,-0.000494,0.042217
360.5,464.28,9e-06,0.042393
360.5,466.38,9.5e-05,0.042251
360.5,468.65,-0.000278,0.042214
360.5,470.93,-0.000235,0.042208
360.5,473.38,-0.000429,0.042131
360.5,475.48,-0.000657,0.042414
360.5,477.75,-0.000383,0.042525
360.5,480.03,-0.000256,0.042227
360.5,482.13,-0.0003,0.042109
360.5,484.4,-0.000426,0.042294
360.5,486.68,-0.000472,0.042328
360.5,488.95,-0.000383,0.041832
360.5,491.23,-0.000891,0.041882
360.5,493.33,-0.001113,0.041521
360.5,495.6,-0.000996,0.041407
360.5,497.88,-0.00151,0.041546
360.5,499.98,-0.00155,0.041472
360.5,502.25,-0.001298,0.04154
360.5,504.53,-0.001344,0.041096
360.5,506.8,-0.001424,0.041154
360.5,509.08,-0.001837,0.041065
360.5,511.18,-0.001942,0.040757
360.5,513.45,-0.002163,0.040763
360.5,515.73,-0.002576,0.040578
360.5,517.83,-0.002518,0.040443
360.5,520.1,-0.002484,0.039947
360.5,522.2,-0.002105,0.039553
360.5,524.48,-0.001784,0.039556
360.5,526.75,-0.001791,0.039756
360.5,529.03,-0.001821,0.039583
360.5,531.3,-0.002126,0.039463
360.5,533.4,-0.002887,0.039297
360.5,535.68,-0.003251,0.03845
360.5,538.13,-0.003855,0.038289
360.5,540.4,-0.003821,0.038308
360.5,542.68,-0.003346,0.038561
360.5,544.95,-0.003411,0.039106
360.5,547.23,-0.002958,0.039639
360.5,549.33,-0.002881,0.03987
360.5,551.6,-0.002927,0.040483
360.5,553.88,-0.002971,0.041016
360.5,555.98,-0.002718,0.041805
360.5,558.25,-0.002548,0.042211
360.5,560.35,-0.002274,0.042242
360.5,562.63,-0.001775,0.041814
360.5,564.9,-0.001455,0.04158
360.5,567.0,-0.001513,0.041441
360.5,569.28,-0.001821,0.04113
360.5,571.55,-0.001378,0.041145
360.5,573.83,-0.001498,0.041188
360.5,576.1,-0.001329,0.041543
360.5,578.2,-0.001492,0.041426
360.5,580.48,-0.001436,0.041814
360.5,582.75,-0.001997,0.041487
360.5,585.03,-0.00184,0.041521
360.5,587.13,-0.001732,0.041469
360.5,589.4,-0.00168,0.041309
360.5,591.68,-0.001572,0.041028
360.5,593.78,-0.000968,0.040671
360.5,596.05,-0.001024,0.040785
360.5,598.33,-0.000669,0.041047
360.5,600.43,-0.000657,0.041056
360.5,602.88,-0.000361,0.041413
360.5,605.15,-0.000367,0.041955
360.5,607.25,0.000153,0.042251
360.5,609.53,0.000831,0.04279
360.5,611.63,0.001638,0.042895
360.5,613.9,0.002405,0.042947
360.5,616.18,0.003203,0.042516
360.5,618.45,0.003499,0.042239
360.5,620.55,0.003893,0.041592
360.5,622.83,0.004574,0.041136
360.5,625.1,0.005243,0.040452
360.5,627.2,0.005896,0.040394
360.5,629.48,0.006614,0.039962
360.5,631.75,0.007411,0.040166
360.5,634.03,0.007997,0.040258
360.5,636.3,0.008748,0.040289
360.5,638.4,0.009602,0.040403
360.5,640.68,0.010859,0.040193
360.5,642.95,0.011484,0.040261
360.5,645.05,0.01198,0.040714
360.5,647.33,0.012347,0.040788
360.5,649.6,0.01272,0.041231
360.5,651.88,0.013203,0.041524
360.5,653.98,0.013973,0.041885
360.5,656.25,0.014642,0.041866
360.5,658.53,0.015541,0.041829
360.5,660.8,0.016669,0.041946
360.5,662.9,0.017421,0.0417
360.5,665.18,0.018517,0.041469
360.5,667.28,0.019429,0.041124
360.5,669.73,0.020899,0.04088
360.5,671.83,0.022079,0.040535
360.5,674.1,0.023055,0.040166
360.5,676.2,0.024235,0.039898
360.5,678.48,0.024965,0.040024
360.5,680.75,0.02536,0.040298
360.5,682.85,0.025705,0.040477
360.5,685.13,0.025677,0.04105
360.5,687.4,0.025671,0.041447
396.55,11.55,-0.004335,0.039155
396.55,13.65,-0.004077,0.039321
396.55,15.93,-0.004077,0.039968
396.55,18.2,-0.00387,0.04036
396.55,20.48,-0.004495,0.040757
396.55,22.93,-0.005149,0.041158
396.55,25.2,-0.005435,0.040652
396.55,27.3,-0.005882,0.040332
396.55,29.58,-0.006187,0.039931
396.55,31.85,-0.006664,0.040027
396.55,33.95,-0.007049,0.03999
396.55,36.23,-0.006948,0.039919
396.55,38.5,-0.00729,0.039935
396.55,40.78,-0.007182,0.040089
396.55,42.88,-0.007357,0.040076
396.55,45.15,-0.007444,0.040369
396.55,47.25,-0.007502,0.040366
396.55,49.53,-0.007773,0.040424
396.55,51.8,-0.007894,0.040249
396.55,53.9,-0.007773,0.039901
396.55,56.18,-0.007977,0.039657
396.55,58.45,-0.00732,0.039565
396.55,60.55,-0.007367,0.039614
396.55,62.83,-0.007071,0.039666
396.55,64.93,-0.007031,0.040079
396.55,67.2,-0.00712,0.039978
396.55,69.48,-0.007108,0.040036
396.55,71.58,-0.007561,0.040156
396.55,73.85,-0.007977,0.039586
396.55,76.13,-0.00846,0.039565
396.55,78.23,-0.008605,0.039161
396.55,80.5,-0.008907,0.039229
396.55,82.78,-0.008861,0.039235
396.55,84.88,-0.008565,0.039238
396.55,87.33,-0.008593,0.03922
396.55,89.43,-0.008316,0.039238
396.55,91.7,-0.008137,0.039241
396.55,93.98,-0.007709,0.038853
396.55,96.43,-0.007527,0.038601
396.55,98.53,-0.007533,0.038197
396.55,100.8,-0.007317,0.037732
396.55,103.08,-0.007401,0.037793
396.55,105.53,-0.007595,0.037809
396.55,107.8,-0.007548,0.037735
396.55,109.9,-0.006945,0.037741
396.55,112.18,-0.006969,0.037716
396.55,114.63,-0.006677,0.037753
396.55,116.9,-0.006698,0.037824
396.55,119.0,-0.006205,0.037504
396.55,121.28,-0.005617,0.037362
396.55,123.73,-0.005099,0.037325
396.55,126.0,-0.00513,0.03739
396.55,128.28,-0.004804,0.037418
396.55,130.38,-0.004797,0.037254
396.55,132.83,-0.005081,0.03751
396.55,134.93,-0.005293,0.037448
396.55,137.2,-0.005484,0.036928
396.55,139.3,-0.005497,0.036869
396.55,141.93,-0.005466,0.036629
396.55,144.38,-0.005059,0.036949
396.55,146.48,-0.005105,0.03694
396.55,148.75,-0.005102,0.037427
396.55,151.03,-0.005084,0.037322
396.55,153.13,-0.004995,0.037649
396.55,155.4,-0.00558,0.03776
396.55,157.68,-0.005521,0.037414
396.55,159.78,-0.005906,0.037319
396.55,162.05,-0.005808,0.037658
396.55,164.15,-0.005913,0.037732
396.55,166.43,-0.005906,0.038058
396.55,168.53,-0.005903,0.03816
396.55,170.98,-0.005931,0.038243
396.55,173.25,-0.005848,0.038502
396.55,175.35,-0.005919,0.038416
396.55,177.63,-0.005629,0.038893
396.55,180.08,-0.005423,0.038755
396.55,182.35,-0.005561,0.038807
396.55,184.45,-0.005922,0.038792
396.55,186.73,-0.006455,0.03881
396.55,189.0,-0.006618,0.038468
396.55,191.28,-0.006957,0.038505
396.55,193.55,-0.007022,0.03849
396.55,195.65,-0.007145,0.038517
396.55,197.93,-0.007179,0.03808
396.55,200.2,-0.007133,0.038095
396.55,202.3,-0.007213,0.038089
396.55,204.58,-0.007284,0.038092
396.55,206.68,-0.007487,0.03841
396.55,208.95,-0.00777,0.038785
396.55,211.05,-0.008214,0.03905
396.55,213.33,-0.008685,0.039633
396.55,215.6,-0.008149,0.039645
396.55,217.53,-0.008038,0.039842
396.55,219.98,-0.007758,0.039941
396.55,222.25,-0.007475,0.040403
396.55,224.35,-0.007191,0.040369
396.55,226.63,-0.006621,0.040283
396.55,228.9,-0.006338,0.040735
396.55,231.0,-0.006301,0.040735
396.55,233.28,-0.005759,0.040609
396.55,235.55,-0.0059,0.040732
396.55,237.65,-0.006378,0.040816
396.55,239.93,-0.006476,0.040723
396.55,242.2,-0.006806,0.040424
396.55,244.48,-0.006806,0.040335
396.55,246.58,-0.006304,0.039919
396.55,248.85,-0.005817,0.039931
396.55,251.13,-0.005999,0.039472
396.55,253.4,-0.005629,0.03913
396.55,255.5,-0.005016,0.038755
396.55,257.78,-0.004714,0.038462
396.55,260.05,-0.004606,0.038065
396.55,262.15,-0.00448,0.037741
396.55,264.43,-0.004052,0.037473
396.55,266.7,-0.003633,0.037023
396.55,268.8,-0.003722,0.036703
396.55,271.08,-0.003747,0.036259
396.55,273.35,-0.003621,0.03597
396.55,275.45,-0.003966,0.03589
396.55,277.73,-0.004049,0.036013
396.55,280.0,-0.004058,0.036198
396.55,282.28,-0.003799,0.036201
396.55,284.38,-0.003282,0.036697
396.55,286.65,-0.002887,0.036592
396.55,288.75,-0.002505,0.036558
396.55,291.03,-0.002798,0.03665
396.55,293.13,-0.002662,0.037014
396.55,295.4,-0.002847,0.037464
396.55,297.68,-0.003128,0.038148
396.55,299.78,-0.003285,0.038443
396.55,302.23,-0.003879,0.038819
396.55,304.5,-0.004542,0.038847
396.55,306.78,-0.00481,0.038785
396.55,308.88,-0.004662,0.038684
396.55,310.98,-0.00485,0.038859
396.55,313.25,-0.004911,0.03885
396.55,315.53,-0.004785,0.038878
396.55,317.8,-0.004585,0.038899
396.55,320.43,-0.004113,0.038853
396.55,322.7,-0.003966,0.038792
396.55,324.98,-0.004089,0.039207
396.55,327.08,-0.004046,0.039281
396.55,329.35,-0.004147,0.039349
396.55,331.63,-0.004169,0.039651
396.55,333.9,-0.00407,0.039919
396.55,336.18,-0.003778,0.040353
396.55,338.28,-0.003722,0.040695
396.55,340.55,-0.003334,0.041071
396.55,342.65,-0.003463,0.041506
396.55,345.1,-0.003383,0.041401
396.55,347.38,-0.003408,0.041552
396.55,349.48,-0.003251,0.041878
396.55,351.75,-0.003346,0.041463
396.55,354.03,-0.002977,0.041453
396.55,356.13,-0.003035,0.041561
396.55,358.4,-0.00269,0.041401
396.55,360.68,-0.002422,0.041108
396.55,362.78,-0.002262,0.041034
396.55,365.05,-0.001908,0.040772
396.55,367.33,-0.001424,0.040446
396.55,369.43,-0.001483,0.039938
396.55,371.7,-0.001483,0.039876
396.55,373.98,-0.001541,0.039864
396.55,376.43,-0.001938,0.039922
396.55,378.53,-0.002253,0.039953
396.55,380.8,-0.002398,0.040418
396.55,383.08,-0.002696,0.040335
396.55,385.35,-0.003125,0.039975
396.55,387.45,-0.003568,0.040024
396.55,389.73,-0.003941,0.039694
396.55,392.0,-0.004095,0.039882
396.55,394.1,-0.004147,0.03983
396.55,396.38,-0.003762,0.04044
396.55,398.65,-0.003362,0.040357
396.55,400.93,-0.003051,0.040729
396.55,403.03,-0.002539,0.041087
396.55,405.3,-0.002185,0.041173
396.55,407.58,-0.001701,0.041463
396.55,409.68,-0.001134,0.04145
396.55,411.95,-0.000903,0.041801
396.55,414.23,-0.000638,0.041697
396.55,416.5,-0.000771,0.042282
396.55,418.78,-0.000737,0.042057
396.55,420.88,-0.000586,0.04198
396.55,423.15,-0.000851,0.042168
396.55,425.43,-0.000888,0.041897
396.55,427.53,-0.001067,0.041444
396.55,429.8,-0.00074,0.040603
396.55,431.9,-0.000786,0.040233
396.55,434.18,-0.000715,0.040221
396.55,436.45,-0.000719,0.040431
396.55,438.55,-0.000737,0.040717
396.55,440.83,-0.000632,0.040766
396.55,443.1,-0.00106,0.041065
396.55,445.2,-0.001165,0.040985
396.55,447.48,-0.00102,0.041527
396.55,449.58,-0.001076,0.041355
396.55,451.85,-0.001159,0.041084
396.55,454.13,-0.001125,0.041074
396.55,456.23,-0.001113,0.040618
396.55,458.5,-0.001017,0.040369
396.55,460.6,-0.001168,0.040298
396.55,462.88,-0.001119,0.040375
396.55,465.15,-0.001162,0.039898
396.55,467.25,-0.000722,0.039947
396.55,469.53,-0.000725,0.040079
396.55,471.8,-0.000752,0.039848
396.55,473.9,-0.00037,0.039996
396.55,476.18,-0.000275,0.040292
396.55,478.28,-0.00046,0.040304
396.55,480.55,-0.000432,0.040372
396.55,482.83,-0.000312,0.040344
396.55,484.93,-0.000777,0.040298
396.55,487.2,-0.000426,0.040206
396.55,489.48,-0.00041,0.039876
396.55,491.75,-0.000133,0.039894
396.55,493.85,0.000582,0.040172
396.55,496.13,0.000517,0.040785
396.55,498.23,0.0004,0.04101
396.55,500.5,-4.1e-05,0.041426
396.55,502.78,0.000492,0.041734
396.55,505.05,0.000655,0.041906
396.55,507.33,0.001,0.041746
396.55,509.6,0.001192,0.041777
396.55,511.7,0.001577,0.041783
396.55,513.98,0.00162,0.04153
396.55,516.08,0.001108,0.041096
396.55,518.35,0.000603,0.040692
396.55,520.45,0.00027,0.040717
396.55,522.73,0.000427,0.040471
396.55,525.0,-8.4e-05,0.040455
396.55,527.1,2.4e-05,0.040332
396.55,529.38,-5e-05,0.040283
396.55,531.65,0.000107,0.040298
396.55,533.75,-0.000367,0.040477
396.55,536.03,-0.000306,0.040751
396.55,538.3,-0.00066,0.041151
396.55,540.4,-0.000842,0.041493
396.55,542.68,-0.000983,0.041863
396.55,544.95,-0.001526,0.041977
396.55,547.23,-0.00151,0.042223
396.55,549.33,-0.001609,0.04215
396.55,551.6,-0.001199,0.042168
396.55,553.7,-0.001205,0.041829
396.55,555.98,-0.000654,0.041016
396.55,558.25,-0.000688,0.040806
396.55,560.35,-0.000355,0.040692
396.55,562.63,-0.000312,0.040418
396.55,564.9,7.6e-05,0.040375
396.55,567.18,0.000187,0.040415
396.55,569.28,9e-06,0.040548
396.55,571.55,-7e-06,0.040714
396.55,573.83,-0.000293,0.041228
396.55,576.1,-0.000278,0.04109
396.55,578.2,-0.000688,0.041404
396.55,580.48,-0.001091,0.041114
396.55,582.75,-0.001011,0.041102
396.55,585.03,-0.001513,0.040699
396.55,587.3,-0.001751,0.040803
396.55,589.4,-0.001923,0.040776
396.55,591.68,-0.001763,0.04072
396.55,593.95,-0.001732,0.040646
396.55,596.05,-0.002262,0.041204
396.55,598.33,-0.002216,0.041352
396.55,600.43,-0.002262,0.041459
396.55,602.7,-0.002265,0.041364
396.55,604.98,-0.002293,0.041567
396.55,607.08,-0.002219,0.04149
396.55,609.35,-0.002188,0.0415
396.55,611.63,-0.002114,0.041866
396.55,613.73,-0.002382,0.041894
396.55,616.0,-0.002361,0.041805
396.55,618.28,-0.002203,0.041863
396.55,620.55,-0.001905,0.04186
396.55,622.65,-0.002071,0.04186
396.55,624.93,-0.002317,0.042279
396.55,627.2,-0.002203,0.04218
396.55,629.3,-0.001797,0.042205
396.55,631.58,-0.001948,0.042532
396.55,633.85,-0.002025,0.042609
396.55,636.13,-0.002117,0.042652
396.55,638.4,-0.002518,0.042692
396.55,640.68,-0.002508,0.042236
396.55,642.78,-0.002576,0.041838
396.55,645.05,-0.002373,0.041096
396.55,647.33,-0.002102,0.040652
396.55,649.43,-0.001406,0.040304
396.55,651.7,-0.001325,0.040461
396.55,653.98,-0.001024,0.040273
396.55,656.08,-0.000786,0.040732
396.55,658.53,-0.000321,0.040797
396.55,660.63,6.1e-05,0.04117
396.55,662.9,0.000615,0.041004
396.55,665.18,0.001192,0.041102
396.55,667.28,0.001521,0.040695
396.55,669.55,0.001574,0.0408
396.55,671.83,0.001934,0.040421
396.55,673.93,0.001962,0.039978
396.55,676.2,0.002325,0.040036
396.55,678.48,0.002686,0.039589
396.55,680.58,0.002784,0.039583
396.55,682.85,0.002744,0.039137
396.55,685.13,0.003194,0.039278
396.55,687.23,0.003172,0.039589
432.6,10.85,-0.008531,0.039201
432.6,13.13,-0.008725,0.038807
432.6,15.58,-0.0085,0.038718
432.6,17.85,-0.008507,0.03885
432.6,19.95,-0.008682,0.038829
432.6,22.4,-0.008316,0.039124
432.6,24.68,-0.007906,0.039207
432.6,26.78,-0.007675,0.039087
432.6,29.05,-0.00737,0.039198
432.6,31.15,-0.007074,0.039272
432.6,33.43,-0.007099,0.038832
432.6,35.53,-0.006988,0.038459
432.6,37.8,-0.007548,0.037969
432.6,40.08,-0.007545,0.037325
432.6,42.35,-0.007903,0.036573
432.6,44.63,-0.008556,0.036278
432.6,46.9,-0.00891,0.036361
432.6,49.0,-0.009283,0.036238
432.6,51.28,-0.009736,0.036598
432.6,53.55,-0.009495,0.036644
432.6,55.65,-0.009791,0.03706
432.6,57.93,-0.009363,0.037282
432.6,60.2,-0.009043,0.037723
432.6,62.3,-0.008627,0.037642
432.6,64.58,-0.008242,0.037347
432.6,66.85,-0.008217,0.036918
432.6,68.95,-0.00781,0.037005
432.6,71.23,-0.007915,0.03739
432.6,73.33,-0.00741,0.037793
432.6,75.6,-0.007487,0.037676
432.6,77.88,-0.00729,0.037981
432.6,79.98,-0.007444,0.038009
432.6,82.25,-0.007434,0.038117
432.6,84.53,-0.007826,0.038135
432.6,86.63,-0.008306,0.038419
432.6,88.9,-0.008183,0.038551
432.6,91.18,-0.008272,0.038413
432.6,93.28,-0.00818,0.038
432.6,95.55,-0.00782,0.037584
432.6,97.83,-0.007798,0.037414
432.6,100.1,-0.007475,0.037411
432.6,102.2,-0.007804,0.037683
432.6,104.48,-0.007672,0.037904
432.6,106.75,-0.007869,0.038046
432.6,108.85,-0.007838,0.038465
432.6,111.13,-0.008214,0.038403
432.6,113.4,-0.008162,0.038425
432.6,115.5,-0.008688,0.038154
432.6,117.78,-0.008701,0.038114
432.6,119.88,-0.008519,0.038098
432.6,122.15,-0.008941,0.038083
432.6,124.43,-0.008922,0.037772
432.6,126.53,-0.00932,0.037282
432.6,128.8,-0.009308,0.036996
432.6,131.08,-0.009773,0.036989
432.6,133.18,-0.00964,0.036669
432.6,135.45,-0.0094,0.036432
432.6,137.73,-0.009391,0.036167
432.6,140.0,-0.009209,0.03617
432.6,142.45,-0.008984,0.036333
432.6,144.55,-0.008639,0.036635
432.6,146.83,-0.008402,0.036915
432.6,149.1,-0.00826,0.037371
432.6,151.38,-0.008608,0.03776
432.6,153.65,-0.008947,0.038117
432.6,155.75,-0.008926,0.038157
432.6,158.03,-0.009197,0.038391
432.6,160.13,-0.009341,0.038499
432.6,162.4,-0.009341,0.03816
432.6,164.68,-0.009385,0.038142
432.6,166.95,-0.008947,0.037707
432.6,169.05,-0.008805,0.037698
432.6,171.33,-0.008608,0.037399
432.6,173.6,-0.008602,0.037307
432.6,175.7,-0.008439,0.03743
432.6,177.98,-0.00855,0.037119
432.6,180.25,-0.008581,0.037128
432.6,182.35,-0.008565,0.037337
432.6,184.63,-0.008614,0.037747
432.6,186.9,-0.008953,0.038419
432.6,189.0,-0.00903,0.03841
432.6,191.28,-0.009622,0.038351
432.6,193.55,-0.010081,0.038135
432.6,195.83,-0.010395,0.037673
432.6,197.93,-0.01078,0.037368
432.6,200.2,-0.011128,0.036992
432.6,202.48,-0.011298,0.036638
432.6,204.58,-0.011661,0.03645
432.6,206.85,-0.011523,0.036302
432.6,208.95,-0.011633,0.036333
432.6,211.23,-0.011492,0.036312
432.6,213.5,-0.01163,0.03645
432.6,215.6,-0.011563,0.036216
432.6,217.88,-0.011874,0.036312
432.6,220.15,-0.011948,0.036121
432.6,222.25,-0.0118,0.036238
432.6,224.53,-0.011797,0.036259
432.6,226.8,-0.011797,0.036232
432.6,228.9,-0.011627,0.036219
432.6,231.18,-0.011467,0.036179
432.6,233.28,-0.011578,0.036293
432.6,235.55,-0.011137,0.036259
432.6,237.83,-0.011178,0.036284
432.6,239.93,-0.011236,0.03629
432.6,242.2,-0.011208,0.036259
432.6,244.48,-0.01119,0.035902
432.6,246.58,-0.01078,0.035997
432.6,248.85,-0.010802,0.035911
432.6,251.13,-0.010965,0.035914
432.6,253.23,-0.010814,0.036228
432.6,255.68,-0.011159,0.036278
432.6,257.95,-0.010977,0.03625
432.6,260.23,-0.011171,0.036207
432.6,262.33,-0.011501,0.036589
432.6,264.6,-0.01155,0.036811
432.6,266.7,-0.01147,0.036638
432.6,268.98,-0.011486,0.03661
432.6,271.25,-0.011439,0.036607
432.6,273.53,-0.011421,0.036715
432.6,275.63,-0.011147,0.03666
432.6,277.9,-0.011042,0.036614
432.6,280.0,-0.011261,0.037017
432.6,282.28,-0.011205,0.037045
432.6,284.55,-0.011162,0.037347
432.6,286.65,-0.011116,0.037719
432.6,288.93,-0.011181,0.038052
432.6,291.2,-0.011205,0.037692
432.6,293.48,-0.011113,0.037812
432.6,295.75,-0.011017,0.037418
432.6,298.03,-0.010783,0.037288
432.6,300.13,-0.011171,0.037063
432.6,302.4,-0.011264,0.036681
432.6,304.5,-0.011507,0.036632
432.6,306.78,-0.012031,0.036768
432.6,309.05,-0.012194,0.036641
432.6,311.33,-0.012592,0.036709
432.6,313.43,-0.012675,0.036241
432.6,315.7,-0.012564,0.036302
432.6,317.98,-0.01265,0.035868
432.6,320.08,-0.012592,0.035865
432.6,322.35,-0.012416,0.035434
432.6,324.63,-0.012256,0.035585
432.6,326.73,-0.011877,0.035508
432.6,329.0,-0.011828,0.035914
432.6,331.28,-0.011945,0.036127
432.6,333.55,-0.011935,0.036232
432.6,335.65,-0.011516,0.036558
432.6,337.93,-0.01164,0.036641
432.6,340.2,-0.011535,0.036555
432.6,342.3,-0.011218,0.036469
432.6,344.58,-0.011211,0.036367
432.6,346.68,-0.011313,0.035846
432.6,348.95,-0.011504,0.035927
432.6,351.05,-0.011581,0.035917
432.6,353.33,-0.011889,0.035997
432.6,355.6,-0.011908,0.035896
432.6,357.7,-0.01188,0.036201
432.6,359.98,-0.011892,0.036204
432.6,362.25,-0.011815,0.036253
432.6,364.35,-0.01159,0.03589
432.6,366.63,-0.011526,0.03539
432.6,368.9,-0.01123,0.035156
432.6,371.18,-0.010752,0.035092
432.6,373.28,-0.010873,0.034805
432.6,375.55,-0.010796,0.034756
432.6,377.83,-0.010931,0.034836
432.6,379.93,-0.010786,0.035061
432.6,382.2,-0.011325,0.035467
432.6,384.48,-0.011538,0.035825
432.6,386.58,-0.011409,0.036154
432.6,389.03,-0.01155,0.036275
432.6,391.3,-0.011781,0.036259
432.6,393.4,-0.011224,0.036118
432.6,395.68,-0.011144,0.0358
432.6,397.95,-0.011082,0.035843
432.6,400.23,-0.011239,0.035905
432.6,402.5,-0.011137,0.035483
432.6,404.6,-0.011181,0.034716
432.6,406.88,-0.010959,0.034349
432.6,409.15,-0.011569,0.034032
432.6,411.25,-0.011661,0.033967
432.6,413.53,-0.012037,0.034497
432.6,415.98,-0.012659,0.034787
432.6,418.25,-0.012434,0.034858
432.6,420.53,-0.012656,0.035243
432.6,422.8,-0.012592,0.035551
432.6,424.9,-0.012059,0.035785
432.6,427.18,-0.011409,0.036164
432.6,429.45,-0.011141,0.035979
432.6,431.55,-0.010669,0.035923
432.6,433.83,-0.010478,0.035532
432.6,436.1,-0.010124,0.035483
432.6,438.2,-0.010022,0.035588
432.6,440.48,-0.010167,0.035591
432.6,442.75,-0.010056,0.035822
432.6,444.85,-0.009905,0.035877
432.6,447.13,-0.009964,0.035862
432.6,449.4,-0.010161,0.035813
432.6,451.5,-0.010035,0.03588
432.6,453.78,-0.009822,0.035443
432.6,456.05,-0.009338,0.03548
432.6,458.15,-0.009098,0.035495
432.6,460.43,-0.008944,0.035514
432.6,462.53,-0.008938,0.035153
432.6,464.8,-0.00944,0.035193
432.6,466.9,-0.009243,0.035443
432.6,469.18,-0.009696,0.035874
432.6,471.45,-0.009634,0.036321
432.6,473.73,-0.009545,0.03665
432.6,475.83,-0.00968,0.037211
432.6,478.1,-0.009523,0.037797
432.6,480.38,-0.009314,0.037837
432.6,482.65,-0.009345,0.038117
432.6,484.75,-0.009006,0.038447
432.6,487.03,-0.008577,0.038453
432.6,489.3,-0.008596,0.038524
432.6,491.4,-0.008627,0.038459
432.6,493.68,-0.008661,0.038776
432.6,495.78,-0.008426,0.038363
432.6,498.05,-0.008436,0.038536
432.6,500.33,-0.008103,0.038508
432.6,502.6,-0.00778,0.03841
432.6,504.88,-0.007869,0.038145
432.6,506.98,-0.007816,0.038129
432.6,509.43,-0.007755,0.038148
432.6,511.53,-0.008121,0.038117
432.6,513.8,-0.008158,0.038145
432.6,515.9,-0.007906,0.038058
432.6,518.18,-0.007703,0.03776
432.6,520.45,-0.007693,0.037399
432.6,522.55,-0.007404,0.037319
432.6,524.83,-0.007271,0.037495
432.6,526.93,-0.007558,0.037455
432.6,529.2,-0.007006,0.037769
432.6,531.48,-0.006732,0.037858
432.6,533.75,-0.006332,0.038074
432.6,535.85,-0.005857,0.038188
432.6,538.13,-0.005451,0.037944
432.6,540.4,-0.005152,0.037766
432.6,542.5,-0.005343,0.037818
432.6,544.78,-0.005219,0.037719
432.6,547.05,-0.005182,0.037735
432.6,549.15,-0.005152,0.037766
432.6,551.43,-0.005223,0.037676
432.6,553.53,-0.005306,0.037981
432.6,555.63,-0.005309,0.038129
432.6,558.08,-0.00542,0.038206
432.6,560.35,-0.005081,0.037975
432.6,562.45,-0.005149,0.037769
432.6,564.73,-0.004773,0.037414
432.6,567.0,-0.004428,0.037747
432.6,569.1,-0.004264,0.037787
432.6,571.38,-0.00383,0.038197
432.6,573.83,-0.003753,0.038853
432.6,576.1,-0.003661,0.039078
432.6,578.38,-0.003547,0.039198
432.6,580.48,-0.003288,0.039559
432.6,582.93,-0.003457,0.039888
432.6,585.2,-0.003288,0.040313
432.6,587.3,-0.003334,0.040394
432.6,589.58,-0.003707,0.040369
432.6,592.2,-0.003701,0.040418
432.6,594.3,-0.003768,0.040058
432.6,596.58,-0.003667,0.039494
432.6,598.85,-0.003584,0.039211
432.6,601.13,-0.003177,0.039192
432.6,603.23,-0.002746,0.03926
432.6,605.5,-0.001908,0.03917
432.6,607.78,-0.001461,0.039654
432.6,609.88,-0.000802,0.040418
432.6,612.15,-0.000475,0.040813
432.6,614.43,-0.000306,0.041614
432.6,616.7,4.5e-05,0.041851
432.6,618.8,0.00015,0.042045
432.6,621.08,0.000332,0.042522
432.6,623.35,0.000551,0.042621
432.6,625.45,0.000314,0.042525
432.6,627.73,0.000323,0.04259
432.6,630.0,0.000421,0.042569
432.6,632.28,0.000113,0.042233
432.6,634.38,-0.000466,0.041848
432.6,636.65,-0.000318,0.041459
432.6,638.93,-0.000472,0.041512
432.6,641.03,-0.00042,0.041515
432.6,643.3,-8.4e-05,0.04149
432.6,645.58,3e-05,0.041527
432.6,647.5,0.000387,0.041869
432.6,649.95,0.000745,0.042217
432.6,652.23,0.001105,0.042257
432.6,654.5,0.001543,0.042254
432.6,656.6,0.00154,0.04186
432.6,658.88,0.001586,0.0419
432.6,661.15,0.001133,0.041795
432.6,663.25,0.000739,0.041546
432.6,665.53,0.000437,0.041419
432.6,667.8,-0.00033,0.041456
432.6,670.08,-0.00046,0.041509
432.6,672.18,-0.000802,0.041524
432.6,674.45,-0.00041,0.04145
432.6,676.55,-0.000703,0.041503
432.6,678.83,-0.000669,0.041524
432.6,680.93,-0.000971,0.041342
432.6,683.03,-0.001248,0.041555
432.6,685.48,-0.00155,0.041453
432.6,687.75,-0.001677,0.041478
468.65,11.73,-0.011051,0.038748
468.65,14.0,-0.011202,0.038443
468.65,16.1,-0.011492,0.03844
468.65,18.38,-0.011994,0.038557
468.65,20.65,-0.01188,0.038505
468.65,22.75,-0.012111,0.038132
468.65,25.03,-0.011932,0.037821
468.65,27.3,-0.01188,0.037907
468.65,29.58,-0.011409,0.037414
468.65,31.85,-0.011187,0.037359
468.65,33.95,-0.010571,0.037223
468.65,36.23,-0.010398,0.03739
468.65,38.5,-0.009995,0.037365
468.65,40.78,-0.009606,0.037396
468.65,42.88,-0.009459,0.037353
468.65,45.15,-0.009335,0.037069
468.65,47.25,-0.009348,0.037045
468.65,49.53,-0.009338,0.036647
468.65,51.8,-0.009437,0.036352
468.65,54.08,-0.009335,0.035837
468.65,56.18,-0.009314,0.035508
468.65,58.45,-0.009274,0.035335
468.65,60.55,-0.009261,0.035169
468.65,62.83,-0.009197,0.035474
468.65,65.1,-0.009662,0.035797
468.65,67.2,-0.009902,0.035896
468.65,69.48,-0.0105,0.036382
468.65,71.75,-0.010725,0.036336
468.65,74.03,-0.010657,0.036305
468.65,76.13,-0.011165,0.036595
468.65,78.23,-0.011076,0.036826
468.65,80.5,-0.011153,0.037128
468.65,82.78,-0.011575,0.037356
468.65,85.05,-0.011513,0.037365
468.65,87.33,-0.011612,0.037818
468.65,89.43,-0.011461,0.037914
468.65,91.7,-0.012,0.037892
468.65,93.98,-0.011877,0.037325
468.65,96.08,-0.011806,0.037116
468.65,98.35,-0.011412,0.037045
468.65,100.63,-0.011436,0.036647
468.65,102.73,-0.011409,0.036321
468.65,105.0,-0.011492,0.036007
468.65,107.28,-0.011926,0.035597
468.65,109.55,-0.012105,0.035252
468.65,111.65,-0.012542,0.034916
468.65,113.93,-0.012678,0.034784
468.65,116.03,-0.012345,0.035236
468.65,118.3,-0.0122,0.035375
468.65,120.58,-0.011883,0.035625
468.65,122.85,-0.01151,0.035945
468.65,124.95,-0.011097,0.035911
468.65,127.23,-0.011054,0.035951
468.65,129.5,-0.01078,0.036053
468.65,131.6,-0.010654,0.035886
468.65,133.88,-0.010833,0.03593
468.65,135.98,-0.011107,0.035862
468.65,138.25,-0.011498,0.035902
468.65,140.53,-0.011409,0.036007
468.65,142.8,-0.011914,0.035982
468.65,144.9,-0.011652,0.036028
468.65,147.18,-0.011775,0.035572
468.65,149.45,-0.011865,0.035307
468.65,151.55,-0.011812,0.035212
468.65,154.0,-0.011865,0.034667
468.65,156.1,-0.011701,0.034445
468.65,158.38,-0.012305,0.034466
468.65,160.65,-0.011877,0.034503
468.65,162.75,-0.011686,0.034645
468.65,165.03,-0.011196,0.034913
468.65,167.3,-0.010882,0.035178
468.65,169.4,-0.010722,0.035498
468.65,171.68,-0.011128,0.035988
468.65,173.95,-0.010956,0.036293
468.65,176.05,-0.01099,0.036262
468.65,178.33,-0.01152,0.036219
468.65,180.6,-0.011877,0.036272
468.65,182.7,-0.01225,0.036253
468.65,184.98,-0.012434,0.035883
468.65,187.08,-0.013075,0.035973
468.65,189.35,-0.013075,0.035856
468.65,191.63,-0.013383,0.035871
468.65,193.73,-0.013057,0.035816
468.65,196.0,-0.012989,0.03592
468.65,198.28,-0.012752,0.035588
468.65,200.38,-0.012265,0.035181
468.65,202.65,-0.012133,0.034984
468.65,204.93,-0.011818,0.034805
468.65,207.03,-0.011452,0.034802
468.65,209.48,-0.012,0.034971
468.65,211.75,-0.012009,0.03479
468.65,214.03,-0.012542,0.034913
468.65,216.13,-0.012573,0.035261
468.65,218.4,-0.012952,0.035224
468.65,220.68,-0.013383,0.035471
468.65,222.78,-0.013306,0.035646
468.65,225.05,-0.013356,0.035896
468.65,227.33,-0.012967,0.035637
468.65,229.6,-0.012499,0.035504
468.65,231.7,-0.012339,0.035588
468.65,233.98,-0.012037,0.035954
468.65,236.25,-0.011449,0.035936
468.65,238.53,-0.011541,0.035622
468.65,240.63,-0.011541,0.035508
468.65,242.9,-0.011523,0.035477
468.65,245.0,-0.011486,0.035548
468.65,247.28,-0.011889,0.035243
468.65,249.55,-0.012065,0.035162
468.65,251.83,-0.01233,0.035267
468.65,253.93,-0.012459,0.034928
468.65,256.2,-0.012552,0.03475
468.65,258.48,-0.012709,0.034549
468.65,260.58,-0.012548,0.034494
468.65,262.85,-0.012927,0.034426
468.65,265.13,-0.01286,0.034519
468.65,267.23,-0.01338,0.034423
468.65,269.5,-0.013624,0.034097
468.65,271.78,-0.014372,0.033995
468.65,273.88,-0.014813,0.034004
468.65,276.15,-0.014736,0.034084
468.65,278.43,-0.014841,0.034041
468.65,280.7,-0.014822,0.034586
468.65,282.8,-0.015118,0.034685
468.65,285.08,-0.015081,0.034685
468.65,287.35,-0.015752,0.034774
468.65,289.45,-0.016242,0.034398
468.65,291.73,-0.016726,0.033853
468.65,293.65,-0.016988,0.033333
468.65,296.28,-0.017342,0.03263
468.65,298.38,-0.017216,0.03226
468.65,300.65,-0.017428,0.032128
468.65,302.75,-0.017071,0.031857
468.65,305.03,-0.016985,0.031413
468.65,307.3,-0.016538,0.03145
468.65,309.58,-0.016298,0.031154
468.65,311.68,-0.015848,0.030982
468.65,313.95,-0.0159,0.030723
468.65,316.23,-0.015888,0.030618
468.65,318.5,-0.015885,0.031185
468.65,320.6,-0.016251,0.03109
468.65,322.7,-0.016282,0.031463
468.65,325.15,-0.016322,0.031459
468.65,327.25,-0.016002,0.03158
468.65,329.53,-0.01595,0.031789
468.65,331.63,-0.016178,0.031891
468.65,333.9,-0.016233,0.031814
468.65,336.18,-0.016319,0.032248
468.65,338.45,-0.016218,0.032606
468.65,340.55,-0.016187,0.032827
468.65,342.83,-0.015928,0.032997
468.65,344.93,-0.015906,0.033366
468.65,347.2,-0.015595,0.03336
468.65,349.48,-0.01541,0.033219
468.65,351.58,-0.015429,0.032944
468.65,353.85,-0.015561,0.032954
468.65,356.13,-0.015595,0.03263
468.65,358.4,-0.01554,0.032602
468.65,360.68,-0.015149,0.032633
468.65,362.78,-0.015115,0.032442
468.65,365.05,-0.015281,0.032165
468.65,367.33,-0.015213,0.03222
468.65,369.6,-0.015115,0.03223
468.65,371.88,-0.01517,0.0321
468.65,374.15,-0.015146,0.032633
468.65,376.25,-0.015648,0.032642
468.65,378.53,-0.015503,0.032236
468.65,380.8,-0.015891,0.032282
468.65,382.9,-0.016171,0.032039
468.65,385.18,-0.016513,0.031863
468.65,387.45,-0.017025,0.031398
468.65,389.73,-0.017296,0.031336
468.65,392.0,-0.018115,0.031441
468.65,394.1,-0.018507,0.031463
468.65,396.38,-0.018485,0.031543
468.65,398.65,-0.018756,0.031521
468.65,400.75,-0.018873,0.031487
468.65,403.03,-0.018842,0.031376
468.65,405.3,-0.018294,0.031419
468.65,407.4,-0.01838,0.031715
468.65,409.68,-0.018026,0.031851
468.65,411.95,-0.017706,0.031792
468.65,414.23,-0.017644,0.032208
468.65,416.5,-0.017468,0.032187
468.65,418.78,-0.017293,0.032587
468.65,420.88,-0.017622,0.033028
468.65,423.15,-0.017709,0.032901
468.65,425.43,-0.018162,0.032612
468.65,427.53,-0.018118,0.03255
468.65,429.8,-0.018389,0.032193
468.65,432.08,-0.01883,0.03219
468.65,434.18,-0.018944,0.03186
468.65,436.45,-0.019255,0.031475
468.65,438.73,-0.019194,0.031367
468.65,440.83,-0.019036,0.031441
468.65,443.1,-0.019135,0.031336
468.65,445.38,-0.019215,0.031543
468.65,447.65,-0.019154,0.031419
468.65,449.75,-0.018839,0.031848
468.65,452.03,-0.018553,0.031829
468.65,454.3,-0.018362,0.032257
468.65,456.4,-0.018118,0.03219
468.65,458.68,-0.017773,0.032162
468.65,460.95,-0.017564,0.031878
468.65,463.05,-0.017481,0.031456
468.65,465.33,-0.016954,0.031296
468.65,467.6,-0.017015,0.030766
468.65,469.7,-0.016932,0.030557
468.65,471.98,-0.017034,0.030788
468.65,474.25,-0.017354,0.031124
468.65,476.53,-0.01745,0.031037
468.65,478.63,-0.017357,0.031121
468.65,480.9,-0.017034,0.031041
468.65,483.18,-0.01712,0.031053
468.65,485.28,-0.017015,0.031077
468.65,487.55,-0.017518,0.031386
468.65,489.83,-0.017718,0.031456
468.65,492.1,-0.017998,0.031429
468.65,494.2,-0.01822,0.031395
468.65,496.48,-0.018531,0.031047
468.65,498.75,-0.01863,0.030729
468.65,500.85,-0.018679,0.030523
468.65,503.13,-0.018479,0.030372
468.65,505.4,-0.018097,0.030763
468.65,507.68,-0.017986,0.031151
468.65,509.95,-0.017727,0.031407
468.65,512.05,-0.017259,0.031749
468.65,514.33,-0.01724,0.032254
468.65,516.6,-0.017333,0.032532
468.65,518.7,-0.017237,0.033286
468.65,520.98,-0.017262,0.033354
468.65,523.25,-0.017539,0.033619
468.65,525.35,-0.017743,0.0334
468.65,527.63,-0.01782,0.033323
468.65,529.73,-0.017752,0.032553
468.65,532.0,-0.018007,0.032168
468.65,534.28,-0.018195,0.031903
468.65,536.38,-0.018316,0.031801
468.65,538.65,-0.018269,0.032085
468.65,540.75,-0.018081,0.032356
468.65,543.03,-0.01777,0.032609
468.65,545.13,-0.017508,0.032559
468.65,547.4,-0.01672,0.03226
468.65,549.68,-0.016344,0.0315
468.65,551.78,-0.016301,0.031321
468.65,554.05,-0.016304,0.030748
468.65,556.15,-0.016406,0.030708
468.65,558.43,-0.016507,0.030772
468.65,560.7,-0.01667,0.031185
468.65,562.8,-0.016618,0.031552
468.65,565.08,-0.016396,0.031518
468.65,567.35,-0.016215,0.031965
468.65,569.63,-0.015968,0.032156
468.65,571.73,-0.015491,0.032205
468.65,574.0,-0.015315,0.032211
468.65,576.28,-0.014366,0.032091
468.65,578.38,-0.013765,0.032282
468.65,580.65,-0.013454,0.032146
468.65,582.75,-0.013004,0.032301
468.65,585.03,-0.012666,0.032143
468.65,587.3,-0.012484,0.031851
468.65,589.58,-0.012693,0.031811
468.65,591.68,-0.012533,0.031885
468.65,593.95,-0.012687,0.032023
468.65,596.23,-0.012552,0.032239
468.65,598.33,-0.012465,0.03259
468.65,600.6,-0.012838,0.032951
468.65,602.88,-0.012927,0.032981
468.65,604.98,-0.013353,0.033296
468.65,607.25,-0.013359,0.033678
468.65,609.53,-0.013423,0.034186
468.65,611.63,-0.013026,0.034374
468.65,613.9,-0.012949,0.034503
468.65,616.18,-0.012656,0.034821
468.65,618.45,-0.012561,0.035169
468.65,620.55,-0.01257,0.035551
468.65,622.83,-0.011972,0.035498
468.65,625.1,-0.011461,0.03596
468.65,627.2,-0.011168,0.035967
468.65,629.48,-0.010706,0.035985
468.65,631.75,-0.010346,0.035726
468.65,633.85,-0.010383,0.03556
468.65,636.13,-0.010146,0.035187
468.65,638.4,-0.010146,0.035184
468.65,640.5,-0.010346,0.034762
468.65,642.78,-0.010355,0.034808
468.65,645.05,-0.010842,0.034848
468.65,647.15,-0.010897,0.034479
468.65,649.43,-0.010284,0.034509
468.65,651.7,-0.010041,0.034371
468.65,653.8,-0.009323,0.034787
468.65,656.08,-0.008633,0.035079
468.65,658.18,-0.008282,0.035578
468.65,660.45,-0.008121,0.035963
468.65,662.73,-0.00782,0.036543
468.65,665.0,-0.0079,0.036626
468.65,667.1,-0.007527,0.036777
468.65,669.38,-0.007305,0.036712
468.65,671.48,-0.006932,0.036268
468.65,673.75,-0.007696,0.036333
468.65,676.03,-0.007336,0.036734
468.65,678.3,-0.007508,0.037069
468.65,680.4,-0.007481,0.037371
468.65,682.68,-0.007367,0.037781
468.65,684.95,-0.007354,0.037793
468.65,687.05,-0.007207,0.037719
504.7,11.55,-0.014388,0.036228
504.7,13.83,-0.014452,0.035936
504.7,15.93,-0.014819,0.035437
504.7,18.2,-0.015032,0.03524
504.7,20.48,-0.014822,0.03483
504.7,22.58,-0.01481,0.034713
504.7,24.85,-0.014834,0.034919
504.7,26.95,-0.014588,0.034854
504.7,29.4,-0.014529,0.034848
504.7,31.5,-0.014622,0.034839
504.7,33.78,-0.014415,0.034728
504.7,35.88,-0.014588,0.034565
504.7,38.15,-0.014779,0.034445
504.7,40.25,-0.015349,0.034063
504.7,42.53,-0.015198,0.034093
504.7,44.8,-0.015281,0.033671
504.7,47.08,-0.015512,0.034023
504.7,49.18,-0.015515,0.034057
504.7,51.45,-0.015537,0.03405
504.7,53.73,-0.015558,0.034466
504.7,55.83,-0.015161,0.034368
504.7,58.1,-0.01493,0.034442
504.7,60.38,-0.014511,0.034463
504.7,62.48,-0.014388,0.034392
504.7,64.75,-0.014428,0.034405
504.7,66.85,-0.01477,0.034827
504.7,69.13,-0.015081,0.034867
504.7,71.4,-0.015678,0.035221
504.7,73.5,-0.016039,0.035132
504.7,75.78,-0.01631,0.035541
504.7,78.05,-0.016301,0.035566
504.7,80.33,-0.016424,0.035514
504.7,82.43,-0.015962,0.035122
504.7,84.7,-0.015586,0.035162
504.7,86.8,-0.015256,0.034919
504.7,89.08,-0.015022,0.03487
504.7,91.35,-0.014702,0.035181
504.7,93.45,-0.014951,0.035233
504.7,95.73,-0.014572,0.035224
504.7,98.0,-0.014529,0.03556
504.7,100.28,-0.014911,0.035486
504.7,102.38,-0.014699,0.035988
504.7,104.65,-0.014702,0.035902
504.7,106.75,-0.014776,0.036265
504.7,109.03,-0.014828,0.036318
504.7,111.13,-0.014881,0.036262
504.7,113.4,-0.014853,0.035982
504.7,115.68,-0.015195,0.03548
504.7,117.78,-0.015401,0.034777
504.7,120.05,-0.015829,0.034463
504.7,122.33,-0.016375,0.034063
504.7,124.43,-0.017037,0.033668
504.7,126.7,-0.01733,0.033308
504.7,128.98,-0.017345,0.032926
504.7,131.08,-0.017373,0.032492
504.7,133.35,-0.017388,0.032227
504.7,135.45,-0.017284,0.031857
504.7,137.73,-0.017382,0.031795
504.7,139.83,-0.017022,0.031515
504.7,142.1,-0.017043,0.031469
504.7,144.38,-0.01668,0.031512
504.7,146.48,-0.01668,0.031432
504.7,148.75,-0.016597,0.031426
504.7,151.03,-0.016698,0.031376
504.7,153.13,-0.016791,0.031321
504.7,155.4,-0.016242,0.031496
504.7,157.5,-0.016359,0.031475
504.7,159.78,-0.015943,0.031429
504.7,162.05,-0.015571,0.031854
504.7,164.15,-0.015306,0.031795
504.7,166.43,-0.014767,0.031814
504.7,168.53,-0.014782,0.031721
504.7,170.8,-0.014822,0.031789
504.7,173.25,-0.015383,0.031925
504.7,175.35,-0.015469,0.032538
504.7,177.63,-0.015719,0.032781
504.7,179.73,-0.015937,0.033345
504.7,182.0,-0.015826,0.033588
504.7,184.28,-0.015454,0.034121
504.7,186.38,-0.015121,0.034488
504.7,188.65,-0.014477,0.034445
504.7,190.4,-0.014052,0.034346
504.7,193.03,-0.014043,0.0343
504.7,195.3,-0.014298,0.03406
504.7,197.4,-0.014914,0.034069
504.7,199.68,-0.015293,0.033733
504.7,201.95,-0.015583,0.033678
504.7,204.05,-0.015521,0.033671
504.7,206.33,-0.015657,0.034038
504.7,208.43,-0.015928,0.034081
504.7,210.7,-0.01594,0.03398
504.7,212.98,-0.016208,0.034103
504.7,215.08,-0.016147,0.034044
504.7,217.35,-0.016362,0.034097
504.7,219.45,-0.016218,0.034001
504.7,221.73,-0.015922,0.033943
504.7,223.83,-0.016048,0.033782
504.7,226.1,-0.015608,0.03369
504.7,228.38,-0.015118,0.033465
504.7,230.65,-0.014871,0.033323
504.7,232.75,-0.01472,0.03332
504.7,235.03,-0.014431,0.033314
504.7,237.3,-0.01473,0.03328
504.7,239.4,-0.015528,0.0334
504.7,241.68,-0.016218,0.033194
504.7,243.95,-0.01664,0.033228
504.7,246.05,-0.017059,0.033203
504.7,248.33,-0.016824,0.033175
504.7,250.6,-0.017037,0.033348
504.7,252.88,-0.017043,0.033308
504.7,254.98,-0.016948,0.033169
504.7,257.25,-0.016846,0.033225
504.7,259.35,-0.016954,0.03332
504.7,261.63,-0.016938,0.033668
504.7,263.9,-0.017019,0.033705
504.7,266.0,-0.016664,0.034103
504.7,268.28,-0.016544,0.034001
504.7,270.55,-0.016504,0.034093
504.7,272.65,-0.016911,0.034408
504.7,274.75,-0.016914,0.034445
504.7,277.03,-0.016969,0.033983
504.7,279.3,-0.017274,0.033958
504.7,281.58,-0.017361,0.033638
504.7,283.68,-0.017373,0.03365
504.7,285.95,-0.017706,0.03328
504.7,288.23,-0.017967,0.033188
504.7,290.33,-0.018223,0.033317
504.7,292.6,-0.018362,0.032867
504.7,294.88,-0.018525,0.032966
504.7,297.15,-0.018001,0.032479
504.7,299.43,-0.018054,0.03214
504.7,301.53,-0.018097,0.031789
504.7,303.8,-0.018423,0.031444
504.7,306.08,-0.018648,0.03141
504.7,308.18,-0.019249,0.031342
504.7,310.45,-0.019662,0.031459
504.7,312.73,-0.01948,0.031392
504.7,315.0,-0.019536,0.031737
504.7,317.28,-0.01972,0.032319
504.7,319.38,-0.019545,0.032467
504.7,321.65,-0.01948,0.032707
504.7,323.93,-0.019474,0.033058
504.7,326.03,-0.019668,0.033249
504.7,328.3,-0.019409,0.033256
504.7,330.58,-0.019634,0.033354
504.7,332.68,-0.019474,0.032867
504.7,334.95,-0.019526,0.032886
504.7,337.23,-0.019847,0.032732
504.7,339.33,-0.019572,0.032242
504.7,341.6,-0.019532,0.031823
504.7,343.7,-0.019474,0.031413
504.7,345.98,-0.019653,0.031527
504.7,348.25,-0.02013,0.0315
504.7,350.35,-0.019985,0.031327
504.7,352.63,-0.019834,0.031444
504.7,354.73,-0.019788,0.031487
504.7,357.0,-0.019375,0.031487
504.7,359.28,-0.018947,0.031524
504.7,361.38,-0.018864,0.03149
504.7,363.65,-0.018759,0.031352
504.7,365.93,-0.019095,0.031774
504.7,368.03,-0.019579,0.031718
504.7,370.3,-0.020389,0.031761
504.7,372.58,-0.020725,0.031872
504.7,374.85,-0.021196,0.032205
504.7,376.95,-0.020968,0.03219
504.7,379.23,-0.021196,0.032572
504.7,381.5,-0.021073,0.032442
504.7,383.78,-0.02074,0.032501
504.7,385.88,-0.020842,0.032624
504.7,388.15,-0.020386,0.032599
504.7,390.43,-0.020367,0.032174
504.7,392.7,-0.020589,0.032214
504.7,394.8,-0.020771,0.03218
504.7,397.08,-0.020669,0.031724
504.7,399.35,-0.020139,0.031419
504.7,401.63,-0.019942,0.031518
504.7,403.73,-0.019902,0.031302
504.7,406.0,-0.019884,0.031382
504.7,408.1,-0.020032,0.031463
504.7,410.38,-0.020355,0.031493
504.7,412.65,-0.020238,0.031404
504.7,414.93,-0.020343,0.031352
504.7,417.2,-0.020786,0.031481
504.7,419.3,-0.020336,0.031161
504.7,421.58,-0.020346,0.031074
504.7,423.85,-0.019951,0.03093
504.7,426.13,-0.019982,0.031108
504.7,428.23,-0.020022,0.031191
504.7,430.33,-0.020478,0.030988
504.7,432.6,-0.020823,0.031151
504.7,434.88,-0.021048,0.0306
504.7,436.98,-0.021578,0.030683
504.7,439.25,-0.021362,0.030655
504.7,441.53,-0.021556,0.030717
504.7,443.63,-0.021698,0.030658
504.7,445.9,-0.021211,0.030714
504.7,448.18,-0.020842,0.030631
504.7,450.28,-0.020312,0.030289
504.7,452.38,-0.019529,0.030347
504.7,454.83,-0.018713,0.030289
504.7,456.93,-0.01798,0.030295
504.7,459.2,-0.017736,0.030677
504.7,461.48,-0.017764,0.030267
504.7,463.75,-0.018165,0.030273
504.7,465.85,-0.018088,0.029891
504.7,468.13,-0.018593,0.029574
504.7,470.4,-0.01891,0.029214
504.7,472.5,-0.01912,0.029084
504.7,474.78,-0.019215,0.029057
504.7,477.05,-0.019468,0.029134
504.7,479.15,-0.019951,0.029414
504.7,481.43,-0.020343,0.029975
504.7,483.7,-0.020786,0.030354
504.7,485.8,-0.021211,0.030699
504.7,488.08,-0.021184,0.030865
504.7,490.35,-0.021091,0.031056
504.7,492.45,-0.020891,0.031025
504.7,494.73,-0.020635,0.030933
504.7,497.0,-0.020768,0.030979
504.7,499.1,-0.02107,0.030997
504.7,501.38,-0.021156,0.031459
504.7,503.65,-0.021023,0.031312
504.7,505.75,-0.021187,0.031463
504.7,508.03,-0.020645,0.031463
504.7,510.13,-0.020709,0.031148
504.7,512.4,-0.020765,0.030997
504.7,514.68,-0.020543,0.031044
504.7,516.78,-0.020706,0.031386
504.7,519.05,-0.020343,0.031453
504.7,521.33,-0.02001,0.031389
504.7,523.43,-0.019828,0.031432
504.7,525.7,-0.019927,0.031459
504.7,527.98,-0.019973,0.031349
504.7,530.25,-0.019853,0.031447
504.7,532.35,-0.020047,0.031379
504.7,534.63,-0.020358,0.0315
504.7,536.73,-0.020364,0.031546
504.7,539.0,-0.020204,0.031423
504.7,541.28,-0.020826,0.031558
504.7,543.55,-0.02078,0.031786
504.7,545.65,-0.020361,0.031768
504.7,547.93,-0.020386,0.032168
504.7,550.03,-0.019902,0.032599
504.7,552.3,-0.01997,0.032461
504.7,554.58,-0.019551,0.03288
504.7,556.68,-0.019449,0.032932
504.7,558.95,-0.01932,0.033114
504.7,561.23,-0.019252,0.033329
504.7,563.33,-0.019264,0.033071
504.7,565.43,-0.018861,0.032877
504.7,567.7,-0.018849,0.032874
504.7,569.98,-0.018439,0.032504
504.7,572.25,-0.018205,0.032599
504.7,574.53,-0.018245,0.032153
504.7,576.63,-0.018189,0.031758
504.7,578.9,-0.017798,0.031863
504.7,581.18,-0.017441,0.031795
504.7,583.28,-0.01729,0.031737
504.7,585.55,-0.017074,0.031943
504.7,587.65,-0.016935,0.032094
504.7,589.93,-0.016683,0.032562
504.7,592.2,-0.016316,0.032867
504.7,594.3,-0.016076,0.032951
504.7,596.58,-0.015956,0.033194
504.7,598.85,-0.015586,0.033326
504.7,600.95,-0.015146,0.033656
504.7,603.23,-0.014859,0.033705
504.7,605.5,-0.014905,0.033764
504.7,607.6,-0.014483,0.033662
504.7,609.88,-0.014138,0.033687
504.7,611.98,-0.014206,0.033656
504.7,614.25,-0.014107,0.033638
504.7,616.53,-0.014141,0.033604
504.7,618.63,-0.014043,0.033604
504.7,620.9,-0.014163,0.033286
504.7,623.18,-0.014237,0.03332
504.7,625.28,-0.014147,0.033293
504.7,627.55,-0.014083,0.033206
504.7,629.65,-0.013688,0.033268
504.7,631.93,-0.013722,0.033653
504.7,634.2,-0.01347,0.03406
504.7,636.3,-0.013426,0.034392
504.7,638.58,-0.013186,0.034737
504.7,640.68,-0.012915,0.034925
504.7,642.95,-0.013038,0.035092
504.7,645.23,-0.012844,0.035517
504.7,647.5,-0.013069,0.035868
504.7,649.43,-0.012998,0.036225
504.7,651.88,-0.013097,0.036595
504.7,653.98,-0.012576,0.03706
504.7,656.25,-0.012659,0.037307
504.7,658.53,-0.012228,0.037473
504.7,660.8,-0.011449,0.037775
504.7,662.9,-0.011285,0.037744
504.7,665.18,-0.010965,0.037732
504.7,667.45,-0.010404,0.037282
504.7,669.55,-0.009967,0.037378
504.7,671.83,-0.009822,0.037359
504.7,674.1,-0.009345,0.036943
504.7,676.2,-0.008898,0.036915
504.7,678.48,-0.00855,0.036561
504.7,680.75,-0.008211,0.036204
504.7,682.85,-0.007798,0.035877
504.7,685.13,-0.007764,0.035899
504.7,687.4,-0.007832,0.036265
540.75,11.38,-0.015786,0.036114
540.75,13.65,-0.015648,0.036219
540.75,15.93,-0.015296,0.036219
540.75,18.2,-0.014791,0.036583
540.75,20.48,-0.014357,0.037051
540.75,22.58,-0.013596,0.037433
540.75,24.85,-0.013177,0.037679
540.75,27.13,-0.013091,0.038108
540.75,29.4,-0.012986,0.038108
540.75,31.68,-0.013063,0.037972
540.75,33.78,-0.013371,0.038443
540.75,36.05,-0.013608,0.03849
540.75,38.15,-0.013688,0.038391
540.75,40.43,-0.014194,0.038271
540.75,42.7,-0.014203,0.038003
540.75,44.8,-0.014123,0.037667
540.75,47.08,-0.01403,0.037381
540.75,49.18,-0.014194,0.036875
540.75,51.45,-0.013731,0.036647
540.75,53.55,-0.012983,0.036586
540.75,55.83,-0.012699,0.036583
540.75,58.1,-0.012653,0.036607
540.75,60.38,-0.012499,0.036937
540.75,62.65,-0.012287,0.037045
540.75,64.75,-0.012601,0.036638
540.75,67.03,-0.012724,0.036506
540.75,69.13,-0.013054,0.036641
540.75,71.4,-0.013698,0.036533
540.75,73.5,-0.014132,0.036697
540.75,75.78,-0.014323,0.03629
540.75,78.05,-0.01465,0.03657
540.75,80.33,-0.014779,0.036607
540.75,82.43,-0.014859,0.037063
540.75,84.7,-0.014837,0.036946
540.75,86.8,-0.0148,0.037023
540.75,89.08,-0.015115,0.037381
540.75,91.35,-0.015293,0.03731
540.75,93.45,-0.014736,0.036841
540.75,95.73,-0.014871,0.036989
540.75,98.0,-0.014976,0.0367
540.75,100.1,-0.014739,0.03657
540.75,102.38,-0.015179,0.036623
540.75,104.65,-0.015213,0.036878
540.75,106.75,-0.015047,0.036875
540.75,109.03,-0.015296,0.036885
540.75,111.13,-0.01485,0.03657
540.75,113.4,-0.014172,0.036167
540.75,115.68,-0.013673,0.035886
540.75,117.78,-0.013688,0.03548
540.75,120.05,-0.013793,0.03483
540.75,122.33,-0.013738,0.034352
540.75,124.6,-0.014135,0.033973
540.75,126.7,-0.01408,0.033915
540.75,128.98,-0.014415,0.033936
540.75,131.08,-0.014745,0.034439
540.75,133.35,-0.015263,0.034765
540.75,135.63,-0.015629,0.034753
540.75,137.73,-0.016079,0.035101
540.75,140.0,-0.016322,0.035554
540.75,142.28,-0.016689,0.036136
540.75,144.38,-0.016593,0.036598
540.75,146.65,-0.016972,0.036635
540.75,148.93,-0.017086,0.036573
540.75,151.03,-0.016948,0.036875
540.75,153.3,-0.01692,0.036878
540.75,155.58,-0.016997,0.036928
540.75,157.85,-0.017031,0.036875
540.75,160.13,-0.01704,0.037026
540.75,162.23,-0.017043,0.037399
540.75,164.5,-0.017062,0.03727
540.75,166.78,-0.016948,0.037729
540.75,168.88,-0.017604,0.037713
540.75,171.15,-0.017416,0.037741
540.75,173.43,-0.017416,0.037658
540.75,175.53,-0.017037,0.037655
540.75,177.8,-0.017003,0.037639
540.75,180.08,-0.016923,0.037713
540.75,182.18,-0.017176,0.037294
540.75,184.45,-0.017401,0.037251
540.75,186.73,-0.017413,0.036977
540.75,188.83,-0.017327,0.036691
540.75,191.1,-0.01749,0.036309
540.75,193.2,-0.017019,0.036216
540.75,195.48,-0.016593,0.036161
540.75,197.75,-0.016747,0.036096
540.75,200.03,-0.016304,0.036077
540.75,202.13,-0.016304,0.036207
540.75,204.4,-0.016325,0.036604
540.75,206.68,-0.016224,0.036179
540.75,208.95,-0.016442,0.036219
540.75,211.05,-0.016199,0.036136
540.75,213.33,-0.016017,0.035945
540.75,215.6,-0.016008,0.035458
540.75,217.7,-0.01554,0.035501
540.75,219.98,-0.015962,0.035132
540.75,222.25,-0.015962,0.03519
540.75,224.35,-0.016313,0.035147
540.75,226.63,-0.016754,0.035455
540.75,228.9,-0.017015,0.035461
540.75,230.83,-0.016664,0.035859
540.75,233.28,-0.016667,0.036114
540.75,235.55,-0.016264,0.036275
540.75,237.65,-0.016328,0.036342
540.75,240.1,-0.016304,0.036268
540.75,242.2,-0.016245,0.035859
540.75,244.48,-0.016341,0.035686
540.75,246.75,-0.015836,0.035554
540.75,248.85,-0.015691,0.035529
540.75,251.13,-0.015441,0.035474
540.75,253.23,-0.01489,0.035135
540.75,255.5,-0.014853,0.03503
540.75,257.78,-0.014372,0.034861
540.75,259.88,-0.014911,0.034771
540.75,262.15,-0.014804,0.034328
540.75,264.43,-0.01546,0.034395
540.75,266.53,-0.016054,0.034087
540.75,268.63,-0.016538,0.034337
540.75,271.08,-0.016871,0.034716
540.75,273.18,-0.017447,0.034722
540.75,275.45,-0.017693,0.035153
540.75,277.73,-0.017324,0.035064
540.75,280.0,-0.017453,0.035045
540.75,282.1,-0.017043,0.035076
540.75,284.38,-0.016741,0.035409
540.75,286.65,-0.016553,0.035461
540.75,288.75,-0.017019,0.035927
540.75,291.03,-0.01725,0.035828
540.75,293.13,-0.017592,0.035776
540.75,295.4,-0.018473,0.035803
540.75,297.5,-0.018497,0.035504
540.75,299.78,-0.018553,0.035187
540.75,302.05,-0.018457,0.034817
540.75,304.15,-0.018211,0.034623
540.75,306.43,-0.018069,0.03475
540.75,308.7,-0.018134,0.035018
540.75,310.98,-0.017798,0.035126
540.75,313.25,-0.017743,0.035467
540.75,315.35,-0.017835,0.036025
540.75,317.63,-0.017706,0.036561
540.75,319.73,-0.018192,0.036983
540.75,322.0,-0.018106,0.036962
540.75,324.28,-0.017696,0.036959
540.75,326.38,-0.017718,0.037014
540.75,328.65,-0.017696,0.037042
540.75,330.93,-0.017706,0.036937
540.75,333.03,-0.017687,0.03661
540.75,335.3,-0.01769,0.036635
540.75,337.4,-0.017373,0.036543
540.75,339.68,-0.017471,0.036589
540.75,341.95,-0.017398,0.036472
540.75,344.05,-0.017339,0.03661
540.75,346.33,-0.017727,0.036496
540.75,348.43,-0.018048,0.036518
540.75,350.7,-0.018553,0.036345
540.75,353.15,-0.018926,0.035772
540.75,355.25,-0.019326,0.035286
540.75,357.53,-0.019606,0.034854
540.75,359.63,-0.019073,0.034358
540.75,361.9,-0.019138,0.033949
540.75,364.18,-0.01924,0.033989
540.75,366.45,-0.019471,0.033588
540.75,368.55,-0.01965,0.033268
540.75,370.83,-0.019936,0.03292
540.75,372.93,-0.020515,0.03284
540.75,375.2,-0.020589,0.032923
540.75,377.48,-0.020703,0.032981
540.75,379.75,-0.02078,0.032978
540.75,381.85,-0.020309,0.032978
540.75,384.13,-0.019942,0.032867
540.75,386.23,-0.01952,0.032904
540.75,388.5,-0.019292,0.032938
540.75,390.78,-0.018922,0.032846
540.75,393.05,-0.018996,0.03283
540.75,395.15,-0.018439,0.032901
540.75,397.43,-0.018759,0.032966
540.75,399.53,-0.018941,0.032781
540.75,401.98,-0.019582,0.03324
540.75,404.08,-0.020065,0.033302
540.75,406.35,-0.020346,0.033681
540.75,408.45,-0.020343,0.033711
540.75,410.73,-0.020207,0.033594
540.75,413.0,-0.020259,0.033644
540.75,415.1,-0.020343,0.033336
540.75,417.38,-0.020466,0.032901
540.75,419.65,-0.02034,0.032488
540.75,421.93,-0.020115,0.032498
540.75,424.03,-0.019779,0.032134
540.75,426.3,-0.019135,0.03211
540.75,428.4,-0.018802,0.032187
540.75,430.68,-0.01854,0.031737
540.75,432.78,-0.018485,0.031355
540.75,435.05,-0.018346,0.03149
540.75,437.15,-0.018624,0.031309
540.75,439.43,-0.018963,0.031278
540.75,441.7,-0.019212,0.031373
540.75,443.98,-0.01964,0.031709
540.75,446.08,-0.019569,0.03211
540.75,448.35,-0.019717,0.032498
540.75,450.63,-0.01915,0.03287
540.75,452.9,-0.019255,0.033274
540.75,455.18,-0.018633,0.033326
540.75,457.28,-0.018775,0.033323
540.75,459.55,-0.018864,0.033243
540.75,461.65,-0.019274,0.033283
540.75,463.93,-0.019194,0.033259
540.75,466.2,-0.019696,0.033262
540.75,468.3,-0.020105,0.033675
540.75,470.58,-0.019961,0.033681
540.75,472.85,-0.02025,0.033742
540.75,474.95,-0.020682,0.033856
540.75,477.23,-0.021171,0.034343
540.75,479.5,-0.021242,0.034744
540.75,481.6,-0.020817,0.035221
540.75,483.7,-0.020783,0.035144
540.75,486.15,-0.020395,0.034756
540.75,488.43,-0.020389,0.034553
540.75,490.7,-0.020432,0.034358
540.75,492.8,-0.019936,0.034368
540.75,495.08,-0.020062,0.034377
540.75,497.35,-0.019967,0.034306
540.75,499.63,-0.020102,0.034429
540.75,501.73,-0.019736,0.034281
540.75,504.0,-0.019539,0.034429
540.75,506.1,-0.019215,0.034325
540.75,508.38,-0.019132,0.034867
540.75,510.65,-0.018901,0.034713
540.75,512.75,-0.018867,0.035129
540.75,515.03,-0.018537,0.035526
540.75,517.13,-0.018473,0.035868
540.75,519.4,-0.018577,0.035917
540.75,521.5,-0.01851,0.035492
540.75,523.95,-0.018349,0.035138
540.75,526.23,-0.018106,0.035126
540.75,528.33,-0.017721,0.03523
540.75,530.6,-0.017699,0.035184
540.75,532.88,-0.017373,0.035434
540.75,535.15,-0.016991,0.03539
540.75,537.25,-0.01688,0.035822
540.75,539.53,-0.016711,0.036
540.75,541.63,-0.016643,0.036241
540.75,543.9,-0.016692,0.036302
540.75,546.18,-0.016695,0.036204
540.75,548.45,-0.016711,0.036536
540.75,550.55,-0.016791,0.036275
540.75,552.83,-0.016637,0.036312
540.75,555.1,-0.017025,0.036176
540.75,557.2,-0.016698,0.035853
540.75,559.48,-0.016698,0.036121
540.75,561.75,-0.01647,0.036228
540.75,563.85,-0.016236,0.036176
540.75,566.13,-0.015885,0.036195
540.75,568.23,-0.015435,0.035859
540.75,570.5,-0.014976,0.036
540.75,572.78,-0.014523,0.035504
540.75,574.7,-0.01403,0.035541
540.75,577.33,-0.013762,0.035126
540.75,579.43,-0.01375,0.035221
540.75,581.7,-0.013439,0.035156
540.75,583.98,-0.013316,0.035523
540.75,586.08,-0.013048,0.035822
540.75,588.35,-0.012755,0.036469
540.75,590.63,-0.012524,0.036925
540.75,592.9,-0.012302,0.037596
540.75,595.0,-0.012407,0.03804
540.75,597.28,-0.012197,0.038101
540.75,599.55,-0.012351,0.038437
540.75,601.83,-0.012404,0.038117
540.75,603.93,-0.01232,0.038231
540.75,606.2,-0.012324,0.038117
540.75,608.48,-0.012284,0.038037
540.75,610.75,-0.012219,0.038046
540.75,612.85,-0.012333,0.038388
540.75,615.13,-0.01232,0.038385
540.75,617.4,-0.012536,0.038468
540.75,619.5,-0.01257,0.03848
540.75,621.78,-0.012592,0.038296
540.75,623.88,-0.012367,0.038804
540.75,626.33,-0.012234,0.039195
540.75,628.43,-0.011902,0.039217
540.75,630.7,-0.011486,0.039164
540.75,632.8,-0.010814,0.039183
540.75,635.08,-0.010201,0.039189
540.75,637.35,-0.009431,0.03922
540.75,639.63,-0.008602,0.039254
540.75,641.73,-0.008001,0.039365
540.75,644.0,-0.007524,0.039614
540.75,646.1,-0.007034,0.039824
540.75,648.38,-0.006606,0.039975
540.75,650.65,-0.006008,0.040366
540.75,652.75,-0.005866,0.040483
540.75,655.03,-0.0055,0.040477
540.75,657.3,-0.005675,0.040249
540.75,659.58,-0.005182,0.039919
540.75,661.68,-0.005666,0.039996
540.75,663.95,-0.005543,0.03963
540.75,666.05,-0.005869,0.039432
540.75,668.33,-0.006033,0.039599
540.75,670.6,-0.005589,0.039479
540.75,672.88,-0.004927,0.039121
540.75,674.98,-0.004459,0.039124
540.75,677.25,-0.004052,0.039186
540.75,679.53,-0.003497,0.039229
540.75,681.63,-0.003356,0.039257
540.75,683.9,-0.003149,0.039512
540.75,686.18,-0.003029,0.040378
540.75,688.28,-0.002946,0.040788
576.8,10.85,-0.012958,0.037341
576.8,13.13,-0.012998,0.036983
576.8,15.4,-0.01261,0.036949
576.8,17.5,-0.012672,0.037042
576.8,19.78,-0.012619,0.037439
576.8,22.23,-0.012662,0.037371
576.8,24.33,-0.012638,0.037821
576.8,26.6,-0.012613,0.037729
576.8,28.88,-0.012533,0.037448
576.8,31.15,-0.012185,0.037085
576.8,33.43,-0.012333,0.037066
576.8,35.7,-0.011775,0.036798
576.8,37.8,-0.011979,0.036536
576.8,40.08,-0.011837,0.036272
576.8,42.35,-0.012268,0.036382
576.8,44.45,-0.01237,0.036638
576.8,46.73,-0.012659,0.037168
576.8,49.0,-0.012783,0.037421
576.8,51.28,-0.013011,0.037646
576.8,53.38,-0.013386,0.037833
576.8,55.65,-0.013343,0.037864
576.8,57.75,-0.013624,0.037442
576.8,60.03,-0.013759,0.037334
576.8,62.13,-0.013756,0.037042
576.8,64.4,-0.013738,0.036641
576.8,66.68,-0.014064,0.036228
576.8,68.78,-0.014067,0.035994
576.8,71.05,-0.014073,0.036
576.8,73.33,-0.013694,0.035917
576.8,75.6,-0.013642,0.03637
576.8,77.7,-0.013408,0.036669
576.8,79.98,-0.012955,0.037492
576.8,82.25,-0.013091,0.037824
576.8,84.35,-0.012937,0.037756
576.8,86.63,-0.013038,0.037405
576.8,88.73,-0.012971,0.036977
576.8,91.0,-0.013128,0.036755
576.8,93.28,-0.012767,0.036533
576.8,95.38,-0.01257,0.036783
576.8,97.65,-0.012678,0.036342
576.8,99.93,-0.012552,0.036632
576.8,102.03,-0.012733,0.036638
576.8,104.3,-0.012669,0.036614
576.8,106.4,-0.01286,0.036755
576.8,108.68,-0.013294,0.036712
576.8,110.95,-0.013562,0.037042
576.8,113.23,-0.013778,0.036999
576.8,115.33,-0.013833,0.037057
576.8,117.6,-0.013741,0.037066
576.8,119.7,-0.013282,0.036614
576.8,121.98,-0.013408,0.036684
576.8,124.25,-0.013399,0.036219
576.8,126.35,-0.01354,0.036219
576.8,128.63,-0.013383,0.036401
576.8,130.73,-0.01347,0.036589
576.8,133.0,-0.013778,0.037048
576.8,135.28,-0.014175,0.037414
576.8,137.38,-0.014431,0.037538
576.8,139.65,-0.014702,0.037402
576.8,141.93,-0.015367,0.037436
576.8,144.2,-0.015506,0.036922
576.8,146.3,-0.015845,0.036278
576.8,148.58,-0.016199,0.035813
576.8,150.68,-0.016664,0.035483
576.8,152.95,-0.016692,0.035517
576.8,155.05,-0.016717,0.035594
576.8,157.33,-0.016504,0.035514
576.8,159.6,-0.016744,0.036053
576.8,161.7,-0.016563,0.036795
576.8,163.98,-0.016094,0.036878
576.8,166.25,-0.015484,0.037023
576.8,168.53,-0.014853,0.037069
576.8,170.63,-0.014209,0.037008
576.8,172.73,-0.013784,0.037374
576.8,175.0,-0.013781,0.037485
576.8,177.28,-0.013593,0.03743
576.8,179.55,-0.013547,0.037344
576.8,181.65,-0.013605,0.037399
576.8,183.93,-0.013719,0.037402
576.8,186.2,-0.01346,0.037319
576.8,188.3,-0.012964,0.037408
576.8,190.58,-0.01293,0.037036
576.8,192.85,-0.013445,0.03702
576.8,194.95,-0.013393,0.03747
576.8,197.23,-0.013759,0.037347
576.8,199.5,-0.014258,0.037775
576.8,201.6,-0.01408,0.037787
576.8,203.88,-0.013969,0.037855
576.8,206.15,-0.014086,0.037713
576.8,208.43,-0.014104,0.037723
576.8,210.53,-0.014027,0.037445
576.8,212.8,-0.014459,0.037134
576.8,215.08,-0.014446,0.036657
576.8,217.35,-0.014807,0.036262
576.8,219.63,-0.014751,0.035859
576.8,221.9,-0.015176,0.035868
576.8,224.18,-0.015266,0.035849
576.8,226.28,-0.01558,0.036004
576.8,228.55,-0.015478,0.036281
576.8,230.83,-0.015521,0.03665
576.8,232.93,-0.015595,0.036672
576.8,235.2,-0.015614,0.036672
576.8,237.48,-0.015438,0.036503
576.8,239.58,-0.015515,0.036715
576.8,241.85,-0.015623,0.036771
576.8,243.95,-0.015534,0.036943
576.8,246.23,-0.015586,0.037082
576.8,248.33,-0.015275,0.037066
576.8,250.6,-0.015204,0.037467
576.8,252.88,-0.015053,0.03727
576.8,255.15,-0.015195,0.037436
576.8,257.25,-0.015466,0.037248
576.8,259.53,-0.01562,0.037402
576.8,261.8,-0.01595,0.037029
576.8,263.9,-0.015962,0.037082
576.8,265.83,-0.015885,0.037106
576.8,268.28,-0.015497,0.036675
576.8,270.55,-0.015195,0.036666
576.8,272.83,-0.01489,0.036364
576.8,275.1,-0.014557,0.036278
576.8,277.38,-0.014061,0.036253
576.8,279.48,-0.014073,0.036755
576.8,281.75,-0.013827,0.036712
576.8,284.03,-0.013741,0.037073
576.8,286.3,-0.013685,0.037368
576.8,288.4,-0.013719,0.037131
576.8,290.68,-0.0142,0.036577
576.8,292.78,-0.01428,0.036161
576.8,295.05,-0.01416,0.035418
576.8,297.15,-0.014489,0.034707
576.8,299.43,-0.014489,0.034306
576.8,301.7,-0.0146,0.034109
576.8,303.8,-0.014418,0.033973
576.8,306.25,-0.014582,0.033933
576.8,308.35,-0.014671,0.034509
576.8,310.63,-0.014862,0.034386
576.8,312.9,-0.014807,0.034435
576.8,315.0,-0.014686,0.034389
576.8,317.28,-0.014406,0.034839
576.8,319.55,-0.0144,0.034734
576.8,321.65,-0.0142,0.035233
576.8,323.93,-0.014206,0.035594
576.8,326.2,-0.013688,0.035942
576.8,328.3,-0.013242,0.03621
576.8,330.58,-0.013269,0.036595
576.8,332.85,-0.013195,0.036681
576.8,334.95,-0.013368,0.036758
576.8,337.23,-0.013405,0.036164
576.8,339.5,-0.013411,0.03621
576.8,341.95,-0.013728,0.03617
576.8,344.05,-0.013713,0.036814
576.8,346.33,-0.014268,0.03783
576.8,348.6,-0.014264,0.038406
576.8,350.88,-0.01444,0.038939
576.8,352.98,-0.014908,0.039164
576.8,355.43,-0.015229,0.039479
576.8,357.53,-0.015463,0.039294
576.8,359.8,-0.015623,0.038995
576.8,362.08,-0.01595,0.038561
576.8,364.35,-0.016233,0.038083
576.8,366.63,-0.016307,0.037772
576.8,368.73,-0.016637,0.037396
576.8,371.0,-0.016347,0.037251
576.8,373.28,-0.016325,0.037026
576.8,375.38,-0.016332,0.036641
576.8,377.65,-0.016692,0.036253
576.8,379.93,-0.017176,0.035822
576.8,382.2,-0.017348,0.035196
576.8,384.48,-0.017752,0.035215
576.8,386.75,-0.017755,0.035095
576.8,388.85,-0.017632,0.035255
576.8,391.13,-0.017949,0.035545
576.8,393.4,-0.018057,0.035569
576.8,395.5,-0.01842,0.03552
576.8,397.78,-0.018898,0.035649
576.8,400.05,-0.019052,0.035236
576.8,402.15,-0.019332,0.03507
576.8,404.43,-0.019545,0.03483
576.8,406.7,-0.019526,0.034198
576.8,408.98,-0.019609,0.033702
576.8,411.08,-0.019985,0.033296
576.8,413.35,-0.019961,0.032858
576.8,415.63,-0.019927,0.032951
576.8,417.73,-0.019884,0.032547
576.8,420.0,-0.020361,0.032649
576.8,422.28,-0.020343,0.032901
576.8,424.38,-0.01993,0.032898
576.8,426.65,-0.019951,0.033339
576.8,428.93,-0.019616,0.033736
576.8,431.03,-0.019572,0.03405
576.8,433.3,-0.019144,0.034451
576.8,435.4,-0.019311,0.034349
576.8,437.68,-0.018836,0.034663
576.8,439.95,-0.018922,0.034839
576.8,442.05,-0.01851,0.035252
576.8,444.33,-0.018349,0.035283
576.8,446.6,-0.018513,0.035276
576.8,448.7,-0.01838,0.035122
576.8,450.98,-0.018405,0.035116
576.8,453.25,-0.018691,0.035153
576.8,455.53,-0.019215,0.035203
576.8,457.63,-0.019899,0.034744
576.8,459.9,-0.020281,0.034654
576.8,462.0,-0.021218,0.034491
576.8,464.28,-0.021418,0.034097
576.8,466.55,-0.021439,0.034097
576.8,468.83,-0.021821,0.033955
576.8,470.93,-0.021455,0.034106
576.8,473.2,-0.021513,0.034041
576.8,475.48,-0.021412,0.034075
576.8,477.58,-0.021427,0.034001
576.8,479.85,-0.02106,0.034047
576.8,482.13,-0.021107,0.03414
576.8,484.23,-0.021082,0.033952
576.8,486.5,-0.021122,0.034041
576.8,488.78,-0.020977,0.034488
576.8,490.88,-0.021402,0.034491
576.8,493.15,-0.02107,0.034426
576.8,495.43,-0.021159,0.034861
576.8,497.53,-0.02107,0.034784
576.8,499.8,-0.021461,0.035159
576.8,502.08,-0.021415,0.03528
576.8,504.18,-0.021661,0.035603
576.8,506.45,-0.021202,0.03524
576.8,508.73,-0.020817,0.035178
576.8,510.83,-0.020654,0.035073
576.8,513.1,-0.020244,0.034774
576.8,515.38,-0.020093,0.034383
576.8,517.65,-0.019563,0.034204
576.8,519.75,-0.019298,0.03393
576.8,522.03,-0.019332,0.033684
576.8,524.3,-0.018963,0.03369
576.8,526.4,-0.018824,0.033748
576.8,528.68,-0.018587,0.034134
576.8,530.95,-0.018553,0.034337
576.8,533.05,-0.018614,0.034639
576.8,535.33,-0.018229,0.034805
576.8,537.6,-0.017971,0.035221
576.8,539.88,-0.017561,0.035042
576.8,542.15,-0.017505,0.0356
576.8,544.25,-0.017471,0.035732
576.8,546.53,-0.017062,0.035976
576.8,548.8,-0.017099,0.036339
576.8,550.9,-0.017367,0.036185
576.8,553.18,-0.017385,0.036216
576.8,555.45,-0.017752,0.035957
576.8,557.55,-0.018112,0.035622
576.8,559.65,-0.018254,0.035175
576.8,562.1,-0.017955,0.035363
576.8,564.2,-0.018198,0.035739
576.8,566.48,-0.018097,0.03621
576.8,568.58,-0.018075,0.03665
576.8,570.85,-0.018091,0.037103
576.8,573.13,-0.017715,0.03731
576.8,575.23,-0.017909,0.037396
576.8,577.5,-0.017733,0.037396
576.8,579.78,-0.017653,0.037073
576.8,581.88,-0.017736,0.036524
576.8,584.15,-0.017662,0.036111
576.8,586.43,-0.018085,0.03597
576.8,588.53,-0.018165,0.035517
576.8,590.8,-0.01806,0.035618
576.8,592.9,-0.018174,0.035634
576.8,595.18,-0.017795,0.03552
576.8,597.45,-0.017838,0.035723
576.8,599.55,-0.017444,0.035896
576.8,601.83,-0.017293,0.03596
576.8,604.1,-0.017065,0.035566
576.8,606.38,-0.016865,0.035545
576.8,608.48,-0.016769,0.035434
576.8,610.75,-0.016627,0.035548
576.8,613.03,-0.01708,0.035304
576.8,615.13,-0.017102,0.035156
576.8,617.4,-0.01741,0.035286
576.8,619.68,-0.017287,0.035492
576.8,621.95,-0.017675,0.03604
576.8,624.05,-0.017736,0.036691
576.8,626.33,-0.017413,0.036789
576.8,628.6,-0.017425,0.037094
576.8,630.88,-0.016637,0.037418
576.8,632.98,-0.016261,0.037747
576.8,635.25,-0.015435,0.037821
576.8,637.53,-0.015204,0.038145
576.8,639.63,-0.01464,0.0382
576.8,641.9,-0.014366,0.03852
576.8,644.18,-0.013963,0.038684
576.8,646.28,-0.013248,0.038927
576.8,648.55,-0.013091,0.039651
576.8,650.65,-0.012638,0.039938
576.8,652.93,-0.012607,0.040366
576.8,655.2,-0.012582,0.040415
576.8,657.3,-0.012465,0.040347
576.8,659.58,-0.01225,0.040409
576.8,661.85,-0.012364,0.040665
576.8,664.13,-0.012089,0.040886
576.8,666.23,-0.01159,0.040739
576.8,668.5,-0.011569,0.04044
576.8,670.78,-0.011159,0.040378
576.8,672.88,-0.011122,0.039842
576.8,675.15,-0.011199,0.03971
576.8,677.25,-0.011042,0.039016
576.8,679.53,-0.010765,0.039143
576.8,681.8,-0.010854,0.038813
576.8,684.08,-0.010802,0.038785
576.8,686.18,-0.010404,0.038829
576.8,688.45,-0.009939,0.038499
612.85,11.2,-0.017015,0.033425
612.85,13.48,-0.016988,0.032492
612.85,15.75,-0.016975,0.032251
612.85,18.03,-0.017361,0.031783
612.85,20.3,-0.017786,0.031829
612.85,22.58,-0.018044,0.031429
612.85,24.85,-0.018091,0.031589
612.85,27.13,-0.018029,0.031558
612.85,29.4,-0.018239,0.031903
612.85,31.68,-0.018091,0.032282
612.85,33.95,-0.018155,0.032279
612.85,36.05,-0.01822,0.032525
612.85,38.33,-0.01777,0.032565
612.85,40.43,-0.017881,0.032239
612.85,42.88,-0.017444,0.031931
612.85,44.98,-0.017444,0.031866
612.85,47.25,-0.016945,0.031841
612.85,49.35,-0.017,0.031808
612.85,51.63,-0.01659,0.032156
612.85,53.9,-0.016208,0.032177
612.85,56.0,-0.016242,0.032519
612.85,58.28,-0.016695,0.032507
612.85,60.55,-0.016556,0.032602
612.85,62.65,-0.016686,0.03223
612.85,64.93,-0.01672,0.031974
612.85,67.2,-0.016707,0.031829
612.85,69.65,-0.017166,0.031503
612.85,71.93,-0.017739,0.031493
612.85,74.2,-0.0181,0.031398
612.85,76.3,-0.018442,0.031419
612.85,78.58,-0.018969,0.03145
612.85,80.85,-0.019295,0.031524
612.85,82.95,-0.019123,0.031345
612.85,85.23,-0.019169,0.031459
612.85,87.33,-0.01887,0.031312
612.85,89.6,-0.018445,0.031496
612.85,91.7,-0.018439,0.03141
612.85,93.98,-0.018553,0.031423
612.85,96.25,-0.018359,0.031503
612.85,98.7,-0.018328,0.031275
612.85,100.8,-0.018864,0.031456
612.85,103.08,-0.01944,0.031339
612.85,105.18,-0.019794,0.031309
612.85,107.63,-0.019967,0.031142
612.85,109.9,-0.020361,0.031392
612.85,112.0,-0.020407,0.031496
612.85,114.28,-0.02038,0.031493
612.85,116.55,-0.019945,0.031444
612.85,118.83,-0.019945,0.031771
612.85,120.93,-0.01952,0.032119
612.85,123.2,-0.019375,0.032177
612.85,125.65,-0.019246,0.032642
612.85,127.75,-0.019668,0.032498
612.85,130.03,-0.019668,0.032525
612.85,132.3,-0.019157,0.032094
612.85,134.58,-0.018775,0.032461
612.85,136.85,-0.018476,0.032504
612.85,139.13,-0.018211,0.032944
612.85,141.23,-0.018115,0.032929
612.85,143.5,-0.017857,0.032867
612.85,145.78,-0.017767,0.032495
612.85,147.88,-0.017773,0.032575
612.85,150.15,-0.017533,0.032559
612.85,152.25,-0.017342,0.032146
612.85,154.53,-0.017065,0.03215
612.85,156.8,-0.016975,0.032153
612.85,158.9,-0.017388,0.031795
612.85,161.18,-0.017709,0.03182
612.85,163.63,-0.018491,0.031419
612.85,165.73,-0.018476,0.031
612.85,168.0,-0.018932,0.030631
612.85,170.28,-0.018528,0.029827
612.85,172.38,-0.018482,0.029457
612.85,174.65,-0.01843,0.029509
612.85,176.93,-0.018661,0.029417
612.85,179.03,-0.018824,0.029568
612.85,181.3,-0.018821,0.029962
612.85,183.58,-0.018916,0.030273
612.85,185.85,-0.019147,0.03076
612.85,187.95,-0.019471,0.031065
612.85,190.23,-0.020044,0.031413
612.85,192.33,-0.01989,0.031379
612.85,194.6,-0.020454,0.031407
612.85,196.88,-0.020358,0.031459
612.85,198.98,-0.0207,0.031444
612.85,201.25,-0.020848,0.031453
612.85,203.35,-0.021122,0.031395
612.85,205.63,-0.021319,0.03145
612.85,207.9,-0.021356,0.031401
612.85,210.18,-0.02188,0.031382
612.85,212.45,-0.021957,0.031379
612.85,214.55,-0.021868,0.031456
612.85,216.83,-0.021794,0.0315
612.85,218.93,-0.021532,0.031401
612.85,221.38,-0.021008,0.031746
612.85,223.48,-0.020836,0.031805
612.85,225.75,-0.020296,0.031691
612.85,228.03,-0.020133,0.03174
612.85,230.3,-0.019921,0.031752
612.85,232.4,-0.019948,0.031903
612.85,234.68,-0.020293,0.032282
612.85,236.78,-0.020392,0.032131
612.85,239.23,-0.020303,0.032168
612.85,241.33,-0.020765,0.03211
612.85,243.6,-0.020463,0.032183
612.85,245.88,-0.020296,0.031915
612.85,247.98,-0.019958,0.031882
612.85,250.25,-0.019705,0.031906
612.85,252.35,-0.019677,0.031878
612.85,254.63,-0.019261,0.032313
612.85,256.73,-0.019243,0.032131
612.85,259.0,-0.01916,0.031709
612.85,261.28,-0.019157,0.031841
612.85,263.38,-0.01924,0.031829
612.85,265.3,-0.019052,0.031792
612.85,267.75,-0.019579,0.031561
612.85,270.03,-0.019742,0.031367
612.85,272.13,-0.02009,0.031429
612.85,274.4,-0.02001,0.031463
612.85,276.68,-0.019434,0.03178
612.85,278.78,-0.019212,0.032282
612.85,281.05,-0.018947,0.03247
612.85,283.15,-0.018885,0.032892
612.85,285.43,-0.018981,0.033271
612.85,287.7,-0.018775,0.033311
612.85,289.8,-0.01843,0.033363
612.85,292.08,-0.018066,0.033397
612.85,294.35,-0.017789,0.03337
612.85,296.45,-0.017336,0.033182
612.85,298.73,-0.017407,0.033678
612.85,300.83,-0.017493,0.03357
612.85,303.1,-0.01765,0.033308
612.85,305.38,-0.017401,0.033348
612.85,307.65,-0.017471,0.033317
612.85,309.75,-0.017434,0.033225
612.85,312.03,-0.01773,0.033397
612.85,314.3,-0.017832,0.03332
612.85,316.4,-0.017675,0.033366
612.85,318.68,-0.018118,0.0334
612.85,320.95,-0.018001,0.033237
612.85,323.05,-0.018553,0.032744
612.85,325.33,-0.019249,0.032199
612.85,327.6,-0.020121,0.031792
612.85,329.88,-0.020278,0.031358
612.85,331.98,-0.020561,0.031386
612.85,334.25,-0.021017,0.031007
612.85,336.53,-0.021159,0.031161
612.85,338.63,-0.021085,0.03117
612.85,340.9,-0.020678,0.030988
612.85,343.0,-0.020608,0.031376
612.85,345.28,-0.020263,0.031558
612.85,347.55,-0.020013,0.031992
612.85,349.65,-0.019338,0.032257
612.85,351.93,-0.0196,0.032553
612.85,354.03,-0.019631,0.032532
612.85,356.3,-0.019918,0.032205
612.85,358.58,-0.020167,0.032285
612.85,360.68,-0.02009,0.032245
612.85,362.95,-0.019961,0.031771
612.85,365.23,-0.01989,0.031632
612.85,367.33,-0.020441,0.031527
612.85,369.78,-0.0205,0.031413
612.85,371.88,-0.020765,0.031694
612.85,374.15,-0.021147,0.031835
612.85,376.43,-0.021221,0.032196
612.85,378.7,-0.021224,0.03247
612.85,380.98,-0.020993,0.032855
612.85,383.25,-0.02119,0.033015
612.85,385.35,-0.020743,0.032935
612.85,387.8,-0.020752,0.033286
612.85,389.9,-0.020398,0.033351
612.85,392.18,-0.020361,0.032954
612.85,394.45,-0.019918,0.032522
612.85,396.55,-0.020084,0.032257
612.85,398.83,-0.020059,0.031814
612.85,401.1,-0.02038,0.031463
612.85,403.2,-0.020518,0.03157
612.85,405.48,-0.020672,0.031127
612.85,407.75,-0.020512,0.031081
612.85,409.85,-0.020814,0.030483
612.85,412.13,-0.020574,0.029894
612.85,414.4,-0.020814,0.02971
612.85,416.68,-0.021008,0.029155
612.85,418.95,-0.021205,0.029063
612.85,421.05,-0.021566,0.028841
612.85,423.33,-0.022071,0.029004
612.85,425.6,-0.022502,0.029109
612.85,427.7,-0.022921,0.029512
612.85,429.98,-0.023229,0.029876
612.85,432.25,-0.023898,0.030329
612.85,434.53,-0.024437,0.030732
612.85,436.63,-0.024363,0.030754
612.85,438.9,-0.024597,0.031028
612.85,441.18,-0.024779,0.031191
612.85,443.28,-0.025096,0.031413
612.85,445.55,-0.025546,0.031521
612.85,447.83,-0.025601,0.031512
612.85,449.93,-0.02574,0.031447
612.85,452.2,-0.025768,0.031392
612.85,454.48,-0.026276,0.031358
612.85,456.75,-0.026187,0.031697
612.85,459.03,-0.026578,0.031891
612.85,461.13,-0.026504,0.032066
612.85,463.4,-0.02643,0.032171
612.85,465.68,-0.026865,0.032285
612.85,467.78,-0.027438,0.03222
612.85,470.05,-0.027548,0.031888
612.85,472.15,-0.027773,0.031848
612.85,474.43,-0.027724,0.031521
612.85,476.7,-0.027644,0.031426
612.85,478.8,-0.027696,0.031543
612.85,481.08,-0.027468,0.031444
612.85,483.35,-0.026831,0.031284
612.85,485.63,-0.026618,0.031392
612.85,487.73,-0.025802,0.031435
612.85,490.0,-0.025472,0.031056
612.85,492.1,-0.02545,0.031105
612.85,494.38,-0.025244,0.031022
612.85,496.65,-0.025207,0.031019
612.85,498.93,-0.025124,0.031145
612.85,501.03,-0.02476,0.031376
612.85,503.3,-0.024508,0.031835
612.85,505.58,-0.024508,0.03223
612.85,507.68,-0.024323,0.032106
612.85,509.95,-0.024545,0.031952
612.85,512.23,-0.024443,0.031681
612.85,514.5,-0.024255,0.031367
612.85,516.6,-0.024267,0.03089
612.85,518.88,-0.02436,0.030705
612.85,521.15,-0.024394,0.030159
612.85,523.43,-0.024385,0.030267
612.85,525.7,-0.024363,0.030196
612.85,527.8,-0.02444,0.030748
612.85,530.08,-0.024385,0.03105
612.85,532.35,-0.024378,0.031028
612.85,534.45,-0.024449,0.031047
612.85,536.73,-0.025272,0.030597
612.85,539.0,-0.025586,0.030313
612.85,541.1,-0.026073,0.030215
612.85,543.38,-0.026664,0.030412
612.85,545.65,-0.026911,0.030119
612.85,547.75,-0.027382,0.030323
612.85,550.03,-0.02745,0.030338
612.85,552.3,-0.027089,0.02999
612.85,554.58,-0.026938,0.03015
612.85,556.68,-0.026661,0.03039
612.85,558.95,-0.026476,0.030548
612.85,561.05,-0.027065,0.030705
612.85,563.33,-0.027256,0.030923
612.85,565.6,-0.027758,0.030979
612.85,567.7,-0.027681,0.031096
612.85,569.98,-0.027625,0.031339
612.85,572.25,-0.027675,0.031373
612.85,574.35,-0.027265,0.031426
612.85,576.63,-0.027345,0.031345
612.85,578.9,-0.026951,0.031398
612.85,581.0,-0.026945,0.031419
612.85,583.28,-0.027065,0.031244
612.85,585.55,-0.027133,0.031028
612.85,587.65,-0.026898,0.030538
612.85,589.93,-0.026994,0.030662
612.85,592.2,-0.027065,0.030218
612.85,594.3,-0.027271,0.030218
612.85,596.58,-0.027391,0.030286
612.85,598.85,-0.02757,0.030286
612.85,600.95,-0.027669,0.030236
612.85,603.23,-0.027613,0.030375
612.85,605.5,-0.027585,0.03015
612.85,607.6,-0.027736,0.029916
612.85,609.88,-0.027176,0.029522
612.85,611.98,-0.027357,0.029626
612.85,614.25,-0.027361,0.029599
612.85,616.53,-0.02688,0.029528
612.85,618.8,-0.027025,0.029466
612.85,620.9,-0.026519,0.029497
612.85,623.18,-0.026199,0.029913
612.85,625.45,-0.025811,0.029864
612.85,627.55,-0.025472,0.029839
612.85,629.83,-0.025019,0.030313
612.85,632.1,-0.024683,0.030193
612.85,634.2,-0.024006,0.030243
612.85,636.48,-0.023636,0.030264
612.85,638.75,-0.023316,0.030295
612.85,641.03,-0.02286,0.030643
612.85,643.3,-0.022783,0.030529
612.85,645.4,-0.023066,0.03072
612.85,647.68,-0.02257,0.03092
612.85,649.95,-0.021905,0.031533
612.85,652.05,-0.021498,0.031503
612.85,654.33,-0.020974,0.031672
612.85,656.43,-0.020916,0.032119
612.85,658.7,-0.021566,0.03247
612.85,660.98,-0.021285,0.032704
612.85,663.25,-0.021772,0.032818
612.85,665.35,-0.021772,0.032858
612.85,667.63,-0.021865,0.03291
612.85,669.73,-0.021797,0.032914
612.85,672.0,-0.021729,0.033102
612.85,674.28,-0.021526,0.03336
612.85,676.38,-0.021159,0.033348
612.85,678.65,-0.020694,0.033647
612.85,680.93,-0.020247,0.03361
612.85,683.2,-0.019939,0.033579
612.85,685.3,-0.019542,0.033678
612.85,687.58,-0.019169,0.033998
649.07,11.55,-0.019311,0.033644
649.07,13.83,-0.018836,0.0334
649.07,16.28,-0.018528,0.033345
649.07,18.55,-0.018115,0.033237
649.07,20.65,-0.017749,0.033536
649.07,22.93,-0.017545,0.03373
649.07,25.2,-0.016791,0.033634
649.07,27.3,-0.017071,0.033302
649.07,29.58,-0.017012,0.033345
649.07,31.85,-0.017157,0.033209
649.07,33.95,-0.016892,0.033111
649.07,36.23,-0.017086,0.033277
649.07,38.5,-0.017123,0.033385
649.07,40.78,-0.017056,0.033243
649.07,42.88,-0.016997,0.033403
649.07,45.15,-0.017191,0.033271
649.07,47.43,-0.016646,0.033557
649.07,49.7,-0.016621,0.033715
649.07,51.8,-0.016393,0.033283
649.07,54.08,-0.016304,0.032917
649.07,56.35,-0.016251,0.03271
649.07,58.45,-0.016328,0.032522
649.07,60.73,-0.016797,0.032507
649.07,62.83,-0.017034,0.032969
649.07,65.1,-0.017444,0.032932
649.07,67.38,-0.018242,0.032932
649.07,69.65,-0.018525,0.03271
649.07,71.75,-0.018516,0.03243
649.07,74.03,-0.018149,0.032159
649.07,76.3,-0.018125,0.032085
649.07,78.4,-0.017632,0.03214
649.07,80.68,-0.017733,0.032223
649.07,83.13,-0.01724,0.032612
649.07,85.4,-0.016855,0.032824
649.07,87.5,-0.017059,0.033514
649.07,89.78,-0.016932,0.033588
649.07,91.88,-0.017487,0.033699
649.07,94.15,-0.017792,0.033262
649.07,96.43,-0.017924,0.032892
649.07,98.7,-0.018288,0.032399
649.07,100.8,-0.01846,0.03206
649.07,103.08,-0.018473,0.032122
649.07,105.18,-0.018417,0.032156
649.07,107.45,-0.018485,0.032239
649.07,109.73,-0.018488,0.031841
649.07,111.83,-0.01843,0.031878
649.07,114.1,-0.018349,0.031795
649.07,116.38,-0.018479,0.03149
649.07,118.48,-0.018057,0.031558
649.07,120.75,-0.018531,0.031456
649.07,122.85,-0.018436,0.031755
649.07,125.13,-0.018531,0.031826
649.07,127.4,-0.018824,0.032267
649.07,129.5,-0.018778,0.032257
649.07,131.78,-0.018892,0.032177
649.07,134.05,-0.01891,0.031885
649.07,136.33,-0.01879,0.031869
649.07,138.43,-0.018861,0.031416
649.07,140.7,-0.018753,0.031441
649.07,142.98,-0.019061,0.031524
649.07,145.08,-0.019317,0.031136
649.07,147.35,-0.019674,0.031096
649.07,149.63,-0.020404,0.030677
649.07,151.73,-0.020839,0.030766
649.07,154.0,-0.021643,0.030788
649.07,156.28,-0.022114,0.030739
649.07,158.38,-0.022524,0.030625
649.07,160.65,-0.022903,0.030683
649.07,162.93,-0.022927,0.03105
649.07,165.03,-0.023017,0.03109
649.07,167.3,-0.022607,0.031145
649.07,169.4,-0.02261,0.031
649.07,171.68,-0.022382,0.031136
649.07,173.95,-0.022314,0.031552
649.07,176.05,-0.021812,0.031475
649.07,178.33,-0.021772,0.031367
649.07,180.43,-0.021843,0.031398
649.07,182.7,-0.021917,0.031426
649.07,184.98,-0.022194,0.03109
649.07,187.25,-0.022253,0.030591
649.07,189.35,-0.022604,0.030658
649.07,191.63,-0.022545,0.030665
649.07,193.73,-0.022662,0.030699
649.07,196.18,-0.022696,0.030736
649.07,198.28,-0.022588,0.030628
649.07,200.55,-0.02257,0.031062
649.07,202.83,-0.022964,0.031121
649.07,205.1,-0.022696,0.031367
649.07,207.2,-0.022998,0.031506
649.07,209.48,-0.023174,0.031124
649.07,211.75,-0.023353,0.030782
649.07,214.03,-0.023926,0.030705
649.07,216.3,-0.024378,0.030332
649.07,218.4,-0.024348,0.02991
649.07,220.68,-0.024375,0.029506
649.07,222.95,-0.024431,0.029565
649.07,225.23,-0.024298,0.029753
649.07,227.5,-0.024406,0.030005
649.07,229.78,-0.024345,0.030236
649.07,231.7,-0.024492,0.030748
649.07,234.15,-0.024437,0.030671
649.07,236.43,-0.023904,0.031041
649.07,238.7,-0.023781,0.030979
649.07,240.8,-0.023479,0.031099
649.07,243.08,-0.023371,0.031034
649.07,245.35,-0.023386,0.031068
649.07,247.45,-0.023704,0.031065
649.07,249.73,-0.023756,0.030689
649.07,251.83,-0.02359,0.030495
649.07,254.1,-0.023682,0.030323
649.07,256.38,-0.023359,0.030283
649.07,258.48,-0.02293,0.03027
649.07,260.75,-0.022462,0.030745
649.07,263.03,-0.021892,0.031148
649.07,265.13,-0.021446,0.031453
649.07,267.4,-0.02115,0.031925
649.07,269.68,-0.021128,0.032522
649.07,271.95,-0.020811,0.033012
649.07,274.05,-0.020275,0.033582
649.07,276.33,-0.020022,0.033995
649.07,278.6,-0.019582,0.034053
649.07,280.7,-0.019634,0.034463
649.07,282.98,-0.019418,0.034454
649.07,285.08,-0.019166,0.034423
649.07,287.35,-0.018775,0.034833
649.07,289.63,-0.019246,0.034861
649.07,291.73,-0.019175,0.03474
649.07,294.0,-0.019264,0.034408
649.07,296.28,-0.019736,0.034423
649.07,298.38,-0.019606,0.033918
649.07,300.65,-0.019714,0.033659
649.07,302.93,-0.019434,0.033166
649.07,305.03,-0.019785,0.032689
649.07,307.3,-0.019819,0.032612
649.07,309.4,-0.019643,0.032516
649.07,311.68,-0.020025,0.03219
649.07,313.95,-0.020355,0.032214
649.07,316.4,-0.020232,0.032131
649.07,318.68,-0.020004,0.032146
649.07,320.95,-0.019656,0.032325
649.07,323.05,-0.01932,0.032923
649.07,325.5,-0.01883,0.033711
649.07,327.78,-0.018873,0.034281
649.07,330.05,-0.018771,0.034571
649.07,332.15,-0.019126,0.034805
649.07,334.6,-0.019588,0.035162
649.07,336.7,-0.019757,0.035172
649.07,338.98,-0.019995,0.035193
649.07,341.25,-0.020444,0.034814
649.07,343.35,-0.020682,0.034821
649.07,345.63,-0.02098,0.034448
649.07,347.73,-0.020715,0.033866
649.07,350.0,-0.020207,0.033604
649.07,352.28,-0.019693,0.033326
649.07,354.38,-0.019224,0.033179
649.07,356.65,-0.018919,0.033283
649.07,358.93,-0.018827,0.033354
649.07,361.03,-0.018944,0.033274
649.07,363.3,-0.018633,0.032947
649.07,365.58,-0.01911,0.032824
649.07,367.68,-0.01956,0.03255
649.07,369.95,-0.020081,0.032082
649.07,372.23,-0.020438,0.032165
649.07,374.5,-0.020401,0.031783
649.07,376.6,-0.020383,0.031361
649.07,378.88,-0.020438,0.031426
649.07,381.15,-0.020041,0.031555
649.07,383.25,-0.020457,0.031386
649.07,385.53,-0.02037,0.031404
649.07,387.8,-0.020792,0.031395
649.07,389.9,-0.021159,0.031552
649.07,392.18,-0.021572,0.031426
649.07,394.45,-0.021991,0.031367
649.07,396.55,-0.021849,0.031487
649.07,398.83,-0.021868,0.031081
649.07,401.1,-0.021797,0.031087
649.07,403.2,-0.021541,0.031022
649.07,405.48,-0.021547,0.030803
649.07,407.75,-0.021926,0.030723
649.07,409.85,-0.021806,0.030668
649.07,412.13,-0.022308,0.030785
649.07,414.4,-0.022681,0.030757
649.07,416.68,-0.023174,0.030705
649.07,418.78,-0.023608,0.030344
649.07,421.05,-0.023698,0.030307
649.07,423.33,-0.024107,0.030307
649.07,425.43,-0.0244,0.030221
649.07,427.7,-0.02448,0.030233
649.07,429.8,-0.024807,0.030683
649.07,432.08,-0.024822,0.030692
649.07,434.35,-0.024804,0.031025
649.07,436.45,-0.024819,0.031179
649.07,438.73,-0.025041,0.031047
649.07,441.0,-0.024717,0.030646
649.07,443.28,-0.02476,0.030649
649.07,445.73,-0.024828,0.030692
649.07,448.0,-0.025142,0.030705
649.07,450.28,-0.025497,0.031053
649.07,452.55,-0.025832,0.031567
649.07,454.65,-0.02595,0.031478
649.07,456.93,-0.025919,0.031339
649.07,459.2,-0.025836,0.031022
649.07,461.3,-0.025897,0.030699
649.07,463.58,-0.025823,0.030495
649.07,465.85,-0.025814,0.030341
649.07,467.95,-0.02586,0.029925
649.07,470.23,-0.026153,0.029981
649.07,472.33,-0.026239,0.029873
649.07,474.6,-0.026335,0.030212
649.07,476.88,-0.026362,0.030341
649.07,478.98,-0.02663,0.030674
649.07,481.25,-0.026935,0.031074
649.07,483.53,-0.027499,0.031142
649.07,485.63,-0.027724,0.031047
649.07,487.9,-0.027675,0.031071
649.07,490.18,-0.02793,0.031022
649.07,492.28,-0.028063,0.030692
649.07,494.55,-0.02793,0.030196
649.07,496.83,-0.027977,0.030212
649.07,498.93,-0.0281,0.029978
649.07,501.2,-0.028103,0.029553
649.07,503.48,-0.028134,0.029562
649.07,505.75,-0.02794,0.029183
649.07,507.85,-0.028038,0.02909
649.07,510.13,-0.028069,0.028767
649.07,512.23,-0.027995,0.028634
649.07,514.5,-0.027992,0.029183
649.07,516.78,-0.028602,0.029562
649.07,518.88,-0.028645,0.029762
649.07,521.15,-0.028962,0.030273
649.07,523.43,-0.029135,0.030649
649.07,525.53,-0.029261,0.031198
649.07,527.8,-0.029264,0.031533
649.07,529.9,-0.028849,0.03157
649.07,532.18,-0.028738,0.031318
649.07,534.45,-0.028476,0.03109
649.07,536.73,-0.028488,0.031044
649.07,539.0,-0.028057,0.031074
649.07,541.1,-0.027641,0.031037
649.07,543.38,-0.027515,0.03137
649.07,545.65,-0.027721,0.031493
649.07,547.75,-0.027555,0.031401
649.07,550.03,-0.027659,0.031355
649.07,552.3,-0.027582,0.031361
649.07,554.4,-0.02757,0.031444
649.07,556.68,-0.028088,0.031108
649.07,558.95,-0.028088,0.030683
649.07,561.05,-0.028017,0.030394
649.07,563.33,-0.028084,0.030323
649.07,565.6,-0.027709,0.030313
649.07,567.7,-0.027733,0.030323
649.07,569.98,-0.027783,0.030366
649.07,572.08,-0.027299,0.030295
649.07,574.35,-0.027308,0.030723
649.07,576.45,-0.026889,0.030705
649.07,578.73,-0.027438,0.031136
649.07,581.0,-0.027487,0.031342
649.07,583.28,-0.027539,0.03141
649.07,585.55,-0.028155,0.031503
649.07,587.65,-0.028069,0.031459
649.07,589.93,-0.028004,0.0315
649.07,592.2,-0.027758,0.031413
649.07,594.3,-0.027666,0.031752
649.07,596.58,-0.027499,0.032257
649.07,598.85,-0.027015,0.032442
649.07,600.95,-0.0272,0.032679
649.07,603.23,-0.026945,0.032824
649.07,605.33,-0.026935,0.032929
649.07,607.6,-0.026593,0.032433
649.07,609.88,-0.026778,0.032636
649.07,612.15,-0.026239,0.032492
649.07,614.43,-0.025823,0.032646
649.07,616.53,-0.025531,0.032575
649.07,618.8,-0.025534,0.033061
649.07,620.9,-0.025595,0.033203
649.07,623.18,-0.025555,0.032914
649.07,625.45,-0.025854,0.033061
649.07,627.55,-0.025808,0.032461
649.07,629.83,-0.026208,0.032618
649.07,631.93,-0.026282,0.032938
649.07,634.2,-0.026572,0.032947
649.07,636.48,-0.02655,0.03291
649.07,638.58,-0.026677,0.032877
649.07,640.85,-0.02623,0.032895
649.07,643.13,-0.025836,0.032972
649.07,645.4,-0.025487,0.033018
649.07,647.5,-0.024699,0.032988
649.07,649.95,-0.024021,0.032904
649.07,652.05,-0.023587,0.033271
649.07,654.33,-0.023168,0.033299
649.07,656.43,-0.023411,0.033425
649.07,658.7,-0.022986,0.033693
649.07,660.98,-0.02289,0.033693
649.07,663.43,-0.023017,0.034127
649.07,665.7,-0.022847,0.034817
649.07,667.8,-0.022681,0.035101
649.07,670.08,-0.022475,0.035455
649.07,672.35,-0.022515,0.035581
649.07,674.63,-0.022148,0.035575
649.07,677.08,-0.022222,0.035193
649.07,679.18,-0.021754,0.034913
649.07,681.45,-0.021353,0.034759
649.07,683.73,-0.021094,0.035224
649.07,686.0,-0.020814,0.035159
649.07,688.1,-0.020355,0.035273
685.12,11.38,-0.026036,0.03158
685.12,13.65,-0.025906,0.031367
685.12,15.75,-0.025509,0.031355
685.12,18.03,-0.0253,0.031435
685.12,20.3,-0.025432,0.031355
685.12,22.58,-0.025515,0.031389
685.12,24.68,-0.025623,0.031466
685.12,26.95,-0.025808,0.031743
685.12,29.23,-0.026387,0.03178
685.12,31.5,-0.026227,0.032171
685.12,33.6,-0.026581,0.032069
685.12,35.88,-0.0266,0.032205
685.12,38.15,-0.0266,0.032445
685.12,40.25,-0.026523,0.032532
685.12,42.53,-0.026677,0.032532
685.12,44.8,-0.026649,0.032692
685.12,47.08,-0.026581,0.032602
685.12,49.18,-0.026285,0.032476
685.12,51.45,-0.026147,0.032448
685.12,53.73,-0.025946,0.032159
685.12,55.83,-0.025946,0.031783
685.12,58.1,-0.025521,0.031469
685.12,60.2,-0.025555,0.031312
685.12,62.48,-0.025463,0.031379
685.12,64.58,-0.025503,0.031475
685.12,66.85,-0.025293,0.031573
685.12,68.95,-0.024834,0.031435
685.12,71.23,-0.024529,0.031364
685.12,73.33,-0.024323,0.031379
685.12,75.6,-0.024363,0.031426
685.12,77.88,-0.024723,0.031404
685.12,80.15,-0.025056,0.031389
685.12,82.43,-0.025142,0.031407
685.12,84.7,-0.025558,0.031154
685.12,86.8,-0.025574,0.031053
685.12,89.08,-0.02586,0.031013
685.12,91.18,-0.025971,0.030945
685.12,93.45,-0.026174,0.03101
685.12,95.73,-0.026584,0.03097
685.12,97.83,-0.026677,0.031081
685.12,100.1,-0.026661,0.030945
685.12,102.2,-0.026344,0.031034
685.12,104.48,-0.026051,0.031056
685.12,106.75,-0.025703,0.031056
685.12,109.03,-0.025247,0.031
685.12,111.13,-0.02477,0.031065
685.12,113.4,-0.023972,0.031056
685.12,115.68,-0.023232,0.030597
685.12,117.78,-0.022912,0.030471
685.12,120.05,-0.02293,0.030317
685.12,122.33,-0.022934,0.030187
685.12,124.43,-0.023312,0.030255
685.12,126.7,-0.023309,0.03064
685.12,128.98,-0.023294,0.030655
685.12,131.08,-0.023211,0.030939
685.12,133.35,-0.022878,0.03097
685.12,135.63,-0.022875,0.030677
685.12,137.73,-0.023402,0.030655
685.12,140.0,-0.023818,0.0306
685.12,142.28,-0.024572,0.030551
685.12,144.38,-0.025512,0.030354
685.12,146.65,-0.026627,0.030249
685.12,148.93,-0.027804,0.029861
685.12,151.03,-0.028731,0.029398
685.12,153.3,-0.029696,0.029007
685.12,155.58,-0.030226,0.028659
685.12,157.68,-0.031211,0.028351
685.12,159.95,-0.032163,0.028755
685.12,162.23,-0.032761,0.028782
685.12,164.33,-0.033183,0.02897
685.12,166.6,-0.033269,0.029097
685.12,168.7,-0.03379,0.029454
685.12,170.98,-0.03358,0.029442
685.12,173.25,-0.033353,0.029509
685.12,175.35,-0.033288,0.029562
685.12,177.45,-0.033186,0.029808
685.12,179.9,-0.033017,0.029898
685.12,182.0,-0.032863,0.029506
685.12,184.28,-0.032493,0.029134
685.12,186.55,-0.032173,0.028733
685.12,188.83,-0.032114,0.028348
685.12,190.93,-0.031806,0.028385
685.12,193.2,-0.031603,0.028391
685.12,195.48,-0.031439,0.028357
685.12,197.58,-0.031467,0.028163
685.12,199.85,-0.031418,0.027886
685.12,202.13,-0.031972,0.02743
685.12,204.23,-0.032441,0.026869
685.12,206.5,-0.033334,0.026404
685.12,208.6,-0.033842,0.026111
685.12,210.88,-0.034443,0.025468
685.12,213.15,-0.035229,0.025406
685.12,215.25,-0.035469,0.025313
685.12,217.53,-0.035521,0.025344
685.12,219.63,-0.035377,0.02523
685.12,221.9,-0.035377,0.025803
685.12,224.18,-0.035906,0.025859
685.12,226.28,-0.0361,0.025766
685.12,228.38,-0.036285,0.025806
685.12,230.65,-0.036492,0.02576
685.12,232.93,-0.036486,0.025726
685.12,235.2,-0.036997,0.025788
685.12,237.48,-0.037293,0.026145
685.12,239.58,-0.037622,0.026478
685.12,241.85,-0.037604,0.026949
685.12,243.95,-0.037561,0.026848
685.12,246.23,-0.037524,0.026891
685.12,248.5,-0.036926,0.026835
685.12,250.78,-0.036495,0.026481
685.12,253.4,-0.036076,0.026145
685.12,255.5,-0.035401,0.025822
685.12,257.78,-0.034831,0.02572
685.12,260.05,-0.034317,0.025772
685.12,262.33,-0.033568,0.025846
685.12,264.6,-0.0331,0.025726
685.12,266.7,-0.032909,0.025739
685.12,268.98,-0.032829,0.026161
685.12,271.25,-0.032545,0.026071
685.12,273.35,-0.032564,0.026509
685.12,275.63,-0.03225,0.026838
685.12,277.9,-0.032077,0.027525
685.12,280.0,-0.031883,0.027997
685.12,282.28,-0.031831,0.028376
685.12,284.55,-0.031784,0.028715
685.12,286.65,-0.031784,0.028758
685.12,288.93,-0.032166,0.028773
685.12,291.03,-0.032163,0.028724
685.12,293.3,-0.03184,0.029103
685.12,295.58,-0.03172,0.029053
685.12,297.68,-0.031365,0.029362
685.12,299.95,-0.031011,0.029851
685.12,302.05,-0.030561,0.030209
685.12,304.33,-0.03054,0.030249
685.12,306.6,-0.03037,0.030575
685.12,308.7,-0.029924,0.031133
685.12,310.98,-0.02964,0.030994
685.12,313.25,-0.029289,0.031047
685.12,315.53,-0.029024,0.03097
685.12,318.15,-0.028815,0.031419
685.12,320.43,-0.028867,0.031361
685.12,322.7,-0.028796,0.031404
685.12,324.8,-0.02907,0.031318
685.12,327.25,-0.029218,0.031419
685.12,329.53,-0.02916,0.031786
685.12,331.8,-0.029237,0.032208
685.12,333.9,-0.029157,0.032507
685.12,336.7,-0.029117,0.032963
685.12,338.8,-0.028913,0.032972
685.12,341.08,-0.028768,0.032482
685.12,343.18,-0.028716,0.032023
685.12,345.28,-0.02915,0.032304
685.12,347.73,-0.029505,0.032113
685.12,349.83,-0.029545,0.032106
685.12,352.1,-0.029896,0.032159
685.12,354.38,-0.029837,0.032165
685.12,356.48,-0.029982,0.03214
685.12,358.75,-0.029905,0.032285
685.12,360.85,-0.02977,0.032156
685.12,363.13,-0.030352,0.032137
685.12,365.4,-0.030343,0.031755
685.12,367.5,-0.030869,0.031339
685.12,369.78,-0.03159,0.031441
685.12,372.05,-0.031655,0.031148
685.12,374.15,-0.031865,0.030594
685.12,376.43,-0.03163,0.030132
685.12,378.7,-0.03176,0.029466
685.12,380.8,-0.03184,0.028736
685.12,383.08,-0.031603,0.028339
685.12,385.35,-0.03123,0.027649
685.12,387.45,-0.030962,0.027578
685.12,389.73,-0.030663,0.027606
685.12,391.83,-0.030315,0.027646
685.12,394.1,-0.030195,0.027719
685.12,396.38,-0.03025,0.028018
685.12,398.48,-0.030195,0.028037
685.12,400.75,-0.030571,0.027676
685.12,403.03,-0.031079,0.027738
685.12,405.3,-0.031325,0.027319
685.12,407.58,-0.031689,0.0269
685.12,409.68,-0.032197,0.026518
685.12,411.95,-0.032478,0.026333
685.12,414.23,-0.033217,0.026247
685.12,416.33,-0.033574,0.025846
685.12,418.6,-0.033821,0.025809
685.12,420.88,-0.034203,0.025492
685.12,422.98,-0.034455,0.025052
685.12,425.25,-0.034742,0.024851
685.12,427.53,-0.034616,0.024673
685.12,429.63,-0.034686,0.0247
685.12,431.9,-0.034486,0.024512
685.12,434.0,-0.034357,0.024611
685.12,436.28,-0.034351,0.024568
685.12,438.55,-0.034449,0.024161
685.12,440.65,-0.034868,0.024663
685.12,442.93,-0.035447,0.024685
685.12,445.2,-0.035315,0.024928
685.12,447.3,-0.03578,0.025369
685.12,449.75,-0.035512,0.025837
685.12,452.03,-0.035392,0.025837
685.12,454.13,-0.034825,0.026108
685.12,456.4,-0.03428,0.026127
685.12,458.5,-0.033898,0.0265
685.12,460.78,-0.033648,0.026506
685.12,463.05,-0.033316,0.026164
685.12,465.33,-0.033121,0.026121
685.12,467.43,-0.033627,0.025545
685.12,469.7,-0.033947,0.025089
685.12,471.98,-0.034366,0.024266
685.12,474.08,-0.034742,0.023838
685.12,476.35,-0.035031,0.023561
685.12,478.63,-0.035093,0.023209
685.12,480.73,-0.034837,0.023212
685.12,483.0,-0.034597,0.023212
685.12,485.28,-0.034462,0.023668
685.12,487.38,-0.034332,0.024278
685.12,489.65,-0.034394,0.025024
685.12,491.93,-0.034218,0.025468
685.12,494.03,-0.034332,0.025686
685.12,496.3,-0.034295,0.026096
685.12,498.58,-0.034231,0.026084
685.12,500.68,-0.034274,0.026364
685.12,502.95,-0.034006,0.026456
685.12,505.05,-0.034138,0.026179
685.12,507.33,-0.033882,0.025797
685.12,509.6,-0.033685,0.025412
685.12,511.7,-0.033621,0.025079
685.12,513.98,-0.033627,0.024993
685.12,516.25,-0.033731,0.024968
685.12,518.35,-0.033938,0.024913
685.12,520.63,-0.033981,0.025012
685.12,522.9,-0.034224,0.025052
685.12,525.0,-0.03469,0.024904
685.12,527.28,-0.034637,0.025049
685.12,529.55,-0.035075,0.025101
685.12,531.65,-0.034979,0.024984
685.12,533.93,-0.035161,0.025329
685.12,536.03,-0.035041,0.02548
685.12,538.3,-0.03485,0.02536
685.12,540.58,-0.034206,0.025341
685.12,542.68,-0.034338,0.025264
685.12,544.95,-0.034015,0.025424
685.12,547.23,-0.033639,0.025726
685.12,549.5,-0.033165,0.026108
685.12,551.6,-0.033205,0.02645
685.12,553.88,-0.032863,0.027137
685.12,556.15,-0.032921,0.027676
685.12,558.43,-0.033014,0.028052
685.12,560.53,-0.033248,0.028323
685.12,562.8,-0.03326,0.028696
685.12,565.08,-0.033346,0.029177
685.12,567.18,-0.033217,0.029377
685.12,569.45,-0.033149,0.029392
685.12,571.55,-0.033319,0.029565
685.12,573.83,-0.032853,0.029263
685.12,576.1,-0.032607,0.02905
685.12,578.2,-0.032253,0.028773
685.12,580.48,-0.031729,0.02848
685.12,582.4,-0.031261,0.027984
685.12,584.85,-0.031134,0.027556
685.12,587.13,-0.03106,0.027513
685.12,589.23,-0.030605,0.027565
685.12,591.5,-0.030343,0.027704
685.12,593.78,-0.029908,0.02804
685.12,596.05,-0.02956,0.028323
685.12,598.15,-0.0296,0.028755
685.12,600.43,-0.029221,0.029041
685.12,602.7,-0.029086,0.029648
685.12,604.98,-0.028895,0.030184
685.12,607.08,-0.028417,0.030631
685.12,609.35,-0.028165,0.030662
685.12,611.63,-0.027607,0.030797
685.12,613.73,-0.027311,0.030705
685.12,616.0,-0.026794,0.030622
685.12,618.1,-0.026335,0.030652
685.12,620.38,-0.026005,0.030449
685.12,622.65,-0.025229,0.030606
685.12,624.93,-0.024776,0.030939
685.12,627.2,-0.024231,0.031312
685.12,629.3,-0.023707,0.031389
685.12,631.58,-0.023356,0.031604
685.12,633.85,-0.022909,0.031764
685.12,635.95,-0.022983,0.032202
685.12,638.23,-0.022607,0.032415
685.12,640.5,-0.022573,0.032538
685.12,642.6,-0.022588,0.032612
685.12,644.88,-0.022561,0.032495
685.12,646.98,-0.022573,0.032498
685.12,649.25,-0.022179,0.033212
685.12,651.53,-0.021701,0.033684
685.12,653.63,-0.021406,0.034063
685.12,655.9,-0.02123,0.034346
685.12,658.18,-0.021181,0.034771
685.12,660.45,-0.020703,0.03483
685.12,662.73,-0.020555,0.034756
685.12,664.83,-0.020358,0.035162
685.12,667.1,-0.019877,0.035147
685.12,669.38,-0.019468,0.035021
685.12,671.48,-0.018778,0.034744
685.12,673.75,-0.018642,0.035064
685.12,675.85,-0.017783,0.035147
685.12,678.13,-0.017271,0.035535
685.12,680.4,-0.016855,0.035452
685.12,682.5,-0.015903,0.0356
685.12,684.78,-0.015389,0.035548
685.12,687.05,-0.014588,0.035551
721.17,11.2,-0.039569,0.025039
721.17,13.3,-0.039597,0.024654
721.17,15.58,-0.039874,0.024617
721.17,17.68,-0.039785,0.024626
721.17,19.95,-0.040253,0.024981
721.17,22.23,-0.04013,0.024981
721.17,24.33,-0.040303,0.025526
721.17,26.6,-0.039548,0.025732
721.17,28.88,-0.038812,0.026105
721.17,31.15,-0.038165,0.026071
721.17,33.25,-0.037505,0.026071
721.17,35.53,-0.036858,0.025809
721.17,37.63,-0.036393,0.025464
721.17,39.9,-0.036205,0.02495
721.17,42.18,-0.036147,0.02466
721.17,44.45,-0.036205,0.024553
721.17,46.55,-0.036701,0.024673
721.17,48.83,-0.03684,0.024725
721.17,51.1,-0.036917,0.025008
721.17,53.2,-0.036649,0.025427
721.17,55.48,-0.036122,0.025329
721.17,57.75,-0.035928,0.025471
721.17,59.85,-0.035571,0.025495
721.17,62.13,-0.035432,0.025002
721.17,64.23,-0.03566,0.024993
721.17,66.5,-0.035946,0.024639
721.17,68.78,-0.036023,0.024134
721.17,71.05,-0.036596,0.023909
721.17,73.15,-0.036806,0.023727
721.17,75.43,-0.037059,0.023881
721.17,77.53,-0.037256,0.02418
721.17,79.8,-0.037296,0.024633
721.17,82.08,-0.037182,0.024978
721.17,84.18,-0.036846,0.025021
721.17,86.45,-0.036966,0.025184
721.17,88.55,-0.037243,0.024947
721.17,91.0,-0.037311,0.024728
721.17,93.1,-0.037351,0.024648
721.17,95.38,-0.037357,0.024174
721.17,97.65,-0.036868,0.023921
721.17,99.75,-0.036809,0.023856
721.17,102.03,-0.036547,0.024164
721.17,104.3,-0.036282,0.024325
721.17,106.4,-0.036122,0.024694
721.17,108.68,-0.036196,0.024894
721.17,110.78,-0.03619,0.025424
721.17,113.05,-0.036227,0.026124
721.17,115.33,-0.036584,0.026617
721.17,117.43,-0.036726,0.026518
721.17,119.7,-0.036359,0.026413
721.17,121.98,-0.036507,0.026398
721.17,124.25,-0.036519,0.026503
721.17,126.35,-0.036945,0.026906
721.17,128.63,-0.036923,0.026897
721.17,130.9,-0.036957,0.02686
721.17,133.18,-0.036985,0.026882
721.17,135.28,-0.036889,0.026764
721.17,137.55,-0.037012,0.02657
721.17,139.65,-0.036775,0.026287
721.17,141.93,-0.036858,0.026121
721.17,144.2,-0.036972,0.026244
721.17,146.3,-0.037009,0.026142
721.17,148.58,-0.037114,0.026121
721.17,150.85,-0.0368,0.02568
721.17,152.95,-0.037206,0.025769
721.17,155.23,-0.037413,0.025323
721.17,157.5,-0.037724,0.024953
721.17,159.78,-0.037789,0.024984
721.17,161.88,-0.037351,0.025421
721.17,164.15,-0.037681,0.025766
721.17,166.43,-0.038125,0.025846
721.17,168.53,-0.039163,0.02592
721.17,170.8,-0.040272,0.025449
721.17,172.9,-0.041794,0.024996
721.17,175.18,-0.043128,0.024063
721.17,177.45,-0.044751,0.022926
721.17,179.73,-0.046655,0.021395
721.17,181.83,-0.049301,0.019636
721.17,184.1,-0.052696,0.017738
721.17,186.2,-0.056492,0.015129
721.17,188.48,-0.06001,0.012713
721.17,190.75,-0.063639,0.010529
721.17,193.03,-0.066476,0.008844
721.17,195.13,-0.068217,0.007914
721.17,197.4,-0.06928,0.007572
721.17,199.68,-0.069803,0.007199
721.17,201.78,-0.070016,0.007162
721.17,204.05,-0.069739,0.007618
721.17,206.15,-0.069742,0.007519
721.17,208.43,-0.069406,0.007932
721.17,210.7,-0.069483,0.008052
721.17,212.8,-0.068947,0.00796
721.17,215.08,-0.069049,0.008
721.17,217.35,-0.068885,0.007852
721.17,219.45,-0.068543,0.007886
721.17,221.73,-0.0685,0.007951
721.17,224.0,-0.068531,0.007565
721.17,226.28,-0.068688,0.007211
721.17,228.38,-0.068479,0.007066
721.17,230.65,-0.06842,0.007097
721.17,232.75,-0.068617,0.00731
721.17,235.03,-0.068648,0.007227
721.17,237.3,-0.068827,0.00718
721.17,239.58,-0.068815,0.007193
721.17,241.85,-0.069363,0.007479
721.17,243.95,-0.069674,0.007559
721.17,246.23,-0.069976,0.007621
721.17,248.5,-0.070913,0.007562
721.17,250.6,-0.071264,0.007233
721.17,252.88,-0.071784,0.00723
721.17,255.15,-0.072052,0.007069
721.17,257.25,-0.072003,0.0071
721.17,259.53,-0.072333,0.007073
721.17,261.8,-0.072921,0.007618
721.17,264.08,-0.072705,0.007519
721.17,266.18,-0.072718,0.007639
721.17,268.45,-0.072742,0.007547
721.17,270.73,-0.073208,0.007498
721.17,272.83,-0.073094,0.007171
721.17,275.1,-0.073081,0.006718
721.17,277.55,-0.073168,0.006838
721.17,279.65,-0.073106,0.006795
721.17,281.93,-0.073201,0.006786
721.17,284.2,-0.073044,0.007405
721.17,286.48,-0.072514,0.007938
721.17,288.75,-0.071929,0.008271
721.17,291.03,-0.071627,0.008206
721.17,293.13,-0.071153,0.008302
721.17,295.75,-0.070497,0.008283
721.17,298.03,-0.069594,0.008317
721.17,300.13,-0.068602,0.008373
721.17,302.4,-0.067437,0.008681
721.17,305.2,-0.066301,0.009235
721.17,307.3,-0.065487,0.009901
721.17,309.58,-0.064406,0.010588
721.17,311.68,-0.063497,0.01154
721.17,314.13,-0.061932,0.012606
721.17,316.4,-0.060953,0.013302
721.17,318.68,-0.059591,0.014269
721.17,320.78,-0.058168,0.01491
721.17,323.23,-0.057123,0.015551
721.17,325.33,-0.055879,0.01601
721.17,327.6,-0.054871,0.016404
721.17,329.7,-0.05415,0.016703
721.17,331.98,-0.053719,0.017202
721.17,334.08,-0.053069,0.017479
721.17,336.35,-0.052696,0.017784
721.17,338.63,-0.05232,0.018302
721.17,340.73,-0.052274,0.018246
721.17,343.0,-0.052373,0.018363
721.17,345.28,-0.052259,0.01788
721.17,347.38,-0.052222,0.017895
721.17,349.65,-0.052102,0.017544
721.17,351.75,-0.052456,0.017476
721.17,354.03,-0.052551,0.017532
721.17,356.3,-0.05318,0.017572
721.17,358.58,-0.052952,0.017344
721.17,360.68,-0.052943,0.01739
721.17,362.95,-0.053371,0.017433
721.17,365.23,-0.053168,0.01739
721.17,367.33,-0.05367,0.017405
721.17,369.6,-0.053691,0.017427
721.17,371.88,-0.054252,0.0171
721.17,374.15,-0.054049,0.016728
721.17,376.25,-0.054514,0.016419
721.17,378.53,-0.055044,0.015871
721.17,380.63,-0.055759,0.015163
721.17,382.9,-0.056396,0.014626
721.17,385.18,-0.0568,0.014072
721.17,387.45,-0.057123,0.013641
721.17,389.55,-0.057558,0.012994
721.17,391.83,-0.0583,0.012692
721.17,393.93,-0.059135,0.012547
721.17,396.2,-0.06009,0.012079
721.17,398.48,-0.061162,0.01182
721.17,400.58,-0.062136,0.01137
721.17,402.85,-0.063238,0.011339
721.17,405.13,-0.06428,0.011382
721.17,407.23,-0.065142,0.011515
721.17,409.5,-0.065663,0.01137
721.17,411.78,-0.066279,0.010994
721.17,413.88,-0.06692,0.010548
721.17,416.15,-0.06737,0.009953
721.17,418.25,-0.067585,0.009457
721.17,420.53,-0.068312,0.009211
721.17,422.8,-0.068639,0.008715
721.17,424.9,-0.068602,0.008807
721.17,427.18,-0.068845,0.008755
721.17,429.45,-0.069212,0.008715
721.17,431.73,-0.069406,0.008591
721.17,433.83,-0.069742,0.008699
721.17,436.1,-0.070238,0.00836
721.17,438.38,-0.070142,0.008376
721.17,440.48,-0.070133,0.007923
721.17,442.75,-0.070189,0.007991
721.17,445.03,-0.070075,0.007923
721.17,447.3,-0.069822,0.007923
721.17,449.4,-0.069736,0.008326
721.17,451.68,-0.06997,0.007969
721.17,453.78,-0.06956,0.007917
721.17,456.05,-0.069656,0.007541
721.17,458.33,-0.069699,0.007599
721.17,460.43,-0.070004,0.007547
721.17,462.7,-0.07042,0.007519
721.17,464.98,-0.070497,0.007602
721.17,467.08,-0.070885,0.00767
721.17,469.35,-0.071335,0.008095
721.17,471.63,-0.071393,0.007827
721.17,473.73,-0.07127,0.008363
721.17,476.0,-0.071199,0.008712
721.17,478.1,-0.071362,0.008782
721.17,480.38,-0.071091,0.009075
721.17,482.65,-0.071319,0.009087
721.17,484.93,-0.070848,0.00942
721.17,487.03,-0.070876,0.009386
721.17,489.3,-0.070441,0.00979
721.17,491.58,-0.070296,0.009972
721.17,493.85,-0.070047,0.010196
721.17,495.95,-0.069631,0.010252
721.17,498.23,-0.069693,0.010307
721.17,500.5,-0.069332,0.010267
721.17,502.6,-0.069298,0.009879
721.17,504.88,-0.06928,0.009913
721.17,507.15,-0.069446,0.009941
721.17,509.43,-0.069307,0.009799
721.17,511.53,-0.069292,0.009885
721.17,513.8,-0.069844,0.009876
721.17,516.08,-0.069813,0.010206
721.17,518.35,-0.069671,0.010307
721.17,520.45,-0.069286,0.010677
721.17,522.73,-0.069221,0.011025
721.17,524.83,-0.068845,0.010899
721.17,527.1,-0.068645,0.01093
721.17,529.38,-0.068516,0.010699
721.17,531.65,-0.068029,0.010246
721.17,533.75,-0.068174,0.010067
721.17,536.03,-0.06806,0.009895
721.17,538.3,-0.067937,0.009938
721.17,540.4,-0.067866,0.010381
721.17,542.68,-0.067478,0.010634
721.17,544.95,-0.067444,0.010628
721.17,547.23,-0.067391,0.010686
721.17,549.5,-0.067049,0.010514
721.17,551.6,-0.066787,0.010699
721.17,553.88,-0.066295,0.01068
721.17,556.33,-0.065829,0.010683
721.17,558.6,-0.065392,0.010945
721.17,560.88,-0.065281,0.011721
721.17,563.15,-0.064991,0.012476
721.17,565.6,-0.064908,0.012843
721.17,567.88,-0.064865,0.013283
721.17,569.98,-0.064797,0.013209
721.17,572.25,-0.064563,0.013083
721.17,574.53,-0.06436,0.013385
721.17,576.8,-0.064375,0.013471
721.17,578.9,-0.064304,0.013252
721.17,581.18,-0.064357,0.01332
721.17,583.45,-0.064314,0.013283
721.17,585.55,-0.064193,0.013323
721.17,587.83,-0.063993,0.0132
721.17,590.1,-0.063343,0.012892
721.17,592.2,-0.062407,0.012698
721.17,594.48,-0.061769,0.012473
721.17,596.75,-0.061313,0.012094
721.17,598.85,-0.061085,0.012562
721.17,601.13,-0.061002,0.012553
721.17,603.4,-0.060555,0.012455
721.17,605.5,-0.060666,0.01287
721.17,607.78,-0.060361,0.013345
721.17,610.05,-0.060121,0.013397
721.17,612.33,-0.060152,0.013748
721.17,614.6,-0.060115,0.014094
721.17,616.7,-0.059751,0.014334
721.17,618.98,-0.059674,0.014352
721.17,621.25,-0.059588,0.014432
721.17,623.53,-0.059039,0.014318
721.17,625.63,-0.05911,0.014429
