x,y,z,z2
0.0,2.1,-0.004751,-0.007019
0.0,4.37,-0.00476,-0.006501
0.0,6.65,-0.00476,-0.007154
0.0,8.93,-0.006415,-0.008026
0.0,11.2,-0.006735,-0.009659
0.0,13.48,-0.007946,-0.009896
0.0,15.4,-0.00895,-0.011615
0.0,17.85,-0.010226,-0.013451
0.0,20.13,-0.011806,-0.014736
0.0,22.23,-0.013627,-0.016895
0.0,24.5,-0.015515,-0.019018
0.0,26.78,-0.017,-0.0205
0.0,29.05,-0.018938,-0.021849
0.0,31.15,-0.020537,-0.023097
0.0,33.43,-0.021741,-0.024871
0.0,35.7,-0.0233,-0.025306
0.0,37.8,-0.023306,-0.026288
0.0,40.07,-0.024702,-0.027875
0.0,42.35,-0.025047,-0.029844
0.0,44.45,-0.026726,-0.033054
0.0,46.72,-0.028269,-0.03541
0.0,49.0,-0.029104,-0.038716
0.0,51.27,-0.028867,-0.04086
0.0,53.55,-0.027102,-0.042545
0.0,55.65,-0.026535,-0.044221
0.0,57.92,-0.026325,-0.046704
0.0,60.2,-0.026988,-0.050244
0.0,62.3,-0.029579,-0.055512
0.0,64.57,-0.03282,-0.06216
0.0,66.85,-0.037237,-0.069366
0.0,68.95,-0.041553,-0.077829
0.0,71.22,-0.046224,-0.086507
0.0,73.32,-0.052721,-0.097567
0.0,75.6,-0.059945,-0.108519
0.0,77.87,-0.068614,-0.121137
0.0,80.15,-0.0766,-0.134511
0.0,82.25,-0.086932,-0.147699
0.0,84.52,-0.09647,-0.162598
0.0,86.8,-0.107545,-0.179113
0.0,88.9,-0.120216,-0.196874
0.0,91.0,-0.134468,-0.215952
0.0,93.45,-0.15175,-0.234409
0.0,95.55,-0.172477,-0.253771
0.0,97.82,-0.195512,-0.273623
0.0,99.92,-0.221393,-0.292409
0.0,102.37,-0.249991,-0.312252
0.0,104.47,-0.28025,-0.328931
0.0,106.75,-0.313087,-0.343444
0.0,108.85,-0.345955,-0.355715
0.0,111.12,-0.382141,-0.36394
0.0,113.4,-0.417609,-0.369421
0.0,115.67,-0.452326,-0.371146
0.0,117.77,-0.487825,-0.368555
0.0,120.05,-0.522267,-0.362215
0.0,122.15,-0.554951,-0.351827
0.0,124.42,-0.585804,-0.337847
0.0,126.7,-0.612612,-0.32078
0.0,128.8,-0.636266,-0.300099
0.0,131.07,-0.657991,-0.276528
0.0,133.17,-0.676398,-0.251513
0.0,135.45,-0.690003,-0.22574
0.0,137.55,-0.700748,-0.197111
0.0,139.82,-0.707812,-0.168922
0.0,142.1,-0.71125,-0.14139
0.0,144.37,-0.71248,-0.114351
0.0,146.65,-0.710188,-0.086643
0.0,148.93,-0.704701,-0.063497
0.0,151.2,-0.697763,-0.042715
0.0,153.3,-0.687677,-0.023784
0.0,155.58,-0.674698,-0.008199
0.0,157.68,-0.658318,0.005582
0.0,159.95,-0.638235,0.015098
0.0,162.23,-0.617129,0.022242
0.0,164.33,-0.594214,0.026962
0.0,166.6,-0.567409,0.029728
0.0,168.88,-0.538256,0.02987
0.0,170.98,-0.508654,0.029232
0.0,173.25,-0.476784,0.026795
0.0,175.35,-0.443685,0.02499
0.0,177.63,-0.409581,0.022664
0.0,179.9,-0.374994,0.020304
0.0,182.0,-0.340194,0.018317
0.0,184.28,-0.30598,0.017257
0.0,186.55,-0.27301,0.016068
0.0,188.83,-0.240697,0.016309
0.0,190.93,-0.211113,0.017205
0.0,193.2,-0.181716,0.018961
0.0,195.48,-0.154178,0.020868
0.0,197.58,-0.131134,0.024426
0.0,199.85,-0.108885,0.027621
0.0,202.13,-0.088543,0.031401
0.0,204.23,-0.071159,0.035246
0.0,206.5,-0.054674,0.038699
0.0,208.6,-0.040863,0.042285
0.0,210.88,-0.028738,0.044358
0.0,212.98,-0.018747,0.047328
0.0,215.25,-0.008744,0.04922
0.0,217.53,0.000985,0.051894
0.0,219.63,0.009935,0.054445
0.0,221.9,0.017738,0.05605
0.0,224.0,0.024195,0.057833
0.0,226.28,0.029294,0.059435
0.0,228.55,0.034198,0.060153
0.0,230.65,0.039047,0.062002
0.0,232.93,0.044697,0.06544
0.0,235.2,0.048952,0.068921
0.0,237.3,0.053453,0.071777
0.0,239.58,0.058163,0.074747
0.0,241.68,0.063527,0.077898
0.0,243.95,0.067051,0.080027
0.0,246.23,0.071275,0.08206
0.0,248.33,0.075489,0.082932
0.0,250.6,0.079805,0.083373
0.0,252.7,0.082119,0.083902
0.0,254.98,0.085193,0.082904
0.0,257.25,0.088138,0.082495
0.0,259.35,0.090236,0.080988
0.0,261.63,0.091653,0.078582
0.0,263.9,0.093243,0.074343
0.0,266.0,0.094361,0.069398
0.0,268.28,0.0947,0.063718
0.0,270.55,0.093616,0.056644
0.0,272.65,0.090856,0.048336
0.0,274.93,0.089799,0.038752
0.0,277.2,0.086986,0.027572
0.0,279.3,0.083459,0.015246
0.0,281.58,0.078625,0.001207
0.0,283.85,0.072254,-0.015364
0.0,285.95,0.064371,-0.03334
0.0,288.23,0.052396,-0.053229
0.0,290.33,0.037627,-0.073704
0.0,292.6,0.020868,-0.097807
0.0,294.88,0.000585,-0.120694
0.0,296.98,-0.021781,-0.143688
0.0,299.25,-0.04737,-0.165617
0.0,301.35,-0.07566,-0.18883
0.0,303.63,-0.106328,-0.21021
0.0,305.9,-0.139246,-0.229982
0.0,308.18,-0.173087,-0.246784
0.0,310.28,-0.208432,-0.260777
0.0,312.55,-0.243297,-0.27253
0.0,314.83,-0.279874,-0.28029
0.0,316.93,-0.314655,-0.284942
0.0,319.2,-0.348962,-0.28618
0.0,321.48,-0.381199,-0.284982
0.0,323.58,-0.410801,-0.279717
0.0,325.85,-0.438577,-0.272351
0.0,327.95,-0.464036,-0.262554
0.0,330.23,-0.488189,-0.250127
0.0,332.5,-0.507717,-0.236458
0.0,334.6,-0.525117,-0.221227
0.0,336.88,-0.539076,-0.204477
0.0,339.15,-0.550921,-0.18805
0.0,341.25,-0.559282,-0.17102
0.0,343.35,-0.565065,-0.153836
0.0,345.8,-0.566707,-0.138038
0.0,348.08,-0.566565,-0.123087
0.0,350.18,-0.563309,-0.10932
0.0,352.45,-0.556374,-0.096227
0.0,354.73,-0.547465,-0.084548
0.0,356.83,-0.535391,-0.075373
0.0,359.1,-0.521543,-0.066923
0.0,361.2,-0.505154,-0.06017
0.0,363.48,-0.486811,-0.055376
0.0,365.58,-0.465739,-0.051442
0.0,367.85,-0.443096,-0.048858
0.0,370.13,-0.418823,-0.045697
0.0,372.23,-0.392927,-0.044227
0.0,374.5,-0.365453,-0.041144
0.0,376.78,-0.337456,-0.038584
0.0,379.05,-0.310028,-0.035685
0.0,381.15,-0.282061,-0.032582
0.0,383.43,-0.253639,-0.028889
0.0,385.53,-0.226522,-0.025216
0.0,387.8,-0.200903,-0.020278
0.0,390.08,-0.174745,-0.015253
0.0,392.35,-0.150817,-0.009887
0.0,394.45,-0.1274,-0.005306
0.0,396.73,-0.107967,0.000785
0.0,399.0,-0.08822,0.005468
0.0,401.28,-0.070672,0.009408
0.0,403.55,-0.055349,0.012713
0.0,405.65,-0.042746,0.015797
0.0,407.93,-0.031637,0.018252
0.0,410.03,-0.022225,0.018785
0.0,412.3,-0.014492,0.019599
0.0,414.58,-0.008251,0.02036
0.0,416.68,-0.002052,0.021241
0.0,418.95,0.005187,0.022716
0.0,421.23,0.01011,0.024586
0.0,423.5,0.015785,0.026305
0.0,425.78,0.021906,0.027649
0.0,427.7,0.026481,0.029439
0.0,429.98,0.030276,0.030415
0.0,432.25,0.032562,0.03085
0.0,434.53,0.034325,0.030363
0.0,436.8,0.034679,0.029814
0.0,438.9,0.034448,0.028289
0.0,441.18,0.036096,0.02665
0.0,443.28,0.037418,0.02552
0.0,445.38,0.040988,0.024546
0.0,447.83,0.043271,0.024623
0.0,450.1,0.046623,0.024956
0.0,452.38,0.050378,0.025529
0.0,454.48,0.053625,0.025649
0.0,456.75,0.05637,0.025705
0.0,459.03,0.05739,0.022914
0.0,461.13,0.057424,0.01913
0.0,463.4,0.056943,0.014636
0.0,465.68,0.055162,0.010255
0.0,467.78,0.054626,0.005637
0.0,470.05,0.053804,0.000662
0.0,472.33,0.054149,-0.003738
0.0,474.43,0.053542,-0.008235
0.0,476.7,0.052245,-0.013568
0.0,478.8,0.051349,-0.02001
0.0,481.08,0.050914,-0.026107
0.0,483.35,0.050594,-0.033386
0.0,485.45,0.048819,-0.040943
0.0,487.73,0.045803,-0.048531
0.0,489.83,0.041863,-0.057625
0.0,492.1,0.036675,-0.068747
0.0,494.38,0.030785,-0.079502
0.0,496.48,0.022787,-0.091667
0.0,498.75,0.012374,-0.105845
0.0,501.03,0.000523,-0.1209
0.0,503.3,-0.013316,-0.135195
0.0,505.4,-0.028069,-0.149471
0.0,507.68,-0.044471,-0.163362
0.0,509.95,-0.063189,-0.177043
0.0,512.05,-0.082283,-0.190293
0.0,514.33,-0.102308,-0.201541
0.0,516.43,-0.122856,-0.21236
0.0,518.7,-0.143186,-0.220647
0.0,520.98,-0.165376,-0.22696
0.0,523.25,-0.187622,-0.231325
0.0,525.53,-0.208519,-0.233894
0.0,527.63,-0.228035,-0.23436
0.0,529.9,-0.247228,-0.232413
0.0,532.0,-0.264923,-0.227918
0.0,534.28,-0.281713,-0.22313
0.0,536.55,-0.295903,-0.215952
0.0,538.65,-0.308213,-0.207468
0.0,540.93,-0.318287,-0.197943
0.0,543.2,-0.325869,-0.185989
0.0,545.48,-0.331655,-0.174597
0.0,547.58,-0.33387,-0.163186
0.0,549.85,-0.333793,-0.151476
0.0,552.13,-0.331704,-0.139634
0.0,554.23,-0.326306,-0.128722
0.0,556.5,-0.32045,-0.116331
0.0,558.78,-0.310398,-0.105389
0.0,560.88,-0.299846,-0.093426
0.0,563.15,-0.286328,-0.082003
0.0,565.43,-0.271935,-0.071319
0.0,567.53,-0.255715,-0.059905
0.0,569.98,-0.236045,-0.048319
0.0,572.25,-0.218032,-0.039323
0.0,574.35,-0.199763,-0.028636
0.0,576.63,-0.180614,-0.019092
0.0,578.9,-0.160888,-0.010543
0.0,581.18,-0.142616,-0.001356
0.0,583.28,-0.125497,0.005723
0.0,585.55,-0.10988,0.010711
0.0,587.83,-0.096008,0.015689
0.0,589.93,-0.083466,0.01983
0.0,592.2,-0.071978,0.023745
0.0,594.48,-0.060155,0.026632
0.0,596.58,-0.051624,0.02913
0.0,598.85,-0.043938,0.030957
0.0,601.13,-0.038229,0.030215
0.0,603.23,-0.034508,0.029223
0.0,605.5,-0.029954,0.027907
0.0,607.95,-0.026714,0.026459
0.0,610.05,-0.0235,0.025449
0.0,612.33,-0.021134,0.023293
0.0,614.6,-0.018919,0.021561
0.0,616.53,-0.017293,0.019756
0.0,618.8,-0.015749,0.018625
0.0,621.25,-0.01399,0.016783
0.0,623.35,-0.012453,0.015628
0.0,625.62,-0.010799,0.014784
0.0,627.9,-0.009123,0.013727
0.0,630.0,-0.008294,0.012421
0.0,632.27,-0.007188,0.011
0.0,634.55,-0.005913,0.009762
0.0,636.65,-0.004813,0.008613
0.0,638.92,-0.004264,0.007695
0.0,641.02,-0.002425,0.006737
0.0,643.3,-0.001951,0.006737
0.0,645.22,-0.001144,0.006669
0.0,647.67,-0.000743,0.005554
0.0,649.95,-0.001116,0.004278
0.0,652.05,-0.002567,0.003046
0.0,654.32,-0.002037,0.001919
0.0,656.6,-0.001846,0.002045
0.0,658.7,-0.000879,0.001567
0.0,660.97,-0.000358,0.002636
0.0,663.25,-3.8e-05,0.002664
0.0,665.35,-0.000746,0.001983
0.0,667.62,-0.000401,0.001885
0.0,669.9,-9.3e-05,0.001463
0.0,672.0,0.000751,0.001715
0.0,674.27,0.001811,0.001493
0.0,676.55,0.001589,0.001635
0.0,678.65,0.00251,0.001383
0.0,680.92,0.003259,0.000887
0.0,683.02,0.004044,-0.000956
0.0,685.3,0.004509,-0.002616
0.0,687.57,0.00373,-0.004569
36.05,11.03,-0.033128,-0.031116
36.05,13.3,-0.035709,-0.032129
36.05,15.58,-0.038131,-0.03375
36.05,17.68,-0.039822,-0.033984
36.05,19.95,-0.040349,-0.033855
36.05,22.05,-0.040182,-0.033596
36.05,24.33,-0.039853,-0.034033
36.05,26.43,-0.039489,-0.034542
36.05,28.7,-0.039246,-0.034403
36.05,30.8,-0.038198,-0.034086
36.05,33.08,-0.037453,-0.034791
36.05,35.35,-0.036874,-0.034144
36.05,37.63,-0.036279,-0.034027
36.05,39.9,-0.03692,-0.033685
36.05,42.18,-0.036556,-0.034961
36.05,44.45,-0.037733,-0.035737
36.05,46.55,-0.038824,-0.038097
36.05,48.83,-0.040364,-0.041159
36.05,51.1,-0.040241,-0.043507
36.05,53.2,-0.040765,-0.045611
36.05,55.48,-0.041831,-0.048198
36.05,57.75,-0.043174,-0.051519
36.05,59.85,-0.043969,-0.055432
36.05,62.13,-0.045635,-0.059132
36.05,64.23,-0.044582,-0.06293
36.05,66.5,-0.043577,-0.067185
36.05,68.6,-0.043528,-0.071717
36.05,70.88,-0.042773,-0.076381
36.05,73.15,-0.04293,-0.08359
36.05,75.43,-0.045675,-0.091344
36.05,77.53,-0.048627,-0.100173
36.05,79.8,-0.05184,-0.109181
36.05,82.08,-0.055075,-0.119378
36.05,84.18,-0.057804,-0.130845
36.05,86.45,-0.061113,-0.14171
36.05,88.73,-0.065364,-0.154049
36.05,90.83,-0.070136,-0.168263
36.05,93.1,-0.075666,-0.18366
36.05,95.38,-0.082647,-0.200259
36.05,97.48,-0.091957,-0.217958
36.05,99.75,-0.101769,-0.236501
36.05,101.85,-0.114113,-0.254492
36.05,104.13,-0.129042,-0.274018
36.05,106.4,-0.146716,-0.293201
36.05,108.68,-0.167487,-0.312499
36.05,110.78,-0.19082,-0.328537
36.05,113.05,-0.215709,-0.342366
36.05,115.15,-0.240071,-0.354396
36.05,117.43,-0.268466,-0.362335
36.05,119.7,-0.297135,-0.366941
36.05,121.8,-0.324865,-0.367329
36.05,124.08,-0.352887,-0.364455
36.05,126.35,-0.381149,-0.3563
36.05,128.45,-0.407723,-0.343971
36.05,130.73,-0.43269,-0.328654
36.05,133.0,-0.45626,-0.309584
36.05,135.1,-0.476824,-0.286642
36.05,137.38,-0.494951,-0.261498
36.05,139.65,-0.509097,-0.235503
36.05,141.75,-0.520216,-0.208371
36.05,144.03,-0.527643,-0.179893
36.05,146.13,-0.531497,-0.152305
36.05,148.4,-0.532806,-0.12545
36.05,150.68,-0.530129,-0.098368
36.05,152.95,-0.523832,-0.073747
36.05,155.05,-0.515909,-0.051048
36.05,157.33,-0.504677,-0.031316
36.05,159.6,-0.490471,-0.014049
36.05,161.7,-0.473691,0.003514
36.05,163.98,-0.453651,0.016438
36.05,166.25,-0.432921,0.027371
36.05,168.35,-0.410552,0.036573
36.05,170.63,-0.386473,0.043524
36.05,172.9,-0.3611,0.048955
36.05,175.0,-0.335749,0.053292
36.05,177.28,-0.311054,0.055575
36.05,179.38,-0.286103,0.056792
36.05,181.65,-0.260247,0.058
36.05,183.93,-0.235573,0.058499
36.05,186.03,-0.211698,0.058431
36.05,188.3,-0.189403,0.058111
36.05,190.4,-0.166914,0.057254
36.05,192.68,-0.147289,0.056934
36.05,194.95,-0.128488,0.056281
36.05,197.05,-0.110269,0.054023
36.05,199.33,-0.094511,0.053493
36.05,201.6,-0.079967,0.052633
36.05,203.88,-0.066618,0.052153
36.05,206.15,-0.054837,0.051315
36.05,208.25,-0.043451,0.050883
36.05,210.53,-0.034104,0.05056
36.05,212.8,-0.026073,0.04974
36.05,214.9,-0.018297,0.048739
36.05,217.18,-0.010814,0.048918
36.05,219.28,-0.00383,0.048548
36.05,221.73,0.003237,0.048459
36.05,223.83,0.00845,0.048764
36.05,226.1,0.013246,0.048379
36.05,228.38,0.016691,0.047695
36.05,230.48,0.019469,0.047901
36.05,232.75,0.022519,0.047732
36.05,235.03,0.025911,0.047987
36.05,237.13,0.029824,0.048742
36.05,239.4,0.033992,0.05092
36.05,241.5,0.038243,0.052445
36.05,243.78,0.041888,0.053875
36.05,246.05,0.045295,0.054445
36.05,248.15,0.049001,0.054663
36.05,250.43,0.05206,0.054768
36.05,252.7,0.056272,0.054306
36.05,254.8,0.059041,0.053853
36.05,256.9,0.062646,0.05174
36.05,259.35,0.064411,0.050566
36.05,261.63,0.067365,0.047837
36.05,263.73,0.069112,0.046007
36.05,265.83,0.071789,0.043582
36.05,268.28,0.073391,0.040585
36.05,270.38,0.075775,0.036567
36.05,272.65,0.07784,0.030797
36.05,274.93,0.078958,0.024109
36.05,277.03,0.078825,0.017134
36.05,279.3,0.079183,0.007753
36.05,281.58,0.07913,-0.001868
36.05,283.68,0.078182,-0.012567
36.05,285.95,0.075742,-0.025176
36.05,288.23,0.071376,-0.03895
36.05,290.33,0.065862,-0.055321
36.05,292.6,0.057183,-0.071717
36.05,294.7,0.046811,-0.0911
36.05,296.98,0.033964,-0.112071
36.05,299.25,0.018351,-0.133716
36.05,301.35,-0.000571,-0.154406
36.05,303.45,-0.021751,-0.176683
36.05,305.9,-0.04477,-0.198519
36.05,308.18,-0.071673,-0.217354
36.05,310.45,-0.100201,-0.235044
36.05,312.9,-0.136652,-0.252117
36.05,315.18,-0.16748,-0.263642
36.05,317.45,-0.200352,-0.273466
36.05,319.73,-0.23163,-0.278996
36.05,322.18,-0.268697,-0.282108
36.05,324.28,-0.297711,-0.280934
36.05,326.55,-0.324966,-0.276889
36.05,328.83,-0.351343,-0.270213
36.05,330.93,-0.375333,-0.260355
36.05,333.2,-0.396892,-0.248728
36.05,335.3,-0.414439,-0.235438
36.05,337.58,-0.429285,-0.221042
36.05,339.85,-0.440573,-0.20472
36.05,342.13,-0.449486,-0.187406
36.05,344.23,-0.454738,-0.171119
36.05,346.5,-0.456898,-0.155136
36.05,348.78,-0.455354,-0.139973
36.05,350.88,-0.451223,-0.124939
36.05,353.15,-0.443913,-0.111664
36.05,355.43,-0.43427,-0.097835
36.05,357.53,-0.421886,-0.086809
36.05,359.63,-0.406482,-0.075885
36.05,362.08,-0.390194,-0.065746
36.05,364.18,-0.370025,-0.057813
36.05,366.45,-0.348586,-0.050038
36.05,368.55,-0.326143,-0.042718
36.05,370.83,-0.302986,-0.035432
36.05,373.1,-0.278793,-0.029283
36.05,375.2,-0.254279,-0.02306
36.05,377.48,-0.231122,-0.018004
36.05,379.58,-0.209129,-0.012354
36.05,381.85,-0.187437,-0.007216
36.05,384.13,-0.166399,-0.00282
36.05,386.4,-0.146562,0.001832
36.05,388.5,-0.128534,0.005554
36.05,390.78,-0.112037,0.00779
36.05,392.88,-0.097237,0.010212
36.05,395.15,-0.083596,0.011758
36.05,397.43,-0.071405,0.012301
36.05,399.7,-0.059982,0.01231
36.05,401.8,-0.050235,0.012981
36.05,404.08,-0.040004,0.013668
36.05,406.18,-0.031122,0.014266
36.05,408.45,-0.024649,0.014269
36.05,410.55,-0.019948,0.014254
36.05,412.83,-0.016008,0.013175
36.05,415.1,-0.012829,0.010363
36.05,417.2,-0.011905,0.008721
36.05,419.48,-0.010792,0.006041
36.05,421.75,-0.009452,0.004479
36.05,424.03,-0.008211,0.002233
36.05,426.13,-0.006483,0.000566
36.05,428.4,-0.003904,-0.000589
36.05,430.5,-0.000318,-0.000796
36.05,432.78,0.003798,-0.000783
36.05,434.88,0.008761,0.000375
36.05,437.15,0.01385,0.000887
36.05,439.43,0.018311,0.002045
36.05,441.53,0.022479,0.003416
36.05,443.63,0.025883,0.00422
36.05,446.08,0.028373,0.004414
36.05,448.35,0.030877,0.004263
36.05,450.63,0.033539,0.003465
36.05,452.73,0.035122,0.002495
36.05,455.0,0.035967,0.000643
36.05,457.28,0.035822,-0.002561
36.05,459.55,0.034537,-0.005829
36.05,461.65,0.033597,-0.009129
36.05,463.93,0.033231,-0.013639
36.05,466.03,0.032113,-0.018411
36.05,468.3,0.031694,-0.021415
36.05,470.4,0.034229,-0.025441
36.05,472.68,0.036484,-0.026535
36.05,474.95,0.040628,-0.028503
36.05,477.05,0.045082,-0.030608
36.05,479.33,0.047877,-0.03391
36.05,481.6,0.049383,-0.037019
36.05,483.7,0.050603,-0.041945
36.05,485.98,0.050181,-0.046196
36.05,488.25,0.050914,-0.052268
36.05,490.35,0.050569,-0.058038
36.05,492.63,0.049824,-0.063858
36.05,494.9,0.049784,-0.071137
36.05,497.18,0.047242,-0.078328
36.05,499.28,0.045175,-0.08603
36.05,501.55,0.042572,-0.095623
36.05,503.83,0.038591,-0.105558
36.05,505.93,0.033668,-0.115814
36.05,508.2,0.027498,-0.124905
36.05,510.48,0.019223,-0.134705
36.05,512.75,0.009947,-0.143667
36.05,514.85,-0.001051,-0.153084
36.05,517.13,-0.013399,-0.161313
36.05,519.23,-0.027733,-0.169122
36.05,521.5,-0.042219,-0.174662
36.05,523.78,-0.057712,-0.178565
36.05,525.88,-0.073553,-0.181337
36.05,528.15,-0.089637,-0.182333
36.05,530.43,-0.104659,-0.18192
36.05,532.53,-0.119646,-0.17854
36.05,534.8,-0.132521,-0.17436
36.05,537.08,-0.145022,-0.168466
36.05,539.18,-0.154597,-0.161301
36.05,541.45,-0.163824,-0.152062
36.05,543.73,-0.170885,-0.142086
36.05,545.83,-0.175543,-0.13046
36.05,548.1,-0.179489,-0.118235
36.05,550.38,-0.179908,-0.105028
36.05,552.48,-0.178784,-0.091335
36.05,554.93,-0.175185,-0.076214
36.05,557.03,-0.170897,-0.062755
36.05,559.3,-0.166054,-0.04976
36.05,561.58,-0.160293,-0.037431
36.05,563.68,-0.15269,-0.025965
36.05,565.95,-0.144335,-0.015186
36.05,568.23,-0.135989,-0.004727
36.05,570.33,-0.126948,0.003964
36.05,572.6,-0.118131,0.012849
36.05,574.88,-0.109261,0.019127
36.05,576.98,-0.101901,0.023715
36.05,579.25,-0.093821,0.028724
36.05,581.53,-0.084514,0.031845
36.05,583.63,-0.076344,0.034174
36.05,585.9,-0.069529,0.035797
36.05,588.18,-0.063966,0.035508
36.05,590.28,-0.05859,0.035384
36.05,592.55,-0.054351,0.034842
36.05,594.65,-0.051104,0.034198
36.05,596.93,-0.046578,0.032257
36.05,599.2,-0.042308,0.030742
36.05,601.83,-0.038836,0.028289
36.05,603.93,-0.036335,0.025859
36.05,606.2,-0.033198,0.023474
36.05,608.3,-0.030743,0.020825
36.05,610.58,-0.029206,0.018511
36.05,612.85,-0.027314,0.016327
36.05,614.95,-0.0248,0.014134
36.05,617.23,-0.022228,0.012698
36.05,619.85,-0.01928,0.01019
36.05,622.13,-0.017157,0.009315
36.05,624.23,-0.016332,0.008856
36.05,626.5,-0.013565,0.007683
36.05,628.78,-0.012508,0.007436
36.05,631.05,-0.011107,0.007646
36.05,633.33,-0.009292,0.008015
36.05,635.43,-0.008679,0.008653
36.05,637.88,-0.008522,0.008108
36.05,640.15,-0.009036,0.005766
36.05,642.43,-0.010454,0.004238
36.05,644.53,-0.011723,0.00146
36.05,646.8,-0.012841,-0.001852
36.05,649.08,-0.014428,-0.004545
36.05,651.35,-0.01415,-0.00668
36.05,653.45,-0.014224,-0.007724
36.05,655.73,-0.013426,-0.009018
36.05,657.83,-0.012816,-0.009511
36.05,660.1,-0.012866,-0.010417
36.05,662.38,-0.012074,-0.011677
36.05,664.48,-0.010796,-0.013389
36.05,666.75,-0.010056,-0.014163
36.05,668.85,-0.010691,-0.016048
36.05,671.13,-0.01225,-0.018085
36.05,673.4,-0.013895,-0.019619
36.05,675.68,-0.015962,-0.021427
36.05,677.95,-0.0183,-0.02232
36.05,680.05,-0.019847,-0.023651
36.05,682.33,-0.02139,-0.023389
36.05,684.6,-0.02171,-0.023377
36.05,686.7,-0.021769,-0.023297
72.1,11.2,-0.077176,-0.050595
72.1,13.3,-0.077841,-0.051255
72.1,15.58,-0.078112,-0.051824
72.1,17.85,-0.079332,-0.052173
72.1,20.13,-0.0792,-0.05294
72.1,22.23,-0.078032,-0.052829
72.1,24.5,-0.077801,-0.053041
72.1,26.78,-0.07623,-0.052622
72.1,29.05,-0.074006,-0.052672
72.1,31.15,-0.071091,-0.052015
72.1,33.43,-0.068134,-0.051316
72.1,35.7,-0.065703,-0.051834
72.1,37.98,-0.064726,-0.051717
72.1,40.08,-0.063935,-0.052354
72.1,42.35,-0.063811,-0.053978
72.1,44.63,-0.062921,-0.055266
72.1,46.73,-0.061372,-0.055752
72.1,49.0,-0.06025,-0.055681
72.1,51.1,-0.058294,-0.056923
72.1,53.38,-0.057813,-0.057601
72.1,55.65,-0.057105,-0.058568
72.1,57.75,-0.057052,-0.060025
72.1,60.03,-0.05716,-0.062573
72.1,62.3,-0.057071,-0.06488
72.1,64.4,-0.05757,-0.065962
72.1,66.68,-0.058657,-0.069298
72.1,68.95,-0.058168,-0.072937
72.1,71.05,-0.058608,-0.077632
72.1,73.33,-0.057906,-0.082866
72.1,75.6,-0.056877,-0.086744
72.1,77.7,-0.053824,-0.091067
72.1,79.98,-0.050974,-0.096128
72.1,82.08,-0.048007,-0.102823
72.1,84.35,-0.045494,-0.111107
72.1,86.63,-0.045774,-0.120746
72.1,88.73,-0.047025,-0.130632
72.1,91.0,-0.046643,-0.142135
72.1,93.28,-0.046763,-0.153322
72.1,95.38,-0.046156,-0.165897
72.1,97.3,-0.046821,-0.179695
72.1,99.75,-0.049147,-0.194138
72.1,102.03,-0.051704,-0.211217
72.1,104.3,-0.055931,-0.226744
72.1,106.58,-0.061162,-0.243996
72.1,108.85,-0.069079,-0.260342
72.1,110.95,-0.077043,-0.276682
72.1,113.23,-0.088248,-0.292191
72.1,115.33,-0.102394,-0.306159
72.1,117.6,-0.117955,-0.31777
72.1,119.88,-0.135416,-0.32675
72.1,121.98,-0.156196,-0.332945
72.1,124.25,-0.178321,-0.336091
72.1,126.53,-0.202493,-0.334649
72.1,128.8,-0.225161,-0.329301
72.1,130.9,-0.246855,-0.321402
72.1,133.18,-0.268223,-0.309489
72.1,135.45,-0.286947,-0.294742
72.1,137.73,-0.303549,-0.275931
72.1,139.83,-0.318719,-0.253235
72.1,142.1,-0.333371,-0.229215
72.1,144.38,-0.34638,-0.201464
72.1,146.48,-0.357215,-0.174101
72.1,148.75,-0.366411,-0.144899
72.1,150.85,-0.372468,-0.116036
72.1,153.13,-0.375321,-0.087462
72.1,155.4,-0.375367,-0.060524
72.1,157.5,-0.372067,-0.035691
72.1,159.78,-0.366799,-0.01278
72.1,161.88,-0.357434,0.007926
72.1,164.15,-0.347067,0.026992
72.1,166.43,-0.334042,0.042898
72.1,168.7,-0.320749,0.056256
72.1,170.8,-0.306735,0.065754
72.1,173.08,-0.290906,0.073477
72.1,175.35,-0.273753,0.079115
72.1,177.45,-0.255897,0.082898
72.1,179.73,-0.237656,0.085027
72.1,181.83,-0.219923,0.085825
72.1,184.1,-0.200965,0.084861
72.1,186.38,-0.183525,0.082732
72.1,188.48,-0.165589,0.079626
72.1,190.75,-0.148922,0.075566
72.1,193.03,-0.132798,0.071592
72.1,195.3,-0.118423,0.069392
72.1,197.4,-0.103513,0.06548
72.1,199.68,-0.089927,0.062815
72.1,201.95,-0.077983,0.059762
72.1,204.05,-0.067213,0.056392
72.1,206.33,-0.057946,0.052901
72.1,208.6,-0.04871,0.049824
72.1,210.7,-0.041683,0.0478
72.1,212.98,-0.034304,0.046265
72.1,215.25,-0.02785,0.044118
72.1,217.35,-0.022262,0.042719
72.1,219.45,-0.016954,0.040776
72.1,221.9,-0.011834,0.038163
72.1,224.0,-0.007213,0.036256
72.1,226.28,-0.002672,0.0345
72.1,228.55,0.000566,0.032756
72.1,230.83,0.003548,0.031111
72.1,232.93,0.005344,0.02837
72.1,235.2,0.00816,0.026068
72.1,237.48,0.010036,0.024593
72.1,239.58,0.013102,0.022846
72.1,241.85,0.015526,0.021333
72.1,244.13,0.0191,0.02068
72.1,246.23,0.022313,0.020652
72.1,248.5,0.026641,0.021262
72.1,250.78,0.030779,0.021943
72.1,252.88,0.034549,0.022279
72.1,255.15,0.037291,0.022245
72.1,257.43,0.041013,0.021222
72.1,259.53,0.044294,0.020455
72.1,261.8,0.047877,0.019075
72.1,264.08,0.049907,0.017325
72.1,266.18,0.052014,0.01515
72.1,268.45,0.05422,0.012997
72.1,270.73,0.057294,0.010018
72.1,272.83,0.060828,0.007202
72.1,275.1,0.065073,0.003939
72.1,277.2,0.068496,-5.6e-05
72.1,279.48,0.072424,-0.005315
72.1,281.75,0.076382,-0.011242
72.1,283.85,0.078955,-0.018174
72.1,286.13,0.080563,-0.027508
72.1,288.4,0.082331,-0.03729
72.1,290.5,0.082944,-0.047927
72.1,292.78,0.08291,-0.059212
72.1,294.88,0.083699,-0.071717
72.1,297.15,0.081641,-0.084631
72.1,299.43,0.078724,-0.098704
72.1,301.7,0.073391,-0.114628
72.1,303.63,0.065258,-0.130786
72.1,306.08,0.055162,-0.147212
72.1,308.35,0.040649,-0.163614
72.1,310.63,0.024611,-0.180805
72.1,312.73,0.003601,-0.198414
72.1,315.18,-0.017536,-0.21358
72.1,317.28,-0.039739,-0.226562
72.1,319.55,-0.063202,-0.236701
72.1,321.83,-0.088516,-0.244326
72.1,324.1,-0.113858,-0.2496
72.1,326.2,-0.138519,-0.25188
72.1,328.48,-0.164668,-0.251205
72.1,330.58,-0.189535,-0.246704
72.1,332.85,-0.211673,-0.240398
72.1,335.13,-0.231627,-0.232046
72.1,337.23,-0.249849,-0.2211
72.1,339.5,-0.264674,-0.207597
72.1,341.6,-0.277212,-0.192958
72.1,343.88,-0.286328,-0.176374
72.1,346.15,-0.291753,-0.159979
72.1,348.25,-0.294529,-0.143639
72.1,350.53,-0.294591,-0.126479
72.1,352.63,-0.291134,-0.110401
72.1,354.9,-0.284381,-0.09375
72.1,357.18,-0.27448,-0.078282
72.1,359.28,-0.263734,-0.062379
72.1,361.73,-0.250567,-0.04867
72.1,363.83,-0.237246,-0.035737
72.1,366.1,-0.222942,-0.023688
72.1,368.38,-0.207126,-0.012857
72.1,370.65,-0.191325,-0.003815
72.1,372.75,-0.175148,0.003795
72.1,375.03,-0.158947,0.009821
72.1,377.3,-0.14431,0.015246
72.1,379.58,-0.131412,0.018496
72.1,381.68,-0.118722,0.020015
72.1,383.95,-0.106593,0.021691
72.1,386.23,-0.094954,0.023234
72.1,388.33,-0.083186,0.022892
72.1,390.6,-0.072632,0.022334
72.1,392.88,-0.065731,0.020434
72.1,394.98,-0.058691,0.018209
72.1,397.25,-0.053223,0.01527
72.1,399.35,-0.048115,0.013653
72.1,401.63,-0.042388,0.011447
72.1,403.9,-0.036405,0.008909
72.1,406.18,-0.031695,0.007008
72.1,408.28,-0.0283,0.004898
72.1,410.55,-0.024286,0.002073
72.1,412.83,-0.021248,-0.000953
72.1,414.93,-0.018981,-0.003251
72.1,417.2,-0.016945,-0.005999
72.1,419.3,-0.01534,-0.008035
72.1,421.58,-0.013109,-0.009471
72.1,423.85,-0.012114,-0.01212
72.1,426.13,-0.0105,-0.014489
72.1,428.23,-0.009905,-0.014705
72.1,430.5,-0.008596,-0.016033
72.1,432.78,-0.007601,-0.016778
72.1,434.88,-0.006362,-0.017484
72.1,437.15,-0.005149,-0.018232
72.1,439.43,-0.004218,-0.019083
72.1,441.53,-0.003069,-0.019425
72.1,443.8,-0.00192,-0.020065
72.1,446.08,0.000138,-0.021492
72.1,448.18,0.002119,-0.021951
72.1,450.45,0.004365,-0.023149
72.1,452.55,0.007217,-0.024819
72.1,454.83,0.009192,-0.02607
72.1,457.1,0.011758,-0.027903
72.1,459.2,0.01292,-0.029572
72.1,461.48,0.014084,-0.032046
72.1,463.75,0.015495,-0.034055
72.1,466.03,0.016675,-0.037173
72.1,468.13,0.01816,-0.038975
72.1,470.23,0.019898,-0.041202
72.1,472.5,0.022371,-0.043183
72.1,474.78,0.025138,-0.045216
72.1,477.05,0.027991,-0.046532
72.1,479.15,0.031028,-0.04781
72.1,481.43,0.033893,-0.050922
72.1,483.7,0.035923,-0.054458
72.1,485.8,0.0382,-0.058189
72.1,488.08,0.040326,-0.06285
72.1,490.35,0.041891,-0.067721
72.1,492.45,0.044737,-0.071874
72.1,494.73,0.047602,-0.075786
72.1,497.0,0.050886,-0.079942
72.1,499.1,0.053348,-0.084104
72.1,501.38,0.055683,-0.089009
72.1,503.65,0.05739,-0.094246
72.1,505.75,0.058382,-0.099206
72.1,507.85,0.058305,-0.104511
72.1,510.13,0.056604,-0.10985
72.1,512.4,0.053105,-0.114643
72.1,514.5,0.050098,-0.118506
72.1,516.78,0.045825,-0.122142
72.1,519.05,0.040412,-0.124335
72.1,521.15,0.033918,-0.125333
72.1,523.43,0.026854,-0.125842
72.1,525.7,0.019346,-0.125641
72.1,527.98,0.010877,-0.124458
72.1,530.25,0.001586,-0.121273
72.1,532.35,-0.00667,-0.116794
72.1,534.63,-0.014144,-0.11054
72.1,536.73,-0.022921,-0.103389
72.1,539.0,-0.030124,-0.094828
72.1,541.28,-0.037786,-0.084921
72.1,543.38,-0.044754,-0.07525
72.1,545.65,-0.050986,-0.064659
72.1,547.75,-0.057126,-0.054267
72.1,550.03,-0.062246,-0.043781
72.1,552.3,-0.067687,-0.032949
72.1,554.4,-0.071405,-0.022367
72.1,556.68,-0.075256,-0.011461
72.1,558.95,-0.078399,-0.001332
72.1,561.05,-0.080494,0.007679
72.1,563.33,-0.081735,0.01601
72.1,565.6,-0.080943,0.023736
72.1,567.7,-0.078975,0.029439
72.1,569.98,-0.078051,0.034081
72.1,572.25,-0.077228,0.037461
72.1,574.35,-0.075678,0.039611
72.1,576.63,-0.074609,0.04097
72.1,578.9,-0.072447,0.041543
72.1,581.0,-0.069942,0.041238
72.1,583.28,-0.067551,0.039777
72.1,585.38,-0.065466,0.037732
72.1,587.65,-0.062474,0.036068
72.1,589.93,-0.059326,0.033037
72.1,592.2,-0.056661,0.031241
72.1,594.3,-0.053411,0.029248
72.1,596.58,-0.049585,0.02552
72.1,598.85,-0.046519,0.023804
72.1,600.95,-0.043269,0.020471
72.1,603.23,-0.040512,0.01836
72.1,605.5,-0.037391,0.015532
72.1,607.6,-0.034237,0.013825
72.1,609.88,-0.031008,0.011724
72.1,612.15,-0.02797,0.009879
72.1,614.25,-0.025808,0.008077
72.1,616.53,-0.023023,0.005628
72.1,618.8,-0.022083,0.00474
72.1,620.9,-0.020432,0.001906
72.1,623.18,-0.020454,-0.000309
72.1,625.28,-0.02033,-0.003889
72.1,627.55,-0.021393,-0.006319
72.1,629.83,-0.021655,-0.008658
72.1,631.93,-0.021633,-0.011387
72.1,634.2,-0.021624,-0.014144
72.1,636.48,-0.021418,-0.016553
72.1,638.93,-0.022333,-0.019613
72.1,641.03,-0.023864,-0.021057
72.1,643.3,-0.025321,-0.02277
72.1,645.58,-0.026972,-0.024113
72.1,647.85,-0.027108,-0.026134
72.1,650.13,-0.028211,-0.027804
72.1,652.4,-0.03058,-0.028876
72.1,654.85,-0.031741,-0.031245
72.1,657.13,-0.032779,-0.032259
72.1,659.23,-0.032234,-0.033109
72.1,661.5,-0.031655,-0.031988
72.1,663.78,-0.03037,-0.031618
72.1,665.88,-0.029178,-0.029939
72.1,668.15,-0.028041,-0.029197
72.1,670.43,-0.028195,-0.028414
72.1,672.7,-0.027447,-0.028081
72.1,674.8,-0.02688,-0.027841
72.1,677.08,-0.025426,-0.027974
72.1,679.18,-0.023756,-0.027545
72.1,681.45,-0.021846,-0.02688
72.1,683.73,-0.020275,-0.026479
72.1,686.0,-0.017425,-0.025155
72.1,688.28,-0.014468,-0.024227
108.15,11.2,-0.097012,-0.070617
108.15,13.65,-0.102302,-0.072394
108.15,15.75,-0.105894,-0.074754
108.15,18.03,-0.110453,-0.076051
108.15,20.13,-0.112447,-0.076874
108.15,22.75,-0.113771,-0.076522
108.15,25.2,-0.111254,-0.07623
108.15,27.48,-0.107995,-0.074431
108.15,29.58,-0.104116,-0.071874
108.15,31.85,-0.098602,-0.069572
108.15,34.13,-0.09277,-0.065851
108.15,36.23,-0.087591,-0.063189
108.15,38.5,-0.082182,-0.060564
108.15,40.78,-0.078134,-0.058417
108.15,42.88,-0.075438,-0.056864
108.15,45.15,-0.072946,-0.05566
108.15,47.43,-0.07034,-0.055808
108.15,49.53,-0.068642,-0.055823
108.15,51.8,-0.066335,-0.056335
108.15,53.9,-0.064255,-0.056276
108.15,56.18,-0.062148,-0.056978
108.15,58.45,-0.059899,-0.056917
108.15,60.73,-0.057595,-0.057709
108.15,63.0,-0.056291,-0.058235
108.15,65.1,-0.054452,-0.058066
108.15,67.38,-0.052314,-0.059446
108.15,69.48,-0.05066,-0.061479
108.15,71.75,-0.050306,-0.063211
108.15,74.03,-0.04814,-0.066504
108.15,76.3,-0.046436,-0.071067
108.15,78.4,-0.043966,-0.075115
108.15,80.68,-0.042148,-0.081328
108.15,82.78,-0.040059,-0.087752
108.15,85.05,-0.038041,-0.095768
108.15,87.33,-0.034579,-0.104095
108.15,89.43,-0.03151,-0.1118
108.15,91.7,-0.02631,-0.120962
108.15,93.8,-0.020725,-0.129893
108.15,96.08,-0.016581,-0.139314
108.15,98.35,-0.012736,-0.150469
108.15,100.63,-0.010284,-0.162616
108.15,102.9,-0.008269,-0.175213
108.15,105.0,-0.005928,-0.187684
108.15,107.1,-0.005617,-0.200287
108.15,109.55,-0.006341,-0.214603
108.15,111.65,-0.008276,-0.227376
108.15,113.93,-0.012142,-0.239452
108.15,116.03,-0.016975,-0.250811
108.15,118.3,-0.023627,-0.261547
108.15,120.4,-0.032194,-0.268753
108.15,122.68,-0.042986,-0.274803
108.15,124.78,-0.055478,-0.278907
108.15,127.05,-0.070164,-0.278956
108.15,129.33,-0.085916,-0.276119
108.15,131.43,-0.103282,-0.270164
108.15,133.7,-0.121553,-0.259606
108.15,135.8,-0.140752,-0.246291
108.15,138.25,-0.160564,-0.23008
108.15,140.35,-0.180111,-0.210743
108.15,142.63,-0.197219,-0.188207
108.15,144.9,-0.212819,-0.162376
108.15,147.18,-0.2259,-0.136627
108.15,149.28,-0.235838,-0.110534
108.15,151.55,-0.245127,-0.082185
108.15,153.65,-0.252218,-0.055765
108.15,155.93,-0.257058,-0.030435
108.15,158.2,-0.259794,-0.005749
108.15,160.3,-0.260925,0.016453
108.15,162.58,-0.260114,0.036059
108.15,164.68,-0.258494,0.052547
108.15,166.95,-0.254002,0.066746
108.15,169.23,-0.247379,0.079133
108.15,171.33,-0.23911,0.08788
108.15,173.6,-0.229434,0.094158
108.15,175.88,-0.219862,0.098185
108.15,177.98,-0.209033,0.099543
108.15,180.25,-0.196559,0.099463
108.15,182.53,-0.182946,0.097547
108.15,184.63,-0.169831,0.094629
108.15,186.9,-0.156334,0.090015
108.15,189.0,-0.143679,0.085169
108.15,191.28,-0.131753,0.079888
108.15,193.55,-0.120278,0.074666
108.15,195.83,-0.109274,0.069534
108.15,198.1,-0.099104,0.063865
108.15,200.2,-0.088596,0.059321
108.15,202.48,-0.077912,0.055498
108.15,204.58,-0.068306,0.05096
108.15,206.85,-0.059311,0.047273
108.15,209.13,-0.051473,0.043459
108.15,211.23,-0.044234,0.038758
108.15,213.5,-0.03847,0.03572
108.15,215.6,-0.033094,0.03259
108.15,217.88,-0.027071,0.029192
108.15,220.15,-0.022924,0.026099
108.15,222.43,-0.019227,0.022683
108.15,224.53,-0.016409,0.019811
108.15,226.8,-0.01293,0.017883
108.15,229.08,-0.00944,0.014802
108.15,231.35,-0.005762,0.012741
108.15,233.45,-0.003919,0.01084
108.15,235.73,-0.00046,0.007257
108.15,238.18,0.002079,0.004281
108.15,240.45,0.003046,0.001937
108.15,242.55,0.004035,-0.00103
108.15,244.83,0.004602,-0.003386
108.15,246.93,0.005954,-0.005891
108.15,249.2,0.008259,-0.00798
108.15,251.48,0.010434,-0.009505
108.15,253.58,0.012972,-0.010605
108.15,255.85,0.014648,-0.0116
108.15,258.13,0.017544,-0.012598
108.15,260.23,0.020905,-0.014033
108.15,262.5,0.025218,-0.013898
108.15,264.78,0.029571,-0.01473
108.15,266.88,0.033662,-0.015823
108.15,269.15,0.037008,-0.017653
108.15,271.43,0.039553,-0.020497
108.15,273.53,0.042618,-0.024958
108.15,275.8,0.045233,-0.028402
108.15,277.9,0.047615,-0.033346
108.15,280.18,0.050717,-0.038926
108.15,282.45,0.05471,-0.045013
108.15,284.55,0.059244,-0.050626
108.15,286.83,0.064137,-0.05716
108.15,289.1,0.068619,-0.063787
108.15,291.2,0.07304,-0.070426
108.15,293.83,0.077726,-0.080327
108.15,295.93,0.081761,-0.089006
108.15,298.2,0.086157,-0.098664
108.15,300.48,0.089442,-0.109825
108.15,302.93,0.091019,-0.122659
108.15,305.2,0.090347,-0.134187
108.15,307.3,0.088354,-0.146045
108.15,309.58,0.085181,-0.157816
108.15,312.03,0.080338,-0.169699
108.15,314.13,0.073431,-0.179483
108.15,316.4,0.064879,-0.188626
108.15,318.5,0.054041,-0.197163
108.15,321.13,0.038659,-0.204816
108.15,323.23,0.023348,-0.210244
108.15,325.5,0.00775,-0.21285
108.15,327.78,-0.008202,-0.212998
108.15,330.05,-0.024178,-0.209896
108.15,332.33,-0.038017,-0.203238
108.15,334.6,-0.051763,-0.194803
108.15,336.7,-0.065762,-0.18427
108.15,339.15,-0.082,-0.170632
108.15,341.43,-0.095897,-0.157299
108.15,343.53,-0.108599,-0.143047
108.15,345.8,-0.119255,-0.12834
108.15,348.08,-0.127955,-0.112148
108.15,350.18,-0.134683,-0.096116
108.15,352.45,-0.138272,-0.080447
108.15,354.73,-0.141254,-0.065552
108.15,356.83,-0.142354,-0.051689
108.15,359.1,-0.141375,-0.03903
108.15,361.38,-0.139871,-0.02708
108.15,363.48,-0.136378,-0.016483
108.15,365.75,-0.13224,-0.00704
108.15,367.85,-0.126874,0.000236
108.15,370.13,-0.120444,0.005769
108.15,372.4,-0.116353,0.010073
108.15,374.5,-0.110839,0.01202
108.15,376.78,-0.105826,0.013548
108.15,378.88,-0.100287,0.0134
108.15,381.15,-0.094323,0.01198
108.15,383.43,-0.089163,0.010113
108.15,385.53,-0.083466,0.007402
108.15,387.8,-0.078473,0.00414
108.15,390.08,-0.073707,0.000264
108.15,392.18,-0.069086,-0.00273
108.15,394.45,-0.063106,-0.006202
108.15,396.73,-0.057943,-0.009634
108.15,399.0,-0.052974,-0.013183
108.15,401.1,-0.047684,-0.016452
108.15,403.38,-0.043158,-0.019853
108.15,405.65,-0.039545,-0.022576
108.15,407.75,-0.034976,-0.025891
108.15,410.03,-0.030962,-0.028316
108.15,412.13,-0.027284,-0.029751
108.15,414.4,-0.023584,-0.030284
108.15,416.68,-0.019003,-0.030811
108.15,418.78,-0.014936,-0.030336
108.15,421.05,-0.010629,-0.030626
108.15,423.33,-0.007456,-0.03046
108.15,425.43,-0.003408,-0.030561
108.15,427.7,-0.000792,-0.029566
108.15,429.98,0.002408,-0.030044
108.15,432.08,0.003413,-0.029234
108.15,434.35,0.005508,-0.029954
108.15,436.45,0.007211,-0.030475
108.15,438.73,0.007957,-0.030777
108.15,441.0,0.009516,-0.032157
108.15,443.1,0.009993,-0.032573
108.15,445.38,0.011025,-0.03391
108.15,447.65,0.010991,-0.035259
108.15,449.75,0.011629,-0.036335
108.15,452.03,0.012304,-0.038007
108.15,454.13,0.013622,-0.039375
108.15,456.4,0.014562,-0.040795
108.15,458.68,0.015711,-0.042539
108.15,460.78,0.017073,-0.04481
108.15,463.05,0.018699,-0.046409
108.15,465.33,0.019241,-0.048543
108.15,467.43,0.020255,-0.05176
108.15,469.7,0.019787,-0.055774
108.15,471.98,0.020277,-0.059033
108.15,474.08,0.02121,-0.062364
108.15,476.35,0.022495,-0.065956
108.15,478.63,0.02483,-0.07005
108.15,480.9,0.026657,-0.073171
108.15,483.0,0.027981,-0.076593
108.15,485.28,0.030058,-0.080346
108.15,487.55,0.032069,-0.084831
108.15,489.83,0.033992,-0.088439
108.15,491.93,0.034509,-0.093476
108.15,494.2,0.035883,-0.09814
108.15,496.48,0.037365,-0.103414
108.15,498.58,0.038711,-0.108014
108.15,500.85,0.040671,-0.112872
108.15,503.13,0.042615,-0.116448
108.15,505.4,0.044593,-0.119797
108.15,507.5,0.044938,-0.123229
108.15,509.78,0.04467,-0.126322
108.15,511.88,0.043262,-0.128895
108.15,514.15,0.041216,-0.130802
108.15,516.43,0.040486,-0.132299
108.15,518.53,0.040141,-0.130795
108.15,520.8,0.039349,-0.129237
108.15,523.08,0.038203,-0.126501
108.15,525.0,0.037436,-0.123337
108.15,527.45,0.036543,-0.11834
108.15,529.73,0.036805,-0.110241
108.15,531.83,0.037347,-0.100081
108.15,534.1,0.036164,-0.089184
108.15,536.38,0.033357,-0.079372
108.15,538.65,0.027729,-0.069267
108.15,540.93,0.020508,-0.059631
108.15,543.2,0.011114,-0.050084
108.15,545.48,0.001133,-0.042792
108.15,547.58,-0.010475,-0.035604
108.15,549.85,-0.021914,-0.028664
108.15,552.13,-0.032299,-0.021972
108.15,554.23,-0.042425,-0.014862
108.15,556.5,-0.049979,-0.00794
108.15,558.6,-0.057283,-0.001489
108.15,560.88,-0.062924,0.005119
108.15,563.15,-0.067256,0.009737
108.15,565.43,-0.070863,0.013521
108.15,567.53,-0.073457,0.016869
108.15,569.8,-0.075269,0.019171
108.15,572.08,-0.07635,0.021463
108.15,574.18,-0.075872,0.022664
108.15,576.45,-0.075075,0.022741
108.15,578.73,-0.073688,0.023271
108.15,580.83,-0.071014,0.022593
108.15,583.1,-0.067866,0.021635
108.15,585.38,-0.064791,0.020766
108.15,587.48,-0.062206,0.018841
108.15,589.75,-0.059428,0.016124
108.15,592.03,-0.057148,0.013098
108.15,594.3,-0.055269,0.009032
108.15,596.4,-0.053596,0.005061
108.15,598.68,-0.051729,0.000865
108.15,600.95,-0.049911,-0.003642
108.15,603.23,-0.048645,-0.008242
108.15,605.5,-0.047872,-0.012946
108.15,607.6,-0.047779,-0.017382
108.15,609.88,-0.048679,-0.021541
108.15,612.15,-0.048713,-0.025894
108.15,614.43,-0.048972,-0.029819
108.15,616.53,-0.047893,-0.032567
108.15,618.8,-0.046088,-0.034551
108.15,620.9,-0.044914,-0.035472
108.15,623.18,-0.043587,-0.036609
108.15,625.45,-0.042616,-0.037832
108.15,627.73,-0.04095,-0.038901
108.15,629.83,-0.038078,-0.039187
108.15,632.1,-0.033599,-0.038285
108.15,634.38,-0.028091,-0.036901
108.15,636.48,-0.023254,-0.035829
108.15,638.93,-0.020657,-0.034881
108.15,641.03,-0.018765,-0.034711
108.15,643.3,-0.018568,-0.034834
108.15,645.58,-0.019428,-0.035857
108.15,647.68,-0.021436,-0.037151
108.15,649.95,-0.023177,-0.038402
108.15,652.23,-0.025355,-0.038926
108.15,654.33,-0.025802,-0.039757
108.15,656.6,-0.026144,-0.041002
108.15,658.88,-0.027478,-0.04228
108.15,660.98,-0.028534,-0.044061
108.15,663.25,-0.030367,-0.046338
108.15,665.35,-0.033602,-0.049197
108.15,667.63,-0.036926,-0.052481
108.15,669.9,-0.0409,-0.055426
108.15,672.0,-0.044141,-0.057641
108.15,674.28,-0.046747,-0.060534
108.15,676.55,-0.04846,-0.062401
108.15,678.83,-0.049609,-0.063898
108.15,680.93,-0.049169,-0.064366
108.15,683.2,-0.048063,-0.064847
108.15,685.48,-0.046064,-0.06533
108.15,687.75,-0.044194,-0.065681
144.2,11.73,-0.164557,-0.100367
144.2,13.83,-0.168383,-0.101692
144.2,16.45,-0.17277,-0.103189
144.2,18.55,-0.175986,-0.104175
144.2,20.83,-0.177468,-0.103531
144.2,23.1,-0.175638,-0.102114
144.2,25.38,-0.17176,-0.099129
144.2,27.48,-0.166679,-0.09525
144.2,29.75,-0.160247,-0.090925
144.2,32.03,-0.154039,-0.086769
144.2,34.13,-0.148753,-0.08269
144.2,36.4,-0.142477,-0.078624
144.2,38.5,-0.135789,-0.074502
144.2,40.78,-0.129514,-0.070999
144.2,43.05,-0.123223,-0.066945
144.2,45.15,-0.117271,-0.064187
144.2,47.43,-0.111285,-0.062364
144.2,49.53,-0.107034,-0.060299
144.2,51.8,-0.103238,-0.059492
144.2,54.08,-0.099964,-0.058981
144.2,56.35,-0.096754,-0.058673
144.2,58.45,-0.094052,-0.058568
144.2,60.73,-0.091097,-0.058904
144.2,63.0,-0.08851,-0.059012
144.2,65.1,-0.08521,-0.060087
144.2,67.38,-0.08159,-0.061054
144.2,69.65,-0.07846,-0.061612
144.2,71.75,-0.075644,-0.062715
144.2,74.03,-0.07265,-0.063731
144.2,76.3,-0.068374,-0.0642
144.2,78.4,-0.062305,-0.064523
144.2,80.68,-0.056464,-0.065216
144.2,82.95,-0.050013,-0.066316
144.2,85.05,-0.043707,-0.068784
144.2,87.33,-0.038017,-0.071387
144.2,89.6,-0.03208,-0.075309
144.2,91.7,-0.025315,-0.080068
144.2,93.98,-0.018226,-0.085518
144.2,96.25,-0.012207,-0.092564
144.2,98.53,-0.007182,-0.100595
144.2,100.63,-0.002857,-0.10985
144.2,102.9,0.001438,-0.120155
144.2,105.18,0.005206,-0.13054
144.2,107.45,0.008098,-0.14042
144.2,109.55,0.011617,-0.149887
144.2,111.83,0.016845,-0.159218
144.2,114.1,0.02035,-0.167018
144.2,116.2,0.024207,-0.174991
144.2,118.48,0.024553,-0.182246
144.2,120.75,0.022627,-0.188121
144.2,122.85,0.018397,-0.193217
144.2,124.6,0.013366,-0.196171
144.2,127.4,0.00585,-0.196612
144.2,129.68,-0.003199,-0.194326
144.2,131.78,-0.013651,-0.189763
144.2,134.05,-0.026975,-0.182829
144.2,136.15,-0.041162,-0.173506
144.2,138.43,-0.058186,-0.161602
144.2,140.7,-0.075262,-0.146787
144.2,142.98,-0.092635,-0.129834
144.2,145.08,-0.109129,-0.110777
144.2,147.35,-0.124024,-0.089135
144.2,149.63,-0.137616,-0.067665
144.2,151.73,-0.150201,-0.045426
144.2,154.0,-0.161113,-0.023128
144.2,156.28,-0.168821,-0.001054
144.2,158.38,-0.176649,0.019879
144.2,160.65,-0.182031,0.038511
144.2,162.93,-0.186267,0.054297
144.2,165.03,-0.188691,0.06869
144.2,167.3,-0.189357,0.081216
144.2,169.58,-0.187052,0.091025
144.2,171.68,-0.182234,0.098832
144.2,173.95,-0.176294,0.104867
144.2,176.23,-0.169095,0.107427
144.2,178.33,-0.162243,0.106678
144.2,180.6,-0.15468,0.10336
144.2,182.88,-0.146954,0.09906
144.2,184.98,-0.138346,0.094592
144.2,187.25,-0.129967,0.088292
144.2,189.53,-0.120882,0.082535
144.2,191.63,-0.112179,0.076703
144.2,193.9,-0.103103,0.07162
144.2,196.18,-0.092761,0.066731
144.2,198.45,-0.083608,0.062186
144.2,200.73,-0.074551,0.057599
144.2,202.83,-0.066673,0.052729
144.2,205.1,-0.05976,0.04869
144.2,207.2,-0.053753,0.044035
144.2,209.48,-0.047629,0.039124
144.2,211.75,-0.043796,0.034004
144.2,214.03,-0.040598,0.028813
144.2,216.13,-0.037428,0.023721
144.2,218.4,-0.03525,0.01828
144.2,220.5,-0.032792,0.013003
144.2,222.78,-0.030817,0.008681
144.2,225.05,-0.027773,0.00596
144.2,227.15,-0.025414,0.002365
144.2,229.43,-0.023574,-0.001159
144.2,231.53,-0.021205,-0.00412
144.2,233.8,-0.019914,-0.005974
144.2,236.08,-0.017758,-0.007179
144.2,238.18,-0.015093,-0.008876
144.2,240.45,-0.012847,-0.009588
144.2,242.73,-0.010697,-0.010897
144.2,244.83,-0.008368,-0.011806
144.2,247.1,-0.005826,-0.013245
144.2,249.38,-0.00387,-0.01428
144.2,251.48,-0.001695,-0.016442
144.2,253.75,-0.000848,-0.018738
144.2,256.03,4.5e-05,-0.022237
144.2,258.3,0.001472,-0.025768
144.2,260.4,0.003262,-0.030142
144.2,262.68,0.003761,-0.034129
144.2,264.95,0.004035,-0.039175
144.2,267.23,0.00471,-0.043174
144.2,269.33,0.006167,-0.046978
144.2,271.6,0.008021,-0.050472
144.2,273.88,0.010209,-0.053334
144.2,275.98,0.012575,-0.056988
144.2,278.25,0.015307,-0.060675
144.2,280.53,0.018542,-0.065241
144.2,282.63,0.021937,-0.069073
144.2,284.9,0.027325,-0.07245
144.2,287.18,0.033111,-0.077283
144.2,289.28,0.037914,-0.083134
144.2,291.55,0.042855,-0.089212
144.2,293.83,0.047612,-0.096618
144.2,296.28,0.051345,-0.105346
144.2,298.38,0.054759,-0.113469
144.2,300.65,0.057325,-0.122225
144.2,302.75,0.060544,-0.130996
144.2,305.03,0.063801,-0.138491
144.2,307.13,0.065323,-0.145438
144.2,309.4,0.067097,-0.152243
144.2,311.68,0.067655,-0.158972
144.2,313.78,0.066296,-0.165632
144.2,316.05,0.062495,-0.170943
144.2,318.33,0.05902,-0.17578
144.2,320.6,0.054072,-0.178981
144.2,322.7,0.04983,-0.180561
144.2,324.98,0.045289,-0.180302
144.2,327.25,0.040273,-0.177884
144.2,329.35,0.036875,-0.173697
144.2,331.63,0.031721,-0.166966
144.2,333.73,0.025501,-0.158818
144.2,336.0,0.018551,-0.149221
144.2,338.28,0.009864,-0.139159
144.2,340.55,-0.000577,-0.127684
144.2,342.65,-0.012718,-0.115802
144.2,344.93,-0.025472,-0.10423
144.2,347.03,-0.039665,-0.092382
144.2,349.3,-0.053993,-0.081831
144.2,351.58,-0.067342,-0.071627
144.2,353.68,-0.079298,-0.06245
144.2,355.78,-0.089329,-0.052755
144.2,358.05,-0.096778,-0.044341
144.2,360.33,-0.102601,-0.037015
144.2,362.6,-0.10716,-0.031479
144.2,364.7,-0.109354,-0.026501
144.2,366.98,-0.110869,-0.022635
144.2,369.25,-0.110872,-0.019763
144.2,371.53,-0.109495,-0.018325
144.2,373.63,-0.107416,-0.018106
144.2,375.9,-0.103719,-0.018368
144.2,378.0,-0.099067,-0.018827
144.2,380.28,-0.092407,-0.021036
144.2,382.55,-0.08679,-0.020906
144.2,384.65,-0.080475,-0.023691
144.2,386.93,-0.075432,-0.026778
144.2,389.2,-0.072401,-0.02968
144.2,391.3,-0.068263,-0.033168
144.2,393.58,-0.065685,-0.037071
144.2,395.68,-0.063771,-0.041082
144.2,397.95,-0.062388,-0.045373
144.2,400.23,-0.060882,-0.049181
144.2,402.33,-0.059369,-0.054344
144.2,404.6,-0.058143,-0.058436
144.2,406.88,-0.057012,-0.062521
144.2,408.98,-0.055438,-0.065592
144.2,411.25,-0.053488,-0.069058
144.2,413.35,-0.052179,-0.07155
144.2,415.63,-0.050678,-0.072718
144.2,417.9,-0.049951,-0.073383
144.2,420.18,-0.047653,-0.074477
144.2,422.28,-0.044834,-0.075136
144.2,424.55,-0.042635,-0.076045
144.2,426.83,-0.039945,-0.077305
144.2,429.1,-0.037518,-0.078124
144.2,431.2,-0.036378,-0.079203
144.2,433.48,-0.035149,-0.080164
144.2,435.75,-0.033892,-0.081128
144.2,437.85,-0.032829,-0.081088
144.2,440.13,-0.030512,-0.081002
144.2,442.4,-0.027884,-0.080632
144.2,444.68,-0.024197,-0.080226
144.2,446.78,-0.021504,-0.079985
144.2,449.05,-0.019252,-0.079924
144.2,451.15,-0.017995,-0.079686
144.2,453.43,-0.017718,-0.079998
144.2,455.7,-0.017835,-0.081396
144.2,457.8,-0.018978,-0.082545
144.2,460.08,-0.019884,-0.084372
144.2,462.35,-0.02167,-0.085509
144.2,464.45,-0.022438,-0.087493
144.2,466.73,-0.023312,-0.088377
144.2,469.0,-0.022052,-0.090607
144.2,471.1,-0.020558,-0.092625
144.2,473.38,-0.019474,-0.094927
144.2,475.48,-0.018482,-0.097709
144.2,477.75,-0.016985,-0.100586
144.2,480.03,-0.015759,-0.103411
144.2,482.13,-0.014659,-0.105426
144.2,484.4,-0.012287,-0.107268
144.2,486.68,-0.0105,-0.109686
144.2,488.78,-0.008479,-0.111584
144.2,491.05,-0.006178,-0.113445
144.2,493.33,-0.002884,-0.116193
144.2,495.43,0.000893,-0.118078
144.2,497.7,0.00564,-0.120515
144.2,499.98,0.010258,-0.12001
144.2,502.08,0.016367,-0.120669
144.2,504.35,0.021262,-0.120694
144.2,506.45,0.02564,-0.121264
144.2,508.73,0.029962,-0.121914
144.2,511.0,0.033086,-0.122819
144.2,513.28,0.033542,-0.122342
144.2,515.38,0.034411,-0.122231
144.2,517.65,0.034081,-0.122363
144.2,519.93,0.032553,-0.12074
144.2,522.03,0.030107,-0.118463
144.2,524.3,0.026558,-0.115235
144.2,526.58,0.021527,-0.112034
144.2,528.68,0.017559,-0.108103
144.2,530.95,0.012374,-0.103072
144.2,533.23,0.005714,-0.097031
144.2,535.5,-0.001014,-0.090614
144.2,537.6,-0.007857,-0.083371
144.2,539.88,-0.013944,-0.075651
144.2,542.15,-0.021156,-0.067083
144.2,544.25,-0.027524,-0.057983
144.2,546.53,-0.033202,-0.049332
144.2,548.8,-0.038805,-0.041027
144.2,550.9,-0.043503,-0.03298
144.2,553.0,-0.047653,-0.024948
144.2,555.28,-0.050589,-0.017641
144.2,557.55,-0.053741,-0.010521
144.2,559.65,-0.056273,-0.005352
144.2,561.93,-0.059557,-0.000361
144.2,564.03,-0.062592,0.00243
144.2,566.3,-0.06643,0.004346
144.2,568.58,-0.069745,0.005036
144.2,570.85,-0.072601,0.004161
144.2,572.95,-0.074588,0.003234
144.2,575.23,-0.076886,0.001691
144.2,577.33,-0.077927,-0.000956
144.2,579.6,-0.078901,-0.00403
144.2,581.88,-0.07851,-0.007046
144.2,583.98,-0.077043,-0.010783
144.2,586.25,-0.074292,-0.013282
144.2,588.53,-0.070315,-0.015629
144.2,590.63,-0.066322,-0.017653
144.2,592.9,-0.063309,-0.019998
144.2,595.0,-0.060062,-0.022536
144.2,597.28,-0.058516,-0.025463
144.2,599.55,-0.057955,-0.028466
144.2,601.83,-0.057465,-0.03359
144.2,603.93,-0.058294,-0.037142
144.2,606.2,-0.058214,-0.042293
144.2,608.3,-0.058796,-0.046396
144.2,610.58,-0.058488,-0.04952
144.2,612.85,-0.058383,-0.052739
144.2,614.95,-0.058226,-0.055515
144.2,617.23,-0.057912,-0.058396
144.2,619.5,-0.058605,-0.061153
144.2,621.78,-0.059924,-0.064523
144.2,623.88,-0.061966,-0.06786
144.2,626.15,-0.064779,-0.070811
144.2,628.43,-0.067518,-0.072921
144.2,630.53,-0.071134,-0.075669
144.2,632.8,-0.074187,-0.078679
144.2,635.08,-0.077003,-0.08102
144.2,637.18,-0.07988,-0.083143
144.2,639.45,-0.081837,-0.084674
144.2,641.55,-0.084776,-0.086211
144.2,643.83,-0.08668,-0.088513
144.2,646.1,-0.089421,-0.090996
144.2,648.2,-0.09192,-0.093491
144.2,650.48,-0.094215,-0.096911
144.2,652.75,-0.097385,-0.099042
144.2,654.85,-0.100278,-0.101245
144.2,657.13,-0.10204,-0.103664
144.2,659.23,-0.103183,-0.105657
144.2,661.5,-0.104169,-0.106908
144.2,663.78,-0.105108,-0.108106
144.2,665.88,-0.107062,-0.109825
144.2,668.15,-0.109625,-0.110564
144.2,670.43,-0.112786,-0.113485
144.2,672.7,-0.115912,-0.115102
144.2,674.8,-0.119113,-0.117773
144.2,677.08,-0.122588,-0.120034
144.2,679.18,-0.126556,-0.123183
144.2,681.45,-0.130663,-0.125481
144.2,683.73,-0.135222,-0.129095
144.2,685.83,-0.14127,-0.131923
144.2,688.1,-0.14631,-0.134163
180.25,11.38,-0.22553,-0.052413
180.25,13.48,-0.224243,-0.041618
180.25,15.75,-0.225068,-0.030367
180.25,18.03,-0.225694,-0.02095
180.25,20.3,-0.224615,-0.012388
180.25,22.58,-0.220684,-0.003365
180.25,24.85,-0.215349,0.00475
180.25,26.95,-0.208888,0.01202
180.25,29.23,-0.200838,0.018228
180.25,31.5,-0.192157,0.025095
180.25,33.6,-0.182024,0.03097
180.25,35.88,-0.172422,0.035917
180.25,38.15,-0.163004,0.04121
180.25,40.43,-0.153882,0.045628
180.25,42.53,-0.146812,0.049069
180.25,44.8,-0.139409,0.052609
180.25,46.9,-0.133919,0.056059
180.25,49.18,-0.127755,0.058514
180.25,51.45,-0.121113,0.061419
180.25,53.73,-0.115349,0.064075
180.25,55.83,-0.109369,0.066099
180.25,58.1,-0.105318,0.068736
180.25,60.2,-0.102095,0.069211
180.25,62.48,-0.100078,0.069417
180.25,64.75,-0.098805,0.068946
180.25,67.03,-0.098362,0.069198
180.25,69.3,-0.097139,0.068751
180.25,71.4,-0.095567,0.068628
180.25,73.68,-0.094036,0.067516
180.25,75.78,-0.092453,0.066207
180.25,78.05,-0.091522,0.064864
180.25,80.15,-0.090321,0.063468
180.25,82.43,-0.089357,0.061164
180.25,84.7,-0.088553,0.059281
180.25,86.8,-0.086288,0.056789
180.25,89.08,-0.084166,0.054784
180.25,91.35,-0.081387,0.052889
180.25,93.45,-0.078651,0.051025
180.25,95.73,-0.075715,0.048973
180.25,98.0,-0.072573,0.046361
180.25,100.28,-0.069717,0.044161
180.25,102.38,-0.067681,0.04117
180.25,104.65,-0.065389,0.036706
180.25,106.93,-0.063516,0.031546
180.25,109.03,-0.061972,0.026238
180.25,111.3,-0.060105,0.02056
180.25,113.4,-0.058168,0.014716
180.25,115.68,-0.05545,0.009124
180.25,117.95,-0.052792,0.00418
180.25,120.05,-0.050645,0.000166
180.25,122.33,-0.047974,-0.00339
180.25,124.6,-0.045783,-0.00652
180.25,126.88,-0.045327,-0.007727
180.25,128.98,-0.045222,-0.008679
180.25,131.25,-0.046627,-0.008876
180.25,133.35,-0.048895,-0.008128
180.25,135.63,-0.052638,-0.006436
180.25,137.9,-0.057404,-0.003192
180.25,140.18,-0.062453,0.000471
180.25,142.28,-0.068494,0.005517
180.25,144.55,-0.075463,0.012445
180.25,146.83,-0.082484,0.019041
180.25,149.1,-0.089921,0.025514
180.25,151.2,-0.098041,0.032572
180.25,153.48,-0.105555,0.038866
180.25,155.75,-0.113201,0.045212
180.25,158.03,-0.119757,0.051031
180.25,160.13,-0.125558,0.05661
180.25,162.4,-0.129505,0.061231
180.25,164.5,-0.132675,0.066074
180.25,166.78,-0.134351,0.070002
180.25,169.05,-0.134375,0.073678
180.25,171.15,-0.133654,0.077159
180.25,173.43,-0.131026,0.080221
180.25,175.7,-0.129002,0.081952
180.25,177.98,-0.124933,0.082328
180.25,180.08,-0.121818,0.081271
180.25,182.35,-0.118836,0.078671
180.25,184.63,-0.115888,0.075175
180.25,186.73,-0.112524,0.070307
180.25,189.0,-0.109924,0.066185
180.25,191.28,-0.106972,0.06043
180.25,193.38,-0.103827,0.055397
180.25,195.65,-0.101612,0.050625
180.25,197.93,-0.097644,0.046983
180.25,200.03,-0.093701,0.044254
180.25,202.3,-0.09041,0.042787
180.25,204.4,-0.086948,0.04129
180.25,206.68,-0.083426,0.039294
180.25,208.95,-0.081421,0.037565
180.25,211.23,-0.080339,0.03531
180.25,213.33,-0.079033,0.031798
180.25,215.6,-0.079141,0.028434
180.25,217.88,-0.079381,0.024676
180.25,220.15,-0.08025,0.020064
180.25,222.25,-0.0818,0.017187
180.25,224.53,-0.082271,0.013126
180.25,226.8,-0.083888,0.009402
180.25,229.08,-0.08521,0.006669
180.25,231.18,-0.085543,0.00381
180.25,233.45,-0.086039,0.001228
180.25,235.73,-0.086347,-0.00159
180.25,237.83,-0.086757,-0.004018
180.25,240.1,-0.087524,-0.005897
180.25,242.38,-0.087733,-0.007314
180.25,244.48,-0.087887,-0.009332
180.25,246.75,-0.087856,-0.011692
180.25,249.03,-0.087964,-0.013297
180.25,251.3,-0.087804,-0.014874
180.25,253.4,-0.088152,-0.017105
180.25,255.68,-0.08728,-0.018639
180.25,257.95,-0.086412,-0.020435
180.25,260.05,-0.084702,-0.021258
180.25,262.33,-0.083328,-0.022083
180.25,264.6,-0.082299,-0.02245
180.25,266.88,-0.079646,-0.023097
180.25,268.98,-0.077801,-0.023494
180.25,271.25,-0.0748,-0.023959
180.25,273.53,-0.071171,-0.023929
180.25,275.63,-0.067699,-0.024403
180.25,277.9,-0.064921,-0.024804
180.25,280.18,-0.062173,-0.026168
180.25,282.28,-0.059508,-0.027893
180.25,284.55,-0.057043,-0.029437
180.25,286.83,-0.053266,-0.031224
180.25,289.1,-0.048568,-0.032872
180.25,291.2,-0.044791,-0.034437
180.25,293.48,-0.04171,-0.035829
180.25,295.75,-0.038476,-0.03916
180.25,297.85,-0.036938,-0.042413
180.25,300.13,-0.034508,-0.046301
180.25,302.4,-0.032721,-0.0494
180.25,304.5,-0.031168,-0.053331
180.25,306.78,-0.030222,-0.056242
180.25,309.05,-0.028479,-0.058738
180.25,311.15,-0.027598,-0.061328
180.25,313.43,-0.027046,-0.063907
180.25,315.7,-0.027644,-0.066356
180.25,317.8,-0.02777,-0.068879
180.25,320.08,-0.027542,-0.070013
180.25,322.18,-0.027585,-0.069326
180.25,324.45,-0.027422,-0.068007
180.25,326.73,-0.028072,-0.065056
180.25,328.83,-0.029594,-0.061609
180.25,331.1,-0.031874,-0.058038
180.25,333.38,-0.034967,-0.053208
180.25,335.48,-0.039588,-0.047927
180.25,337.75,-0.043547,-0.0433
180.25,340.03,-0.048722,-0.037764
180.25,342.13,-0.054483,-0.033017
180.25,344.4,-0.059668,-0.027647
180.25,346.68,-0.066033,-0.023229
180.25,348.78,-0.071636,-0.01907
180.25,351.05,-0.076418,-0.015179
180.25,353.33,-0.081014,-0.011042
180.25,355.43,-0.084113,-0.007903
180.25,357.7,-0.086892,-0.004696
180.25,359.98,-0.088513,-0.001621
180.25,362.08,-0.089403,0.00105
180.25,364.35,-0.089421,0.001863
180.25,366.45,-0.090031,0.003548
180.25,368.73,-0.090848,0.00365
180.25,371.0,-0.090607,0.003123
180.25,373.1,-0.090983,0.002227
180.25,375.38,-0.090306,-0.000638
180.25,377.65,-0.091304,-0.003383
180.25,379.75,-0.092755,-0.00777
180.25,381.85,-0.093741,-0.012179
180.25,384.3,-0.095062,-0.01656
180.25,386.58,-0.095392,-0.020654
180.25,388.85,-0.094597,-0.024634
180.25,391.13,-0.093322,-0.027915
180.25,393.4,-0.092579,-0.03005
180.25,395.5,-0.090503,-0.031982
180.25,397.78,-0.08956,-0.032801
180.25,399.88,-0.086165,-0.033645
180.25,402.33,-0.083497,-0.033485
180.25,404.43,-0.080266,-0.033889
180.25,406.7,-0.077228,-0.035035
180.25,408.98,-0.074631,-0.0368
180.25,411.08,-0.07403,-0.037696
180.25,413.35,-0.073808,-0.039505
180.25,415.63,-0.074153,-0.041097
180.25,417.73,-0.076603,-0.043001
180.25,420.0,-0.080001,-0.045765
180.25,422.1,-0.083627,-0.04842
180.25,424.38,-0.088371,-0.051091
180.25,426.65,-0.09216,-0.054976
180.25,428.75,-0.096485,-0.057789
180.25,431.03,-0.100182,-0.06017
180.25,433.13,-0.103451,-0.062006
180.25,435.4,-0.105623,-0.063953
180.25,437.68,-0.108081,-0.06558
180.25,439.95,-0.109378,-0.066418
180.25,442.05,-0.111091,-0.066975
180.25,444.33,-0.110854,-0.068365
180.25,446.6,-0.110835,-0.06903
180.25,448.88,-0.110598,-0.069529
180.25,450.98,-0.109615,-0.070438
180.25,453.25,-0.109181,-0.070509
180.25,455.53,-0.108848,-0.070965
180.25,457.63,-0.108328,-0.070777
180.25,459.9,-0.107391,-0.071181
180.25,462.18,-0.106988,-0.071402
180.25,464.28,-0.107308,-0.071581
180.25,466.55,-0.107896,-0.072567
180.25,468.83,-0.108426,-0.073753
180.25,470.93,-0.108325,-0.074643
180.25,473.2,-0.107527,-0.074443
180.25,475.3,-0.105614,-0.073941
180.25,477.75,-0.102222,-0.073134
180.25,479.85,-0.096957,-0.072105
180.25,482.13,-0.090466,-0.070112
180.25,484.4,-0.082896,-0.068118
180.25,486.5,-0.076331,-0.065358
180.25,488.78,-0.070053,-0.063057
180.25,491.05,-0.064523,-0.062558
180.25,493.15,-0.059708,-0.063356
180.25,495.6,-0.056673,-0.063513
180.25,497.7,-0.053698,-0.06412
180.25,499.98,-0.051621,-0.065407
180.25,502.25,-0.05094,-0.066107
180.25,504.35,-0.050149,-0.066852
180.25,506.63,-0.049776,-0.067724
180.25,508.9,-0.049742,-0.067499
180.25,511.0,-0.047394,-0.067182
180.25,513.28,-0.045527,-0.066134
180.25,515.38,-0.043272,-0.065047
180.25,517.65,-0.041717,-0.063084
180.25,519.93,-0.040549,-0.061519
180.25,522.03,-0.039314,-0.059015
180.25,524.3,-0.038063,-0.057169
180.25,526.58,-0.037462,-0.054015
180.25,528.68,-0.036643,-0.050361
180.25,530.95,-0.03562,-0.046159
180.25,533.05,-0.034129,-0.042838
180.25,535.33,-0.033448,-0.038325
180.25,537.6,-0.032653,-0.034295
180.25,539.7,-0.03363,-0.029868
180.25,541.98,-0.035879,-0.025605
180.25,544.08,-0.038784,-0.020823
180.25,546.35,-0.041868,-0.017271
180.25,548.45,-0.045703,-0.013171
180.25,550.73,-0.050524,-0.009157
180.25,553.0,-0.056073,-0.006689
180.25,555.1,-0.061763,-0.004911
180.25,557.55,-0.068451,-0.003753
180.25,559.65,-0.073426,-0.003242
180.25,561.93,-0.077961,-0.003608
180.25,564.03,-0.082391,-0.004548
180.25,566.3,-0.087018,-0.006902
180.25,568.58,-0.092166,-0.009628
180.25,570.68,-0.097841,-0.013716
180.25,572.95,-0.104086,-0.018183
180.25,575.23,-0.109132,-0.022552
180.25,577.33,-0.114985,-0.027906
180.25,579.6,-0.120607,-0.033331
180.25,581.88,-0.126596,-0.038926
180.25,583.98,-0.133993,-0.045586
180.25,585.9,-0.141073,-0.052025
180.25,588.35,-0.149249,-0.059388
180.25,590.63,-0.157508,-0.066328
180.25,592.9,-0.166778,-0.073066
180.25,595.0,-0.177302,-0.080164
180.25,597.28,-0.186609,-0.087709
180.25,599.55,-0.19643,-0.094153
180.25,601.65,-0.204529,-0.100364
180.25,603.93,-0.213269,-0.10651
180.25,606.2,-0.223093,-0.112345
180.25,608.3,-0.233371,-0.117641
180.25,610.58,-0.244461,-0.122733
180.25,612.85,-0.256427,-0.127533
180.25,614.95,-0.267086,-0.131861
180.25,617.23,-0.278069,-0.135404
180.25,619.5,-0.287887,-0.138288
180.25,621.6,-0.296685,-0.141224
180.25,623.88,-0.304575,-0.143959
180.25,626.15,-0.311793,-0.146458
180.25,628.25,-0.317973,-0.148882
180.25,630.53,-0.32411,-0.151005
180.25,632.63,-0.330678,-0.152832
180.25,634.9,-0.337289,-0.154249
180.25,637.18,-0.344874,-0.155281
180.25,639.28,-0.352037,-0.156772
180.25,641.55,-0.359729,-0.157576
180.25,643.83,-0.366929,-0.158519
180.25,646.1,-0.374051,-0.159618
180.25,648.2,-0.380653,-0.161097
180.25,650.48,-0.387246,-0.16179
180.25,652.58,-0.394061,-0.162755
180.25,654.85,-0.400428,-0.163371
180.25,657.13,-0.40797,-0.164172
180.25,659.4,-0.414476,-0.164791
180.25,661.5,-0.422881,-0.164766
180.25,663.78,-0.429714,-0.165376
180.25,665.88,-0.437049,-0.164649
180.25,668.15,-0.44362,-0.164791
180.25,670.25,-0.449791,-0.164695
180.25,672.53,-0.456029,-0.16415
180.25,674.8,-0.461125,-0.164375
180.25,677.08,-0.46708,-0.164283
180.25,679.18,-0.472665,-0.164061
180.25,681.45,-0.477887,-0.164988
180.25,683.55,-0.484658,-0.164702
180.25,685.83,-0.489938,-0.164483
180.25,687.93,-0.496017,-0.163811
216.3,11.73,-0.272788,-0.140272
216.3,13.83,-0.257206,-0.157407
216.3,16.1,-0.242453,-0.171418
216.3,18.38,-0.227185,-0.182782
216.3,20.65,-0.213482,-0.187853
216.3,22.93,-0.197872,-0.187927
216.3,25.2,-0.18273,-0.18488
216.3,27.3,-0.167678,-0.177727
216.3,29.58,-0.151824,-0.16757
216.3,31.85,-0.136692,-0.156251
216.3,33.95,-0.124344,-0.145364
216.3,36.23,-0.113981,-0.134424
216.3,38.5,-0.106267,-0.123707
216.3,40.78,-0.100641,-0.114477
216.3,42.88,-0.095749,-0.10501
216.3,45.33,-0.090669,-0.095721
216.3,47.6,-0.086264,-0.086698
216.3,49.88,-0.081809,-0.078882
216.3,51.98,-0.077712,-0.072046
216.3,54.43,-0.073198,-0.064896
216.3,56.7,-0.06956,-0.058907
216.3,58.98,-0.066526,-0.054434
216.3,61.08,-0.063657,-0.050072
216.3,63.35,-0.061738,-0.045986
216.3,65.63,-0.060549,-0.043312
216.3,67.9,-0.059366,-0.040863
216.3,70.18,-0.058722,-0.038349
216.3,72.45,-0.057856,-0.036107
216.3,74.55,-0.055805,-0.033975
216.3,76.83,-0.053608,-0.032872
216.3,79.1,-0.052068,-0.031744
216.3,81.2,-0.05001,-0.03139
216.3,83.48,-0.047191,-0.031273
216.3,85.75,-0.044887,-0.031689
216.3,87.85,-0.042256,-0.032302
216.3,90.13,-0.039157,-0.033433
216.3,92.4,-0.035617,-0.034499
216.3,94.68,-0.03237,-0.036344
216.3,96.78,-0.029557,-0.039255
216.3,99.05,-0.027709,-0.043466
216.3,101.33,-0.025712,-0.048032
216.3,103.43,-0.024443,-0.053294
216.3,105.7,-0.022015,-0.058879
216.3,107.98,-0.019073,-0.064218
216.3,110.25,-0.015454,-0.071418
216.3,112.53,-0.012351,-0.07838
216.3,114.63,-0.01066,-0.085509
216.3,117.08,-0.008959,-0.093242
216.3,119.35,-0.007545,-0.100013
216.3,121.63,-0.006205,-0.105071
216.3,123.73,-0.004782,-0.108355
216.3,126.0,-0.004129,-0.10977
216.3,128.28,-0.003568,-0.1094
216.3,130.38,-0.004375,-0.106957
216.3,132.65,-0.006433,-0.102958
216.3,134.93,-0.010521,-0.097037
216.3,137.55,-0.017841,-0.087419
216.3,139.65,-0.025903,-0.078744
216.3,141.93,-0.035475,-0.068165
216.3,144.2,-0.045974,-0.056048
216.3,146.3,-0.057641,-0.042906
216.3,148.58,-0.069058,-0.028938
216.3,150.85,-0.080435,-0.014563
216.3,152.95,-0.091661,0.000394
216.3,155.23,-0.102046,0.014762
216.3,157.5,-0.111612,0.027439
216.3,159.6,-0.120592,0.039254
216.3,161.88,-0.128032,0.049063
216.3,164.15,-0.134501,0.057735
216.3,166.43,-0.138485,0.064528
216.3,168.53,-0.142829,0.069836
216.3,170.45,-0.144677,0.073619
216.3,173.08,-0.145386,0.076521
216.3,175.0,-0.144816,0.077451
216.3,177.45,-0.143238,0.076869
216.3,179.73,-0.14058,0.075575
216.3,181.83,-0.137126,0.072858
216.3,184.1,-0.133503,0.069106
216.3,186.2,-0.128965,0.06393
216.3,188.48,-0.124751,0.058557
216.3,190.75,-0.119957,0.052307
216.3,192.85,-0.115888,0.045868
216.3,195.13,-0.111673,0.040375
216.3,197.23,-0.10785,0.034673
216.3,199.5,-0.104933,0.029278
216.3,201.78,-0.101578,0.023659
216.3,203.88,-0.098128,0.018764
216.3,206.15,-0.095601,0.014118
216.3,208.43,-0.092804,0.009442
216.3,210.53,-0.090648,0.005637
216.3,212.8,-0.088365,0.001583
216.3,215.08,-0.086618,-0.001889
216.3,217.35,-0.085469,-0.005469
216.3,219.45,-0.08476,-0.008445
216.3,221.73,-0.084107,-0.011057
216.3,224.0,-0.083744,-0.013516
216.3,226.1,-0.084015,-0.0159
216.3,228.38,-0.083044,-0.01818
216.3,230.65,-0.082545,-0.019908
216.3,232.93,-0.08102,-0.021251
216.3,235.2,-0.078888,-0.022262
216.3,237.3,-0.077012,-0.023097
216.3,239.58,-0.07436,-0.023861
216.3,241.68,-0.072287,-0.024569
216.3,243.95,-0.070851,-0.024141
216.3,246.23,-0.067801,-0.023808
216.3,248.5,-0.064933,-0.023534
216.3,250.6,-0.062086,-0.022139
216.3,252.88,-0.058972,-0.021353
216.3,254.98,-0.056738,-0.021255
216.3,257.25,-0.053898,-0.021282
216.3,259.53,-0.05212,-0.022197
216.3,261.8,-0.05163,-0.022897
216.3,263.9,-0.051523,-0.025296
216.3,266.18,-0.051424,-0.027299
216.3,268.28,-0.051005,-0.029979
216.3,270.55,-0.051134,-0.032496
216.3,272.83,-0.050426,-0.034357
216.3,275.1,-0.049807,-0.036837
216.3,277.2,-0.04863,-0.039061
216.3,279.48,-0.046985,-0.041513
216.3,281.75,-0.044526,-0.044381
216.3,283.85,-0.04261,-0.047243
216.3,286.13,-0.040839,-0.0505
216.3,288.23,-0.038531,-0.053682
216.3,290.5,-0.036196,-0.056372
216.3,292.78,-0.033417,-0.058294
216.3,294.88,-0.030965,-0.06143
216.3,297.15,-0.028559,-0.064748
216.3,299.43,-0.027102,-0.068137
216.3,301.7,-0.024964,-0.071646
216.3,303.8,-0.023011,-0.074791
216.3,306.08,-0.021048,-0.078315
216.3,308.18,-0.019163,-0.081677
216.3,310.45,-0.01607,-0.08444
216.3,312.55,-0.01411,-0.086661
216.3,314.83,-0.012666,-0.087742
216.3,317.1,-0.011711,-0.088759
216.3,319.2,-0.011372,-0.086911
216.3,321.48,-0.011775,-0.084689
216.3,323.75,-0.012567,-0.081917
216.3,325.85,-0.015435,-0.077394
216.3,328.13,-0.018879,-0.071575
216.3,330.4,-0.023522,-0.065546
216.3,332.68,-0.028932,-0.058137
216.3,334.78,-0.033694,-0.050293
216.3,337.05,-0.039896,-0.042518
216.3,339.33,-0.045429,-0.033565
216.3,341.43,-0.051276,-0.024326
216.3,343.7,-0.058214,-0.014954
216.3,345.98,-0.064107,-0.00655
216.3,348.25,-0.070195,0.002304
216.3,350.35,-0.075481,0.01003
216.3,352.63,-0.080013,0.018111
216.3,354.9,-0.083559,0.024285
216.3,357.18,-0.087111,0.030203
216.3,359.28,-0.090561,0.03438
216.3,361.55,-0.093402,0.037504
216.3,363.83,-0.095589,0.039516
216.3,365.93,-0.097123,0.040249
216.3,368.2,-0.098365,0.039928
216.3,370.48,-0.097773,0.038474
216.3,372.58,-0.097946,0.036515
216.3,374.85,-0.098054,0.03357
216.3,377.13,-0.097545,0.030403
216.3,379.23,-0.096569,0.027045
216.3,381.5,-0.094585,0.0234
216.3,383.78,-0.092567,0.019121
216.3,386.05,-0.091147,0.015483
216.3,388.15,-0.089535,0.01092
216.3,390.43,-0.088303,0.007368
216.3,392.7,-0.08675,0.004408
216.3,394.98,-0.085688,0.000372
216.3,397.08,-0.085296,-0.003978
216.3,399.35,-0.085269,-0.00847
216.3,401.63,-0.086054,-0.013288
216.3,403.73,-0.086088,-0.01908
216.3,406.0,-0.086381,-0.023007
216.3,408.28,-0.0861,-0.026375
216.3,410.55,-0.085721,-0.029024
216.3,412.65,-0.084985,-0.031372
216.3,414.93,-0.084708,-0.033014
216.3,417.03,-0.083811,-0.034434
216.3,419.3,-0.083433,-0.035426
216.3,421.58,-0.082031,-0.037049
216.3,423.85,-0.081119,-0.037739
216.3,425.95,-0.080179,-0.037773
216.3,428.23,-0.07891,-0.038337
216.3,430.5,-0.078744,-0.038106
216.3,432.6,-0.0785,-0.038944
216.3,434.88,-0.079144,-0.038889
216.3,437.15,-0.079381,-0.03977
216.3,439.43,-0.078919,-0.040432
216.3,441.53,-0.078654,-0.040999
216.3,443.8,-0.078682,-0.041723
216.3,446.08,-0.078707,-0.042471
216.3,448.18,-0.079067,-0.043507
216.3,450.45,-0.079378,-0.043966
216.3,452.73,-0.080343,-0.044711
216.3,454.83,-0.080709,-0.045946
216.3,457.1,-0.081258,-0.046861
216.3,459.2,-0.081926,-0.048211
216.3,461.48,-0.082308,-0.049446
216.3,463.75,-0.082413,-0.051036
216.3,465.85,-0.082028,-0.052493
216.3,468.13,-0.08196,-0.053765
216.3,470.4,-0.081452,-0.055537
216.3,472.5,-0.081325,-0.057102
216.3,474.78,-0.080269,-0.058359
216.3,476.88,-0.078907,-0.058516
216.3,479.15,-0.076778,-0.058833
216.3,481.25,-0.07444,-0.059668
216.3,483.53,-0.072573,-0.060216
216.3,485.8,-0.070358,-0.060435
216.3,488.08,-0.067974,-0.061214
216.3,490.18,-0.065256,-0.061156
216.3,492.45,-0.060953,-0.0609
216.3,494.73,-0.056717,-0.060404
216.3,496.83,-0.052142,-0.059942
216.3,499.1,-0.048713,-0.060444
216.3,501.38,-0.045592,-0.061643
216.3,503.65,-0.042927,-0.062989
216.3,505.93,-0.041338,-0.064104
216.3,508.2,-0.039039,-0.064702
216.3,510.48,-0.037425,-0.065336
216.3,512.58,-0.036621,-0.065983
216.3,514.85,-0.034985,-0.065272
216.3,517.13,-0.034628,-0.064542
216.3,519.23,-0.034101,-0.063389
216.3,521.5,-0.032598,-0.06188
216.3,523.78,-0.032243,-0.060041
216.3,526.05,-0.033257,-0.057856
216.3,528.15,-0.034415,-0.055044
216.3,530.43,-0.036815,-0.050996
216.3,532.53,-0.04041,-0.046147
216.3,534.8,-0.042502,-0.041359
216.3,537.08,-0.044927,-0.035706
216.3,539.18,-0.047742,-0.030247
216.3,541.45,-0.051935,-0.024511
216.3,543.73,-0.056057,-0.018436
216.3,545.83,-0.060352,-0.012795
216.3,548.1,-0.065879,-0.007129
216.3,550.38,-0.070869,-0.001972
216.3,552.48,-0.075678,0.002661
216.3,554.75,-0.080238,0.006213
216.3,557.2,-0.086467,0.009787
216.3,559.48,-0.090601,0.011342
216.3,561.75,-0.095075,0.012415
216.3,564.03,-0.099579,0.012803
216.3,566.13,-0.104295,0.011404
216.3,568.4,-0.107086,0.009676
216.3,570.68,-0.110176,0.007273
216.3,572.95,-0.112487,0.004987
216.3,575.05,-0.116331,0.00137
216.3,577.33,-0.120284,-0.003815
216.3,579.6,-0.124831,-0.009258
216.3,581.7,-0.130472,-0.015417
216.3,583.98,-0.135096,-0.021794
216.3,586.25,-0.140074,-0.028205
216.3,588.53,-0.14566,-0.03416
216.3,590.8,-0.151556,-0.041664
216.3,592.9,-0.158057,-0.048088
216.3,595.18,-0.165318,-0.055022
216.3,597.28,-0.171729,-0.061045
216.3,599.55,-0.177983,-0.066895
216.3,601.83,-0.184153,-0.072216
216.3,604.1,-0.190441,-0.078029
216.3,606.38,-0.196371,-0.083701
216.3,608.48,-0.20285,-0.088688
216.3,610.75,-0.210922,-0.094431
216.3,613.03,-0.218922,-0.100022
216.3,615.13,-0.227514,-0.105614
216.3,617.4,-0.236011,-0.110343
216.3,619.68,-0.244307,-0.114384
216.3,621.95,-0.252117,-0.118497
216.3,624.05,-0.259748,-0.121901
216.3,626.33,-0.26769,-0.124378
216.3,628.6,-0.275616,-0.127915
216.3,630.7,-0.283833,-0.130549
216.3,632.98,-0.291917,-0.133811
216.3,635.25,-0.30192,-0.13614
216.3,637.53,-0.311963,-0.138885
216.3,639.63,-0.32155,-0.142028
216.3,641.9,-0.332665,-0.144828
216.3,644.18,-0.342791,-0.147598
216.3,646.28,-0.352505,-0.149252
216.3,648.55,-0.362995,-0.151384
216.3,650.83,-0.372489,-0.153402
216.3,653.1,-0.38256,-0.155225
216.3,655.2,-0.392496,-0.15687
216.3,657.48,-0.402067,-0.157884
216.3,659.75,-0.411744,-0.159249
216.3,661.85,-0.422311,-0.16005
216.3,664.13,-0.432132,-0.160084
216.3,666.23,-0.44329,-0.160678
216.3,668.68,-0.455419,-0.160977
216.3,670.78,-0.465983,-0.161362
216.3,673.05,-0.477187,-0.16176
216.3,675.33,-0.489017,-0.161892
216.3,677.6,-0.501091,-0.161914
216.3,679.7,-0.512372,-0.162132
216.3,681.98,-0.525613,-0.160956
216.3,684.25,-0.539017,-0.159757
216.3,686.35,-0.553706,-0.157212
216.3,688.63,-0.570151,-0.154464
252.35,11.38,-0.075743,-0.16493
252.35,13.65,-0.070121,-0.159212
252.35,15.75,-0.06566,-0.153312
252.35,18.03,-0.0611,-0.147601
252.35,20.3,-0.056908,-0.142194
252.35,22.75,-0.052019,-0.135577
252.35,25.03,-0.048824,-0.129397
252.35,27.3,-0.046532,-0.123682
252.35,29.4,-0.044326,-0.119708
252.35,31.68,-0.043639,-0.11424
252.35,33.95,-0.042274,-0.110068
252.35,36.23,-0.042779,-0.105839
252.35,38.33,-0.041966,-0.10212
252.35,40.6,-0.040121,-0.09879
252.35,42.88,-0.038571,-0.094887
252.35,44.98,-0.036781,-0.091165
252.35,47.25,-0.034009,-0.088242
252.35,49.35,-0.032222,-0.084751
252.35,51.63,-0.030623,-0.082043
252.35,53.9,-0.028389,-0.078873
252.35,56.0,-0.026861,-0.07546
252.35,58.28,-0.025395,-0.073664
252.35,60.55,-0.023627,-0.071692
252.35,62.65,-0.02318,-0.071276
252.35,64.93,-0.023636,-0.071104
252.35,67.03,-0.023658,-0.071452
252.35,69.3,-0.023057,-0.072025
252.35,71.58,-0.023189,-0.073294
252.35,73.85,-0.022444,-0.075145
252.35,75.95,-0.02294,-0.076929
252.35,78.23,-0.023294,-0.078956
252.35,80.5,-0.023097,-0.081184
252.35,82.6,-0.021892,-0.083454
252.35,84.88,-0.021073,-0.085888
252.35,86.98,-0.017792,-0.089939
252.35,89.25,-0.014452,-0.093433
252.35,91.53,-0.00965,-0.097345
252.35,93.63,-0.003482,-0.102841
252.35,95.9,0.002994,-0.108069
252.35,98.35,0.010871,-0.113805
252.35,100.63,0.017538,-0.120429
252.35,102.73,0.024691,-0.12745
252.35,105.0,0.032205,-0.1355
252.35,107.1,0.039614,-0.143432
252.35,109.38,0.048336,-0.150971
252.35,111.65,0.057325,-0.158873
252.35,113.93,0.065055,-0.166633
252.35,116.03,0.070637,-0.173882
252.35,118.3,0.075369,-0.181553
252.35,120.58,0.077125,-0.188759
252.35,122.68,0.076244,-0.194039
252.35,124.95,0.074398,-0.197536
252.35,127.23,0.071161,-0.198395
252.35,129.5,0.067134,-0.195604
252.35,131.6,0.062208,-0.190315
252.35,133.88,0.056777,-0.181048
252.35,136.15,0.049244,-0.169461
252.35,138.25,0.040434,-0.155265
252.35,140.53,0.03052,-0.138913
252.35,142.8,0.01853,-0.119997
252.35,144.9,0.005307,-0.098701
252.35,147.18,-0.008242,-0.076254
252.35,149.45,-0.022619,-0.053014
252.35,151.55,-0.036901,-0.029058
252.35,153.83,-0.05273,-0.002949
252.35,156.1,-0.069049,0.02056
252.35,158.38,-0.085204,0.041875
252.35,160.48,-0.100817,0.061087
252.35,162.75,-0.114656,0.078924
252.35,165.03,-0.125786,0.095181
252.35,167.13,-0.135509,0.10812
252.35,169.4,-0.14257,0.119155
252.35,171.68,-0.148352,0.126832
252.35,173.78,-0.152028,0.131848
252.35,176.05,-0.154443,0.133804
252.35,178.33,-0.155595,0.133721
252.35,180.43,-0.154846,0.131265
252.35,182.7,-0.152172,0.125923
252.35,184.98,-0.149529,0.119937
252.35,187.25,-0.145127,0.11295
252.35,189.35,-0.139951,0.104331
252.35,191.63,-0.133891,0.095551
252.35,193.9,-0.127055,0.085868
252.35,196.18,-0.120817,0.076253
252.35,198.28,-0.115013,0.066081
252.35,200.55,-0.108821,0.05694
252.35,202.65,-0.102816,0.048006
252.35,204.93,-0.095811,0.039118
252.35,207.2,-0.088916,0.030526
252.35,209.3,-0.082145,0.023151
252.35,211.58,-0.074489,0.016515
252.35,213.85,-0.068248,0.011096
252.35,215.95,-0.061963,0.00609
252.35,218.23,-0.057561,0.002217
252.35,220.5,-0.053454,-0.002327
252.35,222.6,-0.050355,-0.005574
252.35,224.88,-0.048436,-0.008528
252.35,227.15,-0.045968,-0.011187
252.35,229.25,-0.044052,-0.014052
252.35,231.53,-0.042524,-0.016461
252.35,233.63,-0.040832,-0.018285
252.35,235.9,-0.038211,-0.019708
252.35,238.18,-0.03627,-0.020475
252.35,240.28,-0.034267,-0.021338
252.35,242.55,-0.031898,-0.022333
252.35,244.83,-0.0292,-0.023097
252.35,247.1,-0.026794,-0.023956
252.35,249.2,-0.023149,-0.024483
252.35,251.48,-0.019834,-0.025568
252.35,253.75,-0.016572,-0.026695
252.35,255.85,-0.014428,-0.028513
252.35,258.13,-0.012986,-0.030718
252.35,260.23,-0.013066,-0.033242
252.35,262.68,-0.01399,-0.036627
252.35,264.78,-0.014209,-0.040266
252.35,267.23,-0.014335,-0.043962
252.35,269.33,-0.014415,-0.047351
252.35,271.6,-0.014138,-0.051375
252.35,273.88,-0.013966,-0.055463
252.35,275.98,-0.013303,-0.059468
252.35,278.25,-0.012644,-0.063941
252.35,280.53,-0.012031,-0.069794
252.35,282.63,-0.010626,-0.074588
252.35,284.9,-0.007847,-0.080084
252.35,287.18,-0.003765,-0.085906
252.35,289.28,0.000751,-0.090854
252.35,291.55,0.00625,-0.096504
252.35,293.83,0.01137,-0.102782
252.35,295.93,0.01564,-0.109292
252.35,298.2,0.019703,-0.115493
252.35,300.48,0.024673,-0.122471
252.35,302.58,0.029075,-0.127598
252.35,304.85,0.032704,-0.133063
252.35,307.13,0.035859,-0.137499
252.35,309.23,0.038912,-0.140669
252.35,311.5,0.042057,-0.14244
252.35,313.78,0.044568,-0.142785
252.35,315.88,0.045825,-0.14171
252.35,318.15,0.045896,-0.139495
252.35,320.43,0.044759,-0.136535
252.35,322.7,0.042119,-0.132
252.35,324.8,0.037781,-0.125601
252.35,327.08,0.032676,-0.118171
252.35,329.35,0.026265,-0.10887
252.35,331.45,0.018021,-0.097524
252.35,333.73,0.00889,-0.085167
252.35,336.0,-0.000814,-0.073051
252.35,338.28,-0.010672,-0.059307
252.35,340.55,-0.021245,-0.044847
252.35,342.83,-0.031868,-0.030869
252.35,345.1,-0.042579,-0.016824
252.35,347.2,-0.053685,-0.002582
252.35,349.48,-0.064215,0.011832
252.35,351.58,-0.074431,0.024685
252.35,353.85,-0.083374,0.036789
252.35,356.13,-0.090919,0.047458
252.35,358.23,-0.097246,0.056392
252.35,360.5,-0.101738,0.063699
252.35,362.78,-0.10485,0.06897
252.35,364.88,-0.10793,0.073077
252.35,367.15,-0.10981,0.075652
252.35,369.25,-0.110851,0.075973
252.35,371.53,-0.11013,0.075806
252.35,373.8,-0.108177,0.074574
252.35,375.9,-0.105854,0.072556
252.35,378.18,-0.102696,0.069263
252.35,380.45,-0.099646,0.065523
252.35,382.55,-0.096578,0.061469
252.35,384.83,-0.09269,0.055831
252.35,387.1,-0.089058,0.04991
252.35,389.2,-0.085453,0.044124
252.35,391.48,-0.08249,0.038148
252.35,393.75,-0.079588,0.03162
252.35,395.85,-0.07672,0.026724
252.35,398.13,-0.074055,0.021312
252.35,400.4,-0.070463,0.017525
252.35,402.68,-0.067551,0.012479
252.35,404.78,-0.064508,0.008071
252.35,407.05,-0.06168,0.004657
252.35,409.33,-0.058312,0.001537
252.35,411.6,-0.054526,-0.002034
252.35,413.88,-0.051683,-0.004027
252.35,415.98,-0.049104,-0.006224
252.35,418.25,-0.0472,-0.007872
252.35,420.35,-0.045432,-0.009841
252.35,422.63,-0.044462,-0.012093
252.35,424.9,-0.043836,-0.013849
252.35,427.0,-0.042893,-0.015737
252.35,429.28,-0.042022,-0.01786
252.35,431.38,-0.040891,-0.020118
252.35,433.65,-0.040685,-0.022133
252.35,435.93,-0.040176,-0.024101
252.35,438.03,-0.039576,-0.025568
252.35,440.3,-0.039224,-0.027268
252.35,442.58,-0.039551,-0.028642
252.35,444.68,-0.040216,-0.029927
252.35,446.95,-0.040207,-0.031221
252.35,449.23,-0.040848,-0.032259
252.35,451.33,-0.040238,-0.033962
252.35,453.6,-0.039215,-0.033876
252.35,455.88,-0.037629,-0.035293
252.35,458.15,-0.036181,-0.03692
252.35,460.25,-0.035506,-0.038731
252.35,462.53,-0.03501,-0.040167
252.35,464.8,-0.034385,-0.041818
252.35,466.9,-0.03306,-0.042924
252.35,469.18,-0.030987,-0.044381
252.35,471.45,-0.028975,-0.045663
252.35,473.55,-0.026701,-0.047308
252.35,475.83,-0.025047,-0.049381
252.35,478.1,-0.022351,-0.052206
252.35,480.2,-0.019289,-0.054166
252.35,482.48,-0.016424,-0.057003
252.35,484.75,-0.013864,-0.059267
252.35,486.85,-0.012099,-0.06237
252.35,489.13,-0.009613,-0.065497
252.35,491.4,-0.006138,-0.06855
252.35,493.68,-0.002718,-0.071171
252.35,495.78,0.000264,-0.072687
252.35,498.05,0.00284,-0.074831
252.35,500.15,0.00475,-0.076741
252.35,502.43,0.006598,-0.07855
252.35,504.7,0.008508,-0.079378
252.35,506.98,0.011013,-0.080158
252.35,509.25,0.01349,-0.07919
252.35,511.35,0.015628,-0.07822
252.35,513.63,0.016814,-0.07716
252.35,515.9,0.016404,-0.07582
252.35,518.0,0.015575,-0.074261
252.35,520.28,0.013524,-0.07168
252.35,522.55,0.010209,-0.068673
252.35,524.83,0.006244,-0.064693
252.35,526.93,0.001259,-0.060038
252.35,529.2,-0.00342,-0.054813
252.35,531.48,-0.00976,-0.04859
252.35,533.58,-0.015401,-0.042105
252.35,535.85,-0.02192,-0.034671
252.35,537.95,-0.028602,-0.026646
252.35,540.23,-0.0355,-0.017857
252.35,542.5,-0.043174,-0.007921
252.35,544.78,-0.049649,0.001118
252.35,546.88,-0.05651,0.011056
252.35,549.15,-0.061941,0.020064
252.35,551.43,-0.067826,0.029238
252.35,553.53,-0.074086,0.036866
252.35,555.8,-0.080216,0.043573
252.35,558.08,-0.085993,0.04731
252.35,560.18,-0.091168,0.050132
252.35,562.45,-0.096695,0.052146
252.35,564.73,-0.100835,0.053071
252.35,567.0,-0.103676,0.052556
252.35,569.1,-0.105161,0.051586
252.35,571.38,-0.106082,0.049577
252.35,573.48,-0.106239,0.047122
252.35,575.75,-0.105364,0.04442
252.35,578.03,-0.104344,0.04158
252.35,580.3,-0.104357,0.03747
252.35,582.4,-0.104779,0.033468
252.35,584.68,-0.104973,0.028678
252.35,586.95,-0.10525,0.024084
252.35,589.05,-0.105152,0.018983
252.35,591.33,-0.104742,0.014898
252.35,593.43,-0.104853,0.009124
252.35,595.7,-0.104446,0.003065
252.35,597.98,-0.105118,-0.002767
252.35,600.08,-0.105567,-0.008245
252.35,602.53,-0.106812,-0.014579
252.35,604.63,-0.1072,-0.01956
252.35,606.9,-0.107194,-0.022878
252.35,609.0,-0.106461,-0.024754
252.35,611.45,-0.105065,-0.026754
252.35,613.73,-0.105423,-0.028889
252.35,616.0,-0.106288,-0.032533
252.35,618.1,-0.109733,-0.036051
252.35,620.38,-0.1133,-0.040454
252.35,622.65,-0.117102,-0.044754
252.35,624.75,-0.120835,-0.048479
252.35,627.03,-0.124415,-0.053319
252.35,629.3,-0.128879,-0.058516
252.35,631.58,-0.134677,-0.062592
252.35,633.85,-0.139002,-0.067173
252.35,635.95,-0.144018,-0.070965
252.35,638.58,-0.149609,-0.075352
252.35,640.85,-0.15488,-0.078485
252.35,642.95,-0.16179,-0.082752
252.35,645.23,-0.168787,-0.086578
252.35,647.5,-0.179511,-0.092323
252.35,649.78,-0.190558,-0.097539
252.35,652.05,-0.201655,-0.104233
252.35,654.15,-0.213891,-0.110444
252.35,656.6,-0.229831,-0.117684
252.35,658.88,-0.243475,-0.123858
252.35,661.15,-0.25826,-0.130838
252.35,663.25,-0.275561,-0.136698
252.35,665.53,-0.294144,-0.143617
252.35,667.8,-0.314591,-0.149591
252.35,669.9,-0.339289,-0.155826
252.35,672.18,-0.369436,-0.160765
252.35,674.45,-0.40516,-0.164286
252.35,676.55,-0.446932,-0.16505
252.35,678.83,-0.498487,-0.162554
252.35,681.1,-0.552428,-0.157117
252.35,683.2,-0.601069,-0.150814
252.35,685.48,-0.635576,-0.145142
252.35,687.58,-0.652024,-0.138959
288.4,11.2,-0.049307,-0.105204
288.4,13.3,-0.050312,-0.10314
288.4,15.75,-0.051322,-0.100718
288.4,18.03,-0.051886,-0.098365
288.4,20.3,-0.051461,-0.096735
288.4,22.4,-0.051375,-0.093744
288.4,24.68,-0.050558,-0.091433
288.4,26.95,-0.04956,-0.08866
288.4,29.05,-0.048568,-0.085269
288.4,31.33,-0.046942,-0.083368
288.4,33.6,-0.044502,-0.079637
288.4,35.7,-0.043279,-0.076492
288.4,37.98,-0.04058,-0.074138
288.4,40.25,-0.038374,-0.071295
288.4,42.35,-0.035987,-0.068938
288.4,44.63,-0.033701,-0.066285
288.4,46.9,-0.030534,-0.064095
288.4,49.0,-0.028115,-0.062169
288.4,51.28,-0.026199,-0.060648
288.4,53.38,-0.024945,-0.059569
288.4,55.65,-0.024745,-0.05977
288.4,57.93,-0.024779,-0.05964
288.4,60.03,-0.02517,-0.060429
288.4,62.3,-0.02582,-0.060216
288.4,64.4,-0.025019,-0.060857
288.4,66.68,-0.024847,-0.060703
288.4,68.95,-0.023537,-0.061153
288.4,71.05,-0.022388,-0.061689
288.4,73.33,-0.020278,-0.063202
288.4,75.6,-0.017367,-0.064317
288.4,77.7,-0.01448,-0.066535
288.4,80.15,-0.011211,-0.068929
288.4,82.25,-0.007921,-0.071159
288.4,84.53,-0.004215,-0.074012
288.4,87.15,0.001521,-0.078171
288.4,89.43,0.005076,-0.08163
288.4,91.7,0.00909,-0.085922
288.4,93.8,0.014084,-0.090949
288.4,96.08,0.019127,-0.096846
288.4,98.18,0.024395,-0.102903
288.4,100.45,0.030729,-0.110595
288.4,102.73,0.03629,-0.12005
288.4,105.0,0.041909,-0.129443
288.4,107.1,0.0469,-0.138645
288.4,109.38,0.052411,-0.148466
288.4,111.48,0.058339,-0.15716
288.4,113.75,0.064334,-0.16611
288.4,116.03,0.06849,-0.174341
288.4,118.13,0.072032,-0.182841
288.4,120.4,0.073459,-0.189631
288.4,122.68,0.074247,-0.194631
288.4,124.78,0.073742,-0.198466
288.4,127.05,0.072248,-0.199301
288.4,129.15,0.070378,-0.198294
288.4,131.43,0.066703,-0.194563
288.4,133.53,0.06235,-0.187647
288.4,135.8,0.055535,-0.178392
288.4,138.08,0.045896,-0.166014
288.4,140.35,0.034463,-0.152074
288.4,142.45,0.020831,-0.135875
288.4,144.73,0.007196,-0.117453
288.4,147.0,-0.008026,-0.096559
288.4,149.1,-0.023476,-0.074502
288.4,151.38,-0.039542,-0.051544
288.4,153.48,-0.056335,-0.028879
288.4,155.75,-0.071846,-0.005669
288.4,158.03,-0.088553,0.018752
288.4,160.3,-0.102644,0.040671
288.4,162.4,-0.115309,0.061047
288.4,164.68,-0.125952,0.080397
288.4,166.95,-0.136156,0.09767
288.4,169.05,-0.144166,0.110215
288.4,171.33,-0.150333,0.121127
288.4,173.6,-0.154785,0.129629
288.4,175.7,-0.157798,0.134167
288.4,177.98,-0.157635,0.136191
288.4,180.08,-0.157015,0.135976
288.4,182.35,-0.15541,0.134001
288.4,184.63,-0.151664,0.129682
288.4,186.9,-0.147542,0.123936
288.4,189.0,-0.142123,0.117267
288.4,191.28,-0.1355,0.110424
288.4,193.38,-0.128833,0.102806
288.4,195.65,-0.120598,0.094783
288.4,197.93,-0.112511,0.085649
288.4,200.03,-0.104381,0.076228
288.4,202.3,-0.097625,0.066601
288.4,204.58,-0.091341,0.056737
288.4,206.85,-0.085842,0.047365
288.4,208.95,-0.081042,0.038286
288.4,211.23,-0.076824,0.030196
288.4,213.5,-0.07367,0.022094
288.4,215.6,-0.070173,0.014479
288.4,217.88,-0.066905,0.006792
288.4,220.15,-0.063944,0.000187
288.4,222.25,-0.061409,-0.006778
288.4,224.53,-0.058297,-0.012382
288.4,226.8,-0.056556,-0.017666
288.4,228.9,-0.054797,-0.021957
288.4,231.18,-0.053198,-0.025475
288.4,233.45,-0.051563,-0.029372
288.4,235.55,-0.050577,-0.03143
288.4,237.83,-0.049511,-0.03359
288.4,240.1,-0.048051,-0.034939
288.4,242.38,-0.046455,-0.036563
288.4,244.48,-0.045346,-0.037992
288.4,246.93,-0.043396,-0.039606
288.4,249.2,-0.042228,-0.041156
288.4,251.3,-0.039566,-0.042111
288.4,253.58,-0.036674,-0.043161
288.4,255.85,-0.032644,-0.043349
288.4,258.13,-0.027949,-0.043414
288.4,260.23,-0.022441,-0.043691
288.4,262.5,-0.017284,-0.043479
288.4,264.78,-0.011643,-0.044132
288.4,267.05,-0.006513,-0.04476
288.4,269.15,-0.001042,-0.046335
288.4,271.43,0.002455,-0.049021
288.4,273.7,0.005273,-0.053146
288.4,275.8,0.006774,-0.058078
288.4,278.08,0.007535,-0.063701
288.4,280.35,0.008357,-0.069874
288.4,282.45,0.009528,-0.076452
288.4,284.73,0.01076,-0.082644
288.4,287.0,0.012907,-0.089477
288.4,289.1,0.014744,-0.096236
288.4,291.38,0.016888,-0.102496
288.4,293.65,0.019389,-0.109625
288.4,295.75,0.021657,-0.116448
288.4,298.03,0.024134,-0.123762
288.4,300.3,0.027008,-0.131036
288.4,302.4,0.029833,-0.137579
288.4,304.68,0.032824,-0.144175
288.4,306.95,0.036219,-0.148497
288.4,309.05,0.040658,-0.153115
288.4,311.33,0.044984,-0.156088
288.4,313.6,0.048292,-0.157767
288.4,315.7,0.050039,-0.158605
288.4,317.98,0.04995,-0.158417
288.4,320.08,0.047843,-0.15672
288.4,322.35,0.043705,-0.152946
288.4,324.63,0.037969,-0.14822
288.4,326.73,0.031672,-0.140956
288.4,329.0,0.023745,-0.13151
288.4,331.28,0.015622,-0.120666
288.4,333.38,0.006721,-0.107567
288.4,335.65,-0.003248,-0.092847
288.4,337.93,-0.013186,-0.077225
288.4,340.2,-0.023987,-0.061516
288.4,342.3,-0.034961,-0.045866
288.4,344.58,-0.046516,-0.030675
288.4,346.85,-0.058078,-0.016073
288.4,348.95,-0.069711,-0.000608
288.4,351.23,-0.078312,0.012371
288.4,353.33,-0.086304,0.025655
288.4,355.6,-0.09176,0.0382
288.4,357.7,-0.096085,0.04914
288.4,360.15,-0.098941,0.059013
288.4,362.25,-0.10155,0.067125
288.4,364.53,-0.10432,0.07284
288.4,366.8,-0.105925,0.077325
288.4,368.9,-0.108719,0.079608
288.4,371.18,-0.110586,0.080045
288.4,373.45,-0.112012,0.078416
288.4,375.55,-0.112518,0.075671
288.4,377.83,-0.111242,0.070812
288.4,380.1,-0.11021,0.067026
288.4,382.38,-0.108035,0.062023
288.4,384.48,-0.105176,0.056764
288.4,386.75,-0.102533,0.051481
288.4,389.03,-0.098334,0.045295
288.4,391.3,-0.094341,0.039525
288.4,393.4,-0.090481,0.033733
288.4,395.68,-0.086904,0.028342
288.4,397.95,-0.082733,0.022341
288.4,400.05,-0.079046,0.017621
288.4,402.33,-0.075999,0.012402
288.4,404.6,-0.073288,0.008212
288.4,406.88,-0.070571,0.004506
288.4,408.98,-0.067542,0.000452
288.4,411.25,-0.06505,-0.003463
288.4,413.53,-0.062632,-0.006797
288.4,415.8,-0.06037,-0.009474
288.4,417.9,-0.057733,-0.013007
288.4,420.18,-0.056519,-0.01545
288.4,422.45,-0.054545,-0.01786
288.4,424.55,-0.053217,-0.0205
288.4,426.83,-0.051288,-0.022157
288.4,429.1,-0.050759,-0.024018
288.4,431.38,-0.048605,-0.026556
288.4,433.48,-0.04822,-0.028155
288.4,435.75,-0.047438,-0.02997
288.4,437.85,-0.046828,-0.031747
288.4,440.13,-0.044887,-0.032576
288.4,442.23,-0.043109,-0.032801
288.4,444.5,-0.040306,-0.032992
288.4,446.78,-0.037832,-0.032937
288.4,448.88,-0.03489,-0.033174
288.4,451.15,-0.033266,-0.032739
288.4,453.43,-0.030956,-0.032558
288.4,455.53,-0.02794,-0.032619
288.4,457.8,-0.024727,-0.032727
288.4,459.9,-0.020518,-0.033944
288.4,462.18,-0.018544,-0.034862
288.4,464.45,-0.017647,-0.036723
288.4,466.55,-0.016744,-0.039446
288.4,469.0,-0.016578,-0.043279
288.4,471.28,-0.01667,-0.045866
288.4,473.38,-0.016991,-0.049126
288.4,475.48,-0.016356,-0.052317
288.4,477.75,-0.015343,-0.054434
288.4,480.03,-0.013048,-0.056356
288.4,482.13,-0.010192,-0.058044
288.4,484.4,-0.006597,-0.059776
288.4,486.68,-0.002388,-0.062145
288.4,488.78,0.000523,-0.064939
288.4,491.05,0.003419,-0.068257
288.4,493.15,0.006527,-0.070746
288.4,495.43,0.010036,-0.073442
288.4,497.53,0.013638,-0.075253
288.4,499.8,0.017806,-0.076911
288.4,502.08,0.021,-0.07826
288.4,504.35,0.023431,-0.07997
288.4,506.45,0.024947,-0.081673
288.4,508.73,0.025908,-0.083226
288.4,511.0,0.02531,-0.083614
288.4,513.1,0.024325,-0.083774
288.4,515.38,0.023545,-0.082786
288.4,517.48,0.022297,-0.080278
288.4,519.75,0.021185,-0.07598
288.4,522.03,0.018715,-0.071301
288.4,524.3,0.016379,-0.065777
288.4,526.4,0.012362,-0.059686
288.4,528.68,0.008419,-0.053161
288.4,530.95,0.004069,-0.044865
288.4,533.05,-0.000601,-0.036695
288.4,535.5,-0.006409,-0.026812
288.4,537.78,-0.01221,-0.017354
288.4,539.88,-0.018519,-0.007314
288.4,542.15,-0.026208,0.002797
288.4,544.43,-0.033491,0.012803
288.4,546.7,-0.041942,0.022054
288.4,548.98,-0.049964,0.030535
288.4,551.08,-0.057256,0.037581
288.4,553.53,-0.065604,0.044053
288.4,555.8,-0.072807,0.049312
288.4,557.9,-0.079354,0.054617
288.4,560.18,-0.085438,0.057855
288.4,562.45,-0.08964,0.060997
288.4,564.55,-0.092595,0.063505
288.4,566.83,-0.094575,0.065353
288.4,569.1,-0.095725,0.06674
288.4,571.2,-0.096267,0.067134
288.4,573.48,-0.097049,0.066385
288.4,575.75,-0.097933,0.064349
288.4,578.03,-0.099187,0.061145
288.4,580.13,-0.099834,0.056626
288.4,582.4,-0.100343,0.051888
288.4,584.68,-0.100795,0.046592
288.4,586.78,-0.10001,0.041438
288.4,589.05,-0.099671,0.036031
288.4,591.33,-0.099489,0.031432
288.4,593.6,-0.099033,0.026213
288.4,595.7,-0.099803,0.020809
288.4,597.98,-0.100185,0.016062
288.4,600.25,-0.101495,0.010585
288.4,602.35,-0.102995,0.005258
288.4,604.63,-0.103476,-0.000845
288.4,606.9,-0.105179,-0.00591
288.4,609.18,-0.105715,-0.011248
288.4,611.28,-0.107342,-0.015993
288.4,613.55,-0.108201,-0.021101
288.4,616.0,-0.109452,-0.025595
288.4,618.1,-0.110774,-0.030386
288.4,620.38,-0.112758,-0.034545
288.4,622.48,-0.114215,-0.038476
288.4,624.75,-0.116643,-0.042607
288.4,627.03,-0.118426,-0.046578
288.4,629.13,-0.121298,-0.050429
288.4,631.4,-0.124424,-0.05468
288.4,633.68,-0.12854,-0.058294
288.4,635.95,-0.131935,-0.06225
288.4,638.05,-0.136553,-0.066002
288.4,640.33,-0.141128,-0.070413
288.4,642.6,-0.147228,-0.073969
288.4,644.7,-0.152502,-0.078913
288.4,647.15,-0.159726,-0.083205
288.4,649.25,-0.167514,-0.08749
288.4,651.53,-0.176495,-0.09273
288.4,653.8,-0.187949,-0.098365
288.4,656.08,-0.19988,-0.104277
288.4,658.18,-0.213358,-0.11058
288.4,660.45,-0.230031,-0.117721
288.4,662.55,-0.250059,-0.124973
288.4,664.83,-0.275435,-0.132943
288.4,667.1,-0.30492,-0.140195
288.4,669.2,-0.341929,-0.147521
288.4,671.48,-0.388189,-0.151837
288.4,673.75,-0.443447,-0.152835
288.4,676.03,-0.501627,-0.15122
288.4,678.13,-0.548949,-0.147437
288.4,680.4,-0.58085,-0.141923
288.4,682.5,-0.592369,-0.135084
288.4,684.78,-0.584458,-0.124902
288.4,687.05,-0.562147,-0.11306
324.45,11.73,-0.023895,-0.060718
324.45,13.83,-0.024742,-0.059708
324.45,16.1,-0.025645,-0.058356
324.45,18.38,-0.025771,-0.057792
324.45,20.65,-0.02696,-0.056658
324.45,22.75,-0.027542,-0.05542
324.45,25.03,-0.027767,-0.054388
324.45,27.3,-0.028017,-0.05399
324.45,29.58,-0.028673,-0.053463
324.45,31.85,-0.029277,-0.052558
324.45,34.13,-0.03017,-0.052274
324.45,36.23,-0.030469,-0.052388
324.45,38.5,-0.030678,-0.05111
324.45,40.78,-0.031258,-0.050743
324.45,42.7,-0.031803,-0.050173
324.45,45.15,-0.030937,-0.049865
324.45,47.43,-0.030897,-0.049668
324.45,49.53,-0.030216,-0.049505
324.45,51.8,-0.028507,-0.049249
324.45,54.08,-0.02696,-0.049757
324.45,56.18,-0.02501,-0.049492
324.45,58.45,-0.023682,-0.050041
324.45,60.55,-0.023793,-0.051094
324.45,62.83,-0.023676,-0.052718
324.45,65.1,-0.023929,-0.054711
324.45,67.2,-0.025466,-0.056991
324.45,69.48,-0.025722,-0.05907
324.45,71.75,-0.026393,-0.061951
324.45,73.85,-0.027071,-0.064693
324.45,76.13,-0.027015,-0.067687
324.45,78.23,-0.026735,-0.070589
324.45,80.5,-0.024723,-0.073315
324.45,82.78,-0.023608,-0.075718
324.45,84.88,-0.021365,-0.079215
324.45,87.15,-0.019606,-0.082715
324.45,89.43,-0.017795,-0.087123
324.45,91.53,-0.015626,-0.092151
324.45,93.8,-0.014449,-0.098263
324.45,96.08,-0.011932,-0.105275
324.45,98.35,-0.00838,-0.111895
324.45,100.45,-0.002881,-0.118587
324.45,102.9,0.004131,-0.125105
324.45,105.18,0.012516,-0.131026
324.45,107.28,0.020575,-0.136421
324.45,109.55,0.028607,-0.142773
324.45,111.83,0.03633,-0.150192
324.45,113.93,0.040967,-0.158423
324.45,116.2,0.044941,-0.166778
324.45,118.48,0.046857,-0.17598
324.45,120.58,0.04776,-0.185469
324.45,122.85,0.047193,-0.192964
324.45,124.95,0.046737,-0.200293
324.45,127.23,0.044568,-0.204631
324.45,129.33,0.042014,-0.207289
324.45,131.6,0.037852,-0.206806
324.45,133.88,0.033989,-0.204021
324.45,135.98,0.028311,-0.198408
324.45,138.25,0.02096,-0.189024
324.45,140.53,0.012673,-0.17745
324.45,142.45,0.002713,-0.162832
324.45,144.9,-0.008944,-0.146184
324.45,147.0,-0.020993,-0.127795
324.45,149.28,-0.033331,-0.107582
324.45,151.38,-0.047693,-0.084951
324.45,153.65,-0.061951,-0.063103
324.45,155.93,-0.077527,-0.041156
324.45,158.2,-0.09167,-0.018722
324.45,160.3,-0.105537,0.002655
324.45,162.58,-0.117474,0.022544
324.45,164.85,-0.128583,0.041053
324.45,166.95,-0.13834,0.056786
324.45,169.23,-0.147628,0.071059
324.45,171.33,-0.154692,0.083653
324.45,173.6,-0.159942,0.091992
324.45,175.7,-0.164384,0.098326
324.45,177.98,-0.166978,0.102294
324.45,180.25,-0.167671,0.102165
324.45,182.53,-0.16692,0.100868
324.45,184.63,-0.165188,0.097686
324.45,186.9,-0.161695,0.092522
324.45,189.0,-0.158001,0.086003
324.45,191.28,-0.152447,0.07844
324.45,193.55,-0.147425,0.069885
324.45,195.83,-0.140327,0.061792
324.45,197.93,-0.134119,0.05393
324.45,200.2,-0.126797,0.045988
324.45,202.48,-0.119542,0.037843
324.45,204.58,-0.113192,0.030227
324.45,206.85,-0.106871,0.022029
324.45,209.13,-0.101433,0.014753
324.45,211.23,-0.096199,0.006863
324.45,213.5,-0.091852,-0.00038
324.45,215.78,-0.088996,-0.007339
324.45,217.88,-0.08647,-0.013744
324.45,220.15,-0.083852,-0.020919
324.45,222.43,-0.081519,-0.026556
324.45,224.53,-0.079859,-0.032407
324.45,226.63,-0.078543,-0.037247
324.45,229.08,-0.078124,-0.041935
324.45,231.18,-0.077274,-0.045438
324.45,233.45,-0.075062,-0.0498
324.45,235.73,-0.074375,-0.053617
324.45,237.83,-0.073697,-0.05696
324.45,240.1,-0.072733,-0.05993
324.45,242.38,-0.072096,-0.062967
324.45,244.48,-0.070595,-0.065241
324.45,246.75,-0.06968,-0.067447
324.45,249.03,-0.068962,-0.069049
324.45,251.13,-0.068041,-0.07086
324.45,253.4,-0.067022,-0.072382
324.45,255.68,-0.065487,-0.074794
324.45,257.78,-0.064055,-0.076402
324.45,260.05,-0.06233,-0.078925
324.45,262.15,-0.0594,-0.081747
324.45,264.43,-0.056914,-0.084243
324.45,266.7,-0.053334,-0.086313
324.45,268.8,-0.049572,-0.088941
324.45,271.08,-0.045195,-0.092468
324.45,273.35,-0.04232,-0.095685
324.45,275.63,-0.040213,-0.098913
324.45,277.73,-0.037647,-0.103482
324.45,280.0,-0.036744,-0.108377
324.45,282.28,-0.034576,-0.113599
324.45,284.55,-0.033824,-0.118848
324.45,286.83,-0.032046,-0.124465
324.45,288.93,-0.028577,-0.131412
324.45,291.2,-0.02712,-0.13806
324.45,293.48,-0.02448,-0.144911
324.45,295.75,-0.021532,-0.15123
324.45,297.85,-0.018901,-0.157357
324.45,300.13,-0.015549,-0.163907
324.45,302.23,-0.013349,-0.169831
324.45,304.5,-0.010109,-0.176713
324.45,306.78,-0.007527,-0.182662
324.45,309.05,-0.004942,-0.187222
324.45,311.15,-0.002847,-0.191907
324.45,313.43,-0.00095,-0.195136
324.45,315.7,-0.000395,-0.19615
324.45,317.8,-0.000337,-0.196131
324.45,320.08,-0.00094,-0.194748
324.45,322.35,-0.002835,-0.191485
324.45,324.45,-0.006048,-0.186171
324.45,326.73,-0.010318,-0.179178
324.45,328.83,-0.015195,-0.170567
324.45,331.1,-0.021193,-0.160324
324.45,333.38,-0.027872,-0.148716
324.45,335.65,-0.036285,-0.135463
324.45,337.75,-0.043959,-0.12098
324.45,340.03,-0.0533,-0.104563
324.45,342.3,-0.061892,-0.087373
324.45,344.4,-0.070016,-0.071741
324.45,346.68,-0.078617,-0.055996
324.45,348.95,-0.086963,-0.040426
324.45,351.05,-0.0948,-0.026418
324.45,353.33,-0.102139,-0.011747
324.45,355.78,-0.107881,0.002652
324.45,358.05,-0.111593,0.014793
324.45,360.15,-0.114424,0.025224
324.45,362.43,-0.116649,0.032994
324.45,364.7,-0.11855,0.039663
324.45,366.98,-0.120364,0.043733
324.45,369.25,-0.121319,0.045886
324.45,371.53,-0.121562,0.046509
324.45,373.63,-0.121051,0.04613
324.45,375.9,-0.118969,0.044965
324.45,378.0,-0.115737,0.04284
324.45,380.28,-0.112274,0.040437
324.45,382.38,-0.107006,0.037658
324.45,384.65,-0.102841,0.033585
324.45,386.93,-0.098183,0.029993
324.45,389.2,-0.09432,0.0243
324.45,391.3,-0.090204,0.019232
324.45,393.58,-0.086606,0.014423
324.45,395.85,-0.082052,0.010122
324.45,398.3,-0.076997,0.006191
324.45,400.4,-0.071717,0.002797
324.45,402.68,-0.066652,0.000403
324.45,404.95,-0.061251,-0.002089
324.45,407.23,-0.055962,-0.005768
324.45,409.33,-0.053343,-0.007345
324.45,411.6,-0.051042,-0.010792
324.45,413.88,-0.049052,-0.014385
324.45,415.98,-0.048445,-0.017696
324.45,418.25,-0.047558,-0.021104
324.45,420.53,-0.046147,-0.024899
324.45,422.63,-0.044665,-0.027727
324.45,424.9,-0.043473,-0.031436
324.45,427.18,-0.042934,-0.033393
324.45,429.28,-0.042228,-0.035105
324.45,431.55,-0.041963,-0.036005
324.45,433.83,-0.040595,-0.037447
324.45,436.1,-0.038969,-0.037333
324.45,438.2,-0.03647,-0.036926
324.45,440.48,-0.034375,-0.03635
324.45,442.75,-0.032056,-0.036137
324.45,444.85,-0.031418,-0.03615
324.45,447.13,-0.031264,-0.036945
324.45,449.4,-0.031236,-0.038559
324.45,451.68,-0.031578,-0.040213
324.45,453.78,-0.031427,-0.04163
324.45,456.05,-0.030099,-0.042471
324.45,458.15,-0.028873,-0.043084
324.45,460.43,-0.027234,-0.044153
324.45,462.53,-0.026174,-0.04419
324.45,464.8,-0.022835,-0.044643
324.45,466.9,-0.019258,-0.044163
324.45,469.18,-0.015201,-0.044052
324.45,471.45,-0.011609,-0.043932
324.45,473.55,-0.008232,-0.045364
324.45,475.83,-0.006975,-0.046864
324.45,478.1,-0.006138,-0.050577
324.45,480.2,-0.007619,-0.054477
324.45,482.48,-0.007407,-0.058969
324.45,484.75,-0.008346,-0.063325
324.45,487.03,-0.0085,-0.067484
324.45,489.3,-0.007089,-0.071227
324.45,491.4,-0.005802,-0.073078
324.45,493.68,-0.003334,-0.075413
324.45,495.95,-0.000201,-0.077018
324.45,498.23,0.002396,-0.078842
324.45,500.33,0.004707,-0.081094
324.45,502.6,0.007214,-0.082838
324.45,504.7,0.009617,-0.08411
324.45,506.98,0.012257,-0.084255
324.45,509.25,0.015326,-0.083774
324.45,511.35,0.017085,-0.080971
324.45,513.63,0.018391,-0.078688
324.45,515.9,0.018376,-0.075681
324.45,518.0,0.016974,-0.073217
324.45,520.28,0.014118,-0.070373
324.45,522.38,0.009947,-0.067136
324.45,524.65,0.005692,-0.063303
324.45,526.93,0.000397,-0.058966
324.45,529.03,-0.004477,-0.053682
324.45,531.3,-0.008842,-0.047749
324.45,533.4,-0.013716,-0.040882
324.45,535.68,-0.019018,-0.033044
324.45,537.95,-0.024754,-0.024227
324.45,540.05,-0.030355,-0.015768
324.45,542.33,-0.036942,-0.006855
324.45,544.6,-0.042795,0.00239
324.45,546.7,-0.05029,0.010791
324.45,548.98,-0.057672,0.01808
324.45,551.25,-0.063762,0.024928
324.45,553.35,-0.070758,0.030948
324.45,555.63,-0.077123,0.036376
324.45,557.9,-0.082083,0.040742
324.45,560.0,-0.086892,0.044466
324.45,562.28,-0.089893,0.046838
324.45,564.55,-0.091467,0.049066
324.45,566.65,-0.091526,0.051028
324.45,568.93,-0.091476,0.052553
324.45,571.2,-0.09037,0.053357
324.45,573.3,-0.089434,0.053601
324.45,575.58,-0.088322,0.053422
324.45,577.85,-0.08619,0.05219
324.45,579.95,-0.084529,0.050378
324.45,582.23,-0.082283,0.047858
324.45,584.5,-0.080321,0.045541
324.45,586.95,-0.077662,0.04292
324.45,589.23,-0.076402,0.039272
324.45,591.33,-0.075108,0.034935
324.45,593.6,-0.074579,0.031475
324.45,596.05,-0.073907,0.027282
324.45,598.33,-0.073747,0.023471
324.45,600.43,-0.073365,0.019626
324.45,602.7,-0.073004,0.014833
324.45,604.98,-0.072422,0.009654
324.45,607.08,-0.072311,0.00531
324.45,609.35,-0.073171,-0.000247
324.45,611.63,-0.073913,-0.00521
324.45,613.9,-0.076378,-0.009748
324.45,616.0,-0.078907,-0.013645
324.45,618.28,-0.081526,-0.017715
324.45,620.55,-0.084009,-0.021895
324.45,622.65,-0.086646,-0.025266
324.45,624.93,-0.089163,-0.029018
324.45,627.2,-0.091208,-0.032361
324.45,629.3,-0.093929,-0.035053
324.45,631.58,-0.095789,-0.037853
324.45,633.85,-0.097946,-0.040105
324.45,636.13,-0.099733,-0.042367
324.45,638.23,-0.101017,-0.044819
324.45,640.5,-0.103617,-0.046251
324.45,642.6,-0.107145,-0.049887
324.45,644.88,-0.112995,-0.054545
324.45,647.15,-0.12041,-0.059816
324.45,649.25,-0.130148,-0.066738
324.45,651.53,-0.142363,-0.073547
324.45,653.8,-0.156245,-0.081849
324.45,655.9,-0.171877,-0.09005
324.45,658.18,-0.191365,-0.099369
324.45,660.45,-0.214212,-0.110038
324.45,662.73,-0.242061,-0.119369
324.45,664.83,-0.276849,-0.128617
324.45,667.1,-0.320838,-0.136445
324.45,669.2,-0.377834,-0.141917
324.45,671.48,-0.435582,-0.143676
324.45,673.75,-0.486112,-0.143063
324.45,675.85,-0.517012,-0.139224
324.45,678.13,-0.529211,-0.131276
324.45,680.4,-0.521842,-0.119696
324.45,682.5,-0.500527,-0.103928
324.45,684.78,-0.469091,-0.085882
324.45,687.05,-0.432058,-0.064834
360.5,11.73,-0.035109,-0.034881
360.5,13.83,-0.037348,-0.031778
360.5,16.1,-0.039656,-0.028143
360.5,18.38,-0.042059,-0.024819
360.5,20.65,-0.043642,-0.021794
360.5,22.58,-0.045524,-0.020121
360.5,25.03,-0.047111,-0.018149
360.5,27.13,-0.048516,-0.016886
360.5,29.4,-0.049532,-0.016122
360.5,31.68,-0.049656,-0.015719
360.5,33.78,-0.049951,-0.015595
360.5,35.88,-0.050614,-0.016529
360.5,38.5,-0.051449,-0.016603
360.5,40.6,-0.052567,-0.018063
360.5,42.88,-0.054693,-0.018402
360.5,44.98,-0.056883,-0.020142
360.5,47.25,-0.057961,-0.021969
360.5,49.53,-0.059628,-0.024338
360.5,51.8,-0.060922,-0.026492
360.5,53.9,-0.061516,-0.029073
360.5,56.18,-0.062074,-0.030654
360.5,58.28,-0.061057,-0.032881
360.5,60.55,-0.060623,-0.033938
360.5,62.65,-0.059483,-0.03501
360.5,64.93,-0.05923,-0.035669
360.5,67.2,-0.058559,-0.03656
360.5,69.48,-0.059431,-0.037727
360.5,71.58,-0.060919,-0.039998
360.5,73.85,-0.064301,-0.043593
360.5,75.95,-0.068848,-0.047025
360.5,78.23,-0.073543,-0.051738
360.5,80.5,-0.077933,-0.056982
360.5,82.6,-0.08236,-0.061328
360.5,84.88,-0.084961,-0.065611
360.5,87.15,-0.085956,-0.068975
360.5,89.25,-0.086174,-0.07175
360.5,91.7,-0.084579,-0.075694
360.5,93.98,-0.083087,-0.079234
360.5,96.08,-0.08053,-0.083531
360.5,98.35,-0.078673,-0.086673
360.5,100.8,-0.07664,-0.092336
360.5,103.08,-0.075805,-0.096547
360.5,105.35,-0.074277,-0.101769
360.5,107.63,-0.073522,-0.107151
360.5,109.73,-0.072197,-0.113543
360.5,112.0,-0.071445,-0.119363
360.5,114.1,-0.069634,-0.124542
360.5,116.38,-0.067736,-0.129295
360.5,118.65,-0.064751,-0.133941
360.5,120.75,-0.061932,-0.136948
360.5,123.03,-0.058787,-0.139967
360.5,125.3,-0.057441,-0.14204
360.5,127.4,-0.05606,-0.14395
360.5,129.68,-0.05476,-0.145256
360.5,131.95,-0.056002,-0.14415
360.5,134.05,-0.057028,-0.142672
360.5,136.33,-0.060309,-0.138691
360.5,138.6,-0.064113,-0.132955
360.5,140.7,-0.066982,-0.125697
360.5,142.98,-0.069871,-0.115447
360.5,145.25,-0.073559,-0.103873
360.5,147.35,-0.077478,-0.091877
360.5,149.63,-0.083001,-0.07871
360.5,151.9,-0.089243,-0.066433
360.5,154.0,-0.097632,-0.053389
360.5,156.28,-0.104717,-0.041519
360.5,158.55,-0.112521,-0.02875
360.5,160.65,-0.119936,-0.017539
360.5,162.93,-0.126276,-0.006606
360.5,165.2,-0.132591,0.003237
360.5,167.48,-0.137903,0.012005
360.5,169.58,-0.141852,0.018225
360.5,171.85,-0.146033,0.023175
360.5,174.13,-0.149101,0.027578
360.5,176.23,-0.151196,0.029235
360.5,178.5,-0.152693,0.029325
360.5,180.6,-0.153759,0.028607
360.5,182.88,-0.153226,0.025837
360.5,184.98,-0.151901,0.022159
360.5,187.25,-0.151122,0.018068
360.5,189.53,-0.149153,0.013102
360.5,191.8,-0.146738,0.007439
360.5,193.9,-0.142561,0.001481
360.5,196.18,-0.138972,-0.004566
360.5,198.45,-0.135765,-0.009924
360.5,200.55,-0.132912,-0.016116
360.5,202.83,-0.129508,-0.022096
360.5,205.1,-0.126122,-0.027259
360.5,207.2,-0.123177,-0.031023
360.5,209.48,-0.120121,-0.034665
360.5,211.58,-0.116119,-0.037699
360.5,213.85,-0.113423,-0.041196
360.5,216.13,-0.110783,-0.04424
360.5,218.23,-0.108941,-0.046889
360.5,220.5,-0.10729,-0.049329
360.5,222.6,-0.106088,-0.051883
360.5,224.88,-0.10603,-0.054646
360.5,227.15,-0.105989,-0.058873
360.5,229.43,-0.106655,-0.061017
360.5,231.53,-0.107548,-0.063109
360.5,233.8,-0.107052,-0.06554
360.5,236.08,-0.107265,-0.067647
360.5,238.18,-0.107213,-0.069566
360.5,240.45,-0.107866,-0.070916
360.5,242.73,-0.108377,-0.073547
360.5,245.0,-0.10928,-0.076418
360.5,247.28,-0.110247,-0.079018
360.5,249.38,-0.112209,-0.08257
360.5,251.65,-0.114424,-0.086094
360.5,253.93,-0.118673,-0.090457
360.5,256.03,-0.122551,-0.094505
360.5,258.3,-0.127231,-0.098583
360.5,260.58,-0.131763,-0.102018
360.5,262.85,-0.135376,-0.106338
360.5,264.95,-0.139009,-0.110324
360.5,267.23,-0.141701,-0.113753
360.5,269.5,-0.144887,-0.117265
360.5,271.78,-0.146898,-0.120765
360.5,273.88,-0.148522,-0.123278
360.5,276.15,-0.14984,-0.12615
360.5,278.25,-0.15058,-0.128836
360.5,280.53,-0.151211,-0.132077
360.5,282.8,-0.151461,-0.133688
360.5,285.08,-0.150986,-0.137203
360.5,287.18,-0.151294,-0.140019
360.5,289.45,-0.151984,-0.14444
360.5,291.73,-0.153186,-0.149061
360.5,293.83,-0.15513,-0.154455
360.5,296.1,-0.158192,-0.160543
360.5,298.38,-0.159819,-0.166492
360.5,300.65,-0.162727,-0.172616
360.5,302.75,-0.16415,-0.1781
360.5,305.03,-0.165204,-0.183272
360.5,307.3,-0.165774,-0.188103
360.5,309.4,-0.166415,-0.19244
360.5,311.68,-0.166747,-0.195647
360.5,313.95,-0.166242,-0.198063
360.5,316.05,-0.166177,-0.199335
360.5,318.33,-0.16602,-0.199532
360.5,320.6,-0.166455,-0.198482
360.5,322.7,-0.167921,-0.196821
360.5,324.98,-0.169261,-0.194443
360.5,327.25,-0.171436,-0.191325
360.5,329.35,-0.173408,-0.186257
360.5,331.63,-0.17529,-0.179354
360.5,333.9,-0.176248,-0.171174
360.5,336.0,-0.176938,-0.162413
360.5,338.28,-0.177591,-0.153334
360.5,340.55,-0.178854,-0.143346
360.5,342.83,-0.180761,-0.133312
360.5,344.93,-0.182185,-0.12298
360.5,347.2,-0.184206,-0.112388
360.5,349.48,-0.186578,-0.103303
360.5,351.58,-0.189079,-0.094745
360.5,353.85,-0.190644,-0.086772
360.5,356.13,-0.191606,-0.079206
360.5,358.4,-0.191901,-0.071975
360.5,360.5,-0.190962,-0.065876
360.5,362.78,-0.186753,-0.060028
360.5,365.05,-0.182499,-0.054979
360.5,367.15,-0.17765,-0.050028
360.5,369.43,-0.17172,-0.046942
360.5,371.7,-0.166984,-0.044221
360.5,373.98,-0.162582,-0.042404
360.5,376.08,-0.15777,-0.041322
360.5,378.35,-0.152807,-0.040219
360.5,380.63,-0.148408,-0.040093
360.5,382.73,-0.143303,-0.040814
360.5,385.0,-0.13802,-0.041141
360.5,387.1,-0.1322,-0.040987
360.5,389.38,-0.125025,-0.040454
360.5,391.65,-0.11704,-0.039797
360.5,393.93,-0.108035,-0.038587
360.5,396.03,-0.098802,-0.037163
360.5,398.3,-0.09042,-0.03623
360.5,400.58,-0.085253,-0.035441
360.5,402.85,-0.081658,-0.036433
360.5,404.95,-0.079036,-0.038017
360.5,407.23,-0.07912,-0.039495
360.5,409.5,-0.078938,-0.041901
360.5,411.6,-0.079813,-0.043482
360.5,413.88,-0.080361,-0.044388
360.5,415.98,-0.079465,-0.045463
360.5,418.25,-0.077755,-0.044301
360.5,420.53,-0.074794,-0.043297
360.5,422.8,-0.07204,-0.042123
360.5,424.9,-0.069649,-0.041285
360.5,427.18,-0.067132,-0.04042
360.5,429.28,-0.064394,-0.039893
360.5,431.55,-0.061951,-0.039338
360.5,433.83,-0.059406,-0.03842
360.5,435.93,-0.057681,-0.038137
360.5,438.2,-0.055475,-0.03724
360.5,440.3,-0.054073,-0.036794
360.5,442.58,-0.052077,-0.035977
360.5,444.85,-0.049856,-0.034998
360.5,446.95,-0.04663,-0.033445
360.5,449.23,-0.044446,-0.032912
360.5,451.5,-0.043436,-0.032792
360.5,453.6,-0.042964,-0.033115
360.5,455.88,-0.042616,-0.033497
360.5,458.15,-0.043118,-0.033688
360.5,460.25,-0.04334,-0.034539
360.5,462.35,-0.044184,-0.035608
360.5,464.63,-0.044308,-0.036452
360.5,466.9,-0.044166,-0.036908
360.5,469.18,-0.044033,-0.036322
360.5,471.28,-0.042333,-0.035555
360.5,473.55,-0.040534,-0.035352
360.5,475.83,-0.03777,-0.035136
360.5,477.93,-0.03566,-0.034665
360.5,480.2,-0.033904,-0.035472
360.5,482.3,-0.032253,-0.036763
360.5,484.58,-0.031436,-0.039187
360.5,486.85,-0.0298,-0.04168
360.5,489.13,-0.02924,-0.044431
360.5,491.23,-0.029304,-0.045121
360.5,493.5,-0.027521,-0.04611
360.5,495.78,-0.025472,-0.045805
360.5,498.05,-0.024418,-0.046042
360.5,500.33,-0.022629,-0.046011
360.5,502.6,-0.021889,-0.046233
360.5,504.7,-0.02103,-0.04672
360.5,506.98,-0.019203,-0.046375
360.5,509.25,-0.016966,-0.045583
360.5,511.35,-0.0146,-0.043771
360.5,513.63,-0.011775,-0.041353
360.5,515.9,-0.0107,-0.038454
360.5,518.18,-0.010913,-0.035965
360.5,520.28,-0.01111,-0.034141
360.5,522.55,-0.012662,-0.032136
360.5,524.83,-0.014979,-0.02903
360.5,526.93,-0.016905,-0.025192
360.5,529.38,-0.019227,-0.020678
360.5,531.48,-0.021218,-0.015897
360.5,533.75,-0.023393,-0.010598
360.5,535.85,-0.026295,-0.005845
360.5,538.13,-0.028519,-0.000823
360.5,540.4,-0.031618,0.00471
360.5,542.68,-0.034212,0.009968
360.5,544.78,-0.036652,0.014728
360.5,547.05,-0.039911,0.02056
360.5,549.33,-0.042641,0.025625
360.5,551.6,-0.044973,0.030612
360.5,553.88,-0.047681,0.034093
360.5,556.15,-0.049659,0.037396
360.5,558.25,-0.051251,0.039395
360.5,560.53,-0.0531,0.041062
360.5,562.63,-0.054335,0.041774
360.5,564.9,-0.055213,0.041179
360.5,567.0,-0.055934,0.040868
360.5,569.28,-0.055734,0.040209
360.5,571.55,-0.055466,0.038474
360.5,573.83,-0.0559,0.037904
360.5,575.93,-0.055401,0.036419
360.5,578.2,-0.055078,0.034728
360.5,580.3,-0.055164,0.03324
360.5,582.58,-0.054674,0.031774
360.5,584.5,-0.054726,0.030418
360.5,586.95,-0.054825,0.028028
360.5,589.23,-0.055164,0.025772
360.5,591.5,-0.05602,0.022716
360.5,593.6,-0.056587,0.020221
360.5,596.05,-0.057502,0.018089
360.5,598.15,-0.058393,0.017331
360.5,600.43,-0.056874,0.016878
360.5,602.88,-0.055041,0.017011
360.5,605.15,-0.053047,0.016897
360.5,607.25,-0.051479,0.016657
360.5,609.53,-0.051048,0.015625
360.5,611.8,-0.050999,0.014306
360.5,613.9,-0.050099,0.012676
360.5,616.18,-0.050481,0.011641
360.5,618.45,-0.051461,0.010159
360.5,620.73,-0.052573,0.008323
360.5,622.83,-0.054116,0.007442
360.5,625.1,-0.055648,0.006342
360.5,627.2,-0.056874,0.006155
360.5,629.48,-0.057986,0.005794
360.5,631.75,-0.057702,0.004368
360.5,634.03,-0.058192,0.002827
360.5,636.13,-0.059252,0.000258
360.5,638.4,-0.062804,-0.002083
360.5,640.68,-0.066267,-0.005552
360.5,642.78,-0.06924,-0.008661
360.5,645.05,-0.073667,-0.011809
360.5,647.33,-0.079024,-0.015429
360.5,649.43,-0.08302,-0.019529
360.5,651.7,-0.087619,-0.022801
360.5,653.98,-0.091904,-0.026655
360.5,656.08,-0.096834,-0.02989
360.5,658.35,-0.101664,-0.033812
360.5,660.63,-0.107758,-0.03786
360.5,662.73,-0.115182,-0.042022
360.5,665.0,-0.123525,-0.046461
360.5,667.45,-0.134917,-0.052077
360.5,669.55,-0.145574,-0.05802
360.5,671.83,-0.156264,-0.063654
360.5,674.1,-0.167551,-0.069477
360.5,676.38,-0.180888,-0.07541
360.5,678.65,-0.192172,-0.080842
360.5,680.75,-0.204107,-0.086304
360.5,683.03,-0.217049,-0.091202
360.5,685.3,-0.230885,-0.096427
360.5,687.4,-0.244344,-0.101171
396.55,11.38,-0.065688,0.005554
396.55,13.48,-0.061948,0.003856
396.55,15.75,-0.058956,0.002726
396.55,18.03,-0.056214,0.001768
396.55,20.3,-0.055133,0.000967
396.55,22.58,-0.054458,-0.000223
396.55,24.68,-0.054052,-0.001418
396.55,26.95,-0.053925,-0.002662
396.55,29.23,-0.052841,-0.003741
396.55,31.33,-0.052687,-0.003836
396.55,33.6,-0.052441,-0.003861
396.55,35.88,-0.053103,-0.004092
396.55,38.15,-0.054221,-0.00542
396.55,40.43,-0.056122,-0.007207
396.55,42.7,-0.058559,-0.00883
396.55,44.98,-0.060959,-0.010441
396.55,47.08,-0.062804,-0.01221
396.55,49.35,-0.064452,-0.012589
396.55,51.8,-0.064742,-0.01322
396.55,54.08,-0.065201,-0.013842
396.55,56.35,-0.066523,-0.015734
396.55,58.45,-0.067937,-0.01786
396.55,60.73,-0.070062,-0.019865
396.55,62.83,-0.071646,-0.021547
396.55,65.1,-0.070909,-0.022598
396.55,67.2,-0.070472,-0.023812
396.55,69.48,-0.070287,-0.025614
396.55,71.75,-0.07001,-0.027111
396.55,73.85,-0.071649,-0.029354
396.55,76.13,-0.073811,-0.03167
396.55,78.4,-0.076218,-0.033537
396.55,80.5,-0.080195,-0.036378
396.55,82.78,-0.083275,-0.04001
396.55,84.88,-0.087299,-0.04343
396.55,87.15,-0.089843,-0.047099
396.55,89.43,-0.093275,-0.051119
396.55,91.7,-0.095817,-0.056251
396.55,93.8,-0.098497,-0.060401
396.55,96.08,-0.101254,-0.065238
396.55,98.35,-0.102786,-0.069961
396.55,100.63,-0.103497,-0.073362
396.55,102.73,-0.102792,-0.077342
396.55,105.0,-0.100343,-0.080774
396.55,107.28,-0.097823,-0.084726
396.55,109.55,-0.095136,-0.088768
396.55,111.83,-0.092986,-0.093429
396.55,113.93,-0.092105,-0.09736
396.55,116.38,-0.09013,-0.103414
396.55,118.65,-0.089785,-0.108275
396.55,120.75,-0.088405,-0.112795
396.55,123.03,-0.087887,-0.116387
396.55,125.48,-0.086661,-0.120198
396.55,127.75,-0.085666,-0.122342
396.55,129.85,-0.084092,-0.123719
396.55,132.13,-0.082601,-0.122776
396.55,134.4,-0.081578,-0.120056
396.55,136.5,-0.080028,-0.115823
396.55,138.78,-0.078448,-0.110164
396.55,141.05,-0.077132,-0.102351
396.55,143.33,-0.075974,-0.092049
396.55,145.6,-0.075469,-0.080598
396.55,147.7,-0.074905,-0.068075
396.55,149.98,-0.07472,-0.054807
396.55,152.25,-0.074049,-0.040906
396.55,154.35,-0.074585,-0.026797
396.55,156.63,-0.075792,-0.012613
396.55,158.73,-0.077752,0.00068
396.55,161.0,-0.080105,0.013662
396.55,163.28,-0.083029,0.025588
396.55,165.38,-0.085635,0.036232
396.55,167.65,-0.089181,0.044827
396.55,169.93,-0.092182,0.051034
396.55,172.03,-0.096769,0.055073
396.55,174.3,-0.102028,0.056777
396.55,176.58,-0.106815,0.056755
396.55,178.68,-0.112157,0.055877
396.55,180.95,-0.116433,0.05267
396.55,183.23,-0.120013,0.048906
396.55,185.33,-0.123094,0.044161
396.55,187.6,-0.125121,0.039275
396.55,189.88,-0.125595,0.033872
396.55,191.98,-0.125993,0.02865
396.55,194.25,-0.12542,0.022174
396.55,196.53,-0.125916,0.015591
396.55,198.8,-0.126938,0.00772
396.55,201.08,-0.128229,0.001151
396.55,203.35,-0.128811,-0.005195
396.55,205.45,-0.128463,-0.010916
396.55,207.9,-0.126578,-0.015577
396.55,210.18,-0.123676,-0.019988
396.55,212.28,-0.121341,-0.023556
396.55,214.55,-0.120684,-0.027311
396.55,216.83,-0.120398,-0.032176
396.55,219.1,-0.12103,-0.03529
396.55,221.2,-0.120965,-0.03895
396.55,223.48,-0.121405,-0.041781
396.55,225.58,-0.119908,-0.044902
396.55,227.85,-0.120758,-0.047662
396.55,230.13,-0.121217,-0.050882
396.55,232.23,-0.121556,-0.053858
396.55,234.5,-0.122108,-0.056769
396.55,236.78,-0.121978,-0.059844
396.55,238.88,-0.123318,-0.06297
396.55,241.15,-0.124505,-0.066328
396.55,243.43,-0.126938,-0.069828
396.55,245.7,-0.130595,-0.072875
396.55,247.8,-0.134464,-0.076144
396.55,250.08,-0.138716,-0.079893
396.55,252.35,-0.1431,-0.082937
396.55,254.45,-0.147105,-0.085626
396.55,256.73,-0.150561,-0.088223
396.55,258.83,-0.153716,-0.090755
396.55,261.1,-0.15732,-0.09355
396.55,263.38,-0.160346,-0.096396
396.55,265.48,-0.162921,-0.098275
396.55,267.75,-0.165694,-0.101563
396.55,270.03,-0.168839,-0.103744
396.55,272.13,-0.170651,-0.107536
396.55,274.4,-0.173864,-0.111036
396.55,276.68,-0.177299,-0.114982
396.55,278.95,-0.181729,-0.118827
396.55,281.05,-0.185287,-0.122758
396.55,283.33,-0.189089,-0.126972
396.55,285.6,-0.193679,-0.131128
396.55,287.7,-0.196729,-0.135543
396.55,289.98,-0.199048,-0.139237
396.55,292.25,-0.201128,-0.143476
396.55,294.35,-0.202527,-0.148365
396.55,296.63,-0.20411,-0.152169
396.55,298.73,-0.206837,-0.156988
396.55,301.0,-0.210127,-0.161411
396.55,303.28,-0.212431,-0.166248
396.55,305.38,-0.21509,-0.17111
396.55,307.65,-0.218463,-0.174699
396.55,309.93,-0.220959,-0.178491
396.55,312.03,-0.22391,-0.182194
396.55,314.3,-0.22602,-0.185456
396.55,316.58,-0.228303,-0.187517
396.55,318.68,-0.230811,-0.189837
396.55,320.95,-0.233118,-0.190746
396.55,323.05,-0.235638,-0.190219
396.55,325.33,-0.238291,-0.18862
396.55,327.6,-0.241448,-0.186304
396.55,329.7,-0.243096,-0.182792
396.55,331.98,-0.245576,-0.178423
396.55,334.08,-0.248112,-0.172936
396.55,336.35,-0.251535,-0.166448
396.55,338.45,-0.254572,-0.159652
396.55,340.73,-0.256618,-0.151769
396.55,343.0,-0.257191,-0.143873
396.55,345.28,-0.257009,-0.13541
396.55,347.38,-0.257092,-0.126587
396.55,349.65,-0.256122,-0.117616
396.55,351.75,-0.25537,-0.109335
396.55,354.03,-0.253562,-0.100685
396.55,356.3,-0.250974,-0.092933
396.55,358.4,-0.246559,-0.085925
396.55,360.68,-0.242382,-0.078808
396.55,362.78,-0.236926,-0.072875
396.55,365.05,-0.231233,-0.068297
396.55,367.15,-0.226146,-0.064178
396.55,369.43,-0.219945,-0.061005
396.55,371.7,-0.21342,-0.059015
396.55,373.8,-0.206584,-0.056717
396.55,376.08,-0.197468,-0.055149
396.55,378.35,-0.188389,-0.053334
396.55,380.63,-0.178959,-0.052234
396.55,382.73,-0.170182,-0.051612
396.55,385.0,-0.162708,-0.050429
396.55,387.28,-0.15481,-0.050386
396.55,389.38,-0.148593,-0.049899
396.55,391.65,-0.141636,-0.049702
396.55,393.93,-0.13472,-0.049828
396.55,396.03,-0.128044,-0.049991
396.55,398.3,-0.1211,-0.049249
396.55,400.58,-0.113827,-0.048171
396.55,402.68,-0.106375,-0.046957
396.55,404.95,-0.099252,-0.045315
396.55,407.23,-0.09224,-0.043836
396.55,409.33,-0.088479,-0.042619
396.55,411.6,-0.085259,-0.042237
396.55,413.88,-0.083802,-0.042986
396.55,415.98,-0.084461,-0.043534
396.55,418.25,-0.085161,-0.044763
396.55,420.53,-0.085158,-0.045164
396.55,422.63,-0.082946,-0.044927
396.55,425.08,-0.079468,-0.043657
396.55,427.18,-0.075127,-0.041402
396.55,429.45,-0.071868,-0.039933
396.55,431.73,-0.06912,-0.039003
396.55,433.83,-0.066794,-0.038189
396.55,436.1,-0.065275,-0.038195
396.55,438.38,-0.065931,-0.038698
396.55,440.48,-0.06521,-0.039135
396.55,442.75,-0.064612,-0.038953
396.55,445.03,-0.062148,-0.038605
396.55,447.13,-0.059332,-0.037582
396.55,449.4,-0.056242,-0.036064
396.55,451.68,-0.052129,-0.034406
396.55,453.78,-0.047952,-0.032881
396.55,456.05,-0.044314,-0.031483
396.55,458.15,-0.041655,-0.030829
396.55,460.43,-0.039763,-0.030913
396.55,462.7,-0.03883,-0.031655
396.55,464.8,-0.038916,-0.032986
396.55,467.08,-0.039166,-0.034699
396.55,469.35,-0.039348,-0.035916
396.55,471.45,-0.039665,-0.037231
396.55,473.73,-0.038802,-0.038836
396.55,476.0,-0.037773,-0.038827
396.55,478.1,-0.036402,-0.039649
396.55,480.38,-0.034705,-0.040358
396.55,482.48,-0.033531,-0.041541
396.55,484.75,-0.031979,-0.043759
396.55,487.03,-0.031211,-0.045749
396.55,489.13,-0.030253,-0.048014
396.55,491.4,-0.029366,-0.049991
396.55,493.5,-0.027327,-0.052173
396.55,495.78,-0.026818,-0.05338
396.55,498.05,-0.025786,-0.053297
396.55,500.15,-0.024175,-0.053473
396.55,502.43,-0.022145,-0.052709
396.55,504.7,-0.020641,-0.051643
396.55,506.98,-0.019184,-0.050703
396.55,509.08,-0.019378,-0.049499
396.55,511.35,-0.019579,-0.048349
396.55,513.45,-0.020389,-0.047015
396.55,515.9,-0.020346,-0.04469
396.55,518.0,-0.019526,-0.041898
396.55,520.28,-0.019076,-0.037157
396.55,522.38,-0.017816,-0.032579
396.55,525.0,-0.016523,-0.026017
396.55,527.28,-0.015013,-0.020081
396.55,529.55,-0.014197,-0.01436
396.55,531.83,-0.015879,-0.008892
396.55,534.28,-0.018534,-0.004341
396.55,536.38,-0.022524,-0.000709
396.55,538.65,-0.025561,0.003524
396.55,540.75,-0.029372,0.007193
396.55,543.03,-0.032524,0.011016
396.55,545.3,-0.03542,0.014993
396.55,547.4,-0.039683,0.018813
396.55,549.68,-0.04228,0.020591
396.55,551.95,-0.045309,0.023329
396.55,554.23,-0.047493,0.025659
396.55,556.33,-0.049107,0.028557
396.55,558.6,-0.049545,0.030772
396.55,560.88,-0.049483,0.033758
396.55,562.98,-0.048799,0.036238
396.55,565.25,-0.047844,0.038206
396.55,567.53,-0.046409,0.039981
396.55,569.8,-0.045025,0.041577
396.55,571.9,-0.043738,0.041438
396.55,574.18,-0.043149,0.041047
396.55,576.45,-0.042921,0.03975
396.55,578.55,-0.044323,0.037756
396.55,580.83,-0.04623,0.035292
396.55,583.1,-0.047481,0.032636
396.55,585.38,-0.04838,0.030699
396.55,587.48,-0.04899,0.028428
396.55,589.75,-0.048818,0.02572
396.55,592.03,-0.04782,0.023927
396.55,594.13,-0.046174,0.02288
396.55,596.4,-0.043839,0.022208
396.55,598.68,-0.041279,0.021724
396.55,600.78,-0.038402,0.021475
396.55,603.05,-0.036113,0.021191
396.55,605.15,-0.033451,0.021053
396.55,607.43,-0.032422,0.021087
396.55,609.7,-0.030173,0.020039
396.55,611.98,-0.030028,0.020313
396.55,614.08,-0.028784,0.01975
396.55,616.35,-0.028445,0.018598
396.55,618.63,-0.028978,0.018517
396.55,620.73,-0.028482,0.01747
396.55,623.0,-0.028026,0.017162
396.55,625.1,-0.027102,0.016386
396.55,627.38,-0.026295,0.016835
396.55,629.48,-0.025826,0.015982
396.55,631.75,-0.026501,0.014368
396.55,634.03,-0.027934,0.011481
396.55,636.3,-0.029708,0.00848
396.55,638.4,-0.031991,0.006407
396.55,640.68,-0.03415,0.004328
396.55,642.78,-0.03732,0.002054
396.55,645.05,-0.039958,-0.000321
396.55,647.15,-0.041935,-0.002419
396.55,649.43,-0.044499,-0.004717
396.55,651.7,-0.046184,-0.007145
396.55,653.8,-0.049634,-0.009027
396.55,656.08,-0.052302,-0.012539
396.55,658.18,-0.057715,-0.015959
396.55,660.45,-0.063411,-0.020229
396.55,662.73,-0.071307,-0.024594
396.55,665.0,-0.078506,-0.030065
396.55,667.28,-0.086039,-0.035025
396.55,669.38,-0.093288,-0.040959
396.55,671.65,-0.100943,-0.045934
396.55,673.93,-0.108895,-0.05143
396.55,676.2,-0.117268,-0.05696
396.55,678.48,-0.126125,-0.061803
396.55,680.58,-0.135574,-0.066695
396.55,682.85,-0.145614,-0.072065
396.55,685.13,-0.155746,-0.077823
396.55,687.23,-0.165928,-0.083174
432.6,11.9,-0.043359,-0.044514
432.6,14.18,-0.044049,-0.045891
432.6,16.28,-0.044181,-0.047749
432.6,18.55,-0.044859,-0.048725
432.6,20.83,-0.045651,-0.049551
432.6,23.1,-0.045715,-0.050278
432.6,25.38,-0.046637,-0.050759
432.6,27.65,-0.047844,-0.050555
432.6,29.75,-0.048528,-0.050792
432.6,32.03,-0.049083,-0.051529
432.6,34.3,-0.050222,-0.052043
432.6,36.4,-0.05041,-0.051966
432.6,38.68,-0.050669,-0.052918
432.6,40.95,-0.051002,-0.053722
432.6,43.4,-0.051809,-0.054194
432.6,45.5,-0.051486,-0.054847
432.6,47.78,-0.050829,-0.05505
432.6,50.05,-0.050805,-0.055635
432.6,52.15,-0.050102,-0.056017
432.6,54.43,-0.049027,-0.056603
432.6,56.7,-0.048793,-0.056291
432.6,58.98,-0.048907,-0.056757
432.6,61.08,-0.048734,-0.056747
432.6,63.35,-0.048494,-0.057243
432.6,65.45,-0.04862,-0.058531
432.6,67.73,-0.048134,-0.059141
432.6,70.0,-0.046544,-0.060718
432.6,72.28,-0.046415,-0.062191
432.6,74.55,-0.044844,-0.064153
432.6,76.65,-0.043088,-0.06541
432.6,78.93,-0.041889,-0.067607
432.6,81.2,-0.040204,-0.070543
432.6,83.3,-0.038279,-0.073245
432.6,85.58,-0.03655,-0.076941
432.6,87.85,-0.034194,-0.080189
432.6,90.13,-0.031664,-0.084221
432.6,92.23,-0.029012,-0.087989
432.6,94.5,-0.026609,-0.092496
432.6,96.95,-0.022881,-0.097739
432.6,99.05,-0.019338,-0.102875
432.6,101.33,-0.015161,-0.108827
432.6,103.6,-0.011295,-0.115158
432.6,106.05,-0.005635,-0.123947
432.6,108.33,-0.002379,-0.130447
432.6,110.6,0.002772,-0.137619
432.6,112.7,0.006878,-0.144005
432.6,115.15,0.012892,-0.152508
432.6,117.43,0.018554,-0.158928
432.6,119.7,0.025708,-0.164218
432.6,121.8,0.032723,-0.168309
432.6,124.25,0.039793,-0.171643
432.6,126.53,0.043998,-0.17419
432.6,128.63,0.04674,-0.175198
432.6,130.9,0.047753,-0.175694
432.6,133.18,0.046878,-0.175065
432.6,135.28,0.042738,-0.172955
432.6,137.55,0.038302,-0.168466
432.6,139.83,0.033163,-0.161895
432.6,141.93,0.024858,-0.152166
432.6,144.2,0.016931,-0.139822
432.6,146.48,0.006577,-0.125786
432.6,148.58,-0.003802,-0.109249
432.6,150.85,-0.015586,-0.090903
432.6,153.13,-0.028343,-0.07229
432.6,155.23,-0.042474,-0.052875
432.6,157.5,-0.055993,-0.033251
432.6,159.78,-0.069563,-0.011615
432.6,162.23,-0.084686,0.011971
432.6,164.5,-0.096821,0.031869
432.6,166.6,-0.106975,0.04967
432.6,168.88,-0.116199,0.066071
432.6,171.33,-0.12427,0.080218
432.6,173.6,-0.131307,0.089833
432.6,175.7,-0.136895,0.096281
432.6,177.98,-0.142413,0.10068
432.6,180.6,-0.146775,0.102587
432.6,182.88,-0.148485,0.101462
432.6,185.15,-0.148719,0.099485
432.6,187.25,-0.148386,0.095551
432.6,189.53,-0.146914,0.089596
432.6,191.8,-0.144822,0.083046
432.6,194.08,-0.141735,0.075637
432.6,196.35,-0.136907,0.068262
432.6,198.63,-0.13168,0.060477
432.6,200.9,-0.12541,0.05365
432.6,203.18,-0.119249,0.045717
432.6,205.28,-0.113645,0.037079
432.6,207.55,-0.108315,0.029081
432.6,209.83,-0.103362,0.019734
432.6,211.93,-0.099659,0.010064
432.6,214.2,-0.09728,0.001598
432.6,216.48,-0.095013,-0.007468
432.6,218.58,-0.093664,-0.015099
432.6,220.85,-0.092638,-0.022256
432.6,222.95,-0.091405,-0.028507
432.6,225.23,-0.090494,-0.033608
432.6,227.5,-0.088882,-0.038402
432.6,229.6,-0.086251,-0.042616
432.6,231.88,-0.082419,-0.046218
432.6,234.15,-0.078987,-0.049243
432.6,236.25,-0.075253,-0.052518
432.6,238.53,-0.072598,-0.054871
432.6,240.8,-0.068352,-0.056596
432.6,242.9,-0.065866,-0.056963
432.6,245.18,-0.063106,-0.058291
432.6,247.45,-0.060959,-0.059921
432.6,249.55,-0.059736,-0.061772
432.6,251.83,-0.058978,-0.063993
432.6,254.1,-0.059656,-0.067006
432.6,256.38,-0.061495,-0.071442
432.6,258.48,-0.064927,-0.07545
432.6,260.75,-0.069206,-0.080641
432.6,262.85,-0.073257,-0.085919
432.6,265.13,-0.076938,-0.091938
432.6,267.4,-0.080863,-0.09737
432.6,269.68,-0.082983,-0.102789
432.6,271.78,-0.083448,-0.107333
432.6,274.05,-0.082296,-0.110888
432.6,276.33,-0.081442,-0.114033
432.6,278.43,-0.079566,-0.119477
432.6,280.7,-0.077632,-0.123476
432.6,282.8,-0.076427,-0.129267
432.6,285.08,-0.076415,-0.135715
432.6,287.35,-0.077086,-0.143186
432.6,289.45,-0.078315,-0.151778
432.6,291.73,-0.081495,-0.16025
432.6,294.0,-0.084307,-0.169945
432.6,296.28,-0.087576,-0.179058
432.6,298.38,-0.090725,-0.188549
432.6,300.65,-0.094113,-0.198725
432.6,302.93,-0.097271,-0.208026
432.6,305.2,-0.100509,-0.217271
432.6,307.3,-0.105318,-0.225305
432.6,309.58,-0.110059,-0.233457
432.6,311.85,-0.115395,-0.241528
432.6,314.13,-0.121433,-0.246716
432.6,316.23,-0.129033,-0.250897
432.6,318.5,-0.136282,-0.254051
432.6,320.78,-0.144529,-0.256174
432.6,322.88,-0.154027,-0.255915
432.6,324.98,-0.164609,-0.253931
432.6,327.25,-0.175552,-0.250164
432.6,329.53,-0.186837,-0.245077
432.6,331.8,-0.197431,-0.237622
432.6,333.9,-0.208016,-0.228479
432.6,336.18,-0.217631,-0.217792
432.6,338.45,-0.227317,-0.204856
432.6,340.55,-0.236294,-0.191242
432.6,342.83,-0.244184,-0.177293
432.6,344.93,-0.250318,-0.161988
432.6,347.03,-0.255487,-0.146883
432.6,349.3,-0.25936,-0.132157
432.6,351.58,-0.262591,-0.116606
432.6,353.85,-0.264239,-0.101772
432.6,356.48,-0.263891,-0.085185
432.6,358.75,-0.261852,-0.072665
432.6,360.85,-0.258623,-0.060438
432.6,363.13,-0.254353,-0.050728
432.6,365.58,-0.249575,-0.04167
432.6,367.85,-0.244606,-0.035296
432.6,370.13,-0.239421,-0.03095
432.6,372.23,-0.233026,-0.027431
432.6,374.5,-0.225709,-0.025053
432.6,376.6,-0.216535,-0.023208
432.6,378.88,-0.207061,-0.022548
432.6,381.15,-0.19781,-0.023263
432.6,383.25,-0.189329,-0.025219
432.6,385.53,-0.181011,-0.026997
432.6,387.8,-0.171334,-0.029613
432.6,389.9,-0.162163,-0.032259
432.6,392.18,-0.15277,-0.03497
432.6,394.45,-0.14354,-0.036134
432.6,396.55,-0.13358,-0.038091
432.6,398.83,-0.12285,-0.039403
432.6,401.1,-0.114449,-0.040755
432.6,403.2,-0.106288,-0.042746
432.6,405.48,-0.099948,-0.045016
432.6,407.58,-0.095654,-0.046652
432.6,409.85,-0.092672,-0.049009
432.6,412.13,-0.090306,-0.050768
432.6,414.4,-0.087151,-0.052324
432.6,416.5,-0.08269,-0.052992
432.6,418.78,-0.076982,-0.052542
432.6,421.05,-0.072844,-0.052305
432.6,423.33,-0.068389,-0.052656
432.6,425.6,-0.064859,-0.053263
432.6,427.88,-0.062413,-0.053873
432.6,430.33,-0.060999,-0.054702
432.6,432.6,-0.060238,-0.056596
432.6,434.7,-0.058531,-0.057521
432.6,436.98,-0.057006,-0.057758
432.6,439.43,-0.05412,-0.056806
432.6,441.7,-0.050182,-0.055906
432.6,443.8,-0.047573,-0.054693
432.6,446.08,-0.043682,-0.054329
432.6,448.53,-0.039357,-0.053349
432.6,450.63,-0.035386,-0.052206
432.6,452.9,-0.03041,-0.052487
432.6,455.18,-0.027154,-0.053245
432.6,457.28,-0.024354,-0.053811
432.6,459.55,-0.022049,-0.055571
432.6,461.83,-0.020802,-0.057148
432.6,463.93,-0.020115,-0.058981
432.6,466.2,-0.020333,-0.061338
432.6,468.48,-0.019874,-0.064498
432.6,470.58,-0.020826,-0.067644
432.6,472.85,-0.021082,-0.070866
432.6,475.13,-0.020786,-0.074529
432.6,477.23,-0.020377,-0.077558
432.6,479.5,-0.01863,-0.079828
432.6,481.6,-0.015993,-0.082468
432.6,483.88,-0.013343,-0.084169
432.6,486.15,-0.011027,-0.087086
432.6,488.43,-0.008349,-0.089203
432.6,490.53,-0.005873,-0.091387
432.6,492.98,-0.002364,-0.093944
432.6,495.08,0.001228,-0.096344
432.6,497.35,0.003431,-0.09863
432.6,499.63,0.006586,-0.10164
432.6,501.73,0.008305,-0.105062
432.6,504.0,0.009925,-0.108112
432.6,506.28,0.010344,-0.110743
432.6,508.38,0.01011,-0.112727
432.6,510.65,0.007689,-0.112909
432.6,513.28,0.005979,-0.113596
432.6,515.38,0.004208,-0.112499
432.6,517.65,0.002954,-0.110435
432.6,519.93,0.000378,-0.107102
432.6,522.2,-0.00233,-0.101575
432.6,524.48,-0.005272,-0.09542
432.6,526.75,-0.008423,-0.087357
432.6,528.85,-0.012065,-0.07891
432.6,531.48,-0.017585,-0.068161
432.6,533.75,-0.022838,-0.058602
432.6,535.85,-0.02797,-0.049006
432.6,538.13,-0.034224,-0.040124
432.6,540.4,-0.040663,-0.030531
432.6,542.68,-0.046307,-0.021406
432.6,544.78,-0.052835,-0.011455
432.6,547.05,-0.057977,-0.003242
432.6,549.33,-0.062357,0.005736
432.6,551.43,-0.066199,0.013641
432.6,553.7,-0.070155,0.021346
432.6,555.98,-0.072345,0.028034
432.6,558.08,-0.073959,0.033061
432.6,560.35,-0.07578,0.037162
432.6,562.63,-0.077807,0.040338
432.6,564.73,-0.078716,0.041691
432.6,567.0,-0.079394,0.042917
432.6,569.1,-0.079258,0.043952
432.6,571.38,-0.077487,0.043644
432.6,573.65,-0.075438,0.044405
432.6,575.75,-0.072262,0.044023
432.6,578.03,-0.068325,0.044241
432.6,580.3,-0.063168,0.044032
432.6,582.58,-0.058383,0.043194
432.6,584.68,-0.054425,0.041379
432.6,586.95,-0.051233,0.038644
432.6,589.05,-0.049015,0.034842
432.6,591.33,-0.047561,0.031466
432.6,593.6,-0.04639,0.026841
432.6,595.88,-0.044212,0.022797
432.6,597.98,-0.042672,0.019343
432.6,600.25,-0.041045,0.016734
432.6,602.35,-0.039455,0.015036
432.6,604.63,-0.038038,0.012501
432.6,606.55,-0.035438,0.011561
432.6,609.18,-0.03212,0.010298
432.6,611.45,-0.02908,0.010323
432.6,613.55,-0.026439,0.010144
432.6,615.83,-0.024129,0.010119
432.6,618.1,-0.022515,0.009078
432.6,620.2,-0.022006,0.007073
432.6,622.48,-0.022632,0.005523
432.6,624.58,-0.022964,0.003875
432.6,627.03,-0.024705,0.001681
432.6,629.3,-0.024536,-0.000383
432.6,631.4,-0.024733,-0.001347
432.6,633.68,-0.024739,-0.001529
432.6,635.78,-0.023226,-0.001187
432.6,638.05,-0.021717,-0.001187
432.6,640.33,-0.020571,-0.001541
432.6,642.43,-0.019736,-0.001738
432.6,644.7,-0.018861,-0.001775
432.6,646.8,-0.018614,-0.001621
432.6,649.08,-0.01741,-0.002083
432.6,651.35,-0.017983,-0.002308
432.6,653.45,-0.017059,-0.002739
432.6,655.73,-0.016421,-0.003842
432.6,658.0,-0.016255,-0.004492
432.6,660.28,-0.017308,-0.005755
432.6,662.38,-0.017589,-0.007089
432.6,664.83,-0.01773,-0.00798
432.6,666.93,-0.017096,-0.00745
432.6,669.2,-0.01627,-0.007194
432.6,671.48,-0.016057,-0.007746
432.6,673.58,-0.015367,-0.006877
432.6,675.85,-0.014089,-0.006273
432.6,678.13,-0.01375,-0.005395
432.6,680.23,-0.01371,-0.006174
432.6,682.5,-0.015164,-0.006997
432.6,684.78,-0.017376,-0.009055
432.6,686.88,-0.020395,-0.012576
468.65,11.38,-0.054572,-0.052773
468.65,13.48,-0.054126,-0.052786
468.65,15.75,-0.054246,-0.052653
468.65,17.85,-0.05314,-0.052099
468.65,20.13,-0.052111,-0.052102
468.65,22.4,-0.050457,-0.051199
468.65,24.68,-0.050062,-0.051128
468.65,26.95,-0.049951,-0.051011
468.65,29.05,-0.049813,-0.052108
468.65,31.33,-0.051033,-0.052579
468.65,33.6,-0.051778,-0.052798
468.65,35.7,-0.052471,-0.053762
468.65,37.98,-0.052419,-0.053987
468.65,40.25,-0.05302,-0.054298
468.65,42.35,-0.053288,-0.054662
468.65,44.63,-0.053738,-0.055943
468.65,46.9,-0.053719,-0.055971
468.65,49.0,-0.053537,-0.056643
468.65,51.28,-0.054585,-0.057052
468.65,53.55,-0.053654,-0.057638
468.65,55.65,-0.053778,-0.058605
468.65,57.93,-0.05346,-0.05977
468.65,60.2,-0.052955,-0.060848
468.65,62.3,-0.052555,-0.06131
468.65,64.58,-0.051864,-0.062961
468.65,66.85,-0.050718,-0.063174
468.65,68.95,-0.048482,-0.064307
468.65,71.23,-0.046486,-0.065152
468.65,73.5,-0.044277,-0.066322
468.65,75.6,-0.042311,-0.067052
468.65,77.88,-0.038895,-0.068879
468.65,80.15,-0.035115,-0.070857
468.65,82.25,-0.03074,-0.071624
468.65,84.53,-0.026171,-0.073146
468.65,86.8,-0.022191,-0.073925
468.65,88.9,-0.01663,-0.075401
468.65,91.18,-0.012505,-0.077804
468.65,93.28,-0.007188,-0.081581
468.65,95.55,-0.003109,-0.085614
468.65,97.83,0.000862,-0.091575
468.65,99.93,0.003801,-0.098266
468.65,102.2,0.007479,-0.106199
468.65,104.48,0.010286,-0.113996
468.65,106.75,0.013557,-0.123362
468.65,108.85,0.016728,-0.132062
468.65,111.13,0.02032,-0.14179
468.65,113.23,0.025871,-0.150028
468.65,115.5,0.031878,-0.157705
468.65,117.78,0.03796,-0.166276
468.65,120.05,0.043832,-0.173013
468.65,122.15,0.048215,-0.180222
468.65,124.43,0.050209,-0.185925
468.65,126.7,0.052137,-0.191451
468.65,128.98,0.052119,-0.195487
468.65,131.25,0.052066,-0.196957
468.65,133.53,0.050819,-0.195715
468.65,135.63,0.048382,-0.192705
468.65,137.9,0.045036,-0.18676
468.65,140.0,0.039814,-0.178189
468.65,142.28,0.033949,-0.167111
468.65,144.55,0.025286,-0.153617
468.65,146.65,0.015563,-0.138214
468.65,148.93,0.003046,-0.120253
468.65,151.2,-0.010207,-0.100028
468.65,153.48,-0.024043,-0.079249
468.65,155.58,-0.039083,-0.05826
468.65,157.85,-0.055056,-0.036898
468.65,160.13,-0.070866,-0.016295
468.65,162.4,-0.085567,0.004891
468.65,164.5,-0.0994,0.023619
468.65,166.78,-0.110349,0.042433
468.65,168.88,-0.120497,0.058662
468.65,171.15,-0.128814,0.074361
468.65,173.43,-0.136415,0.087907
468.65,175.7,-0.141664,0.098098
468.65,177.8,-0.146501,0.105452
468.65,180.08,-0.150019,0.109555
468.65,182.18,-0.151907,0.110819
468.65,184.45,-0.153503,0.109688
468.65,186.73,-0.153774,0.105954
468.65,188.83,-0.153017,0.100751
468.65,191.1,-0.15111,0.094408
468.65,193.38,-0.148078,0.086955
468.65,195.48,-0.144501,0.079217
468.65,197.75,-0.140546,0.070409
468.65,200.03,-0.134828,0.062482
468.65,202.3,-0.128112,0.054241
468.65,204.4,-0.122308,0.046373
468.65,206.5,-0.116418,0.036629
468.65,208.95,-0.110182,0.027667
468.65,211.23,-0.105078,0.018465
468.65,213.33,-0.100512,0.009549
468.65,215.6,-0.097363,0.000985
468.65,217.88,-0.095494,-0.007191
468.65,219.98,-0.092761,-0.015802
468.65,222.25,-0.092083,-0.022376
468.65,224.35,-0.090084,-0.02863
468.65,226.63,-0.089129,-0.034341
468.65,228.9,-0.086341,-0.039517
468.65,231.0,-0.082807,-0.045346
468.65,233.28,-0.079711,-0.049366
468.65,235.38,-0.076575,-0.053433
468.65,237.65,-0.074006,-0.056649
468.65,239.93,-0.070888,-0.058537
468.65,242.2,-0.068497,-0.060429
468.65,244.3,-0.065367,-0.062758
468.65,246.58,-0.062927,-0.065226
468.65,248.85,-0.061627,-0.067739
468.65,250.95,-0.061945,-0.071027
468.65,253.23,-0.063051,-0.074896
468.65,255.5,-0.065081,-0.080152
468.65,257.6,-0.068041,-0.084076
468.65,259.88,-0.071575,-0.089104
468.65,262.15,-0.074295,-0.09464
468.65,264.25,-0.077305,-0.100632
468.65,266.53,-0.079603,-0.107188
468.65,268.8,-0.081427,-0.112548
468.65,271.08,-0.082197,-0.11826
468.65,273.18,-0.082967,-0.123605
468.65,275.45,-0.082431,-0.129184
468.65,277.73,-0.081495,-0.134659
468.65,279.83,-0.080697,-0.140302
468.65,282.1,-0.079754,-0.147166
468.65,284.38,-0.081073,-0.154098
468.65,286.48,-0.082521,-0.162043
468.65,288.75,-0.085047,-0.170724
468.65,291.03,-0.087807,-0.180463
468.65,293.13,-0.091313,-0.189809
468.65,295.4,-0.095062,-0.200706
468.65,297.68,-0.099024,-0.211331
468.65,299.95,-0.104591,-0.221418
468.65,302.05,-0.109964,-0.23212
468.65,304.33,-0.116338,-0.242696
468.65,306.43,-0.123272,-0.253127
468.65,308.7,-0.131997,-0.262755
468.65,310.98,-0.14078,-0.27188
468.65,313.08,-0.151039,-0.279535
468.65,315.35,-0.163716,-0.286131
468.65,317.63,-0.176874,-0.291263
468.65,319.73,-0.191679,-0.294692
468.65,322.0,-0.207342,-0.295971
468.65,324.28,-0.222333,-0.294464
468.65,326.38,-0.237326,-0.291266
468.65,328.65,-0.252465,-0.285385
468.65,330.75,-0.267237,-0.277406
468.65,333.03,-0.281297,-0.268266
468.65,335.13,-0.294591,-0.256359
468.65,337.4,-0.30716,-0.243374
468.65,339.5,-0.318494,-0.229175
468.65,341.78,-0.328038,-0.213707
468.65,344.05,-0.336094,-0.197302
468.65,346.33,-0.343691,-0.179147
468.65,348.43,-0.348035,-0.162422
468.65,350.7,-0.350518,-0.146396
468.65,352.98,-0.351152,-0.13131
468.65,355.08,-0.350197,-0.115758
468.65,357.35,-0.346402,-0.101467
468.65,359.45,-0.340355,-0.088288
468.65,361.73,-0.333448,-0.076621
468.65,364.0,-0.325231,-0.066501
468.65,366.1,-0.316079,-0.057767
468.65,368.38,-0.305817,-0.050395
468.65,370.48,-0.294957,-0.04533
468.65,372.75,-0.284073,-0.041572
468.65,375.03,-0.272326,-0.039135
468.65,377.13,-0.260937,-0.037798
468.65,379.4,-0.249914,-0.037847
468.65,381.5,-0.238164,-0.038393
468.65,383.78,-0.225697,-0.039381
468.65,385.7,-0.212862,-0.040278
468.65,388.33,-0.201029,-0.041775
468.65,390.43,-0.190309,-0.043901
468.65,392.7,-0.180712,-0.046239
468.65,394.8,-0.171029,-0.04875
468.65,397.08,-0.161874,-0.050484
468.65,399.35,-0.152425,-0.052262
468.65,401.45,-0.142921,-0.054237
468.65,403.73,-0.134012,-0.055207
468.65,405.83,-0.124609,-0.056877
468.65,408.1,-0.115835,-0.058386
468.65,410.38,-0.107071,-0.058593
468.65,412.65,-0.098691,-0.06005
468.65,414.75,-0.0924,-0.061559
468.65,417.03,-0.087798,-0.062878
468.65,419.3,-0.083839,-0.064591
468.65,421.58,-0.08098,-0.066261
468.65,423.68,-0.077407,-0.066932
468.65,425.95,-0.073759,-0.066701
468.65,428.23,-0.06846,-0.06529
468.65,430.5,-0.064323,-0.064061
468.65,432.6,-0.06099,-0.063202
468.65,434.88,-0.057875,-0.063115
468.65,436.98,-0.056214,-0.06363
468.65,439.25,-0.054856,-0.064646
468.65,441.53,-0.054123,-0.065728
468.65,443.63,-0.053704,-0.067601
468.65,445.9,-0.053402,-0.069588
468.65,448.0,-0.053288,-0.071205
468.65,450.28,-0.051421,-0.071612
468.65,452.55,-0.049348,-0.071603
468.65,454.65,-0.045826,-0.071735
468.65,456.93,-0.042431,-0.071036
468.65,459.2,-0.038633,-0.070799
468.65,461.3,-0.033858,-0.070854
468.65,463.58,-0.028396,-0.070832
468.65,465.85,-0.023297,-0.071473
468.65,467.95,-0.017046,-0.072844
468.65,470.05,-0.011544,-0.073913
468.65,472.5,-0.006079,-0.075108
468.65,474.6,-0.00155,-0.075946
468.65,476.88,0.001872,-0.077773
468.65,479.15,0.004263,-0.079502
468.65,481.43,0.006783,-0.082336
468.65,483.7,0.008428,-0.085145
468.65,485.8,0.009707,-0.088821
468.65,488.08,0.01109,-0.093047
468.65,490.18,0.011875,-0.097459
468.65,492.45,0.012371,-0.102323
468.65,494.73,0.01182,-0.107595
468.65,496.83,0.011022,-0.112518
468.65,499.1,0.009636,-0.117521
468.65,501.38,0.008419,-0.12192
468.65,503.48,0.007356,-0.124803
468.65,505.75,0.006493,-0.127111
468.65,508.03,0.006182,-0.128066
468.65,510.13,0.007193,-0.12794
468.65,512.4,0.007793,-0.125996
468.65,514.68,0.008484,-0.123568
468.65,516.78,0.007929,-0.119594
468.65,519.05,0.006875,-0.114696
468.65,521.33,0.004833,-0.109471
468.65,523.6,0.001949,-0.102749
468.65,525.88,-0.002746,-0.094652
468.65,528.15,-0.007302,-0.086328
468.65,530.25,-0.01245,-0.077789
468.65,532.53,-0.019166,-0.068685
468.65,534.8,-0.025632,-0.058916
468.65,537.08,-0.0318,-0.049055
468.65,539.18,-0.038165,-0.03932
468.65,541.45,-0.043411,-0.030669
468.65,543.73,-0.049508,-0.021439
468.65,545.83,-0.055583,-0.013051
468.65,548.1,-0.061763,-0.00529
468.65,550.38,-0.068543,0.002643
468.65,552.48,-0.073208,0.008841
468.65,554.75,-0.077783,0.016232
468.65,556.85,-0.079751,0.021573
468.65,559.13,-0.082604,0.027698
468.65,561.4,-0.083288,0.031447
468.65,563.5,-0.084468,0.034211
468.65,565.78,-0.085346,0.036145
468.65,568.05,-0.086769,0.038123
468.65,570.15,-0.08574,0.039041
468.65,572.43,-0.084172,0.03914
468.65,574.7,-0.083491,0.040159
468.65,576.98,-0.081076,0.038499
468.65,579.08,-0.080031,0.037565
468.65,581.35,-0.077977,0.034947
468.65,583.63,-0.07578,0.032415
468.65,585.73,-0.072502,0.030634
468.65,588.0,-0.06891,0.029854
468.65,590.1,-0.063088,0.028
468.65,592.38,-0.058639,0.027239
468.65,594.65,-0.054153,0.026721
468.65,596.93,-0.051233,0.024556
468.65,599.03,-0.049067,0.021444
468.65,601.3,-0.048485,0.01816
468.65,603.58,-0.048463,0.014414
468.65,605.68,-0.047573,0.010591
468.65,607.95,-0.047515,0.007837
468.65,610.05,-0.045946,0.004879
468.65,612.33,-0.044668,0.004053
468.65,614.6,-0.043599,0.002584
468.65,616.88,-0.041991,0.001826
468.65,619.15,-0.039163,0.002187
468.65,621.43,-0.035731,0.002439
468.65,623.53,-0.031664,0.003591
468.65,625.8,-0.028266,0.00426
468.65,627.9,-0.026322,0.004395
468.65,630.18,-0.026153,0.004574
468.65,632.45,-0.02647,0.003869
468.65,634.73,-0.028463,0.002251
468.65,636.83,-0.031174,0.000477
468.65,639.1,-0.032764,-0.00217
468.65,641.2,-0.034335,-0.003759
468.65,643.48,-0.035395,-0.005694
468.65,645.75,-0.036375,-0.006335
468.65,648.03,-0.036094,-0.007259
468.65,650.13,-0.035078,-0.006972
468.65,652.4,-0.03399,-0.006797
468.65,654.68,-0.032068,-0.006187
468.65,656.78,-0.031698,-0.004942
468.65,659.05,-0.029884,-0.004988
468.65,661.15,-0.030355,-0.005179
468.65,663.43,-0.029991,-0.006402
468.65,665.53,-0.029844,-0.006535
468.65,667.8,-0.029058,-0.007284
468.65,670.08,-0.02928,-0.007136
468.65,672.35,-0.029231,-0.008137
468.65,674.63,-0.029169,-0.008442
468.65,676.9,-0.028759,-0.00899
468.65,679.0,-0.028192,-0.009693
468.65,681.28,-0.028879,-0.009588
468.65,683.55,-0.030127,-0.009773
468.65,685.65,-0.029874,-0.01041
468.65,687.93,-0.030238,-0.010598
504.7,11.2,-0.049616,-0.043417
504.7,13.48,-0.046828,-0.040423
504.7,15.75,-0.044511,-0.03859
504.7,18.03,-0.042952,-0.037339
504.7,20.3,-0.043272,-0.036627
504.7,22.4,-0.044003,-0.037906
504.7,24.68,-0.045327,-0.038975
504.7,26.95,-0.047598,-0.039939
504.7,29.05,-0.04806,-0.041914
504.7,31.33,-0.04867,-0.042881
504.7,33.6,-0.048285,-0.043479
504.7,35.7,-0.048198,-0.044243
504.7,37.98,-0.047675,-0.044308
504.7,40.25,-0.048485,-0.04497
504.7,42.53,-0.049625,-0.045845
504.7,44.63,-0.050731,-0.046603
504.7,46.9,-0.051267,-0.048547
504.7,49.18,-0.052739,-0.049859
504.7,51.28,-0.053664,-0.051729
504.7,53.55,-0.054388,-0.053627
504.7,55.83,-0.055423,-0.054779
504.7,57.93,-0.056273,-0.056384
504.7,60.2,-0.055888,-0.05786
504.7,62.48,-0.056498,-0.058744
504.7,64.58,-0.056381,-0.060192
504.7,66.85,-0.055777,-0.061908
504.7,69.13,-0.056097,-0.063574
504.7,71.4,-0.054323,-0.065832
504.7,73.5,-0.053121,-0.06769
504.7,75.78,-0.051978,-0.069378
504.7,78.05,-0.050038,-0.071273
504.7,80.15,-0.047964,-0.072887
504.7,82.43,-0.04566,-0.075062
504.7,84.53,-0.04359,-0.077555
504.7,86.8,-0.041778,-0.081002
504.7,89.08,-0.038802,-0.084289
504.7,91.18,-0.035943,-0.088713
504.7,93.45,-0.03355,-0.093309
504.7,95.73,-0.03078,-0.098546
504.7,98.0,-0.027906,-0.104951
504.7,100.1,-0.02411,-0.111356
504.7,102.38,-0.020953,-0.118522
504.7,104.65,-0.016566,-0.126217
504.7,106.75,-0.011852,-0.133996
504.7,109.03,-0.007077,-0.142305
504.7,111.3,-0.001162,-0.149945
504.7,113.58,0.003718,-0.15866
504.7,115.68,0.008043,-0.166482
504.7,117.95,0.012304,-0.175398
504.7,120.05,0.015332,-0.183574
504.7,122.33,0.018832,-0.190718
504.7,124.43,0.021718,-0.196929
504.7,126.7,0.025455,-0.200888
504.7,128.98,0.029565,-0.201646
504.7,131.25,0.034836,-0.200025
504.7,133.35,0.038456,-0.196113
504.7,135.63,0.041801,-0.189736
504.7,137.73,0.043188,-0.181837
504.7,140.0,0.041857,-0.171498
504.7,142.28,0.038058,-0.159578
504.7,144.55,0.032963,-0.145558
504.7,146.65,0.024454,-0.130435
504.7,148.93,0.01503,-0.112684
504.7,151.03,0.002738,-0.093374
504.7,153.48,-0.010709,-0.074477
504.7,155.58,-0.025044,-0.056039
504.7,157.85,-0.040626,-0.037114
504.7,160.13,-0.057773,-0.018941
504.7,162.4,-0.074588,-9.6e-05
504.7,164.5,-0.09115,0.017171
504.7,166.78,-0.106338,0.032926
504.7,169.05,-0.119634,0.047183
504.7,171.33,-0.130229,0.059845
504.7,173.43,-0.139002,0.069574
504.7,175.7,-0.147142,0.078326
504.7,177.98,-0.153192,0.084078
504.7,180.08,-0.158167,0.086432
504.7,182.35,-0.161655,0.087535
504.7,184.63,-0.162536,0.086105
504.7,186.73,-0.161378,0.08255
504.7,189.0,-0.158688,0.077994
504.7,191.28,-0.154147,0.071219
504.7,193.55,-0.14923,0.064756
504.7,195.65,-0.143913,0.056638
504.7,197.93,-0.139055,0.049155
504.7,200.03,-0.134249,0.040132
504.7,202.3,-0.128697,0.031536
504.7,204.58,-0.12427,0.021808
504.7,206.68,-0.121116,0.012772
504.7,208.95,-0.119424,0.002886
504.7,211.05,-0.117844,-0.007801
504.7,213.33,-0.118087,-0.018205
504.7,215.6,-0.117471,-0.028519
504.7,217.7,-0.118254,-0.037385
504.7,219.98,-0.118827,-0.0461
504.7,222.08,-0.118768,-0.054418
504.7,224.35,-0.118522,-0.06135
504.7,226.63,-0.117927,-0.067619
504.7,228.73,-0.116929,-0.073081
504.7,231.0,-0.116415,-0.078269
504.7,233.28,-0.116097,-0.084289
504.7,235.55,-0.116442,-0.088697
504.7,237.65,-0.116134,-0.09391
504.7,239.93,-0.116137,-0.097872
504.7,242.03,-0.11545,-0.10192
504.7,244.3,-0.114748,-0.105829
504.7,246.58,-0.113864,-0.110321
504.7,248.85,-0.113297,-0.113756
504.7,250.95,-0.113962,-0.118149
504.7,253.23,-0.115672,-0.122638
504.7,255.5,-0.117684,-0.12688
504.7,257.78,-0.119847,-0.13167
504.7,259.88,-0.121596,-0.136079
504.7,262.15,-0.123411,-0.140996
504.7,264.43,-0.126581,-0.145484
504.7,266.7,-0.128774,-0.149736
504.7,268.8,-0.131572,-0.155373
504.7,271.08,-0.134779,-0.160253
504.7,273.18,-0.138143,-0.165195
504.7,275.45,-0.14168,-0.172175
504.7,277.73,-0.146473,-0.178784
504.7,279.83,-0.15057,-0.185626
504.7,282.1,-0.154859,-0.194005
504.7,284.38,-0.160164,-0.202542
504.7,286.65,-0.165487,-0.211605
504.7,288.75,-0.172046,-0.220888
504.7,291.03,-0.178633,-0.229221
504.7,293.3,-0.18521,-0.239067
504.7,295.4,-0.192567,-0.247992
504.7,297.68,-0.199261,-0.257101
504.7,299.78,-0.208066,-0.267141
504.7,302.05,-0.219052,-0.275878
504.7,304.33,-0.229745,-0.286085
504.7,306.43,-0.242018,-0.295401
504.7,308.7,-0.25476,-0.303238
504.7,310.98,-0.267995,-0.31065
504.7,313.08,-0.282098,-0.316245
504.7,315.35,-0.295884,-0.32021
504.7,317.63,-0.310413,-0.322582
504.7,319.73,-0.324073,-0.322918
504.7,322.0,-0.338253,-0.321149
504.7,324.28,-0.352671,-0.317573
504.7,326.38,-0.367212,-0.312212
504.7,328.65,-0.381956,-0.303857
504.7,330.93,-0.396146,-0.293922
504.7,333.03,-0.408833,-0.28187
504.7,335.3,-0.42078,-0.268716
504.7,337.58,-0.43134,-0.254196
504.7,339.85,-0.440727,-0.238956
504.7,341.95,-0.447896,-0.223611
504.7,344.23,-0.453102,-0.207061
504.7,346.5,-0.456824,-0.190552
504.7,348.6,-0.456867,-0.175475
504.7,350.7,-0.456294,-0.160943
504.7,352.98,-0.454159,-0.147413
504.7,355.25,-0.450126,-0.134449
504.7,357.53,-0.444473,-0.122973
504.7,359.63,-0.438133,-0.112077
504.7,361.9,-0.430108,-0.103374
504.7,364.18,-0.421377,-0.095771
504.7,366.28,-0.411661,-0.089434
504.7,368.55,-0.399972,-0.084825
504.7,370.83,-0.387517,-0.081566
504.7,372.93,-0.372711,-0.079418
504.7,375.2,-0.358016,-0.078118
504.7,377.48,-0.34268,-0.077613
504.7,379.58,-0.326698,-0.078023
504.7,381.85,-0.3111,-0.079317
504.7,384.13,-0.295527,-0.080672
504.7,386.23,-0.280167,-0.082493
504.7,388.5,-0.265992,-0.084178
504.7,390.6,-0.252687,-0.087031
504.7,392.88,-0.240817,-0.089914
504.7,395.15,-0.230281,-0.092949
504.7,397.25,-0.219289,-0.095543
504.7,399.53,-0.208063,-0.096797
504.7,401.63,-0.196057,-0.097672
504.7,403.9,-0.183494,-0.098636
504.7,406.18,-0.17172,-0.099015
504.7,408.45,-0.162675,-0.099175
504.7,410.73,-0.153731,-0.100758
504.7,412.83,-0.147308,-0.102015
504.7,415.1,-0.140657,-0.102404
504.7,417.2,-0.134591,-0.102745
504.7,419.48,-0.128734,-0.103309
504.7,421.75,-0.122484,-0.102906
504.7,423.85,-0.116753,-0.102376
504.7,426.13,-0.111045,-0.101664
504.7,428.4,-0.105189,-0.10066
504.7,430.5,-0.098355,-0.099301
504.7,432.78,-0.091661,-0.098084
504.7,434.88,-0.085115,-0.096994
504.7,437.15,-0.079384,-0.095025
504.7,439.43,-0.074656,-0.093734
504.7,441.7,-0.072022,-0.093063
504.7,443.8,-0.070518,-0.092709
504.7,446.08,-0.069828,-0.093399
504.7,448.35,-0.069434,-0.094129
504.7,450.45,-0.067669,-0.095096
504.7,452.73,-0.066208,-0.095543
504.7,455.0,-0.063337,-0.095235
504.7,457.1,-0.059514,-0.093694
504.7,459.38,-0.055435,-0.092163
504.7,461.65,-0.05054,-0.090993
504.7,463.75,-0.04615,-0.089307
504.7,466.03,-0.042182,-0.089237
504.7,468.3,-0.039665,-0.089616
504.7,470.4,-0.037555,-0.09119
504.7,472.68,-0.036812,-0.093559
504.7,474.78,-0.0366,-0.096076
504.7,477.05,-0.036325,-0.099286
504.7,479.33,-0.036214,-0.102099
504.7,481.43,-0.035355,-0.104822
504.7,483.7,-0.033316,-0.107835
504.7,485.98,-0.02973,-0.109908
504.7,488.25,-0.026674,-0.111353
504.7,490.35,-0.022749,-0.113953
504.7,492.63,-0.019887,-0.116519
504.7,494.9,-0.016523,-0.118596
504.7,497.18,-0.014187,-0.120925
504.7,499.28,-0.011538,-0.123432
504.7,501.55,-0.008772,-0.125259
504.7,503.65,-0.005922,-0.126599
504.7,505.93,-0.00241,-0.126877
504.7,508.2,0.000883,-0.126858
504.7,510.3,0.003739,-0.125238
504.7,512.58,0.005323,-0.123254
504.7,514.85,0.006127,-0.120493
504.7,516.95,0.005387,-0.115842
504.7,519.23,0.004232,-0.111652
504.7,521.5,0.001262,-0.107246
504.7,523.6,-0.003272,-0.100558
504.7,525.88,-0.008309,-0.093799
504.7,528.15,-0.012736,-0.086211
504.7,530.25,-0.017838,-0.077518
504.7,532.53,-0.024748,-0.068426
504.7,534.8,-0.030044,-0.059428
504.7,536.9,-0.036661,-0.050404
504.7,539.18,-0.043094,-0.041482
504.7,541.45,-0.047801,-0.032074
504.7,543.55,-0.05261,-0.021439
504.7,545.83,-0.055697,-0.011837
504.7,547.93,-0.058553,-0.001458
504.7,550.38,-0.062776,0.007636
504.7,552.48,-0.066088,0.015209
504.7,554.75,-0.070373,0.020526
504.7,557.03,-0.073941,0.025089
504.7,559.3,-0.077878,0.028542
504.7,561.4,-0.080413,0.031472
504.7,563.68,-0.081698,0.033638
504.7,565.78,-0.082841,0.035129
504.7,568.05,-0.083673,0.037485
504.7,570.33,-0.082989,0.038379
504.7,572.6,-0.081097,0.040036
504.7,574.88,-0.078944,0.040732
504.7,576.98,-0.076818,0.041216
504.7,579.25,-0.074335,0.040643
504.7,581.53,-0.071273,0.039417
504.7,583.63,-0.068275,0.037633
504.7,585.9,-0.065608,0.035665
504.7,588.18,-0.062964,0.033037
504.7,590.28,-0.05977,0.030301
504.7,592.55,-0.057277,0.028631
504.7,594.83,-0.053744,0.02637
504.7,596.93,-0.051162,0.02442
504.7,599.2,-0.049197,0.022285
504.7,601.48,-0.046627,0.020033
504.7,603.58,-0.045478,0.018074
504.7,605.85,-0.044351,0.016789
504.7,608.13,-0.043128,0.015424
504.7,610.4,-0.042807,0.01405
504.7,612.68,-0.042592,0.011956
504.7,614.78,-0.042163,0.009904
504.7,617.05,-0.043017,0.007957
504.7,619.33,-0.043011,0.006053
504.7,621.43,-0.043389,0.004195
504.7,623.7,-0.044619,0.002017
504.7,625.98,-0.045226,-0.000725
504.7,628.08,-0.045287,-0.003143
504.7,630.35,-0.045506,-0.004548
504.7,632.63,-0.04566,-0.005528
504.7,634.9,-0.045053,-0.006233
504.7,637.18,-0.044803,-0.0066
504.7,639.28,-0.04538,-0.007475
504.7,641.55,-0.046689,-0.008941
504.7,643.83,-0.047459,-0.009847
504.7,645.93,-0.047872,-0.010216
504.7,648.2,-0.048855,-0.010423
504.7,650.48,-0.050158,-0.011553
504.7,652.75,-0.05232,-0.013399
504.7,655.03,-0.05529,-0.01546
504.7,657.13,-0.058245,-0.018781
504.7,659.4,-0.061806,-0.021529
504.7,661.68,-0.065075,-0.025749
504.7,663.95,-0.068962,-0.029055
504.7,666.05,-0.072459,-0.031162
504.7,668.33,-0.074696,-0.033007
504.7,670.6,-0.077259,-0.033328
504.7,672.7,-0.078223,-0.034446
504.7,674.98,-0.080552,-0.035296
504.7,677.25,-0.081951,-0.036566
504.7,679.35,-0.084058,-0.037927
504.7,681.63,-0.085789,-0.039736
504.7,683.73,-0.088617,-0.0411
504.7,686.0,-0.091199,-0.04306
504.7,688.1,-0.094899,-0.044927
540.75,11.55,-0.084489,-0.049403
540.75,13.83,-0.08297,-0.045925
540.75,16.1,-0.081217,-0.042545
540.75,18.2,-0.082345,-0.040075
540.75,20.48,-0.082949,-0.037792
540.75,22.75,-0.084153,-0.036476
540.75,24.85,-0.08582,-0.035715
540.75,27.13,-0.087804,-0.035278
540.75,29.23,-0.088882,-0.034169
540.75,31.5,-0.088041,-0.033633
540.75,33.78,-0.085691,-0.033275
540.75,35.88,-0.081553,-0.032853
540.75,38.15,-0.076181,-0.032176
540.75,40.43,-0.072739,-0.030968
540.75,42.53,-0.070734,-0.030968
540.75,44.8,-0.070586,-0.031178
540.75,47.08,-0.071794,-0.032416
540.75,49.35,-0.074274,-0.034283
540.75,51.63,-0.078534,-0.036744
540.75,53.73,-0.08379,-0.038845
540.75,56.0,-0.088238,-0.040731
540.75,58.28,-0.092847,-0.043476
540.75,60.38,-0.097724,-0.046507
540.75,62.65,-0.101633,-0.049847
540.75,64.93,-0.105201,-0.053069
540.75,67.03,-0.107977,-0.056045
540.75,69.3,-0.110472,-0.05871
540.75,71.58,-0.112256,-0.062188
540.75,73.68,-0.112668,-0.065842
540.75,75.95,-0.114107,-0.068808
540.75,78.05,-0.115269,-0.072268
540.75,80.33,-0.117554,-0.07684
540.75,82.43,-0.120253,-0.081119
540.75,84.88,-0.123263,-0.084964
540.75,86.98,-0.126988,-0.090253
540.75,89.25,-0.130034,-0.095287
540.75,91.53,-0.132826,-0.099991
540.75,93.63,-0.135524,-0.10602
540.75,95.9,-0.137145,-0.110721
540.75,98.18,-0.138457,-0.11651
540.75,100.28,-0.138737,-0.122653
540.75,102.55,-0.138448,-0.127647
540.75,104.83,-0.137847,-0.133451
540.75,107.1,-0.136664,-0.139233
540.75,109.2,-0.135016,-0.145136
540.75,111.48,-0.133374,-0.150641
540.75,113.75,-0.13074,-0.15672
540.75,115.85,-0.127936,-0.162551
540.75,118.13,-0.126113,-0.168198
540.75,120.23,-0.122693,-0.174443
540.75,122.68,-0.119785,-0.179785
540.75,124.78,-0.117237,-0.183913
540.75,127.05,-0.113855,-0.188164
540.75,129.33,-0.110718,-0.191581
540.75,131.43,-0.108371,-0.193238
540.75,133.7,-0.104588,-0.193559
540.75,135.98,-0.101168,-0.190872
540.75,138.08,-0.097622,-0.186322
540.75,140.35,-0.094911,-0.179837
540.75,142.45,-0.093405,-0.170564
540.75,144.73,-0.092816,-0.159967
540.75,146.83,-0.094372,-0.147899
540.75,149.1,-0.09757,-0.134153
540.75,151.38,-0.102958,-0.120493
540.75,153.48,-0.108208,-0.106837
540.75,155.75,-0.116094,-0.092795
540.75,158.03,-0.124206,-0.079998
540.75,160.3,-0.13485,-0.066532
540.75,162.4,-0.144572,-0.055259
540.75,164.68,-0.155364,-0.043913
540.75,166.95,-0.166756,-0.033491
540.75,169.23,-0.178321,-0.025266
540.75,171.5,-0.188978,-0.018599
540.75,173.6,-0.199461,-0.013285
540.75,175.88,-0.208814,-0.010475
540.75,177.98,-0.217761,-0.009372
540.75,180.25,-0.22643,-0.010598
540.75,182.35,-0.23313,-0.013725
540.75,184.63,-0.240493,-0.018232
540.75,186.9,-0.246581,-0.024458
540.75,189.0,-0.252696,-0.031415
540.75,191.28,-0.257856,-0.039246
540.75,193.55,-0.262551,-0.046997
540.75,195.65,-0.26679,-0.056624
540.75,197.93,-0.271103,-0.065201
540.75,200.03,-0.273777,-0.074831
540.75,202.3,-0.277332,-0.083811
540.75,204.58,-0.280644,-0.09363
540.75,206.85,-0.285099,-0.102721
540.75,208.95,-0.290392,-0.11107
540.75,211.23,-0.29512,-0.120312
540.75,213.5,-0.30232,-0.127773
540.75,215.78,-0.308327,-0.134714
540.75,218.05,-0.314347,-0.141066
540.75,220.15,-0.319396,-0.146455
540.75,222.43,-0.323537,-0.150906
540.75,224.53,-0.32736,-0.155614
540.75,226.8,-0.32915,-0.16029
540.75,229.08,-0.331556,-0.163793
540.75,231.18,-0.334048,-0.167009
540.75,233.45,-0.336082,-0.170327
540.75,235.73,-0.339886,-0.173201
540.75,237.83,-0.343414,-0.17582
540.75,240.1,-0.346852,-0.178922
540.75,242.2,-0.350034,-0.182289
540.75,244.48,-0.354369,-0.184418
540.75,246.75,-0.358426,-0.187043
540.75,248.85,-0.363448,-0.189424
540.75,251.13,-0.367696,-0.190863
540.75,253.4,-0.372107,-0.192878
540.75,255.5,-0.37683,-0.194886
540.75,257.78,-0.38134,-0.196501
540.75,259.7,-0.386273,-0.197998
540.75,262.33,-0.391704,-0.19956
540.75,264.43,-0.39634,-0.201636
540.75,266.7,-0.400792,-0.203611
540.75,268.98,-0.405576,-0.205792
540.75,271.25,-0.410786,-0.208195
540.75,273.35,-0.415755,-0.210962
540.75,275.63,-0.422237,-0.213331
540.75,277.9,-0.428109,-0.215974
540.75,280.0,-0.435693,-0.217699
540.75,282.28,-0.442212,-0.220641
540.75,284.38,-0.449455,-0.222933
540.75,286.65,-0.456257,-0.225909
540.75,288.75,-0.462982,-0.228288
540.75,291.03,-0.469476,-0.231495
540.75,293.3,-0.475755,-0.234162
540.75,295.4,-0.482166,-0.237203
540.75,297.5,-0.488509,-0.240228
540.75,299.78,-0.494717,-0.242517
540.75,302.05,-0.501423,-0.245524
540.75,304.33,-0.508367,-0.247431
540.75,306.43,-0.516602,-0.249289
540.75,308.7,-0.52443,-0.250724
540.75,310.98,-0.534002,-0.250801
540.75,313.08,-0.542107,-0.251501
540.75,315.35,-0.551066,-0.250392
540.75,317.45,-0.560299,-0.248568
540.75,319.73,-0.568324,-0.245598
540.75,322.0,-0.577015,-0.242012
540.75,324.28,-0.585129,-0.237425
540.75,326.38,-0.592883,-0.23143
540.75,328.65,-0.598928,-0.225262
540.75,330.75,-0.605252,-0.217323
540.75,333.03,-0.61048,-0.208913
540.75,335.13,-0.614793,-0.199517
540.75,337.58,-0.617776,-0.189541
540.75,339.68,-0.620342,-0.179092
540.75,341.95,-0.621183,-0.16928
540.75,344.05,-0.620323,-0.159437
540.75,346.33,-0.6191,-0.150124
540.75,348.6,-0.616451,-0.141224
540.75,350.7,-0.612452,-0.134314
540.75,352.98,-0.607677,-0.126874
540.75,355.25,-0.601602,-0.121609
540.75,357.35,-0.594898,-0.11635
540.75,359.63,-0.586519,-0.112619
540.75,361.73,-0.577206,-0.110318
540.75,364.0,-0.567563,-0.109215
540.75,366.28,-0.556731,-0.109055
540.75,368.55,-0.545807,-0.109825
540.75,370.65,-0.533604,-0.111245
540.75,373.1,-0.519479,-0.114517
540.75,375.2,-0.50642,-0.11769
540.75,377.48,-0.492671,-0.122037
540.75,379.75,-0.478309,-0.12623
540.75,382.03,-0.462804,-0.131264
540.75,384.13,-0.44874,-0.13546
540.75,386.4,-0.434439,-0.139147
540.75,388.5,-0.420795,-0.143322
540.75,390.78,-0.406907,-0.146541
540.75,393.05,-0.393565,-0.148888
540.75,395.15,-0.380549,-0.151285
540.75,397.43,-0.365986,-0.153546
540.75,399.7,-0.35244,-0.154893
540.75,401.8,-0.337687,-0.156168
540.75,404.08,-0.324772,-0.157114
540.75,406.35,-0.310653,-0.15781
540.75,408.45,-0.29829,-0.157807
540.75,410.73,-0.286636,-0.158013
540.75,413.0,-0.274988,-0.157601
540.75,415.1,-0.263189,-0.156584
540.75,417.38,-0.251205,-0.155355
540.75,419.65,-0.240804,-0.153691
540.75,421.75,-0.231032,-0.15135
540.75,424.03,-0.222545,-0.149033
540.75,426.3,-0.214668,-0.147434
540.75,428.4,-0.207699,-0.145118
540.75,430.68,-0.200875,-0.143947
540.75,432.95,-0.195195,-0.142154
540.75,435.05,-0.189018,-0.140718
540.75,437.33,-0.182625,-0.138697
540.75,439.6,-0.175638,-0.136261
540.75,441.88,-0.166652,-0.134092
540.75,443.98,-0.158873,-0.13057
540.75,446.25,-0.150771,-0.127755
540.75,448.35,-0.145829,-0.125028
540.75,450.63,-0.140299,-0.123731
540.75,452.9,-0.135518,-0.121014
540.75,455.0,-0.131581,-0.119283
540.75,457.28,-0.12684,-0.116834
540.75,459.55,-0.121233,-0.114391
540.75,461.65,-0.11607,-0.112197
540.75,463.93,-0.110697,-0.111187
540.75,466.2,-0.105034,-0.109788
540.75,468.3,-0.099572,-0.108488
540.75,470.58,-0.092336,-0.107296
540.75,472.68,-0.085734,-0.106412
540.75,475.13,-0.079859,-0.106051
540.75,477.4,-0.074945,-0.10651
540.75,479.5,-0.071513,-0.10671
540.75,481.78,-0.068423,-0.107022
540.75,484.05,-0.065546,-0.106433
540.75,486.33,-0.063953,-0.107052
540.75,488.43,-0.061541,-0.108014
540.75,490.7,-0.060586,-0.108556
540.75,492.8,-0.058245,-0.109301
540.75,495.08,-0.056701,-0.109181
540.75,497.35,-0.054277,-0.11053
540.75,499.45,-0.052493,-0.110641
540.75,501.73,-0.050675,-0.11041
540.75,504.0,-0.047548,-0.110192
540.75,506.1,-0.043402,-0.109116
540.75,508.38,-0.04001,-0.107305
540.75,510.65,-0.037154,-0.104736
540.75,512.75,-0.034431,-0.102927
540.75,515.03,-0.033423,-0.100013
540.75,517.3,-0.032401,-0.097363
540.75,519.58,-0.033235,-0.094591
540.75,521.68,-0.035589,-0.090306
540.75,523.95,-0.037428,-0.086396
540.75,526.23,-0.041104,-0.083026
540.75,528.33,-0.043944,-0.076864
540.75,530.6,-0.045444,-0.070851
540.75,532.7,-0.047191,-0.063661
540.75,534.98,-0.048396,-0.056633
540.75,537.25,-0.04907,-0.048895
540.75,539.35,-0.050432,-0.040706
540.75,541.63,-0.051221,-0.03383
540.75,543.9,-0.052484,-0.026104
540.75,546.0,-0.054271,-0.019036
540.75,548.28,-0.056871,-0.012419
540.75,550.38,-0.058319,-0.006245
540.75,552.65,-0.059477,-1e-06
540.75,554.75,-0.06005,0.005532
540.75,557.03,-0.059471,0.010369
540.75,559.3,-0.058377,0.015575
540.75,561.58,-0.057123,0.019158
540.75,563.85,-0.055697,0.02259
540.75,565.95,-0.053956,0.026386
540.75,568.23,-0.051396,0.02828
540.75,570.5,-0.049369,0.030369
540.75,572.6,-0.046735,0.03121
540.75,574.88,-0.044126,0.030831
540.75,577.15,-0.043161,0.031084
540.75,579.43,-0.042622,0.029734
540.75,581.53,-0.041335,0.028391
540.75,583.8,-0.041556,0.027427
540.75,585.9,-0.041261,0.026161
540.75,588.18,-0.041717,0.02377
540.75,590.45,-0.042515,0.021093
540.75,592.73,-0.044311,0.017797
540.75,594.83,-0.046621,0.014528
540.75,597.1,-0.04916,0.010726
540.75,599.38,-0.051174,0.007658
540.75,601.48,-0.053362,0.004426
540.75,603.75,-0.05554,0.00088
540.75,606.03,-0.058272,-0.003189
540.75,608.13,-0.062246,-0.007256
540.75,610.4,-0.067314,-0.010792
540.75,612.5,-0.072459,-0.016406
540.75,614.78,-0.079431,-0.021646
540.75,617.05,-0.087558,-0.027872
540.75,619.15,-0.096005,-0.033617
540.75,621.43,-0.104834,-0.039526
540.75,623.7,-0.112835,-0.045121
540.75,625.8,-0.121039,-0.050561
540.75,628.08,-0.129572,-0.055238
540.75,630.35,-0.138774,-0.059686
540.75,632.63,-0.149067,-0.065247
540.75,634.73,-0.159126,-0.069964
540.75,637.0,-0.169458,-0.074853
540.75,639.28,-0.180774,-0.080543
540.75,641.38,-0.191328,-0.085155
540.75,643.65,-0.201402,-0.090506
540.75,645.75,-0.210419,-0.09554
540.75,648.03,-0.219606,-0.099015
540.75,650.3,-0.227936,-0.103457
540.75,652.4,-0.236572,-0.106818
540.75,654.68,-0.244415,-0.11009
540.75,656.78,-0.252628,-0.112219
540.75,659.05,-0.260241,-0.114643
540.75,661.33,-0.268368,-0.117031
540.75,663.43,-0.275607,-0.119021
540.75,665.7,-0.283405,-0.121797
540.75,667.98,-0.291072,-0.123306
540.75,670.08,-0.298854,-0.124766
540.75,672.35,-0.305795,-0.125842
540.75,674.63,-0.313287,-0.12716
540.75,676.9,-0.320139,-0.128688
540.75,679.0,-0.327089,-0.128938
540.75,681.28,-0.333716,-0.129797
540.75,683.55,-0.339982,-0.130614
540.75,685.83,-0.346066,-0.131097
540.75,687.93,-0.350395,-0.132034
576.8,11.55,-0.112973,-0.003235
576.8,13.83,-0.116202,-0.006911
576.8,16.1,-0.119831,-0.010349
576.8,18.38,-0.122311,-0.01306
576.8,20.48,-0.124326,-0.015509
576.8,22.75,-0.126445,-0.017736
576.8,25.03,-0.128525,-0.018414
576.8,27.13,-0.129612,-0.020139
576.8,29.4,-0.130115,-0.020755
576.8,31.68,-0.130272,-0.020417
576.8,33.95,-0.128842,-0.020549
576.8,36.05,-0.126717,-0.020266
576.8,38.33,-0.124822,-0.018999
576.8,40.43,-0.124646,-0.018448
576.8,42.7,-0.125743,-0.018818
576.8,44.8,-0.127179,-0.020802
576.8,47.08,-0.130512,-0.022182
576.8,49.35,-0.13415,-0.024785
576.8,51.45,-0.138297,-0.028054
576.8,53.73,-0.143066,-0.030626
576.8,55.83,-0.147308,-0.0342
576.8,58.1,-0.151439,-0.036535
576.8,60.38,-0.156485,-0.039945
576.8,62.48,-0.162326,-0.044033
576.8,64.75,-0.168642,-0.047277
576.8,67.03,-0.175903,-0.051852
576.8,69.3,-0.182462,-0.056575
576.8,71.4,-0.189027,-0.059927
576.8,73.68,-0.195456,-0.064341
576.8,75.78,-0.202733,-0.069141
576.8,78.05,-0.210974,-0.073038
576.8,80.33,-0.219024,-0.077875
576.8,82.43,-0.228466,-0.083285
576.8,84.7,-0.237973,-0.087715
576.8,86.98,-0.247616,-0.093753
576.8,89.08,-0.257835,-0.098577
576.8,91.35,-0.268574,-0.104856
576.8,93.45,-0.279489,-0.110321
576.8,95.9,-0.290361,-0.115216
576.8,98.0,-0.301661,-0.120651
576.8,100.28,-0.31212,-0.125497
576.8,102.55,-0.321575,-0.131125
576.8,104.65,-0.330222,-0.136338
576.8,106.93,-0.337594,-0.141365
576.8,109.2,-0.344766,-0.145614
576.8,111.48,-0.350006,-0.150296
576.8,113.75,-0.353731,-0.154868
576.8,116.03,-0.356932,-0.159375
576.8,118.13,-0.35891,-0.163928
576.8,120.4,-0.359375,-0.169175
576.8,122.68,-0.358996,-0.173306
576.8,124.78,-0.356618,-0.176932
576.8,127.05,-0.354042,-0.179717
576.8,129.33,-0.349101,-0.181914
576.8,131.43,-0.342856,-0.183149
576.8,133.7,-0.335931,-0.18261
576.8,135.98,-0.327406,-0.181134
576.8,138.08,-0.319492,-0.177822
576.8,140.35,-0.311162,-0.173898
576.8,142.63,-0.304168,-0.168029
576.8,144.9,-0.298029,-0.16119
576.8,147.0,-0.292717,-0.152862
576.8,149.28,-0.289689,-0.143799
576.8,151.55,-0.287431,-0.133953
576.8,153.65,-0.28606,-0.123645
576.8,155.93,-0.286873,-0.113469
576.8,158.2,-0.289396,-0.104249
576.8,160.3,-0.292986,-0.094104
576.8,162.58,-0.298284,-0.085423
576.8,164.68,-0.305626,-0.07704
576.8,166.95,-0.31354,-0.070564
576.8,169.23,-0.32325,-0.065053
576.8,171.33,-0.33395,-0.060404
576.8,173.6,-0.343897,-0.057832
576.8,175.88,-0.355509,-0.05627
576.8,177.98,-0.366189,-0.056492
576.8,180.25,-0.376978,-0.058121
576.8,182.53,-0.386827,-0.060016
576.8,184.63,-0.396436,-0.063759
576.8,186.73,-0.403722,-0.067062
576.8,189.18,-0.411239,-0.071224
576.8,191.28,-0.418118,-0.075694
576.8,193.55,-0.424609,-0.08062
576.8,195.65,-0.431947,-0.08533
576.8,197.93,-0.438528,-0.089874
576.8,200.2,-0.44553,-0.094843
576.8,202.3,-0.452218,-0.099338
576.8,204.58,-0.458737,-0.103969
576.8,206.68,-0.465385,-0.107465
576.8,208.95,-0.471275,-0.111171
576.8,211.23,-0.476627,-0.114501
576.8,213.33,-0.481547,-0.118198
576.8,215.43,-0.48638,-0.120903
576.8,217.88,-0.489402,-0.123633
576.8,219.98,-0.492437,-0.125903
576.8,222.25,-0.494892,-0.128106
576.8,224.53,-0.498028,-0.12952
576.8,226.63,-0.500967,-0.131273
576.8,228.9,-0.503549,-0.133152
576.8,231.0,-0.506297,-0.134763
576.8,233.28,-0.50911,-0.135755
576.8,235.38,-0.511106,-0.136809
576.8,237.65,-0.513672,-0.138094
576.8,239.93,-0.516408,-0.138472
576.8,242.2,-0.519738,-0.138965
576.8,244.48,-0.523534,-0.139005
576.8,246.58,-0.526442,-0.139252
576.8,248.85,-0.529541,-0.139733
576.8,251.13,-0.532203,-0.139985
576.8,253.23,-0.536094,-0.139757
576.8,255.5,-0.539187,-0.141116
576.8,257.78,-0.542825,-0.141584
576.8,259.88,-0.546608,-0.142471
576.8,262.15,-0.550912,-0.142588
576.8,264.43,-0.555453,-0.142909
576.8,266.53,-0.559775,-0.142789
576.8,268.8,-0.563909,-0.142912
576.8,271.08,-0.567631,-0.143035
576.8,273.35,-0.572042,-0.143288
576.8,275.45,-0.576075,-0.143448
576.8,277.73,-0.579901,-0.144039
576.8,279.83,-0.584005,-0.143962
576.8,282.1,-0.589054,-0.14419
576.8,284.38,-0.593401,-0.145398
576.8,286.65,-0.597498,-0.145185
576.8,288.75,-0.602116,-0.146365
576.8,291.03,-0.606608,-0.147314
576.8,293.3,-0.611377,-0.148115
576.8,295.4,-0.615484,-0.14928
576.8,297.68,-0.619596,-0.1507
576.8,299.78,-0.624196,-0.151676
576.8,302.05,-0.628481,-0.152764
576.8,304.33,-0.632674,-0.153836
576.8,306.6,-0.636596,-0.15476
576.8,308.7,-0.641494,-0.155037
576.8,310.98,-0.645194,-0.156375
576.8,313.08,-0.650052,-0.156125
576.8,315.35,-0.654026,-0.156264
576.8,317.63,-0.658647,-0.155379
576.8,319.9,-0.663256,-0.154135
576.8,322.18,-0.667597,-0.152234
576.8,324.28,-0.671629,-0.149477
576.8,326.55,-0.67488,-0.146978
576.8,328.65,-0.678084,-0.143174
576.8,330.93,-0.681146,-0.138802
576.8,333.2,-0.683589,-0.134261
576.8,335.3,-0.685884,-0.129434
576.8,337.58,-0.687061,-0.124042
576.8,339.85,-0.687815,-0.118744
576.8,341.95,-0.687954,-0.112933
576.8,344.23,-0.687446,-0.107151
576.8,346.33,-0.685557,-0.101593
576.8,348.6,-0.682982,-0.096532
576.8,350.88,-0.67967,-0.092246
576.8,352.98,-0.67471,-0.088596
576.8,355.43,-0.668995,-0.085056
576.8,357.7,-0.66268,-0.084234
576.8,359.98,-0.655986,-0.08314
576.8,362.08,-0.647714,-0.083087
576.8,364.35,-0.63894,-0.0842
576.8,366.63,-0.629103,-0.085731
576.8,368.73,-0.619103,-0.088029
576.8,371.0,-0.608484,-0.091202
576.8,373.1,-0.596565,-0.095062
576.8,375.38,-0.583574,-0.099033
576.8,377.48,-0.56927,-0.103741
576.8,379.75,-0.555428,-0.108821
576.8,382.03,-0.542178,-0.113525
576.8,384.13,-0.528623,-0.117804
576.8,386.4,-0.514686,-0.12326
576.8,388.68,-0.500665,-0.12741
576.8,390.78,-0.487052,-0.131288
576.8,393.05,-0.471494,-0.134868
576.8,395.33,-0.456081,-0.138087
576.8,397.43,-0.442329,-0.14111
576.8,399.7,-0.428401,-0.143821
576.8,401.98,-0.415348,-0.145712
576.8,404.08,-0.40272,-0.14667
576.8,406.35,-0.389507,-0.147052
576.8,408.63,-0.377061,-0.14716
576.8,410.73,-0.363278,-0.147197
576.8,413.0,-0.350869,-0.14659
576.8,415.1,-0.338136,-0.146291
576.8,417.38,-0.325906,-0.145487
576.8,419.65,-0.314138,-0.144021
576.8,421.93,-0.30232,-0.143035
576.8,424.03,-0.290934,-0.141633
576.8,426.3,-0.279899,-0.139144
576.8,428.58,-0.268833,-0.137635
576.8,430.68,-0.258232,-0.135429
576.8,432.95,-0.248411,-0.132906
576.8,435.23,-0.238241,-0.130968
576.8,437.33,-0.228087,-0.127958
576.8,439.6,-0.218537,-0.12602
576.8,441.88,-0.211525,-0.12355
576.8,443.98,-0.203728,-0.122425
576.8,446.25,-0.197742,-0.12111
576.8,448.53,-0.191753,-0.119295
576.8,450.8,-0.185272,-0.117807
576.8,453.08,-0.179175,-0.116988
576.8,455.18,-0.172018,-0.114803
576.8,457.45,-0.165127,-0.112243
576.8,459.55,-0.156507,-0.110817
576.8,461.83,-0.149769,-0.108171
576.8,464.1,-0.14248,-0.106054
576.8,466.38,-0.135835,-0.10533
576.8,468.65,-0.131658,-0.103996
576.8,470.75,-0.126698,-0.103941
576.8,473.03,-0.124073,-0.104465
576.8,475.13,-0.120238,-0.105737
576.8,477.4,-0.117305,-0.10627
576.8,479.68,-0.113771,-0.107687
576.8,481.78,-0.109816,-0.108657
576.8,484.05,-0.106082,-0.109551
576.8,486.33,-0.103697,-0.110349
576.8,488.43,-0.101184,-0.112253
576.8,490.7,-0.099649,-0.114634
576.8,492.98,-0.098291,-0.117678
576.8,495.08,-0.096963,-0.120441
576.8,497.35,-0.095996,-0.122675
576.8,499.63,-0.09395,-0.124138
576.8,501.9,-0.089446,-0.125709
576.8,504.0,-0.082533,-0.125287
576.8,506.28,-0.07505,-0.124209
576.8,508.55,-0.068337,-0.123343
576.8,510.65,-0.06367,-0.123248
576.8,512.93,-0.061673,-0.123337
576.8,515.2,-0.061578,-0.123741
576.8,517.3,-0.062231,-0.125099
576.8,519.58,-0.064348,-0.12582
576.8,521.85,-0.066221,-0.125016
576.8,523.95,-0.068223,-0.123208
576.8,526.23,-0.069699,-0.121159
576.8,528.5,-0.069884,-0.116975
576.8,530.78,-0.069868,-0.112558
576.8,533.05,-0.069825,-0.108916
576.8,535.33,-0.071131,-0.105281
576.8,537.43,-0.071978,-0.100604
576.8,539.88,-0.072453,-0.096125
576.8,541.98,-0.072385,-0.091338
576.8,544.25,-0.071889,-0.086553
576.8,546.53,-0.071978,-0.08281
576.8,548.98,-0.072786,-0.078778
576.8,551.25,-0.07342,-0.076036
576.8,553.53,-0.073685,-0.073528
576.8,555.63,-0.073198,-0.071017
576.8,557.9,-0.072339,-0.068032
576.8,560.0,-0.070266,-0.065688
576.8,562.28,-0.067789,-0.062989
576.8,564.55,-0.065413,-0.060974
576.8,566.65,-0.062548,-0.060149
576.8,568.93,-0.059954,-0.059341
576.8,571.2,-0.058827,-0.059138
576.8,573.48,-0.056868,-0.060558
576.8,575.58,-0.054945,-0.062798
576.8,577.85,-0.053482,-0.065176
576.8,580.13,-0.052733,-0.068596
576.8,582.23,-0.052068,-0.072089
576.8,584.5,-0.053155,-0.077293
576.8,586.6,-0.055355,-0.082921
576.8,588.88,-0.058417,-0.088322
576.8,591.15,-0.06224,-0.094659
576.8,593.25,-0.06716,-0.100315
576.8,595.53,-0.072447,-0.107388
576.8,597.8,-0.078793,-0.113845
576.8,600.08,-0.085977,-0.120857
576.8,602.18,-0.095118,-0.128115
576.8,604.45,-0.106701,-0.1359
576.8,606.73,-0.118054,-0.143722
576.8,609.0,-0.13054,-0.151904
576.8,611.1,-0.144338,-0.160592
576.8,613.38,-0.15903,-0.169113
576.8,615.65,-0.174412,-0.176556
576.8,617.75,-0.190638,-0.184662
576.8,620.03,-0.207428,-0.191427
576.8,622.13,-0.22382,-0.198349
576.8,624.4,-0.240844,-0.204199
576.8,626.68,-0.257681,-0.209843
576.8,628.95,-0.275188,-0.214122
576.8,631.05,-0.291889,-0.218552
576.8,633.33,-0.307705,-0.222357
576.8,635.6,-0.323663,-0.225694
576.8,637.7,-0.339969,-0.228784
576.8,639.98,-0.356248,-0.231048
576.8,642.25,-0.372656,-0.233275
576.8,644.53,-0.388743,-0.234896
576.8,646.63,-0.4035,-0.236491
576.8,648.9,-0.418118,-0.237431
576.8,651.18,-0.433118,-0.237939
576.8,653.45,-0.446959,-0.238414
576.8,655.55,-0.46106,-0.237927
576.8,657.83,-0.474372,-0.238183
576.8,660.1,-0.488299,-0.236719
576.8,662.2,-0.499452,-0.235694
576.8,664.48,-0.510702,-0.234125
576.8,666.75,-0.520758,-0.232782
576.8,669.03,-0.530952,-0.230943
576.8,671.13,-0.539587,-0.229458
576.8,673.4,-0.548392,-0.227758
576.8,675.5,-0.555798,-0.225925
576.8,677.78,-0.563259,-0.224621
576.8,680.05,-0.56971,-0.223149
576.8,682.15,-0.575896,-0.220857
576.8,684.43,-0.581334,-0.219378
576.8,686.53,-0.586244,-0.217881
612.85,11.38,-0.094178,-0.052434
612.85,13.48,-0.092209,-0.052625
612.85,15.75,-0.08948,-0.052856
612.85,18.03,-0.087194,-0.052632
612.85,20.13,-0.084116,-0.052194
612.85,22.23,-0.081424,-0.050737
612.85,24.68,-0.077856,-0.048815
612.85,26.6,-0.074304,-0.047724
612.85,29.05,-0.072533,-0.046794
612.85,31.33,-0.07099,-0.045977
612.85,33.6,-0.071054,-0.04607
612.85,35.7,-0.071646,-0.046809
612.85,37.98,-0.07228,-0.047287
612.85,40.25,-0.073608,-0.047866
612.85,42.53,-0.074406,-0.048654
612.85,44.63,-0.074865,-0.049252
612.85,47.08,-0.075925,-0.049465
612.85,49.18,-0.076372,-0.050546
612.85,51.45,-0.076941,-0.050503
612.85,53.73,-0.077323,-0.050903
612.85,55.83,-0.077225,-0.051985
612.85,58.1,-0.077216,-0.053217
612.85,60.2,-0.077542,-0.054197
612.85,62.48,-0.078112,-0.055457
612.85,64.75,-0.078636,-0.056643
612.85,66.85,-0.078528,-0.05842
612.85,69.13,-0.078574,-0.060432
612.85,71.4,-0.078978,-0.061797
612.85,73.5,-0.078836,-0.063747
612.85,75.78,-0.079542,-0.06607
612.85,78.05,-0.079338,-0.068312
612.85,80.15,-0.078907,-0.070842
612.85,82.43,-0.077761,-0.073195
612.85,84.7,-0.076612,-0.076486
612.85,86.8,-0.074689,-0.079585
612.85,89.08,-0.074135,-0.083017
612.85,91.35,-0.072712,-0.086575
612.85,93.63,-0.071131,-0.090404
612.85,95.73,-0.069086,-0.093842
612.85,98.0,-0.06639,-0.098371
612.85,100.28,-0.063165,-0.102598
612.85,102.38,-0.059366,-0.107092
612.85,104.65,-0.056433,-0.111824
612.85,106.93,-0.053426,-0.117927
612.85,109.2,-0.050592,-0.124745
612.85,111.3,-0.04859,-0.1337
612.85,113.58,-0.046375,-0.141587
612.85,115.68,-0.043731,-0.149729
612.85,117.95,-0.041131,-0.156966
612.85,120.23,-0.037062,-0.164427
612.85,122.33,-0.032986,-0.171208
612.85,124.6,-0.029351,-0.176254
612.85,126.7,-0.026455,-0.180081
612.85,128.98,-0.022903,-0.18293
612.85,131.25,-0.02098,-0.18298
612.85,133.35,-0.019385,-0.18273
612.85,135.63,-0.02046,-0.180207
612.85,137.73,-0.02293,-0.176698
612.85,140.0,-0.025906,-0.172065
612.85,142.28,-0.030075,-0.165047
612.85,144.38,-0.036547,-0.155601
612.85,146.65,-0.043898,-0.144914
612.85,148.75,-0.053297,-0.132228
612.85,151.03,-0.063907,-0.11688
612.85,153.3,-0.0755,-0.098805
612.85,155.4,-0.088285,-0.079924
612.85,157.68,-0.100484,-0.059699
612.85,159.95,-0.1129,-0.039622
612.85,162.23,-0.125173,-0.019609
612.85,164.33,-0.136729,-0.000133
612.85,166.6,-0.147274,0.01796
612.85,168.7,-0.157708,0.034888
612.85,170.98,-0.166482,0.04808
612.85,173.25,-0.174902,0.060298
612.85,175.35,-0.181399,0.069189
612.85,177.63,-0.186981,0.075853
612.85,179.73,-0.191171,0.080837
612.85,182.0,-0.193802,0.082023
612.85,184.45,-0.196079,0.082103
612.85,186.55,-0.196328,0.079565
612.85,188.83,-0.194914,0.075449
612.85,191.1,-0.192773,0.070313
612.85,193.2,-0.190074,0.06417
612.85,195.48,-0.187859,0.056312
612.85,197.75,-0.185832,0.047402
612.85,199.85,-0.185034,0.038336
612.85,202.13,-0.184504,0.027741
612.85,204.4,-0.183759,0.017738
612.85,206.5,-0.181867,0.007387
612.85,208.78,-0.179557,-0.002635
612.85,211.05,-0.177838,-0.010962
612.85,213.15,-0.175278,-0.020087
612.85,215.43,-0.173435,-0.026972
612.85,217.7,-0.171661,-0.033839
612.85,219.8,-0.170195,-0.039705
612.85,222.08,-0.16899,-0.04578
612.85,224.35,-0.169113,-0.051467
612.85,226.45,-0.169702,-0.057256
612.85,228.73,-0.17123,-0.062628
612.85,231.0,-0.172832,-0.068802
612.85,233.28,-0.174326,-0.073713
612.85,235.38,-0.17671,-0.078922
612.85,237.65,-0.179628,-0.083762
612.85,239.93,-0.182539,-0.088913
612.85,242.2,-0.186569,-0.093744
612.85,244.3,-0.19013,-0.098848
612.85,246.58,-0.195019,-0.10403
612.85,248.68,-0.199175,-0.108716
612.85,250.95,-0.204227,-0.112875
612.85,253.23,-0.208636,-0.117989
612.85,255.33,-0.21236,-0.122758
612.85,257.6,-0.21655,-0.127487
612.85,259.7,-0.221729,-0.131911
612.85,261.98,-0.227388,-0.135974
612.85,264.25,-0.234698,-0.140906
612.85,266.35,-0.242218,-0.147086
612.85,268.63,-0.25001,-0.151559
612.85,270.73,-0.258115,-0.157816
612.85,273.0,-0.265829,-0.163195
612.85,275.28,-0.274464,-0.168509
612.85,277.55,-0.283078,-0.174797
612.85,279.83,-0.292252,-0.180974
612.85,281.93,-0.301328,-0.1872
612.85,284.2,-0.310194,-0.194104
612.85,286.48,-0.320074,-0.200869
612.85,288.58,-0.330983,-0.208198
612.85,290.85,-0.34293,-0.215804
612.85,293.13,-0.356541,-0.223654
612.85,295.23,-0.371614,-0.230429
612.85,297.5,-0.386205,-0.238174
612.85,299.78,-0.401242,-0.244862
612.85,301.88,-0.41663,-0.250764
612.85,304.15,-0.433152,-0.255641
612.85,306.43,-0.450955,-0.259929
612.85,308.53,-0.468885,-0.263149
612.85,310.8,-0.487523,-0.26448
612.85,313.08,-0.50606,-0.264899
612.85,315.35,-0.523962,-0.263888
612.85,317.45,-0.541568,-0.261889
612.85,319.73,-0.558447,-0.258349
612.85,322.0,-0.575302,-0.25297
612.85,324.1,-0.590884,-0.245749
612.85,326.38,-0.604994,-0.237394
612.85,328.65,-0.618182,-0.227148
612.85,330.75,-0.629698,-0.216069
612.85,333.03,-0.641161,-0.202696
612.85,335.3,-0.649803,-0.189184
612.85,337.4,-0.657831,-0.174994
612.85,339.68,-0.664356,-0.161122
612.85,341.78,-0.669183,-0.146501
612.85,344.05,-0.673154,-0.132397
612.85,346.33,-0.674501,-0.118269
612.85,348.6,-0.674384,-0.104896
612.85,350.7,-0.673367,-0.093183
612.85,352.98,-0.66988,-0.082561
612.85,355.08,-0.664938,-0.073741
612.85,357.35,-0.658709,-0.066683
612.85,359.63,-0.650289,-0.060909
612.85,361.9,-0.640761,-0.057548
612.85,364.0,-0.630114,-0.055133
612.85,366.28,-0.617246,-0.054415
612.85,368.38,-0.603946,-0.055478
612.85,370.65,-0.589082,-0.058269
612.85,372.93,-0.572566,-0.061566
612.85,375.03,-0.556762,-0.065638
612.85,377.3,-0.538937,-0.071495
612.85,379.58,-0.52012,-0.077921
612.85,381.85,-0.501796,-0.083932
612.85,383.95,-0.482905,-0.090426
612.85,386.23,-0.463873,-0.0968
612.85,388.33,-0.444803,-0.102909
612.85,390.6,-0.426759,-0.108602
612.85,392.88,-0.408833,-0.11355
612.85,394.98,-0.391134,-0.118565
612.85,397.25,-0.373626,-0.122604
612.85,399.35,-0.355641,-0.125842
612.85,401.63,-0.338728,-0.128124
612.85,403.9,-0.322499,-0.129705
612.85,406.18,-0.307003,-0.131103
612.85,408.28,-0.291479,-0.131941
612.85,410.55,-0.277437,-0.132108
612.85,412.83,-0.264415,-0.132351
612.85,414.93,-0.252582,-0.131981
612.85,417.2,-0.239954,-0.13123
612.85,419.48,-0.227277,-0.130999
612.85,421.75,-0.216337,-0.130219
612.85,423.85,-0.206522,-0.129674
612.85,426.13,-0.198158,-0.129169
612.85,428.4,-0.19062,-0.129418
612.85,430.5,-0.184193,-0.129871
612.85,432.78,-0.17911,-0.129896
612.85,435.05,-0.174159,-0.130376
612.85,437.15,-0.17013,-0.130934
612.85,439.43,-0.166495,-0.131522
612.85,441.53,-0.162758,-0.131775
612.85,443.8,-0.160481,-0.13269
612.85,446.08,-0.156485,-0.133623
612.85,448.18,-0.153784,-0.133429
612.85,450.45,-0.150426,-0.134566
612.85,452.55,-0.146809,-0.135235
612.85,454.83,-0.144067,-0.135808
612.85,457.1,-0.140875,-0.137946
612.85,459.38,-0.138802,-0.13948
612.85,461.48,-0.135949,-0.14224
612.85,463.58,-0.133885,-0.144082
612.85,466.03,-0.131572,-0.147219
612.85,468.3,-0.129964,-0.149471
612.85,470.4,-0.128408,-0.152761
612.85,472.68,-0.127625,-0.156957
612.85,474.95,-0.127012,-0.160851
612.85,477.05,-0.12627,-0.165419
612.85,479.33,-0.126448,-0.170379
612.85,481.6,-0.126424,-0.175774
612.85,483.88,-0.127964,-0.181747
612.85,485.98,-0.129631,-0.188312
612.85,488.25,-0.13179,-0.195706
612.85,490.53,-0.135099,-0.202878
612.85,492.8,-0.13859,-0.211082
612.85,494.9,-0.141683,-0.218488
612.85,497.18,-0.144797,-0.225499
612.85,499.45,-0.147046,-0.232046
612.85,501.55,-0.148734,-0.23878
612.85,503.83,-0.150706,-0.244458
612.85,506.1,-0.15379,-0.249511
612.85,508.2,-0.156217,-0.253583
612.85,510.48,-0.158155,-0.25663
612.85,512.75,-0.160943,-0.258053
612.85,514.85,-0.164184,-0.259267
612.85,517.13,-0.167955,-0.258783
612.85,519.4,-0.173063,-0.25874
612.85,521.68,-0.178488,-0.256495
612.85,523.78,-0.184042,-0.25435
612.85,526.05,-0.189923,-0.251103
612.85,528.33,-0.197043,-0.247009
612.85,530.6,-0.203851,-0.24249
612.85,532.88,-0.21188,-0.236556
612.85,534.98,-0.218556,-0.23082
612.85,537.25,-0.225731,-0.223546
612.85,539.53,-0.230016,-0.215697
612.85,541.63,-0.232967,-0.208509
612.85,543.9,-0.234535,-0.200222
612.85,546.0,-0.234076,-0.192588
612.85,548.28,-0.232674,-0.185835
612.85,550.55,-0.22992,-0.179397
612.85,552.65,-0.22631,-0.174039
612.85,554.93,-0.221023,-0.168882
612.85,557.2,-0.21501,-0.164834
612.85,559.3,-0.208134,-0.160854
612.85,561.58,-0.201341,-0.15907
612.85,563.85,-0.195496,-0.157521
612.85,565.95,-0.189101,-0.156532
612.85,568.23,-0.182283,-0.15748
612.85,570.5,-0.175737,-0.159702
612.85,572.78,-0.169776,-0.16285
612.85,575.05,-0.164372,-0.167268
612.85,577.33,-0.160148,-0.173861
612.85,579.6,-0.157887,-0.180567
612.85,581.7,-0.156781,-0.187271
612.85,583.98,-0.155956,-0.194951
612.85,586.25,-0.155589,-0.202561
612.85,588.53,-0.156421,-0.210536
612.85,590.63,-0.15651,-0.218106
612.85,592.9,-0.155521,-0.225792
612.85,595.18,-0.155105,-0.23313
612.85,597.28,-0.156214,-0.240102
612.85,599.55,-0.157782,-0.24817
612.85,601.83,-0.15948,-0.257286
612.85,603.93,-0.161698,-0.265826
612.85,606.2,-0.164997,-0.276461
612.85,608.48,-0.16931,-0.287123
612.85,610.75,-0.176239,-0.297286
612.85,612.85,-0.18293,-0.308056
612.85,615.13,-0.190432,-0.318796
612.85,617.23,-0.19858,-0.329396
612.85,619.5,-0.209153,-0.340219
612.85,621.78,-0.219856,-0.350952
612.85,623.88,-0.23196,-0.361417
612.85,626.15,-0.246285,-0.372043
612.85,628.43,-0.262363,-0.382157
612.85,630.53,-0.28065,-0.392058
612.85,632.8,-0.300527,-0.401482
612.85,635.08,-0.32081,-0.409541
612.85,637.18,-0.342292,-0.417184
612.85,639.45,-0.36399,-0.424224
612.85,641.55,-0.386045,-0.429954
612.85,643.83,-0.407856,-0.434578
612.85,646.1,-0.430552,-0.437887
612.85,648.2,-0.454578,-0.440145
612.85,650.13,-0.478678,-0.441208
612.85,652.75,-0.501719,-0.441698
612.85,654.85,-0.52418,-0.440567
612.85,657.13,-0.54667,-0.439094
612.85,659.23,-0.568395,-0.435576
612.85,661.5,-0.589356,-0.432955
612.85,663.78,-0.609337,-0.428953
612.85,665.88,-0.628047,-0.42406
612.85,668.33,-0.646377,-0.418534
612.85,670.43,-0.663999,-0.412569
612.85,672.7,-0.680912,-0.405524
612.85,674.98,-0.695791,-0.399273
612.85,677.08,-0.709935,-0.392569
612.85,679.35,-0.722729,-0.387887
612.85,681.63,-0.73512,-0.382043
612.85,683.73,-0.74646,-0.377819
612.85,686.0,-0.756417,-0.373364
612.85,688.1,-0.766826,-0.36878
648.9,11.55,-0.07985,-0.046479
648.9,13.83,-0.082736,-0.048091
648.9,16.1,-0.084957,-0.050241
648.9,18.2,-0.087003,-0.051932
648.9,20.48,-0.087884,-0.053608
648.9,22.58,-0.087616,-0.054877
648.9,24.85,-0.088633,-0.056523
648.9,27.13,-0.089086,-0.056119
648.9,29.23,-0.08964,-0.056868
648.9,31.5,-0.089733,-0.056104
648.9,33.78,-0.090022,-0.055278
648.9,36.05,-0.090013,-0.054566
648.9,38.15,-0.088981,-0.055108
648.9,40.43,-0.089486,-0.055826
648.9,42.7,-0.088291,-0.055934
648.9,44.98,-0.088525,-0.055355
648.9,47.08,-0.087136,-0.05533
648.9,49.35,-0.086513,-0.055284
648.9,51.45,-0.085284,-0.055068
648.9,53.9,-0.083691,-0.055851
648.9,56.0,-0.081375,-0.056288
648.9,58.28,-0.078479,-0.054908
648.9,60.55,-0.075195,-0.054483
648.9,62.83,-0.07123,-0.053205
648.9,64.93,-0.067514,-0.052049
648.9,67.2,-0.063972,-0.051985
648.9,69.48,-0.062166,-0.051818
648.9,71.58,-0.061507,-0.052881
648.9,73.85,-0.06066,-0.054197
648.9,75.95,-0.061008,-0.05631
648.9,78.23,-0.059523,-0.057702
648.9,80.33,-0.057752,-0.058947
648.9,82.6,-0.055124,-0.060158
648.9,84.88,-0.05115,-0.061905
648.9,86.98,-0.047702,-0.063645
648.9,89.25,-0.044178,-0.066381
648.9,91.53,-0.041735,-0.070792
648.9,93.8,-0.039258,-0.075339
648.9,95.9,-0.038146,-0.081886
648.9,98.18,-0.035238,-0.089042
648.9,100.45,-0.032428,-0.097209
648.9,102.73,-0.030333,-0.104742
648.9,104.83,-0.027666,-0.11285
648.9,107.1,-0.02493,-0.121753
648.9,109.38,-0.022441,-0.129338
648.9,111.48,-0.0194,-0.136812
648.9,113.75,-0.015173,-0.144326
648.9,115.85,-0.012114,-0.151704
648.9,118.13,-0.007388,-0.157715
648.9,120.4,-0.00286,-0.163907
648.9,122.5,0.001299,-0.169101
648.9,124.78,0.005203,-0.17391
648.9,126.88,0.008896,-0.177927
648.9,129.15,0.011484,-0.180546
648.9,131.43,0.013416,-0.181864
648.9,133.53,0.013385,-0.180712
648.9,135.8,0.011651,-0.176914
648.9,138.08,0.008339,-0.17183
648.9,140.18,0.00341,-0.163756
648.9,142.45,-0.00379,-0.154055
648.9,144.73,-0.012129,-0.142591
648.9,147.0,-0.022166,-0.128383
648.9,149.1,-0.032305,-0.112576
648.9,151.38,-0.043993,-0.094847
648.9,153.65,-0.057222,-0.074877
648.9,155.75,-0.070817,-0.055075
648.9,158.03,-0.084785,-0.033516
648.9,160.13,-0.098497,-0.011381
648.9,162.4,-0.111264,0.010948
648.9,164.68,-0.123198,0.032079
648.9,166.78,-0.134578,0.050893
648.9,169.05,-0.144412,0.067642
648.9,171.33,-0.153965,0.08287
648.9,173.43,-0.163799,0.095896
648.9,175.7,-0.171341,0.10617
648.9,177.98,-0.177912,0.112131
648.9,180.25,-0.182573,0.117226
648.9,182.53,-0.186507,0.117886
648.9,184.63,-0.188531,0.117892
648.9,186.9,-0.188586,0.115819
648.9,189.0,-0.186664,0.113126
648.9,191.28,-0.183069,0.108708
648.9,193.55,-0.178454,0.104408
648.9,195.65,-0.171769,0.098157
648.9,197.93,-0.165416,0.091543
648.9,200.2,-0.158657,0.08381
648.9,202.48,-0.152561,0.075893
648.9,204.58,-0.146562,0.067519
648.9,206.85,-0.141273,0.059106
648.9,209.13,-0.136892,0.050711
648.9,211.4,-0.133177,0.042744
648.9,213.68,-0.130145,0.033311
648.9,215.78,-0.127336,0.025384
648.9,218.05,-0.124612,0.017236
648.9,220.33,-0.121134,0.008936
648.9,222.6,-0.117213,0.002467
648.9,224.88,-0.113469,-0.003121
648.9,226.98,-0.108888,-0.007804
648.9,229.25,-0.105965,-0.013229
648.9,231.35,-0.104274,-0.019594
648.9,233.63,-0.104816,-0.025678
648.9,235.9,-0.106347,-0.032126
648.9,238.0,-0.10846,-0.038242
648.9,240.28,-0.111566,-0.044625
648.9,242.38,-0.114739,-0.04973
648.9,244.65,-0.116726,-0.055266
648.9,246.93,-0.117696,-0.059397
648.9,249.2,-0.118476,-0.064508
648.9,251.48,-0.119705,-0.068913
648.9,253.58,-0.121156,-0.07411
648.9,255.68,-0.123996,-0.079363
648.9,258.13,-0.127336,-0.084948
648.9,260.23,-0.132203,-0.09168
648.9,262.5,-0.137262,-0.098513
648.9,264.78,-0.143408,-0.10619
648.9,266.88,-0.150398,-0.11371
648.9,269.15,-0.15802,-0.122462
648.9,271.43,-0.166729,-0.130259
648.9,273.53,-0.17667,-0.139116
648.9,275.8,-0.187071,-0.148454
648.9,277.9,-0.19887,-0.158097
648.9,280.18,-0.212006,-0.167912
648.9,282.45,-0.226036,-0.177742
648.9,284.55,-0.239742,-0.188759
648.9,286.83,-0.254563,-0.199492
648.9,289.1,-0.270339,-0.209735
648.9,291.38,-0.287317,-0.219751
648.9,293.48,-0.304193,-0.229982
648.9,295.75,-0.323303,-0.239517
648.9,297.85,-0.344708,-0.248848
648.9,300.13,-0.366254,-0.257622
648.9,302.4,-0.39,-0.264982
648.9,304.5,-0.413586,-0.271211
648.9,306.78,-0.438752,-0.276057
648.9,309.05,-0.463839,-0.279088
648.9,311.15,-0.489412,-0.27997
648.9,313.43,-0.513595,-0.279202
648.9,315.53,-0.536482,-0.277104
648.9,317.8,-0.560179,-0.272915
648.9,320.08,-0.582729,-0.265811
648.9,322.35,-0.604427,-0.256987
648.9,324.63,-0.622658,-0.247015
648.9,326.73,-0.640601,-0.235204
648.9,329.0,-0.656226,-0.222637
648.9,331.28,-0.671719,-0.20744
648.9,333.55,-0.683324,-0.191806
648.9,335.65,-0.693512,-0.174973
648.9,337.93,-0.701857,-0.158818
648.9,340.2,-0.708438,-0.14155
648.9,342.48,-0.713687,-0.125111
648.9,344.58,-0.717473,-0.108001
648.9,346.85,-0.719202,-0.091273
648.9,349.13,-0.719963,-0.076202
648.9,351.23,-0.717963,-0.063522
648.9,353.5,-0.715166,-0.05159
648.9,355.78,-0.711238,-0.042407
648.9,358.05,-0.704975,-0.034566
648.9,360.15,-0.698225,-0.02936
648.9,362.43,-0.689319,-0.02538
648.9,364.53,-0.679507,-0.023614
648.9,366.8,-0.6674,-0.023599
648.9,369.25,-0.651512,-0.0259
648.9,371.53,-0.636398,-0.029508
648.9,373.8,-0.619501,-0.034683
648.9,375.9,-0.602141,-0.040734
648.9,378.18,-0.583626,-0.048405
648.9,380.45,-0.564168,-0.056442
648.9,382.55,-0.544236,-0.064545
648.9,384.83,-0.523989,-0.07298
648.9,387.1,-0.503192,-0.081285
648.9,389.38,-0.482936,-0.089834
648.9,391.65,-0.462175,-0.097197
648.9,393.75,-0.442988,-0.103984
648.9,396.03,-0.423823,-0.111248
648.9,398.3,-0.404828,-0.117296
648.9,400.58,-0.386818,-0.122465
648.9,402.68,-0.369153,-0.126522
648.9,404.95,-0.351383,-0.130105
648.9,407.23,-0.33423,-0.132801
648.9,409.33,-0.318916,-0.134788
648.9,411.6,-0.304258,-0.136806
648.9,413.88,-0.290481,-0.138374
648.9,415.98,-0.277711,-0.140096
648.9,418.25,-0.265684,-0.141439
648.9,420.53,-0.255321,-0.142807
648.9,422.8,-0.245059,-0.143186
648.9,424.9,-0.234994,-0.143516
648.9,427.18,-0.224212,-0.14269
648.9,429.28,-0.213817,-0.141972
648.9,431.55,-0.204239,-0.141319
648.9,433.83,-0.197567,-0.141923
648.9,435.93,-0.19192,-0.141633
648.9,438.2,-0.187102,-0.143272
648.9,440.48,-0.183784,-0.145444
648.9,442.58,-0.182074,-0.146772
648.9,444.85,-0.18021,-0.14895
648.9,447.13,-0.17805,-0.151134
648.9,449.23,-0.177776,-0.153386
648.9,451.5,-0.176273,-0.156596
648.9,453.6,-0.176236,-0.158824
648.9,455.88,-0.176193,-0.16143
648.9,458.15,-0.175632,-0.164939
648.9,460.25,-0.17407,-0.168469
648.9,462.7,-0.172203,-0.172502
648.9,464.8,-0.170019,-0.175801
648.9,467.08,-0.168208,-0.180441
648.9,469.18,-0.168402,-0.186264
648.9,471.45,-0.17013,-0.191963
648.9,473.73,-0.17354,-0.198682
648.9,475.83,-0.178759,-0.204677
648.9,478.1,-0.183094,-0.212594
648.9,480.2,-0.188667,-0.221532
648.9,482.48,-0.195074,-0.228599
648.9,484.75,-0.200845,-0.23806
648.9,487.03,-0.207477,-0.246673
648.9,489.13,-0.214708,-0.255521
648.9,491.4,-0.223839,-0.264609
648.9,493.68,-0.233275,-0.273109
648.9,495.95,-0.244735,-0.279886
648.9,498.23,-0.25651,-0.287773
648.9,500.33,-0.270724,-0.293879
648.9,502.6,-0.28439,-0.299902
648.9,504.88,-0.298842,-0.304147
648.9,506.98,-0.313229,-0.308491
648.9,509.25,-0.328093,-0.311744
648.9,511.35,-0.342474,-0.31289
648.9,513.63,-0.356504,-0.313081
648.9,515.9,-0.370271,-0.312283
648.9,518.0,-0.383432,-0.30862
648.9,520.28,-0.395428,-0.304889
648.9,522.38,-0.406118,-0.29931
648.9,524.65,-0.415887,-0.29269
648.9,526.93,-0.425952,-0.284754
648.9,529.2,-0.434578,-0.276082
648.9,531.3,-0.441978,-0.266433
648.9,533.58,-0.448481,-0.257061
648.9,535.85,-0.453404,-0.246867
648.9,537.95,-0.457514,-0.237182
648.9,540.23,-0.458155,-0.22814
648.9,542.5,-0.458173,-0.218925
648.9,544.78,-0.456636,-0.209628
648.9,547.05,-0.451929,-0.200669
648.9,549.33,-0.445508,-0.193685
648.9,551.6,-0.437662,-0.186646
648.9,553.7,-0.427631,-0.18017
648.9,555.98,-0.415351,-0.175928
648.9,558.25,-0.4033,-0.17261
648.9,560.35,-0.389529,-0.169107
648.9,562.63,-0.374467,-0.16663
648.9,564.73,-0.359483,-0.164702
648.9,567.0,-0.343438,-0.163543
648.9,569.28,-0.327446,-0.162761
648.9,571.38,-0.312249,-0.162477
648.9,573.65,-0.297037,-0.162829
648.9,575.75,-0.281498,-0.163528
648.9,578.03,-0.266722,-0.164785
648.9,580.3,-0.251679,-0.165672
648.9,582.4,-0.237733,-0.167363
648.9,584.68,-0.223531,-0.168898
648.9,586.95,-0.210903,-0.170962
648.9,589.05,-0.198556,-0.171957
648.9,591.33,-0.186843,-0.173389
648.9,593.43,-0.176818,-0.175016
648.9,595.7,-0.167225,-0.176525
648.9,597.98,-0.158534,-0.17761
648.9,600.08,-0.151898,-0.179255
648.9,602.35,-0.14594,-0.181516
648.9,604.63,-0.13988,-0.1833
648.9,606.9,-0.134304,-0.186399
648.9,609.0,-0.129455,-0.188023
648.9,611.28,-0.125715,-0.190848
648.9,613.73,-0.121858,-0.193876
648.9,615.83,-0.120555,-0.196886
648.9,618.1,-0.119754,-0.199763
648.9,620.2,-0.119665,-0.20322
648.9,622.48,-0.121393,-0.205771
648.9,624.75,-0.122397,-0.209363
648.9,626.85,-0.123771,-0.212151
648.9,629.13,-0.125293,-0.21554
648.9,631.4,-0.124779,-0.218321
648.9,633.5,-0.124825,-0.220826
648.9,635.78,-0.124141,-0.22354
648.9,637.88,-0.12358,-0.225764
648.9,640.15,-0.123355,-0.227597
648.9,642.43,-0.122561,-0.229779
648.9,644.53,-0.121812,-0.232012
648.9,646.8,-0.121566,-0.233968
648.9,649.08,-0.121652,-0.235995
648.9,651.18,-0.122256,-0.237517
648.9,653.45,-0.123137,-0.239326
648.9,655.73,-0.124779,-0.241498
648.9,657.83,-0.126985,-0.2435
648.9,660.1,-0.128485,-0.245564
648.9,662.38,-0.129089,-0.248056
648.9,664.48,-0.129039,-0.250305
648.9,666.75,-0.129147,-0.251473
648.9,669.03,-0.128744,-0.252699
648.9,671.13,-0.128063,-0.254661
648.9,673.4,-0.128263,-0.256387
648.9,675.5,-0.128543,-0.258605
648.9,677.78,-0.129542,-0.260527
648.9,680.05,-0.13111,-0.262939
648.9,682.15,-0.132511,-0.265247
648.9,684.43,-0.133623,-0.268639
648.9,686.53,-0.135641,-0.27122
684.95,11.38,-0.077977,-0.046578
684.95,13.48,-0.07464,-0.045152
684.95,15.93,-0.071153,-0.042835
684.95,18.03,-0.067256,-0.040155
684.95,20.3,-0.063263,-0.038916
684.95,22.4,-0.060799,-0.037034
684.95,24.68,-0.059234,-0.035604
684.95,26.95,-0.058047,-0.035586
684.95,29.23,-0.058137,-0.035959
684.95,31.33,-0.059181,-0.036963
684.95,33.6,-0.060031,-0.038839
684.95,35.88,-0.061938,-0.040404
684.95,38.15,-0.064015,-0.042798
684.95,40.25,-0.067173,-0.04444
684.95,42.53,-0.069856,-0.045752
684.95,44.8,-0.07151,-0.0472
684.95,46.9,-0.073587,-0.048571
684.95,49.18,-0.0744,-0.048916
684.95,51.45,-0.073932,-0.049693
684.95,53.55,-0.072838,-0.049699
684.95,55.83,-0.071008,-0.048463
684.95,58.1,-0.068066,-0.047502
684.95,60.2,-0.063362,-0.04708
684.95,62.48,-0.059659,-0.045771
684.95,64.75,-0.056603,-0.045682
684.95,66.85,-0.054249,-0.046704
684.95,69.13,-0.052733,-0.0479
684.95,71.4,-0.050922,-0.050444
684.95,73.5,-0.050259,-0.053094
684.95,75.78,-0.050047,-0.055484
684.95,77.88,-0.048922,-0.058882
684.95,80.15,-0.048701,-0.062299
684.95,82.43,-0.048211,-0.065429
684.95,84.7,-0.04741,-0.068519
684.95,86.8,-0.046935,-0.071405
684.95,89.08,-0.046942,-0.074566
684.95,91.35,-0.046039,-0.078528
684.95,93.45,-0.044619,-0.082539
684.95,95.73,-0.04265,-0.087034
684.95,98.0,-0.04041,-0.091966
684.95,100.1,-0.035623,-0.096877
684.95,102.38,-0.031353,-0.102376
684.95,104.48,-0.025897,-0.108697
684.95,106.75,-0.020805,-0.113842
684.95,109.03,-0.014859,-0.119822
684.95,111.3,-0.0083,-0.125835
684.95,113.4,-0.000765,-0.132373
684.95,115.68,0.005819,-0.138155
684.95,117.95,0.011533,-0.145118
684.95,120.05,0.016444,-0.151529
684.95,122.33,0.020723,-0.158146
684.95,124.6,0.02409,-0.163392
684.95,126.7,0.026503,-0.168084
684.95,128.8,0.028172,-0.171812
684.95,131.25,0.027719,-0.173762
684.95,133.35,0.02548,-0.175188
684.95,135.63,0.021367,-0.173673
684.95,137.73,0.015483,-0.17078
684.95,140.0,0.007975,-0.165885
684.95,142.28,-0.001581,-0.158614
684.95,144.38,-0.012961,-0.148901
684.95,146.65,-0.025743,-0.136858
684.95,148.93,-0.038731,-0.123704
684.95,151.2,-0.054076,-0.10737
684.95,153.3,-0.068519,-0.088876
684.95,155.58,-0.083614,-0.068771
684.95,157.68,-0.098818,-0.047564
684.95,159.95,-0.111935,-0.026541
684.95,162.23,-0.124936,-0.003642
684.95,164.33,-0.135909,0.018339
684.95,166.6,-0.146747,0.039682
684.95,168.88,-0.157071,0.058006
684.95,171.15,-0.165151,0.073989
684.95,173.43,-0.17244,0.088419
684.95,175.7,-0.178312,0.101891
684.95,177.98,-0.18187,0.111536
684.95,180.08,-0.184227,0.118628
684.95,182.35,-0.184711,0.123144
684.95,184.63,-0.184662,0.125421
684.95,186.9,-0.183069,0.125279
684.95,189.0,-0.182052,0.123336
684.95,191.28,-0.179116,0.119669
684.95,193.55,-0.175801,0.113659
684.95,195.65,-0.172126,0.10723
684.95,197.93,-0.167391,0.098865
684.95,200.2,-0.163519,0.090723
684.95,202.48,-0.158811,0.081493
684.95,204.58,-0.153925,0.071838
684.95,206.85,-0.14858,0.06263
684.95,208.95,-0.142289,0.053859
684.95,211.23,-0.136405,0.046342
684.95,213.5,-0.129945,0.038718
684.95,215.6,-0.123565,0.03182
684.95,217.88,-0.118944,0.025409
684.95,220.15,-0.113925,0.018835
684.95,222.25,-0.110503,0.012855
684.95,224.53,-0.1079,0.006367
684.95,226.8,-0.106153,0.000169
684.95,228.9,-0.104264,-0.006027
684.95,231.18,-0.102083,-0.011483
684.95,233.45,-0.099535,-0.015768
684.95,235.55,-0.096855,-0.020611
684.95,237.83,-0.095518,-0.0246
684.95,239.93,-0.094619,-0.029887
684.95,242.2,-0.095407,-0.034539
684.95,244.48,-0.097404,-0.040965
684.95,246.75,-0.101273,-0.045956
684.95,248.85,-0.104237,-0.052096
684.95,251.13,-0.107761,-0.058315
684.95,253.23,-0.111932,-0.064212
684.95,255.5,-0.115592,-0.070432
684.95,257.6,-0.119116,-0.076436
684.95,259.7,-0.122995,-0.082816
684.95,261.98,-0.127163,-0.089357
684.95,264.25,-0.132588,-0.097404
684.95,266.53,-0.138451,-0.104976
684.95,268.8,-0.146593,-0.113805
684.95,270.9,-0.154532,-0.123559
684.95,273.18,-0.164033,-0.133152
684.95,275.45,-0.175777,-0.142437
684.95,277.55,-0.189381,-0.152856
684.95,279.83,-0.203559,-0.164227
684.95,282.1,-0.219008,-0.17614
684.95,284.2,-0.235952,-0.187203
684.95,286.48,-0.253811,-0.19956
684.95,288.58,-0.273072,-0.211735
684.95,290.85,-0.293485,-0.222668
684.95,293.13,-0.315469,-0.232271
684.95,295.4,-0.339366,-0.241014
684.95,297.5,-0.363977,-0.249886
684.95,299.78,-0.390364,-0.256981
684.95,301.88,-0.416574,-0.263937
684.95,304.15,-0.444017,-0.268482
684.95,306.25,-0.472363,-0.271578
684.95,308.53,-0.49988,-0.272736
684.95,310.8,-0.526648,-0.27232
684.95,313.08,-0.552172,-0.270216
684.95,315.18,-0.577828,-0.266297
684.95,317.45,-0.600761,-0.26017
684.95,319.73,-0.623188,-0.252101
684.95,322.0,-0.644122,-0.242776
684.95,324.1,-0.662538,-0.232462
684.95,326.38,-0.680138,-0.219957
684.95,328.48,-0.695148,-0.205641
684.95,330.75,-0.708937,-0.189757
684.95,333.03,-0.721022,-0.173768
684.95,335.3,-0.732366,-0.15537
684.95,337.58,-0.740825,-0.138932
684.95,339.68,-0.7478,-0.121978
684.95,341.95,-0.752976,-0.104514
684.95,344.23,-0.757319,-0.086627
684.95,346.33,-0.759553,-0.071409
684.95,348.6,-0.759445,-0.056988
684.95,350.88,-0.757994,-0.044686
684.95,352.98,-0.755385,-0.032946
684.95,355.25,-0.750409,-0.023399
684.95,357.53,-0.744242,-0.014995
684.95,359.8,-0.737846,-0.008818
684.95,361.9,-0.730671,-0.004674
684.95,364.18,-0.721115,-0.003051
684.95,366.45,-0.71166,-0.003374
684.95,368.73,-0.700659,-0.005848
684.95,370.83,-0.68841,-0.010642
684.95,373.1,-0.674553,-0.016292
684.95,375.2,-0.658509,-0.023879
684.95,377.48,-0.641931,-0.032142
684.95,379.75,-0.623838,-0.041076
684.95,382.03,-0.604276,-0.050805
684.95,384.13,-0.585336,-0.060247
684.95,386.4,-0.565533,-0.069994
684.95,388.68,-0.54447,-0.079461
684.95,390.78,-0.522123,-0.089234
684.95,393.05,-0.501999,-0.097471
684.95,395.33,-0.481882,-0.105601
684.95,397.6,-0.461694,-0.113605
684.95,399.88,-0.440265,-0.121134
684.95,402.15,-0.422776,-0.126917
684.95,404.43,-0.405102,-0.131867
684.95,406.53,-0.388438,-0.137209
684.95,408.98,-0.369982,-0.142333
684.95,411.25,-0.353944,-0.145632
684.95,413.53,-0.339242,-0.148676
684.95,415.8,-0.325185,-0.151002
684.95,418.08,-0.31159,-0.15277
684.95,420.18,-0.299289,-0.15427
684.95,422.45,-0.288762,-0.15545
684.95,424.9,-0.278346,-0.156239
684.95,427.35,-0.268478,-0.157557
684.95,429.45,-0.261208,-0.158513
684.95,431.73,-0.256125,-0.159782
684.95,434.0,-0.250348,-0.161538
684.95,436.28,-0.244948,-0.163038
684.95,438.55,-0.241267,-0.164548
684.95,440.65,-0.237302,-0.166827
684.95,442.93,-0.234052,-0.16887
684.95,445.2,-0.231334,-0.171036
684.95,447.3,-0.229206,-0.173931
684.95,449.58,-0.228519,-0.175515
684.95,451.68,-0.227841,-0.178602
684.95,453.95,-0.227265,-0.182428
684.95,456.05,-0.227545,-0.185567
684.95,458.33,-0.227182,-0.190318
684.95,460.6,-0.228629,-0.195253
684.95,462.88,-0.231341,-0.199813
684.95,464.98,-0.233691,-0.205715
684.95,467.25,-0.237289,-0.211609
684.95,469.35,-0.241156,-0.216602
684.95,471.63,-0.246744,-0.222674
684.95,473.73,-0.254169,-0.22903
684.95,476.0,-0.262,-0.235709
684.95,478.28,-0.272342,-0.242058
684.95,480.38,-0.284162,-0.249221
684.95,482.65,-0.295644,-0.256402
684.95,484.93,-0.307061,-0.263552
684.95,487.2,-0.319926,-0.271377
684.95,489.3,-0.332878,-0.279326
684.95,491.58,-0.347477,-0.285875
684.95,493.85,-0.363343,-0.291873
684.95,495.95,-0.380428,-0.297376
684.95,498.23,-0.397298,-0.30131
684.95,500.5,-0.41326,-0.304486
684.95,502.6,-0.430681,-0.306063
684.95,504.88,-0.447853,-0.306618
684.95,507.15,-0.465709,-0.306331
684.95,509.25,-0.483004,-0.304128
684.95,511.53,-0.499563,-0.300502
684.95,513.8,-0.515807,-0.295265
684.95,515.9,-0.53179,-0.288485
684.95,518.18,-0.547104,-0.281045
684.95,520.28,-0.562332,-0.271652
684.95,522.73,-0.575807,-0.261987
684.95,524.83,-0.587489,-0.250336
684.95,527.1,-0.597307,-0.239495
684.95,529.38,-0.605311,-0.228146
684.95,531.48,-0.61199,-0.216769
684.95,533.75,-0.616402,-0.2059
684.95,536.03,-0.61874,-0.19468
684.95,538.13,-0.619772,-0.184637
684.95,540.4,-0.617976,-0.175835
684.95,542.5,-0.614692,-0.167102
684.95,544.78,-0.610391,-0.159923
684.95,547.05,-0.60305,-0.153543
684.95,549.15,-0.594815,-0.149141
684.95,551.43,-0.584729,-0.145811
684.95,553.53,-0.573654,-0.142437
684.95,555.8,-0.559763,-0.141381
684.95,558.08,-0.544224,-0.140792
684.95,560.18,-0.528515,-0.141008
684.95,562.45,-0.511839,-0.141772
684.95,564.73,-0.494689,-0.142739
684.95,566.83,-0.475505,-0.145213
684.95,569.1,-0.455878,-0.147132
684.95,571.38,-0.435555,-0.148959
684.95,573.48,-0.415656,-0.150909
684.95,575.75,-0.394085,-0.153318
684.95,578.03,-0.373062,-0.154803
684.95,580.3,-0.351898,-0.156883
684.95,582.4,-0.332687,-0.158177
684.95,584.68,-0.313703,-0.159757
684.95,586.95,-0.296479,-0.160632
684.95,589.05,-0.27899,-0.160891
684.95,591.33,-0.262351,-0.16057
684.95,593.43,-0.247246,-0.160302
684.95,595.7,-0.232819,-0.160478
684.95,598.15,-0.219517,-0.160426
684.95,600.25,-0.206726,-0.159862
684.95,602.53,-0.194538,-0.158408
684.95,604.8,-0.181812,-0.156907
684.95,606.9,-0.169665,-0.155786
684.95,609.18,-0.158793,-0.153513
684.95,611.45,-0.147899,-0.15183
684.95,613.55,-0.138315,-0.15025
684.95,615.83,-0.130845,-0.1481
684.95,618.1,-0.123266,-0.146901
684.95,620.2,-0.116242,-0.144511
684.95,622.48,-0.109582,-0.142933
684.95,624.75,-0.103876,-0.140971
684.95,627.03,-0.097484,-0.139332
684.95,629.3,-0.091997,-0.137804
684.95,631.4,-0.088704,-0.136658
684.95,633.68,-0.085768,-0.1359
684.95,635.95,-0.084899,-0.135925
684.95,638.05,-0.084215,-0.135956
684.95,640.33,-0.082234,-0.135746
684.95,642.6,-0.079264,-0.134748
684.95,644.7,-0.075521,-0.134055
684.95,646.98,-0.07237,-0.132222
684.95,649.25,-0.06879,-0.131556
684.95,651.35,-0.067225,-0.131051
684.95,653.63,-0.066396,-0.131636
684.95,655.73,-0.067444,-0.132031
684.95,658.0,-0.067998,-0.133238
684.95,660.1,-0.067678,-0.134424
684.95,662.38,-0.067813,-0.134736
684.95,664.65,-0.066935,-0.13574
684.95,666.75,-0.067071,-0.135768
684.95,669.03,-0.067336,-0.136147
684.95,671.13,-0.067308,-0.136159
684.95,673.4,-0.067598,-0.136661
684.95,675.68,-0.068192,-0.136797
684.95,677.95,-0.066834,-0.13712
684.95,680.05,-0.066529,-0.137333
684.95,682.33,-0.065823,-0.136766
684.95,684.43,-0.065115,-0.137083
684.95,686.7,-0.06542,-0.137712
721.0,11.55,-0.0683,-0.03765
721.0,13.65,-0.068109,-0.037182
721.0,15.93,-0.067459,-0.038282
721.0,18.2,-0.067518,-0.038168
721.0,20.3,-0.068174,-0.03891
721.0,22.58,-0.067906,-0.039884
721.0,24.85,-0.068617,-0.04009
721.0,27.13,-0.068097,-0.039995
721.0,29.23,-0.06765,-0.040041
721.0,31.5,-0.066898,-0.039277
721.0,33.6,-0.066107,-0.039351
721.0,35.88,-0.065001,-0.038476
721.0,37.98,-0.063494,-0.039009
721.0,40.25,-0.062789,-0.039039
721.0,42.53,-0.062758,-0.039767
721.0,44.8,-0.063032,-0.040814
721.0,46.9,-0.063235,-0.041874
721.0,49.18,-0.06358,-0.042422
721.0,51.28,-0.063356,-0.042955
721.0,53.55,-0.063525,-0.04379
721.0,55.83,-0.063676,-0.044446
721.0,58.1,-0.064572,-0.045765
721.0,60.2,-0.064976,-0.045463
721.0,62.48,-0.064853,-0.046042
721.0,64.75,-0.064569,-0.046652
721.0,67.03,-0.064289,-0.046978
721.0,69.13,-0.06297,-0.0472
721.0,71.4,-0.062367,-0.047299
721.0,73.68,-0.060946,-0.0481
721.0,75.78,-0.060752,-0.049443
721.0,78.05,-0.059921,-0.050725
721.0,80.5,-0.058131,-0.053041
721.0,82.78,-0.056208,-0.054292
721.0,84.88,-0.053396,-0.056523
721.0,87.15,-0.050617,-0.058913
721.0,89.6,-0.047903,-0.062336
721.0,91.88,-0.045401,-0.066171
721.0,93.98,-0.041821,-0.071261
721.0,96.25,-0.037798,-0.074659
721.0,98.7,-0.03119,-0.079545
721.0,100.98,-0.025441,-0.084388
721.0,103.08,-0.02123,-0.089837
721.0,105.35,-0.015876,-0.096187
721.0,107.63,-0.009973,-0.103352
721.0,109.9,-0.004955,-0.110133
721.0,112.18,0.000566,-0.117952
721.0,114.28,0.003961,-0.125718
721.0,116.55,0.008594,-0.134505
721.0,118.83,0.012304,-0.14277
721.0,120.93,0.015911,-0.149908
721.0,123.2,0.018382,-0.157061
721.0,125.3,0.019463,-0.163121
721.0,127.58,0.019285,-0.169024
721.0,129.68,0.018049,-0.173802
721.0,131.95,0.015008,-0.177354
721.0,134.23,0.0095,-0.179514
721.0,136.33,0.002572,-0.17919
721.0,138.6,-0.006039,-0.176516
721.0,140.7,-0.015481,-0.17151
721.0,142.98,-0.025925,-0.163753
721.0,145.25,-0.03664,-0.153241
721.0,147.35,-0.048784,-0.140691
721.0,149.63,-0.061473,-0.125651
721.0,151.9,-0.074862,-0.108959
721.0,154.18,-0.090204,-0.08854
721.0,156.45,-0.105346,-0.06851
721.0,158.55,-0.119397,-0.048007
721.0,160.83,-0.132462,-0.027857
721.0,163.1,-0.145798,-0.004868
721.0,165.38,-0.15728,0.016167
721.0,167.48,-0.16663,0.036592
721.0,169.75,-0.175216,0.055236
721.0,172.03,-0.182678,0.072279
721.0,174.3,-0.189511,0.087162
721.0,176.58,-0.193365,0.099478
721.0,178.68,-0.196547,0.108369
721.0,180.95,-0.197296,0.115212
721.0,183.23,-0.197631,0.120467
721.0,185.33,-0.195854,0.122365
721.0,187.6,-0.193623,0.122664
721.0,189.88,-0.190503,0.121373
721.0,191.98,-0.186627,0.118354
721.0,194.25,-0.182203,0.1136
721.0,196.53,-0.177274,0.107855
721.0,198.63,-0.171267,0.101561
721.0,200.9,-0.164723,0.093699
721.0,203.18,-0.159403,0.0856
721.0,205.45,-0.15281,0.076869
721.0,207.73,-0.148115,0.068459
721.0,210.0,-0.142675,0.058403
721.0,212.28,-0.13838,0.049685
721.0,214.38,-0.134113,0.041179
721.0,216.65,-0.130179,0.032507
721.0,219.1,-0.12424,0.023456
721.0,221.38,-0.119193,0.017723
721.0,223.48,-0.113861,0.011724
721.0,225.75,-0.108463,0.006919
721.0,227.85,-0.105262,0.002763
721.0,230.13,-0.101547,-0.00156
721.0,232.4,-0.099572,-0.005586
721.0,234.68,-0.097647,-0.009844
721.0,236.78,-0.096713,-0.014274
721.0,239.05,-0.095734,-0.018969
721.0,241.33,-0.094693,-0.02257
721.0,243.43,-0.094314,-0.027447
721.0,245.7,-0.094107,-0.032126
721.0,247.98,-0.095062,-0.037388
721.0,250.08,-0.097314,-0.042675
721.0,252.35,-0.099933,-0.048978
721.0,254.63,-0.103664,-0.056778
721.0,256.73,-0.107933,-0.063611
721.0,259.0,-0.112958,-0.071615
721.0,261.28,-0.119209,-0.078839
721.0,263.38,-0.125786,-0.087481
721.0,265.65,-0.1331,-0.096304
721.0,267.93,-0.141418,-0.104662
721.0,270.03,-0.150383,-0.11436
721.0,272.3,-0.160176,-0.124501
721.0,274.58,-0.172286,-0.135577
721.0,276.85,-0.186448,-0.146485
721.0,278.95,-0.202055,-0.157521
721.0,281.23,-0.217674,-0.170318
721.0,283.33,-0.23626,-0.182665
721.0,285.6,-0.255854,-0.194859
721.0,287.88,-0.277135,-0.206747
721.0,290.15,-0.299775,-0.217973
721.0,292.43,-0.326778,-0.228716
721.0,294.7,-0.351978,-0.238044
721.0,296.98,-0.379837,-0.245653
721.0,299.08,-0.408823,-0.251981
721.0,301.53,-0.441836,-0.258438
721.0,303.8,-0.47159,-0.261855
721.0,306.08,-0.501759,-0.26342
721.0,308.18,-0.52979,-0.263398
721.0,310.45,-0.557846,-0.261722
721.0,312.73,-0.584633,-0.258238
721.0,315.0,-0.609553,-0.252838
721.0,317.1,-0.632412,-0.246137
721.0,319.38,-0.655212,-0.237952
721.0,321.65,-0.675967,-0.227061
721.0,323.75,-0.694017,-0.216042
721.0,326.03,-0.71126,-0.202782
721.0,328.3,-0.726414,-0.187289
721.0,330.4,-0.740012,-0.172031
721.0,332.68,-0.751703,-0.156045
721.0,334.78,-0.762338,-0.139505
721.0,336.88,-0.771287,-0.122459
721.0,339.15,-0.777849,-0.105493
721.0,341.43,-0.782267,-0.088124
721.0,343.7,-0.785733,-0.071134
721.0,345.8,-0.78755,-0.056113
721.0,348.08,-0.787393,-0.041261
721.0,350.35,-0.786503,-0.027897
721.0,352.63,-0.784196,-0.015792
721.0,354.73,-0.780452,-0.0057
721.0,357.18,-0.774497,0.003733
721.0,359.45,-0.768817,0.009845
721.0,361.55,-0.761315,0.013499
721.0,363.83,-0.752729,0.01524
721.0,366.1,-0.74308,0.014423
721.0,368.38,-0.732896,0.011598
721.0,370.48,-0.721066,0.007338
721.0,372.75,-0.70898,0.001823
721.0,374.85,-0.695012,-0.006113
721.0,377.13,-0.680517,-0.014683
721.0,379.4,-0.663737,-0.023371
721.0,381.5,-0.645474,-0.033654
721.0,383.78,-0.626688,-0.043855
721.0,385.88,-0.60862,-0.053901
721.0,388.15,-0.588885,-0.06497
721.0,390.43,-0.56841,-0.074834
721.0,392.53,-0.548148,-0.084378
721.0,394.8,-0.527705,-0.094277
721.0,396.9,-0.507274,-0.103488
721.0,399.18,-0.487646,-0.111375
721.0,401.45,-0.468318,-0.118956
721.0,403.55,-0.447113,-0.126113
721.0,406.18,-0.42952,-0.132114
721.0,408.28,-0.41386,-0.136418
721.0,410.55,-0.397643,-0.140845
721.0,412.65,-0.382899,-0.144523
721.0,415.1,-0.367536,-0.148103
721.0,417.2,-0.353167,-0.150188
721.0,419.48,-0.339286,-0.152656
721.0,421.75,-0.325074,-0.15484
721.0,424.03,-0.313599,-0.156482
721.0,426.13,-0.302668,-0.158454
721.0,428.4,-0.29325,-0.160222
721.0,430.68,-0.285127,-0.161331
721.0,432.78,-0.278401,-0.16233
721.0,435.05,-0.273673,-0.164049
721.0,437.15,-0.269483,-0.165703
721.0,439.43,-0.266525,-0.16793
721.0,441.7,-0.263873,-0.169957
721.0,443.8,-0.261531,-0.172471
721.0,446.08,-0.258765,-0.175105
721.0,448.35,-0.256864,-0.177434
721.0,450.63,-0.255003,-0.180456
721.0,452.73,-0.25403,-0.183109
721.0,455.0,-0.253753,-0.186763
721.0,457.1,-0.256553,-0.190284
721.0,459.38,-0.260296,-0.195136
721.0,461.65,-0.26813,-0.199585
721.0,463.75,-0.275139,-0.204782
721.0,466.03,-0.284742,-0.2109
721.0,468.3,-0.294526,-0.217357
721.0,470.4,-0.304104,-0.223703
721.0,472.68,-0.313867,-0.230007
721.0,474.95,-0.324504,-0.236615
721.0,477.05,-0.335995,-0.243303
721.0,479.33,-0.348352,-0.249464
721.0,481.6,-0.362779,-0.255419
721.0,483.7,-0.377243,-0.26192
721.0,485.98,-0.393056,-0.266279
721.0,488.08,-0.4083,-0.27147
721.0,490.35,-0.425567,-0.275238
721.0,492.63,-0.442933,-0.278525
721.0,494.73,-0.460989,-0.280891
721.0,497.0,-0.480847,-0.282637
721.0,499.28,-0.49972,-0.282548
721.0,501.38,-0.518888,-0.281836
721.0,503.65,-0.53809,-0.278888
721.0,505.93,-0.558225,-0.275589
721.0,508.03,-0.577514,-0.270185
721.0,510.3,-0.594907,-0.264372
721.0,512.4,-0.611346,-0.256498
721.0,514.68,-0.626516,-0.248799
721.0,516.95,-0.64049,-0.23927
721.0,519.05,-0.653204,-0.230114
721.0,521.33,-0.664676,-0.21984
721.0,523.43,-0.674907,-0.208127
721.0,525.7,-0.683727,-0.196069
721.0,527.98,-0.690807,-0.18354
721.0,530.08,-0.696294,-0.171633
721.0,532.35,-0.700776,-0.160007
721.0,534.45,-0.703555,-0.148516
721.0,536.73,-0.704615,-0.137256
721.0,539.0,-0.704032,-0.127761
721.0,541.1,-0.701642,-0.11931
721.0,543.38,-0.698315,-0.110888
721.0,545.48,-0.6928,-0.104834
721.0,547.75,-0.686657,-0.098984
721.0,550.03,-0.6776,-0.096153
721.0,552.3,-0.666851,-0.093941
721.0,554.4,-0.654365,-0.092859
721.0,556.68,-0.639981,-0.094483
721.0,558.95,-0.624297,-0.096744
721.0,561.23,-0.6076,-0.098999
721.0,563.33,-0.589482,-0.103232
721.0,565.6,-0.570289,-0.107613
721.0,567.88,-0.549026,-0.112126
721.0,569.98,-0.528133,-0.117268
721.0,572.25,-0.507163,-0.121713
721.0,574.35,-0.485151,-0.126498
721.0,576.63,-0.462834,-0.130204
721.0,578.9,-0.439781,-0.133827
