x,y,z,z2
0.0,2.62,-0.014455,-0.036797
0.0,4.72,-0.015136,-0.037268
0.0,7.0,-0.015934,-0.037934
0.0,9.28,-0.017197,-0.039495
0.0,11.38,-0.019539,-0.041618
0.0,13.83,-0.021621,-0.043633
0.0,16.1,-0.023174,-0.044914
0.0,18.2,-0.024585,-0.04647
0.0,20.48,-0.027065,-0.049009
0.0,22.58,-0.030537,-0.052533
0.0,24.85,-0.034043,-0.055919
0.0,27.13,-0.038226,-0.059884
0.0,29.23,-0.042786,-0.06468
0.0,31.5,-0.048128,-0.069554
0.0,33.78,-0.053944,-0.075432
0.0,35.88,-0.058303,-0.079557
0.0,38.15,-0.061421,-0.082946
0.0,40.25,-0.065293,-0.086652
0.0,42.52,-0.070703,-0.091972
0.0,44.8,-0.07736,-0.098577
0.0,46.9,-0.085626,-0.106707
0.0,49.17,-0.095755,-0.116898
0.0,51.45,-0.107678,-0.128436
0.0,53.55,-0.120265,-0.140657
0.0,55.82,-0.133559,-0.15403
0.0,58.1,-0.147638,-0.168106
0.0,60.37,-0.164394,-0.184572
0.0,62.47,-0.182884,-0.202721
0.0,64.75,-0.202585,-0.222132
0.0,66.85,-0.223629,-0.243041
0.0,69.12,-0.243897,-0.262813
0.0,71.4,-0.26391,-0.282844
0.0,73.5,-0.284738,-0.303121
0.0,75.77,-0.306245,-0.324449
0.0,78.05,-0.330505,-0.348454
0.0,80.32,-0.356531,-0.373996
0.0,82.42,-0.385789,-0.40285
0.0,84.7,-0.418608,-0.435416
0.0,86.97,-0.453105,-0.469285
0.0,89.25,-0.492446,-0.508327
0.0,91.52,-0.532449,-0.547782
0.0,93.62,-0.574415,-0.58906
0.0,95.9,-0.617394,-0.631623
0.0,98.17,-0.66053,-0.674023
0.0,100.45,-0.702353,-0.715274
0.0,102.55,-0.740622,-0.753256
0.0,104.82,-0.776053,-0.788086
0.0,106.92,-0.806645,-0.818527
0.0,109.2,-0.830178,-0.841663
0.0,111.47,-0.847067,-0.858182
0.0,113.57,-0.855403,-0.866361
0.0,115.85,-0.855776,-0.866759
0.0,118.12,-0.847495,-0.858743
0.0,120.4,-0.830576,-0.841996
0.0,122.5,-0.806367,-0.818194
0.0,124.77,-0.774904,-0.786999
0.0,127.05,-0.736956,-0.749571
0.0,129.15,-0.695554,-0.708786
0.0,131.42,-0.649097,-0.663065
0.0,133.7,-0.601968,-0.616312
0.0,135.97,-0.550853,-0.565964
0.0,138.25,-0.501014,-0.516759
0.0,140.35,-0.451057,-0.467585
0.0,142.62,-0.40447,-0.421707
0.0,144.72,-0.359218,-0.376762
0.0,147.0,-0.318688,-0.336793
0.0,149.1,-0.280718,-0.299205
0.0,151.38,-0.248174,-0.267061
0.0,153.65,-0.220216,-0.239461
0.0,155.75,-0.195955,-0.215635
0.0,158.03,-0.175888,-0.195915
0.0,160.13,-0.160537,-0.180875
0.0,162.4,-0.14814,-0.168285
0.0,164.68,-0.138559,-0.158993
0.0,166.95,-0.130447,-0.150845
0.0,169.23,-0.122259,-0.142946
0.0,171.33,-0.112853,-0.13338
0.0,173.6,-0.103168,-0.12399
0.0,175.88,-0.092151,-0.1133
0.0,177.98,-0.080201,-0.101199
0.0,180.25,-0.067484,-0.08866
0.0,182.53,-0.054215,-0.075725
0.0,184.8,-0.04029,-0.061978
0.0,186.9,-0.025789,-0.047635
0.0,189.18,-0.010524,-0.032779
0.0,191.45,0.005409,-0.01664
0.0,193.55,0.022421,6.7e-05
0.0,195.83,0.0408,0.018129
0.0,198.1,0.057362,0.034531
0.0,200.2,0.072322,0.049137
0.0,202.48,0.08593,0.062658
0.0,204.58,0.098089,0.074688
0.0,206.85,0.109848,0.086478
0.0,209.13,0.122599,0.098779
0.0,211.4,0.133607,0.109793
0.0,213.68,0.142944,0.119029
0.0,215.78,0.151293,0.127202
0.0,218.05,0.159263,0.135122
0.0,220.15,0.166379,0.142226
0.0,222.43,0.172784,0.148181
0.0,224.7,0.178721,0.154383
0.0,226.8,0.183409,0.15909
0.0,229.08,0.186204,0.161949
0.0,231.18,0.188434,0.164075
0.0,233.45,0.190477,0.166037
0.0,235.55,0.192233,0.167482
0.0,237.83,0.192488,0.16799
0.0,240.1,0.191518,0.166992
0.0,242.2,0.189263,0.164571
0.0,244.48,0.186395,0.162035
0.0,246.75,0.182294,0.15795
0.0,249.03,0.175818,0.151589
0.0,251.13,0.167319,0.143175
0.0,253.4,0.156832,0.132741
0.0,255.68,0.143563,0.119485
0.0,257.95,0.128024,0.104466
0.0,260.23,0.110178,0.086712
0.0,262.33,0.090027,0.066749
0.0,264.6,0.067889,0.04479
0.0,266.88,0.044583,0.02186
0.0,269.15,0.019174,-0.003248
0.0,271.25,-0.00903,-0.031125
0.0,273.53,-0.040133,-0.06172
0.0,275.8,-0.074354,-0.095543
0.0,277.9,-0.112678,-0.133402
0.0,280.18,-0.153848,-0.174141
0.0,282.45,-0.198944,-0.218365
0.0,284.55,-0.244615,-0.26374
0.0,286.83,-0.292323,-0.31057
0.0,288.93,-0.340924,-0.358629
0.0,291.2,-0.391004,-0.407945
0.0,293.3,-0.439578,-0.455835
0.0,295.58,-0.486941,-0.502619
0.0,297.68,-0.531999,-0.547243
0.0,299.95,-0.574301,-0.589116
0.0,302.23,-0.613219,-0.627347
0.0,304.5,-0.645456,-0.659461
0.0,306.78,-0.673271,-0.686546
0.0,308.88,-0.695095,-0.70825
0.0,311.15,-0.71052,-0.723361
0.0,313.43,-0.71882,-0.731648
0.0,315.53,-0.720653,-0.7337
0.0,317.8,-0.715952,-0.728752
0.0,320.08,-0.705255,-0.718315
0.0,322.35,-0.688589,-0.701475
0.0,324.45,-0.66727,-0.680909
0.0,326.73,-0.641793,-0.655699
0.0,329.0,-0.613232,-0.627532
0.0,331.1,-0.581611,-0.596309
0.0,333.38,-0.548256,-0.563429
0.0,335.65,-0.515071,-0.530829
0.0,337.75,-0.480779,-0.496892
0.0,340.03,-0.447027,-0.463447
0.0,342.13,-0.415077,-0.432055
0.0,344.4,-0.384159,-0.401316
0.0,346.5,-0.355277,-0.372825
0.0,348.78,-0.330065,-0.347989
0.0,351.05,-0.30761,-0.325998
0.0,353.15,-0.28785,-0.306331
0.0,355.43,-0.271692,-0.29025
0.0,357.7,-0.25895,-0.277801
0.0,359.63,-0.249181,-0.26818
0.0,362.08,-0.24184,-0.260955
0.0,364.35,-0.237311,-0.256513
0.0,366.63,-0.234286,-0.253457
0.0,368.73,-0.232117,-0.251402
0.0,371.0,-0.231032,-0.250148
0.0,373.28,-0.230275,-0.249501
0.0,375.38,-0.22935,-0.248629
0.0,377.83,-0.22732,-0.24663
0.0,380.1,-0.225198,-0.244566
0.0,382.2,-0.220915,-0.240333
0.0,384.48,-0.214631,-0.234258
0.0,386.75,-0.206005,-0.225321
0.0,389.03,-0.196017,-0.215629
0.0,391.13,-0.185154,-0.20476
0.0,393.4,-0.173189,-0.193192
0.0,395.68,-0.161319,-0.181433
0.0,397.95,-0.150028,-0.170265
0.0,400.05,-0.14017,-0.160506
0.0,402.33,-0.130355,-0.151008
0.0,404.6,-0.120296,-0.140934
0.0,406.7,-0.110167,-0.130786
0.0,408.98,-0.100087,-0.120996
0.0,411.25,-0.091757,-0.112866
0.0,413.35,-0.084693,-0.10582
0.0,415.63,-0.078528,-0.099563
0.0,417.9,-0.072348,-0.093562
0.0,420.0,-0.067616,-0.088805
0.0,422.28,-0.063651,-0.084828
0.0,424.38,-0.060817,-0.082157
0.0,426.65,-0.058574,-0.079865
0.0,428.93,-0.056532,-0.077995
0.0,431.2,-0.05395,-0.075685
0.0,433.3,-0.051535,-0.073186
0.0,435.58,-0.049733,-0.071405
0.0,437.85,-0.049224,-0.070891
0.0,439.95,-0.049994,-0.071547
0.0,442.23,-0.052317,-0.073796
0.0,444.5,-0.055799,-0.077274
0.0,446.78,-0.059748,-0.081134
0.0,448.88,-0.064394,-0.085586
0.0,451.15,-0.067678,-0.088747
0.0,453.43,-0.069964,-0.091264
0.0,455.53,-0.072028,-0.093322
0.0,457.8,-0.075093,-0.096341
0.0,460.08,-0.079572,-0.100644
0.0,462.18,-0.0846,-0.105672
0.0,464.45,-0.091008,-0.111917
0.0,466.73,-0.098241,-0.119172
0.0,468.83,-0.107598,-0.128445
0.0,471.1,-0.119702,-0.140389
0.0,473.2,-0.133861,-0.154446
0.0,475.48,-0.149381,-0.169856
0.0,477.75,-0.167379,-0.187373
0.0,479.85,-0.187902,-0.207625
0.0,482.13,-0.210734,-0.230056
0.0,484.4,-0.235404,-0.254397
0.0,486.68,-0.261824,-0.280555
0.0,488.78,-0.290404,-0.308765
0.0,491.05,-0.321565,-0.339501
0.0,493.33,-0.353833,-0.371374
0.0,495.43,-0.386781,-0.40387
0.0,497.7,-0.420795,-0.437557
0.0,499.8,-0.454526,-0.47065
0.0,502.08,-0.488013,-0.503725
0.0,504.35,-0.520564,-0.535838
0.0,506.63,-0.550967,-0.566044
0.0,508.73,-0.579723,-0.594116
0.0,511.0,-0.605219,-0.61947
0.0,513.28,-0.626827,-0.640979
0.0,515.38,-0.645043,-0.658724
0.0,517.65,-0.659008,-0.672668
0.0,519.93,-0.668617,-0.681987
0.0,522.03,-0.673841,-0.687187
0.0,524.3,-0.674168,-0.687655
0.0,526.58,-0.67044,-0.683857
0.0,528.68,-0.661765,-0.67548
0.0,530.95,-0.649445,-0.663345
0.0,533.05,-0.633918,-0.647849
0.0,535.33,-0.61545,-0.629519
0.0,537.6,-0.594076,-0.608573
0.0,539.7,-0.570228,-0.585074
0.0,541.98,-0.545471,-0.560647
0.0,544.25,-0.519522,-0.534969
0.0,546.53,-0.492936,-0.508728
0.0,548.63,-0.466602,-0.482844
0.0,550.9,-0.441476,-0.457967
0.0,553.18,-0.417163,-0.434144
0.0,555.28,-0.39313,-0.410123
0.0,557.55,-0.370256,-0.387643
0.0,559.83,-0.34886,-0.36651
0.0,561.93,-0.329205,-0.34707
0.0,564.2,-0.311297,-0.329532
0.0,566.48,-0.293823,-0.312101
0.0,568.58,-0.277212,-0.295983
0.0,570.85,-0.261975,-0.280943
0.0,572.95,-0.24675,-0.265897
0.0,575.23,-0.231824,-0.251091
0.0,577.33,-0.216267,-0.235481
0.0,579.6,-0.200031,-0.219449
0.0,581.7,-0.183192,-0.202961
0.0,583.98,-0.166624,-0.18676
0.0,586.25,-0.151094,-0.171233
0.0,588.35,-0.136603,-0.15688
0.0,590.63,-0.123331,-0.143888
0.0,592.9,-0.110358,-0.130996
0.0,595.0,-0.098691,-0.119514
0.0,597.28,-0.088932,-0.110108
0.0,599.55,-0.081054,-0.102213
0.0,601.65,-0.074126,-0.09549
0.0,603.92,-0.069668,-0.0909
0.0,606.2,-0.066489,-0.087709
0.0,608.47,-0.063691,-0.08509
0.0,610.57,-0.0609,-0.082425
0.0,612.85,-0.057761,-0.079193
0.0,615.12,-0.053137,-0.074717
0.0,617.22,-0.047665,-0.069295
0.0,619.5,-0.042872,-0.064529
0.0,621.6,-0.038999,-0.060592
0.0,623.87,-0.037151,-0.058858
0.0,626.15,-0.037376,-0.059055
0.0,628.25,-0.038993,-0.060731
0.0,630.52,-0.04123,-0.06285
0.0,632.8,-0.043919,-0.06546
0.0,635.07,-0.046393,-0.06818
0.0,637.17,-0.049391,-0.07086
0.0,639.45,-0.052136,-0.073617
0.0,641.72,-0.054739,-0.076048
0.0,643.82,-0.056464,-0.077906
0.0,646.1,-0.057096,-0.078414
0.0,648.37,-0.056911,-0.078411
0.0,650.65,-0.055608,-0.077055
0.0,652.75,-0.053895,-0.075318
0.0,655.02,-0.052662,-0.074046
0.0,657.12,-0.052585,-0.073901
0.0,659.4,-0.053436,-0.075179
0.0,661.67,-0.05501,-0.076735
0.0,663.77,-0.056341,-0.077807
0.0,666.05,-0.057441,-0.078799
0.0,668.32,-0.058476,-0.079908
0.0,670.42,-0.06062,-0.081926
0.0,672.7,-0.06354,-0.084837
0.0,674.97,-0.067108,-0.088254
0.0,677.07,-0.070771,-0.091861
0.0,679.52,-0.073719,-0.094776
0.0,681.62,-0.077012,-0.098047
0.0,683.9,-0.079954,-0.101137
0.0,686.17,-0.082148,-0.103355
0.0,688.45,-0.082428,-0.103454
36.05,11.55,-0.123559,-0.144132
36.05,13.65,-0.12431,-0.144785
36.05,16.1,-0.126208,-0.146932
36.05,18.38,-0.128525,-0.148996
36.05,20.48,-0.130296,-0.150623
36.05,22.75,-0.131538,-0.15192
36.05,25.03,-0.132656,-0.153023
36.05,27.13,-0.13363,-0.154123
36.05,29.4,-0.135108,-0.155515
36.05,31.5,-0.136797,-0.157253
36.05,33.78,-0.139717,-0.159985
36.05,36.05,-0.143047,-0.1633
36.05,38.15,-0.146248,-0.166541
36.05,40.43,-0.149369,-0.169511
36.05,42.7,-0.153479,-0.173565
36.05,44.98,-0.157003,-0.177037
36.05,47.08,-0.159258,-0.179437
36.05,49.35,-0.1596,-0.179776
36.05,51.63,-0.160305,-0.1805
36.05,53.9,-0.162431,-0.18232
36.05,56.0,-0.165922,-0.185823
36.05,58.28,-0.17086,-0.190798
36.05,60.55,-0.178374,-0.198189
36.05,62.65,-0.188549,-0.208183
36.05,64.93,-0.200604,-0.220096
36.05,67.2,-0.214218,-0.233593
36.05,69.3,-0.228626,-0.24781
36.05,71.58,-0.244276,-0.2631
36.05,73.85,-0.262228,-0.280826
36.05,75.95,-0.282117,-0.300666
36.05,78.23,-0.30509,-0.323374
36.05,80.5,-0.329785,-0.347526
36.05,82.6,-0.355071,-0.372477
36.05,84.88,-0.382055,-0.399202
36.05,86.98,-0.411054,-0.427899
36.05,89.25,-0.441245,-0.457597
36.05,91.53,-0.473586,-0.489421
36.05,93.63,-0.508626,-0.524042
36.05,95.9,-0.543074,-0.55817
36.05,98.0,-0.579045,-0.593651
36.05,100.28,-0.615406,-0.629448
36.05,102.38,-0.651599,-0.665172
36.05,104.65,-0.687455,-0.700668
36.05,106.93,-0.722181,-0.734846
36.05,109.2,-0.754467,-0.766817
36.05,111.3,-0.784091,-0.79593
36.05,113.58,-0.808422,-0.819993
36.05,115.85,-0.82743,-0.838863
36.05,118.13,-0.839969,-0.851142
36.05,120.23,-0.844642,-0.855767
36.05,122.5,-0.841765,-0.852972
36.05,124.6,-0.831444,-0.842821
36.05,126.88,-0.814223,-0.82569
36.05,129.15,-0.788847,-0.80076
36.05,131.25,-0.756919,-0.769214
36.05,133.53,-0.719839,-0.732803
36.05,135.8,-0.677412,-0.690604
36.05,137.9,-0.631479,-0.645557
36.05,140.18,-0.58166,-0.59642
36.05,142.45,-0.530823,-0.546278
36.05,144.55,-0.479378,-0.495576
36.05,146.65,-0.428105,-0.444674
36.05,149.1,-0.377862,-0.395083
36.05,151.2,-0.33033,-0.348371
36.05,153.48,-0.28521,-0.303657
36.05,155.75,-0.242477,-0.261923
36.05,157.85,-0.204236,-0.223713
36.05,160.13,-0.168476,-0.188636
36.05,162.23,-0.13728,-0.157727
36.05,164.5,-0.109354,-0.130081
36.05,166.78,-0.083768,-0.105025
36.05,168.88,-0.062336,-0.083587
36.05,171.15,-0.044107,-0.06558
36.05,173.43,-0.027795,-0.049696
36.05,175.53,-0.012841,-0.034828
36.05,177.8,0.000837,-0.021353
36.05,180.08,0.013157,-0.009308
36.05,182.18,0.024281,0.001826
36.05,184.45,0.034519,0.012033
36.05,186.73,0.043545,0.020871
36.05,188.83,0.051302,0.028388
36.05,191.1,0.058428,0.035523
36.05,193.55,0.065862,0.042747
36.05,195.65,0.070689,0.047744
36.05,197.93,0.075452,0.052448
36.05,200.2,0.080113,0.057057
36.05,202.65,0.085249,0.061971
36.05,204.75,0.090153,0.066749
36.05,207.03,0.09438,0.070886
36.05,209.13,0.097729,0.074294
36.05,211.4,0.100893,0.077408
36.05,213.68,0.103656,0.080323
36.05,215.78,0.107035,0.083394
36.05,218.05,0.110936,0.087488
36.05,220.33,0.115483,0.091838
36.05,222.78,0.11913,0.095526
36.05,225.05,0.120714,0.097146
36.05,227.15,0.120683,0.097322
36.05,229.43,0.119632,0.09608
36.05,231.53,0.11788,0.094429
36.05,233.8,0.115686,0.092032
36.05,236.08,0.112682,0.089124
36.05,238.35,0.10974,0.086216
36.05,240.63,0.107362,0.083939
36.05,242.73,0.104867,0.081552
36.05,245.0,0.101832,0.078403
36.05,247.28,0.097695,0.07434
36.05,249.38,0.092396,0.069023
36.05,251.65,0.085341,0.062242
36.05,253.93,0.078015,0.054999
36.05,256.03,0.069488,0.046604
36.05,258.3,0.060353,0.037485
36.05,260.58,0.049842,0.026974
36.05,262.68,0.036835,0.014371
36.05,264.95,0.020729,-0.001476
36.05,267.23,0.002297,-0.019696
36.05,269.5,-0.018399,-0.040142
36.05,271.78,-0.041023,-0.062511
36.05,273.88,-0.064582,-0.085666
36.05,276.15,-0.091233,-0.112142
36.05,278.25,-0.121713,-0.142219
36.05,280.53,-0.154095,-0.174381
36.05,282.8,-0.188639,-0.208291
36.05,285.08,-0.227764,-0.246883
36.05,287.18,-0.268485,-0.287071
36.05,289.45,-0.312437,-0.330271
36.05,291.73,-0.357101,-0.374584
36.05,294.0,-0.404948,-0.42167
36.05,296.1,-0.452246,-0.46838
36.05,298.38,-0.4998,-0.515305
36.05,300.65,-0.54471,-0.559615
36.05,302.75,-0.587067,-0.601386
36.05,305.03,-0.625234,-0.639319
36.05,307.3,-0.659039,-0.672563
36.05,309.4,-0.687563,-0.700748
36.05,311.68,-0.710317,-0.723244
36.05,313.95,-0.72573,-0.73845
36.05,316.05,-0.73492,-0.747427
36.05,318.33,-0.737323,-0.749913
36.05,320.43,-0.733145,-0.745656
36.05,322.7,-0.72316,-0.736109
36.05,324.98,-0.707076,-0.720157
36.05,327.25,-0.685736,-0.698909
36.05,329.35,-0.660286,-0.6741
36.05,331.63,-0.632012,-0.646044
36.05,333.9,-0.599837,-0.614276
36.05,336.0,-0.566115,-0.581131
36.05,338.28,-0.533336,-0.548592
36.05,340.55,-0.500074,-0.515798
36.05,342.65,-0.466198,-0.482163
36.05,344.93,-0.43525,-0.451815
36.05,347.2,-0.406242,-0.423266
36.05,349.48,-0.378198,-0.395478
36.05,351.58,-0.352973,-0.370475
36.05,353.85,-0.330579,-0.348598
36.05,356.13,-0.310265,-0.328367
36.05,358.23,-0.292083,-0.310299
36.05,360.5,-0.276454,-0.295244
36.05,362.95,-0.261584,-0.280459
36.05,365.23,-0.249732,-0.26879
36.05,367.33,-0.239193,-0.258263
36.05,369.6,-0.229507,-0.248713
36.05,371.88,-0.219825,-0.239002
36.05,373.98,-0.209917,-0.229363
36.05,376.25,-0.19984,-0.219338
36.05,378.53,-0.189739,-0.209446
36.05,380.8,-0.180127,-0.199877
36.05,382.9,-0.171473,-0.191399
36.05,385.18,-0.16305,-0.183013
36.05,387.45,-0.155364,-0.175447
36.05,389.9,-0.146415,-0.166602
36.05,392.18,-0.13854,-0.158808
36.05,394.28,-0.131221,-0.151599
36.05,396.55,-0.123969,-0.144563
36.05,398.83,-0.11708,-0.137594
36.05,401.1,-0.111618,-0.132092
36.05,403.38,-0.107336,-0.128041
36.05,405.48,-0.103534,-0.12428
36.05,407.75,-0.100185,-0.12094
36.05,409.85,-0.097447,-0.118109
36.05,412.13,-0.095986,-0.116938
36.05,414.4,-0.095213,-0.116097
36.05,416.5,-0.095299,-0.116116
36.05,418.78,-0.09554,-0.11655
36.05,421.05,-0.095999,-0.11696
36.05,423.15,-0.096954,-0.117952
36.05,425.43,-0.098094,-0.118935
36.05,427.53,-0.099594,-0.120327
36.05,429.8,-0.100946,-0.121735
36.05,432.08,-0.101908,-0.122647
36.05,434.18,-0.102619,-0.123432
36.05,436.63,-0.102995,-0.123802
36.05,438.73,-0.103386,-0.124307
36.05,441.0,-0.103371,-0.124156
36.05,443.1,-0.103802,-0.124449
36.05,445.55,-0.104206,-0.124951
36.05,447.65,-0.105093,-0.125946
36.05,449.93,-0.106886,-0.127517
36.05,452.03,-0.109486,-0.13021
36.05,454.3,-0.112826,-0.133439
36.05,456.58,-0.117,-0.137616
36.05,458.68,-0.121556,-0.142025
36.05,460.95,-0.126137,-0.146553
36.05,463.4,-0.132881,-0.153457
36.05,465.5,-0.139588,-0.159837
36.05,467.78,-0.147915,-0.168066
36.05,469.88,-0.156476,-0.176378
36.05,472.15,-0.165031,-0.184982
36.05,474.43,-0.173765,-0.19379
36.05,476.7,-0.183146,-0.202832
36.05,478.8,-0.193774,-0.213355
36.05,481.08,-0.205552,-0.225003
36.05,483.18,-0.219415,-0.23867
36.05,485.45,-0.234332,-0.253408
36.05,487.73,-0.250238,-0.269079
36.05,490.0,-0.268078,-0.286762
36.05,492.1,-0.287995,-0.306525
36.05,494.38,-0.310663,-0.328863
36.05,496.65,-0.335302,-0.353053
36.05,498.75,-0.361479,-0.378953
36.05,501.03,-0.389375,-0.40643
36.05,503.3,-0.417067,-0.433891
36.05,505.4,-0.443703,-0.460105
36.05,507.68,-0.470659,-0.48683
36.05,509.95,-0.497569,-0.513219
36.05,512.05,-0.522831,-0.538096
36.05,514.33,-0.545191,-0.560151
36.05,516.6,-0.565391,-0.580237
36.05,518.7,-0.582717,-0.597326
36.05,520.98,-0.596041,-0.610376
36.05,523.25,-0.6048,-0.619116
36.05,525.35,-0.609279,-0.623469
36.05,527.63,-0.609137,-0.623592
36.05,529.73,-0.604584,-0.618817
36.05,532.0,-0.595684,-0.610015
36.05,534.28,-0.582363,-0.596993
36.05,536.55,-0.565561,-0.580484
36.05,538.65,-0.545927,-0.56101
36.05,540.93,-0.524187,-0.539464
36.05,543.03,-0.499883,-0.515619
36.05,545.3,-0.473004,-0.48906
36.05,547.58,-0.443789,-0.460234
36.05,549.85,-0.416664,-0.433611
36.05,551.95,-0.387502,-0.404615
36.05,554.23,-0.356692,-0.374313
36.05,556.68,-0.328651,-0.34675
36.05,558.78,-0.300693,-0.319021
36.05,561.05,-0.272674,-0.29147
36.05,563.33,-0.246285,-0.265592
36.05,565.43,-0.222906,-0.242095
36.05,567.7,-0.199394,-0.218968
36.05,569.8,-0.177779,-0.197708
36.05,572.08,-0.158232,-0.178442
36.05,574.35,-0.140321,-0.160484
36.05,576.63,-0.123928,-0.144748
36.05,578.9,-0.110007,-0.130558
36.05,581.0,-0.097363,-0.118251
36.05,583.28,-0.086945,-0.107992
36.05,585.55,-0.079394,-0.100466
36.05,587.65,-0.073485,-0.094751
36.05,589.93,-0.069508,-0.090644
36.05,592.2,-0.066251,-0.087357
36.05,594.48,-0.063611,-0.084847
36.05,596.75,-0.062437,-0.083587
36.05,599.03,-0.061797,-0.083029
36.05,601.13,-0.06074,-0.082065
36.05,603.4,-0.059529,-0.080854
36.05,605.68,-0.058725,-0.080065
36.05,607.78,-0.058571,-0.07984
36.05,610.05,-0.058793,-0.080059
36.05,612.15,-0.059344,-0.08066
36.05,614.43,-0.059335,-0.080641
36.05,616.7,-0.058962,-0.080343
36.05,618.8,-0.059369,-0.080768
36.05,621.08,-0.060737,-0.082089
36.05,623.18,-0.06326,-0.084612
36.05,625.45,-0.065894,-0.087173
36.05,627.73,-0.067672,-0.088932
36.05,630.0,-0.06863,-0.089964
36.05,632.28,-0.069452,-0.090694
36.05,634.55,-0.07005,-0.091159
36.05,636.65,-0.071304,-0.092462
36.05,638.93,-0.073365,-0.094505
36.05,641.2,-0.076076,-0.097274
36.05,643.48,-0.07862,-0.099625
36.05,645.58,-0.080598,-0.101633
36.05,647.85,-0.082206,-0.103288
36.05,649.95,-0.083744,-0.104748
36.05,652.23,-0.084209,-0.105078
36.05,654.5,-0.084498,-0.105617
36.05,656.6,-0.085013,-0.105931
36.05,658.88,-0.086039,-0.107126
36.05,660.98,-0.087561,-0.108463
36.05,663.43,-0.089304,-0.110216
36.05,665.7,-0.089859,-0.110949
36.05,667.8,-0.089052,-0.110031
36.05,669.9,-0.088331,-0.109338
36.05,672.18,-0.088312,-0.109224
36.05,674.45,-0.090087,-0.111076
36.05,676.73,-0.092776,-0.113725
36.05,679.0,-0.096023,-0.116932
36.05,681.1,-0.099141,-0.11997
36.05,683.38,-0.10192,-0.122798
36.05,685.65,-0.10314,-0.123713
36.05,687.93,-0.103001,-0.123781
72.1,11.55,-0.191073,-0.210897
72.1,13.65,-0.192647,-0.21236
72.1,15.93,-0.194292,-0.213876
72.1,18.2,-0.196029,-0.215567
72.1,20.48,-0.197961,-0.21752
72.1,22.75,-0.199794,-0.21936
72.1,24.85,-0.200305,-0.219772
72.1,27.13,-0.200419,-0.219871
72.1,29.23,-0.199498,-0.218978
72.1,31.5,-0.196975,-0.216498
72.1,33.78,-0.193488,-0.213032
72.1,36.05,-0.189021,-0.208636
72.1,38.15,-0.184467,-0.204317
72.1,40.43,-0.180256,-0.199967
72.1,42.53,-0.177656,-0.197591
72.1,44.8,-0.177354,-0.197252
72.1,46.9,-0.179862,-0.199692
72.1,49.18,-0.184156,-0.20379
72.1,51.45,-0.188771,-0.20838
72.1,53.55,-0.193848,-0.213408
72.1,55.83,-0.19903,-0.218537
72.1,58.1,-0.203928,-0.223177
72.1,60.2,-0.208275,-0.227665
72.1,62.48,-0.212098,-0.231479
72.1,64.58,-0.215379,-0.234575
72.1,66.85,-0.218808,-0.238081
72.1,69.13,-0.223352,-0.24244
72.1,71.23,-0.229871,-0.248993
72.1,73.33,-0.23915,-0.258315
72.1,75.6,-0.251513,-0.270539
72.1,77.88,-0.266057,-0.284889
72.1,80.15,-0.282961,-0.301303
72.1,82.25,-0.301485,-0.319757
72.1,84.53,-0.321772,-0.339818
72.1,86.8,-0.34386,-0.361417
72.1,88.9,-0.368013,-0.385314
72.1,91.18,-0.394104,-0.411097
72.1,93.45,-0.421152,-0.437705
72.1,95.73,-0.44882,-0.465019
72.1,98.0,-0.478269,-0.494079
72.1,100.28,-0.511704,-0.527132
72.1,102.55,-0.54374,-0.558768
72.1,104.65,-0.576756,-0.591405
72.1,106.93,-0.608962,-0.623336
72.1,109.03,-0.639057,-0.652739
72.1,111.3,-0.666636,-0.680111
72.1,113.58,-0.691916,-0.705077
72.1,115.68,-0.712745,-0.725853
72.1,117.95,-0.729026,-0.741783
72.1,120.23,-0.74069,-0.753188
72.1,122.33,-0.747122,-0.759593
72.1,124.6,-0.747036,-0.759297
72.1,126.88,-0.739303,-0.75194
72.1,128.98,-0.724873,-0.737569
72.1,131.25,-0.702763,-0.715668
72.1,133.53,-0.672816,-0.686192
72.1,135.63,-0.63666,-0.650607
72.1,138.43,-0.583207,-0.597766
72.1,140.7,-0.536426,-0.551688
72.1,142.8,-0.487067,-0.503102
72.1,145.08,-0.43528,-0.451842
72.1,147.35,-0.381996,-0.399125
72.1,149.63,-0.329541,-0.347536
72.1,151.73,-0.277206,-0.295706
72.1,154.0,-0.226984,-0.24634
72.1,156.1,-0.177912,-0.197973
72.1,158.38,-0.135164,-0.155607
72.1,160.65,-0.094843,-0.115879
72.1,162.75,-0.059668,-0.081079
72.1,165.03,-0.029985,-0.051818
72.1,167.3,-0.003152,-0.02538
72.1,169.4,0.019713,-0.002724
72.1,171.68,0.038591,0.015997
72.1,173.95,0.054438,0.031731
72.1,176.05,0.06669,0.043582
72.1,178.33,0.075227,0.052103
72.1,180.6,0.081121,0.057972
72.1,182.7,0.084001,0.060569
72.1,184.8,0.085357,0.062245
72.1,187.25,0.086037,0.062833
72.1,189.35,0.086241,0.063086
72.1,191.63,0.085661,0.062445
72.1,193.9,0.083594,0.060304
72.1,196.18,0.080874,0.05779
72.1,198.28,0.078468,0.05544
72.1,200.55,0.076761,0.05356
72.1,202.83,0.075298,0.052214
72.1,204.93,0.074827,0.051737
72.1,207.2,0.075307,0.0521
72.1,209.48,0.075689,0.052778
72.1,211.58,0.074716,0.051632
72.1,213.85,0.072236,0.049186
72.1,216.13,0.068702,0.045772
72.1,218.23,0.06353,0.040514
72.1,220.5,0.058058,0.035301
72.1,222.6,0.054599,0.031955
72.1,225.05,0.053018,0.03031
72.1,227.15,0.052858,0.030236
72.1,229.43,0.052661,0.029814
72.1,231.53,0.051577,0.028813
72.1,233.8,0.050104,0.027384
72.1,236.08,0.048918,0.026179
72.1,238.18,0.048252,0.025563
72.1,240.45,0.047516,0.024842
72.1,242.73,0.046225,0.023314
72.1,244.83,0.043782,0.021198
72.1,247.1,0.039223,0.016604
72.1,249.2,0.033795,0.011262
72.1,251.48,0.029768,0.007344
72.1,253.75,0.026238,0.004029
72.1,255.85,0.023049,0.000634
72.1,258.13,0.018505,-0.003919
72.1,260.23,0.01117,-0.011147
72.1,262.5,0.00263,-0.019304
72.1,264.78,-0.006735,-0.028731
72.1,267.05,-0.01696,-0.038787
72.1,269.15,-0.029637,-0.051288
72.1,271.6,-0.043852,-0.065635
72.1,273.7,-0.060571,-0.081852
72.1,275.98,-0.080931,-0.101741
72.1,278.25,-0.103605,-0.124314
72.1,280.35,-0.128057,-0.148232
72.1,282.63,-0.15358,-0.173651
72.1,284.9,-0.181143,-0.201017
72.1,287.0,-0.211658,-0.230995
72.1,289.28,-0.242465,-0.261387
72.1,291.55,-0.276975,-0.295348
72.1,293.83,-0.314658,-0.332566
72.1,295.93,-0.352338,-0.369803
72.1,298.2,-0.392446,-0.409304
72.1,300.3,-0.433272,-0.449883
72.1,302.58,-0.473219,-0.489218
72.1,304.85,-0.513891,-0.529304
72.1,306.78,-0.552381,-0.567428
72.1,309.23,-0.589116,-0.603416
72.1,311.5,-0.621549,-0.635613
72.1,313.6,-0.648617,-0.662249
72.1,315.88,-0.671158,-0.684547
72.1,318.15,-0.687005,-0.700027
72.1,320.25,-0.695785,-0.708955
72.1,322.53,-0.698336,-0.711408
72.1,324.8,-0.693918,-0.707122
72.1,326.9,-0.683789,-0.696817
72.1,329.18,-0.667329,-0.680677
72.1,331.28,-0.646056,-0.659938
72.1,333.55,-0.621158,-0.635354
72.1,335.83,-0.592375,-0.607042
72.1,337.93,-0.560653,-0.575579
72.1,340.2,-0.527899,-0.543269
72.1,342.48,-0.494322,-0.510089
72.1,344.4,-0.459174,-0.475397
72.1,346.85,-0.426651,-0.443253
72.1,349.13,-0.394239,-0.411276
72.1,351.23,-0.363025,-0.380512
72.1,353.5,-0.333586,-0.351494
72.1,355.78,-0.305336,-0.323552
72.1,357.88,-0.278568,-0.297175
72.1,360.15,-0.253941,-0.272998
72.1,362.43,-0.23147,-0.250774
72.1,364.53,-0.210456,-0.229649
72.1,366.8,-0.190096,-0.209748
72.1,368.9,-0.172231,-0.192293
72.1,371.18,-0.155977,-0.176193
72.1,373.45,-0.141824,-0.162225
72.1,375.55,-0.129637,-0.150053
72.1,377.83,-0.119005,-0.139545
72.1,380.1,-0.110235,-0.130866
72.1,382.38,-0.103359,-0.124196
72.1,384.48,-0.099036,-0.119991
72.1,386.75,-0.096633,-0.117416
72.1,389.03,-0.095521,-0.116476
72.1,391.13,-0.095672,-0.116655
72.1,393.4,-0.096806,-0.118023
72.1,395.68,-0.098482,-0.119307
72.1,397.78,-0.100487,-0.121184
72.1,400.05,-0.10151,-0.122117
72.1,402.33,-0.100697,-0.121593
72.1,404.6,-0.098716,-0.11964
72.1,406.7,-0.096433,-0.117444
72.1,408.98,-0.094317,-0.115306
72.1,411.25,-0.093987,-0.114994
72.1,413.35,-0.09456,-0.115527
72.1,415.63,-0.094736,-0.115765
72.1,417.9,-0.093368,-0.114261
72.1,420.18,-0.090389,-0.111399
72.1,422.28,-0.086818,-0.10777
72.1,424.55,-0.083956,-0.105148
72.1,426.83,-0.081248,-0.102407
72.1,428.93,-0.077434,-0.098473
72.1,431.2,-0.072262,-0.093417
72.1,433.48,-0.067709,-0.088987
72.1,435.58,-0.064421,-0.085657
72.1,437.85,-0.063935,-0.08521
72.1,440.13,-0.066849,-0.088164
72.1,442.23,-0.072367,-0.093389
72.1,444.5,-0.080232,-0.101236
72.1,446.78,-0.087995,-0.109184
72.1,448.88,-0.095148,-0.116116
72.1,451.15,-0.101861,-0.122826
72.1,453.43,-0.109286,-0.130053
72.1,455.53,-0.117062,-0.137801
72.1,457.8,-0.125635,-0.146042
72.1,459.9,-0.134622,-0.155047
72.1,462.18,-0.142687,-0.163041
72.1,464.45,-0.148898,-0.169289
72.1,466.55,-0.153583,-0.173805
72.1,468.83,-0.157434,-0.17753
72.1,471.1,-0.161199,-0.181208
72.1,473.2,-0.166082,-0.186066
72.1,475.48,-0.172761,-0.192517
72.1,477.75,-0.181033,-0.200761
72.1,479.85,-0.190946,-0.210694
72.1,482.13,-0.202428,-0.222003
72.1,484.23,-0.215515,-0.234834
72.1,486.5,-0.229686,-0.248938
72.1,488.78,-0.244942,-0.264008
72.1,491.05,-0.260949,-0.279815
72.1,493.33,-0.277061,-0.295499
72.1,495.43,-0.293244,-0.31142
72.1,497.7,-0.309661,-0.327933
72.1,499.8,-0.325894,-0.343719
72.1,502.08,-0.342151,-0.359597
72.1,504.35,-0.359338,-0.376812
72.1,506.45,-0.376725,-0.394011
72.1,508.73,-0.393531,-0.410462
72.1,511.0,-0.409849,-0.426614
72.1,513.1,-0.424858,-0.44147
72.1,515.38,-0.438768,-0.455308
72.1,517.48,-0.450823,-0.467227
72.1,519.75,-0.461245,-0.47723
72.1,522.03,-0.469211,-0.485336
72.1,524.3,-0.474125,-0.489886
72.1,526.4,-0.475277,-0.491251
72.1,528.68,-0.473016,-0.489116
72.1,530.95,-0.466565,-0.482822
72.1,533.23,-0.456698,-0.472554
72.1,535.33,-0.443638,-0.46016
72.1,537.6,-0.428025,-0.44459
72.1,540.05,-0.405089,-0.421978
72.1,542.33,-0.382499,-0.399643
72.1,544.6,-0.357511,-0.375126
72.1,546.7,-0.332332,-0.350213
72.1,548.98,-0.302798,-0.321266
72.1,551.25,-0.27561,-0.294215
72.1,553.53,-0.24769,-0.266615
72.1,555.8,-0.219806,-0.239129
72.1,558.25,-0.186883,-0.206701
72.1,560.53,-0.162471,-0.18244
72.1,562.63,-0.138984,-0.159119
72.1,564.9,-0.117311,-0.137992
72.1,567.35,-0.094591,-0.11562
72.1,569.63,-0.079529,-0.100685
72.1,571.73,-0.06667,-0.088087
72.1,574.0,-0.057573,-0.078907
72.1,576.28,-0.049665,-0.071402
72.1,578.55,-0.04501,-0.066393
72.1,580.83,-0.041267,-0.062918
72.1,583.1,-0.038775,-0.060583
72.1,585.55,-0.037228,-0.05908
72.1,587.65,-0.036861,-0.058399
72.1,589.93,-0.037145,-0.058848
72.1,592.03,-0.03789,-0.059529
72.1,594.65,-0.040127,-0.061747
72.1,596.93,-0.042404,-0.064021
72.1,599.03,-0.045527,-0.067062
72.1,601.3,-0.049381,-0.070922
72.1,603.93,-0.055718,-0.077271
72.1,606.2,-0.060768,-0.082046
72.1,608.3,-0.065358,-0.086584
72.1,610.58,-0.069153,-0.090416
72.1,613.2,-0.072801,-0.094095
72.1,615.3,-0.076849,-0.09798
72.1,617.58,-0.081341,-0.102391
72.1,619.85,-0.085219,-0.106335
72.1,622.48,-0.089729,-0.110583
72.1,624.58,-0.093112,-0.113972
72.1,626.85,-0.096276,-0.117268
72.1,629.13,-0.099289,-0.120093
72.1,631.23,-0.103121,-0.123691
72.1,633.5,-0.105925,-0.126489
72.1,635.78,-0.107308,-0.127869
72.1,637.88,-0.108885,-0.12964
72.1,640.15,-0.110968,-0.131707
72.1,642.43,-0.114936,-0.135481
72.1,644.7,-0.119141,-0.139763
72.1,646.8,-0.12322,-0.143694
72.1,649.08,-0.126094,-0.14667
72.1,651.35,-0.128571,-0.148814
72.1,653.45,-0.130059,-0.150574
72.1,655.73,-0.131408,-0.151858
72.1,658.0,-0.133078,-0.153513
72.1,660.1,-0.134896,-0.155426
72.1,662.38,-0.136002,-0.156341
72.1,664.48,-0.136541,-0.156978
72.1,666.75,-0.135919,-0.156316
72.1,668.85,-0.13407,-0.154588
72.1,671.13,-0.131205,-0.151716
72.1,673.4,-0.128392,-0.148811
72.1,675.68,-0.125959,-0.14643
72.1,677.78,-0.124046,-0.144637
72.1,680.05,-0.122678,-0.143211
72.1,682.15,-0.120832,-0.141504
72.1,684.43,-0.118771,-0.139153
72.1,686.7,-0.116975,-0.137662
108.15,11.2,-0.247622,-0.266541
108.15,13.3,-0.251245,-0.270071
108.15,15.58,-0.25452,-0.273374
108.15,17.85,-0.256263,-0.275062
108.15,20.13,-0.256858,-0.275697
108.15,22.23,-0.25634,-0.275305
108.15,24.5,-0.255626,-0.274387
108.15,26.78,-0.254347,-0.273059
108.15,28.88,-0.252982,-0.271895
108.15,31.15,-0.250986,-0.269905
108.15,33.43,-0.248448,-0.267351
108.15,35.7,-0.244125,-0.263023
108.15,37.8,-0.238639,-0.257813
108.15,40.08,-0.232678,-0.251756
108.15,42.18,-0.226806,-0.24602
108.15,44.45,-0.222413,-0.241796
108.15,46.55,-0.218682,-0.237905
108.15,48.83,-0.21557,-0.234643
108.15,51.1,-0.211852,-0.231128
108.15,53.2,-0.206344,-0.225857
108.15,55.48,-0.200188,-0.219708
108.15,57.75,-0.195081,-0.214677
108.15,59.85,-0.192215,-0.211941
108.15,61.95,-0.19301,-0.212631
108.15,64.23,-0.196837,-0.216257
108.15,66.5,-0.202376,-0.221769
108.15,68.6,-0.209055,-0.228438
108.15,71.05,-0.216082,-0.235336
108.15,72.8,-0.223922,-0.243007
108.15,75.43,-0.231547,-0.250487
108.15,77.53,-0.239058,-0.258087
108.15,79.8,-0.246085,-0.265077
108.15,82.08,-0.253023,-0.271809
108.15,84.35,-0.262406,-0.281174
108.15,86.45,-0.274948,-0.29342
108.15,88.73,-0.291371,-0.309668
108.15,91.0,-0.311211,-0.329061
108.15,93.1,-0.332243,-0.350019
108.15,95.38,-0.355339,-0.372773
108.15,97.65,-0.380681,-0.397841
108.15,99.75,-0.408136,-0.424948
108.15,102.03,-0.434597,-0.451007
108.15,104.3,-0.461522,-0.477579
108.15,106.4,-0.488928,-0.504563
108.15,108.68,-0.514754,-0.530243
108.15,110.43,-0.538703,-0.55358
108.15,113.05,-0.561756,-0.576765
108.15,115.33,-0.583678,-0.598114
108.15,117.43,-0.601777,-0.616177
108.15,119.88,-0.615594,-0.62975
108.15,121.98,-0.623293,-0.637464
108.15,124.25,-0.625354,-0.639319
108.15,126.53,-0.621365,-0.635536
108.15,128.63,-0.610018,-0.624341
108.15,130.9,-0.591017,-0.605733
108.15,133.0,-0.564948,-0.579948
108.15,135.28,-0.532988,-0.548204
108.15,137.55,-0.495441,-0.511355
108.15,139.65,-0.452844,-0.469144
108.15,141.93,-0.407847,-0.424938
108.15,144.2,-0.359554,-0.377018
108.15,146.3,-0.311695,-0.329692
108.15,148.75,-0.258321,-0.277135
108.15,151.03,-0.210755,-0.230231
108.15,153.13,-0.163827,-0.183925
108.15,155.4,-0.119785,-0.140364
108.15,157.85,-0.070327,-0.091618
108.15,160.13,-0.031603,-0.053466
108.15,162.4,0.004303,-0.01802
108.15,164.5,0.036684,0.013946
108.15,166.78,0.063453,0.040458
108.15,169.05,0.085079,0.061854
108.15,171.33,0.101971,0.078542
108.15,173.43,0.113271,0.089491
108.15,176.23,0.120409,0.096543
108.15,178.5,0.121814,0.097981
108.15,180.6,0.121247,0.097501
108.15,182.88,0.119734,0.095886
108.15,185.33,0.116539,0.093086
108.15,187.6,0.112907,0.089454
108.15,189.7,0.107969,0.084596
108.15,191.98,0.101,0.077689
108.15,194.43,0.091533,0.068326
108.15,196.7,0.082125,0.058909
108.15,198.8,0.073086,0.050082
108.15,201.08,0.065739,0.042704
108.15,203.18,0.059146,0.036148
108.15,205.45,0.054408,0.031549
108.15,207.73,0.051299,0.028511
108.15,210.0,0.049491,0.026712
108.15,212.1,0.048077,0.025434
108.15,214.38,0.04593,0.023234
108.15,216.48,0.042094,0.019497
108.15,218.75,0.036284,0.013906
108.15,221.03,0.029747,0.007353
108.15,223.13,0.02219,-0.000115
108.15,225.4,0.015591,-0.006624
108.15,227.5,0.00909,-0.013149
108.15,229.78,0.003542,-0.01851
108.15,232.05,-0.001399,-0.023411
108.15,234.33,-0.005287,-0.027447
108.15,236.43,-0.007943,-0.030047
108.15,238.7,-0.009844,-0.031717
108.15,240.98,-0.010571,-0.032419
108.15,243.25,-0.010503,-0.032518
108.15,245.35,-0.010913,-0.032943
108.15,247.63,-0.011797,-0.033741
108.15,249.9,-0.014252,-0.036264
108.15,252.18,-0.018054,-0.039899
108.15,254.28,-0.023143,-0.044921
108.15,256.55,-0.029881,-0.051609
108.15,258.83,-0.037743,-0.059354
108.15,261.1,-0.044126,-0.065765
108.15,263.2,-0.050386,-0.071837
108.15,265.48,-0.055669,-0.077055
108.15,267.58,-0.059856,-0.081248
108.15,269.85,-0.065262,-0.086563
108.15,272.13,-0.072746,-0.094009
108.15,274.23,-0.083799,-0.104813
108.15,276.5,-0.097176,-0.11798
108.15,278.78,-0.112302,-0.132859
108.15,280.88,-0.128867,-0.149406
108.15,283.15,-0.14744,-0.167748
108.15,285.43,-0.168543,-0.18846
108.15,287.53,-0.191991,-0.211769
108.15,289.8,-0.218026,-0.237308
108.15,292.08,-0.245114,-0.26411
108.15,294.18,-0.273713,-0.292148
108.15,296.45,-0.304495,-0.322453
108.15,298.73,-0.334267,-0.352
108.15,301.0,-0.365576,-0.38289
108.15,303.1,-0.397773,-0.41467
108.15,305.38,-0.429248,-0.445767
108.15,307.48,-0.458839,-0.47508
108.15,309.75,-0.488189,-0.503959
108.15,312.03,-0.515872,-0.531087
108.15,314.3,-0.540077,-0.555166
108.15,316.58,-0.560909,-0.575724
108.15,318.68,-0.577951,-0.592652
108.15,320.95,-0.590493,-0.604929
108.15,323.05,-0.597243,-0.611777
108.15,325.33,-0.598022,-0.612381
108.15,327.6,-0.593447,-0.607772
108.15,329.7,-0.583219,-0.598037
108.15,331.98,-0.567514,-0.582378
108.15,334.25,-0.547733,-0.562655
108.15,336.35,-0.523629,-0.539014
108.15,338.63,-0.494766,-0.510551
108.15,340.9,-0.461858,-0.478198
108.15,343.18,-0.427637,-0.444091
108.15,345.28,-0.391494,-0.408706
108.15,347.55,-0.355318,-0.372933
108.15,349.83,-0.319705,-0.337757
108.15,352.1,-0.283823,-0.302326
108.15,354.38,-0.251516,-0.270318
108.15,356.48,-0.222493,-0.242024
108.15,358.75,-0.194526,-0.214267
108.15,360.85,-0.169612,-0.189766
108.15,363.13,-0.148029,-0.168318
108.15,365.4,-0.129754,-0.150312
108.15,367.5,-0.113892,-0.134542
108.15,369.78,-0.101224,-0.122015
108.15,371.88,-0.091908,-0.112801
108.15,374.15,-0.085697,-0.106763
108.15,376.43,-0.082807,-0.103969
108.15,378.7,-0.081045,-0.102182
108.15,380.8,-0.079307,-0.100484
108.15,383.08,-0.07777,-0.098904
108.15,385.18,-0.076905,-0.098072
108.15,387.45,-0.077758,-0.098787
108.15,389.55,-0.080081,-0.101156
108.15,391.83,-0.082659,-0.103771
108.15,394.1,-0.084603,-0.105688
108.15,396.2,-0.086519,-0.107444
108.15,398.3,-0.088614,-0.109692
108.15,400.75,-0.091772,-0.112745
108.15,403.03,-0.096556,-0.117422
108.15,405.13,-0.102142,-0.122949
108.15,407.4,-0.109381,-0.130056
108.15,409.68,-0.116485,-0.136997
108.15,411.78,-0.122363,-0.142672
108.15,414.05,-0.125139,-0.145678
108.15,416.33,-0.126562,-0.14696
108.15,418.43,-0.127536,-0.147952
108.15,420.7,-0.129209,-0.149471
108.15,422.8,-0.131424,-0.151772
108.15,425.08,-0.134369,-0.154899
108.15,427.35,-0.138168,-0.158599
108.15,429.63,-0.14298,-0.163263
108.15,431.73,-0.147924,-0.16822
108.15,434.0,-0.152126,-0.172108
108.15,435.93,-0.156029,-0.176069
108.15,438.55,-0.159403,-0.179532
108.15,440.65,-0.162249,-0.18216
108.15,442.93,-0.164745,-0.184748
108.15,445.2,-0.166904,-0.186756
108.15,447.48,-0.168325,-0.188349
108.15,449.58,-0.17037,-0.190361
108.15,451.85,-0.173094,-0.193217
108.15,454.48,-0.176646,-0.196578
108.15,456.58,-0.179286,-0.199048
108.15,458.85,-0.180395,-0.200238
108.15,461.13,-0.17924,-0.199079
108.15,463.4,-0.177699,-0.197502
108.15,465.5,-0.177397,-0.197043
108.15,467.78,-0.179286,-0.198907
108.15,470.05,-0.182758,-0.20252
108.15,472.15,-0.187397,-0.206954
108.15,474.43,-0.19342,-0.213038
108.15,476.7,-0.199095,-0.218457
108.15,478.8,-0.20375,-0.223029
108.15,481.08,-0.209662,-0.229058
108.15,483.35,-0.217098,-0.236319
108.15,485.63,-0.226214,-0.245382
108.15,487.73,-0.237138,-0.256186
108.15,490.0,-0.248395,-0.267351
108.15,492.1,-0.260268,-0.279119
108.15,494.38,-0.272175,-0.290632
108.15,496.65,-0.284578,-0.302942
108.15,498.93,-0.298445,-0.316698
108.15,501.03,-0.313112,-0.331291
108.15,503.3,-0.327471,-0.345475
108.15,505.58,-0.341417,-0.359011
108.15,507.68,-0.354128,-0.371716
108.15,509.95,-0.366128,-0.383407
108.15,512.23,-0.376661,-0.394011
108.15,514.33,-0.385234,-0.402382
108.15,516.6,-0.391685,-0.408568
108.15,518.88,-0.394649,-0.411685
108.15,520.98,-0.395049,-0.412231
108.15,523.25,-0.393059,-0.410123
108.15,525.53,-0.38833,-0.405635
108.15,527.63,-0.380666,-0.397865
108.15,529.9,-0.369701,-0.3872
108.15,532.18,-0.356115,-0.373685
108.15,534.28,-0.340706,-0.358318
108.15,536.55,-0.323632,-0.341587
108.15,538.83,-0.304236,-0.322594
108.15,540.93,-0.283645,-0.302185
108.15,543.2,-0.262117,-0.280807
108.15,545.48,-0.240435,-0.259517
108.15,547.58,-0.219107,-0.238528
108.15,549.85,-0.196951,-0.216652
108.15,552.13,-0.175108,-0.19513
108.15,554.23,-0.154606,-0.174809
108.15,556.5,-0.134896,-0.155379
108.15,558.78,-0.116088,-0.136944
108.15,560.88,-0.097964,-0.118839
108.15,563.15,-0.081171,-0.102518
108.15,565.43,-0.065531,-0.086843
108.15,567.7,-0.051563,-0.073198
108.15,569.8,-0.039948,-0.061563
108.15,572.08,-0.031535,-0.053257
108.15,574.35,-0.025759,-0.047422
108.15,576.63,-0.022311,-0.044083
108.15,578.9,-0.021427,-0.043272
108.15,581.18,-0.0235,-0.045404
108.15,583.28,-0.026723,-0.048405
108.15,585.73,-0.03086,-0.052702
108.15,587.83,-0.034976,-0.056633
108.15,590.1,-0.04021,-0.062065
108.15,592.38,-0.046218,-0.068069
108.15,594.48,-0.053676,-0.075152
108.15,596.75,-0.062003,-0.083482
108.15,599.03,-0.071091,-0.092179
108.15,601.13,-0.079794,-0.100777
108.15,603.4,-0.087185,-0.108124
108.15,605.68,-0.094375,-0.115241
108.15,607.78,-0.100897,-0.121744
108.15,610.05,-0.10757,-0.128201
108.15,612.33,-0.113439,-0.134116
108.15,614.6,-0.119702,-0.140352
108.15,616.7,-0.125111,-0.145512
108.15,618.98,-0.130195,-0.150629
108.15,621.25,-0.13456,-0.154887
108.15,623.35,-0.137816,-0.158134
108.15,625.63,-0.140487,-0.160755
108.15,627.9,-0.142712,-0.162986
108.15,630.0,-0.145407,-0.165607
108.15,632.28,-0.148513,-0.16867
108.15,634.55,-0.151855,-0.172071
108.15,636.65,-0.155386,-0.17525
108.15,638.93,-0.157308,-0.177388
108.15,641.2,-0.15757,-0.177619
108.15,643.3,-0.156606,-0.176692
108.15,645.58,-0.155016,-0.175121
108.15,647.68,-0.153143,-0.173254
108.15,649.95,-0.151285,-0.171532
108.15,652.23,-0.149132,-0.1694
108.15,654.33,-0.146566,-0.166966
108.15,656.6,-0.143235,-0.163519
108.15,658.7,-0.140503,-0.160774
108.15,660.8,-0.138879,-0.1592
108.15,663.43,-0.139203,-0.159541
108.15,665.53,-0.141267,-0.16167
108.15,667.8,-0.144843,-0.165148
108.15,670.08,-0.148685,-0.168916
108.15,672.18,-0.152194,-0.1722
108.15,674.45,-0.154782,-0.174837
108.15,676.73,-0.155829,-0.175919
108.15,679.0,-0.155235,-0.175389
108.15,681.1,-0.153888,-0.173993
108.15,683.38,-0.152012,-0.172071
108.15,685.65,-0.149477,-0.16964
108.15,687.75,-0.147006,-0.167299
144.2,11.38,-0.318112,-0.335965
144.2,13.65,-0.324021,-0.34187
144.2,15.93,-0.328494,-0.346399
144.2,18.03,-0.330918,-0.348848
144.2,20.3,-0.331106,-0.349054
144.2,22.58,-0.329181,-0.346886
144.2,24.68,-0.325552,-0.343528
144.2,26.95,-0.320432,-0.338475
144.2,29.05,-0.31456,-0.332628
144.2,31.33,-0.307332,-0.325428
144.2,33.6,-0.299517,-0.317871
144.2,35.7,-0.290416,-0.308786
144.2,38.15,-0.282114,-0.300502
144.2,40.43,-0.273706,-0.292277
144.2,42.7,-0.264905,-0.283657
144.2,45.15,-0.256596,-0.275598
144.2,47.25,-0.249276,-0.268281
144.2,49.53,-0.242231,-0.261205
144.2,51.8,-0.236528,-0.255595
144.2,54.08,-0.230934,-0.250185
144.2,56.18,-0.22614,-0.245462
144.2,58.45,-0.22273,-0.241994
144.2,60.73,-0.219532,-0.238861
144.2,63.0,-0.216673,-0.236082
144.2,65.28,-0.214501,-0.233864
144.2,67.38,-0.213063,-0.23236
144.2,69.65,-0.213106,-0.232557
144.2,71.93,-0.215077,-0.234357
144.2,74.03,-0.218509,-0.237816
144.2,76.3,-0.223001,-0.242185
144.2,78.58,-0.228066,-0.247114
144.2,80.68,-0.234446,-0.253445
144.2,82.95,-0.241054,-0.260287
144.2,85.23,-0.247992,-0.267129
144.2,87.5,-0.254286,-0.273075
144.2,89.6,-0.261347,-0.280139
144.2,91.88,-0.268956,-0.287659
144.2,94.15,-0.278284,-0.29691
144.2,96.25,-0.289655,-0.308029
144.2,98.53,-0.302881,-0.320912
144.2,100.63,-0.316347,-0.334255
144.2,102.9,-0.329162,-0.347237
144.2,105.18,-0.343491,-0.361109
144.2,107.28,-0.360324,-0.377647
144.2,109.55,-0.379131,-0.396393
144.2,111.83,-0.398857,-0.415823
144.2,114.1,-0.41777,-0.434523
144.2,116.2,-0.434744,-0.451229
144.2,118.48,-0.44951,-0.465804
144.2,120.75,-0.460521,-0.476768
144.2,122.85,-0.467425,-0.483512
144.2,125.13,-0.469085,-0.485157
144.2,127.4,-0.466112,-0.482388
144.2,129.5,-0.45716,-0.473312
144.2,131.78,-0.442298,-0.458722
144.2,134.05,-0.421269,-0.438081
144.2,136.15,-0.393851,-0.41102
144.2,138.43,-0.359917,-0.377492
144.2,140.7,-0.324138,-0.34216
144.2,142.98,-0.283565,-0.302172
144.2,145.08,-0.241991,-0.261183
144.2,147.35,-0.200275,-0.219853
144.2,149.63,-0.157761,-0.177915
144.2,151.9,-0.116008,-0.136572
144.2,154.0,-0.074696,-0.096002
144.2,156.28,-0.038097,-0.059921
144.2,158.38,-0.003676,-0.025817
144.2,160.65,0.027304,0.004888
144.2,162.93,0.05345,0.030615
144.2,165.03,0.075809,0.052713
144.2,167.3,0.093887,0.070557
144.2,169.58,0.107205,0.083792
144.2,171.68,0.116003,0.092491
144.2,173.95,0.121173,0.09767
144.2,176.23,0.123502,0.099722
144.2,178.5,0.124472,0.100825
144.2,180.6,0.124864,0.101287
144.2,182.88,0.123644,0.099885
144.2,185.15,0.119639,0.095954
144.2,187.43,0.11157,0.08816
144.2,189.7,0.101364,0.077984
144.2,191.8,0.090477,0.067227
144.2,194.08,0.079697,0.056734
144.2,196.35,0.068998,0.046136
144.2,198.63,0.05853,0.035591
144.2,200.73,0.048271,0.025748
144.2,203.0,0.038585,0.015979
144.2,205.1,0.02963,0.007294
144.2,207.38,0.022217,4.5e-05
144.2,209.65,0.017442,-0.004702
144.2,211.93,0.013293,-0.008898
144.2,214.2,0.009143,-0.013208
144.2,216.3,0.004063,-0.018044
144.2,218.58,-0.002795,-0.02484
144.2,220.68,-0.009961,-0.031883
144.2,222.95,-0.018143,-0.040179
144.2,225.23,-0.026211,-0.047974
144.2,227.33,-0.033463,-0.055062
144.2,229.6,-0.039542,-0.061264
144.2,231.88,-0.044859,-0.066412
144.2,234.15,-0.049006,-0.070592
144.2,236.25,-0.053448,-0.074896
144.2,238.53,-0.058494,-0.079905
144.2,240.8,-0.064582,-0.085614
144.2,242.9,-0.071304,-0.092456
144.2,245.18,-0.078257,-0.0994
144.2,247.45,-0.084027,-0.105127
144.2,249.9,-0.086781,-0.10781
144.2,252.0,-0.086587,-0.107684
144.2,254.28,-0.085324,-0.106338
144.2,256.55,-0.084458,-0.105429
144.2,258.65,-0.085139,-0.106304
144.2,260.93,-0.088319,-0.109301
144.2,263.2,-0.094132,-0.114997
144.2,265.3,-0.101088,-0.121781
144.2,267.58,-0.109292,-0.129908
144.2,269.85,-0.11822,-0.138781
144.2,271.95,-0.128017,-0.148429
144.2,274.23,-0.139187,-0.159662
144.2,276.5,-0.150811,-0.171014
144.2,278.6,-0.162379,-0.182428
144.2,280.88,-0.174581,-0.194594
144.2,283.15,-0.186498,-0.206122
144.2,285.25,-0.199166,-0.218817
144.2,287.53,-0.213103,-0.232431
144.2,289.63,-0.227902,-0.247046
144.2,291.9,-0.244286,-0.26322
144.2,294.18,-0.262992,-0.281738
144.2,296.28,-0.282939,-0.301464
144.2,298.55,-0.303941,-0.322083
144.2,300.83,-0.325395,-0.343306
144.2,303.1,-0.347009,-0.364446
144.2,305.2,-0.368595,-0.385844
144.2,307.48,-0.390139,-0.40716
144.2,309.75,-0.411544,-0.428333
144.2,312.03,-0.429381,-0.445977
144.2,314.3,-0.445397,-0.461858
144.2,316.4,-0.459615,-0.475739
144.2,318.68,-0.471362,-0.487418
144.2,320.95,-0.480123,-0.495893
144.2,323.23,-0.484772,-0.500675
144.2,325.33,-0.485585,-0.501411
144.2,327.6,-0.481596,-0.497751
144.2,329.88,-0.472243,-0.488386
144.2,331.98,-0.458478,-0.4746
144.2,334.25,-0.440382,-0.456993
144.2,336.53,-0.418709,-0.435693
144.2,338.63,-0.391239,-0.408451
144.2,340.9,-0.363725,-0.381035
144.2,343.35,-0.333106,-0.350943
144.2,345.63,-0.303346,-0.321633
144.2,347.73,-0.273706,-0.292295
144.2,350.0,-0.245928,-0.26496
144.2,352.28,-0.220201,-0.239412
144.2,354.38,-0.196143,-0.215851
144.2,356.65,-0.173537,-0.193602
144.2,358.93,-0.153312,-0.173534
144.2,361.38,-0.134261,-0.154603
144.2,363.48,-0.118642,-0.139249
144.2,365.75,-0.105795,-0.126436
144.2,367.85,-0.096245,-0.116981
144.2,370.13,-0.090022,-0.110922
144.2,372.4,-0.087083,-0.108315
144.2,374.68,-0.086923,-0.107961
144.2,376.78,-0.08851,-0.10952
144.2,379.05,-0.091507,-0.112274
144.2,381.15,-0.095974,-0.116726
144.2,383.43,-0.101372,-0.122083
144.2,385.7,-0.107767,-0.128386
144.2,387.8,-0.114726,-0.135429
144.2,390.08,-0.122872,-0.143248
144.2,392.18,-0.131054,-0.151427
144.2,394.45,-0.139317,-0.15948
144.2,396.73,-0.147071,-0.167317
144.2,398.83,-0.153898,-0.174086
144.2,401.28,-0.159769,-0.179893
144.2,403.38,-0.164076,-0.183972
144.2,405.65,-0.168682,-0.188657
144.2,407.75,-0.173805,-0.19366
144.2,410.03,-0.179788,-0.199464
144.2,412.3,-0.186664,-0.2063
144.2,414.58,-0.193337,-0.212881
144.2,416.68,-0.199375,-0.218827
144.2,418.95,-0.202545,-0.222061
144.2,421.23,-0.202856,-0.222379
144.2,423.33,-0.200327,-0.219711
144.2,425.6,-0.196405,-0.216036
144.2,427.88,-0.191861,-0.211581
144.2,429.98,-0.188013,-0.207721
144.2,432.25,-0.1855,-0.205213
144.2,434.35,-0.184301,-0.203984
144.2,436.63,-0.184187,-0.204036
144.2,438.9,-0.185195,-0.204939
144.2,441.18,-0.186664,-0.206414
144.2,443.28,-0.187992,-0.207601
144.2,445.55,-0.189366,-0.209033
144.2,447.83,-0.190398,-0.209976
144.2,449.93,-0.190811,-0.210395
144.2,452.2,-0.190755,-0.210416
144.2,454.48,-0.191679,-0.211236
144.2,456.58,-0.194628,-0.214329
144.2,458.85,-0.199782,-0.219295
144.2,461.13,-0.206495,-0.225804
144.2,463.23,-0.21436,-0.2335
144.2,465.5,-0.22192,-0.241384
144.2,467.6,-0.228334,-0.247406
144.2,469.88,-0.233793,-0.252905
144.2,472.15,-0.238901,-0.257884
144.2,474.43,-0.244464,-0.26338
144.2,476.53,-0.250117,-0.268916
144.2,478.8,-0.255478,-0.274326
144.2,481.08,-0.261205,-0.280034
144.2,483.35,-0.267064,-0.285823
144.2,485.63,-0.273395,-0.291987
144.2,487.9,-0.280034,-0.298401
144.2,490.18,-0.287868,-0.306257
144.2,492.45,-0.295721,-0.314165
144.2,494.55,-0.302835,-0.321069
144.2,496.83,-0.309282,-0.327283
144.2,499.1,-0.315019,-0.33313
144.2,501.38,-0.320546,-0.338648
144.2,503.48,-0.326698,-0.344908
144.2,505.75,-0.332687,-0.350635
144.2,507.85,-0.337339,-0.355108
144.2,510.3,-0.339319,-0.357135
144.2,512.4,-0.339316,-0.357083
144.2,514.68,-0.339335,-0.356987
144.2,516.95,-0.339372,-0.35711
144.2,519.23,-0.339655,-0.357468
144.2,521.33,-0.338429,-0.356232
144.2,523.6,-0.334221,-0.352111
144.2,525.7,-0.327382,-0.345194
144.2,527.98,-0.316806,-0.334754
144.2,530.25,-0.303472,-0.321688
144.2,532.35,-0.287493,-0.305777
144.2,534.63,-0.268269,-0.286923
144.2,536.9,-0.248401,-0.267329
144.2,539.0,-0.228204,-0.247382
144.2,541.28,-0.208596,-0.228097
144.2,543.55,-0.188728,-0.208408
144.2,545.83,-0.169822,-0.189822
144.2,547.93,-0.151569,-0.171911
144.2,550.2,-0.13529,-0.155644
144.2,552.3,-0.119557,-0.140148
144.2,554.58,-0.104227,-0.124982
144.2,556.68,-0.090148,-0.111162
144.2,559.13,-0.078303,-0.099412
144.2,561.23,-0.067795,-0.088993
144.2,563.5,-0.05919,-0.080497
144.2,565.78,-0.053725,-0.075287
144.2,568.05,-0.050688,-0.072216
144.2,570.15,-0.049612,-0.071221
144.2,572.43,-0.050213,-0.071714
144.2,574.7,-0.052225,-0.073765
144.2,576.98,-0.055971,-0.077373
144.2,579.25,-0.061233,-0.08245
144.2,581.53,-0.068137,-0.0894
144.2,583.63,-0.075349,-0.096445
144.2,585.9,-0.083081,-0.104052
144.2,588.18,-0.090755,-0.111633
144.2,590.28,-0.098722,-0.119532
144.2,592.55,-0.107481,-0.12801
144.2,594.65,-0.115949,-0.136485
144.2,596.93,-0.12346,-0.14395
144.2,599.2,-0.12956,-0.149902
144.2,601.3,-0.13481,-0.155179
144.2,603.58,-0.139739,-0.159945
144.2,605.85,-0.145253,-0.165416
144.2,607.95,-0.149409,-0.169797
144.2,610.23,-0.152462,-0.172665
144.2,612.5,-0.154662,-0.17476
144.2,614.6,-0.156411,-0.176393
144.2,616.88,-0.157631,-0.177675
144.2,619.15,-0.158753,-0.178907
144.2,621.43,-0.161156,-0.181341
144.2,623.53,-0.165342,-0.185438
144.2,625.8,-0.171686,-0.191448
144.2,627.9,-0.178808,-0.198509
144.2,630.18,-0.18765,-0.207265
144.2,632.45,-0.197561,-0.217101
144.2,634.55,-0.207693,-0.227151
144.2,636.83,-0.217483,-0.236858
144.2,638.93,-0.226113,-0.245136
144.2,641.2,-0.233626,-0.252699
144.2,643.48,-0.23984,-0.258925
144.2,645.58,-0.246137,-0.264942
144.2,647.85,-0.252037,-0.270986
144.2,650.13,-0.258673,-0.277471
144.2,652.4,-0.264557,-0.283124
144.2,654.5,-0.27069,-0.289101
144.2,656.78,-0.276248,-0.29476
144.2,658.88,-0.281935,-0.300247
144.2,661.15,-0.288044,-0.306365
144.2,663.43,-0.294276,-0.312591
144.2,665.53,-0.301051,-0.31927
144.2,667.8,-0.307702,-0.325949
144.2,670.08,-0.313679,-0.331741
144.2,672.18,-0.318072,-0.336131
144.2,674.45,-0.321667,-0.339822
144.2,676.73,-0.324498,-0.342489
144.2,678.83,-0.326205,-0.344381
144.2,681.1,-0.327166,-0.345225
144.2,683.38,-0.327816,-0.345786
144.2,685.65,-0.328685,-0.346544
144.2,687.93,-0.3309,-0.348786
180.25,11.38,-0.304738,-0.322825
180.25,13.65,-0.285256,-0.303725
180.25,15.93,-0.267825,-0.286494
180.25,18.2,-0.251719,-0.270743
180.25,20.48,-0.237379,-0.256211
180.25,22.58,-0.223968,-0.242998
180.25,24.85,-0.210324,-0.229649
180.25,27.13,-0.196079,-0.215758
180.25,29.23,-0.182499,-0.202394
180.25,31.5,-0.169853,-0.189686
180.25,33.78,-0.157705,-0.177724
180.25,35.88,-0.147012,-0.167172
180.25,38.15,-0.136436,-0.156849
180.25,40.43,-0.12712,-0.147527
180.25,42.53,-0.118186,-0.138787
180.25,44.8,-0.109538,-0.130293
180.25,47.08,-0.100903,-0.121741
180.25,49.18,-0.093368,-0.114329
180.25,51.45,-0.086153,-0.107111
180.25,53.73,-0.080749,-0.10176
180.25,55.83,-0.075848,-0.096898
180.25,58.28,-0.071359,-0.092675
180.25,60.55,-0.067841,-0.089153
180.25,62.83,-0.064292,-0.085577
180.25,64.93,-0.059994,-0.081214
180.25,67.2,-0.055524,-0.076732
180.25,69.65,-0.049723,-0.071177
180.25,71.75,-0.044677,-0.066233
180.25,74.03,-0.039908,-0.061615
180.25,76.3,-0.035759,-0.05753
180.25,78.58,-0.032764,-0.054498
180.25,80.85,-0.030712,-0.052404
180.25,83.13,-0.029375,-0.051218
180.25,85.23,-0.02891,-0.050635
180.25,87.5,-0.030118,-0.051932
180.25,89.78,-0.032844,-0.054539
180.25,92.05,-0.037302,-0.059049
180.25,94.15,-0.043325,-0.064936
180.25,96.43,-0.049388,-0.071082
180.25,98.7,-0.055974,-0.077293
180.25,100.98,-0.062311,-0.083479
180.25,103.08,-0.06912,-0.090238
180.25,105.35,-0.077015,-0.097927
180.25,107.63,-0.086399,-0.10737
180.25,109.9,-0.096461,-0.117268
180.25,112.0,-0.106008,-0.126818
180.25,114.28,-0.114483,-0.135118
180.25,116.73,-0.122782,-0.143355
180.25,119.0,-0.12789,-0.148402
180.25,121.28,-0.131858,-0.152256
180.25,123.38,-0.134166,-0.154545
180.25,125.65,-0.13456,-0.154883
180.25,127.75,-0.133429,-0.153972
180.25,130.03,-0.129575,-0.149874
180.25,132.3,-0.122708,-0.143167
180.25,134.4,-0.11281,-0.133448
180.25,136.68,-0.101809,-0.12237
180.25,138.95,-0.089754,-0.110811
180.25,141.05,-0.076547,-0.097798
180.25,143.33,-0.063084,-0.08428
180.25,145.6,-0.048269,-0.069948
180.25,147.88,-0.033297,-0.054964
180.25,150.15,-0.017567,-0.03936
180.25,152.25,-0.002422,-0.024551
180.25,154.53,0.011416,-0.011036
180.25,156.63,0.024497,0.002205
180.25,158.9,0.037079,0.014377
180.25,161.18,0.050418,0.02759
180.25,163.45,0.063804,0.040877
180.25,165.55,0.077014,0.05393
180.25,167.83,0.088872,0.065683
180.25,170.1,0.097193,0.073835
180.25,172.38,0.101318,0.077778
180.25,174.65,0.100313,0.076928
180.25,176.75,0.094999,0.071592
180.25,179.03,0.086013,0.062889
180.25,181.3,0.074405,0.051308
180.25,183.4,0.061832,0.038795
180.25,185.68,0.048573,0.025776
180.25,187.95,0.03483,0.012307
180.25,190.05,0.021521,-0.000833
180.25,192.33,0.008576,-0.013756
180.25,194.6,-0.003402,-0.025521
180.25,196.7,-0.01424,-0.036153
180.25,198.98,-0.023467,-0.04537
180.25,200.9,-0.031861,-0.053556
180.25,203.35,-0.03859,-0.06021
180.25,205.63,-0.044964,-0.066467
180.25,207.73,-0.050047,-0.071516
180.25,210.0,-0.054603,-0.076122
180.25,212.28,-0.058158,-0.079375
180.25,214.38,-0.060195,-0.081698
180.25,216.65,-0.061787,-0.083029
180.25,218.93,-0.062684,-0.083919
180.25,221.2,-0.062607,-0.083984
180.25,223.48,-0.062706,-0.083996
180.25,225.58,-0.062644,-0.083999
180.25,227.85,-0.062422,-0.08363
180.25,230.13,-0.062169,-0.083266
180.25,232.23,-0.061932,-0.083297
180.25,234.5,-0.06188,-0.083226
180.25,236.78,-0.062317,-0.08359
180.25,238.88,-0.062625,-0.084009
180.25,241.15,-0.063808,-0.085164
180.25,243.25,-0.065629,-0.086917
180.25,245.53,-0.068149,-0.08915
180.25,247.45,-0.071218,-0.092323
180.25,249.9,-0.074816,-0.096217
180.25,252.18,-0.079341,-0.100407
180.25,254.28,-0.083978,-0.104924
180.25,256.55,-0.089132,-0.11005
180.25,258.83,-0.094739,-0.11562
180.25,260.93,-0.100001,-0.120755
180.25,263.2,-0.105404,-0.126187
180.25,265.48,-0.109847,-0.130672
180.25,267.58,-0.112323,-0.133013
180.25,269.85,-0.113707,-0.134215
180.25,272.13,-0.114742,-0.135429
180.25,274.23,-0.116393,-0.137129
180.25,276.5,-0.118858,-0.139418
180.25,278.78,-0.121304,-0.141994
180.25,280.88,-0.123491,-0.143848
180.25,283.15,-0.125225,-0.145718
180.25,285.25,-0.128106,-0.148472
180.25,287.53,-0.132154,-0.152607
180.25,289.8,-0.136858,-0.157342
180.25,291.9,-0.14297,-0.163189
180.25,294.18,-0.149517,-0.169702
180.25,296.45,-0.15643,-0.176541
180.25,298.55,-0.164159,-0.184159
180.25,300.83,-0.172514,-0.192323
180.25,303.1,-0.180262,-0.200019
180.25,305.2,-0.187718,-0.207305
180.25,307.48,-0.195253,-0.214726
180.25,309.58,-0.202148,-0.221513
180.25,311.85,-0.208472,-0.227801
180.25,314.13,-0.213235,-0.232499
180.25,316.23,-0.216892,-0.23618
180.25,318.5,-0.219021,-0.238272
180.25,320.6,-0.219535,-0.238913
180.25,322.88,-0.218525,-0.237924
180.25,325.15,-0.216297,-0.235536
180.25,327.25,-0.212169,-0.231541
180.25,329.53,-0.2057,-0.225034
180.25,331.63,-0.197816,-0.217255
180.25,333.9,-0.187927,-0.207638
180.25,336.18,-0.176763,-0.196652
180.25,338.45,-0.164431,-0.1844
180.25,340.55,-0.151553,-0.171683
180.25,342.83,-0.1387,-0.159175
180.25,345.1,-0.126227,-0.146781
180.25,347.38,-0.114357,-0.135044
180.25,349.48,-0.103522,-0.124443
180.25,351.75,-0.094246,-0.115339
180.25,354.03,-0.086535,-0.107687
180.25,356.3,-0.080657,-0.101667
180.25,358.4,-0.075509,-0.096643
180.25,360.68,-0.071898,-0.092903
180.25,362.78,-0.069061,-0.090349
180.25,365.05,-0.066523,-0.087684
180.25,367.33,-0.064301,-0.085595
180.25,369.43,-0.062989,-0.084455
180.25,371.7,-0.06314,-0.08428
180.25,373.98,-0.064696,-0.086048
180.25,376.08,-0.067718,-0.088805
180.25,378.53,-0.071057,-0.09224
180.25,380.63,-0.073959,-0.095071
180.25,382.9,-0.077724,-0.098925
180.25,385.18,-0.081966,-0.102863
180.25,387.63,-0.086128,-0.107157
180.25,389.73,-0.089779,-0.110906
180.25,392.0,-0.094073,-0.115093
180.25,394.28,-0.099954,-0.120583
180.25,396.55,-0.109233,-0.129862
180.25,398.65,-0.118993,-0.139523
180.25,400.93,-0.129948,-0.150284
180.25,403.2,-0.141029,-0.161236
180.25,405.48,-0.151529,-0.171741
180.25,407.58,-0.160765,-0.181008
180.25,409.85,-0.168195,-0.188183
180.25,411.95,-0.174243,-0.194027
180.25,414.23,-0.179788,-0.199544
180.25,416.5,-0.185309,-0.205016
180.25,418.6,-0.190478,-0.209967
180.25,420.88,-0.19525,-0.214794
180.25,423.15,-0.199384,-0.218965
180.25,425.25,-0.202179,-0.221516
180.25,427.53,-0.204495,-0.223934
180.25,429.8,-0.20578,-0.225238
180.25,431.9,-0.206519,-0.225872
180.25,434.18,-0.206593,-0.225962
180.25,436.28,-0.206488,-0.225968
180.25,438.55,-0.205826,-0.225324
180.25,440.83,-0.205302,-0.224788
180.25,443.1,-0.205096,-0.224606
180.25,445.2,-0.204329,-0.223805
180.25,447.48,-0.204227,-0.223719
180.25,449.75,-0.204406,-0.223873
180.25,452.03,-0.205358,-0.224899
180.25,454.3,-0.206676,-0.226211
180.25,456.58,-0.208922,-0.228223
180.25,458.68,-0.211886,-0.23114
180.25,460.95,-0.21492,-0.234221
180.25,463.23,-0.218549,-0.237819
180.25,465.33,-0.221837,-0.241069
180.25,467.6,-0.224683,-0.24399
180.25,469.88,-0.226575,-0.245894
180.25,471.98,-0.227745,-0.24691
180.25,474.25,-0.227637,-0.246954
180.25,476.53,-0.227727,-0.246849
180.25,478.45,-0.228817,-0.248023
180.25,480.9,-0.231331,-0.250546
180.25,483.18,-0.23497,-0.253916
180.25,485.28,-0.238368,-0.257443
180.25,487.55,-0.240299,-0.25927
180.25,489.83,-0.240182,-0.259326
180.25,492.1,-0.23813,-0.257252
180.25,494.38,-0.234504,-0.253463
180.25,496.48,-0.230333,-0.249621
180.25,498.58,-0.226532,-0.245841
180.25,501.03,-0.22415,-0.243303
180.25,503.13,-0.222493,-0.241609
180.25,505.4,-0.221513,-0.240749
180.25,507.5,-0.22025,-0.239584
180.25,509.78,-0.218759,-0.238019
180.25,512.05,-0.2168,-0.236011
180.25,514.33,-0.214082,-0.233392
180.25,516.43,-0.211852,-0.231236
180.25,518.53,-0.209828,-0.229058
180.25,520.98,-0.207912,-0.227336
180.25,523.25,-0.206211,-0.225589
180.25,525.35,-0.204008,-0.223457
180.25,527.63,-0.200284,-0.21989
180.25,529.9,-0.195823,-0.215392
180.25,532.18,-0.189523,-0.209246
180.25,534.28,-0.182447,-0.202145
180.25,536.55,-0.174446,-0.194381
180.25,538.83,-0.166458,-0.186408
180.25,540.93,-0.158013,-0.178285
180.25,543.2,-0.148873,-0.169018
180.25,545.48,-0.138972,-0.159384
180.25,547.58,-0.129428,-0.149773
180.25,549.85,-0.119406,-0.14001
180.25,552.13,-0.109221,-0.129896
180.25,554.23,-0.098799,-0.119927
180.25,556.33,-0.089197,-0.11049
180.25,558.78,-0.080792,-0.101864
180.25,560.88,-0.074856,-0.096017
180.25,563.15,-0.072863,-0.093981
180.25,565.25,-0.074603,-0.095721
180.25,567.53,-0.080284,-0.10119
180.25,569.63,-0.088811,-0.109837
180.25,571.9,-0.100749,-0.121467
180.25,574.18,-0.115241,-0.135635
180.25,576.28,-0.130903,-0.151291
180.25,578.55,-0.146818,-0.166984
180.25,580.83,-0.162256,-0.182496
180.25,582.93,-0.177416,-0.197194
180.25,585.2,-0.192219,-0.211821
180.25,587.48,-0.206627,-0.226076
180.25,589.58,-0.221072,-0.240235
180.25,591.85,-0.235555,-0.254631
180.25,594.13,-0.251023,-0.26996
180.25,596.4,-0.265515,-0.284283
180.25,598.68,-0.279963,-0.298426
180.25,600.78,-0.294252,-0.312471
180.25,603.23,-0.309458,-0.327474
180.25,605.5,-0.32187,-0.339979
180.25,607.78,-0.333531,-0.351242
180.25,609.88,-0.344021,-0.361645
180.25,612.15,-0.354748,-0.372348
180.25,614.43,-0.364196,-0.38142
180.25,616.53,-0.373457,-0.390903
180.25,618.8,-0.382628,-0.399815
180.25,620.9,-0.391688,-0.408709
180.25,623.18,-0.400012,-0.416919
180.25,625.45,-0.407606,-0.424566
180.25,627.73,-0.414751,-0.4315
180.25,629.83,-0.421288,-0.437964
180.25,632.1,-0.428032,-0.444369
180.25,634.38,-0.434242,-0.450801
180.25,636.48,-0.440357,-0.456808
180.25,638.75,-0.445154,-0.461405
180.25,641.03,-0.449855,-0.466235
180.25,643.13,-0.454898,-0.471208
180.25,645.4,-0.45984,-0.476155
180.25,647.68,-0.465428,-0.481423
180.25,649.6,-0.470635,-0.486796
180.25,652.05,-0.476331,-0.492295
180.25,654.15,-0.481547,-0.49756
180.25,656.43,-0.486436,-0.502311
180.25,658.53,-0.491297,-0.50716
180.25,660.8,-0.495579,-0.511383
180.25,663.08,-0.50008,-0.51589
180.25,665.18,-0.504338,-0.519818
180.25,667.45,-0.508071,-0.523666
180.25,669.73,-0.511583,-0.527141
180.25,671.83,-0.51492,-0.530376
180.25,674.1,-0.517785,-0.53305
180.25,676.38,-0.519981,-0.535342
180.25,678.48,-0.521303,-0.536682
180.25,680.75,-0.522424,-0.537742
180.25,682.85,-0.52341,-0.538721
180.25,685.13,-0.523876,-0.539168
180.25,687.23,-0.524208,-0.539535
216.3,11.38,-0.346633,-0.364239
216.3,13.65,-0.365379,-0.382625
216.3,15.93,-0.381571,-0.39866
216.3,18.03,-0.393571,-0.410471
216.3,20.3,-0.400915,-0.417828
216.3,22.58,-0.402714,-0.419483
216.3,24.85,-0.399486,-0.416436
216.3,26.95,-0.391993,-0.409165
216.3,29.23,-0.380897,-0.398235
216.3,31.33,-0.367224,-0.384634
216.3,33.6,-0.351784,-0.36935
216.3,35.7,-0.335462,-0.353414
216.3,37.98,-0.31939,-0.337554
216.3,40.08,-0.303275,-0.321519
216.3,42.35,-0.287067,-0.30553
216.3,44.8,-0.269563,-0.288257
216.3,47.08,-0.255829,-0.274591
216.3,49.18,-0.242912,-0.261815
216.3,51.45,-0.231347,-0.250533
216.3,53.73,-0.220173,-0.239594
216.3,56.0,-0.211313,-0.230644
216.3,58.28,-0.201796,-0.221116
216.3,60.38,-0.191984,-0.211673
216.3,62.65,-0.182317,-0.20216
216.3,64.93,-0.172924,-0.192902
216.3,67.2,-0.163842,-0.183978
216.3,69.3,-0.156313,-0.176485
216.3,71.58,-0.149717,-0.169945
216.3,73.85,-0.145145,-0.165244
216.3,75.95,-0.141482,-0.161679
216.3,78.23,-0.138947,-0.159375
216.3,80.33,-0.137456,-0.157995
216.3,82.6,-0.136698,-0.157095
216.3,84.88,-0.137502,-0.157715
216.3,86.98,-0.139141,-0.159452
216.3,89.25,-0.14196,-0.162151
216.3,91.53,-0.14618,-0.166328
216.3,93.8,-0.151639,-0.171726
216.3,95.9,-0.159089,-0.179209
216.3,98.18,-0.167379,-0.187289
216.3,100.45,-0.176621,-0.196393
216.3,102.38,-0.186134,-0.205835
216.3,104.83,-0.195669,-0.21513
216.3,107.1,-0.205259,-0.224606
216.3,109.2,-0.214252,-0.233429
216.3,111.48,-0.223577,-0.242681
216.3,113.75,-0.232567,-0.251531
216.3,115.85,-0.241008,-0.260031
216.3,118.13,-0.249178,-0.268103
216.3,120.23,-0.255324,-0.274384
216.3,122.68,-0.259292,-0.278078
216.3,124.78,-0.259449,-0.278158
216.3,127.05,-0.256112,-0.274966
216.3,129.15,-0.2507,-0.269504
216.3,131.6,-0.242385,-0.261572
216.3,133.7,-0.232055,-0.251131
216.3,135.98,-0.218519,-0.237792
216.3,138.08,-0.200727,-0.220222
216.3,140.35,-0.179458,-0.199332
216.3,142.63,-0.155281,-0.175275
216.3,144.73,-0.131002,-0.151347
216.3,147.0,-0.105136,-0.125863
216.3,149.28,-0.080681,-0.101892
216.3,151.38,-0.057656,-0.078965
216.3,153.65,-0.036301,-0.058161
216.3,155.93,-0.017145,-0.039006
216.3,158.03,0.001367,-0.020777
216.3,160.3,0.017904,-0.004579
216.3,162.58,0.032103,0.00959
216.3,164.68,0.044531,0.021823
216.3,166.95,0.054747,0.031875
216.3,169.05,0.061897,0.039038
216.3,171.33,0.065991,0.043086
216.3,173.6,0.066456,0.043456
216.3,175.88,0.063721,0.040739
216.3,177.98,0.05849,0.035705
216.3,180.25,0.051761,0.029038
216.3,182.53,0.043573,0.020874
216.3,184.63,0.034362,0.011875
216.3,186.9,0.024744,0.002356
216.3,189.0,0.015002,-0.007277
216.3,191.28,0.005387,-0.016747
216.3,193.55,-0.004268,-0.026442
216.3,195.65,-0.013667,-0.035586
216.3,197.93,-0.02277,-0.044591
216.3,200.2,-0.03232,-0.054107
216.3,202.3,-0.041412,-0.062958
216.3,204.58,-0.050928,-0.072478
216.3,206.85,-0.060179,-0.081516
216.3,209.13,-0.069224,-0.090315
216.3,211.23,-0.076874,-0.097949
216.3,213.5,-0.084126,-0.104973
216.3,215.6,-0.090201,-0.111187
216.3,217.88,-0.095697,-0.116559
216.3,220.15,-0.099871,-0.120709
216.3,222.25,-0.103756,-0.124394
216.3,224.53,-0.10688,-0.127582
216.3,226.8,-0.109677,-0.130309
216.3,229.08,-0.111723,-0.132283
216.3,231.18,-0.113599,-0.134187
216.3,233.28,-0.114733,-0.135398
216.3,235.73,-0.115373,-0.135949
216.3,238.0,-0.115826,-0.136331
216.3,240.1,-0.115792,-0.136217
216.3,242.38,-0.115728,-0.13635
216.3,244.65,-0.116156,-0.136769
216.3,246.93,-0.116572,-0.137065
216.3,249.03,-0.117296,-0.137976
216.3,251.3,-0.118137,-0.138744
216.3,253.58,-0.119021,-0.139742
216.3,255.68,-0.119951,-0.140521
216.3,257.95,-0.120885,-0.141639
216.3,260.23,-0.122598,-0.142986
216.3,262.33,-0.124363,-0.144794
216.3,264.6,-0.127157,-0.147428
216.3,266.88,-0.130925,-0.151301
216.3,268.98,-0.135044,-0.155419
216.3,270.9,-0.139119,-0.159514
216.3,273.35,-0.143919,-0.164058
216.3,275.63,-0.148097,-0.168312
216.3,277.9,-0.151291,-0.171301
216.3,280.18,-0.153229,-0.173352
216.3,282.28,-0.1544,-0.174474
216.3,284.55,-0.15562,-0.175752
216.3,286.65,-0.157699,-0.177675
216.3,288.93,-0.160546,-0.180586
216.3,291.03,-0.164831,-0.184797
216.3,293.3,-0.171054,-0.191088
216.3,295.58,-0.177801,-0.197502
216.3,297.68,-0.184705,-0.204412
216.3,299.95,-0.191273,-0.210838
216.3,302.23,-0.198454,-0.218001
216.3,304.33,-0.205789,-0.22504
216.3,306.6,-0.213143,-0.232385
216.3,308.88,-0.218611,-0.237958
216.3,310.98,-0.222071,-0.241359
216.3,313.25,-0.222856,-0.242095
216.3,315.35,-0.221282,-0.240567
216.3,317.63,-0.218343,-0.237582
216.3,319.73,-0.214052,-0.233303
216.3,322.0,-0.209464,-0.228861
216.3,324.28,-0.203577,-0.222921
216.3,326.38,-0.196581,-0.216186
216.3,328.65,-0.187108,-0.206707
216.3,330.93,-0.175367,-0.195373
216.3,333.03,-0.161994,-0.182089
216.3,335.3,-0.148094,-0.168248
216.3,337.58,-0.133241,-0.153648
216.3,339.68,-0.117601,-0.138161
216.3,341.95,-0.101156,-0.121988
216.3,344.23,-0.08481,-0.10582
216.3,346.33,-0.069437,-0.090694
216.3,348.6,-0.054603,-0.076187
216.3,350.7,-0.040913,-0.062508
216.3,352.98,-0.028291,-0.050022
216.3,355.25,-0.017561,-0.039474
216.3,357.35,-0.009295,-0.031418
216.3,359.63,-0.004046,-0.026073
216.3,361.9,-0.00038,-0.022558
216.3,364.0,0.002245,-0.019714
216.3,366.28,0.00349,-0.018771
216.3,368.55,0.002596,-0.019462
216.3,370.65,4.2e-05,-0.022139
216.3,372.93,-0.004382,-0.026421
216.3,375.03,-0.009884,-0.031929
216.3,377.3,-0.017456,-0.039206
216.3,379.58,-0.02513,-0.046846
216.3,381.68,-0.032515,-0.054095
216.3,383.95,-0.038691,-0.060487
216.3,386.23,-0.045096,-0.066723
216.3,388.33,-0.051547,-0.073115
216.3,390.6,-0.059344,-0.0805
216.3,392.88,-0.068257,-0.089415
216.3,394.8,-0.076464,-0.097724
216.3,397.25,-0.08452,-0.105669
216.3,399.53,-0.093177,-0.113981
216.3,401.45,-0.103004,-0.12383
216.3,403.9,-0.114098,-0.134696
216.3,406.18,-0.125839,-0.146236
216.3,408.1,-0.137003,-0.15736
216.3,410.55,-0.147477,-0.167656
216.3,412.83,-0.156639,-0.176621
216.3,415.1,-0.164172,-0.184008
216.3,417.2,-0.17098,-0.191032
216.3,419.48,-0.176436,-0.196378
216.3,421.75,-0.181593,-0.201396
216.3,424.03,-0.185225,-0.204917
216.3,426.3,-0.187154,-0.206729
216.3,428.4,-0.188081,-0.207782
216.3,430.68,-0.188405,-0.20814
216.3,432.78,-0.188146,-0.20765
216.3,435.05,-0.188038,-0.207764
216.3,437.33,-0.188454,-0.2081
216.3,439.6,-0.189252,-0.208904
216.3,441.7,-0.190463,-0.210127
216.3,443.98,-0.191821,-0.211575
216.3,446.25,-0.193398,-0.213106
216.3,448.53,-0.19492,-0.214569
216.3,450.63,-0.196014,-0.215654
216.3,453.08,-0.196864,-0.216411
216.3,455.18,-0.196803,-0.216411
216.3,457.45,-0.197132,-0.216695
216.3,459.55,-0.19769,-0.217145
216.3,462.0,-0.19935,-0.218608
216.3,464.1,-0.201519,-0.221186
216.3,466.2,-0.205456,-0.224963
216.3,468.48,-0.210219,-0.229584
216.3,470.75,-0.214951,-0.234178
216.3,472.85,-0.219766,-0.239224
216.3,475.13,-0.225084,-0.244153
216.3,477.4,-0.229162,-0.248429
216.3,479.68,-0.232693,-0.251686
216.3,481.78,-0.234347,-0.253392
216.3,484.05,-0.234698,-0.253623
216.3,486.33,-0.234206,-0.253405
216.3,488.43,-0.232915,-0.251991
216.3,490.7,-0.231002,-0.250028
216.3,492.8,-0.228306,-0.247533
216.3,495.08,-0.225854,-0.245087
216.3,497.35,-0.224418,-0.243586
216.3,499.63,-0.223186,-0.24249
216.3,501.73,-0.222462,-0.241787
216.3,504.0,-0.222465,-0.24175
216.3,506.28,-0.223207,-0.242597
216.3,508.38,-0.222822,-0.242031
216.3,510.65,-0.221106,-0.240503
216.3,512.75,-0.219526,-0.238953
216.3,515.03,-0.218167,-0.237366
216.3,517.3,-0.216966,-0.23634
216.3,519.4,-0.215496,-0.234763
216.3,521.68,-0.213217,-0.232443
216.3,523.95,-0.210044,-0.229489
216.3,526.23,-0.205145,-0.224662
216.3,528.33,-0.198682,-0.218405
216.3,530.6,-0.190228,-0.20997
216.3,532.7,-0.180999,-0.200801
216.3,535.15,-0.170651,-0.190518
216.3,537.25,-0.160158,-0.180247
216.3,539.53,-0.148959,-0.16907
216.3,541.8,-0.135983,-0.156368
216.3,544.25,-0.121988,-0.142705
216.3,546.53,-0.108811,-0.129505
216.3,548.8,-0.095922,-0.116871
216.3,551.08,-0.084582,-0.105506
216.3,553.53,-0.073639,-0.094834
216.3,555.8,-0.066335,-0.087527
216.3,557.9,-0.06078,-0.08208
216.3,560.18,-0.058574,-0.079859
216.3,562.28,-0.059646,-0.080986
216.3,564.55,-0.065099,-0.086181
216.3,566.83,-0.073722,-0.094896
216.3,568.93,-0.085608,-0.106772
216.3,571.2,-0.100158,-0.12094
216.3,573.48,-0.11619,-0.136923
216.3,575.58,-0.132844,-0.153297
216.3,577.85,-0.14935,-0.169421
216.3,579.95,-0.166171,-0.186116
216.3,582.23,-0.183744,-0.2035
216.3,584.5,-0.201374,-0.220737
216.3,586.6,-0.219427,-0.238577
216.3,588.88,-0.236495,-0.255358
216.3,590.98,-0.253328,-0.272154
216.3,593.43,-0.26956,-0.288198
216.3,595.53,-0.285493,-0.304005
216.3,597.8,-0.300903,-0.319116
216.3,600.25,-0.316565,-0.334643
216.3,602.35,-0.329184,-0.346916
216.3,604.63,-0.341103,-0.358783
216.3,607.08,-0.35329,-0.370995
216.3,609.35,-0.365891,-0.383426
216.3,611.63,-0.3776,-0.394809
216.3,613.9,-0.389159,-0.406313
216.3,616.18,-0.400585,-0.417591
216.3,618.45,-0.412172,-0.429057
216.3,620.73,-0.4215,-0.438192
216.3,623.0,-0.430447,-0.446827
216.3,625.28,-0.438524,-0.454809
216.3,627.73,-0.446584,-0.462939
216.3,629.83,-0.453296,-0.469723
216.3,632.1,-0.459091,-0.475151
216.3,634.2,-0.464433,-0.480308
216.3,637.0,-0.469624,-0.485662
216.3,639.28,-0.474054,-0.490105
216.3,641.38,-0.478118,-0.494298
216.3,643.65,-0.481704,-0.497597
216.3,646.1,-0.484886,-0.500819
216.3,648.2,-0.487434,-0.503299
216.3,650.48,-0.489285,-0.505034
216.3,652.75,-0.490071,-0.505893
216.3,655.03,-0.489806,-0.505579
216.3,657.13,-0.488253,-0.504011
216.3,659.4,-0.485404,-0.501282
216.3,661.68,-0.480967,-0.496935
216.3,663.95,-0.473484,-0.489479
216.3,666.05,-0.464455,-0.480752
216.3,668.33,-0.452422,-0.468823
216.3,670.43,-0.436938,-0.45338
216.3,672.7,-0.416599,-0.43333
216.3,674.98,-0.389529,-0.406553
216.3,677.08,-0.359892,-0.377342
216.3,679.35,-0.332471,-0.350444
216.3,681.63,-0.311054,-0.329175
216.3,683.9,-0.2948,-0.313176
216.3,686.18,-0.286162,-0.304674
216.3,688.45,-0.282785,-0.301328
252.35,11.2,-0.360395,-0.37776
252.35,13.48,-0.353041,-0.370641
252.35,15.75,-0.345977,-0.363632
252.35,17.85,-0.340022,-0.357838
252.35,20.3,-0.332893,-0.350724
252.35,22.58,-0.324976,-0.343118
252.35,24.68,-0.3159,-0.33399
252.35,26.95,-0.305385,-0.323429
252.35,29.23,-0.295059,-0.313389
252.35,31.33,-0.2848,-0.303355
252.35,33.6,-0.275459,-0.294249
252.35,36.05,-0.26655,-0.285111
252.35,38.15,-0.259464,-0.278186
252.35,40.43,-0.252699,-0.271605
252.35,42.7,-0.24651,-0.26549
252.35,44.8,-0.239874,-0.259008
252.35,47.08,-0.233842,-0.252964
252.35,49.18,-0.227838,-0.246987
252.35,51.45,-0.221769,-0.241088
252.35,53.73,-0.215084,-0.234387
252.35,55.83,-0.209868,-0.229147
252.35,58.1,-0.206316,-0.225789
252.35,60.38,-0.204991,-0.224588
252.35,62.48,-0.204945,-0.224554
252.35,64.75,-0.206137,-0.225687
252.35,67.03,-0.20789,-0.227419
252.35,69.13,-0.210265,-0.229551
252.35,71.4,-0.21256,-0.23192
252.35,73.68,-0.215127,-0.234498
252.35,75.78,-0.219218,-0.238556
252.35,78.05,-0.22423,-0.243448
252.35,80.33,-0.229403,-0.24842
252.35,82.43,-0.235509,-0.254492
252.35,84.7,-0.241806,-0.260829
252.35,86.98,-0.250016,-0.268857
252.35,89.08,-0.258793,-0.277718
252.35,91.35,-0.269356,-0.287958
252.35,93.45,-0.281491,-0.299849
252.35,95.9,-0.294335,-0.31252
252.35,98.0,-0.306732,-0.324932
252.35,100.28,-0.319831,-0.337705
252.35,102.38,-0.332881,-0.350733
252.35,104.65,-0.346285,-0.36391
252.35,106.93,-0.359458,-0.376879
252.35,109.03,-0.372526,-0.389877
252.35,111.3,-0.38553,-0.402677
252.35,113.58,-0.398565,-0.415518
252.35,115.85,-0.411463,-0.4283
252.35,117.95,-0.422378,-0.439048
252.35,120.23,-0.430829,-0.447363
252.35,122.33,-0.435022,-0.451399
252.35,124.6,-0.434593,-0.451405
252.35,126.88,-0.429603,-0.446174
252.35,128.98,-0.419704,-0.436544
252.35,131.25,-0.406272,-0.423484
252.35,133.35,-0.389603,-0.406596
252.35,135.63,-0.368913,-0.386223
252.35,137.73,-0.345173,-0.362924
252.35,140.0,-0.316944,-0.335093
252.35,142.28,-0.282567,-0.30098
252.35,144.38,-0.245318,-0.264246
252.35,146.65,-0.205136,-0.224554
252.35,148.75,-0.162459,-0.182616
252.35,151.03,-0.120173,-0.140891
252.35,153.3,-0.076455,-0.097579
252.35,155.4,-0.035956,-0.057952
252.35,157.68,0.003182,-0.018956
252.35,159.95,0.038545,0.015776
252.35,162.05,0.069097,0.045982
252.35,164.33,0.095775,0.072313
252.35,166.43,0.117762,0.094158
252.35,168.7,0.134626,0.110717
252.35,170.98,0.146595,0.122639
252.35,173.08,0.154774,0.130729
252.35,175.35,0.159549,0.13547
252.35,177.63,0.161444,0.13747
252.35,179.9,0.160788,0.13662
252.35,182.0,0.157011,0.132778
252.35,184.28,0.149451,0.125458
252.35,186.55,0.139022,0.115255
252.35,188.65,0.125896,0.102239
252.35,190.93,0.111416,0.088015
252.35,193.2,0.096253,0.072917
252.35,195.3,0.081188,0.057987
252.35,197.58,0.066977,0.044029
252.35,199.85,0.053249,0.030332
252.35,201.95,0.039719,0.017066
252.35,204.23,0.026386,0.003927
252.35,206.33,0.013631,-0.008574
252.35,208.6,0.001574,-0.020571
252.35,210.88,-0.010395,-0.032293
252.35,212.98,-0.02277,-0.044532
252.35,215.25,-0.035306,-0.057092
252.35,217.53,-0.047302,-0.06883
252.35,219.8,-0.059215,-0.080571
252.35,221.9,-0.070512,-0.091729
252.35,224.18,-0.080669,-0.101766
252.35,226.45,-0.088981,-0.109979
252.35,228.73,-0.096757,-0.117724
252.35,230.83,-0.103309,-0.12411
252.35,233.1,-0.108935,-0.12985
252.35,235.38,-0.113072,-0.133667
252.35,237.48,-0.116544,-0.137191
252.35,239.75,-0.119652,-0.140151
252.35,241.85,-0.122564,-0.143041
252.35,244.13,-0.124936,-0.145423
252.35,246.4,-0.12802,-0.148565
252.35,248.5,-0.131559,-0.152086
252.35,250.78,-0.135617,-0.155959
252.35,253.05,-0.139843,-0.16009
252.35,255.15,-0.144779,-0.164982
252.35,257.43,-0.149655,-0.169819
252.35,259.53,-0.15561,-0.175721
252.35,261.98,-0.161787,-0.181827
252.35,264.25,-0.167179,-0.187151
252.35,266.53,-0.17151,-0.19155
252.35,268.63,-0.174107,-0.194085
252.35,271.08,-0.177733,-0.197625
252.35,273.35,-0.182465,-0.20228
252.35,275.45,-0.189224,-0.208805
252.35,277.73,-0.198343,-0.217869
252.35,280.0,-0.209569,-0.228984
252.35,282.1,-0.222536,-0.241664
252.35,284.38,-0.236565,-0.255438
252.35,286.65,-0.250962,-0.269966
252.35,288.93,-0.265724,-0.284566
252.35,291.03,-0.279187,-0.29773
252.35,293.3,-0.291134,-0.30951
252.35,295.4,-0.301196,-0.319378
252.35,297.68,-0.309544,-0.32773
252.35,299.95,-0.316692,-0.334711
252.35,302.05,-0.323555,-0.341528
252.35,304.33,-0.330234,-0.348201
252.35,306.43,-0.337382,-0.355324
252.35,308.7,-0.343361,-0.361029
252.35,310.98,-0.348106,-0.365733
252.35,313.08,-0.350502,-0.368127
252.35,315.35,-0.350789,-0.3685
252.35,317.63,-0.348669,-0.366316
252.35,319.9,-0.343842,-0.361504
252.35,322.0,-0.336097,-0.354073
252.35,324.28,-0.324973,-0.343081
252.35,326.55,-0.3098,-0.328059
252.35,328.83,-0.29086,-0.309221
252.35,330.93,-0.269233,-0.287819
252.35,333.2,-0.245,-0.263867
252.35,335.3,-0.218491,-0.237798
252.35,337.58,-0.189409,-0.209172
252.35,339.85,-0.159532,-0.179665
252.35,341.95,-0.129535,-0.150102
252.35,344.23,-0.098038,-0.11895
252.35,346.5,-0.067632,-0.089027
252.35,348.6,-0.039566,-0.061461
252.35,350.88,-0.014961,-0.037096
252.35,352.98,0.007584,-0.01456
252.35,355.25,0.027886,0.005394
252.35,357.53,0.045335,0.022538
252.35,359.63,0.059636,0.036768
252.35,361.9,0.070705,0.047602
252.35,364.18,0.079201,0.056151
252.35,366.45,0.083166,0.059956
252.35,368.73,0.08381,0.060517
252.35,371.0,0.081016,0.057904
252.35,373.1,0.074118,0.050994
252.35,375.38,0.065199,0.042347
252.35,377.48,0.054589,0.031768
252.35,379.75,0.043191,0.020471
252.35,382.03,0.031355,0.008906
252.35,384.13,0.019858,-0.00249
252.35,386.4,0.009408,-0.012659
252.35,388.68,3.6e-05,-0.022228
252.35,390.78,-0.008864,-0.030762
252.35,393.05,-0.018168,-0.040001
252.35,395.15,-0.027629,-0.049292
252.35,397.43,-0.037453,-0.058987
252.35,399.7,-0.048337,-0.069982
252.35,401.98,-0.059797,-0.081057
252.35,404.08,-0.070842,-0.092012
252.35,406.35,-0.081017,-0.102043
252.35,408.63,-0.090293,-0.111107
252.35,410.73,-0.098916,-0.119917
252.35,413.0,-0.106867,-0.127672
252.35,415.28,-0.112631,-0.133248
252.35,417.55,-0.116467,-0.136951
252.35,419.65,-0.118029,-0.138697
252.35,421.93,-0.118103,-0.138648
252.35,424.2,-0.116994,-0.137551
252.35,426.3,-0.115238,-0.135897
252.35,428.58,-0.113297,-0.13407
252.35,430.85,-0.111473,-0.132166
252.35,432.95,-0.110595,-0.131371
252.35,435.23,-0.110845,-0.131461
252.35,437.5,-0.111846,-0.132456
252.35,439.78,-0.11416,-0.134625
252.35,441.88,-0.117228,-0.13798
252.35,444.15,-0.121649,-0.142296
252.35,446.43,-0.127068,-0.147558
252.35,448.53,-0.133848,-0.154243
252.35,450.8,-0.140731,-0.160826
252.35,453.08,-0.148038,-0.168312
252.35,455.18,-0.154529,-0.174665
252.35,457.28,-0.160493,-0.180614
252.35,459.55,-0.165148,-0.185074
252.35,461.83,-0.169431,-0.189276
252.35,464.1,-0.173183,-0.193155
252.35,466.2,-0.176901,-0.196581
252.35,468.48,-0.181143,-0.201005
252.35,470.75,-0.185946,-0.205761
252.35,472.85,-0.190965,-0.210598
252.35,475.13,-0.196877,-0.216381
252.35,477.4,-0.202801,-0.222373
252.35,479.5,-0.208873,-0.228232
252.35,481.78,-0.213611,-0.232792
252.35,483.88,-0.217536,-0.237043
252.35,486.15,-0.220681,-0.239942
252.35,488.43,-0.223981,-0.243266
252.35,490.53,-0.227323,-0.246498
252.35,492.8,-0.232018,-0.251208
252.35,494.9,-0.237585,-0.256664
252.35,497.18,-0.243032,-0.262138
252.35,499.45,-0.249119,-0.267936
252.35,501.55,-0.254871,-0.27383
252.35,503.83,-0.261347,-0.280247
252.35,506.1,-0.267844,-0.286467
252.35,508.38,-0.274538,-0.29305
252.35,510.48,-0.279985,-0.298543
252.35,512.75,-0.28419,-0.302696
252.35,514.85,-0.286368,-0.304791
252.35,517.13,-0.285395,-0.303953
252.35,519.4,-0.281079,-0.299421
252.35,521.5,-0.273491,-0.292071
252.35,523.78,-0.26269,-0.281433
252.35,526.05,-0.249751,-0.268713
252.35,528.15,-0.234809,-0.253978
252.35,530.43,-0.218029,-0.237289
252.35,532.7,-0.199005,-0.218488
252.35,534.98,-0.178907,-0.198731
252.35,537.08,-0.158306,-0.178556
252.35,539.35,-0.136781,-0.157283
252.35,541.63,-0.115364,-0.1361
252.35,543.9,-0.09525,-0.116224
252.35,546.0,-0.076938,-0.098128
252.35,548.28,-0.061584,-0.083017
252.35,550.55,-0.048537,-0.070167
252.35,552.83,-0.038054,-0.059803
252.35,554.93,-0.028368,-0.050161
252.35,557.2,-0.019554,-0.041476
252.35,559.48,-0.011951,-0.033956
252.35,561.58,-0.006335,-0.028389
252.35,563.85,-0.001362,-0.023476
252.35,565.95,0.002008,-0.020142
252.35,568.23,0.003388,-0.018775
252.35,570.5,0.002294,-0.019776
252.35,572.6,-0.001424,-0.023544
252.35,574.88,-0.008032,-0.030081
252.35,576.98,-0.017434,-0.039354
252.35,579.25,-0.028454,-0.050222
252.35,581.53,-0.040604,-0.062154
252.35,583.8,-0.053731,-0.075056
252.35,585.9,-0.066686,-0.08797
252.35,588.18,-0.079363,-0.10045
252.35,590.45,-0.091849,-0.113023
252.35,592.55,-0.104939,-0.125583
252.35,594.83,-0.118174,-0.13879
252.35,596.93,-0.131384,-0.151784
252.35,599.2,-0.144437,-0.164736
252.35,601.3,-0.157739,-0.17793
252.35,603.58,-0.171224,-0.191199
252.35,605.85,-0.185154,-0.204819
252.35,607.95,-0.199427,-0.218811
252.35,610.23,-0.213605,-0.233044
252.35,612.5,-0.22675,-0.24594
252.35,614.78,-0.239113,-0.258041
252.35,616.88,-0.25114,-0.270019
252.35,619.15,-0.263611,-0.282443
252.35,621.43,-0.277246,-0.295888
252.35,623.53,-0.291393,-0.309763
252.35,625.8,-0.306732,-0.324871
252.35,627.9,-0.32268,-0.340626
252.35,630.18,-0.338974,-0.356762
252.35,632.45,-0.355884,-0.373238
252.35,634.55,-0.37305,-0.390601
252.35,636.83,-0.391149,-0.408216
252.35,639.1,-0.409538,-0.426451
252.35,641.2,-0.427782,-0.444387
252.35,643.48,-0.445228,-0.461673
252.35,645.75,-0.462261,-0.478364
252.35,648.03,-0.477098,-0.493099
252.35,650.13,-0.48785,-0.503762
252.35,652.4,-0.491673,-0.507502
252.35,654.68,-0.487606,-0.503608
252.35,656.78,-0.479781,-0.495789
252.35,659.05,-0.468851,-0.484941
252.35,661.33,-0.455909,-0.47232
252.35,663.43,-0.4402,-0.456553
252.35,665.7,-0.420459,-0.437357
252.35,667.98,-0.396547,-0.413706
252.35,670.08,-0.368882,-0.386288
252.35,672.35,-0.339144,-0.356713
252.35,674.45,-0.307554,-0.325724
252.35,676.73,-0.274745,-0.293358
252.35,679.0,-0.242582,-0.261707
252.35,681.1,-0.211763,-0.231036
252.35,683.38,-0.181214,-0.201143
252.35,685.48,-0.153143,-0.173417
252.35,687.75,-0.127154,-0.147588
288.4,11.38,-0.251245,-0.270047
288.4,13.48,-0.247031,-0.265774
288.4,15.75,-0.242607,-0.261516
288.4,18.03,-0.238525,-0.257588
288.4,20.13,-0.235191,-0.254316
288.4,22.4,-0.231177,-0.250305
288.4,24.68,-0.227083,-0.246439
288.4,26.95,-0.223103,-0.242277
288.4,29.23,-0.218525,-0.237819
288.4,31.33,-0.214326,-0.233596
288.4,33.6,-0.21057,-0.229948
288.4,35.88,-0.206556,-0.226091
288.4,37.98,-0.203066,-0.22261
288.4,40.25,-0.200028,-0.219711
288.4,42.53,-0.198093,-0.217576
288.4,44.8,-0.196975,-0.216652
288.4,46.9,-0.196867,-0.216402
288.4,49.18,-0.198137,-0.217674
288.4,51.45,-0.19997,-0.219554
288.4,53.55,-0.202474,-0.221775
288.4,55.83,-0.205201,-0.224594
288.4,58.1,-0.207634,-0.227034
288.4,60.38,-0.209458,-0.228953
288.4,62.48,-0.210345,-0.229695
288.4,64.75,-0.210894,-0.230271
288.4,67.03,-0.211186,-0.230586
288.4,69.3,-0.211239,-0.230506
288.4,71.4,-0.211615,-0.230804
288.4,73.68,-0.211796,-0.231045
288.4,75.95,-0.212702,-0.232055
288.4,78.23,-0.214575,-0.233879
288.4,80.33,-0.218294,-0.237536
288.4,82.6,-0.223626,-0.242767
288.4,85.05,-0.230148,-0.249415
288.4,87.15,-0.23801,-0.257206
288.4,89.43,-0.247068,-0.266103
288.4,91.7,-0.256759,-0.275555
288.4,93.8,-0.266954,-0.285758
288.4,96.08,-0.277545,-0.296171
288.4,98.35,-0.289597,-0.307967
288.4,100.45,-0.303275,-0.32134
288.4,102.73,-0.318682,-0.336707
288.4,105.0,-0.335897,-0.353574
288.4,107.1,-0.354624,-0.372086
288.4,109.38,-0.374141,-0.391451
288.4,111.65,-0.393598,-0.41069
288.4,113.75,-0.411393,-0.428099
288.4,116.03,-0.426152,-0.44264
288.4,118.3,-0.437569,-0.453903
288.4,120.4,-0.444917,-0.461269
288.4,122.68,-0.447708,-0.464091
288.4,124.78,-0.444492,-0.460977
288.4,127.05,-0.436849,-0.453241
288.4,129.33,-0.425305,-0.441956
288.4,131.08,-0.41053,-0.427425
288.4,133.7,-0.392659,-0.409781
288.4,135.98,-0.37204,-0.389541
288.4,138.08,-0.349319,-0.367197
288.4,140.35,-0.322838,-0.340869
288.4,142.63,-0.29171,-0.31005
288.4,144.73,-0.257237,-0.276122
288.4,147.0,-0.220768,-0.240198
288.4,149.28,-0.180099,-0.2
288.4,151.38,-0.139064,-0.159292
288.4,153.65,-0.096436,-0.117542
288.4,155.93,-0.053491,-0.075078
288.4,158.03,-0.012499,-0.034656
288.4,160.13,0.026789,0.004226
288.4,162.4,0.061697,0.038681
288.4,164.68,0.094155,0.070809
288.4,166.95,0.123175,0.099287
288.4,169.05,0.147679,0.123573
288.4,171.33,0.167667,0.143206
288.4,173.6,0.182913,0.15848
288.4,175.7,0.191906,0.167359
288.4,177.98,0.195212,0.170572
288.4,180.25,0.193961,0.169235
288.4,182.53,0.18812,0.163548
288.4,184.63,0.179306,0.154925
288.4,186.9,0.168114,0.143779
288.4,189.18,0.155446,0.131311
288.4,191.28,0.141897,0.118095
288.4,193.55,0.126965,0.103157
288.4,195.83,0.110615,0.087371
288.4,197.93,0.093209,0.069938
288.4,200.2,0.075233,0.052042
288.4,202.3,0.058052,0.03524
288.4,204.58,0.042264,0.019657
288.4,206.85,0.027236,0.004885
288.4,208.95,0.01332,-0.008867
288.4,211.23,0.000655,-0.021356
288.4,213.33,-0.010913,-0.032903
288.4,215.6,-0.02164,-0.043614
288.4,217.88,-0.032,-0.053707
288.4,219.98,-0.041082,-0.062724
288.4,222.25,-0.049542,-0.071221
288.4,224.53,-0.057764,-0.079141
288.4,226.8,-0.064884,-0.086242
288.4,228.9,-0.072006,-0.09322
288.4,231.18,-0.079277,-0.100447
288.4,233.45,-0.086221,-0.107404
288.4,235.55,-0.093839,-0.114652
288.4,237.83,-0.101103,-0.121895
288.4,240.1,-0.108836,-0.129625
288.4,242.38,-0.116066,-0.136701
288.4,244.48,-0.123519,-0.144067
288.4,246.75,-0.131134,-0.151643
288.4,249.03,-0.138925,-0.159203
288.4,251.13,-0.147422,-0.167733
288.4,253.93,-0.157644,-0.177776
288.4,256.03,-0.165891,-0.185906
288.4,258.3,-0.173833,-0.193756
288.4,260.58,-0.181501,-0.201171
288.4,262.85,-0.18928,-0.208854
288.4,265.13,-0.197231,-0.216544
288.4,267.23,-0.204357,-0.223808
288.4,269.5,-0.211686,-0.230931
288.4,271.6,-0.218454,-0.237736
288.4,273.88,-0.225124,-0.244415
288.4,275.98,-0.230654,-0.249926
288.4,278.25,-0.235382,-0.254467
288.4,280.53,-0.239122,-0.258297
288.4,282.8,-0.243469,-0.262588
288.4,284.9,-0.249175,-0.268328
288.4,287.18,-0.256766,-0.275693
288.4,289.45,-0.266608,-0.285345
288.4,291.55,-0.278232,-0.296692
288.4,293.83,-0.291932,-0.310361
288.4,296.1,-0.307702,-0.325737
288.4,298.38,-0.324067,-0.342018
288.4,300.65,-0.341134,-0.358805
288.4,302.93,-0.356559,-0.374144
288.4,305.2,-0.370607,-0.387865
288.4,307.3,-0.381297,-0.398481
288.4,309.58,-0.388358,-0.405444
288.4,311.68,-0.391125,-0.408059
288.4,313.95,-0.390037,-0.407089
288.4,316.05,-0.38574,-0.403069
288.4,318.33,-0.378774,-0.395884
288.4,320.6,-0.368925,-0.386266
288.4,322.7,-0.356608,-0.374236
288.4,324.98,-0.341035,-0.358666
288.4,327.25,-0.322366,-0.340453
288.4,329.35,-0.298799,-0.31716
288.4,331.63,-0.272502,-0.291149
288.4,333.9,-0.244181,-0.263173
288.4,336.18,-0.214967,-0.234363
288.4,337.93,-0.184055,-0.203854
288.4,340.55,-0.153993,-0.174218
288.4,342.65,-0.124261,-0.144985
288.4,344.93,-0.092921,-0.114172
288.4,347.2,-0.062163,-0.083399
288.4,349.3,-0.03224,-0.054015
288.4,351.58,-0.003433,-0.025546
288.4,353.85,0.022763,0.000366
288.4,356.13,0.045338,0.022538
288.4,358.23,0.063366,0.040369
288.4,360.5,0.077337,0.054257
288.4,362.6,0.086395,0.063068
288.4,364.88,0.091164,0.068021
288.4,366.98,0.091844,0.068406
288.4,369.25,0.088884,0.065671
288.4,371.53,0.083178,0.060058
288.4,373.8,0.075686,0.052532
288.4,375.9,0.067377,0.044574
288.4,378.18,0.058277,0.035286
288.4,380.28,0.049617,0.026706
288.4,382.55,0.040806,0.018237
288.4,384.83,0.031521,0.008995
288.4,386.93,0.021755,-0.000457
288.4,389.2,0.012073,-0.010109
288.4,391.3,0.002806,-0.019345
288.4,393.58,-0.006282,-0.028343
288.4,395.85,-0.014844,-0.036821
288.4,398.13,-0.02367,-0.04554
288.4,400.23,-0.033198,-0.054831
288.4,402.5,-0.042644,-0.064261
288.4,404.6,-0.052157,-0.073611
288.4,406.88,-0.061319,-0.082514
288.4,408.98,-0.070389,-0.09172
288.4,411.25,-0.078661,-0.099671
288.4,413.53,-0.086254,-0.107262
288.4,415.8,-0.093642,-0.114594
288.4,417.9,-0.099843,-0.120808
288.4,420.18,-0.105906,-0.126673
288.4,422.28,-0.111153,-0.131895
288.4,424.55,-0.116948,-0.137493
288.4,426.83,-0.122397,-0.143054
288.4,428.93,-0.127477,-0.147829
288.4,431.2,-0.132699,-0.153303
288.4,433.3,-0.137339,-0.157607
288.4,435.75,-0.14167,-0.162012
288.4,438.03,-0.145241,-0.165537
288.4,440.13,-0.148386,-0.168608
288.4,442.4,-0.150919,-0.171128
288.4,444.68,-0.153066,-0.173278
288.4,446.78,-0.155299,-0.175438
288.4,449.05,-0.15789,-0.177893
288.4,451.33,-0.160928,-0.180949
288.4,453.43,-0.164018,-0.183885
288.4,455.7,-0.167299,-0.187428
288.4,457.8,-0.170296,-0.190382
288.4,460.08,-0.172126,-0.191954
288.4,462.18,-0.172305,-0.192311
288.4,464.45,-0.171606,-0.191507
288.4,466.73,-0.170503,-0.190459
288.4,469.0,-0.169985,-0.190074
288.4,471.1,-0.170333,-0.190352
288.4,473.38,-0.17123,-0.19122
288.4,475.65,-0.173251,-0.193041
288.4,477.75,-0.175931,-0.195614
288.4,480.03,-0.180577,-0.200395
288.4,482.13,-0.186747,-0.206276
288.4,484.4,-0.193821,-0.213482
288.4,486.68,-0.201732,-0.22126
288.4,488.78,-0.210768,-0.230281
288.4,491.05,-0.21927,-0.238519
288.4,493.33,-0.227825,-0.247077
288.4,495.43,-0.237243,-0.256217
288.4,497.7,-0.24736,-0.266248
288.4,499.63,-0.257872,-0.276719
288.4,502.08,-0.267986,-0.286695
288.4,504.18,-0.277326,-0.29582
288.4,506.45,-0.284929,-0.303343
288.4,508.55,-0.289587,-0.307964
288.4,510.83,-0.291895,-0.310204
288.4,513.1,-0.290823,-0.30915
288.4,515.2,-0.288272,-0.306806
288.4,517.48,-0.284119,-0.30265
288.4,519.75,-0.27911,-0.297816
288.4,522.03,-0.273534,-0.292194
288.4,524.13,-0.266177,-0.285053
288.4,526.4,-0.257403,-0.276008
288.4,528.68,-0.246273,-0.265302
288.4,530.78,-0.234042,-0.253152
288.4,533.05,-0.219902,-0.239141
288.4,535.15,-0.203383,-0.22289
288.4,537.43,-0.184378,-0.20407
288.4,539.7,-0.163365,-0.183414
288.4,541.98,-0.141399,-0.161812
288.4,544.08,-0.118734,-0.139338
288.4,546.35,-0.093947,-0.114887
288.4,548.45,-0.069733,-0.091125
288.4,550.73,-0.046754,-0.068328
288.4,553.0,-0.025925,-0.04782
288.4,555.1,-0.007259,-0.029369
288.4,557.38,0.008126,-0.01408
288.4,559.48,0.019626,-0.002807
288.4,561.75,0.027513,0.005184
288.4,564.03,0.031888,0.009294
288.4,566.13,0.033675,0.011121
288.4,568.4,0.032713,0.009938
288.4,570.68,0.029605,0.007193
288.4,572.78,0.024167,0.001968
288.4,574.88,0.017904,-0.004545
288.4,577.33,0.01048,-0.011861
288.4,579.43,0.002045,-0.020056
288.4,581.7,-0.007798,-0.029776
288.4,583.8,-0.018288,-0.040195
288.4,586.08,-0.028944,-0.050543
288.4,588.35,-0.039394,-0.060996
288.4,590.45,-0.049985,-0.071519
288.4,592.73,-0.061295,-0.082585
288.4,594.83,-0.072937,-0.094113
288.4,597.1,-0.084905,-0.105971
288.4,599.38,-0.095922,-0.116753
288.4,601.48,-0.105093,-0.125792
288.4,603.75,-0.11366,-0.134298
288.4,606.03,-0.123078,-0.143725
288.4,608.13,-0.133639,-0.154113
288.4,610.4,-0.145666,-0.165872
288.4,612.68,-0.15927,-0.179397
288.4,614.78,-0.174159,-0.194036
288.4,617.05,-0.19041,-0.210025
288.4,619.15,-0.207671,-0.227006
288.4,621.43,-0.224501,-0.243824
288.4,623.7,-0.240851,-0.259843
288.4,625.8,-0.257006,-0.275869
288.4,628.08,-0.27354,-0.292015
288.4,630.18,-0.290124,-0.308709
288.4,632.45,-0.307751,-0.325891
288.4,634.55,-0.325955,-0.343854
288.4,636.83,-0.34456,-0.362101
288.4,639.1,-0.364815,-0.382187
288.4,641.2,-0.386454,-0.403521
288.4,643.48,-0.408836,-0.425804
288.4,645.75,-0.431276,-0.447585
288.4,648.03,-0.453614,-0.469797
288.4,650.13,-0.474282,-0.490342
288.4,652.4,-0.490684,-0.506442
288.4,654.5,-0.4989,-0.514498
288.4,656.78,-0.500394,-0.515967
288.4,659.05,-0.496131,-0.511901
288.4,661.15,-0.486088,-0.501962
288.4,663.43,-0.469045,-0.485163
288.4,665.53,-0.444908,-0.461328
288.4,667.8,-0.414643,-0.431405
288.4,670.08,-0.376821,-0.394252
288.4,672.35,-0.335715,-0.353475
288.4,674.45,-0.291584,-0.31009
288.4,676.55,-0.246069,-0.265302
288.4,678.83,-0.200974,-0.220727
288.4,681.1,-0.157407,-0.177671
288.4,683.2,-0.117422,-0.138054
288.4,685.48,-0.079357,-0.100527
288.4,687.75,-0.045475,-0.067342
324.45,11.38,-0.192715,-0.212329
324.45,13.48,-0.189606,-0.209492
324.45,16.1,-0.186707,-0.206328
324.45,18.38,-0.183808,-0.203528
324.45,20.48,-0.180601,-0.200342
324.45,22.75,-0.177333,-0.1972
324.45,25.03,-0.174076,-0.194144
324.45,27.13,-0.171418,-0.191374
324.45,29.4,-0.168667,-0.188571
324.45,31.5,-0.166374,-0.186362
324.45,33.78,-0.164572,-0.184692
324.45,35.88,-0.163374,-0.18338
324.45,38.15,-0.162918,-0.183087
324.45,40.43,-0.163349,-0.183432
324.45,42.7,-0.164313,-0.184366
324.45,44.8,-0.165614,-0.18566
324.45,47.08,-0.16716,-0.187024
324.45,49.35,-0.168691,-0.188728
324.45,51.45,-0.170127,-0.189988
324.45,53.73,-0.171196,-0.191233
324.45,55.83,-0.172003,-0.192009
324.45,58.1,-0.172838,-0.192702
324.45,60.38,-0.172819,-0.192816
324.45,62.65,-0.172209,-0.192265
324.45,64.75,-0.17062,-0.190564
324.45,67.03,-0.168383,-0.188405
324.45,69.13,-0.165823,-0.185798
324.45,71.4,-0.163907,-0.183891
324.45,73.68,-0.163472,-0.183593
324.45,75.78,-0.165875,-0.185737
324.45,78.05,-0.171581,-0.191541
324.45,80.33,-0.180635,-0.200361
324.45,82.43,-0.192588,-0.212231
324.45,84.7,-0.206864,-0.226214
324.45,86.98,-0.222098,-0.241408
324.45,89.08,-0.236987,-0.256088
324.45,91.35,-0.25147,-0.27033
324.45,93.63,-0.265885,-0.284514
324.45,95.73,-0.280401,-0.298904
324.45,98.0,-0.295432,-0.313867
324.45,100.28,-0.311836,-0.329794
324.45,102.38,-0.328075,-0.345866
324.45,104.65,-0.344806,-0.362477
324.45,106.93,-0.362625,-0.379926
324.45,109.03,-0.380419,-0.397594
324.45,111.3,-0.398109,-0.415173
324.45,113.4,-0.414689,-0.431232
324.45,115.68,-0.428956,-0.445558
324.45,117.78,-0.441371,-0.457859
324.45,120.05,-0.451306,-0.467394
324.45,122.33,-0.458287,-0.474547
324.45,124.6,-0.462224,-0.47845
324.45,126.7,-0.462403,-0.47858
324.45,128.98,-0.457939,-0.474079
324.45,131.25,-0.449094,-0.465293
324.45,133.35,-0.435354,-0.451833
324.45,135.63,-0.416728,-0.433577
324.45,137.73,-0.392363,-0.409298
324.45,140.0,-0.362948,-0.380521
324.45,142.1,-0.330213,-0.348253
324.45,144.38,-0.293016,-0.311313
324.45,146.83,-0.250475,-0.269375
324.45,148.93,-0.209652,-0.229098
324.45,151.2,-0.165974,-0.186088
324.45,153.3,-0.124295,-0.145019
324.45,155.75,-0.080241,-0.101445
324.45,157.85,-0.040925,-0.062687
324.45,160.13,-0.004172,-0.026384
324.45,162.4,0.029728,0.007202
324.45,164.5,0.057987,0.035015
324.45,166.78,0.082285,0.059041
324.45,169.05,0.103024,0.079528
324.45,171.33,0.118456,0.094814
324.45,173.43,0.128745,0.105036
324.45,175.7,0.134232,0.110458
324.45,177.98,0.135726,0.111894
324.45,180.25,0.133348,0.109811
324.45,182.35,0.127528,0.103641
324.45,184.63,0.118718,0.095048
324.45,186.73,0.107165,0.083647
324.45,189.0,0.093687,0.070357
324.45,191.1,0.078373,0.055089
324.45,193.38,0.06267,0.039938
324.45,195.65,0.046561,0.024038
324.45,197.75,0.030967,0.008397
324.45,200.03,0.01471,-0.007558
324.45,202.13,-0.002379,-0.024403
324.45,204.4,-0.018617,-0.040632
324.45,206.68,-0.034197,-0.055974
324.45,208.78,-0.048325,-0.069942
324.45,211.05,-0.061809,-0.082869
324.45,213.33,-0.074058,-0.095386
324.45,215.43,-0.085583,-0.106772
324.45,217.7,-0.096766,-0.117601
324.45,219.98,-0.106997,-0.127801
324.45,222.08,-0.116125,-0.136824
324.45,224.35,-0.124468,-0.14493
324.45,226.45,-0.132521,-0.153001
324.45,228.73,-0.139326,-0.159609
324.45,231.0,-0.145592,-0.165956
324.45,233.1,-0.150977,-0.171066
324.45,235.38,-0.1561,-0.176301
324.45,237.65,-0.160971,-0.180878
324.45,239.75,-0.165222,-0.185118
324.45,242.03,-0.169058,-0.188996
324.45,244.3,-0.172909,-0.192767
324.45,246.4,-0.176556,-0.196337
324.45,248.68,-0.180339,-0.200037
324.45,250.95,-0.183916,-0.203596
324.45,253.05,-0.187061,-0.20679
324.45,255.33,-0.190404,-0.210087
324.45,257.6,-0.193491,-0.213016
324.45,259.7,-0.196341,-0.216063
324.45,261.98,-0.199431,-0.219079
324.45,264.25,-0.20293,-0.222502
324.45,266.35,-0.207536,-0.226837
324.45,268.63,-0.212388,-0.231667
324.45,270.73,-0.217366,-0.236732
324.45,273.0,-0.223041,-0.242132
324.45,275.28,-0.228802,-0.247915
324.45,277.38,-0.235487,-0.254711
324.45,279.65,-0.243115,-0.262111
324.45,281.93,-0.25175,-0.270573
324.45,284.2,-0.262052,-0.280764
324.45,286.3,-0.273389,-0.291913
324.45,288.58,-0.285265,-0.303762
324.45,290.85,-0.297902,-0.316239
324.45,293.13,-0.311365,-0.329532
324.45,295.23,-0.324541,-0.342419
324.45,297.5,-0.33777,-0.355404
324.45,299.78,-0.350872,-0.368614
324.45,301.88,-0.364285,-0.381645
324.45,304.15,-0.37769,-0.394917
324.45,306.43,-0.390666,-0.407693
324.45,308.53,-0.402126,-0.419051
324.45,310.8,-0.411467,-0.428223
324.45,313.08,-0.418146,-0.43492
324.45,315.18,-0.421516,-0.438238
324.45,317.45,-0.421658,-0.438259
324.45,319.55,-0.418158,-0.434865
324.45,321.83,-0.41073,-0.427631
324.45,324.1,-0.399498,-0.41663
324.45,326.2,-0.384325,-0.401414
324.45,328.48,-0.366026,-0.383284
324.45,330.75,-0.344513,-0.36228
324.45,332.85,-0.320065,-0.338183
324.45,335.13,-0.292292,-0.310653
324.45,337.4,-0.262872,-0.281695
324.45,339.5,-0.232887,-0.252037
324.45,341.78,-0.201849,-0.221522
324.45,343.88,-0.170145,-0.190158
324.45,346.15,-0.138962,-0.159317
324.45,348.43,-0.109585,-0.130182
324.45,350.53,-0.079985,-0.101131
324.45,352.63,-0.053423,-0.074905
324.45,355.08,-0.02911,-0.050983
324.45,357.18,-0.007471,-0.029428
324.45,359.45,0.011278,-0.011067
324.45,361.73,0.026022,0.003323
324.45,363.83,0.036875,0.014355
324.45,366.1,0.044516,0.021734
324.45,368.38,0.04889,0.026034
324.45,370.48,0.049343,0.02662
324.45,372.75,0.046413,0.023582
324.45,374.85,0.040662,0.017895
324.45,377.13,0.031798,0.0091
324.45,379.4,0.021111,-0.00135
324.45,381.5,0.009251,-0.013125
324.45,383.78,-0.003094,-0.024942
324.45,386.05,-0.014686,-0.036735
324.45,388.15,-0.024868,-0.046618
324.45,390.43,-0.033836,-0.055641
324.45,392.7,-0.042148,-0.063938
324.45,394.8,-0.050574,-0.072102
324.45,397.08,-0.059172,-0.080543
324.45,399.35,-0.067721,-0.088867
324.45,401.45,-0.075561,-0.096757
324.45,403.73,-0.083063,-0.104036
324.45,406.0,-0.088873,-0.10981
324.45,408.1,-0.093642,-0.114224
324.45,410.38,-0.096695,-0.117619
324.45,412.48,-0.098183,-0.118981
324.45,414.75,-0.099757,-0.120457
324.45,417.03,-0.101393,-0.122249
324.45,419.3,-0.103473,-0.124283
324.45,421.4,-0.105916,-0.126753
324.45,423.68,-0.108935,-0.129702
324.45,425.78,-0.111948,-0.132588
324.45,428.05,-0.115534,-0.136054
324.45,430.33,-0.1196,-0.14013
324.45,432.6,-0.123941,-0.144372
324.45,434.7,-0.129169,-0.149606
324.45,436.98,-0.135096,-0.155493
324.45,439.25,-0.140915,-0.161338
324.45,441.35,-0.147065,-0.16736
324.45,443.63,-0.152693,-0.172733
324.45,445.9,-0.15781,-0.17781
324.45,448.0,-0.161341,-0.181424
324.45,450.28,-0.163574,-0.183645
324.45,452.55,-0.164206,-0.184089
324.45,454.65,-0.163017,-0.182816
324.45,456.93,-0.161029,-0.181146
324.45,459.03,-0.159335,-0.179304
324.45,461.3,-0.159354,-0.179443
324.45,463.58,-0.161701,-0.18176
324.45,465.68,-0.166707,-0.186596
324.45,467.95,-0.173309,-0.19326
324.45,470.23,-0.181011,-0.200746
324.45,472.33,-0.188919,-0.208297
324.45,474.6,-0.195558,-0.215222
324.45,476.88,-0.199893,-0.219507
324.45,479.15,-0.20285,-0.222564
324.45,481.43,-0.206156,-0.225549
324.45,483.53,-0.209215,-0.228519
324.45,485.8,-0.212591,-0.232089
324.45,488.08,-0.216621,-0.236002
324.45,490.18,-0.221784,-0.241017
324.45,492.45,-0.227847,-0.247021
324.45,494.73,-0.23488,-0.253799
324.45,497.0,-0.241763,-0.260761
324.45,499.28,-0.249689,-0.268645
324.45,501.38,-0.256297,-0.275059
324.45,503.65,-0.262564,-0.281414
324.45,505.93,-0.268568,-0.287271
324.45,508.03,-0.27468,-0.293368
324.45,510.3,-0.280315,-0.298611
324.45,512.4,-0.284874,-0.303383
324.45,514.68,-0.287868,-0.306236
324.45,516.95,-0.287576,-0.30606
324.45,519.05,-0.283811,-0.302446
324.45,521.33,-0.27679,-0.295358
324.45,523.43,-0.266602,-0.285234
324.45,525.7,-0.253817,-0.272742
324.45,527.98,-0.239332,-0.258497
324.45,530.25,-0.223494,-0.242838
324.45,532.35,-0.205586,-0.224862
324.45,534.63,-0.18627,-0.205851
324.45,536.9,-0.165367,-0.185305
324.45,539.0,-0.144181,-0.164526
324.45,541.28,-0.122561,-0.142958
324.45,543.55,-0.0992,-0.120096
324.45,545.83,-0.077588,-0.098704
324.45,547.93,-0.058543,-0.079914
324.45,550.2,-0.041298,-0.06302
324.45,552.3,-0.026507,-0.048359
324.45,554.58,-0.013929,-0.036122
324.45,556.85,-0.003941,-0.026153
324.45,559.13,0.004112,-0.018038
324.45,561.23,0.009026,-0.01338
324.45,563.5,0.011891,-0.010352
324.45,565.6,0.012827,-0.009415
324.45,567.88,0.012501,-0.009723
324.45,570.15,0.010193,-0.011945
324.45,572.43,0.006644,-0.015685
324.45,574.53,0.001783,-0.020361
324.45,576.8,-0.004717,-0.026766
324.45,579.08,-0.012046,-0.034172
324.45,581.53,-0.021316,-0.043393
324.45,583.8,-0.030176,-0.052169
324.45,585.9,-0.038306,-0.059911
324.45,588.18,-0.046325,-0.067933
324.45,590.28,-0.05464,-0.076054
324.45,592.55,-0.061951,-0.083365
324.45,594.83,-0.069483,-0.09054
324.45,597.1,-0.076495,-0.097607
324.45,599.55,-0.084985,-0.106017
324.45,601.65,-0.093565,-0.114434
324.45,603.93,-0.10297,-0.123765
324.45,606.2,-0.113725,-0.134298
324.45,608.3,-0.125524,-0.146036
324.45,610.58,-0.137521,-0.157708
324.45,612.85,-0.149887,-0.169923
324.45,614.95,-0.1635,-0.183358
324.45,617.23,-0.17712,-0.197018
324.45,619.5,-0.190875,-0.210678
324.45,621.6,-0.204622,-0.224178
324.45,623.88,-0.218663,-0.237896
324.45,625.98,-0.232259,-0.251344
324.45,628.25,-0.246365,-0.265333
324.45,630.35,-0.261057,-0.279671
324.45,632.63,-0.276704,-0.295188
324.45,634.9,-0.293796,-0.312175
324.45,637.0,-0.312311,-0.330308
324.45,639.28,-0.331091,-0.349061
324.45,641.55,-0.351242,-0.368719
324.45,643.65,-0.372807,-0.390148
324.45,645.75,-0.396584,-0.413601
324.45,648.2,-0.419932,-0.436661
324.45,650.48,-0.439011,-0.455481
324.45,652.58,-0.45134,-0.46773
324.45,654.85,-0.457021,-0.473346
324.45,656.95,-0.455154,-0.471362
324.45,659.23,-0.442914,-0.459325
324.45,661.5,-0.420102,-0.436926
324.45,663.6,-0.386291,-0.403682
324.45,665.88,-0.343417,-0.36131
324.45,668.15,-0.29476,-0.313297
324.45,670.25,-0.242169,-0.261362
324.45,672.53,-0.188996,-0.208691
324.45,674.8,-0.138054,-0.1585
324.45,677.08,-0.089548,-0.110752
324.45,679.18,-0.047314,-0.06907
324.45,681.45,-0.009212,-0.031393
324.45,683.73,0.024774,0.002251
324.45,685.83,0.054398,0.031355
324.45,688.1,0.080464,0.057328
360.5,11.38,-0.140934,-0.16131
360.5,13.48,-0.137363,-0.157641
360.5,15.93,-0.134283,-0.154834
360.5,17.85,-0.131239,-0.151904
360.5,20.48,-0.127681,-0.148226
360.5,22.75,-0.124575,-0.145164
360.5,24.85,-0.121963,-0.142604
360.5,27.13,-0.118944,-0.139606
360.5,29.05,-0.115604,-0.136159
360.5,31.5,-0.111864,-0.132752
360.5,33.78,-0.108864,-0.129609
360.5,36.05,-0.105644,-0.126344
360.5,38.15,-0.102906,-0.123605
360.5,40.43,-0.100795,-0.121701
360.5,42.7,-0.099674,-0.120423
360.5,44.98,-0.099468,-0.120426
360.5,47.08,-0.100497,-0.121304
360.5,49.35,-0.102773,-0.1235
360.5,51.45,-0.105848,-0.126433
360.5,53.73,-0.109249,-0.129813
360.5,56.0,-0.112807,-0.133417
360.5,58.28,-0.117043,-0.137665
360.5,60.38,-0.121461,-0.142034
360.5,62.65,-0.126689,-0.147102
360.5,64.93,-0.133882,-0.154314
360.5,67.03,-0.142274,-0.16265
360.5,69.3,-0.151411,-0.171535
360.5,71.4,-0.160906,-0.181014
360.5,73.68,-0.170706,-0.190724
360.5,75.95,-0.180928,-0.200672
360.5,78.05,-0.190536,-0.210059
360.5,80.33,-0.200025,-0.219631
360.5,82.6,-0.209809,-0.229329
360.5,84.88,-0.218968,-0.238278
360.5,86.98,-0.22781,-0.247068
360.5,89.25,-0.237246,-0.256313
360.5,91.53,-0.246815,-0.265777
360.5,93.8,-0.256954,-0.275693
360.5,95.9,-0.267604,-0.286183
360.5,98.18,-0.278269,-0.296867
360.5,100.28,-0.289501,-0.307868
360.5,102.55,-0.300749,-0.318904
360.5,104.83,-0.312218,-0.330188
360.5,107.1,-0.323069,-0.341137
360.5,109.2,-0.333663,-0.351482
360.5,111.48,-0.344005,-0.361664
360.5,113.58,-0.354098,-0.371775
360.5,116.03,-0.363848,-0.381269
360.5,118.13,-0.372483,-0.389667
360.5,120.4,-0.379584,-0.396716
360.5,122.5,-0.3848,-0.401873
360.5,124.78,-0.387483,-0.404492
360.5,127.05,-0.387243,-0.404495
360.5,129.33,-0.384313,-0.401316
360.5,131.43,-0.378888,-0.396029
360.5,133.7,-0.371439,-0.388756
360.5,135.8,-0.36191,-0.379446
360.5,138.08,-0.350216,-0.367985
360.5,140.35,-0.336029,-0.354014
360.5,142.45,-0.318583,-0.336815
360.5,144.73,-0.297178,-0.315536
360.5,147.0,-0.272031,-0.290758
360.5,149.1,-0.245385,-0.264412
360.5,151.38,-0.217252,-0.236596
360.5,153.65,-0.188845,-0.208654
360.5,155.75,-0.161901,-0.182021
360.5,158.03,-0.13676,-0.157243
360.5,160.3,-0.112986,-0.133593
360.5,162.4,-0.09066,-0.111633
360.5,164.68,-0.071301,-0.092456
360.5,166.95,-0.055019,-0.076396
360.5,169.05,-0.041282,-0.063026
360.5,171.33,-0.030728,-0.052524
360.5,173.43,-0.022487,-0.044502
360.5,175.7,-0.01778,-0.039779
360.5,177.98,-0.016402,-0.038245
360.5,180.25,-0.018691,-0.040521
360.5,182.35,-0.024237,-0.046057
360.5,184.63,-0.033051,-0.054908
360.5,186.9,-0.044147,-0.065805
360.5,189.0,-0.056384,-0.077641
360.5,191.28,-0.069757,-0.090931
360.5,193.55,-0.083691,-0.104619
360.5,195.65,-0.098044,-0.118762
360.5,197.93,-0.112114,-0.132628
360.5,200.03,-0.124942,-0.145379
360.5,202.3,-0.135993,-0.156285
360.5,204.58,-0.145993,-0.166113
360.5,206.68,-0.154859,-0.174896
360.5,208.95,-0.163134,-0.183078
360.5,211.23,-0.171264,-0.191193
360.5,213.33,-0.178426,-0.198275
360.5,215.6,-0.185145,-0.20489
360.5,217.88,-0.191341,-0.211008
360.5,219.98,-0.198183,-0.217739
360.5,222.25,-0.205182,-0.224628
360.5,224.35,-0.212865,-0.232215
360.5,226.63,-0.220087,-0.23943
360.5,228.9,-0.226618,-0.245669
360.5,231.0,-0.232582,-0.251763
360.5,233.28,-0.238235,-0.257271
360.5,235.55,-0.244015,-0.262976
360.5,237.65,-0.249594,-0.268716
360.5,239.93,-0.254486,-0.273291
360.5,242.2,-0.259024,-0.277764
360.5,244.3,-0.263263,-0.282083
360.5,246.58,-0.267234,-0.285838
360.5,248.85,-0.271926,-0.290546
360.5,250.95,-0.277074,-0.295647
360.5,253.23,-0.28325,-0.301608
360.5,255.5,-0.289252,-0.307622
360.5,257.6,-0.294809,-0.313063
360.5,259.88,-0.300327,-0.318562
360.5,262.15,-0.305083,-0.323173
360.5,264.25,-0.310154,-0.328235
360.5,266.53,-0.315425,-0.333565
360.5,268.8,-0.321528,-0.339467
360.5,270.9,-0.328879,-0.34679
360.5,273.18,-0.337881,-0.355524
360.5,275.28,-0.346815,-0.364313
360.5,277.55,-0.355847,-0.373361
360.5,279.83,-0.36452,-0.382043
360.5,281.93,-0.371735,-0.38911
360.5,284.2,-0.378617,-0.395998
360.5,286.48,-0.385653,-0.402865
360.5,288.75,-0.393534,-0.410521
360.5,290.85,-0.403266,-0.420083
360.5,293.13,-0.414116,-0.430967
360.5,295.4,-0.425853,-0.442381
360.5,297.5,-0.437985,-0.454433
360.5,299.78,-0.450364,-0.466543
360.5,302.05,-0.462619,-0.478805
360.5,304.33,-0.474273,-0.490333
360.5,306.43,-0.485299,-0.501269
360.5,308.7,-0.494972,-0.510736
360.5,310.98,-0.502877,-0.518583
360.5,313.08,-0.508142,-0.52354
360.5,315.35,-0.510826,-0.526232
360.5,317.63,-0.511319,-0.52687
360.5,319.73,-0.509147,-0.524698
360.5,322.0,-0.505188,-0.520875
360.5,324.28,-0.49809,-0.513808
360.5,326.38,-0.488836,-0.504772
360.5,328.65,-0.47715,-0.493112
360.5,330.75,-0.463275,-0.479467
360.5,333.03,-0.446922,-0.463407
360.5,335.3,-0.428451,-0.445083
360.5,337.58,-0.406821,-0.423571
360.5,339.68,-0.381744,-0.399094
360.5,341.95,-0.356088,-0.373793
360.5,344.23,-0.33082,-0.348657
360.5,346.33,-0.306146,-0.324535
360.5,348.6,-0.282148,-0.30053
360.5,350.7,-0.260435,-0.279088
360.5,352.98,-0.241313,-0.260339
360.5,355.25,-0.22476,-0.243925
360.5,357.53,-0.209708,-0.229153
360.5,359.63,-0.19578,-0.215293
360.5,361.9,-0.183429,-0.203312
360.5,364.18,-0.173491,-0.193497
360.5,366.28,-0.166239,-0.186316
360.5,368.55,-0.161297,-0.181347
360.5,370.65,-0.158278,-0.178288
360.5,372.93,-0.156048,-0.176214
360.5,375.2,-0.154927,-0.17497
360.5,377.3,-0.154434,-0.174655
360.5,379.58,-0.154357,-0.174517
360.5,381.68,-0.155823,-0.175755
360.5,383.95,-0.158383,-0.178503
360.5,386.23,-0.161532,-0.181679
360.5,388.5,-0.165493,-0.185472
360.5,390.78,-0.168149,-0.18809
360.5,392.88,-0.169036,-0.189012
360.5,395.15,-0.168097,-0.188109
360.5,397.25,-0.166002,-0.185996
360.5,399.53,-0.162551,-0.18261
360.5,401.8,-0.158355,-0.178479
360.5,404.08,-0.153491,-0.173673
360.5,406.18,-0.148808,-0.169039
360.5,408.45,-0.144779,-0.164936
360.5,410.73,-0.140583,-0.1609
360.5,412.83,-0.137459,-0.157983
360.5,415.1,-0.135952,-0.156273
360.5,417.38,-0.135321,-0.155567
360.5,419.48,-0.135389,-0.155746
360.5,421.75,-0.136177,-0.15663
360.5,424.03,-0.138608,-0.159042
360.5,426.13,-0.141944,-0.162268
360.5,428.4,-0.145022,-0.165358
360.5,430.68,-0.146911,-0.167314
360.5,432.95,-0.147098,-0.167447
360.5,435.05,-0.146005,-0.166325
360.5,437.33,-0.144058,-0.164452
360.5,439.6,-0.142105,-0.1624
360.5,441.7,-0.140321,-0.160638
360.5,443.98,-0.138787,-0.159039
360.5,446.08,-0.137299,-0.157576
360.5,448.35,-0.135765,-0.156217
360.5,450.63,-0.133593,-0.153959
360.5,452.73,-0.131356,-0.151824
360.5,455.0,-0.129859,-0.150318
360.5,457.28,-0.129351,-0.149819
360.5,459.38,-0.129566,-0.149982
360.5,461.65,-0.130949,-0.151402
360.5,463.75,-0.133195,-0.153636
360.5,466.03,-0.135697,-0.156036
360.5,468.13,-0.137841,-0.158164
360.5,470.4,-0.140238,-0.160564
360.5,472.5,-0.142776,-0.163038
360.5,474.78,-0.14537,-0.165765
360.5,477.05,-0.147773,-0.168134
360.5,479.33,-0.148972,-0.16911
360.5,481.43,-0.149572,-0.169816
360.5,483.7,-0.149985,-0.170191
360.5,485.98,-0.150068,-0.170287
360.5,488.08,-0.151328,-0.171624
360.5,490.35,-0.153463,-0.173596
360.5,492.63,-0.156002,-0.17626
360.5,494.73,-0.159344,-0.17939
360.5,497.0,-0.162782,-0.18265
360.5,499.1,-0.166384,-0.186436
360.5,501.38,-0.170521,-0.190552
360.5,503.65,-0.173947,-0.193848
360.5,505.75,-0.177299,-0.197129
360.5,508.03,-0.181211,-0.200888
360.5,510.13,-0.185764,-0.205447
360.5,512.4,-0.190268,-0.209788
360.5,514.68,-0.194397,-0.214042
360.5,516.78,-0.196944,-0.216498
360.5,519.05,-0.197958,-0.217434
360.5,521.33,-0.196356,-0.215968
360.5,523.43,-0.192219,-0.211947
360.5,525.7,-0.186091,-0.205724
360.5,527.98,-0.176861,-0.19688
360.5,530.25,-0.166214,-0.186257
360.5,532.53,-0.154126,-0.174196
360.5,534.63,-0.141375,-0.161741
360.5,536.9,-0.127598,-0.148078
360.5,539.18,-0.112542,-0.133325
360.5,541.28,-0.097345,-0.118235
360.5,543.55,-0.081578,-0.102521
360.5,545.83,-0.066295,-0.087536
360.5,547.93,-0.052844,-0.074341
360.5,550.2,-0.041489,-0.063112
360.5,552.3,-0.031757,-0.05347
360.5,554.58,-0.02293,-0.04485
360.5,556.68,-0.015632,-0.037567
360.5,558.95,-0.00932,-0.031507
360.5,561.23,-0.004348,-0.026483
360.5,563.33,0.000298,-0.021633
360.5,565.6,0.00426,-0.01789
360.5,567.7,0.006617,-0.015512
360.5,569.98,0.007981,-0.014246
360.5,572.08,0.007384,-0.014933
360.5,574.35,0.004944,-0.017444
360.5,576.63,-0.000475,-0.022607
360.5,578.9,-0.007431,-0.029502
360.5,581.0,-0.01598,-0.038007
360.5,583.28,-0.025506,-0.047179
360.5,585.55,-0.034902,-0.056584
360.5,587.65,-0.042841,-0.064434
360.5,589.93,-0.048682,-0.070299
360.5,592.03,-0.053476,-0.075013
360.5,594.3,-0.058143,-0.079597
360.5,596.58,-0.063275,-0.084532
360.5,598.85,-0.070352,-0.091522
360.5,600.95,-0.078047,-0.099018
360.5,603.23,-0.086368,-0.10737
360.5,605.5,-0.094652,-0.115472
360.5,607.6,-0.102,-0.122801
360.5,609.88,-0.109076,-0.129782
360.5,612.15,-0.115912,-0.136396
360.5,614.25,-0.122952,-0.143506
360.5,616.53,-0.129409,-0.149883
360.5,618.8,-0.136057,-0.156482
360.5,620.9,-0.143993,-0.164086
360.5,623.18,-0.152542,-0.172647
360.5,625.45,-0.161664,-0.181827
360.5,627.55,-0.171347,-0.191205
360.5,629.83,-0.181091,-0.200986
360.5,632.1,-0.191735,-0.211331
360.5,634.2,-0.202918,-0.222178
360.5,636.48,-0.214298,-0.233574
360.5,638.75,-0.22586,-0.245053
360.5,640.85,-0.237416,-0.256399
360.5,643.13,-0.248851,-0.267684
360.5,645.4,-0.261094,-0.279769
360.5,647.5,-0.273706,-0.292302
360.5,649.78,-0.286766,-0.305234
360.5,652.05,-0.300404,-0.31879
360.5,654.15,-0.314304,-0.332191
360.5,656.43,-0.328186,-0.346026
360.5,658.7,-0.342055,-0.359988
360.5,660.8,-0.356821,-0.374156
360.5,663.08,-0.372391,-0.389689
360.5,665.18,-0.388327,-0.405284
360.5,667.45,-0.403752,-0.420733
360.5,669.73,-0.41773,-0.43427
360.5,672.0,-0.429113,-0.445804
360.5,674.1,-0.43699,-0.45338
360.5,676.38,-0.439205,-0.455539
360.5,678.65,-0.432659,-0.449208
360.5,680.75,-0.418959,-0.435835
360.5,683.03,-0.401559,-0.418571
360.5,685.3,-0.382468,-0.399513
360.5,687.4,-0.364748,-0.382058
396.55,11.73,-0.064856,-0.086295
396.55,14.0,-0.068867,-0.090081
396.55,16.28,-0.07228,-0.093559
396.55,18.55,-0.07489,-0.096045
396.55,20.65,-0.076492,-0.097752
396.55,22.93,-0.077567,-0.098851
396.55,25.2,-0.078907,-0.09984
396.55,27.48,-0.079625,-0.100678
396.55,29.58,-0.079575,-0.100697
396.55,31.68,-0.078913,-0.100044
396.55,33.95,-0.078081,-0.099277
396.55,36.23,-0.078146,-0.099258
396.55,38.33,-0.079807,-0.100885
396.55,40.6,-0.082404,-0.10363
396.55,42.88,-0.084486,-0.105549
396.55,45.15,-0.086396,-0.1074
396.55,47.25,-0.087767,-0.108811
396.55,49.53,-0.088981,-0.10993
396.55,51.8,-0.090244,-0.111144
396.55,53.9,-0.091901,-0.112739
396.55,56.18,-0.093254,-0.114119
396.55,58.45,-0.094341,-0.11541
396.55,60.55,-0.09664,-0.117767
396.55,62.83,-0.101335,-0.12216
396.55,65.1,-0.108648,-0.129486
396.55,67.2,-0.117077,-0.137635
396.55,69.48,-0.125863,-0.146319
396.55,71.75,-0.135404,-0.155688
396.55,73.85,-0.144702,-0.165078
396.55,76.13,-0.153802,-0.173925
396.55,78.4,-0.162471,-0.182641
396.55,80.68,-0.171553,-0.191501
396.55,82.78,-0.181128,-0.200885
396.55,85.05,-0.19098,-0.21054
396.55,87.33,-0.200764,-0.220247
396.55,89.43,-0.211119,-0.230281
396.55,91.7,-0.220561,-0.239723
396.55,93.98,-0.229742,-0.248756
396.55,96.08,-0.237758,-0.256861
396.55,98.35,-0.244698,-0.263867
396.55,100.63,-0.251162,-0.269933
396.55,102.73,-0.256803,-0.275647
396.55,105.0,-0.262348,-0.281023
396.55,107.1,-0.267295,-0.285965
396.55,109.38,-0.27289,-0.291516
396.55,111.65,-0.279486,-0.298013
396.55,113.75,-0.287982,-0.3063
396.55,116.03,-0.296645,-0.314991
396.55,118.3,-0.305583,-0.323876
396.55,120.4,-0.314369,-0.332557
396.55,122.68,-0.321584,-0.339621
396.55,124.95,-0.327499,-0.345407
396.55,127.23,-0.33081,-0.348605
396.55,129.33,-0.331929,-0.349621
396.55,131.6,-0.330333,-0.348115
396.55,133.88,-0.325761,-0.343592
396.55,135.98,-0.317511,-0.335604
396.55,138.25,-0.306454,-0.324803
396.55,140.35,-0.292567,-0.311038
396.55,142.63,-0.275755,-0.294209
396.55,144.9,-0.25696,-0.275918
396.55,147.18,-0.237591,-0.25655
396.55,149.45,-0.216624,-0.235999
396.55,151.55,-0.195684,-0.215352
396.55,153.83,-0.174548,-0.194332
396.55,156.1,-0.153928,-0.174015
396.55,158.2,-0.133402,-0.153944
396.55,160.48,-0.114988,-0.135721
396.55,162.75,-0.098445,-0.119298
396.55,164.85,-0.084295,-0.105373
396.55,167.13,-0.07301,-0.094391
396.55,169.4,-0.06452,-0.085869
396.55,171.5,-0.05822,-0.079572
396.55,173.78,-0.053396,-0.074874
396.55,176.05,-0.050192,-0.071809
396.55,178.33,-0.049332,-0.070777
396.55,180.43,-0.051141,-0.072641
396.55,182.7,-0.055645,-0.077022
396.55,184.8,-0.061754,-0.083063
396.55,186.9,-0.069893,-0.09107
396.55,189.35,-0.077705,-0.098815
396.55,191.63,-0.085894,-0.106843
396.55,193.9,-0.094693,-0.115774
396.55,196.0,-0.103956,-0.124828
396.55,198.28,-0.113368,-0.133919
396.55,200.55,-0.123386,-0.143938
396.55,202.65,-0.133075,-0.153556
396.55,204.93,-0.142829,-0.16314
396.55,207.2,-0.152299,-0.17249
396.55,209.48,-0.161997,-0.182052
396.55,211.58,-0.171858,-0.191963
396.55,213.85,-0.181196,-0.201039
396.55,216.13,-0.189859,-0.209535
396.55,218.23,-0.197333,-0.21676
396.55,220.5,-0.203044,-0.222567
396.55,222.78,-0.208808,-0.228189
396.55,224.88,-0.213423,-0.232841
396.55,227.15,-0.218291,-0.237764
396.55,229.43,-0.222748,-0.24191
396.55,231.7,-0.226824,-0.246125
396.55,233.8,-0.231134,-0.250234
396.55,236.08,-0.235635,-0.254711
396.55,238.35,-0.240056,-0.259024
396.55,240.45,-0.24476,-0.263731
396.55,242.73,-0.249286,-0.268158
396.55,244.83,-0.253281,-0.27232
396.55,247.1,-0.25761,-0.276362
396.55,249.38,-0.261907,-0.28082
396.55,251.48,-0.267086,-0.285888
396.55,253.75,-0.273725,-0.292468
396.55,256.03,-0.280734,-0.299227
396.55,258.13,-0.288115,-0.306575
396.55,260.4,-0.294933,-0.313152
396.55,262.68,-0.301913,-0.320037
396.55,264.95,-0.308217,-0.326408
396.55,267.05,-0.31501,-0.333026
396.55,269.33,-0.321242,-0.339091
396.55,271.6,-0.327422,-0.345619
396.55,273.7,-0.333337,-0.351189
396.55,275.98,-0.340164,-0.35797
396.55,278.25,-0.347305,-0.364809
396.55,280.35,-0.355148,-0.372745
396.55,282.63,-0.363925,-0.381316
396.55,284.9,-0.372838,-0.390145
396.55,287.0,-0.381621,-0.398842
396.55,289.28,-0.390154,-0.407212
396.55,291.55,-0.398004,-0.415037
396.55,293.65,-0.405527,-0.422542
396.55,295.93,-0.413272,-0.430093
396.55,298.2,-0.420992,-0.437754
396.55,300.48,-0.429695,-0.446288
396.55,302.58,-0.438734,-0.455225
396.55,304.85,-0.448287,-0.464529
396.55,306.95,-0.457995,-0.474187
396.55,309.23,-0.467175,-0.48301
396.55,311.5,-0.474627,-0.490453
396.55,313.6,-0.480816,-0.496808
396.55,315.88,-0.485142,-0.5011
396.55,318.15,-0.487998,-0.503811
396.55,320.25,-0.488611,-0.504544
396.55,322.53,-0.487086,-0.502853
396.55,324.63,-0.482985,-0.498968
396.55,326.9,-0.477369,-0.49333
396.55,329.18,-0.46858,-0.484593
396.55,331.45,-0.458216,-0.474556
396.55,333.73,-0.445475,-0.461885
396.55,335.83,-0.43093,-0.447625
396.55,338.1,-0.414208,-0.431205
396.55,340.38,-0.396362,-0.413349
396.55,342.65,-0.377853,-0.395108
396.55,344.75,-0.359455,-0.376953
396.55,347.03,-0.341864,-0.359658
396.55,349.3,-0.325469,-0.34334
396.55,351.4,-0.309224,-0.327428
396.55,353.68,-0.29383,-0.312197
396.55,355.78,-0.280071,-0.29858
396.55,358.05,-0.268093,-0.286818
396.55,360.33,-0.257169,-0.276054
396.55,362.6,-0.247092,-0.266091
396.55,364.7,-0.237637,-0.256599
396.55,366.98,-0.228568,-0.247631
396.55,369.08,-0.220712,-0.240074
396.55,371.35,-0.213796,-0.233007
396.55,373.63,-0.208164,-0.22752
396.55,375.73,-0.202967,-0.222459
396.55,378.0,-0.198765,-0.218423
396.55,380.1,-0.195521,-0.215071
396.55,382.38,-0.19245,-0.212
396.55,384.65,-0.189085,-0.208731
396.55,386.75,-0.186676,-0.206365
396.55,389.03,-0.184825,-0.204625
396.55,391.3,-0.183651,-0.203201
396.55,393.4,-0.182443,-0.202271
396.55,395.68,-0.181602,-0.201411
396.55,397.95,-0.181131,-0.201008
396.55,400.05,-0.181183,-0.200789
396.55,402.33,-0.181963,-0.201652
396.55,404.43,-0.181907,-0.201806
396.55,406.7,-0.181217,-0.201026
396.55,408.98,-0.178959,-0.198857
396.55,411.25,-0.175253,-0.195241
396.55,413.35,-0.17115,-0.191236
396.55,415.63,-0.165758,-0.185746
396.55,417.73,-0.159686,-0.179967
396.55,420.0,-0.152058,-0.17216
396.55,422.28,-0.144468,-0.164769
396.55,424.55,-0.137481,-0.157742
396.55,426.65,-0.132299,-0.152801
396.55,428.93,-0.129209,-0.149754
396.55,431.2,-0.128784,-0.149255
396.55,433.48,-0.130481,-0.151002
396.55,435.58,-0.133278,-0.1537
396.55,437.85,-0.136042,-0.15635
396.55,440.13,-0.138787,-0.159116
396.55,442.4,-0.140758,-0.161023
396.55,444.5,-0.142151,-0.162447
396.55,446.78,-0.14261,-0.162866
396.55,449.05,-0.141566,-0.161957
396.55,451.33,-0.139095,-0.159224
396.55,453.43,-0.135284,-0.155755
396.55,455.7,-0.130919,-0.151384
396.55,457.8,-0.127194,-0.147675
396.55,460.08,-0.125269,-0.14574
396.55,462.35,-0.124452,-0.145074
396.55,464.45,-0.124511,-0.145047
396.55,466.73,-0.125333,-0.145684
396.55,468.83,-0.12611,-0.146507
396.55,471.1,-0.126408,-0.146907
396.55,473.38,-0.126347,-0.146806
396.55,475.65,-0.127219,-0.147662
396.55,477.75,-0.128513,-0.149082
396.55,480.03,-0.130506,-0.150854
396.55,482.3,-0.132548,-0.15293
396.55,484.4,-0.134159,-0.154532
396.55,486.68,-0.135407,-0.155903
396.55,488.95,-0.136482,-0.156858
396.55,491.05,-0.138294,-0.158651
396.55,493.33,-0.14054,-0.160919
396.55,495.6,-0.14281,-0.163235
396.55,497.7,-0.144702,-0.164794
396.55,499.98,-0.146168,-0.16639
396.55,502.25,-0.148235,-0.16866
396.55,504.53,-0.151106,-0.17122
396.55,506.63,-0.154911,-0.17497
396.55,508.9,-0.15842,-0.178614
396.55,511.18,-0.160989,-0.181094
396.55,513.28,-0.161864,-0.181901
396.55,515.55,-0.161174,-0.181279
396.55,517.83,-0.159769,-0.179782
396.55,519.93,-0.157311,-0.177416
396.55,522.2,-0.154578,-0.174575
396.55,524.48,-0.151375,-0.171639
396.55,526.75,-0.148054,-0.168275
396.55,528.85,-0.143386,-0.163879
396.55,531.13,-0.13712,-0.157579
396.55,533.4,-0.129748,-0.150247
396.55,535.5,-0.120684,-0.141254
396.55,537.78,-0.11001,-0.130891
396.55,539.7,-0.098402,-0.119387
396.55,542.33,-0.085192,-0.106402
396.55,544.6,-0.071393,-0.09261
396.55,546.88,-0.057305,-0.078824
396.55,548.98,-0.044742,-0.066362
396.55,551.25,-0.033288,-0.055062
396.55,553.53,-0.023932,-0.045879
396.55,555.63,-0.017219,-0.039203
396.55,557.9,-0.012838,-0.034816
396.55,560.18,-0.010999,-0.032927
396.55,562.28,-0.011162,-0.033044
396.55,564.55,-0.012478,-0.034425
396.55,566.83,-0.01469,-0.036464
396.55,568.93,-0.016871,-0.038876
396.55,571.2,-0.017733,-0.039757
396.55,573.48,-0.016889,-0.038929
396.55,575.58,-0.014881,-0.036806
396.55,577.85,-0.013251,-0.035346
396.55,579.95,-0.013781,-0.03578
396.55,582.23,-0.017958,-0.039961
396.55,584.5,-0.024677,-0.046393
396.55,586.6,-0.03359,-0.055226
396.55,588.88,-0.042881,-0.064523
396.55,591.15,-0.050906,-0.072542
396.55,593.25,-0.05729,-0.078685
396.55,595.53,-0.061036,-0.082484
396.55,597.8,-0.064012,-0.085235
396.55,599.9,-0.066824,-0.088164
396.55,602.18,-0.070435,-0.091775
396.55,604.45,-0.074782,-0.096039
396.55,606.55,-0.079998,-0.10114
396.55,608.83,-0.085204,-0.106202
396.55,611.1,-0.091486,-0.11224
396.55,613.2,-0.097678,-0.118599
396.55,615.48,-0.105182,-0.126143
396.55,617.75,-0.113694,-0.134076
396.55,619.85,-0.122493,-0.143177
396.55,622.13,-0.130922,-0.15127
396.55,624.23,-0.138352,-0.158559
396.55,626.5,-0.145709,-0.165894
396.55,628.78,-0.151874,-0.172003
396.55,631.05,-0.158392,-0.17859
396.55,633.15,-0.164742,-0.184896
396.55,635.43,-0.171898,-0.19179
396.55,637.7,-0.179181,-0.19887
396.55,639.8,-0.187557,-0.207219
396.55,642.08,-0.196975,-0.21667
396.55,644.18,-0.206615,-0.226005
396.55,646.45,-0.216991,-0.236297
396.55,648.73,-0.227536,-0.246775
396.55,651.0,-0.238799,-0.257881
396.55,653.1,-0.250607,-0.26956
396.55,655.38,-0.262545,-0.281291
396.55,657.65,-0.274748,-0.293494
396.55,659.75,-0.287369,-0.305604
396.55,662.03,-0.30016,-0.318469
396.55,664.3,-0.313183,-0.331196
396.55,666.58,-0.325428,-0.343512
396.55,668.68,-0.337557,-0.355428
396.55,670.95,-0.349695,-0.367354
396.55,673.23,-0.361504,-0.378808
396.55,675.33,-0.372828,-0.390093
396.55,677.6,-0.383851,-0.401066
396.55,679.88,-0.394036,-0.4109
396.55,681.98,-0.40321,-0.419997
396.55,684.25,-0.41085,-0.427955
396.55,686.53,-0.417677,-0.43435
396.55,688.63,-0.423035,-0.43959
432.6,11.73,-0.164532,-0.184492
432.6,14.0,-0.164816,-0.184766
432.6,16.1,-0.164723,-0.184883
432.6,18.38,-0.165272,-0.185253
432.6,20.65,-0.166168,-0.186304
432.6,22.75,-0.167333,-0.187142
432.6,25.03,-0.168586,-0.188488
432.6,27.3,-0.169991,-0.189976
432.6,29.58,-0.171738,-0.191596
432.6,31.68,-0.173294,-0.193346
432.6,33.95,-0.174628,-0.194538
432.6,36.23,-0.176159,-0.195952
432.6,38.5,-0.177671,-0.19748
432.6,40.6,-0.178996,-0.198867
432.6,42.88,-0.180022,-0.199779
432.6,45.15,-0.1811,-0.200872
432.6,47.25,-0.182203,-0.201991
432.6,49.53,-0.18297,-0.202819
432.6,51.8,-0.182678,-0.202342
432.6,54.08,-0.181359,-0.201137
432.6,56.18,-0.179511,-0.199378
432.6,58.45,-0.17797,-0.197921
432.6,60.73,-0.177308,-0.197175
432.6,62.83,-0.177708,-0.197641
432.6,65.1,-0.178876,-0.198633
432.6,67.38,-0.180635,-0.20041
432.6,69.48,-0.183057,-0.202622
432.6,71.75,-0.185952,-0.205613
432.6,74.03,-0.188796,-0.208439
432.6,76.13,-0.192345,-0.211947
432.6,78.4,-0.196636,-0.21618
432.6,80.68,-0.201248,-0.220829
432.6,82.78,-0.20749,-0.226975
432.6,85.05,-0.214856,-0.234042
432.6,87.33,-0.223164,-0.242292
432.6,89.43,-0.23191,-0.251076
432.6,91.7,-0.241334,-0.260484
432.6,93.8,-0.252089,-0.270915
432.6,96.25,-0.26326,-0.281913
432.6,98.35,-0.275527,-0.293996
432.6,100.63,-0.288552,-0.306799
432.6,102.73,-0.302486,-0.32069
432.6,105.0,-0.316621,-0.334708
432.6,107.28,-0.330527,-0.348429
432.6,109.38,-0.344803,-0.362456
432.6,111.65,-0.359005,-0.376695
432.6,113.75,-0.37268,-0.39004
432.6,116.03,-0.385247,-0.402326
432.6,118.3,-0.395841,-0.412807
432.6,120.4,-0.404054,-0.420909
432.6,122.5,-0.409575,-0.426269
432.6,124.95,-0.412006,-0.42894
432.6,127.05,-0.41154,-0.428423
432.6,129.33,-0.408272,-0.425133
432.6,131.43,-0.402372,-0.419396
432.6,133.7,-0.393223,-0.41025
432.6,135.98,-0.380943,-0.398241
432.6,138.25,-0.365773,-0.383318
432.6,140.53,-0.347708,-0.365336
432.6,142.63,-0.327132,-0.345185
432.6,144.9,-0.303143,-0.321266
432.6,147.0,-0.27594,-0.294523
432.6,149.28,-0.246562,-0.265539
432.6,151.55,-0.215037,-0.234409
432.6,153.83,-0.179649,-0.199631
432.6,155.93,-0.143497,-0.163848
432.6,158.2,-0.106137,-0.12684
432.6,160.3,-0.068078,-0.089458
432.6,162.58,-0.031942,-0.053744
432.6,164.85,0.003462,-0.018584
432.6,166.95,0.03535,0.012679
432.6,169.23,0.062322,0.039134
432.6,171.5,0.084189,0.061028
432.6,173.6,0.101284,0.07779
432.6,175.88,0.112189,0.088591
432.6,178.15,0.117895,0.094469
432.6,180.25,0.118828,0.095209
432.6,182.53,0.115905,0.092411
432.6,184.63,0.110634,0.087177
432.6,186.9,0.103878,0.080393
432.6,189.0,0.094796,0.071447
432.6,191.28,0.083422,0.060147
432.6,193.55,0.070036,0.047032
432.6,195.65,0.055153,0.032384
432.6,197.93,0.037374,0.01467
432.6,200.2,0.021614,-0.000632
432.6,202.48,0.006167,-0.016107
432.6,204.58,-0.00855,-0.030605
432.6,206.85,-0.023984,-0.045999
432.6,209.13,-0.038543,-0.060256
432.6,211.4,-0.052955,-0.074267
432.6,213.5,-0.066677,-0.087872
432.6,215.78,-0.079714,-0.100792
432.6,218.05,-0.091784,-0.112878
432.6,220.15,-0.102665,-0.123494
432.6,222.43,-0.111581,-0.132246
432.6,224.7,-0.118802,-0.139295
432.6,226.8,-0.1244,-0.144856
432.6,229.08,-0.129526,-0.14989
432.6,231.18,-0.134862,-0.155031
432.6,233.45,-0.141011,-0.161177
432.6,235.55,-0.149452,-0.169763
432.6,238.0,-0.160426,-0.18054
432.6,240.1,-0.172736,-0.19257
432.6,242.38,-0.185684,-0.205435
432.6,244.48,-0.198562,-0.21797
432.6,246.93,-0.209908,-0.229218
432.6,249.03,-0.219224,-0.238466
432.6,251.3,-0.227101,-0.246578
432.6,253.58,-0.234723,-0.253793
432.6,255.68,-0.24184,-0.260817
432.6,257.95,-0.249301,-0.268408
432.6,260.05,-0.256417,-0.275345
432.6,262.33,-0.263897,-0.282739
432.6,264.43,-0.27256,-0.291131
432.6,266.88,-0.28106,-0.299624
432.6,268.98,-0.290546,-0.308934
432.6,271.25,-0.301316,-0.319671
432.6,273.53,-0.312736,-0.330777
432.6,275.8,-0.324335,-0.342314
432.6,277.9,-0.336273,-0.354141
432.6,280.18,-0.349378,-0.366876
432.6,282.45,-0.363087,-0.380666
432.6,284.73,-0.376605,-0.393925
432.6,287.0,-0.390675,-0.407723
432.6,289.1,-0.405367,-0.422231
432.6,291.2,-0.42021,-0.436981
432.6,293.48,-0.435382,-0.451808
432.6,295.75,-0.452351,-0.46854
432.6,298.03,-0.470792,-0.486864
432.6,300.13,-0.490699,-0.506525
432.6,302.4,-0.510668,-0.526121
432.6,304.68,-0.529772,-0.544981
432.6,306.78,-0.547677,-0.56281
432.6,309.05,-0.565388,-0.580403
432.6,311.33,-0.581235,-0.595998
432.6,313.43,-0.594849,-0.609153
432.6,315.7,-0.605382,-0.619525
432.6,317.98,-0.612264,-0.626482
432.6,320.08,-0.615696,-0.629963
432.6,322.35,-0.614797,-0.628999
432.6,324.45,-0.609701,-0.623891
432.6,326.73,-0.599458,-0.61365
432.6,329.0,-0.58475,-0.599325
432.6,331.28,-0.566217,-0.58138
432.6,333.38,-0.544008,-0.559156
432.6,335.65,-0.51972,-0.535117
432.6,337.75,-0.491978,-0.507917
432.6,340.03,-0.462332,-0.478641
432.6,342.3,-0.432591,-0.449168
432.6,344.58,-0.401642,-0.418682
432.6,346.68,-0.368694,-0.386291
432.6,348.95,-0.336944,-0.355
432.6,351.23,-0.305804,-0.324018
432.6,353.33,-0.2759,-0.294446
432.6,355.6,-0.248857,-0.267785
432.6,357.88,-0.223346,-0.242539
432.6,360.15,-0.199427,-0.219073
432.6,362.25,-0.17741,-0.197357
432.6,364.53,-0.159033,-0.179166
432.6,366.63,-0.144375,-0.164625
432.6,368.9,-0.133124,-0.153469
432.6,371.18,-0.124736,-0.145342
432.6,373.28,-0.119668,-0.140416
432.6,375.55,-0.117092,-0.137675
432.6,377.65,-0.116581,-0.137114
432.6,379.93,-0.117958,-0.138399
432.6,382.2,-0.121205,-0.141732
432.6,384.3,-0.125185,-0.145552
432.6,386.58,-0.130207,-0.150706
432.6,388.85,-0.135435,-0.155949
432.6,391.13,-0.140989,-0.161217
432.6,393.23,-0.14733,-0.167659
432.6,395.5,-0.152893,-0.173026
432.6,397.6,-0.157228,-0.177456
432.6,399.88,-0.160108,-0.180096
432.6,402.15,-0.161766,-0.182049
432.6,404.25,-0.163365,-0.183297
432.6,406.53,-0.163389,-0.183365
432.6,408.63,-0.162098,-0.182142
432.6,410.9,-0.160238,-0.180299
432.6,413.0,-0.157681,-0.177718
432.6,415.28,-0.155875,-0.176042
432.6,417.55,-0.155909,-0.175965
432.6,419.83,-0.158017,-0.17806
432.6,421.93,-0.161516,-0.181596
432.6,424.2,-0.166211,-0.186227
432.6,426.48,-0.170706,-0.190595
432.6,428.58,-0.17387,-0.193864
432.6,430.85,-0.176088,-0.196066
432.6,433.13,-0.177644,-0.197554
432.6,435.23,-0.179163,-0.198891
432.6,437.5,-0.180789,-0.200607
432.6,439.78,-0.182425,-0.202185
432.6,441.88,-0.183898,-0.203645
432.6,444.15,-0.184591,-0.2044
432.6,446.43,-0.184637,-0.204409
432.6,448.53,-0.183546,-0.203318
432.6,450.8,-0.181695,-0.201525
432.6,453.08,-0.180081,-0.199828
432.6,455.35,-0.179193,-0.199095
432.6,457.45,-0.178845,-0.19875
432.6,459.73,-0.180062,-0.199843
432.6,462.0,-0.182459,-0.202163
432.6,464.28,-0.186094,-0.205912
432.6,466.38,-0.190669,-0.210345
432.6,468.48,-0.195885,-0.215666
432.6,470.93,-0.200077,-0.219757
432.6,473.03,-0.202952,-0.222487
432.6,475.3,-0.205081,-0.224551
432.6,477.58,-0.207616,-0.227086
432.6,479.68,-0.211097,-0.230389
432.6,481.95,-0.214625,-0.233922
432.6,484.23,-0.219073,-0.238454
432.6,486.5,-0.224665,-0.24383
432.6,488.6,-0.23151,-0.250814
432.6,490.88,-0.239914,-0.259039
432.6,493.15,-0.249625,-0.268719
432.6,495.25,-0.259381,-0.278115
432.6,497.53,-0.268984,-0.287576
432.6,499.63,-0.277533,-0.296116
432.6,501.9,-0.286109,-0.304443
432.6,504.18,-0.293993,-0.31236
432.6,506.28,-0.300604,-0.319036
432.6,508.55,-0.304477,-0.322653
432.6,510.83,-0.304837,-0.323035
432.6,512.93,-0.301553,-0.319745
432.6,515.2,-0.295139,-0.313531
432.6,517.3,-0.287526,-0.30606
432.6,519.58,-0.27854,-0.296981
432.6,521.85,-0.268583,-0.287132
432.6,524.13,-0.25696,-0.275903
432.6,526.23,-0.243793,-0.262909
432.6,528.5,-0.229132,-0.248284
432.6,530.6,-0.212456,-0.231836
432.6,532.88,-0.193075,-0.212856
432.6,535.15,-0.172598,-0.192699
432.6,537.43,-0.151464,-0.171686
432.6,539.53,-0.13086,-0.151279
432.6,541.8,-0.109233,-0.130007
432.6,544.08,-0.087345,-0.108525
432.6,546.35,-0.067659,-0.088885
432.6,548.45,-0.048913,-0.070629
432.6,550.73,-0.031982,-0.053799
432.6,552.83,-0.016301,-0.038245
432.6,555.1,-0.002678,-0.02473
432.6,557.38,0.007809,-0.014597
432.6,559.48,0.014602,-0.007746
432.6,561.75,0.018373,-0.003987
432.6,564.03,0.019346,-0.002943
432.6,566.13,0.019103,-0.003162
432.6,568.4,0.018209,-0.004101
432.6,570.5,0.016404,-0.005836
432.6,572.78,0.014057,-0.008217
432.6,575.05,0.011284,-0.011011
432.6,577.15,0.007609,-0.014671
432.6,579.43,0.003191,-0.018963
432.6,581.7,-0.003081,-0.025392
432.6,583.98,-0.009976,-0.032
432.6,586.08,-0.018198,-0.039988
432.6,588.35,-0.027333,-0.049147
432.6,590.63,-0.037364,-0.059015
432.6,592.9,-0.047305,-0.068808
432.6,595.18,-0.056932,-0.078451
432.6,597.28,-0.065447,-0.08672
432.6,599.55,-0.072256,-0.093371
432.6,601.83,-0.076898,-0.097893
432.6,604.1,-0.079338,-0.100401
432.6,606.2,-0.080811,-0.101985
432.6,608.48,-0.082838,-0.103984
432.6,610.75,-0.085469,-0.106633
432.6,612.85,-0.090148,-0.111042
432.6,615.13,-0.094763,-0.115506
432.6,617.23,-0.098568,-0.11944
432.6,619.5,-0.10249,-0.123275
432.6,621.78,-0.106368,-0.127049
432.6,623.88,-0.110124,-0.1307
432.6,626.15,-0.113605,-0.13423
432.6,628.43,-0.118115,-0.1387
432.6,630.7,-0.12298,-0.143463
432.6,632.8,-0.127249,-0.147542
432.6,635.08,-0.131405,-0.15179
432.6,637.35,-0.134619,-0.155124
432.6,639.45,-0.135857,-0.156365
432.6,641.73,-0.136972,-0.157373
432.6,643.83,-0.138377,-0.158737
432.6,646.1,-0.140792,-0.161063
432.6,648.38,-0.144511,-0.164843
432.6,650.48,-0.148728,-0.168907
432.6,652.75,-0.153026,-0.173137
432.6,655.03,-0.157003,-0.177055
432.6,657.13,-0.160349,-0.180407
432.6,659.4,-0.162434,-0.182468
432.6,661.5,-0.165096,-0.185176
432.6,663.78,-0.168488,-0.18862
432.6,666.05,-0.172866,-0.192767
432.6,668.15,-0.177893,-0.197665
432.6,670.43,-0.184341,-0.204289
432.6,672.53,-0.19118,-0.210663
432.6,674.8,-0.198044,-0.217579
432.6,677.08,-0.203509,-0.223143
432.6,679.18,-0.208371,-0.227681
432.6,681.45,-0.212533,-0.23195
432.6,683.55,-0.216676,-0.236002
432.6,685.83,-0.221476,-0.240755
432.6,688.1,-0.226103,-0.245407
468.65,11.03,-0.159514,-0.179711
468.65,13.3,-0.158149,-0.178149
468.65,15.4,-0.157407,-0.177594
468.65,17.68,-0.15728,-0.177453
468.65,19.95,-0.158753,-0.178716
468.65,22.23,-0.160949,-0.18086
468.65,24.5,-0.164021,-0.183814
468.65,26.78,-0.167699,-0.187798
468.65,29.05,-0.172074,-0.191994
468.65,31.33,-0.175447,-0.195392
468.65,33.43,-0.179178,-0.199052
468.65,35.7,-0.182964,-0.202715
468.65,37.8,-0.186729,-0.206399
468.65,40.08,-0.190358,-0.210025
468.65,42.35,-0.194073,-0.213565
468.65,44.45,-0.197194,-0.216781
468.65,46.73,-0.199763,-0.219273
468.65,49.0,-0.201405,-0.220804
468.65,51.1,-0.203294,-0.222674
468.65,53.38,-0.204923,-0.224316
468.65,55.65,-0.206341,-0.225731
468.65,57.93,-0.207363,-0.226689
468.65,60.03,-0.207225,-0.226695
468.65,62.3,-0.205592,-0.224954
468.65,64.58,-0.202597,-0.222064
468.65,66.68,-0.200077,-0.219526
468.65,68.95,-0.198799,-0.21822
468.65,71.05,-0.199138,-0.218556
468.65,73.33,-0.200996,-0.220447
468.65,75.6,-0.204936,-0.224538
468.65,77.7,-0.20989,-0.229178
468.65,79.98,-0.214782,-0.234045
468.65,82.43,-0.220407,-0.239572
468.65,84.53,-0.225198,-0.244455
468.65,86.8,-0.229227,-0.248386
468.65,89.08,-0.233956,-0.253118
468.65,91.35,-0.239353,-0.258429
468.65,93.63,-0.247579,-0.266556
468.65,95.9,-0.256239,-0.275062
468.65,98.18,-0.266488,-0.285102
468.65,100.28,-0.277708,-0.296254
468.65,102.55,-0.290271,-0.308636
468.65,104.83,-0.304252,-0.322453
468.65,106.93,-0.319196,-0.33692
468.65,109.2,-0.335077,-0.35281
468.65,111.48,-0.352798,-0.370244
468.65,113.58,-0.371399,-0.38858
468.65,115.85,-0.390755,-0.407764
468.65,118.13,-0.409393,-0.42622
468.65,120.23,-0.425653,-0.442172
468.65,122.5,-0.438996,-0.455413
468.65,124.6,-0.44886,-0.465219
468.65,126.88,-0.455471,-0.471738
468.65,129.15,-0.457914,-0.474255
468.65,131.43,-0.456885,-0.47297
468.65,133.7,-0.451701,-0.467967
468.65,135.8,-0.442027,-0.458543
468.65,138.08,-0.42764,-0.444097
468.65,140.35,-0.407933,-0.4248
468.65,142.45,-0.382465,-0.399748
468.65,144.73,-0.353164,-0.370804
468.65,146.83,-0.320644,-0.338654
468.65,149.1,-0.282456,-0.300955
468.65,151.38,-0.243167,-0.262271
468.65,153.65,-0.203149,-0.222576
468.65,155.75,-0.161772,-0.181867
468.65,158.03,-0.122773,-0.143371
468.65,160.3,-0.082893,-0.10387
468.65,162.58,-0.046661,-0.068226
468.65,164.68,-0.013664,-0.035743
468.65,166.95,0.016487,-0.00574
468.65,169.23,0.042883,0.020107
468.65,171.5,0.065788,0.042689
468.65,173.6,0.08532,0.062094
468.65,175.88,0.10174,0.078339
468.65,178.15,0.113785,0.090064
468.65,180.25,0.121265,0.097584
468.65,182.53,0.123816,0.10011
468.65,184.63,0.121613,0.097836
468.65,186.9,0.115424,0.091866
468.65,189.18,0.105695,0.082146
468.65,191.45,0.093188,0.069944
468.65,193.55,0.078089,0.055008
468.65,195.83,0.062026,0.038967
468.65,198.1,0.045474,0.02272
468.65,200.2,0.029303,0.007002
468.65,202.48,0.013246,-0.008966
468.65,204.58,-0.002111,-0.024144
468.65,206.85,-0.016455,-0.038473
468.65,209.13,-0.029372,-0.051279
468.65,211.23,-0.040946,-0.062699
468.65,213.5,-0.052746,-0.074264
468.65,215.6,-0.065524,-0.086908
468.65,217.88,-0.079243,-0.100376
468.65,220.15,-0.093537,-0.114505
468.65,222.43,-0.107345,-0.12789
468.65,224.7,-0.120044,-0.140758
468.65,226.8,-0.131307,-0.151797
468.65,229.08,-0.141205,-0.161485
468.65,231.35,-0.148965,-0.16927
468.65,233.45,-0.154874,-0.174911
468.65,235.73,-0.158904,-0.179079
468.65,238.0,-0.163322,-0.183571
468.65,240.1,-0.170626,-0.190478
468.65,242.38,-0.180158,-0.199973
468.65,244.48,-0.192425,-0.211966
468.65,246.75,-0.205598,-0.225074
468.65,249.03,-0.218602,-0.237773
468.65,251.13,-0.23005,-0.249144
468.65,253.4,-0.240829,-0.259954
468.65,255.5,-0.25155,-0.270419
468.65,257.78,-0.262486,-0.281266
468.65,260.05,-0.273244,-0.291756
468.65,262.15,-0.283984,-0.302474
468.65,264.43,-0.294917,-0.313284
468.65,266.7,-0.306288,-0.324406
468.65,268.8,-0.318284,-0.336226
468.65,271.25,-0.331143,-0.348749
468.65,273.35,-0.343944,-0.361531
468.65,275.63,-0.357422,-0.374788
468.65,277.9,-0.371574,-0.38882
468.65,280.18,-0.387529,-0.404646
468.65,282.45,-0.403679,-0.420493
468.65,284.73,-0.418817,-0.435515
468.65,286.83,-0.434042,-0.450425
468.65,289.1,-0.450693,-0.466895
468.65,291.38,-0.468303,-0.484473
468.65,293.48,-0.488241,-0.504088
468.65,295.75,-0.510031,-0.525521
468.65,298.03,-0.531694,-0.546919
468.65,300.13,-0.554399,-0.569359
468.65,302.4,-0.578583,-0.593219
468.65,304.68,-0.603256,-0.617335
468.65,306.78,-0.625465,-0.639377
468.65,309.05,-0.645533,-0.65923
468.65,311.15,-0.663275,-0.676808
468.65,313.43,-0.677979,-0.691026
468.65,315.7,-0.68992,-0.702892
468.65,317.8,-0.698909,-0.71195
468.65,320.08,-0.703734,-0.716709
468.65,322.35,-0.705095,-0.718222
468.65,324.45,-0.702033,-0.715114
468.65,326.73,-0.694291,-0.707461
468.65,329.0,-0.681559,-0.694633
468.65,331.1,-0.663546,-0.677159
468.65,333.38,-0.641288,-0.655215
468.65,335.65,-0.615083,-0.629341
468.65,337.93,-0.58476,-0.599301
468.65,340.03,-0.551593,-0.566627
468.65,342.3,-0.517591,-0.532954
468.65,344.58,-0.481537,-0.497557
468.65,346.68,-0.445407,-0.461867
468.65,348.95,-0.409748,-0.426627
468.65,351.05,-0.373642,-0.391208
468.65,353.33,-0.339153,-0.356997
468.65,355.6,-0.305998,-0.324249
468.65,357.7,-0.275139,-0.293808
468.65,359.98,-0.248522,-0.267687
468.65,362.25,-0.225164,-0.2444
468.65,364.35,-0.204702,-0.224095
468.65,366.63,-0.18798,-0.207665
468.65,368.9,-0.174671,-0.194714
468.65,371.0,-0.16415,-0.184138
468.65,373.28,-0.156325,-0.176374
468.65,375.55,-0.150746,-0.171002
468.65,377.65,-0.147983,-0.168275
468.65,379.93,-0.146969,-0.167154
468.65,382.03,-0.148343,-0.168605
468.65,384.3,-0.150688,-0.170875
468.65,386.58,-0.15415,-0.174196
468.65,388.85,-0.158278,-0.17838
468.65,391.13,-0.162893,-0.182684
468.65,393.23,-0.168053,-0.188167
468.65,395.5,-0.173947,-0.193787
468.65,397.78,-0.180478,-0.200188
468.65,400.05,-0.187271,-0.20704
468.65,402.15,-0.193457,-0.213066
468.65,404.43,-0.198029,-0.21761
468.65,406.53,-0.200204,-0.219464
468.65,408.8,-0.201146,-0.220675
468.65,411.08,-0.202061,-0.221467
468.65,413.18,-0.201719,-0.221223
468.65,415.45,-0.199985,-0.219286
468.65,417.73,-0.196821,-0.216411
468.65,419.83,-0.193457,-0.213235
468.65,422.1,-0.191094,-0.210952
468.65,424.38,-0.19,-0.209557
468.65,426.65,-0.190573,-0.210154
468.65,428.75,-0.192718,-0.212234
468.65,431.03,-0.196153,-0.215657
468.65,433.3,-0.200068,-0.219458
468.65,435.58,-0.203589,-0.223118
468.65,437.68,-0.206947,-0.226439
468.65,439.95,-0.209809,-0.229033
468.65,442.05,-0.211858,-0.231097
468.65,444.33,-0.213703,-0.232964
468.65,446.6,-0.215601,-0.234954
468.65,448.7,-0.217453,-0.236732
468.65,450.98,-0.218885,-0.238217
468.65,453.25,-0.220025,-0.239538
468.65,455.35,-0.220888,-0.24033
468.65,457.63,-0.221304,-0.240792
468.65,459.9,-0.22179,-0.240922
468.65,462.0,-0.221732,-0.241131
468.65,464.28,-0.221772,-0.24094
468.65,466.55,-0.222302,-0.241572
468.65,468.65,-0.224209,-0.243515
468.65,470.93,-0.227505,-0.246575
468.65,473.2,-0.232416,-0.251605
468.65,475.3,-0.238269,-0.257182
468.65,477.58,-0.244735,-0.26387
468.65,479.68,-0.251895,-0.270885
468.65,481.95,-0.260398,-0.279307
468.65,484.23,-0.269695,-0.288093
468.65,486.5,-0.280025,-0.298303
468.65,488.6,-0.290447,-0.308805
468.65,490.88,-0.300755,-0.319085
468.65,493.15,-0.3098,-0.327989
468.65,495.25,-0.317468,-0.33541
468.65,497.53,-0.323411,-0.341306
468.65,499.8,-0.326987,-0.3448
468.65,502.08,-0.327868,-0.34577
468.65,504.35,-0.326485,-0.34456
468.65,506.45,-0.323786,-0.341907
468.65,508.73,-0.319889,-0.337915
468.65,511.0,-0.315299,-0.333355
468.65,513.28,-0.309809,-0.328056
468.65,515.38,-0.30476,-0.322893
468.65,517.65,-0.30037,-0.318401
468.65,519.93,-0.294535,-0.31273
468.65,522.2,-0.287342,-0.305727
468.65,524.3,-0.277465,-0.295968
468.65,526.58,-0.265305,-0.283879
468.65,528.85,-0.250706,-0.269584
468.65,530.95,-0.234073,-0.253207
468.65,533.23,-0.215795,-0.23517
468.65,535.33,-0.195595,-0.215087
468.65,537.6,-0.173777,-0.193707
468.65,539.88,-0.151963,-0.172175
468.65,542.15,-0.130629,-0.151002
468.65,544.25,-0.109246,-0.130167
468.65,546.53,-0.088436,-0.109406
468.65,548.8,-0.069169,-0.090537
468.65,550.9,-0.051295,-0.072974
468.65,553.18,-0.035746,-0.057675
468.65,555.45,-0.02155,-0.04355
468.65,557.55,-0.008359,-0.030401
468.65,559.83,0.00276,-0.019545
468.65,562.1,0.010468,-0.011794
468.65,564.38,0.01592,-0.006248
468.65,566.65,0.018918,-0.003405
468.65,568.75,0.0204,-0.001991
468.65,571.03,0.019814,-0.002413
468.65,573.3,0.018138,-0.004138
468.65,575.4,0.014596,-0.007767
468.65,577.68,0.009984,-0.012327
468.65,579.95,0.004485,-0.017758
468.65,582.05,-0.002416,-0.024785
468.65,584.33,-0.010629,-0.032598
468.65,586.6,-0.020038,-0.041938
468.65,588.7,-0.029375,-0.051085
468.65,590.98,-0.037909,-0.059699
468.65,593.25,-0.045617,-0.067296
468.65,595.35,-0.052792,-0.074286
468.65,597.45,-0.059671,-0.08114
468.65,599.9,-0.067434,-0.088587
468.65,601.83,-0.075176,-0.096322
468.65,604.28,-0.083528,-0.104668
468.65,606.55,-0.091612,-0.112471
468.65,608.83,-0.099394,-0.120269
468.65,610.93,-0.106784,-0.127554
468.65,613.2,-0.112477,-0.133044
468.65,615.3,-0.117018,-0.137684
468.65,617.58,-0.120087,-0.140546
468.65,619.85,-0.121467,-0.142083
468.65,621.95,-0.121578,-0.142188
468.65,624.23,-0.120919,-0.141578
468.65,626.15,-0.12029,-0.140977
468.65,628.78,-0.120275,-0.140928
468.65,630.88,-0.12102,-0.14175
468.65,633.15,-0.122246,-0.142856
468.65,635.25,-0.123947,-0.144529
468.65,637.53,-0.12672,-0.147123
468.65,639.8,-0.129711,-0.15013
468.65,641.9,-0.131245,-0.151667
468.65,644.18,-0.130031,-0.150386
468.65,646.45,-0.127622,-0.148161
468.65,648.55,-0.125355,-0.145909
468.65,650.83,-0.123395,-0.144089
468.65,653.1,-0.122286,-0.142813
468.65,655.03,-0.122822,-0.143343
468.65,657.48,-0.124988,-0.14545
468.65,659.58,-0.129141,-0.149566
468.65,661.85,-0.134415,-0.154732
468.65,663.95,-0.139578,-0.159933
468.65,666.23,-0.14501,-0.165195
468.65,668.5,-0.149236,-0.169655
468.65,670.6,-0.152767,-0.172933
468.65,672.88,-0.155031,-0.175142
468.65,675.15,-0.156211,-0.176461
468.65,677.25,-0.157049,-0.177123
468.65,679.53,-0.157477,-0.177517
468.65,681.8,-0.158214,-0.178251
468.65,683.9,-0.159261,-0.179329
468.65,686.18,-0.160771,-0.180728
468.65,688.45,-0.162058,-0.182105
504.7,11.38,-0.196492,-0.216171
504.7,13.48,-0.198365,-0.217964
504.7,15.93,-0.200062,-0.219618
504.7,18.2,-0.200922,-0.220583
504.7,20.3,-0.201938,-0.221436
504.7,22.58,-0.202271,-0.221815
504.7,24.85,-0.202422,-0.22192
504.7,27.13,-0.20269,-0.222095
504.7,29.4,-0.202326,-0.221707
504.7,31.68,-0.201901,-0.221461
504.7,33.78,-0.200777,-0.220287
504.7,36.05,-0.199831,-0.219474
504.7,38.33,-0.197875,-0.217342
504.7,40.43,-0.19501,-0.21468
504.7,42.7,-0.1918,-0.211516
504.7,44.98,-0.188149,-0.207881
504.7,47.08,-0.18493,-0.204735
504.7,49.35,-0.181744,-0.201729
504.7,51.63,-0.178999,-0.198953
504.7,53.73,-0.176756,-0.196673
504.7,56.0,-0.175293,-0.195099
504.7,58.28,-0.174313,-0.194372
504.7,60.38,-0.174732,-0.194597
504.7,62.65,-0.176288,-0.196378
504.7,64.75,-0.178759,-0.198577
504.7,67.03,-0.181812,-0.201581
504.7,69.3,-0.185265,-0.205121
504.7,71.58,-0.188848,-0.208623
504.7,73.68,-0.192952,-0.212607
504.7,75.95,-0.197114,-0.216818
504.7,78.05,-0.201156,-0.22062
504.7,80.33,-0.205959,-0.225429
504.7,82.43,-0.211605,-0.230718
504.7,84.7,-0.217,-0.236421
504.7,86.98,-0.22317,-0.242416
504.7,89.08,-0.22984,-0.249048
504.7,91.35,-0.238463,-0.25749
504.7,93.63,-0.248857,-0.267622
504.7,95.73,-0.260706,-0.279529
504.7,98.0,-0.274196,-0.292681
504.7,100.28,-0.289107,-0.307462
504.7,102.03,-0.305379,-0.323531
504.7,104.65,-0.322203,-0.340204
504.7,106.93,-0.338793,-0.356467
504.7,109.03,-0.354692,-0.372141
504.7,111.13,-0.370693,-0.388078
504.7,113.58,-0.386815,-0.403953
504.7,115.68,-0.402486,-0.419427
504.7,117.95,-0.415524,-0.432206
504.7,120.23,-0.425404,-0.441919
504.7,122.5,-0.432576,-0.449144
504.7,124.6,-0.438044,-0.454689
504.7,126.88,-0.441282,-0.457625
504.7,128.98,-0.441759,-0.458198
504.7,131.25,-0.439467,-0.455887
504.7,133.53,-0.43451,-0.450918
504.7,135.63,-0.427545,-0.444011
504.7,137.9,-0.417314,-0.433987
504.7,140.0,-0.403749,-0.42061
504.7,142.45,-0.386269,-0.403392
504.7,144.55,-0.365358,-0.38293
504.7,146.83,-0.340228,-0.357856
504.7,148.93,-0.307844,-0.325915
504.7,151.38,-0.273121,-0.291892
504.7,153.65,-0.235561,-0.254544
504.7,155.93,-0.194985,-0.214631
504.7,157.85,-0.153371,-0.173577
504.7,160.3,-0.112157,-0.132896
504.7,162.58,-0.072339,-0.093439
504.7,164.68,-0.036372,-0.058155
504.7,166.95,-0.003744,-0.02611
504.7,169.05,0.024679,0.00218
504.7,171.33,0.047535,0.024805
504.7,173.6,0.067069,0.044044
504.7,175.7,0.083237,0.059842
504.7,177.98,0.095397,0.071838
504.7,180.08,0.101462,0.078101
504.7,182.35,0.102377,0.079053
504.7,184.63,0.098027,0.074694
504.7,186.73,0.089303,0.06609
504.7,189.0,0.077488,0.05417
504.7,191.28,0.06434,0.041438
504.7,193.38,0.05182,0.029254
504.7,195.65,0.036999,0.014522
504.7,197.93,0.020461,-0.001849
504.7,200.2,0.00052,-0.021507
504.7,202.3,-0.02294,-0.044822
504.7,204.58,-0.04761,-0.069184
504.7,206.85,-0.072259,-0.09351
504.7,209.13,-0.096732,-0.117718
504.7,211.4,-0.11977,-0.140333
504.7,213.5,-0.140379,-0.160558
504.7,215.78,-0.158704,-0.178577
504.7,218.05,-0.175875,-0.195758
504.7,220.33,-0.192366,-0.211938
504.7,222.6,-0.207724,-0.227074
504.7,224.7,-0.221479,-0.24069
504.7,226.98,-0.233673,-0.252739
504.7,229.25,-0.244979,-0.264073
504.7,231.35,-0.255573,-0.27436
504.7,233.63,-0.266097,-0.284683
504.7,235.9,-0.276716,-0.295422
504.7,238.0,-0.287754,-0.306054
504.7,240.28,-0.297945,-0.316177
504.7,242.38,-0.307594,-0.325558
504.7,244.65,-0.316103,-0.334095
504.7,246.93,-0.323722,-0.341824
504.7,249.2,-0.330946,-0.348685
504.7,251.3,-0.339045,-0.356775
504.7,253.58,-0.347896,-0.365539
504.7,255.68,-0.357884,-0.37545
504.7,257.95,-0.368491,-0.385795
504.7,260.23,-0.378971,-0.396199
504.7,262.33,-0.388158,-0.405244
504.7,264.6,-0.396131,-0.413229
504.7,266.88,-0.404196,-0.420952
504.7,268.98,-0.411938,-0.428953
504.7,271.25,-0.420946,-0.437314
504.7,273.53,-0.431547,-0.447976
504.7,275.63,-0.444048,-0.460431
504.7,277.9,-0.458343,-0.474633
504.7,280.0,-0.473611,-0.489664
504.7,282.28,-0.49028,-0.506029
504.7,284.55,-0.507954,-0.523534
504.7,286.65,-0.526651,-0.542009
504.7,288.93,-0.546516,-0.561559
504.7,291.2,-0.568219,-0.582967
504.7,293.3,-0.590582,-0.604957
504.7,295.58,-0.613201,-0.627304
504.7,297.85,-0.635684,-0.64967
504.7,300.13,-0.657643,-0.671155
504.7,302.23,-0.679504,-0.692631
504.7,304.5,-0.701833,-0.714618
504.7,306.78,-0.722868,-0.735453
504.7,308.88,-0.742008,-0.754297
504.7,311.15,-0.759886,-0.772107
504.7,313.43,-0.775215,-0.787212
504.7,315.53,-0.786968,-0.798693
504.7,317.8,-0.793974,-0.805643
504.7,319.9,-0.797036,-0.808761
504.7,322.18,-0.795801,-0.807597
504.7,324.45,-0.789618,-0.801537
504.7,326.73,-0.778629,-0.790474
504.7,328.83,-0.763388,-0.775739
504.7,331.1,-0.74337,-0.755967
504.7,333.38,-0.719414,-0.732335
504.7,335.48,-0.691081,-0.704165
504.7,337.75,-0.659334,-0.673019
504.7,339.85,-0.626417,-0.640678
504.7,342.13,-0.591488,-0.606047
504.7,344.4,-0.553151,-0.568213
504.7,346.68,-0.517083,-0.532588
504.7,348.95,-0.480468,-0.496611
504.7,351.23,-0.445733,-0.462021
504.7,353.33,-0.413749,-0.430635
504.7,355.6,-0.382569,-0.399812
504.7,357.7,-0.355216,-0.373004
504.7,359.98,-0.331097,-0.349094
504.7,362.25,-0.310108,-0.328281
504.7,364.53,-0.290909,-0.30944
504.7,366.63,-0.275915,-0.294597
504.7,368.9,-0.264064,-0.28281
504.7,371.0,-0.255404,-0.274437
504.7,373.28,-0.249575,-0.268737
504.7,375.55,-0.245438,-0.264652
504.7,377.65,-0.243204,-0.262194
504.7,379.93,-0.242465,-0.26159
504.7,382.03,-0.24317,-0.262185
504.7,384.3,-0.244511,-0.263411
504.7,386.58,-0.246017,-0.264948
504.7,388.85,-0.247169,-0.266171
504.7,391.13,-0.247804,-0.266713
504.7,393.4,-0.248787,-0.267647
504.7,395.68,-0.250977,-0.269985
504.7,397.95,-0.254082,-0.272949
504.7,400.23,-0.258306,-0.277178
504.7,402.5,-0.26171,-0.280539
504.7,404.6,-0.263867,-0.282668
504.7,406.88,-0.265804,-0.284587
504.7,409.33,-0.267696,-0.286239
504.7,411.43,-0.269051,-0.287508
504.7,413.7,-0.270355,-0.288934
504.7,415.98,-0.272064,-0.290755
504.7,418.43,-0.274498,-0.293287
504.7,420.7,-0.276627,-0.295327
504.7,422.8,-0.278626,-0.297197
504.7,425.08,-0.279945,-0.29846
504.7,427.53,-0.279877,-0.298269
504.7,429.8,-0.278186,-0.296627
504.7,432.08,-0.27586,-0.294526
504.7,434.18,-0.272641,-0.291288
504.7,436.63,-0.267822,-0.286396
504.7,438.9,-0.262896,-0.28167
504.7,441.0,-0.256729,-0.275675
504.7,443.28,-0.25065,-0.269646
504.7,445.55,-0.245225,-0.264329
504.7,447.83,-0.241938,-0.261042
504.7,449.93,-0.241384,-0.260429
504.7,452.2,-0.242989,-0.262163
504.7,454.48,-0.246553,-0.265521
504.7,456.58,-0.251057,-0.269917
504.7,458.85,-0.255977,-0.27476
504.7,461.13,-0.260746,-0.279652
504.7,463.23,-0.264446,-0.283066
504.7,465.5,-0.26752,-0.286048
504.7,467.78,-0.269178,-0.287813
504.7,469.88,-0.270253,-0.288959
504.7,472.15,-0.271855,-0.290352
504.7,474.25,-0.274628,-0.293189
504.7,476.53,-0.27862,-0.297172
504.7,478.63,-0.283965,-0.302372
504.7,480.9,-0.289735,-0.308327
504.7,483.18,-0.296066,-0.314289
504.7,485.28,-0.302185,-0.320425
504.7,487.55,-0.307933,-0.325921
504.7,489.83,-0.314095,-0.33224
504.7,492.1,-0.320185,-0.338069
504.7,494.2,-0.326584,-0.344637
504.7,496.48,-0.332865,-0.350644
504.7,498.75,-0.339322,-0.357132
504.7,501.03,-0.344859,-0.36269
504.7,503.13,-0.350086,-0.367594
504.7,505.4,-0.353503,-0.371115
504.7,507.68,-0.354797,-0.372483
504.7,509.78,-0.35399,-0.371451
504.7,512.05,-0.351109,-0.368675
504.7,514.33,-0.345703,-0.363444
504.7,516.43,-0.339396,-0.357074
504.7,518.7,-0.331325,-0.349289
504.7,520.98,-0.321276,-0.339513
504.7,523.25,-0.309162,-0.327314
504.7,525.53,-0.2944,-0.31277
504.7,527.63,-0.277594,-0.296134
504.7,529.9,-0.260398,-0.279061
504.7,532.18,-0.241528,-0.260567
504.7,534.45,-0.222539,-0.241957
504.7,536.55,-0.202068,-0.221504
504.7,538.83,-0.179369,-0.199101
504.7,541.1,-0.155718,-0.175952
504.7,543.38,-0.13114,-0.151556
504.7,545.48,-0.10485,-0.125558
504.7,547.75,-0.078935,-0.10009
504.7,550.03,-0.056316,-0.077847
504.7,552.13,-0.037499,-0.059277
504.7,554.4,-0.020968,-0.042739
504.7,556.68,-0.006396,-0.028704
504.7,558.78,0.005141,-0.01717
504.7,561.05,0.013366,-0.009157
504.7,563.33,0.018142,-0.004382
504.7,565.43,0.019703,-0.002746
504.7,567.88,0.01898,-0.003448
504.7,569.98,0.017042,-0.005309
504.7,572.25,0.013576,-0.008833
504.7,574.53,0.008286,-0.013861
504.7,576.8,0.000609,-0.021624
504.7,579.08,-0.008981,-0.03099
504.7,581.18,-0.019785,-0.041787
504.7,583.45,-0.030062,-0.051982
504.7,585.73,-0.039948,-0.061695
504.7,587.83,-0.049483,-0.07103
504.7,590.1,-0.058565,-0.079979
504.7,592.38,-0.066301,-0.087545
504.7,594.48,-0.072499,-0.093765
504.7,596.75,-0.077746,-0.098922
504.7,599.03,-0.080728,-0.101923
504.7,601.13,-0.082551,-0.103701
504.7,603.4,-0.08371,-0.105013
504.7,605.5,-0.085068,-0.106187
504.7,607.78,-0.088602,-0.109622
504.7,610.05,-0.094363,-0.11541
504.7,612.15,-0.102299,-0.12293
504.7,614.43,-0.112299,-0.133013
504.7,616.7,-0.123778,-0.144258
504.7,618.98,-0.134619,-0.155025
504.7,621.08,-0.144113,-0.164424
504.7,623.35,-0.152188,-0.172413
504.7,625.45,-0.158627,-0.178549
504.7,627.73,-0.162862,-0.182825
504.7,630.0,-0.166236,-0.186187
504.7,632.1,-0.16956,-0.189381
504.7,634.2,-0.173013,-0.193149
504.7,636.48,-0.177308,-0.197034
504.7,638.75,-0.182484,-0.202277
504.7,641.03,-0.188217,-0.207835
504.7,643.13,-0.194791,-0.214307
504.7,645.4,-0.201014,-0.220333
504.7,647.68,-0.207345,-0.226917
504.7,649.78,-0.213346,-0.232801
504.7,652.05,-0.219341,-0.238657
504.7,654.33,-0.224726,-0.243811
504.7,656.6,-0.229304,-0.248352
504.7,658.7,-0.233987,-0.253124
504.7,660.98,-0.238164,-0.257249
504.7,663.25,-0.241516,-0.260533
504.7,665.35,-0.245213,-0.264239
504.7,667.63,-0.249702,-0.268605
504.7,669.9,-0.254766,-0.273722
504.7,672.18,-0.261516,-0.280157
504.7,674.28,-0.26805,-0.286735
504.7,676.55,-0.274843,-0.293543
504.7,678.65,-0.280931,-0.299347
504.7,680.93,-0.285709,-0.304258
504.7,683.2,-0.289594,-0.307924
504.7,685.48,-0.292545,-0.310918
504.7,687.58,-0.295003,-0.313364
540.75,11.55,-0.165669,-0.185715
540.75,13.65,-0.165709,-0.185629
540.75,16.28,-0.165349,-0.185352
540.75,18.55,-0.164129,-0.184276
540.75,20.83,-0.16297,-0.182918
540.75,22.93,-0.16151,-0.181698
540.75,25.2,-0.160996,-0.181091
540.75,27.48,-0.160367,-0.18058
540.75,29.58,-0.160346,-0.180416
540.75,31.85,-0.160364,-0.180533
540.75,34.13,-0.159967,-0.180062
540.75,36.05,-0.159221,-0.179332
540.75,38.5,-0.158864,-0.179027
540.75,40.78,-0.159708,-0.179905
540.75,43.05,-0.161581,-0.18175
540.75,44.98,-0.165423,-0.185401
540.75,47.43,-0.170124,-0.190158
540.75,49.7,-0.17493,-0.194822
540.75,51.98,-0.180398,-0.200139
540.75,54.08,-0.185934,-0.205564
540.75,56.35,-0.190413,-0.210315
540.75,58.63,-0.195053,-0.214671
540.75,60.9,-0.199834,-0.219261
540.75,63.0,-0.204591,-0.223922
540.75,65.28,-0.209769,-0.229129
540.75,67.55,-0.215219,-0.234507
540.75,69.65,-0.221282,-0.2407
540.75,71.93,-0.22757,-0.24684
540.75,74.03,-0.233842,-0.252909
540.75,76.3,-0.239572,-0.258737
540.75,78.58,-0.24659,-0.265552
540.75,80.68,-0.254369,-0.273291
540.75,83.13,-0.26436,-0.283115
540.75,85.4,-0.273916,-0.292446
540.75,87.5,-0.282748,-0.301257
540.75,89.78,-0.291294,-0.309661
540.75,91.88,-0.300179,-0.318367
540.75,94.15,-0.308682,-0.326846
540.75,96.43,-0.317262,-0.335318
540.75,98.53,-0.32634,-0.344304
540.75,100.63,-0.335456,-0.353346
540.75,102.9,-0.345687,-0.363346
540.75,105.18,-0.35639,-0.37383
540.75,107.45,-0.367603,-0.384979
540.75,109.55,-0.379769,-0.396747
540.75,111.83,-0.39276,-0.40972
540.75,114.1,-0.40622,-0.423195
540.75,116.2,-0.419446,-0.436137
540.75,118.48,-0.431439,-0.448001
540.75,120.75,-0.442948,-0.459282
540.75,122.85,-0.453592,-0.469824
540.75,125.13,-0.462662,-0.478937
540.75,127.4,-0.469784,-0.485927
540.75,129.5,-0.474476,-0.490404
540.75,131.78,-0.476044,-0.492006
540.75,133.88,-0.473851,-0.489849
540.75,136.15,-0.46817,-0.484325
540.75,138.25,-0.458173,-0.474455
540.75,140.53,-0.444704,-0.461288
540.75,142.8,-0.428229,-0.444714
540.75,145.08,-0.408244,-0.42517
540.75,147.18,-0.384735,-0.401845
540.75,149.45,-0.359366,-0.376839
540.75,151.73,-0.333525,-0.351427
540.75,153.83,-0.306245,-0.324443
540.75,156.1,-0.278072,-0.296818
540.75,158.38,-0.25065,-0.269652
540.75,160.65,-0.225238,-0.24452
540.75,162.75,-0.200989,-0.220595
540.75,165.03,-0.178593,-0.198596
540.75,167.3,-0.159049,-0.179406
540.75,169.4,-0.143254,-0.163586
540.75,171.68,-0.131159,-0.151544
540.75,173.95,-0.123331,-0.143842
540.75,176.05,-0.119508,-0.140133
540.75,178.33,-0.11956,-0.140185
540.75,180.43,-0.123189,-0.143759
540.75,182.7,-0.129714,-0.15009
540.75,184.8,-0.139803,-0.160099
540.75,187.25,-0.153737,-0.173861
540.75,189.35,-0.170373,-0.190386
540.75,191.63,-0.189662,-0.209347
540.75,193.9,-0.210577,-0.230016
540.75,196.35,-0.233438,-0.252505
540.75,198.63,-0.252446,-0.271347
540.75,200.9,-0.27192,-0.290586
540.75,203.18,-0.290164,-0.308657
540.75,205.45,-0.309282,-0.327298
540.75,207.73,-0.32647,-0.344316
540.75,209.83,-0.342483,-0.360086
540.75,212.1,-0.35768,-0.375262
540.75,214.2,-0.373377,-0.390616
540.75,216.65,-0.386297,-0.403417
540.75,218.75,-0.399082,-0.416202
540.75,221.03,-0.411011,-0.427794
540.75,223.48,-0.423266,-0.439926
540.75,225.75,-0.433435,-0.450043
540.75,228.03,-0.443072,-0.459489
540.75,230.13,-0.452163,-0.468472
540.75,232.58,-0.461482,-0.477529
540.75,234.85,-0.468863,-0.484784
540.75,237.13,-0.475656,-0.491636
540.75,239.4,-0.481778,-0.497723
540.75,241.5,-0.487794,-0.503654
540.75,243.78,-0.493324,-0.509116
540.75,246.05,-0.498608,-0.514291
540.75,248.15,-0.504643,-0.520277
540.75,250.43,-0.510595,-0.526278
540.75,252.53,-0.517144,-0.532483
540.75,254.8,-0.523235,-0.538626
540.75,257.08,-0.530317,-0.545561
540.75,259.18,-0.537181,-0.552409
540.75,261.45,-0.545139,-0.56012
540.75,263.73,-0.553062,-0.568022
540.75,265.83,-0.561143,-0.57605
540.75,268.1,-0.569162,-0.583749
540.75,270.38,-0.576303,-0.590696
540.75,272.48,-0.583678,-0.598041
540.75,274.75,-0.591232,-0.605656
540.75,276.85,-0.599954,-0.61415
540.75,279.13,-0.609618,-0.623752
540.75,281.23,-0.619442,-0.63341
540.75,283.5,-0.629929,-0.643764
540.75,285.78,-0.640363,-0.654263
540.75,287.88,-0.651103,-0.664781
540.75,290.15,-0.662092,-0.675607
540.75,292.43,-0.673333,-0.686583
540.75,294.53,-0.68418,-0.697267
540.75,296.98,-0.695659,-0.708712
540.75,299.08,-0.705819,-0.718851
540.75,301.35,-0.715114,-0.727929
540.75,303.45,-0.724156,-0.736854
540.75,305.9,-0.733512,-0.745998
540.75,308.18,-0.73991,-0.752541
540.75,310.45,-0.74581,-0.758265
540.75,312.55,-0.749812,-0.762159
540.75,315.0,-0.751315,-0.763777
540.75,317.28,-0.750459,-0.762809
540.75,319.38,-0.745782,-0.758428
540.75,321.65,-0.737886,-0.750237
540.75,324.28,-0.724488,-0.737125
540.75,326.38,-0.711438,-0.72442
540.75,328.65,-0.694377,-0.707412
540.75,330.75,-0.674119,-0.687655
540.75,333.38,-0.648983,-0.662612
540.75,335.48,-0.625656,-0.63987
540.75,337.75,-0.60134,-0.615804
540.75,340.03,-0.575453,-0.590172
540.75,342.48,-0.54585,-0.560936
540.75,344.58,-0.523848,-0.539217
540.75,346.85,-0.501223,-0.516916
540.75,349.13,-0.479673,-0.495789
540.75,351.58,-0.457677,-0.473691
540.75,353.85,-0.44138,-0.457942
540.75,355.95,-0.427653,-0.444245
540.75,358.23,-0.416621,-0.433401
540.75,360.68,-0.406553,-0.423423
540.75,362.95,-0.400906,-0.417988
540.75,365.23,-0.39708,-0.414147
540.75,367.5,-0.394886,-0.411892
540.75,369.78,-0.394566,-0.411633
540.75,371.88,-0.395727,-0.412714
540.75,374.15,-0.398642,-0.415758
540.75,376.25,-0.40309,-0.419966
540.75,378.53,-0.407831,-0.424865
540.75,380.8,-0.413035,-0.429837
540.75,382.9,-0.417942,-0.434532
540.75,385.18,-0.421963,-0.438626
540.75,387.45,-0.425906,-0.442369
540.75,389.55,-0.428786,-0.445425
540.75,391.83,-0.430604,-0.447348
540.75,393.93,-0.431251,-0.447674
540.75,396.2,-0.431522,-0.447967
540.75,398.48,-0.431553,-0.447933
540.75,400.58,-0.430662,-0.447338
540.75,402.85,-0.429091,-0.445638
540.75,405.13,-0.427055,-0.443669
540.75,407.4,-0.424788,-0.441356
540.75,409.5,-0.422098,-0.438608
540.75,411.78,-0.419064,-0.435712
540.75,413.88,-0.415712,-0.432289
540.75,416.15,-0.411562,-0.428481
540.75,418.43,-0.406836,-0.423799
540.75,420.53,-0.402252,-0.419187
540.75,422.8,-0.396627,-0.413682
540.75,425.08,-0.390561,-0.407606
540.75,427.18,-0.38333,-0.400447
540.75,429.45,-0.37557,-0.393069
540.75,431.73,-0.368013,-0.385459
540.75,434.0,-0.361457,-0.378999
540.75,436.28,-0.356655,-0.374267
540.75,438.38,-0.352588,-0.370351
540.75,440.65,-0.348635,-0.366146
540.75,442.75,-0.344282,-0.361956
540.75,445.03,-0.34017,-0.357856
540.75,447.3,-0.335472,-0.353337
540.75,449.4,-0.331257,-0.34919
540.75,451.68,-0.327976,-0.346088
540.75,453.78,-0.325727,-0.343525
540.75,456.05,-0.324557,-0.342665
540.75,458.33,-0.324584,-0.342705
540.75,460.6,-0.324584,-0.342591
540.75,462.7,-0.324356,-0.342298
540.75,464.98,-0.323109,-0.341192
540.75,467.08,-0.321427,-0.339594
540.75,469.35,-0.319264,-0.337212
540.75,471.45,-0.316652,-0.334825
540.75,473.73,-0.314292,-0.332397
540.75,475.83,-0.31155,-0.329581
540.75,478.1,-0.30903,-0.327089
540.75,480.38,-0.305367,-0.323506
540.75,482.65,-0.300623,-0.318959
540.75,484.93,-0.293746,-0.312064
540.75,487.03,-0.287539,-0.306035
540.75,489.3,-0.282258,-0.300703
540.75,491.58,-0.280734,-0.299286
540.75,493.68,-0.281997,-0.300355
540.75,495.95,-0.286276,-0.305016
540.75,498.4,-0.294276,-0.312505
540.75,500.68,-0.301787,-0.319997
540.75,502.95,-0.309449,-0.327782
540.75,505.05,-0.316303,-0.334319
540.75,507.5,-0.322212,-0.340216
540.75,509.78,-0.325493,-0.343558
540.75,511.88,-0.32638,-0.34435
540.75,514.15,-0.32484,-0.342794
540.75,516.6,-0.318944,-0.336969
540.75,518.88,-0.310422,-0.328451
540.75,521.15,-0.298096,-0.316396
540.75,523.25,-0.283731,-0.302089
540.75,525.88,-0.26634,-0.285031
540.75,527.98,-0.250019,-0.269085
540.75,530.25,-0.232299,-0.251322
540.75,532.53,-0.213777,-0.233127
540.75,534.98,-0.192333,-0.212123
540.75,537.08,-0.17302,-0.192989
540.75,539.35,-0.153731,-0.173993
540.75,541.45,-0.13533,-0.155909
540.75,544.08,-0.113818,-0.134797
540.75,546.18,-0.095524,-0.116461
540.75,548.45,-0.07773,-0.098965
540.75,550.55,-0.06224,-0.083547
540.75,553.0,-0.047641,-0.069286
540.75,555.28,-0.038614,-0.060318
540.75,557.38,-0.031467,-0.053349
540.75,559.65,-0.026042,-0.047912
540.75,561.75,-0.021606,-0.04343
540.75,564.03,-0.017786,-0.039683
540.75,566.3,-0.014443,-0.036476
540.75,568.4,-0.012709,-0.034831
540.75,570.68,-0.013574,-0.035574
540.75,573.13,-0.017715,-0.039637
540.75,575.23,-0.023802,-0.045568
540.75,577.33,-0.031535,-0.053205
540.75,579.6,-0.040466,-0.062089
540.75,581.88,-0.05029,-0.072015
540.75,584.15,-0.061399,-0.082752
540.75,586.25,-0.073198,-0.094384
540.75,588.53,-0.086177,-0.107339
540.75,590.98,-0.102323,-0.123238
540.75,593.25,-0.117527,-0.138294
540.75,595.35,-0.132437,-0.152878
540.75,597.63,-0.146153,-0.166387
540.75,600.25,-0.161599,-0.181624
540.75,602.35,-0.174347,-0.194218
540.75,604.63,-0.186849,-0.20663
540.75,607.08,-0.200191,-0.219609
540.75,609.53,-0.214283,-0.233562
540.75,611.8,-0.226679,-0.245872
540.75,614.08,-0.239239,-0.258177
540.75,616.35,-0.252203,-0.271254
540.75,618.45,-0.266239,-0.284779
540.75,620.73,-0.280379,-0.298993
540.75,622.83,-0.294279,-0.312539
540.75,625.1,-0.307015,-0.325068
540.75,627.2,-0.318873,-0.336753
540.75,629.48,-0.329406,-0.347157
540.75,631.75,-0.339806,-0.357505
540.75,633.85,-0.349822,-0.36732
540.75,636.13,-0.35951,-0.376966
540.75,638.23,-0.368706,-0.386026
540.75,640.5,-0.377948,-0.395342
540.75,642.78,-0.386457,-0.403712
540.75,645.05,-0.394356,-0.41147
540.75,647.5,-0.403219,-0.420059
540.75,649.6,-0.409797,-0.42667
540.75,651.88,-0.416143,-0.432853
540.75,654.15,-0.42154,-0.438284
540.75,656.6,-0.427588,-0.444122
540.75,658.88,-0.432184,-0.448805
540.75,660.98,-0.43675,-0.453327
540.75,663.25,-0.440647,-0.456962
540.75,665.7,-0.444205,-0.460499
540.75,667.98,-0.44711,-0.4635
540.75,670.08,-0.44976,-0.466155
540.75,672.35,-0.452147,-0.4685
540.75,674.8,-0.454627,-0.470937
540.75,677.08,-0.456084,-0.472181
540.75,679.18,-0.457341,-0.473521
540.75,681.45,-0.458632,-0.47496
540.75,683.9,-0.460505,-0.476611
540.75,686.18,-0.461805,-0.478035
540.75,688.45,-0.462807,-0.479063
576.8,11.03,-0.134585,-0.154942
576.8,13.3,-0.135851,-0.156119
576.8,15.75,-0.137613,-0.158038
576.8,18.03,-0.139501,-0.159936
576.8,20.3,-0.140977,-0.161322
576.8,22.4,-0.142253,-0.162598
576.8,24.68,-0.143198,-0.163608
576.8,26.95,-0.144184,-0.164489
576.8,29.05,-0.145373,-0.165866
576.8,31.33,-0.147148,-0.167391
576.8,33.43,-0.149508,-0.169742
576.8,35.7,-0.153568,-0.17366
576.8,37.98,-0.158328,-0.178472
576.8,40.08,-0.163214,-0.1831
576.8,42.35,-0.168399,-0.188553
576.8,44.63,-0.173651,-0.19363
576.8,46.73,-0.178759,-0.198716
576.8,49.18,-0.18472,-0.204557
576.8,51.28,-0.190475,-0.210124
576.8,53.55,-0.197299,-0.216926
576.8,55.83,-0.203663,-0.223238
576.8,57.93,-0.210444,-0.229923
576.8,60.2,-0.216707,-0.236088
576.8,62.48,-0.22342,-0.242564
576.8,64.75,-0.230003,-0.24923
576.8,66.85,-0.237551,-0.25675
576.8,69.13,-0.245419,-0.264356
576.8,71.4,-0.254372,-0.273287
576.8,73.68,-0.264606,-0.283475
576.8,75.78,-0.275478,-0.294175
576.8,78.05,-0.286531,-0.304865
576.8,80.33,-0.29781,-0.31606
576.8,82.43,-0.309615,-0.327687
576.8,84.7,-0.321208,-0.339199
576.8,86.98,-0.331904,-0.3498
576.8,89.08,-0.342141,-0.359815
576.8,91.35,-0.352841,-0.370244
576.8,93.45,-0.363605,-0.381048
576.8,95.73,-0.37557,-0.39277
576.8,98.0,-0.387043,-0.404125
576.8,100.28,-0.399473,-0.416393
576.8,102.9,-0.414751,-0.431485
576.8,105.18,-0.427258,-0.443728
576.8,107.28,-0.439279,-0.455629
576.8,109.55,-0.451032,-0.467471
576.8,111.83,-0.46219,-0.478266
576.8,113.93,-0.47273,-0.488608
576.8,116.2,-0.48208,-0.497979
576.8,118.48,-0.490357,-0.506109
576.8,120.58,-0.497274,-0.512936
576.8,122.85,-0.503213,-0.518949
576.8,125.13,-0.507677,-0.523084
576.8,127.23,-0.509606,-0.525191
576.8,129.5,-0.509877,-0.525317
576.8,131.78,-0.508112,-0.523567
576.8,133.88,-0.50496,-0.520656
576.8,136.15,-0.498996,-0.514492
576.8,138.43,-0.490373,-0.506177
576.8,140.53,-0.479082,-0.495046
576.8,142.63,-0.465647,-0.481719
576.8,144.9,-0.450515,-0.466941
576.8,147.18,-0.43443,-0.4509
576.8,149.45,-0.417431,-0.434181
576.8,151.55,-0.398731,-0.41578
576.8,153.83,-0.379064,-0.396494
576.8,156.1,-0.359301,-0.376799
576.8,158.2,-0.340197,-0.357982
576.8,160.48,-0.322329,-0.340472
576.8,162.75,-0.305971,-0.324128
576.8,165.03,-0.291821,-0.31017
576.8,167.13,-0.280721,-0.299295
576.8,169.4,-0.272764,-0.291251
576.8,171.68,-0.267905,-0.286707
576.8,173.78,-0.2663,-0.285059
576.8,176.05,-0.268093,-0.286818
576.8,178.33,-0.272687,-0.291365
576.8,180.6,-0.279594,-0.298001
576.8,182.7,-0.288522,-0.306796
576.8,184.98,-0.298595,-0.316867
576.8,187.25,-0.310043,-0.328013
576.8,189.35,-0.322055,-0.340127
576.8,191.63,-0.334344,-0.352067
576.8,193.73,-0.346987,-0.364649
576.8,196.0,-0.359658,-0.377157
576.8,198.28,-0.371858,-0.389073
576.8,200.55,-0.383213,-0.400542
576.8,202.65,-0.393919,-0.410921
576.8,204.93,-0.404523,-0.421485
576.8,207.2,-0.413851,-0.430518
576.8,209.3,-0.422619,-0.439199
576.8,211.58,-0.430743,-0.447267
576.8,213.68,-0.437982,-0.454313
576.8,216.13,-0.444341,-0.460712
576.8,218.23,-0.449747,-0.466091
576.8,220.5,-0.454596,-0.470918
576.8,222.78,-0.458435,-0.474637
576.8,224.88,-0.462212,-0.478423
576.8,227.33,-0.465906,-0.481821
576.8,229.43,-0.468654,-0.484797
576.8,231.7,-0.471248,-0.487314
576.8,233.98,-0.473854,-0.490003
576.8,236.25,-0.476605,-0.492554
576.8,238.53,-0.47911,-0.495154
576.8,240.63,-0.481356,-0.497283
576.8,242.9,-0.48256,-0.498469
576.8,245.0,-0.483934,-0.499757
576.8,247.28,-0.485163,-0.501001
576.8,249.38,-0.486642,-0.502375
576.8,251.65,-0.488229,-0.503996
576.8,253.93,-0.489985,-0.505813
576.8,256.03,-0.491617,-0.507243
576.8,258.3,-0.492853,-0.508527
576.8,260.4,-0.493851,-0.509643
576.8,262.68,-0.49492,-0.510644
576.8,264.95,-0.495311,-0.510912
576.8,267.05,-0.496402,-0.511987
576.8,269.33,-0.497209,-0.512988
576.8,271.6,-0.498333,-0.513851
576.8,273.88,-0.499618,-0.515157
576.8,275.98,-0.500598,-0.51634
576.8,278.25,-0.501873,-0.517523
576.8,280.35,-0.503065,-0.518552
576.8,282.8,-0.504741,-0.52037
576.8,285.08,-0.506334,-0.521913
576.8,287.18,-0.507939,-0.523537
576.8,289.45,-0.509415,-0.525055
576.8,291.73,-0.511263,-0.526565
576.8,294.0,-0.513416,-0.528882
576.8,296.1,-0.516309,-0.531734
576.8,298.38,-0.519867,-0.535145
576.8,300.48,-0.522816,-0.538145
576.8,302.75,-0.525619,-0.540872
576.8,305.03,-0.527853,-0.543176
576.8,307.13,-0.529603,-0.544713
576.8,309.4,-0.530764,-0.545863
576.8,311.68,-0.531263,-0.546439
576.8,313.95,-0.531069,-0.546325
576.8,316.05,-0.53,-0.545203
576.8,318.33,-0.527723,-0.542961
576.8,320.6,-0.524205,-0.539492
576.8,322.88,-0.519945,-0.535373
576.8,324.98,-0.514122,-0.529547
576.8,327.25,-0.507295,-0.52284
576.8,329.53,-0.498309,-0.51403
576.8,331.63,-0.488081,-0.504063
576.8,333.9,-0.476962,-0.492933
576.8,336.18,-0.464969,-0.481118
576.8,338.45,-0.452622,-0.468703
576.8,340.55,-0.439905,-0.456365
576.8,342.83,-0.427012,-0.443629
576.8,344.93,-0.414821,-0.431639
576.8,347.2,-0.403586,-0.420533
576.8,349.48,-0.393216,-0.410234
576.8,351.75,-0.385136,-0.402292
576.8,353.85,-0.379147,-0.396146
576.8,356.13,-0.374935,-0.392003
576.8,358.23,-0.372212,-0.389544
576.8,360.5,-0.371199,-0.388503
576.8,362.78,-0.372132,-0.389532
576.8,364.88,-0.374846,-0.392178
576.8,367.15,-0.37923,-0.39647
576.8,369.43,-0.384818,-0.402104
576.8,371.53,-0.391698,-0.408617
576.8,373.8,-0.398752,-0.41582
576.8,376.08,-0.406081,-0.423213
576.8,378.18,-0.413749,-0.430659
576.8,380.45,-0.420974,-0.437563
576.8,382.55,-0.428275,-0.4448
576.8,384.83,-0.434855,-0.451349
576.8,387.1,-0.440893,-0.457483
576.8,389.2,-0.445789,-0.462006
576.8,391.48,-0.449732,-0.466057
576.8,393.75,-0.452588,-0.468749
576.8,395.85,-0.454532,-0.470613
576.8,398.13,-0.455567,-0.471787
576.8,400.4,-0.455444,-0.471661
576.8,402.5,-0.454091,-0.470419
576.8,404.6,-0.451725,-0.46797
576.8,407.05,-0.448352,-0.464781
576.8,409.15,-0.443675,-0.460065
576.8,411.43,-0.438645,-0.455022
576.8,413.7,-0.432406,-0.448996
576.8,415.8,-0.4261,-0.442671
576.8,418.08,-0.418543,-0.43528
576.8,420.35,-0.410435,-0.42732
576.8,422.45,-0.402471,-0.419393
576.8,424.73,-0.394865,-0.411916
576.8,427.0,-0.388309,-0.405314
576.8,429.1,-0.381402,-0.398549
576.8,431.38,-0.374495,-0.391732
576.8,433.65,-0.366969,-0.38447
576.8,435.75,-0.360512,-0.378029
576.8,438.03,-0.353485,-0.371162
576.8,440.13,-0.346793,-0.364292
576.8,442.4,-0.339569,-0.357351
576.8,444.68,-0.332311,-0.350127
576.8,446.78,-0.326337,-0.344279
576.8,449.05,-0.320715,-0.338925
576.8,451.15,-0.315481,-0.333577
576.8,453.43,-0.309825,-0.327948
576.8,455.7,-0.304156,-0.322354
576.8,457.8,-0.299538,-0.317927
576.8,460.08,-0.295407,-0.313697
576.8,462.35,-0.291648,-0.309865
576.8,464.63,-0.28866,-0.30708
576.8,466.73,-0.285823,-0.304107
576.8,469.0,-0.283254,-0.301722
576.8,471.1,-0.281291,-0.299825
576.8,473.38,-0.27939,-0.297927
576.8,475.48,-0.277015,-0.295475
576.8,477.75,-0.274926,-0.293451
576.8,479.85,-0.273482,-0.292178
576.8,482.3,-0.273491,-0.292012
576.8,484.4,-0.275037,-0.293583
576.8,486.68,-0.277511,-0.29626
576.8,488.95,-0.281374,-0.300124
576.8,491.05,-0.285407,-0.303913
576.8,493.33,-0.288531,-0.307132
576.8,495.6,-0.289615,-0.308035
576.8,497.7,-0.289547,-0.308029
576.8,499.98,-0.288765,-0.307206
576.8,502.25,-0.286803,-0.305382
576.8,504.35,-0.285133,-0.303503
576.8,506.63,-0.283956,-0.302385
576.8,508.73,-0.283441,-0.301892
576.8,511.0,-0.282856,-0.301316
576.8,513.1,-0.281183,-0.299655
576.8,515.38,-0.277705,-0.296331
576.8,517.65,-0.272462,-0.291109
576.8,519.93,-0.266082,-0.284655
576.8,522.03,-0.259883,-0.2787
576.8,524.3,-0.253075,-0.272166
576.8,526.58,-0.245573,-0.264578
576.8,528.85,-0.238546,-0.257748
576.8,531.13,-0.230456,-0.249612
576.8,533.4,-0.221156,-0.240638
576.8,535.68,-0.209911,-0.229267
576.8,537.95,-0.198549,-0.217936
576.8,540.23,-0.186482,-0.206374
576.8,542.33,-0.174089,-0.194058
576.8,544.6,-0.161747,-0.181963
576.8,546.88,-0.15049,-0.17062
576.8,549.15,-0.140755,-0.160977
576.8,551.25,-0.132052,-0.152508
576.8,553.53,-0.124249,-0.144776
576.8,555.8,-0.118463,-0.138879
576.8,557.9,-0.114403,-0.135071
576.8,560.18,-0.113069,-0.133876
576.8,562.45,-0.11362,-0.134283
576.8,564.55,-0.116014,-0.136559
576.8,566.83,-0.120389,-0.141029
576.8,569.1,-0.126815,-0.147499
576.8,571.2,-0.13627,-0.156655
576.8,573.48,-0.148522,-0.168802
576.8,575.75,-0.162533,-0.182598
576.8,577.85,-0.178171,-0.198078
576.8,580.13,-0.194745,-0.214403
576.8,582.4,-0.212265,-0.231664
576.8,584.5,-0.230102,-0.249344
576.8,586.78,-0.248894,-0.267875
576.8,589.05,-0.268106,-0.286775
576.8,591.33,-0.288494,-0.306932
576.8,593.43,-0.308854,-0.327021
576.8,595.7,-0.32838,-0.346149
576.8,597.98,-0.347862,-0.365277
576.8,600.08,-0.367172,-0.384618
576.8,602.35,-0.385786,-0.402982
576.8,604.63,-0.403632,-0.420675
576.8,606.73,-0.419744,-0.436457
576.8,609.0,-0.434412,-0.450921
576.8,611.28,-0.447961,-0.464174
576.8,613.38,-0.460108,-0.476229
576.8,615.65,-0.470921,-0.486781
576.8,617.93,-0.480616,-0.496759
576.8,620.03,-0.489254,-0.505034
576.8,622.3,-0.496799,-0.512267
576.8,624.58,-0.50353,-0.518931
576.8,626.85,-0.508521,-0.524067
576.8,629.13,-0.513001,-0.528272
576.8,631.4,-0.516192,-0.531633
576.8,633.5,-0.518232,-0.533706
576.8,635.78,-0.519476,-0.534778
576.8,638.05,-0.52004,-0.535539
576.8,640.33,-0.519938,-0.535129
576.8,642.6,-0.518872,-0.534338
576.8,644.7,-0.517024,-0.532511
576.8,646.98,-0.51455,-0.529963
576.8,649.25,-0.511691,-0.527144
576.8,651.35,-0.50833,-0.523823
576.8,653.63,-0.504985,-0.520564
576.8,655.9,-0.501171,-0.516734
576.8,658.0,-0.497157,-0.51284
576.8,660.28,-0.493401,-0.509251
576.8,662.55,-0.489424,-0.50528
576.8,664.65,-0.485527,-0.501306
576.8,666.93,-0.481762,-0.497625
576.8,669.2,-0.478041,-0.493888
576.8,671.48,-0.4741,-0.490123
576.8,673.58,-0.47029,-0.486325
576.8,676.03,-0.467351,-0.483247
576.8,678.3,-0.464747,-0.480909
576.8,680.4,-0.462489,-0.478454
576.8,682.68,-0.460129,-0.476303
576.8,684.78,-0.457551,-0.47378
576.8,687.05,-0.455521,-0.471741
612.85,10.85,-0.468355,-0.48431
612.85,13.13,-0.467884,-0.483722
612.85,15.4,-0.466839,-0.482917
612.85,17.68,-0.466078,-0.482335
612.85,19.78,-0.465296,-0.481349
612.85,22.05,-0.464704,-0.480706
612.85,24.15,-0.463953,-0.480071
612.85,26.43,-0.463096,-0.479242
612.85,28.7,-0.462742,-0.478694
612.85,30.98,-0.462813,-0.478786
612.85,33.08,-0.462757,-0.478857
612.85,35.35,-0.463035,-0.479181
612.85,37.63,-0.463417,-0.479566
612.85,40.08,-0.464288,-0.480151
612.85,42.18,-0.464994,-0.481165
612.85,44.45,-0.465462,-0.48134
612.85,46.73,-0.465786,-0.481913
612.85,49.0,-0.465302,-0.48147
612.85,51.28,-0.465025,-0.480995
612.85,53.38,-0.464304,-0.480444
612.85,55.65,-0.463494,-0.479677
612.85,57.93,-0.463155,-0.479301
612.85,60.03,-0.462936,-0.479196
612.85,62.3,-0.463561,-0.479695
612.85,64.58,-0.46423,-0.480487
612.85,66.68,-0.464637,-0.480706
612.85,68.95,-0.464387,-0.480434
612.85,71.23,-0.463481,-0.479649
612.85,73.5,-0.462073,-0.478281
612.85,75.6,-0.460203,-0.476543
612.85,77.88,-0.458065,-0.474144
612.85,79.98,-0.454741,-0.470946
612.85,82.25,-0.449347,-0.46582
612.85,84.53,-0.443281,-0.459603
612.85,86.63,-0.435669,-0.452422
612.85,88.9,-0.425564,-0.442338
612.85,91.18,-0.412847,-0.429633
612.85,93.45,-0.398586,-0.415585
612.85,95.73,-0.384935,-0.402243
612.85,97.83,-0.374818,-0.392255
612.85,100.1,-0.368826,-0.386208
612.85,102.38,-0.367474,-0.384674
612.85,104.65,-0.369624,-0.386898
612.85,106.75,-0.374945,-0.392132
612.85,109.03,-0.382797,-0.40021
612.85,111.13,-0.393953,-0.41089
612.85,113.4,-0.407388,-0.424325
612.85,115.5,-0.422033,-0.438623
612.85,117.78,-0.436605,-0.453099
612.85,120.05,-0.450998,-0.467369
612.85,122.33,-0.464868,-0.480844
612.85,124.43,-0.477314,-0.493355
612.85,126.7,-0.486463,-0.502295
612.85,128.98,-0.492172,-0.507899
612.85,131.08,-0.492625,-0.508521
612.85,133.35,-0.488102,-0.503925
612.85,135.63,-0.479036,-0.494803
612.85,137.73,-0.465665,-0.48158
612.85,140.0,-0.44895,-0.46545
612.85,142.1,-0.429436,-0.446035
612.85,144.38,-0.4063,-0.423241
612.85,146.65,-0.378802,-0.396032
612.85,148.75,-0.348189,-0.365906
612.85,151.03,-0.31455,-0.332757
612.85,153.13,-0.276713,-0.295379
612.85,155.4,-0.238771,-0.257785
612.85,157.68,-0.199886,-0.219548
612.85,159.78,-0.162148,-0.182212
612.85,161.88,-0.127206,-0.147915
612.85,164.33,-0.093639,-0.1146
612.85,166.43,-0.06362,-0.084924
612.85,168.7,-0.037339,-0.059135
612.85,170.8,-0.014003,-0.036076
612.85,173.08,0.006783,-0.015546
612.85,175.18,0.023252,0.00085
612.85,177.45,0.035615,0.012914
612.85,179.73,0.043755,0.021084
612.85,181.83,0.04824,0.025366
612.85,184.1,0.049546,0.02665
612.85,186.38,0.047482,0.024725
612.85,188.65,0.041333,0.018638
612.85,190.75,0.030283,0.007763
612.85,193.03,0.015689,-0.00651
612.85,195.13,-0.002284,-0.024354
612.85,197.4,-0.022582,-0.044511
612.85,199.68,-0.043796,-0.065373
612.85,201.78,-0.064646,-0.085983
612.85,204.05,-0.085681,-0.106726
612.85,206.33,-0.106935,-0.127702
612.85,208.43,-0.127006,-0.147413
612.85,210.7,-0.146381,-0.166747
612.85,212.98,-0.164107,-0.184027
612.85,215.08,-0.181504,-0.201217
612.85,217.35,-0.196877,-0.216433
612.85,219.45,-0.211242,-0.23029
612.85,221.9,-0.222902,-0.242049
612.85,224.0,-0.233457,-0.25249
612.85,226.28,-0.243358,-0.262502
612.85,228.38,-0.253124,-0.271941
612.85,230.65,-0.263106,-0.281864
612.85,232.93,-0.272884,-0.291347
612.85,235.03,-0.281895,-0.300333
612.85,237.3,-0.290238,-0.308703
612.85,239.58,-0.298663,-0.317107
612.85,241.68,-0.307052,-0.325207
612.85,243.95,-0.315835,-0.333817
612.85,246.23,-0.324939,-0.34289
612.85,248.5,-0.335108,-0.353041
612.85,250.78,-0.344584,-0.362311
612.85,253.05,-0.353716,-0.371377
612.85,255.33,-0.363297,-0.380684
612.85,257.43,-0.372711,-0.390096
612.85,259.7,-0.382203,-0.399396
612.85,261.98,-0.392724,-0.409701
612.85,264.25,-0.403417,-0.420357
612.85,266.53,-0.414045,-0.430783
612.85,268.63,-0.424649,-0.441325
612.85,270.9,-0.435089,-0.451479
612.85,273.18,-0.44577,-0.462283
612.85,275.28,-0.458047,-0.474273
612.85,277.55,-0.472492,-0.488417
612.85,279.83,-0.488552,-0.504331
612.85,281.93,-0.506309,-0.521833
612.85,284.2,-0.523669,-0.538989
612.85,286.48,-0.542218,-0.557344
612.85,288.58,-0.561663,-0.576577
612.85,290.85,-0.58289,-0.597381
612.85,292.95,-0.604602,-0.618795
612.85,294.88,-0.626103,-0.640123
612.85,297.5,-0.647563,-0.66126
612.85,299.78,-0.668016,-0.681537
612.85,301.88,-0.688,-0.701013
612.85,304.15,-0.705505,-0.718567
612.85,306.25,-0.720372,-0.733142
612.85,308.53,-0.732554,-0.745067
612.85,310.8,-0.74134,-0.753789
612.85,312.9,-0.746873,-0.7591
612.85,315.18,-0.748191,-0.760714
612.85,317.45,-0.745302,-0.757701
612.85,319.55,-0.737954,-0.750631
612.85,321.83,-0.726374,-0.739442
612.85,324.1,-0.71081,-0.723851
612.85,326.2,-0.690154,-0.703228
612.85,328.48,-0.665564,-0.679183
612.85,330.75,-0.63797,-0.651848
612.85,332.85,-0.608432,-0.622708
612.85,335.13,-0.575487,-0.590163
612.85,337.4,-0.542452,-0.557692
612.85,339.5,-0.51008,-0.525672
612.85,341.78,-0.475909,-0.49203
612.85,344.05,-0.444187,-0.460644
612.85,346.33,-0.414458,-0.431368
612.85,348.43,-0.386778,-0.403765
612.85,350.7,-0.361346,-0.378851
612.85,352.98,-0.34065,-0.358401
612.85,355.25,-0.322794,-0.340915
612.85,357.35,-0.308457,-0.326522
612.85,359.8,-0.295878,-0.314298
612.85,362.08,-0.289033,-0.307659
612.85,364.35,-0.285549,-0.304107
612.85,366.45,-0.28508,-0.303574
612.85,368.73,-0.287243,-0.30574
612.85,370.83,-0.291045,-0.309483
612.85,373.1,-0.297111,-0.315213
612.85,375.38,-0.30378,-0.322009
612.85,377.48,-0.311809,-0.329945
612.85,379.75,-0.319806,-0.337696
612.85,381.85,-0.327668,-0.345579
612.85,384.13,-0.33452,-0.352526
612.85,386.4,-0.340669,-0.358395
612.85,388.68,-0.345527,-0.363367
612.85,390.78,-0.349769,-0.367323
612.85,393.05,-0.352566,-0.370333
612.85,395.15,-0.354208,-0.371805
612.85,397.25,-0.354865,-0.372594
612.85,399.7,-0.35456,-0.372144
612.85,401.98,-0.353525,-0.371223
612.85,404.08,-0.352357,-0.369991
612.85,406.53,-0.351581,-0.369196
612.85,408.63,-0.350607,-0.368257
612.85,410.9,-0.3489,-0.366673
612.85,413.0,-0.347126,-0.364612
612.85,415.28,-0.345117,-0.362687
612.85,417.55,-0.342394,-0.360117
612.85,419.83,-0.339726,-0.357471
612.85,421.93,-0.336214,-0.353953
612.85,424.2,-0.332391,-0.350197
612.85,426.3,-0.328679,-0.346624
612.85,428.58,-0.325814,-0.343774
612.85,430.68,-0.323503,-0.341399
612.85,432.95,-0.321932,-0.340009
612.85,435.23,-0.320274,-0.338497
612.85,437.5,-0.317887,-0.335952
612.85,439.6,-0.315604,-0.33358
612.85,441.88,-0.312998,-0.330977
612.85,444.15,-0.310509,-0.328534
612.85,446.25,-0.308645,-0.326926
612.85,448.53,-0.308053,-0.326242
612.85,450.8,-0.309424,-0.327477
612.85,452.9,-0.311932,-0.330148
612.85,455.18,-0.315666,-0.3337
612.85,457.45,-0.319849,-0.337868
612.85,459.73,-0.324899,-0.342921
612.85,461.83,-0.329997,-0.347702
612.85,464.1,-0.335758,-0.353444
612.85,466.38,-0.341926,-0.359606
612.85,468.48,-0.348922,-0.366568
612.85,470.75,-0.356196,-0.373771
612.85,473.03,-0.364443,-0.381886
612.85,475.3,-0.373053,-0.390465
612.85,477.58,-0.382647,-0.39984
612.85,479.68,-0.393149,-0.410089
612.85,481.95,-0.404942,-0.42187
612.85,484.23,-0.417249,-0.433913
612.85,486.5,-0.429889,-0.44655
612.85,488.6,-0.44297,-0.459418
612.85,490.7,-0.456368,-0.472711
612.85,493.15,-0.470182,-0.486109
612.85,495.25,-0.484581,-0.500382
612.85,497.53,-0.499917,-0.515567
612.85,499.8,-0.515379,-0.530958
612.85,502.08,-0.528962,-0.544033
612.85,504.18,-0.541312,-0.556368
612.85,506.45,-0.553065,-0.567967
612.85,508.73,-0.563875,-0.578635
612.85,510.83,-0.57301,-0.587628
612.85,513.1,-0.579991,-0.594473
612.85,515.38,-0.583928,-0.598419
612.85,517.48,-0.584726,-0.599442
612.85,519.75,-0.584008,-0.598423
612.85,522.03,-0.580111,-0.594482
612.85,524.13,-0.573195,-0.587846
612.85,526.4,-0.563703,-0.578684
612.85,528.68,-0.551436,-0.566472
612.85,530.78,-0.53699,-0.552246
612.85,533.05,-0.520715,-0.536131
612.85,535.15,-0.502471,-0.517991
612.85,537.43,-0.482249,-0.498142
612.85,539.7,-0.461867,-0.477945
612.85,541.98,-0.441901,-0.45829
612.85,544.08,-0.422138,-0.4387
612.85,546.35,-0.402218,-0.419264
612.85,548.63,-0.382449,-0.399695
612.85,550.73,-0.364199,-0.381735
612.85,553.0,-0.346852,-0.364578
612.85,555.28,-0.331704,-0.349917
612.85,557.38,-0.319227,-0.337298
612.85,559.65,-0.309347,-0.327348
612.85,561.93,-0.302714,-0.321085
612.85,564.03,-0.300721,-0.318716
612.85,566.3,-0.30253,-0.320777
612.85,568.4,-0.307295,-0.325493
612.85,570.68,-0.314393,-0.33261
612.85,572.95,-0.323026,-0.340918
612.85,575.05,-0.334375,-0.352308
612.85,577.33,-0.348974,-0.36659
612.85,579.6,-0.366008,-0.383386
612.85,581.7,-0.384369,-0.401479
612.85,583.98,-0.404273,-0.421097
612.85,586.08,-0.424039,-0.440718
612.85,588.35,-0.444122,-0.460465
612.85,590.45,-0.466257,-0.482341
612.85,592.73,-0.490157,-0.505847
612.85,595.0,-0.514461,-0.52967
612.85,597.1,-0.539076,-0.55423
612.85,599.38,-0.565715,-0.580471
612.85,601.65,-0.594849,-0.609116
612.85,603.93,-0.62321,-0.637292
612.85,606.03,-0.65158,-0.665206
612.85,608.3,-0.682058,-0.695101
612.85,610.58,-0.712261,-0.725049
612.85,612.68,-0.742307,-0.754608
612.85,614.95,-0.773191,-0.785058
612.85,617.23,-0.803438,-0.815206
612.85,619.33,-0.831731,-0.842975
612.85,621.6,-0.86077,-0.871481
612.85,623.88,-0.889414,-0.899627
612.85,625.98,-0.915046,-0.924975
612.85,628.25,-0.938918,-0.948739
612.85,630.53,-0.960806,-0.970554
612.85,632.8,-0.98101,-0.990323
612.85,635.08,-0.997864,-1.006777
612.85,637.18,-1.011614,-1.020394
612.85,639.45,-1.021931,-1.030332
612.85,641.73,-1.028268,-1.036971
612.85,644.0,-1.030658,-1.039158
612.85,646.1,-1.028807,-1.037442
612.85,648.38,-1.022818,-1.031536
612.85,650.48,-1.013841,-1.022618
612.85,652.75,-1.001829,-1.010942
612.85,655.03,-0.987775,-0.996937
612.85,657.13,-0.970449,-0.97983
612.85,659.4,-0.950594,-0.960274
612.85,661.68,-0.928351,-0.938253
612.85,663.78,-0.904984,-0.915286
612.85,666.05,-0.879639,-0.890227
612.85,668.33,-0.852489,-0.863508
612.85,670.43,-0.82817,-0.839445
612.85,672.7,-0.805043,-0.816885
612.85,674.98,-0.782899,-0.794716
612.85,677.25,-0.760597,-0.772763
612.85,679.35,-0.739984,-0.752575
612.85,681.63,-0.720804,-0.733592
612.85,683.9,-0.702138,-0.715135
612.85,686.18,-0.684205,-0.697236
612.85,688.28,-0.667871,-0.681377
648.9,11.03,-0.19041,-0.210081
648.9,13.3,-0.189585,-0.20935
648.9,15.58,-0.188466,-0.208013
648.9,17.68,-0.186812,-0.206575
648.9,19.95,-0.185305,-0.205127
648.9,22.05,-0.182727,-0.202471
648.9,24.68,-0.179717,-0.199511
648.9,26.78,-0.176279,-0.196177
648.9,28.88,-0.173553,-0.193522
648.9,31.33,-0.171476,-0.191319
648.9,33.6,-0.169837,-0.189726
648.9,35.7,-0.168993,-0.188993
648.9,37.98,-0.168836,-0.189064
648.9,40.08,-0.170302,-0.190139
648.9,42.35,-0.172986,-0.192832
648.9,44.63,-0.17626,-0.196146
648.9,46.73,-0.180626,-0.200478
648.9,49.0,-0.185238,-0.205114
648.9,51.28,-0.189631,-0.20927
648.9,53.38,-0.193512,-0.213352
648.9,55.65,-0.197012,-0.216488
648.9,57.93,-0.199976,-0.219443
648.9,60.03,-0.202844,-0.222388
648.9,62.3,-0.206137,-0.225413
648.9,64.58,-0.209665,-0.228947
648.9,66.68,-0.213038,-0.232354
648.9,68.95,-0.21688,-0.236137
648.9,71.23,-0.221461,-0.240881
648.9,73.33,-0.226304,-0.245389
648.9,75.6,-0.231528,-0.250555
648.9,77.88,-0.237188,-0.256128
648.9,79.98,-0.243232,-0.262194
648.9,82.25,-0.249652,-0.268537
648.9,84.53,-0.255657,-0.274544
648.9,86.63,-0.261704,-0.280595
648.9,88.9,-0.266917,-0.285601
648.9,91.18,-0.271815,-0.290573
648.9,93.28,-0.276254,-0.294856
648.9,95.55,-0.280693,-0.299064
648.9,97.83,-0.286858,-0.305256
648.9,100.1,-0.295481,-0.313731
648.9,102.2,-0.30761,-0.32557
648.9,104.48,-0.322184,-0.339929
648.9,106.75,-0.33862,-0.356405
648.9,109.03,-0.356393,-0.373845
648.9,111.13,-0.375918,-0.393284
648.9,113.4,-0.396263,-0.41309
648.9,115.5,-0.416602,-0.433454
648.9,117.78,-0.435173,-0.451617
648.9,120.05,-0.452067,-0.468284
648.9,122.15,-0.465379,-0.481408
648.9,124.43,-0.474603,-0.490508
648.9,126.7,-0.480909,-0.496707
648.9,128.8,-0.483857,-0.499603
648.9,131.08,-0.484248,-0.500367
648.9,133.35,-0.481411,-0.497412
648.9,135.45,-0.474541,-0.490555
648.9,137.73,-0.463808,-0.47984
648.9,140.0,-0.448885,-0.465092
648.9,142.1,-0.429902,-0.44658
648.9,144.38,-0.406504,-0.423568
648.9,146.65,-0.378115,-0.395244
648.9,148.75,-0.345274,-0.362955
648.9,151.03,-0.309991,-0.328226
648.9,153.3,-0.269304,-0.288063
648.9,155.4,-0.227533,-0.246913
648.9,157.68,-0.184008,-0.20378
648.9,159.95,-0.14118,-0.161396
648.9,162.05,-0.097826,-0.118719
648.9,164.33,-0.057644,-0.079178
648.9,166.6,-0.021735,-0.043639
648.9,168.7,0.009938,-0.012348
648.9,170.98,0.036743,0.013872
648.9,173.08,0.058095,0.035203
648.9,175.35,0.075082,0.051798
648.9,177.63,0.088197,0.064981
648.9,179.73,0.096885,0.073496
648.9,182.0,0.101031,0.077538
648.9,184.28,0.101302,0.078055
648.9,186.38,0.098323,0.074953
648.9,188.65,0.091995,0.068705
648.9,191.1,0.079839,0.056524
648.9,193.38,0.067097,0.044198
648.9,195.65,0.052562,0.029759
648.9,197.93,0.037125,0.0145
648.9,200.38,0.01975,-0.002727
648.9,202.48,0.005101,-0.017157
648.9,204.75,-0.009428,-0.031436
648.9,207.03,-0.023845,-0.045531
648.9,209.3,-0.037213,-0.058922
648.9,211.4,-0.049129,-0.070706
648.9,213.68,-0.059745,-0.080906
648.9,215.78,-0.069039,-0.090053
648.9,218.05,-0.076405,-0.097641
648.9,220.33,-0.083765,-0.104689
648.9,222.43,-0.091948,-0.112955
648.9,224.7,-0.101917,-0.122668
648.9,226.98,-0.113737,-0.134391
648.9,229.08,-0.127179,-0.147807
648.9,231.35,-0.141689,-0.162105
648.9,233.45,-0.15672,-0.176726
648.9,235.73,-0.171649,-0.191476
648.9,237.83,-0.185204,-0.205022
648.9,240.1,-0.197656,-0.217074
648.9,242.38,-0.208873,-0.228386
648.9,244.65,-0.219917,-0.239187
648.9,246.75,-0.230804,-0.249957
648.9,249.03,-0.242071,-0.260992
648.9,251.13,-0.253328,-0.272234
648.9,253.4,-0.264766,-0.283506
648.9,255.5,-0.276153,-0.294794
648.9,257.78,-0.287369,-0.305635
648.9,260.05,-0.298013,-0.316325
648.9,262.15,-0.309236,-0.327274
648.9,264.43,-0.321165,-0.339212
648.9,266.35,-0.334495,-0.352249
648.9,268.8,-0.349239,-0.366775
648.9,271.08,-0.365736,-0.382865
648.9,273.18,-0.38415,-0.40114
648.9,275.45,-0.404778,-0.421762
648.9,277.55,-0.426408,-0.443182
648.9,279.83,-0.448728,-0.465006
648.9,281.93,-0.471999,-0.488016
648.9,284.2,-0.496824,-0.512381
648.9,286.48,-0.522298,-0.537449
648.9,288.58,-0.548318,-0.563287
648.9,290.85,-0.576229,-0.590789
648.9,293.13,-0.604938,-0.61906
648.9,295.4,-0.634023,-0.647658
648.9,297.68,-0.662276,-0.675622
648.9,299.78,-0.68963,-0.702424
648.9,302.05,-0.714476,-0.72711
648.9,304.15,-0.735748,-0.748216
648.9,306.43,-0.753114,-0.765261
648.9,308.53,-0.766506,-0.778656
648.9,310.8,-0.775985,-0.787772
648.9,313.08,-0.779574,-0.791518
648.9,315.18,-0.777911,-0.789913
648.9,317.45,-0.771164,-0.783016
648.9,319.73,-0.758761,-0.770936
648.9,321.83,-0.741324,-0.75373
648.9,324.1,-0.719205,-0.731959
648.9,326.38,-0.692951,-0.706146
648.9,328.48,-0.662064,-0.675453
648.9,330.75,-0.628179,-0.642258
648.9,333.03,-0.591528,-0.606063
648.9,335.3,-0.552009,-0.567061
648.9,337.4,-0.51321,-0.528805
648.9,339.68,-0.472847,-0.488993
648.9,341.95,-0.434211,-0.450746
648.9,344.05,-0.39679,-0.413953
648.9,346.33,-0.362379,-0.379809
648.9,348.6,-0.330789,-0.348706
648.9,350.7,-0.302986,-0.321303
648.9,352.98,-0.278515,-0.297191
648.9,355.08,-0.259067,-0.277767
648.9,357.35,-0.243897,-0.262933
648.9,359.63,-0.233956,-0.253032
648.9,361.73,-0.228143,-0.247388
648.9,364.18,-0.226602,-0.245848
648.9,366.28,-0.228805,-0.247856
648.9,368.55,-0.233703,-0.252841
648.9,370.83,-0.241023,-0.260096
648.9,373.1,-0.250278,-0.269384
648.9,375.2,-0.26123,-0.28001
648.9,377.48,-0.273112,-0.291689
648.9,379.58,-0.285506,-0.303864
648.9,381.85,-0.298069,-0.316239
648.9,383.95,-0.310176,-0.328229
648.9,386.23,-0.32102,-0.339119
648.9,388.33,-0.330321,-0.3483
648.9,390.6,-0.339058,-0.356762
648.9,392.88,-0.346097,-0.363565
648.9,395.15,-0.351809,-0.369532
648.9,397.25,-0.356115,-0.373679
648.9,399.53,-0.359671,-0.377077
648.9,401.8,-0.361846,-0.379298
648.9,403.9,-0.363448,-0.380736
648.9,406.18,-0.364871,-0.382147
648.9,408.45,-0.365869,-0.383176
648.9,410.73,-0.366202,-0.383722
648.9,412.83,-0.365946,-0.383189
648.9,415.1,-0.364741,-0.3822
648.9,417.2,-0.362859,-0.380472
648.9,419.48,-0.360681,-0.378207
648.9,421.75,-0.358577,-0.376017
648.9,423.85,-0.357163,-0.374646
648.9,426.13,-0.356408,-0.373993
648.9,428.4,-0.356041,-0.373648
648.9,430.5,-0.354902,-0.372332
648.9,432.78,-0.353753,-0.371371
648.9,434.88,-0.353404,-0.371008
648.9,437.15,-0.353457,-0.370921
648.9,439.43,-0.35456,-0.372178
648.9,441.7,-0.357363,-0.374763
648.9,443.8,-0.36098,-0.378531
648.9,446.08,-0.365435,-0.382699
648.9,448.18,-0.370176,-0.387533
648.9,450.45,-0.37598,-0.393192
648.9,452.73,-0.38179,-0.398894
648.9,454.83,-0.388133,-0.405222
648.9,457.1,-0.393682,-0.410622
648.9,459.38,-0.400056,-0.417101
648.9,461.48,-0.406836,-0.423549
648.9,463.75,-0.415644,-0.432283
648.9,465.85,-0.42594,-0.442502
648.9,468.13,-0.43781,-0.454224
648.9,470.4,-0.451051,-0.467277
648.9,472.5,-0.464929,-0.480909
648.9,474.78,-0.479473,-0.495348
648.9,477.05,-0.495166,-0.510884
648.9,479.15,-0.512465,-0.527856
648.9,481.43,-0.530742,-0.545927
648.9,483.7,-0.549593,-0.564544
648.9,485.8,-0.569834,-0.584535
648.9,488.08,-0.590262,-0.604821
648.9,490.35,-0.610798,-0.625028
648.9,492.45,-0.630644,-0.644741
648.9,494.73,-0.650878,-0.664652
648.9,496.83,-0.672073,-0.685382
648.9,499.1,-0.693003,-0.706053
648.9,501.38,-0.713758,-0.726368
648.9,503.65,-0.73207,-0.744636
648.9,505.93,-0.748592,-0.760964
648.9,508.03,-0.762239,-0.774374
648.9,510.3,-0.772806,-0.784953
648.9,512.58,-0.780046,-0.791974
648.9,514.68,-0.784008,-0.795905
648.9,516.95,-0.784343,-0.796167
648.9,519.23,-0.78024,-0.792122
648.9,521.5,-0.772369,-0.784402
648.9,523.6,-0.760289,-0.772279
648.9,525.88,-0.744698,-0.757199
648.9,527.98,-0.726238,-0.739023
648.9,530.25,-0.705249,-0.71837
648.9,532.53,-0.682095,-0.695061
648.9,534.8,-0.657409,-0.670949
648.9,536.9,-0.632369,-0.646272
648.9,539.18,-0.606716,-0.620979
648.9,541.45,-0.580302,-0.594932
648.9,543.73,-0.554193,-0.568999
648.9,545.83,-0.529384,-0.544661
648.9,548.1,-0.505616,-0.52106
648.9,550.2,-0.482582,-0.498614
648.9,552.48,-0.462058,-0.47833
648.9,554.75,-0.443534,-0.46012
648.9,556.85,-0.427622,-0.444085
648.9,559.13,-0.413256,-0.43016
648.9,561.23,-0.400906,-0.41768
648.9,563.5,-0.390148,-0.407138
648.9,565.78,-0.38151,-0.398891
648.9,567.88,-0.376242,-0.393438
648.9,570.15,-0.372175,-0.389501
648.9,572.43,-0.36927,-0.386624
648.9,574.53,-0.367573,-0.384899
648.9,576.8,-0.366953,-0.384387
648.9,579.08,-0.367369,-0.384587
648.9,581.18,-0.368127,-0.385619
648.9,583.45,-0.369027,-0.386442
648.9,585.73,-0.370468,-0.387736
648.9,587.83,-0.372419,-0.389701
648.9,590.1,-0.375003,-0.39232
648.9,592.2,-0.378337,-0.395508
648.9,594.48,-0.382317,-0.399372
648.9,596.75,-0.387961,-0.404982
648.9,598.85,-0.394322,-0.411282
648.9,601.13,-0.40163,-0.418444
648.9,603.4,-0.408451,-0.425379
648.9,605.68,-0.416106,-0.432847
648.9,607.78,-0.423466,-0.440015
648.9,610.05,-0.430958,-0.447304
648.9,612.15,-0.437936,-0.454365
648.9,614.43,-0.444412,-0.460776
648.9,616.7,-0.451288,-0.467489
648.9,618.98,-0.458253,-0.474409
648.9,621.08,-0.466352,-0.482434
648.9,623.35,-0.474744,-0.490656
648.9,625.63,-0.48362,-0.499433
648.9,627.9,-0.493087,-0.509008
648.9,630.0,-0.502511,-0.517908
648.9,632.28,-0.511423,-0.52671
648.9,634.55,-0.519985,-0.535172
648.9,636.65,-0.528179,-0.543244
648.9,638.75,-0.536152,-0.551377
648.9,641.03,-0.544929,-0.560012
648.9,643.3,-0.553888,-0.568943
648.9,645.58,-0.563349,-0.578216
648.9,647.85,-0.573078,-0.587828
648.9,649.95,-0.583084,-0.597671
648.9,652.4,-0.592957,-0.607221
648.9,654.5,-0.600271,-0.61479
648.9,656.78,-0.605792,-0.620074
648.9,659.05,-0.610225,-0.62455
648.9,661.15,-0.615225,-0.629337
648.9,663.43,-0.621574,-0.63548
648.9,665.53,-0.627708,-0.641691
648.9,667.8,-0.633752,-0.647628
648.9,670.08,-0.639467,-0.653188
648.9,672.35,-0.646164,-0.659883
648.9,674.45,-0.653626,-0.667286
648.9,676.73,-0.662517,-0.676069
648.9,679.0,-0.67248,-0.685822
648.9,681.28,-0.682769,-0.695665
648.9,683.38,-0.691941,-0.70512
648.9,685.65,-0.701167,-0.714066
648.9,687.93,-0.709969,-0.722902
684.95,11.55,-0.203793,-0.223445
684.95,13.65,-0.201827,-0.221307
684.95,15.93,-0.199816,-0.21927
684.95,18.03,-0.196917,-0.216476
684.95,20.3,-0.194095,-0.213654
684.95,22.58,-0.191766,-0.211421
684.95,24.85,-0.190407,-0.210074
684.95,27.13,-0.189665,-0.209283
684.95,29.23,-0.189883,-0.209563
684.95,31.5,-0.190771,-0.210333
684.95,33.78,-0.192428,-0.212132
684.95,36.05,-0.194671,-0.214292
684.95,38.33,-0.197024,-0.216689
684.95,40.43,-0.19854,-0.218174
684.95,42.88,-0.199458,-0.219005
684.95,44.98,-0.199914,-0.219686
684.95,47.25,-0.200694,-0.220219
684.95,49.35,-0.202443,-0.221889
684.95,51.8,-0.203913,-0.223309
684.95,54.08,-0.204862,-0.224286
684.95,56.18,-0.204939,-0.224323
684.95,58.45,-0.203663,-0.22305
684.95,60.73,-0.202012,-0.221433
684.95,62.83,-0.201177,-0.220641
684.95,65.1,-0.201103,-0.220503
684.95,67.38,-0.201935,-0.221482
684.95,69.48,-0.203266,-0.222665
684.95,71.75,-0.203941,-0.223309
684.95,74.03,-0.204899,-0.224406
684.95,76.13,-0.207015,-0.226365
684.95,78.4,-0.210626,-0.230059
684.95,80.68,-0.21582,-0.235349
684.95,82.78,-0.222665,-0.24192
684.95,85.05,-0.230552,-0.249748
684.95,87.33,-0.239449,-0.258571
684.95,89.78,-0.250891,-0.26988
684.95,91.88,-0.263343,-0.282095
684.95,94.15,-0.277034,-0.295604
684.95,96.43,-0.292169,-0.310432
684.95,98.7,-0.30744,-0.325555
684.95,100.98,-0.321818,-0.33968
684.95,103.08,-0.33521,-0.352989
684.95,105.35,-0.348626,-0.366211
684.95,107.45,-0.362286,-0.37992
684.95,109.73,-0.376408,-0.393568
684.95,112.0,-0.390949,-0.407776
684.95,114.1,-0.406223,-0.42313
684.95,116.38,-0.421701,-0.438333
684.95,118.48,-0.436956,-0.453318
684.95,120.75,-0.451999,-0.468278
684.95,123.03,-0.466368,-0.482363
684.95,125.13,-0.479353,-0.49528
684.95,127.4,-0.490619,-0.506396
684.95,129.68,-0.49923,-0.514772
684.95,131.78,-0.504975,-0.520477
684.95,134.05,-0.506901,-0.522357
684.95,135.98,-0.504526,-0.520262
684.95,138.43,-0.49723,-0.512791
684.95,140.7,-0.484901,-0.500696
684.95,142.98,-0.467163,-0.483429
684.95,145.08,-0.44362,-0.460015
684.95,147.35,-0.415219,-0.43199
684.95,149.63,-0.380419,-0.397779
684.95,151.73,-0.342637,-0.360496
684.95,154.0,-0.302326,-0.320693
684.95,156.28,-0.25883,-0.277754
684.95,158.38,-0.215281,-0.234634
684.95,160.65,-0.169671,-0.189662
684.95,162.93,-0.12651,-0.147237
684.95,165.03,-0.083322,-0.104514
684.95,167.3,-0.044545,-0.066359
684.95,169.4,-0.008713,-0.030919
684.95,171.68,0.023305,0.000871
684.95,173.95,0.049753,0.026768
684.95,176.23,0.070637,0.047553
684.95,178.33,0.087917,0.064583
684.95,180.6,0.099198,0.075831
684.95,182.88,0.10548,0.081894
684.95,185.15,0.105732,0.082257
684.95,187.25,0.101641,0.078108
684.95,189.53,0.094417,0.071034
684.95,191.63,0.084401,0.061077
684.95,193.9,0.072627,0.049497
684.95,196.0,0.059605,0.036623
684.95,198.28,0.045289,0.022479
684.95,200.55,0.030622,0.00796
684.95,202.65,0.015603,-0.006744
684.95,204.93,0.000116,-0.022062
684.95,207.2,-0.0153,-0.037182
684.95,209.3,-0.030176,-0.051914
684.95,211.23,-0.043981,-0.065617
684.95,213.68,-0.057222,-0.078778
684.95,215.95,-0.068972,-0.090182
684.95,218.23,-0.079517,-0.100614
684.95,220.15,-0.089046,-0.110062
684.95,222.6,-0.097357,-0.118254
684.95,224.88,-0.103861,-0.124766
684.95,227.15,-0.109409,-0.130065
684.95,229.25,-0.114375,-0.135025
684.95,231.53,-0.120922,-0.141538
684.95,233.8,-0.128882,-0.149298
684.95,235.9,-0.137943,-0.158331
684.95,238.18,-0.148938,-0.169101
684.95,240.28,-0.161279,-0.181356
684.95,242.55,-0.175099,-0.194982
684.95,244.83,-0.18976,-0.209397
684.95,247.1,-0.204307,-0.223793
684.95,249.2,-0.2196,-0.238793
684.95,251.48,-0.234594,-0.253719
684.95,253.75,-0.250336,-0.269202
684.95,256.03,-0.266251,-0.284819
684.95,256.9,-0.282283,-0.30062
684.95,260.4,-0.298149,-0.316319
684.95,262.68,-0.3133,-0.331353
684.95,264.78,-0.328355,-0.346094
684.95,266.88,-0.344141,-0.361809
684.95,269.33,-0.361072,-0.378571
684.95,271.43,-0.37951,-0.396682
684.95,273.7,-0.400185,-0.416981
684.95,275.98,-0.421963,-0.438608
684.95,278.08,-0.444988,-0.4613
684.95,280.35,-0.469492,-0.485305
684.95,282.63,-0.495616,-0.511217
684.95,284.9,-0.522566,-0.537766
684.95,287.0,-0.550197,-0.565089
684.95,289.28,-0.579602,-0.59411
684.95,291.38,-0.609609,-0.623795
684.95,293.65,-0.637917,-0.651663
684.95,295.93,-0.666004,-0.679384
684.95,298.03,-0.691925,-0.704929
684.95,300.3,-0.715185,-0.727945
684.95,302.58,-0.734993,-0.747664
684.95,304.68,-0.750779,-0.763
684.95,306.95,-0.762233,-0.774368
684.95,309.23,-0.76898,-0.781062
684.95,311.5,-0.770757,-0.782828
684.95,313.6,-0.766842,-0.779075
684.95,315.88,-0.758222,-0.770505
684.95,317.98,-0.744236,-0.756746
684.95,320.25,-0.725853,-0.738493
684.95,322.53,-0.702886,-0.715776
684.95,324.8,-0.673968,-0.687467
684.95,326.9,-0.642243,-0.655955
684.95,329.18,-0.608185,-0.622378
684.95,331.28,-0.570028,-0.584815
684.95,333.55,-0.531362,-0.546537
684.95,335.83,-0.491362,-0.507098
684.95,337.93,-0.450986,-0.467375
684.95,340.2,-0.412224,-0.429205
684.95,342.13,-0.372791,-0.390062
684.95,344.58,-0.336501,-0.354313
684.95,346.85,-0.30338,-0.321698
684.95,348.95,-0.272628,-0.291131
684.95,351.05,-0.245798,-0.264871
684.95,353.5,-0.224625,-0.243848
684.95,355.78,-0.206652,-0.226168
684.95,357.88,-0.193146,-0.212825
684.95,360.15,-0.184982,-0.204625
684.95,362.43,-0.181396,-0.20131
684.95,364.53,-0.18265,-0.202406
684.95,366.8,-0.187684,-0.207425
684.95,369.08,-0.197123,-0.216812
684.95,371.18,-0.209434,-0.228734
684.95,373.45,-0.22387,-0.242887
684.95,375.73,-0.23927,-0.258343
684.95,377.83,-0.256045,-0.275043
684.95,380.1,-0.274135,-0.292847
684.95,382.38,-0.292092,-0.310342
684.95,384.65,-0.309815,-0.327992
684.95,386.75,-0.325952,-0.344048
684.95,389.03,-0.340351,-0.358022
684.95,391.3,-0.352459,-0.370016
684.95,393.58,-0.363152,-0.380478
684.95,395.85,-0.372049,-0.389526
684.95,397.95,-0.379812,-0.397058
684.95,400.23,-0.386356,-0.40342
684.95,402.5,-0.39102,-0.408059
684.95,404.6,-0.393521,-0.410404
684.95,406.88,-0.395136,-0.412231
684.95,408.98,-0.396482,-0.413546
684.95,411.25,-0.398004,-0.414902
684.95,413.53,-0.400009,-0.416895
684.95,415.8,-0.402147,-0.419122
684.95,417.9,-0.40394,-0.420853
684.95,420.18,-0.405287,-0.422224
684.95,422.45,-0.405712,-0.422646
684.95,424.55,-0.405773,-0.422563
684.95,426.83,-0.404285,-0.421294
684.95,428.93,-0.401048,-0.417918
684.95,431.2,-0.396688,-0.413632
684.95,433.3,-0.393053,-0.410151
684.95,435.23,-0.391473,-0.408712
684.95,437.85,-0.391824,-0.408842
684.95,439.95,-0.39333,-0.410379
684.95,442.23,-0.396337,-0.413256
684.95,444.33,-0.400136,-0.417206
684.95,446.6,-0.405016,-0.421956
684.95,448.88,-0.411162,-0.42801
684.95,450.98,-0.41866,-0.43541
684.95,453.25,-0.42777,-0.44431
684.95,455.53,-0.437988,-0.454486
684.95,457.63,-0.449433,-0.465699
684.95,459.9,-0.461454,-0.477545
684.95,462.18,-0.473564,-0.489587
684.95,464.45,-0.486214,-0.502073
684.95,466.55,-0.499242,-0.514874
684.95,468.83,-0.513093,-0.528484
684.95,471.1,-0.527603,-0.542646
684.95,473.38,-0.543453,-0.558638
684.95,475.48,-0.560718,-0.575502
684.95,477.75,-0.580826,-0.595256
684.95,479.85,-0.601925,-0.616201
684.95,482.13,-0.623272,-0.63736
684.95,484.4,-0.645693,-0.659473
684.95,486.5,-0.667936,-0.681232
684.95,488.78,-0.690868,-0.704048
684.95,491.05,-0.713302,-0.725875
684.95,493.15,-0.734134,-0.746438
684.95,495.43,-0.753844,-0.765896
684.95,497.7,-0.772843,-0.784873
684.95,499.8,-0.789353,-0.801081
684.95,502.08,-0.802738,-0.814322
684.95,504.35,-0.813114,-0.824485
684.95,506.45,-0.819775,-0.831158
684.95,508.73,-0.823441,-0.834728
684.95,511.0,-0.823148,-0.834368
684.95,513.28,-0.818505,-0.829815
684.95,515.38,-0.810144,-0.821669
684.95,517.65,-0.79817,-0.809787
684.95,519.75,-0.782255,-0.794094
684.95,522.2,-0.763321,-0.775437
684.95,524.3,-0.74142,-0.753915
684.95,526.58,-0.718071,-0.730819
684.95,528.68,-0.69223,-0.705403
684.95,530.95,-0.664202,-0.6778
684.95,533.23,-0.635416,-0.64939
684.95,535.33,-0.607298,-0.621479
684.95,537.6,-0.57817,-0.592945
684.95,539.7,-0.550487,-0.565431
684.95,541.98,-0.526241,-0.541639
684.95,544.25,-0.504079,-0.519556
684.95,546.35,-0.483503,-0.49931
684.95,548.63,-0.465743,-0.481815
684.95,550.73,-0.45025,-0.466593
684.95,553.0,-0.437841,-0.454396
684.95,555.28,-0.428457,-0.445049
684.95,557.38,-0.420949,-0.437588
684.95,559.65,-0.415287,-0.432123
684.95,561.93,-0.410321,-0.427101
684.95,564.03,-0.405653,-0.422653
684.95,566.3,-0.401836,-0.418786
684.95,568.4,-0.397933,-0.414834
684.95,570.68,-0.394788,-0.411691
684.95,572.95,-0.392258,-0.409261
684.95,575.05,-0.390542,-0.407437
684.95,577.33,-0.388438,-0.405512
684.95,579.6,-0.386365,-0.403414
684.95,581.88,-0.384375,-0.401559
684.95,583.98,-0.382474,-0.399553
684.95,586.25,-0.380163,-0.397314
684.95,588.35,-0.378176,-0.395358
684.95,590.63,-0.375213,-0.392523
684.95,592.9,-0.372375,-0.3898
684.95,595.0,-0.369748,-0.387067
684.95,597.28,-0.367265,-0.38459
684.95,599.38,-0.365188,-0.382576
684.95,601.65,-0.362841,-0.380416
684.95,603.93,-0.360432,-0.378087
684.95,606.2,-0.356812,-0.37431
684.95,608.3,-0.351769,-0.369205
684.95,610.58,-0.345068,-0.362844
684.95,612.85,-0.338534,-0.356279
684.95,615.13,-0.332847,-0.350613
684.95,617.4,-0.328183,-0.346112
684.95,619.68,-0.324705,-0.342767
684.95,621.78,-0.322114,-0.340108
684.95,624.05,-0.319828,-0.337807
684.95,626.33,-0.317733,-0.335749
684.95,628.43,-0.316414,-0.334461
684.95,630.7,-0.315635,-0.3337
684.95,632.98,-0.316115,-0.334156
684.95,635.08,-0.317314,-0.335314
684.95,637.35,-0.318771,-0.336809
684.95,639.63,-0.319557,-0.337536
684.95,641.9,-0.319785,-0.337838
684.95,644.0,-0.319726,-0.337804
684.95,646.28,-0.320213,-0.338115
684.95,648.55,-0.31955,-0.33757
684.95,650.65,-0.317662,-0.335706
684.95,652.93,-0.315416,-0.333617
684.95,655.03,-0.31248,-0.330395
684.95,657.3,-0.309692,-0.327871
684.95,659.58,-0.307989,-0.326137
684.95,661.68,-0.307206,-0.325355
684.95,663.95,-0.308506,-0.326692
684.95,666.23,-0.310681,-0.3289
684.95,668.33,-0.313845,-0.331873
684.95,670.6,-0.316876,-0.334834
684.95,672.88,-0.32049,-0.338364
684.95,674.98,-0.324356,-0.342446
684.95,677.25,-0.328084,-0.34602
684.95,679.53,-0.331152,-0.348839
684.95,681.63,-0.333629,-0.351433
684.95,683.9,-0.3359,-0.35346
684.95,686.0,-0.338697,-0.356402
684.95,688.28,-0.341932,-0.359634
721.0,11.55,-0.19626,-0.21606
721.0,13.65,-0.191975,-0.211689
721.0,15.93,-0.186599,-0.206384
721.0,18.2,-0.181217,-0.201131
721.0,20.48,-0.176156,-0.196045
721.0,22.58,-0.172598,-0.192551
721.0,24.85,-0.169964,-0.190093
721.0,27.13,-0.168864,-0.188821
721.0,29.4,-0.168682,-0.188731
721.0,31.5,-0.168793,-0.188694
721.0,33.78,-0.168891,-0.189067
721.0,35.88,-0.169415,-0.189486
721.0,38.15,-0.169369,-0.189387
721.0,40.43,-0.171048,-0.190983
721.0,42.53,-0.174101,-0.194039
721.0,44.8,-0.178894,-0.198519
721.0,47.08,-0.18391,-0.203645
721.0,49.18,-0.18802,-0.207742
721.0,51.45,-0.191325,-0.211057
721.0,53.73,-0.19302,-0.212755
721.0,56.0,-0.193802,-0.213442
721.0,58.1,-0.194236,-0.21387
721.0,60.38,-0.194905,-0.214788
721.0,62.65,-0.19724,-0.216886
721.0,64.75,-0.200687,-0.220339
721.0,67.03,-0.205087,-0.224464
721.0,69.3,-0.209301,-0.228636
721.0,71.4,-0.212899,-0.232268
721.0,73.68,-0.216556,-0.235878
721.0,75.95,-0.221125,-0.240392
721.0,78.05,-0.22647,-0.245752
721.0,80.33,-0.232942,-0.25195
721.0,82.6,-0.239024,-0.25805
721.0,84.7,-0.245395,-0.264433
721.0,86.98,-0.251242,-0.27021
721.0,89.08,-0.257425,-0.276448
721.0,91.35,-0.264104,-0.282918
721.0,93.63,-0.272009,-0.290524
721.0,95.9,-0.280342,-0.29887
721.0,97.83,-0.290422,-0.308762
721.0,100.45,-0.302486,-0.32082
721.0,102.55,-0.316781,-0.334726
721.0,104.83,-0.333531,-0.351337
721.0,107.1,-0.352779,-0.370431
721.0,109.38,-0.372921,-0.390096
721.0,111.65,-0.395046,-0.41216
721.0,113.75,-0.417206,-0.434156
721.0,116.03,-0.439301,-0.455727
721.0,118.13,-0.461756,-0.477825
721.0,120.4,-0.484113,-0.500043
721.0,122.5,-0.506152,-0.521664
721.0,124.78,-0.525749,-0.540896
721.0,126.88,-0.543709,-0.558755
721.0,129.15,-0.558549,-0.573447
721.0,131.43,-0.569686,-0.584384
721.0,133.7,-0.576254,-0.590915
721.0,135.8,-0.577951,-0.592557
721.0,138.08,-0.574411,-0.588949
721.0,140.35,-0.565739,-0.580635
721.0,142.45,-0.551861,-0.566962
721.0,144.73,-0.532147,-0.547545
721.0,147.0,-0.507551,-0.523004
721.0,149.1,-0.476066,-0.492015
721.0,151.38,-0.440096,-0.45658
721.0,153.65,-0.399273,-0.416208
721.0,155.75,-0.35513,-0.372588
721.0,158.03,-0.309341,-0.327594
721.0,160.3,-0.262166,-0.281054
721.0,162.4,-0.215536,-0.234957
721.0,164.68,-0.16911,-0.189122
721.0,166.95,-0.125752,-0.146365
721.0,169.05,-0.084452,-0.105574
721.0,171.33,-0.047897,-0.06968
721.0,173.6,-0.015968,-0.038158
721.0,175.7,0.012113,-0.010269
721.0,177.98,0.034626,0.01214
721.0,180.25,0.052495,0.029713
721.0,182.35,0.065834,0.042806
721.0,184.63,0.074629,0.051361
721.0,186.9,0.079611,0.056379
721.0,189.0,0.080138,0.056823
721.0,191.28,0.076379,0.053169
721.0,193.55,0.069312,0.046225
721.0,195.83,0.059494,0.036614
721.0,197.93,0.047414,0.024469
721.0,200.2,0.033856,0.011078
721.0,202.48,0.019072,-0.003288
721.0,204.58,0.004257,-0.01773
721.0,206.85,-0.010999,-0.032977
721.0,209.13,-0.026199,-0.048214
721.0,211.23,-0.041137,-0.062961
721.0,213.5,-0.055657,-0.077142
721.0,215.78,-0.069086,-0.090296
721.0,217.88,-0.081328,-0.102253
721.0,220.15,-0.092644,-0.113543
721.0,222.43,-0.103257,-0.124042
721.0,224.53,-0.112773,-0.133411
721.0,226.8,-0.121519,-0.142151
721.0,228.9,-0.128309,-0.148827
721.0,231.18,-0.134378,-0.154942
721.0,233.45,-0.138913,-0.159126
721.0,235.73,-0.14298,-0.163405
721.0,238.0,-0.147933,-0.168097
721.0,240.28,-0.15358,-0.173781
721.0,242.55,-0.161137,-0.181334
721.0,244.65,-0.170127,-0.190244
721.0,246.93,-0.180823,-0.200555
721.0,249.2,-0.192875,-0.212422
721.0,251.3,-0.205989,-0.225315
721.0,253.58,-0.220503,-0.239862
721.0,255.85,-0.236193,-0.255222
721.0,257.95,-0.252791,-0.27155
721.0,260.23,-0.270216,-0.288805
721.0,262.33,-0.28826,-0.306559
721.0,264.6,-0.306322,-0.324424
721.0,266.88,-0.324418,-0.34252
721.0,268.98,-0.3426,-0.360456
721.0,271.25,-0.36261,-0.379865
721.0,273.53,-0.38395,-0.401094
721.0,275.45,-0.407739,-0.424547
721.0,277.9,-0.431796,-0.448219
721.0,280.18,-0.456848,-0.472862
721.0,282.28,-0.483755,-0.499587
721.0,284.55,-0.513953,-0.52914
721.0,286.83,-0.542711,-0.557551
721.0,289.1,-0.572144,-0.586836
721.0,291.2,-0.602495,-0.61663
721.0,293.48,-0.631026,-0.64488
721.0,295.75,-0.658373,-0.671802
721.0,297.85,-0.683931,-0.696725
721.0,300.13,-0.706583,-0.719488
721.0,302.4,-0.724803,-0.737458
721.0,304.5,-0.738576,-0.751053
721.0,306.78,-0.748367,-0.76065
721.0,309.05,-0.752415,-0.764762
721.0,311.15,-0.751805,-0.764094
721.0,313.43,-0.746053,-0.758348
721.0,315.7,-0.735483,-0.747988
721.0,317.8,-0.719839,-0.732695
721.0,320.08,-0.699753,-0.712794
721.0,322.35,-0.673995,-0.687316
721.0,324.45,-0.644532,-0.658481
721.0,326.73,-0.612218,-0.626325
721.0,329.0,-0.576097,-0.59081
721.0,331.28,-0.538019,-0.553259
721.0,333.38,-0.499655,-0.515422
721.0,335.65,-0.45911,-0.475348
721.0,337.75,-0.419412,-0.436257
721.0,340.03,-0.378934,-0.396211
721.0,342.13,-0.340783,-0.358441
721.0,344.4,-0.304319,-0.322727
721.0,346.68,-0.26956,-0.288423
721.0,348.78,-0.23882,-0.258173
721.0,350.88,-0.211867,-0.231153
721.0,353.15,-0.188654,-0.208303
721.0,355.43,-0.170632,-0.190573
721.0,357.53,-0.157474,-0.17753
721.0,359.98,-0.148553,-0.168944
721.0,362.25,-0.145155,-0.165475
721.0,364.35,-0.146242,-0.166575
721.0,366.63,-0.151698,-0.171858
721.0,368.9,-0.161331,-0.181488
721.0,371.0,-0.174431,-0.194209
721.0,373.28,-0.190734,-0.210567
721.0,375.38,-0.210235,-0.229578
721.0,377.65,-0.229963,-0.249132
721.0,379.93,-0.250934,-0.269822
721.0,382.2,-0.272388,-0.290934
721.0,384.3,-0.293586,-0.311793
721.0,386.58,-0.314396,-0.33248
721.0,388.85,-0.332351,-0.350148
721.0,390.95,-0.347911,-0.365524
721.0,393.23,-0.361673,-0.379162
721.0,395.33,-0.373589,-0.390841
721.0,397.78,-0.384325,-0.401313
721.0,399.88,-0.39256,-0.40952
721.0,402.15,-0.399248,-0.416118
721.0,404.43,-0.40391,-0.420844
721.0,406.53,-0.406571,-0.423487
721.0,408.8,-0.408463,-0.42533
721.0,411.08,-0.409513,-0.426479
721.0,413.35,-0.409535,-0.426402
721.0,415.45,-0.408694,-0.425684
721.0,417.73,-0.407311,-0.424171
721.0,419.83,-0.406328,-0.423349
721.0,422.1,-0.406137,-0.423069
721.0,424.38,-0.406544,-0.423472
721.0,426.48,-0.407221,-0.424014
721.0,428.75,-0.408642,-0.425459
721.0,430.85,-0.410931,-0.427696
721.0,433.13,-0.4137,-0.430444
721.0,435.23,-0.416765,-0.433296
721.0,437.5,-0.419202,-0.435915
721.0,439.78,-0.422579,-0.439184
721.0,442.05,-0.426565,-0.44301
721.0,444.15,-0.430684,-0.447301
721.0,446.43,-0.435394,-0.451701
721.0,448.7,-0.440816,-0.457298
721.0,450.8,-0.44679,-0.462961
721.0,453.08,-0.453623,-0.469991
721.0,455.35,-0.460699,-0.476907
721.0,457.63,-0.468367,-0.484396
721.0,459.73,-0.47708,-0.492797
721.0,462.0,-0.486855,-0.502794
721.0,463.93,-0.499156,-0.51475
721.0,466.38,-0.512991,-0.528475
721.0,468.65,-0.528441,-0.543758
721.0,470.75,-0.546282,-0.561232
721.0,473.03,-0.566639,-0.581485
721.0,475.3,-0.58764,-0.602147
721.0,477.58,-0.609525,-0.623706
721.0,479.68,-0.630773,-0.644716
721.0,481.95,-0.652609,-0.666244
721.0,484.23,-0.675117,-0.688068
721.0,486.33,-0.69686,-0.709898
721.0,488.6,-0.71776,-0.730326
721.0,490.7,-0.737738,-0.750237
721.0,492.98,-0.756016,-0.76808
721.0,495.25,-0.772627,-0.784602
721.0,497.53,-0.786592,-0.79825
721.0,499.63,-0.79694,-0.808684
721.0,501.9,-0.803237,-0.814796
721.0,504.18,-0.805536,-0.817051
721.0,506.45,-0.803715,-0.815218
721.0,508.55,-0.797985,-0.809741
721.0,510.83,-0.787735,-0.799414
721.0,512.93,-0.773404,-0.785456
721.0,515.2,-0.755348,-0.767723
721.0,517.48,-0.734645,-0.747295
721.0,519.75,-0.710474,-0.723478
721.0,521.85,-0.683071,-0.6961
721.0,524.13,-0.653219,-0.666851
721.0,526.4,-0.622748,-0.636848
721.0,528.5,-0.59159,-0.60622
721.0,530.78,-0.560046,-0.574938
721.0,532.88,-0.530185,-0.545434
721.0,535.15,-0.501768,-0.517446
721.0,537.43,-0.473789,-0.489914
721.0,539.53,-0.448943,-0.465299
721.0,541.8,-0.427545,-0.444073
721.0,544.08,-0.408238,-0.425151
721.0,546.18,-0.391577,-0.408617
721.0,548.63,-0.377936,-0.39508
721.0,550.73,-0.368207,-0.385589
721.0,553.0,-0.361978,-0.379461
721.0,555.28,-0.358469,-0.375872
721.0,557.38,-0.357151,-0.374578
721.0,559.65,-0.358229,-0.375638
721.0,561.93,-0.360915,-0.378334
721.0,564.03,-0.364914,-0.382369
721.0,566.3,-0.369532,-0.386784
721.0,568.58,-0.374489,-0.391815
721.0,570.68,-0.378669,-0.395813
721.0,572.95,-0.380971,-0.398142
721.0,575.05,-0.382736,-0.400034
721.0,577.33,-0.383743,-0.401051
721.0,579.6,-0.383121,-0.400425
721.0,581.7,-0.381276,-0.398414
