x,y,z,z2
4.38,0.0,-0.008901,-0.031276
6.65,0.0,-0.00899,-0.031292
8.93,0.0,-0.008568,-0.030854
11.03,0.0,-0.008075,-0.030256
13.3,0.0,-0.007512,-0.029594
15.4,0.0,-0.007515,-0.029677
17.85,0.0,-0.007049,-0.029286
19.95,0.0,-0.006649,-0.028787
22.23,0.0,-0.006255,-0.02838
24.5,0.0,-0.006674,-0.028784
26.6,0.0,-0.007068,-0.029089
28.88,0.0,-0.007465,-0.029579
31.15,0.0,-0.008402,-0.030518
33.25,0.0,-0.009206,-0.031439
35.53,0.0,-0.009905,-0.032182
37.8,0.0,-0.010626,-0.032687
39.9,0.0,-0.011258,-0.0335
42.17,0.0,-0.011643,-0.03379
44.45,0.0,-0.012071,-0.034157
46.55,0.0,-0.012398,-0.034523
48.82,0.0,-0.012832,-0.034924
51.1,0.0,-0.013556,-0.035491
53.2,0.0,-0.014532,-0.03667
55.47,0.0,-0.016181,-0.038272
57.75,0.0,-0.018513,-0.040592
59.85,0.0,-0.021101,-0.043054
62.12,0.0,-0.024332,-0.046168
64.4,0.0,-0.027792,-0.049603
66.5,0.0,-0.031199,-0.053158
68.77,0.0,-0.034286,-0.056134
70.87,0.0,-0.037434,-0.059354
73.15,0.0,-0.039862,-0.061581
75.42,0.0,-0.041242,-0.063146
77.52,0.0,-0.041507,-0.063198
79.8,0.0,-0.039773,-0.06175
82.07,0.0,-0.03545,-0.057173
84.17,0.0,-0.026707,-0.048633
86.45,0.0,-0.012903,-0.035087
88.72,0.0,0.002467,-0.01976
90.82,0.0,0.015508,-0.006994
93.1,0.0,0.024833,0.002421
95.37,0.0,0.031728,0.009106
97.47,0.0,0.038342,0.015766
99.75,0.0,0.046231,0.023462
102.02,0.0,0.057186,0.034192
104.3,0.0,0.071469,0.048209
106.4,0.0,0.089602,0.066053
108.67,0.0,0.109787,0.086099
110.95,0.0,0.132692,0.108619
113.05,0.0,0.157085,0.132704
115.32,0.0,0.183363,0.158773
117.6,0.0,0.211022,0.185929
119.87,0.0,0.236336,0.211068
121.97,0.0,0.260005,0.234309
124.25,0.0,0.282232,0.256305
126.35,0.0,0.302513,0.276296
128.62,0.0,0.321413,0.29502
130.9,0.0,0.33807,0.311441
133.0,0.0,0.352146,0.325507
135.27,0.0,0.364272,0.337319
137.37,0.0,0.374007,0.346983
139.65,0.0,0.381148,0.353896
141.92,0.0,0.386049,0.358813
144.2,0.0,0.388206,0.360951
146.3,0.0,0.387106,0.359795
148.58,0.0,0.382389,0.355131
150.85,0.0,0.374115,0.347054
152.95,0.0,0.361323,0.334506
155.23,0.0,0.345945,0.319361
157.5,0.0,0.327115,0.300707
159.6,0.0,0.303113,0.277128
161.88,0.0,0.273298,0.247562
164.15,0.0,0.239672,0.21434
166.43,0.0,0.200403,0.175612
168.53,0.0,0.156382,0.132294
170.8,0.0,0.108573,0.085088
173.08,0.0,0.057085,0.034047
175.18,0.0,0.005286,-0.016815
177.45,0.0,-0.047216,-0.068716
179.73,0.0,-0.096603,-0.11737
181.83,0.0,-0.142296,-0.162585
184.1,0.0,-0.179406,-0.199147
186.38,0.0,-0.206886,-0.22635
188.48,0.0,-0.219886,-0.239147
190.75,0.0,-0.21618,-0.235583
193.03,0.0,-0.192816,-0.212554
195.13,0.0,-0.149951,-0.170361
197.4,0.0,-0.087173,-0.108519
199.68,0.0,-0.005198,-0.027518
201.78,0.0,0.09486,0.071151
204.05,0.0,0.205513,0.180461
206.33,0.0,0.326342,0.299734
208.43,0.0,0.452392,0.423985
210.7,0.0,0.583135,0.55339
212.98,0.0,0.707641,0.675876
215.08,0.0,0.823276,0.790223
217.35,0.0,0.926871,0.892663
219.63,0.0,1.017271,0.981862
221.9,0.0,1.093636,1.057136
224.18,0.0,1.151883,1.114828
226.28,0.0,1.193497,1.156079
228.38,0.0,1.218035,1.180346
230.65,0.0,1.227992,1.19033
232.93,0.0,1.224566,1.186901
235.03,0.0,1.209837,1.172416
237.3,0.0,1.184138,1.146723
239.58,0.0,1.147678,1.110888
241.68,0.0,1.104982,1.068688
243.95,0.0,1.055731,1.020075
246.05,0.0,1.003846,0.968917
248.5,0.0,0.946406,0.912145
250.6,0.0,0.890904,0.857336
252.88,0.0,0.834943,0.802238
255.15,0.0,0.780054,0.748008
257.25,0.0,0.723017,0.691717
259.53,0.0,0.665725,0.635174
261.8,0.0,0.606927,0.577093
264.08,0.0,0.544592,0.515531
266.35,0.0,0.481865,0.453418
268.45,0.0,0.422097,0.39466
270.73,0.0,0.363307,0.336496
273.0,0.0,0.30681,0.280658
275.1,0.0,0.253828,0.228298
277.38,0.0,0.208634,0.183717
279.65,0.0,0.170473,0.146241
281.75,0.0,0.141687,0.117639
284.03,0.0,0.120443,0.096558
286.13,0.0,0.105936,0.082535
288.4,0.0,0.096804,0.073456
290.68,0.0,0.093403,0.069799
292.95,0.0,0.093841,0.070538
295.05,0.0,0.097322,0.07405
297.33,0.0,0.103622,0.080095
299.43,0.0,0.110819,0.087171
301.7,0.0,0.119263,0.095387
303.8,0.0,0.12771,0.103816
306.08,0.0,0.13576,0.111789
308.35,0.0,0.143668,0.119537
310.45,0.0,0.150464,0.126407
312.73,0.0,0.156632,0.132411
315.0,0.0,0.161259,0.137112
317.1,0.0,0.165128,0.140711
319.38,0.0,0.166968,0.142781
321.65,0.0,0.16702,0.142793
323.75,0.0,0.165236,0.140849
326.03,0.0,0.160942,0.136746
328.3,0.0,0.154805,0.130624
330.4,0.0,0.146274,0.122042
332.68,0.0,0.135125,0.111222
334.95,0.0,0.122029,0.098317
337.05,0.0,0.107353,0.083887
339.33,0.0,0.090631,0.067227
341.6,0.0,0.071151,0.048043
343.7,0.0,0.050175,0.027347
345.98,0.0,0.026521,0.003915
348.08,0.0,-0.000272,-0.022555
350.35,0.0,-0.0307,-0.052367
352.63,0.0,-0.06099,-0.082431
354.9,0.0,-0.093032,-0.114009
357.0,0.0,-0.124532,-0.145059
359.28,0.0,-0.152579,-0.172684
361.38,0.0,-0.179298,-0.19924
363.65,0.0,-0.202376,-0.222077
365.93,0.0,-0.220161,-0.239655
368.03,0.0,-0.230712,-0.249843
370.3,0.0,-0.233873,-0.25314
372.58,0.0,-0.229252,-0.248515
374.68,0.0,-0.216716,-0.236079
376.95,0.0,-0.194258,-0.214156
379.4,0.0,-0.15968,-0.179936
381.5,0.0,-0.119477,-0.140241
383.78,0.0,-0.068716,-0.09009
386.05,0.0,-0.010007,-0.032333
388.15,0.0,0.058182,0.035015
390.43,0.0,0.129669,0.105655
392.7,0.0,0.20458,0.179632
394.8,0.0,0.282235,0.256373
397.25,0.0,0.369253,0.342026
399.53,0.0,0.442876,0.414832
401.8,0.0,0.517063,0.488181
403.9,0.0,0.585947,0.556326
406.18,0.0,0.647919,0.617377
408.45,0.0,0.703695,0.672149
410.73,0.0,0.748233,0.716397
412.83,0.0,0.783766,0.751468
415.1,0.0,0.808131,0.775667
417.38,0.0,0.822974,0.790014
419.48,0.0,0.828381,0.795374
421.75,0.0,0.82603,0.793251
423.85,0.0,0.816631,0.784012
426.13,0.0,0.800956,0.768424
428.4,0.0,0.779283,0.747071
430.5,0.0,0.753279,0.721415
432.78,0.0,0.724709,0.693329
434.88,0.0,0.694105,0.663122
437.15,0.0,0.660682,0.630066
439.43,0.0,0.627386,0.597309
441.7,0.0,0.592343,0.562703
444.15,0.0,0.55437,0.524835
446.43,0.0,0.522019,0.493252
448.53,0.0,0.491782,0.463233
450.8,0.0,0.462395,0.434333
453.08,0.0,0.436086,0.408341
455.35,0.0,0.412805,0.385331
457.45,0.0,0.391394,0.363933
459.73,0.0,0.372688,0.345821
462.0,0.0,0.355264,0.328609
464.28,0.0,0.341758,0.315298
466.38,0.0,0.329102,0.302784
468.65,0.0,0.317334,0.291102
471.1,0.0,0.306117,0.279743
473.38,0.0,0.297885,0.27177
475.65,0.0,0.289694,0.263785
477.75,0.0,0.283018,0.257263
480.38,0.0,0.275637,0.249614
482.65,0.0,0.270575,0.24495
484.93,0.0,0.265988,0.240489
487.03,0.0,0.262171,0.236533
489.48,0.0,0.259121,0.23356
491.75,0.0,0.256607,0.231059
493.85,0.0,0.253899,0.228406
496.13,0.0,0.251071,0.225489
498.4,0.0,0.247956,0.222467
500.68,0.0,0.244666,0.21934
502.78,0.0,0.24031,0.215076
505.23,0.0,0.234706,0.209395
507.33,0.0,0.227316,0.202103
509.6,0.0,0.219454,0.194435
511.88,0.0,0.210976,0.186164
513.98,0.0,0.202482,0.177578
516.25,0.0,0.193181,0.168594
518.53,0.0,0.181505,0.156875
520.8,0.0,0.1669,0.142667
522.9,0.0,0.15011,0.12601
525.18,0.0,0.130033,0.106176
527.28,0.0,0.106102,0.082744
529.55,0.0,0.078659,0.055612
531.83,0.0,0.050717,0.027837
533.93,0.0,0.022131,-0.000219
536.2,0.0,-0.008735,-0.030685
538.48,0.0,-0.041593,-0.063396
540.58,0.0,-0.076375,-0.09765
542.85,0.0,-0.11399,-0.134545
545.13,0.0,-0.152373,-0.172631
547.4,0.0,-0.188417,-0.208232
549.5,0.0,-0.222197,-0.24151
551.78,0.0,-0.249387,-0.268269
553.88,0.0,-0.269791,-0.288377
556.15,0.0,-0.280743,-0.299193
558.43,0.0,-0.281833,-0.300419
560.7,0.0,-0.271827,-0.290453
562.8,0.0,-0.249976,-0.269104
565.08,0.0,-0.217095,-0.236476
567.18,0.0,-0.171091,-0.191143
569.45,0.0,-0.11431,-0.135151
571.73,0.0,-0.04598,-0.067807
574.0,0.0,0.030948,0.008175
576.1,0.0,0.114984,0.091111
578.38,0.0,0.204537,0.179558
580.65,0.0,0.296604,0.27023
582.75,0.0,0.387109,0.359768
585.03,0.0,0.474185,0.445747
587.3,0.0,0.557888,0.528307
589.58,0.0,0.633387,0.602823
591.68,0.0,0.700263,0.668963
593.95,0.0,0.754391,0.722336
596.23,0.0,0.799878,0.767281
598.33,0.0,0.833079,0.800183
600.6,0.0,0.856018,0.822875
602.7,0.0,0.868214,0.834782
604.97,0.0,0.870328,0.83705
607.07,0.0,0.863649,0.830432
609.35,0.0,0.848726,0.815525
611.62,0.0,0.82746,0.794625
613.9,0.0,0.801307,0.768827
616.0,0.0,0.769555,0.737725
618.27,0.0,0.733535,0.702149
620.55,0.0,0.695177,0.664225
622.65,0.0,0.655485,0.624887
624.92,0.0,0.617343,0.587253
627.2,0.0,0.580054,0.550612
629.3,0.0,0.545374,0.516089
631.57,0.0,0.513982,0.485334
633.67,0.0,0.484783,0.456406
635.95,0.0,0.458415,0.430304
638.22,0.0,0.435781,0.408067
640.5,0.0,0.415079,0.38767
642.6,0.0,0.396508,0.369386
644.87,0.0,0.379041,0.35185
647.15,0.0,0.362744,0.335732
649.42,0.0,0.348135,0.32145
651.52,0.0,0.335267,0.308699
653.8,0.0,0.323612,0.297195
656.07,0.0,0.312571,0.286361
658.17,0.0,0.303539,0.277439
660.45,0.0,0.296163,0.270211
662.72,0.0,0.290097,0.264152
664.82,0.0,0.286182,0.260088
667.27,0.0,0.283323,0.257617
669.37,0.0,0.282174,0.256367
671.65,0.0,0.281736,0.256034
673.92,0.0,0.282081,0.256244
676.02,0.0,0.282624,0.25678
678.3,0.0,0.282029,0.256228
680.57,0.0,0.280547,0.25486
682.67,0.0,0.278807,0.253089
684.95,0.0,0.276345,0.250612
687.22,0.0,0.2743,0.248532
689.5,0.0,0.271906,0.246056
691.6,0.0,0.269586,0.243751
693.87,0.0,0.267121,0.241746
696.15,0.0,0.265002,0.239192
698.42,0.0,0.263191,0.237691
700.52,0.0,0.262433,0.236746
702.8,0.0,0.262695,0.237066
705.07,0.0,0.264247,0.238588
707.17,0.0,0.266354,0.240667
709.45,0.0,0.268268,0.242722
11.38,35.0,0.040344,0.017482
13.65,35.0,0.047892,0.025045
15.75,35.0,0.054241,0.031373
18.03,35.0,0.058406,0.035295
20.3,35.0,0.060732,0.037695
22.4,35.0,0.060662,0.037458
24.68,35.0,0.058933,0.03596
26.95,35.0,0.056404,0.033594
29.05,35.0,0.054488,0.031681
31.33,35.0,0.055353,0.03247
33.6,35.0,0.060252,0.037199
35.88,35.0,0.069195,0.046016
37.98,35.0,0.080501,0.057279
40.25,35.0,0.091299,0.067883
42.53,35.0,0.099112,0.075609
44.63,35.0,0.103252,0.07962
46.9,35.0,0.103074,0.079737
49.0,35.0,0.099232,0.075862
51.28,35.0,0.092337,0.068841
53.55,35.0,0.083514,0.060033
55.83,35.0,0.074247,0.051019
57.93,35.0,0.065363,0.042334
60.2,35.0,0.057624,0.03478
62.48,35.0,0.051718,0.02897
64.58,35.0,0.047639,0.024642
66.85,35.0,0.045646,0.0228
68.95,35.0,0.045689,0.022892
71.23,35.0,0.048323,0.025474
73.5,35.0,0.053976,0.030896
75.6,35.0,0.062488,0.039574
77.88,35.0,0.074007,0.050782
80.15,35.0,0.086124,0.062815
82.25,35.0,0.095243,0.071909
84.53,35.0,0.099115,0.075729
86.8,35.0,0.097507,0.07409
89.08,35.0,0.090852,0.067402
91.35,35.0,0.081395,0.058259
93.63,35.0,0.070994,0.04784
95.73,35.0,0.062217,0.039328
98.0,35.0,0.055412,0.032538
100.28,35.0,0.051795,0.028912
102.55,35.0,0.051675,0.029035
104.65,35.0,0.055286,0.032578
106.93,35.0,0.062094,0.039063
109.2,35.0,0.071632,0.048493
111.48,35.0,0.083527,0.060316
113.75,35.0,0.097045,0.073573
116.03,35.0,0.111885,0.088286
118.13,35.0,0.127371,0.103443
120.4,35.0,0.143536,0.119405
122.68,35.0,0.160193,0.135889
124.78,35.0,0.176743,0.152285
127.05,35.0,0.193181,0.16852
129.33,35.0,0.208563,0.183653
131.43,35.0,0.222445,0.197217
133.7,35.0,0.234112,0.208844
135.98,35.0,0.244025,0.218687
138.08,35.0,0.251265,0.22584
140.35,35.0,0.25685,0.231416
142.63,35.0,0.260467,0.234811
144.9,35.0,0.261481,0.235895
147.0,35.0,0.259913,0.234423
149.28,35.0,0.254518,0.229038
151.38,35.0,0.245612,0.220168
154.0,35.0,0.23007,0.204802
156.28,35.0,0.213077,0.18824
158.55,35.0,0.193141,0.168388
160.65,35.0,0.169956,0.145618
163.28,35.0,0.142112,0.11784
165.38,35.0,0.115202,0.091684
167.65,35.0,0.085156,0.061885
169.93,35.0,0.054013,0.031151
172.2,35.0,0.023634,0.001244
174.3,35.0,-0.005805,-0.027866
176.58,35.0,-0.033078,-0.054699
178.85,35.0,-0.055558,-0.077046
181.13,35.0,-0.072246,-0.093448
183.23,35.0,-0.082333,-0.103457
185.5,35.0,-0.083802,-0.104902
187.78,35.0,-0.074227,-0.095423
189.88,35.0,-0.053146,-0.074844
192.15,35.0,-0.019295,-0.041356
194.43,35.0,0.029192,0.006558
196.7,35.0,0.090307,0.066811
198.8,35.0,0.161536,0.137085
201.08,35.0,0.247168,0.221696
203.35,35.0,0.340578,0.313874
205.45,35.0,0.438578,0.410596
207.73,35.0,0.54213,0.5127
210.0,35.0,0.655787,0.624817
212.28,35.0,0.75555,0.723572
214.55,35.0,0.85079,0.817595
216.83,35.0,0.940032,0.905423
219.1,35.0,1.013482,0.978208
221.38,35.0,1.075309,1.039237
223.48,35.0,1.121652,1.085173
225.75,35.0,1.153121,1.116353
228.03,35.0,1.171279,1.133864
230.3,35.0,1.174012,1.136781
232.4,35.0,1.164323,1.127404
234.68,35.0,1.143051,1.106329
236.95,35.0,1.112712,1.076553
239.05,35.0,1.073879,1.038097
241.33,35.0,1.025586,0.99062
243.6,35.0,0.972108,0.937653
245.7,35.0,0.913211,0.879388
247.98,35.0,0.851794,0.818883
250.25,35.0,0.787789,0.755596
252.35,35.0,0.719416,0.688147
254.63,35.0,0.649065,0.618735
256.9,35.0,0.579823,0.550664
259.18,35.0,0.513289,0.484752
261.28,35.0,0.44962,0.421764
263.55,35.0,0.388766,0.361764
265.83,35.0,0.3321,0.30576
267.93,35.0,0.279161,0.25352
270.2,35.0,0.232245,0.207232
272.3,35.0,0.190039,0.165507
274.58,35.0,0.154324,0.130209
276.85,35.0,0.12678,0.103043
278.95,35.0,0.105529,0.082202
281.23,35.0,0.090313,0.067119
283.33,35.0,0.081419,0.05812
285.6,35.0,0.077008,0.053684
287.88,35.0,0.076327,0.053209
289.98,35.0,0.078049,0.054824
292.25,35.0,0.081225,0.057837
294.53,35.0,0.084848,0.061549
296.63,35.0,0.090036,0.066715
298.9,35.0,0.095905,0.072501
301.18,35.0,0.103336,0.079663
303.45,35.0,0.110809,0.087288
305.73,35.0,0.117707,0.09401
307.83,35.0,0.122889,0.099115
310.1,35.0,0.126918,0.103031
312.2,35.0,0.129324,0.105674
314.48,35.0,0.130517,0.106663
316.75,35.0,0.13007,0.106108
318.85,35.0,0.128231,0.104352
321.13,35.0,0.124805,0.100976
323.4,35.0,0.120039,0.096367
325.5,35.0,0.112994,0.089534
327.78,35.0,0.104515,0.081084
330.05,35.0,0.094032,0.070652
332.15,35.0,0.081487,0.058326
334.43,35.0,0.066955,0.04385
336.7,35.0,0.049873,0.027224
338.8,35.0,0.030945,0.008354
341.08,35.0,0.0095,-0.012752
343.18,35.0,-0.013867,-0.035974
345.45,35.0,-0.038802,-0.060571
347.73,35.0,-0.065802,-0.08704
349.83,35.0,-0.094933,-0.115737
352.1,35.0,-0.125965,-0.146362
354.38,35.0,-0.156695,-0.176883
356.65,35.0,-0.187456,-0.20712
358.75,35.0,-0.216932,-0.236294
361.03,35.0,-0.24191,-0.260838
363.3,35.0,-0.263337,-0.282129
365.58,35.0,-0.279101,-0.297585
367.68,35.0,-0.288525,-0.307074
369.95,35.0,-0.29062,-0.308836
372.23,35.0,-0.285734,-0.304366
374.5,35.0,-0.272684,-0.291531
376.78,35.0,-0.251171,-0.27009
378.88,35.0,-0.221464,-0.240841
381.15,35.0,-0.179859,-0.199751
383.43,35.0,-0.13066,-0.151285
385.53,35.0,-0.071008,-0.092508
387.8,35.0,-0.005019,-0.027348
389.9,35.0,0.065911,0.042701
392.18,35.0,0.139586,0.11552
394.45,35.0,0.218027,0.192729
396.2,35.0,0.295689,0.269651
398.83,35.0,0.370464,0.343412
401.1,35.0,0.443082,0.41519
403.38,35.0,0.512287,0.48332
405.48,35.0,0.573643,0.54409
407.75,35.0,0.628797,0.59835
409.85,35.0,0.675581,0.64481
412.13,35.0,0.714019,0.682484
414.4,35.0,0.742235,0.710516
416.68,35.0,0.761532,0.729659
418.78,35.0,0.771828,0.739893
421.05,35.0,0.773461,0.741529
423.15,35.0,0.766505,0.734715
425.43,35.0,0.752685,0.720768
427.7,35.0,0.733051,0.701576
429.8,35.0,0.708997,0.677719
432.08,35.0,0.680645,0.649869
434.18,35.0,0.649336,0.619068
436.45,35.0,0.618544,0.588514
438.73,35.0,0.586077,0.55673
440.83,35.0,0.553495,0.524185
442.93,35.0,0.521197,0.492411
445.38,35.0,0.491157,0.462623
447.65,35.0,0.46185,0.433662
449.75,35.0,0.436182,0.408428
452.03,35.0,0.412725,0.385322
454.3,35.0,0.39084,0.36364
456.4,35.0,0.370874,0.344108
458.68,35.0,0.352873,0.326314
460.95,35.0,0.336844,0.310464
463.05,35.0,0.32254,0.296314
465.33,35.0,0.309765,0.283736
467.6,35.0,0.298351,0.272316
469.7,35.0,0.287929,0.261977
471.98,35.0,0.278896,0.253237
474.25,35.0,0.271401,0.245671
476.53,35.0,0.264364,0.238767
478.63,35.0,0.258914,0.233335
480.9,35.0,0.253305,0.22795
483.18,35.0,0.248665,0.223372
485.28,35.0,0.244327,0.219232
487.55,35.0,0.240452,0.215369
489.65,35.0,0.237282,0.21198
491.93,35.0,0.234614,0.209266
494.2,35.0,0.231049,0.205818
496.3,35.0,0.226807,0.201573
498.58,35.0,0.221863,0.196693
500.85,35.0,0.215181,0.190236
502.95,35.0,0.207667,0.182759
505.23,35.0,0.199272,0.174377
507.5,35.0,0.190686,0.166083
509.6,35.0,0.18186,0.157377
511.88,35.0,0.171986,0.147553
514.15,35.0,0.161308,0.137066
516.25,35.0,0.150246,0.126019
518.53,35.0,0.137168,0.113258
520.8,35.0,0.122365,0.098708
523.08,35.0,0.105313,0.081808
525.18,35.0,0.084534,0.061432
527.45,35.0,0.062642,0.03963
529.73,35.0,0.038314,0.015689
532.0,35.0,0.011783,-0.010444
534.28,35.0,-0.016288,-0.038245
536.55,35.0,-0.048029,-0.069421
538.65,35.0,-0.082099,-0.103189
540.93,35.0,-0.120453,-0.141014
543.2,35.0,-0.158747,-0.178781
545.3,35.0,-0.196242,-0.216002
547.58,35.0,-0.230734,-0.249825
549.68,35.0,-0.260441,-0.279335
551.95,35.0,-0.28602,-0.304273
554.23,35.0,-0.305697,-0.323904
556.33,35.0,-0.317671,-0.335678
558.6,35.0,-0.320234,-0.338139
560.88,35.0,-0.311923,-0.329936
562.98,35.0,-0.29131,-0.309668
565.25,35.0,-0.259356,-0.278244
567.35,35.0,-0.216381,-0.235697
569.63,35.0,-0.161353,-0.18151
571.9,35.0,-0.097055,-0.117961
573.83,35.0,-0.025087,-0.047197
576.28,35.0,0.053597,0.030427
578.55,35.0,0.135899,0.111734
580.65,35.0,0.221499,0.196416
582.93,35.0,0.308246,0.281915
585.2,35.0,0.391527,0.364253
587.3,35.0,0.470239,0.441878
589.58,35.0,0.542904,0.513597
591.68,35.0,0.608387,0.578212
593.95,35.0,0.664475,0.633661
596.23,35.0,0.71136,0.680072
598.33,35.0,0.746853,0.715035
600.6,35.0,0.773683,0.741585
602.7,35.0,0.790038,0.757512
604.98,35.0,0.796126,0.763945
607.25,35.0,0.793137,0.760882
609.53,35.0,0.782041,0.749872
611.63,35.0,0.763757,0.731917
613.9,35.0,0.7403,0.70884
616.18,35.0,0.713744,0.682537
618.28,35.0,0.683168,0.652272
620.55,35.0,0.649419,0.619071
622.65,35.0,0.616406,0.586274
624.93,35.0,0.582411,0.552978
627.2,35.0,0.548554,0.519509
629.3,35.0,0.517891,0.489074
631.4,35.0,0.487278,0.459074
633.85,35.0,0.458994,0.43079
636.13,35.0,0.43445,0.406647
638.23,35.0,0.412402,0.385131
640.5,35.0,0.392756,0.365541
642.78,35.0,0.376385,0.349383
645.05,35.0,0.363049,0.336277
647.15,35.0,0.352072,0.325495
649.43,35.0,0.343609,0.317115
651.53,35.0,0.336672,0.310002
653.8,35.0,0.330467,0.304281
656.08,35.0,0.324897,0.298526
658.18,35.0,0.319438,0.2932
660.45,35.0,0.313985,0.287673
662.73,35.0,0.309204,0.282959
664.83,35.0,0.304127,0.278018
667.1,35.0,0.299672,0.273631
669.38,35.0,0.295464,0.269324
671.65,35.0,0.292269,0.266308
673.75,35.0,0.290005,0.264139
676.03,35.0,0.288988,0.263006
678.3,35.0,0.288828,0.26295
680.4,35.0,0.289383,0.263542
682.68,35.0,0.290147,0.264253
684.78,35.0,0.290723,0.264851
687.05,35.0,0.291034,0.265094
689.33,35.0,0.290855,0.264983
691.43,35.0,0.290378,0.264669
693.7,35.0,0.289219,0.263495
695.8,35.0,0.287756,0.261884
698.08,35.0,0.285766,0.259851
700.35,35.0,0.282494,0.256653
702.45,35.0,0.278107,0.252433
704.73,35.0,0.273794,0.248224
707.0,35.0,0.268748,0.243073
709.1,35.0,0.264044,0.238301
711.38,35.0,0.26011,0.234679
11.73,70.0,0.281379,0.255036
13.83,70.0,0.292482,0.266558
16.28,70.0,0.303757,0.277411
18.55,70.0,0.312029,0.285658
20.65,70.0,0.316964,0.290757
22.93,70.0,0.319192,0.292864
25.2,70.0,0.317636,0.291237
27.48,70.0,0.313985,0.287664
29.58,70.0,0.308187,0.282078
31.85,70.0,0.300288,0.274226
34.13,70.0,0.290261,0.26426
36.4,70.0,0.279706,0.253878
38.68,70.0,0.267624,0.241955
40.78,70.0,0.255615,0.230347
43.05,70.0,0.243459,0.218037
45.15,70.0,0.230806,0.205781
47.43,70.0,0.217544,0.192707
49.53,70.0,0.204087,0.179401
51.8,70.0,0.190307,0.165825
54.08,70.0,0.176071,0.151666
56.35,70.0,0.161653,0.137307
58.45,70.0,0.147692,0.123714
60.73,70.0,0.134294,0.1106
63.0,70.0,0.120708,0.09698
65.28,70.0,0.107581,0.084195
67.38,70.0,0.094934,0.07145
69.65,70.0,0.082381,0.059118
71.75,70.0,0.071345,0.04816
74.2,70.0,0.062501,0.039503
76.3,70.0,0.055132,0.032304
78.58,70.0,0.048844,0.025942
80.85,70.0,0.043841,0.021096
83.13,70.0,0.039506,0.016906
85.23,70.0,0.035739,0.013151
87.5,70.0,0.03186,0.009229
89.78,70.0,0.028385,0.005976
91.88,70.0,0.025335,0.002723
94.15,70.0,0.022559,0.000181
96.25,70.0,0.020286,-0.002062
98.53,70.0,0.018748,-0.003624
100.8,70.0,0.018268,-0.004237
102.9,70.0,0.017747,-0.004514
105.18,70.0,0.017917,-0.004523
107.45,70.0,0.018631,-0.003818
109.73,70.0,0.019851,-0.002693
112.0,70.0,0.022171,-0.000161
114.28,70.0,0.025859,0.003508
116.38,70.0,0.030575,0.008077
118.65,70.0,0.036697,0.014217
120.93,70.0,0.043148,0.020347
123.2,70.0,0.050412,0.027649
125.48,70.0,0.058622,0.035683
127.75,70.0,0.067729,0.044725
129.85,70.0,0.076681,0.053545
132.13,70.0,0.085966,0.062778
134.23,70.0,0.095323,0.071949
136.5,70.0,0.104238,0.080849
138.78,70.0,0.111897,0.088342
140.88,70.0,0.117596,0.093899
143.15,70.0,0.120563,0.097143
145.43,70.0,0.121053,0.097356
147.53,70.0,0.119494,0.095702
149.8,70.0,0.115631,0.091986
152.08,70.0,0.108832,0.085341
154.18,70.0,0.099177,0.075782
156.45,70.0,0.086228,0.063101
158.73,70.0,0.070471,0.04735
161.0,70.0,0.0517,0.028785
163.1,70.0,0.030246,0.007738
165.03,70.0,0.005391,-0.016812
167.65,70.0,-0.021464,-0.043245
169.75,70.0,-0.048245,-0.069779
172.03,70.0,-0.07501,-0.096168
174.3,70.0,-0.099295,-0.120152
176.4,70.0,-0.119058,-0.139668
178.68,70.0,-0.132348,-0.152662
180.95,70.0,-0.138408,-0.158799
183.05,70.0,-0.137003,-0.157357
185.33,70.0,-0.12679,-0.147249
187.6,70.0,-0.106424,-0.127407
189.7,70.0,-0.074942,-0.096103
191.98,70.0,-0.034763,-0.056489
194.08,70.0,0.019362,-0.003131
196.35,70.0,0.084263,0.06097
198.63,70.0,0.158289,0.133807
200.9,70.0,0.242199,0.21681
203.18,70.0,0.33413,0.307485
205.45,70.0,0.429429,0.401573
207.55,70.0,0.524404,0.495291
209.83,70.0,0.617226,0.587026
211.93,70.0,0.7073,0.675833
214.2,70.0,0.790026,0.757657
216.48,70.0,0.865922,0.83266
218.58,70.0,0.932678,0.898399
220.85,70.0,0.987256,0.95241
223.13,70.0,1.028405,0.992986
225.4,70.0,1.056181,1.020626
227.5,70.0,1.069542,1.033679
229.78,70.0,1.068713,1.032878
232.05,70.0,1.052998,1.017382
234.15,70.0,1.024767,0.989653
236.43,70.0,0.983969,0.949409
238.7,70.0,0.931856,0.89778
240.8,70.0,0.87038,0.837019
243.25,70.0,0.805066,0.77286
245.35,70.0,0.737321,0.706003
247.63,70.0,0.668704,0.638067
249.9,70.0,0.596825,0.567084
252.18,70.0,0.52815,0.499435
254.28,70.0,0.460257,0.432399
256.55,70.0,0.396832,0.369718
258.83,70.0,0.338554,0.312226
260.93,70.0,0.285954,0.260338
263.2,70.0,0.241102,0.216086
265.48,70.0,0.204232,0.179506
267.58,70.0,0.173724,0.149438
269.85,70.0,0.151416,0.127402
272.13,70.0,0.134845,0.111053
274.23,70.0,0.122849,0.099146
276.5,70.0,0.11486,0.091392
278.6,70.0,0.110073,0.086564
280.88,70.0,0.108178,0.084565
283.15,70.0,0.107966,0.084386
285.25,70.0,0.108607,0.085135
287.53,70.0,0.111284,0.087763
289.63,70.0,0.114904,0.091401
291.9,70.0,0.119414,0.095868
294.18,70.0,0.123736,0.10007
296.1,70.0,0.127981,0.104371
298.55,70.0,0.131718,0.107716
300.83,70.0,0.134217,0.1104
303.1,70.0,0.136564,0.112735
305.2,70.0,0.138385,0.114337
307.48,70.0,0.139599,0.115689
309.58,70.0,0.140246,0.116185
311.85,70.0,0.139722,0.115732
314.13,70.0,0.138218,0.114072
316.23,70.0,0.13568,0.111854
318.5,70.0,0.132633,0.108785
320.6,70.0,0.127855,0.104032
322.88,70.0,0.121502,0.097901
324.8,70.0,0.114029,0.090437
327.25,70.0,0.105125,0.081567
329.53,70.0,0.094457,0.07113
331.8,70.0,0.082063,0.058829
333.9,70.0,0.068105,0.04507
336.18,70.0,0.052461,0.029774
338.45,70.0,0.03535,0.012544
340.55,70.0,0.01641,-0.005848
342.83,70.0,-0.004529,-0.026655
345.1,70.0,-0.02663,-0.048337
347.38,70.0,-0.049807,-0.071325
349.48,70.0,-0.074446,-0.095466
351.75,70.0,-0.101273,-0.122105
353.85,70.0,-0.130466,-0.150829
356.13,70.0,-0.16054,-0.180537
358.4,70.0,-0.192496,-0.212172
360.5,70.0,-0.22493,-0.244252
362.78,70.0,-0.255539,-0.274224
365.05,70.0,-0.284125,-0.302539
367.15,70.0,-0.30826,-0.326433
369.43,70.0,-0.326316,-0.34419
371.7,70.0,-0.336396,-0.354233
373.8,70.0,-0.338315,-0.356125
376.08,70.0,-0.330549,-0.348605
378.35,70.0,-0.313287,-0.33143
380.45,70.0,-0.28387,-0.30224
382.73,70.0,-0.244316,-0.263571
385.0,70.0,-0.195244,-0.214914
387.1,70.0,-0.137271,-0.157807
389.38,70.0,-0.069625,-0.091054
391.48,70.0,0.003521,-0.018956
393.75,70.0,0.082972,0.059666
396.03,70.0,0.164676,0.140326
398.13,70.0,0.24811,0.222627
400.4,70.0,0.328998,0.302531
402.68,70.0,0.406206,0.378649
404.78,70.0,0.47702,0.448692
407.05,70.0,0.540769,0.511456
409.15,70.0,0.596853,0.566924
411.43,70.0,0.642272,0.611893
413.53,70.0,0.680029,0.649099
415.8,70.0,0.708288,0.676998
417.9,70.0,0.726187,0.694786
420.35,70.0,0.735346,0.704025
422.45,70.0,0.735944,0.704293
424.73,70.0,0.728116,0.696594
427.0,70.0,0.712752,0.681375
429.28,70.0,0.691668,0.660713
431.38,70.0,0.665636,0.635017
433.65,70.0,0.637235,0.606985
435.75,70.0,0.607411,0.577355
438.03,70.0,0.577435,0.548233
440.3,70.0,0.547106,0.517882
442.4,70.0,0.518283,0.489435
444.68,70.0,0.489888,0.461373
446.95,70.0,0.462016,0.433828
449.05,70.0,0.435969,0.408338
451.33,70.0,0.412747,0.385396
453.6,70.0,0.390513,0.363246
455.88,70.0,0.370162,0.343147
457.98,70.0,0.352827,0.326314
460.25,70.0,0.338193,0.311727
462.35,70.0,0.325319,0.298988
464.63,70.0,0.313924,0.287781
466.9,70.0,0.304484,0.278492
469.0,70.0,0.296317,0.270245
471.28,70.0,0.28852,0.262805
473.55,70.0,0.281974,0.256194
475.65,70.0,0.275251,0.249444
477.93,70.0,0.26864,0.243058
480.2,70.0,0.261875,0.236271
482.3,70.0,0.255224,0.229947
484.58,70.0,0.248714,0.223529
486.85,70.0,0.241909,0.216724
488.95,70.0,0.2356,0.210329
491.23,70.0,0.228619,0.203514
493.33,70.0,0.222399,0.197362
495.6,70.0,0.216348,0.191435
497.88,70.0,0.211111,0.186422
499.98,70.0,0.206351,0.181502
502.25,70.0,0.20064,0.175908
504.53,70.0,0.194626,0.170131
506.8,70.0,0.187202,0.16275
508.9,70.0,0.178696,0.154266
511.18,70.0,0.16914,0.14479
513.45,70.0,0.159306,0.135209
515.55,70.0,0.149549,0.12539
517.83,70.0,0.139857,0.115772
520.1,70.0,0.12909,0.105233
522.2,70.0,0.11633,0.092892
524.48,70.0,0.099549,0.076154
526.75,70.0,0.077778,0.054602
528.85,70.0,0.051786,0.029023
531.13,70.0,0.020732,-0.001572
533.23,70.0,-0.014526,-0.036556
535.5,70.0,-0.05228,-0.073664
537.78,70.0,-0.093017,-0.113913
540.05,70.0,-0.13615,-0.156424
542.15,70.0,-0.17854,-0.198328
544.43,70.0,-0.221411,-0.240546
546.53,70.0,-0.261202,-0.279914
548.8,70.0,-0.299076,-0.317339
550.9,70.0,-0.332452,-0.350123
553.18,70.0,-0.360016,-0.377406
555.45,70.0,-0.381972,-0.399033
557.55,70.0,-0.39602,-0.412961
559.83,70.0,-0.400776,-0.417714
561.93,70.0,-0.394396,-0.411399
564.2,70.0,-0.376276,-0.393583
566.48,70.0,-0.345971,-0.363555
568.58,70.0,-0.303974,-0.322203
570.85,70.0,-0.250453,-0.269464
573.13,70.0,-0.187043,-0.206898
575.23,70.0,-0.115919,-0.136615
577.33,70.0,-0.037102,-0.058981
579.78,70.0,0.04767,0.024876
582.05,70.0,0.135082,0.110923
584.15,70.0,0.219728,0.194389
586.43,70.0,0.302876,0.276684
588.53,70.0,0.380753,0.353372
590.8,70.0,0.452787,0.424638
592.9,70.0,0.517312,0.488483
595.18,70.0,0.57335,0.543828
597.45,70.0,0.619659,0.589428
599.73,70.0,0.655855,0.625097
602.0,70.0,0.683939,0.653082
604.1,70.0,0.701422,0.670239
606.38,70.0,0.71042,0.679173
608.65,70.0,0.711412,0.680192
610.75,70.0,0.705762,0.674659
612.85,70.0,0.693972,0.662959
615.13,70.0,0.675365,0.644385
617.4,70.0,0.653061,0.622743
619.68,70.0,0.627374,0.597112
621.95,70.0,0.600328,0.570661
624.23,70.0,0.571191,0.541785
626.33,70.0,0.542836,0.513791
628.6,70.0,0.515716,0.487112
630.88,70.0,0.489866,0.461289
633.15,70.0,0.46413,0.436071
635.43,70.0,0.44267,0.414872
637.7,70.0,0.424561,0.397134
639.8,70.0,0.408745,0.381524
642.08,70.0,0.39527,0.367975
644.35,70.0,0.384096,0.35698
646.45,70.0,0.374481,0.347627
648.73,70.0,0.36571,0.338924
651.0,70.0,0.357642,0.330905
653.1,70.0,0.349749,0.323224
655.38,70.0,0.341801,0.315427
657.65,70.0,0.334746,0.308332
659.75,70.0,0.327633,0.301438
662.03,70.0,0.321404,0.294937
664.13,70.0,0.315008,0.288964
666.4,70.0,0.309534,0.28344
668.5,70.0,0.304139,0.278073
670.78,70.0,0.299247,0.273194
673.05,70.0,0.294404,0.268702
675.33,70.0,0.290267,0.264367
677.43,70.0,0.287118,0.261422
679.88,70.0,0.28413,0.258206
682.15,70.0,0.282654,0.256813
684.43,70.0,0.282975,0.257029
686.53,70.0,0.284059,0.258286
688.8,70.0,0.285064,0.259198
691.08,70.0,0.285781,0.259953
693.18,70.0,0.285997,0.260091
695.45,70.0,0.285609,0.259882
697.55,70.0,0.28466,0.258871
699.83,70.0,0.28304,0.257306
702.1,70.0,0.28141,0.255643
704.2,70.0,0.280261,0.254503
706.48,70.0,0.279438,0.253705
708.93,70.0,0.279762,0.253902
711.2,70.0,0.280553,0.254848
10.85,105.0,0.253961,0.228073
13.13,105.0,0.247158,0.221672
15.4,105.0,0.245923,0.220489
17.68,105.0,0.250267,0.224866
19.78,105.0,0.257719,0.232229
22.05,105.0,0.263988,0.238234
24.33,105.0,0.267189,0.241743
26.43,105.0,0.265738,0.24031
28.7,105.0,0.259515,0.234053
30.98,105.0,0.248511,0.223107
33.08,105.0,0.234361,0.209167
35.35,105.0,0.216444,0.191678
37.63,105.0,0.198616,0.173979
39.73,105.0,0.179558,0.155138
42.0,105.0,0.161111,0.136829
44.28,105.0,0.144081,0.12011
46.55,105.0,0.128262,0.104602
48.65,105.0,0.114143,0.090557
50.93,105.0,0.101167,0.077861
53.2,105.0,0.089371,0.066262
55.3,105.0,0.079084,0.056081
57.58,105.0,0.069857,0.046808
59.85,105.0,0.062439,0.03946
61.95,105.0,0.056278,0.033443
64.23,105.0,0.051256,0.028376
66.5,105.0,0.047094,0.02434
68.6,105.0,0.044124,0.021503
70.88,105.0,0.042023,0.019281
73.15,105.0,0.039765,0.017113
75.25,105.0,0.037867,0.015258
77.53,105.0,0.036429,0.01381
79.8,105.0,0.035381,0.012843
81.9,105.0,0.034861,0.01214
84.18,105.0,0.033983,0.011447
86.28,105.0,0.033564,0.011213
88.55,105.0,0.033788,0.011065
90.83,105.0,0.033745,0.011084
92.93,105.0,0.034026,0.011358
95.2,105.0,0.034075,0.011389
97.48,105.0,0.033662,0.011108
99.58,105.0,0.033024,0.010384
101.85,105.0,0.031965,0.009408
104.13,105.0,0.031299,0.008594
106.23,105.0,0.029756,0.007313
108.5,105.0,0.0282,0.005692
110.78,105.0,0.026755,0.004251
112.88,105.0,0.024913,0.002562
115.15,105.0,0.023003,0.000649
117.25,105.0,0.02101,-0.001461
119.53,105.0,0.018748,-0.003639
121.8,105.0,0.016232,-0.006128
123.9,105.0,0.012756,-0.009548
126.18,105.0,0.008896,-0.013349
128.45,105.0,0.005033,-0.017243
130.55,105.0,0.000317,-0.021923
132.83,105.0,-0.00476,-0.026994
135.1,105.0,-0.010426,-0.032339
137.38,105.0,-0.017056,-0.039043
139.48,105.0,-0.024178,-0.046057
141.75,105.0,-0.032524,-0.054335
144.03,105.0,-0.041618,-0.063235
146.13,105.0,-0.051861,-0.073337
148.4,105.0,-0.063414,-0.084748
150.68,105.0,-0.075712,-0.096868
152.78,105.0,-0.087705,-0.108596
155.05,105.0,-0.097973,-0.118778
157.33,105.0,-0.107644,-0.128488
159.43,105.0,-0.12058,-0.141208
161.7,105.0,-0.139945,-0.160133
163.98,105.0,-0.168968,-0.188898
166.08,105.0,-0.205333,-0.224637
168.35,105.0,-0.244366,-0.263463
170.45,105.0,-0.283873,-0.302104
172.73,105.0,-0.321587,-0.339517
175.0,105.0,-0.352412,-0.369929
177.1,105.0,-0.37638,-0.393605
179.38,105.0,-0.392166,-0.409218
181.65,105.0,-0.39777,-0.414821
183.75,105.0,-0.392683,-0.409754
186.03,105.0,-0.376775,-0.393987
188.3,105.0,-0.349572,-0.367092
190.4,105.0,-0.311371,-0.329455
192.68,105.0,-0.26187,-0.280783
194.95,105.0,-0.201763,-0.221482
197.05,105.0,-0.132031,-0.152638
199.33,105.0,-0.054157,-0.075728
201.6,105.0,0.030508,0.007797
203.7,105.0,0.118071,0.094438
205.98,105.0,0.208123,0.183194
208.08,105.0,0.296243,0.270153
210.35,105.0,0.380729,0.353572
212.63,105.0,0.461933,0.433717
214.9,105.0,0.532004,0.50291
217.0,105.0,0.591693,0.561989
219.28,105.0,0.641323,0.610775
221.55,105.0,0.680688,0.649878
223.65,105.0,0.708843,0.677506
225.93,105.0,0.723889,0.692466
228.03,105.0,0.726255,0.694863
230.13,105.0,0.716153,0.684666
232.58,105.0,0.694373,0.663424
234.68,105.0,0.661911,0.631354
236.95,105.0,0.623837,0.593782
239.23,105.0,0.579093,0.54969
241.5,105.0,0.534179,0.505276
243.78,105.0,0.488849,0.460624
245.88,105.0,0.443732,0.416206
248.15,105.0,0.402814,0.375569
250.43,105.0,0.363908,0.337069
252.53,105.0,0.329817,0.303499
254.8,105.0,0.29913,0.2732
257.08,105.0,0.272041,0.246536
259.18,105.0,0.249555,0.224223
261.45,105.0,0.231456,0.206428
263.73,105.0,0.216666,0.191613
265.83,105.0,0.204666,0.1799
268.1,105.0,0.195304,0.170723
270.38,105.0,0.187969,0.163628
272.65,105.0,0.183252,0.158964
274.75,105.0,0.179965,0.155538
277.03,105.0,0.17816,0.153514
279.13,105.0,0.177531,0.152978
281.4,105.0,0.177716,0.153302
283.68,105.0,0.178505,0.154081
285.78,105.0,0.179863,0.155477
288.05,105.0,0.181213,0.15681
290.33,105.0,0.182839,0.158388
292.6,105.0,0.184583,0.160255
294.7,105.0,0.186028,0.161527
296.98,105.0,0.187608,0.163126
299.25,105.0,0.189081,0.164626
301.35,105.0,0.190181,0.165637
303.63,105.0,0.191013,0.166469
305.9,105.0,0.191388,0.166838
308.0,105.0,0.191358,0.166881
310.28,105.0,0.191099,0.166355
312.55,105.0,0.189826,0.165409
314.65,105.0,0.188915,0.164408
316.93,105.0,0.188043,0.163517
319.2,105.0,0.187005,0.162405
321.48,105.0,0.185384,0.160828
323.58,105.0,0.183452,0.158924
325.85,105.0,0.18044,0.156087
328.13,105.0,0.176234,0.151727
330.23,105.0,0.171546,0.147183
332.5,105.0,0.165837,0.141493
334.78,105.0,0.159327,0.135236
336.88,105.0,0.151558,0.127451
339.15,105.0,0.141971,0.117944
341.43,105.0,0.12954,0.105782
343.53,105.0,0.114081,0.090418
345.8,105.0,0.095655,0.072331
347.9,105.0,0.0741,0.051102
350.18,105.0,0.050769,0.028117
352.45,105.0,0.025122,0.002732
354.55,105.0,-0.003544,-0.025623
356.83,105.0,-0.034335,-0.055943
359.1,105.0,-0.065743,-0.086969
361.2,105.0,-0.097699,-0.118614
363.48,105.0,-0.128429,-0.148925
365.75,105.0,-0.155287,-0.175389
367.85,105.0,-0.177844,-0.197619
370.13,105.0,-0.196341,-0.21582
372.4,105.0,-0.207477,-0.22708
374.68,105.0,-0.210463,-0.229776
376.78,105.0,-0.203657,-0.2231
379.23,105.0,-0.185678,-0.205305
381.33,105.0,-0.158676,-0.178814
383.6,105.0,-0.12306,-0.143565
385.88,105.0,-0.076738,-0.097918
388.15,105.0,-0.017767,-0.039862
390.43,105.0,0.040341,0.017433
392.7,105.0,0.103918,0.08023
394.8,105.0,0.16926,0.144864
397.08,105.0,0.237846,0.212614
399.35,105.0,0.303791,0.277633
401.45,105.0,0.367824,0.340723
403.73,105.0,0.428147,0.400452
406.0,105.0,0.483467,0.454977
408.28,105.0,0.532765,0.503618
410.38,105.0,0.574043,0.544629
412.65,105.0,0.608107,0.578153
414.93,105.0,0.632823,0.602562
417.03,105.0,0.649647,0.619259
419.3,105.0,0.659653,0.629043
421.4,105.0,0.662136,0.631566
423.68,105.0,0.657583,0.627136
425.95,105.0,0.646446,0.616181
428.05,105.0,0.630608,0.600627
430.33,105.0,0.609891,0.580069
432.6,105.0,0.585852,0.556597
434.88,105.0,0.560156,0.530818
436.98,105.0,0.533769,0.504949
439.25,105.0,0.507673,0.479188
441.53,105.0,0.481234,0.452962
443.63,105.0,0.45523,0.427201
445.9,105.0,0.431998,0.404404
448.18,105.0,0.410122,0.382716
450.45,105.0,0.389734,0.362593
452.55,105.0,0.370809,0.343908
454.83,105.0,0.354259,0.327593
457.1,105.0,0.340458,0.313924
459.2,105.0,0.328197,0.30182
461.65,105.0,0.31722,0.290997
463.75,105.0,0.308415,0.282312
466.03,105.0,0.300393,0.27429
468.3,105.0,0.293295,0.26751
470.4,105.0,0.287285,0.261493
472.68,105.0,0.281804,0.256022
474.95,105.0,0.276462,0.250726
477.23,105.0,0.272285,0.246595
479.33,105.0,0.268073,0.242507
481.6,105.0,0.264216,0.238705
483.88,105.0,0.260769,0.235338
485.98,105.0,0.257269,0.231854
488.25,105.0,0.253856,0.228446
490.53,105.0,0.250914,0.225446
492.63,105.0,0.248268,0.22296
494.9,105.0,0.245033,0.219617
497.0,105.0,0.241465,0.216299
499.28,105.0,0.237467,0.212125
501.55,105.0,0.232627,0.207642
503.65,105.0,0.226545,0.201345
505.93,105.0,0.2197,0.19478
508.2,105.0,0.211927,0.186931
510.48,105.0,0.204472,0.179614
512.58,105.0,0.196961,0.172538
514.85,105.0,0.188748,0.164084
516.95,105.0,0.180732,0.15633
519.23,105.0,0.172957,0.148622
521.5,105.0,0.164811,0.14056
523.78,105.0,0.154817,0.130661
526.05,105.0,0.141188,0.116931
528.33,105.0,0.12491,0.10141
530.43,105.0,0.103859,0.080378
532.7,105.0,0.077618,0.054503
534.8,105.0,0.046869,0.024106
537.08,105.0,0.013862,-0.008439
539.35,105.0,-0.023257,-0.045139
541.45,105.0,-0.060885,-0.08224
543.73,105.0,-0.099575,-0.120333
546.0,105.0,-0.137869,-0.158315
548.1,105.0,-0.173667,-0.193509
550.38,105.0,-0.209104,-0.228457
552.48,105.0,-0.23947,-0.258411
554.75,105.0,-0.26643,-0.285006
557.03,105.0,-0.287015,-0.305395
559.13,105.0,-0.300792,-0.318928
561.4,105.0,-0.306119,-0.324245
563.68,105.0,-0.301895,-0.320268
565.95,105.0,-0.287699,-0.306026
568.23,105.0,-0.262884,-0.281652
570.33,105.0,-0.228873,-0.24821
572.6,105.0,-0.184985,-0.204797
574.88,105.0,-0.13257,-0.152921
576.98,105.0,-0.071738,-0.093121
579.25,105.0,-0.007086,-0.029425
581.53,105.0,0.061872,0.038847
583.63,105.0,0.134589,0.110634
585.9,105.0,0.206964,0.181998
588.0,105.0,0.27726,0.251401
590.28,105.0,0.344047,0.317303
592.55,105.0,0.405895,0.378446
594.65,105.0,0.459906,0.431758
596.93,105.0,0.507328,0.478551
599.2,105.0,0.545374,0.516271
601.3,105.0,0.576311,0.546973
603.58,105.0,0.598609,0.568902
605.85,105.0,0.613569,0.583436
607.95,105.0,0.620769,0.590562
610.23,105.0,0.621114,0.590802
612.5,105.0,0.615879,0.585732
614.6,105.0,0.605159,0.575251
616.88,105.0,0.590294,0.560861
619.15,105.0,0.572559,0.543283
621.25,105.0,0.553424,0.524117
623.53,105.0,0.533092,0.504182
625.63,105.0,0.512697,0.483945
627.9,105.0,0.491188,0.46279
630.18,105.0,0.469386,0.441197
632.45,105.0,0.449672,0.42198
634.55,105.0,0.432047,0.404456
636.83,105.0,0.41596,0.388717
639.1,105.0,0.401453,0.374343
641.2,105.0,0.388733,0.361548
643.48,105.0,0.377568,0.350621
645.75,105.0,0.367737,0.340864
647.85,105.0,0.359269,0.332679
650.13,105.0,0.351622,0.325045
652.4,105.0,0.34413,0.317642
654.85,105.0,0.336132,0.309552
657.13,105.0,0.329441,0.303212
659.4,105.0,0.324145,0.297938
661.5,105.0,0.319848,0.293486
663.78,105.0,0.316764,0.290495
666.05,105.0,0.315193,0.289059
668.33,105.0,0.315023,0.288856
670.43,105.0,0.316043,0.289789
672.7,105.0,0.317337,0.291086
674.98,105.0,0.318354,0.292118
677.08,105.0,0.318714,0.292568
679.35,105.0,0.318363,0.292272
681.45,105.0,0.317599,0.291364
683.73,105.0,0.316077,0.289728
686.0,105.0,0.314531,0.288351
688.28,105.0,0.31421,0.287981
690.38,105.0,0.314826,0.288572
692.65,105.0,0.316243,0.290168
694.93,105.0,0.317217,0.290982
697.2,105.0,0.316863,0.290615
699.3,105.0,0.316009,0.289823
701.58,105.0,0.314592,0.288422
703.85,105.0,0.312984,0.286666
706.13,105.0,0.310695,0.284447
708.23,105.0,0.308649,0.282608
710.5,105.0,0.307057,0.280902
12.08,140.0,0.080748,0.057199
14.35,140.0,0.069589,0.046481
16.63,140.0,0.059663,0.036558
18.9,140.0,0.051059,0.02824
21.0,140.0,0.043724,0.020828
23.28,140.0,0.037501,0.014777
25.55,140.0,0.032572,0.010002
27.65,140.0,0.029186,0.006706
29.93,140.0,0.026124,0.003564
32.2,140.0,0.024543,0.002011
34.48,140.0,0.024226,0.001737
36.58,140.0,0.024891,0.002405
38.85,140.0,0.026438,0.004229
41.13,140.0,0.028705,0.006287
43.23,140.0,0.031558,0.009004
45.5,140.0,0.035196,0.012455
47.78,140.0,0.039146,0.016466
49.88,140.0,0.043012,0.02032
52.15,140.0,0.046506,0.023816
54.43,140.0,0.05068,0.028046
56.53,140.0,0.054971,0.031965
58.8,140.0,0.05877,0.035702
61.08,140.0,0.062701,0.039811
63.35,140.0,0.06637,0.043342
65.45,140.0,0.069657,0.046589
67.73,140.0,0.073259,0.050246
70.0,140.0,0.0773,0.054035
72.1,140.0,0.081543,0.05816
74.38,140.0,0.084971,0.061869
76.65,140.0,0.088773,0.065498
78.75,140.0,0.092322,0.06885
81.03,140.0,0.095252,0.072029
83.13,140.0,0.098351,0.074978
85.4,140.0,0.10161,0.078289
87.68,140.0,0.105048,0.081721
89.78,140.0,0.108902,0.08539
92.05,140.0,0.11332,0.089956
94.33,140.0,0.117519,0.093835
96.43,140.0,0.120957,0.097245
98.7,140.0,0.123055,0.099457
100.98,140.0,0.124685,0.100929
103.25,140.0,0.126047,0.102082
105.35,140.0,0.127618,0.103788
107.63,140.0,0.129611,0.10568
109.9,140.0,0.132085,0.108262
112.18,140.0,0.134183,0.110347
114.28,140.0,0.136096,0.112245
116.73,140.0,0.13739,0.113391
118.83,140.0,0.137978,0.114019
120.93,140.0,0.138739,0.11474
123.2,140.0,0.139632,0.115732
125.48,140.0,0.141296,0.117217
127.75,140.0,0.14287,0.118687
129.85,140.0,0.144284,0.120249
132.13,140.0,0.145359,0.121425
134.58,140.0,0.145683,0.121555
136.85,140.0,0.145165,0.121124
138.95,140.0,0.143018,0.118905
141.23,140.0,0.13893,0.114999
143.68,140.0,0.131484,0.107513
145.95,140.0,0.122778,0.099016
148.05,140.0,0.112393,0.088825
150.33,140.0,0.100061,0.076604
152.95,140.0,0.082165,0.058853
155.05,140.0,0.065945,0.042951
157.33,140.0,0.047014,0.024392
159.6,140.0,0.026305,0.003795
161.88,140.0,0.001607,-0.020537
163.98,140.0,-0.025447,-0.047191
166.25,140.0,-0.054726,-0.076245
168.53,140.0,-0.086279,-0.107237
170.63,140.0,-0.120229,-0.140641
172.9,140.0,-0.152708,-0.172859
175.18,140.0,-0.184366,-0.20415
177.28,140.0,-0.21354,-0.232893
179.55,140.0,-0.237554,-0.256442
181.83,140.0,-0.255499,-0.274193
183.93,140.0,-0.26687,-0.28561
186.2,140.0,-0.27029,-0.288984
188.48,140.0,-0.263999,-0.28256
190.75,140.0,-0.246941,-0.265792
192.85,140.0,-0.219415,-0.238706
195.13,140.0,-0.179954,-0.199828
197.4,140.0,-0.132126,-0.152536
199.5,140.0,-0.072792,-0.094215
201.78,140.0,-0.007992,-0.030161
204.05,140.0,0.062076,0.038979
206.33,140.0,0.13665,0.11271
208.43,140.0,0.214679,0.189478
210.7,140.0,0.28933,0.263468
212.98,140.0,0.362605,0.335701
215.08,140.0,0.43071,0.402836
217.35,140.0,0.493973,0.465251
219.63,140.0,0.545137,0.515883
221.9,140.0,0.588255,0.558594
224.18,140.0,0.620624,0.590365
226.28,140.0,0.641801,0.611388
228.55,140.0,0.652685,0.622019
230.65,140.0,0.653667,0.623252
232.93,140.0,0.645824,0.615464
235.2,140.0,0.630494,0.600186
237.3,140.0,0.608144,0.578332
239.58,140.0,0.581271,0.552059
241.68,140.0,0.550892,0.521545
243.95,140.0,0.520014,0.491376
246.23,140.0,0.487531,0.459272
248.33,140.0,0.455236,0.427358
250.6,140.0,0.425525,0.397827
252.88,140.0,0.397084,0.369894
254.98,140.0,0.370285,0.34332
257.25,140.0,0.346675,0.320227
259.53,140.0,0.325596,0.29941
261.8,140.0,0.306595,0.280766
263.9,140.0,0.288785,0.26299
266.18,140.0,0.273572,0.247993
268.45,140.0,0.260452,0.234913
270.73,140.0,0.249762,0.224401
272.83,140.0,0.241693,0.216573
275.1,140.0,0.235846,0.210504
277.38,140.0,0.231379,0.206244
279.48,140.0,0.228366,0.203375
281.75,140.0,0.226373,0.201296
284.03,140.0,0.225061,0.200024
286.13,140.0,0.224078,0.198967
288.4,140.0,0.223708,0.198628
290.5,140.0,0.22372,0.198526
292.78,140.0,0.223739,0.198733
295.05,140.0,0.22381,0.198684
297.15,140.0,0.222753,0.197667
299.43,140.0,0.220828,0.195781
301.53,140.0,0.2182,0.193289
303.98,140.0,0.215597,0.190775
306.08,140.0,0.21275,0.188086
308.35,140.0,0.210436,0.185704
310.45,140.0,0.207855,0.183246
312.73,140.0,0.205997,0.18125
315.0,140.0,0.205141,0.180421
317.28,140.0,0.206025,0.181299
319.38,140.0,0.207716,0.182969
321.65,140.0,0.209848,0.185005
323.93,140.0,0.211114,0.186194
326.03,140.0,0.212063,0.187094
328.3,140.0,0.2121,0.187276
330.58,140.0,0.211465,0.186635
332.68,140.0,0.210834,0.186037
334.95,140.0,0.209232,0.184343
337.23,140.0,0.206216,0.181505
339.5,140.0,0.200171,0.175424
341.78,140.0,0.191428,0.166777
343.88,140.0,0.178884,0.154571
346.15,140.0,0.162809,0.13852
348.25,140.0,0.145233,0.121219
350.53,140.0,0.125652,0.101986
352.8,140.0,0.105202,0.081786
355.08,140.0,0.082698,0.059574
357.18,140.0,0.05982,0.036878
359.45,140.0,0.03731,0.014605
361.55,140.0,0.014861,-0.007339
363.83,140.0,-0.006914,-0.028836
366.1,140.0,-0.026917,-0.048661
368.2,140.0,-0.044465,-0.065913
370.48,140.0,-0.059397,-0.080737
372.75,140.0,-0.070869,-0.092095
374.85,140.0,-0.077437,-0.09855
377.13,140.0,-0.077357,-0.098303
379.4,140.0,-0.070201,-0.091304
381.5,140.0,-0.055087,-0.076476
383.78,140.0,-0.032037,-0.053787
385.88,140.0,-0.000833,-0.02294
388.33,140.0,0.036161,0.013443
390.43,140.0,0.078092,0.054753
392.7,140.0,0.125021,0.101142
394.98,140.0,0.175282,0.150794
397.08,140.0,0.228061,0.202886
399.35,140.0,0.279392,0.253569
401.63,140.0,0.329635,0.303144
403.73,140.0,0.376283,0.349287
406.0,140.0,0.420039,0.39258
408.28,140.0,0.458384,0.430264
410.38,140.0,0.492442,0.463674
412.65,140.0,0.519077,0.490211
414.75,140.0,0.537959,0.508745
417.03,140.0,0.549339,0.520242
419.13,140.0,0.553914,0.524487
421.4,140.0,0.551388,0.522251
423.68,140.0,0.542743,0.513631
425.95,140.0,0.529536,0.500578
428.05,140.0,0.512528,0.483902
430.33,140.0,0.493378,0.464878
432.6,140.0,0.472395,0.444247
434.7,140.0,0.450904,0.422904
436.98,140.0,0.429364,0.401853
439.25,140.0,0.408421,0.381135
441.35,140.0,0.387158,0.360103
443.63,140.0,0.364996,0.338323
445.9,140.0,0.348135,0.321622
448.18,140.0,0.331844,0.305501
450.28,140.0,0.318314,0.292232
452.55,140.0,0.307004,0.281083
454.83,140.0,0.298261,0.272436
457.1,140.0,0.29071,0.26495
459.38,140.0,0.284315,0.258465
461.65,140.0,0.277473,0.251841
463.93,140.0,0.271739,0.246136
466.2,140.0,0.26564,0.240178
468.3,140.0,0.260338,0.234829
470.58,140.0,0.254977,0.229638
472.68,140.0,0.250088,0.224568
474.95,140.0,0.245935,0.220717
477.05,140.0,0.241857,0.216604
479.33,140.0,0.238021,0.213107
481.6,140.0,0.234968,0.209808
483.88,140.0,0.232122,0.206927
485.98,140.0,0.229999,0.205036
488.25,140.0,0.228323,0.20311
490.53,140.0,0.226281,0.201154
492.8,140.0,0.223764,0.198736
494.9,140.0,0.220507,0.195627
497.0,140.0,0.216573,0.191586
499.28,140.0,0.211709,0.186829
501.55,140.0,0.207063,0.182082
503.83,140.0,0.201567,0.176998
505.93,140.0,0.196345,0.171955
508.2,140.0,0.190572,0.166071
510.3,140.0,0.184654,0.160168
512.58,140.0,0.178271,0.153856
514.85,140.0,0.171265,0.147014
516.95,140.0,0.164497,0.140424
519.23,140.0,0.157929,0.133539
521.5,140.0,0.150615,0.126379
523.6,140.0,0.143674,0.119802
525.88,140.0,0.136629,0.112763
527.98,140.0,0.129466,0.10556
530.25,140.0,0.12007,0.096515
532.53,140.0,0.107849,0.08434
534.8,140.0,0.092793,0.069509
536.9,140.0,0.073902,0.050982
539.18,140.0,0.053413,0.030615
541.45,140.0,0.030227,0.007639
543.55,140.0,0.004559,-0.017558
545.65,140.0,-0.02424,-0.04611
548.1,140.0,-0.05143,-0.072915
550.38,140.0,-0.078097,-0.099261
552.48,140.0,-0.102776,-0.123648
554.75,140.0,-0.125065,-0.145691
556.85,140.0,-0.142878,-0.163081
559.13,140.0,-0.155694,-0.175983
561.4,140.0,-0.162903,-0.182896
563.5,140.0,-0.163891,-0.183765
565.78,140.0,-0.15801,-0.178285
567.88,140.0,-0.145262,-0.16561
570.15,140.0,-0.125001,-0.145586
572.43,140.0,-0.09671,-0.117576
574.53,140.0,-0.062505,-0.083907
576.8,140.0,-0.022967,-0.044899
578.9,140.0,0.02226,-0.000278
581.18,140.0,0.069876,0.046598
583.45,140.0,0.124583,0.100606
585.73,140.0,0.174956,0.150473
588.0,140.0,0.225168,0.199962
590.1,140.0,0.271524,0.245825
592.38,140.0,0.315991,0.289672
594.65,140.0,0.354478,0.32763
596.75,140.0,0.3882,0.361111
599.03,140.0,0.416102,0.388659
601.3,140.0,0.437913,0.410088
603.58,140.0,0.451043,0.422981
605.85,140.0,0.457528,0.429191
608.13,140.0,0.458498,0.430328
610.23,140.0,0.454293,0.426246
612.5,140.0,0.446305,0.418505
614.78,140.0,0.43514,0.407371
616.88,140.0,0.421206,0.393853
619.15,140.0,0.405424,0.378141
621.43,140.0,0.387694,0.360544
623.7,140.0,0.3695,0.342639
625.8,140.0,0.351887,0.325375
628.08,140.0,0.335181,0.308942
630.0,140.0,0.319352,0.293021
632.45,140.0,0.305064,0.278995
634.55,140.0,0.292753,0.266909
636.83,140.0,0.282198,0.256548
639.1,140.0,0.273227,0.24743
641.2,140.0,0.264595,0.23913
643.48,140.0,0.257704,0.232063
645.75,140.0,0.250683,0.225461
648.03,140.0,0.245036,0.21978
650.13,140.0,0.239176,0.214112
652.4,140.0,0.234099,0.208918
654.68,140.0,0.229269,0.204312
656.78,140.0,0.225406,0.200147
659.05,140.0,0.222041,0.197035
661.33,140.0,0.218539,0.193557
663.6,140.0,0.215597,0.190714
665.7,140.0,0.213761,0.188782
667.98,140.0,0.212725,0.187852
670.25,140.0,0.212177,0.187396
672.35,140.0,0.211629,0.18673
674.63,140.0,0.210634,0.185785
676.9,140.0,0.208566,0.18369
679.0,140.0,0.206099,0.181459
681.28,140.0,0.203425,0.178714
683.55,140.0,0.200748,0.176043
685.83,140.0,0.198037,0.173526
687.93,140.0,0.196114,0.171376
690.2,140.0,0.19357,0.168893
692.3,140.0,0.190683,0.166228
694.58,140.0,0.188114,0.163298
696.85,140.0,0.185156,0.160726
698.95,140.0,0.182879,0.158474
701.23,140.0,0.179959,0.155603
703.5,140.0,0.176398,0.152002
705.78,140.0,0.172122,0.147846
707.88,140.0,0.168067,0.143785
710.15,140.0,0.164321,0.139904
11.38,175.0,0.072627,0.049053
13.83,175.0,0.081555,0.058157
16.1,175.0,0.089488,0.066287
18.2,175.0,0.097149,0.073906
20.48,175.0,0.105129,0.081715
22.75,175.0,0.112282,0.088751
24.85,175.0,0.119398,0.095745
27.13,175.0,0.126299,0.102556
29.4,175.0,0.133825,0.109978
31.5,175.0,0.141053,0.117125
33.78,175.0,0.147494,0.123422
36.05,175.0,0.153302,0.129059
38.15,175.0,0.15824,0.134078
40.43,175.0,0.162608,0.138185
42.88,175.0,0.167119,0.142892
45.15,175.0,0.171305,0.146931
47.25,175.0,0.1754,0.151173
49.53,175.0,0.180664,0.156037
51.8,175.0,0.185563,0.161037
53.9,175.0,0.190846,0.166142
56.18,175.0,0.195615,0.171013
58.45,175.0,0.199306,0.174771
60.73,175.0,0.20255,0.177883
63.0,175.0,0.204706,0.17995
65.1,175.0,0.205923,0.181191
67.38,175.0,0.206971,0.182192
69.65,175.0,0.207645,0.182901
71.75,175.0,0.208511,0.183831
74.03,175.0,0.209565,0.184719
76.3,175.0,0.210846,0.18617
78.58,175.0,0.212085,0.187288
80.68,175.0,0.21361,0.18869
82.95,175.0,0.215621,0.190624
85.05,175.0,0.217174,0.1923
87.33,175.0,0.21852,0.193496
89.6,175.0,0.219201,0.194118
91.7,175.0,0.219608,0.194805
93.98,175.0,0.219907,0.195073
96.08,175.0,0.219925,0.194996
98.35,175.0,0.21994,0.194934
100.63,175.0,0.220289,0.195375
102.73,175.0,0.221096,0.196222
105.0,175.0,0.222177,0.197023
107.1,175.0,0.223748,0.198841
109.38,175.0,0.225467,0.200242
111.65,175.0,0.227507,0.202297
113.93,175.0,0.228948,0.203708
116.03,175.0,0.229703,0.204463
118.3,175.0,0.229007,0.203871
120.58,175.0,0.227356,0.202328
122.68,175.0,0.224595,0.199577
124.95,175.0,0.221268,0.196311
127.05,175.0,0.216505,0.191681
129.33,175.0,0.211148,0.186324
131.6,175.0,0.205073,0.180359
133.88,175.0,0.198388,0.173794
135.98,175.0,0.192319,0.167747
138.25,175.0,0.186151,0.161521
140.35,175.0,0.180131,0.155911
142.63,175.0,0.173887,0.149481
144.9,175.0,0.167196,0.142784
147.0,175.0,0.159112,0.134959
149.28,175.0,0.148268,0.124207
151.55,175.0,0.133801,0.110024
153.65,175.0,0.114728,0.091259
156.1,175.0,0.089716,0.066493
158.2,175.0,0.061727,0.03897
160.48,175.0,0.030739,0.008283
162.58,175.0,-0.004844,-0.026868
165.03,175.0,-0.044665,-0.06619
167.3,175.0,-0.083445,-0.104455
169.4,175.0,-0.124471,-0.144806
171.68,175.0,-0.164024,-0.184079
173.78,175.0,-0.203016,-0.222323
176.05,175.0,-0.239249,-0.258257
178.33,175.0,-0.270536,-0.289033
180.6,175.0,-0.296186,-0.314273
182.7,175.0,-0.314236,-0.332363
184.98,175.0,-0.322804,-0.340684
187.25,175.0,-0.321005,-0.338799
189.35,175.0,-0.307758,-0.326072
191.63,175.0,-0.281864,-0.300444
193.73,175.0,-0.245037,-0.264018
196.0,175.0,-0.196578,-0.216291
198.28,175.0,-0.136448,-0.157012
200.38,175.0,-0.067755,-0.089169
202.65,175.0,0.010464,-0.011966
204.93,175.0,0.094617,0.071182
207.2,175.0,0.182926,0.158382
209.3,175.0,0.271182,0.245461
211.58,175.0,0.359303,0.332414
213.68,175.0,0.445045,0.416838
215.95,175.0,0.521816,0.492907
218.23,175.0,0.592016,0.562371
220.33,175.0,0.652478,0.621828
222.6,175.0,0.704647,0.67343
224.88,175.0,0.744662,0.71286
227.15,175.0,0.772869,0.740719
229.25,175.0,0.788652,0.756409
231.53,175.0,0.792832,0.760596
233.8,175.0,0.787001,0.754669
235.9,175.0,0.771437,0.739551
238.0,175.0,0.747697,0.716178
240.28,175.0,0.718938,0.687657
242.55,175.0,0.683966,0.653119
244.83,175.0,0.646449,0.616172
246.93,175.0,0.608427,0.578597
249.2,175.0,0.569567,0.540257
251.3,175.0,0.531289,0.502469
253.58,175.0,0.494438,0.466068
255.85,175.0,0.458625,0.43067
257.95,175.0,0.426225,0.39876
260.23,175.0,0.395168,0.368015
262.5,175.0,0.366102,0.339376
264.6,175.0,0.340347,0.313902
266.88,175.0,0.317485,0.291357
269.15,175.0,0.297411,0.271487
271.25,175.0,0.279179,0.253603
273.53,175.0,0.26364,0.238157
275.8,175.0,0.251277,0.226093
277.9,175.0,0.240855,0.215557
280.18,175.0,0.232063,0.207005
282.45,175.0,0.224525,0.199549
284.55,175.0,0.218693,0.19365
286.83,175.0,0.212756,0.187704
289.1,175.0,0.207125,0.182494
291.2,175.0,0.201373,0.176724
293.48,175.0,0.196219,0.171786
295.75,175.0,0.191271,0.166727
297.85,175.0,0.186792,0.16218
300.13,175.0,0.183391,0.158878
302.4,175.0,0.179863,0.15527
304.5,175.0,0.175778,0.151487
306.78,175.0,0.171786,0.147531
309.05,175.0,0.167759,0.143369
311.33,175.0,0.164121,0.140058
313.6,175.0,0.160692,0.136721
315.7,175.0,0.157673,0.13365
317.98,175.0,0.154038,0.129629
320.25,175.0,0.149947,0.12588
322.53,175.0,0.145486,0.121425
324.63,175.0,0.139993,0.116
326.9,175.0,0.133912,0.110061
329.18,175.0,0.127719,0.10393
331.28,175.0,0.121034,0.097421
333.55,175.0,0.113798,0.090341
335.83,175.0,0.106077,0.082507
337.93,175.0,0.096546,0.07308
340.2,175.0,0.084642,0.061459
342.48,175.0,0.068887,0.046016
344.58,175.0,0.049337,0.026709
346.85,175.0,0.02649,0.004204
348.95,175.0,3.6e-05,-0.022105
351.23,175.0,-0.028565,-0.050142
353.5,175.0,-0.057536,-0.078821
355.6,175.0,-0.08838,-0.109354
357.88,175.0,-0.120358,-0.140842
360.15,175.0,-0.150429,-0.170687
362.25,175.0,-0.179252,-0.198947
364.7,175.0,-0.208149,-0.227668
366.8,175.0,-0.231495,-0.250466
369.08,175.0,-0.250786,-0.26972
371.35,175.0,-0.265604,-0.284169
373.45,175.0,-0.274332,-0.292939
375.73,175.0,-0.275216,-0.293746
377.83,175.0,-0.266371,-0.284926
380.1,175.0,-0.247896,-0.267145
382.38,175.0,-0.220093,-0.239353
384.48,175.0,-0.181664,-0.201516
386.75,175.0,-0.136405,-0.156849
388.85,175.0,-0.08277,-0.103935
391.13,175.0,-0.023494,-0.045521
393.23,175.0,0.040394,0.01779
395.5,175.0,0.106453,0.082907
397.78,175.0,0.172926,0.148514
400.05,175.0,0.240982,0.215486
402.15,175.0,0.307981,0.281607
404.43,175.0,0.370593,0.343455
406.7,175.0,0.428326,0.400338
408.8,175.0,0.479161,0.450966
411.08,175.0,0.523005,0.494133
413.18,175.0,0.558138,0.528735
415.45,175.0,0.586098,0.556542
417.73,175.0,0.605266,0.575377
420.0,175.0,0.61604,0.58591
422.1,175.0,0.619197,0.589077
424.38,175.0,0.614773,0.584709
426.65,175.0,0.603911,0.574006
428.75,175.0,0.58656,0.55714
431.03,175.0,0.5638,0.534561
433.3,175.0,0.537802,0.508652
435.4,175.0,0.510063,0.481376
437.68,175.0,0.480744,0.452349
439.78,175.0,0.450344,0.422485
442.05,175.0,0.421708,0.394275
444.33,175.0,0.392938,0.365972
446.6,175.0,0.365362,0.338449
448.7,175.0,0.339909,0.313462
450.98,175.0,0.315667,0.289574
453.25,175.0,0.292627,0.266721
455.35,175.0,0.271773,0.246219
457.63,175.0,0.253363,0.227855
459.73,175.0,0.237417,0.212137
462.0,175.0,0.223003,0.197975
464.28,175.0,0.20966,0.184765
466.55,175.0,0.197396,0.172753
468.65,175.0,0.185575,0.161136
470.93,175.0,0.175338,0.150988
473.2,175.0,0.166786,0.14239
475.3,175.0,0.159195,0.134916
477.58,175.0,0.153194,0.129093
479.85,175.0,0.147876,0.123773
482.13,175.0,0.143727,0.119642
484.23,175.0,0.139682,0.115609
486.5,175.0,0.135815,0.111872
488.6,175.0,0.132069,0.108486
490.88,175.0,0.127855,0.103986
493.15,175.0,0.122907,0.099297
495.25,175.0,0.118563,0.094753
497.53,175.0,0.11377,0.09011
499.8,175.0,0.108986,0.085646
501.9,175.0,0.105076,0.081478
504.18,175.0,0.100643,0.077316
506.28,175.0,0.095634,0.072251
508.73,175.0,0.08922,0.065991
510.83,175.0,0.080397,0.057316
513.1,175.0,0.069328,0.046275
515.38,175.0,0.056478,0.033644
517.48,175.0,0.042371,0.019642
519.75,175.0,0.026133,0.003665
521.85,175.0,0.007901,-0.014101
524.13,175.0,-0.012558,-0.034557
526.23,175.0,-0.035839,-0.05749
528.5,175.0,-0.061245,-0.082527
530.78,175.0,-0.090028,-0.110909
532.88,175.0,-0.120934,-0.141294
535.15,175.0,-0.152225,-0.172373
537.43,175.0,-0.186248,-0.205838
539.53,175.0,-0.222009,-0.241227
541.8,175.0,-0.257203,-0.275949
543.9,175.0,-0.293642,-0.311935
546.18,175.0,-0.327822,-0.345595
548.45,175.0,-0.358216,-0.375613
550.73,175.0,-0.385422,-0.402492
552.83,175.0,-0.40703,-0.423953
555.1,175.0,-0.420271,-0.436916
557.38,175.0,-0.424757,-0.441433
559.48,175.0,-0.418869,-0.435567
561.75,175.0,-0.401691,-0.41878
563.85,175.0,-0.372342,-0.389649
566.13,175.0,-0.331011,-0.349162
568.4,175.0,-0.277878,-0.296457
570.68,175.0,-0.215185,-0.234461
572.78,175.0,-0.142539,-0.162949
575.05,175.0,-0.06668,-0.088149
577.15,175.0,0.008641,-0.013722
579.43,175.0,0.080055,0.056749
581.53,175.0,0.147445,0.123289
583.98,175.0,0.209035,0.184364
586.08,175.0,0.263662,0.238064
588.35,175.0,0.314789,0.28852
590.45,175.0,0.358813,0.33206
592.73,175.0,0.399253,0.371977
595.0,175.0,0.433264,0.405581
597.1,175.0,0.461835,0.433575
599.38,175.0,0.486397,0.457925
601.65,175.0,0.505097,0.476659
603.75,175.0,0.518708,0.489937
606.03,175.0,0.527309,0.498403
608.13,175.0,0.531132,0.502174
610.4,175.0,0.530987,0.502121
612.68,175.0,0.527491,0.498809
614.78,175.0,0.521024,0.492368
617.05,175.0,0.512805,0.484117
619.33,175.0,0.502839,0.474299
621.6,175.0,0.492056,0.463597
623.7,175.0,0.48023,0.452001
625.98,175.0,0.467993,0.440017
628.25,175.0,0.456715,0.428615
630.35,175.0,0.446724,0.418997
632.63,175.0,0.438492,0.410701
634.73,175.0,0.431425,0.403797
637.0,175.0,0.426108,0.398523
639.28,175.0,0.421462,0.394084
641.38,175.0,0.418252,0.390944
643.65,175.0,0.417017,0.389684
645.75,175.0,0.417436,0.390002
648.03,175.0,0.419145,0.391647
650.3,175.0,0.421899,0.394346
652.58,175.0,0.42511,0.397543
654.68,175.0,0.428914,0.401299
656.95,175.0,0.433862,0.406262
659.23,175.0,0.439518,0.411856
661.5,175.0,0.444728,0.41702
663.6,175.0,0.45019,0.422322
665.88,175.0,0.45515,0.427118
668.15,175.0,0.460464,0.43234
670.43,175.0,0.465966,0.437975
672.53,175.0,0.471653,0.443523
674.8,175.0,0.477814,0.449558
676.9,175.0,0.48384,0.455541
679.18,175.0,0.490183,0.461816
681.45,175.0,0.49539,0.466958
683.55,175.0,0.500045,0.471511
685.83,175.0,0.504207,0.475636
687.93,175.0,0.507346,0.478754
690.2,175.0,0.510596,0.481899
692.48,175.0,0.51368,0.484989
694.58,175.0,0.516982,0.488196
696.85,175.0,0.520236,0.49148
698.95,175.0,0.524453,0.495679
701.23,175.0,0.529136,0.500017
703.5,175.0,0.533988,0.504937
705.78,175.0,0.539176,0.509999
708.05,175.0,0.54343,0.514333
710.15,175.0,0.546268,0.516927
11.55,210.0,0.182695,0.157938
13.83,210.0,0.180267,0.155578
16.1,210.0,0.176872,0.152501
18.2,210.0,0.173711,0.149377
20.48,210.0,0.17104,0.146912
22.93,210.0,0.168471,0.144318
25.03,210.0,0.166937,0.142685
27.3,210.0,0.166348,0.141921
29.58,210.0,0.166958,0.142735
31.68,210.0,0.168711,0.144528
33.95,210.0,0.171361,0.14686
36.05,210.0,0.173545,0.149096
38.33,210.0,0.175945,0.151395
40.6,210.0,0.17828,0.153791
42.7,210.0,0.180578,0.156148
44.98,210.0,0.18287,0.158412
47.08,210.0,0.184749,0.160359
49.35,210.0,0.186502,0.161961
51.63,210.0,0.188271,0.163847
53.73,210.0,0.18986,0.165289
56.0,210.0,0.191425,0.1669
58.1,210.0,0.193326,0.1686
60.2,210.0,0.195751,0.171087
62.65,210.0,0.198033,0.173234
64.93,210.0,0.200175,0.175326
67.03,210.0,0.202023,0.177288
69.3,210.0,0.203566,0.178847
71.58,210.0,0.205227,0.180424
73.68,210.0,0.207165,0.182417
75.95,210.0,0.209882,0.185011
78.23,210.0,0.212294,0.187266
80.33,210.0,0.215027,0.190181
82.6,210.0,0.217624,0.192618
84.88,210.0,0.219669,0.194697
86.98,210.0,0.221666,0.196663
89.25,210.0,0.223708,0.198714
91.53,210.0,0.225498,0.20039
93.8,210.0,0.227667,0.202488
95.9,210.0,0.230236,0.205067
98.18,210.0,0.232614,0.207387
100.45,210.0,0.234093,0.209001
102.55,210.0,0.234568,0.209297
104.83,210.0,0.234374,0.209062
107.1,210.0,0.23308,0.20783
109.2,210.0,0.231111,0.206191
111.48,210.0,0.229053,0.203921
113.75,210.0,0.226441,0.201314
115.85,210.0,0.223653,0.198585
118.13,210.0,0.220646,0.195424
120.4,210.0,0.217054,0.191949
122.68,210.0,0.212821,0.187916
124.78,210.0,0.208505,0.183714
127.05,210.0,0.2032,0.178298
129.15,210.0,0.197861,0.173366
131.43,210.0,0.19243,0.167759
133.7,210.0,0.186391,0.16174
135.98,210.0,0.179845,0.15548
138.08,210.0,0.171786,0.147402
140.35,210.0,0.162467,0.138092
142.63,210.0,0.151413,0.127177
144.73,210.0,0.137698,0.113705
147.0,210.0,0.121074,0.097476
149.28,210.0,0.10117,0.077923
151.55,210.0,0.078542,0.055455
153.65,210.0,0.053434,0.030742
155.93,210.0,0.026007,0.003665
158.2,210.0,-0.004785,-0.027031
160.3,210.0,-0.037659,-0.059298
162.58,210.0,-0.073688,-0.09476
164.85,210.0,-0.112869,-0.13363
166.95,210.0,-0.151233,-0.171168
169.23,210.0,-0.189563,-0.209267
171.5,210.0,-0.22952,-0.248596
173.78,210.0,-0.264298,-0.282918
175.88,210.0,-0.296112,-0.314295
178.15,210.0,-0.321211,-0.339085
180.6,210.0,-0.338238,-0.355986
182.7,210.0,-0.345191,-0.362822
184.98,210.0,-0.344664,-0.362388
187.25,210.0,-0.336226,-0.35387
189.35,210.0,-0.31838,-0.336411
191.63,210.0,-0.290185,-0.308599
193.9,210.0,-0.252357,-0.271282
196.0,210.0,-0.20517,-0.224711
198.28,210.0,-0.147345,-0.167542
200.55,210.0,-0.080118,-0.101276
202.65,210.0,-0.005155,-0.027407
204.93,210.0,0.076395,0.053249
207.2,210.0,0.164062,0.139645
209.3,210.0,0.253335,0.227741
211.58,210.0,0.340871,0.314278
213.68,210.0,0.425883,0.398064
215.95,210.0,0.504826,0.47583
218.23,210.0,0.577759,0.548215
220.5,210.0,0.639669,0.609237
222.6,210.0,0.693553,0.66229
224.88,210.0,0.734607,0.703372
226.98,210.0,0.765741,0.733852
229.43,210.0,0.785186,0.752762
231.53,210.0,0.793168,0.761049
233.8,210.0,0.791354,0.759114
235.9,210.0,0.780713,0.748433
238.18,210.0,0.762081,0.730238
240.28,210.0,0.737435,0.705898
242.55,210.0,0.708513,0.677296
244.83,210.0,0.675269,0.644428
246.93,210.0,0.639647,0.609447
249.2,210.0,0.604518,0.574669
251.48,210.0,0.567731,0.538279
253.58,210.0,0.532947,0.503982
255.85,210.0,0.500476,0.471995
257.95,210.0,0.468387,0.440143
260.23,210.0,0.439272,0.411545
262.5,210.0,0.412432,0.385063
264.6,210.0,0.387463,0.360362
266.88,210.0,0.364592,0.337901
269.15,210.0,0.34445,0.318086
271.25,210.0,0.326444,0.300156
273.53,210.0,0.310107,0.284118
275.8,210.0,0.295288,0.269373
277.9,210.0,0.28194,0.256299
280.18,210.0,0.270325,0.244962
282.45,210.0,0.260593,0.235054
284.73,210.0,0.251937,0.226505
286.83,210.0,0.244814,0.219497
289.1,210.0,0.237889,0.21271
291.38,210.0,0.231508,0.206453
293.48,210.0,0.224642,0.199654
295.75,210.0,0.217824,0.192997
297.85,210.0,0.210794,0.186071
300.13,210.0,0.203714,0.178862
302.4,210.0,0.19657,0.171847
304.68,210.0,0.189059,0.164632
306.95,210.0,0.18194,0.157565
309.23,210.0,0.174213,0.149962
311.33,210.0,0.16714,0.143095
313.6,210.0,0.160529,0.136173
315.88,210.0,0.154186,0.130088
318.15,210.0,0.147516,0.123431
320.25,210.0,0.140769,0.116829
322.53,210.0,0.132873,0.108838
324.8,210.0,0.123838,0.100147
326.9,210.0,0.114904,0.091478
329.18,210.0,0.106435,0.083012
331.45,210.0,0.097461,0.073912
333.73,210.0,0.088955,0.065695
335.83,210.0,0.079365,0.056305
338.1,210.0,0.068317,0.045289
340.38,210.0,0.053884,0.030954
342.48,210.0,0.035477,0.01283
344.75,210.0,0.013114,-0.009058
347.03,210.0,-0.013882,-0.035848
349.13,210.0,-0.042632,-0.064295
351.4,210.0,-0.074277,-0.095389
353.68,210.0,-0.109477,-0.129994
355.95,210.0,-0.144341,-0.164517
358.23,210.0,-0.17903,-0.198639
360.33,210.0,-0.213315,-0.232557
362.6,210.0,-0.245934,-0.26484
364.7,210.0,-0.277271,-0.295681
366.98,210.0,-0.304224,-0.322505
369.25,210.0,-0.326744,-0.344689
371.53,210.0,-0.340909,-0.358484
373.8,210.0,-0.347033,-0.364637
376.08,210.0,-0.344606,-0.362206
378.18,210.0,-0.334218,-0.35203
380.45,210.0,-0.315342,-0.333367
382.73,210.0,-0.285487,-0.304067
385.0,210.0,-0.247542,-0.266559
387.1,210.0,-0.201005,-0.220459
389.38,210.0,-0.1448,-0.165139
391.48,210.0,-0.082896,-0.104061
393.75,210.0,-0.016036,-0.03797
396.03,210.0,0.055683,0.032569
398.13,210.0,0.130751,0.106792
400.4,210.0,0.203668,0.1786
402.68,210.0,0.275547,0.249805
404.95,210.0,0.344173,0.317528
407.05,210.0,0.407694,0.380088
409.33,210.0,0.462953,0.434694
411.6,210.0,0.511422,0.482639
413.7,210.0,0.55043,0.521126
415.98,210.0,0.582537,0.552962
418.25,210.0,0.60526,0.575199
420.35,210.0,0.618378,0.588245
422.63,210.0,0.623005,0.592848
424.73,210.0,0.620787,0.590485
427.0,210.0,0.611511,0.58144
429.28,210.0,0.596536,0.566754
431.55,210.0,0.577032,0.54779
433.65,210.0,0.553338,0.524065
436.1,210.0,0.525904,0.496776
438.38,210.0,0.498092,0.469617
440.48,210.0,0.468511,0.440171
442.75,210.0,0.439567,0.411936
445.03,210.0,0.412171,0.384866
447.13,210.0,0.385596,0.358474
449.4,210.0,0.360633,0.333766
451.68,210.0,0.338585,0.312186
453.95,210.0,0.31758,0.291305
456.23,210.0,0.300763,0.274814
458.33,210.0,0.284854,0.259096
460.6,210.0,0.270797,0.245168
462.7,210.0,0.258477,0.233003
464.98,210.0,0.247402,0.222048
467.25,210.0,0.236536,0.211425
469.35,210.0,0.225424,0.200285
471.63,210.0,0.21405,0.189201
473.9,210.0,0.202707,0.17791
476.0,210.0,0.191062,0.166376
478.45,210.0,0.178804,0.154472
480.55,210.0,0.168471,0.144044
482.83,210.0,0.158379,0.134189
485.1,210.0,0.148459,0.124324
487.2,210.0,0.139904,0.115766
489.48,210.0,0.131573,0.107633
491.75,210.0,0.123043,0.099318
493.85,210.0,0.114534,0.090948
496.13,210.0,0.104984,0.081613
498.4,210.0,0.094796,0.07137
500.68,210.0,0.083862,0.060665
502.78,210.0,0.073108,0.049975
505.05,210.0,0.062036,0.039223
507.33,210.0,0.050859,0.0282
509.43,210.0,0.038822,0.016373
511.7,210.0,0.025101,0.00279
513.98,210.0,0.009583,-0.012434
516.08,210.0,-0.007265,-0.029104
518.35,210.0,-0.025167,-0.046849
520.63,210.0,-0.043966,-0.065571
522.73,210.0,-0.063577,-0.084847
525.0,210.0,-0.085262,-0.106387
527.28,210.0,-0.109523,-0.130041
529.38,210.0,-0.135968,-0.156375
531.65,210.0,-0.163688,-0.183777
533.93,210.0,-0.194846,-0.214474
536.03,210.0,-0.227776,-0.246947
538.3,210.0,-0.26119,-0.279831
540.58,210.0,-0.296565,-0.314865
542.85,210.0,-0.332083,-0.350006
544.95,210.0,-0.365607,-0.383059
547.23,210.0,-0.396975,-0.413928
549.5,210.0,-0.425136,-0.441852
551.78,210.0,-0.447656,-0.46403
553.88,210.0,-0.463472,-0.479513
556.15,210.0,-0.471534,-0.487437
558.43,210.0,-0.470324,-0.486439
560.53,210.0,-0.459125,-0.475188
562.8,210.0,-0.437372,-0.453842
565.08,210.0,-0.404704,-0.421707
567.18,210.0,-0.360629,-0.378278
569.45,210.0,-0.307585,-0.325743
571.73,210.0,-0.243592,-0.262819
574.0,210.0,-0.171264,-0.191442
576.1,210.0,-0.09452,-0.11562
578.38,210.0,-0.013889,-0.036054
580.65,210.0,0.072331,0.049072
582.75,210.0,0.155486,0.131238
585.03,210.0,0.235162,0.209845
587.3,210.0,0.308705,0.282368
589.58,210.0,0.371755,0.344598
591.85,210.0,0.425116,0.397525
593.95,210.0,0.46843,0.440073
596.23,210.0,0.506138,0.477448
598.5,210.0,0.534487,0.505612
600.78,210.0,0.557075,0.52762
602.88,210.0,0.574043,0.544564
605.15,210.0,0.586258,0.556693
607.43,210.0,0.593286,0.563674
609.53,210.0,0.596101,0.566348
611.98,210.0,0.595648,0.565898
614.25,210.0,0.592395,0.56287
616.53,210.0,0.586394,0.55673
618.63,210.0,0.578652,0.549271
620.9,210.0,0.568948,0.539539
623.18,210.0,0.557408,0.52815
625.28,210.0,0.545473,0.516326
627.55,210.0,0.533437,0.504228
629.83,210.0,0.521591,0.492931
631.93,210.0,0.511071,0.482445
634.03,210.0,0.501853,0.473252
636.3,210.0,0.493671,0.465227
638.4,210.0,0.487623,0.459253
640.68,210.0,0.482685,0.454336
642.95,210.0,0.479718,0.451425
645.05,210.0,0.477811,0.449493
647.33,210.0,0.476459,0.448178
649.6,210.0,0.475852,0.447488
651.7,210.0,0.475852,0.447537
653.98,210.0,0.477593,0.449506
656.25,210.0,0.480951,0.452645
658.53,210.0,0.486206,0.457784
660.63,210.0,0.492084,0.463572
662.73,210.0,0.497454,0.469151
665.0,210.0,0.502743,0.474195
667.28,210.0,0.506776,0.477971
669.38,210.0,0.509835,0.481185
671.83,210.0,0.511961,0.483061
673.93,210.0,0.513295,0.484308
676.2,210.0,0.514068,0.485396
678.48,210.0,0.514952,0.486443
680.75,210.0,0.516573,0.487984
682.85,210.0,0.518779,0.489761
685.13,210.0,0.521992,0.493233
687.23,210.0,0.525408,0.496631
689.5,210.0,0.528517,0.499758
691.78,210.0,0.531064,0.502192
694.05,210.0,0.534062,0.505008
696.15,210.0,0.536832,0.507839
698.43,210.0,0.539265,0.510091
700.7,210.0,0.540978,0.511718
702.98,210.0,0.542103,0.512894
705.08,210.0,0.542842,0.513628
707.35,210.0,0.543544,0.514496
709.45,210.0,0.54348,0.514598
11.73,245.0,0.126164,0.102091
14.0,245.0,0.118724,0.094962
16.1,245.0,0.112035,0.088527
18.38,245.0,0.107313,0.083742
20.65,245.0,0.103631,0.080221
22.93,245.0,0.101308,0.077914
25.03,245.0,0.100332,0.07686
27.3,245.0,0.101037,0.077618
29.58,245.0,0.103283,0.079777
31.85,245.0,0.106974,0.083332
34.13,245.0,0.11108,0.087599
36.23,245.0,0.116324,0.092707
38.5,245.0,0.121521,0.097913
40.78,245.0,0.126918,0.103024
42.88,245.0,0.13255,0.108527
45.15,245.0,0.1382,0.114291
47.43,245.0,0.144833,0.12088
49.7,245.0,0.151623,0.127473
51.8,245.0,0.158329,0.134177
54.08,245.0,0.164411,0.140042
56.18,245.0,0.169981,0.145892
58.45,245.0,0.17519,0.150668
60.73,245.0,0.18072,0.15605
62.83,245.0,0.186271,0.161595
65.1,245.0,0.192115,0.167488
67.38,245.0,0.197753,0.173027
69.48,245.0,0.202932,0.178268
71.75,245.0,0.207842,0.182932
74.03,245.0,0.211773,0.186872
76.3,245.0,0.21498,0.190181
78.4,245.0,0.216875,0.192066
80.68,245.0,0.217245,0.192239
82.78,245.0,0.216709,0.191974
85.05,245.0,0.215658,0.1908
87.33,245.0,0.215042,0.190039
89.6,245.0,0.214642,0.189873
91.7,245.0,0.213933,0.189106
93.98,245.0,0.213397,0.188505
96.08,245.0,0.212633,0.187842
98.35,245.0,0.211817,0.186906
100.63,245.0,0.210785,0.185951
102.73,245.0,0.209808,0.185085
105.0,245.0,0.208952,0.18421
107.28,245.0,0.207969,0.182987
109.38,245.0,0.207038,0.182337
111.65,245.0,0.206019,0.181265
113.93,245.0,0.205131,0.180298
116.03,245.0,0.204494,0.179771
118.3,245.0,0.203868,0.179087
120.4,245.0,0.202889,0.178157
122.68,245.0,0.201601,0.176943
124.95,245.0,0.199814,0.175045
127.23,245.0,0.197152,0.172497
129.33,245.0,0.192189,0.167747
131.6,245.0,0.18617,0.161589
133.88,245.0,0.179904,0.15543
136.15,245.0,0.172744,0.148385
138.25,245.0,0.164226,0.139987
140.53,245.0,0.153489,0.129315
142.8,245.0,0.140199,0.116278
145.08,245.0,0.123844,0.100135
147.18,245.0,0.105455,0.082103
149.45,245.0,0.084358,0.061133
151.73,245.0,0.06235,0.039439
154.0,245.0,0.039244,0.016737
156.1,245.0,0.014244,-0.007912
158.38,245.0,-0.012385,-0.034218
160.65,245.0,-0.040401,-0.062055
162.75,245.0,-0.06932,-0.090352
165.03,245.0,-0.099696,-0.120555
167.13,245.0,-0.13216,-0.152545
169.58,245.0,-0.168035,-0.187893
171.85,245.0,-0.202169,-0.221504
174.13,245.0,-0.235139,-0.254276
176.23,245.0,-0.265293,-0.284082
178.5,245.0,-0.291242,-0.309547
180.6,245.0,-0.310478,-0.328722
182.88,245.0,-0.320706,-0.33886
184.98,245.0,-0.322277,-0.340284
187.25,245.0,-0.315043,-0.333133
189.53,245.0,-0.297945,-0.316325
191.8,245.0,-0.270447,-0.289227
194.08,245.0,-0.234695,-0.253996
196.18,245.0,-0.188358,-0.208272
198.45,245.0,-0.134871,-0.155238
200.73,245.0,-0.070734,-0.092105
202.83,245.0,0.000335,-0.022046
205.1,245.0,0.077562,0.054137
207.38,245.0,0.159685,0.135369
209.48,245.0,0.243511,0.21803
211.75,245.0,0.326521,0.29998
214.03,245.0,0.409413,0.381782
216.3,245.0,0.487241,0.458628
218.4,245.0,0.554315,0.525051
220.68,245.0,0.613695,0.583572
222.95,245.0,0.663649,0.633039
225.23,245.0,0.703467,0.671992
227.33,245.0,0.731585,0.700094
229.43,245.0,0.750044,0.718332
231.88,245.0,0.759003,0.727004
233.98,245.0,0.758843,0.727201
236.25,245.0,0.750171,0.718221
238.53,245.0,0.734823,0.703418
240.8,245.0,0.713464,0.682275
242.9,245.0,0.686557,0.655383
245.0,245.0,0.653803,0.623375
247.45,245.0,0.62112,0.591049
249.73,245.0,0.586184,0.556554
251.83,245.0,0.55104,0.521872
254.1,245.0,0.518233,0.489703
256.38,245.0,0.485707,0.457568
258.48,245.0,0.453991,0.425855
260.75,245.0,0.425507,0.39807
263.03,245.0,0.399287,0.371973
265.13,245.0,0.375581,0.348508
267.4,245.0,0.353649,0.326949
269.68,245.0,0.334888,0.308378
271.78,245.0,0.317953,0.291801
274.05,245.0,0.302805,0.276789
276.33,245.0,0.289494,0.263745
278.43,245.0,0.277941,0.252362
280.7,245.0,0.267833,0.242214
282.8,245.0,0.258566,0.233089
285.08,245.0,0.249645,0.224235
287.35,245.0,0.240942,0.215624
289.63,245.0,0.232122,0.20698
291.73,245.0,0.223446,0.198412
294.0,245.0,0.215319,0.190433
296.1,245.0,0.207938,0.183298
298.38,245.0,0.200822,0.176025
300.65,245.0,0.194651,0.170018
302.93,245.0,0.188933,0.164253
305.03,245.0,0.184466,0.159839
307.3,245.0,0.179931,0.155363
309.58,245.0,0.17462,0.150202
311.68,245.0,0.168385,0.144087
313.95,245.0,0.16109,0.136857
316.23,245.0,0.153748,0.129602
318.33,245.0,0.145849,0.121826
320.6,245.0,0.13755,0.113681
322.7,245.0,0.129642,0.105877
324.98,245.0,0.1219,0.098209
327.25,245.0,0.115316,0.091734
329.35,245.0,0.108511,0.085042
331.63,245.0,0.101056,0.077738
333.9,245.0,0.091419,0.068138
336.0,245.0,0.078893,0.055819
338.28,245.0,0.063715,0.04076
340.38,245.0,0.045933,0.02336
342.65,245.0,0.025471,0.003126
344.93,245.0,7e-05,-0.021997
347.2,245.0,-0.028353,-0.050189
349.3,245.0,-0.058312,-0.079572
351.58,245.0,-0.090817,-0.111695
353.68,245.0,-0.125919,-0.146322
355.95,245.0,-0.161236,-0.181288
358.23,245.0,-0.197425,-0.217074
360.33,245.0,-0.2324,-0.251467
362.6,245.0,-0.264677,-0.283327
364.88,245.0,-0.29488,-0.313176
366.98,245.0,-0.321168,-0.339098
369.25,245.0,-0.341578,-0.359113
371.53,245.0,-0.355416,-0.372973
373.63,245.0,-0.36264,-0.380247
375.9,245.0,-0.361728,-0.379202
378.18,245.0,-0.351892,-0.369409
380.28,245.0,-0.33378,-0.351556
382.55,245.0,-0.306319,-0.324569
384.83,245.0,-0.269933,-0.288571
386.93,245.0,-0.225974,-0.245308
389.2,245.0,-0.17289,-0.192902
391.48,245.0,-0.114233,-0.135096
393.58,245.0,-0.049994,-0.071547
395.85,245.0,0.021614,-0.000854
398.13,245.0,0.089254,0.065782
400.23,245.0,0.160128,0.135757
402.5,245.0,0.230159,0.204793
404.6,245.0,0.296179,0.270064
406.88,245.0,0.356129,0.32938
409.15,245.0,0.411308,0.38385
411.25,245.0,0.45872,0.430479
413.53,245.0,0.500384,0.471739
415.8,245.0,0.532254,0.503461
417.9,245.0,0.555513,0.526218
420.18,245.0,0.570652,0.541336
422.28,245.0,0.577531,0.54815
424.55,245.0,0.576363,0.546995
426.83,245.0,0.56864,0.539425
428.93,245.0,0.555713,0.526379
431.2,245.0,0.538794,0.509937
433.48,245.0,0.518218,0.489407
435.75,245.0,0.494866,0.466434
437.85,245.0,0.46884,0.440627
440.13,245.0,0.442204,0.414423
442.23,245.0,0.41579,0.388465
444.5,245.0,0.388843,0.361625
446.78,245.0,0.36201,0.33535
449.05,245.0,0.337088,0.310831
451.15,245.0,0.313631,0.287374
453.43,245.0,0.28995,0.264312
455.7,245.0,0.26771,0.2421
457.98,245.0,0.248209,0.22308
460.08,245.0,0.230483,0.205458
462.35,245.0,0.214173,0.189334
464.63,245.0,0.199377,0.1747
466.9,245.0,0.185871,0.161167
469.0,245.0,0.173896,0.149672
471.1,245.0,0.162876,0.138613
473.55,245.0,0.15308,0.128878
475.83,245.0,0.143446,0.119574
477.93,245.0,0.134078,0.110116
480.2,245.0,0.124697,0.101031
482.48,245.0,0.116188,0.092655
484.75,245.0,0.10804,0.084583
486.85,245.0,0.100252,0.076647
489.13,245.0,0.09234,0.068887
491.23,245.0,0.083724,0.060631
493.5,245.0,0.074894,0.051866
495.78,245.0,0.065446,0.042544
497.88,245.0,0.055905,0.033102
500.15,245.0,0.045976,0.023317
502.43,245.0,0.036897,0.014217
504.53,245.0,0.027664,0.005129
506.8,245.0,0.017852,-0.004659
509.08,245.0,0.006882,-0.015219
511.18,245.0,-0.00473,-0.026784
513.45,245.0,-0.017761,-0.039613
515.73,245.0,-0.031954,-0.053639
518.0,245.0,-0.0466,-0.06814
520.1,245.0,-0.062675,-0.083913
522.38,245.0,-0.080521,-0.101507
524.48,245.0,-0.100121,-0.121113
526.75,245.0,-0.122625,-0.143115
529.03,245.0,-0.145795,-0.166023
531.3,245.0,-0.171159,-0.191248
533.4,245.0,-0.199625,-0.218922
535.68,245.0,-0.229249,-0.24838
537.95,245.0,-0.26013,-0.278734
540.05,245.0,-0.291387,-0.309785
542.33,245.0,-0.32326,-0.341137
544.6,245.0,-0.353771,-0.371192
546.53,245.0,-0.383617,-0.400869
548.98,245.0,-0.410582,-0.427366
551.25,245.0,-0.432345,-0.44899
553.35,245.0,-0.44915,-0.46536
555.45,245.0,-0.459307,-0.475444
557.9,245.0,-0.461004,-0.477027
560.18,245.0,-0.453876,-0.470062
562.28,245.0,-0.437554,-0.453999
564.55,245.0,-0.411639,-0.428558
566.83,245.0,-0.374498,-0.392058
568.93,245.0,-0.329421,-0.347283
571.2,245.0,-0.275087,-0.293629
573.48,245.0,-0.213971,-0.23362
575.75,245.0,-0.145592,-0.165928
577.85,245.0,-0.072222,-0.093633
580.13,245.0,0.00369,-0.01847
582.4,245.0,0.080082,0.056872
584.5,245.0,0.158172,0.133656
586.78,245.0,0.237248,0.211977
589.05,245.0,0.312667,0.286259
591.15,245.0,0.380855,0.353708
593.43,245.0,0.438927,0.411009
595.7,245.0,0.487423,0.45892
597.98,245.0,0.52405,0.494931
600.25,245.0,0.550787,0.521567
602.35,245.0,0.569564,0.540032
604.63,245.0,0.581656,0.552223
606.73,245.0,0.587374,0.557814
609.0,245.0,0.588686,0.559127
611.1,245.0,0.585806,0.556351
613.38,245.0,0.580223,0.550966
615.65,245.0,0.571542,0.542263
617.93,245.0,0.561557,0.532291
620.03,245.0,0.550387,0.521101
622.3,245.0,0.538849,0.509752
624.4,245.0,0.526909,0.49807
626.68,245.0,0.515467,0.486616
628.95,245.0,0.50425,0.475593
631.05,245.0,0.493631,0.4653
633.33,245.0,0.48498,0.456678
635.6,245.0,0.477614,0.449423
637.88,245.0,0.471659,0.443236
639.98,245.0,0.46713,0.438923
642.25,245.0,0.464065,0.435852
644.53,245.0,0.461274,0.433166
646.63,245.0,0.459259,0.431188
649.08,245.0,0.458283,0.430002
651.18,245.0,0.457346,0.429278
653.45,245.0,0.456425,0.428615
655.55,245.0,0.455436,0.427513
657.83,245.0,0.454423,0.426416
660.1,245.0,0.453736,0.425676
662.2,245.0,0.453776,0.425781
664.48,245.0,0.454336,0.42649
666.58,245.0,0.45645,0.428526
668.85,245.0,0.459108,0.431108
671.13,245.0,0.461274,0.433008
673.4,245.0,0.462423,0.434441
675.68,245.0,0.463166,0.435162
677.78,245.0,0.463702,0.435393
680.05,245.0,0.4636,0.435565
682.15,245.0,0.46364,0.43551
684.43,245.0,0.463243,0.435122
686.7,245.0,0.462546,0.434429
688.8,245.0,0.46202,0.433859
691.08,245.0,0.461206,0.433055
693.35,245.0,0.460837,0.432882
695.63,245.0,0.460445,0.432423
697.73,245.0,0.460045,0.43206
700.0,245.0,0.460187,0.432057
702.28,245.0,0.460264,0.432229
704.38,245.0,0.461024,0.432817
706.65,245.0,0.462362,0.434244
708.75,245.0,0.463994,0.435803
711.03,245.0,0.465541,0.437328
11.55,280.0,-0.137477,-0.157829
13.65,280.0,-0.15184,-0.172052
15.93,280.0,-0.16326,-0.183377
18.2,280.0,-0.171529,-0.191618
20.3,280.0,-0.176057,-0.19582
22.75,280.0,-0.17671,-0.196652
25.03,280.0,-0.174193,-0.194079
27.13,280.0,-0.169055,-0.189018
29.4,280.0,-0.161476,-0.181673
31.68,280.0,-0.152293,-0.172419
33.95,280.0,-0.141442,-0.161723
36.05,280.0,-0.129782,-0.150235
38.33,280.0,-0.117108,-0.137715
40.6,280.0,-0.10391,-0.124554
42.7,280.0,-0.090623,-0.111667
44.98,280.0,-0.077742,-0.098848
47.25,280.0,-0.064785,-0.086165
49.35,280.0,-0.051649,-0.073201
51.63,280.0,-0.038331,-0.060075
53.73,280.0,-0.024471,-0.046304
56.0,280.0,-0.010367,-0.032296
58.28,280.0,0.00333,-0.018978
60.38,280.0,0.016028,-0.00631
62.65,280.0,0.028413,0.005957
64.93,280.0,0.040585,0.01788
67.03,280.0,0.05206,0.029386
69.3,280.0,0.062522,0.03971
71.58,280.0,0.071909,0.048788
73.85,280.0,0.080471,0.057273
75.95,280.0,0.087344,0.064324
78.23,280.0,0.09426,0.070837
80.5,280.0,0.100159,0.076746
82.6,280.0,0.1069,0.083425
84.88,280.0,0.113665,0.090122
87.15,280.0,0.120825,0.097168
89.25,280.0,0.127741,0.103847
91.53,280.0,0.134346,0.1106
93.8,280.0,0.141284,0.117208
96.08,280.0,0.147353,0.123295
98.18,280.0,0.153748,0.129383
100.45,280.0,0.159642,0.135338
102.73,280.0,0.165735,0.141398
104.83,280.0,0.170979,0.146644
107.1,280.0,0.175067,0.150708
109.38,280.0,0.178388,0.153918
111.48,280.0,0.181105,0.156653
113.75,280.0,0.183702,0.15922
116.03,280.0,0.18544,0.161053
118.13,280.0,0.187553,0.16287
120.4,280.0,0.189297,0.164863
122.68,280.0,0.190427,0.165751
124.95,280.0,0.190205,0.165686
127.05,280.0,0.189518,0.164725
129.33,280.0,0.18775,0.16316
131.43,280.0,0.184993,0.160492
133.7,280.0,0.182368,0.158077
135.8,280.0,0.178955,0.154583
138.08,280.0,0.174894,0.150529
140.35,280.0,0.169355,0.145058
142.28,280.0,0.161712,0.137682
144.73,280.0,0.152522,0.128428
147.0,280.0,0.141555,0.117571
149.28,280.0,0.128662,0.104919
151.55,280.0,0.11418,0.090544
153.65,280.0,0.097467,0.073856
155.93,280.0,0.078077,0.055129
158.2,280.0,0.055902,0.033126
160.3,280.0,0.030843,0.008172
162.58,280.0,0.002713,-0.019283
164.85,280.0,-0.02708,-0.048701
166.95,280.0,-0.057031,-0.078433
169.23,280.0,-0.08846,-0.109329
171.5,280.0,-0.121652,-0.142293
173.6,280.0,-0.152582,-0.172607
175.88,280.0,-0.181988,-0.20159
178.15,280.0,-0.207536,-0.227068
180.43,280.0,-0.227619,-0.246873
182.53,280.0,-0.241245,-0.260241
184.8,280.0,-0.248633,-0.267619
186.9,280.0,-0.248722,-0.267745
189.18,280.0,-0.240915,-0.259917
191.28,280.0,-0.224218,-0.243633
193.55,280.0,-0.195937,-0.215567
195.83,280.0,-0.15521,-0.175552
197.93,280.0,-0.105019,-0.125792
200.2,280.0,-0.045253,-0.066972
202.48,280.0,0.022436,-7.5e-05
204.75,280.0,0.094029,0.070711
207.03,280.0,0.167192,0.14288
209.3,280.0,0.24556,0.219993
211.58,280.0,0.317011,0.290643
213.68,280.0,0.385242,0.358126
215.95,280.0,0.448424,0.420495
218.23,280.0,0.508886,0.480026
220.5,280.0,0.55966,0.530303
222.6,280.0,0.602965,0.573153
224.88,280.0,0.638178,0.6077
227.15,280.0,0.665439,0.634481
229.43,280.0,0.683264,0.652478
231.7,280.0,0.691548,0.660319
233.8,280.0,0.691194,0.660232
236.08,280.0,0.683467,0.652703
238.35,280.0,0.669247,0.638569
240.45,280.0,0.649552,0.619228
242.73,280.0,0.627044,0.59689
245.0,280.0,0.600941,0.571181
247.1,280.0,0.571995,0.542617
249.38,280.0,0.542648,0.513532
251.65,280.0,0.512974,0.484475
253.75,280.0,0.483147,0.454731
256.03,280.0,0.45405,0.426182
258.3,280.0,0.427586,0.400193
260.4,280.0,0.402463,0.375421
262.68,280.0,0.378696,0.351644
264.95,280.0,0.356416,0.329863
267.05,280.0,0.337263,0.310926
269.33,280.0,0.319546,0.293258
271.6,280.0,0.303258,0.277411
273.88,280.0,0.28791,0.261937
275.98,280.0,0.273511,0.247845
278.25,280.0,0.260341,0.235027
280.53,280.0,0.248939,0.223764
282.63,280.0,0.238634,0.213671
284.9,280.0,0.229598,0.204602
287.18,280.0,0.221188,0.196213
289.28,280.0,0.213191,0.188332
291.55,280.0,0.206783,0.182057
293.83,280.0,0.201598,0.176789
295.93,280.0,0.198449,0.173841
298.2,280.0,0.196296,0.171626
300.48,280.0,0.193711,0.169035
302.58,280.0,0.190409,0.165966
304.85,280.0,0.186928,0.162464
307.13,280.0,0.18368,0.159257
309.4,280.0,0.180172,0.155695
311.5,280.0,0.176074,0.15174
313.78,280.0,0.171527,0.147242
315.88,280.0,0.165889,0.141598
318.15,280.0,0.159386,0.135107
320.43,280.0,0.152652,0.128477
322.53,280.0,0.145255,0.121379
324.8,280.0,0.137719,0.113795
327.08,280.0,0.131188,0.107362
329.18,280.0,0.12499,0.101302
331.45,280.0,0.118921,0.095249
333.73,280.0,0.111293,0.087729
335.83,280.0,0.101715,0.078259
338.1,280.0,0.088693,0.06539
340.2,280.0,0.072159,0.049158
342.48,280.0,0.053249,0.030566
344.75,280.0,0.030954,0.008616
347.03,280.0,0.006019,-0.016279
349.13,280.0,-0.021806,-0.043682
351.4,280.0,-0.050494,-0.071889
353.68,280.0,-0.080657,-0.101732
355.78,280.0,-0.110903,-0.131794
357.88,280.0,-0.142166,-0.162305
360.33,280.0,-0.173066,-0.192798
362.43,280.0,-0.20322,-0.222573
364.7,280.0,-0.231223,-0.250231
366.98,280.0,-0.256211,-0.275028
369.08,280.0,-0.27736,-0.295752
371.35,280.0,-0.293309,-0.311648
373.63,280.0,-0.303263,-0.321513
375.73,280.0,-0.306861,-0.325201
378.0,280.0,-0.303121,-0.321122
380.1,280.0,-0.290934,-0.309384
382.38,280.0,-0.270305,-0.288978
384.65,280.0,-0.241633,-0.260555
386.75,280.0,-0.205207,-0.224634
389.03,280.0,-0.160786,-0.181116
391.3,280.0,-0.111134,-0.131944
393.58,280.0,-0.055278,-0.076686
395.68,280.0,0.003739,-0.018537
397.95,280.0,0.064642,0.041355
400.23,280.0,0.127356,0.10348
402.33,280.0,0.188483,0.163936
404.43,280.0,0.248914,0.223332
406.88,280.0,0.304349,0.278076
409.15,280.0,0.353046,0.326425
411.43,280.0,0.396163,0.368662
413.53,280.0,0.431616,0.403819
415.8,280.0,0.459087,0.43112
418.08,280.0,0.480334,0.451829
420.18,280.0,0.493316,0.464922
422.45,280.0,0.499327,0.470812
424.73,280.0,0.498159,0.469672
426.83,280.0,0.490568,0.4623
429.1,280.0,0.477463,0.44921
431.38,280.0,0.459657,0.431622
433.48,280.0,0.439509,0.411582
435.75,280.0,0.416949,0.389398
438.03,280.0,0.392026,0.364768
440.13,280.0,0.365587,0.338844
442.4,280.0,0.340011,0.313622
444.68,280.0,0.314222,0.288015
446.78,280.0,0.287676,0.261909
449.05,280.0,0.262041,0.236699
451.33,280.0,0.238468,0.213274
453.6,280.0,0.21735,0.192362
455.88,280.0,0.197374,0.172738
458.15,280.0,0.178801,0.154435
460.25,280.0,0.162485,0.138431
462.53,280.0,0.148505,0.124383
464.8,280.0,0.135856,0.112119
466.9,280.0,0.124229,0.100661
469.18,280.0,0.113625,0.090199
471.28,280.0,0.104401,0.080917
473.55,280.0,0.095301,0.07206
475.83,280.0,0.08726,0.0641
478.1,280.0,0.080067,0.056857
480.2,280.0,0.073462,0.050344
482.48,280.0,0.06784,0.044845
484.58,280.0,0.062716,0.039771
486.85,280.0,0.057997,0.03523
488.95,280.0,0.053376,0.030495
491.23,280.0,0.047538,0.024993
493.5,280.0,0.041533,0.018933
495.6,280.0,0.034543,0.012073
497.88,280.0,0.027442,0.004972
500.15,280.0,0.019999,-0.002385
502.25,280.0,0.012938,-0.009311
504.53,280.0,0.005803,-0.016402
506.8,280.0,-0.001427,-0.023704
509.08,280.0,-0.008999,-0.030971
511.18,280.0,-0.01793,-0.039896
513.45,280.0,-0.027795,-0.049619
515.73,280.0,-0.038547,-0.060201
518.0,280.0,-0.049535,-0.071187
520.1,280.0,-0.061695,-0.083026
522.38,280.0,-0.074773,-0.096033
524.65,280.0,-0.090401,-0.111282
526.93,280.0,-0.106941,-0.127533
529.2,280.0,-0.125916,-0.146193
531.3,280.0,-0.145922,-0.166014
533.58,280.0,-0.167789,-0.18773
535.85,280.0,-0.191972,-0.211516
537.95,280.0,-0.217487,-0.236655
540.23,280.0,-0.242354,-0.26135
542.5,280.0,-0.267828,-0.286368
544.6,280.0,-0.293204,-0.311454
546.88,280.0,-0.317745,-0.335884
549.15,280.0,-0.339033,-0.356648
551.25,280.0,-0.356981,-0.374353
553.53,280.0,-0.371732,-0.388922
555.8,280.0,-0.380684,-0.397841
557.9,280.0,-0.383731,-0.400958
560.18,280.0,-0.379951,-0.397021
562.45,280.0,-0.368093,-0.385573
564.73,280.0,-0.348577,-0.366393
566.83,280.0,-0.321784,-0.339886
569.1,280.0,-0.285718,-0.304101
571.2,280.0,-0.243164,-0.262336
573.48,280.0,-0.193799,-0.213383
575.75,280.0,-0.139834,-0.160065
578.03,280.0,-0.079696,-0.100953
580.13,280.0,-0.01846,-0.040404
582.4,280.0,0.045578,0.02255
584.5,280.0,0.1104,0.086931
586.78,280.0,0.173459,0.149075
589.05,280.0,0.23649,0.211382
591.15,280.0,0.295957,0.269922
593.43,280.0,0.352867,0.325957
595.53,280.0,0.407667,0.380002
597.8,280.0,0.454687,0.426681
600.08,280.0,0.494666,0.466028
602.18,280.0,0.522827,0.494025
604.45,280.0,0.541246,0.511964
606.73,280.0,0.550596,0.521317
608.83,280.0,0.552195,0.522827
611.1,280.0,0.547423,0.518107
613.38,280.0,0.538323,0.509173
615.48,280.0,0.525664,0.496792
617.75,280.0,0.510116,0.481477
620.03,280.0,0.493249,0.464789
622.3,280.0,0.475578,0.447294
624.58,280.0,0.45783,0.429709
626.68,280.0,0.441061,0.413175
628.95,280.0,0.424731,0.39702
631.23,280.0,0.408529,0.381271
633.33,280.0,0.39356,0.366286
635.6,280.0,0.379235,0.352242
637.7,280.0,0.366062,0.339383
639.98,280.0,0.354392,0.327722
642.25,280.0,0.344001,0.317383
644.53,280.0,0.334755,0.308381
646.63,280.0,0.32629,0.300002
648.9,280.0,0.318991,0.292775
651.18,280.0,0.312938,0.286857
653.28,280.0,0.307587,0.281548
655.55,280.0,0.303064,0.276955
657.65,280.0,0.299759,0.273603
659.93,280.0,0.296878,0.27072
662.2,280.0,0.2945,0.268483
664.48,280.0,0.292565,0.26665
666.58,280.0,0.291077,0.26515
668.85,280.0,0.289534,0.263662
671.13,280.0,0.287781,0.261897
673.23,280.0,0.286354,0.260464
675.5,280.0,0.28503,0.259219
677.78,280.0,0.284047,0.25815
679.88,280.0,0.283036,0.257303
682.15,280.0,0.282158,0.256302
684.43,280.0,0.281043,0.255356
686.53,280.0,0.28031,0.254679
688.8,280.0,0.279641,0.253779
691.08,280.0,0.278502,0.252799
693.18,280.0,0.276863,0.251105
695.45,280.0,0.274792,0.248914
697.73,280.0,0.273064,0.247313
699.83,280.0,0.270837,0.245091
702.1,280.0,0.268714,0.243187
704.38,280.0,0.266669,0.241191
706.48,280.0,0.26511,0.239694
708.75,280.0,0.263807,0.238425
711.03,280.0,0.262728,0.237214
11.38,315.0,0.009513,-0.013103
13.65,315.0,0.029777,0.007159
15.75,315.0,0.047211,0.02438
18.03,315.0,0.061903,0.038989
20.3,315.0,0.074392,0.051213
22.4,315.0,0.084426,0.061268
24.68,315.0,0.092226,0.068995
26.95,315.0,0.097384,0.073979
29.05,315.0,0.100544,0.077257
31.33,315.0,0.10186,0.078585
33.6,315.0,0.101937,0.078317
35.7,315.0,0.10097,0.077445
37.98,315.0,0.099207,0.075754
40.25,315.0,0.096885,0.073376
42.35,315.0,0.094568,0.071111
44.63,315.0,0.091586,0.068138
46.9,315.0,0.088342,0.06499
49.0,315.0,0.084993,0.061795
51.28,315.0,0.081931,0.058773
53.38,315.0,0.079035,0.055806
55.65,315.0,0.076663,0.053471
57.93,315.0,0.074315,0.051176
60.03,315.0,0.072002,0.048795
62.3,315.0,0.069614,0.046623
64.58,315.0,0.067695,0.044586
66.68,315.0,0.065243,0.042362
68.95,315.0,0.063268,0.04035
71.05,315.0,0.061352,0.038373
73.33,315.0,0.059506,0.036678
75.43,315.0,0.057926,0.035095
77.88,315.0,0.056552,0.033668
79.98,315.0,0.055828,0.033102
82.25,315.0,0.055249,0.032381
84.35,315.0,0.054765,0.032011
86.8,315.0,0.05519,0.032205
89.08,315.0,0.055905,0.033043
91.18,315.0,0.056604,0.033702
93.45,315.0,0.05719,0.034291
95.9,315.0,0.058597,0.035575
98.18,315.0,0.060021,0.036974
100.45,315.0,0.061912,0.038949
102.55,315.0,0.063958,0.040973
105.18,315.0,0.066965,0.043844
107.45,315.0,0.069432,0.04637
109.55,315.0,0.072636,0.04946
111.83,315.0,0.076133,0.052997
114.28,315.0,0.080717,0.057371
116.38,315.0,0.085079,0.061885
118.65,315.0,0.090418,0.06718
120.93,315.0,0.095547,0.07231
123.38,315.0,0.102048,0.078662
125.65,315.0,0.107997,0.084577
127.75,315.0,0.113782,0.090218
130.03,315.0,0.11991,0.096275
132.48,315.0,0.126133,0.10223
134.75,315.0,0.130464,0.106724
137.03,315.0,0.133622,0.109676
139.13,315.0,0.134611,0.110665
141.4,315.0,0.134383,0.11048
143.68,315.0,0.13377,0.109913
145.95,315.0,0.131801,0.107997
148.05,315.0,0.128841,0.104953
150.68,315.0,0.123939,0.100193
152.78,315.0,0.11897,0.095409
155.05,315.0,0.111672,0.088215
157.33,315.0,0.102923,0.079365
159.43,315.0,0.09129,0.067932
161.7,315.0,0.079577,0.056342
163.98,315.0,0.065116,0.041959
166.08,315.0,0.049482,0.026694
168.35,315.0,0.032833,0.010332
170.45,315.0,0.01535,-0.006821
172.73,315.0,-0.003787,-0.025873
175.0,315.0,-0.022875,-0.044677
177.1,315.0,-0.040568,-0.06224
179.38,315.0,-0.056615,-0.078035
181.65,315.0,-0.069899,-0.091008
183.75,315.0,-0.079628,-0.1009
186.03,315.0,-0.085099,-0.106208
188.3,315.0,-0.085472,-0.106781
190.58,315.0,-0.079942,-0.101103
192.68,315.0,-0.067354,-0.088522
194.95,315.0,-0.046775,-0.068374
197.23,315.0,-0.018319,-0.04042
199.5,315.0,0.018721,-0.003892
201.78,315.0,0.058511,0.035431
203.88,315.0,0.104938,0.081499
206.5,315.0,0.164294,0.139851
208.78,315.0,0.218539,0.193437
210.88,315.0,0.272907,0.24722
213.15,315.0,0.326447,0.300076
215.6,315.0,0.383335,0.355969
217.88,315.0,0.429561,0.401893
219.98,315.0,0.470239,0.441862
222.25,315.0,0.504826,0.476317
224.53,315.0,0.533742,0.504379
226.8,315.0,0.552971,0.523458
229.08,315.0,0.565356,0.535886
231.18,315.0,0.570125,0.54075
233.45,315.0,0.568403,0.538991
235.73,315.0,0.559629,0.530242
238.0,315.0,0.546138,0.516862
240.28,315.0,0.528535,0.499613
242.38,315.0,0.507867,0.479312
244.65,315.0,0.484678,0.456354
246.93,315.0,0.459832,0.431872
249.03,315.0,0.436644,0.40884
251.3,315.0,0.414533,0.387275
253.58,315.0,0.393357,0.366286
255.68,315.0,0.374352,0.347399
257.95,315.0,0.355917,0.329219
260.05,315.0,0.339685,0.313184
262.33,315.0,0.324435,0.298039
264.6,315.0,0.309373,0.283298
266.7,315.0,0.295218,0.269355
268.98,315.0,0.282346,0.256681
271.25,315.0,0.271228,0.245677
273.35,315.0,0.262137,0.236524
275.63,315.0,0.255178,0.229682
277.73,315.0,0.249016,0.223751
280.0,315.0,0.243699,0.218443
282.28,315.0,0.238566,0.213415
284.38,315.0,0.234469,0.209229
286.65,315.0,0.23043,0.205433
288.93,315.0,0.226841,0.201887
291.03,315.0,0.223471,0.198308
293.3,315.0,0.219414,0.194284
295.58,315.0,0.215855,0.190849
297.68,315.0,0.212673,0.187827
299.95,315.0,0.210252,0.18552
302.23,315.0,0.208683,0.183902
304.68,315.0,0.207879,0.182883
306.78,315.0,0.207165,0.182436
309.05,315.0,0.206182,0.181586
311.33,315.0,0.204654,0.179876
313.43,315.0,0.202297,0.177605
315.7,315.0,0.199303,0.174765
317.98,315.0,0.195991,0.171191
320.25,315.0,0.191992,0.167615
322.53,315.0,0.187907,0.163314
324.63,315.0,0.183767,0.159352
326.9,315.0,0.179851,0.155298
329.18,315.0,0.17653,0.152008
331.45,315.0,0.174022,0.149642
333.55,315.0,0.171666,0.147359
335.83,315.0,0.168228,0.143927
338.1,315.0,0.162722,0.138505
340.2,315.0,0.155335,0.131043
342.48,315.0,0.145196,0.121136
344.58,315.0,0.132085,0.108191
346.85,315.0,0.116108,0.092433
348.95,315.0,0.097088,0.073745
351.23,315.0,0.076786,0.05369
353.5,315.0,0.056459,0.033591
355.78,315.0,0.034873,0.012411
358.05,315.0,0.013308,-0.009077
360.15,315.0,-0.008645,-0.030549
362.43,315.0,-0.029853,-0.051563
364.53,315.0,-0.049357,-0.070934
366.8,315.0,-0.068645,-0.089726
369.08,315.0,-0.085774,-0.106787
371.18,315.0,-0.101054,-0.121988
373.45,315.0,-0.113131,-0.133888
375.55,315.0,-0.121282,-0.141935
377.83,315.0,-0.124184,-0.144662
380.1,315.0,-0.12228,-0.142764
382.2,315.0,-0.113131,-0.133999
384.48,315.0,-0.097872,-0.118778
386.75,315.0,-0.07676,-0.097829
388.85,315.0,-0.051409,-0.072863
391.13,315.0,-0.02163,-0.043636
393.4,315.0,0.0141,-0.008374
395.68,315.0,0.050523,0.027636
397.78,315.0,0.08982,0.066463
400.05,315.0,0.12987,0.105883
402.15,315.0,0.168828,0.144349
404.43,315.0,0.20746,0.182553
406.7,315.0,0.242565,0.217192
408.8,315.0,0.274293,0.248539
411.08,315.0,0.301795,0.275843
413.35,315.0,0.324179,0.297858
415.63,315.0,0.339962,0.313591
417.73,315.0,0.350482,0.32381
420.0,315.0,0.354885,0.328224
422.28,315.0,0.354463,0.327793
424.38,315.0,0.349826,0.323261
426.65,315.0,0.341145,0.314672
428.75,315.0,0.330008,0.303776
431.03,315.0,0.316404,0.290165
433.3,315.0,0.301065,0.274962
435.58,315.0,0.284598,0.258696
437.85,315.0,0.267263,0.241764
439.95,315.0,0.250661,0.225094
442.23,315.0,0.234648,0.209481
444.5,315.0,0.218465,0.193379
446.6,315.0,0.202836,0.178061
448.88,315.0,0.188286,0.163807
450.98,315.0,0.174639,0.150406
453.25,315.0,0.162205,0.138012
455.53,315.0,0.150532,0.126447
457.63,315.0,0.139364,0.115332
459.9,315.0,0.128397,0.104657
462.18,315.0,0.117984,0.094454
464.45,315.0,0.108739,0.085409
466.55,315.0,0.100849,0.077513
468.65,315.0,0.093893,0.070628
471.1,315.0,0.087587,0.064281
473.38,315.0,0.082251,0.059047
475.48,315.0,0.077701,0.054272
477.75,315.0,0.072883,0.04979
480.03,315.0,0.068594,0.04548
482.3,315.0,0.063835,0.040825
484.4,315.0,0.059731,0.036746
486.68,315.0,0.05609,0.033357
488.78,315.0,0.052562,0.0297
491.05,315.0,0.048782,0.026062
493.33,315.0,0.04475,0.022156
495.43,315.0,0.041318,0.01852
497.7,315.0,0.037612,0.015049
499.98,315.0,0.034189,0.01158
502.08,315.0,0.03125,0.008807
504.35,315.0,0.028197,0.005696
506.45,315.0,0.024904,0.002553
508.73,315.0,0.02129,-0.001276
511.0,315.0,0.017396,-0.004893
513.1,315.0,0.012476,-0.009933
515.38,315.0,0.006235,-0.015925
517.65,315.0,-0.000109,-0.022074
519.93,315.0,-0.007364,-0.029422
522.2,315.0,-0.015155,-0.037311
524.3,315.0,-0.023926,-0.045666
526.58,315.0,-0.032672,-0.054579
528.68,315.0,-0.042647,-0.064153
530.95,315.0,-0.053679,-0.074982
533.23,315.0,-0.066449,-0.087749
535.5,315.0,-0.080312,-0.101603
537.78,315.0,-0.096227,-0.117182
540.05,315.0,-0.112308,-0.13318
542.15,315.0,-0.12883,-0.14952
544.43,315.0,-0.145444,-0.165675
546.53,315.0,-0.161282,-0.181365
548.8,315.0,-0.176137,-0.1959
551.08,315.0,-0.189548,-0.209138
553.18,315.0,-0.200493,-0.219911
555.45,315.0,-0.208482,-0.227745
557.73,315.0,-0.212517,-0.231812
559.83,315.0,-0.212625,-0.231723
562.1,315.0,-0.207514,-0.226889
564.38,315.0,-0.197333,-0.217086
566.65,315.0,-0.181846,-0.201821
568.75,315.0,-0.161529,-0.181763
571.03,315.0,-0.136325,-0.156729
573.13,315.0,-0.106341,-0.127185
575.4,315.0,-0.071085,-0.092364
577.68,315.0,-0.033993,-0.055743
579.78,315.0,0.007787,-0.014542
582.05,315.0,0.049167,0.026241
584.33,315.0,0.091638,0.068376
586.6,315.0,0.13381,0.109817
588.88,315.0,0.178841,0.154257
591.15,315.0,0.216321,0.191419
593.43,315.0,0.249657,0.224398
595.53,315.0,0.280008,0.254278
597.8,315.0,0.30734,0.280895
600.08,315.0,0.3271,0.301
602.35,315.0,0.34202,0.315442
604.63,315.0,0.351752,0.325122
606.9,315.0,0.357044,0.330091
609.0,315.0,0.357738,0.331009
611.28,315.0,0.354407,0.327734
613.38,315.0,0.348172,0.321681
615.65,315.0,0.339195,0.312491
617.93,315.0,0.328307,0.302048
620.2,315.0,0.316601,0.290353
622.48,315.0,0.304463,0.278403
624.58,315.0,0.292593,0.266666
626.85,315.0,0.281706,0.255972
629.13,315.0,0.272208,0.246696
631.4,315.0,0.26523,0.239706
633.5,315.0,0.261739,0.236025
635.95,315.0,0.262088,0.236367
638.23,315.0,0.267041,0.241447
640.33,315.0,0.276918,0.251299
642.6,315.0,0.290144,0.264404
644.88,315.0,0.30319,0.277158
647.15,315.0,0.312861,0.286496
649.25,315.0,0.317149,0.290874
651.53,315.0,0.317094,0.291096
653.8,315.0,0.31348,0.287254
656.08,315.0,0.307423,0.281089
658.35,315.0,0.299789,0.27373
660.45,315.0,0.291582,0.265763
662.73,315.0,0.283483,0.257698
665.0,315.0,0.276031,0.250338
667.28,315.0,0.26966,0.244022
669.38,315.0,0.263973,0.238434
671.65,315.0,0.259802,0.23442
673.93,315.0,0.256089,0.230701
676.03,315.0,0.25303,0.227719
678.3,315.0,0.250381,0.225073
680.58,315.0,0.24828,0.222916
682.68,315.0,0.24612,0.220815
684.95,315.0,0.244534,0.219352
687.23,315.0,0.243529,0.218141
689.5,315.0,0.242969,0.217688
691.6,315.0,0.242639,0.217303
693.88,315.0,0.243077,0.217722
696.15,315.0,0.243477,0.218329
698.25,315.0,0.244158,0.218736
700.53,315.0,0.244826,0.219642
702.8,315.0,0.245553,0.22043
704.9,315.0,0.246345,0.220935
707.18,315.0,0.247075,0.221696
709.45,315.0,0.247735,0.222322
11.38,350.0,0.17308,0.148298
13.48,350.0,0.183902,0.159312
15.75,350.0,0.19312,0.168465
17.85,350.0,0.201231,0.176435
20.13,350.0,0.20804,0.183064
22.4,350.0,0.213249,0.188188
24.68,350.0,0.217374,0.192464
26.95,350.0,0.220359,0.195153
29.05,350.0,0.222137,0.196906
31.33,350.0,0.222963,0.197772
33.6,350.0,0.222793,0.197719
35.88,350.0,0.221986,0.196968
37.98,350.0,0.220461,0.19551
40.25,350.0,0.218249,0.193298
42.53,350.0,0.214802,0.189635
44.8,350.0,0.211182,0.186361
47.08,350.0,0.207279,0.182273
49.18,350.0,0.202651,0.177938
51.45,350.0,0.198018,0.173311
53.55,350.0,0.192993,0.168225
55.83,350.0,0.187541,0.162695
58.1,350.0,0.182266,0.157818
60.38,350.0,0.17666,0.152387
62.48,350.0,0.171663,0.14726
64.75,350.0,0.168188,0.143853
67.03,350.0,0.168366,0.144167
69.3,350.0,0.172544,0.14816
71.4,350.0,0.178446,0.153912
73.68,350.0,0.181847,0.157568
75.78,350.0,0.181278,0.156866
78.05,350.0,0.175227,0.150843
80.33,350.0,0.164386,0.140138
82.6,350.0,0.149928,0.126111
84.7,350.0,0.132547,0.108727
86.98,350.0,0.114078,0.090551
89.25,350.0,0.095852,0.072516
91.53,350.0,0.078043,0.054728
93.63,350.0,0.062029,0.039026
95.9,350.0,0.047941,0.025166
98.0,350.0,0.03601,0.013416
100.28,350.0,0.026395,0.003946
102.55,350.0,0.018798,-0.003873
104.65,350.0,0.013148,-0.009298
106.93,350.0,0.008856,-0.013439
109.2,350.0,0.006047,-0.016273
111.3,350.0,0.005283,-0.016861
113.58,350.0,0.005415,-0.016778
115.85,350.0,0.006512,-0.015771
118.13,350.0,0.008668,-0.013639
120.23,350.0,0.011232,-0.010937
122.5,350.0,0.014291,-0.008081
124.78,350.0,0.017387,-0.004896
126.88,350.0,0.02064,-0.001905
129.15,350.0,0.024368,0.001986
131.25,350.0,0.028385,0.005948
133.53,350.0,0.031654,0.009134
135.8,350.0,0.034509,0.012073
137.9,350.0,0.036533,0.014097
140.18,350.0,0.037618,0.015264
142.45,350.0,0.037892,0.015431
144.73,350.0,0.036638,0.013943
146.83,350.0,0.033591,0.011007
149.1,350.0,0.028884,0.00641
151.38,350.0,0.021284,-0.001131
153.48,350.0,0.011888,-0.0105
155.75,350.0,-0.000164,-0.022136
158.03,350.0,-0.014717,-0.036649
160.13,350.0,-0.030879,-0.052441
162.4,350.0,-0.048023,-0.069782
164.68,350.0,-0.067644,-0.088972
166.78,350.0,-0.088319,-0.109163
169.05,350.0,-0.110934,-0.131643
171.15,350.0,-0.134806,-0.155204
173.43,350.0,-0.155592,-0.175543
175.7,350.0,-0.177,-0.196984
177.98,350.0,-0.197385,-0.217089
180.25,350.0,-0.215404,-0.234625
182.53,350.0,-0.226242,-0.245398
184.8,350.0,-0.23143,-0.250629
187.08,350.0,-0.230084,-0.249218
189.18,350.0,-0.222209,-0.241464
191.45,350.0,-0.206488,-0.226014
193.73,350.0,-0.183485,-0.203423
195.83,350.0,-0.152422,-0.172561
198.1,350.0,-0.113405,-0.134237
200.38,350.0,-0.06594,-0.087265
202.65,350.0,-0.012706,-0.034881
204.75,350.0,0.045307,0.02255
207.03,350.0,0.107091,0.083542
209.3,350.0,0.171241,0.146758
211.58,350.0,0.232941,0.207605
213.68,350.0,0.292587,0.266379
215.95,350.0,0.348092,0.321394
218.05,350.0,0.400341,0.372892
220.33,350.0,0.446804,0.418994
222.6,350.0,0.488289,0.459798
224.88,350.0,0.522725,0.493837
227.33,350.0,0.551847,0.522364
229.43,350.0,0.570128,0.540685
231.7,350.0,0.581499,0.552066
233.98,350.0,0.584502,0.554965
236.25,350.0,0.580673,0.551061
238.53,350.0,0.570457,0.541018
240.8,350.0,0.555926,0.526825
242.9,350.0,0.538954,0.509798
245.18,350.0,0.520692,0.491779
247.28,350.0,0.501718,0.473005
249.55,350.0,0.481838,0.4536
251.83,350.0,0.461594,0.433495
253.93,350.0,0.441955,0.414219
256.2,350.0,0.422913,0.395365
258.48,350.0,0.404453,0.377069
260.58,350.0,0.387143,0.36006
262.85,350.0,0.371052,0.344102
265.13,350.0,0.356471,0.329802
267.4,350.0,0.343412,0.316801
269.5,350.0,0.33075,0.30437
271.78,350.0,0.318184,0.292007
274.05,350.0,0.305723,0.279605
276.15,350.0,0.293862,0.267932
278.43,350.0,0.282639,0.256764
280.7,350.0,0.272146,0.24645
282.98,350.0,0.262423,0.23677
285.08,350.0,0.25511,0.229765
287.35,350.0,0.249056,0.223754
289.63,350.0,0.244454,0.219161
291.9,350.0,0.240332,0.215116
294.0,350.0,0.237254,0.211915
296.28,350.0,0.235597,0.210301
298.38,350.0,0.23482,0.20954
300.65,350.0,0.235162,0.209851
302.93,350.0,0.236096,0.211
305.03,350.0,0.236336,0.211099
307.3,350.0,0.236324,0.210976
309.58,350.0,0.235359,0.210159
311.85,350.0,0.233533,0.208326
313.95,350.0,0.231311,0.206222
316.23,350.0,0.228696,0.20357
318.33,350.0,0.22555,0.200335
320.6,350.0,0.221912,0.197032
322.88,350.0,0.217716,0.19279
324.98,350.0,0.212368,0.187491
327.25,350.0,0.20661,0.181958
329.35,350.0,0.19995,0.175353
331.63,350.0,0.19377,0.169263
333.9,350.0,0.188308,0.163745
336.0,350.0,0.183958,0.159611
338.28,350.0,0.178502,0.15417
340.38,350.0,0.171767,0.147322
342.65,350.0,0.16242,0.138449
344.93,350.0,0.150883,0.126681
347.2,350.0,0.136576,0.112766
349.3,350.0,0.120085,0.096429
351.58,350.0,0.10104,0.077649
353.68,350.0,0.079975,0.056894
355.95,350.0,0.057384,0.034451
358.23,350.0,0.033933,0.011435
360.33,350.0,0.009402,-0.012875
362.6,350.0,-0.015142,-0.036994
364.88,350.0,-0.03773,-0.059437
366.98,350.0,-0.058026,-0.079274
369.25,350.0,-0.075586,-0.096661
371.53,350.0,-0.090004,-0.111076
373.8,350.0,-0.100392,-0.121156
375.9,350.0,-0.104693,-0.12541
378.18,350.0,-0.102434,-0.123436
380.28,350.0,-0.094286,-0.115269
382.55,350.0,-0.080038,-0.101205
384.83,350.0,-0.060093,-0.081535
387.1,350.0,-0.035072,-0.056834
389.2,350.0,-0.004776,-0.027003
391.48,350.0,0.030076,0.007618
393.58,350.0,0.067796,0.044821
395.85,350.0,0.109901,0.086345
398.13,350.0,0.153289,0.129096
400.23,350.0,0.198126,0.173468
402.5,350.0,0.242001,0.216681
404.78,350.0,0.28494,0.259124
406.88,350.0,0.325295,0.299038
409.15,350.0,0.361126,0.33425
411.43,350.0,0.393847,0.366764
413.53,350.0,0.420655,0.393227
415.8,350.0,0.441795,0.413933
417.9,350.0,0.456856,0.428748
420.18,350.0,0.466542,0.438357
422.45,350.0,0.469928,0.441678
424.55,350.0,0.467771,0.439592
426.83,350.0,0.460984,0.432787
429.1,350.0,0.450763,0.422781
431.2,350.0,0.437559,0.409752
433.48,350.0,0.421983,0.3945
435.58,350.0,0.404928,0.37759
437.85,350.0,0.386413,0.359478
440.13,350.0,0.366185,0.33946
442.4,350.0,0.346095,0.319657
444.5,350.0,0.326644,0.300335
446.78,350.0,0.307214,0.281108
449.05,350.0,0.288462,0.262725
451.15,350.0,0.270846,0.245024
453.43,350.0,0.254232,0.229022
455.53,350.0,0.238865,0.213533
457.8,350.0,0.224756,0.199851
460.08,350.0,0.212017,0.186921
462.18,350.0,0.200923,0.17605
464.45,350.0,0.191003,0.166287
466.73,350.0,0.181792,0.15722
469.0,350.0,0.172442,0.14803
471.1,350.0,0.163862,0.139512
473.38,350.0,0.156053,0.131798
475.48,350.0,0.148853,0.124666
477.75,350.0,0.143129,0.119201
480.03,350.0,0.138625,0.114796
482.13,350.0,0.13478,0.110929
484.4,350.0,0.131687,0.107846
486.5,350.0,0.127618,0.103785
488.95,350.0,0.122245,0.09861
491.23,350.0,0.116832,0.093234
493.33,350.0,0.110209,0.086567
495.6,350.0,0.103841,0.080412
497.88,350.0,0.097421,0.074072
499.98,350.0,0.091832,0.068422
502.25,350.0,0.086361,0.06316
504.53,350.0,0.081462,0.058246
506.63,350.0,0.075846,0.052701
508.9,350.0,0.069762,0.046771
511.18,350.0,0.063625,0.040726
513.28,350.0,0.056663,0.033869
515.55,350.0,0.049063,0.026567
517.83,350.0,0.041422,0.018681
519.93,350.0,0.032371,0.009882
522.2,350.0,0.022723,0.000298
524.48,350.0,0.011697,-0.010829
526.75,350.0,-0.000987,-0.023266
528.85,350.0,-0.016119,-0.038014
531.13,350.0,-0.033436,-0.054917
533.4,350.0,-0.052551,-0.074079
535.5,350.0,-0.074036,-0.095176
537.78,350.0,-0.097345,-0.118158
540.05,350.0,-0.121929,-0.14244
542.15,350.0,-0.146054,-0.166248
544.43,350.0,-0.171156,-0.191094
546.7,350.0,-0.196627,-0.216264
548.98,350.0,-0.221744,-0.241039
551.08,350.0,-0.24444,-0.263445
553.35,350.0,-0.265543,-0.284209
555.45,350.0,-0.283937,-0.302379
557.73,350.0,-0.298063,-0.316245
560.0,350.0,-0.307225,-0.325234
562.1,350.0,-0.310755,-0.328762
564.38,350.0,-0.308004,-0.326196
566.65,350.0,-0.298706,-0.316966
568.93,350.0,-0.282468,-0.301143
571.03,350.0,-0.260201,-0.278947
573.3,350.0,-0.232296,-0.251424
575.58,350.0,-0.198771,-0.21834
577.68,350.0,-0.159529,-0.17964
579.95,350.0,-0.117878,-0.138543
582.05,350.0,-0.070925,-0.092268
584.33,350.0,-0.022989,-0.045065
586.6,350.0,0.026912,0.004559
588.88,350.0,0.075156,0.051983
590.98,350.0,0.121943,0.098252
593.25,350.0,0.16482,0.140655
595.53,350.0,0.205399,0.180372
597.63,350.0,0.239306,0.214179
599.73,350.0,0.267584,0.241918
602.0,350.0,0.290165,0.264358
604.28,350.0,0.306613,0.280415
606.55,350.0,0.316348,0.290011
608.83,350.0,0.32043,0.294179
611.1,350.0,0.319112,0.292873
613.2,350.0,0.312944,0.286897
615.48,350.0,0.302768,0.276752
617.75,350.0,0.289195,0.263449
619.85,350.0,0.273194,0.247451
622.13,350.0,0.25551,0.229993
624.4,350.0,0.236826,0.211619
626.5,350.0,0.217479,0.192288
628.78,350.0,0.197057,0.172504
630.88,350.0,0.176696,0.152377
633.15,350.0,0.15759,0.133376
635.25,350.0,0.139876,0.115812
637.53,350.0,0.123348,0.099571
639.8,350.0,0.108363,0.084901
641.9,350.0,0.094817,0.071604
644.18,350.0,0.0821,0.05881
646.63,350.0,0.069981,0.046943
648.73,350.0,0.061253,0.038246
651.0,350.0,0.053995,0.031047
653.28,350.0,0.047347,0.024414
655.55,350.0,0.041709,0.019118
657.83,350.0,0.03763,0.015092
659.93,350.0,0.034161,0.011703
662.2,350.0,0.031447,0.009029
664.3,350.0,0.029965,0.007516
666.58,350.0,0.028274,0.005809
668.85,350.0,0.027384,0.004879
671.13,350.0,0.02682,0.004546
673.23,350.0,0.026925,0.004454
675.5,350.0,0.026952,0.004553
677.78,350.0,0.026882,0.004488
680.05,350.0,0.027177,0.004762
682.15,350.0,0.027371,0.004848
684.43,350.0,0.027664,0.00519
686.7,350.0,0.028021,0.005677
688.98,350.0,0.028289,0.005874
691.25,350.0,0.029121,0.006614
693.35,350.0,0.029941,0.007344
695.63,350.0,0.030588,0.008031
697.73,350.0,0.031549,0.008912
700.0,350.0,0.032938,0.010418
702.28,350.0,0.034451,0.011845
704.38,350.0,0.035236,0.01255
706.65,350.0,0.035286,0.012864
708.75,350.0,0.035119,0.012602
711.03,350.0,0.035461,0.012747
11.73,385.0,0.345729,0.318455
13.83,385.0,0.35494,0.328206
16.28,385.0,0.363304,0.336468
18.38,385.0,0.369691,0.342574
20.65,385.0,0.374173,0.347029
22.93,385.0,0.376684,0.349725
25.2,385.0,0.377078,0.35006
27.3,385.0,0.375929,0.348779
29.58,385.0,0.373646,0.346656
31.68,385.0,0.370328,0.343529
33.95,385.0,0.366234,0.339543
36.05,385.0,0.362362,0.335553
38.33,385.0,0.358341,0.331585
40.6,385.0,0.354287,0.327476
42.88,385.0,0.349897,0.323267
44.98,385.0,0.344644,0.318169
47.25,385.0,0.338545,0.312097
49.7,385.0,0.330532,0.303976
51.8,385.0,0.322463,0.296185
54.08,385.0,0.313289,0.287103
56.35,385.0,0.302852,0.276733
58.45,385.0,0.29161,0.265905
60.73,385.0,0.279176,0.25352
62.83,385.0,0.265553,0.239999
65.1,385.0,0.251582,0.226271
67.38,385.0,0.235695,0.210492
69.65,385.0,0.217396,0.192581
71.75,385.0,0.197531,0.172861
74.03,385.0,0.176376,0.152035
76.3,385.0,0.155979,0.131626
78.4,385.0,0.138634,0.114765
80.68,385.0,0.12669,0.103037
82.95,385.0,0.118982,0.095427
85.05,385.0,0.112174,0.088517
87.33,385.0,0.104642,0.08129
89.6,385.0,0.094247,0.070954
91.7,385.0,0.081044,0.057855
93.98,385.0,0.066056,0.042987
96.25,385.0,0.048912,0.026145
98.53,385.0,0.032904,0.010156
100.63,385.0,0.01743,-0.004967
102.9,385.0,0.002864,-0.019372
105.18,385.0,-0.010112,-0.03204
107.45,385.0,-0.020179,-0.042046
109.55,385.0,-0.027376,-0.049175
111.83,385.0,-0.032561,-0.054215
114.28,385.0,-0.035358,-0.057154
116.55,385.0,-0.036667,-0.058408
118.65,385.0,-0.0368,-0.058315
120.93,385.0,-0.03538,-0.057102
123.2,385.0,-0.033439,-0.055315
125.48,385.0,-0.030765,-0.052508
127.58,385.0,-0.027699,-0.049348
129.85,385.0,-0.024767,-0.046479
131.95,385.0,-0.022607,-0.044511
134.23,385.0,-0.021313,-0.043146
136.5,385.0,-0.020993,-0.042786
138.6,385.0,-0.021991,-0.043855
140.88,385.0,-0.024234,-0.04603
143.15,385.0,-0.027804,-0.049619
145.25,385.0,-0.033017,-0.054733
147.53,385.0,-0.039582,-0.061338
149.8,385.0,-0.047964,-0.069634
151.9,385.0,-0.058565,-0.079859
154.18,385.0,-0.070441,-0.091655
156.28,385.0,-0.084782,-0.105808
158.55,385.0,-0.101381,-0.122302
160.83,385.0,-0.119973,-0.140352
162.93,385.0,-0.138057,-0.158374
165.2,385.0,-0.157065,-0.177157
167.48,385.0,-0.17732,-0.197095
169.58,385.0,-0.198651,-0.218186
171.85,385.0,-0.219837,-0.238975
174.13,385.0,-0.239732,-0.258663
176.23,385.0,-0.258093,-0.276821
178.5,385.0,-0.272557,-0.291137
180.78,385.0,-0.283019,-0.301313
183.05,385.0,-0.28862,-0.306873
185.15,385.0,-0.289082,-0.307465
187.43,385.0,-0.283962,-0.302545
189.7,385.0,-0.273087,-0.291571
191.8,385.0,-0.255869,-0.274705
194.08,385.0,-0.23277,-0.251849
196.35,385.0,-0.201796,-0.221208
198.45,385.0,-0.163824,-0.183784
200.73,385.0,-0.119184,-0.139813
203.0,385.0,-0.06599,-0.08745
205.28,385.0,-0.008882,-0.03102
207.38,385.0,0.053702,0.030686
209.65,385.0,0.120135,0.096361
211.93,385.0,0.186669,0.162017
214.03,385.0,0.253653,0.228184
216.3,385.0,0.320738,0.29429
218.58,385.0,0.38392,0.356641
220.68,385.0,0.44124,0.413363
222.95,385.0,0.493575,0.464955
225.05,385.0,0.53713,0.507968
227.33,385.0,0.572626,0.54315
229.6,385.0,0.598652,0.56872
231.88,385.0,0.615981,0.585772
233.98,385.0,0.624404,0.594351
236.25,385.0,0.626104,0.595818
238.35,385.0,0.621289,0.591178
240.63,385.0,0.611188,0.581206
242.9,385.0,0.596388,0.566434
245.0,385.0,0.57786,0.548551
247.28,385.0,0.556437,0.527056
249.55,385.0,0.533492,0.504533
251.83,385.0,0.509382,0.480803
254.1,385.0,0.484515,0.456065
256.2,385.0,0.458945,0.430947
258.48,385.0,0.436354,0.408655
260.75,385.0,0.415606,0.38815
262.85,385.0,0.39665,0.369296
265.13,385.0,0.379558,0.352288
267.4,385.0,0.364278,0.337396
269.68,385.0,0.351665,0.32499
271.78,385.0,0.341089,0.314598
274.05,385.0,0.331826,0.305273
276.33,385.0,0.324253,0.298027
278.6,385.0,0.317097,0.291056
280.88,385.0,0.31141,0.285255
282.98,385.0,0.305556,0.279444
285.25,385.0,0.300449,0.274303
287.35,385.0,0.295405,0.269315
289.63,385.0,0.290332,0.264561
291.9,385.0,0.285751,0.259996
294.0,385.0,0.28064,0.254848
296.28,385.0,0.274829,0.249198
298.55,385.0,0.268877,0.243301
300.65,385.0,0.261872,0.236083
303.1,385.0,0.253483,0.228138
305.38,385.0,0.246228,0.220766
307.48,385.0,0.238677,0.213545
309.93,385.0,0.231444,0.205985
312.03,385.0,0.225024,0.199783
314.3,385.0,0.219771,0.194842
316.58,385.0,0.214786,0.189863
318.68,385.0,0.210384,0.185557
320.95,385.0,0.205399,0.180655
323.23,385.0,0.199737,0.175095
325.5,385.0,0.193369,0.16877
327.6,385.0,0.185486,0.160754
329.88,385.0,0.176034,0.151847
332.15,385.0,0.165591,0.14137
334.43,385.0,0.15438,0.130246
336.53,385.0,0.142479,0.118459
338.8,385.0,0.129605,0.105837
340.9,385.0,0.115369,0.091826
343.18,385.0,0.09921,0.075936
345.45,385.0,0.082217,0.059214
347.55,385.0,0.065717,0.042778
349.83,385.0,0.050477,0.027827
352.1,385.0,0.037368,0.014688
354.2,385.0,0.024851,0.002575
356.48,385.0,0.012374,-0.010007
358.58,385.0,-0.001507,-0.023519
361.03,385.0,-0.017086,-0.038962
363.3,385.0,-0.032191,-0.05412
365.58,385.0,-0.046824,-0.06859
367.68,385.0,-0.06151,-0.082977
369.95,385.0,-0.074046,-0.095062
372.23,385.0,-0.083574,-0.104634
374.5,385.0,-0.088229,-0.10916
376.78,385.0,-0.087548,-0.10863
379.05,385.0,-0.080564,-0.101766
381.15,385.0,-0.066895,-0.088257
383.43,385.0,-0.046689,-0.068192
385.7,385.0,-0.020552,-0.042219
387.8,385.0,0.012652,-0.009671
390.08,385.0,0.050064,0.027294
392.18,385.0,0.091841,0.068637
394.45,385.0,0.138412,0.114324
396.73,385.0,0.186388,0.161774
398.83,385.0,0.235566,0.210384
401.1,385.0,0.284466,0.258646
403.38,385.0,0.332396,0.305994
405.48,385.0,0.379644,0.35258
407.75,385.0,0.421025,0.393662
410.03,385.0,0.458511,0.430288
412.3,385.0,0.492429,0.464
414.58,385.0,0.52043,0.491326
416.85,385.0,0.540738,0.511594
419.13,385.0,0.555719,0.526292
421.23,385.0,0.565762,0.536203
423.5,385.0,0.570285,0.540799
425.78,385.0,0.570097,0.540682
427.88,385.0,0.565331,0.535772
430.15,385.0,0.556055,0.526758
432.25,385.0,0.543926,0.514814
434.53,385.0,0.529413,0.500495
436.8,385.0,0.512155,0.483397
439.08,385.0,0.493461,0.465008
441.18,385.0,0.473504,0.445282
443.45,385.0,0.452734,0.424761
445.73,385.0,0.432549,0.404875
447.83,385.0,0.412888,0.385495
450.1,385.0,0.393073,0.365849
452.03,385.0,0.373449,0.346342
454.48,385.0,0.354685,0.328271
456.75,385.0,0.33791,0.311496
459.03,385.0,0.321903,0.29571
461.13,385.0,0.306823,0.280747
463.4,385.0,0.292898,0.267152
465.68,385.0,0.281077,0.255245
467.95,385.0,0.270985,0.245332
470.05,385.0,0.262008,0.236447
472.33,385.0,0.25372,0.228422
474.6,385.0,0.24624,0.221074
476.7,385.0,0.238992,0.213794
478.98,385.0,0.232802,0.207621
481.25,385.0,0.226909,0.201835
483.35,385.0,0.220785,0.195834
485.63,385.0,0.213496,0.188677
487.9,385.0,0.206311,0.181505
490.0,385.0,0.198502,0.173721
492.28,385.0,0.190988,0.16637
494.55,385.0,0.183058,0.15861
496.65,385.0,0.174981,0.150578
498.93,385.0,0.166986,0.142744
501.03,385.0,0.159318,0.135147
503.3,385.0,0.15177,0.127722
505.58,385.0,0.145039,0.121006
507.68,385.0,0.138422,0.114482
509.95,385.0,0.132168,0.108295
512.23,385.0,0.124897,0.101358
514.33,385.0,0.116937,0.093409
516.6,385.0,0.107208,0.083594
518.7,385.0,0.096188,0.072941
520.98,385.0,0.083357,0.060064
523.25,385.0,0.06881,0.045779
525.53,385.0,0.05332,0.030363
527.63,385.0,0.036339,0.013712
529.9,385.0,0.017569,-0.004714
532.18,385.0,-0.00347,-0.025654
534.28,385.0,-0.025934,-0.047736
536.55,385.0,-0.049086,-0.070552
538.83,385.0,-0.073547,-0.094699
540.93,385.0,-0.099203,-0.120062
543.2,385.0,-0.125903,-0.146341
545.48,385.0,-0.151855,-0.172025
547.75,385.0,-0.177912,-0.197597
549.85,385.0,-0.203894,-0.223383
552.13,385.0,-0.228155,-0.247379
554.58,385.0,-0.252912,-0.271716
556.85,385.0,-0.270851,-0.289603
559.13,385.0,-0.28472,-0.302998
561.23,385.0,-0.293269,-0.311553
563.33,385.0,-0.296011,-0.314289
565.78,385.0,-0.291685,-0.310077
568.05,385.0,-0.280848,-0.29919
570.15,385.0,-0.263475,-0.282289
572.6,385.0,-0.235666,-0.25452
574.88,385.0,-0.203361,-0.222825
577.15,385.0,-0.163999,-0.183968
579.43,385.0,-0.120309,-0.1409
581.7,385.0,-0.06973,-0.090937
583.8,385.0,-0.017872,-0.039914
586.08,385.0,0.036503,0.013819
588.35,385.0,0.090384,0.066937
590.63,385.0,0.149063,0.124827
592.9,385.0,0.198616,0.173748
595.0,385.0,0.246927,0.221271
597.28,385.0,0.291684,0.26564
599.38,385.0,0.331459,0.305088
601.65,385.0,0.363853,0.336887
603.93,385.0,0.391314,0.364031
606.2,385.0,0.411755,0.384379
608.3,385.0,0.425713,0.398089
610.58,385.0,0.433424,0.405698
612.85,385.0,0.436425,0.408541
614.95,385.0,0.433964,0.406243
617.23,385.0,0.426973,0.399346
619.5,385.0,0.415033,0.387448
621.6,385.0,0.3995,0.372232
623.88,385.0,0.380815,0.353865
626.15,385.0,0.360683,0.333856
628.25,385.0,0.33958,0.3132
630.53,385.0,0.318465,0.292402
632.8,385.0,0.296382,0.270637
634.9,385.0,0.274269,0.24865
637.18,385.0,0.252966,0.227593
639.45,385.0,0.233921,0.208767
641.55,385.0,0.215544,0.190664
643.83,385.0,0.198995,0.174438
645.93,385.0,0.184648,0.160104
648.2,385.0,0.171977,0.147393
650.3,385.0,0.160738,0.136564
652.58,385.0,0.151179,0.127183
654.68,385.0,0.142263,0.118058
657.13,385.0,0.132889,0.108949
659.4,385.0,0.124152,0.100255
661.68,385.0,0.115575,0.091931
663.95,385.0,0.10727,0.08373
666.23,385.0,0.09865,0.075323
668.33,385.0,0.091912,0.068625
670.6,385.0,0.085625,0.062347
672.88,385.0,0.080206,0.057267
675.33,385.0,0.073887,0.050615
677.43,385.0,0.068816,0.045791
679.7,385.0,0.063336,0.040187
681.98,385.0,0.058379,0.035446
684.43,385.0,0.053933,0.031084
686.53,385.0,0.050544,0.027701
688.8,385.0,0.047895,0.02511
691.08,385.0,0.04645,0.023687
693.35,385.0,0.045859,0.023262
695.45,385.0,0.045501,0.022646
697.73,385.0,0.045175,0.022529
700.0,385.0,0.045076,0.022445
702.1,385.0,0.044694,0.022039
704.38,385.0,0.043964,0.021373
706.65,385.0,0.043724,0.021105
708.75,385.0,0.042719,0.020055
711.03,385.0,0.041589,0.019016
11.38,420.0,0.126949,0.102772
13.48,420.0,0.102978,0.079568
15.93,420.0,0.083409,0.06027
18.2,420.0,0.070871,0.047778
20.3,420.0,0.063292,0.040304
22.58,420.0,0.058736,0.035665
24.85,420.0,0.056613,0.033773
26.95,420.0,0.056308,0.033379
29.23,420.0,0.057014,0.034309
31.33,420.0,0.059839,0.036918
33.6,420.0,0.064072,0.041139
35.88,420.0,0.068862,0.045726
37.98,420.0,0.073237,0.049885
40.25,420.0,0.077488,0.054337
42.53,420.0,0.080997,0.057957
44.63,420.0,0.083277,0.060073
46.9,420.0,0.084953,0.061564
49.18,420.0,0.086127,0.062747
51.28,420.0,0.08694,0.06352
53.55,420.0,0.087495,0.06413
55.83,420.0,0.088222,0.064898
57.93,420.0,0.089127,0.065822
60.2,420.0,0.090079,0.066721
62.48,420.0,0.091441,0.068182
64.58,420.0,0.093043,0.069836
66.85,420.0,0.09511,0.071647
69.13,420.0,0.096934,0.073715
71.4,420.0,0.09954,0.076194
73.5,420.0,0.102402,0.078859
75.6,420.0,0.105088,0.081512
78.05,420.0,0.10735,0.083921
80.15,420.0,0.108742,0.085162
82.43,420.0,0.109768,0.086222
84.53,420.0,0.110538,0.086983
86.8,420.0,0.111404,0.087886
88.9,420.0,0.112944,0.089371
91.18,420.0,0.114805,0.091259
93.45,420.0,0.116792,0.093215
95.73,420.0,0.118468,0.094901
97.83,420.0,0.119722,0.09605
100.1,420.0,0.120464,0.096798
102.2,420.0,0.120754,0.097088
104.3,420.0,0.120742,0.096915
106.75,420.0,0.120464,0.09658
108.85,420.0,0.120101,0.096342
111.13,420.0,0.1193,0.095569
113.4,420.0,0.118188,0.094747
115.5,420.0,0.117436,0.093838
117.78,420.0,0.116034,0.092393
120.05,420.0,0.114158,0.090615
122.15,420.0,0.111878,0.08844
124.43,420.0,0.109106,0.085735
126.53,420.0,0.106281,0.082661
128.8,420.0,0.102347,0.078844
131.08,420.0,0.098326,0.074928
133.18,420.0,0.094315,0.070976
135.45,420.0,0.088927,0.065646
137.73,420.0,0.082553,0.059469
139.83,420.0,0.076105,0.052963
141.93,420.0,0.068764,0.045763
144.38,420.0,0.060295,0.037183
146.48,420.0,0.050301,0.027661
148.75,420.0,0.038604,0.015819
151.03,420.0,0.024796,0.00235
153.13,420.0,0.00979,-0.012361
155.4,420.0,-0.006526,-0.028393
157.68,420.0,-0.024027,-0.045774
159.78,420.0,-0.043069,-0.06464
162.05,420.0,-0.063654,-0.085053
164.33,420.0,-0.086584,-0.107548
166.43,420.0,-0.111593,-0.132172
168.7,420.0,-0.13635,-0.156729
170.98,420.0,-0.159323,-0.179378
173.08,420.0,-0.180484,-0.200364
175.35,420.0,-0.200176,-0.219572
177.45,420.0,-0.217357,-0.236673
179.73,420.0,-0.23179,-0.251069
182.0,420.0,-0.24338,-0.262551
184.1,420.0,-0.251741,-0.270752
186.38,420.0,-0.256251,-0.275096
188.48,420.0,-0.254849,-0.27378
190.75,420.0,-0.247175,-0.266069
193.03,420.0,-0.23183,-0.250934
195.13,420.0,-0.208682,-0.228081
197.4,420.0,-0.177656,-0.197628
199.5,420.0,-0.140034,-0.160478
201.78,420.0,-0.094267,-0.115302
204.05,420.0,-0.042265,-0.064012
206.33,420.0,0.01596,-0.006538
208.6,420.0,0.076074,0.052565
210.7,420.0,0.139463,0.115356
212.98,420.0,0.204124,0.17925
215.08,420.0,0.266656,0.2408
217.35,420.0,0.328033,0.301567
219.63,420.0,0.386536,0.35917
221.9,420.0,0.439389,0.411696
224.0,420.0,0.487241,0.45884
226.28,420.0,0.527127,0.498135
228.38,420.0,0.559835,0.530587
230.65,420.0,0.586298,0.556776
232.93,420.0,0.604404,0.574416
235.03,420.0,0.614586,0.584472
237.3,420.0,0.617796,0.587632
239.4,420.0,0.613908,0.584028
241.68,420.0,0.604259,0.574395
243.95,420.0,0.589509,0.560079
246.05,420.0,0.570424,0.540975
248.33,420.0,0.549401,0.520217
250.6,420.0,0.526989,0.498052
252.7,420.0,0.504472,0.475947
254.98,420.0,0.482084,0.453849
257.08,420.0,0.460325,0.432328
259.35,420.0,0.439124,0.411474
261.63,420.0,0.41795,0.39067
263.73,420.0,0.398009,0.37067
266.0,420.0,0.378375,0.351348
268.28,420.0,0.361071,0.334158
270.55,420.0,0.345621,0.318994
272.65,420.0,0.332266,0.305978
274.93,420.0,0.321102,0.294916
277.2,420.0,0.311604,0.285701
279.3,420.0,0.302935,0.276844
281.58,420.0,0.295202,0.269182
283.85,420.0,0.287479,0.261555
285.95,420.0,0.279848,0.254047
288.23,420.0,0.272537,0.246878
290.33,420.0,0.265637,0.240036
292.6,420.0,0.260686,0.235085
294.88,420.0,0.256626,0.231253
296.98,420.0,0.25364,0.228184
299.25,420.0,0.251176,0.225711
301.53,420.0,0.249087,0.223653
303.8,420.0,0.246373,0.220926
305.9,420.0,0.242768,0.217578
308.18,420.0,0.238049,0.212923
310.28,420.0,0.232886,0.207679
312.55,420.0,0.226154,0.201034
314.65,420.0,0.219426,0.194555
316.93,420.0,0.211943,0.187143
319.2,420.0,0.204173,0.17929
321.3,420.0,0.196025,0.171536
323.58,420.0,0.187155,0.162615
325.85,420.0,0.178422,0.154192
328.13,420.0,0.169987,0.145646
330.23,420.0,0.16133,0.137226
332.5,420.0,0.153055,0.128924
334.78,420.0,0.144143,0.120125
336.88,420.0,0.133936,0.110011
339.15,420.0,0.122448,0.098958
341.25,420.0,0.109275,0.085785
343.53,420.0,0.093952,0.070705
345.8,420.0,0.076912,0.053841
347.9,420.0,0.05849,0.03572
350.18,420.0,0.0397,0.017045
352.28,420.0,0.018921,-0.003482
354.55,420.0,-0.002022,-0.023959
356.83,420.0,-0.023094,-0.045062
358.93,420.0,-0.042539,-0.064163
361.2,420.0,-0.060999,-0.082459
363.48,420.0,-0.078362,-0.099542
365.58,420.0,-0.092733,-0.113654
367.85,420.0,-0.102136,-0.122909
370.13,420.0,-0.106399,-0.127074
372.23,420.0,-0.105737,-0.126498
374.68,420.0,-0.099166,-0.120232
376.78,420.0,-0.087835,-0.108845
379.05,420.0,-0.071193,-0.092502
381.33,420.0,-0.049708,-0.071381
383.43,420.0,-0.024083,-0.04594
385.7,420.0,0.00698,-0.015444
387.8,420.0,0.041392,0.018752
390.08,420.0,0.07962,0.056422
392.18,420.0,0.121838,0.098222
394.45,420.0,0.165436,0.141062
396.73,420.0,0.212913,0.188012
399.0,420.0,0.259475,0.233905
401.1,420.0,0.306274,0.280104
403.38,420.0,0.350205,0.323477
405.65,420.0,0.393671,0.366262
407.75,420.0,0.432365,0.404641
410.03,420.0,0.467482,0.43921
412.13,420.0,0.498625,0.470076
414.4,420.0,0.523353,0.494586
416.68,420.0,0.543042,0.513831
418.95,420.0,0.557118,0.527879
421.23,420.0,0.565997,0.53653
423.33,420.0,0.568942,0.539459
425.6,420.0,0.566748,0.537374
427.7,420.0,0.559601,0.53022
429.98,420.0,0.54933,0.519962
432.25,420.0,0.536101,0.506909
434.53,420.0,0.520082,0.491302
436.63,420.0,0.502192,0.473686
438.9,420.0,0.48246,0.454084
441.0,420.0,0.461591,0.433554
443.28,420.0,0.440966,0.413357
445.55,420.0,0.420492,0.392996
447.65,420.0,0.399959,0.372685
449.93,420.0,0.379703,0.352685
452.2,420.0,0.360861,0.33409
454.3,420.0,0.343748,0.317177
456.58,420.0,0.32775,0.301468
458.85,420.0,0.31258,0.286302
460.95,420.0,0.298237,0.272368
463.23,420.0,0.2845,0.258532
465.5,420.0,0.271884,0.246185
467.6,420.0,0.261243,0.235495
469.88,420.0,0.252251,0.226961
472.15,420.0,0.245298,0.219984
474.25,420.0,0.23938,0.21417
476.53,420.0,0.235292,0.209866
478.8,420.0,0.231758,0.206672
480.9,420.0,0.22946,0.204404
483.18,420.0,0.227577,0.202541
485.28,420.0,0.226672,0.201647
487.55,420.0,0.226669,0.201567
489.83,420.0,0.227085,0.2019
491.93,420.0,0.226792,0.201672
494.2,420.0,0.225014,0.19998
496.48,420.0,0.222023,0.196875
498.75,420.0,0.217134,0.192251
500.85,420.0,0.211743,0.186943
503.13,420.0,0.206927,0.182134
505.23,420.0,0.201413,0.176746
507.5,420.0,0.195282,0.170818
509.78,420.0,0.187547,0.16304
511.88,420.0,0.178945,0.154531
514.15,420.0,0.169183,0.145036
516.25,420.0,0.158449,0.134408
518.53,420.0,0.147032,0.123012
520.8,420.0,0.1347,0.110874
522.9,420.0,0.121167,0.097596
525.18,420.0,0.106866,0.083286
527.45,420.0,0.090332,0.066906
529.55,420.0,0.071435,0.04841
531.83,420.0,0.052427,0.029864
534.1,420.0,0.031339,0.008859
536.2,420.0,0.007655,-0.014665
538.48,420.0,-0.017388,-0.039335
540.58,420.0,-0.042545,-0.064215
542.85,420.0,-0.067779,-0.089175
545.13,420.0,-0.092536,-0.113488
547.23,420.0,-0.117277,-0.137773
549.5,420.0,-0.140583,-0.160894
551.78,420.0,-0.163759,-0.183996
554.05,420.0,-0.184779,-0.20436
556.15,420.0,-0.201846,-0.221307
558.43,420.0,-0.215654,-0.235093
560.7,420.0,-0.224708,-0.244085
562.8,420.0,-0.228198,-0.247406
565.08,420.0,-0.226414,-0.245623
567.35,420.0,-0.218278,-0.237496
569.45,420.0,-0.203167,-0.222665
571.73,420.0,-0.18074,-0.200644
574.0,420.0,-0.152062,-0.172354
576.1,420.0,-0.118546,-0.139126
578.38,420.0,-0.077031,-0.098488
580.65,420.0,-0.032425,-0.054292
582.75,420.0,0.017119,-0.005441
585.03,420.0,0.066912,0.043856
587.3,420.0,0.119562,0.095849
589.58,420.0,0.170982,0.146623
591.68,420.0,0.222556,0.197306
593.95,420.0,0.270547,0.244743
596.05,420.0,0.316129,0.289614
598.33,420.0,0.35616,0.329269
600.6,420.0,0.392134,0.364725
602.88,420.0,0.422756,0.395122
604.98,420.0,0.445464,0.417574
607.25,420.0,0.46295,0.434774
609.35,420.0,0.474392,0.445963
611.63,420.0,0.47969,0.451373
613.9,420.0,0.479028,0.450846
616.0,420.0,0.473708,0.445584
618.28,420.0,0.464053,0.436077
620.55,420.0,0.450633,0.422648
622.83,420.0,0.435023,0.407241
624.93,420.0,0.417017,0.389586
627.2,420.0,0.398141,0.370901
629.48,420.0,0.377855,0.350837
631.75,420.0,0.358027,0.331407
634.03,420.0,0.338169,0.311681
636.3,420.0,0.318609,0.292466
638.58,420.0,0.299632,0.273616
640.68,420.0,0.280563,0.254965
642.95,420.0,0.262494,0.23677
644.88,420.0,0.246188,0.220923
647.33,420.0,0.230929,0.205926
649.6,420.0,0.216817,0.191964
651.88,420.0,0.204651,0.179931
653.98,420.0,0.193705,0.168992
656.25,420.0,0.183884,0.159334
658.53,420.0,0.174753,0.150412
660.63,420.0,0.16673,0.142328
662.9,420.0,0.159398,0.135332
665.0,420.0,0.153896,0.129605
667.28,420.0,0.148665,0.124589
669.55,420.0,0.144275,0.120252
671.83,420.0,0.14019,0.116154
673.93,420.0,0.136499,0.112667
676.38,420.0,0.133856,0.109891
678.48,420.0,0.131388,0.107636
680.75,420.0,0.128804,0.105104
682.85,420.0,0.125304,0.101515
685.13,420.0,0.121271,0.097464
687.4,420.0,0.116854,0.0932
689.68,420.0,0.112562,0.088939
691.95,420.0,0.108613,0.085175
694.23,420.0,0.105806,0.082313
696.33,420.0,0.102932,0.079722
698.6,420.0,0.100578,0.077214
700.7,420.0,0.098299,0.074897
702.98,420.0,0.096188,0.072941
705.25,420.0,0.094485,0.071139
707.35,420.0,0.092732,0.069371
709.63,420.0,0.091312,0.067738
11.73,455.0,0.16909,0.144408
13.83,455.0,0.176989,0.152571
16.45,455.0,0.183545,0.158887
18.55,455.0,0.187165,0.162584
20.83,455.0,0.190329,0.165406
23.1,455.0,0.192778,0.168009
25.38,455.0,0.194977,0.170279
27.65,455.0,0.196391,0.171586
29.93,455.0,0.196758,0.172069
32.2,455.0,0.196053,0.171438
34.48,455.0,0.194722,0.169993
36.75,455.0,0.193286,0.168764
38.85,455.0,0.191767,0.167137
41.13,455.0,0.189959,0.165341
43.4,455.0,0.188163,0.163659
45.5,455.0,0.186773,0.162337
47.78,455.0,0.185929,0.161385
49.88,455.0,0.186062,0.161493
52.15,455.0,0.1873,0.162608
54.43,455.0,0.189802,0.165128
56.53,455.0,0.19247,0.167698
58.8,455.0,0.194737,0.169999
61.08,455.0,0.196009,0.171253
63.35,455.0,0.196274,0.171512
65.45,455.0,0.195104,0.170366
67.73,455.0,0.192722,0.168034
70.0,455.0,0.190067,0.165403
72.28,455.0,0.18735,0.162655
74.38,455.0,0.184867,0.160378
76.48,455.0,0.18357,0.159115
78.93,455.0,0.182883,0.158434
81.03,455.0,0.183416,0.158976
83.3,455.0,0.184823,0.160165
85.58,455.0,0.186037,0.161345
87.68,455.0,0.186786,0.162257
89.95,455.0,0.186712,0.1621
92.23,455.0,0.185578,0.161028
94.5,455.0,0.184457,0.160008
96.6,455.0,0.182756,0.158394
98.88,455.0,0.181271,0.156891
101.15,455.0,0.180187,0.155606
103.25,455.0,0.179722,0.155273
105.53,455.0,0.179826,0.155307
107.8,455.0,0.179722,0.155421
110.08,455.0,0.179448,0.154993
112.18,455.0,0.177722,0.153443
114.28,455.0,0.174944,0.150563
116.73,455.0,0.171459,0.147177
118.83,455.0,0.166912,0.142612
121.1,455.0,0.162109,0.13791
123.38,455.0,0.157972,0.133727
125.48,455.0,0.153881,0.129691
127.75,455.0,0.150061,0.125963
130.03,455.0,0.146342,0.122368
132.13,455.0,0.141752,0.117732
134.4,455.0,0.136087,0.11222
136.68,455.0,0.13003,0.106198
138.95,455.0,0.122858,0.099133
141.05,455.0,0.114941,0.091481
143.33,455.0,0.105902,0.08235
145.6,455.0,0.095859,0.072341
147.7,455.0,0.084103,0.061127
149.98,455.0,0.070708,0.047535
152.25,455.0,0.05613,0.033191
154.35,455.0,0.039928,0.017316
156.63,455.0,0.022421,-5.3e-05
158.73,455.0,0.003998,-0.018177
161.0,455.0,-0.016202,-0.038134
163.28,455.0,-0.036476,-0.05822
165.38,455.0,-0.058657,-0.079957
167.65,455.0,-0.081843,-0.102967
169.75,455.0,-0.106168,-0.126969
172.03,455.0,-0.129246,-0.149585
174.3,455.0,-0.149967,-0.170074
176.4,455.0,-0.168263,-0.18818
178.68,455.0,-0.18497,-0.204806
180.95,455.0,-0.19935,-0.218713
183.23,455.0,-0.211356,-0.230811
185.33,455.0,-0.219963,-0.239206
187.6,455.0,-0.224671,-0.24379
189.7,455.0,-0.223805,-0.24285
191.98,455.0,-0.216017,-0.235305
194.25,455.0,-0.201187,-0.220552
196.53,455.0,-0.178848,-0.198605
198.45,455.0,-0.150663,-0.17086
200.9,455.0,-0.115441,-0.136094
203.0,455.0,-0.073026,-0.094221
205.28,455.0,-0.025965,-0.04777
207.73,455.0,0.034851,0.012033
210.0,455.0,0.088755,0.065394
212.28,455.0,0.148354,0.12418
214.38,455.0,0.207722,0.182879
217.0,455.0,0.278517,0.252405
219.28,455.0,0.333609,0.307047
221.55,455.0,0.386419,0.359145
223.65,455.0,0.433689,0.405793
225.93,455.0,0.4775,0.449059
228.2,455.0,0.51271,0.483849
230.48,455.0,0.53961,0.510541
232.75,455.0,0.559105,0.529653
234.85,455.0,0.571292,0.541905
237.13,455.0,0.576385,0.547066
239.4,455.0,0.574573,0.545122
241.5,455.0,0.567414,0.538092
243.78,455.0,0.555716,0.526443
245.88,455.0,0.541582,0.512651
248.15,455.0,0.525174,0.496397
250.43,455.0,0.506684,0.47811
252.53,455.0,0.487115,0.458649
254.45,455.0,0.466644,0.438511
256.9,455.0,0.446696,0.418628
259.18,455.0,0.428027,0.40035
261.45,455.0,0.409333,0.381903
263.55,455.0,0.39047,0.36327
265.83,455.0,0.372325,0.345347
268.1,455.0,0.35523,0.32852
270.2,455.0,0.339195,0.312657
272.48,455.0,0.324913,0.298773
274.75,455.0,0.311807,0.285587
277.03,455.0,0.300276,0.274096
279.13,455.0,0.289943,0.264102
281.4,455.0,0.281022,0.255292
283.68,455.0,0.273437,0.247661
285.78,455.0,0.266225,0.240661
288.05,455.0,0.260424,0.234916
290.15,455.0,0.254771,0.22933
292.43,455.0,0.249321,0.223878
294.7,455.0,0.24437,0.219084
296.98,455.0,0.238899,0.213653
299.08,455.0,0.234069,0.208739
301.18,455.0,0.229081,0.204038
303.63,455.0,0.224303,0.199407
305.73,455.0,0.220658,0.195584
308.0,455.0,0.216946,0.192032
310.28,455.0,0.213335,0.18868
312.38,455.0,0.210239,0.18552
314.65,455.0,0.206382,0.181829
316.93,455.0,0.201826,0.1771
319.03,455.0,0.196419,0.171863
321.3,455.0,0.189808,0.165067
323.58,455.0,0.182762,0.158311
325.68,455.0,0.174916,0.150652
327.95,455.0,0.167282,0.143178
330.23,455.0,0.159257,0.135014
332.33,455.0,0.151167,0.126921
334.6,455.0,0.141943,0.117972
336.88,455.0,0.131099,0.107319
338.98,455.0,0.1184,0.09479
341.25,455.0,0.10479,0.081493
343.53,455.0,0.090218,0.067002
345.8,455.0,0.075698,0.052559
347.9,455.0,0.061638,0.038724
350.18,455.0,0.048801,0.026041
352.45,455.0,0.035967,0.013416
354.55,455.0,0.022806,0.000341
356.83,455.0,0.008992,-0.013214
359.1,455.0,-0.005642,-0.027792
361.2,455.0,-0.020857,-0.042733
363.48,455.0,-0.03546,-0.057277
365.75,455.0,-0.049086,-0.070752
367.85,455.0,-0.061067,-0.082456
370.13,455.0,-0.070709,-0.092006
372.23,455.0,-0.076982,-0.098081
374.5,455.0,-0.079609,-0.10054
376.78,455.0,-0.077779,-0.098928
379.05,455.0,-0.071233,-0.092558
381.33,455.0,-0.059286,-0.080555
383.43,455.0,-0.041683,-0.063627
385.7,455.0,-0.018106,-0.040099
387.98,455.0,0.011949,-0.010423
390.08,455.0,0.045803,0.022904
392.35,455.0,0.083105,0.059799
394.63,455.0,0.124716,0.100649
396.73,455.0,0.167488,0.143185
399.0,455.0,0.21242,0.187491
401.28,455.0,0.255951,0.230384
403.38,455.0,0.299977,0.273794
405.65,455.0,0.341502,0.314913
407.93,455.0,0.380461,0.353307
410.03,455.0,0.416739,0.389074
412.3,455.0,0.447972,0.419835
414.23,455.0,0.475735,0.447303
416.68,455.0,0.498406,0.469666
418.95,455.0,0.51551,0.486696
421.05,455.0,0.526798,0.497962
423.33,455.0,0.532537,0.503486
425.6,455.0,0.533147,0.504087
427.7,455.0,0.529638,0.500575
429.98,455.0,0.521859,0.493048
432.08,455.0,0.511758,0.483021
434.35,455.0,0.498991,0.470427
436.63,455.0,0.484074,0.455772
438.73,455.0,0.467251,0.43909
441.0,455.0,0.450131,0.422201
443.28,455.0,0.432546,0.405017
445.38,455.0,0.41474,0.387334
447.65,455.0,0.396135,0.368859
449.93,455.0,0.377445,0.350421
452.03,455.0,0.359389,0.33267
454.3,455.0,0.342774,0.316296
456.4,455.0,0.327614,0.30129
458.68,455.0,0.314087,0.287639
460.78,455.0,0.301471,0.275449
463.05,455.0,0.290101,0.264204
465.33,455.0,0.279977,0.254198
467.6,455.0,0.270791,0.245107
469.88,455.0,0.261234,0.235704
472.15,455.0,0.25263,0.22718
474.25,455.0,0.244407,0.219056
476.53,455.0,0.236607,0.21121
478.8,455.0,0.229395,0.204235
480.9,455.0,0.223218,0.198111
483.18,455.0,0.217143,0.192245
485.45,455.0,0.211351,0.186478
487.55,455.0,0.2062,0.18129
489.83,455.0,0.200766,0.176114
492.1,455.0,0.195433,0.170855
494.38,455.0,0.189691,0.165172
496.48,455.0,0.18429,0.1599
498.75,455.0,0.179041,0.154577
501.03,455.0,0.173804,0.149364
503.13,455.0,0.169047,0.144703
505.4,455.0,0.163739,0.139525
507.5,455.0,0.158502,0.1343
509.78,455.0,0.151986,0.127652
512.05,455.0,0.144709,0.12048
514.33,455.0,0.136515,0.112433
516.6,455.0,0.127883,0.103819
518.7,455.0,0.119115,0.095477
520.98,455.0,0.109555,0.086164
523.25,455.0,0.100517,0.077008
525.35,455.0,0.091697,0.068336
527.63,455.0,0.082615,0.059334
529.9,455.0,0.072806,0.049568
532.18,455.0,0.061478,0.038616
534.28,455.0,0.04938,0.026552
536.55,455.0,0.036731,0.014097
538.83,455.0,0.023203,0.000828
540.93,455.0,0.007661,-0.014727
543.2,455.0,-0.009767,-0.031618
545.48,455.0,-0.029292,-0.051057
547.58,455.0,-0.048802,-0.070463
549.85,455.0,-0.06891,-0.090164
552.13,455.0,-0.087915,-0.108821
554.23,455.0,-0.105272,-0.126211
556.5,455.0,-0.119363,-0.139917
558.6,455.0,-0.129763,-0.150028
560.88,455.0,-0.136485,-0.156966
563.15,455.0,-0.140158,-0.16061
565.25,455.0,-0.139896,-0.160259
567.53,455.0,-0.135111,-0.155681
569.8,455.0,-0.124566,-0.145293
571.55,455.0,-0.107961,-0.12879
574.18,455.0,-0.085453,-0.106652
576.45,455.0,-0.057918,-0.079354
578.55,455.0,-0.024794,-0.046621
580.83,455.0,0.014368,-0.008014
583.1,455.0,0.055902,0.032935
585.03,455.0,0.10011,0.07658
587.48,455.0,0.14547,0.121404
589.75,455.0,0.190923,0.166188
591.85,455.0,0.236508,0.211028
594.13,455.0,0.279173,0.253375
596.4,455.0,0.320045,0.293613
598.5,455.0,0.356391,0.329497
600.78,455.0,0.388169,0.36096
603.05,455.0,0.415008,0.387479
605.15,455.0,0.436074,0.408357
607.43,455.0,0.452177,0.424158
608.3,455.0,0.462857,0.43458
611.8,455.0,0.467707,0.439275
614.08,455.0,0.467466,0.439241
616.18,455.0,0.462491,0.434395
618.28,455.0,0.453649,0.425757
620.73,455.0,0.442559,0.414657
622.83,455.0,0.429493,0.401838
625.1,455.0,0.414777,0.387223
627.2,455.0,0.397898,0.37067
629.48,455.0,0.379084,0.351995
631.75,455.0,0.359629,0.333027
634.03,455.0,0.340239,0.314041
636.13,455.0,0.320729,0.294364
638.4,455.0,0.300865,0.274802
640.68,455.0,0.280778,0.255005
642.78,455.0,0.262041,0.236687
645.05,455.0,0.245335,0.219903
647.33,455.0,0.229811,0.204639
649.43,455.0,0.215458,0.190452
651.7,455.0,0.20181,0.177143
653.8,455.0,0.189198,0.164475
655.9,455.0,0.177202,0.152827
658.35,455.0,0.167011,0.142873
660.63,455.0,0.158283,0.134053
662.73,455.0,0.150165,0.125988
665.0,455.0,0.142719,0.118677
667.28,455.0,0.135523,0.111706
669.55,455.0,0.128785,0.104876
671.65,455.0,0.122196,0.09848
674.1,455.0,0.11572,0.092146
676.2,455.0,0.109762,0.086416
678.48,455.0,0.105307,0.081866
680.75,455.0,0.101074,0.0778
683.03,455.0,0.097322,0.073659
685.13,455.0,0.094016,0.070581
687.4,455.0,0.090618,0.067279
689.68,455.0,0.08743,0.063918
691.78,455.0,0.084543,0.061164
694.05,455.0,0.081955,0.058902
696.33,455.0,0.079294,0.056167
698.43,455.0,0.076441,0.0534
700.7,455.0,0.073964,0.050868
702.98,455.0,0.071308,0.048012
705.08,455.0,0.068902,0.045772
707.35,455.0,0.065868,0.042772
709.63,455.0,0.062667,0.039531
11.55,490.0,0.141028,0.1167
13.83,490.0,0.13357,0.109586
16.1,490.0,0.12536,0.101315
18.38,490.0,0.118141,0.094482
20.65,490.0,0.111034,0.087587
22.75,490.0,0.105621,0.08214
25.03,490.0,0.101429,0.078145
27.3,490.0,0.098982,0.075588
29.4,490.0,0.097972,0.074537
31.68,490.0,0.098314,0.074913
33.95,490.0,0.099069,0.075782
36.05,490.0,0.100258,0.076955
38.33,490.0,0.101771,0.07824
40.43,490.0,0.104029,0.080572
42.7,490.0,0.10723,0.083597
44.98,490.0,0.110797,0.08719
47.08,490.0,0.115169,0.091635
49.35,490.0,0.119984,0.096179
51.63,490.0,0.12426,0.100541
53.9,490.0,0.128335,0.10466
56.18,490.0,0.131838,0.107954
58.45,490.0,0.13381,0.109981
60.55,490.0,0.135615,0.111635
62.83,490.0,0.136949,0.113061
65.1,490.0,0.137581,0.11356
67.2,490.0,0.137957,0.11409
69.48,490.0,0.138335,0.11442
71.75,490.0,0.13917,0.115224
73.85,490.0,0.14101,0.116863
76.13,490.0,0.143603,0.11958
78.23,490.0,0.146653,0.122578
80.5,490.0,0.150085,0.126025
82.78,490.0,0.153409,0.129334
85.05,490.0,0.156536,0.13238
87.15,490.0,0.159324,0.135024
89.43,490.0,0.162331,0.138175
91.7,490.0,0.165067,0.140695
93.98,490.0,0.166789,0.14234
96.25,490.0,0.167611,0.143434
98.35,490.0,0.168132,0.143921
100.63,490.0,0.168292,0.143899
102.73,490.0,0.167926,0.143616
105.0,490.0,0.16832,0.143875
107.28,490.0,0.168628,0.144275
109.55,490.0,0.169965,0.145624
111.65,490.0,0.171632,0.14738
113.93,490.0,0.172886,0.148443
116.2,490.0,0.173634,0.149275
118.3,490.0,0.173566,0.149235
120.58,490.0,0.172584,0.1482
122.68,490.0,0.170991,0.146549
124.95,490.0,0.168607,0.144226
127.23,490.0,0.16604,0.141881
129.5,490.0,0.163554,0.139263
131.6,490.0,0.161019,0.13686
133.88,490.0,0.159022,0.134574
135.98,490.0,0.155985,0.131727
138.25,490.0,0.151623,0.127393
140.53,490.0,0.146293,0.122276
142.8,490.0,0.140489,0.116567
144.9,490.0,0.134306,0.110477
147.18,490.0,0.127947,0.104103
149.45,490.0,0.119876,0.096028
151.55,490.0,0.109679,0.086173
153.83,490.0,0.098108,0.074796
156.1,490.0,0.084814,0.061601
158.2,490.0,0.06987,0.046783
160.48,490.0,0.05357,0.030828
162.75,490.0,0.03596,0.013508
165.03,490.0,0.016573,-0.005882
167.13,490.0,-0.004745,-0.026701
169.4,490.0,-0.027092,-0.048855
171.68,490.0,-0.048041,-0.069625
173.95,490.0,-0.068685,-0.089896
176.05,490.0,-0.088023,-0.108919
178.33,490.0,-0.106224,-0.127025
180.6,490.0,-0.12184,-0.14248
182.7,490.0,-0.132237,-0.152789
184.98,490.0,-0.137853,-0.158383
187.25,490.0,-0.139683,-0.159868
189.35,490.0,-0.137108,-0.157413
191.63,490.0,-0.130894,-0.151319
193.9,490.0,-0.120484,-0.141036
196.0,490.0,-0.104862,-0.125709
198.28,490.0,-0.083962,-0.104979
200.55,490.0,-0.058177,-0.079634
202.65,490.0,-0.027382,-0.049104
204.93,490.0,0.010711,-0.011603
207.03,490.0,0.053,0.030206
209.3,490.0,0.100655,0.076952
211.58,490.0,0.150344,0.126185
213.68,490.0,0.201906,0.177202
215.95,490.0,0.253187,0.227627
218.23,490.0,0.303921,0.277833
220.5,490.0,0.349869,0.323126
222.6,490.0,0.391305,0.364001
224.88,490.0,0.427109,0.399521
227.15,490.0,0.456311,0.428187
229.25,490.0,0.480196,0.451819
231.53,490.0,0.497993,0.469481
233.63,490.0,0.509392,0.48076
236.08,490.0,0.515359,0.486668
238.18,490.0,0.515442,0.486699
240.45,490.0,0.510766,0.482133
242.73,490.0,0.50218,0.473471
244.83,490.0,0.489801,0.461311
247.1,490.0,0.474182,0.445929
249.2,490.0,0.456527,0.42844
251.48,490.0,0.438936,0.411089
253.75,490.0,0.420183,0.392368
256.03,490.0,0.403163,0.37588
258.13,490.0,0.386065,0.358951
260.4,490.0,0.369728,0.342808
262.85,490.0,0.352682,0.325877
264.95,490.0,0.339198,0.312768
267.23,490.0,0.326191,0.29994
269.5,490.0,0.313908,0.287664
271.95,490.0,0.30124,0.275091
274.05,490.0,0.291404,0.265563
276.33,490.0,0.282294,0.256545
278.6,490.0,0.274035,0.248357
280.88,490.0,0.265356,0.239814
283.15,490.0,0.25925,0.233878
285.43,490.0,0.253896,0.228536
287.53,490.0,0.249278,0.223933
289.8,490.0,0.245393,0.219903
292.08,490.0,0.241567,0.216302
294.35,490.0,0.238268,0.212987
296.45,490.0,0.236,0.210695
298.73,490.0,0.233375,0.208314
300.83,490.0,0.230603,0.205553
303.1,490.0,0.227522,0.20255
305.38,490.0,0.224568,0.199414
307.65,490.0,0.221826,0.196977
309.75,490.0,0.218677,0.193757
312.03,490.0,0.215267,0.190279
314.13,490.0,0.211792,0.186863
316.4,490.0,0.208502,0.183613
318.5,490.0,0.20474,0.18011
320.78,490.0,0.200812,0.176197
323.05,490.0,0.1969,0.172186
325.15,490.0,0.191829,0.167424
327.43,490.0,0.186145,0.161672
329.7,490.0,0.180615,0.156216
331.8,490.0,0.174632,0.150147
334.08,490.0,0.169146,0.14483
336.35,490.0,0.163289,0.138905
338.63,490.0,0.157131,0.132812
340.73,490.0,0.149642,0.125452
343.0,490.0,0.14101,0.117045
345.28,490.0,0.130372,0.106536
347.38,490.0,0.117815,0.094355
349.65,490.0,0.103939,0.080307
351.75,490.0,0.088502,0.065221
354.03,490.0,0.072331,0.049328
356.3,490.0,0.057069,0.03414
358.58,490.0,0.041681,0.018995
360.68,490.0,0.026164,0.00361
362.95,490.0,0.011496,-0.010743
365.23,490.0,-0.002114,-0.024261
367.33,490.0,-0.013208,-0.035192
369.6,490.0,-0.021772,-0.043664
371.88,490.0,-0.027336,-0.049187
373.98,490.0,-0.028771,-0.050444
376.25,490.0,-0.025509,-0.047459
378.53,490.0,-0.018103,-0.04017
380.8,490.0,-0.006319,-0.028433
382.9,490.0,0.009395,-0.012946
385.18,490.0,0.029044,0.006463
387.45,490.0,0.051761,0.028995
389.55,490.0,0.078505,0.05528
391.83,490.0,0.108912,0.085353
394.1,490.0,0.141613,0.117593
396.2,490.0,0.17503,0.150563
398.48,490.0,0.210224,0.18531
400.75,490.0,0.243948,0.218514
403.03,490.0,0.276918,0.251188
405.13,490.0,0.309808,0.283505
407.4,490.0,0.339965,0.313304
409.5,490.0,0.367654,0.340723
411.78,490.0,0.393387,0.365994
414.05,490.0,0.414885,0.387322
416.15,490.0,0.431391,0.403763
418.43,490.0,0.443797,0.415911
420.53,490.0,0.453138,0.425079
422.8,490.0,0.458655,0.430344
425.08,490.0,0.460442,0.432448
427.18,490.0,0.458434,0.430328
429.45,490.0,0.452962,0.424866
431.73,490.0,0.44364,0.41572
433.83,490.0,0.43242,0.404617
436.1,490.0,0.418686,0.391296
438.38,490.0,0.403699,0.376437
440.65,490.0,0.387904,0.360698
442.75,490.0,0.371022,0.344148
445.03,490.0,0.354549,0.327781
447.13,490.0,0.339158,0.312738
449.4,490.0,0.324071,0.297744
451.5,490.0,0.309216,0.283018
453.78,490.0,0.294993,0.269047
456.05,490.0,0.281696,0.255834
458.15,490.0,0.269454,0.243985
460.43,490.0,0.259534,0.233955
462.7,490.0,0.251182,0.225723
464.98,490.0,0.244765,0.219491
467.08,490.0,0.239497,0.214127
469.35,490.0,0.235646,0.210483
471.45,490.0,0.232399,0.207214
473.73,490.0,0.229765,0.204697
476.0,490.0,0.227701,0.202516
478.1,490.0,0.225658,0.20048
480.38,490.0,0.223043,0.197935
482.65,490.0,0.219069,0.194204
484.93,490.0,0.214814,0.189867
487.03,490.0,0.210347,0.185372
489.3,490.0,0.205538,0.180899
491.58,490.0,0.201262,0.176552
493.85,490.0,0.197658,0.172923
495.95,490.0,0.194602,0.169962
498.05,490.0,0.192122,0.167611
500.33,490.0,0.189894,0.165378
502.6,490.0,0.187239,0.162658
504.7,490.0,0.184278,0.159697
506.98,490.0,0.179654,0.15527
509.25,490.0,0.174053,0.149713
511.35,490.0,0.168015,0.143813
513.63,490.0,0.161392,0.137322
515.9,490.0,0.154642,0.130517
518.0,490.0,0.147048,0.123055
520.28,490.0,0.138982,0.114965
522.38,490.0,0.129848,0.106244
524.83,490.0,0.118791,0.095002
527.1,490.0,0.108215,0.084765
529.2,490.0,0.097273,0.073924
531.48,490.0,0.085831,0.062396
533.75,490.0,0.0717,0.048681
536.03,490.0,0.05926,0.036259
538.3,490.0,0.044938,0.022131
540.58,490.0,0.029722,0.007294
543.03,490.0,0.011808,-0.010521
545.3,490.0,-0.004308,-0.026251
547.4,490.0,-0.020269,-0.042123
549.68,490.0,-0.034816,-0.05676
551.95,490.0,-0.04858,-0.070173
554.23,490.0,-0.058522,-0.080013
556.5,490.0,-0.065062,-0.08643
558.6,490.0,-0.067576,-0.088577
560.88,490.0,-0.066535,-0.088051
563.15,490.0,-0.062422,-0.083691
565.43,490.0,-0.055564,-0.076908
567.53,490.0,-0.045737,-0.067493
569.8,490.0,-0.033365,-0.055062
572.08,490.0,-0.015857,-0.03797
574.18,490.0,0.007045,-0.015266
576.45,490.0,0.035076,0.012356
578.73,490.0,0.066305,0.04308
580.83,490.0,0.099719,0.076198
583.1,490.0,0.135014,0.110834
585.38,490.0,0.169386,0.144928
587.48,490.0,0.204247,0.179287
589.75,490.0,0.238264,0.212861
592.03,490.0,0.269996,0.244219
594.13,490.0,0.300051,0.273914
596.4,490.0,0.32693,0.30059
598.68,490.0,0.350261,0.323609
600.95,490.0,0.368612,0.341665
603.05,490.0,0.383646,0.356425
605.33,490.0,0.394176,0.366884
607.43,490.0,0.400898,0.373717
609.7,490.0,0.403283,0.375818
611.98,490.0,0.402127,0.37507
614.25,490.0,0.39665,0.369435
616.53,490.0,0.387645,0.360621
618.63,490.0,0.375815,0.348948
620.9,490.0,0.361456,0.334829
623.0,490.0,0.345744,0.319278
625.28,490.0,0.328717,0.302371
627.55,490.0,0.310618,0.284343
629.83,490.0,0.291022,0.265153
631.93,490.0,0.272242,0.246558
634.2,490.0,0.253341,0.228
636.3,490.0,0.235969,0.210778
638.58,490.0,0.218687,0.193878
640.85,490.0,0.201401,0.176629
643.13,490.0,0.184398,0.159867
645.23,490.0,0.168086,0.143872
647.5,490.0,0.153265,0.12921
649.78,490.0,0.139814,0.115671
651.88,490.0,0.127405,0.103594
653.98,490.0,0.115742,0.092263
656.25,490.0,0.105378,0.08178
658.53,490.0,0.095418,0.071986
660.8,490.0,0.086746,0.063625
662.9,490.0,0.07942,0.056231
665.18,490.0,0.072069,0.048773
667.45,490.0,0.065184,0.042134
669.55,490.0,0.058403,0.035264
671.83,490.0,0.05202,0.029472
673.93,490.0,0.046127,0.023262
676.2,490.0,0.040763,0.018126
678.3,490.0,0.035397,0.012686
680.58,490.0,0.030763,0.008077
682.85,490.0,0.025252,0.00279
685.13,490.0,0.020443,-0.001942
687.23,490.0,0.016533,-0.005691
689.5,490.0,0.012991,-0.009403
691.43,490.0,0.009898,-0.012262
693.88,490.0,0.00714,-0.015133
696.15,490.0,0.004836,-0.017376
698.43,490.0,0.00235,-0.019958
700.53,490.0,-0.000179,-0.022481
702.8,490.0,-0.00245,-0.024582
705.08,490.0,-0.004573,-0.026479
707.18,490.0,-0.006464,-0.028534
709.45,490.0,-0.00769,-0.029791
11.73,525.0,0.062455,0.03922
14.0,525.0,0.06312,0.039971
16.45,525.0,0.063878,0.040813
18.73,525.0,0.064771,0.041589
20.83,525.0,0.06576,0.042747
23.1,525.0,0.066641,0.043505
25.38,525.0,0.067556,0.044571
27.48,525.0,0.068012,0.04507
29.75,525.0,0.06763,0.044771
32.03,525.0,0.066983,0.043819
34.13,525.0,0.065877,0.042809
36.4,525.0,0.064676,0.041727
38.68,525.0,0.063188,0.040138
40.78,525.0,0.061644,0.038591
43.05,525.0,0.059854,0.036928
45.33,525.0,0.058157,0.035113
47.43,525.0,0.056536,0.033496
49.7,525.0,0.055153,0.032341
51.98,525.0,0.053336,0.030504
54.08,525.0,0.05166,0.028733
56.35,525.0,0.050033,0.027202
58.63,525.0,0.048788,0.025976
60.9,525.0,0.047793,0.025061
63.0,525.0,0.047365,0.024568
65.28,525.0,0.04694,0.024232
67.55,525.0,0.047036,0.024214
69.65,525.0,0.047002,0.024198
71.93,525.0,0.047418,0.024586
74.2,525.0,0.047987,0.025243
76.3,525.0,0.049029,0.02637
78.58,525.0,0.050258,0.027458
80.85,525.0,0.05149,0.028662
82.95,525.0,0.053024,0.030175
85.23,525.0,0.055239,0.032202
87.5,525.0,0.057196,0.03409
89.78,525.0,0.059839,0.03674
92.05,525.0,0.062186,0.03909
94.15,525.0,0.063887,0.040973
96.43,525.0,0.06536,0.042322
98.7,525.0,0.066789,0.043638
100.8,525.0,0.068268,0.045082
103.08,525.0,0.069186,0.04613
105.35,525.0,0.069543,0.04637
107.63,525.0,0.069799,0.046764
109.73,525.0,0.070702,0.047405
112.0,525.0,0.071715,0.048696
114.1,525.0,0.073434,0.050178
116.38,525.0,0.075609,0.052464
118.65,525.0,0.078169,0.054931
120.75,525.0,0.080871,0.057719
123.03,525.0,0.083403,0.060113
125.13,525.0,0.086305,0.063101
127.4,525.0,0.088748,0.065412
129.5,525.0,0.090597,0.067322
131.6,525.0,0.091909,0.068604
134.05,525.0,0.09222,0.069016
136.15,525.0,0.091786,0.068499
138.43,525.0,0.091105,0.067923
140.7,525.0,0.090397,0.066977
142.98,525.0,0.089904,0.066626
145.08,525.0,0.088631,0.065221
147.35,525.0,0.08601,0.062827
149.63,525.0,0.082159,0.05885
151.73,525.0,0.076734,0.053625
154.0,525.0,0.06987,0.046752
156.28,525.0,0.062214,0.03934
158.38,525.0,0.053049,0.030409
160.65,525.0,0.042732,0.020012
162.93,525.0,0.031509,0.00897
165.03,525.0,0.019608,-0.002869
167.3,525.0,0.006389,-0.015922
169.58,525.0,-0.008356,-0.030213
171.85,525.0,-0.023796,-0.045515
173.95,525.0,-0.038981,-0.06082
176.23,525.0,-0.054036,-0.075537
178.33,525.0,-0.067585,-0.088969
180.6,525.0,-0.079637,-0.100903
182.88,525.0,-0.089517,-0.11045
184.98,525.0,-0.096877,-0.117804
187.25,525.0,-0.10021,-0.121076
189.53,525.0,-0.099566,-0.12057
191.63,525.0,-0.094736,-0.115758
193.9,525.0,-0.084421,-0.105712
196.18,525.0,-0.069745,-0.091103
198.45,525.0,-0.050093,-0.071704
200.55,525.0,-0.026332,-0.048223
202.83,525.0,0.003638,-0.018642
205.1,525.0,0.036758,0.014013
207.2,525.0,0.073009,0.049876
209.48,525.0,0.112599,0.088912
211.75,525.0,0.152778,0.128292
213.85,525.0,0.193933,0.16934
216.13,525.0,0.235473,0.210255
218.4,525.0,0.273572,0.247963
220.68,525.0,0.310439,0.284025
222.78,525.0,0.342996,0.316268
225.05,525.0,0.371961,0.344829
227.15,525.0,0.396425,0.369056
229.43,525.0,0.415664,0.388156
231.7,525.0,0.429432,0.401659
233.8,525.0,0.437968,0.410196
236.08,525.0,0.441379,0.4134
238.35,525.0,0.440707,0.412885
240.63,525.0,0.435883,0.408258
242.73,525.0,0.42856,0.40083
245.0,525.0,0.419364,0.391598
247.28,525.0,0.408628,0.381259
249.55,525.0,0.396795,0.369367
251.65,525.0,0.384339,0.357091
253.75,525.0,0.371949,0.345014
256.2,525.0,0.359953,0.33324
258.3,525.0,0.348511,0.321903
260.58,525.0,0.337368,0.310849
262.68,525.0,0.326693,0.300328
264.95,525.0,0.316622,0.290606
267.23,525.0,0.307365,0.281117
269.5,525.0,0.298542,0.27239
271.6,525.0,0.28938,0.263523
273.88,525.0,0.281179,0.255378
276.15,525.0,0.273169,0.247522
278.25,525.0,0.265735,0.240276
280.53,525.0,0.26031,0.234694
282.8,525.0,0.256401,0.230942
284.9,525.0,0.254367,0.229032
287.18,525.0,0.253791,0.228255
289.45,525.0,0.253643,0.228329
291.55,525.0,0.253489,0.228086
293.83,525.0,0.252587,0.22714
296.1,525.0,0.25113,0.225467
298.2,525.0,0.24966,0.224179
300.48,525.0,0.248927,0.223372
302.75,525.0,0.248289,0.222735
304.85,525.0,0.24856,0.223147
307.13,525.0,0.249275,0.223844
309.4,525.0,0.250621,0.225101
311.68,525.0,0.251635,0.226163
313.78,525.0,0.252208,0.22677
316.05,525.0,0.252106,0.226817
318.33,525.0,0.251703,0.226234
320.43,525.0,0.2506,0.225178
322.7,525.0,0.248899,0.223579
324.98,525.0,0.246894,0.221398
327.08,525.0,0.244136,0.218751
329.35,525.0,0.241108,0.215794
331.45,525.0,0.237513,0.212266
333.73,525.0,0.233301,0.20804
336.0,525.0,0.227747,0.202504
338.28,525.0,0.221841,0.19685
340.38,525.0,0.215168,0.190307
342.65,525.0,0.208748,0.183745
344.93,525.0,0.201589,0.176977
347.03,525.0,0.194632,0.169996
349.3,525.0,0.186814,0.162303
351.58,525.0,0.178215,0.153893
353.68,525.0,0.168798,0.144632
355.95,525.0,0.158499,0.134207
358.05,525.0,0.147189,0.123074
360.33,525.0,0.135914,0.112032
362.6,525.0,0.124728,0.100834
364.88,525.0,0.11425,0.090819
366.98,525.0,0.105332,0.08186
369.25,525.0,0.097716,0.074331
371.53,525.0,0.09227,0.068853
373.63,525.0,0.088699,0.065489
375.9,525.0,0.087636,0.064355
378.0,525.0,0.089254,0.066111
380.28,525.0,0.093927,0.070514
382.55,525.0,0.101425,0.077793
384.65,525.0,0.112408,0.088788
386.93,525.0,0.126361,0.10259
389.2,525.0,0.143628,0.119429
391.3,525.0,0.163058,0.138819
393.58,525.0,0.18608,0.161469
395.85,525.0,0.210932,0.185966
398.13,525.0,0.236724,0.211299
400.23,525.0,0.262118,0.236453
402.5,525.0,0.288844,0.262762
404.6,525.0,0.314201,0.287898
406.88,525.0,0.33726,0.310769
409.15,525.0,0.357765,0.330834
411.25,525.0,0.376736,0.349678
413.53,525.0,0.393455,0.366191
415.8,525.0,0.407004,0.379521
417.9,525.0,0.417152,0.389611
420.18,525.0,0.423732,0.396111
422.28,525.0,0.426715,0.399127
424.55,525.0,0.426379,0.398754
426.83,525.0,0.423243,0.395889
428.93,525.0,0.418159,0.390686
431.2,525.0,0.411601,0.384235
433.48,525.0,0.403625,0.376265
435.75,525.0,0.394182,0.367078
437.85,525.0,0.383486,0.356367
440.13,525.0,0.371169,0.34429
442.4,525.0,0.358874,0.332088
444.5,525.0,0.347322,0.320803
446.78,525.0,0.335957,0.309611
449.05,525.0,0.32425,0.297922
451.15,525.0,0.312011,0.285744
453.43,525.0,0.299395,0.273434
455.7,525.0,0.28685,0.26092
457.98,525.0,0.275014,0.249383
460.08,525.0,0.265054,0.239645
462.35,525.0,0.257371,0.231952
464.63,525.0,0.250812,0.225427
466.73,525.0,0.245865,0.220572
469.0,525.0,0.241376,0.215926
471.28,525.0,0.237537,0.212371
473.38,525.0,0.234241,0.20909
475.65,525.0,0.230215,0.205181
477.93,525.0,0.226077,0.200914
480.03,525.0,0.222251,0.19731
482.3,525.0,0.21783,0.192611
484.58,525.0,0.21311,0.188144
486.68,525.0,0.209635,0.18483
488.95,525.0,0.20694,0.182082
491.05,525.0,0.20551,0.180822
493.33,525.0,0.205024,0.180144
495.6,525.0,0.204823,0.179959
497.88,525.0,0.205249,0.180443
499.98,525.0,0.20576,0.180936
502.25,525.0,0.206712,0.181761
504.53,525.0,0.207423,0.182525
506.63,525.0,0.207442,0.182584
508.9,525.0,0.206127,0.181505
511.18,525.0,0.204062,0.179367
513.28,525.0,0.201053,0.176127
515.55,525.0,0.197608,0.172858
517.83,525.0,0.192765,0.168052
519.93,525.0,0.187189,0.162661
522.2,525.0,0.181278,0.156866
524.48,525.0,0.174152,0.14982
526.58,525.0,0.166669,0.142337
528.85,525.0,0.158385,0.134238
531.13,525.0,0.149303,0.125098
533.4,525.0,0.139639,0.115779
535.5,525.0,0.129854,0.106087
537.78,525.0,0.119133,0.095597
540.05,525.0,0.107347,0.083721
542.15,525.0,0.094611,0.071284
544.43,525.0,0.081182,0.057966
546.7,525.0,0.06836,0.045196
548.8,525.0,0.055658,0.032658
551.08,525.0,0.043659,0.021004
553.35,525.0,0.032014,0.009491
555.45,525.0,0.020899,-0.001563
557.73,525.0,0.010674,-0.011412
560.0,525.0,0.002331,-0.019677
562.1,525.0,-0.003399,-0.025407
564.38,525.0,-0.005518,-0.027545
566.65,525.0,-0.003916,-0.026193
568.93,525.0,0.001284,-0.020946
571.03,525.0,0.009368,-0.013063
573.3,525.0,0.021077,-0.001292
575.58,525.0,0.036173,0.013644
577.68,525.0,0.054438,0.031395
579.95,525.0,0.075113,0.051977
582.05,525.0,0.099543,0.076121
584.33,525.0,0.12588,0.101934
586.6,525.0,0.152254,0.128163
588.7,525.0,0.179099,0.154639
590.98,525.0,0.205597,0.180828
593.25,525.0,0.230541,0.205227
595.35,525.0,0.253086,0.227802
597.63,525.0,0.274897,0.249133
599.9,525.0,0.294814,0.268705
602.0,525.0,0.311188,0.285178
604.28,525.0,0.324272,0.298117
606.55,525.0,0.333344,0.30697
608.65,525.0,0.33812,0.311619
610.93,525.0,0.338178,0.311856
613.03,525.0,0.334857,0.308308
615.3,525.0,0.328163,0.301783
617.58,525.0,0.318816,0.292608
619.85,525.0,0.306324,0.279987
622.13,525.0,0.292463,0.26657
624.23,525.0,0.276967,0.251287
626.5,525.0,0.260846,0.23519
628.78,525.0,0.243859,0.21848
631.05,525.0,0.227115,0.202183
633.15,525.0,0.210292,0.185424
635.43,525.0,0.193123,0.168462
637.7,525.0,0.176379,0.152069
639.8,525.0,0.160532,0.136385
642.08,525.0,0.146407,0.122464
644.35,525.0,0.133034,0.109247
646.45,525.0,0.120837,0.097137
648.73,525.0,0.109072,0.08564
651.0,525.0,0.098024,0.07462
653.1,525.0,0.087695,0.064568
655.38,525.0,0.07792,0.054722
657.48,525.0,0.068385,0.045508
659.75,525.0,0.059691,0.036854
662.03,525.0,0.051903,0.029127
664.13,525.0,0.044291,0.021586
666.4,525.0,0.037467,0.014781
668.5,525.0,0.031339,0.008832
670.78,525.0,0.025991,0.003551
673.05,525.0,0.021176,-0.001282
675.15,525.0,0.017307,-0.004884
677.43,525.0,0.013225,-0.009227
679.7,525.0,0.008933,-0.013393
681.98,525.0,0.005015,-0.017398
684.08,525.0,0.000911,-0.021344
686.35,525.0,-0.00277,-0.024936
688.45,525.0,-0.005786,-0.028011
690.73,525.0,-0.00806,-0.030059
693.0,525.0,-0.010078,-0.032071
695.1,525.0,-0.011224,-0.033374
697.38,525.0,-0.012114,-0.03411
699.65,525.0,-0.012468,-0.034465
701.75,525.0,-0.012881,-0.034757
704.03,525.0,-0.012937,-0.034813
706.3,525.0,-0.01289,-0.034742
708.4,525.0,-0.012083,-0.034006
710.68,525.0,-0.011402,-0.033448
11.55,560.0,0.27133,0.245381
13.83,560.0,0.285701,0.259648
16.28,560.0,0.30043,0.274182
18.55,560.0,0.312611,0.286407
20.65,560.0,0.324075,0.2975
22.75,560.0,0.335375,0.308646
25.2,560.0,0.345005,0.318274
27.48,560.0,0.353511,0.326878
29.75,560.0,0.361487,0.334484
31.68,560.0,0.368095,0.341034
34.13,560.0,0.374389,0.347423
36.4,560.0,0.37986,0.352602
38.5,560.0,0.385091,0.357873
40.78,560.0,0.389931,0.36271
43.05,560.0,0.39462,0.367241
45.15,560.0,0.399124,0.371749
47.43,560.0,0.403129,0.375763
49.53,560.0,0.406702,0.379318
51.8,560.0,0.410045,0.38271
54.08,560.0,0.412439,0.385097
56.18,560.0,0.413887,0.386404
58.45,560.0,0.414484,0.386949
60.55,560.0,0.414946,0.387352
62.83,560.0,0.414817,0.387377
65.1,560.0,0.414965,0.387383
67.38,560.0,0.415375,0.38775
69.48,560.0,0.415837,0.388588
71.75,560.0,0.416493,0.388883
73.85,560.0,0.418184,0.390587
76.13,560.0,0.420359,0.39279
78.4,560.0,0.422941,0.395347
80.68,560.0,0.425448,0.397864
82.78,560.0,0.427251,0.399558
85.05,560.0,0.428283,0.400757
87.15,560.0,0.428089,0.400455
89.43,560.0,0.427269,0.399657
91.7,560.0,0.426046,0.398314
93.8,560.0,0.425362,0.397759
96.08,560.0,0.424549,0.397044
98.35,560.0,0.423203,0.395661
100.63,560.0,0.421123,0.393492
102.73,560.0,0.418126,0.39059
105.0,560.0,0.414768,0.387365
107.1,560.0,0.410399,0.383073
109.38,560.0,0.405738,0.378384
111.65,560.0,0.401853,0.374537
113.93,560.0,0.397907,0.370501
116.03,560.0,0.39356,0.366317
118.3,560.0,0.389346,0.362014
120.58,560.0,0.384111,0.357054
122.68,560.0,0.378363,0.351518
124.95,560.0,0.372888,0.345941
127.23,560.0,0.367537,0.340689
129.5,560.0,0.362691,0.335951
131.6,560.0,0.357195,0.330532
133.88,560.0,0.351419,0.324709
136.15,560.0,0.344808,0.318295
138.43,560.0,0.337408,0.311031
140.7,560.0,0.328634,0.302192
142.8,560.0,0.319392,0.293049
145.08,560.0,0.308434,0.282482
147.35,560.0,0.297109,0.271166
149.45,560.0,0.284355,0.258486
151.73,560.0,0.270242,0.244595
154.0,560.0,0.255455,0.230051
156.1,560.0,0.240027,0.214817
158.38,560.0,0.224041,0.198961
160.65,560.0,0.206576,0.181629
162.75,560.0,0.187698,0.163092
165.03,560.0,0.168375,0.144281
167.13,560.0,0.149019,0.12499
169.4,560.0,0.129441,0.105572
171.68,560.0,0.109753,0.086182
173.78,560.0,0.090745,0.067458
176.05,560.0,0.071912,0.048807
178.33,560.0,0.054907,0.031996
180.6,560.0,0.038431,0.01592
182.7,560.0,0.022723,0.00036
184.98,560.0,0.009509,-0.012681
187.25,560.0,-0.00103,-0.023146
189.53,560.0,-0.008007,-0.030013
191.63,560.0,-0.011304,-0.033353
193.9,560.0,-0.009723,-0.031917
196.18,560.0,-0.003661,-0.025811
198.28,560.0,0.007562,-0.014844
200.55,560.0,0.023533,0.001056
202.83,560.0,0.043588,0.020806
204.93,560.0,0.067011,0.043872
207.2,560.0,0.093604,0.070326
209.48,560.0,0.121866,0.098197
211.58,560.0,0.151733,0.127467
213.85,560.0,0.183788,0.15918
216.13,560.0,0.218942,0.193979
218.23,560.0,0.252587,0.227115
220.33,560.0,0.283375,0.257664
222.78,560.0,0.308246,0.282041
224.88,560.0,0.326034,0.29962
227.15,560.0,0.337352,0.310988
229.25,560.0,0.343428,0.316807
231.53,560.0,0.345421,0.318714
233.8,560.0,0.344611,0.317907
236.08,560.0,0.341339,0.314734
238.18,560.0,0.336702,0.310341
240.45,560.0,0.330153,0.303782
242.73,560.0,0.322633,0.296394
244.83,560.0,0.313696,0.287494
247.1,560.0,0.304312,0.278335
249.38,560.0,0.29413,0.268261
251.48,560.0,0.284484,0.258727
253.75,560.0,0.275014,0.249142
256.03,560.0,0.266404,0.240704
258.3,560.0,0.2588,0.233027
260.58,560.0,0.252192,0.226777
262.68,560.0,0.246866,0.221512
264.95,560.0,0.241576,0.216194
267.23,560.0,0.236558,0.211336
269.33,560.0,0.232004,0.206829
271.6,560.0,0.227679,0.202476
273.7,560.0,0.223884,0.19872
275.98,560.0,0.221117,0.196188
278.25,560.0,0.218736,0.193674
280.35,560.0,0.216681,0.191478
282.63,560.0,0.214703,0.189771
284.73,560.0,0.213397,0.188486
287.0,560.0,0.212035,0.187069
289.28,560.0,0.210892,0.185963
291.55,560.0,0.210972,0.186009
293.65,560.0,0.210455,0.185603
295.75,560.0,0.210347,0.185668
298.03,560.0,0.210205,0.185483
300.3,560.0,0.210064,0.185338
302.4,560.0,0.209691,0.184928
304.68,560.0,0.209725,0.184879
306.95,560.0,0.209657,0.184614
309.05,560.0,0.208985,0.184167
311.33,560.0,0.20775,0.182815
313.43,560.0,0.20629,0.181419
315.7,560.0,0.205116,0.180366
317.98,560.0,0.204272,0.179371
320.08,560.0,0.203579,0.178791
322.35,560.0,0.202553,0.177762
324.63,560.0,0.201382,0.17669
326.73,560.0,0.199155,0.174562
329.0,560.0,0.196163,0.171616
331.28,560.0,0.191465,0.166789
333.38,560.0,0.185917,0.161407
335.65,560.0,0.180677,0.156336
337.75,560.0,0.175011,0.15072
340.03,560.0,0.169534,0.145316
342.3,560.0,0.16291,0.13853
344.4,560.0,0.155464,0.13149
346.68,560.0,0.146931,0.122833
348.78,560.0,0.137722,0.113727
351.05,560.0,0.127596,0.103801
353.33,560.0,0.116355,0.092701
355.6,560.0,0.10454,0.080963
357.7,560.0,0.09226,0.069029
359.98,560.0,0.07999,0.056721
362.25,560.0,0.068215,0.045317
364.53,560.0,0.057491,0.03479
366.8,560.0,0.049623,0.02665
368.9,560.0,0.044016,0.021232
371.35,560.0,0.04011,0.017433
373.45,560.0,0.038382,0.01572
375.73,560.0,0.03848,0.015779
378.0,560.0,0.040699,0.017978
380.28,560.0,0.045757,0.022954
382.38,560.0,0.055563,0.032661
384.65,560.0,0.069762,0.046657
386.75,560.0,0.090458,0.066888
389.03,560.0,0.116167,0.092411
391.3,560.0,0.14417,0.120058
393.58,560.0,0.174703,0.150107
395.68,560.0,0.207217,0.18218
397.95,560.0,0.239004,0.213634
400.23,560.0,0.271992,0.246234
402.33,560.0,0.306431,0.280258
404.6,560.0,0.339392,0.312812
406.88,560.0,0.371385,0.344515
409.15,560.0,0.403018,0.375519
411.25,560.0,0.429888,0.402137
413.53,560.0,0.452445,0.424423
415.8,560.0,0.471369,0.442947
417.9,560.0,0.48653,0.458021
420.18,560.0,0.496597,0.468045
422.45,560.0,0.502799,0.474231
424.55,560.0,0.504937,0.476215
426.83,560.0,0.503643,0.475199
429.1,560.0,0.498883,0.470313
431.2,560.0,0.491129,0.46266
433.48,560.0,0.480162,0.451739
435.75,560.0,0.467001,0.438843
437.85,560.0,0.452479,0.4245
440.13,560.0,0.436973,0.409398
442.23,560.0,0.420627,0.393049
444.5,560.0,0.404136,0.376675
446.78,560.0,0.387127,0.359962
449.05,560.0,0.369977,0.343113
451.15,560.0,0.354281,0.327614
453.43,560.0,0.339996,0.313505
455.53,560.0,0.327596,0.30116
457.8,560.0,0.316434,0.290248
460.08,560.0,0.306447,0.280446
462.18,560.0,0.297621,0.271462
464.45,560.0,0.288896,0.262932
466.73,560.0,0.281573,0.25568
468.83,560.0,0.274377,0.248745
471.1,560.0,0.267312,0.241684
473.38,560.0,0.260655,0.234993
475.65,560.0,0.254007,0.228637
477.75,560.0,0.24836,0.223098
480.03,560.0,0.242864,0.217762
482.3,560.0,0.237747,0.212593
484.4,560.0,0.233779,0.20852
486.68,560.0,0.229679,0.204611
488.78,560.0,0.22588,0.200701
491.05,560.0,0.222852,0.197713
493.33,560.0,0.219444,0.194543
495.43,560.0,0.21584,0.190865
497.7,560.0,0.211733,0.186949
499.8,560.0,0.207827,0.183049
502.08,560.0,0.203379,0.178477
504.35,560.0,0.198717,0.17401
506.45,560.0,0.194059,0.169386
508.73,560.0,0.188511,0.163853
511.0,560.0,0.182784,0.158369
513.28,560.0,0.176764,0.152297
515.38,560.0,0.170507,0.146201
517.65,560.0,0.163804,0.139383
519.75,560.0,0.157159,0.132855
522.03,560.0,0.149522,0.12539
524.3,560.0,0.141031,0.116881
526.58,560.0,0.130954,0.10706
528.68,560.0,0.119032,0.095421
530.95,560.0,0.105517,0.081986
533.23,560.0,0.090588,0.067433
535.33,560.0,0.07532,0.052347
537.6,560.0,0.0604,0.037433
539.53,560.0,0.045622,0.022642
541.98,560.0,0.030526,0.008108
544.25,560.0,0.014685,-0.007721
546.35,560.0,-0.003162,-0.025336
548.63,560.0,-0.021979,-0.043778
550.9,560.0,-0.04054,-0.062431
553.18,560.0,-0.059138,-0.080213
555.45,560.0,-0.076251,-0.097311
557.55,560.0,-0.091569,-0.112407
559.83,560.0,-0.104443,-0.124942
561.93,560.0,-0.114307,-0.134806
564.2,560.0,-0.121113,-0.141781
566.3,560.0,-0.124209,-0.144683
568.58,560.0,-0.123565,-0.144409
570.85,560.0,-0.119659,-0.140142
572.95,560.0,-0.110832,-0.131566
575.23,560.0,-0.098186,-0.119264
577.5,560.0,-0.080386,-0.101504
579.78,560.0,-0.058876,-0.080238
582.05,560.0,-0.033371,-0.05505
584.33,560.0,-0.003128,-0.0253
586.6,560.0,0.032106,0.009417
588.88,560.0,0.066318,0.043077
590.98,560.0,0.103773,0.080206
593.25,560.0,0.140486,0.11649
595.7,560.0,0.179635,0.154691
597.98,560.0,0.211567,0.186693
600.08,560.0,0.240704,0.215335
602.35,560.0,0.266222,0.240492
604.45,560.0,0.290027,0.263921
606.73,560.0,0.307781,0.281579
609.0,560.0,0.321665,0.295285
611.28,560.0,0.330948,0.304734
613.38,560.0,0.3362,0.309826
615.65,560.0,0.337226,0.310615
617.75,560.0,0.334031,0.307676
620.03,560.0,0.327602,0.301256
622.3,560.0,0.318699,0.292463
624.4,560.0,0.307599,0.281438
626.68,560.0,0.295042,0.269235
628.95,560.0,0.281302,0.255627
630.88,560.0,0.266259,0.240674
633.33,560.0,0.251909,0.226425
635.6,560.0,0.23856,0.213141
637.7,560.0,0.225501,0.200399
639.98,560.0,0.212864,0.187935
642.43,560.0,0.19998,0.17519
644.53,560.0,0.188702,0.164164
646.8,560.0,0.177704,0.153151
649.08,560.0,0.167174,0.142652
651.35,560.0,0.156191,0.132128
653.45,560.0,0.145908,0.121826
655.73,560.0,0.134386,0.110446
657.83,560.0,0.122944,0.099318
660.1,560.0,0.112821,0.089312
662.38,560.0,0.103181,0.079531
664.65,560.0,0.094466,0.07109
666.75,560.0,0.086099,0.063024
669.03,560.0,0.079195,0.055963
671.3,560.0,0.072994,0.049891
673.58,560.0,0.067861,0.044605
675.68,560.0,0.062704,0.039617
677.95,560.0,0.057029,0.034303
680.23,560.0,0.051216,0.028419
682.5,560.0,0.044996,0.022337
684.78,560.0,0.039097,0.016731
686.88,560.0,0.033665,0.010973
689.15,560.0,0.02893,0.006213
691.43,560.0,0.024007,0.001518
693.7,560.0,0.019272,-0.00318
695.98,560.0,0.014586,-0.007616
698.08,560.0,0.009457,-0.012746
700.35,560.0,0.004623,-0.017561
702.63,560.0,-0.000762,-0.022974
704.73,560.0,-0.006236,-0.028414
707.0,560.0,-0.011295,-0.033279
709.28,560.0,-0.016578,-0.038781
711.38,560.0,-0.021581,-0.043368
11.73,595.0,0.479124,0.450094
14.0,595.0,0.487331,0.458702
16.28,595.0,0.493976,0.465371
18.55,595.0,0.499161,0.470516
20.65,595.0,0.502066,0.47356
22.93,595.0,0.502725,0.474019
25.2,595.0,0.501819,0.473089
27.3,595.0,0.499429,0.47071
29.58,595.0,0.496348,0.467842
31.85,595.0,0.493107,0.464657
33.95,595.0,0.490442,0.461976
36.23,595.0,0.487217,0.458797
38.33,595.0,0.484345,0.45591
40.6,595.0,0.481662,0.4534
42.7,595.0,0.479971,0.451619
44.98,595.0,0.479832,0.451419
47.25,595.0,0.479881,0.451585
49.53,595.0,0.480559,0.45213
51.63,595.0,0.480162,0.451822
53.9,595.0,0.479241,0.450837
56.18,595.0,0.477325,0.449047
58.28,595.0,0.475402,0.447201
60.55,595.0,0.473979,0.445701
62.83,595.0,0.472617,0.44417
65.1,595.0,0.471178,0.442836
67.2,595.0,0.469081,0.440966
69.48,595.0,0.466715,0.438572
71.75,595.0,0.464577,0.436363
73.85,595.0,0.461804,0.433745
76.13,595.0,0.459034,0.431065
78.4,595.0,0.456394,0.428471
80.5,595.0,0.45388,0.425972
82.78,595.0,0.450954,0.423144
84.88,595.0,0.44653,0.418773
87.15,595.0,0.441379,0.413717
89.43,595.0,0.435803,0.408076
91.53,595.0,0.430097,0.402497
93.8,595.0,0.424934,0.397386
96.08,595.0,0.419265,0.391826
98.18,595.0,0.414093,0.386545
100.45,595.0,0.408252,0.380821
102.55,595.0,0.402944,0.375541
104.83,595.0,0.398018,0.370723
107.1,595.0,0.393816,0.366416
109.2,595.0,0.390054,0.362898
111.48,595.0,0.386182,0.358988
113.75,595.0,0.382408,0.355304
116.03,595.0,0.37872,0.351434
118.13,595.0,0.374762,0.347805
120.4,595.0,0.369811,0.34287
122.68,595.0,0.364324,0.337312
124.95,595.0,0.358773,0.33197
127.05,595.0,0.352494,0.325655
129.33,595.0,0.345908,0.31925
131.6,595.0,0.338871,0.312417
133.7,595.0,0.331052,0.30462
135.98,595.0,0.322805,0.29669
138.25,595.0,0.31324,0.287051
140.53,595.0,0.302698,0.276592
142.63,595.0,0.291096,0.265356
144.9,595.0,0.278791,0.253184
147.18,595.0,0.265409,0.239934
149.28,595.0,0.252596,0.227091
151.55,595.0,0.240054,0.214956
153.83,595.0,0.226601,0.201647
156.1,595.0,0.212051,0.187251
158.38,595.0,0.195486,0.170886
160.65,595.0,0.176549,0.152023
162.75,595.0,0.156062,0.131811
165.03,595.0,0.133548,0.109725
167.3,595.0,0.108625,0.085076
169.58,595.0,0.081989,0.058995
171.68,595.0,0.055394,0.032547
173.95,595.0,0.029103,0.006647
176.23,595.0,0.002649,-0.019418
178.33,595.0,-0.02306,-0.044948
180.6,595.0,-0.046291,-0.06777
182.7,595.0,-0.066889,-0.088044
184.98,595.0,-0.084061,-0.105121
187.25,595.0,-0.097893,-0.118734
189.35,595.0,-0.107638,-0.128325
191.63,595.0,-0.111464,-0.132206
193.9,595.0,-0.109933,-0.130629
196.18,595.0,-0.101603,-0.122256
198.28,595.0,-0.087139,-0.108192
200.55,595.0,-0.066113,-0.087542
202.83,595.0,-0.040583,-0.062308
205.1,595.0,-0.008399,-0.030605
207.38,595.0,0.029189,0.006712
209.83,595.0,0.077812,0.054568
212.1,595.0,0.125575,0.101792
214.2,595.0,0.173548,0.149047
216.48,595.0,0.220091,0.194882
218.93,595.0,0.264025,0.238221
221.2,595.0,0.295205,0.269219
223.3,595.0,0.319971,0.293616
225.58,595.0,0.337701,0.311102
228.03,595.0,0.351764,0.324863
230.3,595.0,0.360313,0.333388
232.58,595.0,0.365227,0.338557
234.68,595.0,0.367756,0.340843
236.95,595.0,0.3673,0.340242
239.23,595.0,0.36458,0.337759
241.5,595.0,0.360473,0.333868
243.78,595.0,0.354487,0.327713
245.88,595.0,0.34783,0.3212
248.15,595.0,0.340002,0.313628
250.25,595.0,0.331786,0.305359
252.53,595.0,0.322879,0.296441
254.63,595.0,0.31344,0.287275
256.9,595.0,0.303723,0.277587
259.0,595.0,0.293865,0.267944
261.28,595.0,0.283948,0.258206
263.55,595.0,0.274142,0.248465
265.83,595.0,0.264682,0.239192
268.1,595.0,0.256459,0.231016
270.2,595.0,0.249084,0.223622
272.48,595.0,0.242858,0.217507
274.75,595.0,0.23714,0.211807
276.85,595.0,0.233086,0.207765
279.13,595.0,0.229568,0.204454
281.23,595.0,0.226835,0.201758
283.5,595.0,0.225292,0.200187
285.78,595.0,0.225067,0.199777
287.88,595.0,0.225871,0.200815
290.15,595.0,0.226773,0.201749
292.43,595.0,0.227491,0.202137
294.53,595.0,0.226801,0.20157
296.8,595.0,0.225757,0.200532
299.08,595.0,0.22487,0.199799
301.18,595.0,0.225285,0.20011
303.45,595.0,0.226934,0.201743
305.73,595.0,0.228631,0.203573
308.0,595.0,0.229759,0.20458
310.1,595.0,0.22922,0.204001
312.38,595.0,0.227541,0.20235
314.65,595.0,0.224297,0.199189
316.75,595.0,0.220557,0.195424
319.03,595.0,0.215695,0.19064
321.13,595.0,0.210748,0.185843
323.4,595.0,0.205233,0.180587
325.68,595.0,0.199928,0.175205
327.78,595.0,0.194608,0.16999
330.05,595.0,0.188406,0.163794
332.33,595.0,0.182451,0.157855
334.6,595.0,0.175538,0.15116
336.7,595.0,0.168252,0.143875
338.98,595.0,0.159515,0.135323
341.08,595.0,0.149922,0.125735
343.35,595.0,0.139503,0.115547
345.63,595.0,0.128277,0.104364
347.73,595.0,0.116848,0.093178
350.0,595.0,0.105415,0.082002
352.28,595.0,0.094019,0.070643
354.38,595.0,0.081792,0.058638
356.65,595.0,0.068591,0.045501
358.93,595.0,0.055754,0.032892
361.2,595.0,0.042821,0.020015
363.48,595.0,0.030021,0.007621
365.58,595.0,0.017633,-0.00469
368.03,595.0,0.005785,-0.016322
370.13,595.0,-0.002952,-0.024918
372.4,595.0,-0.008507,-0.030487
374.68,595.0,-0.010977,-0.033038
376.95,595.0,-0.009086,-0.030999
379.23,595.0,-0.003331,-0.025506
381.33,595.0,0.007575,-0.014871
383.6,595.0,0.022692,0.000258
385.88,595.0,0.041441,0.018684
387.98,595.0,0.062763,0.039928
390.25,595.0,0.088564,0.065227
392.35,595.0,0.116918,0.093262
394.63,595.0,0.146752,0.122568
396.73,595.0,0.17934,0.155008
399.0,595.0,0.215122,0.190014
401.28,595.0,0.251967,0.226413
403.55,595.0,0.290341,0.264398
405.65,595.0,0.327556,0.30104
407.93,595.0,0.363606,0.336542
410.2,595.0,0.398338,0.370929
412.3,595.0,0.428163,0.400427
414.58,595.0,0.453246,0.425165
416.85,595.0,0.474204,0.445723
418.95,595.0,0.490855,0.462442
421.23,595.0,0.503372,0.474635
423.5,595.0,0.511776,0.482925
425.78,595.0,0.515849,0.487167
427.88,595.0,0.516431,0.487682
430.15,595.0,0.514216,0.485279
432.43,595.0,0.508742,0.479841
434.7,595.0,0.500781,0.472269
436.8,595.0,0.489974,0.461631
439.08,595.0,0.476172,0.447824
441.35,595.0,0.460365,0.432044
443.45,595.0,0.443008,0.415091
445.73,595.0,0.425202,0.397667
447.83,595.0,0.406665,0.379241
450.1,595.0,0.388317,0.360954
452.38,595.0,0.369694,0.342784
454.48,595.0,0.352565,0.326068
456.75,595.0,0.336789,0.310325
459.03,595.0,0.322115,0.295821
461.13,595.0,0.308545,0.28218
463.4,595.0,0.296764,0.270698
465.68,595.0,0.286225,0.260168
467.95,595.0,0.276481,0.250723
470.4,595.0,0.267426,0.241616
472.5,595.0,0.260396,0.234796
474.78,595.0,0.253443,0.227892
476.88,595.0,0.247346,0.222091
479.15,595.0,0.240532,0.215104
481.43,595.0,0.233819,0.208696
483.7,595.0,0.226635,0.201573
485.8,595.0,0.22043,0.195375
488.08,595.0,0.214059,0.189029
490.18,595.0,0.208945,0.184176
492.45,595.0,0.204534,0.17983
494.73,595.0,0.201117,0.176465
497.0,595.0,0.198206,0.173354
499.1,595.0,0.195322,0.170671
501.38,595.0,0.191586,0.167115
503.65,595.0,0.187907,0.163206
505.75,595.0,0.184648,0.159987
508.03,595.0,0.181472,0.156952
510.3,595.0,0.178172,0.153582
512.4,595.0,0.173486,0.149281
514.68,595.0,0.167886,0.143702
516.78,595.0,0.161043,0.136709
519.05,595.0,0.153591,0.129275
521.33,595.0,0.145082,0.121136
523.6,595.0,0.135363,0.111478
525.7,595.0,0.124901,0.10113
527.98,595.0,0.112852,0.089278
530.25,595.0,0.099478,0.07605
532.35,595.0,0.084127,0.061121
534.63,595.0,0.06698,0.04385
536.9,595.0,0.046503,0.023684
539.18,595.0,0.025372,0.002834
541.45,595.0,0.001795,-0.020417
543.55,595.0,-0.023627,-0.045469
545.83,595.0,-0.049591,-0.07127
548.1,595.0,-0.076846,-0.097841
550.2,595.0,-0.105269,-0.125937
552.48,595.0,-0.13301,-0.153322
554.75,595.0,-0.158423,-0.178497
556.85,595.0,-0.182721,-0.202434
559.13,595.0,-0.205333,-0.224646
561.23,595.0,-0.225583,-0.244948
563.5,595.0,-0.242114,-0.261066
565.78,595.0,-0.254979,-0.273894
567.88,595.0,-0.263241,-0.28208
570.15,595.0,-0.265496,-0.284304
572.25,595.0,-0.262129,-0.280835
574.53,595.0,-0.251368,-0.270114
576.8,595.0,-0.234886,-0.254119
578.9,595.0,-0.212178,-0.231482
581.18,595.0,-0.182983,-0.202875
583.28,595.0,-0.149523,-0.169794
585.55,595.0,-0.112709,-0.133642
587.83,595.0,-0.072588,-0.094036
590.1,595.0,-0.030909,-0.052718
592.2,595.0,0.015215,-0.007225
594.48,595.0,0.054839,0.031992
596.75,595.0,0.097769,0.074294
599.03,595.0,0.138893,0.114879
601.13,595.0,0.176296,0.151826
603.23,595.0,0.211949,0.187069
605.5,595.0,0.241598,0.216321
607.78,595.0,0.267808,0.242146
610.05,595.0,0.290621,0.264423
612.15,595.0,0.309108,0.282775
614.43,595.0,0.32206,0.295975
616.7,595.0,0.330729,0.30413
618.8,595.0,0.335079,0.308653
621.08,595.0,0.335522,0.308705
623.35,595.0,0.332235,0.305797
625.45,595.0,0.326653,0.300248
627.73,595.0,0.319447,0.293086
630.0,595.0,0.310023,0.283662
632.28,595.0,0.299395,0.273181
634.38,595.0,0.287048,0.261243
636.65,595.0,0.27397,0.248412
638.93,595.0,0.260748,0.2349
641.2,595.0,0.249463,0.224022
643.3,595.0,0.238613,0.213385
645.58,595.0,0.227775,0.202621
647.85,595.0,0.216564,0.191552
649.95,595.0,0.205495,0.180575
652.23,595.0,0.194346,0.169786
654.5,595.0,0.183761,0.159509
656.78,595.0,0.174026,0.149657
658.88,595.0,0.166373,0.141974
661.15,595.0,0.159558,0.135501
663.25,595.0,0.154331,0.130304
665.53,595.0,0.149488,0.125184
667.8,595.0,0.1447,0.120788
670.08,595.0,0.139959,0.116062
672.18,595.0,0.135643,0.111755
674.45,595.0,0.132319,0.108342
676.9,595.0,0.129115,0.105212
679.18,595.0,0.127291,0.103446
681.28,595.0,0.126241,0.102485
683.55,595.0,0.125304,0.101561
685.65,595.0,0.12369,0.099953
687.93,595.0,0.121755,0.09788
690.2,595.0,0.119817,0.09637
692.3,595.0,0.117544,0.09397
694.58,595.0,0.114845,0.091404
696.68,595.0,0.112112,0.088567
698.95,595.0,0.109725,0.08629
701.23,595.0,0.108342,0.084787
703.33,595.0,0.106909,0.083339
705.6,595.0,0.105695,0.08206
707.88,595.0,0.104423,0.081198
710.15,595.0,0.103557,0.080027
11.03,630.0,0.487451,0.458252
13.3,630.0,0.484034,0.455609
15.4,630.0,0.480199,0.451693
17.68,630.0,0.476215,0.447833
19.78,630.0,0.471539,0.44319
22.23,630.0,0.466502,0.438184
24.5,630.0,0.461721,0.433569
26.6,630.0,0.457355,0.429247
28.88,630.0,0.453779,0.425966
30.98,630.0,0.451597,0.423606
33.25,630.0,0.449315,0.421373
35.53,630.0,0.446844,0.418908
37.63,630.0,0.443652,0.415732
39.9,630.0,0.440402,0.412439
42.0,630.0,0.436422,0.408662
44.28,630.0,0.432583,0.404996
46.55,630.0,0.428831,0.4012
48.65,630.0,0.425778,0.398172
50.93,630.0,0.422131,0.394552
53.2,630.0,0.418196,0.39068
55.3,630.0,0.414497,0.386961
57.58,630.0,0.410667,0.383181
59.85,630.0,0.406835,0.379518
61.95,630.0,0.403434,0.376126
64.23,630.0,0.400322,0.372839
66.5,630.0,0.39673,0.369447
68.6,630.0,0.39271,0.365298
70.88,630.0,0.388686,0.361388
73.15,630.0,0.384121,0.357001
75.25,630.0,0.380073,0.353156
77.53,630.0,0.376487,0.349426
79.8,630.0,0.372426,0.34539
81.9,630.0,0.368298,0.34132
84.18,630.0,0.364293,0.337371
86.45,630.0,0.360627,0.333998
88.55,630.0,0.356662,0.329882
90.83,630.0,0.35201,0.325295
93.1,630.0,0.347543,0.320849
95.38,630.0,0.342149,0.315714
97.48,630.0,0.336798,0.310325
99.75,630.0,0.330689,0.30413
102.03,630.0,0.324722,0.298446
104.13,630.0,0.318412,0.292103
106.4,630.0,0.312371,0.285975
108.68,630.0,0.305227,0.27889
110.78,630.0,0.297657,0.271675
113.05,630.0,0.288988,0.263187
115.15,630.0,0.280276,0.25446
117.43,630.0,0.271438,0.24576
119.7,630.0,0.262112,0.23661
121.8,630.0,0.253166,0.227842
124.08,630.0,0.244367,0.219176
126.35,630.0,0.235711,0.210341
128.45,630.0,0.226931,0.201817
130.73,630.0,0.218597,0.193693
133.0,630.0,0.210057,0.185224
135.28,630.0,0.200689,0.175976
137.38,630.0,0.191009,0.166355
139.65,630.0,0.179722,0.155209
141.93,630.0,0.167414,0.142923
144.03,630.0,0.15405,0.129968
146.3,630.0,0.139235,0.115178
148.58,630.0,0.122562,0.09905
150.68,630.0,0.104586,0.081077
152.95,630.0,0.084589,0.061484
155.23,630.0,0.064707,0.04165
157.33,630.0,0.044229,0.021456
159.6,630.0,0.022328,3.9e-05
161.7,630.0,-0.000377,-0.022471
163.98,630.0,-0.024231,-0.046107
166.25,630.0,-0.048004,-0.069517
168.53,630.0,-0.071991,-0.093248
170.63,630.0,-0.096156,-0.117234
172.9,630.0,-0.120179,-0.140712
175.0,630.0,-0.142086,-0.162339
177.28,630.0,-0.162114,-0.182206
179.55,630.0,-0.180842,-0.200675
181.83,630.0,-0.195644,-0.21513
183.93,630.0,-0.206414,-0.225789
186.2,630.0,-0.212145,-0.231532
188.48,630.0,-0.211565,-0.231008
190.58,630.0,-0.20305,-0.222644
192.85,630.0,-0.186153,-0.205882
195.13,630.0,-0.159018,-0.179107
197.23,630.0,-0.121661,-0.142305
199.33,630.0,-0.07611,-0.097484
201.6,630.0,-0.028901,-0.050715
203.88,630.0,0.018903,-0.003765
206.15,630.0,0.062085,0.03901
208.08,630.0,0.103856,0.080283
210.53,630.0,0.140393,0.116164
212.8,630.0,0.172581,0.148252
214.9,630.0,0.202131,0.177464
217.18,630.0,0.229072,0.203693
219.45,630.0,0.252383,0.227131
221.55,630.0,0.274078,0.248425
223.83,630.0,0.29381,0.267698
226.1,630.0,0.310812,0.284432
228.2,630.0,0.325482,0.299192
230.48,630.0,0.338363,0.311887
232.75,630.0,0.349201,0.322577
234.85,630.0,0.357312,0.330489
237.13,630.0,0.362768,0.335997
239.23,630.0,0.365427,0.338532
241.5,630.0,0.365877,0.338893
243.6,630.0,0.36389,0.337035
245.88,630.0,0.359321,0.332429
248.15,630.0,0.3525,0.325797
250.43,630.0,0.344438,0.317734
252.53,630.0,0.335387,0.309047
254.8,630.0,0.326277,0.29999
257.08,630.0,0.317257,0.290837
259.18,630.0,0.309149,0.28295
261.45,630.0,0.301382,0.275415
263.55,630.0,0.295227,0.269192
265.83,630.0,0.289333,0.263462
268.1,630.0,0.28433,0.258452
270.2,630.0,0.278967,0.253277
272.48,630.0,0.27385,0.248311
274.75,630.0,0.268412,0.242812
277.03,630.0,0.263172,0.23759
279.13,630.0,0.258708,0.233261
281.4,630.0,0.254552,0.229109
283.5,630.0,0.25112,0.225723
285.78,630.0,0.248911,0.223483
288.05,630.0,0.246918,0.221589
290.33,630.0,0.245618,0.220168
292.43,630.0,0.244528,0.219032
294.7,630.0,0.243865,0.218514
296.98,630.0,0.24373,0.218508
299.08,630.0,0.243474,0.21803
301.18,630.0,0.242633,0.21742
303.45,630.0,0.242328,0.216884
305.73,630.0,0.242661,0.217309
308.0,630.0,0.243024,0.21759
310.1,630.0,0.24222,0.217011
312.38,630.0,0.24047,0.215199
314.65,630.0,0.237137,0.211755
316.93,630.0,0.233295,0.207984
319.2,630.0,0.227941,0.202676
321.48,630.0,0.223129,0.198172
323.58,630.0,0.218172,0.193018
325.85,630.0,0.212842,0.188033
328.13,630.0,0.207584,0.182667
330.23,630.0,0.201829,0.177069
332.5,630.0,0.196077,0.171302
334.78,630.0,0.189176,0.164639
336.88,630.0,0.181715,0.157075
339.15,630.0,0.172698,0.148339
341.25,630.0,0.162729,0.138502
343.53,630.0,0.151709,0.127544
345.8,630.0,0.139146,0.115242
347.9,630.0,0.125526,0.101761
350.18,630.0,0.111047,0.087639
352.45,630.0,0.09608,0.072649
354.55,630.0,0.08113,0.057846
356.83,630.0,0.065203,0.042239
359.1,630.0,0.048715,0.026068
361.38,630.0,0.031928,0.009399
363.65,630.0,0.015036,-0.007145
365.75,630.0,-0.001898,-0.024064
368.03,630.0,-0.017342,-0.039351
370.3,630.0,-0.030845,-0.052653
372.4,630.0,-0.041905,-0.063738
374.68,630.0,-0.051085,-0.072869
376.95,630.0,-0.058232,-0.079511
379.05,630.0,-0.061181,-0.082567
381.33,630.0,-0.05977,-0.081119
383.43,630.0,-0.053075,-0.074733
385.7,630.0,-0.040401,-0.062071
387.98,630.0,-0.02106,-0.043091
390.25,630.0,0.004195,-0.018245
392.35,630.0,0.033342,0.010585
394.63,630.0,0.065751,0.04255
396.9,630.0,0.100486,0.077023
399.0,630.0,0.135905,0.111854
401.28,630.0,0.172168,0.14771
403.38,630.0,0.210985,0.185877
405.65,630.0,0.247772,0.222288
407.93,630.0,0.283911,0.257978
410.03,630.0,0.318388,0.292029
412.3,630.0,0.350258,0.323394
414.4,630.0,0.37937,0.352205
416.68,630.0,0.405606,0.378101
418.95,630.0,0.427454,0.399863
421.05,630.0,0.444533,0.416579
423.15,630.0,0.457833,0.429478
425.43,630.0,0.466958,0.438434
427.7,630.0,0.471591,0.443181
429.98,630.0,0.472947,0.444537
432.08,630.0,0.471188,0.442925
434.35,630.0,0.466336,0.438055
436.63,630.0,0.457984,0.429983
438.9,630.0,0.44783,0.419968
441.0,630.0,0.436083,0.408372
443.28,630.0,0.422654,0.395193
445.55,630.0,0.408501,0.381099
447.65,630.0,0.394161,0.366949
449.93,630.0,0.380017,0.352824
452.2,630.0,0.36624,0.339398
454.3,630.0,0.353471,0.326847
456.58,630.0,0.341299,0.314648
458.85,630.0,0.329531,0.303243
461.13,630.0,0.317553,0.291111
463.4,630.0,0.305692,0.279528
465.5,630.0,0.293893,0.26783
467.78,630.0,0.282162,0.256268
470.05,630.0,0.271056,0.245449
472.15,630.0,0.261157,0.235489
474.43,630.0,0.252423,0.227035
476.7,630.0,0.245054,0.219734
478.98,630.0,0.238425,0.213123
481.25,630.0,0.23361,0.208443
483.35,630.0,0.229124,0.20409
485.63,630.0,0.225054,0.200051
487.9,630.0,0.221216,0.196259
490.18,630.0,0.216804,0.191724
492.28,630.0,0.21238,0.187473
494.55,630.0,0.209001,0.184069
496.83,630.0,0.205523,0.180782
499.1,630.0,0.20242,0.177618
501.38,630.0,0.198875,0.174158
503.48,630.0,0.195138,0.170572
505.75,630.0,0.190594,0.165908
507.85,630.0,0.185082,0.160473
510.13,630.0,0.179059,0.154786
512.23,630.0,0.17226,0.147762
514.5,630.0,0.165082,0.140757
516.78,630.0,0.156675,0.132374
518.88,630.0,0.147069,0.122975
521.15,630.0,0.13678,0.112824
523.43,630.0,0.125788,0.10206
525.53,630.0,0.113942,0.090344
527.8,630.0,0.100504,0.077128
530.08,630.0,0.085181,0.062005
532.18,630.0,0.067279,0.044315
534.45,630.0,0.046432,0.023641
536.73,630.0,0.024158,0.001564
538.83,630.0,-0.000161,-0.022268
541.1,630.0,-0.026033,-0.04785
543.38,630.0,-0.052391,-0.074046
545.65,630.0,-0.080728,-0.101769
547.93,630.0,-0.110811,-0.131319
550.03,630.0,-0.140429,-0.160635
552.3,630.0,-0.169273,-0.18932
554.4,630.0,-0.197456,-0.217052
556.68,630.0,-0.223497,-0.242619
558.95,630.0,-0.244883,-0.263904
561.05,630.0,-0.262742,-0.281393
563.33,630.0,-0.274966,-0.293703
565.43,630.0,-0.281393,-0.299911
567.7,630.0,-0.281365,-0.299689
569.98,630.0,-0.2746,-0.293226
572.08,630.0,-0.261405,-0.28009
574.35,630.0,-0.241796,-0.26098
576.45,630.0,-0.216954,-0.236347
578.73,630.0,-0.185801,-0.205435
581.0,630.0,-0.151122,-0.171399
583.1,630.0,-0.11355,-0.134461
585.38,630.0,-0.073143,-0.094517
587.65,630.0,-0.03225,-0.05407
589.93,630.0,0.009362,-0.013078
592.03,630.0,0.050695,0.027944
594.3,630.0,0.089879,0.066466
596.58,630.0,0.12784,0.104013
598.68,630.0,0.161539,0.137171
600.95,630.0,0.194075,0.169284
603.23,630.0,0.222423,0.197319
605.33,630.0,0.246549,0.220988
607.6,630.0,0.266826,0.24117
609.7,630.0,0.285119,0.259309
611.98,630.0,0.300372,0.274118
614.25,630.0,0.312507,0.286336
616.53,630.0,0.321213,0.294919
618.63,630.0,0.326841,0.300455
620.9,630.0,0.330495,0.304062
623.18,630.0,0.33201,0.305667
625.28,630.0,0.331632,0.305014
627.55,630.0,0.32946,0.303086
629.65,630.0,0.325901,0.299509
631.93,630.0,0.320868,0.294478
634.2,630.0,0.314463,0.288141
636.3,630.0,0.307303,0.280979
638.4,630.0,0.299013,0.272996
640.85,630.0,0.289506,0.26373
642.95,630.0,0.280048,0.254296
645.23,630.0,0.270544,0.244922
647.5,630.0,0.261305,0.235852
649.6,630.0,0.252411,0.227165
651.88,630.0,0.243511,0.218027
653.98,630.0,0.234235,0.209263
656.25,630.0,0.225138,0.200159
658.53,630.0,0.217316,0.19243
660.63,630.0,0.21031,0.185461
662.9,630.0,0.203696,0.179038
665.0,630.0,0.198046,0.17357
667.28,630.0,0.19296,0.168212
669.55,630.0,0.186928,0.162205
671.83,630.0,0.180908,0.156296
673.93,630.0,0.174408,0.149907
676.2,630.0,0.168622,0.144198
678.3,630.0,0.163104,0.138961
680.58,630.0,0.15869,0.134454
682.85,630.0,0.154802,0.130587
684.95,630.0,0.151928,0.127784
687.23,630.0,0.14962,0.12551
689.33,630.0,0.147642,0.123554
691.6,630.0,0.146663,0.122553
693.88,630.0,0.146324,0.122359
696.15,630.0,0.146743,0.122766
698.43,630.0,0.147075,0.123185
700.53,630.0,0.147177,0.123138
702.8,630.0,0.146998,0.123265
705.08,630.0,0.146481,0.122581
707.18,630.0,0.145911,0.122008
709.45,630.0,0.14482,0.120695
11.55,665.0,0.416015,0.387901
13.65,665.0,0.40945,0.381856
16.1,665.0,0.402744,0.375261
18.38,665.0,0.39624,0.368939
20.48,665.0,0.390011,0.362815
22.93,665.0,0.38327,0.356012
25.2,665.0,0.377599,0.350402
27.3,665.0,0.372291,0.345159
29.58,665.0,0.367112,0.34019
31.85,665.0,0.363042,0.336182
34.13,665.0,0.359648,0.332938
36.23,665.0,0.356937,0.330245
38.5,665.0,0.353794,0.327069
40.6,665.0,0.3497,0.323172
42.88,665.0,0.344306,0.317762
45.15,665.0,0.337888,0.311357
47.25,665.0,0.330067,0.303844
49.53,665.0,0.32214,0.295969
51.8,665.0,0.313637,0.287331
53.9,665.0,0.305328,0.279053
56.18,665.0,0.297198,0.27129
58.28,665.0,0.289213,0.263295
60.55,665.0,0.281582,0.255763
62.83,665.0,0.273834,0.248154
64.93,665.0,0.26543,0.239882
67.2,665.0,0.257069,0.231542
69.48,665.0,0.248391,0.223129
71.58,665.0,0.238899,0.21348
73.85,665.0,0.229518,0.204352
76.13,665.0,0.220399,0.195175
78.05,665.0,0.210923,0.186025
80.5,665.0,0.201179,0.176416
82.78,665.0,0.19112,0.166549
84.88,665.0,0.180994,0.156481
87.33,665.0,0.169605,0.145249
89.43,665.0,0.159318,0.135193
91.7,665.0,0.149155,0.125082
93.98,665.0,0.139056,0.115008
96.43,665.0,0.1271,0.103308
98.7,665.0,0.116829,0.093249
100.8,665.0,0.106053,0.082612
103.08,665.0,0.094984,0.071758
105.35,665.0,0.083058,0.059885
107.63,665.0,0.071845,0.048776
109.73,665.0,0.061373,0.038545
112.0,665.0,0.051463,0.028801
114.1,665.0,0.042199,0.019392
116.38,665.0,0.033567,0.010945
118.65,665.0,0.027334,0.004811
120.75,665.0,0.023505,0.001127
123.03,665.0,0.023896,0.001527
125.13,665.0,0.029137,0.006654
127.4,665.0,0.038696,0.016124
129.68,665.0,0.051838,0.028939
131.95,665.0,0.065896,0.042957
134.05,665.0,0.078755,0.055529
136.33,665.0,0.088126,0.064842
138.43,665.0,0.093175,0.06971
140.7,665.0,0.093074,0.069793
142.8,665.0,0.088123,0.064799
145.08,665.0,0.079383,0.056305
147.35,665.0,0.067759,0.044765
149.63,665.0,0.053822,0.030954
151.73,665.0,0.037683,0.01511
154.0,665.0,0.019999,-0.0022
156.28,665.0,0.001527,-0.020571
158.55,665.0,-0.017296,-0.039126
160.65,665.0,-0.035216,-0.056935
162.93,665.0,-0.053131,-0.074603
165.2,665.0,-0.071205,-0.092471
167.3,665.0,-0.08846,-0.109314
169.58,665.0,-0.10537,-0.126137
171.85,665.0,-0.120897,-0.141538
173.95,665.0,-0.133956,-0.154394
176.23,665.0,-0.144846,-0.165074
178.5,665.0,-0.153411,-0.17354
180.78,665.0,-0.159973,-0.180096
183.05,665.0,-0.162243,-0.182157
185.15,665.0,-0.161174,-0.181378
187.43,665.0,-0.156911,-0.177074
189.7,665.0,-0.148593,-0.169052
191.8,665.0,-0.136923,-0.157431
194.08,665.0,-0.121781,-0.142437
196.35,665.0,-0.102185,-0.122878
198.45,665.0,-0.079027,-0.100189
200.73,665.0,-0.053571,-0.075084
202.83,665.0,-0.025244,-0.047151
205.1,665.0,0.005788,-0.016538
207.38,665.0,0.038678,0.015976
209.48,665.0,0.071654,0.048385
211.75,665.0,0.106771,0.083077
214.03,665.0,0.140544,0.116472
216.3,665.0,0.173582,0.14905
218.4,665.0,0.206475,0.181669
220.68,665.0,0.235865,0.210557
222.78,665.0,0.262199,0.236656
225.05,665.0,0.286431,0.260547
227.33,665.0,0.307094,0.280806
229.43,665.0,0.323948,0.297698
231.7,665.0,0.3371,0.310692
233.98,665.0,0.346481,0.319869
236.08,665.0,0.352343,0.325692
238.35,665.0,0.355655,0.328763
240.63,665.0,0.356481,0.329672
242.9,665.0,0.35519,0.328495
245.0,665.0,0.351662,0.324986
247.28,665.0,0.346804,0.320147
249.55,665.0,0.340368,0.313911
251.65,665.0,0.333391,0.306955
253.93,665.0,0.325781,0.299417
256.2,665.0,0.317408,0.291194
258.3,665.0,0.309946,0.283788
260.58,665.0,0.302125,0.276043
262.85,665.0,0.295184,0.269078
265.3,665.0,0.288289,0.262328
267.4,665.0,0.283517,0.257676
269.68,665.0,0.279466,0.253631
271.78,665.0,0.276619,0.250988
274.05,665.0,0.274444,0.248754
276.33,665.0,0.272294,0.246638
278.43,665.0,0.269956,0.244447
280.7,665.0,0.267494,0.24182
282.98,665.0,0.264537,0.238881
285.25,665.0,0.261894,0.236385
287.53,665.0,0.259805,0.234167
289.63,665.0,0.258221,0.232701
291.9,665.0,0.257698,0.232359
294.18,665.0,0.257673,0.232288
296.28,665.0,0.258911,0.233415
298.55,665.0,0.261151,0.235791
300.83,665.0,0.26344,0.237913
302.93,665.0,0.265122,0.239546
305.2,665.0,0.265516,0.239851
307.48,665.0,0.263887,0.238274
309.58,665.0,0.26116,0.235584
311.85,665.0,0.256736,0.231247
314.13,665.0,0.251746,0.226431
316.4,665.0,0.247041,0.22165
318.5,665.0,0.242214,0.216961
320.78,665.0,0.237861,0.212701
323.05,665.0,0.234549,0.209364
325.15,665.0,0.231487,0.206207
327.43,665.0,0.228009,0.202879
329.53,665.0,0.223526,0.198533
331.8,665.0,0.21743,0.19251
334.08,665.0,0.21027,0.185427
336.35,665.0,0.202294,0.177485
338.45,665.0,0.193933,0.169136
340.73,665.0,0.183375,0.158804
342.83,665.0,0.170313,0.14592
345.1,665.0,0.155221,0.13112
347.38,665.0,0.138132,0.114263
349.48,665.0,0.120147,0.096552
351.75,665.0,0.100095,0.076706
354.03,665.0,0.078567,0.055464
356.13,665.0,0.055449,0.032488
358.4,665.0,0.031016,0.008437
360.68,665.0,0.004605,-0.017542
362.78,665.0,-0.02282,-0.044471
365.05,665.0,-0.048525,-0.070235
367.15,665.0,-0.074344,-0.095509
369.43,665.0,-0.099656,-0.120463
371.53,665.0,-0.123414,-0.144064
373.8,665.0,-0.143599,-0.163962
376.08,665.0,-0.159964,-0.179939
378.18,665.0,-0.171341,-0.191254
380.45,665.0,-0.176988,-0.196723
382.73,665.0,-0.176951,-0.196747
384.83,665.0,-0.170432,-0.190453
387.1,665.0,-0.157265,-0.177422
389.38,665.0,-0.138106,-0.158568
391.48,665.0,-0.113158,-0.133916
393.75,665.0,-0.082613,-0.103901
396.03,665.0,-0.047336,-0.069123
398.3,665.0,-0.009622,-0.031701
400.4,665.0,0.03039,0.007812
402.68,665.0,0.070489,0.047316
404.95,665.0,0.113003,0.089408
407.05,665.0,0.153921,0.129639
409.33,665.0,0.193533,0.168896
411.6,665.0,0.231025,0.205788
413.7,665.0,0.264515,0.238961
415.98,665.0,0.29584,0.269768
418.25,665.0,0.3234,0.297229
420.35,665.0,0.346259,0.319478
422.63,665.0,0.365365,0.338458
424.73,665.0,0.381277,0.353961
427.0,665.0,0.392066,0.364937
429.28,665.0,0.399681,0.372392
431.38,665.0,0.404059,0.376745
433.65,665.0,0.406354,0.379004
435.93,665.0,0.406444,0.378979
438.2,665.0,0.404312,0.377007
440.3,665.0,0.399706,0.372442
442.58,665.0,0.39198,0.36474
444.68,665.0,0.382898,0.355963
446.95,665.0,0.372568,0.34571
449.23,665.0,0.361176,0.334364
451.33,665.0,0.349762,0.323344
453.6,665.0,0.338542,0.312051
455.7,665.0,0.327457,0.301142
457.98,665.0,0.31682,0.290516
460.25,665.0,0.307001,0.280948
462.35,665.0,0.298043,0.271847
464.63,665.0,0.28893,0.262929
466.9,665.0,0.280732,0.254977
469.0,665.0,0.273495,0.24775
471.1,665.0,0.266632,0.241237
473.55,665.0,0.261484,0.235898
475.65,665.0,0.257349,0.2319
477.93,665.0,0.253597,0.228191
480.2,665.0,0.250215,0.224719
482.3,665.0,0.247427,0.22214
484.58,665.0,0.243723,0.218419
486.85,665.0,0.239149,0.213853
489.13,665.0,0.23421,0.209099
491.23,665.0,0.229062,0.203918
493.5,665.0,0.22409,0.198933
495.6,665.0,0.219537,0.194562
497.88,665.0,0.214602,0.189688
500.15,665.0,0.210181,0.185393
502.25,665.0,0.205082,0.180236
504.53,665.0,0.199392,0.174774
506.63,665.0,0.193215,0.168486
508.9,665.0,0.186262,0.161638
511.18,665.0,0.179599,0.155202
513.45,665.0,0.172156,0.147913
515.55,665.0,0.164327,0.140076
517.83,665.0,0.155819,0.131401
519.93,665.0,0.145948,0.121974
522.2,665.0,0.134121,0.110273
524.3,665.0,0.120055,0.096382
526.58,665.0,0.103123,0.079679
528.85,665.0,0.084263,0.061151
531.13,665.0,0.064577,0.041678
533.4,665.0,0.044682,0.021869
535.68,665.0,0.021768,-0.000672
537.95,665.0,-0.001917,-0.024209
540.23,665.0,-0.027644,-0.049452
542.33,665.0,-0.054717,-0.076264
544.6,665.0,-0.082844,-0.104027
546.88,665.0,-0.112333,-0.132903
548.98,665.0,-0.139846,-0.160053
551.43,665.0,-0.165842,-0.185971
553.53,665.0,-0.190161,-0.209732
555.98,665.0,-0.2137,-0.232767
558.25,665.0,-0.229754,-0.248836
560.35,665.0,-0.241014,-0.260194
562.63,665.0,-0.247862,-0.266849
564.9,665.0,-0.248756,-0.267795
567.18,665.0,-0.243827,-0.262838
569.45,665.0,-0.233593,-0.252573
571.55,665.0,-0.217702,-0.237089
573.83,665.0,-0.196282,-0.216029
576.1,665.0,-0.169927,-0.190028
578.38,665.0,-0.140413,-0.160758
580.65,665.0,-0.106991,-0.127721
582.93,665.0,-0.068334,-0.089637
585.2,665.0,-0.031433,-0.053251
587.48,665.0,0.008508,-0.013547
589.75,665.0,0.046999,0.024127
591.85,665.0,0.084737,0.061438
594.13,665.0,0.121672,0.098
596.4,665.0,0.155125,0.130809
598.5,665.0,0.18625,0.161542
600.78,665.0,0.215273,0.190175
603.05,665.0,0.240421,0.215159
605.15,665.0,0.262168,0.236616
607.43,665.0,0.280865,0.25502
609.53,665.0,0.295781,0.269709
611.8,665.0,0.30694,0.280781
614.08,665.0,0.314373,0.28828
616.18,665.0,0.319568,0.293184
618.45,665.0,0.322442,0.296071
620.55,665.0,0.323908,0.297436
622.83,665.0,0.324312,0.297959
625.1,665.0,0.322775,0.296401
627.38,665.0,0.320104,0.293763
629.48,665.0,0.31633,0.290008
631.75,665.0,0.31258,0.286354
633.85,665.0,0.308194,0.281974
636.13,665.0,0.303462,0.277239
638.4,665.0,0.298535,0.272531
640.5,665.0,0.292775,0.266829
642.78,665.0,0.287048,0.261139
645.05,665.0,0.280593,0.254897
647.33,665.0,0.274167,0.248428
649.6,665.0,0.266721,0.240775
651.88,665.0,0.259848,0.23422
654.15,665.0,0.252226,0.226854
656.25,665.0,0.245643,0.220378
658.53,665.0,0.239287,0.214115
660.63,665.0,0.234272,0.208982
662.9,665.0,0.22893,0.203856
665.18,665.0,0.223878,0.19885
667.28,665.0,0.218754,0.193699
669.55,665.0,0.212947,0.188141
671.83,665.0,0.207944,0.183132
673.93,665.0,0.203486,0.178825
676.2,665.0,0.199993,0.175107
678.48,665.0,0.197362,0.172775
680.58,665.0,0.194583,0.170002
682.85,665.0,0.19157,0.166955
685.13,665.0,0.188773,0.164164
687.23,665.0,0.186903,0.162306
689.5,665.0,0.185723,0.161247
691.78,665.0,0.184854,0.16044
694.05,665.0,0.183379,0.158942
696.15,665.0,0.180631,0.156111
698.43,665.0,0.177005,0.152608
700.53,665.0,0.173132,0.14893
702.8,665.0,0.16999,0.145868
705.08,665.0,0.166875,0.142285
707.35,665.0,0.163736,0.139565
709.45,665.0,0.160936,0.136841
11.38,700.0,0.266465,0.240289
13.65,700.0,0.253841,0.228268
15.93,700.0,0.240646,0.215175
18.03,700.0,0.22759,0.202482
20.3,700.0,0.214078,0.189207
22.75,700.0,0.1995,0.174722
24.85,700.0,0.184605,0.160088
27.13,700.0,0.169121,0.144811
29.23,700.0,0.15377,0.129491
31.5,700.0,0.138114,0.114223
33.78,700.0,0.123369,0.09966
36.05,700.0,0.108862,0.085329
38.15,700.0,0.096345,0.072877
40.43,700.0,0.08727,0.064103
42.7,700.0,0.083678,0.06056
44.8,700.0,0.087504,0.064106
47.08,700.0,0.095156,0.071835
49.35,700.0,0.103514,0.079904
51.45,700.0,0.108872,0.085144
53.73,700.0,0.10979,0.086133
56.0,700.0,0.105735,0.082239
58.28,700.0,0.096422,0.073018
60.38,700.0,0.084143,0.060816
62.65,700.0,0.070175,0.0471
64.93,700.0,0.055979,0.032929
67.03,700.0,0.041823,0.019232
69.3,700.0,0.027658,0.005258
71.58,700.0,0.01373,-0.008482
73.85,700.0,0.001543,-0.020574
76.13,700.0,-0.009711,-0.03163
78.23,700.0,-0.019662,-0.041772
80.5,700.0,-0.027588,-0.049495
82.78,700.0,-0.03379,-0.05546
84.88,700.0,-0.038975,-0.060842
87.15,700.0,-0.043001,-0.064646
89.43,700.0,-0.046208,-0.067967
91.53,700.0,-0.04915,-0.070786
93.8,700.0,-0.051895,-0.073389
95.9,700.0,-0.053885,-0.075333
98.18,700.0,-0.055226,-0.076704
100.45,700.0,-0.05627,-0.077705
102.55,700.0,-0.057096,-0.078611
104.83,700.0,-0.057718,-0.079113
107.1,700.0,-0.057832,-0.0792
109.38,700.0,-0.058235,-0.079603
111.48,700.0,-0.058149,-0.079674
113.75,700.0,-0.058528,-0.079957
116.03,700.0,-0.05862,-0.079868
118.13,700.0,-0.058568,-0.079921
120.4,700.0,-0.058565,-0.080007
122.68,700.0,-0.058947,-0.080201
124.78,700.0,-0.059634,-0.081023
127.05,700.0,-0.060959,-0.082339
129.33,700.0,-0.062906,-0.084184
131.6,700.0,-0.065648,-0.087018
133.7,700.0,-0.069449,-0.090749
135.98,700.0,-0.073845,-0.095065
138.25,700.0,-0.079514,-0.100453
140.53,700.0,-0.085583,-0.106744
142.63,700.0,-0.092866,-0.113876
144.9,700.0,-0.100755,-0.121621
147.18,700.0,-0.110148,-0.13094
149.28,700.0,-0.120752,-0.141264
151.55,700.0,-0.131704,-0.152274
153.83,700.0,-0.143303,-0.163707
155.93,700.0,-0.15618,-0.176365
158.2,700.0,-0.169862,-0.189791
160.48,700.0,-0.185059,-0.204813
162.75,700.0,-0.201217,-0.220706
164.85,700.0,-0.217788,-0.23712
167.13,700.0,-0.233962,-0.253044
169.4,700.0,-0.249344,-0.268137
171.5,700.0,-0.263599,-0.282323
173.78,700.0,-0.276347,-0.294936
175.88,700.0,-0.28687,-0.305268
178.15,700.0,-0.293848,-0.312086
180.43,700.0,-0.297539,-0.315733
182.53,700.0,-0.296806,-0.315093
184.8,700.0,-0.291599,-0.309896
187.08,700.0,-0.281698,-0.300287
189.18,700.0,-0.266981,-0.2859
191.45,700.0,-0.24821,-0.267191
193.73,700.0,-0.222764,-0.242111
196.0,700.0,-0.194424,-0.214178
198.28,700.0,-0.162413,-0.182622
200.38,700.0,-0.128315,-0.148737
202.65,700.0,-0.089514,-0.110552
204.93,700.0,-0.04972,-0.071221
207.03,700.0,-0.008898,-0.031017
209.3,700.0,0.033135,0.010449
211.4,700.0,0.075341,0.052032
213.68,700.0,0.116962,0.09332
215.95,700.0,0.156148,0.13186
218.23,700.0,0.194552,0.169759
220.33,700.0,0.229278,0.203924
222.6,700.0,0.259093,0.233492
224.7,700.0,0.285855,0.26002
226.98,700.0,0.308271,0.281955
229.25,700.0,0.325812,0.299367
231.35,700.0,0.338705,0.312149
233.63,700.0,0.347654,0.320975
235.73,700.0,0.352722,0.326074
238.0,700.0,0.354854,0.32803
240.1,700.0,0.353689,0.326893
242.55,700.0,0.350698,0.323945
244.65,700.0,0.34564,0.318853
246.93,700.0,0.339262,0.312701
249.03,700.0,0.331952,0.305365
251.3,700.0,0.324472,0.298129
253.58,700.0,0.316665,0.290365
255.85,700.0,0.309389,0.283132
257.95,700.0,0.302158,0.276046
260.23,700.0,0.295868,0.269823
262.5,700.0,0.289392,0.263345
264.6,700.0,0.28401,0.258172
266.88,700.0,0.279429,0.253908
269.15,700.0,0.276521,0.250526
271.25,700.0,0.274555,0.248881
273.53,700.0,0.274019,0.248295
275.8,700.0,0.273791,0.248067
278.08,700.0,0.27328,0.247565
280.18,700.0,0.272621,0.246823
282.45,700.0,0.271767,0.246016
284.73,700.0,0.270593,0.244833
286.83,700.0,0.269743,0.244102
289.1,700.0,0.269013,0.2434
291.38,700.0,0.268945,0.243437
293.48,700.0,0.269913,0.244192
295.58,700.0,0.271441,0.245729
297.85,700.0,0.272978,0.247408
300.13,700.0,0.27365,0.248033
302.4,700.0,0.272855,0.247035
304.68,700.0,0.270695,0.245107
306.78,700.0,0.267978,0.242365
309.05,700.0,0.264934,0.239343
311.33,700.0,0.261699,0.236342
313.43,700.0,0.258764,0.233345
315.7,700.0,0.255877,0.230421
317.8,700.0,0.253459,0.228067
320.08,700.0,0.251536,0.225997
322.35,700.0,0.249087,0.223622
324.63,700.0,0.246339,0.221053
326.73,700.0,0.24279,0.217408
329.0,700.0,0.238305,0.213037
331.1,700.0,0.232118,0.206974
333.38,700.0,0.223616,0.198348
335.65,700.0,0.21287,0.187886
337.93,700.0,0.200113,0.175255
340.03,700.0,0.185249,0.160643
342.48,700.0,0.166182,0.141841
344.58,700.0,0.146592,0.122488
346.85,700.0,0.124343,0.100514
348.95,700.0,0.09986,0.076549
351.23,700.0,0.072886,0.04974
353.5,700.0,0.045609,0.022861
355.6,700.0,0.015045,-0.007203
357.88,700.0,-0.017943,-0.03981
360.15,700.0,-0.051267,-0.072493
362.43,700.0,-0.084954,-0.106002
364.53,700.0,-0.118038,-0.13838
366.8,700.0,-0.147262,-0.167243
369.08,700.0,-0.172789,-0.192628
371.18,700.0,-0.194092,-0.213762
373.45,700.0,-0.210694,-0.230019
375.73,700.0,-0.220336,-0.239618
377.83,700.0,-0.224008,-0.243201
380.1,700.0,-0.220826,-0.240117
382.38,700.0,-0.211196,-0.230481
384.65,700.0,-0.194489,-0.214243
386.75,700.0,-0.172293,-0.192333
389.03,700.0,-0.145004,-0.165349
391.3,700.0,-0.114083,-0.134825
393.4,700.0,-0.078282,-0.099341
395.68,700.0,-0.041156,-0.062893
397.95,700.0,-0.0009,-0.023023
400.05,700.0,0.039814,0.017143
402.33,700.0,0.080427,0.056912
404.6,700.0,0.120584,0.096783
406.88,700.0,0.157513,0.133172
408.98,700.0,0.192695,0.167892
411.25,700.0,0.224595,0.199435
413.35,700.0,0.25238,0.226786
415.63,700.0,0.276838,0.251133
417.9,700.0,0.298773,0.272707
420.18,700.0,0.315901,0.289429
422.28,700.0,0.32954,0.302929
424.55,700.0,0.339906,0.313206
426.83,700.0,0.347128,0.320344
428.93,700.0,0.351136,0.324349
431.2,700.0,0.352121,0.325569
433.48,700.0,0.351952,0.325113
435.75,700.0,0.350563,0.323788
437.85,700.0,0.347645,0.321019
440.13,700.0,0.343911,0.317386
442.23,700.0,0.339583,0.313067
444.5,700.0,0.335119,0.308603
446.78,700.0,0.329703,0.303471
448.88,700.0,0.324518,0.298141
451.15,700.0,0.318637,0.292528
453.25,700.0,0.313138,0.286832
455.53,700.0,0.306946,0.280831
457.63,700.0,0.300125,0.273911
459.9,700.0,0.292208,0.266262
462.0,700.0,0.284478,0.258794
464.28,700.0,0.276857,0.251262
466.55,700.0,0.270686,0.245094
468.65,700.0,0.264568,0.239115
470.93,700.0,0.259109,0.233382
473.2,700.0,0.253178,0.227599
475.3,700.0,0.2475,0.222186
477.58,700.0,0.242004,0.216505
479.85,700.0,0.236478,0.211259
481.95,700.0,0.23129,0.206068
484.23,700.0,0.226493,0.201576
486.5,700.0,0.222882,0.197676
488.6,700.0,0.218834,0.193982
490.88,700.0,0.215017,0.190054
492.98,700.0,0.21129,0.186358
495.25,700.0,0.207673,0.182843
497.53,700.0,0.203576,0.178918
499.63,700.0,0.199321,0.174703
501.73,700.0,0.194863,0.170236
504.18,700.0,0.189903,0.165218
506.28,700.0,0.184731,0.160209
508.55,700.0,0.179562,0.154928
510.65,700.0,0.173354,0.149026
513.1,700.0,0.167038,0.142803
515.2,700.0,0.159278,0.135135
517.48,700.0,0.150504,0.126496
519.75,700.0,0.139999,0.115859
522.03,700.0,0.128326,0.104435
524.13,700.0,0.115443,0.091804
526.4,700.0,0.101811,0.078348
528.68,700.0,0.086305,0.063006
530.78,700.0,0.069457,0.046373
533.05,700.0,0.051105,0.028376
535.33,700.0,0.030215,0.007652
537.43,700.0,0.006078,-0.015974
539.7,700.0,-0.019563,-0.041513
541.98,700.0,-0.045931,-0.067542
544.08,700.0,-0.072764,-0.093734
546.35,700.0,-0.099468,-0.120192
548.45,700.0,-0.126113,-0.146436
550.73,700.0,-0.149341,-0.169492
553.0,700.0,-0.170915,-0.190826
555.28,700.0,-0.18936,-0.209079
557.55,700.0,-0.204748,-0.224166
559.83,700.0,-0.214791,-0.233965
561.93,700.0,-0.220352,-0.239529
564.2,700.0,-0.220771,-0.240352
566.3,700.0,-0.21619,-0.235536
568.58,700.0,-0.206285,-0.225835
570.85,700.0,-0.191455,-0.21119
573.13,700.0,-0.172373,-0.192425
575.23,700.0,-0.149449,-0.169877
577.5,700.0,-0.123017,-0.143494
579.6,700.0,-0.092012,-0.113164
581.88,700.0,-0.057641,-0.07932
584.15,700.0,-0.0233,-0.045309
586.43,700.0,0.012957,-0.009209
588.53,700.0,0.048745,0.025982
590.8,700.0,0.084137,0.061071
592.9,700.0,0.118853,0.095125
595.18,700.0,0.151746,0.127461
597.45,700.0,0.18222,0.157833
599.55,700.0,0.210362,0.185594
601.83,700.0,0.235439,0.210236
604.1,700.0,0.256632,0.231145
606.2,700.0,0.275141,0.249238
608.48,700.0,0.290097,0.264192
610.75,700.0,0.301539,0.275504
613.03,700.0,0.310519,0.284007
615.3,700.0,0.315409,0.288865
617.58,700.0,0.317839,0.291462
619.85,700.0,0.317907,0.29165
621.95,700.0,0.31706,0.290751
624.23,700.0,0.315211,0.289007
626.5,700.0,0.313452,0.287208
628.6,700.0,0.311025,0.284826
630.7,700.0,0.30799,0.281727
632.98,700.0,0.30413,0.278055
635.25,700.0,0.300319,0.274272
637.35,700.0,0.296277,0.270341
639.63,700.0,0.292177,0.266265
641.9,700.0,0.287565,0.261841
644.0,700.0,0.283157,0.257371
646.28,700.0,0.278086,0.252377
648.38,700.0,0.273117,0.247491
650.65,700.0,0.267534,0.241854
652.93,700.0,0.262282,0.236943
655.03,700.0,0.257849,0.232313
657.3,700.0,0.25308,0.227667
659.4,700.0,0.248579,0.223194
661.68,700.0,0.243459,0.21808
663.95,700.0,0.23807,0.212846
666.23,700.0,0.233776,0.20861
668.33,700.0,0.229691,0.204521
670.6,700.0,0.226163,0.201105
672.88,700.0,0.222944,0.197867
675.15,700.0,0.219149,0.194152
677.25,700.0,0.215372,0.19048
679.53,700.0,0.212199,0.187263
681.8,700.0,0.209694,0.184928
683.9,700.0,0.207245,0.182497
686.18,700.0,0.205067,0.180409
688.45,700.0,0.20352,0.178757
690.55,700.0,0.202405,0.177713
692.83,700.0,0.201376,0.176644
695.1,700.0,0.200033,0.175424
697.38,700.0,0.198505,0.173557
699.48,700.0,0.196989,0.172519
701.75,700.0,0.195427,0.170547
703.85,700.0,0.1936,0.168878
706.13,700.0,0.192032,0.167134
708.4,700.0,0.190202,0.165732
710.68,700.0,0.188875,0.164069
