x,y,z,z2
4.55,0.0,0.001675,-0.02066
6.65,0.0,0.000486,-0.021905
8.93,0.0,-0.001307,-0.023771
11.2,0.0,-0.003682,-0.026137
13.48,0.0,-0.006319,-0.028805
15.75,0.0,-0.008121,-0.030497
18.03,0.0,-0.010244,-0.032428
20.13,0.0,-0.012721,-0.035013
22.4,0.0,-0.016104,-0.038285
24.68,0.0,-0.019837,-0.042185
26.78,0.0,-0.023787,-0.045802
29.05,0.0,-0.028312,-0.050315
31.33,0.0,-0.034107,-0.055845
33.43,0.0,-0.041276,-0.063186
35.7,0.0,-0.049227,-0.07106
37.98,0.0,-0.059378,-0.080925
40.07,0.0,-0.071473,-0.092844
42.35,0.0,-0.086972,-0.108198
44.62,0.0,-0.104098,-0.12488
46.9,0.0,-0.122903,-0.143725
49.17,0.0,-0.142588,-0.163146
51.45,0.0,-0.165361,-0.185728
53.72,0.0,-0.188614,-0.208599
55.82,0.0,-0.213519,-0.232973
58.1,0.0,-0.237218,-0.256667
60.2,0.0,-0.258888,-0.277865
62.65,0.0,-0.274409,-0.293269
64.92,0.0,-0.284424,-0.303238
67.02,0.0,-0.288934,-0.307335
69.3,0.0,-0.285998,-0.304597
71.57,0.0,-0.274452,-0.293198
73.67,0.0,-0.254045,-0.273352
75.95,0.0,-0.226658,-0.246143
78.05,0.0,-0.192591,-0.212434
80.32,0.0,-0.156261,-0.176609
82.42,0.0,-0.120056,-0.141014
84.7,0.0,-0.084261,-0.105654
86.97,0.0,-0.051982,-0.073688
89.07,0.0,-0.024218,-0.046476
91.35,0.0,-0.000389,-0.02281
93.45,0.0,0.018216,-0.00452
95.72,0.0,0.030677,0.007917
97.82,0.0,0.03621,0.013345
100.27,0.0,0.034673,0.011721
102.37,0.0,0.027122,0.004383
104.65,0.0,0.013422,-0.009311
106.92,0.0,-0.006362,-0.028735
109.02,0.0,-0.030845,-0.052669
111.3,0.0,-0.057878,-0.07973
113.57,0.0,-0.08936,-0.110607
115.85,0.0,-0.124899,-0.145614
117.95,0.0,-0.161054,-0.181439
120.22,0.0,-0.200992,-0.220583
122.5,0.0,-0.242918,-0.262089
124.77,0.0,-0.284446,-0.302967
127.05,0.0,-0.323438,-0.341741
129.15,0.0,-0.350675,-0.368451
131.42,0.0,-0.364304,-0.381842
133.7,0.0,-0.360493,-0.378158
136.15,0.0,-0.337074,-0.355234
138.25,0.0,-0.297403,-0.315974
140.52,0.0,-0.24309,-0.262286
142.62,0.0,-0.174277,-0.194757
144.9,0.0,-0.098137,-0.119369
147.18,0.0,-0.01956,-0.041945
149.28,0.0,0.063083,0.039528
151.55,0.0,0.143209,0.11889
153.83,0.0,0.220751,0.195273
155.93,0.0,0.290002,0.263686
158.2,0.0,0.350362,0.323314
160.48,0.0,0.402476,0.374783
162.58,0.0,0.442137,0.413893
164.85,0.0,0.471342,0.442901
167.13,0.0,0.490069,0.461203
169.23,0.0,0.49823,0.469342
171.5,0.0,0.498129,0.469235
173.6,0.0,0.490898,0.462081
175.88,0.0,0.477799,0.449235
178.15,0.0,0.460026,0.431668
180.25,0.0,0.440125,0.412155
182.35,0.0,0.417238,0.389469
184.8,0.0,0.393058,0.365559
187.08,0.0,0.367901,0.340972
189.18,0.0,0.344783,0.317762
191.45,0.0,0.323622,0.297239
193.55,0.0,0.303948,0.277611
195.83,0.0,0.285572,0.25966
197.93,0.0,0.267242,0.241604
200.2,0.0,0.250319,0.224712
202.48,0.0,0.233871,0.208683
204.75,0.0,0.217291,0.192217
206.85,0.0,0.200834,0.175966
209.13,0.0,0.18425,0.159676
211.4,0.0,0.167042,0.142605
213.5,0.0,0.151157,0.126952
215.78,0.0,0.136059,0.112042
217.88,0.0,0.121992,0.098043
220.15,0.0,0.109497,0.085816
222.43,0.0,0.099023,0.075369
224.7,0.0,0.090504,0.067057
226.8,0.0,0.083369,0.060048
228.9,0.0,0.078037,0.054703
231.35,0.0,0.073249,0.049984
233.45,0.0,0.069291,0.046007
235.73,0.0,0.066201,0.043024
238.0,0.0,0.06235,0.039321
240.1,0.0,0.057701,0.034596
242.38,0.0,0.053249,0.030058
244.65,0.0,0.048021,0.025206
246.75,0.0,0.043539,0.020649
249.03,0.0,0.038185,0.015369
251.13,0.0,0.033015,0.010153
253.4,0.0,0.027692,0.005138
255.68,0.0,0.022073,-0.000746
257.78,0.0,0.016678,-0.005977
260.05,0.0,0.010203,-0.012216
262.15,0.0,0.003351,-0.019203
264.43,0.0,-0.0046,-0.026979
266.53,0.0,-0.013442,-0.03562
268.8,0.0,-0.023275,-0.045272
271.08,0.0,-0.03383,-0.055897
273.18,0.0,-0.044856,-0.066858
275.45,0.0,-0.056085,-0.077829
277.73,0.0,-0.06952,-0.091088
279.83,0.0,-0.085472,-0.106769
282.1,0.0,-0.104582,-0.125383
284.38,0.0,-0.125614,-0.146297
286.48,0.0,-0.148355,-0.168913
288.75,0.0,-0.17424,-0.194455
291.03,0.0,-0.201285,-0.220922
293.3,0.0,-0.228109,-0.247394
295.4,0.0,-0.25236,-0.271501
297.68,0.0,-0.275022,-0.293679
299.95,0.0,-0.295093,-0.313463
302.05,0.0,-0.311741,-0.329966
304.33,0.0,-0.324547,-0.342505
306.6,0.0,-0.333682,-0.351846
308.7,0.0,-0.339221,-0.357191
310.98,0.0,-0.340083,-0.35805
313.25,0.0,-0.334825,-0.352788
315.53,0.0,-0.323522,-0.341633
317.63,0.0,-0.303996,-0.322465
319.9,0.0,-0.276735,-0.29557
322.18,0.0,-0.241695,-0.261085
324.28,0.0,-0.1994,-0.219236
326.55,0.0,-0.15094,-0.171415
328.83,0.0,-0.098303,-0.119458
330.75,0.0,-0.041535,-0.06367
333.2,0.0,0.016623,-0.005842
335.48,0.0,0.075853,0.052461
337.58,0.0,0.134364,0.110113
340.03,0.0,0.193348,0.168274
342.3,0.0,0.241681,0.216099
344.4,0.0,0.284377,0.258366
346.68,0.0,0.320276,0.293542
348.95,0.0,0.348914,0.321783
351.23,0.0,0.37019,0.342882
353.33,0.0,0.384219,0.356884
355.6,0.0,0.39055,0.363138
357.7,0.0,0.390365,0.362768
359.98,0.0,0.38523,0.357839
362.25,0.0,0.374956,0.347802
364.53,0.0,0.360544,0.33356
366.63,0.0,0.343486,0.316875
368.9,0.0,0.325082,0.298468
371.18,0.0,0.304768,0.278415
373.28,0.0,0.28356,0.257667
375.55,0.0,0.261875,0.23624
377.83,0.0,0.241194,0.215723
379.93,0.0,0.221148,0.196043
382.2,0.0,0.200332,0.175335
384.48,0.0,0.180289,0.155815
386.58,0.0,0.161358,0.136983
388.85,0.0,0.144115,0.119891
391.13,0.0,0.126903,0.102784
393.23,0.0,0.110387,0.086749
395.5,0.0,0.09536,0.07174
397.78,0.0,0.081198,0.057636
399.88,0.0,0.068699,0.045273
402.15,0.0,0.057572,0.034309
404.43,0.0,0.047778,0.024777
406.53,0.0,0.039894,0.016869
408.8,0.0,0.032356,0.009482
411.08,0.0,0.025449,0.002658
413.35,0.0,0.018527,-0.004255
415.63,0.0,0.012532,-0.010053
417.73,0.0,0.006509,-0.015996
420.0,0.0,0.001463,-0.020983
422.28,0.0,-0.003426,-0.025937
424.55,0.0,-0.007699,-0.029884
426.65,0.0,-0.012,-0.034231
428.93,0.0,-0.016501,-0.038562
431.2,0.0,-0.020598,-0.042588
433.3,0.0,-0.024184,-0.046359
435.58,0.0,-0.027613,-0.049665
437.68,0.0,-0.030805,-0.052709
439.95,0.0,-0.033476,-0.055395
442.23,0.0,-0.035515,-0.057613
444.5,0.0,-0.038839,-0.060894
446.6,0.0,-0.044036,-0.065808
448.88,0.0,-0.050854,-0.072816
450.98,0.0,-0.060001,-0.081692
453.25,0.0,-0.071415,-0.092641
455.53,0.0,-0.084184,-0.105555
457.63,0.0,-0.098414,-0.119344
459.9,0.0,-0.113174,-0.134178
462.18,0.0,-0.128882,-0.149505
464.45,0.0,-0.145265,-0.16557
466.55,0.0,-0.163913,-0.184267
468.83,0.0,-0.186214,-0.206023
471.1,0.0,-0.211904,-0.231405
473.2,0.0,-0.238783,-0.257955
475.48,0.0,-0.267114,-0.285946
477.75,0.0,-0.297576,-0.316048
480.03,0.0,-0.327311,-0.345493
482.13,0.0,-0.355549,-0.37322
484.4,0.0,-0.38395,-0.401331
486.5,0.0,-0.411004,-0.428044
488.78,0.0,-0.434461,-0.451359
490.88,0.0,-0.45402,-0.470348
493.15,0.0,-0.466211,-0.482535
495.43,0.0,-0.469442,-0.485687
497.53,0.0,-0.462314,-0.478851
499.8,0.0,-0.443531,-0.460089
502.08,0.0,-0.413842,-0.430786
504.35,0.0,-0.371442,-0.388925
506.45,0.0,-0.319914,-0.338207
508.73,0.0,-0.258115,-0.277157
510.83,0.0,-0.190028,-0.210037
513.1,0.0,-0.11472,-0.13558
515.38,0.0,-0.033115,-0.055241
517.48,0.0,0.049106,0.026127
519.75,0.0,0.133144,0.108853
522.03,0.0,0.212969,0.187867
524.3,0.0,0.290778,0.264346
526.4,0.0,0.356715,0.329681
528.68,0.0,0.417244,0.389367
530.95,0.0,0.466046,0.43762
533.05,0.0,0.504219,0.475445
535.33,0.0,0.530547,0.501163
537.6,0.0,0.545371,0.516021
539.7,0.0,0.55018,0.520584
541.98,0.0,0.545171,0.515852
544.25,0.0,0.531942,0.502725
546.53,0.0,0.511816,0.482959
548.8,0.0,0.485408,0.456933
550.9,0.0,0.45433,0.426135
553.18,0.0,0.419386,0.391668
555.45,0.0,0.384361,0.357038
557.73,0.0,0.348326,0.321407
559.83,0.0,0.313899,0.287661
562.1,0.0,0.279296,0.253391
564.38,0.0,0.24787,0.222279
566.48,0.0,0.219411,0.194216
568.75,0.0,0.192836,0.167827
571.03,0.0,0.167923,0.143474
573.13,0.0,0.146684,0.122399
575.4,0.0,0.128523,0.104586
577.68,0.0,0.112904,0.089189
579.77,0.0,0.100588,0.077131
582.05,0.0,0.091117,0.067723
584.15,0.0,0.083465,0.060055
586.42,0.0,0.078024,0.054565
588.7,0.0,0.073801,0.050603
590.8,0.0,0.070631,0.047562
593.07,0.0,0.068659,0.045378
595.35,0.0,0.066355,0.043037
597.45,0.0,0.063995,0.040708
599.72,0.0,0.061139,0.038021
601.82,0.0,0.057689,0.034577
604.1,0.0,0.054448,0.031573
606.37,0.0,0.050828,0.027883
608.65,0.0,0.047162,0.02405
610.75,0.0,0.044069,0.021096
613.02,0.0,0.041946,0.018869
615.3,0.0,0.039971,0.017033
617.57,0.0,0.038065,0.015255
619.67,0.0,0.036265,0.013511
621.95,0.0,0.034325,0.011392
624.05,0.0,0.032267,0.009651
626.32,0.0,0.031087,0.008246
628.6,0.0,0.029371,0.006574
630.7,0.0,0.028268,0.005588
632.97,0.0,0.027473,0.004931
635.25,0.0,0.027119,0.004583
637.35,0.0,0.027553,0.004861
639.62,0.0,0.02804,0.005545
641.9,0.0,0.028899,0.006305
644.0,0.0,0.029623,0.006989
646.27,0.0,0.030816,0.00784
648.2,0.0,0.031296,0.008594
650.65,0.0,0.032291,0.009617
652.92,0.0,0.034386,0.011441
655.2,0.0,0.03711,0.014288
657.3,0.0,0.040498,0.017507
659.57,0.0,0.043477,0.020504
661.67,0.0,0.045236,0.022362
663.95,0.0,0.04641,0.023585
666.22,0.0,0.046669,0.023425
668.5,0.0,0.046121,0.023148
670.6,0.0,0.04539,0.022381
672.87,0.0,0.044947,0.022054
675.15,0.0,0.044802,0.021934
677.25,0.0,0.045532,0.022562
679.52,0.0,0.047569,0.024318
681.8,0.0,0.051225,0.028068
683.9,0.0,0.055597,0.03247
686.17,0.0,0.058872,0.035899
688.45,0.0,0.061219,0.037981
690.55,0.0,0.061333,0.038274
692.82,0.0,0.059719,0.036487
694.92,0.0,0.056968,0.033881
697.37,0.0,0.054842,0.031746
699.65,0.0,0.053496,0.03028
701.75,0.0,0.053431,0.030338
704.02,0.0,0.054204,0.031133
706.3,0.0,0.054556,0.0315
708.4,0.0,0.055193,0.032002
710.67,0.0,0.055443,0.032097
11.38,35.0,-0.081855,-0.103359
13.65,35.0,-0.084061,-0.105543
15.93,35.0,-0.086904,-0.108334
18.2,35.0,-0.089957,-0.111239
20.3,35.0,-0.092921,-0.11403
22.58,35.0,-0.095238,-0.116196
24.85,35.0,-0.096556,-0.117758
27.13,35.0,-0.096402,-0.117561
29.23,35.0,-0.095164,-0.11627
31.5,35.0,-0.093571,-0.114662
33.6,35.0,-0.093251,-0.114532
35.88,35.0,-0.094344,-0.115743
38.15,35.0,-0.097034,-0.118229
40.43,35.0,-0.100663,-0.121889
42.53,35.0,-0.10614,-0.126932
44.8,35.0,-0.112789,-0.133694
46.9,35.0,-0.121344,-0.14208
49.18,35.0,-0.129976,-0.15062
51.45,35.0,-0.138017,-0.15854
53.73,35.0,-0.145635,-0.16606
55.83,35.0,-0.151984,-0.172428
58.1,35.0,-0.158577,-0.179052
60.38,35.0,-0.165423,-0.185543
62.48,35.0,-0.173506,-0.193426
64.75,35.0,-0.18302,-0.202912
66.85,35.0,-0.193996,-0.213799
69.13,35.0,-0.206553,-0.226029
71.4,35.0,-0.220222,-0.239689
73.5,35.0,-0.23468,-0.253938
75.78,35.0,-0.250493,-0.26947
78.05,35.0,-0.268066,-0.286978
80.15,35.0,-0.288136,-0.306836
82.43,35.0,-0.30951,-0.327822
84.7,35.0,-0.332074,-0.349932
86.8,35.0,-0.3563,-0.37399
89.08,35.0,-0.383993,-0.401168
91.35,35.0,-0.412388,-0.429335
93.63,35.0,-0.441525,-0.458019
95.73,35.0,-0.472341,-0.48846
98.0,35.0,-0.505567,-0.521232
100.28,35.0,-0.538453,-0.553509
102.38,35.0,-0.571851,-0.586784
104.65,35.0,-0.605776,-0.620188
106.93,35.0,-0.637717,-0.651716
109.03,35.0,-0.666845,-0.680446
111.3,35.0,-0.692705,-0.70597
113.4,35.0,-0.712141,-0.725148
115.68,35.0,-0.724026,-0.736823
117.95,35.0,-0.727501,-0.740372
120.23,35.0,-0.722125,-0.73516
122.33,35.0,-0.70678,-0.720123
124.6,35.0,-0.680332,-0.693496
126.88,35.0,-0.642363,-0.656562
128.98,35.0,-0.595878,-0.610776
131.25,35.0,-0.53939,-0.554849
133.53,35.0,-0.474137,-0.490616
135.8,35.0,-0.39882,-0.416294
137.9,35.0,-0.320188,-0.338497
140.18,35.0,-0.235345,-0.254698
142.45,35.0,-0.14749,-0.167989
144.73,35.0,-0.05753,-0.079477
146.83,35.0,0.028333,0.005252
149.1,35.0,0.111752,0.087738
151.38,35.0,0.188918,0.164167
153.48,35.0,0.259266,0.233366
155.75,35.0,0.322041,0.295328
158.03,35.0,0.375359,0.348006
160.3,35.0,0.418856,0.391179
162.4,35.0,0.450593,0.422463
164.68,35.0,0.473347,0.444854
166.95,35.0,0.486573,0.457916
169.05,35.0,0.490217,0.461542
171.33,35.0,0.485522,0.456983
173.43,35.0,0.474909,0.446505
175.7,35.0,0.459392,0.431117
177.98,35.0,0.440941,0.412802
180.25,35.0,0.419706,0.392041
182.35,35.0,0.395969,0.368477
184.63,35.0,0.371034,0.343865
186.9,35.0,0.344601,0.31783
189.18,35.0,0.318126,0.291595
191.45,35.0,0.290332,0.264284
193.55,35.0,0.263536,0.237882
195.83,35.0,0.237642,0.212273
197.93,35.0,0.212282,0.187374
200.2,35.0,0.187396,0.16267
202.48,35.0,0.16487,0.140495
204.75,35.0,0.144583,0.120418
206.85,35.0,0.126687,0.10279
209.13,35.0,0.110655,0.086783
211.4,35.0,0.09637,0.072723
213.68,35.0,0.083865,0.060375
215.78,35.0,0.073674,0.050283
218.05,35.0,0.065357,0.04223
220.33,35.0,0.057778,0.034919
222.43,35.0,0.05153,0.028613
224.7,35.0,0.045612,0.022914
226.8,35.0,0.040865,0.018046
229.08,35.0,0.036533,0.01373
231.35,35.0,0.033015,0.010203
233.63,35.0,0.029654,0.006808
235.73,35.0,0.025418,0.002818
238.0,35.0,0.020868,-0.001689
240.1,35.0,0.016644,-0.005962
242.38,35.0,0.012214,-0.010263
244.65,35.0,0.007997,-0.014508
246.75,35.0,0.004784,-0.01777
249.03,35.0,0.000954,-0.021313
251.13,35.0,-0.002909,-0.025272
253.4,35.0,-0.007219,-0.02936
255.68,35.0,-0.011378,-0.033587
257.78,35.0,-0.016661,-0.038698
260.05,35.0,-0.022656,-0.044696
262.33,35.0,-0.030309,-0.052428
264.43,35.0,-0.038682,-0.060654
266.7,35.0,-0.047758,-0.069449
268.98,35.0,-0.057585,-0.079187
271.08,35.0,-0.067401,-0.088824
273.35,35.0,-0.077952,-0.099215
275.63,35.0,-0.089384,-0.110457
277.73,35.0,-0.102305,-0.123121
280.0,35.0,-0.117135,-0.137943
282.28,35.0,-0.13383,-0.154474
284.55,35.0,-0.152474,-0.172798
286.83,35.0,-0.173503,-0.193568
288.93,35.0,-0.19667,-0.216464
291.2,35.0,-0.220484,-0.240139
293.3,35.0,-0.244175,-0.263328
295.58,35.0,-0.266972,-0.285848
297.85,35.0,-0.288867,-0.307677
300.13,35.0,-0.309483,-0.327927
302.23,35.0,-0.327261,-0.345505
304.5,35.0,-0.342603,-0.360419
306.78,35.0,-0.354923,-0.372634
308.88,35.0,-0.363743,-0.381236
311.15,35.0,-0.366331,-0.383984
313.43,35.0,-0.362819,-0.38029
315.53,35.0,-0.350527,-0.368244
317.8,35.0,-0.329683,-0.347924
319.9,35.0,-0.300512,-0.319021
322.18,35.0,-0.262681,-0.281612
324.45,35.0,-0.219135,-0.238654
326.73,35.0,-0.168285,-0.188657
328.83,35.0,-0.115697,-0.13675
331.1,35.0,-0.058969,-0.080466
333.38,35.0,-0.001566,-0.024104
335.48,35.0,0.055156,0.031835
337.75,35.0,0.111019,0.087072
339.85,35.0,0.164478,0.13987
342.13,35.0,0.213838,0.188773
344.4,35.0,0.256321,0.230578
346.5,35.0,0.293508,0.267553
348.78,35.0,0.323723,0.297088
350.88,35.0,0.34616,0.319444
353.15,35.0,0.361675,0.334626
355.43,35.0,0.370261,0.343079
357.53,35.0,0.371259,0.344115
359.8,35.0,0.365057,0.338015
362.08,35.0,0.353406,0.326518
364.18,35.0,0.337648,0.311028
366.45,35.0,0.318098,0.291847
368.73,35.0,0.295393,0.269167
370.83,35.0,0.270504,0.244771
373.1,35.0,0.246521,0.221077
375.38,35.0,0.222904,0.197775
377.48,35.0,0.199466,0.174672
379.75,35.0,0.176841,0.152448
382.03,35.0,0.156133,0.131718
384.13,35.0,0.136613,0.112682
386.4,35.0,0.118446,0.094666
388.68,35.0,0.101798,0.078197
390.95,35.0,0.085695,0.062282
393.05,35.0,0.07178,0.048373
395.33,35.0,0.0593,0.036071
397.6,35.0,0.047569,0.024648
399.7,35.0,0.036925,0.014026
401.98,35.0,0.0269,0.004325
404.08,35.0,0.017991,-0.004646
406.35,35.0,0.009451,-0.013112
408.45,35.0,0.001746,-0.020617
410.73,35.0,-0.005786,-0.028097
413.0,35.0,-0.01237,-0.034671
415.1,35.0,-0.018479,-0.040688
417.38,35.0,-0.023864,-0.045811
419.65,35.0,-0.02875,-0.050608
421.75,35.0,-0.033177,-0.055065
424.03,35.0,-0.037148,-0.059172
426.3,35.0,-0.041375,-0.063312
428.58,35.0,-0.045417,-0.067234
430.68,35.0,-0.048494,-0.070312
432.95,35.0,-0.052065,-0.073741
435.23,35.0,-0.055386,-0.076905
437.5,35.0,-0.058556,-0.080222
439.6,35.0,-0.062022,-0.083627
441.88,35.0,-0.066378,-0.087977
444.15,35.0,-0.071655,-0.093014
446.25,35.0,-0.078106,-0.099446
448.53,35.0,-0.085949,-0.107117
450.45,35.0,-0.095475,-0.116507
452.9,35.0,-0.105373,-0.126436
455.18,35.0,-0.115675,-0.136581
457.28,35.0,-0.126661,-0.14753
459.55,35.0,-0.138586,-0.159073
461.65,35.0,-0.151735,-0.172129
463.93,35.0,-0.166427,-0.186781
466.2,35.0,-0.184082,-0.203879
468.3,35.0,-0.204203,-0.223851
470.58,35.0,-0.227108,-0.246652
472.85,35.0,-0.251608,-0.270931
474.95,35.0,-0.279701,-0.298244
477.23,35.0,-0.309969,-0.328334
479.5,35.0,-0.340484,-0.358497
481.78,35.0,-0.369292,-0.386787
483.88,35.0,-0.397117,-0.413965
486.15,35.0,-0.423047,-0.439797
488.43,35.0,-0.447304,-0.463866
490.53,35.0,-0.469489,-0.485727
492.8,35.0,-0.487951,-0.504193
494.9,35.0,-0.499806,-0.515468
497.18,35.0,-0.503176,-0.518906
499.28,35.0,-0.496346,-0.512246
501.55,35.0,-0.479322,-0.495641
503.83,35.0,-0.451066,-0.467634
505.93,35.0,-0.412163,-0.429239
508.2,35.0,-0.360204,-0.378004
510.48,35.0,-0.299908,-0.318531
512.75,35.0,-0.231054,-0.250678
514.85,35.0,-0.155798,-0.176301
517.13,35.0,-0.072644,-0.093787
519.4,35.0,0.008838,-0.013694
521.68,35.0,0.090708,0.067162
523.78,35.0,0.169235,0.144592
526.05,35.0,0.243209,0.217556
528.15,35.0,0.309795,0.283298
530.43,35.0,0.366234,0.338847
532.53,35.0,0.414466,0.386616
534.8,35.0,0.450544,0.422463
537.08,35.0,0.474977,0.446536
539.18,35.0,0.48718,0.458477
541.45,35.0,0.488036,0.459524
543.55,35.0,0.478812,0.450196
545.83,35.0,0.461259,0.432968
548.1,35.0,0.438545,0.410562
550.38,35.0,0.411034,0.383566
552.48,35.0,0.380079,0.352799
554.75,35.0,0.347149,0.320421
556.85,35.0,0.314953,0.288579
559.13,35.0,0.282685,0.256736
561.23,35.0,0.252026,0.226416
563.5,35.0,0.224737,0.199691
565.78,35.0,0.199278,0.174463
568.05,35.0,0.176265,0.15157
570.15,35.0,0.156293,0.131986
572.43,35.0,0.139488,0.115541
574.7,35.0,0.125067,0.101296
576.8,35.0,0.112501,0.088853
579.08,35.0,0.100723,0.077279
581.35,35.0,0.089334,0.066105
583.63,35.0,0.078567,0.05511
585.73,35.0,0.068465,0.045153
588.0,35.0,0.058758,0.035843
590.28,35.0,0.050372,0.027359
592.38,35.0,0.042559,0.019817
594.65,35.0,0.035055,0.01226
596.93,35.0,0.028767,0.005859
599.03,35.0,0.023212,0.000477
601.3,35.0,0.019389,-0.003254
603.58,35.0,0.01808,-0.004418
605.85,35.0,0.018431,-0.004258
607.95,35.0,0.019747,-0.002804
610.23,35.0,0.021392,-0.001027
612.5,35.0,0.022652,-1.6e-05
614.6,35.0,0.023037,0.000474
616.88,35.0,0.022599,-2.5e-05
618.98,35.0,0.022307,-0.000256
621.25,35.0,0.022673,0.000286
623.35,35.0,0.024346,0.001906
625.63,35.0,0.027501,0.004922
627.9,35.0,0.032128,0.009509
630.0,35.0,0.038345,0.015471
632.28,35.0,0.044685,0.021749
634.55,35.0,0.050387,0.027337
636.65,35.0,0.054552,0.031666
638.93,35.0,0.056481,0.033487
641.03,35.0,0.056352,0.033326
643.3,35.0,0.053896,0.031071
645.58,35.0,0.049571,0.026537
647.68,35.0,0.044377,0.0215
649.95,35.0,0.039294,0.016395
652.23,35.0,0.034362,0.011438
654.33,35.0,0.031139,0.00833
656.6,35.0,0.028801,0.006198
658.7,35.0,0.027374,0.004759
660.98,35.0,0.026441,0.003764
663.25,35.0,0.025689,0.002957
665.35,35.0,0.024928,0.002254
667.63,35.0,0.024266,0.001675
669.73,35.0,0.024543,0.001922
672.0,35.0,0.025732,0.003126
674.28,35.0,0.028086,0.005421
676.38,35.0,0.030699,0.00796
678.65,35.0,0.031835,0.0091
680.75,35.0,0.032482,0.009796
683.03,35.0,0.032042,0.009291
685.3,35.0,0.031272,0.008447
687.57,35.0,0.029648,0.007029
689.67,35.0,0.028061,0.005489
691.95,35.0,0.02658,0.003875
694.05,35.0,0.024725,0.002239
696.32,35.0,0.023459,0.000911
698.6,35.0,0.022599,-2.2e-05
700.87,35.0,0.022159,-0.000303
702.97,35.0,0.021768,-0.00066
705.25,35.0,0.021419,-0.001279
707.52,35.0,0.020443,-0.002213
709.62,35.0,0.019097,-0.003624
12.08,70.0,-0.155278,-0.17549
14.18,70.0,-0.158525,-0.178784
16.45,70.0,-0.160854,-0.18114
18.73,70.0,-0.162628,-0.182678
20.83,70.0,-0.164751,-0.185034
23.45,70.0,-0.168389,-0.188657
25.9,70.0,-0.171547,-0.191701
28.0,70.0,-0.174224,-0.194258
30.28,70.0,-0.177222,-0.197089
32.38,70.0,-0.180044,-0.199849
34.83,70.0,-0.182739,-0.202576
36.93,70.0,-0.18578,-0.205496
39.2,70.0,-0.188543,-0.208445
41.3,70.0,-0.191744,-0.211621
43.58,70.0,-0.193984,-0.213651
45.85,70.0,-0.194742,-0.214415
47.95,70.0,-0.194144,-0.21378
50.23,70.0,-0.191667,-0.211495
52.33,70.0,-0.187952,-0.207906
54.6,70.0,-0.184498,-0.204486
56.88,70.0,-0.181485,-0.201541
59.15,70.0,-0.179341,-0.199258
61.25,70.0,-0.177859,-0.197927
63.53,70.0,-0.177601,-0.197622
65.63,70.0,-0.179116,-0.199363
67.9,70.0,-0.182317,-0.202175
70.18,70.0,-0.186852,-0.206698
72.28,70.0,-0.19244,-0.212222
74.55,70.0,-0.199172,-0.218894
76.65,70.0,-0.206239,-0.225949
78.93,70.0,-0.214039,-0.233448
81.2,70.0,-0.222431,-0.241713
83.48,70.0,-0.230804,-0.250047
85.58,70.0,-0.239628,-0.258848
87.85,70.0,-0.249745,-0.268691
90.13,70.0,-0.261088,-0.279896
92.4,70.0,-0.273143,-0.291926
94.5,70.0,-0.287006,-0.305604
96.78,70.0,-0.303127,-0.321501
98.88,70.0,-0.3213,-0.339581
101.15,70.0,-0.340527,-0.358521
103.43,70.0,-0.363081,-0.380696
105.7,70.0,-0.384689,-0.402206
107.98,70.0,-0.406818,-0.423762
110.08,70.0,-0.426091,-0.44276
112.35,70.0,-0.442289,-0.458651
114.45,70.0,-0.454467,-0.470736
116.73,70.0,-0.461266,-0.477465
119.0,70.0,-0.462945,-0.479298
121.28,70.0,-0.457828,-0.474276
123.55,70.0,-0.445364,-0.461873
125.65,70.0,-0.425687,-0.442406
127.93,70.0,-0.397767,-0.415034
130.03,70.0,-0.361879,-0.379609
132.3,70.0,-0.318429,-0.336664
134.58,70.0,-0.267295,-0.286254
136.68,70.0,-0.211664,-0.231353
138.95,70.0,-0.148891,-0.169283
141.23,70.0,-0.082755,-0.104233
143.33,70.0,-0.014548,-0.036843
145.6,70.0,0.054697,0.031496
147.88,70.0,0.123483,0.099284
149.98,70.0,0.186687,0.161801
152.25,70.0,0.246268,0.220766
154.53,70.0,0.300402,0.274213
156.63,70.0,0.34689,0.319909
158.9,70.0,0.386117,0.358871
161.18,70.0,0.417118,0.389379
163.28,70.0,0.437546,0.409555
165.55,70.0,0.449278,0.421123
167.83,70.0,0.452796,0.424604
170.1,70.0,0.447577,0.419496
172.38,70.0,0.435297,0.407491
174.65,70.0,0.416037,0.388304
176.75,70.0,0.391206,0.363729
179.03,70.0,0.362774,0.335852
181.3,70.0,0.333101,0.306465
183.4,70.0,0.302855,0.276622
185.68,70.0,0.272306,0.246558
187.78,70.0,0.24361,0.218215
190.05,70.0,0.21551,0.190433
192.15,70.0,0.188674,0.164189
194.43,70.0,0.163884,0.139389
196.7,70.0,0.142103,0.117907
198.8,70.0,0.122528,0.098499
201.08,70.0,0.103912,0.080363
203.35,70.0,0.086164,0.062914
205.63,70.0,0.07032,0.047217
207.73,70.0,0.057396,0.034457
210.0,70.0,0.046946,0.024044
212.28,70.0,0.038641,0.015911
214.38,70.0,0.032267,0.009553
216.65,70.0,0.027941,0.005224
218.93,70.0,0.024013,0.001256
221.03,70.0,0.019959,-0.002776
223.3,70.0,0.015686,-0.006646
225.58,70.0,0.010853,-0.011667
227.68,70.0,0.005668,-0.016578
229.95,70.0,0.000104,-0.022117
232.23,70.0,-0.00664,-0.028682
234.5,70.0,-0.013048,-0.035247
236.6,70.0,-0.019566,-0.041637
238.88,70.0,-0.025164,-0.04736
241.15,70.0,-0.030176,-0.052049
243.43,70.0,-0.03387,-0.055715
245.53,70.0,-0.037314,-0.059311
247.8,70.0,-0.040663,-0.062607
250.08,70.0,-0.04322,-0.064985
252.35,70.0,-0.045099,-0.066803
254.45,70.0,-0.046125,-0.067964
256.73,70.0,-0.047903,-0.069754
259.0,70.0,-0.051455,-0.073091
261.28,70.0,-0.056673,-0.078134
263.38,70.0,-0.063352,-0.085038
265.65,70.0,-0.071165,-0.092619
267.93,70.0,-0.079289,-0.100392
270.2,70.0,-0.08798,-0.109323
272.3,70.0,-0.097758,-0.118756
274.58,70.0,-0.109492,-0.130512
276.85,70.0,-0.123124,-0.143928
278.95,70.0,-0.137863,-0.158417
281.23,70.0,-0.154871,-0.175028
283.5,70.0,-0.174381,-0.19431
285.78,70.0,-0.195272,-0.214911
287.88,70.0,-0.215666,-0.23517
290.15,70.0,-0.237151,-0.256436
292.25,70.0,-0.259649,-0.278663
294.7,70.0,-0.283651,-0.30228
296.98,70.0,-0.30671,-0.324945
299.25,70.0,-0.328297,-0.346568
301.35,70.0,-0.348312,-0.366131
303.63,70.0,-0.36651,-0.383996
305.9,70.0,-0.381023,-0.398605
308.0,70.0,-0.391759,-0.408937
310.28,70.0,-0.397317,-0.41447
312.55,70.0,-0.397446,-0.414674
314.65,70.0,-0.39167,-0.408842
316.93,70.0,-0.379008,-0.396319
319.2,70.0,-0.359239,-0.377092
321.3,70.0,-0.33391,-0.351867
323.58,70.0,-0.30066,-0.319073
325.85,70.0,-0.26119,-0.28013
327.95,70.0,-0.216211,-0.235817
330.23,70.0,-0.163392,-0.18395
332.5,70.0,-0.108793,-0.129791
334.78,70.0,-0.049887,-0.071738
336.88,70.0,0.007914,-0.014539
339.15,70.0,0.064509,0.041321
341.43,70.0,0.118798,0.094734
343.7,70.0,0.166318,0.141866
345.8,70.0,0.208804,0.183721
348.08,70.0,0.243893,0.218477
350.35,70.0,0.272691,0.246853
352.45,70.0,0.294706,0.268452
354.73,70.0,0.309068,0.282815
357.0,70.0,0.315726,0.289142
359.28,70.0,0.315165,0.288542
361.38,70.0,0.308714,0.282282
363.65,70.0,0.297063,0.270948
365.93,70.0,0.281111,0.255147
368.03,70.0,0.261758,0.236191
370.48,70.0,0.238388,0.212929
372.58,70.0,0.213927,0.188816
374.85,70.0,0.188218,0.163684
376.95,70.0,0.162353,0.137812
379.23,70.0,0.138262,0.114232
381.5,70.0,0.116296,0.092519
383.6,70.0,0.095421,0.071955
385.88,70.0,0.076783,0.053613
388.15,70.0,0.059645,0.036475
390.25,70.0,0.04548,0.022535
392.53,70.0,0.032445,0.009626
394.8,70.0,0.020107,-0.002296
397.08,70.0,0.009134,-0.013346
399.35,70.0,-0.000669,-0.023041
401.45,70.0,-0.009529,-0.031735
403.55,70.0,-0.018239,-0.040321
405.83,70.0,-0.02603,-0.047795
408.1,70.0,-0.03326,-0.05525
410.38,70.0,-0.039961,-0.061714
412.48,70.0,-0.0459,-0.067884
414.75,70.0,-0.05123,-0.072813
417.2,70.0,-0.056291,-0.077983
419.3,70.0,-0.059708,-0.081261
421.58,70.0,-0.063094,-0.084551
424.03,70.0,-0.066409,-0.087733
426.3,70.0,-0.069246,-0.090635
428.4,70.0,-0.071763,-0.093069
430.68,70.0,-0.075013,-0.09655
432.78,70.0,-0.078414,-0.099708
435.05,70.0,-0.081353,-0.102749
437.33,70.0,-0.084166,-0.105373
439.6,70.0,-0.087074,-0.108087
441.7,70.0,-0.091005,-0.112157
443.98,70.0,-0.095891,-0.117049
446.25,70.0,-0.101932,-0.122847
448.35,70.0,-0.109153,-0.130185
450.63,70.0,-0.117376,-0.138226
452.73,70.0,-0.126261,-0.146827
455.0,70.0,-0.135561,-0.156147
457.28,70.0,-0.145746,-0.166159
459.38,70.0,-0.156864,-0.177222
461.65,70.0,-0.169717,-0.189782
463.93,70.0,-0.18496,-0.204745
466.2,70.0,-0.201103,-0.220681
468.3,70.0,-0.218676,-0.237835
470.58,70.0,-0.238214,-0.25757
472.85,70.0,-0.262086,-0.280826
474.95,70.0,-0.288959,-0.307468
477.23,70.0,-0.318599,-0.336655
479.5,70.0,-0.348605,-0.36647
481.6,70.0,-0.381787,-0.399131
483.88,70.0,-0.415274,-0.431999
486.15,70.0,-0.447289,-0.463909
488.43,70.0,-0.480607,-0.496852
490.53,70.0,-0.510915,-0.526651
492.8,70.0,-0.536932,-0.552292
495.08,70.0,-0.558074,-0.573031
497.35,70.0,-0.571648,-0.58658
499.45,70.0,-0.576543,-0.591405
501.73,70.0,-0.571337,-0.586149
503.83,70.0,-0.555209,-0.570179
506.1,70.0,-0.528577,-0.544082
508.38,70.0,-0.490348,-0.506232
510.65,70.0,-0.439649,-0.456365
512.75,70.0,-0.380761,-0.398173
515.03,70.0,-0.313327,-0.331624
517.13,70.0,-0.238485,-0.257859
519.4,70.0,-0.159175,-0.179674
521.68,70.0,-0.077662,-0.099252
523.78,70.0,0.003129,-0.019486
526.05,70.0,0.079894,0.05641
528.15,70.0,0.152393,0.127969
530.43,70.0,0.216311,0.190939
532.7,70.0,0.270057,0.244278
534.98,70.0,0.314392,0.287913
537.08,70.0,0.345883,0.318939
539.35,70.0,0.365686,0.338674
541.63,70.0,0.37653,0.349296
543.73,70.0,0.378258,0.350991
546.0,70.0,0.373304,0.34624
548.28,70.0,0.361111,0.334259
550.38,70.0,0.343169,0.316385
552.65,70.0,0.321034,0.294568
554.93,70.0,0.294454,0.268406
557.03,70.0,0.26539,0.23966
559.3,70.0,0.23706,0.21174
561.58,70.0,0.20946,0.184451
563.68,70.0,0.183499,0.158776
566.3,70.0,0.156592,0.13235
568.4,70.0,0.13539,0.11125
570.68,70.0,0.11552,0.091598
572.95,70.0,0.096937,0.073431
575.23,70.0,0.08084,0.057587
577.5,70.0,0.067233,0.044152
579.6,70.0,0.055908,0.033018
581.88,70.0,0.046352,0.023277
584.15,70.0,0.039318,0.016401
586.43,70.0,0.034355,0.011487
588.53,70.0,0.031013,0.008243
590.8,70.0,0.02808,0.005298
593.08,70.0,0.025184,0.002652
595.18,70.0,0.02219,-0.000478
597.45,70.0,0.019063,-0.003547
599.73,70.0,0.016724,-0.00566
601.83,70.0,0.014663,-0.008026
604.1,70.0,0.012572,-0.009862
606.38,70.0,0.010024,-0.01241
608.48,70.0,0.007356,-0.015161
610.75,70.0,0.004845,-0.017493
613.03,70.0,0.002008,-0.020087
615.13,70.0,0.000101,-0.022256
617.4,70.0,-0.000962,-0.023288
619.68,70.0,-0.00131,-0.02379
621.78,70.0,-0.002407,-0.024751
624.05,70.0,-0.003999,-0.026322
626.33,70.0,-0.006251,-0.028599
628.43,70.0,-0.008614,-0.03078
630.7,70.0,-0.011369,-0.033574
632.98,70.0,-0.013839,-0.035996
635.25,70.0,-0.015983,-0.038121
637.35,70.0,-0.017801,-0.039958
639.63,70.0,-0.018956,-0.041202
641.9,70.0,-0.019514,-0.041794
644.18,70.0,-0.019551,-0.041633
646.28,70.0,-0.019064,-0.041267
648.55,70.0,-0.018759,-0.041002
650.65,70.0,-0.018765,-0.040712
652.93,70.0,-0.018735,-0.040919
655.2,70.0,-0.018328,-0.040444
657.48,70.0,-0.016455,-0.038747
659.75,70.0,-0.013149,-0.035454
662.03,70.0,-0.009077,-0.031261
664.3,70.0,-0.005417,-0.027906
666.4,70.0,-0.002699,-0.024985
668.68,70.0,-0.001301,-0.023525
670.78,70.0,-0.00029,-0.022478
673.05,70.0,-0.000287,-0.022521
675.33,70.0,-0.00152,-0.023759
677.43,70.0,-0.003913,-0.026245
679.7,70.0,-0.007333,-0.029619
681.98,70.0,-0.010974,-0.0333
684.08,70.0,-0.014727,-0.03688
686.35,70.0,-0.017977,-0.039991
688.45,70.0,-0.020641,-0.042564
690.73,70.0,-0.022123,-0.04424
693.0,70.0,-0.023337,-0.04533
695.28,70.0,-0.023827,-0.045894
697.55,70.0,-0.023426,-0.045595
699.65,70.0,-0.023519,-0.045571
701.93,70.0,-0.023155,-0.045022
704.2,70.0,-0.022653,-0.044739
706.48,70.0,-0.021664,-0.043771
708.75,70.0,-0.020629,-0.042773
710.85,70.0,-0.019006,-0.041171
11.38,105.0,-0.30073,-0.319252
13.65,105.0,-0.312274,-0.330487
15.75,105.0,-0.323075,-0.341014
18.2,105.0,-0.332385,-0.350407
20.3,105.0,-0.340582,-0.358371
22.23,105.0,-0.34642,-0.364165
24.85,105.0,-0.350151,-0.368047
26.95,105.0,-0.351242,-0.369242
29.4,105.0,-0.35029,-0.367998
31.68,105.0,-0.347982,-0.365801
33.95,105.0,-0.344692,-0.362606
36.23,105.0,-0.341377,-0.359168
38.33,105.0,-0.338355,-0.356291
40.6,105.0,-0.335108,-0.352976
42.88,105.0,-0.33199,-0.349785
44.98,105.0,-0.328485,-0.346578
47.25,105.0,-0.325419,-0.343457
49.35,105.0,-0.321461,-0.339674
51.63,105.0,-0.317416,-0.335413
53.9,105.0,-0.313448,-0.331762
56.18,105.0,-0.309563,-0.327875
58.28,105.0,-0.305946,-0.324319
60.55,105.0,-0.303053,-0.321347
62.83,105.0,-0.301578,-0.319819
65.1,105.0,-0.300764,-0.319178
67.2,105.0,-0.300915,-0.31939
69.48,105.0,-0.302209,-0.320653
71.75,105.0,-0.304116,-0.322508
73.85,105.0,-0.307508,-0.325761
76.13,105.0,-0.311396,-0.32952
78.23,105.0,-0.315416,-0.333805
80.5,105.0,-0.318629,-0.336698
82.78,105.0,-0.321266,-0.339242
84.88,105.0,-0.323186,-0.341501
87.15,105.0,-0.324677,-0.342958
89.25,105.0,-0.325783,-0.343981
91.53,105.0,-0.326599,-0.344597
93.8,105.0,-0.328284,-0.346494
96.08,105.0,-0.332721,-0.35069
98.18,105.0,-0.340123,-0.357976
100.45,105.0,-0.349603,-0.367301
102.55,105.0,-0.361547,-0.379289
104.83,105.0,-0.374624,-0.392101
107.1,105.0,-0.386882,-0.404061
109.2,105.0,-0.397415,-0.414695
111.48,105.0,-0.406001,-0.423044
113.75,105.0,-0.411879,-0.429011
115.85,105.0,-0.414325,-0.431158
118.13,105.0,-0.412308,-0.429347
120.4,105.0,-0.405558,-0.422459
122.5,105.0,-0.393722,-0.411014
124.78,105.0,-0.377687,-0.395157
127.05,105.0,-0.35675,-0.374492
129.15,105.0,-0.331892,-0.350056
131.43,105.0,-0.302508,-0.320888
133.7,105.0,-0.266291,-0.285219
135.98,105.0,-0.227071,-0.246676
138.08,105.0,-0.183103,-0.203093
140.35,105.0,-0.135672,-0.156467
142.63,105.0,-0.085185,-0.106815
144.73,105.0,-0.033922,-0.056033
147.0,105.0,0.018675,-0.003913
149.1,105.0,0.069161,0.045834
151.38,105.0,0.118188,0.094093
153.65,105.0,0.159306,0.134731
155.93,105.0,0.195695,0.170822
158.03,105.0,0.224679,0.199287
160.3,105.0,0.246662,0.221059
162.58,105.0,0.261259,0.235523
164.68,105.0,0.269595,0.243671
166.95,105.0,0.271555,0.2456
169.23,105.0,0.26738,0.241826
171.33,105.0,0.258591,0.232996
173.6,105.0,0.244534,0.219004
175.53,105.0,0.225008,0.199805
177.98,105.0,0.200997,0.176123
180.25,105.0,0.173594,0.14914
182.35,105.0,0.145224,0.120985
184.63,105.0,0.115877,0.091906
186.9,105.0,0.084944,0.061573
189.0,105.0,0.055886,0.032929
191.28,105.0,0.029106,0.006435
193.55,105.0,0.003277,-0.018873
195.65,105.0,-0.020682,-0.04273
197.75,105.0,-0.04159,-0.063349
200.03,105.0,-0.059714,-0.081325
202.3,105.0,-0.075641,-0.096985
204.4,105.0,-0.089428,-0.110765
206.68,105.0,-0.101636,-0.122487
208.95,105.0,-0.111957,-0.13293
211.05,105.0,-0.121279,-0.142296
213.33,105.0,-0.128399,-0.148932
215.6,105.0,-0.134153,-0.154655
217.7,105.0,-0.138214,-0.158722
219.8,105.0,-0.14135,-0.161615
222.08,105.0,-0.142696,-0.163374
224.35,105.0,-0.142699,-0.163164
226.63,105.0,-0.141587,-0.162166
228.73,105.0,-0.141273,-0.161757
231.0,105.0,-0.142662,-0.162964
233.28,105.0,-0.145666,-0.166128
235.38,105.0,-0.149711,-0.170139
237.65,105.0,-0.155201,-0.175506
239.93,105.0,-0.161316,-0.181729
242.2,105.0,-0.167816,-0.188007
244.3,105.0,-0.174005,-0.194076
246.4,105.0,-0.17915,-0.198947
248.68,105.0,-0.182841,-0.202616
250.95,105.0,-0.185481,-0.205484
253.23,105.0,-0.187456,-0.207194
255.33,105.0,-0.19013,-0.21004
257.6,105.0,-0.193398,-0.213081
259.88,105.0,-0.197046,-0.216806
261.8,105.0,-0.200666,-0.220367
264.25,105.0,-0.205201,-0.224594
266.53,105.0,-0.210416,-0.229766
268.63,105.0,-0.215931,-0.235598
270.9,105.0,-0.223112,-0.242511
273.0,105.0,-0.231168,-0.250641
275.28,105.0,-0.240715,-0.260013
277.55,105.0,-0.251858,-0.271183
279.65,105.0,-0.264612,-0.283614
281.93,105.0,-0.278645,-0.297523
284.2,105.0,-0.293201,-0.31155
286.3,105.0,-0.30724,-0.325475
288.58,105.0,-0.321165,-0.339433
290.85,105.0,-0.334929,-0.352899
292.95,105.0,-0.347918,-0.36581
295.23,105.0,-0.361257,-0.378931
297.33,105.0,-0.375364,-0.392998
299.6,105.0,-0.390669,-0.407714
301.88,105.0,-0.405259,-0.422369
303.98,105.0,-0.418364,-0.435114
306.25,105.0,-0.429076,-0.44594
308.35,105.0,-0.437181,-0.453789
310.63,105.0,-0.441969,-0.458731
312.9,105.0,-0.442391,-0.459181
315.0,105.0,-0.437508,-0.454227
317.28,105.0,-0.427055,-0.44382
319.38,105.0,-0.409985,-0.427169
321.65,105.0,-0.386011,-0.403494
323.93,105.0,-0.355268,-0.372893
326.03,105.0,-0.319125,-0.337493
328.3,105.0,-0.275992,-0.295043
330.58,105.0,-0.22854,-0.248056
332.85,105.0,-0.178731,-0.198959
334.95,105.0,-0.128451,-0.14911
337.23,105.0,-0.077471,-0.098956
339.33,105.0,-0.028768,-0.050786
341.6,105.0,0.017864,-0.004696
343.88,105.0,0.057889,0.034725
345.98,105.0,0.092103,0.068554
348.25,105.0,0.119639,0.095757
350.35,105.0,0.140082,0.11596
352.63,105.0,0.15348,0.128884
354.9,105.0,0.159811,0.13536
357.0,105.0,0.159882,0.135501
359.28,105.0,0.154438,0.130184
361.55,105.0,0.143101,0.11889
363.65,105.0,0.126361,0.102337
365.93,105.0,0.105803,0.082211
368.2,105.0,0.080902,0.057445
370.48,105.0,0.055649,0.032544
372.58,105.0,0.030458,0.007649
374.85,105.0,0.00564,-0.016815
377.13,105.0,-0.0203,-0.042256
379.4,105.0,-0.039557,-0.061236
381.5,105.0,-0.057148,-0.078697
383.78,105.0,-0.07224,-0.093562
386.23,105.0,-0.087431,-0.108737
388.5,105.0,-0.100355,-0.121147
390.6,105.0,-0.112148,-0.133004
392.88,105.0,-0.123091,-0.143885
395.5,105.0,-0.134277,-0.154997
397.78,105.0,-0.142906,-0.16342
400.05,105.0,-0.151199,-0.171624
402.15,105.0,-0.159545,-0.179911
404.43,105.0,-0.167468,-0.187792
406.7,105.0,-0.174381,-0.194341
408.98,105.0,-0.180758,-0.200823
411.25,105.0,-0.186073,-0.205931
413.88,105.0,-0.190626,-0.210595
416.15,105.0,-0.193389,-0.21317
418.43,105.0,-0.195416,-0.215105
420.53,105.0,-0.196624,-0.216535
422.63,105.0,-0.198158,-0.217884
425.08,105.0,-0.200127,-0.219837
427.35,105.0,-0.2033,-0.223013
429.45,105.0,-0.207339,-0.226778
431.73,105.0,-0.211806,-0.231344
434.0,105.0,-0.215983,-0.235327
436.28,105.0,-0.220589,-0.239923
438.38,105.0,-0.225419,-0.244711
440.65,105.0,-0.229776,-0.249061
442.93,105.0,-0.234184,-0.253291
445.03,105.0,-0.238001,-0.257172
447.3,105.0,-0.241698,-0.261011
449.58,105.0,-0.246488,-0.265592
451.68,105.0,-0.251957,-0.271214
453.95,105.0,-0.259816,-0.278599
456.05,105.0,-0.269076,-0.287831
458.33,105.0,-0.279822,-0.298645
460.43,105.0,-0.291211,-0.309954
462.7,105.0,-0.303371,-0.321839
464.98,105.0,-0.316328,-0.334646
467.08,105.0,-0.329976,-0.348176
469.35,105.0,-0.345521,-0.3633
471.63,105.0,-0.363143,-0.380823
473.73,105.0,-0.382976,-0.400176
476.0,105.0,-0.405139,-0.422197
478.1,105.0,-0.428752,-0.445521
480.38,105.0,-0.454119,-0.470345
482.65,105.0,-0.481694,-0.497967
484.75,105.0,-0.510595,-0.526143
487.03,105.0,-0.537773,-0.55296
489.13,105.0,-0.564196,-0.579516
491.4,105.0,-0.590151,-0.604636
493.68,105.0,-0.612763,-0.626771
495.95,105.0,-0.630795,-0.644867
498.23,105.0,-0.642923,-0.656879
500.33,105.0,-0.648407,-0.662113
502.6,105.0,-0.6454,-0.659451
504.88,105.0,-0.633105,-0.647196
506.98,105.0,-0.610215,-0.624741
509.25,105.0,-0.576328,-0.591198
511.53,105.0,-0.532665,-0.548195
513.63,105.0,-0.479938,-0.496097
515.9,105.0,-0.421106,-0.438096
518.0,105.0,-0.356032,-0.373709
520.28,105.0,-0.288103,-0.306833
522.55,105.0,-0.218898,-0.238596
524.83,105.0,-0.150589,-0.171011
526.93,105.0,-0.086575,-0.107795
529.2,105.0,-0.027912,-0.050133
531.48,105.0,0.024836,0.002119
533.58,105.0,0.067646,0.044266
535.85,105.0,0.101706,0.078145
538.13,105.0,0.126154,0.102196
540.23,105.0,0.141197,0.11698
542.5,105.0,0.147396,0.123132
544.6,105.0,0.146241,0.122032
546.88,105.0,0.137886,0.113982
549.15,105.0,0.1241,0.099993
551.43,105.0,0.105507,0.081826
553.53,105.0,0.083218,0.059891
555.8,105.0,0.060015,0.036866
558.08,105.0,0.037772,0.015036
560.18,105.0,0.01625,-0.006378
562.45,105.0,-0.005124,-0.02749
564.73,105.0,-0.025755,-0.047832
567.0,105.0,-0.044674,-0.066596
569.1,105.0,-0.062638,-0.084224
571.38,105.0,-0.080839,-0.101815
573.65,105.0,-0.096356,-0.117527
575.93,105.0,-0.110869,-0.131596
578.03,105.0,-0.124255,-0.145105
580.3,105.0,-0.136957,-0.157474
582.58,105.0,-0.149196,-0.169634
584.68,105.0,-0.160795,-0.181288
586.95,105.0,-0.171128,-0.191328
589.23,105.0,-0.179585,-0.199461
591.33,105.0,-0.186639,-0.206464
593.6,105.0,-0.191815,-0.211596
595.88,105.0,-0.194498,-0.214427
597.98,105.0,-0.194982,-0.214763
600.25,105.0,-0.192373,-0.212246
602.53,105.0,-0.188097,-0.20797
604.63,105.0,-0.184218,-0.204147
606.9,105.0,-0.181689,-0.2018
609.0,105.0,-0.182215,-0.202157
611.28,105.0,-0.185721,-0.205706
613.55,105.0,-0.191433,-0.211273
615.83,105.0,-0.198553,-0.218414
617.93,105.0,-0.206073,-0.225533
620.2,105.0,-0.212496,-0.232018
622.48,105.0,-0.217172,-0.236621
624.75,105.0,-0.220349,-0.23996
626.85,105.0,-0.222739,-0.242222
629.13,105.0,-0.224202,-0.243528
631.4,105.0,-0.223765,-0.243247
633.5,105.0,-0.221384,-0.240727
635.78,105.0,-0.21789,-0.237314
638.05,105.0,-0.214745,-0.234384
640.15,105.0,-0.213343,-0.232665
642.43,105.0,-0.21366,-0.233177
644.53,105.0,-0.215398,-0.234899
646.8,105.0,-0.217832,-0.237203
649.08,105.0,-0.220681,-0.240238
651.18,105.0,-0.224092,-0.243571
653.45,105.0,-0.227493,-0.246846
655.73,105.0,-0.230629,-0.24988
658.0,105.0,-0.232841,-0.252098
660.1,105.0,-0.234162,-0.25338
662.38,105.0,-0.235398,-0.254575
664.13,105.0,-0.237292,-0.256396
666.93,105.0,-0.240028,-0.259258
669.03,105.0,-0.245188,-0.26439
671.3,105.0,-0.251273,-0.270318
673.4,105.0,-0.258247,-0.277178
675.85,105.0,-0.264202,-0.283115
677.95,105.0,-0.27001,-0.28874
680.23,105.0,-0.275401,-0.294119
682.5,105.0,-0.28061,-0.299212
684.6,105.0,-0.28667,-0.305456
686.88,105.0,-0.292668,-0.311254
689.15,105.0,-0.299233,-0.317551
691.25,105.0,-0.305228,-0.323796
693.53,105.0,-0.31134,-0.329378
695.8,105.0,-0.316057,-0.334393
698.08,105.0,-0.320579,-0.338679
700.18,105.0,-0.324526,-0.342428
702.45,105.0,-0.328253,-0.346297
704.73,105.0,-0.331695,-0.349862
706.83,105.0,-0.335327,-0.353173
708.93,105.0,-0.339008,-0.356916
711.2,105.0,-0.34207,-0.359797
11.38,140.0,-0.248303,-0.267588
13.65,140.0,-0.223257,-0.24273
15.93,140.0,-0.197804,-0.217792
18.2,140.0,-0.174246,-0.194489
20.3,140.0,-0.153053,-0.173448
22.58,140.0,-0.134209,-0.154739
24.68,140.0,-0.117283,-0.138066
26.95,140.0,-0.102561,-0.123497
29.23,140.0,-0.089862,-0.11106
31.33,140.0,-0.078704,-0.100115
33.6,140.0,-0.06912,-0.090487
35.88,140.0,-0.059837,-0.081421
38.15,140.0,-0.052567,-0.074083
40.25,140.0,-0.046113,-0.067964
42.53,140.0,-0.040457,-0.062407
44.63,140.0,-0.035466,-0.057422
46.9,140.0,-0.031193,-0.053066
49.18,140.0,-0.026633,-0.048537
51.28,140.0,-0.021908,-0.044123
53.55,140.0,-0.017558,-0.039742
55.83,140.0,-0.013245,-0.035669
57.93,140.0,-0.009939,-0.032176
60.2,140.0,-0.007656,-0.029844
62.3,140.0,-0.005685,-0.028121
64.58,140.0,-0.004012,-0.026442
66.85,140.0,-0.003279,-0.025759
69.13,140.0,-0.002989,-0.025293
71.23,140.0,-0.00293,-0.025275
73.5,140.0,-0.003319,-0.0257
75.78,140.0,-0.004973,-0.027203
77.88,140.0,-0.007743,-0.030041
80.15,140.0,-0.011837,-0.034015
82.43,140.0,-0.016714,-0.038956
84.53,140.0,-0.021852,-0.043756
86.8,140.0,-0.027567,-0.049471
88.9,140.0,-0.033682,-0.055571
91.18,140.0,-0.039816,-0.061809
93.45,140.0,-0.046359,-0.068155
95.55,140.0,-0.054224,-0.075977
97.83,140.0,-0.064064,-0.085401
100.1,140.0,-0.075848,-0.097065
102.2,140.0,-0.090651,-0.111908
104.48,140.0,-0.107542,-0.128463
106.75,140.0,-0.125672,-0.146264
108.85,140.0,-0.143673,-0.164036
111.13,140.0,-0.160487,-0.18065
113.4,140.0,-0.173925,-0.193885
115.68,140.0,-0.185259,-0.204917
117.78,140.0,-0.192915,-0.212736
120.4,140.0,-0.198207,-0.217906
122.5,140.0,-0.198457,-0.218189
124.78,140.0,-0.194326,-0.214196
127.05,140.0,-0.186461,-0.206402
129.33,140.0,-0.174024,-0.19424
131.6,140.0,-0.15794,-0.178543
133.7,140.0,-0.137681,-0.158244
135.98,140.0,-0.111834,-0.132622
138.25,140.0,-0.079495,-0.100672
140.35,140.0,-0.042773,-0.064914
142.63,140.0,-0.002166,-0.024511
144.73,140.0,0.042242,0.019315
147.0,140.0,0.085982,0.062578
149.28,140.0,0.131909,0.107701
151.55,140.0,0.172861,0.148468
153.65,140.0,0.211703,0.186616
155.93,140.0,0.244269,0.218659
158.03,140.0,0.27116,0.24519
160.48,140.0,0.29157,0.265476
162.58,140.0,0.305686,0.279531
164.85,140.0,0.313702,0.287112
167.13,140.0,0.316305,0.289928
169.05,140.0,0.314068,0.287771
171.5,140.0,0.307759,0.281598
173.6,140.0,0.297624,0.271579
175.88,140.0,0.283927,0.257873
178.15,140.0,0.267747,0.24202
180.25,140.0,0.251105,0.225461
182.53,140.0,0.234481,0.209143
184.8,140.0,0.217309,0.192069
186.9,140.0,0.200313,0.175369
189.18,140.0,0.185054,0.160446
191.45,140.0,0.170849,0.146576
193.55,140.0,0.158302,0.133955
195.83,140.0,0.146752,0.122461
198.1,140.0,0.136432,0.112476
200.2,140.0,0.127433,0.103271
202.48,140.0,0.11901,0.09523
204.75,140.0,0.111478,0.087763
206.85,140.0,0.105846,0.081992
209.13,140.0,0.101059,0.077587
211.4,140.0,0.097322,0.073795
213.5,140.0,0.094669,0.071114
215.78,140.0,0.091761,0.068138
218.05,140.0,0.089275,0.065763
220.15,140.0,0.087645,0.064189
222.43,140.0,0.086173,0.062827
224.7,140.0,0.085085,0.061817
226.98,140.0,0.084214,0.060708
229.08,140.0,0.083049,0.059694
231.35,140.0,0.081934,0.058499
233.63,140.0,0.079586,0.055973
235.9,140.0,0.076863,0.053628
238.0,140.0,0.074522,0.051173
240.28,140.0,0.071965,0.048776
242.55,140.0,0.06914,0.045754
244.65,140.0,0.065464,0.042479
246.93,140.0,0.061469,0.038357
249.2,140.0,0.057183,0.03409
251.48,140.0,0.053644,0.030686
253.58,140.0,0.050283,0.027217
255.85,140.0,0.046983,0.024303
258.13,140.0,0.043986,0.021139
260.23,140.0,0.040708,0.017966
262.5,140.0,0.037319,0.014392
264.78,140.0,0.033326,0.010622
267.05,140.0,0.029189,0.006423
269.15,140.0,0.024198,0.001737
271.43,140.0,0.018921,-0.003574
273.7,140.0,0.012991,-0.009452
275.8,140.0,0.005628,-0.016597
278.08,140.0,-0.003165,-0.025472
280.18,140.0,-0.012998,-0.035303
282.45,140.0,-0.024058,-0.046048
284.73,140.0,-0.036036,-0.058054
287.0,140.0,-0.048956,-0.070768
289.1,140.0,-0.062102,-0.08379
291.38,140.0,-0.07607,-0.097379
293.48,140.0,-0.090561,-0.111513
295.75,140.0,-0.105728,-0.12671
298.03,140.0,-0.120863,-0.141501
300.13,140.0,-0.134834,-0.155364
302.4,140.0,-0.147992,-0.168605
304.68,140.0,-0.160309,-0.180703
306.95,140.0,-0.172191,-0.192243
309.05,140.0,-0.182872,-0.202724
311.33,140.0,-0.190983,-0.210823
313.6,140.0,-0.195724,-0.215478
315.7,140.0,-0.196023,-0.215851
318.33,140.0,-0.190416,-0.210419
320.43,140.0,-0.179871,-0.199877
322.7,140.0,-0.163654,-0.184027
324.8,140.0,-0.142622,-0.163112
327.25,140.0,-0.113593,-0.134717
329.53,140.0,-0.081815,-0.10293
331.8,140.0,-0.047428,-0.069264
333.9,140.0,-0.010617,-0.032829
336.18,140.0,0.028952,0.006004
338.45,140.0,0.066703,0.043428
340.73,140.0,0.104059,0.080224
342.83,140.0,0.137066,0.112938
345.1,140.0,0.166675,0.142035
347.38,140.0,0.191342,0.16657
349.65,140.0,0.210014,0.18494
351.75,140.0,0.221666,0.19653
354.03,140.0,0.227319,0.202097
356.3,140.0,0.228178,0.202784
358.4,140.0,0.225292,0.199857
360.68,140.0,0.219919,0.194611
362.78,140.0,0.212322,0.187282
365.05,140.0,0.203311,0.17844
367.33,140.0,0.192923,0.168141
369.43,140.0,0.181154,0.156441
371.7,140.0,0.168702,0.144331
373.8,140.0,0.156336,0.1321
376.08,140.0,0.144851,0.12068
378.35,140.0,0.134022,0.109848
380.45,140.0,0.123801,0.100076
382.73,140.0,0.114528,0.090911
385.0,140.0,0.10592,0.082479
387.1,140.0,0.097679,0.074093
389.38,140.0,0.090742,0.067316
391.83,140.0,0.083105,0.05962
394.1,140.0,0.076731,0.053499
396.2,140.0,0.070264,0.047122
398.48,140.0,0.06471,0.041444
400.75,140.0,0.05881,0.03576
403.03,140.0,0.054247,0.031222
405.3,140.0,0.049315,0.026392
407.4,140.0,0.044824,0.022106
409.68,140.0,0.041305,0.018419
411.95,140.0,0.037938,0.015203
414.05,140.0,0.034975,0.01206
416.33,140.0,0.031983,0.009429
418.43,140.0,0.029512,0.006644
420.7,140.0,0.026173,0.003727
422.98,140.0,0.022991,0.000501
425.08,140.0,0.020169,-0.002561
427.35,140.0,0.017947,-0.004745
429.63,140.0,0.015785,-0.006861
431.73,140.0,0.013471,-0.008922
434.0,140.0,0.011312,-0.011196
436.1,140.0,0.008782,-0.013735
438.38,140.0,0.005954,-0.01643
440.65,140.0,0.003484,-0.018966
442.75,140.0,0.000572,-0.021695
445.03,140.0,-0.002256,-0.024529
447.3,140.0,-0.004767,-0.027268
449.58,140.0,-0.007444,-0.029634
451.68,140.0,-0.009187,-0.031409
453.95,140.0,-0.010367,-0.03249
456.05,140.0,-0.010993,-0.033377
458.33,140.0,-0.012357,-0.034526
460.6,140.0,-0.015226,-0.037253
462.7,140.0,-0.020398,-0.042367
464.98,140.0,-0.028645,-0.050577
467.25,140.0,-0.039705,-0.06159
469.53,140.0,-0.053661,-0.07529
471.8,140.0,-0.069776,-0.091184
473.9,140.0,-0.087003,-0.108383
476.18,140.0,-0.106399,-0.127182
478.45,140.0,-0.12643,-0.147012
480.55,140.0,-0.147256,-0.167662
482.83,140.0,-0.170198,-0.19
484.93,140.0,-0.194449,-0.21432
487.2,140.0,-0.219489,-0.238916
489.48,140.0,-0.244135,-0.263241
491.75,140.0,-0.268291,-0.286892
494.03,140.0,-0.292798,-0.311229
496.3,140.0,-0.312739,-0.330965
498.58,140.0,-0.328001,-0.346119
500.68,140.0,-0.338106,-0.355866
502.95,140.0,-0.341611,-0.359498
505.23,140.0,-0.339233,-0.357157
507.33,140.0,-0.329344,-0.347271
509.6,140.0,-0.312166,-0.330413
511.7,140.0,-0.286735,-0.305576
514.15,140.0,-0.251923,-0.270989
516.43,140.0,-0.213035,-0.23252
518.53,140.0,-0.167933,-0.188352
520.8,140.0,-0.121282,-0.142083
522.9,140.0,-0.070644,-0.092025
525.18,140.0,-0.023051,-0.04517
527.45,140.0,0.023252,0.000677
529.55,140.0,0.064075,0.040963
531.83,140.0,0.100612,0.076977
534.1,140.0,0.130036,0.105914
536.2,140.0,0.152205,0.128012
538.48,140.0,0.16787,0.143302
540.75,140.0,0.177941,0.153308
542.85,140.0,0.183357,0.158711
545.13,140.0,0.183878,0.15921
547.4,140.0,0.179629,0.154873
549.5,140.0,0.171774,0.147251
551.78,140.0,0.161259,0.136807
554.05,140.0,0.148908,0.124743
556.15,140.0,0.135178,0.111207
558.43,140.0,0.121161,0.097205
560.53,140.0,0.107211,0.083462
562.8,140.0,0.094278,0.070948
565.08,140.0,0.082039,0.058499
567.18,140.0,0.069722,0.046466
569.45,140.0,0.057914,0.034854
571.73,140.0,0.047082,0.024207
573.83,140.0,0.037202,0.0145
576.1,140.0,0.028776,0.006253
578.38,140.0,0.021161,-0.001224
580.48,140.0,0.015378,-0.007188
582.75,140.0,0.010317,-0.012157
585.03,140.0,0.006456,-0.01602
587.13,140.0,0.003345,-0.018839
589.4,140.0,0.00027,-0.021948
591.5,140.0,-0.002672,-0.025149
593.78,140.0,-0.00611,-0.028331
596.05,140.0,-0.009283,-0.031572
598.15,140.0,-0.013972,-0.036264
600.6,140.0,-0.019354,-0.04135
602.7,140.0,-0.025007,-0.04716
604.98,140.0,-0.031612,-0.05342
607.43,140.0,-0.038004,-0.059976
609.53,140.0,-0.044372,-0.066205
611.8,140.0,-0.049723,-0.071519
613.9,140.0,-0.055164,-0.076861
616.18,140.0,-0.059748,-0.081331
618.45,140.0,-0.064258,-0.085709
620.55,140.0,-0.067783,-0.089076
622.83,140.0,-0.070749,-0.092314
624.93,140.0,-0.073827,-0.095244
627.2,140.0,-0.07855,-0.099797
629.48,140.0,-0.08399,-0.105327
631.75,140.0,-0.089474,-0.110725
633.85,140.0,-0.094039,-0.115185
636.13,140.0,-0.097518,-0.118546
638.23,140.0,-0.100786,-0.121926
640.5,140.0,-0.104412,-0.125441
642.78,140.0,-0.108303,-0.12916
645.05,140.0,-0.112049,-0.132807
647.15,140.0,-0.11655,-0.137339
649.43,140.0,-0.121575,-0.142219
651.53,140.0,-0.125903,-0.146639
653.8,140.0,-0.130315,-0.150974
656.08,140.0,-0.134283,-0.154893
658.18,140.0,-0.137194,-0.157801
660.45,140.0,-0.139834,-0.160367
662.73,140.0,-0.142015,-0.162477
664.83,140.0,-0.144332,-0.164776
667.1,140.0,-0.147176,-0.16753
669.2,140.0,-0.150259,-0.170694
671.48,140.0,-0.154378,-0.174668
673.75,140.0,-0.159027,-0.179255
675.85,140.0,-0.163919,-0.184042
678.13,140.0,-0.169449,-0.18956
680.4,140.0,-0.174729,-0.194908
682.68,140.0,-0.180567,-0.200546
684.78,140.0,-0.185872,-0.205687
687.05,140.0,-0.190617,-0.210395
689.15,140.0,-0.195235,-0.215136
691.43,140.0,-0.199951,-0.219816
693.7,140.0,-0.204942,-0.224529
695.8,140.0,-0.209723,-0.229218
698.08,140.0,-0.213916,-0.233383
700.35,140.0,-0.21806,-0.237714
702.45,140.0,-0.222197,-0.241541
704.73,140.0,-0.226002,-0.245432
707.0,140.0,-0.229739,-0.249052
709.1,140.0,-0.233506,-0.252696
711.38,140.0,-0.236769,-0.255989
11.73,175.0,0.068524,0.04487
14.0,175.0,0.06909,0.045717
16.28,175.0,0.069038,0.045769
18.38,175.0,0.069552,0.046318
20.65,175.0,0.071207,0.04792
22.93,175.0,0.073317,0.050021
25.2,175.0,0.075243,0.051965
27.3,175.0,0.076598,0.05332
29.58,175.0,0.077818,0.054469
31.85,175.0,0.079053,0.055655
34.13,175.0,0.08141,0.057978
36.23,175.0,0.083927,0.060692
38.5,175.0,0.087159,0.063862
40.78,175.0,0.089592,0.066284
42.88,175.0,0.091219,0.067763
44.98,175.0,0.091743,0.068262
47.25,175.0,0.090976,0.067482
49.53,175.0,0.089543,0.066111
51.63,175.0,0.087553,0.064232
53.9,175.0,0.085092,0.06182
56.18,175.0,0.082149,0.058792
58.28,175.0,0.079149,0.055763
60.55,175.0,0.075461,0.052202
62.83,175.0,0.071986,0.048915
64.93,175.0,0.06914,0.045822
67.2,175.0,0.066194,0.042889
69.48,175.0,0.062852,0.03963
71.58,175.0,0.058995,0.036025
73.85,175.0,0.054814,0.031851
76.13,175.0,0.049266,0.026272
78.23,175.0,0.043422,0.020575
80.5,175.0,0.036309,0.013487
82.78,175.0,0.028671,0.006074
84.88,175.0,0.019944,-0.002545
87.15,175.0,0.010443,-0.012043
89.43,175.0,-0.00066,-0.023066
91.53,175.0,-0.013676,-0.035691
93.8,175.0,-0.028713,-0.050478
96.08,175.0,-0.044643,-0.066482
98.18,175.0,-0.061969,-0.083303
100.45,175.0,-0.079951,-0.101322
102.55,175.0,-0.098516,-0.119551
104.83,175.0,-0.117622,-0.138571
107.1,175.0,-0.136618,-0.157172
109.2,175.0,-0.156415,-0.176599
111.48,175.0,-0.177216,-0.197077
113.75,175.0,-0.198805,-0.218321
115.85,175.0,-0.218472,-0.237939
118.13,175.0,-0.234628,-0.253716
120.23,175.0,-0.246642,-0.265635
122.5,175.0,-0.253395,-0.272317
124.78,175.0,-0.254045,-0.273103
126.88,175.0,-0.248472,-0.26765
129.15,175.0,-0.235339,-0.254803
131.43,175.0,-0.214886,-0.234252
133.53,175.0,-0.187095,-0.207068
135.8,175.0,-0.154018,-0.174545
137.9,175.0,-0.116014,-0.136969
140.18,175.0,-0.071606,-0.093017
142.28,175.0,-0.024012,-0.046159
144.55,175.0,0.027387,0.00458
146.83,175.0,0.077156,0.053792
148.93,175.0,0.1269,0.102667
151.2,175.0,0.173083,0.148391
153.48,175.0,0.217571,0.19226
155.58,175.0,0.256696,0.231037
157.85,175.0,0.291579,0.265433
160.13,175.0,0.321638,0.295113
162.23,175.0,0.344216,0.317661
164.5,175.0,0.361253,0.334198
166.78,175.0,0.372392,0.345396
168.88,175.0,0.378449,0.35116
171.15,175.0,0.379684,0.352525
173.43,175.0,0.376749,0.349678
175.53,175.0,0.36962,0.342562
177.8,175.0,0.359432,0.33267
179.9,175.0,0.347377,0.320609
182.18,175.0,0.333927,0.307476
184.45,175.0,0.31949,0.29304
186.55,175.0,0.304373,0.278089
188.83,175.0,0.288973,0.263058
190.93,175.0,0.27425,0.2484
193.2,175.0,0.260048,0.234524
195.48,175.0,0.246832,0.221518
197.58,175.0,0.234848,0.209531
199.85,175.0,0.22373,0.198573
201.95,175.0,0.21364,0.188443
204.23,175.0,0.204614,0.179679
206.5,175.0,0.19673,0.171829
208.6,175.0,0.190249,0.165282
210.88,175.0,0.185122,0.160276
213.15,175.0,0.18231,0.157673
215.25,175.0,0.18027,0.155603
217.53,175.0,0.178998,0.1543
219.8,175.0,0.177556,0.153006
222.08,175.0,0.175603,0.15104
224.18,175.0,0.17336,0.148764
226.45,175.0,0.171259,0.146989
228.55,175.0,0.169127,0.144688
230.83,175.0,0.167152,0.142695
233.1,175.0,0.165054,0.140393
235.2,175.0,0.162177,0.138083
237.48,175.0,0.158998,0.134528
239.75,175.0,0.155532,0.131222
241.85,175.0,0.151851,0.127652
244.13,175.0,0.148289,0.124143
246.4,175.0,0.145652,0.121429
248.68,175.0,0.142587,0.118342
250.78,175.0,0.139759,0.115504
253.05,175.0,0.137048,0.112836
255.15,175.0,0.134195,0.110082
257.43,175.0,0.131897,0.107661
259.7,175.0,0.128764,0.104978
261.8,175.0,0.125135,0.101296
264.08,175.0,0.120403,0.096592
266.18,175.0,0.114207,0.090443
268.45,175.0,0.106897,0.083252
270.73,175.0,0.097855,0.074124
272.83,175.0,0.087233,0.063804
275.1,175.0,0.075147,0.05178
277.38,175.0,0.061977,0.03893
279.48,175.0,0.047735,0.02483
281.75,175.0,0.03165,0.009047
284.03,175.0,0.013924,-0.008331
286.13,175.0,-0.006094,-0.02818
288.4,175.0,-0.02733,-0.04936
290.68,175.0,-0.050176,-0.071744
292.95,175.0,-0.072311,-0.093722
295.23,175.0,-0.094979,-0.116177
297.33,175.0,-0.117416,-0.1381
299.6,175.0,-0.138355,-0.158928
301.88,175.0,-0.158494,-0.178824
303.98,175.0,-0.177071,-0.197043
306.25,175.0,-0.193497,-0.213334
308.53,175.0,-0.205727,-0.225117
310.63,175.0,-0.212126,-0.23155
312.9,175.0,-0.212859,-0.23249
315.18,175.0,-0.207548,-0.227225
317.28,175.0,-0.196627,-0.216562
319.55,175.0,-0.179948,-0.199896
321.83,175.0,-0.158164,-0.178414
324.1,175.0,-0.130765,-0.151331
326.2,175.0,-0.097182,-0.118278
328.48,175.0,-0.059301,-0.080851
330.58,175.0,-0.018698,-0.040814
332.85,175.0,0.025206,0.002442
335.13,175.0,0.069645,0.046148
337.58,175.0,0.118711,0.094583
339.68,175.0,0.161059,0.136706
341.95,175.0,0.202972,0.177781
344.05,175.0,0.24068,0.215122
346.33,175.0,0.274035,0.247941
348.43,175.0,0.302848,0.276299
350.7,175.0,0.325489,0.298924
352.8,175.0,0.341884,0.315171
355.08,175.0,0.35258,0.325747
357.35,175.0,0.358042,0.331145
359.45,175.0,0.358914,0.33189
361.73,175.0,0.35632,0.329392
363.83,175.0,0.351595,0.324681
366.1,175.0,0.345224,0.31848
368.38,175.0,0.337522,0.310861
370.48,175.0,0.328683,0.302214
372.75,175.0,0.318927,0.292251
375.03,175.0,0.307436,0.281216
377.13,175.0,0.295501,0.269451
379.4,175.0,0.283117,0.257242
381.68,175.0,0.270418,0.24462
383.78,175.0,0.258656,0.232852
386.05,175.0,0.247531,0.222075
388.33,175.0,0.236964,0.211487
390.43,175.0,0.227809,0.202655
392.7,175.0,0.219854,0.194629
394.98,175.0,0.213135,0.188077
397.08,175.0,0.20836,0.183289
399.35,175.0,0.204192,0.179294
401.45,175.0,0.201105,0.176111
403.73,175.0,0.198902,0.173992
406.0,175.0,0.197873,0.172861
408.28,175.0,0.196724,0.171844
410.38,175.0,0.195233,0.170606
412.65,175.0,0.193643,0.168761
414.75,175.0,0.191592,0.166924
417.03,175.0,0.189398,0.164669
419.3,175.0,0.186755,0.162023
421.4,175.0,0.183958,0.15946
423.68,175.0,0.18092,0.156333
425.95,175.0,0.17816,0.153493
428.05,175.0,0.175979,0.151404
430.33,175.0,0.173822,0.149562
432.6,175.0,0.17178,0.147236
434.7,175.0,0.169312,0.144888
436.98,175.0,0.165852,0.141392
439.43,175.0,0.161157,0.136499
441.53,175.0,0.156733,0.132334
443.8,175.0,0.151761,0.127664
446.08,175.0,0.146518,0.122257
448.18,175.0,0.140899,0.11669
450.45,175.0,0.134737,0.110852
452.73,175.0,0.129346,0.105215
454.83,175.0,0.122901,0.09914
457.8,175.0,0.113111,0.08926
459.9,175.0,0.10377,0.080067
462.18,175.0,0.092082,0.068514
464.45,175.0,0.077411,0.054155
466.73,175.0,0.059352,0.036188
469.0,175.0,0.038884,0.01597
471.1,175.0,0.015184,-0.007068
473.38,175.0,-0.011791,-0.03379
475.48,175.0,-0.042474,-0.064261
477.75,175.0,-0.075185,-0.096347
480.03,175.0,-0.111707,-0.132493
482.3,175.0,-0.151026,-0.171313
484.58,175.0,-0.191658,-0.211602
486.85,175.0,-0.233494,-0.252523
488.95,175.0,-0.273602,-0.292342
491.23,175.0,-0.312496,-0.330721
493.5,175.0,-0.347409,-0.365222
495.6,175.0,-0.379643,-0.396926
497.88,175.0,-0.407101,-0.424224
500.15,175.0,-0.427157,-0.443968
502.25,175.0,-0.438922,-0.455702
504.53,175.0,-0.441374,-0.458192
506.8,175.0,-0.433068,-0.449895
508.9,175.0,-0.414744,-0.431577
511.18,175.0,-0.383682,-0.401128
513.45,175.0,-0.343676,-0.361824
515.55,175.0,-0.297277,-0.315724
517.83,175.0,-0.243442,-0.262493
520.1,175.0,-0.18476,-0.20468
522.2,175.0,-0.12566,-0.146461
524.48,175.0,-0.065869,-0.087299
526.75,175.0,-0.008987,-0.031369
528.85,175.0,0.044611,0.021324
531.13,175.0,0.092732,0.069167
533.23,175.0,0.13418,0.110098
535.5,175.0,0.167587,0.143166
537.78,175.0,0.194448,0.169716
540.05,175.0,0.214626,0.18925
542.33,175.0,0.226163,0.200899
544.6,175.0,0.231727,0.206428
546.7,175.0,0.232365,0.207118
548.98,175.0,0.229022,0.203736
551.08,175.0,0.222676,0.197448
553.35,175.0,0.213277,0.188163
555.45,175.0,0.201986,0.177042
557.73,175.0,0.189201,0.164263
560.0,175.0,0.175895,0.151336
562.28,175.0,0.163302,0.138785
564.38,175.0,0.151536,0.127313
566.65,175.0,0.140452,0.116447
568.93,175.0,0.130326,0.106265
571.03,175.0,0.121281,0.09731
573.3,175.0,0.113339,0.089679
575.4,175.0,0.106811,0.08308
577.68,175.0,0.101157,0.077852
579.95,175.0,0.0967,0.073086
582.23,175.0,0.093212,0.069568
584.33,175.0,0.089435,0.06593
586.6,175.0,0.085329,0.061922
588.7,175.0,0.081167,0.057843
590.98,175.0,0.07665,0.053369
593.08,175.0,0.07215,0.04873
595.35,175.0,0.068169,0.044959
597.45,175.0,0.064281,0.041013
599.73,175.0,0.060677,0.037288
602.0,175.0,0.057005,0.033976
604.1,175.0,0.053773,0.030883
606.38,175.0,0.050492,0.027439
608.65,175.0,0.046928,0.024029
610.93,175.0,0.043819,0.020699
613.03,175.0,0.039426,0.016484
615.3,175.0,0.03402,0.011293
617.58,175.0,0.028573,0.005837
619.85,175.0,0.022556,-9.3e-05
621.95,175.0,0.017048,-0.00562
624.23,175.0,0.010695,-0.011788
626.5,175.0,0.004774,-0.017515
628.78,175.0,-0.001467,-0.023815
630.88,175.0,-0.007407,-0.029517
633.15,175.0,-0.012034,-0.034332
635.43,175.0,-0.015555,-0.037798
637.53,175.0,-0.017342,-0.039455
639.8,175.0,-0.016002,-0.038186
642.08,175.0,-0.010737,-0.032918
644.18,175.0,-0.000346,-0.022607
646.45,175.0,0.012895,-0.009634
648.73,175.0,0.025495,0.002926
650.83,175.0,0.035911,0.012883
652.93,175.0,0.044377,0.021305
655.38,175.0,0.0523,0.029417
657.48,175.0,0.060723,0.037556
659.75,175.0,0.071231,0.047923
661.85,175.0,0.084971,0.061496
664.13,175.0,0.10157,0.078058
666.4,175.0,0.120341,0.096481
668.5,175.0,0.140048,0.115812
670.78,175.0,0.160252,0.135917
672.88,175.0,0.181678,0.156924
675.15,175.0,0.202966,0.178015
677.43,175.0,0.223751,0.198573
679.53,175.0,0.243428,0.217861
681.63,175.0,0.26189,0.236185
683.9,175.0,0.280002,0.254022
686.18,175.0,0.297362,0.271148
688.45,175.0,0.313147,0.286752
690.55,175.0,0.328354,0.301804
693.0,175.0,0.342642,0.315871
695.1,175.0,0.355729,0.328726
697.38,175.0,0.367898,0.340701
699.65,175.0,0.378788,0.351471
701.75,175.0,0.38888,0.361776
704.03,175.0,0.397913,0.370449
706.3,175.0,0.406111,0.378668
708.58,175.0,0.414333,0.386822
710.68,175.0,0.422118,0.394444
11.2,210.0,0.02572,0.00292
13.48,210.0,0.024149,0.00129
15.93,210.0,0.025896,0.003249
18.03,210.0,0.030868,0.008092
20.3,210.0,0.037861,0.014836
22.58,210.0,0.045301,0.022393
24.68,210.0,0.05247,0.029605
26.95,210.0,0.057753,0.034577
29.23,210.0,0.061866,0.038638
31.5,210.0,0.064445,0.041336
33.78,210.0,0.066669,0.0432
35.88,210.0,0.06885,0.045394
38.15,210.0,0.070751,0.047316
40.43,210.0,0.072815,0.04967
42.53,210.0,0.07385,0.050566
44.8,210.0,0.072535,0.049257
47.43,210.0,0.067005,0.04361
49.53,210.0,0.059026,0.035856
51.8,210.0,0.048829,0.025776
54.08,210.0,0.037519,0.014522
56.35,210.0,0.024257,0.001666
58.63,210.0,0.013943,-0.00855
60.9,210.0,0.0052,-0.017256
63.18,210.0,-0.002225,-0.024579
65.28,210.0,-0.007622,-0.030028
67.55,210.0,-0.01098,-0.032992
69.83,210.0,-0.013972,-0.03611
71.93,210.0,-0.017354,-0.039474
74.2,210.0,-0.021369,-0.043522
76.48,210.0,-0.026193,-0.048306
78.58,210.0,-0.031519,-0.053356
80.85,210.0,-0.037348,-0.059351
82.95,210.0,-0.044998,-0.066794
85.23,210.0,-0.053719,-0.075441
87.33,210.0,-0.063645,-0.085269
89.6,210.0,-0.074575,-0.095996
91.88,210.0,-0.087108,-0.108479
94.15,210.0,-0.101279,-0.122182
96.43,210.0,-0.115805,-0.136661
98.7,210.0,-0.131892,-0.152573
100.8,210.0,-0.149723,-0.170161
103.08,210.0,-0.170475,-0.190555
105.18,210.0,-0.192829,-0.212647
107.45,210.0,-0.216251,-0.235459
109.73,210.0,-0.23919,-0.258497
111.83,210.0,-0.261119,-0.279929
114.1,210.0,-0.279692,-0.298358
116.38,210.0,-0.295703,-0.314264
118.48,210.0,-0.307674,-0.326014
120.75,210.0,-0.315619,-0.333731
123.03,210.0,-0.317714,-0.335817
125.3,210.0,-0.315724,-0.333873
127.4,210.0,-0.307696,-0.325924
129.68,210.0,-0.292064,-0.310706
131.95,210.0,-0.270931,-0.289751
134.23,210.0,-0.243124,-0.262391
136.33,210.0,-0.209705,-0.229418
138.95,210.0,-0.163676,-0.184049
141.23,210.0,-0.121042,-0.141951
143.33,210.0,-0.072705,-0.093978
145.6,210.0,-0.024723,-0.046905
148.05,210.0,0.03276,0.009784
150.33,210.0,0.082322,0.058853
152.6,210.0,0.131244,0.107297
154.88,210.0,0.17418,0.149475
157.15,210.0,0.216595,0.191391
159.43,210.0,0.249386,0.223699
161.53,210.0,0.275861,0.249759
163.8,210.0,0.297232,0.270954
166.08,210.0,0.31262,0.286083
168.35,210.0,0.319817,0.293341
170.63,210.0,0.321702,0.295307
172.73,210.0,0.318437,0.29202
175.18,210.0,0.308794,0.282309
177.45,210.0,0.296573,0.270479
179.73,210.0,0.281539,0.255609
182.0,210.0,0.264426,0.238887
184.28,210.0,0.246915,0.221481
186.55,210.0,0.231749,0.206398
188.83,210.0,0.21556,0.190618
190.93,210.0,0.199047,0.174161
193.55,210.0,0.179377,0.154805
195.83,210.0,0.162667,0.138412
197.93,210.0,0.147137,0.122901
200.2,210.0,0.132504,0.108591
202.65,210.0,0.117334,0.093564
204.93,210.0,0.105064,0.081552
207.03,210.0,0.094525,0.070859
209.3,210.0,0.084765,0.061392
211.75,210.0,0.075862,0.052488
213.85,210.0,0.068835,0.045569
216.13,210.0,0.062507,0.039297
218.4,210.0,0.056629,0.033585
220.5,210.0,0.051373,0.028308
222.78,210.0,0.046768,0.023973
225.05,210.0,0.043009,0.020095
227.15,210.0,0.039241,0.016444
229.43,210.0,0.036244,0.013471
231.7,210.0,0.033745,0.010893
233.8,210.0,0.031567,0.008696
236.08,210.0,0.029146,0.00646
238.35,210.0,0.025631,0.002951
240.45,210.0,0.021281,-0.001446
242.73,210.0,0.016111,-0.006473
244.83,210.0,0.00979,-0.012616
247.1,210.0,0.003591,-0.018793
249.38,210.0,-0.003146,-0.025346
251.48,210.0,-0.009311,-0.031424
253.75,210.0,-0.015047,-0.037173
256.03,210.0,-0.020352,-0.042243
258.13,210.0,-0.02481,-0.046828
260.4,210.0,-0.029375,-0.051436
262.5,210.0,-0.033932,-0.055894
264.78,210.0,-0.039954,-0.061858
267.05,210.0,-0.047585,-0.069535
269.33,210.0,-0.057228,-0.078728
271.43,210.0,-0.067872,-0.089381
273.7,210.0,-0.079982,-0.101341
275.8,210.0,-0.093155,-0.114317
278.25,210.0,-0.108916,-0.129766
280.35,210.0,-0.124819,-0.145407
282.63,210.0,-0.141532,-0.161858
284.73,210.0,-0.159751,-0.180096
287.0,210.0,-0.179067,-0.199058
289.28,210.0,-0.199024,-0.218784
291.38,210.0,-0.218398,-0.23785
293.65,210.0,-0.236833,-0.256168
295.93,210.0,-0.254332,-0.273204
298.03,210.0,-0.271729,-0.290435
300.3,210.0,-0.289067,-0.307782
302.58,210.0,-0.304566,-0.322927
304.68,210.0,-0.318426,-0.336507
306.95,210.0,-0.329165,-0.347114
309.23,210.0,-0.337098,-0.355142
311.33,210.0,-0.340869,-0.358999
313.6,210.0,-0.339994,-0.357859
315.88,210.0,-0.333217,-0.351359
317.98,210.0,-0.320909,-0.339135
320.25,210.0,-0.301365,-0.319877
322.53,210.0,-0.275059,-0.293851
324.63,210.0,-0.24314,-0.262345
326.9,210.0,-0.206187,-0.225777
329.0,210.0,-0.162869,-0.183331
331.28,210.0,-0.118768,-0.13948
333.55,210.0,-0.070078,-0.09151
335.65,210.0,-0.020629,-0.04281
337.93,210.0,0.029306,0.006768
340.03,210.0,0.077023,0.053631
342.3,210.0,0.123687,0.099793
344.58,210.0,0.165936,0.141274
346.68,210.0,0.204297,0.17954
348.95,210.0,0.236046,0.210674
351.23,210.0,0.260726,0.23507
353.5,210.0,0.281089,0.254931
355.78,210.0,0.293344,0.267183
357.88,210.0,0.299848,0.273551
360.15,210.0,0.300433,0.274087
362.43,210.0,0.296092,0.269799
364.53,210.0,0.287072,0.260886
366.8,210.0,0.274229,0.248394
369.08,210.0,0.259019,0.233431
371.18,210.0,0.241585,0.216207
373.45,210.0,0.223526,0.198379
375.73,210.0,0.20364,0.178619
377.83,210.0,0.183927,0.159207
380.1,210.0,0.163905,0.139703
382.38,210.0,0.145227,0.121136
384.48,210.0,0.126965,0.103126
386.75,210.0,0.109669,0.08597
389.03,210.0,0.092387,0.068979
391.65,210.0,0.073579,0.050357
393.75,210.0,0.06043,0.03727
396.03,210.0,0.049519,0.026573
398.3,210.0,0.040495,0.017639
400.4,210.0,0.032849,0.010187
402.68,210.0,0.026934,0.004414
404.95,210.0,0.021577,-0.000817
407.05,210.0,0.01739,-0.005081
409.33,210.0,0.013299,-0.009277
411.6,210.0,0.009017,-0.013343
413.7,210.0,0.005079,-0.017348
415.98,210.0,0.000877,-0.021597
418.25,210.0,-0.00261,-0.025062
420.35,210.0,-0.004868,-0.027284
422.63,210.0,-0.006634,-0.028972
424.9,210.0,-0.007977,-0.030466
427.0,210.0,-0.010081,-0.032388
429.28,210.0,-0.012813,-0.035087
431.55,210.0,-0.016476,-0.038657
433.65,210.0,-0.020623,-0.042672
435.93,210.0,-0.024616,-0.046794
438.38,210.0,-0.029107,-0.050986
440.48,210.0,-0.033044,-0.054896
442.75,210.0,-0.036627,-0.058821
444.85,210.0,-0.042197,-0.063944
447.13,210.0,-0.049252,-0.070968
449.4,210.0,-0.058882,-0.080503
451.5,210.0,-0.070278,-0.091806
453.78,210.0,-0.082407,-0.103553
456.05,210.0,-0.095373,-0.116359
458.33,210.0,-0.108888,-0.129933
460.6,210.0,-0.12375,-0.144341
462.88,210.0,-0.139733,-0.160373
464.98,210.0,-0.158294,-0.178503
467.25,210.0,-0.179338,-0.19935
469.53,210.0,-0.203398,-0.223121
471.63,210.0,-0.229113,-0.248482
473.9,210.0,-0.257086,-0.275931
476.18,210.0,-0.289378,-0.307998
478.28,210.0,-0.324286,-0.342194
480.55,210.0,-0.361109,-0.378811
482.83,210.0,-0.400961,-0.417979
484.93,210.0,-0.440508,-0.457052
487.2,210.0,-0.47866,-0.494553
489.48,210.0,-0.516704,-0.532141
491.58,210.0,-0.550527,-0.565545
494.03,210.0,-0.583577,-0.598201
496.13,210.0,-0.609525,-0.623768
498.4,210.0,-0.627702,-0.64179
500.5,210.0,-0.637677,-0.651611
502.6,210.0,-0.637662,-0.651953
505.05,210.0,-0.626716,-0.640992
507.15,210.0,-0.604852,-0.619436
509.43,210.0,-0.570813,-0.585752
511.7,210.0,-0.52716,-0.542656
513.8,210.0,-0.474929,-0.491174
516.08,210.0,-0.416494,-0.433398
518.35,210.0,-0.351633,-0.369415
520.63,210.0,-0.283904,-0.302563
522.73,210.0,-0.216621,-0.236008
525.0,210.0,-0.149474,-0.169927
527.28,210.0,-0.08554,-0.1068
529.38,210.0,-0.028818,-0.051033
531.65,210.0,0.022202,-0.000367
533.93,210.0,0.064817,0.041737
536.03,210.0,0.100751,0.076999
538.3,210.0,0.127679,0.103545
540.58,210.0,0.146225,0.122039
542.85,210.0,0.156616,0.132337
544.95,210.0,0.15991,0.135591
547.23,210.0,0.15803,0.13364
549.5,210.0,0.150828,0.126441
551.6,210.0,0.139719,0.115711
553.88,210.0,0.125255,0.101358
556.15,210.0,0.108286,0.084586
558.25,210.0,0.08979,0.066308
560.53,210.0,0.070107,0.046771
562.8,210.0,0.050668,0.027556
565.08,210.0,0.031549,0.008644
567.18,210.0,0.012975,-0.009468
569.45,210.0,-0.00464,-0.026951
571.73,210.0,-0.019936,-0.042083
573.83,210.0,-0.033106,-0.055115
576.1,210.0,-0.044258,-0.066134
578.2,210.0,-0.05403,-0.075589
580.48,210.0,-0.063143,-0.08473
582.75,210.0,-0.072296,-0.093728
584.85,210.0,-0.081341,-0.102705
587.13,210.0,-0.09033,-0.111615
589.4,210.0,-0.098208,-0.119104
591.68,210.0,-0.106147,-0.127018
593.78,210.0,-0.112508,-0.13322
596.05,210.0,-0.118627,-0.139335
598.33,210.0,-0.123876,-0.144434
600.43,210.0,-0.128593,-0.149033
602.7,210.0,-0.132967,-0.153614
604.8,210.0,-0.136575,-0.157117
607.08,210.0,-0.139994,-0.160438
609.18,210.0,-0.143097,-0.163676
611.45,210.0,-0.145638,-0.16606
613.73,210.0,-0.147644,-0.168124
616.0,210.0,-0.148901,-0.169378
618.28,210.0,-0.150829,-0.171113
620.38,210.0,-0.153177,-0.17342
622.65,210.0,-0.156097,-0.176408
624.75,210.0,-0.160167,-0.180537
627.03,210.0,-0.165136,-0.185333
629.3,210.0,-0.171951,-0.191981
631.4,210.0,-0.179039,-0.199021
633.68,210.0,-0.187018,-0.206753
635.95,210.0,-0.194332,-0.213956
638.23,210.0,-0.201282,-0.220992
640.33,210.0,-0.208552,-0.228272
642.6,210.0,-0.215669,-0.235176
644.88,210.0,-0.222865,-0.242154
647.15,210.0,-0.229705,-0.249036
649.25,210.0,-0.236716,-0.255697
651.53,210.0,-0.243158,-0.262409
653.8,210.0,-0.249363,-0.268503
655.9,210.0,-0.254347,-0.27334
658.18,210.0,-0.258974,-0.278044
660.28,210.0,-0.262699,-0.281522
662.55,210.0,-0.263817,-0.282807
664.83,210.0,-0.262687,-0.281673
666.93,210.0,-0.255358,-0.274643
669.2,210.0,-0.243315,-0.262619
671.3,210.0,-0.228824,-0.248417
673.58,210.0,-0.216128,-0.235499
675.85,210.0,-0.205795,-0.22541
678.13,210.0,-0.197391,-0.217138
680.23,210.0,-0.18919,-0.20907
682.5,210.0,-0.180309,-0.200333
684.78,210.0,-0.168981,-0.18915
686.88,210.0,-0.154424,-0.174757
689.15,210.0,-0.137262,-0.157826
691.43,210.0,-0.117813,-0.138682
693.53,210.0,-0.096476,-0.117533
695.8,210.0,-0.074289,-0.095718
698.08,210.0,-0.052256,-0.07416
700.18,210.0,-0.030993,-0.052829
702.45,210.0,-0.008919,-0.031057
704.55,210.0,0.012698,-0.009976
706.83,210.0,0.033724,0.011034
709.1,210.0,0.054549,0.031376
711.2,210.0,0.074386,0.051034
11.55,245.0,-0.086396,-0.10769
13.83,245.0,-0.096418,-0.117631
16.1,245.0,-0.105681,-0.126544
18.38,245.0,-0.111205,-0.131988
20.48,245.0,-0.115592,-0.136516
22.75,245.0,-0.119628,-0.140373
25.03,245.0,-0.12359,-0.14431
27.13,245.0,-0.127404,-0.148155
29.4,245.0,-0.131325,-0.15204
31.68,245.0,-0.134338,-0.155102
33.78,245.0,-0.136113,-0.156636
36.23,245.0,-0.136196,-0.156744
38.5,245.0,-0.134853,-0.155598
40.6,245.0,-0.132813,-0.153617
42.88,245.0,-0.130931,-0.151609
45.15,245.0,-0.128365,-0.149021
47.43,245.0,-0.125111,-0.145706
49.7,245.0,-0.121017,-0.141944
51.98,245.0,-0.116824,-0.137505
54.25,245.0,-0.113124,-0.134015
56.53,245.0,-0.11172,-0.132591
58.63,245.0,-0.112083,-0.13289
60.9,245.0,-0.114129,-0.135074
63.0,245.0,-0.11736,-0.138272
65.28,245.0,-0.120299,-0.141153
67.55,245.0,-0.123294,-0.143999
69.65,245.0,-0.125706,-0.146538
71.93,245.0,-0.128189,-0.148781
74.2,245.0,-0.130703,-0.15139
76.3,245.0,-0.133389,-0.154132
78.58,245.0,-0.13619,-0.156935
80.85,245.0,-0.140395,-0.160595
83.13,245.0,-0.145435,-0.165758
85.23,245.0,-0.15123,-0.171439
87.5,245.0,-0.158278,-0.178512
89.6,245.0,-0.165087,-0.185167
91.88,245.0,-0.172092,-0.192252
94.15,245.0,-0.179948,-0.199948
96.25,245.0,-0.189548,-0.209338
98.53,245.0,-0.201325,-0.220912
100.8,245.0,-0.215678,-0.235315
102.9,245.0,-0.230435,-0.249695
105.18,245.0,-0.245512,-0.264594
107.28,245.0,-0.260989,-0.279828
109.55,245.0,-0.276581,-0.29517
111.65,245.0,-0.291972,-0.31057
113.93,245.0,-0.306667,-0.324982
116.38,245.0,-0.319748,-0.337936
118.65,245.0,-0.328928,-0.34696
120.93,245.0,-0.333894,-0.351732
123.03,245.0,-0.33464,-0.352594
125.3,245.0,-0.33025,-0.348257
127.58,245.0,-0.320056,-0.338309
129.85,245.0,-0.302924,-0.321192
132.13,245.0,-0.278041,-0.296753
134.23,245.0,-0.247637,-0.266815
136.5,245.0,-0.211113,-0.230697
138.78,245.0,-0.167317,-0.187567
140.88,245.0,-0.122524,-0.143238
143.15,245.0,-0.074973,-0.096322
145.25,245.0,-0.028503,-0.050768
147.53,245.0,0.017587,-0.005253
149.8,245.0,0.059947,0.036838
151.9,245.0,0.101299,0.077759
154.18,245.0,0.138902,0.114873
156.45,245.0,0.173798,0.149081
158.55,245.0,0.204682,0.179857
160.83,245.0,0.229962,0.204725
163.1,245.0,0.250655,0.224993
165.38,245.0,0.26673,0.240855
167.48,245.0,0.27824,0.252051
169.75,245.0,0.284065,0.258077
171.85,245.0,0.284318,0.258277
174.13,245.0,0.279534,0.253539
176.4,245.0,0.270701,0.244956
178.68,245.0,0.258483,0.232907
180.78,245.0,0.244515,0.219047
183.05,245.0,0.229029,0.203739
185.33,245.0,0.212263,0.1873
187.43,245.0,0.194407,0.169558
189.7,245.0,0.175464,0.150911
191.98,245.0,0.156247,0.131983
194.08,245.0,0.137457,0.113471
196.35,245.0,0.118326,0.09479
198.63,245.0,0.099682,0.076133
200.9,245.0,0.082473,0.058939
203.0,245.0,0.067279,0.043986
205.28,245.0,0.053638,0.030578
207.38,245.0,0.041481,0.018585
209.65,245.0,0.030646,0.008114
211.75,245.0,0.021031,-0.001504
214.03,245.0,0.012448,-0.009868
216.3,245.0,0.004781,-0.017598
218.4,245.0,-0.002758,-0.025435
220.68,245.0,-0.009844,-0.032151
222.95,245.0,-0.016507,-0.038664
225.05,245.0,-0.021553,-0.043661
227.33,245.0,-0.025771,-0.047767
229.6,245.0,-0.029015,-0.050934
231.88,245.0,-0.031359,-0.05338
233.98,245.0,-0.033146,-0.055284
236.25,245.0,-0.034443,-0.056338
238.53,245.0,-0.035928,-0.057992
240.63,245.0,-0.037342,-0.059058
242.9,245.0,-0.039314,-0.061023
245.18,245.0,-0.042441,-0.06424
247.45,245.0,-0.046741,-0.068448
249.55,245.0,-0.05184,-0.073642
251.83,245.0,-0.057601,-0.079049
253.93,245.0,-0.062893,-0.084153
256.38,245.0,-0.069126,-0.090586
258.48,245.0,-0.074249,-0.095798
260.75,245.0,-0.081094,-0.102363
263.03,245.0,-0.088303,-0.109739
265.13,245.0,-0.096713,-0.117863
267.4,245.0,-0.105444,-0.126316
269.5,245.0,-0.114652,-0.135429
271.78,245.0,-0.125204,-0.145863
274.05,245.0,-0.136794,-0.157166
276.15,245.0,-0.149615,-0.170114
278.43,245.0,-0.163479,-0.183753
280.53,245.0,-0.178377,-0.198263
282.8,245.0,-0.194104,-0.213851
285.08,245.0,-0.210272,-0.22972
287.18,245.0,-0.226066,-0.245336
289.45,245.0,-0.242471,-0.261775
291.73,245.0,-0.260312,-0.279104
293.83,245.0,-0.278287,-0.297064
296.1,245.0,-0.296944,-0.315398
298.38,245.0,-0.315339,-0.333395
300.65,245.0,-0.332089,-0.350182
302.93,245.0,-0.348195,-0.365931
305.2,245.0,-0.360703,-0.378352
307.48,245.0,-0.370244,-0.387825
309.58,245.0,-0.376075,-0.393561
311.68,245.0,-0.377683,-0.395382
314.13,245.0,-0.374584,-0.392114
316.23,245.0,-0.366661,-0.384138
318.5,245.0,-0.353626,-0.371282
320.95,245.0,-0.331692,-0.349735
323.23,245.0,-0.306193,-0.324689
325.5,245.0,-0.273753,-0.292548
327.6,245.0,-0.237283,-0.25667
329.88,245.0,-0.195783,-0.215848
332.15,245.0,-0.150851,-0.171307
334.43,245.0,-0.104061,-0.125253
336.53,245.0,-0.055919,-0.077511
338.8,245.0,-0.006855,-0.029283
341.08,245.0,0.040948,0.017926
343.18,245.0,0.08519,0.061687
345.45,245.0,0.125557,0.101361
347.55,245.0,0.159275,0.134762
349.83,245.0,0.187713,0.162975
352.1,245.0,0.209965,0.184996
354.2,245.0,0.224746,0.199383
356.48,245.0,0.233372,0.207916
358.75,245.0,0.235513,0.209996
360.85,245.0,0.232075,0.206835
363.13,245.0,0.22426,0.199059
365.4,245.0,0.212624,0.187639
367.5,245.0,0.19872,0.173893
369.78,245.0,0.183989,0.159337
372.05,245.0,0.169155,0.144318
374.33,245.0,0.154411,0.129873
376.43,245.0,0.139451,0.115239
378.7,245.0,0.124589,0.100692
380.98,245.0,0.109435,0.085544
383.08,245.0,0.093714,0.070122
385.35,245.0,0.07763,0.054186
387.63,245.0,0.062079,0.038841
389.9,245.0,0.047103,0.024118
392.0,245.0,0.032981,0.010504
394.28,245.0,0.019904,-0.002672
396.55,245.0,0.008092,-0.014341
398.65,245.0,-0.002123,-0.024452
400.93,245.0,-0.010281,-0.032521
403.2,245.0,-0.017333,-0.039249
405.3,245.0,-0.022832,-0.044754
407.58,245.0,-0.027857,-0.049862
409.85,245.0,-0.033091,-0.055038
411.95,245.0,-0.038291,-0.060127
414.23,245.0,-0.044896,-0.066812
416.33,245.0,-0.052231,-0.073861
418.6,245.0,-0.059689,-0.081381
420.88,245.0,-0.068035,-0.0894
422.98,245.0,-0.075586,-0.097043
425.25,245.0,-0.083035,-0.104347
427.53,245.0,-0.089363,-0.110469
429.63,245.0,-0.095694,-0.11696
431.9,245.0,-0.101741,-0.122622
434.18,245.0,-0.108103,-0.128962
436.45,245.0,-0.113944,-0.134816
438.55,245.0,-0.120047,-0.140915
440.83,245.0,-0.125185,-0.146085
442.93,245.0,-0.129788,-0.150161
445.2,245.0,-0.134042,-0.154557
447.48,245.0,-0.139557,-0.16005
449.58,245.0,-0.147678,-0.168248
451.85,245.0,-0.157249,-0.177505
454.13,245.0,-0.168263,-0.188466
456.23,245.0,-0.181042,-0.201069
458.5,245.0,-0.195561,-0.215413
460.78,245.0,-0.211901,-0.231479
463.05,245.0,-0.229042,-0.248371
465.33,245.0,-0.248133,-0.267277
467.43,245.0,-0.269572,-0.288167
469.53,245.0,-0.294273,-0.312887
471.98,245.0,-0.321818,-0.339895
474.08,245.0,-0.35041,-0.368201
476.35,245.0,-0.382138,-0.399535
478.45,245.0,-0.416266,-0.432991
480.73,245.0,-0.450681,-0.467194
483.0,245.0,-0.486759,-0.502739
485.28,245.0,-0.523534,-0.539094
487.55,245.0,-0.559285,-0.574433
489.65,245.0,-0.59426,-0.608691
491.93,245.0,-0.624541,-0.638564
494.03,245.0,-0.650154,-0.664131
496.3,245.0,-0.670068,-0.683438
498.58,245.0,-0.681488,-0.694729
500.68,245.0,-0.683718,-0.69687
502.95,245.0,-0.675604,-0.689072
505.23,245.0,-0.657859,-0.671636
507.33,245.0,-0.629957,-0.644119
509.6,245.0,-0.592424,-0.607119
511.88,245.0,-0.545222,-0.560499
513.98,245.0,-0.491417,-0.507551
516.25,245.0,-0.430394,-0.447169
518.53,245.0,-0.364988,-0.382717
520.8,245.0,-0.298195,-0.317015
523.08,245.0,-0.232637,-0.252074
525.18,245.0,-0.16826,-0.188497
527.45,245.0,-0.108359,-0.129347
529.55,245.0,-0.053759,-0.075731
531.83,245.0,-0.004665,-0.027123
534.1,245.0,0.036737,0.013906
536.2,245.0,0.068761,0.045172
538.48,245.0,0.094281,0.070594
540.75,245.0,0.111632,0.088015
543.03,245.0,0.121401,0.097559
545.3,245.0,0.124309,0.100418
547.4,245.0,0.121016,0.097125
549.68,245.0,0.112504,0.088822
551.95,245.0,0.099528,0.075976
554.05,245.0,0.083169,0.05975
556.33,245.0,0.064281,0.041124
558.6,245.0,0.04474,0.021946
560.7,245.0,0.025092,0.002442
562.98,245.0,0.004448,-0.018048
565.08,245.0,-0.016091,-0.038232
567.35,245.0,-0.035284,-0.05721
569.63,245.0,-0.053605,-0.075198
571.73,245.0,-0.070383,-0.091815
574.0,245.0,-0.08546,-0.106713
576.1,245.0,-0.099166,-0.120503
578.38,245.0,-0.112148,-0.133066
580.65,245.0,-0.124076,-0.144865
582.75,245.0,-0.135022,-0.155755
585.03,245.0,-0.144748,-0.165232
587.13,245.0,-0.154052,-0.174126
589.4,245.0,-0.161769,-0.18196
591.68,245.0,-0.167989,-0.18818
593.95,245.0,-0.172385,-0.192597
596.05,245.0,-0.175093,-0.195339
598.33,245.0,-0.177567,-0.197619
600.43,245.0,-0.179905,-0.199908
602.7,245.0,-0.182554,-0.202459
604.98,245.0,-0.185453,-0.205456
607.08,245.0,-0.188325,-0.208075
609.35,245.0,-0.191448,-0.211297
611.63,245.0,-0.194403,-0.214055
613.73,245.0,-0.197163,-0.217037
616.0,245.0,-0.200262,-0.219776
618.1,245.0,-0.203534,-0.223155
620.38,245.0,-0.207249,-0.226981
622.65,245.0,-0.211378,-0.23082
624.75,245.0,-0.215195,-0.234834
627.03,245.0,-0.219662,-0.239138
629.3,245.0,-0.224443,-0.243947
631.58,245.0,-0.228614,-0.248109
633.85,245.0,-0.233217,-0.252591
635.95,245.0,-0.237952,-0.257252
638.23,245.0,-0.242462,-0.261682
640.33,245.0,-0.247536,-0.266559
642.43,245.0,-0.252108,-0.271254
644.88,245.0,-0.257111,-0.276177
646.98,245.0,-0.262249,-0.281266
649.25,245.0,-0.267397,-0.286091
651.53,245.0,-0.273395,-0.292188
653.63,245.0,-0.279295,-0.29817
655.9,245.0,-0.286128,-0.304631
658.18,245.0,-0.292108,-0.310598
660.28,245.0,-0.298543,-0.31696
662.55,245.0,-0.304587,-0.322945
664.83,245.0,-0.311091,-0.329307
667.1,245.0,-0.316544,-0.334809
669.2,245.0,-0.321211,-0.339507
671.48,245.0,-0.324655,-0.342754
673.58,245.0,-0.326171,-0.344507
675.85,245.0,-0.325949,-0.343965
678.13,245.0,-0.322437,-0.340592
680.23,245.0,-0.314489,-0.332671
682.5,245.0,-0.300188,-0.318713
684.78,245.0,-0.282958,-0.301473
686.88,245.0,-0.267265,-0.286057
689.15,245.0,-0.254757,-0.273888
691.43,245.0,-0.245013,-0.264246
693.53,245.0,-0.236553,-0.255918
695.8,245.0,-0.227391,-0.246864
698.08,245.0,-0.217095,-0.236528
700.18,245.0,-0.203811,-0.223426
702.45,245.0,-0.188294,-0.207995
704.73,245.0,-0.170228,-0.19053
707.0,245.0,-0.151328,-0.171726
709.28,245.0,-0.131911,-0.15253
711.38,245.0,-0.111396,-0.132311
11.2,280.0,-0.406781,-0.423829
13.48,280.0,-0.436063,-0.452686
15.75,280.0,-0.465025,-0.4813
17.85,280.0,-0.490049,-0.505933
20.13,280.0,-0.510431,-0.526183
22.4,280.0,-0.526525,-0.541885
24.68,280.0,-0.536796,-0.552058
26.78,280.0,-0.543133,-0.558592
29.05,280.0,-0.545357,-0.560613
31.33,280.0,-0.543882,-0.559134
33.6,280.0,-0.539507,-0.55468
35.7,280.0,-0.533022,-0.548312
37.98,280.0,-0.524895,-0.540129
40.08,280.0,-0.515579,-0.531201
42.35,280.0,-0.504991,-0.520672
44.45,280.0,-0.49301,-0.509002
46.73,280.0,-0.481124,-0.4972
49.0,280.0,-0.469196,-0.485444
51.28,280.0,-0.457326,-0.473762
53.38,280.0,-0.445487,-0.462234
55.65,280.0,-0.433694,-0.450283
57.93,280.0,-0.422067,-0.43898
60.03,280.0,-0.409778,-0.426901
62.3,280.0,-0.397215,-0.414335
64.58,280.0,-0.384218,-0.40151
66.85,280.0,-0.371855,-0.389443
68.95,280.0,-0.36053,-0.378112
71.23,280.0,-0.350487,-0.368272
73.5,280.0,-0.342095,-0.360059
75.6,280.0,-0.33626,-0.354144
77.88,280.0,-0.331673,-0.349806
79.98,280.0,-0.32862,-0.346685
82.25,280.0,-0.326732,-0.344908
84.35,280.0,-0.325201,-0.343346
86.63,280.0,-0.324501,-0.34252
88.73,280.0,-0.325875,-0.344172
91.0,280.0,-0.329255,-0.347406
93.28,280.0,-0.334782,-0.352754
95.55,280.0,-0.341781,-0.359504
97.65,280.0,-0.350641,-0.368481
99.93,280.0,-0.360715,-0.378309
102.2,280.0,-0.371553,-0.389128
104.3,280.0,-0.382896,-0.400093
106.58,280.0,-0.394387,-0.411454
108.85,280.0,-0.405151,-0.422329
111.13,280.0,-0.413919,-0.430767
113.23,280.0,-0.419116,-0.435974
115.5,280.0,-0.421294,-0.438349
117.6,280.0,-0.420789,-0.437637
119.88,280.0,-0.417437,-0.434464
122.15,280.0,-0.409766,-0.426716
124.25,280.0,-0.398025,-0.41541
126.53,280.0,-0.382135,-0.399581
128.8,280.0,-0.362465,-0.380244
130.9,280.0,-0.338645,-0.356562
133.18,280.0,-0.310065,-0.328454
135.45,280.0,-0.275456,-0.294242
137.55,280.0,-0.239045,-0.258414
139.83,280.0,-0.199769,-0.219471
142.1,280.0,-0.157388,-0.177773
144.2,280.0,-0.115028,-0.136039
146.48,280.0,-0.071085,-0.092422
148.75,280.0,-0.028029,-0.050035
151.03,280.0,0.015141,-0.007425
153.13,280.0,0.053785,0.03068
155.4,280.0,0.089931,0.066296
157.5,280.0,0.122162,0.098166
159.78,280.0,0.148422,0.123998
161.88,280.0,0.168801,0.144355
163.98,280.0,0.184186,0.159358
166.43,280.0,0.192688,0.168027
168.7,280.0,0.195923,0.171299
170.8,280.0,0.195193,0.170412
173.08,280.0,0.192331,0.167618
175.18,280.0,0.187417,0.162553
177.45,280.0,0.178862,0.154266
179.73,280.0,0.165483,0.141099
182.0,280.0,0.148111,0.123751
184.1,280.0,0.128126,0.104318
186.38,280.0,0.106062,0.082304
188.48,280.0,0.082978,0.059657
190.75,280.0,0.060982,0.038006
192.68,280.0,0.040434,0.017815
195.13,280.0,0.020637,-0.001831
197.4,280.0,0.002082,-0.020145
199.68,280.0,-0.015792,-0.038078
201.78,280.0,-0.032447,-0.054523
204.05,280.0,-0.047629,-0.069498
206.33,280.0,-0.061646,-0.083386
208.43,280.0,-0.074579,-0.095894
210.7,280.0,-0.085968,-0.107129
212.98,280.0,-0.096526,-0.11773
215.25,280.0,-0.10553,-0.126556
217.35,280.0,-0.11204,-0.133007
219.63,280.0,-0.115755,-0.136411
221.73,280.0,-0.115783,-0.136747
224.0,280.0,-0.113774,-0.134754
226.1,280.0,-0.112213,-0.133017
228.38,280.0,-0.112524,-0.133263
230.48,280.0,-0.114997,-0.135894
232.75,280.0,-0.119418,-0.140188
235.03,280.0,-0.124976,-0.145558
237.3,280.0,-0.131716,-0.1524
239.4,280.0,-0.138811,-0.159169
241.68,280.0,-0.146356,-0.166707
243.78,280.0,-0.153229,-0.173512
246.05,280.0,-0.1594,-0.179618
248.33,280.0,-0.163395,-0.183651
250.43,280.0,-0.166344,-0.186602
252.7,280.0,-0.168164,-0.188229
254.98,280.0,-0.169699,-0.189689
257.08,280.0,-0.171812,-0.191944
259.35,280.0,-0.174859,-0.194991
261.45,280.0,-0.17952,-0.199671
263.73,280.0,-0.185493,-0.205373
266.0,280.0,-0.192884,-0.212721
268.1,280.0,-0.20196,-0.221849
270.38,280.0,-0.212724,-0.232178
272.65,280.0,-0.222619,-0.241901
274.75,280.0,-0.231987,-0.25139
277.03,280.0,-0.241744,-0.261072
279.3,280.0,-0.251738,-0.270752
281.4,280.0,-0.262619,-0.281658
283.68,280.0,-0.274501,-0.293167
285.78,280.0,-0.286957,-0.30562
288.05,280.0,-0.301109,-0.319403
290.15,280.0,-0.316491,-0.334877
292.43,280.0,-0.332243,-0.350305
294.7,280.0,-0.348531,-0.366359
296.8,280.0,-0.36439,-0.381802
299.08,280.0,-0.380438,-0.39777
301.18,280.0,-0.396494,-0.413743
303.45,280.0,-0.411624,-0.428811
305.73,280.0,-0.424938,-0.441614
308.0,280.0,-0.435228,-0.45175
310.1,280.0,-0.442523,-0.459027
312.38,280.0,-0.445237,-0.461848
314.65,280.0,-0.44345,-0.459932
316.93,280.0,-0.43647,-0.453001
319.03,280.0,-0.424593,-0.44142
321.3,280.0,-0.406827,-0.424168
323.58,280.0,-0.382603,-0.400043
325.68,280.0,-0.353056,-0.371063
327.95,280.0,-0.318716,-0.337163
330.23,280.0,-0.279301,-0.298124
332.5,280.0,-0.238072,-0.257397
334.6,280.0,-0.194846,-0.214788
336.88,280.0,-0.151316,-0.171756
338.98,280.0,-0.109569,-0.13054
341.25,280.0,-0.068941,-0.090256
343.53,280.0,-0.032034,-0.053861
345.63,280.0,0.002458,-0.020044
347.9,280.0,0.031737,0.008832
350.18,280.0,0.055243,0.031851
352.28,280.0,0.072088,0.04861
354.55,280.0,0.082849,0.059328
356.83,280.0,0.087288,0.063878
358.93,280.0,0.085914,0.062356
361.2,280.0,0.079867,0.05662
363.48,280.0,0.069488,0.046025
365.58,280.0,0.055939,0.032809
367.85,280.0,0.039682,0.016885
370.13,280.0,0.020726,-0.00184
372.23,280.0,0.001081,-0.021224
374.5,280.0,-0.019985,-0.042074
376.6,280.0,-0.040395,-0.062259
378.88,280.0,-0.060035,-0.081701
381.15,280.0,-0.078929,-0.100395
383.25,280.0,-0.096904,-0.117804
385.53,280.0,-0.113266,-0.134123
387.63,280.0,-0.128432,-0.1492
390.08,280.0,-0.143368,-0.16383
392.35,280.0,-0.156726,-0.17692
394.45,280.0,-0.169144,-0.189175
396.73,280.0,-0.180496,-0.200694
399.0,280.0,-0.191276,-0.21114
401.28,280.0,-0.200213,-0.22005
403.38,280.0,-0.208232,-0.227881
405.65,280.0,-0.215272,-0.234705
407.93,280.0,-0.22216,-0.241655
410.03,280.0,-0.228543,-0.248109
412.3,280.0,-0.235623,-0.254748
414.4,280.0,-0.242382,-0.261719
416.68,280.0,-0.249363,-0.268417
418.78,280.0,-0.255333,-0.274474
421.05,280.0,-0.261254,-0.280173
423.33,280.0,-0.266374,-0.285056
425.6,280.0,-0.271193,-0.29009
427.7,280.0,-0.275299,-0.294116
429.98,280.0,-0.278694,-0.297397
432.25,280.0,-0.282397,-0.301038
434.35,280.0,-0.285968,-0.30447
436.63,280.0,-0.289742,-0.308321
438.9,280.0,-0.294165,-0.312585
441.0,280.0,-0.298953,-0.317271
443.28,280.0,-0.304042,-0.322644
445.55,280.0,-0.311122,-0.329313
447.83,280.0,-0.318706,-0.336864
449.93,280.0,-0.327499,-0.345712
452.2,280.0,-0.337234,-0.355293
454.48,280.0,-0.349101,-0.366799
456.75,280.0,-0.361574,-0.379338
458.85,280.0,-0.375265,-0.392662
461.13,280.0,-0.390281,-0.407674
463.4,280.0,-0.406048,-0.423349
465.5,280.0,-0.422412,-0.439196
467.78,280.0,-0.439489,-0.455977
470.05,280.0,-0.457819,-0.474088
472.15,280.0,-0.478678,-0.49468
474.43,280.0,-0.502498,-0.518195
476.53,280.0,-0.527779,-0.543164
478.8,280.0,-0.554827,-0.570071
481.08,280.0,-0.584689,-0.599239
483.18,280.0,-0.614248,-0.628577
485.45,280.0,-0.642467,-0.656186
487.73,280.0,-0.669146,-0.682692
489.83,280.0,-0.692698,-0.70597
492.1,280.0,-0.71134,-0.724467
494.38,280.0,-0.723613,-0.736586
496.48,280.0,-0.728906,-0.741814
498.75,280.0,-0.727175,-0.740034
501.2,280.0,-0.715927,-0.728644
503.48,280.0,-0.69654,-0.709713
505.58,280.0,-0.668832,-0.682409
507.85,280.0,-0.63293,-0.647101
510.13,280.0,-0.588786,-0.603623
512.23,280.0,-0.538115,-0.553327
514.5,280.0,-0.483013,-0.499319
516.78,280.0,-0.424523,-0.44154
519.05,280.0,-0.362536,-0.38024
521.15,280.0,-0.301313,-0.319819
523.43,280.0,-0.242462,-0.26159
525.7,280.0,-0.185962,-0.206085
527.8,280.0,-0.135367,-0.156341
530.08,280.0,-0.089489,-0.110916
532.35,280.0,-0.049998,-0.072089
534.45,280.0,-0.019711,-0.041917
536.73,280.0,0.004469,-0.01826
539.0,280.0,0.019408,-0.003174
541.1,280.0,0.0267,0.004023
543.38,280.0,0.025859,0.003225
545.48,280.0,0.017991,-0.004696
547.58,280.0,0.004053,-0.018371
550.03,280.0,-0.015392,-0.037404
552.13,280.0,-0.037595,-0.059689
554.4,280.0,-0.062527,-0.083929
556.68,280.0,-0.089495,-0.11045
558.78,280.0,-0.118417,-0.138996
561.05,280.0,-0.146125,-0.166553
563.33,280.0,-0.174086,-0.194193
565.43,280.0,-0.201732,-0.221291
567.7,280.0,-0.227551,-0.246803
569.8,280.0,-0.251103,-0.270031
572.08,280.0,-0.273226,-0.292043
574.35,280.0,-0.293398,-0.311889
576.45,280.0,-0.311756,-0.330013
578.73,280.0,-0.327539,-0.34565
581.0,280.0,-0.34147,-0.359301
583.1,280.0,-0.353343,-0.371159
585.38,280.0,-0.364329,-0.381784
587.48,280.0,-0.373814,-0.3913
589.75,280.0,-0.382394,-0.399723
592.03,280.0,-0.390468,-0.407785
594.3,280.0,-0.397409,-0.414378
596.4,280.0,-0.403549,-0.420616
598.68,280.0,-0.408571,-0.425659
600.78,280.0,-0.413407,-0.430293
603.05,280.0,-0.417646,-0.43439
605.33,280.0,-0.421239,-0.438102
607.43,280.0,-0.424843,-0.441728
609.7,280.0,-0.428398,-0.445059
611.8,280.0,-0.43143,-0.448121
614.08,280.0,-0.434763,-0.451624
616.18,280.0,-0.438093,-0.45467
618.45,280.0,-0.441023,-0.457745
620.73,280.0,-0.443913,-0.460662
622.65,280.0,-0.447637,-0.464125
625.1,280.0,-0.451359,-0.467819
627.38,280.0,-0.454849,-0.471248
629.48,280.0,-0.457418,-0.473876
631.58,280.0,-0.459643,-0.476069
634.03,280.0,-0.461297,-0.477622
636.13,280.0,-0.462733,-0.479045
638.4,280.0,-0.463537,-0.479868
640.68,280.0,-0.464384,-0.48073
642.78,280.0,-0.464714,-0.480841
645.05,280.0,-0.465074,-0.481263
647.33,280.0,-0.465237,-0.481254
649.43,280.0,-0.46476,-0.481057
651.7,280.0,-0.46354,-0.4796
653.98,280.0,-0.461719,-0.477961
656.08,280.0,-0.459248,-0.475573
658.35,280.0,-0.456223,-0.472646
660.63,280.0,-0.452428,-0.468996
662.9,280.0,-0.44768,-0.464295
665.18,280.0,-0.442147,-0.458882
667.28,280.0,-0.435093,-0.451722
669.55,280.0,-0.426078,-0.442871
671.83,280.0,-0.413993,-0.430934
673.93,280.0,-0.397366,-0.414523
676.2,280.0,-0.374655,-0.392258
678.48,280.0,-0.347979,-0.365912
680.75,280.0,-0.323093,-0.341365
682.85,280.0,-0.302206,-0.320764
685.13,280.0,-0.287557,-0.306202
687.4,280.0,-0.279067,-0.297619
689.5,280.0,-0.275894,-0.294705
691.78,280.0,-0.275891,-0.294649
693.88,280.0,-0.276923,-0.295801
696.15,280.0,-0.278864,-0.297588
698.43,280.0,-0.280416,-0.299073
700.53,280.0,-0.281146,-0.29996
702.8,280.0,-0.280835,-0.299557
705.08,280.0,-0.279803,-0.29858
707.18,280.0,-0.278087,-0.296571
709.45,280.0,-0.275943,-0.294615
11.38,315.0,-0.64243,-0.65621
13.65,315.0,-0.626146,-0.640283
15.93,315.0,-0.606821,-0.621118
18.2,315.0,-0.587307,-0.602104
20.3,315.0,-0.568512,-0.583561
22.58,315.0,-0.551519,-0.566824
24.85,315.0,-0.536325,-0.551596
26.95,315.0,-0.523207,-0.538654
29.23,315.0,-0.51228,-0.52813
31.5,315.0,-0.503041,-0.518897
33.78,315.0,-0.495031,-0.510749
35.88,315.0,-0.488016,-0.503894
38.15,315.0,-0.481805,-0.498007
40.25,315.0,-0.475897,-0.49203
42.53,315.0,-0.469535,-0.48581
44.8,315.0,-0.463484,-0.479732
46.9,315.0,-0.456852,-0.473303
49.18,315.0,-0.451023,-0.467471
51.45,315.0,-0.44464,-0.461211
53.55,315.0,-0.438897,-0.455524
55.83,315.0,-0.432936,-0.449686
58.1,315.0,-0.427862,-0.444516
60.2,315.0,-0.422727,-0.439627
62.48,315.0,-0.417699,-0.43468
64.75,315.0,-0.411217,-0.428296
67.03,315.0,-0.404858,-0.421922
69.13,315.0,-0.398112,-0.415314
71.4,315.0,-0.392114,-0.409362
73.68,315.0,-0.385736,-0.403155
75.95,315.0,-0.379723,-0.396907
78.05,315.0,-0.374021,-0.391645
80.33,315.0,-0.36866,-0.386195
82.43,315.0,-0.364923,-0.382184
84.7,315.0,-0.36195,-0.379553
86.8,315.0,-0.360555,-0.378223
89.08,315.0,-0.359902,-0.377606
91.35,315.0,-0.359951,-0.377631
93.63,315.0,-0.35951,-0.377184
95.73,315.0,-0.359107,-0.376796
98.0,315.0,-0.358962,-0.37671
100.28,315.0,-0.358826,-0.376374
102.38,315.0,-0.35878,-0.37659
104.83,315.0,-0.358426,-0.376078
106.93,315.0,-0.357976,-0.37561
109.2,315.0,-0.357452,-0.374997
111.48,315.0,-0.356097,-0.373577
113.58,315.0,-0.353589,-0.371513
115.85,315.0,-0.351054,-0.368836
118.13,315.0,-0.347277,-0.364852
120.23,315.0,-0.341621,-0.359406
122.5,315.0,-0.334547,-0.352647
124.78,315.0,-0.325786,-0.343842
126.88,315.0,-0.314763,-0.333069
129.15,315.0,-0.301427,-0.319686
131.43,315.0,-0.284575,-0.303269
133.53,315.0,-0.264446,-0.283115
135.8,315.0,-0.24135,-0.26065
138.08,315.0,-0.215102,-0.234742
140.18,315.0,-0.184837,-0.204933
142.45,315.0,-0.152943,-0.173251
144.55,315.0,-0.120524,-0.141273
146.83,315.0,-0.085808,-0.107111
149.1,315.0,-0.051449,-0.073248
151.2,315.0,-0.018827,-0.041045
153.48,315.0,0.012171,-0.010447
155.75,315.0,0.038979,0.016105
157.85,315.0,0.06169,0.038471
160.13,315.0,0.080729,0.057282
162.23,315.0,0.094765,0.071059
164.5,315.0,0.103021,0.079512
166.78,315.0,0.106318,0.082587
169.05,315.0,0.104482,0.080816
171.15,315.0,0.09889,0.075184
173.43,315.0,0.090686,0.067162
175.53,315.0,0.079993,0.056577
177.8,315.0,0.068231,0.045119
179.9,315.0,0.0556,0.032565
182.18,315.0,0.042405,0.019697
184.45,315.0,0.028185,0.005612
186.73,315.0,0.013752,-0.008738
188.83,315.0,-0.000537,-0.022724
191.1,315.0,-0.014677,-0.036797
193.2,315.0,-0.028978,-0.050876
195.48,315.0,-0.042536,-0.064372
197.75,315.0,-0.056076,-0.07745
199.85,315.0,-0.068836,-0.090213
202.13,315.0,-0.081063,-0.102459
204.23,315.0,-0.09233,-0.113716
206.5,315.0,-0.102123,-0.123192
208.78,315.0,-0.11062,-0.131584
211.05,315.0,-0.117354,-0.138171
213.15,315.0,-0.122653,-0.143337
215.43,315.0,-0.126997,-0.147588
217.7,315.0,-0.131827,-0.152484
219.8,315.0,-0.13684,-0.157089
222.08,315.0,-0.142129,-0.162496
224.53,315.0,-0.147792,-0.168238
226.63,315.0,-0.152949,-0.173325
228.9,315.0,-0.158244,-0.178648
231.0,315.0,-0.162444,-0.182798
233.28,315.0,-0.166193,-0.186461
235.38,315.0,-0.168796,-0.189227
237.65,315.0,-0.170087,-0.190333
239.93,315.0,-0.170555,-0.190626
242.2,315.0,-0.171076,-0.191011
244.3,315.0,-0.172693,-0.192918
246.58,315.0,-0.175278,-0.195293
248.85,315.0,-0.178762,-0.198864
250.95,315.0,-0.182034,-0.201984
253.23,315.0,-0.185068,-0.205216
255.33,315.0,-0.187514,-0.207493
257.6,315.0,-0.190398,-0.210136
259.7,315.0,-0.193035,-0.212909
261.98,315.0,-0.196094,-0.216137
264.25,315.0,-0.199757,-0.219421
266.53,315.0,-0.203488,-0.223127
268.63,315.0,-0.208368,-0.227881
270.73,315.0,-0.21371,-0.233201
273.18,315.0,-0.219788,-0.239212
275.45,315.0,-0.226405,-0.245669
277.55,315.0,-0.233629,-0.253041
279.65,315.0,-0.241769,-0.261106
282.1,315.0,-0.251091,-0.270003
284.38,315.0,-0.260459,-0.279366
286.48,315.0,-0.270937,-0.289612
288.75,315.0,-0.282881,-0.301485
290.85,315.0,-0.29614,-0.31431
293.13,315.0,-0.309372,-0.327699
295.4,315.0,-0.322779,-0.340887
297.5,315.0,-0.336245,-0.354298
299.78,315.0,-0.350293,-0.367985
301.88,315.0,-0.364375,-0.382061
304.15,315.0,-0.377973,-0.39537
306.43,315.0,-0.39009,-0.407274
308.53,315.0,-0.400197,-0.417311
310.8,315.0,-0.407264,-0.424375
312.9,315.0,-0.411491,-0.428558
315.18,315.0,-0.411916,-0.428971
317.45,315.0,-0.408401,-0.425493
319.55,315.0,-0.400687,-0.417785
321.83,315.0,-0.388484,-0.405733
324.1,315.0,-0.371938,-0.389535
326.38,315.0,-0.351236,-0.368977
328.65,315.0,-0.328146,-0.346174
330.75,315.0,-0.302144,-0.320804
333.03,315.0,-0.274172,-0.29313
335.3,315.0,-0.245986,-0.265231
337.4,315.0,-0.218278,-0.237659
339.68,315.0,-0.19054,-0.210401
341.78,315.0,-0.165118,-0.185222
344.05,315.0,-0.143069,-0.163663
346.15,315.0,-0.124015,-0.144766
348.43,315.0,-0.107807,-0.128827
350.7,315.0,-0.095053,-0.116202
352.8,315.0,-0.086424,-0.107736
355.08,315.0,-0.082345,-0.103636
357.35,315.0,-0.081704,-0.10301
359.45,315.0,-0.084455,-0.10578
361.73,315.0,-0.091113,-0.11216
364.0,315.0,-0.100937,-0.122135
366.1,315.0,-0.113993,-0.134751
368.38,315.0,-0.129391,-0.150037
370.65,315.0,-0.146492,-0.166784
372.75,315.0,-0.164797,-0.18489
375.03,315.0,-0.184994,-0.204939
377.3,315.0,-0.205734,-0.225398
379.4,315.0,-0.226128,-0.245475
381.68,315.0,-0.245573,-0.264874
383.78,315.0,-0.264326,-0.283195
386.05,315.0,-0.282185,-0.300961
388.33,315.0,-0.298583,-0.316901
390.43,315.0,-0.312625,-0.330992
392.7,315.0,-0.32444,-0.342628
394.98,315.0,-0.334039,-0.352111
397.08,315.0,-0.342107,-0.359969
399.35,315.0,-0.348694,-0.366507
401.63,315.0,-0.354101,-0.371769
403.73,315.0,-0.359473,-0.377178
406.0,315.0,-0.36516,-0.382554
408.1,315.0,-0.370022,-0.387323
410.38,315.0,-0.375151,-0.39248
412.48,315.0,-0.379895,-0.397166
414.75,315.0,-0.38602,-0.403241
417.03,315.0,-0.392757,-0.409905
419.3,315.0,-0.400832,-0.417914
421.58,315.0,-0.408386,-0.425576
423.85,315.0,-0.416199,-0.432991
425.95,315.0,-0.423195,-0.440071
428.23,315.0,-0.430299,-0.446901
430.5,315.0,-0.436956,-0.453321
432.6,315.0,-0.44334,-0.459781
434.88,315.0,-0.449335,-0.46577
437.15,315.0,-0.455493,-0.471907
439.25,315.0,-0.461633,-0.478004
441.53,315.0,-0.468278,-0.484362
443.8,315.0,-0.474196,-0.49036
445.9,315.0,-0.480638,-0.496771
448.18,315.0,-0.486565,-0.502418
450.28,315.0,-0.492754,-0.50853
452.55,315.0,-0.498475,-0.514331
454.83,315.0,-0.504473,-0.520296
456.93,315.0,-0.510619,-0.526257
459.2,315.0,-0.517575,-0.533111
461.48,315.0,-0.524763,-0.540089
463.75,315.0,-0.532763,-0.548111
466.03,315.0,-0.540798,-0.555952
468.3,315.0,-0.548956,-0.564137
470.4,315.0,-0.557619,-0.572782
472.68,315.0,-0.566485,-0.581617
474.95,315.0,-0.575995,-0.590899
477.05,315.0,-0.585539,-0.600129
479.33,315.0,-0.595958,-0.610406
481.6,315.0,-0.606084,-0.620517
483.88,315.0,-0.615665,-0.630006
486.15,315.0,-0.624248,-0.638484
488.25,315.0,-0.631867,-0.645792
490.53,315.0,-0.63695,-0.650952
492.63,315.0,-0.639812,-0.653764
494.9,315.0,-0.639621,-0.653432
497.18,315.0,-0.635721,-0.64959
499.28,315.0,-0.62739,-0.641556
501.55,315.0,-0.614239,-0.628518
503.83,315.0,-0.595443,-0.610034
506.1,315.0,-0.570462,-0.585521
508.2,315.0,-0.541124,-0.55659
510.48,315.0,-0.507945,-0.523795
512.58,315.0,-0.467693,-0.483888
515.03,315.0,-0.426735,-0.443537
517.3,315.0,-0.382234,-0.39956
519.4,315.0,-0.338121,-0.356174
521.68,315.0,-0.294517,-0.31301
523.95,315.0,-0.251763,-0.270832
526.05,315.0,-0.214246,-0.233771
528.33,315.0,-0.178851,-0.198771
530.6,315.0,-0.149686,-0.170142
532.7,315.0,-0.126516,-0.147105
534.98,315.0,-0.108707,-0.129659
537.08,315.0,-0.096713,-0.117878
539.35,315.0,-0.090956,-0.111917
541.63,315.0,-0.091424,-0.112721
543.9,315.0,-0.097709,-0.118895
546.0,315.0,-0.109529,-0.130497
548.28,315.0,-0.124822,-0.145533
550.38,315.0,-0.14277,-0.163322
552.83,315.0,-0.162437,-0.182687
555.1,315.0,-0.183891,-0.203944
557.2,315.0,-0.205358,-0.22504
559.83,315.0,-0.229455,-0.248759
562.1,315.0,-0.24891,-0.267933
564.2,315.0,-0.267234,-0.285992
566.48,315.0,-0.285,-0.30346
568.75,315.0,-0.30191,-0.320216
571.03,315.0,-0.316005,-0.334242
573.13,315.0,-0.327776,-0.345878
575.4,315.0,-0.337841,-0.35585
577.5,315.0,-0.346199,-0.363974
579.78,315.0,-0.353411,-0.371035
582.05,315.0,-0.359606,-0.37716
584.15,315.0,-0.364868,-0.382403
586.43,315.0,-0.369101,-0.386396
588.7,315.0,-0.373001,-0.390567
590.98,315.0,-0.376014,-0.393552
593.25,315.0,-0.378081,-0.395425
595.35,315.0,-0.379199,-0.396716
597.63,315.0,-0.379027,-0.396427
599.9,315.0,-0.37826,-0.395545
602.18,315.0,-0.376436,-0.393833
604.28,315.0,-0.374538,-0.391929
606.55,315.0,-0.372197,-0.389578
608.83,315.0,-0.369655,-0.387129
610.93,315.0,-0.366824,-0.384384
613.2,315.0,-0.364298,-0.381882
615.3,315.0,-0.361075,-0.378851
617.58,315.0,-0.358056,-0.375872
619.85,315.0,-0.354723,-0.372471
622.13,315.0,-0.351658,-0.36964
624.23,315.0,-0.348571,-0.366273
626.5,315.0,-0.345302,-0.363201
628.78,315.0,-0.342086,-0.359936
630.88,315.0,-0.339202,-0.357138
633.15,315.0,-0.335974,-0.353934
635.43,315.0,-0.332616,-0.3507
637.53,315.0,-0.329286,-0.347369
639.8,315.0,-0.326079,-0.344292
642.08,315.0,-0.32244,-0.340761
644.35,315.0,-0.319051,-0.337117
646.45,315.0,-0.315826,-0.334079
648.73,315.0,-0.312798,-0.331066
651.0,315.0,-0.30964,-0.328087
653.1,315.0,-0.306793,-0.325148
655.38,315.0,-0.303934,-0.322157
657.65,315.0,-0.301177,-0.319612
659.75,315.0,-0.298198,-0.316645
662.2,315.0,-0.294751,-0.313294
664.48,315.0,-0.29151,-0.309997
666.58,315.0,-0.288552,-0.307237
668.85,315.0,-0.28513,-0.303839
671.13,315.0,-0.281689,-0.300413
673.4,315.0,-0.278691,-0.297379
675.68,315.0,-0.275811,-0.294652
677.78,315.0,-0.272486,-0.29127
680.05,315.0,-0.268731,-0.287499
682.5,315.0,-0.265025,-0.284002
684.6,315.0,-0.261877,-0.280767
686.88,315.0,-0.258229,-0.277323
688.98,315.0,-0.254239,-0.273478
691.25,315.0,-0.250952,-0.270074
693.35,315.0,-0.247145,-0.266442
695.63,315.0,-0.243075,-0.262459
697.9,315.0,-0.239042,-0.2583
700.0,315.0,-0.235469,-0.254618
702.28,315.0,-0.231461,-0.250727
704.55,315.0,-0.227443,-0.246963
706.65,315.0,-0.223753,-0.243152
708.93,315.0,-0.219625,-0.239021
711.2,315.0,-0.215382,-0.234914
11.03,350.0,-0.20744,-0.227163
13.3,350.0,-0.18578,-0.205888
15.75,350.0,-0.163368,-0.183694
18.03,350.0,-0.148411,-0.168802
20.3,350.0,-0.133605,-0.154184
22.58,350.0,-0.120232,-0.140959
24.85,350.0,-0.108747,-0.129535
26.95,350.0,-0.098078,-0.119033
29.23,350.0,-0.089052,-0.110287
31.5,350.0,-0.08171,-0.103238
33.78,350.0,-0.075266,-0.09675
35.88,350.0,-0.070453,-0.092049
38.15,350.0,-0.066288,-0.087684
40.43,350.0,-0.062841,-0.084354
42.53,350.0,-0.059532,-0.08106
44.8,350.0,-0.056298,-0.077786
47.08,350.0,-0.051603,-0.073186
49.18,350.0,-0.046267,-0.068032
51.45,350.0,-0.040983,-0.062995
53.73,350.0,-0.035789,-0.057918
56.0,350.0,-0.032333,-0.054317
58.28,350.0,-0.028771,-0.050765
60.38,350.0,-0.025857,-0.047924
62.65,350.0,-0.023229,-0.045367
64.75,350.0,-0.021067,-0.04297
67.03,350.0,-0.01977,-0.041575
69.13,350.0,-0.018633,-0.040817
71.4,350.0,-0.017752,-0.039905
73.68,350.0,-0.016396,-0.038608
75.78,350.0,-0.014323,-0.036818
78.05,350.0,-0.012136,-0.034323
80.33,350.0,-0.009868,-0.032049
82.43,350.0,-0.008353,-0.030906
84.7,350.0,-0.008784,-0.03103
86.98,350.0,-0.01099,-0.033411
89.08,350.0,-0.015161,-0.037444
91.35,350.0,-0.021079,-0.043118
93.63,350.0,-0.028861,-0.050799
95.73,350.0,-0.037413,-0.059144
98.0,350.0,-0.045946,-0.067909
100.1,350.0,-0.05464,-0.076461
102.38,350.0,-0.063491,-0.085235
104.65,350.0,-0.073457,-0.09488
106.75,350.0,-0.084939,-0.106017
109.2,350.0,-0.09834,-0.1196
111.48,350.0,-0.111368,-0.132188
113.58,350.0,-0.12423,-0.144846
115.85,350.0,-0.136673,-0.157209
118.13,350.0,-0.14862,-0.168987
120.4,350.0,-0.15863,-0.179144
122.5,350.0,-0.165315,-0.185358
124.78,350.0,-0.168149,-0.18822
127.05,350.0,-0.167021,-0.187154
129.15,350.0,-0.16237,-0.182696
131.43,350.0,-0.153697,-0.17419
133.7,350.0,-0.139723,-0.160241
135.8,350.0,-0.121128,-0.141966
138.08,350.0,-0.096695,-0.117853
140.35,350.0,-0.068873,-0.090423
142.45,350.0,-0.03911,-0.06099
144.73,350.0,-0.006476,-0.028833
147.0,350.0,0.026629,0.003958
149.1,350.0,0.058237,0.03511
151.38,350.0,0.088942,0.06536
153.65,350.0,0.117806,0.093795
155.75,350.0,0.144466,0.119919
158.03,350.0,0.16771,0.143172
160.3,350.0,0.189226,0.164324
162.4,350.0,0.207809,0.182802
164.68,350.0,0.223117,0.197815
166.95,350.0,0.234524,0.208964
169.23,350.0,0.241117,0.21559
171.33,350.0,0.243942,0.218157
173.6,350.0,0.243101,0.217544
175.7,350.0,0.239642,0.21422
177.98,350.0,0.235171,0.20962
180.08,350.0,0.229065,0.203819
182.35,350.0,0.222633,0.197513
184.63,350.0,0.215467,0.190178
186.9,350.0,0.208209,0.183237
189.0,350.0,0.200692,0.175732
191.28,350.0,0.19377,0.169093
193.38,350.0,0.186613,0.161918
195.65,350.0,0.180409,0.155763
197.93,350.0,0.17523,0.150738
200.03,350.0,0.171441,0.147005
202.48,350.0,0.167759,0.143262
204.58,350.0,0.164281,0.139762
206.85,350.0,0.160165,0.135886
208.95,350.0,0.155233,0.130896
211.23,350.0,0.149235,0.124876
213.33,350.0,0.143166,0.118828
215.6,350.0,0.136777,0.112593
217.88,350.0,0.131,0.10694
219.98,350.0,0.125603,0.101703
222.25,350.0,0.121241,0.09731
224.53,350.0,0.118302,0.094475
226.8,350.0,0.116481,0.09271
228.9,350.0,0.115695,0.092048
231.18,350.0,0.115714,0.091977
233.28,350.0,0.115344,0.091561
235.55,350.0,0.114845,0.091087
237.65,350.0,0.113838,0.089984
239.93,350.0,0.112692,0.088896
242.2,350.0,0.11105,0.087464
244.48,350.0,0.108548,0.084864
246.58,350.0,0.105554,0.081931
248.85,350.0,0.101222,0.077559
250.95,350.0,0.096632,0.072781
253.23,350.0,0.092556,0.069063
255.33,350.0,0.088884,0.065261
257.6,350.0,0.085122,0.061817
259.88,350.0,0.081475,0.05791
262.15,350.0,0.076222,0.052821
264.25,350.0,0.069898,0.046635
266.53,350.0,0.063006,0.039784
268.98,350.0,0.053973,0.030896
271.25,350.0,0.044309,0.021423
273.35,350.0,0.03361,0.010748
275.63,350.0,0.021848,-0.000743
277.73,350.0,0.00942,-0.013041
280.0,350.0,-0.004739,-0.026855
282.28,350.0,-0.01968,-0.041975
284.55,350.0,-0.035349,-0.057222
286.83,350.0,-0.052949,-0.07477
288.93,350.0,-0.071236,-0.092576
291.2,350.0,-0.090453,-0.111757
293.48,350.0,-0.111498,-0.132607
295.75,350.0,-0.13269,-0.153158
297.85,350.0,-0.152659,-0.172924
300.13,350.0,-0.172197,-0.192231
302.4,350.0,-0.190805,-0.210478
304.5,350.0,-0.208232,-0.228075
306.78,350.0,-0.224335,-0.243839
308.88,350.0,-0.238787,-0.257995
311.15,350.0,-0.251658,-0.270737
313.43,350.0,-0.261759,-0.280746
315.53,350.0,-0.26752,-0.286371
317.8,350.0,-0.268201,-0.287172
320.08,350.0,-0.263879,-0.282838
322.18,350.0,-0.254902,-0.27383
324.45,350.0,-0.241168,-0.260336
326.73,350.0,-0.223512,-0.242875
328.83,350.0,-0.201254,-0.220949
331.1,350.0,-0.17578,-0.195915
333.2,350.0,-0.148371,-0.168836
335.48,350.0,-0.118805,-0.139754
337.58,350.0,-0.086643,-0.10814
339.85,350.0,-0.055269,-0.077065
342.13,350.0,-0.025259,-0.047339
344.23,350.0,0.004158,-0.018266
346.5,350.0,0.029916,0.006854
348.78,350.0,0.052128,0.029143
350.88,350.0,0.070754,0.047411
353.15,350.0,0.086823,0.063459
355.43,350.0,0.098847,0.075147
357.53,350.0,0.106835,0.082987
359.8,350.0,0.110695,0.086752
362.08,350.0,0.111339,0.08747
364.18,350.0,0.10897,0.085363
366.45,350.0,0.104599,0.080979
368.73,350.0,0.097667,0.074112
370.83,350.0,0.08942,0.065705
373.1,350.0,0.079956,0.056623
375.38,350.0,0.069328,0.046102
377.48,350.0,0.059097,0.035825
379.75,350.0,0.048875,0.025976
382.03,350.0,0.039115,0.016179
384.13,350.0,0.029879,0.007082
386.4,350.0,0.020538,-0.002031
388.68,350.0,0.012297,-0.010256
390.78,350.0,0.004888,-0.017647
393.05,350.0,-0.002342,-0.024788
395.15,350.0,-0.008987,-0.031402
397.43,350.0,-0.01635,-0.038491
399.53,350.0,-0.023069,-0.045164
401.8,350.0,-0.02977,-0.051723
404.08,350.0,-0.0357,-0.057669
406.18,350.0,-0.041523,-0.063506
408.45,350.0,-0.047012,-0.068873
410.55,350.0,-0.052607,-0.074369
412.83,350.0,-0.058174,-0.079711
415.1,350.0,-0.063802,-0.085247
417.55,350.0,-0.070595,-0.092049
419.65,350.0,-0.075494,-0.09684
421.93,350.0,-0.080768,-0.102139
424.2,350.0,-0.085266,-0.106489
426.3,350.0,-0.090383,-0.111553
428.58,350.0,-0.095225,-0.116291
430.68,350.0,-0.099843,-0.120879
432.95,350.0,-0.105124,-0.126147
435.23,350.0,-0.110672,-0.131643
437.33,350.0,-0.117305,-0.138118
439.6,350.0,-0.124249,-0.144985
441.88,350.0,-0.131917,-0.152437
443.98,350.0,-0.139486,-0.16013
446.25,350.0,-0.147739,-0.168078
448.35,350.0,-0.155817,-0.176143
450.63,350.0,-0.16436,-0.184665
452.9,350.0,-0.173962,-0.194036
455.18,350.0,-0.184495,-0.204415
457.28,350.0,-0.195524,-0.215456
459.55,350.0,-0.207893,-0.227339
461.83,350.0,-0.221664,-0.241088
463.93,350.0,-0.235983,-0.255013
466.2,350.0,-0.250808,-0.270016
468.48,350.0,-0.267573,-0.286365
470.58,350.0,-0.286008,-0.304415
472.85,350.0,-0.306116,-0.324289
475.13,350.0,-0.326809,-0.344834
477.4,350.0,-0.349316,-0.367098
479.5,350.0,-0.372382,-0.389911
481.78,350.0,-0.395986,-0.413062
484.05,350.0,-0.419794,-0.436731
486.15,350.0,-0.442717,-0.459073
488.43,350.0,-0.464507,-0.480724
490.53,350.0,-0.483836,-0.499914
492.8,350.0,-0.50102,-0.516787
495.08,350.0,-0.513768,-0.529282
497.35,350.0,-0.521827,-0.537246
499.63,350.0,-0.525065,-0.540573
502.08,350.0,-0.52219,-0.537585
504.35,350.0,-0.512936,-0.52882
506.63,350.0,-0.496648,-0.512619
508.73,350.0,-0.473632,-0.489871
510.83,350.0,-0.445003,-0.461476
513.28,350.0,-0.410502,-0.427378
515.38,350.0,-0.370016,-0.387471
517.65,350.0,-0.326802,-0.345071
519.93,350.0,-0.280037,-0.298571
522.03,350.0,-0.233106,-0.252336
524.3,350.0,-0.184927,-0.204914
526.58,350.0,-0.138864,-0.159397
528.68,350.0,-0.093778,-0.115121
530.95,350.0,-0.052801,-0.074671
533.23,350.0,-0.016196,-0.038476
535.5,350.0,0.016182,-0.006535
537.6,350.0,0.042414,0.019405
539.88,350.0,0.062892,0.03962
542.15,350.0,0.078366,0.055008
544.25,350.0,0.08848,0.065058
546.53,350.0,0.094241,0.070544
548.8,350.0,0.095107,0.071687
551.08,350.0,0.093474,0.069975
553.18,350.0,0.088493,0.065193
555.63,350.0,0.08129,0.057981
557.9,350.0,0.071903,0.048665
560.18,350.0,0.063289,0.04019
562.45,350.0,0.053976,0.03092
564.55,350.0,0.044519,0.021601
566.83,350.0,0.035206,0.012488
569.1,350.0,0.026771,0.004309
571.38,350.0,0.018675,-0.003833
573.65,350.0,0.011761,-0.010903
575.93,350.0,0.005622,-0.016791
578.03,350.0,0.000375,-0.021997
580.3,350.0,-0.003796,-0.026341
582.4,350.0,-0.007228,-0.029622
584.68,350.0,-0.009338,-0.031652
586.95,350.0,-0.011236,-0.03347
589.23,350.0,-0.012166,-0.034258
591.33,350.0,-0.01233,-0.034502
593.6,350.0,-0.011325,-0.033396
595.88,350.0,-0.00944,-0.031917
598.15,350.0,-0.007391,-0.029763
600.25,350.0,-0.004576,-0.026923
602.53,350.0,-0.001498,-0.023673
604.8,350.0,0.002103,-0.020367
606.9,350.0,0.005776,-0.01668
609.18,350.0,0.009435,-0.013146
611.45,350.0,0.013135,-0.009338
613.73,350.0,0.017239,-0.005383
616.0,350.0,0.020686,-0.00204
618.1,350.0,0.024177,0.001755
620.38,350.0,0.027649,0.005153
622.65,350.0,0.031167,0.008293
624.75,350.0,0.034214,0.011287
627.03,350.0,0.037679,0.014728
629.3,350.0,0.041182,0.018191
631.4,350.0,0.044374,0.021503
633.68,350.0,0.048222,0.025092
635.78,350.0,0.051869,0.028853
638.05,350.0,0.055658,0.032741
640.33,350.0,0.059531,0.03629
642.6,350.0,0.064038,0.04093
644.88,350.0,0.068613,0.045347
646.98,350.0,0.072824,0.049596
649.25,350.0,0.077488,0.053961
651.53,350.0,0.081481,0.058209
653.63,350.0,0.084799,0.061386
655.9,350.0,0.088493,0.064848
658.35,350.0,0.092889,0.069177
660.63,350.0,0.096305,0.072726
662.73,350.0,0.100686,0.077011
665.0,350.0,0.105162,0.081555
667.45,350.0,0.109783,0.085939
669.73,350.0,0.114112,0.090329
671.83,350.0,0.118406,0.094543
674.1,350.0,0.122082,0.098203
676.55,350.0,0.127131,0.103015
678.83,350.0,0.130877,0.10706
680.93,350.0,0.134651,0.110597
683.2,350.0,0.138548,0.11426
685.65,350.0,0.142713,0.11844
687.93,350.0,0.146077,0.121989
690.2,350.0,0.149309,0.124984
692.3,350.0,0.152827,0.128465
694.58,350.0,0.156564,0.132251
696.85,350.0,0.160088,0.135584
699.13,350.0,0.164053,0.139565
701.4,350.0,0.168006,0.143453
703.5,350.0,0.171931,0.147282
705.78,350.0,0.175895,0.151114
707.88,350.0,0.180135,0.155356
710.15,350.0,0.184257,0.159666
10.33,385.0,-0.067265,-0.088799
12.6,385.0,-0.067585,-0.089153
14.88,385.0,-0.068531,-0.090031
17.15,385.0,-0.06924,-0.090885
19.43,385.0,-0.068728,-0.090349
21.53,385.0,-0.068192,-0.089711
23.8,385.0,-0.067404,-0.088719
26.08,385.0,-0.066874,-0.088534
28.35,385.0,-0.066181,-0.087709
30.45,385.0,-0.065105,-0.086372
32.73,385.0,-0.063402,-0.084948
34.83,385.0,-0.061393,-0.082955
37.1,385.0,-0.058645,-0.080139
39.38,385.0,-0.055306,-0.076997
41.65,385.0,-0.052052,-0.073694
43.75,385.0,-0.049455,-0.07123
46.03,385.0,-0.047545,-0.069434
48.48,385.0,-0.04643,-0.068226
50.75,385.0,-0.046384,-0.068165
52.85,385.0,-0.046834,-0.068614
55.13,385.0,-0.047727,-0.069628
57.4,385.0,-0.04948,-0.071218
59.5,385.0,-0.051769,-0.073396
61.78,385.0,-0.053987,-0.075685
64.05,385.0,-0.056251,-0.077977
66.15,385.0,-0.057893,-0.079372
68.43,385.0,-0.058248,-0.08009
70.53,385.0,-0.058343,-0.08001
72.8,385.0,-0.059178,-0.080903
75.08,385.0,-0.061479,-0.083131
77.35,385.0,-0.065272,-0.086784
79.63,385.0,-0.070506,-0.091923
81.9,385.0,-0.076871,-0.098229
84.0,385.0,-0.084723,-0.106131
86.28,385.0,-0.094258,-0.115346
88.55,385.0,-0.105216,-0.126384
90.65,385.0,-0.117983,-0.138682
92.93,385.0,-0.131606,-0.152135
95.2,385.0,-0.146667,-0.167006
97.48,385.0,-0.161901,-0.182212
99.75,385.0,-0.177493,-0.197579
101.85,385.0,-0.193284,-0.21306
104.13,385.0,-0.209027,-0.228725
106.4,385.0,-0.224181,-0.243633
108.5,385.0,-0.23895,-0.258192
110.78,385.0,-0.252773,-0.27179
113.05,385.0,-0.266263,-0.285016
115.15,385.0,-0.277323,-0.296143
117.43,385.0,-0.286855,-0.305358
119.53,385.0,-0.293515,-0.31183
121.8,385.0,-0.297545,-0.316115
123.9,385.0,-0.298377,-0.316923
126.18,385.0,-0.294788,-0.313377
128.45,385.0,-0.287631,-0.306156
130.55,385.0,-0.276605,-0.295395
132.83,385.0,-0.26256,-0.281417
135.1,385.0,-0.244754,-0.264156
137.38,385.0,-0.22256,-0.242098
139.48,385.0,-0.197597,-0.217385
141.93,385.0,-0.167887,-0.188146
144.03,385.0,-0.137878,-0.15863
146.3,385.0,-0.104884,-0.125897
148.4,385.0,-0.070019,-0.091261
150.68,385.0,-0.035457,-0.057425
152.95,385.0,-0.001698,-0.024123
155.23,385.0,0.030618,0.00796
157.5,385.0,0.060723,0.037279
159.6,385.0,0.088228,0.064716
161.88,385.0,0.112531,0.08852
164.15,385.0,0.131774,0.107713
166.25,385.0,0.146124,0.121977
168.53,385.0,0.157944,0.133573
170.8,385.0,0.165209,0.140976
173.08,385.0,0.170436,0.145883
175.18,385.0,0.172688,0.148225
177.45,385.0,0.172383,0.14779
179.73,385.0,0.168955,0.144463
181.83,385.0,0.162165,0.137775
184.1,385.0,0.152494,0.128114
186.2,385.0,0.140822,0.116561
188.48,385.0,0.128339,0.104072
190.75,385.0,0.116191,0.092427
192.85,385.0,0.10462,0.080785
195.13,385.0,0.093878,0.070045
197.23,385.0,0.08287,0.059602
199.5,385.0,0.072002,0.048647
201.6,385.0,0.061718,0.038582
203.88,385.0,0.051758,0.028748
206.15,385.0,0.042892,0.019891
208.43,385.0,0.034842,0.012005
210.53,385.0,0.028329,0.005739
212.8,385.0,0.022341,-0.000333
215.08,385.0,0.017147,-0.005407
217.35,385.0,0.012726,-0.009942
219.63,385.0,0.007797,-0.014665
221.73,385.0,0.00276,-0.019693
224.0,385.0,-0.003174,-0.025555
226.28,385.0,-0.008577,-0.030564
228.38,385.0,-0.014095,-0.036227
230.65,385.0,-0.019237,-0.041279
232.93,385.0,-0.023032,-0.045028
235.03,385.0,-0.025962,-0.047989
237.3,385.0,-0.028106,-0.050161
239.58,385.0,-0.030697,-0.052555
241.68,385.0,-0.033491,-0.055494
243.95,385.0,-0.036637,-0.058667
246.23,385.0,-0.041144,-0.0631
248.33,385.0,-0.046125,-0.067813
250.6,385.0,-0.051227,-0.073072
252.88,385.0,-0.056695,-0.078081
254.98,385.0,-0.060694,-0.082222
257.25,385.0,-0.064058,-0.085598
259.53,385.0,-0.066689,-0.088057
261.63,385.0,-0.069329,-0.090949
263.9,385.0,-0.072644,-0.094033
266.18,385.0,-0.077675,-0.098987
268.45,385.0,-0.083651,-0.105182
270.73,385.0,-0.091827,-0.112955
273.0,385.0,-0.100832,-0.12179
275.28,385.0,-0.112607,-0.133395
277.55,385.0,-0.126267,-0.147058
280.0,385.0,-0.144409,-0.164985
282.1,385.0,-0.160537,-0.180829
284.38,385.0,-0.179468,-0.199532
286.65,385.0,-0.200342,-0.219979
288.93,385.0,-0.223525,-0.243026
291.03,385.0,-0.242681,-0.262049
293.3,385.0,-0.262323,-0.281146
295.4,385.0,-0.280761,-0.299458
297.68,385.0,-0.299048,-0.317357
299.95,385.0,-0.316171,-0.334507
302.23,385.0,-0.332369,-0.350438
304.33,385.0,-0.347258,-0.365077
306.6,385.0,-0.360071,-0.377687
308.88,385.0,-0.369818,-0.387234
310.98,385.0,-0.375422,-0.392764
313.25,385.0,-0.375684,-0.392939
315.35,385.0,-0.37021,-0.387594
317.63,385.0,-0.360025,-0.377711
319.9,385.0,-0.345607,-0.363478
322.18,385.0,-0.327049,-0.345311
324.28,385.0,-0.304055,-0.322471
326.55,385.0,-0.27679,-0.295546
328.65,385.0,-0.247332,-0.266547
330.93,385.0,-0.215117,-0.234751
333.03,385.0,-0.180145,-0.199979
335.48,385.0,-0.140829,-0.161381
337.58,385.0,-0.107616,-0.128623
339.85,385.0,-0.071399,-0.092727
341.95,385.0,-0.038103,-0.060164
344.23,385.0,-0.006831,-0.029046
346.5,385.0,0.021675,-0.000882
348.78,385.0,0.04641,0.023388
350.88,385.0,0.06662,0.043296
353.15,385.0,0.082633,0.059078
355.25,385.0,0.094423,0.070677
357.53,385.0,0.101262,0.077544
359.8,385.0,0.104053,0.080088
362.08,385.0,0.102923,0.079087
364.18,385.0,0.097981,0.074269
366.45,385.0,0.090199,0.066768
368.55,385.0,0.079756,0.056173
370.83,385.0,0.06747,0.044103
373.1,385.0,0.053724,0.03072
375.38,385.0,0.039537,0.016694
377.48,385.0,0.024186,0.001512
379.75,385.0,0.007689,-0.014995
381.85,385.0,-0.008491,-0.030638
384.3,385.0,-0.024304,-0.046433
386.58,385.0,-0.038913,-0.060906
388.68,385.0,-0.053103,-0.074643
390.95,385.0,-0.067166,-0.088556
393.23,385.0,-0.080786,-0.101926
395.33,385.0,-0.094141,-0.115099
397.6,385.0,-0.106867,-0.127595
399.88,385.0,-0.118962,-0.1398
401.98,385.0,-0.130253,-0.150749
404.25,385.0,-0.140872,-0.161214
406.53,385.0,-0.150993,-0.171331
408.8,385.0,-0.161214,-0.181365
410.9,385.0,-0.170423,-0.190644
413.18,385.0,-0.178817,-0.199008
415.45,385.0,-0.186421,-0.206331
417.55,385.0,-0.19252,-0.212292
419.83,385.0,-0.198349,-0.218056
422.1,385.0,-0.203731,-0.223534
424.2,385.0,-0.210142,-0.229908
426.48,385.0,-0.216938,-0.236458
428.75,385.0,-0.224313,-0.243716
430.85,385.0,-0.231532,-0.250949
433.13,385.0,-0.239387,-0.258747
435.23,385.0,-0.248352,-0.267604
437.5,385.0,-0.258087,-0.277151
439.78,385.0,-0.268648,-0.287376
441.88,385.0,-0.279236,-0.298029
444.15,385.0,-0.290324,-0.308916
446.43,385.0,-0.302468,-0.320743
448.53,385.0,-0.315626,-0.333793
450.8,385.0,-0.329467,-0.347533
452.9,385.0,-0.344886,-0.362834
455.18,385.0,-0.362064,-0.379908
457.45,385.0,-0.381716,-0.39903
459.55,385.0,-0.401889,-0.419097
461.83,385.0,-0.422714,-0.439627
463.93,385.0,-0.443956,-0.460496
466.2,385.0,-0.467391,-0.483546
468.48,385.0,-0.491858,-0.507656
470.75,385.0,-0.517468,-0.532957
472.85,385.0,-0.543601,-0.558817
475.13,385.0,-0.572058,-0.586796
477.23,385.0,-0.60235,-0.61674
479.5,385.0,-0.632862,-0.646836
481.6,385.0,-0.664473,-0.678247
483.88,385.0,-0.696457,-0.709701
486.15,385.0,-0.726922,-0.739799
488.25,385.0,-0.755736,-0.768099
490.53,385.0,-0.781608,-0.793792
492.63,385.0,-0.803813,-0.815597
494.9,385.0,-0.820138,-0.831632
497.18,385.0,-0.830314,-0.841645
499.45,385.0,-0.833903,-0.845338
501.55,385.0,-0.829602,-0.840911
503.83,385.0,-0.817175,-0.828894
506.1,385.0,-0.796297,-0.808179
508.2,385.0,-0.76626,-0.778502
510.48,385.0,-0.729242,-0.741953
512.75,385.0,-0.685483,-0.69882
514.85,385.0,-0.635061,-0.649405
517.13,385.0,-0.579824,-0.594716
519.4,385.0,-0.519978,-0.535859
521.5,385.0,-0.458564,-0.475206
523.78,385.0,-0.396953,-0.414396
526.05,385.0,-0.335493,-0.353543
528.15,385.0,-0.276146,-0.295136
530.43,385.0,-0.223368,-0.243023
532.53,385.0,-0.173146,-0.193534
534.8,385.0,-0.131134,-0.151741
537.08,385.0,-0.093346,-0.11477
539.35,385.0,-0.063895,-0.085376
541.45,385.0,-0.04282,-0.064902
543.73,385.0,-0.028741,-0.050774
545.83,385.0,-0.02171,-0.043827
548.1,385.0,-0.021137,-0.043328
550.38,385.0,-0.026495,-0.048454
552.48,385.0,-0.036082,-0.058174
554.75,385.0,-0.0492,-0.070971
557.03,385.0,-0.065626,-0.087203
559.13,385.0,-0.084446,-0.105648
561.4,385.0,-0.105102,-0.126147
563.5,385.0,-0.126584,-0.147228
565.78,385.0,-0.147453,-0.168084
568.05,385.0,-0.168719,-0.18899
570.33,385.0,-0.189477,-0.20939
572.43,385.0,-0.209945,-0.22948
574.7,385.0,-0.228574,-0.247878
576.98,385.0,-0.246245,-0.265484
579.08,385.0,-0.262252,-0.281183
581.35,385.0,-0.277006,-0.295715
583.45,385.0,-0.290518,-0.309039
585.73,385.0,-0.302986,-0.321337
587.83,385.0,-0.314396,-0.332665
590.1,385.0,-0.324079,-0.34236
592.2,385.0,-0.332748,-0.350817
594.48,385.0,-0.34065,-0.358611
596.75,385.0,-0.347188,-0.365191
598.85,385.0,-0.353257,-0.370872
601.13,385.0,-0.358352,-0.37606
603.4,385.0,-0.363639,-0.381137
605.5,385.0,-0.368115,-0.385693
607.78,385.0,-0.372853,-0.390308
610.05,385.0,-0.377391,-0.394637
612.15,385.0,-0.380619,-0.398127
614.43,385.0,-0.383947,-0.401248
616.7,385.0,-0.386658,-0.403993
618.98,385.0,-0.388947,-0.406051
621.08,385.0,-0.390924,-0.408219
623.35,385.0,-0.392323,-0.409572
625.45,385.0,-0.39407,-0.411337
627.73,385.0,-0.395635,-0.412862
630.0,385.0,-0.396658,-0.413839
632.1,385.0,-0.397397,-0.414504
634.38,385.0,-0.397415,-0.414692
636.65,385.0,-0.39781,-0.414994
638.75,385.0,-0.397865,-0.414963
641.03,385.0,-0.398198,-0.415213
643.13,385.0,-0.398706,-0.41593
645.4,385.0,-0.399415,-0.41651
647.68,385.0,-0.400194,-0.417409
649.78,385.0,-0.401162,-0.418349
652.05,385.0,-0.402252,-0.419353
653.98,385.0,-0.403947,-0.42082
656.43,385.0,-0.405117,-0.422295
658.7,385.0,-0.405478,-0.422489
660.98,385.0,-0.405869,-0.423025
663.08,385.0,-0.405505,-0.422502
665.35,385.0,-0.405598,-0.422569
667.63,385.0,-0.405545,-0.422502
669.73,385.0,-0.40541,-0.422606
672.0,385.0,-0.40582,-0.422816
674.1,385.0,-0.406226,-0.423417
676.38,385.0,-0.406081,-0.423309
678.65,385.0,-0.405385,-0.422619
680.75,385.0,-0.405277,-0.422348
683.03,385.0,-0.404732,-0.421836
685.3,385.0,-0.404218,-0.42155
687.4,385.0,-0.403605,-0.420589
689.68,385.0,-0.402773,-0.419707
691.78,385.0,-0.401812,-0.41874
694.05,385.0,-0.400721,-0.417819
696.15,385.0,-0.399532,-0.416719
698.43,385.0,-0.398084,-0.415145
700.7,385.0,-0.396414,-0.413765
702.98,385.0,-0.394806,-0.411805
705.08,385.0,-0.393007,-0.410111
707.35,385.0,-0.391772,-0.409033
709.45,385.0,-0.389911,-0.406929
11.38,420.0,-0.078593,-0.100204
13.65,420.0,-0.079751,-0.101205
15.75,420.0,-0.080398,-0.101603
18.03,420.0,-0.081233,-0.102705
20.3,420.0,-0.082727,-0.104126
22.58,420.0,-0.084397,-0.105725
24.68,420.0,-0.086563,-0.107875
26.95,420.0,-0.08907,-0.110253
29.23,420.0,-0.091587,-0.112739
31.5,420.0,-0.093482,-0.114708
33.78,420.0,-0.09456,-0.115706
36.05,420.0,-0.095053,-0.116113
38.33,420.0,-0.095087,-0.116353
40.6,420.0,-0.094961,-0.116097
42.88,420.0,-0.094335,-0.115558
44.98,420.0,-0.092052,-0.113272
47.25,420.0,-0.08924,-0.110672
49.35,420.0,-0.08732,-0.10862
51.63,420.0,-0.086338,-0.107567
53.73,420.0,-0.086624,-0.107742
56.0,420.0,-0.08781,-0.109184
58.28,420.0,-0.090691,-0.111889
60.55,420.0,-0.094643,-0.115694
62.65,420.0,-0.0992,-0.120213
64.93,420.0,-0.104686,-0.125691
67.03,420.0,-0.110478,-0.131455
69.3,420.0,-0.116147,-0.13667
71.58,420.0,-0.121871,-0.142813
73.68,420.0,-0.127915,-0.148599
75.95,420.0,-0.134945,-0.155617
78.23,420.0,-0.14224,-0.162736
80.33,420.0,-0.149714,-0.170228
82.6,420.0,-0.158121,-0.178352
84.7,420.0,-0.166273,-0.186658
86.98,420.0,-0.175121,-0.195352
89.25,420.0,-0.184443,-0.204378
91.53,420.0,-0.19362,-0.213392
93.63,420.0,-0.203134,-0.222952
95.9,420.0,-0.214079,-0.233648
98.18,420.0,-0.225949,-0.245367
100.28,420.0,-0.237622,-0.256686
102.55,420.0,-0.249227,-0.268368
104.83,420.0,-0.261658,-0.280518
107.1,420.0,-0.274381,-0.292964
109.38,420.0,-0.286923,-0.305549
111.65,420.0,-0.299202,-0.317437
113.75,420.0,-0.311405,-0.329714
116.03,420.0,-0.321753,-0.340096
118.3,420.0,-0.329908,-0.348087
120.58,420.0,-0.336544,-0.354424
122.68,420.0,-0.340829,-0.358598
124.95,420.0,-0.341762,-0.359535
127.05,420.0,-0.339609,-0.357579
129.33,420.0,-0.333032,-0.351131
131.6,420.0,-0.322505,-0.340613
133.7,420.0,-0.30712,-0.325441
135.98,420.0,-0.286901,-0.305583
138.25,420.0,-0.262751,-0.281707
140.53,420.0,-0.236045,-0.255308
142.63,420.0,-0.205885,-0.225586
144.9,420.0,-0.172656,-0.192856
147.18,420.0,-0.138041,-0.158559
149.28,420.0,-0.102243,-0.123454
151.55,420.0,-0.065685,-0.087246
153.83,420.0,-0.032447,-0.054557
155.93,420.0,-0.00029,-0.02282
158.2,420.0,0.028256,0.005378
160.65,420.0,0.055541,0.032476
162.75,420.0,0.075566,0.052128
165.03,420.0,0.093311,0.069623
167.3,420.0,0.106724,0.082843
169.93,420.0,0.116644,0.092608
172.2,420.0,0.121117,0.096906
174.3,420.0,0.121469,0.097501
176.58,420.0,0.119543,0.095409
178.68,420.0,0.114904,0.090976
180.95,420.0,0.108708,0.08487
183.23,420.0,0.101986,0.078354
185.33,420.0,0.094941,0.071312
187.6,420.0,0.086881,0.06336
189.7,420.0,0.077778,0.054435
191.98,420.0,0.068006,0.044596
194.25,420.0,0.057313,0.034183
196.35,420.0,0.047017,0.023896
198.63,420.0,0.036228,0.013419
200.9,420.0,0.024707,0.002011
203.0,420.0,0.012612,-0.010022
205.28,420.0,0.000514,-0.021788
207.38,420.0,-0.011137,-0.033417
209.83,420.0,-0.021914,-0.043984
211.93,420.0,-0.031449,-0.053198
214.2,420.0,-0.039286,-0.061082
216.48,420.0,-0.046267,-0.068223
218.58,420.0,-0.052441,-0.074227
220.85,420.0,-0.05785,-0.079563
223.13,420.0,-0.062447,-0.084153
225.23,420.0,-0.066892,-0.08854
227.5,420.0,-0.071159,-0.092428
229.78,420.0,-0.074659,-0.096076
231.88,420.0,-0.078664,-0.100262
234.15,420.0,-0.082909,-0.104326
236.43,420.0,-0.086772,-0.108208
238.53,420.0,-0.090728,-0.111689
240.8,420.0,-0.094064,-0.115349
243.08,420.0,-0.097308,-0.118448
245.18,420.0,-0.100922,-0.121938
247.45,420.0,-0.105047,-0.125879
249.73,420.0,-0.10932,-0.130318
252.0,420.0,-0.113657,-0.134578
254.1,420.0,-0.119036,-0.139843
256.38,420.0,-0.124643,-0.145284
258.65,420.0,-0.130755,-0.151433
260.75,420.0,-0.136507,-0.157098
263.03,420.0,-0.142992,-0.163531
265.3,420.0,-0.149603,-0.169816
267.4,420.0,-0.157025,-0.177265
269.68,420.0,-0.164384,-0.184566
271.95,420.0,-0.172102,-0.192126
274.05,420.0,-0.17993,-0.200037
276.33,420.0,-0.188891,-0.208882
278.6,420.0,-0.199317,-0.219079
280.7,420.0,-0.209865,-0.22944
282.98,420.0,-0.220238,-0.239655
285.25,420.0,-0.230392,-0.24972
287.35,420.0,-0.241291,-0.260336
289.63,420.0,-0.253685,-0.272758
291.73,420.0,-0.268275,-0.287021
294.18,420.0,-0.284249,-0.302739
296.28,420.0,-0.300573,-0.319091
298.55,420.0,-0.317117,-0.335278
300.83,420.0,-0.332459,-0.350401
302.93,420.0,-0.346781,-0.364621
305.2,420.0,-0.359649,-0.377314
307.48,420.0,-0.369572,-0.387033
309.58,420.0,-0.375835,-0.393343
311.85,420.0,-0.37752,-0.39504
313.95,420.0,-0.374245,-0.39163
316.23,420.0,-0.365881,-0.383352
318.5,420.0,-0.352557,-0.370213
320.6,420.0,-0.335595,-0.353666
322.88,420.0,-0.31505,-0.333195
325.15,420.0,-0.290305,-0.308768
327.25,420.0,-0.262976,-0.281929
329.53,420.0,-0.232576,-0.251913
331.8,420.0,-0.199843,-0.219655
333.9,420.0,-0.164474,-0.184748
336.18,420.0,-0.128984,-0.149517
338.45,420.0,-0.090928,-0.112456
340.73,420.0,-0.056424,-0.078057
342.83,420.0,-0.02509,-0.047139
345.1,420.0,0.004223,-0.018229
347.38,420.0,0.028949,0.006121
349.65,420.0,0.04812,0.02479
351.75,420.0,0.063117,0.039904
354.03,420.0,0.073702,0.050394
356.13,420.0,0.080458,0.057011
358.4,420.0,0.082054,0.058588
360.5,420.0,0.080489,0.057211
362.78,420.0,0.07479,0.051416
365.05,420.0,0.065945,0.04283
367.33,420.0,0.054605,0.031469
369.43,420.0,0.041124,0.018336
371.7,420.0,0.025785,0.003222
373.98,420.0,0.009288,-0.013198
376.08,420.0,-0.007176,-0.029425
378.35,420.0,-0.023701,-0.045863
380.63,420.0,-0.039508,-0.061532
382.73,420.0,-0.054455,-0.076153
385.0,420.0,-0.069458,-0.090993
387.28,420.0,-0.083349,-0.104745
389.55,420.0,-0.096606,-0.117767
391.83,420.0,-0.109027,-0.130013
393.93,420.0,-0.120148,-0.141103
396.2,420.0,-0.130192,-0.150792
398.48,420.0,-0.139887,-0.160533
400.75,420.0,-0.14956,-0.170164
402.85,420.0,-0.159557,-0.17976
405.13,420.0,-0.169045,-0.189092
407.4,420.0,-0.177989,-0.198038
409.5,420.0,-0.186797,-0.206729
411.78,420.0,-0.194588,-0.214483
413.88,420.0,-0.202286,-0.222018
416.15,420.0,-0.209819,-0.229289
418.43,420.0,-0.216796,-0.236165
420.53,420.0,-0.224055,-0.2437
422.8,420.0,-0.231088,-0.250536
425.08,420.0,-0.238774,-0.257844
427.18,420.0,-0.246325,-0.265241
429.45,420.0,-0.253497,-0.272641
431.55,420.0,-0.261331,-0.280182
433.83,420.0,-0.268432,-0.287302
436.1,420.0,-0.275918,-0.294591
438.2,420.0,-0.28342,-0.302052
440.48,420.0,-0.291799,-0.310539
442.75,420.0,-0.301605,-0.320016
444.85,420.0,-0.311741,-0.329889
447.13,420.0,-0.322486,-0.340573
449.4,420.0,-0.334387,-0.352434
451.68,420.0,-0.346735,-0.36447
453.95,420.0,-0.360031,-0.377554
456.05,420.0,-0.373688,-0.390992
458.33,420.0,-0.388355,-0.405549
460.43,420.0,-0.403993,-0.420952
462.7,420.0,-0.420512,-0.43732
464.98,420.0,-0.438755,-0.455333
467.08,420.0,-0.458617,-0.474744
469.35,420.0,-0.480789,-0.496771
471.45,420.0,-0.505194,-0.521047
473.73,420.0,-0.529421,-0.54471
476.0,420.0,-0.555345,-0.570308
478.28,420.0,-0.582803,-0.597366
480.38,420.0,-0.610708,-0.625065
482.65,420.0,-0.6376,-0.651543
484.75,420.0,-0.664972,-0.678564
487.03,420.0,-0.692588,-0.705708
489.3,420.0,-0.717828,-0.730936
491.58,420.0,-0.740372,-0.753111
493.68,420.0,-0.759661,-0.771987
495.78,420.0,-0.773755,-0.786059
498.05,420.0,-0.781451,-0.793395
500.33,420.0,-0.781756,-0.793703
502.43,420.0,-0.774051,-0.786334
504.7,420.0,-0.758022,-0.770523
506.98,420.0,-0.734146,-0.746827
509.08,420.0,-0.703444,-0.716457
511.35,420.0,-0.66508,-0.678804
513.63,420.0,-0.621386,-0.635551
515.73,420.0,-0.571405,-0.58634
518.0,420.0,-0.518367,-0.534085
520.28,420.0,-0.460715,-0.476861
522.55,420.0,-0.402335,-0.41956
524.65,420.0,-0.342788,-0.36078
526.93,420.0,-0.284708,-0.303371
529.03,420.0,-0.22992,-0.249292
531.3,420.0,-0.177838,-0.198251
533.58,420.0,-0.132037,-0.152705
535.85,420.0,-0.091458,-0.112672
537.95,420.0,-0.059348,-0.080953
540.23,420.0,-0.035149,-0.057163
542.5,420.0,-0.017971,-0.040047
544.6,420.0,-0.00769,-0.029893
546.88,420.0,-0.004868,-0.027185
549.15,420.0,-0.007647,-0.029918
551.25,420.0,-0.015386,-0.037573
553.35,420.0,-0.027009,-0.048984
555.63,420.0,-0.041686,-0.063506
557.9,420.0,-0.058685,-0.080589
560.18,420.0,-0.077413,-0.098725
562.45,420.0,-0.097561,-0.118639
564.55,420.0,-0.118577,-0.139347
566.83,420.0,-0.138211,-0.158602
569.1,420.0,-0.15859,-0.178879
571.2,420.0,-0.178294,-0.198207
573.48,420.0,-0.198087,-0.217844
575.75,420.0,-0.216371,-0.236042
577.85,420.0,-0.23277,-0.252169
580.13,420.0,-0.247009,-0.266347
582.4,420.0,-0.259637,-0.278608
584.5,420.0,-0.270724,-0.289535
586.78,420.0,-0.280616,-0.29919
588.7,420.0,-0.289396,-0.307942
591.15,420.0,-0.296414,-0.314815
593.43,420.0,-0.302231,-0.320752
595.53,420.0,-0.30683,-0.325225
597.98,420.0,-0.310832,-0.329301
600.25,420.0,-0.313867,-0.332181
602.35,420.0,-0.315727,-0.334061
604.63,420.0,-0.317754,-0.335968
606.73,420.0,-0.319323,-0.3374
609.0,420.0,-0.320342,-0.338426
611.28,420.0,-0.320583,-0.33903
613.38,420.0,-0.321008,-0.339239
615.65,420.0,-0.321713,-0.339951
617.93,420.0,-0.322899,-0.341128
620.03,420.0,-0.324085,-0.342342
622.3,420.0,-0.325407,-0.343728
624.58,420.0,-0.326719,-0.344837
626.68,420.0,-0.327838,-0.346057
628.95,420.0,-0.328315,-0.346673
631.23,420.0,-0.328401,-0.346553
633.33,420.0,-0.328192,-0.346494
635.78,420.0,-0.327502,-0.345792
638.05,420.0,-0.327064,-0.345148
640.15,420.0,-0.326993,-0.344979
642.43,420.0,-0.326504,-0.344677
644.88,420.0,-0.32691,-0.345093
646.98,420.0,-0.327942,-0.346297
649.25,420.0,-0.329138,-0.347298
651.53,420.0,-0.330712,-0.349005
653.63,420.0,-0.332092,-0.350231
655.9,420.0,-0.332942,-0.350878
658.18,420.0,-0.33354,-0.351399
660.28,420.0,-0.333977,-0.351904
662.73,420.0,-0.334301,-0.352271
665.0,420.0,-0.334276,-0.352329
667.28,420.0,-0.333962,-0.352037
669.38,420.0,-0.333635,-0.351497
671.65,420.0,-0.333223,-0.351217
673.75,420.0,-0.332477,-0.350481
676.03,420.0,-0.331981,-0.350003
678.3,420.0,-0.331682,-0.349621
680.4,420.0,-0.33163,-0.349825
682.68,420.0,-0.332178,-0.350167
684.78,420.0,-0.332847,-0.350847
687.05,420.0,-0.333032,-0.351106
689.15,420.0,-0.332952,-0.35102
691.43,420.0,-0.332878,-0.350758
693.7,420.0,-0.332468,-0.350373
695.8,420.0,-0.331682,-0.349846
698.08,420.0,-0.331008,-0.348959
700.35,420.0,-0.33065,-0.34882
702.45,420.0,-0.330638,-0.348623
704.73,420.0,-0.330616,-0.348626
706.83,420.0,-0.330894,-0.34903
709.1,420.0,-0.331445,-0.349476
711.38,420.0,-0.331439,-0.349279
11.03,455.0,-0.123657,-0.144619
13.3,455.0,-0.126322,-0.146907
15.58,455.0,-0.129619,-0.150302
17.85,455.0,-0.132986,-0.153673
19.95,455.0,-0.135989,-0.156664
22.23,455.0,-0.138217,-0.158895
24.5,455.0,-0.140386,-0.160894
26.78,455.0,-0.142268,-0.162795
29.05,455.0,-0.143426,-0.164021
31.15,455.0,-0.144237,-0.164763
33.43,455.0,-0.144548,-0.165124
35.7,455.0,-0.144591,-0.16509
37.98,455.0,-0.144283,-0.164618
40.08,455.0,-0.144286,-0.164865
42.35,455.0,-0.144887,-0.165546
44.45,455.0,-0.145632,-0.166276
46.73,455.0,-0.145456,-0.166131
49.0,455.0,-0.143106,-0.163636
51.28,455.0,-0.139711,-0.160235
53.55,455.0,-0.136322,-0.156972
55.65,455.0,-0.134039,-0.154505
57.93,455.0,-0.133047,-0.153617
60.2,455.0,-0.134243,-0.154797
62.3,455.0,-0.136769,-0.157317
64.58,455.0,-0.140364,-0.160968
66.85,455.0,-0.144877,-0.165447
69.13,455.0,-0.149711,-0.169951
71.23,455.0,-0.155879,-0.176285
73.5,455.0,-0.162838,-0.183044
75.78,455.0,-0.170527,-0.190672
77.88,455.0,-0.177807,-0.197835
80.15,455.0,-0.186224,-0.206134
82.43,455.0,-0.194634,-0.214548
84.7,455.0,-0.202906,-0.222773
86.98,455.0,-0.212508,-0.23208
89.25,455.0,-0.221661,-0.241214
91.35,455.0,-0.230167,-0.24943
93.63,455.0,-0.238552,-0.257594
95.9,455.0,-0.247468,-0.266695
98.0,455.0,-0.256704,-0.275703
100.28,455.0,-0.266461,-0.285179
102.55,455.0,-0.276519,-0.295142
104.83,455.0,-0.287077,-0.305687
106.93,455.0,-0.297684,-0.316146
109.2,455.0,-0.308765,-0.327268
111.48,455.0,-0.319631,-0.337853
113.58,455.0,-0.329634,-0.347585
115.85,455.0,-0.337952,-0.355934
118.13,455.0,-0.344563,-0.362366
120.23,455.0,-0.349526,-0.367301
122.5,455.0,-0.35264,-0.370182
124.78,455.0,-0.352881,-0.370641
127.05,455.0,-0.350173,-0.367834
129.33,455.0,-0.343805,-0.361645
131.43,455.0,-0.3346,-0.352563
133.7,455.0,-0.321026,-0.33931
135.8,455.0,-0.303719,-0.322052
138.08,455.0,-0.282493,-0.301294
140.35,455.0,-0.257705,-0.276892
142.45,455.0,-0.230752,-0.250355
144.73,455.0,-0.200835,-0.220826
147.0,455.0,-0.166966,-0.187403
149.28,455.0,-0.135155,-0.156002
151.38,455.0,-0.101381,-0.122493
153.65,455.0,-0.068796,-0.090306
155.93,455.0,-0.035863,-0.057755
158.2,455.0,-0.006301,-0.028611
160.3,455.0,0.020184,-0.002539
162.58,455.0,0.042079,0.019192
164.85,455.0,0.059629,0.036407
167.13,455.0,0.073265,0.049857
169.4,455.0,0.082553,0.058979
171.68,455.0,0.08767,0.064127
173.78,455.0,0.089839,0.066265
175.88,455.0,0.089774,0.065985
178.33,455.0,0.087661,0.06409
180.43,455.0,0.083653,0.060169
182.7,455.0,0.077858,0.054537
184.98,455.0,0.069537,0.046154
187.08,455.0,0.059368,0.036339
189.35,455.0,0.047214,0.024146
191.63,455.0,0.033708,0.010862
193.73,455.0,0.019479,-0.002955
196.0,455.0,0.005742,-0.016544
198.28,455.0,-0.006208,-0.028657
200.55,455.0,-0.015796,-0.038081
202.65,455.0,-0.023121,-0.045201
204.93,455.0,-0.02883,-0.050777
207.2,455.0,-0.032857,-0.054847
209.48,455.0,-0.036328,-0.058411
211.58,455.0,-0.040873,-0.062761
213.85,455.0,-0.046369,-0.068198
215.95,455.0,-0.052265,-0.074018
218.23,455.0,-0.058001,-0.079689
220.5,455.0,-0.062977,-0.084446
222.78,455.0,-0.06777,-0.089267
224.88,455.0,-0.072062,-0.093469
227.15,455.0,-0.076612,-0.097927
229.25,455.0,-0.081381,-0.102718
231.53,455.0,-0.085777,-0.106951
233.8,455.0,-0.090318,-0.111615
236.08,455.0,-0.094375,-0.115457
238.35,455.0,-0.097638,-0.118731
240.45,455.0,-0.10086,-0.121932
242.55,455.0,-0.104369,-0.125364
245.0,455.0,-0.108402,-0.129304
247.1,455.0,-0.112246,-0.133066
249.38,455.0,-0.116978,-0.137819
251.65,455.0,-0.12159,-0.142296
253.93,455.0,-0.125681,-0.146439
256.03,455.0,-0.130007,-0.150854
258.3,455.0,-0.134699,-0.155296
260.4,455.0,-0.139505,-0.15996
262.68,455.0,-0.144871,-0.165564
264.95,455.0,-0.150287,-0.170882
267.05,455.0,-0.156054,-0.176347
269.33,455.0,-0.161747,-0.182003
271.6,455.0,-0.16773,-0.18805
273.7,455.0,-0.174252,-0.194221
275.98,455.0,-0.181233,-0.201331
278.25,455.0,-0.189012,-0.208663
280.35,455.0,-0.198281,-0.218063
282.63,455.0,-0.206994,-0.226575
284.9,455.0,-0.21663,-0.235943
287.18,455.0,-0.22692,-0.246396
289.28,455.0,-0.238482,-0.257779
291.55,455.0,-0.250253,-0.269449
293.83,455.0,-0.261759,-0.28082
295.93,455.0,-0.272967,-0.291738
298.2,455.0,-0.284504,-0.302955
300.48,455.0,-0.296288,-0.314828
302.58,455.0,-0.308013,-0.326183
304.85,455.0,-0.318297,-0.336618
307.13,455.0,-0.326408,-0.344603
309.23,455.0,-0.33102,-0.349021
311.5,455.0,-0.332912,-0.350786
313.6,455.0,-0.331427,-0.34939
315.88,455.0,-0.326793,-0.344855
317.98,455.0,-0.317871,-0.336091
320.43,455.0,-0.305053,-0.323235
322.53,455.0,-0.288466,-0.307197
324.8,455.0,-0.268158,-0.286892
327.08,455.0,-0.244283,-0.263599
329.35,455.0,-0.218158,-0.237745
331.45,455.0,-0.189076,-0.208898
333.73,455.0,-0.15931,-0.179739
336.0,455.0,-0.12964,-0.150509
338.1,455.0,-0.098614,-0.119945
340.38,455.0,-0.068796,-0.090204
342.65,455.0,-0.040534,-0.062696
344.75,455.0,-0.014779,-0.037129
347.03,455.0,0.008511,-0.014129
349.3,455.0,0.028342,0.005625
351.4,455.0,0.04373,0.020726
353.68,455.0,0.054993,0.031706
355.95,455.0,0.061697,0.038292
358.23,455.0,0.064475,0.04145
360.33,455.0,0.063995,0.040914
362.6,455.0,0.060221,0.03698
364.88,455.0,0.053601,0.03064
366.98,455.0,0.044556,0.021506
369.25,455.0,0.033736,0.010976
371.35,455.0,0.020708,-0.001821
373.63,455.0,0.006238,-0.016134
375.9,455.0,-0.008996,-0.031196
378.0,455.0,-0.025001,-0.046821
380.28,455.0,-0.040685,-0.062644
382.55,455.0,-0.056948,-0.078599
384.65,455.0,-0.072573,-0.094147
386.93,455.0,-0.088839,-0.109837
389.03,455.0,-0.104973,-0.125962
391.3,455.0,-0.12074,-0.141489
393.58,455.0,-0.135302,-0.155949
395.85,455.0,-0.148981,-0.169548
397.95,455.0,-0.162234,-0.182604
400.23,455.0,-0.174514,-0.19472
402.5,455.0,-0.186128,-0.205869
404.6,455.0,-0.19594,-0.215657
406.88,455.0,-0.204606,-0.224316
409.15,455.0,-0.212662,-0.232212
411.25,455.0,-0.219695,-0.239196
413.53,455.0,-0.226427,-0.245986
415.8,455.0,-0.233007,-0.252292
417.9,455.0,-0.239243,-0.25854
420.18,455.0,-0.245878,-0.264923
422.45,455.0,-0.252104,-0.271094
424.73,455.0,-0.258867,-0.277899
426.83,455.0,-0.265401,-0.284344
429.1,455.0,-0.273001,-0.291655
431.38,455.0,-0.280727,-0.299255
433.48,455.0,-0.289033,-0.307533
435.75,455.0,-0.297607,-0.31602
438.03,455.0,-0.305986,-0.324464
440.13,455.0,-0.314711,-0.33277
442.4,455.0,-0.322486,-0.340558
444.68,455.0,-0.33025,-0.348367
446.95,455.0,-0.33858,-0.356747
448.7,455.0,-0.347597,-0.365271
451.33,455.0,-0.356907,-0.374661
453.6,455.0,-0.367533,-0.38517
455.88,455.0,-0.379045,-0.396473
457.98,455.0,-0.390666,-0.407702
460.25,455.0,-0.402837,-0.419963
462.53,455.0,-0.415736,-0.432459
464.63,455.0,-0.428543,-0.4452
466.9,455.0,-0.442924,-0.459452
469.0,455.0,-0.458851,-0.475096
471.28,455.0,-0.476787,-0.492985
473.55,455.0,-0.496121,-0.512039
475.65,455.0,-0.516152,-0.531525
477.93,455.0,-0.536205,-0.551713
480.2,455.0,-0.557295,-0.572431
482.3,455.0,-0.57861,-0.593158
484.58,455.0,-0.599374,-0.613857
486.85,455.0,-0.618992,-0.633
488.95,455.0,-0.636315,-0.650292
491.23,455.0,-0.652055,-0.665949
493.33,455.0,-0.665801,-0.679254
495.6,455.0,-0.676494,-0.689766
497.88,455.0,-0.683395,-0.696605
499.98,455.0,-0.685018,-0.69817
502.25,455.0,-0.680982,-0.69398
504.35,455.0,-0.671078,-0.684436
506.63,455.0,-0.655505,-0.669347
508.9,455.0,-0.634285,-0.648327
511.18,455.0,-0.60679,-0.621281
513.63,455.0,-0.566667,-0.581485
515.9,455.0,-0.525397,-0.540782
518.0,455.0,-0.48028,-0.496624
520.28,455.0,-0.432794,-0.449449
522.38,455.0,-0.38391,-0.401272
524.65,455.0,-0.335487,-0.353481
526.75,455.0,-0.287027,-0.305626
529.03,455.0,-0.24175,-0.260955
531.3,455.0,-0.1996,-0.219471
533.58,455.0,-0.161421,-0.181606
535.68,455.0,-0.12879,-0.149492
537.95,455.0,-0.100416,-0.121652
540.23,455.0,-0.078211,-0.099486
542.33,455.0,-0.061846,-0.083469
544.6,455.0,-0.052062,-0.073959
546.88,455.0,-0.047906,-0.069693
548.98,455.0,-0.048781,-0.070715
551.25,455.0,-0.054366,-0.07603
553.53,455.0,-0.063214,-0.084856
555.63,455.0,-0.075503,-0.097108
557.9,455.0,-0.091113,-0.112286
560.18,455.0,-0.10887,-0.129729
562.28,455.0,-0.127071,-0.147909
564.55,455.0,-0.145891,-0.166359
566.83,455.0,-0.164976,-0.185524
568.93,455.0,-0.185687,-0.205675
571.2,455.0,-0.206187,-0.225777
573.3,455.0,-0.225918,-0.245367
575.58,455.0,-0.243897,-0.263143
577.85,455.0,-0.260872,-0.279665
579.95,455.0,-0.276051,-0.294948
582.23,455.0,-0.28964,-0.308312
584.5,455.0,-0.302074,-0.320487
586.6,455.0,-0.312674,-0.3311
588.7,455.0,-0.321608,-0.339535
591.15,455.0,-0.328802,-0.346938
593.43,455.0,-0.33488,-0.352924
595.53,455.0,-0.340111,-0.357961
597.8,455.0,-0.343879,-0.361618
600.08,455.0,-0.347123,-0.365059
602.18,455.0,-0.349646,-0.367311
604.45,455.0,-0.351519,-0.369116
606.73,455.0,-0.35305,-0.370924
608.83,455.0,-0.35382,-0.371661
611.1,455.0,-0.354803,-0.372554
613.38,455.0,-0.355872,-0.373574
615.48,455.0,-0.357074,-0.374972
617.75,455.0,-0.358675,-0.376211
619.85,455.0,-0.360022,-0.377483
622.13,455.0,-0.361196,-0.378762
624.4,455.0,-0.362619,-0.380277
626.5,455.0,-0.364202,-0.381867
628.78,455.0,-0.366189,-0.383907
631.05,455.0,-0.367372,-0.384945
633.15,455.0,-0.367921,-0.385438
635.43,455.0,-0.367828,-0.385382
637.7,455.0,-0.36679,-0.384587
639.98,455.0,-0.366405,-0.383885
642.08,455.0,-0.365314,-0.382776
644.35,455.0,-0.364966,-0.382471
646.63,455.0,-0.365582,-0.383115
648.9,455.0,-0.366578,-0.38439
651.0,455.0,-0.369171,-0.386947
653.28,455.0,-0.371898,-0.389338
655.55,455.0,-0.374252,-0.391747
657.65,455.0,-0.376356,-0.393746
659.93,455.0,-0.37833,-0.395715
662.2,455.0,-0.379467,-0.396966
664.3,455.0,-0.380515,-0.397881
666.58,455.0,-0.380379,-0.397865
668.68,455.0,-0.379418,-0.396802
670.95,455.0,-0.378808,-0.396162
673.23,455.0,-0.377915,-0.395428
675.33,455.0,-0.377449,-0.394821
677.6,455.0,-0.377696,-0.395123
679.88,455.0,-0.378796,-0.396242
682.5,455.0,-0.380838,-0.398127
684.6,455.0,-0.383512,-0.400977
686.88,455.0,-0.386645,-0.403984
689.15,455.0,-0.389729,-0.407009
691.25,455.0,-0.392446,-0.40964
693.53,455.0,-0.394785,-0.411879
695.8,455.0,-0.396929,-0.413971
698.08,455.0,-0.398762,-0.415921
700.18,455.0,-0.400647,-0.417779
702.45,455.0,-0.402579,-0.41959
704.73,455.0,-0.404791,-0.421756
706.83,455.0,-0.406386,-0.423561
709.1,455.0,-0.408352,-0.425354
711.2,455.0,-0.409865,-0.426759
11.73,490.0,-0.214344,-0.233956
13.83,490.0,-0.224169,-0.243515
16.1,490.0,-0.232567,-0.25195
18.2,490.0,-0.239868,-0.259085
20.48,490.0,-0.246279,-0.265336
22.75,490.0,-0.251442,-0.270687
25.03,490.0,-0.255875,-0.274769
27.3,490.0,-0.258851,-0.277647
29.58,490.0,-0.260293,-0.279409
31.68,490.0,-0.26049,-0.279273
33.95,490.0,-0.259634,-0.278694
36.23,490.0,-0.259316,-0.278287
38.5,490.0,-0.258962,-0.277727
40.78,490.0,-0.258272,-0.27724
42.88,490.0,-0.256917,-0.276051
45.15,490.0,-0.254631,-0.273753
47.6,490.0,-0.250928,-0.27008
49.7,490.0,-0.24704,-0.266002
51.98,490.0,-0.243303,-0.262647
54.08,490.0,-0.240715,-0.259936
56.35,490.0,-0.239199,-0.258552
58.63,490.0,-0.238414,-0.257819
60.9,490.0,-0.238438,-0.257801
63.18,490.0,-0.238528,-0.257705
65.45,490.0,-0.238469,-0.257838
67.55,490.0,-0.238549,-0.257711
69.83,490.0,-0.238442,-0.257822
72.1,490.0,-0.238328,-0.257536
74.38,490.0,-0.23704,-0.256288
76.48,490.0,-0.235456,-0.254738
78.75,490.0,-0.234424,-0.253759
80.85,490.0,-0.234849,-0.254196
83.13,490.0,-0.23708,-0.256411
85.23,490.0,-0.240499,-0.259849
87.5,490.0,-0.246223,-0.265429
89.78,490.0,-0.253096,-0.272178
91.88,490.0,-0.261491,-0.280302
94.15,490.0,-0.270154,-0.289119
96.43,490.0,-0.279541,-0.298207
98.53,490.0,-0.289353,-0.308103
100.8,490.0,-0.299757,-0.318306
102.9,490.0,-0.309406,-0.3274
105.18,490.0,-0.3176,-0.335693
107.45,490.0,-0.325046,-0.343284
109.55,490.0,-0.331276,-0.349486
111.83,490.0,-0.336956,-0.355093
114.1,490.0,-0.341202,-0.358888
116.2,490.0,-0.344421,-0.36216
118.48,490.0,-0.346639,-0.364535
120.75,490.0,-0.347896,-0.365854
123.03,490.0,-0.347499,-0.365305
125.13,490.0,-0.344557,-0.362446
127.4,490.0,-0.339452,-0.357773
129.85,490.0,-0.330182,-0.348183
132.13,490.0,-0.318663,-0.336944
134.23,490.0,-0.303577,-0.322092
136.5,490.0,-0.285946,-0.304603
138.95,490.0,-0.263888,-0.282795
141.05,490.0,-0.242326,-0.261504
143.33,490.0,-0.218978,-0.238423
145.43,490.0,-0.192339,-0.212194
147.88,490.0,-0.162899,-0.18318
150.15,490.0,-0.136051,-0.156784
152.43,490.0,-0.109264,-0.130336
154.53,490.0,-0.083436,-0.104988
156.98,490.0,-0.057733,-0.07936
159.25,490.0,-0.037555,-0.059612
161.53,490.0,-0.020133,-0.042108
163.63,490.0,-0.004089,-0.026498
165.73,490.0,0.009275,-0.013439
168.0,490.0,0.019112,-0.003571
170.28,490.0,0.025723,0.003003
172.55,490.0,0.02861,0.006004
174.65,490.0,0.028727,0.005853
176.93,490.0,0.026552,0.003745
179.03,490.0,0.022356,-0.000324
181.3,490.0,0.016487,-0.006193
183.58,490.0,0.008228,-0.014311
185.68,490.0,-0.001627,-0.02403
187.95,490.0,-0.012589,-0.03472
190.23,490.0,-0.024215,-0.046322
192.33,490.0,-0.036581,-0.05867
194.6,490.0,-0.049631,-0.071387
196.88,490.0,-0.062893,-0.084375
198.98,490.0,-0.075068,-0.096328
201.25,490.0,-0.085241,-0.106541
203.53,490.0,-0.094696,-0.11582
205.63,490.0,-0.103263,-0.124209
207.9,490.0,-0.111676,-0.132622
210.18,490.0,-0.120737,-0.14159
212.28,490.0,-0.129249,-0.149902
214.55,490.0,-0.137311,-0.157853
216.83,490.0,-0.144902,-0.165395
218.93,490.0,-0.150789,-0.171242
221.2,490.0,-0.155832,-0.176208
223.3,490.0,-0.159825,-0.179997
225.58,490.0,-0.162314,-0.182588
227.85,490.0,-0.164575,-0.184871
230.13,490.0,-0.166436,-0.186615
232.23,490.0,-0.16838,-0.188497
234.5,490.0,-0.170265,-0.190595
236.78,490.0,-0.172545,-0.192668
239.05,490.0,-0.174233,-0.194363
241.15,490.0,-0.17622,-0.196294
243.43,490.0,-0.178476,-0.198463
245.53,490.0,-0.181054,-0.200912
247.8,490.0,-0.184092,-0.204098
250.08,490.0,-0.187175,-0.207003
252.18,490.0,-0.190118,-0.210019
254.45,490.0,-0.193426,-0.21314
256.73,490.0,-0.196368,-0.216282
258.83,490.0,-0.199437,-0.219119
261.1,490.0,-0.202437,-0.222095
263.38,490.0,-0.206661,-0.22623
265.48,490.0,-0.211803,-0.231347
267.75,490.0,-0.216895,-0.236433
270.03,490.0,-0.222804,-0.242422
272.3,490.0,-0.228691,-0.247905
274.4,490.0,-0.234726,-0.253984
276.68,490.0,-0.240065,-0.25935
278.95,490.0,-0.245524,-0.264846
281.05,490.0,-0.25106,-0.270185
283.33,490.0,-0.256535,-0.275709
285.6,490.0,-0.262909,-0.281929
287.7,490.0,-0.269015,-0.287693
289.98,490.0,-0.275906,-0.294498
292.25,490.0,-0.28297,-0.301602
294.35,490.0,-0.290623,-0.309162
296.63,490.0,-0.298552,-0.316947
298.73,490.0,-0.305453,-0.323925
301.0,490.0,-0.312265,-0.330496
303.28,490.0,-0.317218,-0.335379
305.38,490.0,-0.321137,-0.339212
307.65,490.0,-0.323217,-0.34143
309.93,490.0,-0.323343,-0.341439
312.03,490.0,-0.320752,-0.338879
314.3,490.0,-0.315703,-0.333848
316.58,490.0,-0.307446,-0.325924
318.85,490.0,-0.296575,-0.315031
320.78,490.0,-0.282924,-0.301621
323.23,490.0,-0.266692,-0.285672
325.5,490.0,-0.248956,-0.26822
327.6,490.0,-0.22846,-0.247915
329.88,490.0,-0.204967,-0.224797
331.98,490.0,-0.179298,-0.19919
334.25,490.0,-0.153571,-0.173987
336.53,490.0,-0.128891,-0.149655
338.63,490.0,-0.104575,-0.125549
340.9,490.0,-0.082222,-0.103445
343.0,490.0,-0.062558,-0.084043
345.28,490.0,-0.046088,-0.067887
347.55,490.0,-0.033029,-0.055102
349.83,490.0,-0.023041,-0.045035
352.1,490.0,-0.017225,-0.039428
354.2,490.0,-0.01562,-0.037967
356.48,490.0,-0.018044,-0.040318
358.58,490.0,-0.023513,-0.045521
360.85,490.0,-0.03192,-0.05387
362.95,490.0,-0.042225,-0.064221
365.23,490.0,-0.054452,-0.076199
367.5,490.0,-0.0681,-0.089492
369.6,490.0,-0.081951,-0.103217
371.88,490.0,-0.096134,-0.117179
373.98,490.0,-0.110922,-0.131757
376.25,490.0,-0.126476,-0.14724
378.53,490.0,-0.142021,-0.162487
380.63,490.0,-0.157653,-0.177961
382.9,490.0,-0.172132,-0.192246
385.18,490.0,-0.186002,-0.205959
387.45,490.0,-0.19992,-0.219621
389.55,490.0,-0.213922,-0.233463
392.0,490.0,-0.226547,-0.245915
394.1,490.0,-0.238056,-0.25728
396.38,490.0,-0.248944,-0.267946
398.65,490.0,-0.258608,-0.277714
400.75,490.0,-0.267505,-0.286516
403.03,490.0,-0.275891,-0.294665
405.3,490.0,-0.283543,-0.302255
407.58,490.0,-0.29082,-0.309307
409.5,490.0,-0.298133,-0.31651
411.95,490.0,-0.304458,-0.322847
414.23,490.0,-0.310589,-0.328977
416.5,490.0,-0.316005,-0.334245
418.6,490.0,-0.321747,-0.339862
420.88,490.0,-0.327607,-0.345604
423.15,490.0,-0.333164,-0.351303
425.25,490.0,-0.339258,-0.357314
427.53,490.0,-0.344738,-0.362406
429.8,490.0,-0.350518,-0.36846
431.9,490.0,-0.356704,-0.374218
434.18,490.0,-0.36391,-0.381599
436.45,490.0,-0.371624,-0.389171
438.55,490.0,-0.379569,-0.396879
440.83,490.0,-0.387573,-0.404889
443.1,490.0,-0.394717,-0.412089
445.38,490.0,-0.402,-0.419045
447.48,490.0,-0.408451,-0.425345
449.75,490.0,-0.415545,-0.432471
452.03,490.0,-0.423032,-0.439757
454.13,490.0,-0.431251,-0.447816
456.4,490.0,-0.440305,-0.456879
458.68,490.0,-0.449988,-0.466633
460.78,490.0,-0.460394,-0.476778
463.05,490.0,-0.471925,-0.488093
465.33,490.0,-0.48492,-0.500977
467.6,490.0,-0.498894,-0.514781
469.7,490.0,-0.513238,-0.528814
471.98,490.0,-0.52776,-0.543087
474.08,490.0,-0.543096,-0.558336
476.35,490.0,-0.558866,-0.573996
478.63,490.0,-0.575484,-0.590265
480.73,490.0,-0.592113,-0.606753
483.0,490.0,-0.608496,-0.622939
485.28,490.0,-0.623789,-0.637967
487.38,490.0,-0.637591,-0.651589
489.65,490.0,-0.649957,-0.663928
491.93,490.0,-0.660992,-0.674689
494.03,490.0,-0.669396,-0.682702
496.3,490.0,-0.674978,-0.688305
498.58,490.0,-0.677532,-0.690918
500.68,490.0,-0.675835,-0.689011
502.95,490.0,-0.670015,-0.683539
505.23,490.0,-0.659766,-0.673416
507.33,490.0,-0.644892,-0.65886
509.6,490.0,-0.625933,-0.639914
511.88,490.0,-0.603016,-0.617326
513.98,490.0,-0.576288,-0.59098
516.25,490.0,-0.547021,-0.562261
518.53,490.0,-0.516063,-0.531553
520.8,490.0,-0.481451,-0.497449
522.9,490.0,-0.448263,-0.464667
525.18,490.0,-0.416698,-0.43374
527.28,490.0,-0.385465,-0.402936
529.55,490.0,-0.357151,-0.374754
531.83,490.0,-0.332551,-0.350847
533.93,490.0,-0.312376,-0.3307
536.2,490.0,-0.295752,-0.314249
538.3,490.0,-0.283586,-0.302283
540.58,490.0,-0.276356,-0.294966
542.85,490.0,-0.273642,-0.292376
545.13,490.0,-0.276356,-0.29496
547.23,490.0,-0.283904,-0.302449
549.5,490.0,-0.29647,-0.314929
551.78,490.0,-0.313454,-0.331513
553.88,490.0,-0.332135,-0.350114
556.15,490.0,-0.353398,-0.371045
558.43,490.0,-0.375887,-0.393364
560.53,490.0,-0.398962,-0.415934
562.8,490.0,-0.42122,-0.437942
565.08,490.0,-0.442708,-0.459202
567.18,490.0,-0.462979,-0.479214
569.45,490.0,-0.482776,-0.498651
571.55,490.0,-0.501143,-0.517076
573.83,490.0,-0.518034,-0.533324
575.93,490.0,-0.532535,-0.547893
578.38,490.0,-0.547486,-0.562609
580.65,490.0,-0.559193,-0.574184
582.75,490.0,-0.57012,-0.584917
585.03,490.0,-0.579784,-0.594467
587.3,490.0,-0.588225,-0.602689
589.4,490.0,-0.595305,-0.609929
591.68,490.0,-0.600816,-0.615308
593.95,490.0,-0.605277,-0.61967
596.05,490.0,-0.608647,-0.623025
598.33,490.0,-0.611315,-0.625591
600.43,490.0,-0.61415,-0.628327
602.7,490.0,-0.616805,-0.63102
604.98,490.0,-0.619402,-0.633777
607.25,490.0,-0.622119,-0.636343
609.35,490.0,-0.624032,-0.638241
611.63,490.0,-0.626244,-0.640373
613.9,490.0,-0.628145,-0.642366
616.0,490.0,-0.629947,-0.643891
618.28,490.0,-0.631374,-0.645419
620.38,490.0,-0.632739,-0.646799
622.65,490.0,-0.633663,-0.647853
624.93,490.0,-0.634569,-0.648663
627.03,490.0,-0.634978,-0.648974
629.3,490.0,-0.635058,-0.649116
631.58,490.0,-0.634214,-0.648352
633.68,490.0,-0.633481,-0.647455
635.95,490.0,-0.632763,-0.646636
638.23,490.0,-0.632301,-0.646306
640.33,490.0,-0.631512,-0.645557
642.6,490.0,-0.630114,-0.644177
644.7,490.0,-0.628013,-0.642193
646.98,490.0,-0.625604,-0.639806
649.25,490.0,-0.623145,-0.637286
651.53,490.0,-0.62073,-0.634898
653.45,490.0,-0.617695,-0.631857
655.9,490.0,-0.614698,-0.629005
658.18,490.0,-0.611556,-0.625912
660.45,490.0,-0.608845,-0.623136
662.55,490.0,-0.60565,-0.620015
664.83,490.0,-0.602535,-0.616919
667.1,490.0,-0.598986,-0.613515
669.2,490.0,-0.595693,-0.610293
671.48,490.0,-0.59174,-0.606285
673.58,490.0,-0.587609,-0.602163
675.85,490.0,-0.583808,-0.598558
678.13,490.0,-0.57987,-0.594501
680.4,490.0,-0.576032,-0.590936
682.5,490.0,-0.572551,-0.587652
684.78,490.0,-0.569405,-0.584276
687.05,490.0,-0.564991,-0.580086
689.15,490.0,-0.560046,-0.575055
691.43,490.0,-0.555197,-0.570148
693.7,490.0,-0.549362,-0.564405
695.8,490.0,-0.543925,-0.55907
698.08,490.0,-0.538071,-0.553302
700.18,490.0,-0.53272,-0.548142
702.45,490.0,-0.527129,-0.542381
704.73,490.0,-0.521479,-0.536962
706.83,490.0,-0.516426,-0.531956
709.28,490.0,-0.511146,-0.526784
711.38,490.0,-0.506944,-0.522612
11.73,525.0,-0.305918,-0.324221
14.0,525.0,-0.302363,-0.320888
16.1,525.0,-0.297782,-0.316205
18.38,525.0,-0.293167,-0.311652
20.65,525.0,-0.28838,-0.307135
22.93,525.0,-0.282523,-0.301177
25.2,525.0,-0.276716,-0.295502
27.3,525.0,-0.270308,-0.289172
29.58,525.0,-0.263571,-0.282431
31.85,525.0,-0.256753,-0.275841
33.95,525.0,-0.251122,-0.270176
36.23,525.0,-0.246873,-0.265804
38.33,525.0,-0.243445,-0.262622
40.6,525.0,-0.240136,-0.259572
42.88,525.0,-0.236932,-0.256112
44.98,525.0,-0.232554,-0.251821
47.25,525.0,-0.227758,-0.246913
49.53,525.0,-0.223244,-0.242591
51.63,525.0,-0.219122,-0.238525
53.9,525.0,-0.215552,-0.234942
56.18,525.0,-0.212508,-0.231935
58.28,525.0,-0.209147,-0.228663
60.55,525.0,-0.205071,-0.224763
62.83,525.0,-0.200888,-0.220746
64.93,525.0,-0.197517,-0.217175
67.2,525.0,-0.193663,-0.213685
69.48,525.0,-0.189794,-0.209652
71.58,525.0,-0.185845,-0.205878
73.85,525.0,-0.181627,-0.201652
76.13,525.0,-0.177715,-0.197804
78.23,525.0,-0.174732,-0.19488
80.5,525.0,-0.173608,-0.193679
82.78,525.0,-0.173386,-0.193666
84.88,525.0,-0.174221,-0.194514
87.15,525.0,-0.175527,-0.195641
89.25,525.0,-0.176328,-0.196402
91.53,525.0,-0.176282,-0.196519
93.8,525.0,-0.176658,-0.19676
95.9,525.0,-0.177671,-0.197696
98.18,525.0,-0.17984,-0.199797
100.45,525.0,-0.183491,-0.203402
102.55,525.0,-0.188488,-0.208294
104.83,525.0,-0.195281,-0.215241
106.93,525.0,-0.202736,-0.222502
109.2,525.0,-0.210897,-0.23062
111.3,525.0,-0.21854,-0.238121
113.58,525.0,-0.225632,-0.244951
115.85,525.0,-0.231057,-0.250305
118.13,525.0,-0.235657,-0.254908
120.23,525.0,-0.238559,-0.257761
122.5,525.0,-0.239769,-0.258864
124.78,525.0,-0.239403,-0.258506
127.05,525.0,-0.237699,-0.256815
129.15,525.0,-0.234048,-0.253269
131.43,525.0,-0.228934,-0.248318
133.7,525.0,-0.222912,-0.242302
135.8,525.0,-0.214831,-0.23443
138.08,525.0,-0.204646,-0.224206
140.35,525.0,-0.192299,-0.212145
142.63,525.0,-0.177678,-0.197499
144.73,525.0,-0.161529,-0.181978
147.0,525.0,-0.144455,-0.164862
149.1,525.0,-0.125136,-0.145956
151.38,525.0,-0.104289,-0.125346
153.65,525.0,-0.082672,-0.104129
155.93,525.0,-0.061214,-0.082906
157.85,525.0,-0.042444,-0.064317
160.3,525.0,-0.025118,-0.047151
162.4,525.0,-0.009178,-0.031405
164.68,525.0,0.004146,-0.01843
166.95,525.0,0.014879,-0.007675
169.23,525.0,0.022618,-0.000201
171.33,525.0,0.027778,0.005119
173.43,525.0,0.030517,0.007627
175.7,525.0,0.031182,0.008339
177.98,525.0,0.030089,0.007187
180.25,525.0,0.027248,0.004482
182.35,525.0,0.022716,3.9e-05
184.63,525.0,0.01719,-0.005417
186.73,525.0,0.010156,-0.012299
189.0,525.0,0.003126,-0.019363
191.28,525.0,-0.004745,-0.027022
193.38,525.0,-0.011809,-0.033941
195.65,525.0,-0.019221,-0.04123
197.93,525.0,-0.025232,-0.047404
200.03,525.0,-0.030555,-0.052354
202.3,525.0,-0.034717,-0.056541
204.4,525.0,-0.038621,-0.060537
206.68,525.0,-0.04233,-0.064215
208.95,525.0,-0.045882,-0.067773
211.23,525.0,-0.049132,-0.071205
213.33,525.0,-0.052678,-0.074434
215.6,525.0,-0.055571,-0.077425
217.7,525.0,-0.056489,-0.078091
219.98,525.0,-0.054431,-0.076048
222.25,525.0,-0.049434,-0.071205
224.35,525.0,-0.042311,-0.064286
226.63,525.0,-0.033559,-0.055685
228.9,525.0,-0.023907,-0.046014
231.0,525.0,-0.014856,-0.03728
233.28,525.0,-0.007616,-0.029662
235.55,525.0,-0.002607,-0.025007
237.83,525.0,-0.00106,-0.023433
239.93,525.0,-0.002478,-0.02481
242.2,525.0,-0.006865,-0.029061
244.48,525.0,-0.012971,-0.035287
246.58,525.0,-0.020937,-0.042977
248.85,525.0,-0.029255,-0.051452
251.13,525.0,-0.037638,-0.059563
253.23,525.0,-0.045515,-0.067397
255.5,525.0,-0.05253,-0.074295
257.78,525.0,-0.05851,-0.080001
259.88,525.0,-0.062293,-0.083882
262.15,525.0,-0.063981,-0.085534
264.25,525.0,-0.062468,-0.083774
266.53,525.0,-0.058661,-0.08021
268.8,525.0,-0.053217,-0.074988
270.9,525.0,-0.047706,-0.069529
273.18,525.0,-0.043768,-0.065657
275.28,525.0,-0.041285,-0.063319
277.55,525.0,-0.040909,-0.06281
279.48,525.0,-0.041575,-0.063442
281.93,525.0,-0.042946,-0.064936
284.2,525.0,-0.045075,-0.067012
286.48,525.0,-0.047887,-0.069643
288.58,525.0,-0.052616,-0.074258
290.85,525.0,-0.058885,-0.08038
292.95,525.0,-0.067795,-0.089283
295.23,525.0,-0.079141,-0.100395
297.33,525.0,-0.092662,-0.113642
299.6,525.0,-0.107585,-0.128439
301.88,525.0,-0.122274,-0.143069
303.98,525.0,-0.135262,-0.155922
306.25,525.0,-0.146763,-0.167342
308.35,525.0,-0.155922,-0.176162
310.63,525.0,-0.162693,-0.182856
312.9,525.0,-0.167132,-0.187326
315.0,525.0,-0.169147,-0.18936
317.28,525.0,-0.168149,-0.188362
319.38,525.0,-0.164424,-0.184763
321.65,525.0,-0.158417,-0.178839
323.75,525.0,-0.149212,-0.169622
326.03,525.0,-0.137268,-0.157903
328.3,525.0,-0.123272,-0.144009
330.4,525.0,-0.10692,-0.128017
332.68,525.0,-0.089449,-0.110832
334.95,525.0,-0.072548,-0.094083
337.23,525.0,-0.057222,-0.078852
339.33,525.0,-0.043306,-0.065149
341.6,525.0,-0.030777,-0.052897
343.7,525.0,-0.019536,-0.041883
345.98,525.0,-0.009948,-0.032179
348.25,525.0,-0.002527,-0.02493
350.53,525.0,0.002889,-0.019659
352.8,525.0,0.005782,-0.016729
355.08,525.0,0.007069,-0.015481
357.35,525.0,0.00674,-0.015632
359.45,525.0,0.005458,-0.016886
361.73,525.0,0.002757,-0.019634
363.83,525.0,-0.001051,-0.023525
366.1,525.0,-0.005694,-0.028128
368.38,525.0,-0.011202,-0.03343
370.48,525.0,-0.018805,-0.040943
372.75,525.0,-0.027746,-0.049714
374.85,525.0,-0.037897,-0.059847
377.13,525.0,-0.04838,-0.070417
379.4,525.0,-0.059819,-0.081301
381.5,525.0,-0.070832,-0.092305
383.78,525.0,-0.080974,-0.102299
386.05,525.0,-0.090404,-0.111596
388.33,525.0,-0.098639,-0.1198
390.43,525.0,-0.105598,-0.126735
392.7,525.0,-0.110768,-0.131763
394.98,525.0,-0.115866,-0.136649
397.25,525.0,-0.120737,-0.141482
399.53,525.0,-0.125136,-0.145866
401.63,525.0,-0.129625,-0.150306
403.9,525.0,-0.132567,-0.153389
406.18,525.0,-0.133972,-0.154668
408.45,525.0,-0.134184,-0.154964
410.73,525.0,-0.134643,-0.155309
412.83,525.0,-0.135894,-0.156575
415.1,525.0,-0.137909,-0.158663
417.2,525.0,-0.141673,-0.162043
419.48,525.0,-0.146362,-0.166864
421.75,525.0,-0.151704,-0.17216
424.03,525.0,-0.1585,-0.178642
426.13,525.0,-0.165173,-0.185222
428.4,525.0,-0.17111,-0.191202
430.68,525.0,-0.175007,-0.19489
432.78,525.0,-0.177739,-0.197733
435.05,525.0,-0.179603,-0.199822
437.33,525.0,-0.181646,-0.20179
439.25,525.0,-0.183898,-0.204033
441.7,525.0,-0.18692,-0.206781
443.98,525.0,-0.190589,-0.210691
446.08,525.0,-0.195761,-0.215675
448.35,525.0,-0.201864,-0.221498
450.63,525.0,-0.209415,-0.228753
452.9,525.0,-0.21679,-0.236319
455.0,525.0,-0.224649,-0.244276
457.28,525.0,-0.23257,-0.251984
459.55,525.0,-0.240157,-0.259427
461.83,525.0,-0.248287,-0.267376
463.93,525.0,-0.256593,-0.275734
466.2,525.0,-0.266722,-0.285481
468.48,525.0,-0.278361,-0.296987
470.58,525.0,-0.291451,-0.310191
472.85,525.0,-0.306719,-0.325111
475.13,525.0,-0.323605,-0.341645
477.4,525.0,-0.341356,-0.35915
479.5,525.0,-0.360866,-0.378725
481.78,525.0,-0.381886,-0.399347
483.88,525.0,-0.404544,-0.421507
486.15,525.0,-0.427492,-0.444292
488.43,525.0,-0.450225,-0.466694
490.53,525.0,-0.474492,-0.490773
492.8,525.0,-0.500619,-0.51634
494.9,525.0,-0.526343,-0.541756
497.18,525.0,-0.551494,-0.566676
499.45,525.0,-0.576229,-0.591254
501.55,525.0,-0.600024,-0.614402
504.0,525.0,-0.62325,-0.637467
506.1,525.0,-0.644328,-0.658293
508.38,525.0,-0.664495,-0.678047
510.65,525.0,-0.683234,-0.69618
512.75,525.0,-0.697837,-0.710986
515.03,525.0,-0.707323,-0.720299
517.3,525.0,-0.70988,-0.722899
519.4,525.0,-0.70438,-0.71751
521.68,525.0,-0.690043,-0.703275
523.95,525.0,-0.666321,-0.679972
526.05,525.0,-0.635135,-0.649143
528.33,525.0,-0.598022,-0.612541
530.6,525.0,-0.556448,-0.57179
532.7,525.0,-0.515576,-0.531115
534.98,525.0,-0.473531,-0.489794
537.25,525.0,-0.434242,-0.450906
539.53,525.0,-0.398189,-0.415296
541.63,525.0,-0.36797,-0.385435
543.9,525.0,-0.345462,-0.363512
546.18,525.0,-0.329289,-0.347397
548.45,525.0,-0.318035,-0.336251
550.73,525.0,-0.312046,-0.33041
553.0,525.0,-0.310502,-0.328759
555.28,525.0,-0.312921,-0.330986
557.38,525.0,-0.317776,-0.336152
559.65,525.0,-0.325382,-0.343635
561.93,525.0,-0.333611,-0.351534
564.2,525.0,-0.342493,-0.360333
566.3,525.0,-0.352033,-0.369831
568.58,525.0,-0.360903,-0.37854
570.85,525.0,-0.370006,-0.38756
572.95,525.0,-0.379634,-0.397052
575.23,525.0,-0.388907,-0.406075
577.33,525.0,-0.396482,-0.413611
579.6,525.0,-0.402794,-0.419902
581.88,525.0,-0.407197,-0.424205
584.15,525.0,-0.410431,-0.427452
586.25,525.0,-0.412181,-0.429288
588.53,525.0,-0.41273,-0.429593
590.8,525.0,-0.411935,-0.428943
592.9,525.0,-0.409563,-0.426695
595.18,525.0,-0.405789,-0.422979
597.45,525.0,-0.400653,-0.417723
599.55,525.0,-0.393934,-0.411155
601.83,525.0,-0.3859,-0.403429
603.93,525.0,-0.377292,-0.394711
606.2,525.0,-0.367474,-0.38484
608.48,525.0,-0.358041,-0.375863
610.75,525.0,-0.348278,-0.366017
612.85,525.0,-0.338759,-0.356596
615.13,525.0,-0.328635,-0.346698
617.4,525.0,-0.318062,-0.336316
619.5,525.0,-0.307191,-0.325456
621.78,525.0,-0.295672,-0.314289
624.05,525.0,-0.283879,-0.302699
626.15,525.0,-0.272111,-0.290918
628.43,525.0,-0.260305,-0.279199
630.7,525.0,-0.248377,-0.267539
632.98,525.0,-0.236645,-0.25594
635.08,525.0,-0.225216,-0.244852
637.35,525.0,-0.214015,-0.2337
639.45,525.0,-0.203084,-0.222835
641.73,525.0,-0.192585,-0.212428
644.0,525.0,-0.182376,-0.202326
646.1,525.0,-0.172231,-0.192505
648.38,525.0,-0.161932,-0.182219
650.65,525.0,-0.151935,-0.172271
652.75,525.0,-0.142197,-0.162705
655.03,525.0,-0.132403,-0.153078
657.3,525.0,-0.122493,-0.143519
659.4,525.0,-0.111994,-0.132989
661.85,525.0,-0.100971,-0.122169
663.95,525.0,-0.090854,-0.112003
666.23,525.0,-0.080805,-0.102114
668.33,525.0,-0.070866,-0.092342
670.6,525.0,-0.061439,-0.083001
672.88,525.0,-0.052551,-0.074363
675.15,525.0,-0.043747,-0.065487
677.25,525.0,-0.034357,-0.056544
679.53,525.0,-0.025139,-0.047247
681.63,525.0,-0.015414,-0.037872
683.9,525.0,-0.005466,-0.027967
686.18,525.0,0.004719,-0.01782
688.28,525.0,0.01458,-0.008134
690.55,525.0,0.024306,0.001512
692.83,525.0,0.033668,0.010837
694.93,525.0,0.043376,0.020452
697.2,525.0,0.052464,0.029426
699.3,525.0,0.061469,0.038326
701.58,525.0,0.070424,0.046875
703.85,525.0,0.080011,0.056678
705.95,525.0,0.089158,0.0656
708.23,525.0,0.098206,0.074497
710.5,525.0,0.107205,0.083483
11.38,560.0,-0.119083,-0.13992
13.65,560.0,-0.107468,-0.12834
15.93,560.0,-0.096313,-0.117712
18.2,560.0,-0.087702,-0.108938
20.48,560.0,-0.080657,-0.102268
22.75,560.0,-0.074566,-0.096033
24.85,560.0,-0.069674,-0.091137
27.13,560.0,-0.064893,-0.086381
29.23,560.0,-0.060811,-0.082465
31.5,560.0,-0.057903,-0.079434
33.6,560.0,-0.05481,-0.076455
36.93,560.0,-0.050155,-0.072055
39.2,560.0,-0.047234,-0.068956
41.3,560.0,-0.044745,-0.066784
43.58,560.0,-0.041957,-0.06391
45.68,560.0,-0.03883,-0.060728
47.95,560.0,-0.035333,-0.057351
50.23,560.0,-0.032197,-0.054311
52.33,560.0,-0.028975,-0.050903
54.6,560.0,-0.026729,-0.048701
56.88,560.0,-0.025192,-0.04724
58.98,560.0,-0.024157,-0.046381
61.25,560.0,-0.022967,-0.045226
63.53,560.0,-0.021692,-0.044024
65.63,560.0,-0.020487,-0.042604
67.9,560.0,-0.019015,-0.041248
70.0,560.0,-0.01741,-0.039579
72.28,560.0,-0.016057,-0.038371
74.55,560.0,-0.015266,-0.037422
76.65,560.0,-0.015996,-0.038081
78.93,560.0,-0.017832,-0.039871
81.2,560.0,-0.020768,-0.042841
83.3,560.0,-0.025426,-0.047354
85.58,560.0,-0.031738,-0.053602
87.85,560.0,-0.039277,-0.061378
89.95,560.0,-0.048337,-0.070152
92.23,560.0,-0.058038,-0.07976
94.5,560.0,-0.067789,-0.089197
96.6,560.0,-0.077474,-0.098845
98.88,560.0,-0.087246,-0.108599
100.98,560.0,-0.09725,-0.118423
103.25,560.0,-0.107844,-0.128737
105.35,560.0,-0.1187,-0.139548
107.63,560.0,-0.129766,-0.150401
109.9,560.0,-0.141298,-0.161867
112.18,560.0,-0.152749,-0.173016
114.28,560.0,-0.164039,-0.184304
116.55,560.0,-0.175416,-0.195564
118.65,560.0,-0.186495,-0.206396
121.1,560.0,-0.197274,-0.217206
123.2,560.0,-0.205829,-0.225509
125.48,560.0,-0.212434,-0.23188
127.58,560.0,-0.215718,-0.23521
129.85,560.0,-0.216713,-0.236103
132.13,560.0,-0.215472,-0.235093
134.4,560.0,-0.212983,-0.232588
136.5,560.0,-0.208013,-0.22777
138.78,560.0,-0.200336,-0.219923
141.05,560.0,-0.189471,-0.209409
143.33,560.0,-0.175968,-0.196063
145.43,560.0,-0.160309,-0.180583
147.7,560.0,-0.141889,-0.162444
149.8,560.0,-0.121313,-0.14216
152.08,560.0,-0.098303,-0.119615
154.35,560.0,-0.075962,-0.097481
156.63,560.0,-0.05411,-0.075879
158.73,560.0,-0.033848,-0.055968
161.0,560.0,-0.013793,-0.036137
163.1,560.0,0.004488,-0.017974
165.38,560.0,0.019858,-0.002832
167.65,560.0,0.032593,0.00958
169.93,560.0,0.043813,0.020726
172.2,560.0,0.051872,0.028807
174.3,560.0,0.057852,0.034722
176.58,560.0,0.06304,0.039891
178.85,560.0,0.067153,0.04381
181.13,560.0,0.06917,0.045859
183.4,560.0,0.070739,0.047439
185.5,560.0,0.07218,0.048807
188.13,560.0,0.073508,0.050067
190.4,560.0,0.074004,0.050504
192.5,560.0,0.073511,0.05023
194.78,560.0,0.072377,0.048924
197.05,560.0,0.070538,0.047156
199.33,560.0,0.068533,0.045255
201.43,560.0,0.065585,0.042251
203.7,560.0,0.061863,0.038742
206.15,560.0,0.057753,0.034531
208.43,560.0,0.055732,0.032553
210.7,560.0,0.055246,0.032322
212.8,560.0,0.056478,0.033465
215.43,560.0,0.058942,0.035566
217.7,560.0,0.060415,0.037146
219.98,560.0,0.061299,0.037914
222.25,560.0,0.061589,0.038382
224.7,560.0,0.06129,0.038028
226.98,560.0,0.060853,0.037747
229.25,560.0,0.06007,0.036959
231.53,560.0,0.059072,0.035846
233.98,560.0,0.057917,0.034593
236.25,560.0,0.057282,0.034174
238.35,560.0,0.056891,0.033767
240.63,560.0,0.056447,0.033329
243.08,560.0,0.056124,0.032969
245.35,560.0,0.055092,0.032042
247.45,560.0,0.053388,0.030252
249.73,560.0,0.051099,0.028006
252.0,560.0,0.048847,0.02576
254.28,560.0,0.046974,0.023745
256.38,560.0,0.045523,0.022618
258.65,560.0,0.044146,0.021148
260.75,560.0,0.042735,0.019808
263.03,560.0,0.040341,0.017636
265.3,560.0,0.037938,0.015042
267.58,560.0,0.035326,0.012587
269.68,560.0,0.032174,0.009411
271.95,560.0,0.029103,0.006275
274.05,560.0,0.026037,0.003416
276.33,560.0,0.022957,0.000369
278.43,560.0,0.019029,-0.003621
280.7,560.0,0.013539,-0.008969
282.98,560.0,0.005655,-0.016618
285.08,560.0,-0.004573,-0.026818
287.35,560.0,-0.016618,-0.038802
289.63,560.0,-0.030814,-0.052826
291.73,560.0,-0.043738,-0.065651
294.0,560.0,-0.057884,-0.079455
296.28,560.0,-0.071667,-0.093081
298.55,560.0,-0.084677,-0.106073
300.65,560.0,-0.097145,-0.118195
302.93,560.0,-0.10822,-0.129113
305.2,560.0,-0.117407,-0.13806
307.48,560.0,-0.124113,-0.144822
309.58,560.0,-0.128432,-0.149107
311.85,560.0,-0.130207,-0.151029
314.13,560.0,-0.129797,-0.150552
316.23,560.0,-0.126975,-0.147554
318.5,560.0,-0.121273,-0.142188
320.78,560.0,-0.112145,-0.133137
323.05,560.0,-0.099837,-0.121048
325.15,560.0,-0.085364,-0.106729
327.43,560.0,-0.069203,-0.090484
329.53,560.0,-0.051372,-0.073171
331.8,560.0,-0.033192,-0.055204
334.08,560.0,-0.013565,-0.035675
336.35,560.0,0.006546,-0.016014
338.45,560.0,0.025782,0.003132
340.73,560.0,0.044386,0.021342
342.83,560.0,0.061478,0.038289
345.1,560.0,0.077787,0.054389
347.38,560.0,0.093292,0.069611
349.65,560.0,0.105751,0.081869
351.93,560.0,0.116161,0.092334
354.03,560.0,0.124155,0.100246
356.3,560.0,0.130132,0.106207
358.58,560.0,0.132242,0.108268
360.85,560.0,0.131164,0.107119
362.95,560.0,0.12734,0.103289
365.23,560.0,0.12092,0.096949
367.5,560.0,0.113499,0.089857
369.6,560.0,0.105933,0.082119
371.88,560.0,0.0984,0.074787
374.15,560.0,0.090785,0.067113
376.25,560.0,0.082704,0.059044
378.53,560.0,0.074075,0.050674
380.8,560.0,0.065692,0.042347
382.9,560.0,0.057402,0.034109
385.18,560.0,0.050252,0.02718
387.45,560.0,0.044195,0.021315
389.55,560.0,0.039417,0.016487
391.83,560.0,0.034602,0.011691
394.1,560.0,0.029725,0.006922
396.2,560.0,0.023782,0.001145
398.48,560.0,0.017907,-0.004717
400.58,560.0,0.011108,-0.011399
402.85,560.0,0.004704,-0.017823
405.13,560.0,-0.002163,-0.024569
407.4,560.0,-0.00757,-0.02997
409.5,560.0,-0.011449,-0.033731
411.78,560.0,-0.014003,-0.036338
414.05,560.0,-0.015293,-0.037499
416.33,560.0,-0.016122,-0.038291
418.6,560.0,-0.016828,-0.039113
420.7,560.0,-0.018245,-0.040306
422.98,560.0,-0.019945,-0.042096
425.08,560.0,-0.021566,-0.043793
427.35,560.0,-0.023765,-0.045731
429.63,560.0,-0.025688,-0.047934
431.73,560.0,-0.027961,-0.050035
434.0,560.0,-0.030996,-0.053007
436.28,560.0,-0.034412,-0.056344
438.38,560.0,-0.039009,-0.061073
440.65,560.0,-0.044274,-0.066258
442.93,560.0,-0.048876,-0.070829
445.03,560.0,-0.053522,-0.075232
447.3,560.0,-0.057601,-0.07932
449.58,560.0,-0.06143,-0.082995
451.68,560.0,-0.066442,-0.088057
453.95,560.0,-0.072789,-0.094314
456.05,560.0,-0.081926,-0.103383
458.33,560.0,-0.093214,-0.114471
460.43,560.0,-0.10675,-0.127582
462.7,560.0,-0.122132,-0.142745
464.98,560.0,-0.137342,-0.157875
467.25,560.0,-0.154317,-0.174729
469.53,560.0,-0.172379,-0.192487
471.63,560.0,-0.192237,-0.212138
473.9,560.0,-0.214421,-0.233938
476.18,560.0,-0.237379,-0.256716
478.28,560.0,-0.262477,-0.281473
480.73,560.0,-0.292246,-0.310706
483.0,560.0,-0.323053,-0.341396
485.1,560.0,-0.354969,-0.372634
487.38,560.0,-0.391445,-0.408524
489.65,560.0,-0.43041,-0.446815
491.75,560.0,-0.471423,-0.487585
494.03,560.0,-0.517659,-0.533241
496.13,560.0,-0.56606,-0.58077
498.4,560.0,-0.61658,-0.630856
500.68,560.0,-0.664676,-0.678241
502.78,560.0,-0.708539,-0.721602
504.88,560.0,-0.739497,-0.752085
507.15,560.0,-0.752449,-0.764802
509.43,560.0,-0.738194,-0.750727
511.7,560.0,-0.66866,-0.682233
513.98,560.0,-0.525508,-0.541318
516.08,560.0,-0.312924,-0.331467
518.35,560.0,-0.051027,-0.073288
520.45,560.0,0.22742,0.201376
522.73,560.0,0.496203,0.466838
525.0,560.0,0.741545,0.709126
527.28,560.0,0.954554,0.919323
529.38,560.0,1.131526,1.094215
531.65,560.0,1.275515,1.236396
533.93,560.0,1.38895,1.348189
536.2,560.0,1.476131,1.434498
538.3,560.0,1.540499,1.498204
540.58,560.0,1.589646,1.546685
542.68,560.0,1.624963,1.581408
544.95,560.0,1.651556,1.607643
547.23,560.0,1.670268,1.626238
549.33,560.0,1.683336,1.639088
551.43,560.0,1.692526,1.648142
553.88,560.0,1.698885,1.654689
555.98,560.0,1.703764,1.659384
558.25,560.0,1.707067,1.662529
560.53,560.0,1.70927,1.664938
562.63,560.0,1.710379,1.666029
564.9,560.0,1.711352,1.666651
567.0,560.0,1.712101,1.667458
569.28,560.0,1.712464,1.66793
571.55,560.0,1.712434,1.667837
573.65,560.0,1.712726,1.668321
575.93,560.0,1.712745,1.668389
578.2,560.0,1.712788,1.66829
580.48,560.0,1.712816,1.668315
582.58,560.0,1.712828,1.668423
584.85,560.0,1.712794,1.668383
587.13,560.0,1.712822,1.66849
589.05,560.0,1.712846,1.668447
591.5,560.0,1.712748,1.668296
593.78,560.0,1.712859,1.668346
595.88,560.0,1.712415,1.667945
598.15,560.0,1.7124,1.668068
600.25,560.0,1.712415,1.667964
602.53,560.0,1.712449,1.667905
604.8,560.0,1.712434,1.668034
606.9,560.0,1.7124,1.667908
609.18,560.0,1.712443,1.667985
611.45,560.0,1.712381,1.667991
613.55,560.0,1.712418,1.66789
615.83,560.0,1.712461,1.667976
617.93,560.0,1.712415,1.667856
620.2,560.0,1.712736,1.668262
622.3,560.0,1.712834,1.668358
624.58,560.0,1.712785,1.668453
626.85,560.0,1.712757,1.668299
628.95,560.0,1.712927,1.668364
631.4,560.0,1.712837,1.668299
633.68,560.0,1.712772,1.668145
635.78,560.0,1.713201,1.668651
638.05,560.0,1.713647,1.669174
640.15,560.0,1.713626,1.669171
642.43,560.0,1.713617,1.669159
644.7,560.0,1.713564,1.669082
646.8,560.0,1.713503,1.66922
649.08,560.0,1.713592,1.669211
651.18,560.0,1.71366,1.669217
653.45,560.0,1.713213,1.668749
655.73,560.0,1.713173,1.668688
658.0,560.0,1.713173,1.668712
660.1,560.0,1.712834,1.668324
662.38,560.0,1.712763,1.668293
664.3,560.0,1.712785,1.668321
666.75,560.0,1.712788,1.668389
669.03,560.0,1.712788,1.668469
671.13,560.0,1.71289,1.668364
673.4,560.0,1.712809,1.668219
675.68,560.0,1.7128,1.668287
677.78,560.0,1.712464,1.66793
680.05,560.0,1.712415,1.668056
682.33,560.0,1.712387,1.668081
684.43,560.0,1.712452,1.668044
686.7,560.0,1.712486,1.668062
688.8,560.0,1.712514,1.668007
691.08,560.0,1.712366,1.667942
693.35,560.0,1.712421,1.668127
695.45,560.0,1.712394,1.667967
697.73,560.0,1.712369,1.667951
699.83,560.0,1.712369,1.668062
701.93,560.0,1.712816,1.668327
704.38,560.0,1.712883,1.668355
706.48,560.0,1.71293,1.668361
708.75,560.0,1.712776,1.668346
711.03,560.0,1.712856,1.668275
11.38,595.0,-0.05501,-0.076948
13.65,595.0,-0.054994,-0.076636
15.93,595.0,-0.054227,-0.075943
18.03,595.0,-0.053115,-0.074822
20.3,595.0,-0.051818,-0.07355
22.58,595.0,-0.05058,-0.072437
24.85,595.0,-0.049668,-0.071618
27.13,595.0,-0.049292,-0.071295
29.4,595.0,-0.049819,-0.07155
31.5,595.0,-0.050768,-0.072518
33.78,595.0,-0.052357,-0.074036
36.05,595.0,-0.053855,-0.075515
38.33,595.0,-0.055127,-0.076649
40.43,595.0,-0.055718,-0.077388
42.7,595.0,-0.055118,-0.076815
44.8,595.0,-0.053084,-0.074785
47.08,595.0,-0.050284,-0.072074
49.35,595.0,-0.048066,-0.06985
51.63,595.0,-0.04643,-0.068346
53.73,595.0,-0.046738,-0.068392
56.0,595.0,-0.048574,-0.070275
58.1,595.0,-0.052314,-0.073944
60.38,595.0,-0.057502,-0.079101
62.65,595.0,-0.063414,-0.085078
64.93,595.0,-0.069914,-0.091402
67.03,595.0,-0.075638,-0.097123
69.3,595.0,-0.080986,-0.102305
71.58,595.0,-0.084733,-0.106119
73.85,595.0,-0.088725,-0.109948
76.13,595.0,-0.092801,-0.114132
78.23,595.0,-0.097092,-0.118396
80.5,595.0,-0.101797,-0.122558
82.78,595.0,-0.106741,-0.127521
84.88,595.0,-0.111581,-0.132625
87.15,595.0,-0.11773,-0.138423
89.43,595.0,-0.124326,-0.145124
91.53,595.0,-0.133026,-0.153645
93.8,595.0,-0.142749,-0.163278
96.08,595.0,-0.153747,-0.174036
98.18,595.0,-0.165657,-0.185922
100.45,595.0,-0.178426,-0.198201
102.73,595.0,-0.192705,-0.212487
104.83,595.0,-0.208269,-0.228084
107.1,595.0,-0.224902,-0.244329
109.2,595.0,-0.24159,-0.260792
111.48,595.0,-0.259446,-0.278315
113.75,595.0,-0.276704,-0.295348
116.03,595.0,-0.293559,-0.31204
118.13,595.0,-0.309187,-0.327542
120.4,595.0,-0.322754,-0.341029
122.68,595.0,-0.334332,-0.352338
124.95,595.0,-0.343639,-0.361485
127.05,595.0,-0.351048,-0.368956
129.33,595.0,-0.35561,-0.373152
131.6,595.0,-0.357348,-0.37512
133.88,595.0,-0.355077,-0.37281
135.98,595.0,-0.349221,-0.367077
138.25,595.0,-0.339892,-0.357616
140.53,595.0,-0.327018,-0.345271
142.63,595.0,-0.31131,-0.329492
144.9,595.0,-0.292443,-0.310875
147.18,595.0,-0.271772,-0.290693
149.28,595.0,-0.249135,-0.268269
151.55,595.0,-0.226008,-0.245225
153.83,595.0,-0.201679,-0.221411
155.93,595.0,-0.177835,-0.197807
158.2,595.0,-0.154551,-0.174976
160.3,595.0,-0.133322,-0.153907
162.58,595.0,-0.112918,-0.133891
164.85,595.0,-0.094896,-0.116048
166.95,595.0,-0.078694,-0.10013
169.23,595.0,-0.065176,-0.086707
171.5,595.0,-0.053818,-0.075567
173.6,595.0,-0.044502,-0.06635
175.88,595.0,-0.036258,-0.058269
178.15,595.0,-0.029653,-0.051689
180.25,595.0,-0.024483,-0.046658
182.53,595.0,-0.021516,-0.043602
184.8,595.0,-0.020663,-0.042967
186.9,595.0,-0.021664,-0.043818
189.18,595.0,-0.024036,-0.046208
191.45,595.0,-0.02684,-0.048815
193.55,595.0,-0.029252,-0.051184
195.83,595.0,-0.030611,-0.052555
198.1,595.0,-0.030586,-0.052696
200.2,595.0,-0.030127,-0.052203
202.48,595.0,-0.030309,-0.052191
204.75,595.0,-0.030928,-0.05277
206.85,595.0,-0.032009,-0.05395
209.13,595.0,-0.033349,-0.055457
211.4,595.0,-0.034548,-0.05647
213.5,595.0,-0.035725,-0.05773
215.78,595.0,-0.036159,-0.058091
218.05,595.0,-0.036125,-0.057961
220.15,595.0,-0.035645,-0.057804
222.43,595.0,-0.034486,-0.056295
224.53,595.0,-0.032265,-0.054357
226.8,595.0,-0.028981,-0.050983
229.08,595.0,-0.02546,-0.047558
231.18,595.0,-0.022206,-0.044354
233.63,595.0,-0.019523,-0.041821
235.73,595.0,-0.017604,-0.039862
238.0,595.0,-0.016295,-0.038547
240.1,595.0,-0.015296,-0.037712
242.38,595.0,-0.014921,-0.037182
244.65,595.0,-0.014893,-0.037237
246.75,595.0,-0.01537,-0.037622
249.03,595.0,-0.016963,-0.039286
251.13,595.0,-0.019646,-0.041852
253.4,595.0,-0.023309,-0.045417
255.68,595.0,-0.028004,-0.049942
257.78,595.0,-0.032468,-0.054307
260.05,595.0,-0.036378,-0.058251
262.33,595.0,-0.040574,-0.06253
264.43,595.0,-0.04484,-0.066729
266.7,595.0,-0.048938,-0.07094
268.98,595.0,-0.054286,-0.075835
271.08,595.0,-0.059027,-0.080777
273.35,595.0,-0.064274,-0.08598
275.63,595.0,-0.069742,-0.091221
277.73,595.0,-0.074899,-0.096328
280.0,595.0,-0.081307,-0.102668
282.28,595.0,-0.088263,-0.109486
284.38,595.0,-0.0968,-0.118078
286.65,595.0,-0.107573,-0.128673
288.93,595.0,-0.120299,-0.141257
291.03,595.0,-0.133269,-0.153928
293.3,595.0,-0.145789,-0.16623
295.58,595.0,-0.156713,-0.176904
297.68,595.0,-0.166596,-0.186572
299.95,595.0,-0.175456,-0.19562
302.23,595.0,-0.184779,-0.204797
304.33,595.0,-0.193876,-0.213753
306.6,595.0,-0.203146,-0.222785
308.7,595.0,-0.212037,-0.231578
310.98,595.0,-0.21842,-0.238038
313.25,595.0,-0.222536,-0.241997
315.53,595.0,-0.223324,-0.242782
317.8,595.0,-0.219991,-0.23948
320.08,595.0,-0.213127,-0.232828
322.18,595.0,-0.202428,-0.222089
324.45,595.0,-0.188001,-0.20797
326.73,595.0,-0.169874,-0.190065
329.0,595.0,-0.150272,-0.170709
331.28,595.0,-0.129668,-0.150324
333.38,595.0,-0.106621,-0.127628
335.65,595.0,-0.082422,-0.103928
337.93,595.0,-0.060007,-0.081556
340.2,595.0,-0.038559,-0.060641
342.3,595.0,-0.01859,-0.040919
344.58,595.0,0.000967,-0.021399
346.68,595.0,0.018443,-0.00436
348.95,595.0,0.033336,0.010261
351.23,595.0,0.045742,0.022806
353.33,595.0,0.056154,0.03291
355.6,595.0,0.064016,0.04068
357.88,595.0,0.069432,0.046037
360.15,595.0,0.073471,0.049885
362.25,595.0,0.075036,0.051694
364.53,595.0,0.0747,0.051056
366.8,595.0,0.072017,0.048406
369.08,595.0,0.067627,0.044485
371.18,595.0,0.061191,0.037907
373.45,595.0,0.053792,0.030803
375.73,595.0,0.04596,0.022784
377.83,595.0,0.038132,0.015384
380.1,595.0,0.030575,0.007843
382.55,595.0,0.021623,-0.000971
384.83,595.0,0.014596,-0.007989
387.1,595.0,0.00747,-0.01493
389.2,595.0,0.000612,-0.021778
391.83,595.0,-0.009511,-0.032062
394.1,595.0,-0.018254,-0.040259
396.2,595.0,-0.027213,-0.049221
398.48,595.0,-0.035595,-0.057755
400.93,595.0,-0.045675,-0.067696
403.2,595.0,-0.053895,-0.075531
405.3,595.0,-0.061609,-0.083254
407.58,595.0,-0.069138,-0.090558
410.38,595.0,-0.076486,-0.097856
412.48,595.0,-0.080805,-0.10229
414.75,595.0,-0.08362,-0.105016
417.03,595.0,-0.085219,-0.106458
419.13,595.0,-0.086609,-0.107878
421.4,595.0,-0.088094,-0.109258
423.5,595.0,-0.090167,-0.111482
425.78,595.0,-0.092394,-0.113737
428.05,595.0,-0.094791,-0.116011
430.15,595.0,-0.0968,-0.117804
432.43,595.0,-0.098288,-0.119332
434.7,595.0,-0.100229,-0.121282
436.8,595.0,-0.10179,-0.122715
439.08,595.0,-0.102721,-0.123734
441.35,595.0,-0.103608,-0.124572
443.45,595.0,-0.104948,-0.125897
445.73,595.0,-0.106627,-0.127542
448.0,595.0,-0.108537,-0.129464
450.1,595.0,-0.110524,-0.131267
452.38,595.0,-0.113004,-0.133731
454.65,595.0,-0.116307,-0.137154
456.75,595.0,-0.121264,-0.141941
459.03,595.0,-0.127176,-0.147989
461.3,595.0,-0.135379,-0.156147
463.4,595.0,-0.14492,-0.165358
465.68,595.0,-0.156103,-0.176501
467.78,595.0,-0.169206,-0.189338
470.05,595.0,-0.184948,-0.205139
472.33,595.0,-0.202939,-0.222696
474.43,595.0,-0.223528,-0.242912
476.7,595.0,-0.245182,-0.264224
478.98,595.0,-0.269674,-0.288629
481.08,595.0,-0.296957,-0.315284
483.35,595.0,-0.325801,-0.343934
485.63,595.0,-0.355472,-0.373176
487.73,595.0,-0.387437,-0.404741
490.0,595.0,-0.419834,-0.436694
492.1,595.0,-0.45215,-0.468623
494.38,595.0,-0.485345,-0.501346
496.65,595.0,-0.517908,-0.533361
498.75,595.0,-0.54842,-0.563697
501.03,595.0,-0.578758,-0.593546
503.3,595.0,-0.606318,-0.620715
505.4,595.0,-0.627692,-0.641833
507.68,595.0,-0.63991,-0.653767
509.78,595.0,-0.637206,-0.651309
512.05,595.0,-0.611676,-0.626097
514.33,595.0,-0.535958,-0.551448
516.43,595.0,-0.391192,-0.408731
518.7,595.0,-0.185888,-0.206248
520.8,595.0,0.065033,0.041176
523.08,595.0,0.325794,0.298797
525.35,595.0,0.577617,0.547303
527.45,595.0,0.806443,0.773325
529.73,595.0,1.006865,0.971008
532.0,595.0,1.171335,1.133436
534.28,595.0,1.30688,1.267635
536.38,595.0,1.411799,1.370697
538.65,595.0,1.492231,1.450213
540.93,595.0,1.553814,1.511223
543.03,595.0,1.598108,1.554966
545.3,595.0,1.631728,1.588429
547.58,595.0,1.656303,1.612471
549.68,595.0,1.673284,1.629267
551.95,595.0,1.685169,1.641164
554.23,595.0,1.693968,1.649723
556.33,595.0,1.699926,1.655659
558.43,595.0,1.70451,1.660086
560.88,595.0,1.707686,1.663324
562.98,595.0,1.709763,1.665228
565.25,595.0,1.71081,1.666291
567.53,595.0,1.711636,1.66715
569.63,595.0,1.711984,1.667612
571.9,595.0,1.712418,1.667933
574.18,595.0,1.712828,1.668299
576.28,595.0,1.712785,1.668346
578.55,595.0,1.712809,1.668407
580.83,595.0,1.712779,1.668207
583.1,595.0,1.712782,1.668269
585.2,595.0,1.712763,1.66846
587.48,595.0,1.712732,1.668185
589.75,595.0,1.712739,1.668512
591.85,595.0,1.7128,1.668416
594.13,595.0,1.71235,1.668093
596.4,595.0,1.712153,1.667711
598.5,595.0,1.711793,1.667335
600.78,595.0,1.711734,1.667196
602.88,595.0,1.711306,1.666731
605.15,595.0,1.711318,1.666864
607.43,595.0,1.711411,1.666811
609.7,595.0,1.711713,1.667233
611.8,595.0,1.711707,1.667212
614.08,595.0,1.711808,1.667437
616.18,595.0,1.712058,1.667526
618.45,595.0,1.712045,1.667655
620.73,595.0,1.712434,1.667933
622.83,595.0,1.712449,1.668068
625.1,595.0,1.71231,1.668037
627.2,595.0,1.712471,1.66793
629.48,595.0,1.712532,1.667994
631.75,595.0,1.712455,1.668001
633.85,595.0,1.711867,1.667452
636.13,595.0,1.694291,1.650055
638.4,595.0,1.625256,1.581987
640.5,595.0,1.496673,1.45504
642.78,595.0,1.318666,1.279538
645.05,595.0,1.108941,1.072604
647.15,595.0,0.894314,0.860697
649.43,595.0,0.691231,0.660294
651.7,595.0,0.507805,0.479081
653.8,595.0,0.350538,0.323865
656.08,595.0,0.220289,0.195116
658.35,595.0,0.11649,0.092929
660.45,595.0,0.034688,0.012134
662.73,595.0,-0.029344,-0.051347
665.0,595.0,-0.077089,-0.098482
667.28,595.0,-0.113035,-0.133753
669.38,595.0,-0.137896,-0.158251
671.65,595.0,-0.155527,-0.175814
673.75,595.0,-0.168559,-0.188753
676.03,595.0,-0.176569,-0.196692
678.3,595.0,-0.181553,-0.201572
680.58,595.0,-0.183553,-0.20362
682.68,595.0,-0.182447,-0.202425
684.95,595.0,-0.177477,-0.197594
687.23,595.0,-0.169184,-0.189267
689.5,595.0,-0.158768,-0.179122
691.6,595.0,-0.146784,-0.167339
693.88,595.0,-0.131827,-0.152539
695.98,595.0,-0.111778,-0.132484
698.25,595.0,-0.080115,-0.101526
700.53,595.0,-0.029289,-0.051455
702.63,595.0,0.054346,0.031
704.9,595.0,0.173298,0.148431
707.18,595.0,0.32815,0.30108
709.45,595.0,0.511,0.481702
11.2,630.0,-0.09103,-0.11244
13.48,630.0,-0.095093,-0.11635
15.75,630.0,-0.098614,-0.119443
17.85,630.0,-0.101769,-0.122878
20.3,630.0,-0.104825,-0.125885
22.4,630.0,-0.10757,-0.128537
24.68,630.0,-0.110071,-0.130993
26.78,630.0,-0.111753,-0.132699
29.05,630.0,-0.113189,-0.134196
31.33,630.0,-0.114646,-0.135509
33.43,630.0,-0.116507,-0.137474
35.7,630.0,-0.119252,-0.139942
37.8,630.0,-0.122222,-0.142822
40.08,630.0,-0.124511,-0.145167
42.35,630.0,-0.12639,-0.147216
44.45,630.0,-0.127536,-0.148167
46.73,630.0,-0.128078,-0.148663
48.83,630.0,-0.127949,-0.148553
51.1,630.0,-0.127117,-0.147878
53.38,630.0,-0.12619,-0.146867
55.65,630.0,-0.125001,-0.14578
57.75,630.0,-0.123667,-0.144384
60.03,630.0,-0.122761,-0.143586
62.13,630.0,-0.122099,-0.142856
64.4,630.0,-0.122801,-0.14359
66.68,630.0,-0.1244,-0.145136
68.95,630.0,-0.128115,-0.148879
71.05,630.0,-0.132786,-0.153392
73.33,630.0,-0.137647,-0.1583
75.6,630.0,-0.143075,-0.163747
77.88,630.0,-0.148932,-0.16936
79.98,630.0,-0.155672,-0.176091
82.25,630.0,-0.163026,-0.183229
84.53,630.0,-0.171467,-0.191519
86.8,630.0,-0.18062,-0.200709
88.9,630.0,-0.190863,-0.210684
91.18,630.0,-0.201821,-0.221362
93.45,630.0,-0.213898,-0.233352
95.55,630.0,-0.226719,-0.246026
97.83,630.0,-0.240672,-0.259942
100.1,630.0,-0.255878,-0.275111
102.2,630.0,-0.272893,-0.291658
104.48,630.0,-0.290096,-0.308605
106.75,630.0,-0.308173,-0.32626
109.03,630.0,-0.325459,-0.343617
111.13,630.0,-0.341769,-0.359806
113.23,630.0,-0.357915,-0.375706
115.5,630.0,-0.373977,-0.39147
117.78,630.0,-0.388826,-0.406097
120.05,630.0,-0.402576,-0.419637
122.15,630.0,-0.414362,-0.431356
124.43,630.0,-0.423626,-0.440447
126.7,630.0,-0.430419,-0.447033
128.8,630.0,-0.433635,-0.450157
131.08,630.0,-0.43382,-0.450465
133.35,630.0,-0.430373,-0.447064
135.45,630.0,-0.422388,-0.439347
137.73,630.0,-0.410619,-0.427837
140.0,630.0,-0.393839,-0.41102
142.28,630.0,-0.374517,-0.392006
144.55,630.0,-0.352859,-0.370619
146.65,630.0,-0.330151,-0.348303
148.75,630.0,-0.305271,-0.323811
151.2,630.0,-0.280305,-0.299079
153.3,630.0,-0.255687,-0.274751
155.58,630.0,-0.232523,-0.251855
157.68,630.0,-0.210068,-0.229779
159.95,630.0,-0.188426,-0.208405
162.23,630.0,-0.169082,-0.189452
164.33,630.0,-0.151997,-0.172447
166.6,630.0,-0.137293,-0.157739
168.88,630.0,-0.124659,-0.145607
170.98,630.0,-0.114477,-0.135299
173.25,630.0,-0.106917,-0.127702
175.53,630.0,-0.101017,-0.122046
177.63,630.0,-0.097151,-0.118251
179.9,630.0,-0.094237,-0.115395
182.18,630.0,-0.092148,-0.113349
184.45,630.0,-0.091489,-0.112699
186.73,630.0,-0.092354,-0.11355
189.0,630.0,-0.094406,-0.11574
191.1,630.0,-0.097194,-0.118377
193.38,630.0,-0.099794,-0.120894
195.48,630.0,-0.102755,-0.123781
197.75,630.0,-0.105552,-0.126596
200.03,630.0,-0.108528,-0.129594
202.13,630.0,-0.110567,-0.131473
204.4,630.0,-0.112034,-0.13293
206.68,630.0,-0.112422,-0.133278
208.78,630.0,-0.111997,-0.132915
211.05,630.0,-0.111224,-0.1322
213.33,630.0,-0.110521,-0.131476
215.6,630.0,-0.10907,-0.130065
217.88,630.0,-0.108149,-0.129098
220.15,630.0,-0.10736,-0.128217
222.25,630.0,-0.106584,-0.127591
224.53,630.0,-0.105022,-0.126002
226.8,630.0,-0.102049,-0.123007
228.9,630.0,-0.097992,-0.119129
231.18,630.0,-0.094286,-0.115466
233.28,630.0,-0.090691,-0.112092
235.55,630.0,-0.087388,-0.108553
237.65,630.0,-0.084381,-0.105672
239.93,630.0,-0.081452,-0.102903
242.2,630.0,-0.079455,-0.100974
244.3,630.0,-0.079049,-0.100392
246.58,630.0,-0.07976,-0.101076
248.68,630.0,-0.081519,-0.1029
250.95,630.0,-0.083229,-0.104643
253.23,630.0,-0.084323,-0.105734
255.5,630.0,-0.086039,-0.107385
257.6,630.0,-0.087801,-0.109144
259.88,630.0,-0.089224,-0.110469
262.15,630.0,-0.089677,-0.110968
264.25,630.0,-0.089597,-0.110922
266.53,630.0,-0.089671,-0.110842
268.8,630.0,-0.090999,-0.112234
270.9,630.0,-0.094347,-0.115595
273.18,630.0,-0.09932,-0.12045
275.28,630.0,-0.106054,-0.127021
277.55,630.0,-0.11322,-0.134249
279.83,630.0,-0.121855,-0.142699
281.93,630.0,-0.130786,-0.151211
284.2,630.0,-0.140342,-0.160848
286.3,630.0,-0.151119,-0.171572
288.58,630.0,-0.163842,-0.184079
290.85,630.0,-0.177838,-0.198023
292.95,630.0,-0.193013,-0.212853
295.23,630.0,-0.208571,-0.228244
297.5,630.0,-0.223987,-0.243365
299.6,630.0,-0.23887,-0.258087
301.88,630.0,-0.252422,-0.27138
304.15,630.0,-0.265284,-0.284116
306.25,630.0,-0.276504,-0.295234
308.53,630.0,-0.285573,-0.304116
310.8,630.0,-0.29167,-0.310262
312.9,630.0,-0.295114,-0.313318
315.18,630.0,-0.2946,-0.313059
317.45,630.0,-0.290737,-0.309295
319.55,630.0,-0.284261,-0.303019
321.83,630.0,-0.275194,-0.293768
324.1,630.0,-0.263392,-0.282431
326.2,630.0,-0.249621,-0.268851
328.48,630.0,-0.233596,-0.2531
330.58,630.0,-0.21496,-0.234575
332.85,630.0,-0.193593,-0.213873
335.13,630.0,-0.17111,-0.191297
337.4,630.0,-0.145965,-0.166602
339.68,630.0,-0.122943,-0.143901
341.95,630.0,-0.099116,-0.120364
344.05,630.0,-0.077428,-0.098734
346.33,630.0,-0.058075,-0.079791
348.6,630.0,-0.041615,-0.063593
350.7,630.0,-0.027989,-0.050072
352.98,630.0,-0.01737,-0.039714
355.25,630.0,-0.008845,-0.031097
357.35,630.0,-0.002613,-0.025105
359.63,630.0,0.002214,-0.020256
361.9,630.0,0.005514,-0.017219
364.0,630.0,0.006275,-0.016137
366.28,630.0,0.005757,-0.01667
368.55,630.0,0.003477,-0.019006
370.65,630.0,-0.000182,-0.022666
372.93,630.0,-0.00408,-0.026473
374.85,630.0,-0.007505,-0.029884
377.3,630.0,-0.010407,-0.032857
379.58,630.0,-0.014033,-0.036285
381.68,630.0,-0.018507,-0.040762
383.6,630.0,-0.023701,-0.045691
386.05,630.0,-0.029385,-0.051393
388.33,630.0,-0.034659,-0.056575
390.6,630.0,-0.039357,-0.061313
392.88,630.0,-0.042428,-0.064332
394.98,630.0,-0.044039,-0.066017
397.25,630.0,-0.043833,-0.065789
399.53,630.0,-0.041794,-0.063713
401.63,630.0,-0.038599,-0.060574
403.9,630.0,-0.035269,-0.05721
406.18,630.0,-0.032752,-0.054748
408.28,630.0,-0.030814,-0.053029
410.55,630.0,-0.030601,-0.052545
412.83,630.0,-0.031569,-0.053682
414.93,630.0,-0.033417,-0.055432
417.2,630.0,-0.034985,-0.057089
419.3,630.0,-0.037046,-0.058932
421.58,630.0,-0.039597,-0.061581
423.85,630.0,-0.043534,-0.06541
425.95,630.0,-0.047585,-0.069505
428.23,630.0,-0.052441,-0.074354
430.33,630.0,-0.057613,-0.079212
432.6,630.0,-0.062441,-0.084104
434.88,630.0,-0.068158,-0.089674
437.15,630.0,-0.073904,-0.095272
439.25,630.0,-0.079514,-0.100888
441.53,630.0,-0.084326,-0.105657
443.63,630.0,-0.088454,-0.10984
445.9,630.0,-0.092955,-0.114295
448.18,630.0,-0.097795,-0.118784
450.28,630.0,-0.104126,-0.125099
452.55,630.0,-0.111473,-0.13212
454.83,630.0,-0.120561,-0.141393
456.93,630.0,-0.13017,-0.150879
459.2,630.0,-0.141066,-0.161368
461.48,630.0,-0.152385,-0.172644
463.75,630.0,-0.165761,-0.18598
465.85,630.0,-0.180851,-0.200909
468.13,630.0,-0.198383,-0.218189
470.4,630.0,-0.216701,-0.236156
472.5,630.0,-0.235462,-0.254708
474.78,630.0,-0.254902,-0.273885
477.05,630.0,-0.276587,-0.295296
479.33,630.0,-0.300188,-0.318577
481.43,630.0,-0.32382,-0.342043
483.7,630.0,-0.348099,-0.365823
485.98,630.0,-0.373786,-0.391248
488.08,630.0,-0.400629,-0.417881
490.35,630.0,-0.426063,-0.442656
492.63,630.0,-0.450434,-0.466808
494.73,630.0,-0.47333,-0.489412
497.0,630.0,-0.493272,-0.509248
499.28,630.0,-0.509193,-0.524985
501.38,630.0,-0.520539,-0.535943
503.65,630.0,-0.526583,-0.541922
505.93,630.0,-0.527899,-0.543506
508.03,630.0,-0.524144,-0.539498
510.3,630.0,-0.515145,-0.530764
512.58,630.0,-0.498977,-0.514855
514.68,630.0,-0.472911,-0.489279
516.95,630.0,-0.435548,-0.452258
519.23,630.0,-0.366414,-0.384042
521.33,630.0,-0.244816,-0.264292
523.78,630.0,-0.03879,-0.061236
525.88,630.0,0.164454,0.139873
528.15,630.0,0.399897,0.37201
530.25,630.0,0.631049,0.6001
532.88,630.0,0.873809,0.839542
534.98,630.0,1.053892,1.017376
537.25,630.0,1.206599,1.168285
539.53,630.0,1.331319,1.291476
541.98,630.0,1.439991,1.398327
544.25,630.0,1.513075,1.470977
546.35,630.0,1.568836,1.525955
548.63,630.0,1.609073,1.565903
551.08,630.0,1.642298,1.598192
553.35,630.0,1.663179,1.61923
555.45,630.0,1.678444,1.634008
557.73,630.0,1.688808,1.644655
560.0,630.0,1.696506,1.652052
562.28,630.0,1.701325,1.656839
564.55,630.0,1.704901,1.66037
566.65,630.0,1.707298,1.662948
568.93,630.0,1.70886,1.664627
571.2,630.0,1.709784,1.665231
573.3,630.0,1.71053,1.665976
575.58,630.0,1.711325,1.666904
577.85,630.0,1.711648,1.667212
580.13,630.0,1.712024,1.667446
582.23,630.0,1.712064,1.667572
584.5,630.0,1.7124,1.667902
586.78,630.0,1.712375,1.667948
588.88,630.0,1.712461,1.667862
591.15,630.0,1.712868,1.668235
593.43,630.0,1.712729,1.668376
595.53,630.0,1.712816,1.66829
597.8,630.0,1.712039,1.667816
600.08,630.0,1.692973,1.648922
602.18,630.0,1.6163,1.573278
604.45,630.0,1.469905,1.42879
606.73,630.0,1.255774,1.217397
608.83,630.0,1.007388,0.972543
611.1,630.0,0.745694,0.714142
613.2,630.0,0.495723,0.467251
615.65,630.0,0.242732,0.217553
617.93,630.0,0.043274,0.020708
620.03,630.0,-0.131291,-0.151664
622.3,630.0,-0.277209,-0.29569
624.75,630.0,-0.408589,-0.425493
627.03,630.0,-0.499747,-0.515182
629.13,630.0,-0.571355,-0.586399
631.4,630.0,-0.628878,-0.642735
633.68,630.0,-0.676824,-0.689984
635.95,630.0,-0.709658,-0.722538
638.05,630.0,-0.7356,-0.747985
640.33,630.0,-0.755566,-0.767846
642.43,630.0,-0.770905,-0.782988
644.7,630.0,-0.782347,-0.794288
646.98,630.0,-0.790258,-0.802119
649.25,630.0,-0.79561,-0.807523
651.35,630.0,-0.799445,-0.811223
653.63,630.0,-0.802923,-0.81487
655.9,630.0,-0.805683,-0.81755
658.0,630.0,-0.807892,-0.819485
660.28,630.0,-0.808478,-0.820261
662.55,630.0,-0.808179,-0.819821
664.65,630.0,-0.807014,-0.81873
666.93,630.0,-0.805117,-0.816956
669.2,630.0,-0.802982,-0.814867
671.3,630.0,-0.800443,-0.812242
673.58,630.0,-0.797387,-0.809199
675.68,630.0,-0.793915,-0.805708
677.95,630.0,-0.790163,-0.802036
680.05,630.0,-0.786454,-0.798345
682.33,630.0,-0.782892,-0.794701
684.6,630.0,-0.779883,-0.791894
686.88,630.0,-0.777664,-0.789673
689.15,630.0,-0.776099,-0.788216
691.43,630.0,-0.774082,-0.786229
693.53,630.0,-0.771284,-0.783539
695.8,630.0,-0.76752,-0.779692
698.08,630.0,-0.763413,-0.77565
700.18,630.0,-0.758589,-0.771035
702.45,630.0,-0.753696,-0.766216
704.73,630.0,-0.749368,-0.761697
706.83,630.0,-0.744479,-0.757085
709.1,630.0,-0.739806,-0.752264
711.2,630.0,-0.73536,-0.748053
11.73,665.0,-0.121778,-0.142727
13.83,665.0,-0.120364,-0.141307
16.28,665.0,-0.119748,-0.140463
18.38,665.0,-0.11976,-0.140453
20.65,665.0,-0.120044,-0.140983
22.93,665.0,-0.120435,-0.14135
25.2,665.0,-0.120423,-0.141448
27.3,665.0,-0.119243,-0.140192
29.58,665.0,-0.117262,-0.138047
31.68,665.0,-0.115281,-0.136036
33.95,665.0,-0.113553,-0.134529
36.23,665.0,-0.111815,-0.132598
38.33,665.0,-0.109622,-0.130626
40.6,665.0,-0.107132,-0.128189
42.88,665.0,-0.104776,-0.125931
44.98,665.0,-0.103574,-0.124797
47.25,665.0,-0.103192,-0.124116
49.35,665.0,-0.104246,-0.125139
51.63,665.0,-0.106048,-0.127176
53.73,665.0,-0.109015,-0.129911
56.0,665.0,-0.113143,-0.134107
58.1,665.0,-0.119012,-0.139776
60.38,665.0,-0.124865,-0.145429
62.65,665.0,-0.131319,-0.151886
64.93,665.0,-0.137074,-0.157625
67.03,665.0,-0.143063,-0.163574
69.3,665.0,-0.148747,-0.169178
71.4,665.0,-0.154375,-0.174837
73.68,665.0,-0.160561,-0.180915
75.95,665.0,-0.167259,-0.187505
78.23,665.0,-0.174714,-0.194874
80.33,665.0,-0.183143,-0.203189
82.6,665.0,-0.192015,-0.211877
84.88,665.0,-0.202702,-0.222317
86.98,665.0,-0.214985,-0.234489
89.25,665.0,-0.228552,-0.247742
91.35,665.0,-0.243254,-0.262539
93.63,665.0,-0.258799,-0.277736
95.9,665.0,-0.275287,-0.294104
98.0,665.0,-0.292024,-0.310573
100.28,665.0,-0.309717,-0.328026
102.55,665.0,-0.326568,-0.344778
104.65,665.0,-0.343056,-0.360869
106.93,665.0,-0.360068,-0.377902
109.2,665.0,-0.378121,-0.395669
111.48,665.0,-0.395866,-0.41309
113.58,665.0,-0.412942,-0.429942
115.85,665.0,-0.428626,-0.445364
117.95,665.0,-0.442246,-0.458709
120.23,665.0,-0.453814,-0.470213
122.5,665.0,-0.462942,-0.479113
124.6,665.0,-0.468783,-0.484911
126.88,665.0,-0.470397,-0.486664
128.98,665.0,-0.46845,-0.484516
131.25,665.0,-0.461892,-0.47821
133.53,665.0,-0.451673,-0.468038
135.63,665.0,-0.437868,-0.454489
138.08,665.0,-0.41943,-0.436171
140.18,665.0,-0.400487,-0.417613
142.45,665.0,-0.37752,-0.394785
144.73,665.0,-0.353297,-0.371155
147.0,665.0,-0.32773,-0.346001
149.1,665.0,-0.302607,-0.320965
151.38,665.0,-0.276997,-0.295869
153.65,665.0,-0.252785,-0.27191
155.75,665.0,-0.231119,-0.25057
158.03,665.0,-0.211122,-0.230881
160.13,665.0,-0.192825,-0.212795
162.4,665.0,-0.177434,-0.197539
164.68,665.0,-0.165016,-0.185114
166.95,665.0,-0.155469,-0.175703
169.23,665.0,-0.148744,-0.168965
171.33,665.0,-0.144794,-0.165401
173.6,665.0,-0.142813,-0.163368
175.7,665.0,-0.14277,-0.163257
177.98,665.0,-0.143999,-0.164449
180.25,665.0,-0.146134,-0.166692
182.53,665.0,-0.148679,-0.16935
184.63,665.0,-0.151609,-0.172083
186.9,665.0,-0.154495,-0.174979
189.0,665.0,-0.157129,-0.17761
191.28,665.0,-0.15997,-0.180198
193.38,665.0,-0.162203,-0.18237
195.65,665.0,-0.164575,-0.184726
197.93,665.0,-0.167105,-0.187422
200.2,665.0,-0.169357,-0.189467
202.3,665.0,-0.171202,-0.191522
204.58,665.0,-0.172862,-0.193204
206.68,665.0,-0.174082,-0.194175
208.95,665.0,-0.174067,-0.194252
211.05,665.0,-0.17411,-0.194258
213.33,665.0,-0.173682,-0.193827
215.6,665.0,-0.172234,-0.192447
217.7,665.0,-0.170299,-0.190413
219.98,665.0,-0.167591,-0.187902
222.25,665.0,-0.164819,-0.185173
224.53,665.0,-0.161864,-0.182219
226.63,665.0,-0.15903,-0.179289
228.9,665.0,-0.155552,-0.175764
231.0,665.0,-0.151652,-0.171984
233.45,665.0,-0.147967,-0.168571
235.73,665.0,-0.144181,-0.164615
237.83,665.0,-0.140635,-0.161187
240.1,665.0,-0.137742,-0.15838
242.38,665.0,-0.135564,-0.156304
244.48,665.0,-0.133399,-0.154018
246.75,665.0,-0.131723,-0.152305
249.03,665.0,-0.130537,-0.151325
251.13,665.0,-0.129847,-0.150604
253.4,665.0,-0.129763,-0.150521
255.68,665.0,-0.12984,-0.150444
257.95,665.0,-0.129184,-0.149964
260.05,665.0,-0.128528,-0.148953
262.33,665.0,-0.127253,-0.147958
264.43,665.0,-0.127234,-0.148063
266.7,665.0,-0.127927,-0.148651
268.98,665.0,-0.13013,-0.15074
271.25,665.0,-0.133577,-0.154323
273.35,665.0,-0.137924,-0.15858
275.63,665.0,-0.143993,-0.164409
277.73,665.0,-0.151572,-0.171911
280.0,665.0,-0.161507,-0.181738
282.28,665.0,-0.173325,-0.193411
284.55,665.0,-0.187145,-0.207058
286.65,665.0,-0.202425,-0.222086
288.93,665.0,-0.218438,-0.237788
291.03,665.0,-0.234116,-0.253429
293.3,665.0,-0.250013,-0.269119
295.58,665.0,-0.265921,-0.284772
297.68,665.0,-0.282225,-0.300835
299.95,665.0,-0.29793,-0.316177
302.23,665.0,-0.311901,-0.330324
304.5,665.0,-0.324384,-0.342662
306.6,665.0,-0.335003,-0.353013
308.88,665.0,-0.344446,-0.362301
310.98,665.0,-0.352425,-0.37024
313.25,665.0,-0.357613,-0.375342
315.35,665.0,-0.360509,-0.378056
317.63,665.0,-0.360179,-0.377733
319.9,665.0,-0.356501,-0.37435
322.0,665.0,-0.349982,-0.367714
324.28,665.0,-0.339634,-0.357662
326.55,665.0,-0.325472,-0.343672
328.65,665.0,-0.307126,-0.32574
330.93,665.0,-0.286612,-0.30525
333.2,665.0,-0.263851,-0.282835
335.3,665.0,-0.240441,-0.25984
337.58,665.0,-0.217668,-0.237151
339.68,665.0,-0.194045,-0.213981
341.95,665.0,-0.171581,-0.192132
344.23,665.0,-0.150512,-0.170943
346.33,665.0,-0.131889,-0.152539
348.6,665.0,-0.113774,-0.134733
350.88,665.0,-0.097388,-0.118679
352.98,665.0,-0.08363,-0.105047
355.25,665.0,-0.071744,-0.093337
357.53,665.0,-0.062086,-0.083682
359.63,665.0,-0.054908,-0.076689
361.9,665.0,-0.050059,-0.071929
364.0,665.0,-0.047776,-0.069699
366.28,665.0,-0.047481,-0.069243
368.55,665.0,-0.048248,-0.070321
370.83,665.0,-0.04911,-0.071091
372.58,665.0,-0.050296,-0.072
375.2,665.0,-0.050916,-0.072863
377.48,665.0,-0.051242,-0.073097
379.75,665.0,-0.051273,-0.073189
381.85,665.0,-0.050851,-0.072816
384.13,665.0,-0.050506,-0.072216
386.4,665.0,-0.050531,-0.072299
388.5,665.0,-0.051347,-0.073057
390.78,665.0,-0.053198,-0.074788
393.05,665.0,-0.055897,-0.077493
395.15,665.0,-0.058753,-0.080306
397.43,665.0,-0.062179,-0.08366
399.53,665.0,-0.065296,-0.086794
401.8,665.0,-0.067823,-0.089135
404.08,665.0,-0.06887,-0.090115
406.18,665.0,-0.068066,-0.089415
408.45,665.0,-0.065823,-0.087311
410.55,665.0,-0.062647,-0.084344
412.83,665.0,-0.059643,-0.081279
415.1,665.0,-0.057739,-0.079224
417.2,665.0,-0.056085,-0.077921
419.48,665.0,-0.055441,-0.076963
421.75,665.0,-0.055469,-0.077308
424.03,665.0,-0.057354,-0.079039
426.13,665.0,-0.060685,-0.082431
428.4,665.0,-0.065497,-0.086923
430.68,665.0,-0.070349,-0.091766
432.78,665.0,-0.074388,-0.095762
435.05,665.0,-0.077995,-0.099455
437.33,665.0,-0.08082,-0.102111
439.6,665.0,-0.082856,-0.10424
441.7,665.0,-0.084449,-0.105681
443.98,665.0,-0.086486,-0.107798
446.08,665.0,-0.089474,-0.110774
448.35,665.0,-0.094301,-0.115349
450.63,665.0,-0.100903,-0.12204
452.73,665.0,-0.109785,-0.130743
455.0,665.0,-0.120204,-0.140959
457.1,665.0,-0.131371,-0.152126
459.38,665.0,-0.143402,-0.163901
461.65,665.0,-0.156966,-0.177314
463.75,665.0,-0.171402,-0.191787
466.03,665.0,-0.18704,-0.206954
468.13,665.0,-0.204594,-0.224252
470.4,665.0,-0.223519,-0.242955
472.68,665.0,-0.242828,-0.261981
474.78,665.0,-0.263833,-0.28285
477.05,665.0,-0.286079,-0.304655
479.33,665.0,-0.309991,-0.328103
481.6,665.0,-0.334501,-0.352206
483.7,665.0,-0.358944,-0.376568
485.98,665.0,-0.384871,-0.402089
488.25,665.0,-0.409184,-0.426152
490.35,665.0,-0.431423,-0.448075
492.63,665.0,-0.4509,-0.467175
494.9,665.0,-0.467945,-0.484199
497.0,665.0,-0.480518,-0.496476
499.28,665.0,-0.488035,-0.504122
501.55,665.0,-0.490653,-0.506553
503.83,665.0,-0.487406,-0.503343
506.1,665.0,-0.479316,-0.495262
508.38,665.0,-0.466682,-0.483124
510.48,665.0,-0.449923,-0.46638
512.75,665.0,-0.429313,-0.4463
515.03,665.0,-0.405857,-0.422979
517.13,665.0,-0.377671,-0.395049
519.4,665.0,-0.348272,-0.366177
521.68,665.0,-0.312785,-0.330872
523.95,665.0,-0.270502,-0.289594
526.05,665.0,-0.218386,-0.237939
528.33,665.0,-0.135269,-0.156119
530.6,665.0,-0.000179,-0.02298
532.88,665.0,0.17848,0.153428
534.98,665.0,0.385649,0.357731
537.25,665.0,0.597306,0.56685
539.35,665.0,0.800229,0.766967
541.63,665.0,0.985839,0.950337
543.9,665.0,1.146812,1.1092
546.0,665.0,1.278879,1.239699
548.28,665.0,1.386947,1.346177
550.55,665.0,1.47167,1.429902
552.83,665.0,1.536411,1.493793
554.93,665.0,1.585283,1.542338
557.2,665.0,1.621078,1.577656
559.48,665.0,1.648623,1.604701
561.58,665.0,1.667896,1.623607
563.85,665.0,1.681549,1.637335
565.95,665.0,1.69089,1.64671
568.23,665.0,1.697532,1.653262
570.5,665.0,1.702064,1.657674
572.78,665.0,1.705179,1.660659
574.88,665.0,1.707141,1.662671
577.15,665.0,1.708817,1.664085
579.43,665.0,1.709713,1.665212
581.53,665.0,1.710191,1.66561
583.8,665.0,1.710952,1.666402
586.08,665.0,1.711349,1.666725
588.18,665.0,1.711688,1.667064
590.45,665.0,1.711959,1.667409
592.73,665.0,1.711993,1.667403
594.83,665.0,1.712276,1.667652
597.1,665.0,1.712326,1.667899
599.38,665.0,1.712474,1.667816
601.65,665.0,1.712289,1.66776
603.75,665.0,1.712375,1.668047
606.03,665.0,1.712486,1.667862
608.13,665.0,1.708515,1.664137
610.4,665.0,1.6674,1.62358
612.68,665.0,1.549193,1.507077
614.78,665.0,1.354015,1.314366
617.05,665.0,1.103873,1.067542
619.33,665.0,0.828341,0.795895
621.43,665.0,0.559817,0.530652
623.7,665.0,0.306031,0.279823
625.98,665.0,0.083222,0.060159
628.08,665.0,-0.091319,-0.112194
630.35,665.0,-0.235687,-0.2546
632.45,665.0,-0.34643,-0.363857
634.73,665.0,-0.429239,-0.445832
637.0,665.0,-0.487674,-0.503558
639.1,665.0,-0.527009,-0.542338
641.38,665.0,-0.55134,-0.566405
643.48,665.0,-0.565527,-0.58041
645.75,665.0,-0.572082,-0.586808
648.03,665.0,-0.573016,-0.587683
650.3,665.0,-0.569667,-0.584535
652.4,665.0,-0.562979,-0.578087
654.68,665.0,-0.554901,-0.569824
656.95,665.0,-0.545502,-0.560678
659.05,665.0,-0.536223,-0.551451
661.33,665.0,-0.527129,-0.542535
663.6,665.0,-0.518503,-0.533832
665.7,665.0,-0.509107,-0.524948
667.98,665.0,-0.500327,-0.516115
670.25,665.0,-0.491793,-0.507763
672.35,665.0,-0.483909,-0.49996
674.63,665.0,-0.476925,-0.492831
676.73,665.0,-0.470262,-0.486531
679.0,665.0,-0.464125,-0.480237
681.28,665.0,-0.458589,-0.474914
683.55,665.0,-0.45333,-0.46988
685.83,665.0,-0.447785,-0.464347
688.1,665.0,-0.442409,-0.458808
690.38,665.0,-0.437409,-0.453857
692.48,665.0,-0.432699,-0.449178
694.75,665.0,-0.428515,-0.445265
697.2,665.0,-0.423364,-0.440077
699.48,665.0,-0.418906,-0.435804
701.58,665.0,-0.41464,-0.431621
703.85,665.0,-0.41049,-0.427569
706.13,665.0,-0.406069,-0.423152
708.4,665.0,-0.402147,-0.419464
710.5,665.0,-0.397825,-0.415022
11.73,700.0,-0.09611,-0.117477
13.83,700.0,-0.096113,-0.117388
16.1,700.0,-0.097046,-0.118254
18.38,700.0,-0.098556,-0.119606
20.48,700.0,-0.100857,-0.121874
22.75,700.0,-0.103223,-0.124249
25.03,700.0,-0.105256,-0.126325
27.3,700.0,-0.106917,-0.127949
29.4,700.0,-0.108069,-0.129012
31.68,700.0,-0.108938,-0.12988
33.95,700.0,-0.109369,-0.130164
36.23,700.0,-0.109689,-0.130509
38.5,700.0,-0.110493,-0.131547
40.6,700.0,-0.11119,-0.132219
42.7,700.0,-0.113189,-0.134267
44.98,700.0,-0.115953,-0.13684
47.25,700.0,-0.118845,-0.139582
49.35,700.0,-0.121562,-0.142299
51.63,700.0,-0.12424,-0.145019
53.9,700.0,-0.127499,-0.148251
56.18,700.0,-0.130333,-0.151122
58.28,700.0,-0.133152,-0.153787
60.55,700.0,-0.136285,-0.156914
62.83,700.0,-0.140817,-0.161174
64.93,700.0,-0.146559,-0.166815
67.2,700.0,-0.153137,-0.173562
69.48,700.0,-0.160878,-0.181063
71.58,700.0,-0.168583,-0.18871
73.85,700.0,-0.17635,-0.196199
76.13,700.0,-0.185118,-0.204994
78.23,700.0,-0.194042,-0.213833
80.5,700.0,-0.203876,-0.223402
82.78,700.0,-0.214541,-0.234255
84.88,700.0,-0.226014,-0.245447
87.15,700.0,-0.237872,-0.257194
89.43,700.0,-0.250472,-0.269677
91.7,700.0,-0.264101,-0.282989
93.8,700.0,-0.279258,-0.297945
96.08,700.0,-0.296023,-0.31455
98.35,700.0,-0.313934,-0.332154
100.45,700.0,-0.331396,-0.349427
102.73,700.0,-0.349504,-0.367231
105.0,700.0,-0.368334,-0.385869
107.1,700.0,-0.387428,-0.404862
109.38,700.0,-0.40671,-0.42362
111.48,700.0,-0.424449,-0.441152
113.75,700.0,-0.440456,-0.457006
115.85,700.0,-0.454344,-0.470721
118.13,700.0,-0.465317,-0.48159
120.4,700.0,-0.472529,-0.488592
122.68,700.0,-0.476393,-0.492437
124.78,700.0,-0.476479,-0.492502
127.05,700.0,-0.472431,-0.488703
129.33,700.0,-0.464831,-0.480958
131.43,700.0,-0.453164,-0.469566
133.7,700.0,-0.437973,-0.454747
135.98,700.0,-0.419344,-0.43638
138.08,700.0,-0.397295,-0.414646
140.35,700.0,-0.372797,-0.390222
142.63,700.0,-0.347502,-0.365348
144.73,700.0,-0.32147,-0.33984
147.0,700.0,-0.293854,-0.312453
149.1,700.0,-0.266833,-0.285672
151.38,700.0,-0.241069,-0.260398
153.65,700.0,-0.217089,-0.236661
155.75,700.0,-0.194301,-0.21411
158.03,700.0,-0.173355,-0.193451
160.3,700.0,-0.155142,-0.175386
162.58,700.0,-0.139455,-0.159905
164.68,700.0,-0.12692,-0.147675
166.95,700.0,-0.117105,-0.137752
169.05,700.0,-0.110327,-0.131224
171.33,700.0,-0.106911,-0.12798
173.6,700.0,-0.106886,-0.127881
175.88,700.0,-0.110075,-0.13107
177.98,700.0,-0.115839,-0.136575
180.08,700.0,-0.123879,-0.144742
182.35,700.0,-0.133851,-0.154437
184.63,700.0,-0.145352,-0.165826
186.9,700.0,-0.157955,-0.178318
189.0,700.0,-0.171612,-0.191738
191.28,700.0,-0.185219,-0.205201
193.55,700.0,-0.198192,-0.217992
195.65,700.0,-0.210367,-0.229893
197.93,700.0,-0.220518,-0.239951
200.2,700.0,-0.228583,-0.248069
202.3,700.0,-0.234994,-0.254156
204.58,700.0,-0.239236,-0.258549
206.68,700.0,-0.242443,-0.261763
208.95,700.0,-0.244517,-0.263774
211.23,700.0,-0.245598,-0.264698
213.5,700.0,-0.24582,-0.264772
215.6,700.0,-0.24504,-0.264366
217.88,700.0,-0.243814,-0.262979
220.15,700.0,-0.242058,-0.261374
222.43,700.0,-0.240096,-0.259387
224.53,700.0,-0.238235,-0.25749
226.8,700.0,-0.235444,-0.254874
228.9,700.0,-0.232169,-0.25147
231.18,700.0,-0.228805,-0.248137
233.45,700.0,-0.225922,-0.245345
235.55,700.0,-0.22346,-0.242881
237.83,700.0,-0.220946,-0.240524
240.1,700.0,-0.218349,-0.237992
242.2,700.0,-0.215438,-0.234963
244.48,700.0,-0.212847,-0.232299
246.75,700.0,-0.210004,-0.22976
249.03,700.0,-0.207434,-0.227126
251.3,700.0,-0.205139,-0.224625
253.4,700.0,-0.20249,-0.222092
255.85,700.0,-0.200071,-0.220037
258.13,700.0,-0.198238,-0.217992
260.4,700.0,-0.197092,-0.217077
262.5,700.0,-0.197256,-0.217003
264.78,700.0,-0.198426,-0.218158
267.05,700.0,-0.200805,-0.220395
269.33,700.0,-0.205265,-0.224979
271.6,700.0,-0.211787,-0.231217
273.88,700.0,-0.219911,-0.239295
275.98,700.0,-0.229597,-0.24882
278.25,700.0,-0.240512,-0.259674
280.53,700.0,-0.252299,-0.27143
282.63,700.0,-0.264658,-0.283485
284.9,700.0,-0.277295,-0.296109
287.18,700.0,-0.290644,-0.309073
289.28,700.0,-0.304467,-0.322859
291.55,700.0,-0.318438,-0.336729
293.83,700.0,-0.332169,-0.350413
295.93,700.0,-0.345733,-0.363712
298.2,700.0,-0.359634,-0.377224
300.48,700.0,-0.372711,-0.39004
302.58,700.0,-0.384415,-0.401507
304.68,700.0,-0.394098,-0.411386
307.13,700.0,-0.402283,-0.419301
309.23,700.0,-0.407425,-0.424415
311.5,700.0,-0.409868,-0.426716
313.78,700.0,-0.408814,-0.42593
316.05,700.0,-0.404655,-0.421654
318.15,700.0,-0.396482,-0.413558
320.43,700.0,-0.385274,-0.402622
322.7,700.0,-0.370832,-0.388306
324.8,700.0,-0.353663,-0.371202
327.08,700.0,-0.334498,-0.352579
329.35,700.0,-0.313999,-0.332446
331.45,700.0,-0.291297,-0.309812
333.73,700.0,-0.268195,-0.287027
336.0,700.0,-0.24561,-0.264954
338.28,700.0,-0.224178,-0.243777
340.38,700.0,-0.202594,-0.222446
342.65,700.0,-0.183377,-0.203214
344.93,700.0,-0.165269,-0.185518
347.03,700.0,-0.14968,-0.169927
349.3,700.0,-0.136387,-0.157098
351.4,700.0,-0.124908,-0.145952
353.68,700.0,-0.116011,-0.136911
355.95,700.0,-0.108522,-0.129455
358.23,700.0,-0.102308,-0.123318
360.33,700.0,-0.097419,-0.118611
362.78,700.0,-0.094009,-0.115099
364.88,700.0,-0.091433,-0.112656
367.15,700.0,-0.089548,-0.110863
369.25,700.0,-0.087656,-0.108993
371.53,700.0,-0.085925,-0.107185
373.8,700.0,-0.084354,-0.105629
375.9,700.0,-0.08257,-0.104039
378.18,700.0,-0.081282,-0.102705
380.28,700.0,-0.080355,-0.101803
382.55,700.0,-0.079763,-0.101073
384.83,700.0,-0.079677,-0.101251
387.1,700.0,-0.079323,-0.100595
389.2,700.0,-0.077795,-0.099083
391.48,700.0,-0.07537,-0.096923
393.75,700.0,-0.071901,-0.093396
396.03,700.0,-0.067949,-0.089575
397.95,700.0,-0.0635,-0.085142
400.4,700.0,-0.060204,-0.081954
402.68,700.0,-0.058624,-0.080124
404.78,700.0,-0.057897,-0.079495
407.05,700.0,-0.057582,-0.079227
409.33,700.0,-0.057977,-0.079566
411.43,700.0,-0.058349,-0.079976
413.7,700.0,-0.05871,-0.080361
415.98,700.0,-0.058987,-0.080685
418.08,700.0,-0.059468,-0.081227
420.35,700.0,-0.060087,-0.081809
422.45,700.0,-0.060715,-0.082283
424.73,700.0,-0.061868,-0.083525
427.0,700.0,-0.063393,-0.085053
429.1,700.0,-0.06537,-0.086883
431.38,700.0,-0.067533,-0.088654
433.65,700.0,-0.069779,-0.09107
435.93,700.0,-0.071717,-0.093054
438.03,700.0,-0.074101,-0.095595
440.3,700.0,-0.077142,-0.098288
442.58,700.0,-0.080956,-0.102382
444.68,700.0,-0.085872,-0.107139
446.95,700.0,-0.092829,-0.113935
449.23,700.0,-0.101162,-0.12229
451.33,700.0,-0.111011,-0.132092
453.6,700.0,-0.122502,-0.143266
455.88,700.0,-0.134397,-0.155053
457.98,700.0,-0.146569,-0.16704
460.25,700.0,-0.15932,-0.179668
462.53,700.0,-0.173257,-0.193254
464.63,700.0,-0.188134,-0.208038
466.9,700.0,-0.205007,-0.224489
469.18,700.0,-0.222551,-0.241972
471.28,700.0,-0.24119,-0.260385
473.55,700.0,-0.262625,-0.281387
475.65,700.0,-0.284868,-0.303401
477.93,700.0,-0.308331,-0.326581
480.2,700.0,-0.331679,-0.349698
482.3,700.0,-0.354603,-0.372332
484.58,700.0,-0.377603,-0.395083
486.85,700.0,-0.399849,-0.417
488.95,700.0,-0.419498,-0.436383
491.23,700.0,-0.436436,-0.453124
493.5,700.0,-0.449963,-0.466457
495.6,700.0,-0.459704,-0.476134
497.88,700.0,-0.465829,-0.482049
500.15,700.0,-0.467745,-0.483934
502.6,700.0,-0.464643,-0.480736
504.7,700.0,-0.456876,-0.473207
506.98,700.0,-0.444997,-0.46143
509.25,700.0,-0.429381,-0.446097
511.53,700.0,-0.40923,-0.42634
513.8,700.0,-0.386522,-0.403922
515.9,700.0,-0.362221,-0.379717
518.18,700.0,-0.336969,-0.355028
520.63,700.0,-0.306658,-0.325136
522.9,700.0,-0.279002,-0.298096
525.18,700.0,-0.251833,-0.271097
527.45,700.0,-0.224286,-0.243799
529.73,700.0,-0.192801,-0.212681
531.83,700.0,-0.161701,-0.182086
534.1,700.0,-0.128519,-0.149277
536.38,700.0,-0.09298,-0.114418
538.65,700.0,-0.053802,-0.075509
540.93,700.0,-0.019385,-0.041714
543.03,700.0,0.015736,-0.00684
545.3,700.0,0.047874,0.024516
547.58,700.0,0.076922,0.053388
549.85,700.0,0.100581,0.07682
551.95,700.0,0.114842,0.090754
554.23,700.0,0.118856,0.094931
556.5,700.0,0.110942,0.087094
558.6,700.0,0.093332,0.069759
560.88,700.0,0.064642,0.041336
563.15,700.0,0.029334,0.00662
565.43,700.0,-0.015635,-0.037693
567.88,700.0,-0.070022,-0.091452
569.98,700.0,-0.124785,-0.14561
572.25,700.0,-0.181581,-0.201414
574.53,700.0,-0.243389,-0.262499
576.8,700.0,-0.306769,-0.324963
578.9,700.0,-0.367345,-0.384671
581.18,700.0,-0.427933,-0.444464
583.45,700.0,-0.484837,-0.500635
585.55,700.0,-0.537184,-0.55216
587.83,700.0,-0.584085,-0.59858
590.1,700.0,-0.625869,-0.639929
592.38,700.0,-0.660083,-0.673592
594.48,700.0,-0.686762,-0.699756
596.75,700.0,-0.705662,-0.718656
598.85,700.0,-0.715945,-0.729088
601.13,700.0,-0.71951,-0.732353
603.4,700.0,-0.716149,-0.729229
605.5,700.0,-0.707991,-0.720816
607.78,700.0,-0.694895,-0.70812
610.05,700.0,-0.678527,-0.691817
612.15,700.0,-0.660206,-0.673934
614.43,700.0,-0.640588,-0.654682
616.7,700.0,-0.621284,-0.635385
618.8,700.0,-0.602015,-0.616593
621.08,700.0,-0.583469,-0.598315
623.18,700.0,-0.565653,-0.580792
625.45,700.0,-0.548823,-0.563999
627.73,700.0,-0.532957,-0.548222
629.83,700.0,-0.518068,-0.533395
632.1,700.0,-0.50281,-0.518604
634.38,700.0,-0.487323,-0.503296
