x,y,z,z2
4.37,0.0,-0.033608,-0.057105
6.65,0.0,-0.033602,-0.056128
8.92,0.0,-0.03383,-0.054443
11.2,0.0,-0.031581,-0.054662
13.48,0.0,-0.028574,-0.048402
15.75,0.0,-0.022672,-0.043996
17.85,0.0,-0.018389,-0.040635
20.13,0.0,-0.014443,-0.036122
22.4,0.0,-0.013319,-0.034631
24.5,0.0,-0.012527,-0.035555
26.78,0.0,-0.016369,-0.03607
29.05,0.0,-0.018026,-0.04045
31.33,0.0,-0.020429,-0.04293
33.43,0.0,-0.023673,-0.045697
35.7,0.0,-0.027456,-0.050447
37.97,0.0,-0.031824,-0.054662
40.07,0.0,-0.035672,-0.058202
42.35,0.0,-0.039163,-0.062659
44.62,0.0,-0.044234,-0.065826
46.72,0.0,-0.048861,-0.072607
49.0,0.0,-0.054252,-0.076621
51.27,0.0,-0.057755,-0.079807
53.72,0.0,-0.061005,-0.084046
55.82,0.0,-0.064902,-0.086695
58.1,0.0,-0.064585,-0.087059
60.2,0.0,-0.066824,-0.086994
62.47,0.0,-0.067662,-0.087342
64.75,0.0,-0.067937,-0.090401
66.85,0.0,-0.070158,-0.09204
69.12,0.0,-0.070164,-0.093488
71.4,0.0,-0.069927,-0.0933
73.5,0.0,-0.070903,-0.091316
75.77,0.0,-0.069009,-0.089905
78.05,0.0,-0.06602,-0.086137
80.32,0.0,-0.063562,-0.084197
82.42,0.0,-0.059307,-0.081723
84.7,0.0,-0.057173,-0.078947
86.97,0.0,-0.050601,-0.073547
89.25,0.0,-0.046507,-0.068275
91.52,0.0,-0.042357,-0.063568
93.62,0.0,-0.038956,-0.061747
95.9,0.0,-0.039526,-0.061402
98.0,0.0,-0.040367,-0.062592
100.27,0.0,-0.041236,-0.064012
102.55,0.0,-0.042277,-0.065161
104.82,0.0,-0.045284,-0.066251
106.92,0.0,-0.046504,-0.067807
109.2,0.0,-0.047447,-0.069933
111.47,0.0,-0.047555,-0.068442
113.57,0.0,-0.045481,-0.067323
115.85,0.0,-0.046057,-0.066914
118.12,0.0,-0.045155,-0.068026
120.22,0.0,-0.045413,-0.068171
122.5,0.0,-0.04566,-0.068124
124.77,0.0,-0.045836,-0.067499
127.05,0.0,-0.045503,-0.067083
129.15,0.0,-0.045959,-0.066757
131.42,0.0,-0.047419,-0.068275
133.7,0.0,-0.049138,-0.072049
135.8,0.0,-0.051153,-0.072893
138.07,0.0,-0.053359,-0.074609
140.35,0.0,-0.052632,-0.074351
142.45,0.0,-0.050817,-0.071784
144.72,0.0,-0.04915,-0.070158
146.83,0.0,-0.04761,-0.066812
149.1,0.0,-0.044446,-0.065885
151.38,0.0,-0.043054,-0.063864
153.48,0.0,-0.042998,-0.063987
155.75,0.0,-0.042203,-0.064206
158.03,0.0,-0.043186,-0.064653
160.13,0.0,-0.043916,-0.066436
162.4,0.0,-0.043812,-0.065327
164.5,0.0,-0.042878,-0.064508
166.6,0.0,-0.042499,-0.064563
169.05,0.0,-0.042897,-0.063793
171.15,0.0,-0.042718,-0.064779
173.43,0.0,-0.039674,-0.064261
175.7,0.0,-0.03981,-0.061858
177.8,0.0,-0.038972,-0.060863
180.08,0.0,-0.037022,-0.059474
182.18,0.0,-0.035583,-0.057641
184.45,0.0,-0.03217,-0.05358
186.55,0.0,-0.027616,-0.049921
188.83,0.0,-0.022102,-0.044323
191.1,0.0,-0.016319,-0.036344
193.2,0.0,-0.008411,-0.031405
195.48,0.0,-0.003294,-0.025352
197.75,0.0,0.002424,-0.019468
199.85,0.0,0.007091,-0.015275
202.13,0.0,0.009358,-0.011905
204.4,0.0,0.013514,-0.010321
206.68,0.0,0.01548,-0.006788
208.78,0.0,0.017787,-0.00399
211.05,0.0,0.023936,0.002002
213.33,0.0,0.032171,0.008949
215.43,0.0,0.040024,0.016743
217.7,0.0,0.04531,0.023237
219.98,0.0,0.050877,0.027445
222.08,0.0,0.055825,0.031339
224.18,0.0,0.057713,0.034546
226.63,0.0,0.059235,0.035381
228.9,0.0,0.060162,0.036835
231.0,0.0,0.059041,0.035803
233.28,0.0,0.056731,0.034611
235.55,0.0,0.053185,0.031142
237.65,0.0,0.050652,0.027951
239.93,0.0,0.047276,0.025252
242.2,0.0,0.044377,0.022593
244.48,0.0,0.041037,0.018129
246.75,0.0,0.03711,0.016179
248.85,0.0,0.035193,0.012476
251.13,0.0,0.03276,0.0117
253.4,0.0,0.033105,0.010357
255.5,0.0,0.033847,0.01145
257.78,0.0,0.036272,0.014571
259.88,0.0,0.039368,0.017649
262.15,0.0,0.044599,0.021866
264.25,0.0,0.049562,0.027562
266.53,0.0,0.052932,0.030295
268.8,0.0,0.057119,0.035896
271.08,0.0,0.061583,0.038601
273.18,0.0,0.064894,0.040261
275.45,0.0,0.065116,0.042482
277.73,0.0,0.06714,0.042171
279.83,0.0,0.065625,0.044519
282.1,0.0,0.067186,0.044981
284.38,0.0,0.065973,0.04352
286.65,0.0,0.065045,0.039821
288.93,0.0,0.062917,0.041305
291.03,0.0,0.062239,0.040575
293.3,0.0,0.060002,0.039328
295.58,0.0,0.059371,0.035646
297.68,0.0,0.056817,0.034303
299.95,0.0,0.056019,0.033647
302.23,0.0,0.057146,0.033505
304.5,0.0,0.057304,0.034737
306.6,0.0,0.061056,0.038782
308.88,0.0,0.064531,0.04101
310.98,0.0,0.070591,0.04723
313.25,0.0,0.077907,0.053835
315.35,0.0,0.082541,0.060338
317.63,0.0,0.089232,0.064026
319.9,0.0,0.090258,0.068816
322.18,0.0,0.090991,0.067091
324.45,0.0,0.088052,0.063471
326.73,0.0,0.08157,0.05987
329.0,0.0,0.078437,0.055203
331.1,0.0,0.073012,0.050754
333.38,0.0,0.066869,0.044429
335.65,0.0,0.062146,0.038665
337.93,0.0,0.053939,0.031154
340.03,0.0,0.044984,0.02263
342.3,0.0,0.036937,0.012926
344.4,0.0,0.02918,0.006118
346.68,0.0,0.019645,-0.003442
348.95,0.0,0.012017,-0.009372
351.05,0.0,0.004392,-0.018673
353.33,0.0,-0.002478,-0.025093
355.43,0.0,-0.008353,-0.030564
357.7,0.0,-0.013032,-0.033836
359.98,0.0,-0.01599,-0.037758
362.25,0.0,-0.019089,-0.0411
364.35,0.0,-0.023081,-0.044905
366.63,0.0,-0.02635,-0.046929
368.9,0.0,-0.027807,-0.049736
371.0,0.0,-0.031313,-0.054696
373.28,0.0,-0.034378,-0.056778
375.55,0.0,-0.037043,-0.059169
377.65,0.0,-0.040691,-0.063152
379.93,0.0,-0.042779,-0.064526
382.2,0.0,-0.045851,-0.065259
384.13,0.0,-0.046369,-0.066507
386.58,0.0,-0.046501,-0.06781
388.85,0.0,-0.044381,-0.065811
390.95,0.0,-0.043482,-0.067287
393.23,0.0,-0.043029,-0.065275
395.5,0.0,-0.041442,-0.064646
397.6,0.0,-0.040349,-0.063371
399.88,0.0,-0.039708,-0.060866
402.15,0.0,-0.039163,-0.059335
404.25,0.0,-0.039317,-0.060839
406.53,0.0,-0.039089,-0.060534
408.8,0.0,-0.037391,-0.059902
410.9,0.0,-0.036325,-0.056812
413.18,0.0,-0.033386,-0.054982
415.45,0.0,-0.031033,-0.054495
417.73,0.0,-0.030189,-0.051606
419.83,0.0,-0.027813,-0.048956
421.93,0.0,-0.025829,-0.048913
424.2,0.0,-0.02472,-0.046741
426.48,0.0,-0.025287,-0.046935
428.75,0.0,-0.023719,-0.048066
430.85,0.0,-0.022145,-0.044634
433.13,0.0,-0.021464,-0.043377
435.4,0.0,-0.020173,-0.043531
437.5,0.0,-0.020072,-0.042219
439.78,0.0,-0.01924,-0.041492
442.05,0.0,-0.017222,-0.040278
444.15,0.0,-0.016556,-0.038793
446.43,0.0,-0.014381,-0.037601
448.7,0.0,-0.01428,-0.034043
450.8,0.0,-0.010946,-0.031985
453.08,0.0,-0.00785,-0.030068
455.35,0.0,-0.004428,-0.027558
457.45,0.0,-0.002681,-0.024391
459.73,0.0,0.002026,-0.022089
462.0,0.0,0.005449,-0.018001
464.1,0.0,0.00711,-0.014018
466.38,0.0,0.009171,-0.01265
468.65,0.0,0.010181,-0.012635
470.75,0.0,0.01149,-0.011156
473.03,0.0,0.011484,-0.010327
475.13,0.0,0.011318,-0.010611
477.4,0.0,0.011533,-0.009588
479.68,0.0,0.01341,-0.008824
481.95,0.0,0.014297,-0.006701
484.05,0.0,0.01759,-0.004653
486.33,0.0,0.019697,-0.002031
488.6,0.0,0.022381,0.000129
490.7,0.0,0.025434,0.003366
492.98,0.0,0.028862,0.007723
495.25,0.0,0.032818,0.01113
497.18,0.0,0.038946,0.015295
499.63,0.0,0.044808,0.021718
501.9,0.0,0.051814,0.028363
504.18,0.0,0.056903,0.034491
506.28,0.0,0.06214,0.037094
508.55,0.0,0.063804,0.040825
510.83,0.0,0.066881,0.042769
512.93,0.0,0.067806,0.044288
515.2,0.0,0.06735,0.044814
517.3,0.0,0.065067,0.041635
519.58,0.0,0.064272,0.039842
521.85,0.0,0.061,0.037602
523.95,0.0,0.05678,0.033656
526.23,0.0,0.052023,0.029371
528.5,0.0,0.046891,0.02491
530.6,0.0,0.043249,0.019854
532.88,0.0,0.039891,0.019371
535.15,0.0,0.036392,0.01385
537.25,0.0,0.032846,0.00959
539.53,0.0,0.02747,0.004017
541.8,0.0,0.017405,-0.00367
543.9,0.0,0.011161,-0.01099
546.18,0.0,0.00271,-0.019372
548.28,0.0,-0.004098,-0.026165
550.55,0.0,-0.010873,-0.033827
552.83,0.0,-0.01655,-0.039332
554.93,0.0,-0.021923,-0.042444
557.2,0.0,-0.024874,-0.046045
559.48,0.0,-0.025842,-0.047893
561.58,0.0,-0.02643,-0.049095
563.85,0.0,-0.025832,-0.047869
565.95,0.0,-0.024033,-0.047715
568.23,0.0,-0.023565,-0.045324
570.5,0.0,-0.022715,-0.046051
572.6,0.0,-0.02497,-0.04745
574.88,0.0,-0.026747,-0.050198
577.15,0.0,-0.030463,-0.050965
579.43,0.0,-0.033137,-0.055817
581.53,0.0,-0.035349,-0.057588
583.8,0.0,-0.034985,-0.055112
585.9,0.0,-0.030885,-0.052869
588.18,0.0,-0.025256,-0.047545
590.28,0.0,-0.021033,-0.041942
592.55,0.0,-0.01533,-0.038621
594.82,0.0,-0.013155,-0.037567
596.92,0.0,-0.011572,-0.034526
599.2,0.0,-0.010173,-0.032912
601.47,0.0,-0.008802,-0.029914
603.57,0.0,-0.006751,-0.028091
605.85,0.0,-0.002317,-0.023417
607.95,0.0,0.003517,-0.01871
609.87,0.0,0.009965,-0.012552
612.5,0.0,0.016228,-0.005657
614.6,0.0,0.020159,-0.002955
616.87,0.0,0.019734,-0.004369
619.15,0.0,0.018366,-0.003608
621.25,0.0,0.015751,-0.005814
623.52,0.0,0.013964,-0.008396
625.8,0.0,0.011731,-0.011553
628.07,0.0,0.009078,-0.012897
630.17,0.0,0.008696,-0.014237
632.45,0.0,0.007692,-0.014212
634.55,0.0,0.008175,-0.013171
636.82,0.0,0.010557,-0.013285
639.1,0.0,0.011826,-0.009628
641.37,0.0,0.015745,-0.007093
643.47,0.0,0.018949,-0.003476
645.75,0.0,0.020236,-0.00225
648.02,0.0,0.019352,-0.00399
650.3,0.0,0.019281,-0.003664
652.57,0.0,0.017892,-0.00623
654.85,0.0,0.015286,-0.007314
656.95,0.0,0.014799,-0.007046
659.22,0.0,0.01536,-0.006258
661.5,0.0,0.015868,-0.006495
663.6,0.0,0.016848,-0.005213
665.87,0.0,0.016188,-0.0059
667.97,0.0,0.015526,-0.007012
670.25,0.0,0.01568,-0.007327
672.52,0.0,0.01402,-0.009003
674.62,0.0,0.014047,-0.007998
676.9,0.0,0.01377,-0.008319
679.17,0.0,0.014762,-0.007314
681.45,0.0,0.018163,-0.005438
683.55,0.0,0.021761,-0.001399
685.82,0.0,0.025545,0.004334
688.1,0.0,0.030816,0.007559
690.2,0.0,0.033875,0.01133
692.47,0.0,0.038329,0.014586
694.75,0.0,0.042008,0.019343
696.85,0.0,0.046124,0.022356
699.12,0.0,0.050594,0.026598
701.4,0.0,0.052128,0.031154
703.5,0.0,0.054747,0.031663
705.77,0.0,0.057063,0.03414
708.05,0.0,0.059956,0.036617
710.15,0.0,0.06381,0.03873
11.03,35.0,-0.071938,-0.092992
13.3,35.0,-0.07155,-0.093081
15.58,35.0,-0.07175,-0.093433
17.68,35.0,-0.069936,-0.091097
19.95,35.0,-0.068531,-0.089622
22.23,35.0,-0.068263,-0.089434
24.5,35.0,-0.070484,-0.090247
26.6,35.0,-0.070087,-0.09045
28.88,35.0,-0.070681,-0.091908
31.5,35.0,-0.070872,-0.091729
33.78,35.0,-0.070823,-0.091328
36.05,35.0,-0.070149,-0.092163
38.15,35.0,-0.06883,-0.091501
40.43,35.0,-0.068922,-0.091264
42.7,35.0,-0.069739,-0.091492
44.98,35.0,-0.068916,-0.091125
47.08,35.0,-0.06903,-0.092739
49.35,35.0,-0.068143,-0.087582
51.45,35.0,-0.065309,-0.085124
53.73,35.0,-0.061421,-0.083836
56.0,35.0,-0.057308,-0.078842
58.28,35.0,-0.052927,-0.0742
60.38,35.0,-0.051778,-0.072373
62.65,35.0,-0.051982,-0.071864
64.93,35.0,-0.052758,-0.07412
67.03,35.0,-0.055922,-0.077521
69.3,35.0,-0.059043,-0.079834
71.58,35.0,-0.06228,-0.084043
73.68,35.0,-0.065053,-0.087542
75.95,35.0,-0.067031,-0.088713
78.23,35.0,-0.067126,-0.089418
80.5,35.0,-0.065854,-0.08757
82.6,35.0,-0.06298,-0.083867
84.88,35.0,-0.059773,-0.081581
87.15,35.0,-0.058226,-0.081313
89.43,35.0,-0.057515,-0.078768
91.53,35.0,-0.056892,-0.0811
93.8,35.0,-0.05794,-0.081621
95.9,35.0,-0.0585,-0.079874
98.18,35.0,-0.059415,-0.080306
100.45,35.0,-0.061492,-0.082077
102.55,35.0,-0.061726,-0.082496
104.83,35.0,-0.063485,-0.082373
106.93,35.0,-0.06233,-0.083337
109.2,35.0,-0.059452,-0.081365
111.48,35.0,-0.056698,-0.077059
113.58,35.0,-0.04923,-0.07094
116.03,35.0,-0.040977,-0.062046
118.13,35.0,-0.032133,-0.053892
120.4,35.0,-0.021313,-0.042253
122.5,35.0,-0.010743,-0.032308
124.78,35.0,0.000477,-0.020349
127.05,35.0,0.009938,-0.011846
129.15,35.0,0.014873,-0.006587
131.43,35.0,0.016435,-0.005987
133.53,35.0,0.014858,-0.008399
135.8,35.0,0.010991,-0.011261
138.08,35.0,0.008616,-0.015663
140.35,35.0,0.004417,-0.017906
142.45,35.0,0.003043,-0.019418
144.73,35.0,-0.001276,-0.021963
147.0,35.0,-0.00277,-0.024856
149.28,35.0,-0.005629,-0.027927
151.38,35.0,-0.008513,-0.029292
153.65,35.0,-0.010414,-0.031027
155.93,35.0,-0.011757,-0.034258
158.03,35.0,-0.013205,-0.035244
160.3,35.0,-0.014126,-0.036045
162.58,35.0,-0.016048,-0.03842
164.85,35.0,-0.01732,-0.038393
166.95,35.0,-0.01842,-0.041039
169.23,35.0,-0.020207,-0.042136
171.5,35.0,-0.020777,-0.043402
173.6,35.0,-0.021119,-0.042049
175.88,35.0,-0.020709,-0.041757
178.15,35.0,-0.01843,-0.040053
180.25,35.0,-0.014868,-0.035965
182.53,35.0,-0.009049,-0.033876
184.8,35.0,-0.003642,-0.025965
187.08,35.0,0.00316,-0.020906
189.18,35.0,0.008484,-0.013445
191.45,35.0,0.013739,-0.008799
193.73,35.0,0.014586,-0.006301
195.83,35.0,0.016419,-0.005324
198.1,35.0,0.016986,-0.005337
200.2,35.0,0.018191,-0.005016
202.48,35.0,0.017519,-0.006168
204.75,35.0,0.017202,-0.005377
206.85,35.0,0.014935,-0.007764
209.13,35.0,0.01161,-0.009896
211.4,35.0,0.009358,-0.012832
213.5,35.0,0.005258,-0.016064
215.78,35.0,0.002455,-0.018639
218.05,35.0,0.000523,-0.022598
220.15,35.0,-0.003066,-0.023574
222.43,35.0,-0.004628,-0.025389
224.7,35.0,-0.0068,-0.02672
226.98,35.0,-0.005953,-0.027699
229.25,35.0,-0.006138,-0.028596
231.35,35.0,-0.00859,-0.030164
233.63,35.0,-0.007724,-0.031575
235.73,35.0,-0.009184,-0.031868
238.0,35.0,-0.010463,-0.031221
240.28,35.0,-0.011011,-0.032179
242.55,35.0,-0.011556,-0.032034
244.65,35.0,-0.008035,-0.03054
246.93,35.0,-0.000792,-0.0218
249.03,35.0,0.008955,-0.01399
251.3,35.0,0.017319,-0.005247
253.58,35.0,0.023296,0.00088
255.68,35.0,0.028382,0.006016
257.95,35.0,0.031681,0.009232
260.23,35.0,0.034309,0.012097
262.5,35.0,0.035674,0.014568
264.6,35.0,0.037378,0.015286
266.88,35.0,0.038496,0.016084
269.15,35.0,0.038795,0.01593
271.25,35.0,0.037744,0.01507
273.53,35.0,0.034904,0.013598
275.8,35.0,0.033052,0.011349
277.9,35.0,0.03097,0.006919
280.18,35.0,0.029398,0.00682
282.28,35.0,0.027621,0.006084
284.55,35.0,0.027667,0.005273
286.83,35.0,0.028468,0.006167
288.93,35.0,0.028727,0.005837
291.2,35.0,0.029941,0.006949
293.48,35.0,0.031617,0.008191
295.75,35.0,0.031395,0.008527
298.03,35.0,0.030042,0.005831
300.13,35.0,0.028413,0.005541
302.4,35.0,0.025785,0.004035
304.5,35.0,0.025902,0.004636
306.78,35.0,0.026823,0.003752
309.05,35.0,0.028524,0.005156
311.33,35.0,0.031841,0.009328
313.43,35.0,0.034867,0.012159
315.7,35.0,0.038949,0.016059
317.8,35.0,0.041687,0.018265
320.08,35.0,0.045452,0.022689
322.35,35.0,0.049938,0.026139
324.45,35.0,0.053832,0.03105
326.73,35.0,0.059549,0.035511
329.0,35.0,0.060914,0.038474
331.1,35.0,0.060572,0.038668
333.38,35.0,0.058487,0.03592
335.48,35.0,0.054056,0.031986
337.75,35.0,0.050184,0.026346
340.03,35.0,0.044633,0.022424
342.3,35.0,0.039962,0.017485
344.4,35.0,0.034226,0.010452
346.68,35.0,0.027606,0.003527
348.95,35.0,0.020757,-0.001199
351.05,35.0,0.016456,-0.007841
353.33,35.0,0.010067,-0.012222
355.6,35.0,0.006697,-0.016292
357.7,35.0,0.002436,-0.019138
359.98,35.0,-0.001245,-0.022478
362.25,35.0,-0.003473,-0.025854
364.53,35.0,-0.005038,-0.027884
366.63,35.0,-0.00652,-0.029933
368.9,35.0,-0.008048,-0.030278
371.0,35.0,-0.009123,-0.030709
373.28,35.0,-0.010457,-0.032706
375.55,35.0,-0.009708,-0.032678
377.83,35.0,-0.010182,-0.033673
379.93,35.0,-0.009656,-0.031744
382.2,35.0,-0.009422,-0.029958
384.3,35.0,-0.006618,-0.03086
386.58,35.0,-0.004951,-0.02777
388.85,35.0,-0.00403,-0.025672
391.13,35.0,-0.003319,-0.023442
393.23,35.0,-0.002321,-0.023208
395.5,35.0,-0.000247,-0.022804
397.78,35.0,-0.000149,-0.023544
399.88,35.0,-0.000534,-0.025906
402.15,35.0,-0.002413,-0.025869
404.25,35.0,-0.004286,-0.025928
406.53,35.0,-0.00448,-0.025829
408.8,35.0,-0.004348,-0.026255
411.08,35.0,-0.00501,-0.02582
413.18,35.0,-0.004988,-0.027382
415.45,35.0,-0.004967,-0.028158
418.08,35.0,-0.004751,-0.027025
420.35,35.0,-0.005552,-0.02716
422.63,35.0,-0.004551,-0.025663
424.73,35.0,-0.003118,-0.025663
427.0,35.0,-0.001707,-0.0242
429.1,35.0,-0.000906,-0.022733
431.38,35.0,0.001832,-0.021248
433.65,35.0,0.005563,-0.018399
435.75,35.0,0.00731,-0.015032
438.03,35.0,0.010258,-0.011985
440.3,35.0,0.013219,-0.008855
442.58,35.0,0.016404,-0.006017
444.68,35.0,0.019842,-0.001868
446.95,35.0,0.024106,0.001096
449.23,35.0,0.026761,0.005418
451.33,35.0,0.028675,0.006456
453.6,35.0,0.030575,0.009352
455.7,35.0,0.03141,0.00954
457.98,35.0,0.031302,0.008061
460.25,35.0,0.029802,0.007279
462.35,35.0,0.027837,0.007017
464.45,35.0,0.024888,0.003992
466.9,35.0,0.022325,-0.001393
469.18,35.0,0.018031,-0.003559
471.28,35.0,0.012695,-0.009135
473.55,35.0,0.008351,-0.013984
475.65,35.0,0.001885,-0.020349
477.93,35.0,-0.000823,-0.023781
480.2,35.0,-0.003722,-0.026104
482.48,35.0,-0.005256,-0.028494
484.58,35.0,-0.007459,-0.028941
486.85,35.0,-0.008685,-0.030324
488.95,35.0,-0.010487,-0.031535
491.23,35.0,-0.010666,-0.034049
493.68,35.0,-0.012336,-0.034714
495.95,35.0,-0.013574,-0.036384
498.05,35.0,-0.01591,-0.038497
500.33,35.0,-0.017117,-0.04086
502.6,35.0,-0.017786,-0.041196
504.7,35.0,-0.019773,-0.041495
506.98,35.0,-0.020863,-0.042262
509.25,35.0,-0.022749,-0.043753
511.35,35.0,-0.023787,-0.044209
513.63,35.0,-0.024939,-0.04651
515.9,35.0,-0.028448,-0.048661
518.18,35.0,-0.029101,-0.048984
520.28,35.0,-0.030601,-0.053713
522.55,35.0,-0.033242,-0.055564
524.83,35.0,-0.034397,-0.057222
526.93,35.0,-0.036424,-0.058811
529.2,35.0,-0.041199,-0.061831
531.48,35.0,-0.043205,-0.066205
533.58,35.0,-0.049052,-0.069468
535.85,35.0,-0.054221,-0.074742
537.95,35.0,-0.057875,-0.077961
540.23,35.0,-0.060139,-0.082237
542.5,35.0,-0.062924,-0.084705
544.6,35.0,-0.065574,-0.086803
546.88,35.0,-0.067031,-0.089474
549.15,35.0,-0.069326,-0.091433
551.43,35.0,-0.07338,-0.093975
553.53,35.0,-0.075543,-0.095034
555.8,35.0,-0.076482,-0.098254
557.9,35.0,-0.077585,-0.098454
560.18,35.0,-0.076094,-0.098633
562.45,35.0,-0.070466,-0.090527
564.73,35.0,-0.062955,-0.084843
566.83,35.0,-0.056076,-0.076892
569.1,35.0,-0.049813,-0.071522
571.38,35.0,-0.046088,-0.066886
573.48,35.0,-0.04338,-0.065589
575.75,35.0,-0.042474,-0.066236
577.85,35.0,-0.043374,-0.065272
580.13,35.0,-0.042462,-0.064181
582.4,35.0,-0.039036,-0.059616
584.5,35.0,-0.034668,-0.055725
586.78,35.0,-0.030281,-0.052055
589.05,35.0,-0.027604,-0.048319
591.33,35.0,-0.024884,-0.046242
593.43,35.0,-0.025016,-0.047197
595.7,35.0,-0.027031,-0.048827
597.98,35.0,-0.02781,-0.050614
600.08,35.0,-0.028217,-0.05038
602.35,35.0,-0.028775,-0.052173
604.63,35.0,-0.028168,-0.050361
606.9,35.0,-0.027786,-0.049113
609.0,35.0,-0.024816,-0.046908
611.28,35.0,-0.02204,-0.044634
613.55,35.0,-0.020771,-0.042937
615.83,35.0,-0.020691,-0.042382
617.93,35.0,-0.022096,-0.043115
620.2,35.0,-0.022373,-0.043439
622.65,35.0,-0.022243,-0.046014
624.93,35.0,-0.022844,-0.044991
627.03,35.0,-0.023263,-0.045555
629.3,35.0,-0.022197,-0.044495
632.1,35.0,-0.022989,-0.045913
634.38,35.0,-0.023183,-0.044298
636.65,35.0,-0.02261,-0.044073
638.75,35.0,-0.02286,-0.044003
641.2,35.0,-0.020725,-0.045186
643.48,35.0,-0.020583,-0.044683
645.58,35.0,-0.018482,-0.040087
647.85,35.0,-0.01444,-0.038026
649.95,35.0,-0.010586,-0.033771
652.23,35.0,-0.005691,-0.027367
654.5,35.0,-0.000574,-0.023001
656.6,35.0,0.004423,-0.01899
658.88,35.0,0.006925,-0.014462
660.98,35.0,0.010548,-0.011224
663.25,35.0,0.013138,-0.010093
665.53,35.0,0.014583,-0.00717
667.63,35.0,0.015163,-0.005586
669.9,35.0,0.016829,-0.005266
672.0,35.0,0.017883,-0.003531
674.28,35.0,0.018437,-0.002136
676.55,35.0,0.023428,0.000307
678.65,35.0,0.025917,0.005329
680.93,35.0,0.032273,0.010073
683.2,35.0,0.037337,0.013724
685.3,35.0,0.039787,0.018259
687.58,35.0,0.043061,0.020994
689.85,35.0,0.04536,0.02162
692.13,35.0,0.045785,0.022812
694.23,35.0,0.045671,0.025012
696.5,35.0,0.046068,0.023351
698.6,35.0,0.043764,0.021195
700.87,35.0,0.041666,0.018037
703.15,35.0,0.037473,0.014765
705.25,35.0,0.036459,0.013524
707.52,35.0,0.035403,0.013912
709.62,35.0,0.036327,0.013179
11.2,70.0,-0.076695,-0.098128
13.3,70.0,-0.078833,-0.09875
15.75,70.0,-0.079292,-0.101002
18.03,70.0,-0.081088,-0.10176
20.13,70.0,-0.080829,-0.10114
22.4,70.0,-0.080386,-0.101033
24.5,70.0,-0.078334,-0.100118
26.78,70.0,-0.075358,-0.095071
29.05,70.0,-0.069095,-0.090102
31.15,70.0,-0.065293,-0.086264
33.43,70.0,-0.063584,-0.086621
35.7,70.0,-0.063941,-0.086541
37.8,70.0,-0.065321,-0.085993
40.08,70.0,-0.067548,-0.089012
42.35,70.0,-0.069951,-0.091938
44.63,70.0,-0.072136,-0.09301
46.73,70.0,-0.071353,-0.092348
49.0,70.0,-0.068352,-0.089988
51.1,70.0,-0.066242,-0.08806
53.38,70.0,-0.064381,-0.08578
55.65,70.0,-0.06297,-0.084967
57.93,70.0,-0.063192,-0.083214
60.03,70.0,-0.063306,-0.084757
62.3,70.0,-0.063371,-0.0842
64.58,70.0,-0.062243,-0.082749
66.68,70.0,-0.059277,-0.081365
68.95,70.0,-0.059181,-0.078171
71.23,70.0,-0.056051,-0.077136
73.33,70.0,-0.053818,-0.07574
75.6,70.0,-0.053466,-0.07484
77.88,70.0,-0.053393,-0.0759
79.98,70.0,-0.056008,-0.075879
82.25,70.0,-0.055916,-0.076184
84.53,70.0,-0.054693,-0.076288
86.63,70.0,-0.052592,-0.073654
88.9,70.0,-0.048895,-0.072018
91.18,70.0,-0.047133,-0.068334
93.28,70.0,-0.043565,-0.066405
95.55,70.0,-0.042142,-0.06363
97.65,70.0,-0.040216,-0.061834
99.93,70.0,-0.038596,-0.060219
102.2,70.0,-0.032857,-0.056051
104.48,70.0,-0.02851,-0.051273
106.75,70.0,-0.026211,-0.048282
108.85,70.0,-0.02395,-0.043771
111.13,70.0,-0.022074,-0.043713
113.4,70.0,-0.021547,-0.04448
115.5,70.0,-0.024283,-0.045749
117.78,70.0,-0.023688,-0.046248
119.88,70.0,-0.026674,-0.046868
122.15,70.0,-0.027792,-0.048352
124.43,70.0,-0.028698,-0.051002
126.53,70.0,-0.029027,-0.050435
128.8,70.0,-0.029797,-0.052225
131.08,70.0,-0.030401,-0.052379
133.18,70.0,-0.032567,-0.052752
135.63,70.0,-0.03277,-0.054366
137.73,70.0,-0.033118,-0.054782
140.0,70.0,-0.033328,-0.055145
142.1,70.0,-0.033485,-0.057274
144.38,70.0,-0.034428,-0.0568
145.78,70.0,-0.035491,-0.056479
148.75,70.0,-0.036917,-0.059311
151.03,70.0,-0.037065,-0.058873
153.13,70.0,-0.038242,-0.061131
155.58,70.0,-0.039311,-0.060321
157.68,70.0,-0.038235,-0.05972
159.95,70.0,-0.038044,-0.059828
162.23,70.0,-0.037952,-0.059911
164.33,70.0,-0.037545,-0.058023
166.6,70.0,-0.038272,-0.0596
168.88,70.0,-0.038744,-0.06066
171.15,70.0,-0.040672,-0.062884
173.25,70.0,-0.041942,-0.064428
175.53,70.0,-0.042915,-0.065318
177.8,70.0,-0.043913,-0.065882
180.08,70.0,-0.044314,-0.067083
182.35,70.0,-0.044449,-0.066338
184.45,70.0,-0.043987,-0.067419
186.73,70.0,-0.044995,-0.065758
189.0,70.0,-0.045703,-0.066618
191.28,70.0,-0.045084,-0.06655
193.55,70.0,-0.047006,-0.067077
195.83,70.0,-0.047055,-0.068057
197.93,70.0,-0.04594,-0.067333
200.2,70.0,-0.046242,-0.06574
202.3,70.0,-0.044499,-0.065173
204.58,70.0,-0.043223,-0.064994
206.85,70.0,-0.041344,-0.062499
209.13,70.0,-0.03749,-0.060561
211.4,70.0,-0.034797,-0.057484
213.5,70.0,-0.033118,-0.054668
215.78,70.0,-0.032185,-0.054545
218.05,70.0,-0.033389,-0.053245
220.33,70.0,-0.032462,-0.053821
222.43,70.0,-0.031997,-0.053599
224.7,70.0,-0.03078,-0.051489
226.98,70.0,-0.026846,-0.04887
229.08,70.0,-0.023442,-0.043821
231.35,70.0,-0.016048,-0.037629
233.63,70.0,-0.008959,-0.031498
235.73,70.0,-0.001461,-0.023091
238.0,70.0,0.005609,-0.016667
240.28,70.0,0.010868,-0.010916
242.38,70.0,0.013647,-0.008202
244.65,70.0,0.016389,-0.004998
246.75,70.0,0.017196,-0.004914
249.03,70.0,0.01621,-0.003916
251.13,70.0,0.016136,-0.006387
253.4,70.0,0.014146,-0.007536
255.68,70.0,0.012593,-0.009024
257.78,70.0,0.009842,-0.012511
260.05,70.0,0.006423,-0.014674
262.33,70.0,0.004768,-0.01696
264.43,70.0,0.003856,-0.018103
266.7,70.0,0.003514,-0.019135
268.98,70.0,0.003191,-0.018993
271.08,70.0,0.002365,-0.019178
273.35,70.0,0.004331,-0.017903
275.63,70.0,0.00658,-0.0168
277.9,70.0,0.005853,-0.014606
280.0,70.0,0.008499,-0.014572
282.28,70.0,0.009053,-0.014329
284.38,70.0,0.009204,-0.011957
286.65,70.0,0.010335,-0.01241
288.93,70.0,0.011346,-0.01293
291.03,70.0,0.010508,-0.01156
293.3,70.0,0.009275,-0.012496
295.58,70.0,0.008348,-0.016002
297.68,70.0,0.006444,-0.015974
299.95,70.0,0.005591,-0.016162
302.23,70.0,0.007069,-0.016442
304.33,70.0,0.007183,-0.013171
306.43,70.0,0.010175,-0.011945
308.88,70.0,0.013841,-0.008818
310.98,70.0,0.016912,-0.005719
313.25,70.0,0.018437,-0.003836
315.53,70.0,0.022618,-0.000854
317.8,70.0,0.027134,0.005578
319.9,70.0,0.032328,0.010868
322.18,70.0,0.038265,0.014001
324.28,70.0,0.04023,0.017371
326.55,70.0,0.040412,0.018339
328.83,70.0,0.039583,0.01723
330.93,70.0,0.036235,0.012233
333.2,70.0,0.031703,0.008206
335.48,70.0,0.025652,0.003065
337.58,70.0,0.019614,-0.001483
339.85,70.0,0.014509,-0.008125
342.13,70.0,0.008758,-0.012515
344.4,70.0,0.003083,-0.017983
346.5,70.0,0.00011,-0.022133
348.78,70.0,-0.003581,-0.025506
350.88,70.0,-0.006658,-0.028125
353.15,70.0,-0.009976,-0.031849
355.43,70.0,-0.012638,-0.036036
357.7,70.0,-0.014736,-0.036695
359.8,70.0,-0.017558,-0.037511
362.08,70.0,-0.018941,-0.041322
364.35,70.0,-0.0194,-0.042656
366.45,70.0,-0.022157,-0.044274
368.73,70.0,-0.023996,-0.04537
370.83,70.0,-0.025472,-0.047474
373.1,70.0,-0.028771,-0.048654
375.38,70.0,-0.0283,-0.05034
377.48,70.0,-0.030167,-0.051171
379.75,70.0,-0.030635,-0.054486
382.03,70.0,-0.029723,-0.051821
384.13,70.0,-0.02806,-0.048901
386.4,70.0,-0.023198,-0.045373
388.68,70.0,-0.018673,-0.039785
390.95,70.0,-0.013383,-0.035885
393.05,70.0,-0.010105,-0.031747
395.33,70.0,-0.006387,-0.027927
397.6,70.0,-0.003269,-0.026082
399.88,70.0,-0.000854,-0.024668
401.98,70.0,-0.000306,-0.022869
404.25,70.0,0.002772,-0.020038
406.35,70.0,0.00406,-0.019431
408.63,70.0,0.005233,-0.016489
410.9,70.0,0.007581,-0.013614
413.0,70.0,0.009414,-0.012413
415.28,70.0,0.010686,-0.01123
417.55,70.0,0.012504,-0.010149
419.65,70.0,0.012907,-0.010672
421.93,70.0,0.013111,-0.008876
424.2,70.0,0.013591,-0.008097
426.48,70.0,0.015033,-0.008503
428.58,70.0,0.014648,-0.007188
430.85,70.0,0.01731,-0.005805
433.13,70.0,0.017692,-0.002558
435.23,70.0,0.020649,-0.003605
437.5,70.0,0.021299,-0.001402
439.78,70.0,0.020742,-0.001014
442.05,70.0,0.019251,-0.002903
443.98,70.0,0.01898,-0.004003
446.43,70.0,0.017695,-0.005389
448.53,70.0,0.017753,-0.006495
450.8,70.0,0.017664,-0.005608
453.08,70.0,0.017991,-0.004382
455.35,70.0,0.016678,-0.004822
457.45,70.0,0.015169,-0.006122
459.73,70.0,0.015113,-0.008168
461.83,70.0,0.013887,-0.008482
464.1,70.0,0.012652,-0.008577
466.2,70.0,0.013428,-0.008072
468.48,70.0,0.01475,-0.006372
470.75,70.0,0.016108,-0.00782
472.85,70.0,0.01572,-0.00655
475.13,70.0,0.012895,-0.00899
477.4,70.0,0.00983,-0.012416
479.68,70.0,0.004981,-0.016643
481.78,70.0,-0.00046,-0.022641
484.05,70.0,-0.006288,-0.029742
486.33,70.0,-0.011898,-0.033396
488.6,70.0,-0.015931,-0.038282
490.7,70.0,-0.02074,-0.043189
492.98,70.0,-0.024514,-0.046402
495.25,70.0,-0.028288,-0.049477
497.53,70.0,-0.030398,-0.051402
499.63,70.0,-0.032638,-0.054542
501.9,70.0,-0.03399,-0.056174
504.18,70.0,-0.035303,-0.056735
506.45,70.0,-0.036747,-0.057792
508.55,70.0,-0.037776,-0.059763
510.83,70.0,-0.04033,-0.062052
513.1,70.0,-0.042092,-0.065324
515.38,70.0,-0.045916,-0.067096
517.48,70.0,-0.050654,-0.071359
519.75,70.0,-0.054338,-0.075577
521.85,70.0,-0.058815,-0.079363
524.13,70.0,-0.060549,-0.081766
526.4,70.0,-0.064132,-0.085635
528.5,70.0,-0.064046,-0.085392
530.78,70.0,-0.065318,-0.087866
533.05,70.0,-0.066649,-0.088201
535.33,70.0,-0.068811,-0.089616
537.43,70.0,-0.070192,-0.092835
539.7,70.0,-0.074304,-0.096526
541.8,70.0,-0.07859,-0.099514
544.08,70.0,-0.083411,-0.103177
546.18,70.0,-0.088257,-0.108731
548.63,70.0,-0.091359,-0.112554
550.9,70.0,-0.095438,-0.115198
553.0,70.0,-0.09867,-0.11927
555.28,70.0,-0.099905,-0.120879
557.55,70.0,-0.097539,-0.118282
559.83,70.0,-0.092055,-0.113288
561.93,70.0,-0.086439,-0.107471
564.2,70.0,-0.08062,-0.103546
566.48,70.0,-0.075487,-0.097635
568.75,70.0,-0.071353,-0.092099
570.85,70.0,-0.065725,-0.087607
573.13,70.0,-0.059982,-0.082197
575.4,70.0,-0.054893,-0.078297
577.5,70.0,-0.052293,-0.072478
579.78,70.0,-0.050854,-0.071969
582.05,70.0,-0.050016,-0.072514
584.33,70.0,-0.050574,-0.072798
586.6,70.0,-0.049366,-0.070355
588.7,70.0,-0.048734,-0.069862
590.98,70.0,-0.046732,-0.068257
593.25,70.0,-0.045072,-0.066547
595.53,70.0,-0.043984,-0.06619
597.63,70.0,-0.044049,-0.066242
599.9,70.0,-0.04347,-0.064107
602.18,70.0,-0.041726,-0.063319
604.28,70.0,-0.039649,-0.06354
606.55,70.0,-0.040832,-0.061328
608.83,70.0,-0.038171,-0.059123
610.93,70.0,-0.034954,-0.056834
613.2,70.0,-0.032404,-0.052524
615.48,70.0,-0.026412,-0.048519
617.58,70.0,-0.023325,-0.044917
619.85,70.0,-0.019976,-0.041162
621.95,70.0,-0.017142,-0.038741
624.23,70.0,-0.013667,-0.036553
626.5,70.0,-0.011144,-0.033306
628.6,70.0,-0.007724,-0.029566
630.88,70.0,-0.003852,-0.025777
632.98,70.0,0.000659,-0.021889
635.25,70.0,0.005421,-0.015811
637.35,70.0,0.012479,-0.010139
639.63,70.0,0.018354,-0.004206
641.9,70.0,0.022485,-0.000226
644.0,70.0,0.025153,0.002408
646.28,70.0,0.024978,0.003487
648.55,70.0,0.026577,0.001715
650.65,70.0,0.023869,0.001071
652.93,70.0,0.020563,-0.003152
655.03,70.0,0.016515,-0.005333
657.3,70.0,0.013785,-0.00839
659.4,70.0,0.01133,-0.011747
661.68,70.0,0.01218,-0.010903
663.95,70.0,0.015199,-0.007271
666.23,70.0,0.018434,-0.003547
668.33,70.0,0.021946,-0.001104
670.6,70.0,0.023844,0.000461
672.7,70.0,0.024448,0.001198
674.98,70.0,0.023832,0.001151
677.25,70.0,0.021663,-0.001079
679.35,70.0,0.01898,-0.00286
681.63,70.0,0.017698,-0.004443
683.9,70.0,0.013302,-0.007647
686.0,70.0,0.015045,-0.008907
688.28,70.0,0.01474,-0.008599
690.55,70.0,0.014728,-0.005956
692.83,70.0,0.015381,-0.006855
694.93,70.0,0.01743,-0.003833
697.03,70.0,0.018329,-0.004437
699.48,70.0,0.019041,-0.004428
701.75,70.0,0.01922,-0.00403
704.03,70.0,0.0204,-0.002943
706.13,70.0,0.020064,-0.003602
708.4,70.0,0.020526,-0.003442
710.68,70.0,0.021444,-0.001165
11.73,105.0,-0.085343,-0.107484
14.0,105.0,-0.086067,-0.105925
16.28,105.0,-0.085453,-0.106307
18.55,105.0,-0.084979,-0.106661
20.65,105.0,-0.085041,-0.106627
22.93,105.0,-0.083722,-0.105001
25.2,105.0,-0.081683,-0.103001
27.3,105.0,-0.079394,-0.099905
29.58,105.0,-0.076797,-0.098192
31.68,105.0,-0.076994,-0.09684
33.95,105.0,-0.076713,-0.09668
36.23,105.0,-0.077551,-0.099434
38.33,105.0,-0.079492,-0.101769
40.6,105.0,-0.08114,-0.103457
42.88,105.0,-0.082213,-0.102826
44.98,105.0,-0.080802,-0.104172
47.25,105.0,-0.075108,-0.096107
49.35,105.0,-0.067921,-0.088331
51.63,105.0,-0.059178,-0.080869
53.9,105.0,-0.053599,-0.077551
56.18,105.0,-0.050568,-0.072712
58.28,105.0,-0.050189,-0.071778
60.38,105.0,-0.051791,-0.074616
62.65,105.0,-0.053383,-0.076399
64.93,105.0,-0.05586,-0.078399
67.03,105.0,-0.058587,-0.079449
69.3,105.0,-0.058124,-0.080823
71.58,105.0,-0.058251,-0.080968
73.68,105.0,-0.058337,-0.079545
75.95,105.0,-0.054089,-0.076026
78.05,105.0,-0.048907,-0.072484
80.33,105.0,-0.043476,-0.065571
82.6,105.0,-0.038735,-0.059862
84.7,105.0,-0.035001,-0.055759
86.98,105.0,-0.033494,-0.054157
89.25,105.0,-0.034052,-0.055786
91.0,105.0,-0.035509,-0.057136
93.63,105.0,-0.038716,-0.059884
95.73,105.0,-0.040121,-0.063245
98.0,105.0,-0.042998,-0.064905
100.28,105.0,-0.04391,-0.065376
102.38,105.0,-0.043149,-0.064002
104.65,105.0,-0.04115,-0.061658
106.93,105.0,-0.038584,-0.059594
109.03,105.0,-0.035829,-0.056523
111.3,105.0,-0.035487,-0.055333
113.4,105.0,-0.033038,-0.05354
115.68,105.0,-0.031587,-0.054344
117.95,105.0,-0.031122,-0.052407
120.05,105.0,-0.029631,-0.05237
122.33,105.0,-0.028913,-0.049908
124.6,105.0,-0.026449,-0.047878
126.7,105.0,-0.024505,-0.047129
128.98,105.0,-0.022961,-0.046381
131.25,105.0,-0.022924,-0.043802
133.53,105.0,-0.021479,-0.042025
135.63,105.0,-0.020296,-0.042484
137.9,105.0,-0.020783,-0.043547
140.0,105.0,-0.01863,-0.041002
142.28,105.0,-0.018759,-0.040078
144.55,105.0,-0.019385,-0.041535
146.65,105.0,-0.018701,-0.039588
148.93,105.0,-0.016396,-0.039745
151.03,105.0,-0.015155,-0.03793
153.3,105.0,-0.011938,-0.035564
155.58,105.0,-0.008072,-0.030149
157.68,105.0,-0.004656,-0.026442
159.95,105.0,-0.000595,-0.025389
162.05,105.0,0.000773,-0.022484
164.33,105.0,-0.000112,-0.022508
166.6,105.0,-0.001144,-0.023503
168.7,105.0,-0.003959,-0.027453
170.98,105.0,-0.008722,-0.030081
173.25,105.0,-0.010925,-0.033399
175.35,105.0,-0.01403,-0.035974
177.63,105.0,-0.016818,-0.038448
179.9,105.0,-0.019221,-0.040694
182.0,105.0,-0.019542,-0.04062
184.28,105.0,-0.018377,-0.040457
186.55,105.0,-0.015318,-0.037166
188.65,105.0,-0.010937,-0.033947
190.93,105.0,-0.006501,-0.027758
193.03,105.0,-0.000586,-0.022758
195.3,105.0,0.002211,-0.018195
197.58,105.0,0.006931,-0.016288
199.68,105.0,0.008425,-0.013063
201.95,105.0,0.008564,-0.013266
204.23,105.0,0.008058,-0.015635
206.33,105.0,0.004337,-0.01777
208.6,105.0,0.002559,-0.018898
210.7,105.0,-0.000201,-0.023399
212.98,105.0,-0.001174,-0.022666
215.25,105.0,-0.002234,-0.024335
217.53,105.0,-0.002924,-0.024267
219.63,105.0,-0.001997,-0.024671
221.9,105.0,-0.000703,-0.021621
224.18,105.0,-5.9e-05,-0.022034
226.28,105.0,-0.000484,-0.023186
228.55,105.0,-6.2e-05,-0.022601
230.83,105.0,-0.000534,-0.023214
232.93,105.0,-0.00289,-0.025583
235.2,105.0,-0.005524,-0.028316
237.3,105.0,-0.009335,-0.029711
239.58,105.0,-0.011794,-0.0353
241.85,105.0,-0.014431,-0.03562
244.13,105.0,-0.015352,-0.037665
246.23,105.0,-0.016375,-0.039252
248.5,105.0,-0.016141,-0.038978
250.78,105.0,-0.017136,-0.038183
252.88,105.0,-0.016285,-0.038707
255.15,105.0,-0.015004,-0.037299
257.25,105.0,-0.012764,-0.035977
259.7,105.0,-0.011929,-0.034489
261.8,105.0,-0.0096,-0.031341
264.08,105.0,-0.008125,-0.03163
266.35,105.0,-0.007678,-0.02908
268.63,105.0,-0.007585,-0.029988
270.9,105.0,-0.009412,-0.030746
273.18,105.0,-0.009899,-0.030802
275.28,105.0,-0.009877,-0.032434
277.55,105.0,-0.008577,-0.03159
279.83,105.0,-0.007595,-0.028901
281.93,105.0,-0.007049,-0.029215
284.2,105.0,-0.007459,-0.030913
286.83,105.0,-0.008562,-0.030589
288.93,105.0,-0.009508,-0.030808
291.2,105.0,-0.011033,-0.032459
293.3,105.0,-0.011344,-0.03387
295.58,105.0,-0.012767,-0.033953
297.85,105.0,-0.010407,-0.033356
300.13,105.0,-0.008821,-0.032268
302.4,105.0,-0.006258,-0.029292
304.5,105.0,-0.003242,-0.026011
306.78,105.0,-0.001171,-0.023066
309.05,105.0,0.003154,-0.0192
311.15,105.0,0.005773,-0.016027
313.43,105.0,0.01007,-0.010755
315.53,105.0,0.013708,-0.007521
317.8,105.0,0.017852,-0.003879
320.08,105.0,0.018896,-0.002561
322.18,105.0,0.019996,-0.00204
324.45,105.0,0.019158,-0.004043
326.73,105.0,0.019084,-0.002912
328.83,105.0,0.01787,-0.004264
331.1,105.0,0.015076,-0.006757
333.55,105.0,0.011743,-0.009831
335.65,105.0,0.008758,-0.013414
337.93,105.0,0.005307,-0.017438
340.2,105.0,0.003342,-0.020047
342.3,105.0,-0.000574,-0.021895
344.58,105.0,-0.002749,-0.026005
346.85,105.0,-0.005848,-0.027656
348.95,105.0,-0.009579,-0.030626
351.23,105.0,-0.011563,-0.034147
353.5,105.0,-0.014462,-0.036486
355.6,105.0,-0.017567,-0.038882
357.88,105.0,-0.019677,-0.040336
359.98,105.0,-0.020296,-0.04232
362.25,105.0,-0.020346,-0.041895
364.53,105.0,-0.019243,-0.042853
366.63,105.0,-0.020956,-0.041723
368.9,105.0,-0.021008,-0.043698
371.0,105.0,-0.020429,-0.041258
373.28,105.0,-0.017841,-0.041082
375.55,105.0,-0.015179,-0.038288
377.83,105.0,-0.012823,-0.035241
379.93,105.0,-0.012203,-0.034551
382.2,105.0,-0.010854,-0.032059
384.3,105.0,-0.00867,-0.030296
386.58,105.0,-0.007656,-0.0294
388.85,105.0,-0.006008,-0.028248
391.13,105.0,-0.004918,-0.027231
393.23,105.0,-0.003654,-0.027228
395.5,105.0,-0.001784,-0.025182
397.78,105.0,-0.001766,-0.024474
400.05,105.0,-0.000392,-0.022354
402.15,105.0,0.0015,-0.019215
404.43,105.0,0.002948,-0.01684
406.7,105.0,0.00686,-0.015315
408.8,105.0,0.009513,-0.01241
411.08,105.0,0.012569,-0.010509
413.18,105.0,0.01304,-0.009329
415.45,105.0,0.016071,-0.006455
417.73,105.0,0.01726,-0.00594
420.0,105.0,0.018302,-0.005047
422.1,105.0,0.018752,-0.003648
424.38,105.0,0.01995,-0.001972
426.48,105.0,0.020967,-0.000712
428.75,105.0,0.021398,0.001204
431.03,105.0,0.023456,-0.00021
433.13,105.0,0.023585,0.000591
435.4,105.0,0.024023,0.002147
437.68,105.0,0.024069,0.002692
439.95,105.0,0.025116,0.003252
442.05,105.0,0.025779,0.002957
444.33,105.0,0.025797,0.004392
446.6,105.0,0.027202,0.003548
448.7,105.0,0.027119,0.006265
450.98,105.0,0.027538,0.004879
453.25,105.0,0.028425,0.004854
455.53,105.0,0.026136,0.004731
457.63,105.0,0.028323,0.004294
459.9,105.0,0.027159,0.004439
462.0,105.0,0.024315,0.001962
464.28,105.0,0.021555,-0.001073
466.55,105.0,0.017741,-0.003402
468.65,105.0,0.014679,-0.007129
470.93,105.0,0.012781,-0.009717
473.2,105.0,0.010677,-0.01152
475.48,105.0,0.007609,-0.012823
477.58,105.0,0.003625,-0.019511
479.85,105.0,-0.001637,-0.024009
482.13,105.0,-0.009169,-0.031011
484.4,105.0,-0.01468,-0.037194
486.5,105.0,-0.020792,-0.042767
488.78,105.0,-0.027829,-0.048047
490.88,105.0,-0.032733,-0.054619
493.15,105.0,-0.0372,-0.058738
495.43,105.0,-0.041852,-0.063368
497.7,105.0,-0.045808,-0.068377
499.8,105.0,-0.049415,-0.070697
502.08,105.0,-0.052801,-0.075004
504.35,105.0,-0.056741,-0.077964
506.63,105.0,-0.058922,-0.079181
508.9,105.0,-0.059421,-0.081689
511.0,105.0,-0.060506,-0.082059
513.28,105.0,-0.058935,-0.08078
515.55,105.0,-0.057299,-0.079877
517.83,105.0,-0.058319,-0.080204
520.1,105.0,-0.058574,-0.079061
522.38,105.0,-0.059603,-0.081948
524.48,105.0,-0.062367,-0.082927
526.75,105.0,-0.065977,-0.085786
529.03,105.0,-0.070256,-0.090062
531.13,105.0,-0.072567,-0.09273
533.4,105.0,-0.074329,-0.094603
535.68,105.0,-0.075762,-0.096495
537.95,105.0,-0.076368,-0.097431
540.23,105.0,-0.078026,-0.099686
542.33,105.0,-0.081193,-0.102188
544.6,105.0,-0.084782,-0.106445
546.88,105.0,-0.08932,-0.110376
549.15,105.0,-0.092752,-0.114572
551.25,105.0,-0.09546,-0.117927
553.53,105.0,-0.097253,-0.117789
555.63,105.0,-0.095198,-0.116664
557.9,105.0,-0.091227,-0.112514
560.18,105.0,-0.088143,-0.109779
562.45,105.0,-0.085229,-0.106033
564.55,105.0,-0.079215,-0.100567
566.83,105.0,-0.074169,-0.094221
568.93,105.0,-0.069911,-0.090823
571.2,105.0,-0.067481,-0.088131
573.48,105.0,-0.065758,-0.087946
575.75,105.0,-0.064076,-0.086649
577.85,105.0,-0.063845,-0.082613
580.13,105.0,-0.062019,-0.083636
582.4,105.0,-0.060845,-0.081492
584.68,105.0,-0.05818,-0.079982
586.78,105.0,-0.057986,-0.07862
589.05,105.0,-0.055623,-0.077068
591.33,105.0,-0.053275,-0.075663
593.43,105.0,-0.050044,-0.071427
595.7,105.0,-0.047022,-0.06786
597.98,105.0,-0.044064,-0.064674
600.08,105.0,-0.040851,-0.0616
602.35,105.0,-0.035786,-0.057237
604.63,105.0,-0.028901,-0.053257
606.73,105.0,-0.023217,-0.044585
609.0,105.0,-0.018115,-0.041994
611.28,105.0,-0.014862,-0.035876
613.38,105.0,-0.013405,-0.032909
615.65,105.0,-0.012524,-0.033802
617.93,105.0,-0.010842,-0.033716
620.03,105.0,-0.01066,-0.033987
622.3,105.0,-0.008873,-0.030755
624.58,105.0,-0.006455,-0.029255
626.68,105.0,-0.004733,-0.026251
628.95,105.0,-0.00261,-0.024927
631.23,105.0,-0.003433,-0.023048
633.33,105.0,-0.003229,-0.026147
635.6,105.0,-0.00415,-0.025774
637.88,105.0,-0.006664,-0.028855
640.15,105.0,-0.008439,-0.030075
642.25,105.0,-0.011027,-0.033232
644.53,105.0,-0.012499,-0.034794
646.8,105.0,-0.013134,-0.037012
648.9,105.0,-0.01472,-0.035913
651.18,105.0,-0.016597,-0.036991
653.45,105.0,-0.015885,-0.038223
655.55,105.0,-0.016104,-0.03733
657.83,105.0,-0.015472,-0.036156
660.1,105.0,-0.014274,-0.036285
662.2,105.0,-0.013346,-0.036831
664.48,105.0,-0.007441,-0.031396
666.75,105.0,-0.001717,-0.023463
668.85,105.0,0.006866,-0.014714
671.13,105.0,0.017538,-0.005651
673.4,105.0,0.024759,0.002344
675.5,105.0,0.029596,0.008074
677.78,105.0,0.034475,0.012824
680.05,105.0,0.040415,0.017005
682.33,105.0,0.04629,0.023668
684.6,105.0,0.050292,0.028989
686.7,105.0,0.05593,0.033752
688.98,105.0,0.060141,0.036081
691.25,105.0,0.059629,0.035591
693.53,105.0,0.058114,0.035298
695.8,105.0,0.054408,0.030384
697.9,105.0,0.050849,0.028105
700.18,105.0,0.046808,0.024244
702.45,105.0,0.043262,0.020896
704.55,105.0,0.040461,0.017485
706.83,105.0,0.038179,0.015754
708.93,105.0,0.035455,0.011666
711.2,105.0,0.032301,0.010828
11.55,140.0,-0.077585,-0.098719
13.83,140.0,-0.073556,-0.095697
16.1,140.0,-0.071969,-0.091196
18.38,140.0,-0.069994,-0.092071
20.65,140.0,-0.071251,-0.092856
23.1,140.0,-0.072505,-0.093999
25.38,140.0,-0.072628,-0.093365
27.65,140.0,-0.071781,-0.094677
29.93,140.0,-0.072176,-0.092896
32.03,140.0,-0.073109,-0.093352
34.3,140.0,-0.072083,-0.092755
36.58,140.0,-0.072216,-0.09415
38.68,140.0,-0.074397,-0.094554
41.13,140.0,-0.075752,-0.097542
43.23,140.0,-0.078263,-0.101054
45.5,140.0,-0.08289,-0.103568
47.78,140.0,-0.084018,-0.106094
50.05,140.0,-0.085115,-0.106424
52.15,140.0,-0.08257,-0.103716
54.43,140.0,-0.075694,-0.097357
56.53,140.0,-0.067496,-0.087696
58.8,140.0,-0.058192,-0.080087
61.08,140.0,-0.050207,-0.07225
63.18,140.0,-0.044779,-0.066073
65.45,140.0,-0.04135,-0.063531
67.73,140.0,-0.037709,-0.0616
69.83,140.0,-0.036091,-0.059326
72.1,140.0,-0.034147,-0.056489
74.38,140.0,-0.03346,-0.053522
76.48,140.0,-0.03286,-0.054733
78.75,140.0,-0.035216,-0.056744
81.03,140.0,-0.038359,-0.059591
83.13,140.0,-0.041985,-0.062265
85.4,140.0,-0.044532,-0.066769
87.68,140.0,-0.047853,-0.069917
89.95,140.0,-0.0511,-0.070722
92.05,140.0,-0.050466,-0.073081
94.33,140.0,-0.050081,-0.071852
96.6,140.0,-0.046864,-0.068744
98.7,140.0,-0.042511,-0.064163
100.98,140.0,-0.03546,-0.05785
103.25,140.0,-0.029468,-0.050743
105.35,140.0,-0.025715,-0.04797
107.63,140.0,-0.024184,-0.045546
109.73,140.0,-0.025296,-0.047176
112.0,140.0,-0.027401,-0.049693
114.28,140.0,-0.030725,-0.051433
116.38,140.0,-0.032561,-0.054378
118.65,140.0,-0.035241,-0.055629
120.93,140.0,-0.036245,-0.057425
123.03,140.0,-0.036017,-0.058189
125.3,140.0,-0.034646,-0.056322
127.4,140.0,-0.032129,-0.055216
129.68,140.0,-0.02924,-0.050574
131.95,140.0,-0.026747,-0.049773
134.05,140.0,-0.026427,-0.048987
136.33,140.0,-0.02789,-0.049708
138.6,140.0,-0.030592,-0.050685
140.7,140.0,-0.033892,-0.054763
142.98,140.0,-0.036421,-0.058084
145.08,140.0,-0.039363,-0.060152
147.35,140.0,-0.040417,-0.062481
149.63,140.0,-0.043115,-0.064905
151.73,140.0,-0.04464,-0.06647
154.0,140.0,-0.047536,-0.068704
156.28,140.0,-0.049489,-0.071935
158.55,140.0,-0.050922,-0.071864
160.65,140.0,-0.053383,-0.073725
162.93,140.0,-0.054049,-0.076107
165.2,140.0,-0.055367,-0.077209
167.3,140.0,-0.056199,-0.077253
169.58,140.0,-0.056473,-0.075857
171.68,140.0,-0.055299,-0.075176
173.95,140.0,-0.054298,-0.077219
176.23,140.0,-0.054502,-0.076171
178.33,140.0,-0.056412,-0.075823
180.6,140.0,-0.055466,-0.077746
182.88,140.0,-0.056393,-0.07818
185.15,140.0,-0.057151,-0.079147
187.25,140.0,-0.058522,-0.079739
189.53,140.0,-0.060549,-0.082632
191.8,140.0,-0.061664,-0.084628
194.08,140.0,-0.062468,-0.083793
196.18,140.0,-0.063195,-0.084908
198.45,140.0,-0.062382,-0.08423
200.55,140.0,-0.061914,-0.083673
202.83,140.0,-0.060675,-0.082086
205.1,140.0,-0.059385,-0.081815
207.2,140.0,-0.059163,-0.079575
209.48,140.0,-0.059914,-0.080081
211.75,140.0,-0.058482,-0.080059
214.03,140.0,-0.058987,-0.080506
216.13,140.0,-0.058294,-0.080441
218.4,140.0,-0.056649,-0.078266
220.68,140.0,-0.055691,-0.076908
222.78,140.0,-0.054135,-0.075663
225.05,140.0,-0.052428,-0.074662
227.33,140.0,-0.051464,-0.073374
229.43,140.0,-0.051313,-0.073131
231.7,140.0,-0.050854,-0.072022
233.98,140.0,-0.051045,-0.072003
236.25,140.0,-0.050691,-0.070937
238.35,140.0,-0.050059,-0.070799
240.63,140.0,-0.049181,-0.071331
242.9,140.0,-0.050241,-0.07167
245.0,140.0,-0.049557,-0.070543
247.28,140.0,-0.049557,-0.07123
249.38,140.0,-0.049933,-0.071812
251.65,140.0,-0.049388,-0.071248
253.93,140.0,-0.047952,-0.071578
256.03,140.0,-0.047277,-0.069163
258.3,140.0,-0.043445,-0.066427
260.58,140.0,-0.039813,-0.060657
262.68,140.0,-0.034049,-0.05549
264.95,140.0,-0.028291,-0.048833
267.23,140.0,-0.023125,-0.043913
269.33,140.0,-0.01956,-0.041104
271.6,140.0,-0.018217,-0.038251
273.88,140.0,-0.018276,-0.039834
276.15,140.0,-0.020367,-0.041883
278.43,140.0,-0.02448,-0.045118
280.7,140.0,-0.028451,-0.048725
282.98,140.0,-0.032635,-0.054132
285.08,140.0,-0.036338,-0.057428
287.35,140.0,-0.037924,-0.058485
289.63,140.0,-0.039144,-0.061205
291.73,140.0,-0.040749,-0.061763
294.0,140.0,-0.040845,-0.062025
296.28,140.0,-0.041452,-0.061104
298.38,140.0,-0.039314,-0.060093
300.65,140.0,-0.034714,-0.056449
302.93,140.0,-0.031002,-0.052998
305.03,140.0,-0.029043,-0.049317
307.3,140.0,-0.025284,-0.047139
309.58,140.0,-0.02237,-0.042773
311.85,140.0,-0.01859,-0.041033
313.95,140.0,-0.017154,-0.038648
316.23,140.0,-0.014095,-0.035805
318.33,140.0,-0.012484,-0.033405
320.6,140.0,-0.009871,-0.032348
322.88,140.0,-0.007897,-0.030885
324.98,140.0,-0.008882,-0.029338
327.25,140.0,-0.009178,-0.031988
329.53,140.0,-0.010848,-0.031997
331.63,140.0,-0.01338,-0.034819
333.9,140.0,-0.012912,-0.035075
336.0,140.0,-0.014286,-0.036615
338.28,140.0,-0.016855,-0.038953
340.73,140.0,-0.019508,-0.042407
343.0,140.0,-0.021982,-0.043664
345.28,140.0,-0.024458,-0.047077
347.55,140.0,-0.026486,-0.04911
349.83,140.0,-0.029668,-0.051261
352.1,140.0,-0.032376,-0.054733
354.38,140.0,-0.03627,-0.058137
356.65,140.0,-0.038131,-0.060842
358.93,140.0,-0.038873,-0.060913
361.03,140.0,-0.037656,-0.060376
363.3,140.0,-0.033738,-0.056538
365.4,140.0,-0.032761,-0.052924
367.85,140.0,-0.028322,-0.051279
369.95,140.0,-0.02733,-0.04846
372.23,140.0,-0.026119,-0.048251
374.5,140.0,-0.025112,-0.049258
376.6,140.0,-0.025564,-0.047816
378.88,140.0,-0.024468,-0.046405
380.98,140.0,-0.023944,-0.046649
383.25,140.0,-0.023614,-0.04505
385.53,140.0,-0.022416,-0.04419
387.63,140.0,-0.022832,-0.044609
389.9,140.0,-0.02216,-0.043694
392.0,140.0,-0.021677,-0.044046
394.28,140.0,-0.021427,-0.042447
396.38,140.0,-0.021008,-0.04297
398.65,140.0,-0.01969,-0.04232
400.93,140.0,-0.020244,-0.04342
403.2,140.0,-0.01912,-0.041991
405.3,140.0,-0.019705,-0.041929
407.58,140.0,-0.019495,-0.042669
409.85,140.0,-0.019668,-0.042089
411.95,140.0,-0.020879,-0.042422
414.23,140.0,-0.02147,-0.042237
416.5,140.0,-0.022613,-0.04249
418.6,140.0,-0.022838,-0.045096
420.88,140.0,-0.024178,-0.044951
422.98,140.0,-0.024067,-0.046637
425.25,140.0,-0.023479,-0.04545
427.53,140.0,-0.022958,-0.045771
429.63,140.0,-0.02293,-0.042579
431.9,140.0,-0.022142,-0.042776
434.0,140.0,-0.020093,-0.041375
436.28,140.0,-0.01724,-0.0394
438.55,140.0,-0.015435,-0.037847
440.65,140.0,-0.014397,-0.037234
442.93,140.0,-0.012219,-0.034388
445.03,140.0,-0.01273,-0.033248
447.3,140.0,-0.011547,-0.034551
449.4,140.0,-0.012308,-0.034616
451.68,140.0,-0.011837,-0.033852
453.95,140.0,-0.011627,-0.033248
456.05,140.0,-0.011381,-0.033892
458.33,140.0,-0.011134,-0.034495
460.43,140.0,-0.013451,-0.034825
462.7,140.0,-0.014292,-0.035626
464.98,140.0,-0.017,-0.037977
467.25,140.0,-0.017798,-0.040269
469.35,140.0,-0.019609,-0.042324
471.45,140.0,-0.024548,-0.045192
473.9,140.0,-0.028445,-0.049344
476.18,140.0,-0.03358,-0.055423
478.28,140.0,-0.041091,-0.062739
480.38,140.0,-0.047949,-0.068919
482.65,140.0,-0.054021,-0.075854
484.93,140.0,-0.060808,-0.082009
487.2,140.0,-0.065595,-0.087336
489.48,140.0,-0.070543,-0.090275
491.58,140.0,-0.073784,-0.095361
493.85,140.0,-0.07664,-0.096966
496.13,140.0,-0.079002,-0.101258
498.23,140.0,-0.082456,-0.102317
500.5,140.0,-0.084616,-0.104597
502.78,140.0,-0.085081,-0.10578
504.88,140.0,-0.084249,-0.10517
507.15,140.0,-0.082758,-0.103611
509.43,140.0,-0.079739,-0.099982
511.53,140.0,-0.076649,-0.099341
513.8,140.0,-0.076905,-0.098651
516.08,140.0,-0.076593,-0.099018
518.18,140.0,-0.078103,-0.099351
520.45,140.0,-0.081834,-0.101507
522.73,140.0,-0.084819,-0.106088
524.83,140.0,-0.087598,-0.109452
527.1,140.0,-0.089354,-0.112022
529.38,140.0,-0.091273,-0.112296
531.48,140.0,-0.091858,-0.113568
533.75,140.0,-0.094825,-0.115309
536.03,140.0,-0.098072,-0.118907
538.13,140.0,-0.101464,-0.121975
540.4,140.0,-0.104443,-0.125192
542.5,140.0,-0.107579,-0.12972
544.78,140.0,-0.1111,-0.131652
547.05,140.0,-0.115922,-0.135121
549.33,140.0,-0.119119,-0.141569
551.43,140.0,-0.123987,-0.14497
553.7,140.0,-0.126501,-0.148599
555.98,140.0,-0.127776,-0.148309
558.25,140.0,-0.12679,-0.147052
560.35,140.0,-0.123713,-0.143744
562.63,140.0,-0.120232,-0.140549
564.73,140.0,-0.116741,-0.137234
567.0,140.0,-0.113014,-0.134526
569.28,140.0,-0.110555,-0.130389
571.38,140.0,-0.107363,-0.127727
573.65,140.0,-0.10529,-0.125546
575.75,140.0,-0.103898,-0.124976
578.03,140.0,-0.103211,-0.124141
580.13,140.0,-0.101153,-0.123491
582.4,140.0,-0.099779,-0.12107
584.68,140.0,-0.098559,-0.120216
586.78,140.0,-0.098143,-0.119831
589.05,140.0,-0.097872,-0.118328
591.33,140.0,-0.094736,-0.11521
593.43,140.0,-0.09127,-0.112074
595.7,140.0,-0.087006,-0.109514
597.8,140.0,-0.083836,-0.105179
600.08,140.0,-0.079123,-0.10106
602.35,140.0,-0.075755,-0.098707
604.63,140.0,-0.073904,-0.094107
606.73,140.0,-0.073066,-0.093728
609.0,140.0,-0.072866,-0.094132
611.28,140.0,-0.072542,-0.095096
613.38,140.0,-0.073929,-0.095413
615.65,140.0,-0.074135,-0.095423
617.93,140.0,-0.074948,-0.096285
620.03,140.0,-0.074101,-0.09513
622.3,140.0,-0.073226,-0.095139
624.58,140.0,-0.071941,-0.093355
626.68,140.0,-0.071883,-0.091985
628.95,140.0,-0.070413,-0.091778
631.23,140.0,-0.071338,-0.092447
633.5,140.0,-0.07277,-0.094249
635.78,140.0,-0.075201,-0.096544
637.88,140.0,-0.076569,-0.098328
639.98,140.0,-0.078648,-0.101636
642.43,140.0,-0.081455,-0.103288
644.53,140.0,-0.083192,-0.104012
646.8,140.0,-0.08452,-0.103778
649.08,140.0,-0.084649,-0.10517
651.35,140.0,-0.082388,-0.103371
653.45,140.0,-0.077422,-0.099227
655.73,140.0,-0.070312,-0.091449
657.83,140.0,-0.062539,-0.084671
660.1,140.0,-0.054397,-0.075694
662.38,140.0,-0.046618,-0.066791
664.48,140.0,-0.038972,-0.059951
666.75,140.0,-0.030808,-0.052696
668.85,140.0,-0.024449,-0.046193
671.13,140.0,-0.016726,-0.038177
673.4,140.0,-0.01282,-0.033701
675.5,140.0,-0.010891,-0.034822
677.78,140.0,-0.011975,-0.033805
679.88,140.0,-0.014911,-0.036858
682.15,140.0,-0.019194,-0.040561
684.43,140.0,-0.023001,-0.04354
686.7,140.0,-0.02383,-0.046498
688.98,140.0,-0.025663,-0.046794
691.08,140.0,-0.026809,-0.049502
693.35,140.0,-0.028879,-0.05102
695.63,140.0,-0.033131,-0.054129
697.73,140.0,-0.03733,-0.057394
700.0,140.0,-0.041245,-0.063556
702.28,140.0,-0.044881,-0.066757
704.38,140.0,-0.048183,-0.07066
706.65,140.0,-0.052601,-0.074677
708.93,140.0,-0.055447,-0.076824
711.2,140.0,-0.057582,-0.077561
11.73,175.0,-0.050266,-0.072693
13.83,175.0,-0.045028,-0.065903
16.28,175.0,-0.039052,-0.060749
18.55,175.0,-0.033288,-0.052927
20.83,175.0,-0.025524,-0.048291
22.93,175.0,-0.020186,-0.042739
25.2,175.0,-0.018636,-0.041227
27.48,175.0,-0.019585,-0.0418
29.58,175.0,-0.023738,-0.045232
31.85,175.0,-0.028738,-0.051486
34.13,175.0,-0.035161,-0.055546
36.23,175.0,-0.041442,-0.06094
38.5,175.0,-0.045241,-0.066147
40.78,175.0,-0.048414,-0.070133
42.88,175.0,-0.051606,-0.071972
45.15,175.0,-0.052986,-0.075583
47.43,175.0,-0.052924,-0.075235
49.53,175.0,-0.05232,-0.075792
51.8,175.0,-0.053842,-0.074625
54.08,175.0,-0.053115,-0.075306
56.18,175.0,-0.052558,-0.074871
58.45,175.0,-0.054012,-0.074828
60.73,175.0,-0.053485,-0.075903
63.0,175.0,-0.054221,-0.075152
65.1,175.0,-0.054421,-0.077496
67.38,175.0,-0.05387,-0.075795
69.65,175.0,-0.054532,-0.075306
71.93,175.0,-0.052515,-0.074569
74.2,175.0,-0.050124,-0.072354
76.3,175.0,-0.04883,-0.069449
78.58,175.0,-0.047169,-0.069625
80.85,175.0,-0.045685,-0.066994
82.95,175.0,-0.043214,-0.065826
85.23,175.0,-0.042015,-0.064015
87.5,175.0,-0.040558,-0.061994
89.6,175.0,-0.039338,-0.059807
91.88,175.0,-0.035943,-0.058257
93.98,175.0,-0.03359,-0.054465
96.25,175.0,-0.03058,-0.05216
98.53,175.0,-0.028824,-0.050038
100.8,175.0,-0.028503,-0.051507
103.08,175.0,-0.027718,-0.049733
105.35,175.0,-0.028208,-0.049816
107.45,175.0,-0.029033,-0.050278
109.73,175.0,-0.028932,-0.049415
112.0,175.0,-0.02732,-0.04859
114.28,175.0,-0.026372,-0.047915
116.38,175.0,-0.024954,-0.047234
118.65,175.0,-0.021935,-0.044375
120.93,175.0,-0.019403,-0.038842
123.2,175.0,-0.014117,-0.037077
125.48,175.0,-0.011658,-0.032558
127.58,175.0,-0.008192,-0.030691
129.85,175.0,-0.009887,-0.031621
131.95,175.0,-0.011168,-0.033833
134.23,175.0,-0.016877,-0.036372
136.5,175.0,-0.021316,-0.041929
138.78,175.0,-0.025204,-0.047536
140.88,175.0,-0.030531,-0.05143
143.15,175.0,-0.034471,-0.056975
145.43,175.0,-0.038922,-0.060081
147.7,175.0,-0.043217,-0.064388
149.8,175.0,-0.046529,-0.067169
152.08,175.0,-0.049104,-0.070444
154.35,175.0,-0.052157,-0.072961
156.63,175.0,-0.054385,-0.076057
158.73,175.0,-0.056227,-0.077231
161.0,175.0,-0.058091,-0.07932
163.1,175.0,-0.058596,-0.080013
165.38,175.0,-0.059776,-0.082684
167.48,175.0,-0.060407,-0.082591
169.75,175.0,-0.063205,-0.08355
172.03,175.0,-0.064295,-0.085675
174.13,175.0,-0.065931,-0.086221
176.23,175.0,-0.067607,-0.088925
178.68,175.0,-0.070432,-0.090367
180.95,175.0,-0.07285,-0.092444
183.05,175.0,-0.075047,-0.096911
185.33,175.0,-0.076603,-0.098026
187.6,175.0,-0.080512,-0.099612
189.7,175.0,-0.081184,-0.102447
191.98,175.0,-0.082755,-0.103848
194.25,175.0,-0.083189,-0.105808
196.53,175.0,-0.084369,-0.10489
198.63,175.0,-0.085663,-0.106781
200.9,175.0,-0.084856,-0.106926
203.18,175.0,-0.085013,-0.105712
205.28,175.0,-0.083901,-0.106134
207.55,175.0,-0.084384,-0.104252
209.83,175.0,-0.08237,-0.103158
211.93,175.0,-0.079619,-0.100965
214.2,175.0,-0.079572,-0.09871
216.48,175.0,-0.076809,-0.097696
218.75,175.0,-0.074779,-0.095515
221.03,175.0,-0.074089,-0.09627
223.13,175.0,-0.072995,-0.093842
225.4,175.0,-0.072696,-0.094289
227.68,175.0,-0.071368,-0.092681
229.78,175.0,-0.070632,-0.090959
232.05,175.0,-0.070155,-0.091227
234.33,175.0,-0.069027,-0.09017
236.6,175.0,-0.069061,-0.089446
238.7,175.0,-0.068334,-0.090472
240.98,175.0,-0.070512,-0.090312
243.25,175.0,-0.069307,-0.091159
245.35,175.0,-0.068858,-0.090691
247.63,175.0,-0.068624,-0.089378
249.73,175.0,-0.06464,-0.084674
252.0,175.0,-0.059092,-0.082225
254.28,175.0,-0.052456,-0.075863
256.38,175.0,-0.046211,-0.068414
258.65,175.0,-0.03993,-0.060595
260.93,175.0,-0.034024,-0.056877
263.03,175.0,-0.030922,-0.053648
265.3,175.0,-0.027607,-0.050244
267.58,175.0,-0.028768,-0.050395
269.68,175.0,-0.029357,-0.052074
271.95,175.0,-0.02976,-0.051905
274.23,175.0,-0.033229,-0.056063
276.5,175.0,-0.037009,-0.05733
278.6,175.0,-0.0405,-0.063038
280.88,175.0,-0.042712,-0.06525
283.15,175.0,-0.046446,-0.068088
285.25,175.0,-0.050891,-0.071972
287.53,175.0,-0.050728,-0.073547
289.8,175.0,-0.053485,-0.073174
292.08,175.0,-0.053146,-0.074954
294.18,175.0,-0.05391,-0.073587
296.45,175.0,-0.052407,-0.072496
298.55,175.0,-0.048485,-0.069446
300.83,175.0,-0.045879,-0.067166
303.1,175.0,-0.04131,-0.06452
305.2,175.0,-0.037736,-0.060296
307.48,175.0,-0.032678,-0.054018
309.93,175.0,-0.027669,-0.049631
312.2,175.0,-0.023202,-0.045956
314.3,175.0,-0.020463,-0.043648
316.75,175.0,-0.019807,-0.042354
319.03,175.0,-0.019514,-0.040913
321.13,175.0,-0.018217,-0.041174
323.4,175.0,-0.018408,-0.038895
325.68,175.0,-0.016935,-0.038531
327.95,175.0,-0.019391,-0.041424
330.23,175.0,-0.021054,-0.043383
332.33,175.0,-0.025065,-0.045065
334.6,175.0,-0.026982,-0.048091
336.7,175.0,-0.028966,-0.050179
338.98,175.0,-0.030438,-0.053011
341.25,175.0,-0.03225,-0.054597
343.35,175.0,-0.034101,-0.056245
345.63,175.0,-0.036273,-0.058014
347.9,175.0,-0.038408,-0.060617
350.0,175.0,-0.041683,-0.063716
352.28,175.0,-0.04416,-0.065842
354.55,175.0,-0.046935,-0.068799
356.83,175.0,-0.049526,-0.071627
358.93,175.0,-0.052012,-0.073818
361.2,175.0,-0.053879,-0.074495
363.3,175.0,-0.054234,-0.076042
365.58,175.0,-0.055259,-0.076276
367.85,175.0,-0.054532,-0.077588
369.95,175.0,-0.052151,-0.073858
372.23,175.0,-0.050087,-0.071356
374.5,175.0,-0.046972,-0.068337
376.6,175.0,-0.043275,-0.065056
378.88,175.0,-0.043319,-0.063457
381.15,175.0,-0.039554,-0.061917
383.25,175.0,-0.039104,-0.06095
385.53,175.0,-0.038322,-0.060065
387.63,175.0,-0.036171,-0.058602
389.9,175.0,-0.034881,-0.057542
392.0,175.0,-0.034711,-0.0568
394.28,175.0,-0.034169,-0.057197
396.55,175.0,-0.035922,-0.056646
398.65,175.0,-0.036137,-0.056923
400.75,175.0,-0.037521,-0.059449
403.2,175.0,-0.036402,-0.059116
405.3,175.0,-0.036492,-0.058161
407.58,175.0,-0.035173,-0.059018
409.85,175.0,-0.034597,-0.056168
411.95,175.0,-0.033867,-0.056082
414.23,175.0,-0.033112,-0.055571
416.33,175.0,-0.034483,-0.055589
418.6,175.0,-0.036005,-0.057404
420.88,175.0,-0.039212,-0.061214
423.15,175.0,-0.041538,-0.064381
425.43,175.0,-0.046128,-0.066667
427.53,175.0,-0.049603,-0.07326
429.8,175.0,-0.053827,-0.07582
431.9,175.0,-0.056418,-0.077702
434.18,175.0,-0.056757,-0.07936
436.45,175.0,-0.058476,-0.078796
438.73,175.0,-0.056335,-0.078756
440.83,175.0,-0.055429,-0.077348
443.1,175.0,-0.05493,-0.077974
445.38,175.0,-0.053744,-0.074954
447.48,175.0,-0.053565,-0.074557
449.75,175.0,-0.055651,-0.077367
452.03,175.0,-0.057585,-0.079619
454.13,175.0,-0.062012,-0.083811
456.4,175.0,-0.066969,-0.086935
458.68,175.0,-0.072145,-0.094138
460.78,175.0,-0.076864,-0.097345
463.05,175.0,-0.08151,-0.103781
465.33,175.0,-0.085675,-0.107286
467.6,175.0,-0.088525,-0.111596
469.35,175.0,-0.091153,-0.112533
471.98,175.0,-0.093349,-0.114603
474.25,175.0,-0.095176,-0.11557
476.35,175.0,-0.096726,-0.118217
478.8,175.0,-0.096547,-0.116926
480.9,175.0,-0.096288,-0.118904
483.18,175.0,-0.095145,-0.115854
485.28,175.0,-0.091042,-0.113608
487.55,175.0,-0.089076,-0.1098
489.83,175.0,-0.087105,-0.107632
491.93,175.0,-0.088636,-0.108694
494.2,175.0,-0.09216,-0.112453
496.48,175.0,-0.098904,-0.118223
498.58,175.0,-0.103128,-0.124526
500.85,175.0,-0.109181,-0.130487
503.13,175.0,-0.116627,-0.136769
505.23,175.0,-0.121338,-0.141338
507.33,175.0,-0.127262,-0.147684
509.6,175.0,-0.132662,-0.153559
511.88,175.0,-0.13899,-0.160882
514.15,175.0,-0.145912,-0.165216
516.25,175.0,-0.153562,-0.172135
518.53,175.0,-0.160795,-0.181301
520.8,175.0,-0.168805,-0.189803
523.08,175.0,-0.176048,-0.196128
525.18,175.0,-0.18232,-0.202459
527.45,175.0,-0.189732,-0.209501
529.73,175.0,-0.194671,-0.214357
531.83,175.0,-0.198765,-0.218435
534.1,175.0,-0.200755,-0.221106
536.38,175.0,-0.202576,-0.223204
538.48,175.0,-0.204954,-0.224597
540.75,175.0,-0.205626,-0.225632
543.03,175.0,-0.205358,-0.225056
545.13,175.0,-0.205173,-0.223432
547.4,175.0,-0.203534,-0.224307
549.68,175.0,-0.203013,-0.223713
551.78,175.0,-0.197767,-0.218574
554.05,175.0,-0.192194,-0.212394
556.15,175.0,-0.188386,-0.206023
558.43,175.0,-0.182366,-0.201615
560.7,175.0,-0.177585,-0.197745
562.98,175.0,-0.174659,-0.195413
565.25,175.0,-0.172869,-0.194129
567.35,175.0,-0.172366,-0.19293
569.63,175.0,-0.172289,-0.19432
571.73,175.0,-0.172909,-0.193596
574.0,175.0,-0.17338,-0.193075
576.28,175.0,-0.170386,-0.190367
578.38,175.0,-0.165687,-0.187206
580.65,175.0,-0.160401,-0.181479
582.93,175.0,-0.156334,-0.176864
585.2,175.0,-0.152,-0.17127
587.3,175.0,-0.147573,-0.168639
589.58,175.0,-0.143497,-0.163352
591.68,175.0,-0.141944,-0.162918
593.95,175.0,-0.142176,-0.162662
596.23,175.0,-0.142089,-0.16188
598.33,175.0,-0.141966,-0.162246
600.6,175.0,-0.14302,-0.163919
602.88,175.0,-0.142635,-0.163032
604.98,175.0,-0.143414,-0.16171
607.25,175.0,-0.143796,-0.163152
609.35,175.0,-0.143192,-0.164009
611.63,175.0,-0.141701,-0.164045
613.9,175.0,-0.140934,-0.161673
616.18,175.0,-0.140487,-0.16151
618.28,175.0,-0.13753,-0.159662
620.55,175.0,-0.135888,-0.156054
622.83,175.0,-0.133639,-0.154095
625.1,175.0,-0.132046,-0.151624
627.2,175.0,-0.131116,-0.15094
629.48,175.0,-0.131593,-0.150832
631.58,175.0,-0.132511,-0.151448
633.85,175.0,-0.131985,-0.152126
636.13,175.0,-0.129819,-0.151091
638.23,175.0,-0.126168,-0.148503
640.5,175.0,-0.124086,-0.143867
642.78,175.0,-0.120811,-0.141473
644.88,175.0,-0.119508,-0.140734
647.15,175.0,-0.119545,-0.1405
649.25,175.0,-0.12151,-0.14399
651.53,175.0,-0.126495,-0.147847
653.8,175.0,-0.133399,-0.153112
656.08,175.0,-0.138161,-0.159236
658.18,175.0,-0.144837,-0.165392
660.45,175.0,-0.149582,-0.170287
662.73,175.0,-0.15374,-0.174988
664.83,175.0,-0.158038,-0.176988
667.1,175.0,-0.161319,-0.181331
669.2,175.0,-0.163189,-0.182659
671.48,175.0,-0.163636,-0.183331
673.75,175.0,-0.164739,-0.186877
675.85,175.0,-0.16635,-0.186168
678.13,175.0,-0.167015,-0.187129
680.23,175.0,-0.168118,-0.187129
682.5,175.0,-0.166772,-0.186901
684.78,175.0,-0.165253,-0.185235
686.88,175.0,-0.162437,-0.183047
689.15,175.0,-0.159819,-0.180919
691.43,175.0,-0.158235,-0.180238
693.53,175.0,-0.159156,-0.178771
695.8,175.0,-0.159002,-0.180903
698.08,175.0,-0.160256,-0.179843
700.35,175.0,-0.159421,-0.180127
702.45,175.0,-0.15594,-0.177268
704.73,175.0,-0.154646,-0.174434
707.0,175.0,-0.151316,-0.170034
709.28,175.0,-0.147773,-0.16814
711.38,175.0,-0.143186,-0.163722
11.73,210.0,-0.010179,-0.034153
14.0,210.0,-0.007515,-0.028741
16.28,210.0,-0.003057,-0.026751
18.38,210.0,-0.001134,-0.023707
20.65,210.0,-0.000638,-0.020934
22.93,210.0,0.000575,-0.022243
25.2,210.0,0.00146,-0.021412
27.3,210.0,-0.000743,-0.020682
29.58,210.0,0.001216,-0.022093
31.85,210.0,0.001386,-0.021064
34.13,210.0,0.000153,-0.022015
36.4,210.0,-0.000152,-0.021242
38.5,210.0,-0.000521,-0.021418
40.78,210.0,-0.00204,-0.024609
43.05,210.0,-0.00383,-0.024634
45.15,210.0,-0.006393,-0.02904
47.43,210.0,-0.007629,-0.030414
49.7,210.0,-0.00842,-0.030182
51.8,210.0,-0.008845,-0.03058
54.08,210.0,-0.005481,-0.027046
56.35,210.0,-0.003762,-0.024326
58.45,210.0,-0.000709,-0.022515
60.73,210.0,0.001829,-0.021128
62.83,210.0,0.003684,-0.018297
65.1,210.0,0.005843,-0.016455
67.2,210.0,0.007082,-0.01529
69.48,210.0,0.008804,-0.012003
71.75,210.0,0.008542,-0.014003
74.03,210.0,0.010116,-0.012918
76.13,210.0,0.010135,-0.011991
78.4,210.0,0.008853,-0.012548
80.5,210.0,0.007726,-0.014455
82.78,210.0,0.004848,-0.017844
85.05,210.0,0.002846,-0.020463
87.15,210.0,-0.000256,-0.02294
89.43,210.0,-0.002188,-0.024674
91.7,210.0,-0.003738,-0.025549
93.98,210.0,-0.005041,-0.02729
96.08,210.0,-0.006701,-0.028599
98.35,210.0,-0.006612,-0.028593
100.45,210.0,-0.006301,-0.029406
102.73,210.0,-0.004385,-0.027576
104.83,210.0,-0.003393,-0.025666
106.93,210.0,-0.001902,-0.024486
109.38,210.0,-0.001402,-0.021926
111.48,210.0,0.002076,-0.020722
113.75,210.0,0.002569,-0.020315
116.03,210.0,0.002812,-0.020121
118.13,210.0,0.003323,-0.019763
120.4,210.0,0.000957,-0.021384
122.68,210.0,-0.00062,-0.023818
124.95,210.0,-0.003411,-0.027262
127.05,210.0,-0.007394,-0.029006
129.33,210.0,-0.011165,-0.032622
131.6,210.0,-0.01404,-0.035229
133.7,210.0,-0.01737,-0.039616
135.98,210.0,-0.021017,-0.043202
138.25,210.0,-0.025115,-0.04794
140.35,210.0,-0.029449,-0.050518
142.63,210.0,-0.032216,-0.054468
144.73,210.0,-0.036519,-0.058442
147.0,210.0,-0.039003,-0.060429
149.28,210.0,-0.041258,-0.063075
151.55,210.0,-0.045281,-0.064733
153.83,210.0,-0.047823,-0.070207
156.1,210.0,-0.05099,-0.07362
158.2,210.0,-0.053657,-0.077397
160.48,210.0,-0.057407,-0.078956
162.75,210.0,-0.059751,-0.082782
165.03,210.0,-0.063417,-0.084982
167.13,210.0,-0.064526,-0.086295
169.4,210.0,-0.067148,-0.086615
171.5,210.0,-0.066316,-0.087388
173.78,210.0,-0.067598,-0.088805
176.05,210.0,-0.067656,-0.089301
178.15,210.0,-0.067046,-0.089067
180.43,210.0,-0.067524,-0.089418
182.88,210.0,-0.068411,-0.089502
184.98,210.0,-0.068565,-0.089477
187.25,210.0,-0.068359,-0.089702
189.53,210.0,-0.067604,-0.088694
191.8,210.0,-0.067052,-0.090281
194.08,210.0,-0.0685,-0.08927
196.35,210.0,-0.067715,-0.089086
198.45,210.0,-0.067136,-0.088356
200.73,210.0,-0.067795,-0.089209
203.0,210.0,-0.06676,-0.087903
205.1,210.0,-0.06598,-0.087992
207.38,210.0,-0.065515,-0.086991
209.65,210.0,-0.06362,-0.085734
211.75,210.0,-0.063054,-0.08302
214.03,210.0,-0.060971,-0.082474
216.13,210.0,-0.060112,-0.080019
218.4,210.0,-0.059095,-0.0798
220.5,210.0,-0.057967,-0.079465
222.95,210.0,-0.056526,-0.078802
225.05,210.0,-0.056646,-0.078044
227.33,210.0,-0.056359,-0.07676
229.43,210.0,-0.055789,-0.077194
231.7,210.0,-0.055718,-0.077068
233.98,210.0,-0.054942,-0.076861
236.08,210.0,-0.055013,-0.077385
238.35,210.0,-0.05627,-0.077974
240.63,210.0,-0.05777,-0.07863
242.9,210.0,-0.058796,-0.079763
245.18,210.0,-0.060349,-0.082354
247.28,210.0,-0.061898,-0.082511
249.73,210.0,-0.061741,-0.08301
252.0,210.0,-0.060509,-0.082866
254.28,210.0,-0.05968,-0.080318
256.38,210.0,-0.054261,-0.076556
258.65,210.0,-0.048254,-0.069542
260.93,210.0,-0.042823,-0.06448
263.2,210.0,-0.036717,-0.058275
265.3,210.0,-0.032792,-0.053993
267.58,210.0,-0.030463,-0.054295
269.85,210.0,-0.031279,-0.05233
271.95,210.0,-0.032632,-0.055053
274.23,210.0,-0.035996,-0.057521
276.5,210.0,-0.038738,-0.06021
278.6,210.0,-0.040909,-0.063457
280.88,210.0,-0.04285,-0.064243
283.15,210.0,-0.04428,-0.06607
285.25,210.0,-0.045728,-0.067401
287.53,210.0,-0.045774,-0.0694
289.8,210.0,-0.046701,-0.068242
291.9,210.0,-0.047142,-0.068765
294.18,210.0,-0.045688,-0.067863
296.28,210.0,-0.04371,-0.065574
298.55,210.0,-0.040635,-0.061673
300.83,210.0,-0.03667,-0.0594
303.1,210.0,-0.031501,-0.052665
305.38,210.0,-0.026578,-0.048229
307.65,210.0,-0.023051,-0.043297
309.75,210.0,-0.020139,-0.041193
312.03,210.0,-0.017065,-0.039009
314.3,210.0,-0.015099,-0.037672
316.4,210.0,-0.01517,-0.036396
318.68,210.0,-0.016858,-0.039274
320.95,210.0,-0.016932,-0.040364
323.05,210.0,-0.019412,-0.041227
325.33,210.0,-0.019828,-0.042092
327.43,210.0,-0.019674,-0.042373
329.7,210.0,-0.020207,-0.04379
331.98,210.0,-0.021048,-0.043439
334.08,210.0,-0.023728,-0.046233
336.35,210.0,-0.026332,-0.048488
338.63,210.0,-0.029933,-0.050287
340.73,210.0,-0.03269,-0.054468
343.0,210.0,-0.036141,-0.057983
345.28,210.0,-0.040626,-0.063513
347.38,210.0,-0.043966,-0.065266
349.65,210.0,-0.047604,-0.068026
351.75,210.0,-0.048972,-0.070891
354.03,210.0,-0.050999,-0.07334
356.3,210.0,-0.053759,-0.075346
358.58,210.0,-0.056082,-0.078168
360.68,210.0,-0.05793,-0.07973
363.13,210.0,-0.060044,-0.082659
365.23,210.0,-0.063482,-0.085339
367.5,210.0,-0.065062,-0.086199
369.78,210.0,-0.067253,-0.088657
371.88,210.0,-0.068143,-0.089206
374.15,210.0,-0.069754,-0.090318
376.43,210.0,-0.070346,-0.091904
378.53,210.0,-0.070743,-0.090912
380.8,210.0,-0.069076,-0.092148
382.9,210.0,-0.069307,-0.089646
385.18,210.0,-0.06793,-0.089523
387.45,210.0,-0.066917,-0.089175
389.73,210.0,-0.066033,-0.088134
391.83,210.0,-0.065743,-0.087364
394.1,210.0,-0.064452,-0.086784
396.38,210.0,-0.065543,-0.08594
398.48,210.0,-0.066122,-0.087915
400.75,210.0,-0.067678,-0.089274
403.03,210.0,-0.07037,-0.091153
405.3,210.0,-0.073315,-0.094575
407.58,210.0,-0.076834,-0.097838
409.68,210.0,-0.081122,-0.10155
411.95,210.0,-0.085712,-0.106076
414.23,210.0,-0.088081,-0.109865
416.5,210.0,-0.091137,-0.112933
418.6,210.0,-0.092672,-0.114332
420.88,210.0,-0.093522,-0.115638
422.98,210.0,-0.095521,-0.115407
425.25,210.0,-0.097163,-0.118161
427.53,210.0,-0.099061,-0.121994
429.8,210.0,-0.102595,-0.12431
432.08,210.0,-0.105118,-0.126864
434.35,210.0,-0.107893,-0.127998
436.45,210.0,-0.109588,-0.129859
438.73,210.0,-0.110262,-0.131196
441.0,210.0,-0.110946,-0.131165
443.1,210.0,-0.111778,-0.131661
445.38,210.0,-0.111008,-0.131002
447.65,210.0,-0.111076,-0.130829
449.75,210.0,-0.110013,-0.130863
452.03,210.0,-0.108771,-0.128269
454.3,210.0,-0.107234,-0.127172
456.4,210.0,-0.10692,-0.127126
458.68,210.0,-0.10562,-0.126769
460.95,210.0,-0.104021,-0.12505
463.05,210.0,-0.100333,-0.120543
465.5,210.0,-0.096941,-0.116991
467.78,210.0,-0.094689,-0.115081
469.88,210.0,-0.095725,-0.116054
472.15,210.0,-0.099243,-0.119246
474.25,210.0,-0.10338,-0.124156
476.53,210.0,-0.109545,-0.129542
478.8,210.0,-0.114283,-0.135071
481.08,210.0,-0.118291,-0.139951
483.18,210.0,-0.122739,-0.144135
485.45,210.0,-0.129123,-0.14927
487.73,210.0,-0.13496,-0.155275
489.83,210.0,-0.141917,-0.163331
492.1,210.0,-0.150044,-0.170176
494.38,210.0,-0.158038,-0.17879
496.48,210.0,-0.165623,-0.185195
498.75,210.0,-0.174655,-0.194902
501.03,210.0,-0.181085,-0.200614
503.13,210.0,-0.187477,-0.207369
505.4,210.0,-0.194326,-0.213925
507.68,210.0,-0.200195,-0.219169
509.78,210.0,-0.206473,-0.224797
511.88,210.0,-0.213035,-0.231491
514.33,210.0,-0.219415,-0.239514
516.6,210.0,-0.226384,-0.246541
518.7,210.0,-0.234088,-0.253358
520.98,210.0,-0.242274,-0.260527
523.25,210.0,-0.249532,-0.26781
525.35,210.0,-0.255564,-0.275595
527.63,210.0,-0.263303,-0.28375
529.73,210.0,-0.271119,-0.289313
531.83,210.0,-0.277357,-0.296128
534.28,210.0,-0.283953,-0.301898
536.55,210.0,-0.288888,-0.306994
538.65,210.0,-0.292739,-0.311741
540.75,210.0,-0.296402,-0.313334
543.2,210.0,-0.298374,-0.316285
545.3,210.0,-0.299649,-0.316347
547.58,210.0,-0.299332,-0.317163
549.68,210.0,-0.297714,-0.317385
551.95,210.0,-0.297243,-0.316772
554.23,210.0,-0.297074,-0.315197
556.33,210.0,-0.296525,-0.313934
558.6,210.0,-0.29378,-0.31232
560.7,210.0,-0.291624,-0.310823
562.98,210.0,-0.289766,-0.309048
565.25,210.0,-0.287955,-0.306587
567.53,210.0,-0.283546,-0.302647
569.8,210.0,-0.278386,-0.2983
571.9,210.0,-0.270998,-0.290613
574.18,210.0,-0.263247,-0.283796
576.45,210.0,-0.256562,-0.276131
578.73,210.0,-0.248639,-0.268035
581.0,210.0,-0.241485,-0.260881
583.28,210.0,-0.234551,-0.254011
585.38,210.0,-0.227983,-0.246729
587.65,210.0,-0.219156,-0.237545
589.93,210.0,-0.21131,-0.230971
592.03,210.0,-0.203442,-0.22379
594.3,210.0,-0.19809,-0.216538
596.58,210.0,-0.194535,-0.212819
598.68,210.0,-0.190928,-0.211692
600.95,210.0,-0.189785,-0.209806
603.23,210.0,-0.189914,-0.209529
605.33,210.0,-0.190925,-0.211316
607.6,210.0,-0.192234,-0.210922
609.88,210.0,-0.195016,-0.212748
611.98,210.0,-0.195007,-0.214591
614.25,210.0,-0.196991,-0.216538
616.53,210.0,-0.198506,-0.217989
618.63,210.0,-0.201485,-0.220971
620.9,210.0,-0.202363,-0.221744
623.18,210.0,-0.201954,-0.221815
625.45,210.0,-0.199523,-0.220003
627.55,210.0,-0.197031,-0.215567
629.83,210.0,-0.189615,-0.209178
632.1,210.0,-0.181904,-0.201008
634.2,210.0,-0.173879,-0.193611
636.65,210.0,-0.166282,-0.186482
638.93,210.0,-0.161347,-0.181991
641.2,210.0,-0.157915,-0.179206
643.3,210.0,-0.158032,-0.178577
645.58,210.0,-0.160044,-0.18062
647.85,210.0,-0.163744,-0.184018
649.95,210.0,-0.166492,-0.186384
652.23,210.0,-0.17041,-0.190185
654.5,210.0,-0.173158,-0.192727
656.6,210.0,-0.173482,-0.193756
658.88,210.0,-0.17493,-0.193962
660.98,210.0,-0.174267,-0.193248
663.25,210.0,-0.171747,-0.192644
665.53,210.0,-0.16858,-0.188288
667.8,210.0,-0.161911,-0.184199
669.9,210.0,-0.158121,-0.177416
672.18,210.0,-0.155521,-0.176843
674.45,210.0,-0.158322,-0.178103
676.55,210.0,-0.161482,-0.183251
678.83,210.0,-0.167132,-0.188885
681.1,210.0,-0.174883,-0.19427
683.2,210.0,-0.182641,-0.202816
685.48,210.0,-0.188497,-0.209332
687.75,210.0,-0.195081,-0.215047
689.85,210.0,-0.201581,-0.220074
692.13,210.0,-0.20496,-0.223759
694.23,210.0,-0.207049,-0.226612
696.5,210.0,-0.208626,-0.228343
698.78,210.0,-0.209837,-0.230601
700.88,210.0,-0.212326,-0.23427
703.33,210.0,-0.21501,-0.235586
705.6,210.0,-0.220198,-0.239421
707.7,210.0,-0.224341,-0.243971
710.15,210.0,-0.228956,-0.249501
11.38,245.0,0.027365,0.004161
13.65,245.0,0.032334,0.009574
15.93,245.0,0.035397,0.013209
18.2,245.0,0.037784,0.015726
20.3,245.0,0.039207,0.016558
22.58,245.0,0.040172,0.019235
24.85,245.0,0.04637,0.02324
27.13,245.0,0.054269,0.0321
29.23,245.0,0.064522,0.041595
31.68,245.0,0.074032,0.049737
33.95,245.0,0.076866,0.054204
36.05,245.0,0.077572,0.054435
38.33,245.0,0.074238,0.051114
40.6,245.0,0.07215,0.047519
42.88,245.0,0.068739,0.046321
45.15,245.0,0.068166,0.04414
47.25,245.0,0.066657,0.042969
49.7,245.0,0.063801,0.041315
51.98,245.0,0.060012,0.036466
54.08,245.0,0.057211,0.032729
56.35,245.0,0.051974,0.028825
58.45,245.0,0.047421,0.025147
60.73,245.0,0.042257,0.019383
63.0,245.0,0.036355,0.014047
65.1,245.0,0.033293,0.010264
67.38,245.0,0.028459,0.006617
69.65,245.0,0.024294,0.001081
71.75,245.0,0.018487,-0.004317
74.03,245.0,0.01337,-0.008362
76.3,245.0,0.008277,-0.013805
78.4,245.0,0.004716,-0.017262
80.68,245.0,0.002347,-0.020531
82.95,245.0,0.001068,-0.021553
85.23,245.0,-0.00086,-0.023306
87.5,245.0,-0.003106,-0.026544
89.6,245.0,-0.004696,-0.027099
91.88,245.0,-0.006322,-0.027758
93.98,245.0,-0.007382,-0.028109
96.25,245.0,-0.006781,-0.029572
98.53,245.0,-0.006101,-0.029317
100.63,245.0,-0.00623,-0.028593
102.73,245.0,-0.006729,-0.02908
105.18,245.0,-0.006735,-0.028106
107.45,245.0,-0.005706,-0.0285
109.55,245.0,-0.003205,-0.025974
111.83,245.0,-0.000623,-0.023679
113.93,245.0,0.001318,-0.021809
116.2,245.0,0.004574,-0.018282
118.65,245.0,0.007411,-0.016369
120.93,245.0,0.009972,-0.012662
123.03,245.0,0.01085,-0.009881
125.3,245.0,0.013336,-0.009431
127.75,245.0,0.013382,-0.007832
129.85,245.0,0.014667,-0.007823
132.13,245.0,0.014938,-0.007949
134.4,245.0,0.014722,-0.00847
136.68,245.0,0.014531,-0.007481
138.78,245.0,0.012587,-0.009335
141.05,245.0,0.009901,-0.013457
143.15,245.0,0.006891,-0.015241
145.43,245.0,0.004309,-0.018072
147.7,245.0,0.000471,-0.022015
149.8,245.0,-0.00229,-0.025244
152.08,245.0,-0.005426,-0.027918
154.35,245.0,-0.008316,-0.029967
156.45,245.0,-0.009998,-0.032397
158.73,245.0,-0.012746,-0.034643
160.83,245.0,-0.015472,-0.036412
163.1,245.0,-0.018562,-0.040694
165.38,245.0,-0.021279,-0.044686
167.48,245.0,-0.026011,-0.047869
169.75,245.0,-0.03054,-0.052884
171.85,245.0,-0.034415,-0.055774
174.13,245.0,-0.038257,-0.060469
176.4,245.0,-0.042518,-0.065007
178.68,245.0,-0.046692,-0.067518
180.95,245.0,-0.050047,-0.071898
183.05,245.0,-0.051871,-0.074264
185.33,245.0,-0.054083,-0.076045
187.6,245.0,-0.055916,-0.076236
189.7,245.0,-0.056267,-0.076941
191.98,245.0,-0.057317,-0.078235
194.25,245.0,-0.05684,-0.078189
196.53,245.0,-0.056664,-0.077896
198.63,245.0,-0.055038,-0.076313
200.9,245.0,-0.054221,-0.075891
203.0,245.0,-0.052373,-0.075521
205.28,245.0,-0.05342,-0.074153
207.55,245.0,-0.053094,-0.074061
209.65,245.0,-0.05208,-0.073531
211.93,245.0,-0.052071,-0.073026
214.2,245.0,-0.052416,-0.073744
216.48,245.0,-0.052995,-0.075102
218.75,245.0,-0.055281,-0.077136
220.85,245.0,-0.056929,-0.078667
223.13,245.0,-0.059378,-0.080632
225.4,245.0,-0.06176,-0.082746
227.68,245.0,-0.063571,-0.085287
229.78,245.0,-0.063664,-0.086405
232.05,245.0,-0.064348,-0.085555
234.33,245.0,-0.062798,-0.085811
236.43,245.0,-0.061338,-0.081522
238.7,245.0,-0.060426,-0.081193
240.98,245.0,-0.057644,-0.078491
243.08,245.0,-0.05542,-0.076325
245.35,245.0,-0.053223,-0.075503
247.63,245.0,-0.052807,-0.073824
249.9,245.0,-0.052129,-0.074249
252.0,245.0,-0.05286,-0.074514
254.28,245.0,-0.051338,-0.073704
256.38,245.0,-0.050996,-0.071883
258.65,245.0,-0.047869,-0.06964
260.93,245.0,-0.044671,-0.06615
263.03,245.0,-0.039791,-0.061442
265.3,245.0,-0.035253,-0.057062
267.58,245.0,-0.031846,-0.052582
269.68,245.0,-0.030755,-0.052225
271.95,245.0,-0.030099,-0.053331
274.23,245.0,-0.031067,-0.05326
276.5,245.0,-0.035377,-0.055518
278.6,245.0,-0.037958,-0.058698
280.88,245.0,-0.039877,-0.063069
282.98,245.0,-0.041855,-0.062425
285.25,245.0,-0.043389,-0.06436
287.53,245.0,-0.042644,-0.064606
289.63,245.0,-0.040641,-0.062724
291.9,245.0,-0.038476,-0.060688
294.18,245.0,-0.033805,-0.055241
296.45,245.0,-0.028861,-0.052108
298.73,245.0,-0.024649,-0.047228
300.83,245.0,-0.019884,-0.04216
303.1,245.0,-0.016137,-0.038513
305.38,245.0,-0.013368,-0.036137
307.65,245.0,-0.012404,-0.034175
309.75,245.0,-0.010826,-0.032524
312.03,245.0,-0.010306,-0.032893
314.13,245.0,-0.009495,-0.031846
316.4,245.0,-0.010521,-0.032853
318.68,245.0,-0.013399,-0.035509
320.78,245.0,-0.017629,-0.0411
322.7,245.0,-0.025719,-0.047789
325.33,245.0,-0.03253,-0.055635
327.43,245.0,-0.041273,-0.063984
329.7,245.0,-0.050715,-0.071596
331.98,245.0,-0.059147,-0.080937
334.25,245.0,-0.067505,-0.089249
336.53,245.0,-0.074218,-0.096837
338.63,245.0,-0.081097,-0.101541
340.9,245.0,-0.08427,-0.105928
343.18,245.0,-0.088226,-0.10871
345.28,245.0,-0.091735,-0.111023
347.55,245.0,-0.092863,-0.114095
349.65,245.0,-0.094018,-0.117197
351.93,245.0,-0.096452,-0.11729
354.2,245.0,-0.099061,-0.119566
356.3,245.0,-0.099699,-0.12123
358.58,245.0,-0.101541,-0.122092
360.68,245.0,-0.10322,-0.124184
362.95,245.0,-0.106005,-0.12643
365.23,245.0,-0.106914,-0.12761
367.33,245.0,-0.108127,-0.129261
369.6,245.0,-0.110503,-0.131775
371.88,245.0,-0.110404,-0.131535
373.98,245.0,-0.11245,-0.132641
376.25,245.0,-0.112712,-0.133965
378.53,245.0,-0.113741,-0.134317
380.63,245.0,-0.114668,-0.135306
382.9,245.0,-0.115897,-0.136362
385.18,245.0,-0.11785,-0.137437
387.45,245.0,-0.117598,-0.139033
389.73,245.0,-0.118848,-0.139646
391.83,245.0,-0.119582,-0.140256
394.1,245.0,-0.119585,-0.14021
396.38,245.0,-0.119458,-0.139381
398.48,245.0,-0.118938,-0.138885
400.75,245.0,-0.118312,-0.137573
402.85,245.0,-0.116846,-0.137299
405.13,245.0,-0.11517,-0.137225
407.4,245.0,-0.114671,-0.135694
409.5,245.0,-0.112866,-0.134027
411.78,245.0,-0.112308,-0.132786
414.05,245.0,-0.110115,-0.130857
416.15,245.0,-0.108996,-0.130133
418.43,245.0,-0.108211,-0.127656
420.53,245.0,-0.10675,-0.126908
422.8,245.0,-0.106036,-0.125879
424.9,245.0,-0.10627,-0.127718
427.18,245.0,-0.107311,-0.130142
429.45,245.0,-0.110056,-0.130734
431.55,245.0,-0.110721,-0.131442
433.83,245.0,-0.106794,-0.127819
436.1,245.0,-0.100697,-0.121639
438.2,245.0,-0.092496,-0.114557
440.48,245.0,-0.086809,-0.106436
442.75,245.0,-0.080731,-0.100771
444.85,245.0,-0.079184,-0.101131
447.13,245.0,-0.082542,-0.102447
449.23,245.0,-0.08619,-0.107749
451.5,245.0,-0.093257,-0.113359
453.78,245.0,-0.101529,-0.121464
455.7,245.0,-0.109542,-0.129612
458.15,245.0,-0.115712,-0.135657
460.43,245.0,-0.121375,-0.142219
462.53,245.0,-0.128072,-0.147477
464.8,245.0,-0.133485,-0.153374
467.08,245.0,-0.138799,-0.159369
469.18,245.0,-0.146279,-0.165555
471.45,245.0,-0.15147,-0.172234
473.73,245.0,-0.1598,-0.179541
475.83,245.0,-0.16724,-0.187333
478.1,245.0,-0.17472,-0.19448
480.2,245.0,-0.181236,-0.200413
482.48,245.0,-0.186205,-0.205826
484.75,245.0,-0.191575,-0.211328
486.85,245.0,-0.196331,-0.215151
489.13,245.0,-0.200977,-0.220481
491.4,245.0,-0.20525,-0.226162
493.68,245.0,-0.210635,-0.228694
495.95,245.0,-0.213898,-0.234427
498.05,245.0,-0.216944,-0.23602
500.33,245.0,-0.219193,-0.238383
502.78,245.0,-0.221904,-0.240438
504.88,245.0,-0.222813,-0.242896
507.15,245.0,-0.226381,-0.245145
509.43,245.0,-0.230426,-0.250262
511.53,245.0,-0.238278,-0.257049
513.8,245.0,-0.248007,-0.266858
516.08,245.0,-0.258663,-0.278118
518.18,245.0,-0.270509,-0.290148
520.45,245.0,-0.282961,-0.301769
522.55,245.0,-0.291732,-0.310826
524.83,245.0,-0.299212,-0.318953
527.1,245.0,-0.305182,-0.323186
529.38,245.0,-0.309054,-0.327899
531.65,245.0,-0.311741,-0.329923
533.75,245.0,-0.313173,-0.33033
536.03,245.0,-0.314584,-0.334027
538.13,245.0,-0.3176,-0.33643
540.4,245.0,-0.321575,-0.339175
542.68,245.0,-0.327727,-0.346531
544.78,245.0,-0.333919,-0.351513
547.05,245.0,-0.339991,-0.358438
549.33,245.0,-0.34663,-0.363716
551.6,245.0,-0.34996,-0.367896
553.7,245.0,-0.349701,-0.36695
555.98,245.0,-0.346966,-0.365105
558.08,245.0,-0.341975,-0.360167
560.53,245.0,-0.335311,-0.352915
562.8,245.0,-0.32663,-0.344452
564.9,245.0,-0.318599,-0.336522
567.18,245.0,-0.310512,-0.329467
569.28,245.0,-0.305912,-0.324147
571.55,245.0,-0.303759,-0.322314
573.83,245.0,-0.30273,-0.319902
575.93,245.0,-0.303368,-0.321938
578.2,245.0,-0.304889,-0.322588
580.48,245.0,-0.306026,-0.32362
582.58,245.0,-0.30858,-0.326424
584.85,245.0,-0.309202,-0.32696
587.13,245.0,-0.309917,-0.328238
589.4,245.0,-0.309261,-0.329245
591.5,245.0,-0.308016,-0.32696
593.78,245.0,-0.306042,-0.324664
596.05,245.0,-0.30354,-0.321544
598.15,245.0,-0.301266,-0.319276
600.43,245.0,-0.299233,-0.317949
602.53,245.0,-0.298913,-0.316236
604.8,245.0,-0.297357,-0.317101
607.08,245.0,-0.297252,-0.314976
609.18,245.0,-0.295638,-0.313192
611.45,245.0,-0.292936,-0.310986
613.73,245.0,-0.286929,-0.306282
615.83,245.0,-0.280265,-0.300595
618.1,245.0,-0.274834,-0.293355
620.38,245.0,-0.268469,-0.288599
622.65,245.0,-0.265053,-0.283158
624.93,245.0,-0.261713,-0.280607
627.2,245.0,-0.26045,-0.279557
629.3,245.0,-0.26025,-0.279942
631.58,245.0,-0.260977,-0.280376
633.85,245.0,-0.26179,-0.280804
635.95,245.0,-0.263466,-0.28362
638.23,245.0,-0.266981,-0.285943
640.33,245.0,-0.267582,-0.286849
642.6,245.0,-0.270003,-0.287875
644.88,245.0,-0.272262,-0.291627
646.98,245.0,-0.274286,-0.292748
649.25,245.0,-0.276923,-0.296488
651.53,245.0,-0.279295,-0.298109
653.63,245.0,-0.281085,-0.299409
656.08,245.0,-0.282172,-0.302292
658.35,245.0,-0.283497,-0.302265
660.63,245.0,-0.284732,-0.303346
662.73,245.0,-0.285613,-0.305151
665.0,245.0,-0.287526,-0.305327
667.1,245.0,-0.289403,-0.307027
669.38,245.0,-0.290493,-0.31069
671.65,245.0,-0.292714,-0.311833
673.75,245.0,-0.294153,-0.313632
676.03,245.0,-0.29634,-0.314532
678.13,245.0,-0.296294,-0.315798
680.4,245.0,-0.298297,-0.317194
682.68,245.0,-0.299951,-0.319668
684.78,245.0,-0.302305,-0.321642
687.05,245.0,-0.305305,-0.323306
689.33,245.0,-0.307619,-0.326239
691.6,245.0,-0.310509,-0.329914
693.7,245.0,-0.314557,-0.333441
695.98,245.0,-0.319427,-0.336414
698.08,245.0,-0.323774,-0.34204
700.35,245.0,-0.330123,-0.347517
702.8,245.0,-0.335459,-0.353657
704.9,245.0,-0.340623,-0.360108
707.18,245.0,-0.347157,-0.36513
709.45,245.0,-0.351454,-0.369322
11.2,280.0,-0.000466,-0.0242
13.3,280.0,-0.006344,-0.030102
15.58,280.0,-0.012699,-0.035253
17.85,280.0,-0.01778,-0.04094
19.95,280.0,-0.021997,-0.044659
22.23,280.0,-0.02554,-0.047191
24.5,280.0,-0.027373,-0.048608
26.6,280.0,-0.028621,-0.05054
28.88,280.0,-0.028004,-0.04956
31.15,280.0,-0.028704,-0.048999
33.43,280.0,-0.027354,-0.050487
35.53,280.0,-0.025367,-0.048112
37.8,280.0,-0.024711,-0.045909
40.08,280.0,-0.022746,-0.044545
42.18,280.0,-0.020207,-0.042792
44.45,280.0,-0.017114,-0.039609
46.73,280.0,-0.014505,-0.036372
48.83,280.0,-0.012225,-0.033436
51.1,280.0,-0.00854,-0.031538
53.38,280.0,-0.007006,-0.030349
55.48,280.0,-0.005454,-0.027672
57.75,280.0,-0.004911,-0.026932
59.85,280.0,-0.00399,-0.025503
62.13,280.0,-0.001563,-0.024603
64.4,280.0,-0.00041,-0.023041
66.5,280.0,5.8e-05,-0.020987
68.78,280.0,0.000585,-0.02106
71.05,280.0,0.002134,-0.019847
73.15,280.0,0.004186,-0.018014
75.43,280.0,0.006672,-0.014939
77.7,280.0,0.009839,-0.01249
79.8,280.0,0.014211,-0.009489
82.08,280.0,0.020791,-0.001341
84.35,280.0,0.028086,0.007045
86.45,280.0,0.037436,0.014226
88.73,280.0,0.045581,0.022818
91.0,280.0,0.052587,0.028943
93.28,280.0,0.055714,0.031789
95.38,280.0,0.056121,0.033185
97.65,280.0,0.053228,0.029765
99.75,280.0,0.046444,0.025526
102.03,280.0,0.03971,0.017504
104.3,280.0,0.031364,0.009355
106.58,280.0,0.022094,0.000298
108.68,280.0,0.015024,-0.00647
110.95,280.0,0.006811,-0.014831
113.23,280.0,0.000726,-0.020725
115.68,280.0,-0.005072,-0.027629
117.78,280.0,-0.009335,-0.032197
119.88,280.0,-0.013223,-0.035762
122.15,280.0,-0.016295,-0.038633
124.43,280.0,-0.019727,-0.040894
126.53,280.0,-0.02131,-0.04403
128.8,280.0,-0.022736,-0.044406
131.08,280.0,-0.022659,-0.044699
133.18,280.0,-0.022219,-0.044733
135.45,280.0,-0.02302,-0.044126
137.73,280.0,-0.023787,-0.045897
140.0,280.0,-0.02554,-0.047493
142.1,280.0,-0.026341,-0.048248
144.73,280.0,-0.028029,-0.050195
147.0,280.0,-0.027579,-0.051168
149.1,280.0,-0.027866,-0.050204
151.38,280.0,-0.027998,-0.050004
153.65,280.0,-0.027453,-0.049763
155.75,280.0,-0.027875,-0.050287
158.03,280.0,-0.028226,-0.050879
160.13,280.0,-0.028417,-0.049921
162.4,280.0,-0.027878,-0.049597
164.68,280.0,-0.028466,-0.049594
166.78,280.0,-0.027339,-0.049862
169.05,280.0,-0.028972,-0.049982
171.15,280.0,-0.029418,-0.050413
173.43,280.0,-0.029988,-0.052382
175.7,280.0,-0.03042,-0.052059
177.8,280.0,-0.029893,-0.052234
180.08,280.0,-0.029218,-0.052853
182.35,280.0,-0.029418,-0.049973
184.63,280.0,-0.028503,-0.049514
186.73,280.0,-0.027268,-0.050281
189.0,280.0,-0.024243,-0.047444
191.63,280.0,-0.022897,-0.0442
193.73,280.0,-0.020309,-0.041535
196.0,280.0,-0.016809,-0.039606
198.1,280.0,-0.015324,-0.036581
200.38,280.0,-0.012219,-0.035497
202.65,280.0,-0.010885,-0.033396
204.75,280.0,-0.010216,-0.031892
207.03,280.0,-0.009563,-0.03212
209.3,280.0,-0.009511,-0.032305
211.4,280.0,-0.009625,-0.030629
213.68,280.0,-0.00871,-0.030866
215.78,280.0,-0.009206,-0.030663
218.05,280.0,-0.010216,-0.031452
220.33,280.0,-0.011621,-0.032394
222.6,280.0,-0.012274,-0.033611
224.7,280.0,-0.013312,-0.03562
226.98,280.0,-0.015774,-0.037946
229.25,280.0,-0.015755,-0.03948
231.53,280.0,-0.018017,-0.039591
233.8,280.0,-0.020324,-0.04224
235.9,280.0,-0.025028,-0.048004
238.18,280.0,-0.028673,-0.050549
240.45,280.0,-0.032783,-0.055361
242.55,280.0,-0.038195,-0.059745
244.83,280.0,-0.042761,-0.064215
247.1,280.0,-0.045552,-0.067733
249.2,280.0,-0.047274,-0.070863
251.48,280.0,-0.049338,-0.06924
253.75,280.0,-0.04928,-0.070432
255.85,280.0,-0.048463,-0.070703
258.13,280.0,-0.048559,-0.069754
260.4,280.0,-0.047459,-0.067801
262.5,280.0,-0.046378,-0.067385
264.78,280.0,-0.042468,-0.063562
266.88,280.0,-0.039135,-0.059948
269.15,280.0,-0.03464,-0.057946
271.43,280.0,-0.031855,-0.054194
273.7,280.0,-0.031698,-0.052967
275.8,280.0,-0.032003,-0.052847
278.08,280.0,-0.033143,-0.054917
280.18,280.0,-0.034825,-0.056027
282.45,280.0,-0.03659,-0.058248
284.73,280.0,-0.036803,-0.060071
287.0,280.0,-0.036871,-0.058855
289.1,280.0,-0.03667,-0.057283
291.2,280.0,-0.03286,-0.054834
293.48,280.0,-0.029693,-0.050977
295.75,280.0,-0.023962,-0.045549
298.03,280.0,-0.020977,-0.042231
300.13,280.0,-0.017317,-0.038821
302.4,280.0,-0.014409,-0.036196
304.5,280.0,-0.012364,-0.034646
306.78,280.0,-0.012016,-0.034653
309.05,280.0,-0.013417,-0.035983
311.33,280.0,-0.017548,-0.038981
313.43,280.0,-0.023054,-0.045182
315.7,280.0,-0.030075,-0.051427
317.98,280.0,-0.037601,-0.059554
320.08,280.0,-0.045682,-0.066864
322.35,280.0,-0.052998,-0.073747
324.28,280.0,-0.059043,-0.079948
326.73,280.0,-0.065404,-0.0874
328.83,280.0,-0.070413,-0.09212
331.1,280.0,-0.075752,-0.09741
333.38,280.0,-0.079437,-0.101036
335.65,280.0,-0.082521,-0.104529
337.75,280.0,-0.084911,-0.107111
340.03,280.0,-0.08737,-0.108811
342.3,280.0,-0.089495,-0.110959
344.4,280.0,-0.092105,-0.112795
346.68,280.0,-0.09493,-0.116375
348.95,280.0,-0.099465,-0.120758
351.05,280.0,-0.101935,-0.123664
353.33,280.0,-0.106904,-0.12631
355.43,280.0,-0.110515,-0.131424
357.7,280.0,-0.114101,-0.134172
359.98,280.0,-0.116187,-0.138463
362.08,280.0,-0.119865,-0.140549
364.35,280.0,-0.120814,-0.14139
366.63,280.0,-0.121085,-0.141529
368.9,280.0,-0.118448,-0.140084
371.0,280.0,-0.114631,-0.135269
373.28,280.0,-0.10777,-0.128463
375.38,280.0,-0.09895,-0.120629
377.65,280.0,-0.087933,-0.109948
379.93,280.0,-0.077354,-0.098956
382.03,280.0,-0.067385,-0.089437
384.3,280.0,-0.061085,-0.083433
386.4,280.0,-0.058232,-0.079763
388.68,280.0,-0.05802,-0.078596
390.95,280.0,-0.060358,-0.08135
393.05,280.0,-0.064816,-0.087059
395.33,280.0,-0.072561,-0.093054
397.6,280.0,-0.079961,-0.102798
399.88,280.0,-0.089884,-0.111449
401.98,280.0,-0.09903,-0.11997
404.25,280.0,-0.107656,-0.128525
406.53,280.0,-0.116199,-0.137561
408.8,280.0,-0.122447,-0.142955
410.9,280.0,-0.128784,-0.149985
413.18,280.0,-0.134649,-0.155746
415.45,280.0,-0.139652,-0.158568
417.73,280.0,-0.142582,-0.163836
419.83,280.0,-0.145826,-0.166033
422.1,280.0,-0.148044,-0.168023
424.2,280.0,-0.148586,-0.168269
426.48,280.0,-0.148402,-0.168377
428.75,280.0,-0.147835,-0.169289
430.85,280.0,-0.148075,-0.168469
433.13,280.0,-0.149893,-0.169967
435.23,280.0,-0.152721,-0.174363
437.5,280.0,-0.157262,-0.176208
439.78,280.0,-0.161806,-0.182333
441.88,280.0,-0.166116,-0.18737
444.15,280.0,-0.170007,-0.191661
446.43,280.0,-0.174209,-0.19598
448.7,280.0,-0.178722,-0.199763
450.8,280.0,-0.182816,-0.204045
453.08,280.0,-0.18858,-0.208109
455.18,280.0,-0.19395,-0.212456
457.8,280.0,-0.198479,-0.218537
460.08,280.0,-0.203901,-0.223137
462.18,280.0,-0.20671,-0.226461
464.45,280.0,-0.210053,-0.23005
466.73,280.0,-0.212348,-0.230974
469.0,280.0,-0.214591,-0.234772
471.1,280.0,-0.216396,-0.235878
473.38,280.0,-0.219243,-0.23882
475.65,280.0,-0.221827,-0.240848
477.75,280.0,-0.22338,-0.243183
480.03,280.0,-0.224942,-0.244098
482.3,280.0,-0.225727,-0.245592
484.58,280.0,-0.227453,-0.247376
486.85,280.0,-0.230259,-0.249356
488.95,280.0,-0.23533,-0.254424
491.23,280.0,-0.241029,-0.260231
493.33,280.0,-0.246855,-0.266796
495.6,280.0,-0.254797,-0.273873
497.88,280.0,-0.26045,-0.27996
500.15,280.0,-0.269908,-0.288891
502.43,280.0,-0.278796,-0.298774
504.53,280.0,-0.289535,-0.308771
506.8,280.0,-0.298709,-0.316482
509.08,280.0,-0.307631,-0.323719
511.18,280.0,-0.315869,-0.333491
513.45,280.0,-0.325259,-0.341993
515.73,280.0,-0.33447,-0.352151
517.83,280.0,-0.345792,-0.362742
520.1,280.0,-0.357967,-0.376464
522.38,280.0,-0.372221,-0.389242
524.65,280.0,-0.386109,-0.403605
526.75,280.0,-0.40021,-0.417853
529.03,280.0,-0.414101,-0.430558
531.13,280.0,-0.427157,-0.444791
533.4,280.0,-0.440182,-0.455934
535.68,280.0,-0.449979,-0.467455
537.78,280.0,-0.45902,-0.476587
540.05,280.0,-0.468201,-0.484603
542.33,280.0,-0.474504,-0.491254
544.43,280.0,-0.480508,-0.496513
546.7,280.0,-0.486118,-0.501171
549.15,280.0,-0.489883,-0.505998
551.43,280.0,-0.491266,-0.507575
553.53,280.0,-0.492807,-0.508598
555.8,280.0,-0.494948,-0.510173
558.08,280.0,-0.496294,-0.510872
560.18,280.0,-0.495718,-0.511097
562.63,280.0,-0.495209,-0.510782
564.73,280.0,-0.494988,-0.510696
567.53,280.0,-0.493182,-0.509834
569.8,280.0,-0.492572,-0.507837
571.9,280.0,-0.490481,-0.505268
574.18,280.0,-0.486701,-0.501297
576.28,280.0,-0.48264,-0.497998
578.55,280.0,-0.476698,-0.493755
580.83,280.0,-0.471171,-0.487307
582.93,280.0,-0.463654,-0.478953
585.2,280.0,-0.455838,-0.471636
587.48,280.0,-0.448799,-0.463722
589.75,280.0,-0.440173,-0.45784
591.85,280.0,-0.435361,-0.451417
594.13,280.0,-0.431312,-0.447422
596.23,280.0,-0.428993,-0.444516
598.5,280.0,-0.426593,-0.445259
600.78,280.0,-0.426482,-0.443605
603.05,280.0,-0.425493,-0.441654
605.15,280.0,-0.424982,-0.441781
607.43,280.0,-0.425555,-0.441648
609.7,280.0,-0.425669,-0.442668
611.98,280.0,-0.425287,-0.440844
614.08,280.0,-0.425764,-0.443263
616.35,280.0,-0.427452,-0.442958
618.63,280.0,-0.427394,-0.444707
620.73,280.0,-0.430256,-0.445943
623.0,280.0,-0.431747,-0.44813
625.28,280.0,-0.432412,-0.449473
627.38,280.0,-0.431559,-0.449544
629.65,280.0,-0.432459,-0.449051
631.93,280.0,-0.433035,-0.450681
634.03,280.0,-0.43492,-0.452003
636.3,280.0,-0.437776,-0.453869
638.4,280.0,-0.442073,-0.458081
640.68,280.0,-0.44651,-0.464917
642.95,280.0,-0.453916,-0.469812
645.23,280.0,-0.460271,-0.476716
647.33,280.0,-0.467763,-0.485052
649.6,280.0,-0.474852,-0.491904
651.7,280.0,-0.481901,-0.498376
653.98,280.0,-0.488737,-0.503999
656.25,280.0,-0.492178,-0.509868
658.35,280.0,-0.496349,-0.512495
660.63,280.0,-0.498934,-0.51667
662.73,280.0,-0.502289,-0.51801
665.0,280.0,-0.504464,-0.520622
667.28,280.0,-0.507683,-0.522498
669.38,280.0,-0.510296,-0.525277
671.65,280.0,-0.511901,-0.527523
673.93,280.0,-0.513259,-0.528648
676.03,280.0,-0.514886,-0.529159
678.3,280.0,-0.515859,-0.530699
680.58,280.0,-0.517837,-0.533152
682.68,280.0,-0.520333,-0.536078
684.95,280.0,-0.524242,-0.53996
687.23,280.0,-0.530511,-0.545123
689.33,280.0,-0.536035,-0.552939
691.6,280.0,-0.543965,-0.559778
693.7,280.0,-0.553074,-0.566676
695.98,280.0,-0.559661,-0.575437
698.25,280.0,-0.568256,-0.583549
700.35,280.0,-0.576414,-0.590647
702.63,280.0,-0.583346,-0.597717
704.9,280.0,-0.589766,-0.605129
707.0,280.0,-0.596075,-0.609812
709.45,280.0,-0.601251,-0.615696
11.2,315.0,-0.109612,-0.130746
13.48,315.0,-0.111948,-0.13273
15.58,315.0,-0.113747,-0.134277
17.85,315.0,-0.115296,-0.137425
20.13,315.0,-0.116815,-0.137403
22.23,315.0,-0.119683,-0.14029
24.5,315.0,-0.118374,-0.140173
26.78,315.0,-0.118346,-0.139483
28.88,315.0,-0.118534,-0.138281
31.15,315.0,-0.115737,-0.135644
33.43,315.0,-0.11216,-0.133359
35.53,315.0,-0.111258,-0.130096
37.8,315.0,-0.109209,-0.131248
40.08,315.0,-0.105253,-0.127105
42.35,315.0,-0.103306,-0.124656
44.63,315.0,-0.102656,-0.123993
46.9,315.0,-0.100866,-0.122742
49.0,315.0,-0.09729,-0.118522
51.28,315.0,-0.094089,-0.11509
53.38,315.0,-0.091057,-0.111495
55.65,315.0,-0.087108,-0.107866
57.93,315.0,-0.082283,-0.102955
60.2,315.0,-0.075441,-0.097018
62.3,315.0,-0.06932,-0.092511
64.58,315.0,-0.063168,-0.084058
66.85,315.0,-0.057265,-0.078565
69.13,315.0,-0.051033,-0.073346
71.4,315.0,-0.046141,-0.067672
73.5,315.0,-0.041282,-0.063309
75.78,315.0,-0.038352,-0.059378
78.05,315.0,-0.033128,-0.05529
80.15,315.0,-0.029914,-0.052619
82.43,315.0,-0.026476,-0.047844
84.53,315.0,-0.02265,-0.044668
86.8,315.0,-0.020287,-0.04253
89.08,315.0,-0.018103,-0.038904
91.18,315.0,-0.016723,-0.038115
93.45,315.0,-0.014991,-0.035882
95.73,315.0,-0.013091,-0.033808
97.83,315.0,-0.00972,-0.03257
100.1,315.0,-0.005962,-0.028217
102.2,315.0,0.000406,-0.022801
104.48,315.0,0.00596,-0.01533
106.75,315.0,0.01316,-0.010623
109.03,315.0,0.018308,-0.003214
111.3,315.0,0.022769,0.001121
113.4,315.0,0.02658,0.004226
115.68,315.0,0.029053,0.005523
117.95,315.0,0.029349,0.006299
120.23,315.0,0.02722,0.004177
122.33,315.0,0.021709,-0.001264
124.6,315.0,0.016469,-0.006874
126.88,315.0,0.008043,-0.013602
128.98,315.0,-0.001085,-0.022829
131.25,315.0,-0.009154,-0.031513
133.53,315.0,-0.016707,-0.03843
135.63,315.0,-0.022881,-0.045737
137.9,315.0,-0.029446,-0.051473
140.18,315.0,-0.03534,-0.056378
142.28,315.0,-0.039862,-0.061717
144.55,315.0,-0.042949,-0.064911
146.83,315.0,-0.04761,-0.067099
149.1,315.0,-0.048845,-0.070401
151.38,315.0,-0.049708,-0.071402
153.48,315.0,-0.049998,-0.071442
155.75,315.0,-0.047934,-0.069933
158.03,315.0,-0.045179,-0.066356
160.13,315.0,-0.042478,-0.06367
162.4,315.0,-0.040293,-0.062826
164.68,315.0,-0.038999,-0.061486
166.95,315.0,-0.039948,-0.062786
169.23,315.0,-0.043143,-0.065155
171.33,315.0,-0.046578,-0.069495
173.6,315.0,-0.051766,-0.073389
175.88,315.0,-0.058537,-0.078999
178.15,315.0,-0.061994,-0.084304
180.25,315.0,-0.067977,-0.089006
182.53,315.0,-0.072197,-0.094582
184.63,315.0,-0.075346,-0.097555
186.9,315.0,-0.079181,-0.098704
189.18,315.0,-0.081781,-0.102678
191.28,315.0,-0.081978,-0.104649
193.55,315.0,-0.083802,-0.105352
195.83,315.0,-0.082163,-0.103331
198.1,315.0,-0.08074,-0.102302
200.2,315.0,-0.078978,-0.099366
202.48,315.0,-0.073728,-0.094514
204.75,315.0,-0.068771,-0.089625
206.85,315.0,-0.061621,-0.084572
209.13,315.0,-0.055105,-0.076563
211.23,315.0,-0.049123,-0.07115
213.5,315.0,-0.043183,-0.064255
215.78,315.0,-0.03745,-0.06111
218.05,315.0,-0.032302,-0.054283
220.15,315.0,-0.029243,-0.051732
222.43,315.0,-0.027397,-0.048285
224.7,315.0,-0.025226,-0.046387
226.8,315.0,-0.022284,-0.04407
229.08,315.0,-0.019628,-0.042197
231.35,315.0,-0.019369,-0.039289
233.63,315.0,-0.017031,-0.039807
235.73,315.0,-0.016328,-0.038919
238.0,315.0,-0.017052,-0.039807
240.1,315.0,-0.017502,-0.040142
242.38,315.0,-0.020256,-0.041892
244.65,315.0,-0.024982,-0.046125
246.93,315.0,-0.030213,-0.051578
249.03,315.0,-0.035783,-0.056769
251.13,315.0,-0.040891,-0.063198
253.4,315.0,-0.045487,-0.067333
255.68,315.0,-0.049357,-0.070836
257.95,315.0,-0.051643,-0.072804
260.23,315.0,-0.051313,-0.072659
262.5,315.0,-0.051516,-0.073741
264.6,315.0,-0.049702,-0.071972
266.88,315.0,-0.04834,-0.069634
268.98,315.0,-0.04655,-0.068263
271.25,315.0,-0.044813,-0.065115
273.53,315.0,-0.041236,-0.064733
275.8,315.0,-0.040682,-0.062055
277.9,315.0,-0.040919,-0.063405
280.18,315.0,-0.041661,-0.063639
282.45,315.0,-0.04294,-0.064474
284.73,315.0,-0.046618,-0.068226
286.83,315.0,-0.048565,-0.069089
289.1,315.0,-0.048269,-0.069831
291.38,315.0,-0.047108,-0.069397
293.48,315.0,-0.044628,-0.065906
295.75,315.0,-0.040278,-0.062897
298.03,315.0,-0.035093,-0.057906
300.13,315.0,-0.028682,-0.050632
302.4,315.0,-0.024557,-0.048245
304.68,315.0,-0.021633,-0.042952
306.78,315.0,-0.02196,-0.044141
309.05,315.0,-0.024194,-0.045395
311.15,315.0,-0.028004,-0.049323
313.43,315.0,-0.034298,-0.055897
315.53,315.0,-0.043337,-0.063978
317.8,315.0,-0.050546,-0.071926
320.08,315.0,-0.057884,-0.079461
322.18,315.0,-0.065229,-0.085644
324.28,315.0,-0.071636,-0.092782
326.73,315.0,-0.077404,-0.099572
329.0,315.0,-0.08253,-0.104514
331.1,315.0,-0.085164,-0.107018
333.38,315.0,-0.08793,-0.108805
335.65,315.0,-0.089375,-0.110607
337.75,315.0,-0.092117,-0.112533
340.03,315.0,-0.09533,-0.117382
342.3,315.0,-0.097548,-0.118664
344.58,315.0,-0.100712,-0.12123
346.68,315.0,-0.100309,-0.122022
348.95,315.0,-0.100937,-0.12163
351.05,315.0,-0.09883,-0.119945
353.33,315.0,-0.096181,-0.115755
355.6,315.0,-0.09224,-0.113192
357.88,315.0,-0.089218,-0.112314
359.98,315.0,-0.088155,-0.109246
362.25,315.0,-0.088383,-0.109021
364.53,315.0,-0.088938,-0.110854
366.63,315.0,-0.089979,-0.11127
368.9,315.0,-0.092222,-0.112616
371.18,315.0,-0.096224,-0.117468
373.45,315.0,-0.102588,-0.121898
375.55,315.0,-0.107903,-0.128359
377.83,315.0,-0.114911,-0.135851
380.1,315.0,-0.12106,-0.141476
382.2,315.0,-0.129387,-0.149012
384.48,315.0,-0.135869,-0.154427
386.75,315.0,-0.140614,-0.159905
388.85,315.0,-0.144258,-0.164354
391.13,315.0,-0.145946,-0.166723
393.4,315.0,-0.148439,-0.169095
395.5,315.0,-0.150838,-0.171344
397.78,315.0,-0.150885,-0.17062
400.05,315.0,-0.15127,-0.171418
402.15,315.0,-0.151917,-0.173531
404.43,315.0,-0.154249,-0.174973
406.7,315.0,-0.157314,-0.176073
408.8,315.0,-0.160047,-0.18049
411.08,315.0,-0.163867,-0.183688
413.35,315.0,-0.166467,-0.188248
415.45,315.0,-0.170986,-0.190552
417.73,315.0,-0.173882,-0.194914
420.0,315.0,-0.175509,-0.197065
422.1,315.0,-0.178485,-0.198876
424.38,315.0,-0.180764,-0.202339
426.48,315.0,-0.183506,-0.20395
428.75,315.0,-0.189381,-0.208599
430.85,315.0,-0.193371,-0.213321
433.13,315.0,-0.197129,-0.21744
435.4,315.0,-0.20017,-0.220573
437.5,315.0,-0.204948,-0.224708
439.78,315.0,-0.209865,-0.228743
442.05,315.0,-0.213531,-0.232715
444.33,315.0,-0.217471,-0.236174
446.43,315.0,-0.22021,-0.239279
448.7,315.0,-0.222708,-0.242
450.98,315.0,-0.224507,-0.244135
453.08,315.0,-0.227551,-0.246846
455.35,315.0,-0.230549,-0.248457
457.63,315.0,-0.232437,-0.252437
459.73,315.0,-0.236091,-0.254769
462.0,315.0,-0.23687,-0.256433
464.1,315.0,-0.238334,-0.257074
466.38,315.0,-0.237998,-0.257564
468.65,315.0,-0.237357,-0.25594
470.75,315.0,-0.237733,-0.257431
473.03,315.0,-0.240564,-0.259039
475.13,315.0,-0.245829,-0.264206
477.4,315.0,-0.25127,-0.269584
479.68,315.0,-0.25696,-0.276442
481.78,315.0,-0.262653,-0.281867
484.05,315.0,-0.269369,-0.287255
486.33,315.0,-0.275629,-0.29436
488.43,315.0,-0.283432,-0.303639
490.7,315.0,-0.293466,-0.311781
492.8,315.0,-0.301615,-0.320937
495.08,315.0,-0.311926,-0.330173
497.35,315.0,-0.32253,-0.34029
499.45,315.0,-0.332557,-0.35041
501.73,315.0,-0.342394,-0.359621
504.0,315.0,-0.352024,-0.370009
506.1,315.0,-0.363121,-0.380539
508.38,315.0,-0.374797,-0.39333
510.48,315.0,-0.388993,-0.405271
512.75,315.0,-0.401735,-0.419199
515.03,315.0,-0.415324,-0.432073
517.13,315.0,-0.426907,-0.443373
519.4,315.0,-0.437021,-0.452973
521.68,315.0,-0.446004,-0.463546
523.78,315.0,-0.455613,-0.472612
526.05,315.0,-0.4659,-0.481057
528.15,315.0,-0.475419,-0.49216
530.43,315.0,-0.48594,-0.502332
532.7,315.0,-0.496279,-0.511759
534.8,315.0,-0.505139,-0.521192
537.08,315.0,-0.513549,-0.529134
539.35,315.0,-0.51911,-0.53467
541.63,315.0,-0.525018,-0.539316
543.73,315.0,-0.530641,-0.5463
546.0,315.0,-0.538906,-0.55207
548.1,315.0,-0.545117,-0.560764
550.38,315.0,-0.552905,-0.567739
552.65,315.0,-0.558074,-0.57345
554.75,315.0,-0.560684,-0.576097
557.03,315.0,-0.560499,-0.574698
559.3,315.0,-0.559834,-0.574029
561.4,315.0,-0.55922,-0.573678
563.68,315.0,-0.560163,-0.573518
565.95,315.0,-0.561087,-0.577249
568.05,315.0,-0.565551,-0.579569
570.33,315.0,-0.569837,-0.585739
572.43,315.0,-0.575684,-0.589094
574.7,315.0,-0.579753,-0.594535
576.8,315.0,-0.583983,-0.599316
579.08,315.0,-0.588419,-0.602301
581.35,315.0,-0.590351,-0.606423
583.45,315.0,-0.593321,-0.608022
585.73,315.0,-0.596771,-0.611549
588.0,315.0,-0.601035,-0.615302
590.1,315.0,-0.604627,-0.620219
592.38,315.0,-0.611639,-0.625311
594.65,315.0,-0.617141,-0.630773
596.93,315.0,-0.623349,-0.637625
599.03,315.0,-0.629809,-0.644113
601.3,315.0,-0.63565,-0.6504
603.4,315.0,-0.641694,-0.655348
605.68,315.0,-0.647446,-0.661063
607.78,315.0,-0.651124,-0.665942
610.05,315.0,-0.655641,-0.670527
612.33,315.0,-0.659211,-0.671753
614.43,315.0,-0.662434,-0.674827
616.7,315.0,-0.666272,-0.679707
618.8,315.0,-0.670456,-0.683281
621.08,315.0,-0.674544,-0.688185
623.35,315.0,-0.679978,-0.692772
625.45,315.0,-0.685536,-0.699023
627.73,315.0,-0.691291,-0.703977
630.0,315.0,-0.697846,-0.710982
632.1,315.0,-0.704513,-0.718108
634.38,315.0,-0.711457,-0.724689
636.65,315.0,-0.720252,-0.733133
638.75,315.0,-0.726676,-0.739399
641.03,315.0,-0.734685,-0.748663
643.3,315.0,-0.741648,-0.754738
645.4,315.0,-0.748056,-0.760369
647.68,315.0,-0.753666,-0.765459
649.95,315.0,-0.759855,-0.772464
652.05,315.0,-0.76581,-0.77849
654.33,315.0,-0.771863,-0.785252
656.6,315.0,-0.778931,-0.791503
658.88,315.0,-0.786216,-0.797963
660.98,315.0,-0.793912,-0.804886
663.25,315.0,-0.801481,-0.812017
665.35,315.0,-0.810046,-0.820637
667.63,315.0,-0.817985,-0.828894
669.9,315.0,-0.824242,-0.836201
672.0,315.0,-0.831996,-0.843228
674.28,315.0,-0.840113,-0.850015
676.55,315.0,-0.845951,-0.857818
678.65,315.0,-0.851688,-0.863052
680.93,315.0,-0.857516,-0.869038
683.2,315.0,-0.864926,-0.875717
685.3,315.0,-0.870865,-0.88105
687.58,315.0,-0.876715,-0.886549
689.85,315.0,-0.884084,-0.893986
691.95,315.0,-0.891192,-0.899938
694.23,315.0,-0.898256,-0.909356
696.5,315.0,-0.905144,-0.914962
698.6,315.0,-0.910776,-0.922051
700.88,315.0,-0.918431,-0.92983
702.98,315.0,-0.925209,-0.933952
705.25,315.0,-0.931176,-0.941654
707.53,315.0,-0.937729,-0.947729
709.63,315.0,-0.944432,-0.954365
11.55,350.0,-0.131476,-0.152274
13.83,350.0,-0.137025,-0.155872
16.1,350.0,-0.142782,-0.162866
18.38,350.0,-0.145718,-0.166769
20.48,350.0,-0.149264,-0.170478
22.75,350.0,-0.151304,-0.170764
25.03,350.0,-0.149979,-0.170592
27.13,350.0,-0.148445,-0.169551
29.4,350.0,-0.145647,-0.165632
31.68,350.0,-0.143263,-0.163272
33.78,350.0,-0.141954,-0.162114
36.05,350.0,-0.14013,-0.159089
38.33,350.0,-0.138094,-0.158476
40.43,350.0,-0.136273,-0.155201
42.7,350.0,-0.133873,-0.154196
44.98,350.0,-0.130481,-0.1509
47.08,350.0,-0.127388,-0.147699
49.18,350.0,-0.123716,-0.144957
51.63,350.0,-0.119551,-0.14123
53.73,350.0,-0.11614,-0.13667
56.0,350.0,-0.111442,-0.132638
58.28,350.0,-0.105136,-0.127641
60.38,350.0,-0.10013,-0.120712
62.65,350.0,-0.093861,-0.114911
64.93,350.0,-0.087776,-0.108999
67.03,350.0,-0.081729,-0.103907
69.3,350.0,-0.077641,-0.098984
71.58,350.0,-0.073519,-0.09509
73.68,350.0,-0.068488,-0.090025
75.95,350.0,-0.064597,-0.08623
78.05,350.0,-0.061507,-0.083238
80.33,350.0,-0.059055,-0.079526
82.43,350.0,-0.055974,-0.078097
84.7,350.0,-0.054329,-0.076985
86.98,350.0,-0.0529,-0.074936
89.08,350.0,-0.051855,-0.074514
91.35,350.0,-0.049563,-0.072182
93.63,350.0,-0.047752,-0.068852
95.73,350.0,-0.042333,-0.064917
98.0,350.0,-0.035241,-0.05729
100.1,350.0,-0.026831,-0.04916
102.38,350.0,-0.017619,-0.040457
104.48,350.0,-0.010192,-0.0322
106.75,350.0,-0.004606,-0.026144
109.03,350.0,0.000338,-0.023346
111.3,350.0,0.002972,-0.020256
113.4,350.0,0.002676,-0.018664
115.68,350.0,0.002334,-0.020118
117.95,350.0,-0.00099,-0.024733
120.05,350.0,-0.007582,-0.029135
122.33,350.0,-0.0135,-0.034166
124.43,350.0,-0.020038,-0.042656
126.7,350.0,-0.026871,-0.049751
128.98,350.0,-0.034129,-0.056372
131.08,350.0,-0.040672,-0.061664
133.35,350.0,-0.046461,-0.067474
135.63,350.0,-0.05147,-0.074461
137.9,350.0,-0.057293,-0.078152
140.0,350.0,-0.060284,-0.081769
142.28,350.0,-0.063374,-0.084243
144.55,350.0,-0.06477,-0.086298
146.65,350.0,-0.065389,-0.086372
148.93,350.0,-0.065965,-0.085469
151.2,350.0,-0.066023,-0.086516
153.3,350.0,-0.064089,-0.085949
155.58,350.0,-0.062816,-0.08566
157.85,350.0,-0.062416,-0.084957
159.95,350.0,-0.064012,-0.086695
162.23,350.0,-0.067906,-0.088978
164.33,350.0,-0.072724,-0.093115
166.6,350.0,-0.076754,-0.099227
168.88,350.0,-0.082625,-0.104498
171.15,350.0,-0.087462,-0.109905
173.25,350.0,-0.091156,-0.113414
175.53,350.0,-0.094354,-0.115435
177.63,350.0,-0.097172,-0.117863
179.9,350.0,-0.097379,-0.118741
182.18,350.0,-0.09781,-0.117
184.28,350.0,-0.09379,-0.114973
186.55,350.0,-0.089782,-0.111649
188.83,350.0,-0.086572,-0.10745
191.1,350.0,-0.082197,-0.10322
193.03,350.0,-0.076073,-0.097789
195.48,350.0,-0.071877,-0.092345
197.75,350.0,-0.065857,-0.088054
200.03,350.0,-0.061433,-0.08302
202.13,350.0,-0.056797,-0.077915
204.4,350.0,-0.052696,-0.075651
206.68,350.0,-0.049338,-0.071513
208.95,350.0,-0.046332,-0.068269
211.05,350.0,-0.045096,-0.06688
213.33,350.0,-0.043698,-0.067776
215.6,350.0,-0.042915,-0.065601
217.88,350.0,-0.044736,-0.067385
219.98,350.0,-0.045518,-0.067548
222.08,350.0,-0.045552,-0.066171
224.35,350.0,-0.046341,-0.067262
226.63,350.0,-0.044243,-0.068134
228.9,350.0,-0.046282,-0.067431
230.65,350.0,-0.045768,-0.069052
233.28,350.0,-0.04672,-0.067918
235.55,350.0,-0.046141,-0.067832
237.65,350.0,-0.044594,-0.065888
240.1,350.0,-0.043593,-0.065663
242.38,350.0,-0.043248,-0.06399
244.48,350.0,-0.04371,-0.066248
246.75,350.0,-0.047749,-0.069015
248.85,350.0,-0.051587,-0.072191
251.13,350.0,-0.057709,-0.080118
253.4,350.0,-0.062481,-0.08415
255.68,350.0,-0.067478,-0.088898
257.78,350.0,-0.071436,-0.093152
260.05,350.0,-0.07387,-0.095524
262.33,350.0,-0.0766,-0.095318
264.6,350.0,-0.076405,-0.097724
266.7,350.0,-0.076559,-0.0985
268.98,350.0,-0.077092,-0.097169
271.08,350.0,-0.075919,-0.097551
273.35,350.0,-0.076122,-0.097317
275.63,350.0,-0.074123,-0.095537
277.9,350.0,-0.072721,-0.095229
280.0,350.0,-0.070743,-0.092801
282.28,350.0,-0.069807,-0.089452
284.55,350.0,-0.067829,-0.089212
286.65,350.0,-0.066957,-0.089264
288.93,350.0,-0.06749,-0.087903
291.03,350.0,-0.067533,-0.087921
293.3,350.0,-0.066994,-0.088066
295.58,350.0,-0.063719,-0.08342
298.03,350.0,-0.058821,-0.080007
300.13,350.0,-0.053568,-0.074708
302.4,350.0,-0.04777,-0.067474
304.68,350.0,-0.040432,-0.062983
306.95,350.0,-0.034865,-0.05863
309.23,350.0,-0.032197,-0.053636
311.33,350.0,-0.030946,-0.053442
313.6,350.0,-0.032419,-0.053882
315.88,350.0,-0.035275,-0.058947
318.15,350.0,-0.041211,-0.06391
320.43,350.0,-0.047727,-0.068587
322.53,350.0,-0.054184,-0.074862
324.8,350.0,-0.059994,-0.083195
327.08,350.0,-0.068805,-0.089896
329.18,350.0,-0.077194,-0.096482
331.45,350.0,-0.083956,-0.104708
333.73,350.0,-0.090903,-0.112604
335.83,350.0,-0.098189,-0.119049
338.1,350.0,-0.10464,-0.124745
340.38,350.0,-0.10745,-0.12814
342.65,350.0,-0.109489,-0.131489
344.93,350.0,-0.112148,-0.133238
347.2,350.0,-0.112705,-0.132705
349.48,350.0,-0.113432,-0.13492
351.58,350.0,-0.114665,-0.133445
353.85,350.0,-0.113026,-0.134523
356.13,350.0,-0.112838,-0.133368
358.4,350.0,-0.112977,-0.133479
360.68,350.0,-0.112246,-0.133103
362.78,350.0,-0.112262,-0.133254
365.05,350.0,-0.111941,-0.132755
367.33,350.0,-0.11305,-0.133654
369.43,350.0,-0.113389,-0.134443
371.7,350.0,-0.114042,-0.135034
373.8,350.0,-0.115543,-0.136199
376.08,350.0,-0.117068,-0.137379
378.35,350.0,-0.119372,-0.139634
380.63,350.0,-0.120176,-0.141187
382.73,350.0,-0.120401,-0.140065
385.0,350.0,-0.117058,-0.137422
387.1,350.0,-0.111439,-0.132558
389.2,350.0,-0.105238,-0.127437
391.65,350.0,-0.103174,-0.123679
393.75,350.0,-0.103371,-0.124899
396.03,350.0,-0.106569,-0.128389
398.13,350.0,-0.111978,-0.133198
400.4,350.0,-0.12025,-0.141322
402.68,350.0,-0.129609,-0.149138
404.95,350.0,-0.13809,-0.159372
407.05,350.0,-0.146131,-0.166713
409.33,350.0,-0.154187,-0.17464
411.6,350.0,-0.161171,-0.180959
413.7,350.0,-0.164785,-0.1859
415.98,350.0,-0.167678,-0.188808
418.25,350.0,-0.168858,-0.18915
420.35,350.0,-0.171091,-0.191347
422.63,350.0,-0.171864,-0.190709
424.9,350.0,-0.17399,-0.195543
427.18,350.0,-0.176581,-0.197943
429.28,350.0,-0.182517,-0.20127
431.55,350.0,-0.187175,-0.207126
433.83,350.0,-0.192246,-0.212902
435.93,350.0,-0.197659,-0.217182
438.38,350.0,-0.201676,-0.221448
440.48,350.0,-0.205028,-0.224486
442.75,350.0,-0.209369,-0.229575
444.85,350.0,-0.214061,-0.232545
447.3,350.0,-0.218241,-0.238953
449.4,350.0,-0.224135,-0.243451
451.68,350.0,-0.227989,-0.246153
453.95,350.0,-0.231602,-0.249677
456.05,350.0,-0.234501,-0.253294
458.33,350.0,-0.236707,-0.255838
460.43,350.0,-0.239514,-0.257995
462.7,350.0,-0.240302,-0.262012
464.98,350.0,-0.244341,-0.26321
467.08,350.0,-0.247514,-0.26651
469.35,350.0,-0.251433,-0.271387
471.63,350.0,-0.256131,-0.274606
473.73,350.0,-0.260352,-0.279279
476.0,350.0,-0.263355,-0.281741
478.28,350.0,-0.265638,-0.283919
480.38,350.0,-0.265949,-0.286085
482.83,350.0,-0.266137,-0.285413
485.1,350.0,-0.26432,-0.282462
487.38,350.0,-0.262946,-0.280604
489.48,350.0,-0.262847,-0.281759
491.58,350.0,-0.266307,-0.282967
494.03,350.0,-0.270915,-0.290034
496.13,350.0,-0.278183,-0.295429
498.4,350.0,-0.285493,-0.304942
500.68,350.0,-0.29321,-0.311254
502.95,350.0,-0.299202,-0.317372
505.23,350.0,-0.305524,-0.324027
507.33,350.0,-0.311846,-0.330213
509.6,350.0,-0.318897,-0.337342
511.88,350.0,-0.32692,-0.34443
513.98,350.0,-0.334932,-0.353645
516.25,350.0,-0.342998,-0.360096
518.35,350.0,-0.350456,-0.369954
520.63,350.0,-0.359658,-0.377865
522.9,350.0,-0.368891,-0.385715
525.0,350.0,-0.379057,-0.398007
527.28,350.0,-0.391402,-0.408728
529.55,350.0,-0.402955,-0.420163
531.83,350.0,-0.415416,-0.432998
533.93,350.0,-0.428414,-0.4446
536.2,350.0,-0.440801,-0.457375
538.48,350.0,-0.452449,-0.4691
540.58,350.0,-0.46374,-0.480037
542.85,350.0,-0.473025,-0.490055
545.13,350.0,-0.481494,-0.497403
547.23,350.0,-0.488118,-0.504063
549.5,350.0,-0.493099,-0.508087
551.78,350.0,-0.496238,-0.512998
553.88,350.0,-0.499104,-0.516112
556.15,350.0,-0.502243,-0.516473
558.43,350.0,-0.503241,-0.51756
560.53,350.0,-0.503423,-0.519698
562.8,350.0,-0.505305,-0.520786
564.9,350.0,-0.509174,-0.52463
567.18,350.0,-0.514221,-0.529566
569.45,350.0,-0.519165,-0.535209
571.73,350.0,-0.524717,-0.53996
574.0,350.0,-0.530672,-0.547806
576.1,350.0,-0.535986,-0.552526
578.38,350.0,-0.541232,-0.555915
580.65,350.0,-0.544864,-0.559387
582.75,350.0,-0.547246,-0.561343
585.03,350.0,-0.550767,-0.564692
587.13,350.0,-0.553071,-0.567739
589.4,350.0,-0.557853,-0.573078
591.68,350.0,-0.563808,-0.578478
593.78,350.0,-0.570955,-0.585903
596.05,350.0,-0.576922,-0.590524
598.33,350.0,-0.579747,-0.594787
600.43,350.0,-0.581195,-0.596512
602.7,350.0,-0.582015,-0.59711
604.98,350.0,-0.584602,-0.598392
607.08,350.0,-0.58663,-0.602683
609.35,350.0,-0.593037,-0.607018
611.63,350.0,-0.600283,-0.61573
613.73,350.0,-0.608875,-0.622782
616.0,350.0,-0.619122,-0.632551
618.1,350.0,-0.628891,-0.643999
620.38,350.0,-0.638694,-0.652594
622.65,350.0,-0.647708,-0.6613
624.75,350.0,-0.657042,-0.670758
627.03,350.0,-0.662486,-0.676565
629.3,350.0,-0.671109,-0.684531
631.4,350.0,-0.677973,-0.69171
633.68,350.0,-0.685952,-0.699023
635.95,350.0,-0.692886,-0.70751
638.23,350.0,-0.701999,-0.716371
640.33,350.0,-0.710798,-0.724975
642.6,350.0,-0.719544,-0.732224
644.7,350.0,-0.727889,-0.741706
646.98,350.0,-0.735101,-0.747532
649.25,350.0,-0.74219,-0.754245
651.53,350.0,-0.748949,-0.760828
653.8,350.0,-0.75544,-0.767791
655.9,350.0,-0.762954,-0.775619
658.18,350.0,-0.769189,-0.781675
660.45,350.0,-0.776226,-0.78914
662.55,350.0,-0.783789,-0.795705
664.83,350.0,-0.791571,-0.80435
666.93,350.0,-0.799393,-0.812279
669.38,350.0,-0.808586,-0.820899
671.48,350.0,-0.816475,-0.828133
673.75,350.0,-0.824664,-0.835492
676.03,350.0,-0.831013,-0.84377
678.13,350.0,-0.838638,-0.850077
680.4,350.0,-0.845012,-0.856885
682.68,350.0,-0.852772,-0.864007
684.78,350.0,-0.858733,-0.870215
687.05,350.0,-0.866093,-0.877325
689.33,350.0,-0.873564,-0.884516
691.6,350.0,-0.880394,-0.891518
693.7,350.0,-0.888789,-0.900619
696.15,350.0,-0.896226,-0.906389
698.25,350.0,-0.903875,-0.914414
700.53,350.0,-0.911047,-0.920961
702.8,350.0,-0.918265,-0.929534
705.08,350.0,-0.924947,-0.935548
707.35,350.0,-0.9315,-0.940409
709.45,350.0,-0.936256,-0.947298
10.5,385.0,-0.149612,-0.170105
12.78,385.0,-0.14798,-0.168029
15.05,385.0,-0.145056,-0.165278
17.33,385.0,-0.142065,-0.16115
19.43,385.0,-0.139597,-0.159446
21.7,385.0,-0.136532,-0.156562
23.98,385.0,-0.133694,-0.154082
26.25,385.0,-0.130081,-0.150626
28.35,385.0,-0.126775,-0.148787
30.63,385.0,-0.123697,-0.144249
32.9,385.0,-0.118713,-0.13964
35.0,385.0,-0.11212,-0.132644
37.28,385.0,-0.106704,-0.127228
39.55,385.0,-0.10046,-0.12086
41.83,385.0,-0.095195,-0.116827
43.93,385.0,-0.091276,-0.112003
46.2,385.0,-0.087823,-0.108094
48.3,385.0,-0.084606,-0.106036
50.58,385.0,-0.082055,-0.103131
52.85,385.0,-0.08046,-0.101421
54.95,385.0,-0.077616,-0.099166
57.23,385.0,-0.074147,-0.096304
59.5,385.0,-0.072345,-0.093081
61.6,385.0,-0.068818,-0.090823
63.88,385.0,-0.066519,-0.088115
66.15,385.0,-0.067025,-0.087176
68.43,385.0,-0.065706,-0.089514
70.53,385.0,-0.065472,-0.087102
72.8,385.0,-0.063383,-0.085044
75.08,385.0,-0.059532,-0.082367
77.18,385.0,-0.055802,-0.07741
79.45,385.0,-0.049135,-0.070919
81.73,385.0,-0.042641,-0.063707
84.0,385.0,-0.035564,-0.057927
86.1,385.0,-0.028664,-0.052613
88.38,385.0,-0.023956,-0.047542
90.65,385.0,-0.018793,-0.041803
92.75,385.0,-0.015176,-0.03745
95.03,385.0,-0.012203,-0.034234
97.3,385.0,-0.010786,-0.032749
99.58,385.0,-0.012447,-0.034613
101.85,385.0,-0.015635,-0.038044
103.95,385.0,-0.021843,-0.043331
106.23,385.0,-0.028383,-0.051023
108.5,385.0,-0.035503,-0.056929
110.6,385.0,-0.043069,-0.065645
112.88,385.0,-0.050216,-0.071575
114.98,385.0,-0.056646,-0.077591
117.25,385.0,-0.059905,-0.08171
119.53,385.0,-0.064123,-0.085857
121.8,385.0,-0.06615,-0.087847
123.9,385.0,-0.068925,-0.089572
126.18,385.0,-0.069862,-0.091871
128.45,385.0,-0.071251,-0.092179
130.55,385.0,-0.07184,-0.093423
132.83,385.0,-0.072909,-0.094628
135.1,385.0,-0.07391,-0.095515
137.38,385.0,-0.075832,-0.097006
139.48,385.0,-0.076827,-0.097986
141.75,385.0,-0.076963,-0.097542
144.03,385.0,-0.073845,-0.096291
146.3,385.0,-0.068436,-0.089646
148.4,385.0,-0.060688,-0.082219
150.5,385.0,-0.052699,-0.075222
152.78,385.0,-0.047166,-0.067188
155.05,385.0,-0.041997,-0.062484
157.33,385.0,-0.03863,-0.059816
159.43,385.0,-0.037394,-0.058861
161.7,385.0,-0.037909,-0.060293
163.98,385.0,-0.038547,-0.060755
166.08,385.0,-0.041865,-0.06379
168.35,385.0,-0.043645,-0.065309
170.63,385.0,-0.045524,-0.068254
172.73,385.0,-0.049418,-0.072117
175.0,385.0,-0.052046,-0.074671
177.28,385.0,-0.056365,-0.076846
179.38,385.0,-0.059351,-0.081298
181.65,385.0,-0.062595,-0.084341
183.93,385.0,-0.06659,-0.086177
186.03,385.0,-0.068861,-0.090771
188.3,385.0,-0.072459,-0.094166
190.58,385.0,-0.075256,-0.096122
192.68,385.0,-0.077142,-0.096981
194.95,385.0,-0.078309,-0.099311
197.05,385.0,-0.078534,-0.099979
199.33,385.0,-0.078014,-0.10046
201.6,385.0,-0.079588,-0.100256
203.88,385.0,-0.079363,-0.100321
205.98,385.0,-0.079064,-0.099326
208.25,385.0,-0.078026,-0.098892
210.35,385.0,-0.077059,-0.097776
212.63,385.0,-0.075404,-0.097527
214.9,385.0,-0.073738,-0.095916
217.0,385.0,-0.07359,-0.095552
219.28,385.0,-0.073824,-0.09566
221.55,385.0,-0.073479,-0.095734
223.83,385.0,-0.072641,-0.094699
225.93,385.0,-0.072339,-0.093713
228.2,385.0,-0.071063,-0.093451
230.48,385.0,-0.070192,-0.091122
232.75,385.0,-0.067441,-0.089301
234.85,385.0,-0.06464,-0.086455
237.13,385.0,-0.062376,-0.08318
239.4,385.0,-0.05972,-0.080854
241.68,385.0,-0.05785,-0.079181
243.78,385.0,-0.056449,-0.07802
246.05,385.0,-0.055648,-0.076239
248.33,385.0,-0.056159,-0.077887
250.43,385.0,-0.058251,-0.078818
252.7,385.0,-0.060189,-0.080885
254.98,385.0,-0.063833,-0.084776
257.08,385.0,-0.067474,-0.08936
259.18,385.0,-0.071966,-0.093473
261.45,385.0,-0.075155,-0.097142
263.73,385.0,-0.079067,-0.101627
265.83,385.0,-0.080071,-0.10111
268.1,385.0,-0.080681,-0.102715
270.2,385.0,-0.08074,-0.101378
272.48,385.0,-0.079298,-0.100463
274.75,385.0,-0.077807,-0.099295
277.03,385.0,-0.075047,-0.095081
279.3,385.0,-0.07225,-0.093571
281.58,385.0,-0.068103,-0.089535
283.68,385.0,-0.06733,-0.088568
285.95,385.0,-0.066409,-0.086883
288.05,385.0,-0.066436,-0.08631
290.33,385.0,-0.065598,-0.087558
292.6,385.0,-0.065648,-0.087924
294.88,385.0,-0.064381,-0.08615
297.15,385.0,-0.064431,-0.085099
299.25,385.0,-0.064255,-0.085688
301.53,385.0,-0.063864,-0.084745
303.63,385.0,-0.064295,-0.085956
305.9,385.0,-0.065808,-0.085869
308.0,385.0,-0.063738,-0.085487
310.28,385.0,-0.062194,-0.082992
312.55,385.0,-0.059076,-0.081325
314.83,385.0,-0.055829,-0.076729
316.93,385.0,-0.049357,-0.071097
319.2,385.0,-0.044385,-0.065604
321.3,385.0,-0.0396,-0.062062
323.58,385.0,-0.035494,-0.056701
325.85,385.0,-0.032253,-0.05338
327.95,385.0,-0.028972,-0.051812
330.23,385.0,-0.026566,-0.049132
332.5,385.0,-0.026615,-0.047832
334.78,385.0,-0.026597,-0.050358
336.88,385.0,-0.02818,-0.049576
339.15,385.0,-0.030996,-0.05347
341.43,385.0,-0.033516,-0.05741
343.53,385.0,-0.038202,-0.059717
345.8,385.0,-0.042678,-0.06391
347.9,385.0,-0.047758,-0.069745
350.18,385.0,-0.053466,-0.074945
352.45,385.0,-0.059206,-0.080281
354.73,385.0,-0.065968,-0.087216
356.83,385.0,-0.073473,-0.094203
359.1,385.0,-0.079566,-0.101005
361.38,385.0,-0.087049,-0.107376
363.48,385.0,-0.094079,-0.114184
365.75,385.0,-0.098513,-0.118522
368.03,385.0,-0.10058,-0.121834
370.3,385.0,-0.102305,-0.12359
372.4,385.0,-0.103343,-0.124178
374.68,385.0,-0.103605,-0.1261
376.95,385.0,-0.105102,-0.126911
379.05,385.0,-0.106966,-0.127246
381.33,385.0,-0.109495,-0.129739
383.6,385.0,-0.113771,-0.133223
385.88,385.0,-0.117216,-0.138525
387.98,385.0,-0.121797,-0.144045
390.25,385.0,-0.126535,-0.148211
392.35,385.0,-0.130999,-0.150617
394.63,385.0,-0.134535,-0.154994
396.9,385.0,-0.136741,-0.158109
399.0,385.0,-0.140222,-0.159418
401.28,385.0,-0.141122,-0.162111
403.55,385.0,-0.14163,-0.162878
405.65,385.0,-0.142829,-0.163167
407.93,385.0,-0.14314,-0.162878
410.2,385.0,-0.142462,-0.162554
412.48,385.0,-0.141436,-0.16196
414.58,385.0,-0.140059,-0.159122
416.85,385.0,-0.138722,-0.158201
419.13,385.0,-0.13676,-0.156757
421.23,385.0,-0.135346,-0.155155
423.5,385.0,-0.133405,-0.152607
425.78,385.0,-0.129739,-0.151901
427.88,385.0,-0.12676,-0.148306
430.15,385.0,-0.125044,-0.146673
432.43,385.0,-0.124511,-0.143254
434.7,385.0,-0.122077,-0.142693
436.8,385.0,-0.122197,-0.143004
439.08,385.0,-0.12367,-0.144498
441.35,385.0,-0.124274,-0.144477
443.45,385.0,-0.124058,-0.145395
445.73,385.0,-0.12294,-0.143756
448.0,385.0,-0.118448,-0.139575
450.28,385.0,-0.11362,-0.135755
452.38,385.0,-0.112471,-0.132989
454.65,385.0,-0.113288,-0.133439
456.75,385.0,-0.116245,-0.137678
459.03,385.0,-0.123158,-0.143087
461.3,385.0,-0.131963,-0.152712
463.4,385.0,-0.140145,-0.162197
465.68,385.0,-0.148639,-0.169049
467.95,385.0,-0.155007,-0.175232
470.23,385.0,-0.161744,-0.18326
472.33,385.0,-0.167172,-0.188149
474.25,385.0,-0.172348,-0.19298
476.88,385.0,-0.178722,-0.199535
479.15,385.0,-0.183411,-0.203802
481.25,385.0,-0.189113,-0.209489
483.53,385.0,-0.194458,-0.213882
485.8,385.0,-0.198839,-0.220469
488.08,385.0,-0.203593,-0.22191
490.18,385.0,-0.208466,-0.228454
492.45,385.0,-0.214082,-0.234045
494.55,385.0,-0.218808,-0.237641
496.83,385.0,-0.222329,-0.241491
499.1,385.0,-0.226448,-0.245684
501.2,385.0,-0.231106,-0.250931
503.48,385.0,-0.235219,-0.253827
505.75,385.0,-0.238309,-0.258722
507.85,385.0,-0.241362,-0.260915
510.13,385.0,-0.245265,-0.265407
512.58,385.0,-0.250241,-0.269883
514.68,385.0,-0.255096,-0.274748
516.95,385.0,-0.260835,-0.279495
519.23,385.0,-0.26745,-0.284948
521.33,385.0,-0.272058,-0.290783
523.6,385.0,-0.276454,-0.294042
525.7,385.0,-0.28065,-0.298595
527.98,385.0,-0.284933,-0.30346
530.08,385.0,-0.28756,-0.303725
532.53,385.0,-0.289313,-0.308423
534.8,385.0,-0.289914,-0.307841
536.9,385.0,-0.287486,-0.305891
539.18,385.0,-0.28322,-0.301944
541.45,385.0,-0.276032,-0.294905
543.55,385.0,-0.269806,-0.28943
545.83,385.0,-0.265543,-0.283405
547.93,385.0,-0.263007,-0.28289
550.2,385.0,-0.264819,-0.284902
552.48,385.0,-0.270256,-0.28956
554.75,385.0,-0.277379,-0.296433
556.85,385.0,-0.286867,-0.304942
558.78,385.0,-0.296303,-0.313629
561.4,385.0,-0.304258,-0.323694
563.5,385.0,-0.312982,-0.331294
565.78,385.0,-0.320928,-0.338577
568.05,385.0,-0.326008,-0.344104
570.33,385.0,-0.332332,-0.34988
572.43,385.0,-0.337166,-0.355364
574.7,385.0,-0.342607,-0.359433
577.15,385.0,-0.347813,-0.36553
579.43,385.0,-0.350641,-0.368213
581.53,385.0,-0.351177,-0.369267
583.8,385.0,-0.349363,-0.367252
585.9,385.0,-0.345536,-0.364443
588.18,385.0,-0.343195,-0.359889
590.45,385.0,-0.339969,-0.357736
592.55,385.0,-0.337813,-0.356454
594.83,385.0,-0.337305,-0.355998
597.1,385.0,-0.339409,-0.356137
599.38,385.0,-0.342098,-0.361026
601.48,385.0,-0.348272,-0.36464
603.75,385.0,-0.353608,-0.371861
606.03,385.0,-0.359165,-0.377104
608.13,385.0,-0.363488,-0.380983
610.4,385.0,-0.366753,-0.38329
612.68,385.0,-0.368518,-0.385678
614.78,385.0,-0.369615,-0.3883
617.05,385.0,-0.371805,-0.389791
619.15,385.0,-0.375419,-0.393971
621.43,385.0,-0.38094,-0.398389
623.7,385.0,-0.386732,-0.40435
625.98,385.0,-0.394242,-0.41098
628.08,385.0,-0.401014,-0.418666
630.35,385.0,-0.410065,-0.425943
632.63,385.0,-0.418848,-0.433848
634.73,385.0,-0.427609,-0.444128
637.0,385.0,-0.43768,-0.454378
639.1,385.0,-0.44829,-0.464033
641.38,385.0,-0.458682,-0.474532
643.65,385.0,-0.467973,-0.48476
645.93,385.0,-0.476522,-0.493688
648.03,385.0,-0.483795,-0.498996
650.3,385.0,-0.488891,-0.505397
652.4,385.0,-0.491371,-0.508706
654.68,385.0,-0.494982,-0.511328
656.95,385.0,-0.497187,-0.513746
659.23,385.0,-0.502006,-0.518607
661.33,385.0,-0.506359,-0.523124
663.6,385.0,-0.513407,-0.528721
665.7,385.0,-0.519735,-0.534689
667.98,385.0,-0.526362,-0.540866
670.25,385.0,-0.533105,-0.549026
672.35,385.0,-0.539575,-0.55614
674.63,385.0,-0.548299,-0.562144
676.9,385.0,-0.557046,-0.57179
679.0,385.0,-0.566238,-0.582015
681.45,385.0,-0.573379,-0.586574
683.55,385.0,-0.577711,-0.59293
685.83,385.0,-0.581568,-0.595961
688.1,385.0,-0.582538,-0.596294
690.2,385.0,-0.584818,-0.600662
692.48,385.0,-0.5891,-0.604704
694.75,385.0,-0.59422,-0.610875
696.85,385.0,-0.602991,-0.618
699.13,385.0,-0.612162,-0.626975
701.4,385.0,-0.621429,-0.636784
703.5,385.0,-0.631626,-0.645579
705.78,385.0,-0.642076,-0.6565
708.05,385.0,-0.651519,-0.664972
710.15,385.0,-0.658724,-0.67366
11.2,420.0,-0.089169,-0.110207
13.48,420.0,-0.088189,-0.108436
15.58,420.0,-0.087265,-0.108272
17.85,420.0,-0.086153,-0.107058
20.13,420.0,-0.084914,-0.105269
22.4,420.0,-0.082863,-0.103799
24.68,420.0,-0.080903,-0.102992
26.95,420.0,-0.079788,-0.100561
29.05,420.0,-0.07785,-0.09858
31.33,420.0,-0.074428,-0.09517
33.6,420.0,-0.072114,-0.092752
35.88,420.0,-0.06923,-0.090758
37.98,420.0,-0.067339,-0.088648
40.25,420.0,-0.066254,-0.087129
42.53,420.0,-0.064418,-0.085534
44.8,420.0,-0.061812,-0.083337
46.9,420.0,-0.059141,-0.081344
49.18,420.0,-0.058396,-0.079736
51.28,420.0,-0.057533,-0.079616
53.55,420.0,-0.05733,-0.079261
55.83,420.0,-0.057487,-0.079566
57.93,420.0,-0.056784,-0.078343
60.2,420.0,-0.055466,-0.077681
62.3,420.0,-0.053063,-0.074911
64.58,420.0,-0.049625,-0.07167
66.85,420.0,-0.045718,-0.067684
68.95,420.0,-0.039055,-0.061227
71.23,420.0,-0.032287,-0.054462
73.5,420.0,-0.026516,-0.047776
75.78,420.0,-0.02017,-0.04208
78.05,420.0,-0.015281,-0.035956
80.15,420.0,-0.011399,-0.033494
82.43,420.0,-0.008744,-0.02964
84.7,420.0,-0.00806,-0.031178
86.8,420.0,-0.010099,-0.03241
89.08,420.0,-0.013617,-0.03501
91.35,420.0,-0.02094,-0.04286
93.45,420.0,-0.028417,-0.050968
95.73,420.0,-0.037123,-0.058482
98.0,420.0,-0.04379,-0.065555
100.28,420.0,-0.050872,-0.072632
102.55,420.0,-0.056116,-0.077434
104.65,420.0,-0.059631,-0.081002
106.93,420.0,-0.062299,-0.085321
109.38,420.0,-0.064819,-0.085238
111.65,420.0,-0.064144,-0.086153
113.93,420.0,-0.06513,-0.086821
116.2,420.0,-0.065937,-0.087776
118.48,420.0,-0.067533,-0.08928
120.58,420.0,-0.068892,-0.091344
122.85,420.0,-0.070336,-0.091008
124.95,420.0,-0.071507,-0.091797
127.23,420.0,-0.070306,-0.092283
129.5,420.0,-0.067086,-0.088839
131.78,420.0,-0.061079,-0.082813
133.88,420.0,-0.053922,-0.075549
136.15,420.0,-0.047283,-0.06973
138.43,420.0,-0.043386,-0.065068
140.53,420.0,-0.040108,-0.062798
142.8,420.0,-0.038365,-0.06049
145.08,420.0,-0.038423,-0.060004
147.18,420.0,-0.040638,-0.062665
149.45,420.0,-0.042148,-0.064619
151.73,420.0,-0.044995,-0.066091
153.83,420.0,-0.048624,-0.070546
156.1,420.0,-0.05236,-0.073362
158.38,420.0,-0.054933,-0.077077
160.48,420.0,-0.058161,-0.080648
162.75,420.0,-0.061316,-0.0831
164.85,420.0,-0.064274,-0.086486
167.3,420.0,-0.067736,-0.088519
169.4,420.0,-0.070031,-0.092049
171.68,420.0,-0.0729,-0.093941
173.78,420.0,-0.07456,-0.094566
176.05,420.0,-0.075909,-0.096504
178.33,420.0,-0.075752,-0.096738
180.43,420.0,-0.076085,-0.096168
182.7,420.0,-0.07582,-0.097114
184.8,420.0,-0.075953,-0.097573
187.08,420.0,-0.076335,-0.097502
189.35,420.0,-0.076005,-0.097293
191.45,420.0,-0.074988,-0.097049
193.9,420.0,-0.0746,-0.095241
196.18,420.0,-0.071818,-0.094729
198.28,420.0,-0.072012,-0.091806
200.55,420.0,-0.070407,-0.091251
202.65,420.0,-0.071199,-0.091732
204.93,420.0,-0.070863,-0.092712
207.2,420.0,-0.069579,-0.091559
209.3,420.0,-0.069311,-0.089492
211.58,420.0,-0.06728,-0.088611
213.85,420.0,-0.065299,-0.085469
215.95,420.0,-0.061218,-0.082188
218.23,420.0,-0.058143,-0.080053
220.33,420.0,-0.053707,-0.07546
222.78,420.0,-0.048636,-0.070324
225.05,420.0,-0.045401,-0.0668
227.15,420.0,-0.042801,-0.065038
229.43,420.0,-0.041347,-0.063371
231.53,420.0,-0.040604,-0.06172
233.8,420.0,-0.039246,-0.060922
236.08,420.0,-0.038771,-0.062259
238.18,420.0,-0.038562,-0.060204
240.45,420.0,-0.039865,-0.060839
242.73,420.0,-0.039714,-0.061322
244.83,420.0,-0.039588,-0.062453
247.1,420.0,-0.040814,-0.062601
249.2,420.0,-0.039961,-0.061017
251.48,420.0,-0.040158,-0.060531
253.75,420.0,-0.039964,-0.061529
255.85,420.0,-0.039172,-0.061196
258.13,420.0,-0.038996,-0.060478
260.4,420.0,-0.039412,-0.05956
262.5,420.0,-0.038833,-0.060275
264.78,420.0,-0.037499,-0.059237
267.05,420.0,-0.037573,-0.058996
269.15,420.0,-0.03663,-0.059329
271.43,420.0,-0.036855,-0.05806
273.53,420.0,-0.034881,-0.057203
275.8,420.0,-0.034505,-0.056122
278.08,420.0,-0.034696,-0.057049
280.18,420.0,-0.036781,-0.059443
282.45,420.0,-0.037438,-0.059585
284.73,420.0,-0.040564,-0.061954
287.0,420.0,-0.042468,-0.064757
289.1,420.0,-0.045407,-0.066821
291.38,420.0,-0.046239,-0.068029
293.48,420.0,-0.048097,-0.069412
295.75,420.0,-0.04899,-0.070537
298.03,420.0,-0.049665,-0.072049
300.13,420.0,-0.049705,-0.070266
302.4,420.0,-0.049696,-0.071128
304.68,420.0,-0.050167,-0.072416
306.78,420.0,-0.053171,-0.073269
309.05,420.0,-0.054856,-0.076769
311.33,420.0,-0.056467,-0.077468
313.43,420.0,-0.055589,-0.077715
315.7,420.0,-0.054412,-0.07667
317.98,420.0,-0.052807,-0.074717
320.08,420.0,-0.051938,-0.073161
322.35,420.0,-0.051751,-0.073137
324.45,420.0,-0.052126,-0.073396
326.9,420.0,-0.052533,-0.074612
329.0,420.0,-0.053972,-0.075219
331.28,420.0,-0.056144,-0.077628
333.55,420.0,-0.057998,-0.079572
335.65,420.0,-0.061156,-0.08363
337.93,420.0,-0.064677,-0.085222
340.03,420.0,-0.068562,-0.092268
342.3,420.0,-0.074246,-0.095392
344.58,420.0,-0.079307,-0.100521
346.68,420.0,-0.084249,-0.1057
348.95,420.0,-0.08981,-0.110161
351.23,420.0,-0.094123,-0.115524
353.33,420.0,-0.097893,-0.120321
355.6,420.0,-0.102992,-0.123516
357.88,420.0,-0.105697,-0.125383
360.15,420.0,-0.105762,-0.126926
362.25,420.0,-0.1057,-0.126393
364.53,420.0,-0.102453,-0.123747
366.8,420.0,-0.098885,-0.120749
368.9,420.0,-0.094212,-0.115906
371.18,420.0,-0.090266,-0.110287
373.28,420.0,-0.085521,-0.106424
375.55,420.0,-0.082169,-0.103408
377.83,420.0,-0.079064,-0.100038
380.1,420.0,-0.075087,-0.097046
382.2,420.0,-0.071187,-0.092955
384.48,420.0,-0.067043,-0.087669
386.58,420.0,-0.061304,-0.083014
388.85,420.0,-0.056033,-0.077136
390.95,420.0,-0.050986,-0.073423
393.23,420.0,-0.046304,-0.067342
395.5,420.0,-0.043084,-0.064163
397.6,420.0,-0.041307,-0.062632
400.05,420.0,-0.041975,-0.063762
402.33,420.0,-0.043322,-0.065543
404.6,420.0,-0.046566,-0.06802
406.88,420.0,-0.04997,-0.072317
409.15,420.0,-0.051325,-0.073269
411.43,420.0,-0.05196,-0.074831
413.53,420.0,-0.049979,-0.071923
415.8,420.0,-0.048017,-0.070149
418.08,420.0,-0.046898,-0.069951
420.18,420.0,-0.048584,-0.070894
422.45,420.0,-0.050035,-0.071288
424.55,420.0,-0.051482,-0.074255
426.83,420.0,-0.054006,-0.074243
429.1,420.0,-0.054003,-0.076421
431.38,420.0,-0.054289,-0.076969
433.65,420.0,-0.05736,-0.077166
435.75,420.0,-0.059363,-0.080802
438.03,420.0,-0.063368,-0.085312
440.13,420.0,-0.068787,-0.090743
442.4,420.0,-0.074061,-0.096067
444.68,420.0,-0.079751,-0.100996
446.78,420.0,-0.083272,-0.105383
449.05,420.0,-0.086156,-0.107641
451.33,420.0,-0.088334,-0.109591
453.43,420.0,-0.091211,-0.11245
455.7,420.0,-0.094545,-0.116692
457.98,420.0,-0.09977,-0.120034
460.25,420.0,-0.103399,-0.124187
462.35,420.0,-0.106371,-0.128386
464.98,420.0,-0.110407,-0.132373
467.25,420.0,-0.115296,-0.135906
469.35,420.0,-0.116211,-0.136886
471.63,420.0,-0.118488,-0.138867
473.9,420.0,-0.119656,-0.140219
476.0,420.0,-0.118343,-0.139942
478.28,420.0,-0.117558,-0.138962
480.55,420.0,-0.116063,-0.136436
482.65,420.0,-0.113318,-0.134468
484.93,420.0,-0.110826,-0.130084
487.2,420.0,-0.108707,-0.129699
489.3,420.0,-0.10684,-0.128223
491.58,420.0,-0.107379,-0.129073
493.68,420.0,-0.108744,-0.12911
495.95,420.0,-0.108562,-0.130247
498.23,420.0,-0.107755,-0.129227
500.33,420.0,-0.103796,-0.126402
502.6,420.0,-0.099486,-0.121596
504.88,420.0,-0.097391,-0.118861
506.98,420.0,-0.096729,-0.117816
509.25,420.0,-0.099076,-0.120321
511.53,420.0,-0.105663,-0.125506
513.63,420.0,-0.113673,-0.133214
515.9,420.0,-0.121485,-0.141757
518.18,420.0,-0.130244,-0.150644
520.28,420.0,-0.139082,-0.158744
522.55,420.0,-0.147219,-0.167425
524.65,420.0,-0.154027,-0.175127
526.93,420.0,-0.162139,-0.182434
529.2,420.0,-0.168183,-0.189184
531.3,420.0,-0.175139,-0.194033
533.58,420.0,-0.181384,-0.202625
535.85,420.0,-0.188155,-0.208753
537.95,420.0,-0.196017,-0.214766
540.23,420.0,-0.201183,-0.222154
542.5,420.0,-0.20691,-0.226815
544.6,420.0,-0.213371,-0.23228
546.88,420.0,-0.216652,-0.237262
548.98,420.0,-0.223679,-0.242714
551.25,420.0,-0.227927,-0.247487
553.53,420.0,-0.229967,-0.25025
555.63,420.0,-0.234159,-0.253654
557.9,420.0,-0.237662,-0.257185
560.18,420.0,-0.242271,-0.261226
562.28,420.0,-0.247086,-0.266649
564.55,420.0,-0.251858,-0.270891
566.83,420.0,-0.257499,-0.276387
569.1,420.0,-0.261322,-0.280848
571.2,420.0,-0.264788,-0.284665
573.48,420.0,-0.266072,-0.285398
575.75,420.0,-0.267502,-0.286177
578.03,420.0,-0.267807,-0.285832
580.13,420.0,-0.267816,-0.286072
582.4,420.0,-0.269569,-0.287665
584.68,420.0,-0.271377,-0.288663
586.78,420.0,-0.272255,-0.291214
589.05,420.0,-0.273297,-0.291328
591.15,420.0,-0.273152,-0.292397
593.43,420.0,-0.2737,-0.29143
595.7,420.0,-0.272791,-0.291439
597.8,420.0,-0.273845,-0.293044
600.08,420.0,-0.274926,-0.293999
602.35,420.0,-0.276855,-0.295891
604.45,420.0,-0.27871,-0.297976
606.73,420.0,-0.280703,-0.299933
609.0,420.0,-0.282218,-0.300875
611.1,420.0,-0.282807,-0.302379
613.38,420.0,-0.283056,-0.302015
615.65,420.0,-0.283016,-0.301291
617.93,420.0,-0.282169,-0.300986
620.2,420.0,-0.282326,-0.300629
622.3,420.0,-0.2807,-0.299788
624.58,420.0,-0.280201,-0.297668
626.85,420.0,-0.276476,-0.295918
628.95,420.0,-0.274504,-0.293771
631.23,420.0,-0.273478,-0.291002
633.5,420.0,-0.274159,-0.292021
635.6,420.0,-0.274252,-0.293848
637.88,420.0,-0.276371,-0.29574
639.98,420.0,-0.279677,-0.299788
642.25,420.0,-0.2844,-0.303312
644.53,420.0,-0.289027,-0.307539
646.63,420.0,-0.29427,-0.310884
648.9,420.0,-0.297804,-0.316103
651.18,420.0,-0.300888,-0.318297
653.28,420.0,-0.303337,-0.321852
655.55,420.0,-0.307779,-0.324175
657.83,420.0,-0.312471,-0.330425
659.93,420.0,-0.317449,-0.335921
662.03,420.0,-0.323306,-0.342043
664.48,420.0,-0.3298,-0.34773
666.58,420.0,-0.336507,-0.355111
668.85,420.0,-0.343685,-0.36163
671.13,420.0,-0.350219,-0.367582
673.4,420.0,-0.355237,-0.373571
675.5,420.0,-0.360435,-0.377976
677.78,420.0,-0.366648,-0.383595
679.88,420.0,-0.372822,-0.390431
682.15,420.0,-0.379264,-0.397385
684.43,420.0,-0.386223,-0.404862
686.53,420.0,-0.393592,-0.410382
688.8,420.0,-0.401328,-0.417677
690.9,420.0,-0.409387,-0.427295
693.35,420.0,-0.419347,-0.436408
695.63,420.0,-0.42813,-0.444245
697.73,420.0,-0.437588,-0.454341
700.0,420.0,-0.447172,-0.46313
702.1,420.0,-0.454563,-0.470681
704.38,420.0,-0.462455,-0.478001
706.65,420.0,-0.46971,-0.485647
708.75,420.0,-0.474581,-0.491491
711.03,420.0,-0.479643,-0.495444
11.55,455.0,-0.058365,-0.080059
13.83,455.0,-0.057764,-0.079234
16.1,455.0,-0.058192,-0.079144
18.38,455.0,-0.058165,-0.078965
20.65,455.0,-0.058534,-0.081002
22.93,455.0,-0.060016,-0.081181
25.03,455.0,-0.061137,-0.081837
27.3,455.0,-0.061384,-0.083389
29.58,455.0,-0.062194,-0.082841
31.85,455.0,-0.061023,-0.082148
33.95,455.0,-0.060839,-0.081615
36.23,455.0,-0.058288,-0.080641
38.33,455.0,-0.057148,-0.078445
40.6,455.0,-0.055734,-0.077918
42.88,455.0,-0.053895,-0.075872
44.98,455.0,-0.052508,-0.074224
47.25,455.0,-0.052237,-0.073876
49.53,455.0,-0.051304,-0.074064
51.63,455.0,-0.052779,-0.074437
53.9,455.0,-0.052881,-0.075133
56.18,455.0,-0.051698,-0.074092
58.28,455.0,-0.049748,-0.071368
60.55,455.0,-0.046134,-0.067277
62.65,455.0,-0.041609,-0.064243
64.75,455.0,-0.036951,-0.058959
67.2,455.0,-0.031985,-0.053165
69.48,455.0,-0.026181,-0.047314
71.58,455.0,-0.020762,-0.042191
73.85,455.0,-0.015296,-0.037348
75.95,455.0,-0.010577,-0.032222
78.23,455.0,-0.006495,-0.028627
80.5,455.0,-0.003029,-0.024939
82.6,455.0,-0.002425,-0.024483
84.88,455.0,-0.004745,-0.026954
87.15,455.0,-0.009206,-0.031359
89.25,455.0,-0.015891,-0.03847
91.53,455.0,-0.024751,-0.045983
93.8,455.0,-0.03318,-0.052998
95.9,455.0,-0.040891,-0.063131
98.18,455.0,-0.047089,-0.070296
100.45,455.0,-0.053368,-0.075041
102.73,455.0,-0.057114,-0.077881
105.0,455.0,-0.058765,-0.080888
107.1,455.0,-0.060506,-0.082077
109.38,455.0,-0.061174,-0.082086
111.48,455.0,-0.061214,-0.08334
113.75,455.0,-0.062311,-0.083063
116.03,455.0,-0.063174,-0.083676
118.3,455.0,-0.063762,-0.085423
120.4,455.0,-0.066104,-0.086547
122.68,455.0,-0.066704,-0.08871
124.78,455.0,-0.065336,-0.087348
127.05,455.0,-0.061196,-0.084375
129.33,455.0,-0.056917,-0.077487
131.43,455.0,-0.049631,-0.071273
133.7,455.0,-0.043929,-0.065848
135.98,455.0,-0.038497,-0.060931
138.25,455.0,-0.034375,-0.055142
140.35,455.0,-0.031868,-0.053611
142.63,455.0,-0.030432,-0.052401
144.9,455.0,-0.030709,-0.053362
147.18,455.0,-0.032524,-0.053904
149.28,455.0,-0.034381,-0.056935
151.55,455.0,-0.037869,-0.059529
153.65,455.0,-0.040879,-0.06192
155.93,455.0,-0.042918,-0.066791
158.2,455.0,-0.047157,-0.067579
160.48,455.0,-0.049535,-0.071254
162.58,455.0,-0.053115,-0.075056
164.85,455.0,-0.057274,-0.07927
167.13,455.0,-0.059335,-0.080706
169.4,455.0,-0.06225,-0.083919
171.68,455.0,-0.063716,-0.086643
173.78,455.0,-0.065182,-0.086455
176.05,455.0,-0.065592,-0.087179
178.33,455.0,-0.066455,-0.08672
180.43,455.0,-0.065413,-0.086618
182.7,455.0,-0.063759,-0.085148
184.98,455.0,-0.063081,-0.085084
187.25,455.0,-0.060352,-0.082083
189.35,455.0,-0.057579,-0.080604
191.63,455.0,-0.055617,-0.077702
193.73,455.0,-0.054036,-0.074545
196.0,455.0,-0.052176,-0.07468
198.28,455.0,-0.050484,-0.072773
200.55,455.0,-0.049261,-0.0705
202.65,455.0,-0.046954,-0.068762
204.93,455.0,-0.046045,-0.06688
207.2,455.0,-0.045124,-0.066507
209.3,455.0,-0.044425,-0.066455
211.58,455.0,-0.043161,-0.066147
213.68,455.0,-0.042687,-0.065512
215.95,455.0,-0.043035,-0.064874
218.05,455.0,-0.043078,-0.065509
220.33,455.0,-0.042995,-0.064252
222.6,455.0,-0.042826,-0.063226
224.88,455.0,-0.039982,-0.062702
226.98,455.0,-0.0398,-0.061436
229.25,455.0,-0.038248,-0.059714
231.53,455.0,-0.037832,-0.059662
233.63,455.0,-0.036541,-0.057351
235.9,455.0,-0.033482,-0.054958
238.18,455.0,-0.031495,-0.053433
240.28,455.0,-0.028852,-0.050078
242.55,455.0,-0.026957,-0.047967
244.65,455.0,-0.023624,-0.045897
246.93,455.0,-0.021667,-0.042499
249.2,455.0,-0.019526,-0.041556
251.3,455.0,-0.019366,-0.04155
253.58,455.0,-0.018559,-0.04001
255.68,455.0,-0.018587,-0.041495
257.95,455.0,-0.0196,-0.042296
260.23,455.0,-0.020472,-0.042169
262.5,455.0,-0.020759,-0.041957
264.6,455.0,-0.019933,-0.042354
266.88,455.0,-0.018183,-0.041295
268.98,455.0,-0.017971,-0.038152
271.25,455.0,-0.016264,-0.038174
273.53,455.0,-0.015219,-0.038272
275.8,455.0,-0.014418,-0.036273
277.9,455.0,-0.013223,-0.035497
280.18,455.0,-0.013768,-0.035102
282.45,455.0,-0.013497,-0.035028
284.73,455.0,-0.012826,-0.03692
286.83,455.0,-0.013759,-0.033987
289.1,455.0,-0.01261,-0.035068
291.2,455.0,-0.01322,-0.03538
293.48,455.0,-0.014227,-0.036714
295.75,455.0,-0.014237,-0.036255
297.85,455.0,-0.014881,-0.036461
300.13,455.0,-0.015136,-0.03712
302.4,455.0,-0.016717,-0.038306
304.5,455.0,-0.015943,-0.038183
306.78,455.0,-0.016344,-0.038288
309.23,455.0,-0.015164,-0.039009
311.33,455.0,-0.01448,-0.035481
313.6,455.0,-0.01257,-0.035213
315.88,455.0,-0.01217,-0.033066
317.98,455.0,-0.011569,-0.034686
320.25,455.0,-0.012049,-0.033768
322.53,455.0,-0.013134,-0.033531
324.63,455.0,-0.013476,-0.035789
326.9,455.0,-0.014511,-0.035968
329.18,455.0,-0.015678,-0.037764
331.28,455.0,-0.017545,-0.039326
333.55,455.0,-0.021412,-0.042638
335.65,455.0,-0.025546,-0.047243
337.93,455.0,-0.03099,-0.052573
340.2,455.0,-0.037496,-0.059628
342.3,455.0,-0.043728,-0.065567
344.58,455.0,-0.049967,-0.072773
346.85,455.0,-0.05631,-0.077687
349.13,455.0,-0.061131,-0.081063
351.23,455.0,-0.065195,-0.086624
353.5,455.0,-0.068414,-0.090299
355.78,455.0,-0.071251,-0.092514
357.88,455.0,-0.073208,-0.096569
360.15,455.0,-0.075112,-0.096267
362.43,455.0,-0.074532,-0.09643
364.7,455.0,-0.073734,-0.094991
366.98,455.0,-0.072437,-0.093929
369.08,455.0,-0.070811,-0.092444
371.35,455.0,-0.069967,-0.091911
373.63,455.0,-0.069609,-0.090518
375.73,455.0,-0.06919,-0.090204
378.0,455.0,-0.070044,-0.090475
380.1,455.0,-0.07143,-0.092028
382.38,455.0,-0.073617,-0.095189
384.48,455.0,-0.075811,-0.097404
386.75,455.0,-0.078781,-0.099388
389.03,455.0,-0.079788,-0.10159
391.13,455.0,-0.082635,-0.102579
393.4,455.0,-0.083325,-0.104994
395.68,455.0,-0.083885,-0.10424
397.78,455.0,-0.082105,-0.101701
400.05,455.0,-0.077943,-0.100222
402.5,455.0,-0.075139,-0.096008
404.78,455.0,-0.07314,-0.095164
406.88,455.0,-0.071513,-0.094286
409.15,455.0,-0.072071,-0.092573
411.43,455.0,-0.072219,-0.094575
413.7,455.0,-0.07399,-0.096359
415.98,455.0,-0.074877,-0.096781
418.25,455.0,-0.07712,-0.096821
420.53,455.0,-0.078035,-0.097989
422.63,455.0,-0.0781,-0.098919
424.9,455.0,-0.079116,-0.099677
427.0,455.0,-0.080758,-0.101821
429.28,455.0,-0.081177,-0.102536
431.55,455.0,-0.082373,-0.104754
433.65,455.0,-0.083731,-0.106239
435.93,455.0,-0.085148,-0.107009
438.2,455.0,-0.085327,-0.106624
440.3,455.0,-0.084976,-0.106649
442.4,455.0,-0.083242,-0.104551
444.68,455.0,-0.080648,-0.100912
446.95,455.0,-0.076864,-0.098004
449.23,455.0,-0.072487,-0.093377
451.5,455.0,-0.068088,-0.089502
453.78,455.0,-0.063642,-0.083935
455.88,455.0,-0.058993,-0.079092
458.15,455.0,-0.052367,-0.073374
460.43,455.0,-0.046446,-0.067604
462.7,455.0,-0.039853,-0.061784
464.8,455.0,-0.034354,-0.055343
467.08,455.0,-0.028938,-0.051646
469.35,455.0,-0.025056,-0.04696
471.63,455.0,-0.022422,-0.045256
473.73,455.0,-0.020386,-0.042832
476.0,455.0,-0.020004,-0.042736
478.28,455.0,-0.02225,-0.044619
480.38,455.0,-0.024468,-0.047022
482.65,455.0,-0.028685,-0.050891
484.93,455.0,-0.032133,-0.054828
487.03,455.0,-0.035346,-0.057878
489.3,455.0,-0.03847,-0.06082
491.4,455.0,-0.042481,-0.064689
493.68,455.0,-0.04627,-0.068762
495.95,455.0,-0.053149,-0.073922
498.05,455.0,-0.059304,-0.081991
500.33,455.0,-0.06664,-0.08924
502.43,455.0,-0.073223,-0.094304
504.7,455.0,-0.07912,-0.099526
506.98,455.0,-0.083771,-0.104326
509.25,455.0,-0.088808,-0.110192
511.35,455.0,-0.093941,-0.116199
513.8,455.0,-0.100367,-0.121569
515.9,455.0,-0.105854,-0.127431
518.18,455.0,-0.112296,-0.133429
520.28,455.0,-0.118112,-0.139505
522.55,455.0,-0.123608,-0.144689
524.65,455.0,-0.128654,-0.148787
526.93,455.0,-0.133682,-0.152795
529.2,455.0,-0.136014,-0.155798
531.3,455.0,-0.137949,-0.157715
533.58,455.0,-0.138537,-0.159819
535.85,455.0,-0.138445,-0.157813
537.95,455.0,-0.13708,-0.15753
540.23,455.0,-0.135792,-0.157943
542.33,455.0,-0.135506,-0.156901
544.6,455.0,-0.136612,-0.157117
546.88,455.0,-0.138833,-0.158081
549.15,455.0,-0.138907,-0.159138
551.25,455.0,-0.137573,-0.158038
553.7,455.0,-0.134119,-0.155749
555.8,455.0,-0.134529,-0.155688
558.08,455.0,-0.13663,-0.157696
560.18,455.0,-0.141371,-0.162493
562.45,455.0,-0.148774,-0.16846
564.55,455.0,-0.156932,-0.176146
566.83,455.0,-0.164055,-0.18395
569.1,455.0,-0.171467,-0.193115
571.2,455.0,-0.179563,-0.199464
573.48,455.0,-0.184803,-0.204766
575.75,455.0,-0.191723,-0.211109
577.85,455.0,-0.196559,-0.217419
580.13,455.0,-0.200792,-0.220062
582.4,455.0,-0.204517,-0.224557
584.5,455.0,-0.208143,-0.228223
586.78,455.0,-0.21245,-0.231381
589.05,455.0,-0.216039,-0.236578
591.15,455.0,-0.219209,-0.23866
593.43,455.0,-0.222382,-0.240894
595.7,455.0,-0.225857,-0.245441
597.8,455.0,-0.230142,-0.249264
600.08,455.0,-0.233996,-0.253257
602.18,455.0,-0.238882,-0.256947
604.45,455.0,-0.242564,-0.26066
606.73,455.0,-0.245925,-0.265546
608.83,455.0,-0.249809,-0.269193
611.1,455.0,-0.253722,-0.272437
613.38,455.0,-0.257625,-0.274988
615.48,455.0,-0.258808,-0.277465
617.75,455.0,-0.261051,-0.279862
620.03,455.0,-0.263512,-0.282317
622.3,455.0,-0.266898,-0.28427
624.4,455.0,-0.268432,-0.286898
626.68,455.0,-0.269717,-0.288096
628.95,455.0,-0.27005,-0.289923
631.05,455.0,-0.271766,-0.289954
633.33,455.0,-0.269658,-0.288759
635.6,455.0,-0.269033,-0.288093
637.7,455.0,-0.268676,-0.286821
639.98,455.0,-0.270345,-0.287505
642.25,455.0,-0.272677,-0.290247
644.35,455.0,-0.275016,-0.294024
646.63,455.0,-0.280475,-0.299846
648.9,455.0,-0.288026,-0.305576
651.0,455.0,-0.29301,-0.311137
653.28,455.0,-0.296602,-0.316245
655.55,455.0,-0.301476,-0.321306
657.83,455.0,-0.307058,-0.326038
660.1,455.0,-0.314051,-0.332394
662.38,455.0,-0.323066,-0.342526
664.48,455.0,-0.332585,-0.351088
666.75,455.0,-0.342899,-0.360767
669.03,455.0,-0.353084,-0.369942
671.13,455.0,-0.360552,-0.379803
673.4,455.0,-0.367865,-0.385616
675.5,455.0,-0.374594,-0.392261
677.78,455.0,-0.381793,-0.397973
680.05,455.0,-0.388059,-0.403432
682.5,455.0,-0.396522,-0.414304
684.6,455.0,-0.405478,-0.422646
686.88,455.0,-0.415924,-0.433956
689.15,455.0,-0.427955,-0.444104
691.6,455.0,-0.438897,-0.455761
693.7,455.0,-0.449741,-0.464439
695.98,455.0,-0.457708,-0.474476
698.25,455.0,-0.465499,-0.481242
700.53,455.0,-0.472785,-0.489187
702.8,455.0,-0.479291,-0.496174
704.9,455.0,-0.48776,-0.50374
707.18,455.0,-0.494963,-0.510823
709.28,455.0,-0.50203,-0.519458
11.55,490.0,-0.067551,-0.088266
13.83,490.0,-0.07143,-0.092816
15.93,490.0,-0.076458,-0.096624
18.2,490.0,-0.079535,-0.09997
20.48,490.0,-0.08106,-0.102622
22.75,490.0,-0.080993,-0.102092
25.03,490.0,-0.07838,-0.09928
27.13,490.0,-0.075823,-0.096335
29.4,490.0,-0.072835,-0.094468
31.68,490.0,-0.071107,-0.092672
33.78,490.0,-0.069024,-0.089394
36.05,490.0,-0.066941,-0.088149
38.15,490.0,-0.065885,-0.086621
40.43,490.0,-0.064344,-0.086079
42.7,490.0,-0.063134,-0.085494
44.8,490.0,-0.062434,-0.084708
47.08,490.0,-0.061368,-0.082413
49.53,490.0,-0.06042,-0.081295
51.8,490.0,-0.058257,-0.079714
53.9,490.0,-0.055645,-0.078513
56.18,490.0,-0.054113,-0.075651
58.1,490.0,-0.052293,-0.073322
60.55,490.0,-0.051544,-0.07265
62.83,490.0,-0.050016,-0.073331
64.93,490.0,-0.049215,-0.07164
67.2,490.0,-0.048624,-0.070241
69.3,490.0,-0.04606,-0.068565
71.58,490.0,-0.042961,-0.065004
73.85,490.0,-0.038685,-0.060472
75.95,490.0,-0.031036,-0.052595
78.23,490.0,-0.023882,-0.044816
80.5,490.0,-0.018125,-0.038864
82.78,490.0,-0.011273,-0.032317
85.05,490.0,-0.006051,-0.028784
87.15,490.0,-0.004144,-0.02598
89.43,490.0,-0.003996,-0.026689
91.53,490.0,-0.007582,-0.030047
93.8,490.0,-0.013559,-0.035558
96.08,490.0,-0.018716,-0.041319
98.35,490.0,-0.02619,-0.048279
100.63,490.0,-0.033001,-0.05517
102.73,490.0,-0.039301,-0.061233
105.0,490.0,-0.043245,-0.066526
107.28,490.0,-0.048054,-0.07143
109.38,490.0,-0.052126,-0.072903
111.65,490.0,-0.053975,-0.075854
113.75,490.0,-0.05566,-0.077628
116.03,490.0,-0.057632,-0.078725
118.13,490.0,-0.057404,-0.079554
120.4,490.0,-0.058091,-0.0805
122.68,490.0,-0.060232,-0.081304
124.6,490.0,-0.06078,-0.082274
127.23,490.0,-0.062136,-0.083396
129.5,490.0,-0.061245,-0.082952
131.6,490.0,-0.0596,-0.081636
133.88,490.0,-0.056787,-0.079304
135.98,490.0,-0.052823,-0.074132
138.25,490.0,-0.049307,-0.070173
140.53,490.0,-0.045139,-0.066714
142.63,490.0,-0.04237,-0.064646
144.9,490.0,-0.041156,-0.062699
147.18,490.0,-0.042046,-0.06415
149.28,490.0,-0.042795,-0.064582
151.55,490.0,-0.044699,-0.066319
153.65,490.0,-0.046988,-0.069009
155.93,490.0,-0.048577,-0.070133
158.2,490.0,-0.050641,-0.072539
160.48,490.0,-0.054113,-0.07546
162.58,490.0,-0.054985,-0.077225
164.85,490.0,-0.055759,-0.077256
167.13,490.0,-0.057034,-0.079258
169.23,490.0,-0.058165,-0.080885
171.5,490.0,-0.059329,-0.081258
173.78,490.0,-0.060645,-0.081864
176.05,490.0,-0.061806,-0.082669
178.33,490.0,-0.0616,-0.08277
180.6,490.0,-0.05989,-0.081664
182.7,490.0,-0.058454,-0.081566
184.98,490.0,-0.058195,-0.078907
187.25,490.0,-0.055487,-0.077844
189.35,490.0,-0.054711,-0.076353
191.63,490.0,-0.052853,-0.075256
193.9,490.0,-0.053889,-0.076054
196.0,490.0,-0.055943,-0.076504
198.28,490.0,-0.05753,-0.07891
200.55,490.0,-0.059816,-0.081131
202.83,490.0,-0.061652,-0.083075
204.93,490.0,-0.062992,-0.084326
207.2,490.0,-0.064736,-0.085983
209.48,490.0,-0.067099,-0.088722
211.75,490.0,-0.070426,-0.091513
213.85,490.0,-0.072169,-0.093925
216.13,490.0,-0.075367,-0.098161
218.23,490.0,-0.078602,-0.100118
220.5,490.0,-0.080574,-0.100426
222.78,490.0,-0.081057,-0.102853
224.88,490.0,-0.081159,-0.10257
227.15,490.0,-0.080876,-0.103312
229.43,490.0,-0.079828,-0.101304
231.7,490.0,-0.077995,-0.098522
233.98,490.0,-0.07676,-0.098026
236.08,490.0,-0.073725,-0.095937
238.35,490.0,-0.072607,-0.094175
240.63,490.0,-0.070022,-0.090617
242.73,490.0,-0.067783,-0.08887
245.0,490.0,-0.06627,-0.086975
247.1,490.0,-0.064304,-0.085974
249.38,490.0,-0.062702,-0.084375
251.65,490.0,-0.060885,-0.081757
253.75,490.0,-0.059526,-0.081378
256.03,490.0,-0.057952,-0.079656
258.3,490.0,-0.0555,-0.077564
260.4,490.0,-0.051649,-0.074702
262.85,490.0,-0.049332,-0.071372
264.95,490.0,-0.048103,-0.069665
267.23,490.0,-0.04724,-0.067952
269.15,490.0,-0.046079,-0.06724
271.6,490.0,-0.045216,-0.066399
273.88,490.0,-0.042958,-0.064828
276.15,490.0,-0.043442,-0.064388
278.25,490.0,-0.042336,-0.063996
280.53,490.0,-0.042407,-0.063682
282.63,490.0,-0.04245,-0.064036
284.9,490.0,-0.042228,-0.06525
287.18,490.0,-0.041781,-0.064699
288.93,490.0,-0.041649,-0.063904
291.55,490.0,-0.041147,-0.062487
293.83,490.0,-0.039591,-0.061911
295.93,490.0,-0.03773,-0.060734
298.2,490.0,-0.038026,-0.059492
300.65,490.0,-0.036892,-0.060774
302.75,490.0,-0.036655,-0.059961
305.03,490.0,-0.03725,-0.060494
307.3,490.0,-0.038109,-0.060364
309.58,490.0,-0.038531,-0.059994
311.85,490.0,-0.039696,-0.062425
313.95,490.0,-0.041637,-0.063408
316.23,490.0,-0.042133,-0.064948
318.33,490.0,-0.043063,-0.065549
320.6,490.0,-0.044622,-0.066649
322.88,490.0,-0.045293,-0.068565
324.98,490.0,-0.046905,-0.068682
327.25,490.0,-0.049181,-0.070306
329.53,490.0,-0.049668,-0.07127
331.8,490.0,-0.050201,-0.072305
333.9,490.0,-0.048815,-0.072317
336.18,490.0,-0.050105,-0.07249
338.45,490.0,-0.049791,-0.071535
340.55,490.0,-0.048491,-0.069877
342.83,490.0,-0.04627,-0.067961
344.93,490.0,-0.043399,-0.065685
347.2,490.0,-0.040318,-0.063041
349.3,490.0,-0.039332,-0.060836
351.58,490.0,-0.03785,-0.060013
353.85,490.0,-0.036843,-0.058242
355.95,490.0,-0.035916,-0.058667
358.23,490.0,-0.037163,-0.05859
360.5,490.0,-0.036144,-0.057231
362.78,490.0,-0.035759,-0.057838
365.05,490.0,-0.034933,-0.057422
367.15,490.0,-0.034415,-0.055512
369.43,490.0,-0.033673,-0.054215
371.7,490.0,-0.031923,-0.052767
373.98,490.0,-0.031091,-0.051966
376.08,490.0,-0.030361,-0.052339
378.35,490.0,-0.029865,-0.052601
380.45,490.0,-0.030062,-0.052151
382.73,490.0,-0.02936,-0.050725
385.0,490.0,-0.028775,-0.05037
387.28,490.0,-0.027813,-0.049437
389.55,490.0,-0.027635,-0.050398
391.83,490.0,-0.027893,-0.049283
393.93,490.0,-0.026963,-0.048198
396.2,490.0,-0.025691,-0.049625
398.48,490.0,-0.025158,-0.04757
400.58,490.0,-0.025869,-0.047305
402.85,490.0,-0.026495,-0.049354
405.13,490.0,-0.028128,-0.050401
407.4,490.0,-0.030592,-0.052052
409.5,490.0,-0.032379,-0.054665
411.78,490.0,-0.034569,-0.055814
414.05,490.0,-0.036208,-0.057801
416.33,490.0,-0.038297,-0.059865
418.43,490.0,-0.039717,-0.062721
420.7,490.0,-0.041156,-0.064061
422.98,490.0,-0.042462,-0.062142
425.25,490.0,-0.041005,-0.063183
427.35,490.0,-0.041276,-0.063627
429.63,490.0,-0.04233,-0.063888
431.9,490.0,-0.043115,-0.064366
434.18,490.0,-0.044006,-0.067197
436.28,490.0,-0.045937,-0.066723
438.55,490.0,-0.046412,-0.06858
440.83,490.0,-0.048482,-0.069659
442.93,490.0,-0.049659,-0.070383
445.2,490.0,-0.04928,-0.071938
447.3,490.0,-0.051516,-0.072163
449.58,490.0,-0.052813,-0.074656
451.85,490.0,-0.055438,-0.077222
453.95,490.0,-0.057533,-0.080272
456.23,490.0,-0.059794,-0.08025
458.5,490.0,-0.061763,-0.084391
460.78,490.0,-0.063704,-0.084123
463.05,490.0,-0.063183,-0.085142
465.15,490.0,-0.061587,-0.08257
467.43,490.0,-0.058882,-0.08017
469.7,490.0,-0.056754,-0.078054
471.8,490.0,-0.055238,-0.075518
474.08,490.0,-0.054428,-0.07672
476.35,490.0,-0.055367,-0.079175
478.63,490.0,-0.057271,-0.079067
480.73,490.0,-0.058852,-0.079917
483.0,490.0,-0.060534,-0.082653
485.28,490.0,-0.063014,-0.085173
487.38,490.0,-0.066273,-0.089033
489.65,490.0,-0.071504,-0.093953
491.93,490.0,-0.075235,-0.096378
494.03,490.0,-0.079763,-0.101809
496.3,490.0,-0.084813,-0.105663
498.58,490.0,-0.086747,-0.109058
500.85,490.0,-0.088882,-0.109979
503.13,490.0,-0.086177,-0.1079
505.23,490.0,-0.083645,-0.103981
507.5,490.0,-0.079782,-0.099887
509.6,490.0,-0.07403,-0.09659
511.88,490.0,-0.069557,-0.091125
514.15,490.0,-0.065084,-0.085768
516.25,490.0,-0.0611,-0.082518
518.53,490.0,-0.057351,-0.079246
520.63,490.0,-0.0566,-0.076156
522.9,490.0,-0.054936,-0.076273
525.18,490.0,-0.056643,-0.078503
527.45,490.0,-0.059991,-0.081519
529.73,490.0,-0.06485,-0.086033
531.83,490.0,-0.070672,-0.092816
534.1,490.0,-0.077967,-0.09915
536.38,490.0,-0.085614,-0.106667
538.48,490.0,-0.093124,-0.114831
540.75,490.0,-0.101538,-0.124523
542.85,490.0,-0.110195,-0.131963
545.13,490.0,-0.120586,-0.140632
547.4,490.0,-0.128691,-0.150078
549.68,490.0,-0.137949,-0.157154
551.78,490.0,-0.145851,-0.165318
554.05,490.0,-0.15058,-0.17183
556.15,490.0,-0.154748,-0.17489
558.43,490.0,-0.156458,-0.176846
560.7,490.0,-0.158901,-0.178968
562.8,490.0,-0.160219,-0.181116
565.08,490.0,-0.162779,-0.182866
567.18,490.0,-0.163704,-0.183962
569.45,490.0,-0.164877,-0.18428
571.55,490.0,-0.166593,-0.186276
573.83,490.0,-0.169227,-0.188975
576.1,490.0,-0.172789,-0.193688
578.38,490.0,-0.178318,-0.197918
580.48,490.0,-0.18363,-0.203158
582.75,490.0,-0.190213,-0.210934
585.03,490.0,-0.197077,-0.217567
587.13,490.0,-0.204126,-0.224976
589.4,490.0,-0.212949,-0.231143
591.68,490.0,-0.219991,-0.238626
593.78,490.0,-0.228374,-0.247955
596.05,490.0,-0.237878,-0.256205
598.33,490.0,-0.244822,-0.265459
600.6,490.0,-0.253725,-0.272637
602.7,490.0,-0.260216,-0.278254
604.98,490.0,-0.266365,-0.284994
607.25,490.0,-0.272551,-0.291707
609.35,490.0,-0.276867,-0.295219
611.63,490.0,-0.281994,-0.300339
613.9,490.0,-0.286097,-0.304791
616.18,490.0,-0.291017,-0.308149
618.28,490.0,-0.293756,-0.312449
620.55,490.0,-0.295851,-0.315022
622.65,490.0,-0.298811,-0.316263
624.93,490.0,-0.298879,-0.318768
627.03,490.0,-0.301978,-0.320626
629.3,490.0,-0.306029,-0.32407
631.58,490.0,-0.311137,-0.328904
633.85,490.0,-0.316818,-0.334245
635.95,490.0,-0.319948,-0.33895
638.23,490.0,-0.327785,-0.345031
640.5,490.0,-0.336402,-0.353759
642.78,490.0,-0.346972,-0.364954
644.88,490.0,-0.357998,-0.376993
646.98,490.0,-0.369689,-0.386513
649.25,490.0,-0.380321,-0.397184
651.53,490.0,-0.389094,-0.407856
653.63,490.0,-0.398786,-0.415647
655.9,490.0,-0.410441,-0.427505
658.0,490.0,-0.423503,-0.438632
660.28,490.0,-0.435157,-0.453722
662.55,490.0,-0.450096,-0.465194
664.65,490.0,-0.463512,-0.480166
666.93,490.0,-0.476941,-0.493444
669.2,490.0,-0.490588,-0.506319
671.13,490.0,-0.503392,-0.519954
673.58,490.0,-0.515299,-0.532033
675.85,490.0,-0.526189,-0.54167
678.13,490.0,-0.537147,-0.551254
680.23,490.0,-0.548657,-0.562883
682.5,490.0,-0.557803,-0.573614
684.78,490.0,-0.571663,-0.586081
686.88,490.0,-0.584747,-0.600906
689.15,490.0,-0.599236,-0.61366
691.43,490.0,-0.615579,-0.629356
693.53,490.0,-0.629947,-0.643469
695.8,490.0,-0.645773,-0.659374
698.08,490.0,-0.66065,-0.673983
700.18,490.0,-0.674097,-0.688669
702.45,490.0,-0.687547,-0.700308
704.55,490.0,-0.698681,-0.712064
706.83,490.0,-0.710533,-0.723872
709.1,490.0,-0.721562,-0.734547
711.2,490.0,-0.731401,-0.744898
11.73,525.0,-0.11131,-0.13294
14.0,525.0,-0.112256,-0.1318
16.28,525.0,-0.113171,-0.133482
18.55,525.0,-0.113556,-0.135336
20.65,525.0,-0.11549,-0.135811
23.1,525.0,-0.116076,-0.135802
25.2,525.0,-0.115182,-0.134708
27.48,525.0,-0.112527,-0.133525
29.75,525.0,-0.110142,-0.131014
31.85,525.0,-0.106288,-0.127616
34.13,525.0,-0.102853,-0.123577
36.4,525.0,-0.098433,-0.119206
38.68,525.0,-0.094717,-0.115515
40.95,525.0,-0.091159,-0.114018
43.05,525.0,-0.089748,-0.110318
45.33,525.0,-0.087752,-0.109517
47.6,525.0,-0.084994,-0.106889
49.7,525.0,-0.082807,-0.10362
51.98,525.0,-0.0794,-0.101261
54.25,525.0,-0.07546,-0.097539
56.35,525.0,-0.071864,-0.093106
58.63,525.0,-0.067653,-0.088017
60.73,525.0,-0.063694,-0.085053
62.83,525.0,-0.061328,-0.082425
65.1,525.0,-0.059816,-0.079896
67.55,525.0,-0.058753,-0.08013
69.65,525.0,-0.056871,-0.078466
71.75,525.0,-0.055189,-0.07533
74.03,525.0,-0.052388,-0.075152
76.3,525.0,-0.050478,-0.070383
78.58,525.0,-0.043722,-0.065179
80.68,525.0,-0.036778,-0.05867
82.95,525.0,-0.030318,-0.051134
85.23,525.0,-0.02306,-0.045943
87.33,525.0,-0.01846,-0.041489
89.6,525.0,-0.016359,-0.038614
91.7,525.0,-0.01846,-0.039856
93.98,525.0,-0.022632,-0.044163
96.25,525.0,-0.028001,-0.049665
98.53,525.0,-0.035836,-0.056584
100.63,525.0,-0.042388,-0.064184
102.9,525.0,-0.047678,-0.06956
105.0,525.0,-0.052887,-0.074221
107.28,525.0,-0.056689,-0.079797
109.38,525.0,-0.059369,-0.080657
111.65,525.0,-0.062659,-0.083627
113.93,525.0,-0.065204,-0.0861
116.2,525.0,-0.067348,-0.088793
118.48,525.0,-0.069973,-0.092616
120.58,525.0,-0.072397,-0.095044
122.85,525.0,-0.074557,-0.095312
125.13,525.0,-0.073577,-0.096144
127.23,525.0,-0.072718,-0.095583
129.33,525.0,-0.071837,-0.093519
131.6,525.0,-0.068285,-0.090232
133.88,525.0,-0.065413,-0.086904
136.15,525.0,-0.061535,-0.083473
138.43,525.0,-0.060534,-0.081251
140.53,525.0,-0.059301,-0.080709
142.8,525.0,-0.058115,-0.079637
145.08,525.0,-0.05851,-0.080349
147.35,525.0,-0.058476,-0.079569
149.45,525.0,-0.058115,-0.080444
151.73,525.0,-0.05757,-0.07887
154.0,525.0,-0.057401,-0.079551
156.1,525.0,-0.057625,-0.078999
158.38,525.0,-0.057394,-0.077628
160.48,525.0,-0.056686,-0.077823
162.75,525.0,-0.055848,-0.075275
164.85,525.0,-0.055799,-0.075534
167.13,525.0,-0.055219,-0.076618
169.4,525.0,-0.056341,-0.078365
171.68,525.0,-0.058682,-0.079776
173.78,525.0,-0.061649,-0.083701
176.05,525.0,-0.064055,-0.085472
178.15,525.0,-0.066128,-0.087136
180.43,525.0,-0.065925,-0.087462
182.7,525.0,-0.063362,-0.085115
184.98,525.0,-0.062453,-0.082518
187.08,525.0,-0.059893,-0.080376
189.35,525.0,-0.058793,-0.079705
191.45,525.0,-0.060312,-0.081279
193.73,525.0,-0.063226,-0.083679
195.83,525.0,-0.066941,-0.087739
198.1,525.0,-0.070195,-0.092145
200.38,525.0,-0.072795,-0.094006
202.65,525.0,-0.076433,-0.096812
204.75,525.0,-0.080161,-0.100571
207.03,525.0,-0.082746,-0.105339
209.13,525.0,-0.084807,-0.107554
211.4,525.0,-0.087194,-0.110395
213.68,525.0,-0.088593,-0.109766
215.95,525.0,-0.088494,-0.110201
218.05,525.0,-0.089147,-0.11086
220.33,525.0,-0.08786,-0.109551
222.43,525.0,-0.086208,-0.106507
224.7,525.0,-0.084314,-0.106566
226.98,525.0,-0.083044,-0.10366
229.08,525.0,-0.079153,-0.101904
231.35,525.0,-0.075651,-0.098137
233.63,525.0,-0.07042,-0.092508
235.73,525.0,-0.064289,-0.084776
238.0,525.0,-0.056652,-0.078778
240.1,525.0,-0.051181,-0.073651
242.38,525.0,-0.048771,-0.069418
244.65,525.0,-0.047028,-0.069924
246.75,525.0,-0.048833,-0.068775
249.03,525.0,-0.050774,-0.072755
251.13,525.0,-0.05411,-0.074868
253.4,525.0,-0.056858,-0.077287
255.68,525.0,-0.057561,-0.080635
257.78,525.0,-0.059874,-0.080802
260.05,525.0,-0.059212,-0.080799
262.33,525.0,-0.057515,-0.078482
264.43,525.0,-0.055638,-0.075654
266.7,525.0,-0.053389,-0.074116
268.8,525.0,-0.051251,-0.073451
271.08,525.0,-0.050937,-0.071935
273.35,525.0,-0.050512,-0.072616
275.45,525.0,-0.050204,-0.071011
277.73,525.0,-0.048966,-0.071402
280.0,525.0,-0.050004,-0.071905
282.1,525.0,-0.049797,-0.071513
284.38,525.0,-0.049585,-0.071633
286.48,525.0,-0.049357,-0.071997
288.75,525.0,-0.049036,-0.070669
291.03,525.0,-0.048057,-0.07009
293.13,525.0,-0.046569,-0.068947
295.4,525.0,-0.045811,-0.066245
297.68,525.0,-0.043057,-0.065823
299.78,525.0,-0.041898,-0.063842
302.05,525.0,-0.039526,-0.060666
304.15,525.0,-0.036492,-0.058778
306.43,525.0,-0.035112,-0.056523
308.88,525.0,-0.035031,-0.056661
311.15,525.0,-0.035475,-0.057364
313.25,525.0,-0.037619,-0.060087
315.53,525.0,-0.038272,-0.062219
317.98,525.0,-0.040222,-0.063463
320.25,525.0,-0.042592,-0.064563
322.53,525.0,-0.043125,-0.064643
324.8,525.0,-0.043291,-0.065743
326.9,525.0,-0.045179,-0.066023
329.18,525.0,-0.046812,-0.06883
331.45,525.0,-0.047866,-0.070817
333.73,525.0,-0.049003,-0.069773
336.0,525.0,-0.048254,-0.070657
338.1,525.0,-0.049129,-0.071747
340.38,525.0,-0.047934,-0.070352
342.65,525.0,-0.04753,-0.069982
344.75,525.0,-0.045315,-0.066975
347.03,525.0,-0.04119,-0.063088
349.3,525.0,-0.036184,-0.055657
351.58,525.0,-0.030836,-0.052786
353.68,525.0,-0.029141,-0.05172
355.95,525.0,-0.02915,-0.049976
358.23,525.0,-0.031489,-0.05257
360.5,525.0,-0.033362,-0.056144
362.78,525.0,-0.037813,-0.060136
365.05,525.0,-0.042012,-0.065161
367.33,525.0,-0.046362,-0.067625
369.43,525.0,-0.049988,-0.070509
371.7,525.0,-0.052006,-0.074153
373.98,525.0,-0.054083,-0.076251
376.08,525.0,-0.055737,-0.077055
378.35,525.0,-0.055367,-0.078531
380.63,525.0,-0.055814,-0.076726
382.9,525.0,-0.055823,-0.077225
385.0,525.0,-0.055025,-0.077527
387.28,525.0,-0.05639,-0.07802
389.55,525.0,-0.05862,-0.079381
391.83,525.0,-0.059631,-0.081442
393.93,525.0,-0.061572,-0.083506
396.2,525.0,-0.063855,-0.084988
398.48,525.0,-0.065247,-0.085912
400.58,525.0,-0.065669,-0.08737
402.85,525.0,-0.066094,-0.088248
404.95,525.0,-0.067123,-0.087111
407.23,525.0,-0.064961,-0.08676
409.5,525.0,-0.063568,-0.084773
411.6,525.0,-0.059739,-0.081982
413.88,525.0,-0.056316,-0.078177
416.15,525.0,-0.052305,-0.074332
418.25,525.0,-0.047856,-0.071187
420.35,525.0,-0.045047,-0.066356
422.63,525.0,-0.041831,-0.063152
424.9,525.0,-0.039166,-0.062068
427.18,525.0,-0.038848,-0.060404
429.28,525.0,-0.038112,-0.059344
431.55,525.0,-0.036643,-0.058272
433.65,525.0,-0.035703,-0.058128
435.93,525.0,-0.033944,-0.057998
438.03,525.0,-0.033121,-0.055364
440.3,525.0,-0.031563,-0.054157
442.58,525.0,-0.029295,-0.050626
444.85,525.0,-0.026966,-0.04786
446.95,525.0,-0.023735,-0.046094
448.53,525.0,-0.021406,-0.043775
451.5,525.0,-0.018528,-0.041738
453.6,525.0,-0.017419,-0.039412
455.88,525.0,-0.016646,-0.039212
458.15,525.0,-0.016449,-0.039545
460.43,525.0,-0.016227,-0.039739
462.53,525.0,-0.018232,-0.040645
464.8,525.0,-0.019141,-0.04196
467.08,525.0,-0.02082,-0.041405
469.18,525.0,-0.020971,-0.043491
471.45,525.0,-0.022173,-0.044865
473.55,525.0,-0.023889,-0.04534
475.83,525.0,-0.026686,-0.049344
478.1,525.0,-0.029745,-0.050688
480.38,525.0,-0.033254,-0.05598
482.65,525.0,-0.037052,-0.060093
484.75,525.0,-0.041125,-0.062706
487.03,525.0,-0.044505,-0.065641
489.13,525.0,-0.046778,-0.067564
491.4,525.0,-0.049446,-0.070531
493.68,525.0,-0.04997,-0.07038
495.78,525.0,-0.049015,-0.070155
498.05,525.0,-0.047287,-0.066923
500.33,525.0,-0.04375,-0.066304
502.43,525.0,-0.041868,-0.063815
504.7,525.0,-0.040648,-0.062154
506.98,525.0,-0.040571,-0.061754
509.08,525.0,-0.04265,-0.064101
511.35,525.0,-0.045259,-0.065802
513.8,525.0,-0.049431,-0.072508
516.08,525.0,-0.05521,-0.0774
518.18,525.0,-0.062887,-0.08468
520.45,525.0,-0.073023,-0.093257
523.08,525.0,-0.084172,-0.105001
525.35,525.0,-0.095758,-0.117314
527.45,525.0,-0.105989,-0.128269
529.73,525.0,-0.117819,-0.140198
532.18,525.0,-0.130136,-0.150675
534.45,525.0,-0.139126,-0.158898
536.73,525.0,-0.147006,-0.166729
539.0,525.0,-0.155342,-0.175133
541.1,525.0,-0.163704,-0.18428
543.38,525.0,-0.171895,-0.19183
545.65,525.0,-0.179662,-0.200478
547.75,525.0,-0.187366,-0.207505
550.2,525.0,-0.190999,-0.212514
552.48,525.0,-0.192687,-0.212816
554.58,525.0,-0.192003,-0.211501
556.85,525.0,-0.189886,-0.20956
559.13,525.0,-0.187628,-0.207628
561.23,525.0,-0.188608,-0.208417
563.5,525.0,-0.191639,-0.212188
565.78,525.0,-0.197946,-0.217197
567.88,525.0,-0.20631,-0.226994
570.15,525.0,-0.217671,-0.236997
572.43,525.0,-0.229076,-0.249082
574.7,525.0,-0.239631,-0.258408
576.8,525.0,-0.248235,-0.267265
579.08,525.0,-0.256889,-0.27574
581.35,525.0,-0.263485,-0.281987
583.45,525.0,-0.268608,-0.287736
585.73,525.0,-0.271454,-0.290635
588.0,525.0,-0.274455,-0.292585
590.1,525.0,-0.278894,-0.297976
592.38,525.0,-0.285675,-0.304597
594.65,525.0,-0.294825,-0.312554
596.93,525.0,-0.303559,-0.323143
599.03,525.0,-0.312567,-0.331574
601.3,525.0,-0.322634,-0.34151
603.58,525.0,-0.332465,-0.350817
605.68,525.0,-0.340906,-0.359948
607.95,525.0,-0.35029,-0.36748
610.05,525.0,-0.357529,-0.375136
612.33,525.0,-0.365441,-0.383743
614.6,525.0,-0.372767,-0.391088
616.88,525.0,-0.380829,-0.397955
618.98,525.0,-0.386587,-0.404215
621.25,525.0,-0.392699,-0.410012
623.53,525.0,-0.397921,-0.415447
625.63,525.0,-0.401775,-0.419356
627.9,525.0,-0.404757,-0.4211
630.18,525.0,-0.408715,-0.426186
632.28,525.0,-0.414347,-0.43012
634.55,525.0,-0.420148,-0.435835
636.83,525.0,-0.426463,-0.442877
639.1,525.0,-0.433836,-0.449908
641.2,525.0,-0.442727,-0.457908
643.48,525.0,-0.452569,-0.469957
645.75,525.0,-0.465253,-0.480407
647.85,525.0,-0.474735,-0.491602
650.13,525.0,-0.48655,-0.502686
652.4,525.0,-0.497797,-0.512628
654.5,525.0,-0.509439,-0.523524
656.78,525.0,-0.522086,-0.537089
659.05,525.0,-0.537101,-0.552501
661.33,525.0,-0.553626,-0.568327
663.43,525.0,-0.570323,-0.584248
665.7,525.0,-0.58378,-0.598971
667.8,525.0,-0.597665,-0.61232
670.08,525.0,-0.612357,-0.626047
672.35,525.0,-0.624491,-0.63927
674.45,525.0,-0.637104,-0.651374
676.73,525.0,-0.648814,-0.663444
678.83,525.0,-0.66109,-0.673928
681.1,525.0,-0.674519,-0.687609
683.38,525.0,-0.689223,-0.701423
685.65,525.0,-0.703416,-0.715517
687.75,525.0,-0.71931,-0.732159
690.03,525.0,-0.734883,-0.74792
692.3,525.0,-0.75085,-0.763077
694.4,525.0,-0.765918,-0.777433
696.68,525.0,-0.779889,-0.792886
698.95,525.0,-0.793894,-0.805486
701.05,525.0,-0.806032,-0.818949
703.33,525.0,-0.819094,-0.828838
705.43,525.0,-0.829488,-0.841223
707.7,525.0,-0.841059,-0.85207
709.98,525.0,-0.851746,-0.863367
11.55,560.0,-0.113913,-0.136713
13.83,560.0,-0.114529,-0.135826
15.93,560.0,-0.114274,-0.135728
18.2,560.0,-0.113454,-0.133922
20.3,560.0,-0.112314,-0.133935
22.58,560.0,-0.110758,-0.130829
24.85,560.0,-0.108691,-0.130001
26.95,560.0,-0.106298,-0.127625
29.4,560.0,-0.103762,-0.125185
31.68,560.0,-0.100974,-0.122157
33.95,560.0,-0.098445,-0.118784
36.05,560.0,-0.096643,-0.117166
38.33,560.0,-0.095552,-0.116196
40.6,560.0,-0.092798,-0.115758
42.7,560.0,-0.091948,-0.111784
44.98,560.0,-0.089061,-0.112003
47.25,560.0,-0.088556,-0.108386
49.53,560.0,-0.087983,-0.108288
51.63,560.0,-0.087055,-0.106695
53.9,560.0,-0.084428,-0.107136
56.0,560.0,-0.081803,-0.103072
58.28,560.0,-0.079452,-0.101479
60.55,560.0,-0.076295,-0.096144
62.83,560.0,-0.069877,-0.091473
65.1,560.0,-0.062588,-0.084144
67.2,560.0,-0.056011,-0.077715
69.48,560.0,-0.050389,-0.073251
71.75,560.0,-0.046353,-0.069079
74.03,560.0,-0.046144,-0.067678
76.65,560.0,-0.048679,-0.069486
78.93,560.0,-0.052693,-0.074902
81.03,560.0,-0.059495,-0.080965
83.3,560.0,-0.06627,-0.087336
85.58,560.0,-0.073479,-0.094831
87.85,560.0,-0.077927,-0.100746
90.13,560.0,-0.08257,-0.103759
92.4,560.0,-0.085293,-0.106171
94.5,560.0,-0.085851,-0.107511
96.78,560.0,-0.086932,-0.108047
98.88,560.0,-0.087977,-0.108546
101.15,560.0,-0.088232,-0.110216
103.43,560.0,-0.089292,-0.109686
105.53,560.0,-0.086489,-0.108106
107.8,560.0,-0.083796,-0.104542
110.08,560.0,-0.078559,-0.10041
112.18,560.0,-0.07391,-0.095466
114.45,560.0,-0.070318,-0.091356
116.73,560.0,-0.066714,-0.087684
118.83,560.0,-0.064027,-0.085564
121.1,560.0,-0.063975,-0.084917
123.2,560.0,-0.065149,-0.08481
125.48,560.0,-0.06586,-0.08915
127.75,560.0,-0.07049,-0.092022
130.03,560.0,-0.07387,-0.094927
132.13,560.0,-0.076997,-0.09716
134.4,560.0,-0.079754,-0.101193
136.68,560.0,-0.083858,-0.104542
138.78,560.0,-0.086982,-0.107249
141.05,560.0,-0.090808,-0.111812
143.33,560.0,-0.094665,-0.114563
145.43,560.0,-0.097351,-0.118821
147.7,560.0,-0.100207,-0.11952
149.98,560.0,-0.09859,-0.119027
152.08,560.0,-0.095561,-0.116556
154.35,560.0,-0.091846,-0.112428
156.45,560.0,-0.088716,-0.10928
158.73,560.0,-0.086861,-0.107111
160.83,560.0,-0.08732,-0.107936
163.28,560.0,-0.090112,-0.111073
165.38,560.0,-0.091535,-0.113118
167.65,560.0,-0.094699,-0.116988
169.75,560.0,-0.097678,-0.118864
172.03,560.0,-0.099729,-0.120127
174.3,560.0,-0.101504,-0.121858
176.4,560.0,-0.104083,-0.123716
178.85,560.0,-0.105339,-0.12679
181.13,560.0,-0.106381,-0.126445
183.23,560.0,-0.106331,-0.12692
185.5,560.0,-0.106202,-0.127157
187.6,560.0,-0.10481,-0.124523
189.88,560.0,-0.10306,-0.124005
192.15,560.0,-0.101547,-0.123429
194.25,560.0,-0.09952,-0.122502
196.53,560.0,-0.099209,-0.11948
198.63,560.0,-0.096128,-0.117638
200.9,560.0,-0.093888,-0.115158
203.18,560.0,-0.091107,-0.110512
205.45,560.0,-0.086193,-0.108171
207.38,560.0,-0.081661,-0.103833
209.83,560.0,-0.078848,-0.099994
212.1,560.0,-0.076107,-0.098152
214.2,560.0,-0.077243,-0.098756
216.48,560.0,-0.078861,-0.099825
218.58,560.0,-0.079865,-0.10078
220.85,560.0,-0.080226,-0.10168
223.13,560.0,-0.081301,-0.102795
225.23,560.0,-0.081917,-0.104036
227.5,560.0,-0.083208,-0.104964
229.78,560.0,-0.081698,-0.10366
231.88,560.0,-0.079779,-0.100888
234.15,560.0,-0.075814,-0.09598
236.43,560.0,-0.072191,-0.092786
238.53,560.0,-0.068165,-0.09025
240.8,560.0,-0.06684,-0.089076
243.08,560.0,-0.066778,-0.087456
245.35,560.0,-0.066757,-0.089067
247.63,560.0,-0.068485,-0.090155
249.73,560.0,-0.068833,-0.089874
252.0,560.0,-0.068251,-0.089896
254.1,560.0,-0.066661,-0.088198
256.55,560.0,-0.062943,-0.085478
258.65,560.0,-0.060762,-0.081692
260.93,560.0,-0.058747,-0.079175
263.2,560.0,-0.055993,-0.07871
265.3,560.0,-0.055974,-0.07851
267.58,560.0,-0.05578,-0.076643
269.85,560.0,-0.05542,-0.076929
272.13,560.0,-0.053919,-0.075035
274.23,560.0,-0.052499,-0.074283
276.5,560.0,-0.049905,-0.072327
278.78,560.0,-0.047656,-0.071116
280.88,560.0,-0.045564,-0.067308
283.15,560.0,-0.042977,-0.064557
285.43,560.0,-0.039058,-0.061707
287.53,560.0,-0.03424,-0.055768
289.8,560.0,-0.028827,-0.050413
292.08,560.0,-0.021726,-0.043617
294.35,560.0,-0.015238,-0.03786
296.63,560.0,-0.007357,-0.031039
298.73,560.0,0.000314,-0.021409
301.0,560.0,0.009254,-0.012764
303.28,560.0,0.018588,-0.002783
305.38,560.0,0.027827,0.005997
307.65,560.0,0.037282,0.013983
309.93,560.0,0.045788,0.021724
312.03,560.0,0.052217,0.029066
314.3,560.0,0.057199,0.033659
316.58,560.0,0.060862,0.037057
318.85,560.0,0.062026,0.039479
320.95,560.0,0.061561,0.039013
323.23,560.0,0.060452,0.036814
325.5,560.0,0.057901,0.03568
327.6,560.0,0.054078,0.031555
329.88,560.0,0.050313,0.02657
332.15,560.0,0.045646,0.023034
334.25,560.0,0.041053,0.017279
336.53,560.0,0.037079,0.014078
338.45,560.0,0.032843,0.010711
340.9,560.0,0.028619,0.005474
343.18,560.0,0.024266,0.001956
345.28,560.0,0.021527,-0.002773
347.55,560.0,0.018311,-0.004154
349.83,560.0,0.017827,-0.005648
351.93,560.0,0.017695,-0.004221
354.2,560.0,0.019614,-0.003383
356.48,560.0,0.021903,-0.000469
358.75,560.0,0.025702,0.004546
361.03,560.0,0.029285,0.007224
363.13,560.0,0.030745,0.007596
365.4,560.0,0.028958,0.005169
367.5,560.0,0.024682,0.001561
369.78,560.0,0.016047,-0.005601
372.05,560.0,0.006453,-0.014763
374.33,560.0,-0.003423,-0.025719
376.43,560.0,-0.013556,-0.035894
378.7,560.0,-0.023981,-0.044264
380.8,560.0,-0.029477,-0.051233
383.08,560.0,-0.035611,-0.057724
385.35,560.0,-0.039169,-0.060857
387.45,560.0,-0.040189,-0.062413
389.73,560.0,-0.0409,-0.062274
391.83,560.0,-0.040574,-0.062129
394.1,560.0,-0.038642,-0.059773
396.38,560.0,-0.03468,-0.056794
398.65,560.0,-0.031224,-0.053229
400.75,560.0,-0.030047,-0.051372
403.03,560.0,-0.030743,-0.051942
405.3,560.0,-0.033328,-0.055229
407.4,560.0,-0.037336,-0.058411
409.68,560.0,-0.041211,-0.062644
411.78,560.0,-0.044378,-0.066757
414.05,560.0,-0.048294,-0.069844
416.15,560.0,-0.049942,-0.072702
418.43,560.0,-0.051723,-0.072632
420.53,560.0,-0.051134,-0.073195
422.8,560.0,-0.051313,-0.072641
425.08,560.0,-0.049736,-0.0718
427.18,560.0,-0.048078,-0.070946
429.45,560.0,-0.047376,-0.069138
431.73,560.0,-0.045956,-0.067736
434.0,560.0,-0.045808,-0.066005
436.28,560.0,-0.044332,-0.065543
438.55,560.0,-0.043812,-0.065703
440.83,560.0,-0.042324,-0.065303
442.93,560.0,-0.044588,-0.066128
445.2,560.0,-0.043134,-0.064212
447.48,560.0,-0.043297,-0.064844
449.75,560.0,-0.044172,-0.065278
451.85,560.0,-0.044415,-0.065638
454.13,560.0,-0.043223,-0.063149
456.23,560.0,-0.038433,-0.060263
458.33,560.0,-0.033106,-0.054736
460.78,560.0,-0.028929,-0.051196
463.05,560.0,-0.028605,-0.049942
465.15,560.0,-0.027706,-0.049844
467.43,560.0,-0.028081,-0.04948
469.53,560.0,-0.030031,-0.051797
471.8,560.0,-0.031353,-0.053932
474.08,560.0,-0.033014,-0.054415
476.18,560.0,-0.034699,-0.056473
478.45,560.0,-0.036227,-0.058121
480.55,560.0,-0.037527,-0.059341
482.83,560.0,-0.037746,-0.059582
485.1,560.0,-0.03924,-0.060743
487.2,560.0,-0.038485,-0.060266
489.48,560.0,-0.038285,-0.059018
491.75,560.0,-0.037989,-0.058337
494.03,560.0,-0.035965,-0.057548
496.13,560.0,-0.034825,-0.056985
498.4,560.0,-0.032739,-0.054816
500.5,560.0,-0.031251,-0.052786
502.78,560.0,-0.029471,-0.052197
505.05,560.0,-0.030056,-0.051729
507.15,560.0,-0.031214,-0.053063
509.43,560.0,-0.033731,-0.055118
511.7,560.0,-0.037006,-0.05952
513.8,560.0,-0.041729,-0.062687
516.08,560.0,-0.044733,-0.06822
518.35,560.0,-0.04948,-0.071399
520.63,560.0,-0.056556,-0.077465
522.9,560.0,-0.062628,-0.084816
525.0,560.0,-0.070777,-0.093269
527.28,560.0,-0.080386,-0.103017
529.38,560.0,-0.092095,-0.113741
531.65,560.0,-0.105869,-0.127052
533.75,560.0,-0.120795,-0.140472
536.03,560.0,-0.136452,-0.157903
538.3,560.0,-0.153636,-0.174039
540.4,560.0,-0.170851,-0.191301
542.68,560.0,-0.189927,-0.209384
544.95,560.0,-0.207299,-0.226248
547.23,560.0,-0.224323,-0.243417
549.33,560.0,-0.242083,-0.25952
551.6,560.0,-0.256267,-0.276692
553.7,560.0,-0.268768,-0.286307
555.98,560.0,-0.275462,-0.294326
558.08,560.0,-0.278716,-0.298482
560.35,560.0,-0.280296,-0.300472
562.63,560.0,-0.281457,-0.300358
564.73,560.0,-0.284886,-0.303448
567.0,560.0,-0.290429,-0.310006
568.93,560.0,-0.300241,-0.320518
571.2,560.0,-0.315351,-0.331596
573.65,560.0,-0.328512,-0.346725
575.93,560.0,-0.342181,-0.359409
578.03,560.0,-0.356775,-0.374076
580.13,560.0,-0.372058,-0.389424
582.4,560.0,-0.384544,-0.402483
584.68,560.0,-0.396984,-0.413719
586.95,560.0,-0.404325,-0.420207
589.05,560.0,-0.409285,-0.425949
591.33,560.0,-0.41171,-0.427354
593.6,560.0,-0.412351,-0.429667
595.7,560.0,-0.414156,-0.432003
597.98,560.0,-0.415431,-0.433105
600.25,560.0,-0.417551,-0.434957
602.53,560.0,-0.421993,-0.43906
604.63,560.0,-0.427218,-0.445009
606.9,560.0,-0.432998,-0.448568
609.18,560.0,-0.438737,-0.454633
611.45,560.0,-0.4422,-0.458164
613.73,560.0,-0.445758,-0.461272
616.0,560.0,-0.445702,-0.461876
618.1,560.0,-0.444285,-0.461078
620.38,560.0,-0.444418,-0.46175
622.48,560.0,-0.446771,-0.464328
624.75,560.0,-0.452603,-0.468611
627.03,560.0,-0.459147,-0.476072
629.3,560.0,-0.466759,-0.482945
631.58,560.0,-0.475462,-0.49248
633.68,560.0,-0.484932,-0.500795
635.95,560.0,-0.493182,-0.508922
638.05,560.0,-0.501784,-0.517625
640.33,560.0,-0.509359,-0.525453
642.6,560.0,-0.517696,-0.532501
644.7,560.0,-0.525995,-0.540194
646.98,560.0,-0.5328,-0.548453
649.25,560.0,-0.539692,-0.555933
651.35,560.0,-0.547431,-0.562665
653.63,560.0,-0.553019,-0.567745
656.08,560.0,-0.559633,-0.574488
658.18,560.0,-0.564165,-0.579935
660.45,560.0,-0.568752,-0.583071
662.9,560.0,-0.572341,-0.586426
665.0,560.0,-0.573232,-0.588795
667.28,560.0,-0.574442,-0.588956
669.55,560.0,-0.576737,-0.591941
671.65,560.0,-0.581864,-0.595862
673.93,560.0,-0.587255,-0.601685
676.2,560.0,-0.592461,-0.606423
678.3,560.0,-0.597255,-0.612923
680.58,560.0,-0.602985,-0.617655
682.85,560.0,-0.610561,-0.625493
684.95,560.0,-0.619929,-0.633817
687.23,560.0,-0.628644,-0.643074
689.5,560.0,-0.638727,-0.652252
691.78,560.0,-0.647926,-0.661796
694.05,560.0,-0.658663,-0.671392
696.33,560.0,-0.668841,-0.68195
698.43,560.0,-0.680631,-0.692495
700.7,560.0,-0.691559,-0.703305
703.15,560.0,-0.705114,-0.71699
705.43,560.0,-0.71646,-0.729747
707.7,560.0,-0.728105,-0.74142
709.98,560.0,-0.738656,-0.751879
11.38,595.0,-0.077641,-0.099301
13.65,595.0,-0.076655,-0.096941
15.93,595.0,-0.073999,-0.095922
18.2,595.0,-0.071858,-0.093414
20.3,595.0,-0.070765,-0.091418
22.58,595.0,-0.070044,-0.090906
24.85,595.0,-0.069341,-0.089461
26.95,595.0,-0.067598,-0.088285
29.23,595.0,-0.062105,-0.082422
31.33,595.0,-0.053691,-0.074458
33.6,595.0,-0.044643,-0.064967
35.88,595.0,-0.035546,-0.058374
37.98,595.0,-0.030306,-0.053337
40.25,595.0,-0.027404,-0.049964
42.53,595.0,-0.027496,-0.048596
44.63,595.0,-0.026794,-0.049908
46.9,595.0,-0.028836,-0.050614
49.18,595.0,-0.032666,-0.053602
51.28,595.0,-0.037471,-0.059372
53.55,595.0,-0.042872,-0.066683
55.83,595.0,-0.050515,-0.073356
58.1,595.0,-0.056975,-0.078972
60.2,595.0,-0.063238,-0.085823
62.48,595.0,-0.068497,-0.090238
64.75,595.0,-0.072536,-0.094465
66.85,595.0,-0.076421,-0.09733
69.13,595.0,-0.079813,-0.101254
71.23,595.0,-0.080718,-0.102197
73.5,595.0,-0.081291,-0.104461
75.78,595.0,-0.082151,-0.10326
77.88,595.0,-0.081181,-0.101353
80.15,595.0,-0.078799,-0.099631
82.25,595.0,-0.075275,-0.096695
84.53,595.0,-0.072203,-0.091895
86.8,595.0,-0.067268,-0.089921
89.08,595.0,-0.06411,-0.085842
91.18,595.0,-0.062539,-0.082117
93.45,595.0,-0.06033,-0.081596
95.73,595.0,-0.059412,-0.080663
97.83,595.0,-0.058004,-0.080139
100.1,595.0,-0.05782,-0.080789
102.38,595.0,-0.057798,-0.079548
104.65,595.0,-0.057736,-0.078762
106.93,595.0,-0.058506,-0.079988
109.03,595.0,-0.060019,-0.081652
111.3,595.0,-0.062185,-0.084015
113.58,595.0,-0.064776,-0.085697
115.68,595.0,-0.064871,-0.087025
117.95,595.0,-0.064061,-0.085376
120.23,595.0,-0.059958,-0.081519
122.5,595.0,-0.055164,-0.077699
124.6,595.0,-0.051288,-0.072397
126.88,595.0,-0.047059,-0.069779
128.98,595.0,-0.047133,-0.068651
131.25,595.0,-0.046908,-0.069421
133.53,595.0,-0.048448,-0.070469
135.63,595.0,-0.051165,-0.07314
137.9,595.0,-0.053568,-0.075503
140.18,595.0,-0.056569,-0.078959
142.1,595.0,-0.05908,-0.081171
144.55,595.0,-0.061787,-0.084243
146.83,595.0,-0.065574,-0.086763
148.93,595.0,-0.06997,-0.091449
151.2,595.0,-0.073827,-0.095398
153.48,595.0,-0.079939,-0.101489
155.58,595.0,-0.083676,-0.105549
157.85,595.0,-0.086063,-0.107875
160.13,595.0,-0.090148,-0.110574
162.23,595.0,-0.091504,-0.112354
164.5,595.0,-0.092034,-0.113879
166.78,595.0,-0.092545,-0.113235
169.05,595.0,-0.092776,-0.11493
171.15,595.0,-0.094514,-0.113901
173.43,595.0,-0.096667,-0.117317
175.7,595.0,-0.098211,-0.118901
177.98,595.0,-0.09916,-0.122105
180.08,595.0,-0.101245,-0.122813
182.35,595.0,-0.101713,-0.121892
184.63,595.0,-0.100823,-0.123901
186.9,595.0,-0.102095,-0.123038
189.35,595.0,-0.10359,-0.124859
191.45,595.0,-0.10509,-0.126609
193.73,595.0,-0.105583,-0.126319
195.83,595.0,-0.104104,-0.125204
198.28,595.0,-0.102271,-0.122693
200.38,595.0,-0.100617,-0.122354
202.65,595.0,-0.098448,-0.120346
204.75,595.0,-0.098494,-0.119394
207.03,595.0,-0.098451,-0.119119
209.3,595.0,-0.098365,-0.119039
211.4,595.0,-0.095826,-0.118075
213.68,595.0,-0.092277,-0.114138
215.95,595.0,-0.089104,-0.108845
218.23,595.0,-0.084945,-0.106147
220.33,595.0,-0.080959,-0.103161
222.6,595.0,-0.078479,-0.098463
224.88,595.0,-0.073473,-0.095182
227.33,595.0,-0.067582,-0.090266
229.43,595.0,-0.06293,-0.08281
231.7,595.0,-0.058057,-0.080035
233.98,595.0,-0.052912,-0.074566
236.43,595.0,-0.047792,-0.069246
238.53,595.0,-0.04444,-0.065765
240.8,595.0,-0.041618,-0.062339
243.08,595.0,-0.040531,-0.061609
245.35,595.0,-0.039378,-0.061578
247.63,595.0,-0.04025,-0.060922
249.9,595.0,-0.041002,-0.063072
252.0,595.0,-0.043411,-0.064967
254.28,595.0,-0.043325,-0.064902
256.55,595.0,-0.042804,-0.065417
258.83,595.0,-0.043229,-0.064911
260.93,595.0,-0.041011,-0.062028
263.2,595.0,-0.039301,-0.059853
265.48,595.0,-0.036686,-0.058309
267.58,595.0,-0.03529,-0.056516
269.85,595.0,-0.03338,-0.056005
272.13,595.0,-0.031556,-0.054523
274.23,595.0,-0.02915,-0.051449
276.5,595.0,-0.025256,-0.048568
278.6,595.0,-0.019129,-0.040882
280.88,595.0,-0.011637,-0.033953
283.15,595.0,-0.003984,-0.026473
285.25,595.0,0.002338,-0.018411
287.53,595.0,0.008591,-0.014157
289.8,595.0,0.015668,-0.006375
292.08,595.0,0.021851,-0.000491
294.18,595.0,0.02958,0.006561
296.45,595.0,0.036404,0.012612
298.73,595.0,0.043061,0.019331
301.0,595.0,0.048859,0.025886
303.1,595.0,0.054093,0.030578
305.38,595.0,0.057501,0.034038
307.65,595.0,0.056888,0.034306
309.93,595.0,0.053166,0.031657
312.2,595.0,0.04865,0.026555
314.48,595.0,0.041567,0.01954
316.75,595.0,0.035421,0.012522
318.85,595.0,0.028514,0.005739
321.13,595.0,0.021805,0.000471
323.4,595.0,0.016059,-0.005996
325.5,595.0,0.010147,-0.011199
327.78,595.0,0.004623,-0.017462
330.05,595.0,0.001198,-0.021464
332.33,595.0,-0.000845,-0.024135
334.6,595.0,-0.003211,-0.026292
336.7,595.0,-0.005318,-0.027866
338.98,595.0,-0.007157,-0.028827
341.25,595.0,-0.008713,-0.032136
343.35,595.0,-0.010685,-0.033125
345.63,595.0,-0.013633,-0.034995
347.73,595.0,-0.016295,-0.03793
350.0,595.0,-0.017758,-0.041695
352.28,595.0,-0.021125,-0.043707
354.38,595.0,-0.022872,-0.04444
356.65,595.0,-0.025435,-0.048393
358.93,595.0,-0.02688,-0.048778
361.03,595.0,-0.027964,-0.04912
363.3,595.0,-0.028026,-0.048925
365.58,595.0,-0.028374,-0.049187
367.68,595.0,-0.027308,-0.049024
369.95,595.0,-0.025657,-0.047487
372.23,595.0,-0.024298,-0.045869
374.33,595.0,-0.021849,-0.045324
376.6,595.0,-0.021698,-0.043174
378.7,595.0,-0.018741,-0.041532
380.98,595.0,-0.014542,-0.038152
383.25,595.0,-0.010395,-0.033149
385.18,595.0,-0.004502,-0.026529
387.63,595.0,0.00182,-0.018963
389.9,595.0,0.011968,-0.009268
392.18,595.0,0.021543,-0.001128
394.45,595.0,0.027646,0.004777
396.73,595.0,0.031832,0.00833
398.83,595.0,0.030896,0.008989
401.1,595.0,0.027387,0.006447
403.2,595.0,0.022793,0.00211
405.48,595.0,0.017676,-0.003676
407.58,595.0,0.015508,-0.007025
409.68,595.0,0.013151,-0.009286
412.13,595.0,0.012575,-0.008617
414.23,595.0,0.013071,-0.008223
416.5,595.0,0.015421,-0.006865
418.78,595.0,0.017488,-0.00436
420.88,595.0,0.018866,-0.003584
423.15,595.0,0.019817,-0.002444
425.43,595.0,0.020187,-0.002342
427.7,595.0,0.019876,-0.003309
429.8,595.0,0.019066,-0.003011
432.08,595.0,0.017156,-0.005068
434.35,595.0,0.014611,-0.007832
436.63,595.0,0.012242,-0.010136
438.73,595.0,0.012023,-0.010035
441.0,595.0,0.013964,-0.008294
443.28,595.0,0.020877,-0.002083
445.55,595.0,0.028397,0.005732
447.65,595.0,0.035258,0.012643
449.93,595.0,0.041965,0.018462
452.2,595.0,0.044266,0.021925
454.48,595.0,0.043607,0.020994
456.58,595.0,0.041019,0.018225
458.85,595.0,0.035655,0.012522
460.95,595.0,0.030434,0.007168
463.23,595.0,0.023832,0.001084
465.5,595.0,0.018437,-0.004163
467.78,595.0,0.013949,-0.007678
469.88,595.0,0.010957,-0.011085
472.15,595.0,0.009371,-0.011895
474.25,595.0,0.008557,-0.012398
476.53,595.0,0.006912,-0.015401
478.8,595.0,0.004476,-0.017438
481.08,595.0,0.001885,-0.021122
483.18,595.0,0.001093,-0.021399
485.45,595.0,-0.000318,-0.021393
487.73,595.0,-0.000743,-0.022376
489.83,595.0,-0.000777,-0.022897
492.1,595.0,-0.00143,-0.023041
494.38,595.0,-0.001849,-0.023393
496.48,595.0,-0.003981,-0.026384
498.75,595.0,-0.006634,-0.028577
501.03,595.0,-0.010318,-0.032875
503.13,595.0,-0.015343,-0.037203
505.4,595.0,-0.022391,-0.043691
507.68,595.0,-0.027749,-0.049988
509.78,595.0,-0.035155,-0.05753
512.05,595.0,-0.04281,-0.064637
514.33,595.0,-0.051402,-0.072505
516.43,595.0,-0.058161,-0.079397
518.7,595.0,-0.066516,-0.087296
520.98,595.0,-0.074489,-0.09606
523.25,595.0,-0.084015,-0.104061
525.53,595.0,-0.092308,-0.113599
527.63,595.0,-0.102382,-0.123177
529.9,595.0,-0.112459,-0.134397
532.0,595.0,-0.121843,-0.142462
534.28,595.0,-0.132077,-0.152083
536.55,595.0,-0.141538,-0.161461
538.83,595.0,-0.15046,-0.171433
540.93,595.0,-0.1594,-0.179883
543.2,595.0,-0.168864,-0.188935
545.48,595.0,-0.180681,-0.199976
547.75,595.0,-0.192256,-0.212379
549.85,595.0,-0.205102,-0.225555
552.13,595.0,-0.219227,-0.238549
554.23,595.0,-0.232083,-0.252037
556.5,595.0,-0.245151,-0.263901
558.78,595.0,-0.255225,-0.274255
560.88,595.0,-0.264252,-0.282964
563.15,595.0,-0.274224,-0.292551
565.43,595.0,-0.283981,-0.302964
567.53,595.0,-0.296501,-0.315915
569.8,595.0,-0.308805,-0.328639
572.08,595.0,-0.324806,-0.342034
574.18,595.0,-0.34102,-0.357828
576.45,595.0,-0.358525,-0.376303
578.55,595.0,-0.376479,-0.393719
580.83,595.0,-0.394002,-0.411627
583.1,595.0,-0.410382,-0.427939
585.2,595.0,-0.424985,-0.4422
587.48,595.0,-0.436919,-0.454754
589.75,595.0,-0.447243,-0.462924
591.85,595.0,-0.452375,-0.468977
594.13,595.0,-0.453638,-0.469563
596.4,595.0,-0.451858,-0.468395
598.68,595.0,-0.44882,-0.464131
600.95,595.0,-0.445102,-0.461211
603.23,595.0,-0.443629,-0.459313
605.33,595.0,-0.443198,-0.459837
607.6,595.0,-0.44313,-0.45984
609.88,595.0,-0.44264,-0.459442
612.15,595.0,-0.442887,-0.459122
614.25,595.0,-0.443823,-0.459242
616.53,595.0,-0.444171,-0.460736
618.63,595.0,-0.442822,-0.460179
620.9,595.0,-0.440151,-0.4572
623.0,595.0,-0.432046,-0.44894
625.28,595.0,-0.421451,-0.439174
627.55,595.0,-0.407893,-0.425869
629.65,595.0,-0.396966,-0.412653
631.93,595.0,-0.383697,-0.402486
634.2,595.0,-0.373149,-0.390425
636.3,595.0,-0.364661,-0.383167
638.58,595.0,-0.357419,-0.377114
640.85,595.0,-0.354091,-0.372459
642.95,595.0,-0.354831,-0.372286
645.23,595.0,-0.35699,-0.375878
647.5,595.0,-0.361735,-0.378866
649.6,595.0,-0.364581,-0.381115
651.88,595.0,-0.365127,-0.382403
653.98,595.0,-0.363645,-0.381494
656.25,595.0,-0.362126,-0.380324
658.53,595.0,-0.36204,-0.380533
660.63,595.0,-0.361923,-0.379325
662.9,595.0,-0.361476,-0.377822
665.18,595.0,-0.35724,-0.374951
667.28,595.0,-0.352298,-0.369384
669.55,595.0,-0.349205,-0.366584
671.83,595.0,-0.347006,-0.365955
673.93,595.0,-0.35012,-0.368574
676.2,595.0,-0.354501,-0.370231
678.48,595.0,-0.35781,-0.375601
680.58,595.0,-0.361926,-0.379381
682.85,595.0,-0.366343,-0.383303
684.95,595.0,-0.370444,-0.388297
687.23,595.0,-0.375037,-0.391202
689.5,595.0,-0.379452,-0.397406
691.6,595.0,-0.384532,-0.40139
693.88,595.0,-0.38939,-0.407077
696.15,595.0,-0.394344,-0.411812
698.43,595.0,-0.399889,-0.415992
700.53,595.0,-0.402982,-0.420462
702.8,595.0,-0.405767,-0.42337
705.25,595.0,-0.407745,-0.423913
707.35,595.0,-0.409809,-0.425789
709.63,595.0,-0.413044,-0.428866
11.55,630.0,-0.060121,-0.080629
13.83,630.0,-0.068081,-0.089489
16.28,630.0,-0.07501,-0.096418
18.55,630.0,-0.081153,-0.102028
20.65,630.0,-0.086701,-0.107441
23.1,630.0,-0.090373,-0.111258
25.38,630.0,-0.094341,-0.115487
27.65,630.0,-0.097043,-0.118371
29.93,630.0,-0.099566,-0.119991
32.2,630.0,-0.100811,-0.122111
34.3,630.0,-0.101051,-0.122487
36.58,630.0,-0.102006,-0.123251
38.85,630.0,-0.102385,-0.123017
40.95,630.0,-0.102256,-0.123223
43.23,630.0,-0.102607,-0.123054
45.33,630.0,-0.10216,-0.122404
47.6,630.0,-0.102533,-0.123158
49.7,630.0,-0.101877,-0.122758
51.98,630.0,-0.100031,-0.12236
54.25,630.0,-0.096658,-0.118987
56.35,630.0,-0.09212,-0.113599
58.63,630.0,-0.088023,-0.109538
60.9,630.0,-0.08314,-0.104261
63.18,630.0,-0.077752,-0.0985
65.28,630.0,-0.072401,-0.09415
67.55,630.0,-0.069785,-0.091378
70.0,630.0,-0.069813,-0.090145
72.1,630.0,-0.070121,-0.091057
74.38,630.0,-0.073038,-0.093482
76.65,630.0,-0.074458,-0.095567
78.93,630.0,-0.077009,-0.098177
81.2,630.0,-0.079973,-0.100715
83.3,630.0,-0.082111,-0.104671
85.58,630.0,-0.084243,-0.105657
87.68,630.0,-0.084788,-0.105854
89.95,630.0,-0.083707,-0.104806
92.23,630.0,-0.081181,-0.101624
94.5,630.0,-0.075571,-0.096584
96.6,630.0,-0.07062,-0.090176
98.88,630.0,-0.064616,-0.086547
100.98,630.0,-0.061849,-0.082259
103.25,630.0,-0.060509,-0.082102
105.53,630.0,-0.062585,-0.08286
107.63,630.0,-0.066741,-0.087625
109.9,630.0,-0.073368,-0.094369
112.0,630.0,-0.080983,-0.102129
114.28,630.0,-0.088547,-0.109643
116.55,630.0,-0.096408,-0.118078
118.83,630.0,-0.103432,-0.124206
120.93,630.0,-0.107906,-0.129948
123.2,630.0,-0.113143,-0.133531
125.3,630.0,-0.117225,-0.137481
127.58,630.0,-0.119985,-0.141307
129.85,630.0,-0.120678,-0.140838
132.13,630.0,-0.118873,-0.138799
134.23,630.0,-0.116168,-0.137025
136.5,630.0,-0.112816,-0.134086
138.6,630.0,-0.1107,-0.131125
140.88,630.0,-0.112477,-0.133112
142.98,630.0,-0.116695,-0.137317
145.25,630.0,-0.123685,-0.143155
147.53,630.0,-0.131273,-0.151168
149.8,630.0,-0.139856,-0.15931
151.9,630.0,-0.148688,-0.167801
154.0,630.0,-0.15582,-0.175931
156.28,630.0,-0.162887,-0.183041
158.55,630.0,-0.166618,-0.187182
160.83,630.0,-0.166966,-0.186519
163.1,630.0,-0.162715,-0.182163
165.2,630.0,-0.157659,-0.178137
167.48,630.0,-0.152487,-0.172939
169.75,630.0,-0.148583,-0.16867
171.85,630.0,-0.145407,-0.167111
174.13,630.0,-0.144773,-0.164865
176.4,630.0,-0.144098,-0.163737
178.5,630.0,-0.142037,-0.163322
180.78,630.0,-0.14309,-0.162893
183.05,630.0,-0.143525,-0.163405
185.15,630.0,-0.145013,-0.166103
187.43,630.0,-0.145721,-0.16541
189.53,630.0,-0.143448,-0.165155
191.98,630.0,-0.140891,-0.161473
194.25,630.0,-0.137268,-0.158204
196.35,630.0,-0.135142,-0.154785
198.63,630.0,-0.132228,-0.151864
200.73,630.0,-0.128793,-0.148935
203.18,630.0,-0.125164,-0.145312
205.28,630.0,-0.123288,-0.144141
207.55,630.0,-0.122256,-0.142151
209.65,630.0,-0.121227,-0.142095
211.93,630.0,-0.119961,-0.141763
214.2,630.0,-0.119689,-0.140423
216.48,630.0,-0.119397,-0.141837
218.58,630.0,-0.119702,-0.140669
220.85,630.0,-0.1183,-0.138987
223.13,630.0,-0.116375,-0.137299
225.23,630.0,-0.11229,-0.1337
227.5,630.0,-0.107807,-0.128158
229.6,630.0,-0.101335,-0.122425
231.88,630.0,-0.093537,-0.114813
234.15,630.0,-0.087095,-0.106787
236.25,630.0,-0.079452,-0.101236
238.53,630.0,-0.072918,-0.09432
240.8,630.0,-0.06716,-0.087628
243.08,630.0,-0.061131,-0.083929
245.18,630.0,-0.057764,-0.079116
247.45,630.0,-0.053605,-0.076566
249.55,630.0,-0.050817,-0.073386
251.83,630.0,-0.049073,-0.070084
254.1,630.0,-0.048704,-0.07062
256.38,630.0,-0.048291,-0.069964
258.65,630.0,-0.048383,-0.070139
260.75,630.0,-0.046279,-0.068192
263.03,630.0,-0.04428,-0.06607
265.3,630.0,-0.041821,-0.063242
267.58,630.0,-0.037474,-0.059874
269.68,630.0,-0.032607,-0.053898
271.95,630.0,-0.026449,-0.048158
274.05,630.0,-0.019089,-0.040457
276.33,630.0,-0.011507,-0.034763
278.6,630.0,-0.004748,-0.025537
280.88,630.0,0.003219,-0.017967
282.98,630.0,0.009312,-0.01143
285.25,630.0,0.014679,-0.007388
287.53,630.0,0.016268,-0.005013
289.63,630.0,0.015215,-0.007154
291.9,630.0,0.012618,-0.011362
294.0,630.0,0.00755,-0.014816
296.28,630.0,0.005036,-0.018032
298.55,630.0,0.003548,-0.020173
300.65,630.0,0.001549,-0.020598
302.93,630.0,0.000711,-0.020672
305.03,630.0,0.001561,-0.021171
307.3,630.0,0.002655,-0.019572
309.58,630.0,0.003148,-0.019797
311.85,630.0,0.003539,-0.019231
314.3,630.0,0.004254,-0.019452
316.58,630.0,0.004941,-0.01733
318.68,630.0,0.006148,-0.016646
320.95,630.0,0.007069,-0.0159
323.23,630.0,0.005813,-0.016698
325.33,630.0,0.005227,-0.016797
327.6,630.0,0.00524,-0.017391
329.88,630.0,0.003545,-0.019529
331.98,630.0,0.001999,-0.01968
334.25,630.0,-5.3e-05,-0.023676
336.53,630.0,-0.002715,-0.023867
338.63,630.0,-0.004853,-0.027638
340.9,630.0,-0.0068,-0.030139
343.53,630.0,-0.008698,-0.032382
345.8,630.0,-0.00915,-0.031073
348.08,630.0,-0.009905,-0.03188
350.18,630.0,-0.00976,-0.032511
352.45,630.0,-0.009628,-0.031692
354.55,630.0,-0.009899,-0.033676
356.83,630.0,-0.0122,-0.033118
359.1,630.0,-0.013041,-0.034628
361.2,630.0,-0.015195,-0.038023
363.48,630.0,-0.01574,-0.038223
365.75,630.0,-0.01676,-0.040038
367.85,630.0,-0.018356,-0.039785
370.13,630.0,-0.018322,-0.040062
372.23,630.0,-0.018445,-0.040312
374.5,630.0,-0.019224,-0.041442
376.78,630.0,-0.021726,-0.043919
378.88,630.0,-0.021905,-0.043088
381.15,630.0,-0.02066,-0.042345
383.43,630.0,-0.019348,-0.041442
385.53,630.0,-0.016905,-0.040096
387.8,630.0,-0.015752,-0.038818
389.9,630.0,-0.015186,-0.039378
392.18,630.0,-0.017111,-0.036843
394.45,630.0,-0.017475,-0.039908
396.73,630.0,-0.018568,-0.041618
398.83,630.0,-0.019566,-0.041572
401.1,630.0,-0.019905,-0.042139
403.38,630.0,-0.018168,-0.040546
405.65,630.0,-0.015595,-0.037927
407.75,630.0,-0.010417,-0.03391
410.03,630.0,-0.005256,-0.027459
412.3,630.0,0.001404,-0.021643
414.58,630.0,0.006401,-0.015922
416.68,630.0,0.013456,-0.00936
418.95,630.0,0.019599,-0.001948
421.05,630.0,0.025665,0.002599
423.33,630.0,0.031065,0.009343
425.6,630.0,0.034753,0.011312
427.7,630.0,0.036392,0.01272
429.98,630.0,0.037079,0.013816
432.25,630.0,0.035535,0.013212
434.35,630.0,0.032926,0.010729
436.63,630.0,0.029349,0.006697
438.9,630.0,0.024719,0.002757
441.18,630.0,0.020985,-0.002912
443.28,630.0,0.017106,-0.005691
445.55,630.0,0.015052,-0.008007
447.83,630.0,0.013548,-0.010124
450.1,630.0,0.012451,-0.009591
452.2,630.0,0.012378,-0.011338
454.48,630.0,0.010951,-0.011458
456.75,630.0,0.011105,-0.011251
458.85,630.0,0.011176,-0.01119
461.13,630.0,0.009648,-0.01229
463.23,630.0,0.009115,-0.013639
465.5,630.0,0.008262,-0.014609
467.78,630.0,0.006684,-0.015293
469.88,630.0,0.007051,-0.016393
472.15,630.0,0.007088,-0.014816
474.43,630.0,0.009466,-0.014049
476.7,630.0,0.011238,-0.012231
478.8,630.0,0.010668,-0.011378
481.08,630.0,0.008878,-0.013417
483.18,630.0,0.005865,-0.017629
485.45,630.0,0.001062,-0.021205
487.73,630.0,-0.005802,-0.027946
489.83,630.0,-0.012065,-0.035056
492.1,630.0,-0.019372,-0.041067
494.38,630.0,-0.025697,-0.048488
496.48,630.0,-0.032518,-0.053845
498.75,630.0,-0.038242,-0.061291
501.03,630.0,-0.044606,-0.067459
503.13,630.0,-0.052856,-0.07432
505.4,630.0,-0.060213,-0.081322
507.68,630.0,-0.068627,-0.090922
509.78,630.0,-0.076732,-0.098602
512.05,630.0,-0.086501,-0.107095
514.33,630.0,-0.093402,-0.115416
516.43,630.0,-0.101378,-0.121661
518.7,630.0,-0.105962,-0.126655
520.98,630.0,-0.110493,-0.131288
523.25,630.0,-0.116014,-0.1355
525.35,630.0,-0.122095,-0.143854
527.63,630.0,-0.130925,-0.150478
529.73,630.0,-0.139723,-0.159418
532.0,630.0,-0.150962,-0.170909
534.1,630.0,-0.160952,-0.181729
536.38,630.0,-0.170453,-0.191125
538.65,630.0,-0.180829,-0.200364
540.75,630.0,-0.189917,-0.210025
543.03,630.0,-0.199048,-0.2196
545.3,630.0,-0.210213,-0.228512
547.4,630.0,-0.219215,-0.239591
549.68,630.0,-0.229501,-0.248633
551.95,630.0,-0.236362,-0.256042
554.05,630.0,-0.242289,-0.262169
556.33,630.0,-0.247299,-0.266079
558.6,630.0,-0.2522,-0.271128
560.88,630.0,-0.256726,-0.27451
562.98,630.0,-0.260216,-0.279467
565.25,630.0,-0.264584,-0.282739
567.53,630.0,-0.268235,-0.287354
569.63,630.0,-0.272191,-0.291371
571.9,630.0,-0.276556,-0.294153
574.18,630.0,-0.279843,-0.298374
576.28,630.0,-0.281328,-0.299517
578.55,630.0,-0.280432,-0.299899
580.65,630.0,-0.279603,-0.297838
582.93,630.0,-0.277896,-0.295801
585.2,630.0,-0.273207,-0.292868
587.3,630.0,-0.268555,-0.287551
589.58,630.0,-0.264002,-0.28232
591.85,630.0,-0.25936,-0.277899
593.95,630.0,-0.257074,-0.276645
596.23,630.0,-0.256516,-0.274917
598.5,630.0,-0.25821,-0.27813
600.6,630.0,-0.261975,-0.280204
602.88,630.0,-0.26566,-0.284532
605.15,630.0,-0.27073,-0.289732
607.25,630.0,-0.275062,-0.293928
609.53,630.0,-0.278087,-0.297302
611.8,630.0,-0.280435,-0.298568
614.08,630.0,-0.280592,-0.299905
616.18,630.0,-0.28139,-0.2976
618.45,630.0,-0.278848,-0.297714
620.73,630.0,-0.273996,-0.293429
623.0,630.0,-0.266775,-0.285644
625.1,630.0,-0.255493,-0.275869
627.38,630.0,-0.248063,-0.265087
629.65,630.0,-0.238663,-0.25716
631.75,630.0,-0.231796,-0.249739
634.03,630.0,-0.227058,-0.246525
636.3,630.0,-0.224652,-0.244643
638.4,630.0,-0.223546,-0.243432
640.68,630.0,-0.223195,-0.242493
642.95,630.0,-0.221282,-0.241692
645.05,630.0,-0.219261,-0.239597
647.33,630.0,-0.217986,-0.23781
649.6,630.0,-0.216445,-0.236781
651.7,630.0,-0.214997,-0.234779
653.98,630.0,-0.213673,-0.233423
656.25,630.0,-0.21001,-0.230139
658.35,630.0,-0.204732,-0.224326
660.63,630.0,-0.195096,-0.214276
662.73,630.0,-0.183029,-0.203593
665.0,630.0,-0.171217,-0.190367
667.28,630.0,-0.158362,-0.178167
669.38,630.0,-0.146276,-0.16582
671.65,630.0,-0.135869,-0.156944
673.93,630.0,-0.130084,-0.150635
676.2,630.0,-0.125309,-0.145546
678.3,630.0,-0.122998,-0.143146
680.58,630.0,-0.121861,-0.141766
682.68,630.0,-0.121338,-0.142558
684.95,630.0,-0.12184,-0.141963
687.23,630.0,-0.120537,-0.142228
689.33,630.0,-0.121113,-0.141978
691.6,630.0,-0.121017,-0.140845
704.9,630.0,-0.12798,-0.149659
707.0,630.0,-0.13285,-0.153395
709.28,630.0,-0.138211,-0.157172
711.38,630.0,-0.14163,-0.16172
11.55,665.0,-0.124329,-0.144446
13.65,665.0,-0.123238,-0.143731
16.1,665.0,-0.12106,-0.142043
18.38,665.0,-0.118731,-0.13927
20.65,665.0,-0.114699,-0.135808
22.75,665.0,-0.111935,-0.133004
25.03,665.0,-0.10924,-0.130349
27.13,665.0,-0.107052,-0.127068
29.4,665.0,-0.104101,-0.124902
31.68,665.0,-0.100968,-0.122795
33.78,665.0,-0.098349,-0.119412
36.05,665.0,-0.094773,-0.115537
38.15,665.0,-0.090863,-0.110965
40.43,665.0,-0.087179,-0.108457
42.7,665.0,-0.084492,-0.107037
44.98,665.0,-0.084483,-0.106153
47.08,665.0,-0.084711,-0.106479
49.35,665.0,-0.086279,-0.107508
51.63,665.0,-0.088941,-0.109498
53.73,665.0,-0.091689,-0.111895
56.0,665.0,-0.09566,-0.117551
58.28,665.0,-0.100349,-0.121174
60.55,665.0,-0.103762,-0.124021
62.65,665.0,-0.105857,-0.126082
64.93,665.0,-0.109147,-0.128885
67.2,665.0,-0.10972,-0.131914
69.3,665.0,-0.109856,-0.130974
71.58,665.0,-0.108362,-0.12822
73.85,665.0,-0.1046,-0.12525
76.13,665.0,-0.098741,-0.1205
78.23,665.0,-0.094662,-0.116328
80.5,665.0,-0.091692,-0.112866
82.6,665.0,-0.089726,-0.111313
84.88,665.0,-0.090266,-0.11053
87.15,665.0,-0.093377,-0.113664
89.43,665.0,-0.098155,-0.119169
91.53,665.0,-0.105004,-0.125312
93.8,665.0,-0.110364,-0.131082
96.08,665.0,-0.116273,-0.13676
98.18,665.0,-0.121935,-0.142385
100.45,665.0,-0.125672,-0.146639
102.73,665.0,-0.126898,-0.148155
104.83,665.0,-0.127776,-0.14696
107.1,665.0,-0.126492,-0.147102
109.38,665.0,-0.127188,-0.147668
111.65,665.0,-0.130225,-0.151307
113.75,665.0,-0.134862,-0.157108
116.03,665.0,-0.141784,-0.161362
118.3,665.0,-0.148337,-0.169252
120.58,665.0,-0.155755,-0.175928
122.68,665.0,-0.163608,-0.182132
124.95,665.0,-0.170592,-0.190426
127.23,665.0,-0.177884,-0.198633
129.33,665.0,-0.186464,-0.206864
131.6,665.0,-0.195918,-0.215992
133.88,665.0,-0.20443,-0.225182
135.98,665.0,-0.214215,-0.233996
138.25,665.0,-0.224363,-0.242887
140.35,665.0,-0.231729,-0.251177
142.63,665.0,-0.239156,-0.257887
144.73,665.0,-0.244153,-0.264403
147.0,665.0,-0.249868,-0.269615
149.28,665.0,-0.254551,-0.27374
151.55,665.0,-0.259412,-0.278928
153.65,665.0,-0.26387,-0.28261
155.93,665.0,-0.267582,-0.286353
158.03,665.0,-0.270669,-0.289181
160.3,665.0,-0.272748,-0.29127
162.58,665.0,-0.274868,-0.293438
164.85,665.0,-0.275811,-0.294631
166.95,665.0,-0.275663,-0.295598
169.05,665.0,-0.275352,-0.29382
171.33,665.0,-0.273913,-0.292175
173.6,665.0,-0.269785,-0.289024
175.88,665.0,-0.265327,-0.283848
177.98,665.0,-0.260469,-0.280709
180.25,665.0,-0.256137,-0.275096
182.53,665.0,-0.248574,-0.267967
184.63,665.0,-0.241414,-0.26074
186.9,665.0,-0.232477,-0.251652
189.18,665.0,-0.22525,-0.245105
191.28,665.0,-0.218633,-0.237961
193.55,665.0,-0.21375,-0.232674
195.83,665.0,-0.208291,-0.2283
198.1,665.0,-0.20338,-0.221519
200.38,665.0,-0.196501,-0.216479
202.48,665.0,-0.189347,-0.209893
204.75,665.0,-0.183109,-0.202785
206.85,665.0,-0.177126,-0.197397
209.13,665.0,-0.171895,-0.191227
211.4,665.0,-0.166214,-0.186984
213.5,665.0,-0.162903,-0.183667
215.78,665.0,-0.15871,-0.179163
218.05,665.0,-0.155912,-0.177034
220.33,665.0,-0.154261,-0.176907
222.43,665.0,-0.154082,-0.174227
224.7,665.0,-0.152638,-0.17277
226.98,665.0,-0.150761,-0.171541
229.25,665.0,-0.147151,-0.167326
231.35,665.0,-0.141994,-0.162246
233.63,665.0,-0.135725,-0.157018
235.9,665.0,-0.129554,-0.150136
238.0,665.0,-0.122326,-0.143346
240.28,665.0,-0.117604,-0.137434
242.55,665.0,-0.110416,-0.131803
244.83,665.0,-0.105438,-0.12647
246.93,665.0,-0.102123,-0.122906
249.2,665.0,-0.099341,-0.119375
251.48,665.0,-0.096291,-0.117826
253.58,665.0,-0.093226,-0.114954
255.85,665.0,-0.090038,-0.110943
258.13,665.0,-0.086153,-0.107293
260.4,665.0,-0.081683,-0.103833
262.5,665.0,-0.077853,-0.098731
264.78,665.0,-0.072354,-0.092231
267.05,665.0,-0.064415,-0.084532
269.15,665.0,-0.054739,-0.07676
271.6,665.0,-0.045959,-0.067595
273.88,665.0,-0.039995,-0.061076
275.98,665.0,-0.036147,-0.057182
278.25,665.0,-0.033956,-0.055826
280.35,665.0,-0.033522,-0.055681
282.63,665.0,-0.034378,-0.055321
284.9,665.0,-0.033842,-0.057293
287.18,665.0,-0.034117,-0.055312
289.45,665.0,-0.033377,-0.054335
291.55,665.0,-0.032268,-0.054446
293.83,665.0,-0.032795,-0.054197
295.93,665.0,-0.034107,-0.055786
298.2,665.0,-0.036643,-0.058685
300.3,665.0,-0.038269,-0.059381
302.58,665.0,-0.038516,-0.059495
304.85,665.0,-0.037361,-0.060099
306.95,665.0,-0.035669,-0.057755
309.23,665.0,-0.033815,-0.055056
311.5,665.0,-0.032419,-0.055571
313.78,665.0,-0.033639,-0.055312
315.88,665.0,-0.036042,-0.057724
318.33,665.0,-0.040829,-0.062163
320.43,665.0,-0.046307,-0.06704
322.7,665.0,-0.051424,-0.073688
324.98,665.0,-0.056387,-0.078707
327.25,665.0,-0.060481,-0.082616
329.53,665.0,-0.064301,-0.086424
331.8,665.0,-0.068257,-0.088913
333.9,665.0,-0.071612,-0.093121
336.35,665.0,-0.076137,-0.096664
338.45,665.0,-0.080848,-0.102699
340.73,665.0,-0.084797,-0.10672
343.0,665.0,-0.088848,-0.10976
345.45,665.0,-0.092416,-0.113657
347.73,665.0,-0.095891,-0.116282
349.83,665.0,-0.098956,-0.119896
352.1,665.0,-0.10078,-0.122798
354.55,665.0,-0.104615,-0.124924
356.83,665.0,-0.105105,-0.126347
358.93,665.0,-0.106119,-0.127604
361.2,665.0,-0.105832,-0.127058
363.48,665.0,-0.105016,-0.126787
365.75,665.0,-0.103303,-0.123602
368.03,665.0,-0.101544,-0.121365
370.3,665.0,-0.097367,-0.119351
372.4,665.0,-0.094326,-0.113892
374.68,665.0,-0.090192,-0.111994
376.95,665.0,-0.086501,-0.108993
379.23,665.0,-0.082262,-0.102841
381.33,665.0,-0.078078,-0.099166
383.6,665.0,-0.071165,-0.093768
385.7,665.0,-0.065096,-0.086433
387.98,665.0,-0.057983,-0.079116
390.25,665.0,-0.052986,-0.074757
392.35,665.0,-0.046818,-0.069597
394.63,665.0,-0.042253,-0.064933
396.73,665.0,-0.037653,-0.058879
399.0,665.0,-0.033587,-0.057123
401.28,665.0,-0.031064,-0.052739
403.55,665.0,-0.029046,-0.050632
405.65,665.0,-0.027558,-0.049976
407.93,665.0,-0.027681,-0.049474
410.2,665.0,-0.028294,-0.050407
412.48,665.0,-0.030552,-0.051751
414.58,665.0,-0.032641,-0.055484
416.85,665.0,-0.03513,-0.056837
419.13,665.0,-0.037487,-0.058011
421.23,665.0,-0.037961,-0.059991
423.5,665.0,-0.040087,-0.061846
425.78,665.0,-0.041359,-0.062564
428.05,665.0,-0.041868,-0.063738
430.15,665.0,-0.041852,-0.064523
432.43,665.0,-0.041174,-0.061738
434.7,665.0,-0.037136,-0.05908
436.98,665.0,-0.034874,-0.056439
439.25,665.0,-0.033211,-0.054107
441.35,665.0,-0.031695,-0.053208
443.63,665.0,-0.031171,-0.052493
445.9,665.0,-0.029807,-0.053436
448.0,665.0,-0.028956,-0.049794
450.28,665.0,-0.025469,-0.047715
452.55,665.0,-0.024289,-0.045836
454.65,665.0,-0.022056,-0.043559
456.75,665.0,-0.022444,-0.044563
459.2,665.0,-0.023177,-0.045888
461.3,665.0,-0.025414,-0.047866
463.58,665.0,-0.028879,-0.051405
465.85,665.0,-0.033642,-0.054329
467.95,665.0,-0.037136,-0.060065
470.23,665.0,-0.042336,-0.063947
472.5,665.0,-0.047194,-0.06818
474.6,665.0,-0.051442,-0.072983
476.7,665.0,-0.05684,-0.079569
479.15,665.0,-0.063506,-0.083836
481.43,665.0,-0.07163,-0.092354
483.53,665.0,-0.077921,-0.100016
485.63,665.0,-0.084486,-0.107551
488.08,665.0,-0.091932,-0.112499
490.35,665.0,-0.099597,-0.12033
492.45,665.0,-0.106307,-0.12737
494.73,665.0,-0.115435,-0.136128
497.0,665.0,-0.122779,-0.143848
499.28,665.0,-0.128531,-0.150669
501.38,665.0,-0.13586,-0.15679
503.65,665.0,-0.141316,-0.162271
505.93,665.0,-0.147983,-0.168944
508.03,665.0,-0.154455,-0.174098
510.3,665.0,-0.162619,-0.182003
512.58,665.0,-0.170053,-0.189569
514.68,665.0,-0.17834,-0.196522
516.95,665.0,-0.185127,-0.205798
519.23,665.0,-0.194196,-0.213411
521.5,665.0,-0.201673,-0.222209
523.78,665.0,-0.211051,-0.230271
525.88,665.0,-0.217875,-0.237942
528.15,665.0,-0.223565,-0.243297
530.43,665.0,-0.229323,-0.248392
532.53,665.0,-0.233063,-0.253793
534.8,665.0,-0.238297,-0.256313
536.9,665.0,-0.243445,-0.261695
539.18,665.0,-0.248063,-0.26684
541.45,665.0,-0.252209,-0.270145
543.55,665.0,-0.254449,-0.273478
545.83,665.0,-0.257379,-0.275626
547.93,665.0,-0.257884,-0.276898
550.55,665.0,-0.258543,-0.277141
552.65,665.0,-0.258392,-0.276649
554.93,665.0,-0.258827,-0.277166
557.2,665.0,-0.259196,-0.27814
559.48,665.0,-0.261008,-0.280164
561.75,665.0,-0.262101,-0.282493
564.03,665.0,-0.265,-0.283993
566.13,665.0,-0.266704,-0.28561
568.75,665.0,-0.266359,-0.286134
570.85,665.0,-0.266396,-0.284815
573.13,665.0,-0.264717,-0.281775
575.4,665.0,-0.260136,-0.278358
577.85,665.0,-0.254997,-0.273081
579.95,665.0,-0.249316,-0.268469
582.23,665.0,-0.24436,-0.263364
584.33,665.0,-0.239514,-0.259464
586.95,665.0,-0.235767,-0.255188
589.23,665.0,-0.231479,-0.252043
591.33,665.0,-0.228706,-0.248143
593.6,665.0,-0.224686,-0.244338
595.88,665.0,-0.22037,-0.240139
598.15,665.0,-0.21456,-0.235875
600.43,665.0,-0.208013,-0.226778
602.53,665.0,-0.198161,-0.217699
604.8,665.0,-0.186923,-0.207123
607.08,665.0,-0.174662,-0.195195
609.18,665.0,-0.163759,-0.185386
611.45,665.0,-0.15671,-0.177872
613.55,665.0,-0.153648,-0.17249
615.83,665.0,-0.152354,-0.171855
618.1,665.0,-0.154523,-0.174809
620.38,665.0,-0.157872,-0.178241
622.48,665.0,-0.162185,-0.182545
624.93,665.0,-0.167561,-0.186624
627.2,665.0,-0.170065,-0.190315
629.3,665.0,-0.171889,-0.191331
631.58,665.0,-0.172237,-0.191572
633.68,665.0,-0.170592,-0.192394
635.95,665.0,-0.170315,-0.189612
638.23,665.0,-0.167551,-0.189002
640.5,665.0,-0.166208,-0.18505
642.6,665.0,-0.159049,-0.17944
644.88,665.0,-0.150651,-0.170771
646.98,665.0,-0.141171,-0.161904
649.25,665.0,-0.13379,-0.154156
651.53,665.0,-0.127718,-0.147755
653.63,665.0,-0.123017,-0.143642
655.9,665.0,-0.120484,-0.141362
658.18,665.0,-0.118972,-0.139991
660.28,665.0,-0.119982,-0.141368
662.55,665.0,-0.121966,-0.1409
664.65,665.0,-0.123864,-0.145093
666.93,665.0,-0.126781,-0.146541
669.2,665.0,-0.128756,-0.148312
671.3,665.0,-0.129582,-0.149843
673.58,665.0,-0.130383,-0.149887
675.68,665.0,-0.127973,-0.147949
677.95,665.0,-0.123063,-0.145151
680.05,665.0,-0.119763,-0.140324
682.5,665.0,-0.116707,-0.137431
684.6,665.0,-0.114733,-0.135179
686.88,665.0,-0.113214,-0.13525
689.15,665.0,-0.113605,-0.13342
691.25,665.0,-0.113131,-0.134295
693.53,665.0,-0.112447,-0.13253
695.8,665.0,-0.11261,-0.131963
698.08,665.0,-0.111975,-0.132736
700.18,665.0,-0.11078,-0.13257
702.45,665.0,-0.111288,-0.131279
704.73,665.0,-0.11102,-0.130931
706.83,665.0,-0.109307,-0.129834
709.1,665.0,-0.108925,-0.130968
711.2,665.0,-0.108278,-0.128411
11.03,700.0,-0.084465,-0.105201
13.3,700.0,-0.085571,-0.105903
15.58,700.0,-0.088365,-0.10834
17.85,700.0,-0.092468,-0.1133
20.13,700.0,-0.096541,-0.118414
22.23,700.0,-0.101612,-0.121824
24.5,700.0,-0.105022,-0.125999
26.78,700.0,-0.107228,-0.127958
29.05,700.0,-0.10903,-0.130327
31.33,700.0,-0.110626,-0.130758
33.43,700.0,-0.111744,-0.133525
35.7,700.0,-0.114039,-0.134147
37.8,700.0,-0.116313,-0.137407
40.08,700.0,-0.119726,-0.140173
42.35,700.0,-0.121852,-0.143161
44.45,700.0,-0.12428,-0.145475
46.73,700.0,-0.125561,-0.14566
49.0,700.0,-0.126824,-0.147062
51.1,700.0,-0.127305,-0.146846
53.38,700.0,-0.128325,-0.148312
55.65,700.0,-0.127558,-0.147465
57.93,700.0,-0.124073,-0.143916
60.2,700.0,-0.118771,-0.140866
62.48,700.0,-0.113091,-0.133799
64.75,700.0,-0.108047,-0.127742
66.85,700.0,-0.103972,-0.125607
69.13,700.0,-0.10216,-0.122305
71.4,700.0,-0.101599,-0.123636
73.5,700.0,-0.103294,-0.123571
75.78,700.0,-0.104597,-0.126941
78.05,700.0,-0.108158,-0.12871
80.15,700.0,-0.112348,-0.133485
82.43,700.0,-0.116948,-0.138192
84.7,700.0,-0.120774,-0.14139
86.8,700.0,-0.123861,-0.143919
89.08,700.0,-0.125019,-0.14553
91.35,700.0,-0.126221,-0.147262
93.63,700.0,-0.130478,-0.150037
95.73,700.0,-0.134625,-0.155691
98.0,700.0,-0.141156,-0.160946
100.28,700.0,-0.146948,-0.168001
102.38,700.0,-0.153716,-0.173682
104.65,700.0,-0.160694,-0.181544
106.93,700.0,-0.169126,-0.189403
109.2,700.0,-0.178978,-0.199101
111.3,700.0,-0.1885,-0.208451
113.4,700.0,-0.198223,-0.217653
115.85,700.0,-0.206889,-0.227259
117.95,700.0,-0.216396,-0.236753
120.23,700.0,-0.226359,-0.245136
122.5,700.0,-0.233442,-0.253374
124.6,700.0,-0.240977,-0.25944
126.88,700.0,-0.246923,-0.266716
129.15,700.0,-0.253728,-0.274369
131.25,700.0,-0.260539,-0.280364
133.53,700.0,-0.267379,-0.286482
135.8,700.0,-0.274572,-0.294437
137.9,700.0,-0.283559,-0.301599
140.18,700.0,-0.290268,-0.308438
142.28,700.0,-0.296846,-0.313642
144.55,700.0,-0.303355,-0.321741
146.83,700.0,-0.308571,-0.327151
149.1,700.0,-0.313411,-0.33122
151.38,700.0,-0.316722,-0.334529
153.48,700.0,-0.316867,-0.336214
155.75,700.0,-0.3185,-0.335983
157.85,700.0,-0.316846,-0.335807
160.13,700.0,-0.31476,-0.333528
162.4,700.0,-0.311571,-0.330542
164.5,700.0,-0.310108,-0.327705
166.78,700.0,-0.30879,-0.325752
168.88,700.0,-0.307379,-0.324748
171.15,700.0,-0.306759,-0.326297
173.43,700.0,-0.306913,-0.32691
175.53,700.0,-0.308552,-0.326485
177.8,700.0,-0.30883,-0.327844
179.9,700.0,-0.308848,-0.327998
182.18,700.0,-0.306994,-0.325287
184.28,700.0,-0.304239,-0.322979
186.73,700.0,-0.299791,-0.318281
188.83,700.0,-0.293629,-0.312758
191.1,700.0,-0.287798,-0.306476
193.2,700.0,-0.279246,-0.299227
195.48,700.0,-0.270752,-0.290043
197.75,700.0,-0.262517,-0.280071
200.03,700.0,-0.253947,-0.272776
202.13,700.0,-0.244766,-0.264147
204.4,700.0,-0.235164,-0.256282
206.68,700.0,-0.227222,-0.24692
208.78,700.0,-0.219421,-0.238004
211.05,700.0,-0.210768,-0.232308
213.33,700.0,-0.204677,-0.223891
215.6,700.0,-0.199132,-0.219089
217.7,700.0,-0.193614,-0.21505
219.98,700.0,-0.190475,-0.210506
222.25,700.0,-0.187715,-0.207736
224.35,700.0,-0.18521,-0.205315
226.63,700.0,-0.183349,-0.203439
228.9,700.0,-0.181291,-0.201658
231.0,700.0,-0.17891,-0.197265
233.28,700.0,-0.173309,-0.193586
235.55,700.0,-0.16679,-0.187616
237.65,700.0,-0.161941,-0.180992
239.93,700.0,-0.154067,-0.175518
242.2,700.0,-0.147838,-0.168472
244.48,700.0,-0.141886,-0.162801
246.58,700.0,-0.136941,-0.156932
248.85,700.0,-0.133417,-0.152986
251.13,700.0,-0.129973,-0.149831
253.23,700.0,-0.126803,-0.147826
255.5,700.0,-0.123408,-0.144298
257.78,700.0,-0.118291,-0.139175
259.88,700.0,-0.11196,-0.132631
262.15,700.0,-0.103913,-0.124443
264.43,700.0,-0.09387,-0.114452
266.53,700.0,-0.086171,-0.107838
268.8,700.0,-0.08114,-0.102853
271.08,700.0,-0.07789,-0.099865
273.18,700.0,-0.076969,-0.098014
275.45,700.0,-0.07611,-0.098103
277.55,700.0,-0.076695,-0.098118
280.0,700.0,-0.077305,-0.097551
282.1,700.0,-0.075438,-0.09818
284.38,700.0,-0.074954,-0.0968
286.65,700.0,-0.074495,-0.095555
288.93,700.0,-0.073895,-0.095592
291.03,700.0,-0.074335,-0.095694
293.3,700.0,-0.073774,-0.095447
295.58,700.0,-0.075182,-0.096646
297.68,700.0,-0.077505,-0.099794
299.95,700.0,-0.082881,-0.103297
302.23,700.0,-0.088198,-0.10867
304.5,700.0,-0.094079,-0.114606
306.6,700.0,-0.10049,-0.121717
308.88,700.0,-0.106039,-0.127182
311.15,700.0,-0.112668,-0.134742
313.25,700.0,-0.118845,-0.139455
315.53,700.0,-0.125081,-0.145423
317.8,700.0,-0.130996,-0.153013
320.08,700.0,-0.135983,-0.156997
322.18,700.0,-0.140946,-0.161821
324.45,700.0,-0.144924,-0.164597
326.73,700.0,-0.148494,-0.168503
328.83,700.0,-0.149991,-0.172058
331.1,700.0,-0.152755,-0.172604
333.38,700.0,-0.156907,-0.177329
335.48,700.0,-0.161599,-0.181723
337.75,700.0,-0.166649,-0.18598
339.85,700.0,-0.170845,-0.190173
342.13,700.0,-0.175151,-0.195268
344.4,700.0,-0.179357,-0.199267
346.5,700.0,-0.181565,-0.2022
348.78,700.0,-0.18464,-0.204581
350.88,700.0,-0.186125,-0.206753
353.15,700.0,-0.187012,-0.206251
355.43,700.0,-0.184326,-0.205259
357.53,700.0,-0.181658,-0.200416
359.8,700.0,-0.177588,-0.197866
361.9,700.0,-0.172179,-0.1933
364.18,700.0,-0.167844,-0.187604
366.45,700.0,-0.163516,-0.182696
368.55,700.0,-0.159243,-0.178349
370.83,700.0,-0.156288,-0.175842
373.1,700.0,-0.155124,-0.175506
375.2,700.0,-0.154474,-0.174471
377.48,700.0,-0.153131,-0.173402
379.75,700.0,-0.15066,-0.169797
381.85,700.0,-0.14704,-0.16793
384.13,700.0,-0.143448,-0.162776
386.4,700.0,-0.138679,-0.160379
388.5,700.0,-0.135278,-0.155912
390.78,700.0,-0.131532,-0.15058
393.05,700.0,-0.127231,-0.147249
395.15,700.0,-0.122622,-0.143771
397.43,700.0,-0.118639,-0.139301
399.7,700.0,-0.115493,-0.136738
401.98,700.0,-0.11236,-0.133229
404.08,700.0,-0.107191,-0.128959
406.35,700.0,-0.102404,-0.124218
408.45,700.0,-0.097311,-0.117099
410.73,700.0,-0.09078,-0.113426
412.83,700.0,-0.086492,-0.108312
415.1,700.0,-0.082764,-0.105078
417.38,700.0,-0.081067,-0.102172
419.3,700.0,-0.078257,-0.099335
421.75,700.0,-0.076843,-0.097739
424.03,700.0,-0.074939,-0.096593
426.13,700.0,-0.074437,-0.094819
428.4,700.0,-0.074203,-0.095284
430.68,700.0,-0.074234,-0.09554
432.78,700.0,-0.07412,-0.095244
435.05,700.0,-0.075389,-0.095222
437.33,700.0,-0.074625,-0.094378
439.6,700.0,-0.072533,-0.093315
441.7,700.0,-0.070549,-0.093054
443.98,700.0,-0.071649,-0.092699
446.25,700.0,-0.07297,-0.095105
448.53,700.0,-0.075943,-0.096991
450.8,700.0,-0.078938,-0.100746
452.9,700.0,-0.082635,-0.104169
455.18,700.0,-0.085611,-0.106975
457.45,700.0,-0.089304,-0.109166
459.73,700.0,-0.090595,-0.111929
462.0,700.0,-0.092838,-0.113845
464.28,700.0,-0.09603,-0.117684
466.38,700.0,-0.101294,-0.122684
468.65,700.0,-0.105953,-0.126513
470.93,700.0,-0.111344,-0.131221
473.2,700.0,-0.115272,-0.137006
475.3,700.0,-0.11984,-0.140074
477.58,700.0,-0.123411,-0.143996
479.85,700.0,-0.127681,-0.149012
481.95,700.0,-0.132517,-0.154646
484.23,700.0,-0.136452,-0.157333
486.5,700.0,-0.140863,-0.16171
488.6,700.0,-0.14489,-0.164236
490.88,700.0,-0.149169,-0.169535
493.15,700.0,-0.155635,-0.174212
495.25,700.0,-0.163244,-0.182573
497.53,700.0,-0.171834,-0.192148
499.8,700.0,-0.182268,-0.202662
501.9,700.0,-0.192163,-0.211667
504.0,700.0,-0.203294,-0.222628
506.45,700.0,-0.210971,-0.232163
508.73,700.0,-0.218118,-0.236695
511.0,700.0,-0.222899,-0.242465
513.28,700.0,-0.228408,-0.246975
515.55,700.0,-0.234634,-0.254871
517.83,700.0,-0.243272,-0.262274
519.93,700.0,-0.251987,-0.270056
522.2,700.0,-0.261069,-0.279658
524.48,700.0,-0.269822,-0.287702
526.58,700.0,-0.276972,-0.296402
528.85,700.0,-0.283469,-0.30326
531.13,700.0,-0.286735,-0.304671
533.23,700.0,-0.286944,-0.306294
535.5,700.0,-0.287807,-0.30663
537.78,700.0,-0.287496,-0.306531
539.88,700.0,-0.287831,-0.30627
542.15,700.0,-0.288645,-0.307727
544.25,700.0,-0.288746,-0.307533
546.53,700.0,-0.288392,-0.307881
548.63,700.0,-0.285462,-0.305268
550.9,700.0,-0.284483,-0.302157
553.18,700.0,-0.280857,-0.300441
555.28,700.0,-0.278004,-0.297037
557.55,700.0,-0.274754,-0.29321
559.65,700.0,-0.269319,-0.289735
561.93,700.0,-0.264637,-0.284175
564.2,700.0,-0.259637,-0.278583
566.3,700.0,-0.253405,-0.272191
568.58,700.0,-0.247166,-0.26699
570.68,700.0,-0.242687,-0.262172
572.95,700.0,-0.237942,-0.25695
575.23,700.0,-0.231941,-0.252012
577.5,700.0,-0.226504,-0.246371
579.78,700.0,-0.218756,-0.238654
581.88,700.0,-0.212579,-0.230875
584.15,700.0,-0.204538,-0.224289
586.25,700.0,-0.196947,-0.216923
588.53,700.0,-0.187872,-0.20814
590.8,700.0,-0.179261,-0.199187
592.9,700.0,-0.169424,-0.190299
595.18,700.0,-0.161433,-0.181729
597.45,700.0,-0.1544,-0.17367
599.55,700.0,-0.147521,-0.168041
601.83,700.0,-0.142484,-0.162847
604.1,700.0,-0.137524,-0.158063
606.2,700.0,-0.133297,-0.153097
608.65,700.0,-0.126134,-0.147246
610.75,700.0,-0.120287,-0.14139
613.03,700.0,-0.112114,-0.133574
615.48,700.0,-0.102074,-0.124209
617.93,700.0,-0.090805,-0.112234
620.03,700.0,-0.083254,-0.103614
622.3,700.0,-0.077561,-0.099418
624.4,700.0,-0.073645,-0.095894
627.03,700.0,-0.072604,-0.094659
629.13,700.0,-0.073959,-0.095758
631.4,700.0,-0.076193,-0.097327
633.5,700.0,-0.080946,-0.102046
635.78,700.0,-0.08659,-0.106405
638.05,700.0,-0.091353,-0.112924
640.15,700.0,-0.096076,-0.118017
642.43,700.0,-0.099896,-0.121424
644.7,700.0,-0.102841,-0.123928
646.98,700.0,-0.105087,-0.125527
649.08,700.0,-0.105956,-0.126673
651.35,700.0,-0.106667,-0.127672
653.63,700.0,-0.106852,-0.126941
655.73,700.0,-0.105879,-0.126412
