x,y,z,z2
4.2,0.0,-0.001051,-0.022909
6.65,0.0,-0.004298,-0.025919
8.75,0.0,-0.009671,-0.031239
11.03,0.0,-0.01659,-0.037958
13.3,0.0,-0.025127,-0.046387
15.4,0.0,-0.033522,-0.054881
17.68,0.0,-0.04208,-0.063325
19.95,0.0,-0.047681,-0.068818
22.05,0.0,-0.049609,-0.070814
24.33,0.0,-0.047567,-0.068811
26.6,0.0,-0.044187,-0.065407
28.7,0.0,-0.04151,-0.062619
30.98,0.0,-0.043229,-0.064514
33.25,0.0,-0.04793,-0.069002
35.35,0.0,-0.053861,-0.074945
37.62,0.0,-0.058297,-0.079286
39.9,0.0,-0.060463,-0.081288
41.82,0.0,-0.060675,-0.081467
44.27,0.0,-0.058303,-0.079246
46.55,0.0,-0.055084,-0.076134
48.65,0.0,-0.052154,-0.073245
50.92,0.0,-0.04952,-0.070691
53.02,0.0,-0.046677,-0.067804
55.3,0.0,-0.043346,-0.064458
57.57,0.0,-0.039283,-0.060657
59.85,0.0,-0.036042,-0.057484
61.95,0.0,-0.034388,-0.05574
64.22,0.0,-0.035401,-0.056754
66.32,0.0,-0.038565,-0.059699
68.6,0.0,-0.043744,-0.064991
70.87,0.0,-0.051005,-0.072216
73.15,0.0,-0.058898,-0.07993
75.25,0.0,-0.064554,-0.0855
77.52,0.0,-0.067881,-0.08851
79.8,0.0,-0.068636,-0.089304
81.9,0.0,-0.068315,-0.08895
84.17,0.0,-0.067773,-0.0885
86.45,0.0,-0.069378,-0.090096
88.72,0.0,-0.075583,-0.096341
90.82,0.0,-0.085487,-0.106097
93.1,0.0,-0.099224,-0.119631
95.2,0.0,-0.113337,-0.133623
97.47,0.0,-0.126972,-0.147086
99.57,0.0,-0.138799,-0.158522
101.85,0.0,-0.14781,-0.167647
104.12,0.0,-0.153574,-0.173288
106.22,0.0,-0.155992,-0.175795
108.5,0.0,-0.156106,-0.175712
110.77,0.0,-0.154298,-0.174076
113.05,0.0,-0.151963,-0.17167
115.15,0.0,-0.148374,-0.168337
117.25,0.0,-0.142456,-0.1622
119.52,0.0,-0.134769,-0.154773
121.8,0.0,-0.127142,-0.147256
123.9,0.0,-0.122296,-0.142444
126.0,0.0,-0.119073,-0.139166
128.27,0.0,-0.115601,-0.13578
130.55,0.0,-0.112083,-0.132302
132.82,0.0,-0.110712,-0.130758
134.92,0.0,-0.109628,-0.130151
137.2,0.0,-0.107296,-0.127536
139.47,0.0,-0.101408,-0.121867
141.57,0.0,-0.092394,-0.11302
143.85,0.0,-0.080681,-0.101097
146.3,0.0,-0.066513,-0.087206
148.4,0.0,-0.051285,-0.072339
150.68,0.0,-0.035241,-0.056677
152.95,0.0,-0.018833,-0.040275
155.23,0.0,-0.002465,-0.024286
157.33,0.0,0.012048,-0.009727
159.6,0.0,0.022852,0.000834
161.88,0.0,0.029941,0.007997
164.33,0.0,0.033009,0.01072
166.6,0.0,0.032183,0.010301
168.7,0.0,0.028434,0.006509
170.98,0.0,0.02036,-0.001593
173.08,0.0,0.009519,-0.012327
175.35,0.0,-0.001489,-0.023239
177.63,0.0,-0.013768,-0.035272
179.73,0.0,-0.025189,-0.046667
182.0,0.0,-0.037222,-0.058479
184.28,0.0,-0.048047,-0.069249
186.38,0.0,-0.057989,-0.078907
188.65,0.0,-0.066972,-0.08769
190.75,0.0,-0.07793,-0.098343
193.03,0.0,-0.091267,-0.111633
195.3,0.0,-0.105798,-0.126026
197.4,0.0,-0.120604,-0.140737
199.68,0.0,-0.136319,-0.156381
201.95,0.0,-0.152357,-0.17204
204.23,0.0,-0.168331,-0.187813
206.33,0.0,-0.183962,-0.203371
208.6,0.0,-0.200318,-0.219344
210.88,0.0,-0.215786,-0.234606
213.15,0.0,-0.230743,-0.249504
215.25,0.0,-0.2444,-0.262912
217.53,0.0,-0.25627,-0.274603
219.63,0.0,-0.265801,-0.284008
221.9,0.0,-0.274486,-0.292619
224.18,0.0,-0.283645,-0.30175
226.45,0.0,-0.294353,-0.312332
228.73,0.0,-0.307526,-0.325006
230.83,0.0,-0.319892,-0.337391
233.1,0.0,-0.332736,-0.350071
235.38,0.0,-0.344498,-0.361556
237.48,0.0,-0.35496,-0.372046
239.75,0.0,-0.366291,-0.38322
242.03,0.0,-0.379359,-0.396048
244.13,0.0,-0.391765,-0.408595
246.4,0.0,-0.403164,-0.419821
248.68,0.0,-0.414969,-0.431448
250.78,0.0,-0.426118,-0.442332
253.05,0.0,-0.434251,-0.450348
255.33,0.0,-0.439285,-0.455256
257.43,0.0,-0.440903,-0.456781
259.7,0.0,-0.439532,-0.455496
261.8,0.0,-0.43602,-0.451926
264.08,0.0,-0.431919,-0.447985
266.35,0.0,-0.426713,-0.442868
268.63,0.0,-0.423072,-0.43935
270.9,0.0,-0.423537,-0.439633
273.0,0.0,-0.428025,-0.444196
275.28,0.0,-0.434578,-0.450644
277.55,0.0,-0.439692,-0.455721
279.65,0.0,-0.440243,-0.456297
281.93,0.0,-0.435558,-0.451648
284.2,0.0,-0.428561,-0.444587
286.3,0.0,-0.420718,-0.437021
288.58,0.0,-0.414476,-0.430894
290.85,0.0,-0.408725,-0.425487
292.95,0.0,-0.403044,-0.419674
295.23,0.0,-0.397224,-0.413682
297.5,0.0,-0.391137,-0.407911
299.6,0.0,-0.384646,-0.401334
301.88,0.0,-0.375465,-0.392483
304.15,0.0,-0.366996,-0.38382
306.25,0.0,-0.359054,-0.376128
308.53,0.0,-0.353857,-0.371063
310.8,0.0,-0.34805,-0.365167
312.9,0.0,-0.339316,-0.356593
315.18,0.0,-0.327813,-0.345358
317.45,0.0,-0.312887,-0.33045
319.55,0.0,-0.294088,-0.312117
321.65,0.0,-0.270407,-0.28862
323.93,0.0,-0.244434,-0.26313
326.2,0.0,-0.219252,-0.23793
328.48,0.0,-0.195349,-0.214508
330.58,0.0,-0.170441,-0.190118
332.85,0.0,-0.146128,-0.166079
334.95,0.0,-0.122514,-0.142594
337.23,0.0,-0.099141,-0.119692
339.5,0.0,-0.076165,-0.096886
341.6,0.0,-0.053457,-0.074585
343.88,0.0,-0.031831,-0.05306
346.15,0.0,-0.011218,-0.032693
348.25,0.0,0.009984,-0.01196
350.53,0.0,0.030273,0.008326
352.8,0.0,0.049962,0.027612
354.9,0.0,0.068462,0.04589
357.18,0.0,0.086462,0.063699
359.28,0.0,0.104334,0.08117
361.55,0.0,0.121955,0.098622
363.83,0.0,0.138486,0.114811
365.93,0.0,0.15377,0.130119
368.2,0.0,0.168791,0.144894
370.48,0.0,0.183181,0.15926
372.75,0.0,0.197565,0.173496
374.85,0.0,0.212291,0.188061
377.13,0.0,0.227756,0.20299
379.4,0.0,0.24401,0.219044
381.5,0.0,0.260017,0.234907
383.78,0.0,0.276077,0.250794
385.88,0.0,0.291792,0.266552
388.15,0.0,0.30645,0.280855
390.43,0.0,0.318711,0.292864
392.53,0.0,0.328631,0.302922
394.8,0.0,0.337959,0.311943
397.08,0.0,0.347864,0.321767
399.35,0.0,0.358554,0.332392
401.63,0.0,0.370307,0.343998
403.73,0.0,0.383076,0.35677
406.0,0.0,0.39705,0.370273
408.28,0.0,0.411998,0.38514
410.38,0.0,0.426453,0.399567
412.65,0.0,0.441659,0.414463
414.93,0.0,0.457103,0.429577
417.03,0.0,0.472549,0.444644
419.3,0.0,0.48807,0.460365
421.58,0.0,0.50356,0.475538
423.85,0.0,0.518834,0.490609
426.13,0.0,0.533963,0.505371
428.23,0.0,0.549324,0.520627
430.5,0.0,0.565547,0.536647
432.78,0.0,0.583168,0.554311
435.05,0.0,0.601902,0.572676
437.15,0.0,0.622481,0.592848
439.43,0.0,0.644838,0.615032
441.7,0.0,0.669271,0.639114
443.8,0.0,0.696471,0.665923
446.08,0.0,0.725081,0.694222
448.35,0.0,0.754776,0.7236
450.45,0.0,0.788356,0.756674
452.73,0.0,0.82514,0.792986
455.0,0.0,0.86432,0.831717
457.28,0.0,0.908156,0.874983
459.38,0.0,0.954684,0.920916
461.65,0.0,1.005417,0.97107
463.93,0.0,1.060999,1.026011
466.2,0.0,1.119955,1.084261
468.3,0.0,1.182702,1.146159
470.58,0.0,1.250207,1.212678
472.85,0.0,1.326784,1.288069
475.13,0.0,1.403515,1.363922
477.4,0.0,1.482665,1.442271
479.5,0.0,1.559023,1.517628
481.95,0.0,1.629147,1.586759
484.05,0.0,1.672141,1.629713
486.33,0.0,1.686013,1.643173
488.6,0.0,1.666417,1.623879
491.05,0.0,1.601762,1.559476
493.33,0.0,1.521451,1.480869
495.6,0.0,1.419603,1.380197
497.88,0.0,1.304443,1.266676
500.5,0.0,1.156704,1.120318
502.6,0.0,1.038846,1.004335
504.88,0.0,0.923045,0.890146
507.15,0.0,0.813103,0.781511
509.6,0.0,0.695876,0.665497
511.88,0.0,0.603914,0.574878
513.98,0.0,0.519154,0.491064
516.25,0.0,0.442106,0.41518
518.35,0.0,0.371169,0.344885
520.63,0.0,0.3086,0.283049
522.9,0.0,0.248921,0.224417
525.18,0.0,0.193585,0.169552
527.28,0.0,0.142448,0.119321
529.55,0.0,0.092907,0.069981
531.65,0.0,0.049676,0.027507
533.93,0.0,0.010387,-0.011384
536.2,0.0,-0.024283,-0.045586
538.3,0.0,-0.052305,-0.073195
540.58,0.0,-0.076723,-0.097474
542.85,0.0,-0.096418,-0.116646
545.13,0.0,-0.111951,-0.132021
547.4,0.0,-0.12358,-0.143796
549.68,0.0,-0.131803,-0.151683
551.78,0.0,-0.138235,-0.158167
554.05,0.0,-0.143177,-0.163007
556.33,0.0,-0.148503,-0.168152
558.6,0.0,-0.153315,-0.173016
560.88,0.0,-0.157662,-0.177243
562.98,0.0,-0.162336,-0.182061
565.25,0.0,-0.16676,-0.186378
567.53,0.0,-0.170278,-0.189686
569.63,0.0,-0.17293,-0.19224
571.9,0.0,-0.173774,-0.193263
574.18,0.0,-0.173466,-0.192924
576.28,0.0,-0.173263,-0.192619
578.55,0.0,-0.174748,-0.194036
580.83,0.0,-0.177804,-0.197249
582.93,0.0,-0.182678,-0.201975
585.03,0.0,-0.188697,-0.207785
587.48,0.0,-0.194649,-0.213975
589.75,0.0,-0.200416,-0.219335
591.85,0.0,-0.206427,-0.225287
593.95,0.0,-0.215093,-0.233962
596.4,0.0,-0.224486,-0.243269
598.5,0.0,-0.233032,-0.251621
600.77,0.0,-0.238152,-0.256682
603.05,0.0,-0.238451,-0.256957
605.32,0.0,-0.232696,-0.251174
607.42,0.0,-0.222699,-0.241393
609.7,0.0,-0.210228,-0.229212
611.97,0.0,-0.196991,-0.216088
614.25,0.0,-0.185678,-0.204893
616.35,0.0,-0.179618,-0.19891
618.62,0.0,-0.178269,-0.197684
620.9,0.0,-0.181565,-0.201032
623.0,0.0,-0.18749,-0.206775
625.27,0.0,-0.195922,-0.214933
627.55,0.0,-0.20635,-0.225179
629.65,0.0,-0.21793,-0.23667
632.1,0.0,-0.227591,-0.246079
634.2,0.0,-0.231377,-0.249729
636.47,0.0,-0.22842,-0.247178
638.57,0.0,-0.220216,-0.239307
641.2,0.0,-0.206442,-0.22541
643.3,0.0,-0.191646,-0.210749
645.57,0.0,-0.175724,-0.195225
647.67,0.0,-0.161461,-0.18118
649.95,0.0,-0.150598,-0.170349
652.22,0.0,-0.143999,-0.164009
654.5,0.0,-0.143916,-0.163762
656.6,0.0,-0.150768,-0.170586
658.87,0.0,-0.163214,-0.182684
660.97,0.0,-0.179745,-0.199126
663.25,0.0,-0.197761,-0.21687
665.52,0.0,-0.213747,-0.232302
667.62,0.0,-0.227302,-0.246063
669.9,0.0,-0.238833,-0.257425
672.17,0.0,-0.248087,-0.266541
674.27,0.0,-0.254609,-0.273337
676.55,0.0,-0.258143,-0.276624
678.65,0.0,-0.256796,-0.275047
680.92,0.0,-0.249683,-0.2681
683.2,0.0,-0.236344,-0.25504
685.47,0.0,-0.218198,-0.237148
687.57,0.0,-0.196319,-0.215382
689.85,0.0,-0.170943,-0.19053
692.12,0.0,-0.144514,-0.164452
694.22,0.0,-0.118556,-0.138796
696.5,0.0,-0.091677,-0.112191
698.77,0.0,-0.064976,-0.085897
701.05,0.0,-0.03968,-0.060962
703.15,0.0,-0.015007,-0.036541
705.42,0.0,0.010153,-0.011646
707.7,0.0,0.034808,0.012408
709.8,0.0,0.057646,0.035434
11.38,35.0,-0.010968,-0.032696
13.65,35.0,-0.014301,-0.036064
15.93,35.0,-0.018146,-0.039754
18.2,35.0,-0.021738,-0.043291
20.3,35.0,-0.024717,-0.046193
22.58,35.0,-0.026695,-0.047742
24.68,35.0,-0.028396,-0.04976
26.95,35.0,-0.031436,-0.052749
29.05,35.0,-0.035737,-0.057123
31.33,35.0,-0.039203,-0.060484
33.6,35.0,-0.0416,-0.062869
35.7,35.0,-0.043078,-0.064372
37.98,35.0,-0.046513,-0.067527
40.25,35.0,-0.053707,-0.074597
42.53,35.0,-0.063075,-0.083956
44.63,35.0,-0.071661,-0.09249
46.9,35.0,-0.0772,-0.097921
49.18,35.0,-0.078796,-0.099289
51.45,35.0,-0.077789,-0.098485
53.55,35.0,-0.076251,-0.09671
55.83,35.0,-0.075204,-0.095953
58.1,35.0,-0.075737,-0.09651
60.2,35.0,-0.075303,-0.095922
62.48,35.0,-0.074144,-0.094905
64.75,35.0,-0.072394,-0.093291
67.03,35.0,-0.071039,-0.091864
69.13,35.0,-0.071196,-0.092166
71.4,35.0,-0.075611,-0.096304
73.5,35.0,-0.084388,-0.105161
75.78,35.0,-0.101322,-0.121569
78.05,35.0,-0.122755,-0.142776
80.15,35.0,-0.146177,-0.165835
82.43,35.0,-0.168962,-0.188519
84.53,35.0,-0.188211,-0.207271
86.8,35.0,-0.202437,-0.221282
89.08,35.0,-0.211528,-0.230589
91.18,35.0,-0.217329,-0.236128
93.45,35.0,-0.220841,-0.239717
95.73,35.0,-0.222745,-0.24155
97.83,35.0,-0.224184,-0.24285
100.28,35.0,-0.226245,-0.245007
102.38,35.0,-0.229541,-0.24813
104.65,35.0,-0.234357,-0.25285
106.75,35.0,-0.240077,-0.258938
109.03,35.0,-0.245093,-0.263706
111.3,35.0,-0.246627,-0.265071
113.4,35.0,-0.246562,-0.265084
115.68,35.0,-0.245499,-0.264064
117.78,35.0,-0.246485,-0.264991
120.05,35.0,-0.249557,-0.267933
122.33,35.0,-0.254551,-0.273152
124.43,35.0,-0.25984,-0.27817
126.7,35.0,-0.264393,-0.282693
128.8,35.0,-0.26834,-0.286405
131.08,35.0,-0.271328,-0.289356
133.35,35.0,-0.273608,-0.292
135.63,35.0,-0.274242,-0.292376
137.73,35.0,-0.27245,-0.290521
140.0,35.0,-0.268694,-0.287046
142.28,35.0,-0.264172,-0.282453
144.55,35.0,-0.258919,-0.27724
146.65,35.0,-0.252921,-0.271337
148.93,35.0,-0.246735,-0.265071
151.03,35.0,-0.240093,-0.258657
153.3,35.0,-0.232644,-0.251488
155.58,35.0,-0.226094,-0.244782
157.68,35.0,-0.219455,-0.238192
159.95,35.0,-0.214129,-0.232825
162.23,35.0,-0.209508,-0.228546
164.33,35.0,-0.206442,-0.225561
166.6,35.0,-0.204449,-0.223472
168.88,35.0,-0.202992,-0.221898
171.15,35.0,-0.201559,-0.220734
173.25,35.0,-0.201131,-0.220127
175.53,35.0,-0.203069,-0.222037
177.8,35.0,-0.207628,-0.226587
179.9,35.0,-0.214132,-0.232899
182.18,35.0,-0.22098,-0.239803
184.45,35.0,-0.228238,-0.246926
186.73,35.0,-0.23387,-0.252431
188.83,35.0,-0.238217,-0.256784
191.1,35.0,-0.241125,-0.259994
193.38,35.0,-0.243882,-0.262468
195.48,35.0,-0.246501,-0.264865
197.75,35.0,-0.248038,-0.266679
199.85,35.0,-0.250653,-0.269135
202.13,35.0,-0.255435,-0.273845
204.23,35.0,-0.262283,-0.280653
206.68,35.0,-0.269067,-0.287459
208.78,35.0,-0.27695,-0.294812
211.05,35.0,-0.285589,-0.303451
213.15,35.0,-0.296756,-0.314671
215.43,35.0,-0.309668,-0.327114
217.7,35.0,-0.321313,-0.338867
219.98,35.0,-0.329227,-0.346605
222.25,35.0,-0.334258,-0.351713
224.53,35.0,-0.336285,-0.353617
226.8,35.0,-0.336901,-0.354239
228.9,35.0,-0.337027,-0.354313
231.18,35.0,-0.3385,-0.355743
233.45,35.0,-0.343411,-0.360743
235.55,35.0,-0.353768,-0.370727
237.83,35.0,-0.368355,-0.385225
239.93,35.0,-0.38269,-0.399436
242.55,35.0,-0.392927,-0.409298
244.65,35.0,-0.395037,-0.411473
246.93,35.0,-0.391137,-0.407921
249.2,35.0,-0.383786,-0.400311
251.48,35.0,-0.374945,-0.391722
253.75,35.0,-0.368623,-0.385468
255.85,35.0,-0.364301,-0.38147
258.13,35.0,-0.362915,-0.379957
260.58,35.0,-0.3661,-0.382982
262.68,35.0,-0.375006,-0.391963
264.95,35.0,-0.389458,-0.406205
267.23,35.0,-0.403355,-0.420043
269.85,35.0,-0.415502,-0.431744
271.95,35.0,-0.420721,-0.437132
274.23,35.0,-0.422341,-0.438632
276.33,35.0,-0.417656,-0.43411
278.6,35.0,-0.4074,-0.423916
280.88,35.0,-0.393712,-0.410339
283.15,35.0,-0.378959,-0.395878
285.43,35.0,-0.366839,-0.383703
287.7,35.0,-0.359258,-0.376519
289.8,35.0,-0.354603,-0.371842
292.08,35.0,-0.351134,-0.368497
294.35,35.0,-0.346729,-0.364122
296.45,35.0,-0.34102,-0.358183
298.73,35.0,-0.334741,-0.35224
301.0,35.0,-0.327942,-0.345459
303.1,35.0,-0.320324,-0.337908
305.38,35.0,-0.311294,-0.328922
307.48,35.0,-0.301602,-0.319507
309.75,35.0,-0.291667,-0.309686
312.03,35.0,-0.280841,-0.298981
314.3,35.0,-0.272693,-0.290872
316.4,35.0,-0.26687,-0.285031
318.68,35.0,-0.263759,-0.281957
320.95,35.0,-0.2633,-0.281467
323.05,35.0,-0.263247,-0.281562
325.33,35.0,-0.263016,-0.281189
327.6,35.0,-0.260561,-0.278916
329.7,35.0,-0.255278,-0.273605
331.98,35.0,-0.247095,-0.26582
334.25,35.0,-0.236833,-0.255469
336.35,35.0,-0.224692,-0.24346
338.63,35.0,-0.21191,-0.230811
340.9,35.0,-0.198559,-0.217742
343.0,35.0,-0.184689,-0.203978
345.28,35.0,-0.170786,-0.190259
347.55,35.0,-0.158121,-0.177727
349.65,35.0,-0.145968,-0.165638
351.93,35.0,-0.133235,-0.153392
354.2,35.0,-0.120731,-0.14078
356.3,35.0,-0.107918,-0.128263
358.58,35.0,-0.094964,-0.115392
360.85,35.0,-0.082018,-0.102798
362.95,35.0,-0.069283,-0.090099
365.23,35.0,-0.057265,-0.078232
367.33,35.0,-0.046335,-0.067305
369.6,35.0,-0.036276,-0.057564
371.88,35.0,-0.027222,-0.048543
374.15,35.0,-0.018932,-0.04042
376.25,35.0,-0.011803,-0.033322
378.53,35.0,-0.004536,-0.02599
380.8,35.0,0.003533,-0.018088
382.9,35.0,0.013388,-0.008266
385.18,35.0,0.025135,0.002957
387.28,35.0,0.038613,0.01653
389.55,35.0,0.054925,0.032365
391.83,35.0,0.069281,0.046709
394.1,35.0,0.08475,0.062177
396.38,35.0,0.09942,0.076527
398.48,35.0,0.11283,0.08982
400.75,35.0,0.125221,0.101968
403.03,35.0,0.137362,0.114069
405.13,35.0,0.150655,0.127266
407.4,35.0,0.165695,0.141965
409.68,35.0,0.182793,0.15901
411.78,35.0,0.201336,0.177282
414.05,35.0,0.221274,0.196545
416.33,35.0,0.240803,0.216194
418.6,35.0,0.260381,0.23527
420.7,35.0,0.279189,0.254133
422.98,35.0,0.298887,0.273258
425.25,35.0,0.317263,0.291656
427.18,35.0,0.333585,0.307959
429.8,35.0,0.349112,0.323304
431.9,35.0,0.363877,0.33779
434.18,35.0,0.378865,0.352528
436.45,35.0,0.395051,0.368468
438.55,35.0,0.411761,0.385002
440.83,35.0,0.429552,0.402559
443.1,35.0,0.448409,0.421068
445.2,35.0,0.468806,0.441172
447.48,35.0,0.49104,0.46332
449.75,35.0,0.514278,0.486228
451.85,35.0,0.537438,0.509056
454.13,35.0,0.561508,0.532713
456.23,35.0,0.586428,0.55766
458.5,35.0,0.613655,0.584364
460.78,35.0,0.64242,0.612654
463.05,35.0,0.674391,0.644231
465.15,35.0,0.709367,0.678843
467.43,35.0,0.747426,0.716514
469.7,35.0,0.790257,0.758821
471.8,35.0,0.83494,0.802826
474.25,35.0,0.888479,0.855482
476.53,35.0,0.939295,0.905562
478.63,35.0,0.992453,0.958288
480.9,35.0,1.046757,1.011951
483.18,35.0,1.106544,1.070796
485.28,35.0,1.166341,1.129899
487.55,35.0,1.231264,1.194141
489.83,35.0,1.301264,1.263346
492.28,35.0,1.384628,1.345275
494.38,35.0,1.457757,1.417936
496.65,35.0,1.534322,1.493407
498.93,35.0,1.6113,1.569442
501.55,35.0,1.696442,1.653078
503.65,35.0,1.76248,1.718623
505.93,35.0,1.817772,1.773305
508.03,35.0,1.858891,1.814039
510.65,35.0,1.878709,1.832991
512.75,35.0,1.870659,1.825576
515.03,35.0,1.837246,1.792782
517.3,35.0,1.781287,1.737652
519.75,35.0,1.695385,1.652304
521.85,35.0,1.606377,1.564889
524.13,35.0,1.507499,1.467249
526.23,35.0,1.402721,1.36379
528.68,35.0,1.286532,1.248962
530.95,35.0,1.186769,1.150401
533.05,35.0,1.088864,1.053707
535.33,35.0,0.995734,0.961991
537.78,35.0,0.899086,0.866144
540.05,35.0,0.822478,0.790697
542.33,35.0,0.751708,0.720728
544.6,35.0,0.690017,0.659743
547.05,35.0,0.628575,0.599043
549.33,35.0,0.581508,0.553048
551.6,35.0,0.540494,0.511936
553.7,35.0,0.504096,0.476225
556.15,35.0,0.467516,0.44002
558.43,35.0,0.440183,0.413212
560.53,35.0,0.414697,0.388123
562.8,35.0,0.390593,0.363961
565.43,35.0,0.363656,0.337463
567.53,35.0,0.341447,0.315609
569.8,35.0,0.316893,0.29141
572.08,35.0,0.289281,0.264084
574.35,35.0,0.258791,0.233816
576.63,35.0,0.228782,0.204401
578.73,35.0,0.198896,0.175107
581.0,35.0,0.170538,0.147029
583.28,35.0,0.141231,0.117867
585.38,35.0,0.112923,0.090267
587.65,35.0,0.086462,0.063865
589.93,35.0,0.065708,0.04332
592.2,35.0,0.050295,0.028289
594.3,35.0,0.039688,0.017686
596.58,35.0,0.031367,0.00934
598.68,35.0,0.025917,0.004103
600.95,35.0,0.023058,0.001235
603.23,35.0,0.022473,0.000495
605.33,35.0,0.022396,0.000415
607.6,35.0,0.019633,-0.002142
609.88,35.0,0.014063,-0.007598
611.98,35.0,0.004155,-0.017635
614.25,35.0,-0.009517,-0.031042
616.53,35.0,-0.024511,-0.045638
618.63,35.0,-0.036917,-0.05806
620.9,35.0,-0.045953,-0.067197
623.18,35.0,-0.050041,-0.071131
625.28,35.0,-0.051165,-0.072163
627.55,35.0,-0.049628,-0.070577
629.65,35.0,-0.047521,-0.068562
631.93,35.0,-0.046196,-0.067256
634.2,35.0,-0.046141,-0.067194
636.48,35.0,-0.047906,-0.069012
638.58,35.0,-0.053408,-0.074384
640.85,35.0,-0.062228,-0.082832
643.13,35.0,-0.074147,-0.094745
645.23,35.0,-0.088473,-0.109009
647.5,35.0,-0.103482,-0.123599
649.78,35.0,-0.117388,-0.13745
652.05,35.0,-0.129267,-0.149261
654.15,35.0,-0.138445,-0.158272
656.43,35.0,-0.144936,-0.164751
658.7,35.0,-0.149372,-0.169153
660.8,35.0,-0.152357,-0.172055
663.08,35.0,-0.154452,-0.174113
665.18,35.0,-0.156827,-0.176476
667.45,35.0,-0.159665,-0.179172
669.73,35.0,-0.162256,-0.181852
672.0,35.0,-0.164822,-0.184267
674.1,35.0,-0.166947,-0.186596
676.55,35.0,-0.168417,-0.187816
678.83,35.0,-0.169119,-0.188617
680.93,35.0,-0.169233,-0.188719
683.2,35.0,-0.168713,-0.188248
685.48,35.0,-0.167841,-0.187382
687.58,35.0,-0.166448,-0.185996
689.85,35.0,-0.165281,-0.184831
692.13,35.0,-0.164939,-0.184431
694.23,35.0,-0.166147,-0.18545
696.5,35.0,-0.167517,-0.186917
698.6,35.0,-0.169233,-0.188777
700.88,35.0,-0.170034,-0.189486
703.15,35.0,-0.169973,-0.189612
705.43,35.0,-0.168904,-0.188457
707.7,35.0,-0.165632,-0.185204
709.8,35.0,-0.161063,-0.18053
11.55,70.0,0.035588,0.013231
13.83,70.0,0.041823,0.019747
16.28,70.0,0.049663,0.027359
18.38,70.0,0.056133,0.033718
20.65,70.0,0.060427,0.037883
22.93,70.0,0.062695,0.040258
25.03,70.0,0.064747,0.042325
27.3,70.0,0.06523,0.042849
29.58,70.0,0.065098,0.042624
31.68,70.0,0.065757,0.043219
33.95,70.0,0.067753,0.04515
36.05,70.0,0.071324,0.048838
38.33,70.0,0.073902,0.051469
40.43,70.0,0.073283,0.050813
42.88,70.0,0.067827,0.045227
45.15,70.0,0.059743,0.037442
47.43,70.0,0.04999,0.0278
49.53,70.0,0.040905,0.018708
51.8,70.0,0.03129,0.009214
53.9,70.0,0.021795,-9e-05
56.35,70.0,0.011478,-0.0103
58.45,70.0,0.000391,-0.021221
60.55,70.0,-0.011251,-0.032838
63.18,70.0,-0.020722,-0.042071
65.28,70.0,-0.030266,-0.051368
67.55,70.0,-0.039203,-0.060219
69.83,70.0,-0.048525,-0.069548
71.93,70.0,-0.060454,-0.081088
74.2,70.0,-0.075112,-0.095731
76.3,70.0,-0.092607,-0.112856
78.58,70.0,-0.109865,-0.129831
80.68,70.0,-0.125155,-0.145204
82.95,70.0,-0.13919,-0.158814
85.23,70.0,-0.152668,-0.172339
87.33,70.0,-0.165305,-0.18485
89.6,70.0,-0.176775,-0.1961
91.88,70.0,-0.18611,-0.205382
94.15,70.0,-0.195312,-0.21428
96.25,70.0,-0.205764,-0.224535
98.53,70.0,-0.219116,-0.237927
100.8,70.0,-0.234221,-0.252995
102.9,70.0,-0.248919,-0.26765
105.18,70.0,-0.2631,-0.281362
107.45,70.0,-0.275296,-0.293503
109.55,70.0,-0.283183,-0.301307
111.83,70.0,-0.288226,-0.306106
114.1,70.0,-0.293226,-0.310872
116.2,70.0,-0.301719,-0.319393
118.48,70.0,-0.314748,-0.332382
120.58,70.0,-0.32935,-0.346747
122.85,70.0,-0.343053,-0.360163
124.95,70.0,-0.353903,-0.370931
127.23,70.0,-0.361374,-0.378281
129.5,70.0,-0.365441,-0.38236
131.78,70.0,-0.367006,-0.38382
133.88,70.0,-0.367147,-0.383996
136.15,70.0,-0.365835,-0.382856
138.25,70.0,-0.363537,-0.380395
140.53,70.0,-0.360237,-0.377249
142.8,70.0,-0.356565,-0.373543
145.08,70.0,-0.354144,-0.371359
147.35,70.0,-0.352801,-0.369942
149.45,70.0,-0.352147,-0.368999
151.73,70.0,-0.351026,-0.368229
154.0,70.0,-0.349615,-0.366759
156.1,70.0,-0.347132,-0.364202
158.38,70.0,-0.343663,-0.360924
160.65,70.0,-0.339643,-0.357049
162.75,70.0,-0.335918,-0.353266
165.03,70.0,-0.332412,-0.349852
167.3,70.0,-0.330244,-0.347868
169.4,70.0,-0.33016,-0.347459
171.68,70.0,-0.331497,-0.348783
173.95,70.0,-0.333876,-0.351165
176.23,70.0,-0.335814,-0.353426
178.5,70.0,-0.336497,-0.353928
180.6,70.0,-0.335733,-0.352948
182.88,70.0,-0.333364,-0.350767
185.15,70.0,-0.330792,-0.348346
187.25,70.0,-0.329027,-0.346538
189.53,70.0,-0.329085,-0.346427
191.98,70.0,-0.330444,-0.348019
194.25,70.0,-0.332724,-0.34992
196.35,70.0,-0.33541,-0.352902
198.63,70.0,-0.338648,-0.355887
200.9,70.0,-0.341944,-0.359276
203.18,70.0,-0.346069,-0.363321
205.45,70.0,-0.350912,-0.368136
207.55,70.0,-0.35732,-0.37415
209.83,70.0,-0.365647,-0.382529
212.1,70.0,-0.375857,-0.392779
214.38,70.0,-0.39179,-0.408352
216.48,70.0,-0.41028,-0.42667
218.75,70.0,-0.427733,-0.44374
221.03,70.0,-0.43907,-0.455083
223.13,70.0,-0.442452,-0.458278
225.4,70.0,-0.437662,-0.453629
227.68,70.0,-0.426232,-0.442526
229.95,70.0,-0.411331,-0.427502
232.05,70.0,-0.396217,-0.412631
234.33,70.0,-0.383337,-0.400339
236.6,70.0,-0.37452,-0.391393
238.7,70.0,-0.371239,-0.38801
240.98,70.0,-0.374098,-0.390844
243.25,70.0,-0.383913,-0.400669
245.35,70.0,-0.394748,-0.411303
247.63,70.0,-0.401581,-0.418084
249.9,70.0,-0.402548,-0.419165
252.0,70.0,-0.399116,-0.415533
254.28,70.0,-0.392748,-0.409396
256.55,70.0,-0.386913,-0.403571
258.65,70.0,-0.383075,-0.399877
260.93,70.0,-0.378894,-0.39557
263.2,70.0,-0.373293,-0.390083
265.3,70.0,-0.3659,-0.38268
267.58,70.0,-0.357015,-0.374221
269.68,70.0,-0.348996,-0.365971
271.95,70.0,-0.3424,-0.359652
274.23,70.0,-0.338857,-0.356041
276.5,70.0,-0.338309,-0.355669
278.78,70.0,-0.339215,-0.356534
281.05,70.0,-0.340721,-0.35777
283.15,70.0,-0.341405,-0.358574
285.43,70.0,-0.341051,-0.358235
287.7,70.0,-0.340385,-0.357717
289.98,70.0,-0.338937,-0.356168
292.08,70.0,-0.335653,-0.352927
294.35,70.0,-0.331026,-0.348318
296.63,70.0,-0.325182,-0.342693
298.9,70.0,-0.319064,-0.336713
301.0,70.0,-0.310367,-0.327958
303.45,70.0,-0.300524,-0.318324
305.55,70.0,-0.292677,-0.31037
307.83,70.0,-0.286963,-0.305062
309.93,70.0,-0.283657,-0.301504
312.2,70.0,-0.281501,-0.299637
314.48,70.0,-0.280259,-0.298133
316.75,70.0,-0.27801,-0.296263
318.85,70.0,-0.27407,-0.292299
321.13,70.0,-0.266975,-0.285151
323.23,70.0,-0.257092,-0.275666
325.5,70.0,-0.246288,-0.264846
327.78,70.0,-0.234347,-0.252967
329.88,70.0,-0.222909,-0.241741
332.15,70.0,-0.21236,-0.231029
334.43,70.0,-0.201411,-0.220564
336.7,70.0,-0.19065,-0.209717
338.8,70.0,-0.179615,-0.198824
341.08,70.0,-0.168556,-0.188198
343.35,70.0,-0.156707,-0.176294
345.45,70.0,-0.145238,-0.164825
347.73,70.0,-0.133168,-0.153115
349.83,70.0,-0.120607,-0.140647
352.1,70.0,-0.107533,-0.127755
354.38,70.0,-0.094101,-0.114508
356.48,70.0,-0.081424,-0.10216
358.75,70.0,-0.070681,-0.091375
361.03,70.0,-0.061304,-0.082157
363.13,70.0,-0.052804,-0.073993
365.4,70.0,-0.046153,-0.067176
367.5,70.0,-0.039332,-0.060567
369.78,70.0,-0.032672,-0.053916
372.05,70.0,-0.026033,-0.047148
374.15,70.0,-0.018041,-0.039455
376.43,70.0,-0.009616,-0.030993
378.53,70.0,0.001626,-0.019948
380.8,70.0,0.015742,-0.005968
383.08,70.0,0.031792,0.009744
385.35,70.0,0.046835,0.024731
387.45,70.0,0.060085,0.037787
389.73,70.0,0.070052,0.047313
392.0,70.0,0.077827,0.055289
394.1,70.0,0.085403,0.062664
396.38,70.0,0.092454,0.069525
398.48,70.0,0.100911,0.077901
400.75,70.0,0.110011,0.086909
403.03,70.0,0.120523,0.09739
405.3,70.0,0.130837,0.107766
407.58,70.0,0.141777,0.118185
409.85,70.0,0.152479,0.128758
411.95,70.0,0.161915,0.138191
414.23,70.0,0.171179,0.147587
416.5,70.0,0.181086,0.157156
418.6,70.0,0.190908,0.166977
420.88,70.0,0.201502,0.177574
422.98,70.0,0.212919,0.188751
425.25,70.0,0.225443,0.200868
427.53,70.0,0.238881,0.21409
429.8,70.0,0.25239,0.227504
432.08,70.0,0.265849,0.240954
434.35,70.0,0.2797,0.254537
436.45,70.0,0.292818,0.267405
438.73,70.0,0.305255,0.279706
441.0,70.0,0.314882,0.289176
443.1,70.0,0.322842,0.297229
445.38,70.0,0.330387,0.304802
447.65,70.0,0.339071,0.313243
449.75,70.0,0.350128,0.324269
452.03,70.0,0.364241,0.338067
454.13,70.0,0.381921,0.355418
456.4,70.0,0.403193,0.376561
458.68,70.0,0.427374,0.400273
460.78,70.0,0.452411,0.424986
463.05,70.0,0.478948,0.451357
464.98,70.0,0.508594,0.480556
467.6,70.0,0.537543,0.50917
469.7,70.0,0.566391,0.537632
471.98,70.0,0.59518,0.566043
474.25,70.0,0.624767,0.595162
476.53,70.0,0.652488,0.622737
478.8,70.0,0.680115,0.649918
481.08,70.0,0.708264,0.677814
483.18,70.0,0.735981,0.705137
485.45,70.0,0.763951,0.732826
487.73,70.0,0.79375,0.762244
490.0,70.0,0.822724,0.790818
492.1,70.0,0.852133,0.81977
494.38,70.0,0.885559,0.852743
496.48,70.0,0.920007,0.886816
498.93,70.0,0.956319,0.922576
501.03,70.0,0.9957,0.961538
503.3,70.0,1.036597,1.001809
505.4,70.0,1.080768,1.045595
507.68,70.0,1.12704,1.091245
509.6,70.0,1.177632,1.14115
512.23,70.0,1.232172,1.195112
514.33,70.0,1.288703,1.25078
516.6,70.0,1.347949,1.309224
518.88,70.0,1.409544,1.369991
521.15,70.0,1.475468,1.435219
523.43,70.0,1.539932,1.498925
525.53,70.0,1.608019,1.566106
527.8,70.0,1.679319,1.63659
530.08,70.0,1.750641,1.706854
532.18,70.0,1.816164,1.771959
534.45,70.0,1.871374,1.826272
536.73,70.0,1.904152,1.858924
538.83,70.0,1.91154,1.866173
541.1,70.0,1.891318,1.846035
543.38,70.0,1.842846,1.798379
545.65,70.0,1.77301,1.729236
547.93,70.0,1.687551,1.645102
550.03,70.0,1.592197,1.550684
552.3,70.0,1.495465,1.455271
554.58,70.0,1.396556,1.357847
556.85,70.0,1.300697,1.262862
558.95,70.0,1.209483,1.173165
561.23,70.0,1.123106,1.087616
563.5,70.0,1.042277,1.007804
565.6,70.0,0.964406,0.93079
567.88,70.0,0.892108,0.859376
570.15,70.0,0.823781,0.792028
572.43,70.0,0.756797,0.725707
574.53,70.0,0.696055,0.665639
576.8,70.0,0.638258,0.608661
578.9,70.0,0.584829,0.556289
581.18,70.0,0.538165,0.509712
583.45,70.0,0.495645,0.468021
585.55,70.0,0.461166,0.4336
587.83,70.0,0.433307,0.406342
589.93,70.0,0.40946,0.382574
592.2,70.0,0.387781,0.361345
594.48,70.0,0.367312,0.34124
596.75,70.0,0.345886,0.320045
599.03,70.0,0.322858,0.297177
601.13,70.0,0.299028,0.27368
603.4,70.0,0.275378,0.250353
605.68,70.0,0.253893,0.228973
607.95,70.0,0.234552,0.209984
610.05,70.0,0.216672,0.192611
612.33,70.0,0.19991,0.176025
614.6,70.0,0.183576,0.159876
616.7,70.0,0.167901,0.144149
618.98,70.0,0.150209,0.126629
621.25,70.0,0.13092,0.107846
623.35,70.0,0.110883,0.087963
625.63,70.0,0.091472,0.068832
627.73,70.0,0.072929,0.050415
630.0,70.0,0.054361,0.032174
632.28,70.0,0.034805,0.012769
634.55,70.0,0.015126,-0.006695
636.65,70.0,-0.001935,-0.023349
638.93,70.0,-0.016667,-0.03794
641.2,70.0,-0.029995,-0.051362
643.3,70.0,-0.041291,-0.062471
645.58,70.0,-0.050614,-0.071553
647.85,70.0,-0.057511,-0.078383
650.13,70.0,-0.061596,-0.082379
652.4,70.0,-0.063904,-0.084726
654.68,70.0,-0.065435,-0.086147
656.78,70.0,-0.067342,-0.087998
659.05,70.0,-0.069498,-0.090262
661.33,70.0,-0.07277,-0.093423
663.43,70.0,-0.076415,-0.097095
665.7,70.0,-0.080669,-0.10135
667.98,70.0,-0.085604,-0.106153
670.08,70.0,-0.091399,-0.111831
672.35,70.0,-0.096624,-0.116929
674.63,70.0,-0.102302,-0.122631
676.9,70.0,-0.107933,-0.12801
679.18,70.0,-0.112709,-0.132745
681.28,70.0,-0.117579,-0.137545
683.55,70.0,-0.122197,-0.142206
685.83,70.0,-0.125894,-0.1459
687.93,70.0,-0.128928,-0.148972
690.2,70.0,-0.130959,-0.151008
692.48,70.0,-0.132037,-0.151997
694.58,70.0,-0.132111,-0.151834
696.85,70.0,-0.131606,-0.151439
699.13,70.0,-0.130706,-0.150521
701.23,70.0,-0.128568,-0.1485
703.5,70.0,-0.125614,-0.145768
705.78,70.0,-0.122619,-0.142638
707.88,70.0,-0.11932,-0.139387
710.15,70.0,-0.115152,-0.135333
11.55,105.0,0.442315,0.41433
13.65,105.0,0.476721,0.448828
15.93,105.0,0.512854,0.484684
18.2,105.0,0.544062,0.515427
20.48,105.0,0.569315,0.540473
22.58,105.0,0.588021,0.559127
24.85,105.0,0.597802,0.568754
27.13,105.0,0.599308,0.570285
29.4,105.0,0.595846,0.566893
31.68,105.0,0.588976,0.560125
33.78,105.0,0.580217,0.551634
36.05,105.0,0.569604,0.541132
38.15,105.0,0.557885,0.529157
40.43,105.0,0.543957,0.515541
42.7,105.0,0.527941,0.499706
44.8,105.0,0.510501,0.48254
47.08,105.0,0.491443,0.463856
49.35,105.0,0.470516,0.443052
51.45,105.0,0.445753,0.418723
53.73,105.0,0.415935,0.389238
55.83,105.0,0.382796,0.356345
58.28,105.0,0.350978,0.325153
60.38,105.0,0.31877,0.293015
62.65,105.0,0.285301,0.260159
64.93,105.0,0.253671,0.229102
67.03,105.0,0.222544,0.198163
69.3,105.0,0.190985,0.167001
71.4,105.0,0.162464,0.138767
73.68,105.0,0.13616,0.11295
75.78,105.0,0.111043,0.087972
78.23,105.0,0.087461,0.064944
80.33,105.0,0.063138,0.040945
82.6,105.0,0.035985,0.01409
84.7,105.0,0.005144,-0.016556
86.98,105.0,-0.023904,-0.045179
89.25,105.0,-0.049086,-0.069979
91.35,105.0,-0.069693,-0.090333
93.63,105.0,-0.085118,-0.105678
95.9,105.0,-0.095336,-0.115875
98.18,105.0,-0.10407,-0.124067
100.28,105.0,-0.11229,-0.13253
102.55,105.0,-0.123519,-0.143516
104.83,105.0,-0.136904,-0.15663
106.93,105.0,-0.151769,-0.171584
109.2,105.0,-0.168469,-0.187819
111.3,105.0,-0.186467,-0.205589
113.58,105.0,-0.205573,-0.224588
115.85,105.0,-0.223938,-0.242539
118.13,105.0,-0.241039,-0.259671
120.23,105.0,-0.255774,-0.274005
122.5,105.0,-0.266769,-0.28492
124.6,105.0,-0.274464,-0.292665
126.88,105.0,-0.281156,-0.299159
129.15,105.0,-0.290422,-0.308386
131.43,105.0,-0.301353,-0.31907
133.7,105.0,-0.311522,-0.329236
135.98,105.0,-0.322181,-0.33959
138.08,105.0,-0.332298,-0.349618
140.35,105.0,-0.342234,-0.359529
142.63,105.0,-0.35086,-0.368081
144.73,105.0,-0.359523,-0.376353
147.0,105.0,-0.369181,-0.386014
149.28,105.0,-0.379175,-0.395841
151.38,105.0,-0.388762,-0.405271
153.65,105.0,-0.396947,-0.413432
155.93,105.0,-0.403281,-0.419797
158.03,105.0,-0.408531,-0.425089
160.3,105.0,-0.414113,-0.430475
162.58,105.0,-0.419717,-0.435875
164.68,105.0,-0.425863,-0.441956
166.95,105.0,-0.431106,-0.447107
169.05,105.0,-0.435376,-0.451531
171.33,105.0,-0.439116,-0.455092
173.6,105.0,-0.442717,-0.458814
175.88,105.0,-0.447471,-0.463454
178.15,105.0,-0.455511,-0.471374
180.43,105.0,-0.467055,-0.482415
182.53,105.0,-0.480173,-0.495641
184.8,105.0,-0.491833,-0.507206
187.08,105.0,-0.497261,-0.512683
189.35,105.0,-0.495197,-0.510397
191.45,105.0,-0.487307,-0.502803
193.73,105.0,-0.476047,-0.491617
196.0,105.0,-0.463444,-0.479067
198.1,105.0,-0.452776,-0.468568
200.38,105.0,-0.446128,-0.462215
202.65,105.0,-0.446322,-0.462443
204.75,105.0,-0.452375,-0.46821
207.03,105.0,-0.462462,-0.478078
209.3,105.0,-0.472853,-0.488398
211.4,105.0,-0.479861,-0.495425
213.68,105.0,-0.481192,-0.496867
216.13,105.0,-0.474017,-0.48947
218.4,105.0,-0.45992,-0.475644
220.68,105.0,-0.440613,-0.456507
223.13,105.0,-0.41594,-0.432295
225.4,105.0,-0.391944,-0.408691
227.85,105.0,-0.371852,-0.388734
229.95,105.0,-0.358056,-0.375265
232.23,105.0,-0.35074,-0.367739
234.33,105.0,-0.347252,-0.364553
236.6,105.0,-0.345425,-0.36268
238.88,105.0,-0.343685,-0.360961
240.98,105.0,-0.341556,-0.358734
243.25,105.0,-0.339116,-0.356239
245.35,105.0,-0.335567,-0.352927
247.63,105.0,-0.331775,-0.349304
249.9,105.0,-0.328944,-0.346479
252.18,105.0,-0.32813,-0.345468
254.28,105.0,-0.328586,-0.346082
256.55,105.0,-0.330604,-0.348173
258.83,105.0,-0.333016,-0.350222
260.93,105.0,-0.334443,-0.351753
263.2,105.0,-0.334778,-0.352037
265.3,105.0,-0.333586,-0.350983
267.58,105.0,-0.331479,-0.348919
270.03,105.0,-0.329011,-0.346362
272.13,105.0,-0.326362,-0.343777
274.4,105.0,-0.323703,-0.341106
276.68,105.0,-0.320518,-0.338189
278.95,105.0,-0.31825,-0.335656
281.23,105.0,-0.317252,-0.334871
283.5,105.0,-0.316701,-0.334168
285.78,105.0,-0.314489,-0.332107
287.88,105.0,-0.310355,-0.328044
290.5,105.0,-0.304461,-0.322135
292.6,105.0,-0.298448,-0.316189
294.88,105.0,-0.291091,-0.30886
296.98,105.0,-0.281079,-0.299033
299.25,105.0,-0.269649,-0.287828
301.53,105.0,-0.260401,-0.278623
303.8,105.0,-0.254418,-0.273019
306.08,105.0,-0.251421,-0.26992
308.18,105.0,-0.250364,-0.26875
310.45,105.0,-0.248941,-0.267218
312.73,105.0,-0.245946,-0.264452
314.83,105.0,-0.238947,-0.257474
317.1,105.0,-0.229172,-0.247967
319.38,105.0,-0.216455,-0.235496
321.65,105.0,-0.202764,-0.221636
323.75,105.0,-0.188174,-0.20736
326.03,105.0,-0.173842,-0.193275
328.3,105.0,-0.159769,-0.17935
330.4,105.0,-0.147558,-0.167098
332.68,105.0,-0.135835,-0.15586
334.95,105.0,-0.124609,-0.144545
337.05,105.0,-0.113762,-0.133725
339.33,105.0,-0.102416,-0.122656
341.6,105.0,-0.091951,-0.112333
343.7,105.0,-0.082243,-0.102937
345.98,105.0,-0.075232,-0.096005
348.25,105.0,-0.068707,-0.089434
350.35,105.0,-0.062419,-0.083383
352.63,105.0,-0.056526,-0.077404
354.9,105.0,-0.051541,-0.072656
357.0,105.0,-0.04761,-0.068605
359.28,105.0,-0.045118,-0.066205
361.55,105.0,-0.04286,-0.06391
363.65,105.0,-0.040087,-0.061421
365.93,105.0,-0.036513,-0.05769
368.2,105.0,-0.031714,-0.052893
370.3,105.0,-0.027105,-0.048186
372.58,105.0,-0.021205,-0.042635
374.85,105.0,-0.012613,-0.03424
376.95,105.0,-0.001612,-0.023038
379.23,105.0,0.012455,-0.009526
381.5,105.0,0.026614,0.004817
383.95,105.0,0.042528,0.020101
386.05,105.0,0.053228,0.031041
388.33,105.0,0.062572,0.040267
390.6,105.0,0.071515,0.048856
392.7,105.0,0.079026,0.056484
394.98,105.0,0.086906,0.064152
397.25,105.0,0.09304,0.070175
399.53,105.0,0.097535,0.074836
401.63,105.0,0.101244,0.078332
403.9,105.0,0.104349,0.08161
406.18,105.0,0.107381,0.084485
408.28,105.0,0.108927,0.085951
410.55,105.0,0.10836,0.08527
412.65,105.0,0.106453,0.083668
414.93,105.0,0.10466,0.081749
417.2,105.0,0.106028,0.083231
419.3,105.0,0.111971,0.088936
421.58,105.0,0.122473,0.09938
423.85,105.0,0.135748,0.112458
425.95,105.0,0.149728,0.126265
428.23,105.0,0.163992,0.140329
430.5,105.0,0.178637,0.154796
432.78,105.0,0.193502,0.169537
435.05,105.0,0.2084,0.184029
437.15,105.0,0.222728,0.198138
439.43,105.0,0.235926,0.211105
441.7,105.0,0.247297,0.222386
443.98,105.0,0.255932,0.231237
446.08,105.0,0.260997,0.235966
448.35,105.0,0.262152,0.237257
450.45,105.0,0.260402,0.235547
452.73,105.0,0.256114,0.231265
455.0,105.0,0.25076,0.226123
457.28,105.0,0.246093,0.221407
459.38,105.0,0.243816,0.219059
461.65,105.0,0.24275,0.218184
463.93,105.0,0.243551,0.218856
466.03,105.0,0.246613,0.221841
468.3,105.0,0.252525,0.227639
470.4,105.0,0.261416,0.236644
472.68,105.0,0.273462,0.24832
474.95,105.0,0.288058,0.262796
477.23,105.0,0.305301,0.279706
479.5,105.0,0.323381,0.297617
481.6,105.0,0.341379,0.315347
483.88,105.0,0.359946,0.333702
486.15,105.0,0.37884,0.352288
488.25,105.0,0.398394,0.371789
490.53,105.0,0.417999,0.391176
492.8,105.0,0.439321,0.41205
494.9,105.0,0.461459,0.434118
497.18,105.0,0.487454,0.459835
499.45,105.0,0.517303,0.488942
501.55,105.0,0.548936,0.52031
503.83,105.0,0.582343,0.553477
506.1,105.0,0.61905,0.589546
508.2,105.0,0.657315,0.627454
510.48,105.0,0.699943,0.669453
512.75,105.0,0.744977,0.713901
514.85,105.0,0.794727,0.76294
517.13,105.0,0.846532,0.814336
519.4,105.0,0.905251,0.872124
521.68,105.0,0.966242,0.932364
523.78,105.0,1.029271,0.994579
525.88,105.0,1.094532,1.058975
528.15,105.0,1.159616,1.12334
530.43,105.0,1.224569,1.187582
532.7,105.0,1.288035,1.250136
534.8,105.0,1.34911,1.310629
537.08,105.0,1.41074,1.371485
539.35,105.0,1.472277,1.432123
541.63,105.0,1.532462,1.491571
543.73,105.0,1.594165,1.552341
546.0,105.0,1.653832,1.611359
548.28,105.0,1.715967,1.672726
550.55,105.0,1.7787,1.734621
552.65,105.0,1.837258,1.792566
554.93,105.0,1.887566,1.842292
557.2,105.0,1.926608,1.88105
559.3,105.0,1.955061,1.909008
561.58,105.0,1.972535,1.926139
563.85,105.0,1.98024,1.933813
566.13,105.0,1.977929,1.931608
568.23,105.0,1.965489,1.91939
570.5,105.0,1.942828,1.89695
572.78,105.0,1.911226,1.865853
574.88,105.0,1.874966,1.829953
577.15,105.0,1.831657,1.787369
579.43,105.0,1.784701,1.740998
581.53,105.0,1.734917,1.691827
583.8,105.0,1.684063,1.641439
586.08,105.0,1.631553,1.589683
588.35,105.0,1.57866,1.537341
590.63,105.0,1.523386,1.482767
592.9,105.0,1.472425,1.432576
595.0,105.0,1.420296,1.381208
597.28,105.0,1.370262,1.331707
599.55,105.0,1.319218,1.281325
601.83,105.0,1.271569,1.234082
603.93,105.0,1.224874,1.188189
606.2,105.0,1.180524,1.144271
608.65,105.0,1.132755,1.09692
610.75,105.0,1.091097,1.055971
613.03,105.0,1.048679,1.01399
615.3,105.0,1.00814,0.974071
617.4,105.0,0.964754,0.931239
619.68,105.0,0.924391,0.891458
621.78,105.0,0.881705,0.849228
624.05,105.0,0.84014,0.808291
626.33,105.0,0.799311,0.767872
628.43,105.0,0.757965,0.727084
630.7,105.0,0.719123,0.688624
632.98,105.0,0.679813,0.649838
635.08,105.0,0.643313,0.613831
637.35,105.0,0.608045,0.578948
639.45,105.0,0.573286,0.544601
641.73,105.0,0.540833,0.512537
644.0,105.0,0.509863,0.481764
646.1,105.0,0.479752,0.452035
648.38,105.0,0.451804,0.424703
650.65,105.0,0.426896,0.399937
652.75,105.0,0.403588,0.376866
655.03,105.0,0.381816,0.355356
657.3,105.0,0.361579,0.335593
659.4,105.0,0.343076,0.317288
661.68,105.0,0.324925,0.299284
663.95,105.0,0.307275,0.281967
666.05,105.0,0.290729,0.265701
668.33,105.0,0.27495,0.249993
670.6,105.0,0.260578,0.235689
672.88,105.0,0.246807,0.222325
674.98,105.0,0.234518,0.209947
677.25,105.0,0.223172,0.198801
679.53,105.0,0.212648,0.188529
681.63,105.0,0.202821,0.178825
683.9,105.0,0.193905,0.169928
686.18,105.0,0.185517,0.16161
688.28,105.0,0.177747,0.153801
690.55,105.0,0.170039,0.146318
692.83,105.0,0.163425,0.139651
695.1,105.0,0.158838,0.135233
697.38,105.0,0.155954,0.132285
699.65,105.0,0.155584,0.131992
701.93,105.0,0.157759,0.134235
704.03,105.0,0.162556,0.138791
706.3,105.0,0.16938,0.145671
708.58,105.0,0.178955,0.154987
710.68,105.0,0.190563,0.166367
10.68,140.0,1.460185,1.418632
12.95,140.0,1.483716,1.443053
15.4,140.0,1.488833,1.448001
17.85,140.0,1.489412,1.448531
20.13,140.0,1.499168,1.458666
22.4,140.0,1.522234,1.481356
24.5,140.0,1.556858,1.515659
26.95,140.0,1.596701,1.5548
29.05,140.0,1.627437,1.585444
31.33,140.0,1.649766,1.607431
33.43,140.0,1.659279,1.616778
35.7,140.0,1.654088,1.611885
37.98,140.0,1.634991,1.592939
40.25,140.0,1.602465,1.560755
42.53,140.0,1.55715,1.516041
44.63,140.0,1.503269,1.46313
46.9,140.0,1.439754,1.400324
49.18,140.0,1.373857,1.335256
51.28,140.0,1.305127,1.267444
53.55,140.0,1.2348,1.197937
55.65,140.0,1.163895,1.127807
57.93,140.0,1.094323,1.05908
60.2,140.0,1.025195,0.990953
62.48,140.0,0.958883,0.925297
64.58,140.0,0.894468,0.861936
66.85,140.0,0.831828,0.799779
68.95,140.0,0.770639,0.739391
71.23,140.0,0.713171,0.68291
73.33,140.0,0.656351,0.626656
75.6,140.0,0.601548,0.572568
77.88,140.0,0.546206,0.517743
80.15,140.0,0.491311,0.463695
82.25,140.0,0.437568,0.410695
84.53,140.0,0.384798,0.358344
86.8,140.0,0.336912,0.311206
89.08,140.0,0.289654,0.264426
91.35,140.0,0.245846,0.221425
93.45,140.0,0.199047,0.175082
95.73,140.0,0.151746,0.128141
98.0,140.0,0.102612,0.079793
100.1,140.0,0.055982,0.033656
102.38,140.0,0.013644,-0.007884
104.65,140.0,-0.022699,-0.043734
106.75,140.0,-0.053596,-0.074338
109.03,140.0,-0.081492,-0.10196
111.13,140.0,-0.107055,-0.127151
113.4,140.0,-0.128599,-0.148485
115.5,140.0,-0.147403,-0.167095
117.78,140.0,-0.163426,-0.182653
119.88,140.0,-0.175789,-0.195339
122.15,140.0,-0.186793,-0.20598
124.43,140.0,-0.199082,-0.217909
126.7,140.0,-0.213198,-0.232024
128.8,140.0,-0.230342,-0.248925
131.25,140.0,-0.248953,-0.267286
133.35,140.0,-0.266008,-0.284246
135.63,140.0,-0.279652,-0.297798
137.9,140.0,-0.289754,-0.307665
140.35,140.0,-0.296174,-0.313928
142.45,140.0,-0.300432,-0.31821
144.73,140.0,-0.305173,-0.322745
147.0,140.0,-0.310438,-0.327976
149.28,140.0,-0.317225,-0.334603
151.38,140.0,-0.324051,-0.341464
153.65,140.0,-0.331316,-0.348682
155.93,140.0,-0.339021,-0.356331
158.2,140.0,-0.346987,-0.36407
160.3,140.0,-0.354822,-0.37204
162.58,140.0,-0.362511,-0.379495
164.68,140.0,-0.369131,-0.386131
166.95,140.0,-0.374553,-0.391491
169.23,140.0,-0.380059,-0.396716
171.33,140.0,-0.385351,-0.402166
173.6,140.0,-0.391134,-0.407637
175.88,140.0,-0.397237,-0.413722
178.15,140.0,-0.403337,-0.419871
180.43,140.0,-0.409489,-0.426054
182.53,140.0,-0.415009,-0.431121
184.8,140.0,-0.418768,-0.43516
187.08,140.0,-0.421485,-0.437782
189.18,140.0,-0.422215,-0.438429
191.45,140.0,-0.421463,-0.437606
193.73,140.0,-0.41927,-0.43549
195.83,140.0,-0.416029,-0.432378
198.1,140.0,-0.412764,-0.429116
200.2,140.0,-0.408574,-0.424966
202.48,140.0,-0.404085,-0.420459
204.58,140.0,-0.400053,-0.416531
206.85,140.0,-0.396479,-0.412856
209.13,140.0,-0.39366,-0.41025
211.4,140.0,-0.392335,-0.408953
213.5,140.0,-0.392455,-0.409042
215.78,140.0,-0.393928,-0.410484
218.05,140.0,-0.397283,-0.413746
220.15,140.0,-0.401654,-0.41805
222.43,140.0,-0.407157,-0.423583
224.7,140.0,-0.412298,-0.428586
226.98,140.0,-0.415518,-0.431691
229.08,140.0,-0.416251,-0.432717
231.35,140.0,-0.415499,-0.431818
233.45,140.0,-0.412529,-0.429002
235.73,140.0,-0.408112,-0.424627
237.83,140.0,-0.402394,-0.418678
240.1,140.0,-0.395459,-0.412104
242.38,140.0,-0.387847,-0.404409
244.48,140.0,-0.381137,-0.397819
246.75,140.0,-0.375136,-0.392018
249.03,140.0,-0.370515,-0.38744
251.3,140.0,-0.367662,-0.384544
253.4,140.0,-0.365324,-0.382138
255.68,140.0,-0.363102,-0.380284
257.95,140.0,-0.360937,-0.378087
260.05,140.0,-0.358167,-0.375099
262.33,140.0,-0.35452,-0.37159
264.43,140.0,-0.350425,-0.367656
266.7,140.0,-0.345897,-0.362958
268.98,140.0,-0.340863,-0.358198
271.08,140.0,-0.336211,-0.353395
273.35,140.0,-0.330995,-0.348398
275.63,140.0,-0.325989,-0.343361
277.73,140.0,-0.321236,-0.338771
280.0,140.0,-0.316719,-0.334289
282.1,140.0,-0.314464,-0.332151
284.38,140.0,-0.315472,-0.332924
286.65,140.0,-0.319464,-0.336725
288.93,140.0,-0.324344,-0.34183
291.2,140.0,-0.328247,-0.345869
293.48,140.0,-0.328845,-0.346236
295.58,140.0,-0.325712,-0.34322
297.85,140.0,-0.320333,-0.337955
300.13,140.0,-0.313152,-0.330835
302.4,140.0,-0.305795,-0.323534
304.5,140.0,-0.29883,-0.316679
306.78,140.0,-0.292459,-0.310345
308.88,140.0,-0.285028,-0.302841
311.15,140.0,-0.276424,-0.294557
313.43,140.0,-0.266066,-0.284246
315.53,140.0,-0.255872,-0.274162
317.8,140.0,-0.245469,-0.264073
320.08,140.0,-0.234973,-0.253617
322.18,140.0,-0.225934,-0.244698
324.45,140.0,-0.217524,-0.236337
326.73,140.0,-0.210302,-0.229184
328.83,140.0,-0.202998,-0.222108
331.1,140.0,-0.196535,-0.215521
333.38,140.0,-0.188882,-0.208161
335.65,140.0,-0.181328,-0.20054
337.75,140.0,-0.173189,-0.192576
340.03,140.0,-0.165487,-0.185102
342.3,140.0,-0.157801,-0.177394
344.58,140.0,-0.150253,-0.16996
346.68,140.0,-0.143032,-0.162687
348.95,140.0,-0.135475,-0.155361
351.23,140.0,-0.127425,-0.147514
353.33,140.0,-0.120139,-0.140093
355.6,140.0,-0.11293,-0.13289
357.7,140.0,-0.107222,-0.127699
359.98,140.0,-0.103026,-0.123137
362.25,140.0,-0.099116,-0.119295
364.35,140.0,-0.094843,-0.115278
366.63,140.0,-0.090749,-0.111301
368.73,140.0,-0.085376,-0.105919
371.0,140.0,-0.078922,-0.099511
373.28,140.0,-0.072721,-0.093315
375.55,140.0,-0.067736,-0.088402
377.83,140.0,-0.064794,-0.085404
379.93,140.0,-0.063842,-0.084717
382.2,140.0,-0.065035,-0.085586
384.48,140.0,-0.066794,-0.087567
386.58,140.0,-0.067955,-0.088519
388.85,140.0,-0.067397,-0.088171
391.13,140.0,-0.06497,-0.085657
393.23,140.0,-0.061905,-0.082727
395.5,140.0,-0.059224,-0.080121
397.78,140.0,-0.056559,-0.077518
399.88,140.0,-0.053787,-0.074733
402.15,140.0,-0.052105,-0.073017
404.43,140.0,-0.052758,-0.07379
406.53,140.0,-0.054748,-0.075857
408.8,140.0,-0.056014,-0.076886
410.9,140.0,-0.053599,-0.074545
413.0,140.0,-0.04664,-0.067669
415.45,140.0,-0.035743,-0.056735
417.55,140.0,-0.021633,-0.043017
419.83,140.0,-0.006292,-0.027955
422.1,140.0,0.009291,-0.012413
424.2,140.0,0.024201,0.002331
426.48,140.0,0.037106,0.014996
428.75,140.0,0.046,0.023628
430.85,140.0,0.048776,0.026614
433.13,140.0,0.045689,0.02361
435.4,140.0,0.037143,0.01519
437.68,140.0,0.027014,0.00491
439.78,140.0,0.017612,-0.004083
441.88,140.0,0.010073,-0.011513
444.33,140.0,0.004392,-0.01732
446.43,140.0,0.001669,-0.019954
448.7,140.0,0.002224,-0.019249
450.8,140.0,0.004873,-0.016707
453.08,140.0,0.006641,-0.015001
455.35,140.0,0.005126,-0.016483
457.63,140.0,0.001592,-0.020065
459.73,140.0,-0.000632,-0.022133
462.0,140.0,0.00218,-0.01944
464.28,140.0,0.010809,-0.011033
466.38,140.0,0.024134,0.002147
468.65,140.0,0.041111,0.018939
470.93,140.0,0.060024,0.037698
473.2,140.0,0.079226,0.056694
475.3,140.0,0.098727,0.075923
477.58,140.0,0.117399,0.094284
479.5,140.0,0.133958,0.110812
481.95,140.0,0.149241,0.125588
484.23,140.0,0.162596,0.139056
486.5,140.0,0.175877,0.15198
488.6,140.0,0.189682,0.165763
490.88,140.0,0.204654,0.180353
493.15,140.0,0.220538,0.19608
495.43,140.0,0.237097,0.212513
497.53,140.0,0.253345,0.228477
499.8,140.0,0.269839,0.244679
502.08,140.0,0.285575,0.260227
504.35,140.0,0.301391,0.275905
506.45,140.0,0.315871,0.290504
508.73,140.0,0.329145,0.303286
511.0,140.0,0.34076,0.314888
513.1,140.0,0.351804,0.325874
515.38,140.0,0.360843,0.334891
517.65,140.0,0.367916,0.341736
519.75,140.0,0.374469,0.34799
522.03,140.0,0.384071,0.357513
524.13,140.0,0.399866,0.373221
526.4,140.0,0.422106,0.395227
528.68,140.0,0.448289,0.420815
530.78,140.0,0.477124,0.449459
533.05,140.0,0.507217,0.479373
535.15,140.0,0.535615,0.507251
537.6,140.0,0.561369,0.53254
539.7,140.0,0.585171,0.556283
541.98,140.0,0.608168,0.578806
544.25,140.0,0.629416,0.599675
546.53,140.0,0.648091,0.61827
548.63,140.0,0.66437,0.634527
550.9,140.0,0.678954,0.648683
553.18,140.0,0.69152,0.661231
555.28,140.0,0.702124,0.671662
557.55,140.0,0.710423,0.679924
559.83,140.0,0.717278,0.686828
561.93,140.0,0.722638,0.691982
564.2,140.0,0.726458,0.695799
566.3,140.0,0.729012,0.698489
568.58,140.0,0.729068,0.698507
570.85,140.0,0.726209,0.695374
572.95,140.0,0.721495,0.690845
575.23,140.0,0.713914,0.683529
577.33,140.0,0.705839,0.675411
579.6,140.0,0.698362,0.667836
581.88,140.0,0.692836,0.662297
584.15,140.0,0.691083,0.660895
586.43,140.0,0.692056,0.661529
588.53,140.0,0.69478,0.664481
590.8,140.0,0.699305,0.668815
592.9,140.0,0.705319,0.674758
595.18,140.0,0.710753,0.6803
597.45,140.0,0.716468,0.685772
599.55,140.0,0.721609,0.690932
601.83,140.0,0.725867,0.694961
604.1,140.0,0.729619,0.699062
606.38,140.0,0.731939,0.701169
608.65,140.0,0.733208,0.702207
610.75,140.0,0.73364,0.70295
613.03,140.0,0.734474,0.703815
615.3,140.0,0.736326,0.705673
617.4,140.0,0.738991,0.708107
619.68,140.0,0.74213,0.711197
621.95,140.0,0.746902,0.715916
624.05,140.0,0.752534,0.721341
626.33,140.0,0.75916,0.72798
628.6,140.0,0.76745,0.736126
630.88,140.0,0.776366,0.744943
632.98,140.0,0.78595,0.754533
635.25,140.0,0.796492,0.764983
637.53,140.0,0.806461,0.774709
639.63,140.0,0.815811,0.784129
641.9,140.0,0.826332,0.794296
644.18,140.0,0.837635,0.805417
646.28,140.0,0.850781,0.818448
648.55,140.0,0.866326,0.833627
650.83,140.0,0.882481,0.849785
653.1,140.0,0.898639,0.865642
655.2,140.0,0.913485,0.880633
657.48,140.0,0.927389,0.894194
659.75,140.0,0.940152,0.906538
662.03,140.0,0.951695,0.917952
664.13,140.0,0.961883,0.928211
666.4,140.0,0.970488,0.936683
668.68,140.0,0.977832,0.943753
670.95,140.0,0.983596,0.949622
673.05,140.0,0.988772,0.954745
675.33,140.0,0.994086,0.959979
677.6,140.0,0.999314,0.964995
679.88,140.0,1.003716,0.969403
681.98,140.0,1.007469,0.973183
684.25,140.0,1.010195,0.975864
686.35,140.0,1.010971,0.976615
688.63,140.0,1.009905,0.975719
690.9,140.0,1.005907,0.971649
693.0,140.0,0.999184,0.965167
695.28,140.0,0.989517,0.955429
697.55,140.0,0.978039,0.944178
699.83,140.0,0.965038,0.931455
702.1,140.0,0.950614,0.91693
704.38,140.0,0.93546,0.90196
706.48,140.0,0.919034,0.885854
708.75,140.0,0.901033,0.868119
711.03,140.0,0.880999,0.848393
11.73,175.0,0.453874,0.425904
13.83,175.0,0.405692,0.378822
16.28,175.0,0.362941,0.336644
18.55,175.0,0.336742,0.310794
20.65,175.0,0.322414,0.296949
23.1,175.0,0.323224,0.297393
25.2,175.0,0.342094,0.316351
27.48,175.0,0.381521,0.354848
29.58,175.0,0.445085,0.417882
31.68,175.0,0.537673,0.508914
34.13,175.0,0.658168,0.628005
36.4,175.0,0.807611,0.775506
38.68,175.0,0.973069,0.938806
40.78,175.0,1.136757,1.100546
43.05,175.0,1.284455,1.246532
45.33,175.0,1.402508,1.363137
47.43,175.0,1.482212,1.441762
49.7,175.0,1.525662,1.484566
51.98,175.0,1.53118,1.490431
54.25,175.0,1.505108,1.464664
56.53,175.0,1.453309,1.413685
58.8,175.0,1.382271,1.343626
60.9,175.0,1.297345,1.25972
63.18,175.0,1.203531,1.167025
65.45,175.0,1.104665,1.069311
67.73,175.0,1.000004,0.966042
69.83,175.0,0.903784,0.871252
72.1,175.0,0.807078,0.775466
74.38,175.0,0.713831,0.683449
76.65,175.0,0.628279,0.599003
78.93,175.0,0.547075,0.518794
81.03,175.0,0.472377,0.444983
83.3,175.0,0.402731,0.37604
85.58,175.0,0.336933,0.311431
87.68,175.0,0.276342,0.251687
89.95,175.0,0.220615,0.196376
92.05,175.0,0.169827,0.146302
94.33,175.0,0.12483,0.101647
96.6,175.0,0.083101,0.060692
98.7,175.0,0.04718,0.024959
100.98,175.0,0.013847,-0.007681
103.25,175.0,-0.016661,-0.038128
105.53,175.0,-0.044569,-0.065552
107.63,175.0,-0.071449,-0.092117
109.9,175.0,-0.097413,-0.117749
112.18,175.0,-0.120601,-0.140463
114.45,175.0,-0.140774,-0.160555
116.55,175.0,-0.158355,-0.177955
118.83,175.0,-0.174067,-0.193426
121.1,175.0,-0.187225,-0.206171
123.2,175.0,-0.199221,-0.218133
125.48,175.0,-0.209209,-0.228235
127.75,175.0,-0.218189,-0.237129
130.03,175.0,-0.226809,-0.245453
132.13,175.0,-0.235016,-0.253475
134.4,175.0,-0.243032,-0.26135
136.68,175.0,-0.250854,-0.269283
138.95,175.0,-0.259834,-0.277967
141.05,175.0,-0.268725,-0.28696
143.33,175.0,-0.278494,-0.296414
145.43,175.0,-0.288845,-0.306759
147.7,175.0,-0.297958,-0.315878
149.8,175.0,-0.305866,-0.323595
152.08,175.0,-0.311876,-0.32944
154.35,175.0,-0.316156,-0.333611
156.63,175.0,-0.318312,-0.336029
158.73,175.0,-0.318577,-0.33626
161.0,175.0,-0.31708,-0.334526
163.1,175.0,-0.314218,-0.331898
165.38,175.0,-0.310308,-0.327936
167.65,175.0,-0.307308,-0.324812
169.93,175.0,-0.304701,-0.322449
172.2,175.0,-0.304449,-0.322228
174.3,175.0,-0.307058,-0.324822
176.58,175.0,-0.312265,-0.329859
178.85,175.0,-0.321202,-0.338833
180.95,175.0,-0.333072,-0.350237
183.23,175.0,-0.347388,-0.364316
185.33,175.0,-0.362067,-0.379002
187.6,175.0,-0.376528,-0.393152
189.88,175.0,-0.389535,-0.406106
192.15,175.0,-0.400062,-0.416596
194.25,175.0,-0.407791,-0.424011
196.53,175.0,-0.41293,-0.429261
198.8,175.0,-0.415869,-0.432304
200.9,175.0,-0.417061,-0.433306
203.18,175.0,-0.417218,-0.43337
205.45,175.0,-0.41594,-0.432437
207.55,175.0,-0.414969,-0.431198
209.83,175.0,-0.413007,-0.429322
212.1,175.0,-0.411433,-0.427717
214.2,175.0,-0.410093,-0.426451
216.48,175.0,-0.409609,-0.426032
218.75,175.0,-0.409637,-0.426112
221.03,175.0,-0.409732,-0.426085
223.3,175.0,-0.410219,-0.42663
225.58,175.0,-0.411818,-0.428102
227.85,175.0,-0.413601,-0.429791
229.95,175.0,-0.414569,-0.430853
232.23,175.0,-0.412631,-0.429113
234.5,175.0,-0.408007,-0.42451
236.6,175.0,-0.401402,-0.41805
238.88,175.0,-0.39524,-0.411787
240.98,175.0,-0.38996,-0.406513
243.25,175.0,-0.385931,-0.402465
245.53,175.0,-0.381932,-0.398722
247.8,175.0,-0.377169,-0.393876
249.9,175.0,-0.370364,-0.387326
252.18,175.0,-0.362924,-0.379821
254.45,175.0,-0.35399,-0.3711
256.55,175.0,-0.345336,-0.362671
258.83,175.0,-0.337172,-0.354366
260.93,175.0,-0.329535,-0.347086
263.2,175.0,-0.323183,-0.340604
265.48,175.0,-0.318019,-0.335444
267.75,175.0,-0.313888,-0.331464
269.85,175.0,-0.310934,-0.32838
272.13,175.0,-0.309209,-0.326809
274.4,175.0,-0.308438,-0.326248
276.5,175.0,-0.30866,-0.326097
278.78,175.0,-0.310832,-0.328491
280.88,175.0,-0.314526,-0.332009
283.15,175.0,-0.318466,-0.335869
285.43,175.0,-0.322064,-0.339735
287.7,175.0,-0.325536,-0.342985
289.8,175.0,-0.329923,-0.347231
292.08,175.0,-0.333389,-0.350629
294.35,175.0,-0.334156,-0.351596
296.45,175.0,-0.331956,-0.349313
298.73,175.0,-0.326473,-0.34407
301.0,175.0,-0.318672,-0.336519
303.1,175.0,-0.309132,-0.326655
305.38,175.0,-0.2998,-0.317693
307.65,175.0,-0.293118,-0.310758
309.75,175.0,-0.287422,-0.305278
312.2,175.0,-0.280068,-0.298155
314.48,175.0,-0.267594,-0.285844
316.58,175.0,-0.249905,-0.268392
318.85,175.0,-0.228599,-0.247215
321.13,175.0,-0.205247,-0.22444
323.4,175.0,-0.181002,-0.200284
325.68,175.0,-0.157363,-0.177058
327.78,175.0,-0.136073,-0.156014
330.05,175.0,-0.116781,-0.136658
332.33,175.0,-0.099286,-0.119628
334.43,175.0,-0.083534,-0.104021
336.7,175.0,-0.069884,-0.09037
338.98,175.0,-0.05757,-0.07859
341.08,175.0,-0.046908,-0.068017
343.35,175.0,-0.037961,-0.059314
345.63,175.0,-0.030694,-0.051911
347.9,175.0,-0.02452,-0.045648
350.0,175.0,-0.021023,-0.042357
352.28,175.0,-0.022937,-0.044123
354.55,175.0,-0.032625,-0.053805
356.65,175.0,-0.049693,-0.070906
358.93,175.0,-0.070136,-0.090835
361.2,175.0,-0.088784,-0.109391
363.3,175.0,-0.103778,-0.123824
365.58,175.0,-0.114723,-0.134794
367.85,175.0,-0.123553,-0.143466
369.95,175.0,-0.129486,-0.149421
372.23,175.0,-0.133229,-0.153208
374.33,175.0,-0.134172,-0.154042
376.78,175.0,-0.133759,-0.153848
378.88,175.0,-0.133355,-0.153251
381.15,175.0,-0.13367,-0.153623
383.43,175.0,-0.133017,-0.152973
385.53,175.0,-0.131221,-0.151208
387.8,175.0,-0.128291,-0.148152
390.08,175.0,-0.124381,-0.1444
392.18,175.0,-0.119806,-0.139927
394.45,175.0,-0.114434,-0.134733
396.73,175.0,-0.108765,-0.129073
399.0,175.0,-0.104147,-0.124224
401.1,175.0,-0.101849,-0.122225
403.38,175.0,-0.103731,-0.123895
405.65,175.0,-0.107896,-0.128235
407.93,175.0,-0.112832,-0.133054
410.03,175.0,-0.117761,-0.137736
412.3,175.0,-0.122622,-0.142758
414.58,175.0,-0.127046,-0.146898
416.68,175.0,-0.132108,-0.152071
418.95,175.0,-0.137317,-0.157197
421.23,175.0,-0.142514,-0.162471
423.33,175.0,-0.148657,-0.168525
425.6,175.0,-0.154381,-0.174045
427.7,175.0,-0.156944,-0.176609
429.98,175.0,-0.155392,-0.17496
432.08,175.0,-0.149671,-0.169514
434.35,175.0,-0.139184,-0.158965
436.63,175.0,-0.125839,-0.145962
438.73,175.0,-0.110851,-0.13102
441.0,175.0,-0.094819,-0.115164
443.28,175.0,-0.079372,-0.099807
445.38,175.0,-0.067151,-0.087749
447.65,175.0,-0.058611,-0.079548
449.93,175.0,-0.054767,-0.075823
452.03,175.0,-0.055019,-0.075959
454.3,175.0,-0.058168,-0.079015
456.4,175.0,-0.061941,-0.082761
458.68,175.0,-0.067675,-0.088556
460.95,175.0,-0.076603,-0.097231
463.23,175.0,-0.086427,-0.106744
465.33,175.0,-0.09314,-0.113494
467.6,175.0,-0.093694,-0.114009
470.05,175.0,-0.086624,-0.107382
472.15,175.0,-0.077696,-0.098226
474.43,175.0,-0.067681,-0.088352
476.53,175.0,-0.058605,-0.079579
478.8,175.0,-0.049153,-0.070158
481.08,175.0,-0.03899,-0.060253
483.35,175.0,-0.028029,-0.049585
485.45,175.0,-0.017154,-0.038617
487.73,175.0,-0.006775,-0.028605
489.83,175.0,0.003557,-0.01806
492.1,175.0,0.014734,-0.007185
494.38,175.0,0.026034,0.004195
496.65,175.0,0.037633,0.015708
498.75,175.0,0.049771,0.027485
501.03,175.0,0.061743,0.039488
503.3,175.0,0.072886,0.050353
505.58,175.0,0.081404,0.058761
507.85,175.0,0.087162,0.064546
509.95,175.0,0.087726,0.06507
512.23,175.0,0.081657,0.059177
514.5,175.0,0.070517,0.048006
516.78,175.0,0.059198,0.036607
518.88,175.0,0.05275,0.030498
521.15,175.0,0.052895,0.030834
523.6,175.0,0.059648,0.037146
525.88,175.0,0.069214,0.046663
527.98,175.0,0.079768,0.056909
530.25,175.0,0.090689,0.067861
532.53,175.0,0.100418,0.077661
534.8,175.0,0.108681,0.085695
536.9,175.0,0.114562,0.091308
539.18,175.0,0.117716,0.094737
541.45,175.0,0.119987,0.096955
543.55,175.0,0.121601,0.098542
545.83,175.0,0.123394,0.100286
548.1,175.0,0.125868,0.102679
550.2,175.0,0.127836,0.10454
552.48,175.0,0.129146,0.106047
554.75,175.0,0.129525,0.106296
556.85,175.0,0.128816,0.105594
559.13,175.0,0.127008,0.103755
561.23,175.0,0.124494,0.10129
563.68,175.0,0.121891,0.098656
565.95,175.0,0.119127,0.09596
568.23,175.0,0.115794,0.092759
570.33,175.0,0.112205,0.08934
572.6,175.0,0.107039,0.084155
574.88,175.0,0.098702,0.076
576.98,175.0,0.088674,0.065997
579.25,175.0,0.077923,0.055147
581.53,175.0,0.065936,0.04348
583.8,175.0,0.054346,0.032014
585.9,175.0,0.044321,0.022168
588.18,175.0,0.035671,0.013715
590.45,175.0,0.027689,0.005813
592.55,175.0,0.019232,-0.002493
594.83,175.0,0.011364,-0.010167
597.1,175.0,0.006574,-0.015198
599.2,175.0,0.006068,-0.015648
601.48,175.0,0.009935,-0.011911
603.75,175.0,0.016296,-0.005398
606.03,175.0,0.025076,0.003058
608.13,175.0,0.034405,0.012208
610.4,175.0,0.044318,0.022153
612.5,175.0,0.053425,0.031315
614.78,175.0,0.062538,0.040252
617.05,175.0,0.072532,0.049965
619.15,175.0,0.08231,0.059663
621.43,175.0,0.091102,0.068373
623.7,175.0,0.09869,0.075785
625.8,175.0,0.10535,0.082193
628.25,175.0,0.110606,0.087676
630.35,175.0,0.11544,0.092507
632.63,175.0,0.119217,0.09593
634.9,175.0,0.121613,0.098468
637.0,175.0,0.123148,0.099996
639.28,175.0,0.123437,0.1004
641.38,175.0,0.123585,0.100375
643.65,175.0,0.123132,0.100058
645.93,175.0,0.123086,0.100045
648.2,175.0,0.123064,0.100073
650.48,175.0,0.124306,0.101179
652.58,175.0,0.12816,0.104777
654.85,175.0,0.133009,0.10974
657.13,175.0,0.138545,0.115196
659.4,175.0,0.144595,0.121355
661.5,175.0,0.150772,0.127023
663.78,175.0,0.155606,0.131968
666.05,175.0,0.159774,0.136179
668.33,175.0,0.16214,0.138557
670.6,175.0,0.162793,0.13897
672.88,175.0,0.160942,0.13734
675.15,175.0,0.156604,0.132824
677.25,175.0,0.150819,0.127276
679.53,175.0,0.144411,0.120988
681.63,175.0,0.138693,0.115353
683.9,175.0,0.13377,0.11064
686.35,175.0,0.130067,0.106743
688.63,175.0,0.126592,0.103311
690.73,175.0,0.123289,0.100088
693.0,175.0,0.119734,0.096653
695.1,175.0,0.116693,0.093693
697.38,175.0,0.113761,0.090917
699.65,175.0,0.111552,0.088634
701.75,175.0,0.110415,0.087473
704.03,175.0,0.110418,0.087433
706.13,175.0,0.11161,0.088869
708.4,175.0,0.112076,0.089183
710.68,175.0,0.110652,0.087504
11.73,210.0,0.292953,0.267035
14.0,210.0,0.32507,0.299145
16.28,210.0,0.369546,0.34312
18.38,210.0,0.428603,0.401437
20.65,210.0,0.510165,0.481869
22.93,210.0,0.619404,0.589789
25.2,210.0,0.759558,0.728214
27.3,210.0,0.921665,0.888208
29.93,210.0,1.110531,1.074289
32.03,210.0,1.257582,1.219662
34.3,210.0,1.375198,1.336313
36.58,210.0,1.457261,1.417289
38.85,210.0,1.502613,1.462015
41.13,210.0,1.508873,1.468407
43.4,210.0,1.484276,1.444236
45.5,210.0,1.43281,1.393143
47.95,210.0,1.356741,1.318035
50.05,210.0,1.26919,1.231812
52.33,210.0,1.171353,1.135145
54.6,210.0,1.066837,1.031877
56.88,210.0,0.954206,0.920583
58.98,210.0,0.85562,0.823627
61.25,210.0,0.757161,0.726366
63.53,210.0,0.668729,0.638932
65.8,210.0,0.58738,0.55848
68.25,210.0,0.514043,0.485898
70.53,210.0,0.451909,0.424678
72.63,210.0,0.39632,0.369894
75.08,210.0,0.340094,0.314244
77.35,210.0,0.291108,0.265877
79.45,210.0,0.245131,0.220261
81.73,210.0,0.201163,0.177192
83.83,210.0,0.158166,0.134805
86.1,210.0,0.11601,0.092966
88.2,210.0,0.07161,0.049063
90.48,210.0,0.028403,0.006598
92.75,210.0,-0.016137,-0.037527
94.85,210.0,-0.060185,-0.080872
97.13,210.0,-0.102416,-0.122542
99.4,210.0,-0.139033,-0.159002
101.68,210.0,-0.171063,-0.19025
103.95,210.0,-0.197813,-0.216609
106.05,210.0,-0.217539,-0.236273
108.33,210.0,-0.233257,-0.251923
110.43,210.0,-0.246445,-0.264994
112.7,210.0,-0.257788,-0.276143
114.98,210.0,-0.266593,-0.284735
117.08,210.0,-0.273907,-0.29212
119.35,210.0,-0.279409,-0.297468
121.63,210.0,-0.284002,-0.30195
123.9,210.0,-0.287089,-0.304963
126.0,210.0,-0.290173,-0.308047
128.28,210.0,-0.293984,-0.311642
130.55,210.0,-0.297973,-0.315764
132.65,210.0,-0.300968,-0.318599
134.93,210.0,-0.302459,-0.320388
137.03,210.0,-0.303035,-0.320764
139.3,210.0,-0.302514,-0.320274
141.58,210.0,-0.301568,-0.319353
143.68,210.0,-0.300841,-0.318771
145.95,210.0,-0.300851,-0.318762
148.23,210.0,-0.302049,-0.319701
150.33,210.0,-0.30391,-0.321732
152.6,210.0,-0.306732,-0.324319
154.7,210.0,-0.309412,-0.327129
156.98,210.0,-0.312129,-0.329723
159.25,210.0,-0.31419,-0.331855
161.35,210.0,-0.315561,-0.333103
163.63,210.0,-0.31703,-0.334652
165.9,210.0,-0.318414,-0.335931
168.0,210.0,-0.319791,-0.337292
170.28,210.0,-0.321239,-0.338823
172.55,210.0,-0.322662,-0.340148
174.65,210.0,-0.323956,-0.341519
177.1,210.0,-0.326303,-0.343722
179.2,210.0,-0.328617,-0.346149
181.48,210.0,-0.330995,-0.348438
183.75,210.0,-0.332517,-0.34984
185.85,210.0,-0.333226,-0.350703
188.13,210.0,-0.333146,-0.350407
190.23,210.0,-0.333371,-0.350792
192.5,210.0,-0.332985,-0.350213
194.95,210.0,-0.332582,-0.350083
197.23,210.0,-0.332064,-0.349424
199.5,210.0,-0.331611,-0.349292
201.6,210.0,-0.331491,-0.348793
204.05,210.0,-0.330924,-0.348389
206.15,210.0,-0.331125,-0.348466
208.43,210.0,-0.331433,-0.349017
210.7,210.0,-0.332788,-0.35016
212.8,210.0,-0.334603,-0.351836
215.08,210.0,-0.336325,-0.353589
217.18,210.0,-0.337918,-0.355262
219.45,210.0,-0.338229,-0.355413
221.73,210.0,-0.336901,-0.354178
223.83,210.0,-0.333635,-0.350872
226.1,210.0,-0.32894,-0.346319
228.2,210.0,-0.323817,-0.341516
230.48,210.0,-0.319369,-0.33703
232.75,210.0,-0.315669,-0.333263
234.85,210.0,-0.313423,-0.330909
237.13,210.0,-0.313217,-0.330915
239.23,210.0,-0.315179,-0.332807
241.5,210.0,-0.318768,-0.336383
243.78,210.0,-0.324101,-0.34163
246.05,210.0,-0.332819,-0.349914
248.33,210.0,-0.343389,-0.360441
250.6,210.0,-0.356467,-0.373494
252.88,210.0,-0.36793,-0.384818
255.15,210.0,-0.376544,-0.39333
257.25,210.0,-0.381753,-0.398663
259.7,210.0,-0.382465,-0.398919
261.98,210.0,-0.378725,-0.395607
264.08,210.0,-0.37163,-0.388457
266.35,210.0,-0.362705,-0.379557
268.8,210.0,-0.351316,-0.368324
271.08,210.0,-0.341402,-0.358629
273.35,210.0,-0.331836,-0.349301
275.45,210.0,-0.322927,-0.340277
277.9,210.0,-0.312428,-0.33016
280.18,210.0,-0.303213,-0.321042
282.45,210.0,-0.295616,-0.313515
284.55,210.0,-0.291029,-0.308894
286.83,210.0,-0.285268,-0.303078
289.1,210.0,-0.276159,-0.294316
291.38,210.0,-0.261784,-0.279892
293.48,210.0,-0.242711,-0.261479
295.75,210.0,-0.22053,-0.239286
298.03,210.0,-0.195536,-0.214578
300.13,210.0,-0.170244,-0.189766
302.4,210.0,-0.146621,-0.166504
304.68,210.0,-0.126772,-0.146812
306.78,210.0,-0.111818,-0.132166
309.05,210.0,-0.102058,-0.122416
311.33,210.0,-0.097129,-0.117635
313.43,210.0,-0.097037,-0.117554
315.7,210.0,-0.09855,-0.11895
317.98,210.0,-0.099579,-0.119748
320.08,210.0,-0.097773,-0.117977
322.35,210.0,-0.093217,-0.113608
324.45,210.0,-0.085552,-0.105953
326.73,210.0,-0.075494,-0.096057
329.0,210.0,-0.063984,-0.084646
331.1,210.0,-0.05354,-0.074532
333.38,210.0,-0.045149,-0.066233
335.65,210.0,-0.037505,-0.058805
337.75,210.0,-0.031307,-0.052595
340.03,210.0,-0.025312,-0.046726
342.3,210.0,-0.018457,-0.039936
344.4,210.0,-0.01033,-0.031917
346.68,210.0,-0.000133,-0.021754
348.95,210.0,0.010791,-0.010913
351.05,210.0,0.020169,-0.001526
353.33,210.0,0.026694,0.004821
355.6,210.0,0.027969,0.006093
357.88,210.0,0.023896,0.00198
359.98,210.0,0.017575,-0.004382
361.9,210.0,0.012119,-0.009619
364.35,210.0,0.008644,-0.012967
366.63,210.0,0.008083,-0.013528
368.9,210.0,0.010144,-0.011473
371.0,210.0,0.015045,-0.006723
373.28,210.0,0.022236,0.000452
375.55,210.0,0.030668,0.008613
377.65,210.0,0.039112,0.017291
379.93,210.0,0.047036,0.024817
382.2,210.0,0.053431,0.031222
384.3,210.0,0.058101,0.035825
386.58,210.0,0.06105,0.038622
388.85,210.0,0.061305,0.039038
391.13,210.0,0.05877,0.03645
393.4,210.0,0.05251,0.030261
395.68,210.0,0.038511,0.016293
397.78,210.0,0.016278,-0.005494
399.88,210.0,-0.010201,-0.031455
402.33,210.0,-0.032921,-0.054175
404.6,210.0,-0.051994,-0.0731
406.88,210.0,-0.06712,-0.087804
408.98,210.0,-0.077819,-0.098337
411.25,210.0,-0.0846,-0.105111
413.53,210.0,-0.088719,-0.109323
415.63,210.0,-0.091769,-0.112151
417.9,210.0,-0.093818,-0.114184
420.18,210.0,-0.095383,-0.115912
422.28,210.0,-0.096877,-0.117249
424.55,210.0,-0.098962,-0.119381
426.83,210.0,-0.10237,-0.122499
428.93,210.0,-0.10501,-0.12517
431.2,210.0,-0.104877,-0.125265
433.48,210.0,-0.101809,-0.122166
435.58,210.0,-0.09676,-0.117249
437.85,210.0,-0.091858,-0.112425
440.13,210.0,-0.087043,-0.107745
442.4,210.0,-0.082555,-0.103112
444.5,210.0,-0.078543,-0.099135
446.95,210.0,-0.076424,-0.097095
449.05,210.0,-0.077099,-0.097823
451.33,210.0,-0.080725,-0.10143
453.6,210.0,-0.086553,-0.107034
455.88,210.0,-0.092709,-0.11314
458.15,210.0,-0.097465,-0.117826
460.43,210.0,-0.101436,-0.121827
462.53,210.0,-0.103103,-0.123411
464.8,210.0,-0.101932,-0.122274
467.08,210.0,-0.095805,-0.116251
469.18,210.0,-0.084988,-0.105558
471.45,210.0,-0.070176,-0.091091
473.73,210.0,-0.052798,-0.073919
475.83,210.0,-0.035857,-0.057151
477.93,210.0,-0.023309,-0.044588
480.2,210.0,-0.016729,-0.03793
482.48,210.0,-0.016048,-0.037552
484.75,210.0,-0.018402,-0.039767
486.85,210.0,-0.022656,-0.043981
489.13,210.0,-0.027311,-0.048414
491.4,210.0,-0.030426,-0.051649
493.5,210.0,-0.031405,-0.052662
495.78,210.0,-0.028682,-0.049951
498.05,210.0,-0.024261,-0.045682
500.33,210.0,-0.020953,-0.042428
502.43,210.0,-0.020478,-0.041698
504.7,210.0,-0.020213,-0.041633
506.98,210.0,-0.01956,-0.04099
509.25,210.0,-0.016393,-0.037992
511.35,210.0,-0.011276,-0.032681
513.45,210.0,-0.003731,-0.02537
515.9,210.0,0.003767,-0.018109
518.0,210.0,0.010923,-0.010885
520.28,210.0,0.015773,-0.00594
522.55,210.0,0.018681,-0.003189
524.83,210.0,0.018326,-0.003309
526.93,210.0,0.015206,-0.006516
529.03,210.0,0.010218,-0.011566
531.13,210.0,0.00324,-0.01851
533.58,210.0,-0.004905,-0.026492
535.85,210.0,-0.013978,-0.03554
537.95,210.0,-0.022934,-0.04423
540.23,210.0,-0.032659,-0.053892
542.5,210.0,-0.042687,-0.063688
544.6,210.0,-0.052647,-0.073559
546.88,210.0,-0.063291,-0.084036
549.15,210.0,-0.075075,-0.0957
551.25,210.0,-0.087166,-0.107437
553.53,210.0,-0.100207,-0.120607
555.8,210.0,-0.11477,-0.134883
557.9,210.0,-0.130734,-0.15062
560.18,210.0,-0.149588,-0.169175
562.45,210.0,-0.172422,-0.191883
564.73,210.0,-0.198395,-0.217425
567.0,210.0,-0.225056,-0.243706
569.1,210.0,-0.250854,-0.269233
571.38,210.0,-0.271812,-0.290034
573.65,210.0,-0.285305,-0.303263
575.93,210.0,-0.289575,-0.307594
578.2,210.0,-0.284766,-0.302942
580.48,210.0,-0.274751,-0.293118
582.58,210.0,-0.261685,-0.280059
584.85,210.0,-0.247453,-0.265909
587.13,210.0,-0.233469,-0.252009
589.23,210.0,-0.219166,-0.238013
591.5,210.0,-0.204471,-0.223577
593.78,210.0,-0.190191,-0.209434
596.05,210.0,-0.177422,-0.197101
598.33,210.0,-0.167098,-0.186692
600.43,210.0,-0.158383,-0.177976
602.7,210.0,-0.150795,-0.170573
604.98,210.0,-0.142967,-0.162573
607.25,210.0,-0.135099,-0.155099
609.53,210.0,-0.128685,-0.148497
611.8,210.0,-0.124529,-0.144428
613.9,210.0,-0.122927,-0.143057
616.18,210.0,-0.12265,-0.142792
618.63,210.0,-0.123734,-0.14391
620.9,210.0,-0.123836,-0.143864
623.0,210.0,-0.123688,-0.143928
625.8,210.0,-0.122283,-0.142594
627.9,210.0,-0.120161,-0.140019
630.0,210.0,-0.117148,-0.137243
632.45,210.0,-0.113275,-0.133546
634.73,210.0,-0.108904,-0.12907
637.0,210.0,-0.105589,-0.125706
639.1,210.0,-0.103432,-0.123741
641.38,210.0,-0.103303,-0.123593
643.65,210.0,-0.105811,-0.126319
645.93,210.0,-0.109696,-0.129948
648.2,210.0,-0.114415,-0.134631
650.48,210.0,-0.119163,-0.139089
652.75,210.0,-0.12326,-0.143346
655.03,210.0,-0.124957,-0.144991
657.3,210.0,-0.12578,-0.145647
659.4,210.0,-0.124816,-0.144732
662.03,210.0,-0.122782,-0.142955
664.13,210.0,-0.120768,-0.140749
666.4,210.0,-0.119169,-0.139206
668.68,210.0,-0.118796,-0.139024
671.13,210.0,-0.120293,-0.14049
673.4,210.0,-0.122841,-0.142739
675.68,210.0,-0.125903,-0.145614
677.78,210.0,-0.12932,-0.149354
680.4,210.0,-0.133408,-0.153288
682.68,210.0,-0.13643,-0.156331
684.95,210.0,-0.138599,-0.158423
687.05,210.0,-0.139674,-0.15935
689.33,210.0,-0.14058,-0.160373
691.6,210.0,-0.140903,-0.1605
693.7,210.0,-0.141159,-0.160857
695.98,210.0,-0.142148,-0.161664
698.25,210.0,-0.143996,-0.163534
700.35,210.0,-0.14635,-0.166051
702.63,210.0,-0.149421,-0.169008
704.9,210.0,-0.153152,-0.172825
707.0,210.0,-0.157028,-0.176421
709.28,210.0,-0.161307,-0.180912
10.85,245.0,1.652384,1.608226
13.13,245.0,1.661118,1.618349
15.4,245.0,1.641688,1.598925
17.68,245.0,1.601506,1.559861
19.78,245.0,1.543115,1.502274
22.05,245.0,1.471636,1.431738
24.15,245.0,1.389976,1.351069
26.6,245.0,1.296116,1.258334
28.88,245.0,1.202859,1.166365
30.98,245.0,1.111637,1.076076
33.25,245.0,1.020802,0.986427
35.35,245.0,0.930469,0.897364
37.63,245.0,0.843661,0.811803
39.9,245.0,0.758165,0.727263
42.18,245.0,0.675765,0.645778
44.28,245.0,0.597371,0.568437
46.55,245.0,0.525267,0.497146
48.65,245.0,0.459231,0.431939
51.1,245.0,0.401286,0.374675
53.2,245.0,0.350014,0.324226
55.48,245.0,0.30368,0.278431
57.58,245.0,0.26116,0.236302
59.85,245.0,0.221906,0.197445
61.95,245.0,0.183483,0.159688
64.23,245.0,0.146561,0.122984
66.5,245.0,0.108576,0.085723
68.6,245.0,0.075495,0.052938
70.88,245.0,0.047874,0.025754
73.15,245.0,0.024762,0.003003
75.43,245.0,0.005646,-0.015925
77.7,245.0,-0.014246,-0.035614
79.8,245.0,-0.038556,-0.059532
82.08,245.0,-0.067727,-0.088232
84.35,245.0,-0.099341,-0.119776
86.63,245.0,-0.127789,-0.147785
88.73,245.0,-0.153756,-0.173214
91.0,245.0,-0.176874,-0.196264
93.28,245.0,-0.196874,-0.215841
95.55,245.0,-0.215056,-0.233864
97.65,245.0,-0.23444,-0.25297
99.93,245.0,-0.257074,-0.275447
102.2,245.0,-0.282018,-0.299917
104.48,245.0,-0.306584,-0.324141
106.58,245.0,-0.325604,-0.343269
108.85,245.0,-0.33956,-0.35683
111.13,245.0,-0.347739,-0.364895
113.4,245.0,-0.349643,-0.366812
115.68,245.0,-0.346627,-0.363716
117.78,245.0,-0.342037,-0.359316
120.05,245.0,-0.340348,-0.357514
122.33,245.0,-0.343669,-0.360906
124.6,245.0,-0.351966,-0.369079
126.7,245.0,-0.362437,-0.37931
128.98,245.0,-0.373561,-0.39041
131.25,245.0,-0.38362,-0.400284
133.35,245.0,-0.39155,-0.408102
135.63,245.0,-0.398392,-0.414892
137.9,245.0,-0.403617,-0.420006
140.18,245.0,-0.407511,-0.424011
142.28,245.0,-0.409507,-0.425857
144.55,245.0,-0.410431,-0.42683
146.65,245.0,-0.409421,-0.425924
149.1,245.0,-0.406784,-0.423306
151.2,245.0,-0.402927,-0.41923
153.48,245.0,-0.399153,-0.415641
155.75,245.0,-0.396183,-0.412616
157.85,245.0,-0.395262,-0.411756
160.13,245.0,-0.396328,-0.412961
162.4,245.0,-0.399319,-0.415844
164.68,245.0,-0.401066,-0.417591
166.95,245.0,-0.400924,-0.417418
169.23,245.0,-0.396519,-0.412955
171.5,245.0,-0.387659,-0.40435
173.78,245.0,-0.375786,-0.392474
175.88,245.0,-0.361713,-0.378823
178.15,245.0,-0.346199,-0.363407
180.43,245.0,-0.331522,-0.348725
182.53,245.0,-0.317961,-0.335595
184.8,245.0,-0.306085,-0.323608
186.9,245.0,-0.295222,-0.313192
189.18,245.0,-0.286445,-0.304473
191.45,245.0,-0.279353,-0.297329
193.55,245.0,-0.274301,-0.292483
195.83,245.0,-0.270672,-0.288891
198.1,245.0,-0.268343,-0.28671
200.2,245.0,-0.267637,-0.285863
202.48,245.0,-0.268247,-0.286344
204.75,245.0,-0.269899,-0.288075
207.03,245.0,-0.272209,-0.290456
209.13,245.0,-0.275743,-0.293537
211.4,245.0,-0.279514,-0.29761
213.68,245.0,-0.284286,-0.3022
215.78,245.0,-0.28907,-0.306981
218.05,245.0,-0.2937,-0.311735
220.15,245.0,-0.298429,-0.316115
222.43,245.0,-0.303229,-0.321032
224.7,245.0,-0.307237,-0.324791
226.8,245.0,-0.308716,-0.326525
229.08,245.0,-0.308623,-0.326029
231.35,245.0,-0.305028,-0.322822
233.63,245.0,-0.300222,-0.317825
235.73,245.0,-0.295299,-0.31309
238.0,245.0,-0.290792,-0.308753
240.28,245.0,-0.285142,-0.303198
242.55,245.0,-0.278109,-0.296085
244.83,245.0,-0.272203,-0.290367
246.93,245.0,-0.268093,-0.286445
249.2,245.0,-0.264594,-0.282921
251.48,245.0,-0.258885,-0.277329
253.75,245.0,-0.249504,-0.267952
256.03,245.0,-0.236898,-0.255604
258.13,245.0,-0.222949,-0.241578
260.4,245.0,-0.207668,-0.226553
262.68,245.0,-0.192511,-0.21171
264.78,245.0,-0.176753,-0.196347
267.05,245.0,-0.160731,-0.180342
269.33,245.0,-0.144166,-0.163858
271.6,245.0,-0.128664,-0.148777
273.7,245.0,-0.113932,-0.134243
275.98,245.0,-0.101103,-0.121501
278.25,245.0,-0.091486,-0.112083
280.35,245.0,-0.085728,-0.10619
282.63,245.0,-0.083445,-0.104104
284.9,245.0,-0.083704,-0.104351
287.0,245.0,-0.083599,-0.104129
288.93,245.0,-0.080697,-0.101325
291.38,245.0,-0.074887,-0.095389
293.65,245.0,-0.065737,-0.086449
295.93,245.0,-0.056076,-0.077102
297.85,245.0,-0.046935,-0.068047
300.48,245.0,-0.037638,-0.058953
302.58,245.0,-0.027746,-0.049058
304.85,245.0,-0.016655,-0.037946
306.95,245.0,-0.005635,-0.02721
309.23,245.0,0.006056,-0.015685
311.5,245.0,0.018055,-0.004027
313.6,245.0,0.030797,0.008748
315.88,245.0,0.045335,0.023031
317.98,245.0,0.061918,0.039377
320.25,245.0,0.079648,0.057085
322.35,245.0,0.098899,0.076093
324.63,245.0,0.118197,0.095169
326.73,245.0,0.134725,0.111389
329.18,245.0,0.147328,0.123893
331.45,245.0,0.157876,0.133979
333.73,245.0,0.168037,0.144223
335.83,245.0,0.178379,0.154217
338.1,245.0,0.189697,0.165711
340.2,245.0,0.201299,0.177223
342.48,245.0,0.212137,0.187815
344.75,245.0,0.219993,0.195495
346.85,245.0,0.223129,0.198779
349.13,245.0,0.221989,0.197273
351.4,245.0,0.218471,0.194035
353.5,245.0,0.215523,0.191271
355.78,245.0,0.214719,0.19055
357.88,245.0,0.215723,0.191253
360.33,245.0,0.218939,0.194457
362.6,245.0,0.2234,0.199004
364.7,245.0,0.228988,0.204272
366.98,245.0,0.234087,0.209398
369.25,245.0,0.238286,0.213668
371.35,245.0,0.240871,0.216148
373.63,245.0,0.242158,0.21735
375.9,245.0,0.242029,0.217454
378.0,245.0,0.240806,0.216093
380.28,245.0,0.238209,0.213526
382.55,245.0,0.234617,0.210017
384.48,245.0,0.229974,0.205732
386.93,245.0,0.223323,0.198871
389.2,245.0,0.21425,0.189876
391.48,245.0,0.202692,0.178489
393.58,245.0,0.189987,0.165945
395.85,245.0,0.17783,0.154078
397.95,245.0,0.16702,0.143363
400.23,245.0,0.158107,0.134577
402.5,245.0,0.152131,0.128573
404.6,245.0,0.147596,0.123804
406.88,245.0,0.141586,0.118218
409.15,245.0,0.133902,0.110597
411.43,245.0,0.12523,0.10194
413.53,245.0,0.118656,0.095584
415.8,245.0,0.114059,0.091099
418.08,245.0,0.112408,0.089432
420.18,245.0,0.11369,0.090751
422.45,245.0,0.118123,0.094919
424.73,245.0,0.123505,0.100335
427.0,245.0,0.129657,0.106352
429.28,245.0,0.134922,0.11162
431.38,245.0,0.138403,0.11495
433.65,245.0,0.140985,0.117559
435.75,245.0,0.142769,0.119417
438.03,245.0,0.142214,0.118696
440.3,245.0,0.136807,0.113228
442.58,245.0,0.124823,0.101558
444.68,245.0,0.108782,0.086037
446.95,245.0,0.0921,0.069386
449.23,245.0,0.076863,0.054272
451.5,245.0,0.064713,0.042223
453.6,245.0,0.05637,0.033952
455.88,245.0,0.050634,0.02836
458.15,245.0,0.047233,0.025196
460.08,245.0,0.046426,0.024072
462.53,245.0,0.044355,0.02219
464.8,245.0,0.040079,0.01788
466.9,245.0,0.035625,0.013554
469.18,245.0,0.03385,0.011731
471.63,245.0,0.036173,0.014325
473.9,245.0,0.041376,0.019281
476.0,245.0,0.046891,0.024516
478.28,245.0,0.050581,0.028406
480.38,245.0,0.0517,0.029343
482.65,245.0,0.049072,0.026878
484.93,245.0,0.043918,0.021573
487.2,245.0,0.037217,0.015116
489.3,245.0,0.031198,0.009069
491.58,245.0,0.027202,0.0054
493.85,245.0,0.025246,0.003345
495.95,245.0,0.02535,0.003376
498.05,245.0,0.027716,0.005686
500.5,245.0,0.03052,0.00869
502.6,245.0,0.031743,0.009716
504.88,245.0,0.030622,0.008462
507.15,245.0,0.027168,0.005166
509.25,245.0,0.023339,0.001614
511.53,245.0,0.020545,-0.001267
513.63,245.0,0.018952,-0.002857
516.25,245.0,0.016558,-0.005377
518.53,245.0,0.012513,-0.009341
520.8,245.0,0.005129,-0.016409
522.9,245.0,-0.006042,-0.027561
525.18,245.0,-0.019422,-0.040885
527.45,245.0,-0.03436,-0.055386
529.73,245.0,-0.048984,-0.070056
531.83,245.0,-0.063214,-0.083996
534.1,245.0,-0.075983,-0.096572
536.38,245.0,-0.086809,-0.107348
538.48,245.0,-0.095789,-0.116153
540.75,245.0,-0.103922,-0.124221
542.85,245.0,-0.110968,-0.131082
545.13,245.0,-0.116932,-0.137108
547.4,245.0,-0.121214,-0.141338
549.5,245.0,-0.123895,-0.143722
551.78,245.0,-0.125195,-0.145071
553.88,245.0,-0.126944,-0.14684
556.15,245.0,-0.129443,-0.149431
558.43,245.0,-0.131926,-0.151769
560.53,245.0,-0.13541,-0.155346
562.8,245.0,-0.139067,-0.158722
565.08,245.0,-0.143328,-0.163038
567.18,245.0,-0.147668,-0.167514
569.45,245.0,-0.150903,-0.170623
571.73,245.0,-0.15269,-0.172382
573.83,245.0,-0.151809,-0.171565
576.1,245.0,-0.149723,-0.169243
578.2,245.0,-0.146914,-0.166763
580.48,245.0,-0.144012,-0.163756
582.75,245.0,-0.14107,-0.160925
584.85,245.0,-0.138888,-0.158636
587.13,245.0,-0.138288,-0.157958
589.4,245.0,-0.13822,-0.158047
591.5,245.0,-0.139135,-0.15899
593.78,245.0,-0.141242,-0.160931
596.05,245.0,-0.144039,-0.163907
598.33,245.0,-0.148426,-0.16806
600.95,245.0,-0.154742,-0.17435
603.23,245.0,-0.160533,-0.180355
605.33,245.0,-0.165204,-0.184899
607.6,245.0,-0.167484,-0.186769
609.88,245.0,-0.167095,-0.186615
612.15,245.0,-0.165108,-0.184424
614.43,245.0,-0.163167,-0.182594
616.7,245.0,-0.162598,-0.182354
618.98,245.0,-0.164991,-0.184551
621.08,245.0,-0.1698,-0.189159
623.35,245.0,-0.177687,-0.196966
625.63,245.0,-0.187644,-0.206895
627.73,245.0,-0.198962,-0.218072
630.0,245.0,-0.209203,-0.227946
632.1,245.0,-0.216421,-0.235241
634.38,245.0,-0.21911,-0.237958
636.65,245.0,-0.217471,-0.23622
638.93,245.0,-0.212835,-0.231645
641.03,245.0,-0.205721,-0.224649
643.3,245.0,-0.198753,-0.218023
645.58,245.0,-0.192363,-0.211393
647.68,245.0,-0.18761,-0.206833
649.95,245.0,-0.184252,-0.203599
652.23,245.0,-0.182175,-0.201476
654.33,245.0,-0.181134,-0.200432
656.6,245.0,-0.18058,-0.199917
658.88,245.0,-0.179686,-0.199085
661.15,245.0,-0.179421,-0.198707
663.25,245.0,-0.179329,-0.198774
665.53,245.0,-0.180235,-0.199523
667.8,245.0,-0.180915,-0.200336
670.08,245.0,-0.181304,-0.20061
672.18,245.0,-0.18082,-0.200047
674.45,245.0,-0.179122,-0.198648
676.73,245.0,-0.17687,-0.196408
678.83,245.0,-0.175185,-0.194483
681.1,245.0,-0.175583,-0.195
683.2,245.0,-0.180838,-0.200204
685.48,245.0,-0.191341,-0.210333
687.75,245.0,-0.205213,-0.224147
690.03,245.0,-0.218571,-0.237228
692.3,245.0,-0.227604,-0.246307
694.4,245.0,-0.230158,-0.248783
696.68,245.0,-0.225595,-0.244073
698.78,245.0,-0.215885,-0.234621
701.05,245.0,-0.202413,-0.221353
703.15,245.0,-0.18748,-0.206781
705.43,245.0,-0.172379,-0.191917
707.53,245.0,-0.158663,-0.178146
709.8,245.0,-0.147228,-0.166898
10.85,280.0,0.691157,0.660017
12.95,280.0,0.643843,0.613957
15.4,280.0,0.595417,0.566252
17.68,280.0,0.554499,0.525864
19.95,280.0,0.516141,0.488024
22.05,280.0,0.479145,0.451311
24.33,280.0,0.447623,0.420427
26.6,280.0,0.416271,0.389438
28.88,280.0,0.386721,0.359983
31.15,280.0,0.35783,0.331669
33.25,280.0,0.332617,0.306897
35.53,280.0,0.30869,0.283357
37.8,280.0,0.285895,0.260701
39.9,280.0,0.26214,0.23735
42.18,280.0,0.236028,0.21141
44.45,280.0,0.207112,0.182987
46.73,280.0,0.178172,0.154445
48.83,280.0,0.151752,0.128098
51.1,280.0,0.125945,0.102744
53.2,280.0,0.102023,0.079115
55.48,280.0,0.079408,0.056654
57.75,280.0,0.058862,0.036509
60.03,280.0,0.037864,0.015732
62.3,280.0,0.017846,-0.003876
64.58,280.0,-0.001868,-0.023442
66.85,280.0,-0.020281,-0.041652
68.95,280.0,-0.039095,-0.060182
71.23,280.0,-0.056359,-0.077203
73.5,280.0,-0.073152,-0.093633
75.78,280.0,-0.090925,-0.111338
77.88,280.0,-0.111744,-0.131889
80.15,280.0,-0.137265,-0.157163
82.43,280.0,-0.165783,-0.185198
84.53,280.0,-0.193266,-0.212366
86.8,280.0,-0.217055,-0.235875
89.08,280.0,-0.237345,-0.255878
91.18,280.0,-0.254723,-0.273013
93.45,280.0,-0.269304,-0.28744
95.73,280.0,-0.282825,-0.300965
98.0,280.0,-0.294837,-0.312699
100.1,280.0,-0.304113,-0.32175
102.38,280.0,-0.310148,-0.327594
104.65,280.0,-0.315807,-0.333303
106.75,280.0,-0.322757,-0.340348
109.03,280.0,-0.331836,-0.349332
111.3,280.0,-0.341685,-0.358811
113.4,280.0,-0.349664,-0.366605
115.68,280.0,-0.353789,-0.370909
117.95,280.0,-0.355296,-0.372391
120.05,280.0,-0.356735,-0.373783
122.33,280.0,-0.360481,-0.37768
124.6,280.0,-0.369024,-0.385736
126.7,280.0,-0.37976,-0.396547
128.98,280.0,-0.392764,-0.409378
131.25,280.0,-0.403235,-0.419667
133.35,280.0,-0.408574,-0.424957
135.63,280.0,-0.408919,-0.425416
137.9,280.0,-0.406984,-0.423133
140.0,280.0,-0.403395,-0.41976
142.28,280.0,-0.399507,-0.415912
144.55,280.0,-0.395764,-0.412375
146.65,280.0,-0.392144,-0.4087
148.93,280.0,-0.387804,-0.404369
151.2,280.0,-0.382505,-0.399224
153.3,280.0,-0.375524,-0.392289
155.58,280.0,-0.3689,-0.385743
157.85,280.0,-0.361704,-0.378682
159.95,280.0,-0.357305,-0.374399
162.23,280.0,-0.357369,-0.374329
164.5,280.0,-0.361269,-0.378414
166.6,280.0,-0.366993,-0.383996
168.88,280.0,-0.370838,-0.387597
170.98,280.0,-0.370915,-0.387776
173.25,280.0,-0.367603,-0.38468
175.53,280.0,-0.360684,-0.377634
177.8,280.0,-0.35187,-0.369082
180.08,280.0,-0.341904,-0.359162
182.35,280.0,-0.333127,-0.350619
184.45,280.0,-0.325592,-0.343078
186.73,280.0,-0.319929,-0.337637
189.0,280.0,-0.315398,-0.333115
191.1,280.0,-0.312249,-0.329871
193.38,280.0,-0.309578,-0.32695
195.65,280.0,-0.308044,-0.325644
197.75,280.0,-0.307468,-0.325167
200.03,280.0,-0.30842,-0.326066
202.3,280.0,-0.310053,-0.327736
204.58,280.0,-0.312354,-0.329877
206.68,280.0,-0.313417,-0.331208
208.95,280.0,-0.312967,-0.33061
211.05,280.0,-0.309073,-0.326565
213.33,280.0,-0.301648,-0.319477
215.6,280.0,-0.291633,-0.309686
217.7,280.0,-0.279976,-0.297936
219.98,280.0,-0.268177,-0.28623
222.25,280.0,-0.25696,-0.27533
224.53,280.0,-0.246032,-0.264692
226.63,280.0,-0.236679,-0.255302
228.9,280.0,-0.227933,-0.246763
231.0,280.0,-0.217687,-0.236377
233.28,280.0,-0.204939,-0.223898
235.55,280.0,-0.189467,-0.208552
237.83,280.0,-0.172708,-0.192262
239.93,280.0,-0.157095,-0.176676
242.2,280.0,-0.142028,-0.161787
244.48,280.0,-0.128753,-0.148935
246.58,280.0,-0.117246,-0.137249
248.85,280.0,-0.107327,-0.12773
251.13,280.0,-0.098787,-0.119113
253.4,280.0,-0.092351,-0.112758
255.5,280.0,-0.086239,-0.106781
257.78,280.0,-0.079603,-0.100133
259.88,280.0,-0.071775,-0.092527
262.15,280.0,-0.062225,-0.083044
264.43,280.0,-0.050968,-0.072105
266.7,280.0,-0.03883,-0.060176
268.98,280.0,-0.027059,-0.048374
271.08,280.0,-0.016581,-0.037946
273.35,280.0,-0.009631,-0.031341
275.63,280.0,-0.004206,-0.025888
277.73,280.0,0.000683,-0.020925
280.0,280.0,0.006466,-0.015244
282.28,280.0,0.014047,-0.007681
284.55,280.0,0.024457,0.002535
286.65,280.0,0.039328,0.01715
288.93,280.0,0.058751,0.036272
291.2,280.0,0.080803,0.058018
293.3,280.0,0.103955,0.080914
295.58,280.0,0.126219,0.102827
297.85,280.0,0.145726,0.122297
299.95,280.0,0.161583,0.138126
302.23,280.0,0.175135,0.151333
304.5,280.0,0.187818,0.163908
306.6,280.0,0.200883,0.1767
308.88,280.0,0.215627,0.191299
310.98,280.0,0.233092,0.208465
313.25,280.0,0.25226,0.227507
315.53,280.0,0.273234,0.248227
317.8,280.0,0.296056,0.270483
319.9,280.0,0.318616,0.292938
322.18,280.0,0.339928,0.313967
324.45,280.0,0.360313,0.333948
326.73,280.0,0.377414,0.350868
328.83,280.0,0.390932,0.364339
331.1,280.0,0.399296,0.372654
333.38,280.0,0.403954,0.377251
335.65,280.0,0.407325,0.380596
337.93,280.0,0.410698,0.384004
340.2,280.0,0.415362,0.388542
342.65,280.0,0.421413,0.39421
344.93,280.0,0.428101,0.401034
347.03,280.0,0.434339,0.407029
349.3,280.0,0.440439,0.413264
351.58,280.0,0.445738,0.41856
353.68,280.0,0.450079,0.422636
355.95,280.0,0.453655,0.426299
358.23,280.0,0.457106,0.429632
360.33,280.0,0.461299,0.4336
362.6,280.0,0.466028,0.43844
364.88,280.0,0.472081,0.444413
366.98,280.0,0.477984,0.450359
369.25,280.0,0.484265,0.456215
371.53,280.0,0.488437,0.460642
373.8,280.0,0.490202,0.462463
376.08,280.0,0.489512,0.461767
378.18,280.0,0.486927,0.45921
380.45,280.0,0.484312,0.456613
382.73,280.0,0.481191,0.453372
384.83,280.0,0.477716,0.45015
387.1,280.0,0.474284,0.446622
389.2,280.0,0.470408,0.442722
391.48,280.0,0.466191,0.438594
393.75,280.0,0.461046,0.433508
395.85,280.0,0.454758,0.427331
398.13,280.0,0.446249,0.418856
400.4,280.0,0.436194,0.409287
402.68,280.0,0.423751,0.396795
404.78,280.0,0.408622,0.381869
406.88,280.0,0.393027,0.366447
409.33,280.0,0.380482,0.353902
411.6,280.0,0.369346,0.343089
413.7,280.0,0.360051,0.333699
415.98,280.0,0.352309,0.326089
418.25,280.0,0.347685,0.321779
420.53,280.0,0.346154,0.320113
422.63,280.0,0.346896,0.320868
425.08,280.0,0.348843,0.322793
427.35,280.0,0.350612,0.324728
429.45,280.0,0.351573,0.325504
431.73,280.0,0.351545,0.32567
433.83,280.0,0.350439,0.324413
436.1,280.0,0.34872,0.322645
438.38,280.0,0.34632,0.320347
440.48,280.0,0.343061,0.317011
442.75,280.0,0.338594,0.31275
444.85,280.0,0.332223,0.306487
447.13,280.0,0.324407,0.298828
449.4,280.0,0.31714,0.291431
451.5,280.0,0.309583,0.28397
453.78,280.0,0.303662,0.278437
456.05,280.0,0.298991,0.273628
458.15,280.0,0.29381,0.268237
460.43,280.0,0.288357,0.263172
462.53,280.0,0.282805,0.257698
464.98,280.0,0.279346,0.254315
467.08,280.0,0.278628,0.253412
469.35,280.0,0.280618,0.255458
471.63,280.0,0.284318,0.259078
473.73,280.0,0.288277,0.262898
476.0,280.0,0.291163,0.265732
478.28,280.0,0.291921,0.266471
480.38,280.0,0.289186,0.263902
482.65,280.0,0.280171,0.255079
484.93,280.0,0.266117,0.241481
487.03,280.0,0.249096,0.224201
489.3,280.0,0.230825,0.206176
491.58,280.0,0.212488,0.188305
493.68,280.0,0.195674,0.171499
495.95,280.0,0.180889,0.157079
498.05,280.0,0.167719,0.144109
500.33,280.0,0.153234,0.129639
502.6,280.0,0.138434,0.115076
504.7,280.0,0.126909,0.103597
506.98,280.0,0.118366,0.095356
509.25,280.0,0.112667,0.089713
511.53,280.0,0.10844,0.0854
513.63,280.0,0.103641,0.080806
515.9,280.0,0.095403,0.072723
518.0,280.0,0.084204,0.061718
520.28,280.0,0.069941,0.047368
522.55,280.0,0.052873,0.030625
524.65,280.0,0.03344,0.011346
526.93,280.0,0.013712,-0.008189
529.2,280.0,-0.006381,-0.027946
531.48,280.0,-0.024905,-0.046285
533.58,280.0,-0.041094,-0.062333
535.85,280.0,-0.055395,-0.076347
538.13,280.0,-0.067302,-0.088223
540.4,280.0,-0.077357,-0.098054
542.68,280.0,-0.085059,-0.105413
544.78,280.0,-0.091217,-0.111624
547.05,280.0,-0.09538,-0.115875
549.33,280.0,-0.097296,-0.117705
551.43,280.0,-0.096094,-0.116516
553.7,280.0,-0.091794,-0.11228
555.8,280.0,-0.085287,-0.105919
558.08,280.0,-0.077967,-0.098583
560.35,280.0,-0.070583,-0.09114
562.63,280.0,-0.062933,-0.083722
564.9,280.0,-0.058568,-0.079606
567.0,280.0,-0.05952,-0.080389
569.28,280.0,-0.066806,-0.087425
571.55,280.0,-0.078217,-0.098802
573.65,280.0,-0.090974,-0.111439
575.93,280.0,-0.100475,-0.120842
578.2,280.0,-0.106353,-0.126338
580.3,280.0,-0.108026,-0.128272
582.58,280.0,-0.106624,-0.12683
584.85,280.0,-0.104067,-0.124267
587.13,280.0,-0.101307,-0.121692
589.23,280.0,-0.098664,-0.119073
591.5,280.0,-0.096784,-0.117326
593.6,280.0,-0.095959,-0.116301
595.88,280.0,-0.095706,-0.115949
598.15,280.0,-0.096002,-0.116294
600.43,280.0,-0.096864,-0.117052
602.7,280.0,-0.097983,-0.11838
604.98,280.0,-0.098537,-0.119101
607.25,280.0,-0.099126,-0.119431
609.35,280.0,-0.098953,-0.119394
611.63,280.0,-0.098038,-0.118503
613.9,280.0,-0.096772,-0.117037
616.0,280.0,-0.095038,-0.115515
618.28,280.0,-0.093066,-0.113651
620.38,280.0,-0.091202,-0.111643
622.65,280.0,-0.089733,-0.110259
624.93,280.0,-0.089979,-0.110423
627.03,280.0,-0.093596,-0.113824
629.3,280.0,-0.102616,-0.122853
631.58,280.0,-0.115318,-0.135463
633.85,280.0,-0.129948,-0.149976
635.95,280.0,-0.143691,-0.163546
638.23,280.0,-0.154178,-0.173707
640.33,280.0,-0.159803,-0.179446
642.78,280.0,-0.160185,-0.179797
644.88,280.0,-0.155472,-0.174886
647.15,280.0,-0.146519,-0.166245
649.25,280.0,-0.134292,-0.154141
651.53,280.0,-0.120761,-0.140974
653.8,280.0,-0.106766,-0.127212
656.08,280.0,-0.092964,-0.113469
658.18,280.0,-0.079964,-0.100617
660.45,280.0,-0.067933,-0.088537
662.73,280.0,-0.057853,-0.078713
664.83,280.0,-0.049576,-0.070703
667.1,280.0,-0.044474,-0.065524
669.38,280.0,-0.041375,-0.062672
671.48,280.0,-0.041446,-0.062669
673.75,280.0,-0.044853,-0.065916
676.03,280.0,-0.051717,-0.072693
678.13,280.0,-0.062283,-0.083168
680.4,280.0,-0.075007,-0.095678
682.68,280.0,-0.08781,-0.108201
684.78,280.0,-0.097209,-0.117613
687.05,280.0,-0.102256,-0.12236
689.33,280.0,-0.101855,-0.122099
691.43,280.0,-0.097246,-0.117863
693.7,280.0,-0.090444,-0.110829
695.98,280.0,-0.080537,-0.101137
698.25,280.0,-0.0707,-0.091596
700.53,280.0,-0.061763,-0.082524
702.63,280.0,-0.053112,-0.074237
704.9,280.0,-0.046569,-0.067598
707.18,280.0,-0.04208,-0.063303
709.28,280.0,-0.03932,-0.060481
11.38,315.0,0.408123,0.380874
13.48,315.0,0.407026,0.380273
15.93,315.0,0.405797,0.379044
18.03,315.0,0.401958,0.375319
20.3,315.0,0.396487,0.370014
22.58,315.0,0.388899,0.362337
24.68,315.0,0.380448,0.354007
26.95,315.0,0.370963,0.344675
29.23,315.0,0.36011,0.334182
31.33,315.0,0.346246,0.320251
33.6,315.0,0.328767,0.30315
35.88,315.0,0.309512,0.283942
37.98,315.0,0.290248,0.264863
40.25,315.0,0.272014,0.246998
42.53,315.0,0.253468,0.228856
44.8,315.0,0.232852,0.208114
46.9,315.0,0.20921,0.185113
49.18,315.0,0.184685,0.160769
51.45,315.0,0.161268,0.137639
53.55,315.0,0.13938,0.116117
55.83,315.0,0.118271,0.095107
58.1,315.0,0.097799,0.074916
60.2,315.0,0.079565,0.0571
62.48,315.0,0.063212,0.040726
64.75,315.0,0.044907,0.022732
66.85,315.0,0.023188,0.001472
69.13,315.0,-0.000842,-0.022555
71.4,315.0,-0.024788,-0.046039
73.5,315.0,-0.048198,-0.069314
75.78,315.0,-0.07196,-0.092588
77.88,315.0,-0.094036,-0.114295
80.33,315.0,-0.116036,-0.136344
82.6,315.0,-0.134452,-0.154394
84.7,315.0,-0.152025,-0.171673
86.98,315.0,-0.168497,-0.187875
89.25,315.0,-0.185213,-0.204366
91.53,315.0,-0.198368,-0.217388
93.63,315.0,-0.211642,-0.230459
95.9,315.0,-0.228124,-0.246747
98.53,315.0,-0.252255,-0.270647
100.63,315.0,-0.273765,-0.291729
102.9,315.0,-0.294282,-0.311978
105.0,315.0,-0.311414,-0.329227
107.28,315.0,-0.326023,-0.343552
109.55,315.0,-0.338475,-0.355844
111.83,315.0,-0.349698,-0.366805
113.93,315.0,-0.359039,-0.376085
116.2,315.0,-0.366648,-0.383528
118.48,315.0,-0.371531,-0.388352
120.58,315.0,-0.376457,-0.393133
122.85,315.0,-0.381842,-0.398426
124.95,315.0,-0.385459,-0.401978
127.23,315.0,-0.38699,-0.403749
129.5,315.0,-0.38667,-0.403333
131.78,315.0,-0.386513,-0.403201
133.88,315.0,-0.390053,-0.406833
136.15,315.0,-0.398697,-0.415354
138.43,315.0,-0.407807,-0.42431
140.7,315.0,-0.414008,-0.430394
142.8,315.0,-0.413768,-0.43008
145.08,315.0,-0.406984,-0.423229
147.35,315.0,-0.397231,-0.413623
149.63,315.0,-0.387425,-0.404107
151.73,315.0,-0.382138,-0.398937
154.0,315.0,-0.380946,-0.397693
156.28,315.0,-0.380598,-0.397203
158.55,315.0,-0.379674,-0.396223
160.83,315.0,-0.376023,-0.392711
162.93,315.0,-0.370348,-0.387218
165.2,315.0,-0.362859,-0.380037
167.3,315.0,-0.356001,-0.372887
169.58,315.0,-0.351987,-0.368996
171.68,315.0,-0.348774,-0.365977
173.95,315.0,-0.344868,-0.362083
176.23,315.0,-0.339125,-0.356442
178.5,315.0,-0.33199,-0.34935
180.6,315.0,-0.324384,-0.341698
182.88,315.0,-0.316639,-0.334156
185.15,315.0,-0.309319,-0.326799
187.25,315.0,-0.303518,-0.321331
189.53,315.0,-0.299631,-0.317437
191.8,315.0,-0.299067,-0.316772
194.08,315.0,-0.299661,-0.317511
196.35,315.0,-0.300663,-0.318555
198.45,315.0,-0.299643,-0.317231
200.73,315.0,-0.295536,-0.313371
203.0,315.0,-0.288876,-0.30675
205.1,315.0,-0.279569,-0.297773
207.38,315.0,-0.269159,-0.287437
209.65,315.0,-0.257511,-0.275829
211.75,315.0,-0.243953,-0.26244
214.03,315.0,-0.23017,-0.248901
216.3,315.0,-0.21704,-0.235971
218.4,315.0,-0.205429,-0.224554
220.68,315.0,-0.193066,-0.212388
222.95,315.0,-0.179119,-0.198617
225.23,315.0,-0.165265,-0.184791
227.33,315.0,-0.151587,-0.171193
229.6,315.0,-0.137693,-0.157514
231.7,315.0,-0.123158,-0.143167
233.98,315.0,-0.109631,-0.129899
236.25,315.0,-0.097219,-0.11789
238.35,315.0,-0.085611,-0.10607
240.63,315.0,-0.073587,-0.094502
242.9,315.0,-0.059939,-0.080755
245.0,315.0,-0.044412,-0.065786
247.45,315.0,-0.025241,-0.046566
249.73,315.0,-0.010598,-0.032154
252.0,315.0,0.001111,-0.020608
254.1,315.0,0.010951,-0.0107
256.55,315.0,0.02068,-0.001362
258.65,315.0,0.030221,0.008145
260.93,315.0,0.039888,0.017695
263.2,315.0,0.049913,0.027695
265.3,315.0,0.061768,0.039435
267.58,315.0,0.07596,0.053305
269.68,315.0,0.092756,0.07007
271.95,315.0,0.111817,0.08881
274.23,315.0,0.130621,0.10734
276.33,315.0,0.148912,0.125332
278.78,315.0,0.165778,0.142199
280.88,315.0,0.18173,0.157488
283.15,315.0,0.195168,0.17125
285.43,315.0,0.205082,0.180982
287.53,315.0,0.21307,0.188878
289.8,315.0,0.222688,0.1982
292.08,315.0,0.235667,0.21113
294.35,315.0,0.252565,0.227655
296.45,315.0,0.272507,0.24726
298.73,315.0,0.295202,0.269537
301.0,315.0,0.319795,0.293924
303.1,315.0,0.342778,0.31669
305.38,315.0,0.364644,0.338335
307.65,315.0,0.385485,0.358877
309.75,315.0,0.406573,0.379632
312.03,315.0,0.427546,0.400683
314.3,315.0,0.447485,0.420057
316.4,315.0,0.465987,0.438354
318.68,315.0,0.484832,0.457146
320.95,315.0,0.503572,0.475393
323.05,315.0,0.520605,0.492303
325.33,315.0,0.536428,0.508015
327.6,315.0,0.552226,0.523581
329.7,315.0,0.568541,0.539549
331.98,315.0,0.585772,0.556905
334.25,315.0,0.604268,0.575159
336.53,315.0,0.622635,0.592968
338.63,315.0,0.639305,0.609666
340.9,315.0,0.654807,0.624875
343.18,315.0,0.669416,0.639342
345.45,315.0,0.683375,0.652947
347.73,315.0,0.694148,0.663532
350.0,315.0,0.703507,0.672962
352.28,315.0,0.711144,0.680584
354.38,315.0,0.718276,0.687521
356.65,315.0,0.724179,0.693329
358.75,315.0,0.72945,0.69868
361.03,315.0,0.733957,0.703279
363.13,315.0,0.737444,0.706437
365.4,315.0,0.73912,0.708057
367.68,315.0,0.739262,0.708328
369.78,315.0,0.737783,0.706995
372.05,315.0,0.735275,0.704487
374.33,315.0,0.730932,0.700128
376.43,315.0,0.725793,0.694912
378.53,315.0,0.720608,0.689533
380.98,315.0,0.715719,0.685118
383.25,315.0,0.711751,0.681101
385.53,315.0,0.708057,0.677475
387.63,315.0,0.704659,0.673815
389.9,315.0,0.700507,0.66982
392.18,315.0,0.696686,0.666144
394.45,315.0,0.694434,0.663935
396.55,315.0,0.694388,0.663803
398.83,315.0,0.694598,0.664256
401.1,315.0,0.694967,0.664373
403.2,315.0,0.694641,0.664351
405.48,315.0,0.692783,0.662315
407.58,315.0,0.690772,0.660476
409.85,315.0,0.687759,0.657537
412.13,315.0,0.682977,0.652894
414.23,315.0,0.677358,0.64713
416.5,315.0,0.671859,0.641844
418.78,315.0,0.668366,0.638526
420.88,315.0,0.66726,0.637414
423.15,315.0,0.667879,0.637842
425.25,315.0,0.669733,0.639783
427.53,315.0,0.672481,0.642383
429.8,315.0,0.67474,0.644576
431.9,315.0,0.676043,0.645978
434.18,315.0,0.676764,0.646637
436.45,315.0,0.677327,0.64713
438.73,315.0,0.677709,0.647315
440.83,315.0,0.677608,0.647457
443.1,315.0,0.676822,0.646871
445.38,315.0,0.675152,0.645115
447.48,315.0,0.671548,0.641471
449.75,315.0,0.6666,0.636529
452.03,315.0,0.660735,0.630796
454.3,315.0,0.654438,0.624468
456.58,315.0,0.649345,0.619604
458.68,315.0,0.645756,0.615926
460.95,315.0,0.643409,0.613658
463.23,315.0,0.64222,0.612438
465.5,315.0,0.641536,0.611699
467.6,315.0,0.640587,0.610722
469.88,315.0,0.638165,0.608529
472.33,315.0,0.634388,0.604318
474.6,315.0,0.631385,0.601878
476.88,315.0,0.628751,0.599111
478.98,315.0,0.624792,0.595263
481.08,315.0,0.61852,0.589096
483.53,315.0,0.610615,0.581277
485.8,315.0,0.601086,0.571782
488.08,315.0,0.591332,0.562472
490.18,315.0,0.580075,0.551354
492.45,315.0,0.566905,0.538169
494.73,315.0,0.551736,0.523172
497.0,315.0,0.536222,0.507851
499.1,315.0,0.521317,0.492987
501.38,315.0,0.508643,0.480553
503.65,315.0,0.497654,0.469567
505.75,315.0,0.487777,0.460011
508.03,315.0,0.477885,0.450174
510.3,315.0,0.467214,0.439663
512.58,315.0,0.455393,0.427975
514.68,315.0,0.44161,0.414346
516.95,315.0,0.424074,0.39702
519.23,315.0,0.40063,0.374041
521.33,315.0,0.373344,0.347174
523.6,315.0,0.34417,0.318301
525.88,315.0,0.312747,0.287072
528.15,315.0,0.279675,0.25442
530.25,315.0,0.252251,0.227577
532.53,315.0,0.226037,0.201746
534.8,315.0,0.201391,0.177328
537.25,315.0,0.178443,0.154432
539.35,315.0,0.16145,0.137824
541.63,315.0,0.14909,0.125751
543.9,315.0,0.142571,0.119244
546.35,315.0,0.14271,0.118986
548.63,315.0,0.147568,0.124244
550.73,315.0,0.155202,0.131527
553.0,315.0,0.164537,0.140782
555.45,315.0,0.174934,0.150948
557.73,315.0,0.183129,0.159167
560.0,315.0,0.189136,0.165178
562.1,315.0,0.192741,0.168536
564.55,315.0,0.193446,0.169232
566.83,315.0,0.191937,0.168009
568.93,315.0,0.188089,0.16417
571.2,315.0,0.18312,0.159445
573.48,315.0,0.176376,0.15259
575.58,315.0,0.168539,0.144753
577.85,315.0,0.15901,0.13535
580.13,315.0,0.149377,0.125806
582.4,315.0,0.140695,0.117109
584.5,315.0,0.134944,0.111521
586.78,315.0,0.131013,0.107796
588.88,315.0,0.129679,0.106385
591.15,315.0,0.130732,0.107528
593.43,315.0,0.133847,0.110535
595.7,315.0,0.138104,0.114743
597.98,315.0,0.142189,0.118835
600.08,315.0,0.14673,0.123218
602.35,315.0,0.151616,0.128188
604.63,315.0,0.156262,0.132556
606.9,315.0,0.160396,0.1367
609.0,315.0,0.163489,0.139885
611.28,315.0,0.165209,0.141478
613.55,315.0,0.166025,0.142152
615.83,315.0,0.164907,0.140936
618.1,315.0,0.162387,0.138754
620.2,315.0,0.158684,0.134919
622.48,315.0,0.153952,0.130464
624.75,315.0,0.148043,0.124703
626.85,315.0,0.140514,0.117011
629.13,315.0,0.132559,0.1093
631.4,315.0,0.125467,0.102236
633.5,315.0,0.121148,0.098206
635.78,315.0,0.120397,0.097122
638.05,315.0,0.12291,0.099928
640.33,315.0,0.129084,0.105828
642.6,315.0,0.136897,0.11357
644.88,315.0,0.145024,0.121475
647.15,315.0,0.153419,0.129611
649.25,315.0,0.16072,0.137149
651.53,315.0,0.168375,0.14483
653.8,315.0,0.175517,0.151706
655.9,315.0,0.182836,0.158841
658.18,315.0,0.189814,0.165594
660.45,315.0,0.196792,0.172809
662.73,315.0,0.203049,0.178939
664.83,315.0,0.209293,0.18479
667.1,315.0,0.215144,0.190979
669.2,315.0,0.220849,0.196398
671.48,315.0,0.226151,0.201521
673.75,315.0,0.230538,0.206022
676.03,315.0,0.233927,0.209238
678.48,315.0,0.237393,0.212744
680.75,315.0,0.240446,0.215785
683.03,315.0,0.241952,0.217269
685.3,315.0,0.241154,0.216435
687.58,315.0,0.23775,0.212818
689.85,315.0,0.232146,0.207627
691.95,315.0,0.225834,0.201197
694.23,315.0,0.21938,0.195054
696.33,315.0,0.213884,0.189521
698.6,315.0,0.209411,0.185245
700.88,315.0,0.207276,0.183117
702.98,315.0,0.206829,0.182679
705.25,315.0,0.208782,0.184463
707.53,315.0,0.212618,0.188366
709.63,315.0,0.217898,0.193573
11.38,350.0,0.406391,0.378905
13.48,350.0,0.394774,0.367833
16.1,350.0,0.380717,0.354062
18.2,350.0,0.368834,0.342392
20.48,350.0,0.356662,0.330295
22.75,350.0,0.343957,0.317916
24.85,350.0,0.330008,0.304296
27.13,350.0,0.313985,0.288323
29.23,350.0,0.295119,0.269608
31.5,350.0,0.275695,0.250513
33.78,350.0,0.257044,0.232337
36.05,350.0,0.237581,0.212913
38.33,350.0,0.217473,0.193172
40.43,350.0,0.197464,0.173465
42.7,350.0,0.176663,0.152762
44.98,350.0,0.154937,0.131185
47.08,350.0,0.133542,0.110372
49.35,350.0,0.112427,0.089349
51.63,350.0,0.092719,0.069919
53.73,350.0,0.07548,0.052957
56.0,350.0,0.059981,0.037525
58.28,350.0,0.045634,0.023209
60.55,350.0,0.030418,0.008314
62.65,350.0,0.012747,-0.00887
64.93,350.0,-0.008796,-0.030358
67.2,350.0,-0.031637,-0.053035
69.48,350.0,-0.05529,-0.076113
71.4,350.0,-0.078972,-0.099538
73.85,350.0,-0.101285,-0.121288
76.13,350.0,-0.121732,-0.141809
78.4,350.0,-0.140336,-0.160142
80.5,350.0,-0.157758,-0.177308
82.78,350.0,-0.17379,-0.193072
85.05,350.0,-0.188164,-0.207274
87.15,350.0,-0.200798,-0.219723
89.43,350.0,-0.212748,-0.231461
91.35,350.0,-0.226442,-0.244942
93.8,350.0,-0.243118,-0.261494
95.9,350.0,-0.261747,-0.279766
98.18,350.0,-0.280062,-0.29793
100.45,350.0,-0.297696,-0.31565
102.73,350.0,-0.314058,-0.331704
104.83,350.0,-0.329252,-0.346611
107.1,350.0,-0.342896,-0.360145
109.38,350.0,-0.355823,-0.372841
111.65,350.0,-0.366202,-0.383121
113.75,350.0,-0.371956,-0.389011
116.03,350.0,-0.376199,-0.393025
118.3,350.0,-0.379295,-0.396011
120.4,350.0,-0.380046,-0.396744
122.68,350.0,-0.379812,-0.39643
124.95,350.0,-0.379661,-0.396439
127.23,350.0,-0.382237,-0.398922
129.33,350.0,-0.389526,-0.406112
131.6,350.0,-0.398407,-0.414741
133.88,350.0,-0.403669,-0.419997
135.98,350.0,-0.403312,-0.419711
138.25,350.0,-0.397569,-0.414048
140.53,350.0,-0.389905,-0.406408
142.8,350.0,-0.383552,-0.400228
144.9,350.0,-0.379455,-0.396208
147.35,350.0,-0.378004,-0.394683
149.45,350.0,-0.378315,-0.394929
151.73,350.0,-0.378278,-0.395105
154.0,350.0,-0.376664,-0.393404
156.28,350.0,-0.371054,-0.387711
158.38,350.0,-0.363167,-0.380284
160.65,350.0,-0.351676,-0.36895
162.93,350.0,-0.339085,-0.356152
165.03,350.0,-0.326387,-0.343863
167.3,350.0,-0.314803,-0.332178
169.58,350.0,-0.305074,-0.322813
171.68,350.0,-0.297181,-0.314812
173.95,350.0,-0.291307,-0.309144
176.23,350.0,-0.287009,-0.305087
178.33,350.0,-0.284273,-0.302382
180.6,350.0,-0.281624,-0.299658
182.88,350.0,-0.277563,-0.295601
185.15,350.0,-0.271655,-0.289868
187.25,350.0,-0.263568,-0.281892
189.53,350.0,-0.254686,-0.273001
191.63,350.0,-0.245576,-0.26407
194.08,350.0,-0.236399,-0.254883
196.18,350.0,-0.227228,-0.245986
198.45,350.0,-0.21874,-0.237508
200.73,350.0,-0.210946,-0.229785
202.83,350.0,-0.202634,-0.221624
205.1,350.0,-0.193315,-0.212564
207.38,350.0,-0.184945,-0.20427
209.48,350.0,-0.177921,-0.197385
211.75,350.0,-0.171775,-0.191245
214.38,350.0,-0.162921,-0.182545
216.48,350.0,-0.152989,-0.17245
218.75,350.0,-0.139776,-0.159606
221.03,350.0,-0.125768,-0.145746
223.3,350.0,-0.112068,-0.132126
225.4,350.0,-0.098349,-0.118811
227.68,350.0,-0.083811,-0.104625
229.95,350.0,-0.069157,-0.090044
232.05,350.0,-0.056744,-0.077598
234.33,350.0,-0.046344,-0.067548
236.6,350.0,-0.038048,-0.059397
238.7,350.0,-0.02997,-0.051097
240.98,350.0,-0.019714,-0.04106
243.25,350.0,-0.007385,-0.029012
245.35,350.0,0.007371,-0.014455
247.63,350.0,0.021222,-0.000759
249.73,350.0,0.032211,0.010021
252.0,350.0,0.040541,0.018268
254.28,350.0,0.04715,0.024848
256.55,350.0,0.05409,0.031746
258.65,350.0,0.061771,0.0393
260.93,350.0,0.069898,0.047451
263.2,350.0,0.079066,0.056527
265.3,350.0,0.091007,0.068178
267.75,350.0,0.108117,0.085095
270.03,350.0,0.126573,0.10328
272.13,350.0,0.145172,0.121693
274.4,350.0,0.162553,0.138847
277.03,350.0,0.183055,0.158881
279.3,350.0,0.199959,0.175671
281.4,350.0,0.215245,0.190911
283.68,350.0,0.227155,0.202655
286.13,350.0,0.235513,0.210846
288.4,350.0,0.241635,0.216823
290.68,350.0,0.250399,0.22564
292.95,350.0,0.263899,0.238828
295.23,350.0,0.283036,0.257756
297.5,350.0,0.305248,0.279691
299.6,350.0,0.328736,0.303052
301.88,350.0,0.352965,0.32673
304.15,350.0,0.3769,0.350396
306.43,350.0,0.397198,0.370353
308.53,350.0,0.4164,0.389537
310.8,350.0,0.435134,0.40799
313.08,350.0,0.454989,0.42746
315.35,350.0,0.47461,0.446976
317.45,350.0,0.494672,0.466702
319.73,350.0,0.514244,0.486006
322.0,350.0,0.534037,0.505368
324.1,350.0,0.553366,0.524798
326.38,350.0,0.572962,0.544213
328.65,350.0,0.591927,0.562897
330.75,350.0,0.608806,0.579638
333.2,350.0,0.624342,0.594752
335.3,350.0,0.638449,0.608572
337.58,350.0,0.652152,0.622235
339.85,350.0,0.665713,0.635661
342.13,350.0,0.679773,0.649422
344.23,350.0,0.693224,0.662885
346.5,350.0,0.706637,0.676104
348.6,350.0,0.719056,0.688535
350.7,350.0,0.731098,0.700075
352.98,350.0,0.742136,0.71111
355.25,350.0,0.752589,0.721332
357.53,350.0,0.762047,0.730513
359.8,350.0,0.770269,0.738754
362.08,350.0,0.776742,0.745078
364.18,350.0,0.78123,0.749653
366.45,350.0,0.784385,0.752836
368.9,350.0,0.787487,0.755664
371.0,350.0,0.791477,0.759678
373.28,350.0,0.796341,0.764588
375.55,350.0,0.801754,0.769853
377.83,350.0,0.808236,0.776344
379.93,350.0,0.814819,0.782851
382.2,350.0,0.820395,0.788362
384.48,350.0,0.825583,0.793664
386.58,350.0,0.830134,0.797968
388.85,350.0,0.834015,0.801566
391.13,350.0,0.837728,0.80555
393.4,350.0,0.84205,0.809511
395.5,350.0,0.846594,0.81445
397.78,350.0,0.852111,0.819687
399.88,350.0,0.8575,0.825081
402.15,350.0,0.862349,0.829591
404.43,350.0,0.866372,0.833787
406.7,350.0,0.870278,0.837416
408.98,350.0,0.87388,0.841082
411.25,350.0,0.877712,0.844896
413.53,350.0,0.882647,0.849899
415.63,350.0,0.889037,0.856027
417.9,350.0,0.89623,0.863399
420.18,350.0,0.905072,0.871954
422.28,350.0,0.913679,0.88054
424.55,350.0,0.922974,0.889674
426.83,350.0,0.932854,0.899289
428.93,350.0,0.942709,0.908947
431.2,350.0,0.952632,0.919108
433.3,350.0,0.963371,0.929443
435.58,350.0,0.97469,0.94074
437.85,350.0,0.986055,0.951862
440.13,350.0,0.996717,0.962607
442.23,350.0,1.005743,0.971412
444.5,350.0,1.014027,0.979403
446.78,350.0,1.020639,0.986113
449.05,350.0,1.027582,0.992878
451.15,350.0,1.034483,0.999677
453.43,350.0,1.042928,1.00798
455.53,350.0,1.051714,1.016828
457.8,350.0,1.061658,1.026874
460.08,350.0,1.072108,1.037062
462.18,350.0,1.082182,1.046985
464.45,350.0,1.092086,1.056748
466.73,350.0,1.102413,1.066797
468.83,350.0,1.11233,1.076621
471.1,350.0,1.121778,1.085848
473.38,350.0,1.129711,1.093947
475.65,350.0,1.136079,1.100176
477.75,350.0,1.139797,1.10391
480.03,350.0,1.140808,1.104985
482.3,350.0,1.138756,1.102666
484.4,350.0,1.134422,1.098294
486.68,350.0,1.127773,1.092
488.95,350.0,1.119117,1.083559
491.23,350.0,1.106526,1.070796
493.5,350.0,1.091128,1.055494
495.6,350.0,1.07034,1.035358
497.88,350.0,1.047354,1.012459
499.98,350.0,1.024428,0.98993
502.25,350.0,1.001172,0.966877
504.53,350.0,0.976199,0.942077
506.63,350.0,0.9496,0.915944
508.9,350.0,0.922561,0.889471
511.18,350.0,0.893334,0.860593
513.45,350.0,0.861964,0.829573
515.55,350.0,0.829548,0.797666
517.83,350.0,0.794943,0.763291
519.93,350.0,0.75778,0.726532
522.2,350.0,0.720812,0.689989
524.48,350.0,0.682253,0.652069
526.58,350.0,0.645993,0.616419
528.85,350.0,0.610722,0.581471
531.13,350.0,0.574992,0.546308
533.23,350.0,0.541684,0.513107
535.5,350.0,0.509154,0.480969
537.78,350.0,0.47584,0.44827
540.05,350.0,0.447516,0.420156
542.15,350.0,0.423769,0.396856
544.43,350.0,0.404235,0.377571
546.7,350.0,0.389118,0.362513
548.8,350.0,0.378351,0.3519
551.08,350.0,0.37047,0.344105
553.35,350.0,0.365655,0.339469
555.63,350.0,0.362254,0.335948
557.9,350.0,0.358942,0.332892
560.0,350.0,0.355242,0.329219
562.28,350.0,0.350581,0.324638
564.55,350.0,0.34242,0.316441
566.65,350.0,0.332762,0.30697
568.93,350.0,0.32129,0.295578
571.03,350.0,0.30986,0.284454
573.3,350.0,0.301502,0.276145
575.58,350.0,0.297226,0.271829
577.85,350.0,0.296129,0.270714
579.95,350.0,0.297895,0.272544
582.23,350.0,0.301783,0.276225
584.5,350.0,0.307707,0.282075
586.6,350.0,0.314549,0.288979
588.88,350.0,0.323622,0.297892
591.15,350.0,0.335396,0.309457
593.25,350.0,0.349509,0.323465
595.53,350.0,0.365134,0.338957
597.8,350.0,0.380593,0.353982
599.9,350.0,0.394013,0.367411
602.18,350.0,0.404724,0.377987
604.45,350.0,0.413384,0.386517
606.55,350.0,0.419145,0.392334
608.83,350.0,0.424552,0.397562
611.1,350.0,0.428933,0.401949
613.38,350.0,0.43283,0.405803
615.65,350.0,0.436511,0.409349
617.75,350.0,0.439934,0.412704
620.03,350.0,0.442374,0.415029
622.3,350.0,0.44262,0.415254
624.58,350.0,0.441413,0.414031
626.85,350.0,0.438893,0.411588
629.13,350.0,0.435039,0.407932
631.4,350.0,0.430834,0.403585
633.68,350.0,0.427861,0.400954
635.78,350.0,0.425436,0.398461
638.05,350.0,0.424404,0.397509
640.15,350.0,0.424681,0.397593
642.6,350.0,0.427109,0.400094
644.7,350.0,0.431219,0.404222
646.98,350.0,0.437565,0.410227
649.25,350.0,0.444305,0.416986
651.35,350.0,0.45051,0.423058
653.63,350.0,0.456151,0.428791
655.9,350.0,0.461376,0.433692
658.0,350.0,0.466453,0.438951
660.28,350.0,0.471847,0.444016
662.38,350.0,0.476413,0.448896
664.65,350.0,0.482007,0.454108
666.93,350.0,0.488581,0.460575
669.03,350.0,0.494481,0.466594
671.3,350.0,0.500337,0.472288
673.58,350.0,0.50587,0.477707
675.68,350.0,0.511397,0.483335
677.95,350.0,0.517941,0.489657
680.23,350.0,0.523698,0.495347
682.5,350.0,0.52921,0.501024
684.6,350.0,0.534804,0.506218
686.7,350.0,0.539888,0.511314
689.15,350.0,0.546579,0.517974
691.25,350.0,0.553418,0.524675
693.53,350.0,0.559465,0.530886
695.63,350.0,0.564315,0.535732
697.9,350.0,0.567555,0.538775
700.18,350.0,0.568116,0.539256
702.28,350.0,0.566499,0.537614
704.55,350.0,0.562334,0.533532
706.83,350.0,0.556095,0.527485
709.1,350.0,0.547907,0.519305
711.2,350.0,0.538495,0.509832
10.15,385.0,0.146324,0.12223
12.25,385.0,0.127193,0.103816
14.53,385.0,0.10584,0.082741
16.8,385.0,0.08543,0.062704
19.08,385.0,0.06662,0.044072
21.35,385.0,0.049155,0.02719
23.45,385.0,0.033801,0.011657
25.73,385.0,0.019993,-0.001806
27.83,385.0,0.008838,-0.012866
30.1,385.0,-0.000709,-0.022136
32.38,385.0,-0.008251,-0.029708
34.65,385.0,-0.015118,-0.036735
36.93,385.0,-0.0218,-0.043075
39.03,385.0,-0.030765,-0.05192
41.3,385.0,-0.042484,-0.063584
43.58,385.0,-0.057567,-0.078661
45.68,385.0,-0.074751,-0.095352
47.95,385.0,-0.092413,-0.112699
50.23,385.0,-0.10899,-0.129184
52.33,385.0,-0.125108,-0.145068
54.6,385.0,-0.140044,-0.15992
56.88,385.0,-0.154628,-0.174406
58.98,385.0,-0.169933,-0.189397
61.25,385.0,-0.185349,-0.204643
63.53,385.0,-0.20045,-0.219353
65.8,385.0,-0.213959,-0.232674
67.9,385.0,-0.225022,-0.243894
70.18,385.0,-0.232792,-0.251424
72.45,385.0,-0.23895,-0.2574
74.55,385.0,-0.245429,-0.263811
76.83,385.0,-0.254427,-0.272865
79.1,385.0,-0.267191,-0.285509
81.2,385.0,-0.282939,-0.300897
83.48,385.0,-0.299239,-0.317188
85.58,385.0,-0.31504,-0.332662
87.85,385.0,-0.33012,-0.347449
90.13,385.0,-0.344162,-0.361494
92.4,385.0,-0.358102,-0.374985
94.5,385.0,-0.370016,-0.386849
96.78,385.0,-0.379655,-0.396365
99.05,385.0,-0.386602,-0.403056
101.33,385.0,-0.393115,-0.409732
103.6,385.0,-0.397961,-0.414393
105.7,385.0,-0.400813,-0.4172
107.98,385.0,-0.402132,-0.418491
110.25,385.0,-0.403164,-0.419461
112.35,385.0,-0.406171,-0.422683
114.63,385.0,-0.413093,-0.429643
116.73,385.0,-0.420545,-0.436519
119.0,385.0,-0.425259,-0.441377
121.1,385.0,-0.42565,-0.441765
123.38,385.0,-0.421756,-0.438028
125.65,385.0,-0.416001,-0.432394
127.75,385.0,-0.410619,-0.427107
130.03,385.0,-0.407197,-0.423657
132.13,385.0,-0.405256,-0.421479
133.53,385.0,-0.402924,-0.419372
136.68,385.0,-0.399134,-0.41549
138.78,385.0,-0.392043,-0.408488
141.05,385.0,-0.382138,-0.399039
143.15,385.0,-0.370333,-0.387175
145.43,385.0,-0.35834,-0.375416
147.7,385.0,-0.348084,-0.365256
149.98,385.0,-0.337754,-0.355
152.25,385.0,-0.325897,-0.343472
154.53,385.0,-0.314855,-0.332409
156.8,385.0,-0.303457,-0.321384
158.9,385.0,-0.291417,-0.309218
161.18,385.0,-0.277674,-0.295863
163.28,385.0,-0.262767,-0.280925
165.55,385.0,-0.2485,-0.267003
167.83,385.0,-0.236217,-0.254775
170.1,385.0,-0.226596,-0.245432
172.2,385.0,-0.219498,-0.238272
174.48,385.0,-0.216143,-0.234957
176.75,385.0,-0.216827,-0.23562
179.03,385.0,-0.219569,-0.238266
181.13,385.0,-0.221963,-0.240724
183.4,385.0,-0.221079,-0.239739
185.68,385.0,-0.216291,-0.234973
187.78,385.0,-0.207194,-0.226094
190.05,385.0,-0.194538,-0.213867
192.33,385.0,-0.177955,-0.197536
194.6,385.0,-0.160299,-0.17988
196.7,385.0,-0.142166,-0.161837
198.98,385.0,-0.124745,-0.144788
201.08,385.0,-0.108241,-0.12858
203.35,385.0,-0.092604,-0.113094
205.63,385.0,-0.077496,-0.098241
207.73,385.0,-0.0644,-0.085121
209.83,385.0,-0.052709,-0.073858
212.28,385.0,-0.042829,-0.064006
214.38,385.0,-0.033642,-0.055007
216.65,385.0,-0.025888,-0.04712
218.93,385.0,-0.019298,-0.040906
221.2,385.0,-0.015934,-0.037354
223.48,385.0,-0.01379,-0.035275
225.58,385.0,-0.011763,-0.033417
227.85,385.0,-0.009224,-0.030598
229.95,385.0,-0.004298,-0.025808
232.23,385.0,0.001845,-0.019813
234.5,385.0,0.008638,-0.013075
236.78,385.0,0.013604,-0.008199
238.88,385.0,0.016986,-0.005038
241.15,385.0,0.020856,-0.001085
243.43,385.0,0.025893,0.003847
245.53,385.0,0.031595,0.009688
247.8,385.0,0.039913,0.017812
249.9,385.0,0.050264,0.027766
252.18,385.0,0.062504,0.040036
254.45,385.0,0.07604,0.053246
256.55,385.0,0.088474,0.065615
258.83,385.0,0.099106,0.076339
261.1,385.0,0.106709,0.083721
263.2,385.0,0.109774,0.086746
265.48,385.0,0.110837,0.087861
267.75,385.0,0.112572,0.089611
269.85,385.0,0.1169,0.093708
272.13,385.0,0.123677,0.100544
274.58,385.0,0.133813,0.110437
276.68,385.0,0.143924,0.120406
278.95,385.0,0.153976,0.130199
281.23,385.0,0.163958,0.140387
283.5,385.0,0.175532,0.151807
285.6,385.0,0.18857,0.164709
287.88,385.0,0.203237,0.179152
290.15,385.0,0.218896,0.194672
292.25,385.0,0.235421,0.210532
294.53,385.0,0.251379,0.226644
296.8,385.0,0.265178,0.240184
298.9,385.0,0.276028,0.250911
301.18,385.0,0.28441,0.259032
303.45,385.0,0.294851,0.269238
305.73,385.0,0.30942,0.283831
308.0,385.0,0.327229,0.30125
310.28,385.0,0.345538,0.319604
312.55,385.0,0.363813,0.337417
314.83,385.0,0.382426,0.355852
316.93,385.0,0.402411,0.375615
319.2,385.0,0.423258,0.396179
321.65,385.0,0.445904,0.418529
323.93,385.0,0.467189,0.439296
326.03,385.0,0.48957,0.461533
328.48,385.0,0.510827,0.482596
330.58,385.0,0.529854,0.501474
332.85,385.0,0.546151,0.51754
335.13,385.0,0.560467,0.531588
337.23,385.0,0.571905,0.543196
339.5,385.0,0.582472,0.553538
341.6,385.0,0.591382,0.562549
343.88,385.0,0.599961,0.570581
346.15,385.0,0.60872,0.579456
348.43,385.0,0.617035,0.587371
350.7,385.0,0.626206,0.596459
352.8,385.0,0.634777,0.605125
355.08,385.0,0.644854,0.615152
357.35,385.0,0.65583,0.625913
359.45,385.0,0.668338,0.638375
361.73,385.0,0.681606,0.651231
364.0,385.0,0.695143,0.664755
366.1,385.0,0.708214,0.677374
368.38,385.0,0.720858,0.690171
370.65,385.0,0.732192,0.701489
372.75,385.0,0.742888,0.711951
375.03,385.0,0.753322,0.722275
377.3,385.0,0.764441,0.733159
379.58,385.0,0.774441,0.742925
381.68,385.0,0.783732,0.751961
383.95,385.0,0.791896,0.760168
386.23,385.0,0.799625,0.767814
388.5,385.0,0.807715,0.775679
390.78,385.0,0.815642,0.783603
393.05,385.0,0.824964,0.792928
395.33,385.0,0.835821,0.803501
397.6,385.0,0.847099,0.814539
399.88,385.0,0.858584,0.826116
401.98,385.0,0.868704,0.836018
404.43,385.0,0.877915,0.844918
406.53,385.0,0.885016,0.852216
408.8,385.0,0.890747,0.857678
411.08,385.0,0.895294,0.862407
413.18,385.0,0.90115,0.868125
415.45,385.0,0.908485,0.875281
417.73,385.0,0.918384,0.885041
420.0,385.0,0.929979,0.896634
422.1,385.0,0.942247,0.908735
424.38,385.0,0.956381,0.922589
426.65,385.0,0.971729,0.937549
428.75,385.0,0.986449,0.952324
431.03,385.0,1.001113,0.966957
433.3,385.0,1.015999,0.981341
435.4,385.0,1.030263,0.995586
437.68,385.0,1.044757,1.010047
439.95,385.0,1.060497,1.02538
442.05,385.0,1.076606,1.041501
444.33,385.0,1.092752,1.057163
446.6,385.0,1.108294,1.072709
448.7,385.0,1.122946,1.087096
450.98,385.0,1.136812,1.10062
453.25,385.0,1.149489,1.113251
455.53,385.0,1.16098,1.124785
457.63,385.0,1.171288,1.134905
459.9,385.0,1.181707,1.145176
462.18,385.0,1.192342,1.155635
464.28,385.0,1.203174,1.16639
466.55,385.0,1.212927,1.176181
469.53,385.0,1.222028,1.184582
471.8,385.0,1.226328,1.189209
473.9,385.0,1.228192,1.191347
476.18,385.0,1.228694,1.191473
478.45,385.0,1.22729,1.190068
480.73,385.0,1.224002,1.187077
483.0,385.0,1.21798,1.181107
485.1,385.0,1.209511,1.172665
487.38,385.0,1.197114,1.160318
489.65,385.0,1.180697,1.143892
491.93,385.0,1.160115,1.123972
494.2,385.0,1.135722,1.09972
496.3,385.0,1.107336,1.071834
498.58,385.0,1.075595,1.040666
500.85,385.0,1.041412,1.00684
503.13,385.0,1.006634,0.972361
505.23,385.0,0.968901,0.93518
507.5,385.0,0.930053,0.896985
509.78,385.0,0.888929,0.85607
511.88,385.0,0.847041,0.81473
514.15,385.0,0.805029,0.773445
516.25,385.0,0.762484,0.731329
518.7,385.0,0.725417,0.694718
520.8,385.0,0.691896,0.661687
523.08,385.0,0.660494,0.630793
525.35,385.0,0.630956,0.601446
527.63,385.0,0.602956,0.573748
529.73,385.0,0.574635,0.545917
532.0,385.0,0.547771,0.519185
534.28,385.0,0.522023,0.493825
536.38,385.0,0.496557,0.468606
538.65,385.0,0.47254,0.445002
540.93,385.0,0.449607,0.422355
543.2,385.0,0.427358,0.400562
545.3,385.0,0.403237,0.376444
547.58,385.0,0.378421,0.351958
549.85,385.0,0.354561,0.328323
551.95,385.0,0.332679,0.306779
554.23,385.0,0.311539,0.285929
556.5,385.0,0.2934,0.268231
558.78,385.0,0.277177,0.252051
560.88,385.0,0.26385,0.239112
563.15,385.0,0.252491,0.227713
565.43,385.0,0.243357,0.218853
567.7,385.0,0.235812,0.211234
569.98,385.0,0.229004,0.204229
572.25,385.0,0.221986,0.197362
574.35,385.0,0.215815,0.191391
576.63,385.0,0.211533,0.187165
578.9,385.0,0.209195,0.185073
581.0,385.0,0.208767,0.184546
583.28,385.0,0.210532,0.186228
585.55,385.0,0.213936,0.189549
587.65,385.0,0.219287,0.195008
589.93,385.0,0.228468,0.203865
592.2,385.0,0.240393,0.215717
594.48,385.0,0.254857,0.22999
596.75,385.0,0.270646,0.245652
598.85,385.0,0.287679,0.262217
601.13,385.0,0.304053,0.278403
603.4,385.0,0.320723,0.295014
605.5,385.0,0.336598,0.310837
607.78,385.0,0.350988,0.325067
610.05,385.0,0.36381,0.33755
612.15,385.0,0.37498,0.348693
614.43,385.0,0.385313,0.358683
616.7,385.0,0.39494,0.368221
618.8,385.0,0.402704,0.375923
621.08,385.0,0.409527,0.382645
623.35,385.0,0.415143,0.388144
625.63,385.0,0.419435,0.392439
627.73,385.0,0.424145,0.397063
630.18,385.0,0.428218,0.401132
632.28,385.0,0.430926,0.403874
634.55,385.0,0.433196,0.406009
636.83,385.0,0.434533,0.407476
639.1,385.0,0.436394,0.409182
641.2,385.0,0.438803,0.411625
643.48,385.0,0.442765,0.415744
645.75,385.0,0.44913,0.421739
647.85,385.0,0.458816,0.431289
650.13,385.0,0.470208,0.442562
652.4,385.0,0.482512,0.454761
654.68,385.0,0.495162,0.467263
656.78,385.0,0.506862,0.478643
659.05,385.0,0.517885,0.489771
661.33,385.0,0.529552,0.50108
663.43,385.0,0.542152,0.513745
665.7,385.0,0.55653,0.527827
667.98,385.0,0.57348,0.544675
670.08,385.0,0.592962,0.563815
672.35,385.0,0.613021,0.583517
674.63,385.0,0.632361,0.602595
676.9,385.0,0.651939,0.621933
679.18,385.0,0.671123,0.641064
681.28,385.0,0.689456,0.659145
683.55,385.0,0.708045,0.677383
685.83,385.0,0.724203,0.693298
688.1,385.0,0.7381,0.70709
690.2,385.0,0.749185,0.71823
692.48,385.0,0.757854,0.726662
694.58,385.0,0.764434,0.733039
696.85,385.0,0.768821,0.737373
699.13,385.0,0.771123,0.739755
701.23,385.0,0.772389,0.740805
703.5,385.0,0.771939,0.740315
705.78,385.0,0.770771,0.739317
708.05,385.0,0.768402,0.737028
710.15,385.0,0.766039,0.734906
11.03,420.0,-0.073734,-0.094532
13.3,420.0,-0.084785,-0.105216
15.58,420.0,-0.097521,-0.117896
17.85,420.0,-0.109733,-0.130065
20.13,420.0,-0.120802,-0.140765
22.05,420.0,-0.12952,-0.149628
24.5,420.0,-0.137391,-0.157293
26.78,420.0,-0.143821,-0.163617
28.88,420.0,-0.150127,-0.169662
31.15,420.0,-0.155835,-0.175533
33.25,420.0,-0.162493,-0.182098
35.53,420.0,-0.170198,-0.189471
37.63,420.0,-0.179015,-0.198439
39.9,420.0,-0.188642,-0.207573
42.18,420.0,-0.199979,-0.218956
44.63,420.0,-0.209357,-0.228281
46.9,420.0,-0.217533,-0.236436
49.0,420.0,-0.2257,-0.244384
51.28,420.0,-0.232117,-0.250962
53.55,420.0,-0.236914,-0.255389
55.65,420.0,-0.239597,-0.258284
57.93,420.0,-0.242015,-0.260598
60.2,420.0,-0.246421,-0.264849
62.3,420.0,-0.254581,-0.272887
64.58,420.0,-0.267662,-0.286045
66.85,420.0,-0.284008,-0.302114
69.13,420.0,-0.299785,-0.317493
71.23,420.0,-0.312446,-0.32992
73.5,420.0,-0.323309,-0.340653
75.6,420.0,-0.333195,-0.35057
77.88,420.0,-0.343183,-0.360444
79.98,420.0,-0.354159,-0.371208
82.25,420.0,-0.365977,-0.382905
84.53,420.0,-0.377147,-0.394014
86.63,420.0,-0.386402,-0.40313
88.9,420.0,-0.393327,-0.409803
91.18,420.0,-0.397058,-0.413709
93.28,420.0,-0.397865,-0.41455
95.55,420.0,-0.39891,-0.415527
97.83,420.0,-0.402326,-0.41874
99.93,420.0,-0.407446,-0.423802
102.38,420.0,-0.41098,-0.427308
104.48,420.0,-0.4113,-0.427754
106.75,420.0,-0.408777,-0.425247
108.85,420.0,-0.404621,-0.421118
111.13,420.0,-0.400693,-0.417203
113.23,420.0,-0.398768,-0.415345
115.5,420.0,-0.397757,-0.414107
117.78,420.0,-0.396648,-0.413173
119.88,420.0,-0.395305,-0.411713
122.15,420.0,-0.392218,-0.408777
124.25,420.0,-0.38724,-0.403728
126.53,420.0,-0.380983,-0.397733
128.8,420.0,-0.37509,-0.391956
130.9,420.0,-0.368722,-0.385663
133.18,420.0,-0.361026,-0.378179
135.45,420.0,-0.351765,-0.369002
137.55,420.0,-0.341017,-0.358272
139.83,420.0,-0.330133,-0.347634
142.1,420.0,-0.32098,-0.338303
144.38,420.0,-0.311916,-0.329652
146.48,420.0,-0.301661,-0.319292
148.75,420.0,-0.286929,-0.304979
151.03,420.0,-0.267403,-0.285672
153.13,420.0,-0.243993,-0.262653
155.4,420.0,-0.218682,-0.237634
157.5,420.0,-0.193549,-0.212745
159.78,420.0,-0.167946,-0.187644
162.05,420.0,-0.144643,-0.164403
164.15,420.0,-0.12403,-0.143959
166.43,420.0,-0.105312,-0.125737
168.7,420.0,-0.0883,-0.108697
170.98,420.0,-0.072912,-0.093713
173.08,420.0,-0.059477,-0.080407
175.35,420.0,-0.046791,-0.067995
177.63,420.0,-0.035377,-0.056492
179.73,420.0,-0.025109,-0.046553
182.0,420.0,-0.015971,-0.037345
184.28,420.0,-0.008038,-0.029816
186.38,420.0,-0.001116,-0.022835
188.65,420.0,0.004309,-0.017487
190.93,420.0,0.00885,-0.013048
193.03,420.0,0.012036,-0.009656
195.3,420.0,0.014087,-0.007746
197.58,420.0,0.015548,-0.006375
199.85,420.0,0.01539,-0.006381
201.95,420.0,0.015508,-0.006325
204.23,420.0,0.015326,-0.006393
206.5,420.0,0.015597,-0.006276
208.78,420.0,0.015535,-0.006418
211.05,420.0,0.016604,-0.005195
213.15,420.0,0.018237,-0.003611
215.43,420.0,0.020545,-0.001439
217.7,420.0,0.023742,0.00157
219.98,420.0,0.027374,0.005221
222.08,420.0,0.031225,0.009075
224.35,420.0,0.035575,0.013289
226.63,420.0,0.039876,0.017747
228.9,420.0,0.04463,0.022581
231.18,420.0,0.048853,0.026518
233.45,420.0,0.052322,0.030039
235.55,420.0,0.054044,0.031666
237.83,420.0,0.053234,0.030896
240.1,420.0,0.051416,0.029263
242.38,420.0,0.050427,0.028268
244.48,420.0,0.051709,0.0293
246.75,420.0,0.053416,0.031361
248.85,420.0,0.056422,0.034032
251.13,420.0,0.060652,0.038271
253.4,420.0,0.066361,0.043878
255.68,420.0,0.07499,0.052214
257.78,420.0,0.084417,0.061774
260.05,420.0,0.09471,0.071925
262.15,420.0,0.105366,0.082519
264.43,420.0,0.114756,0.091706
266.7,420.0,0.123166,0.100024
268.98,420.0,0.129885,0.106721
271.08,420.0,0.134802,0.111324
273.35,420.0,0.137263,0.113955
275.63,420.0,0.137023,0.113693
277.9,420.0,0.136385,0.113086
280.0,420.0,0.137337,0.114106
282.28,420.0,0.14157,0.118064
284.55,420.0,0.149038,0.125412
286.83,420.0,0.158175,0.134364
289.1,420.0,0.168551,0.144891
291.2,420.0,0.18047,0.156539
293.48,420.0,0.193419,0.169441
295.75,420.0,0.207199,0.182907
297.85,420.0,0.220781,0.196222
300.13,420.0,0.234789,0.210005
302.4,420.0,0.248785,0.223724
304.5,420.0,0.26267,0.237725
306.78,420.0,0.276305,0.250985
308.88,420.0,0.288545,0.263154
311.15,420.0,0.298033,0.272571
313.43,420.0,0.304626,0.278973
315.7,420.0,0.309595,0.283881
317.63,420.0,0.316055,0.290295
320.08,420.0,0.324669,0.298748
322.35,420.0,0.337069,0.311166
324.45,420.0,0.353347,0.327238
326.73,420.0,0.371859,0.345402
329.0,420.0,0.39336,0.366604
331.1,420.0,0.415923,0.388763
333.38,420.0,0.436976,0.409869
335.48,420.0,0.456869,0.429305
337.75,420.0,0.475005,0.447374
340.03,420.0,0.491745,0.463957
342.3,420.0,0.506816,0.478769
344.4,420.0,0.520744,0.492254
346.33,420.0,0.531767,0.50336
348.43,420.0,0.543393,0.514755
351.23,420.0,0.554413,0.525618
353.33,420.0,0.564422,0.535405
355.6,420.0,0.573563,0.544832
357.7,420.0,0.58343,0.55462
359.98,420.0,0.591847,0.562833
362.25,420.0,0.600196,0.570843
364.53,420.0,0.606779,0.577343
366.8,420.0,0.611536,0.582056
369.08,420.0,0.613932,0.584425
371.18,420.0,0.61478,0.585337
373.45,420.0,0.61485,0.585233
375.9,420.0,0.613957,0.584361
378.0,420.0,0.612075,0.582525
380.28,420.0,0.609632,0.580445
382.55,420.0,0.608076,0.578618
384.65,420.0,0.609604,0.580193
386.93,420.0,0.61474,0.585109
389.2,420.0,0.622457,0.592796
391.48,420.0,0.632611,0.602688
393.75,420.0,0.644361,0.614586
395.85,420.0,0.656129,0.626074
398.13,420.0,0.668162,0.637925
400.23,420.0,0.680054,0.64982
402.5,420.0,0.690507,0.660115
404.6,420.0,0.698439,0.667984
406.88,420.0,0.705029,0.674422
409.15,420.0,0.710011,0.67929
411.25,420.0,0.714816,0.684173
413.53,420.0,0.720032,0.689398
415.8,420.0,0.725885,0.695007
418.08,420.0,0.732318,0.701508
420.35,420.0,0.738772,0.707641
422.45,420.0,0.745306,0.714077
424.73,420.0,0.751591,0.720352
426.83,420.0,0.757219,0.725984
429.1,420.0,0.762675,0.731462
431.2,420.0,0.767173,0.735771
433.65,420.0,0.769173,0.737703
435.93,420.0,0.769933,0.73847
438.03,420.0,0.769906,0.738581
440.48,420.0,0.769958,0.738529
442.58,420.0,0.772312,0.740842
444.85,420.0,0.777752,0.746043
447.13,420.0,0.784752,0.753162
449.23,420.0,0.791619,0.759989
451.5,420.0,0.7977,0.765947
453.6,420.0,0.801973,0.770017
455.88,420.0,0.804521,0.772789
458.15,420.0,0.80465,0.772829
460.43,420.0,0.804302,0.772478
462.7,420.0,0.804662,0.773005
464.8,420.0,0.806338,0.774407
467.08,420.0,0.808627,0.77668
469.35,420.0,0.811662,0.779576
471.45,420.0,0.814487,0.78253
473.73,420.0,0.815996,0.784102
476.0,420.0,0.816166,0.784237
478.1,420.0,0.813165,0.781258
480.38,420.0,0.805168,0.773368
482.65,420.0,0.791039,0.759431
484.93,420.0,0.773353,0.741884
487.03,420.0,0.753683,0.722549
489.3,420.0,0.733523,0.702506
491.58,420.0,0.714296,0.683566
493.85,420.0,0.695165,0.664804
495.95,420.0,0.676492,0.646246
498.23,420.0,0.657743,0.627894
500.33,420.0,0.638726,0.608976
502.6,420.0,0.61807,0.588541
504.88,420.0,0.598711,0.569546
507.15,420.0,0.580451,0.551453
509.25,420.0,0.564567,0.535673
511.53,420.0,0.549814,0.521101
513.8,420.0,0.534398,0.505769
516.25,420.0,0.515223,0.486946
518.35,420.0,0.493766,0.466074
520.63,420.0,0.468908,0.441305
522.73,420.0,0.442355,0.415023
525.0,420.0,0.414207,0.387479
527.28,420.0,0.384638,0.358073
529.38,420.0,0.357106,0.330846
531.65,420.0,0.331096,0.305119
533.93,420.0,0.30535,0.279654
536.2,420.0,0.281653,0.256385
538.48,420.0,0.260279,0.235513
540.75,420.0,0.240751,0.216154
543.03,420.0,0.223073,0.198613
545.13,420.0,0.209987,0.185738
547.4,420.0,0.201681,0.177685
549.68,420.0,0.198523,0.174395
551.78,420.0,0.19807,0.173831
554.05,420.0,0.199598,0.175375
556.33,420.0,0.201345,0.176977
558.43,420.0,0.203622,0.179404
560.7,420.0,0.205138,0.180929
562.98,420.0,0.204703,0.18044
565.25,420.0,0.201505,0.177236
567.53,420.0,0.195418,0.171456
569.63,420.0,0.187297,0.163339
571.9,420.0,0.179802,0.155914
574.18,420.0,0.173668,0.149817
576.45,420.0,0.169894,0.145991
578.55,420.0,0.16832,0.144562
580.83,420.0,0.167251,0.143591
583.1,420.0,0.166801,0.142895
585.38,420.0,0.16682,0.143006
587.48,420.0,0.167494,0.143625
589.75,420.0,0.168268,0.144466
592.03,420.0,0.169685,0.14584
594.3,420.0,0.172032,0.148218
596.4,420.0,0.175095,0.151219
598.68,420.0,0.178607,0.154552
600.78,420.0,0.182889,0.158856
603.05,420.0,0.187519,0.163406
605.33,420.0,0.192778,0.168804
607.43,420.0,0.198511,0.174121
609.53,420.0,0.203687,0.179429
611.98,420.0,0.209491,0.185156
614.08,420.0,0.215193,0.190846
616.35,420.0,0.220458,0.195914
618.63,420.0,0.2256,0.201099
620.9,420.0,0.230723,0.206176
623.0,420.0,0.235898,0.211358
625.28,420.0,0.242383,0.21755
627.55,420.0,0.24966,0.224638
629.83,420.0,0.258631,0.233881
631.93,420.0,0.268859,0.243788
634.2,420.0,0.280929,0.255486
636.3,420.0,0.295039,0.269534
638.58,420.0,0.311111,0.285276
640.85,420.0,0.327861,0.302038
643.13,420.0,0.345698,0.319783
645.23,420.0,0.363779,0.337519
647.5,420.0,0.381789,0.355362
649.78,420.0,0.399706,0.373039
651.88,420.0,0.417288,0.390288
654.15,420.0,0.435319,0.408033
656.43,420.0,0.453357,0.425846
658.7,420.0,0.47189,0.444127
660.8,420.0,0.490987,0.463156
663.08,420.0,0.510821,0.482759
665.35,420.0,0.530445,0.502174
667.45,420.0,0.549863,0.52116
669.73,420.0,0.569139,0.540251
672.0,420.0,0.588803,0.559881
674.28,420.0,0.609342,0.579761
676.38,420.0,0.629049,0.599438
678.65,420.0,0.649281,0.619379
680.75,420.0,0.669247,0.639354
683.03,420.0,0.690451,0.659952
685.3,420.0,0.710488,0.679755
687.58,420.0,0.729311,0.698338
689.85,420.0,0.74688,0.71579
691.95,420.0,0.763556,0.73213
694.23,420.0,0.778408,0.746739
696.5,420.0,0.79127,0.75945
698.78,420.0,0.802663,0.770725
701.05,420.0,0.813254,0.781193
703.15,420.0,0.822518,0.790463
705.43,420.0,0.830888,0.798698
707.7,420.0,0.838162,0.805839
709.8,420.0,0.844342,0.812001
11.38,455.0,-0.144588,-0.164468
13.65,455.0,-0.14257,-0.162397
15.93,455.0,-0.141017,-0.160635
18.2,455.0,-0.140497,-0.160429
20.3,455.0,-0.141538,-0.161147
22.58,455.0,-0.143377,-0.163251
24.85,455.0,-0.146553,-0.166267
26.95,455.0,-0.151418,-0.171029
29.23,455.0,-0.157453,-0.176972
31.5,455.0,-0.164917,-0.184575
33.6,455.0,-0.173479,-0.192813
35.88,455.0,-0.183824,-0.20314
38.15,455.0,-0.193839,-0.212936
40.43,455.0,-0.20244,-0.221414
42.53,455.0,-0.210524,-0.229566
44.8,455.0,-0.217564,-0.236279
46.9,455.0,-0.223657,-0.242299
49.18,455.0,-0.22789,-0.246495
51.45,455.0,-0.230617,-0.249338
53.55,455.0,-0.23358,-0.252292
55.83,455.0,-0.239606,-0.258207
57.93,455.0,-0.249286,-0.267681
60.38,455.0,-0.263026,-0.281177
62.48,455.0,-0.279292,-0.2972
64.75,455.0,-0.294843,-0.31257
67.03,455.0,-0.308047,-0.32565
69.13,455.0,-0.319427,-0.336947
71.4,455.0,-0.330592,-0.347976
73.5,455.0,-0.342828,-0.359868
75.78,455.0,-0.356371,-0.373469
78.05,455.0,-0.370379,-0.387061
80.15,455.0,-0.382785,-0.399356
82.43,455.0,-0.392169,-0.408743
84.7,455.0,-0.398956,-0.415527
86.8,455.0,-0.402415,-0.418925
89.08,455.0,-0.405647,-0.422286
91.35,455.0,-0.410934,-0.427422
93.45,455.0,-0.415798,-0.431885
95.73,455.0,-0.418635,-0.434951
98.0,455.0,-0.418173,-0.434442
100.28,455.0,-0.415718,-0.432003
102.38,455.0,-0.413065,-0.429553
104.65,455.0,-0.412138,-0.428417
106.75,455.0,-0.412434,-0.428765
109.03,455.0,-0.412794,-0.429027
111.3,455.0,-0.411864,-0.428272
113.4,455.0,-0.408102,-0.42456
115.68,455.0,-0.401442,-0.417985
117.78,455.0,-0.394144,-0.410607
120.05,455.0,-0.385512,-0.401978
122.15,455.0,-0.375505,-0.392243
124.43,455.0,-0.364387,-0.381497
126.7,455.0,-0.352967,-0.370194
128.8,455.0,-0.341765,-0.359005
131.08,455.0,-0.330237,-0.347588
133.35,455.0,-0.314637,-0.33232
135.63,455.0,-0.294862,-0.312881
137.9,455.0,-0.270278,-0.288448
140.0,455.0,-0.242964,-0.261599
142.28,455.0,-0.216821,-0.23574
144.38,455.0,-0.189973,-0.209221
146.65,455.0,-0.163965,-0.183395
148.93,455.0,-0.141005,-0.160768
151.03,455.0,-0.121815,-0.142018
153.3,455.0,-0.106627,-0.126892
155.58,455.0,-0.094529,-0.114951
157.68,455.0,-0.084283,-0.104828
159.95,455.0,-0.073528,-0.094184
162.05,455.0,-0.061082,-0.082018
164.33,455.0,-0.047961,-0.069098
166.6,455.0,-0.035065,-0.056319
168.88,455.0,-0.022031,-0.043411
171.15,455.0,-0.010383,-0.031815
173.43,455.0,0.000572,-0.021094
175.7,455.0,0.010877,-0.011024
177.8,455.0,0.01926,-0.002675
180.08,455.0,0.027516,0.005609
182.35,455.0,0.033179,0.011056
184.45,455.0,0.038379,0.016573
186.73,455.0,0.043496,0.021145
188.83,455.0,0.047384,0.025039
191.1,455.0,0.050825,0.028668
193.38,455.0,0.054676,0.032374
195.65,455.0,0.058336,0.035788
197.75,455.0,0.061758,0.039352
200.03,455.0,0.064408,0.042051
202.3,455.0,0.066385,0.043875
204.4,455.0,0.066863,0.044294
206.68,455.0,0.065434,0.042907
208.95,455.0,0.06255,0.040039
211.23,455.0,0.058992,0.036524
213.5,455.0,0.054531,0.032202
215.6,455.0,0.050828,0.028477
217.88,455.0,0.048724,0.026389
220.15,455.0,0.048471,0.026216
222.25,455.0,0.050588,0.028382
224.53,455.0,0.055227,0.032698
226.8,455.0,0.061158,0.038844
228.9,455.0,0.068237,0.045563
231.18,455.0,0.075967,0.053249
233.28,455.0,0.083653,0.060883
235.55,455.0,0.092713,0.069984
237.83,455.0,0.103677,0.080766
240.1,455.0,0.114919,0.091724
242.2,455.0,0.125375,0.102131
244.48,455.0,0.135233,0.111783
246.75,455.0,0.144167,0.120661
249.03,455.0,0.151379,0.127713
251.3,455.0,0.155859,0.132017
253.4,455.0,0.158092,0.134257
255.85,455.0,0.15677,0.133024
257.95,455.0,0.152824,0.129204
260.23,455.0,0.144959,0.121546
262.5,455.0,0.135843,0.112417
264.6,455.0,0.127325,0.104155
266.88,455.0,0.122476,0.099214
269.15,455.0,0.121872,0.098779
271.25,455.0,0.125597,0.102408
273.53,455.0,0.13349,0.110153
275.8,455.0,0.143607,0.120132
278.08,455.0,0.155353,0.131604
280.18,455.0,0.16828,0.144509
282.45,455.0,0.180477,0.156419
284.55,455.0,0.192115,0.168111
286.83,455.0,0.203077,0.178853
289.1,455.0,0.215455,0.191003
291.2,455.0,0.227211,0.20267
293.65,455.0,0.240005,0.215319
295.93,455.0,0.250529,0.225526
298.03,455.0,0.261897,0.236869
300.3,455.0,0.274038,0.248874
302.58,455.0,0.286404,0.261037
304.68,455.0,0.2988,0.273385
306.95,455.0,0.309349,0.283828
309.23,455.0,0.319167,0.293557
311.5,455.0,0.326268,0.300553
313.6,455.0,0.329287,0.303477
315.88,455.0,0.329826,0.303865
318.15,455.0,0.330067,0.304127
320.25,455.0,0.332617,0.306702
322.53,455.0,0.339364,0.313412
324.8,455.0,0.350307,0.324222
327.08,455.0,0.364805,0.338474
329.35,455.0,0.383751,0.357183
331.98,455.0,0.407087,0.380094
334.08,455.0,0.427297,0.400042
336.35,455.0,0.445371,0.418079
338.63,455.0,0.462066,0.434413
340.9,455.0,0.476659,0.448831
343.0,455.0,0.490445,0.462417
345.28,455.0,0.502334,0.474148
347.55,455.0,0.513092,0.484965
349.65,455.0,0.523372,0.495282
351.93,455.0,0.533911,0.505531
354.2,455.0,0.543914,0.515387
356.48,455.0,0.554912,0.526037
358.93,455.0,0.565507,0.536477
361.2,455.0,0.573923,0.545186
363.3,455.0,0.581114,0.552235
365.58,455.0,0.585642,0.556619
367.68,455.0,0.588104,0.559164
369.95,455.0,0.588119,0.559219
372.23,455.0,0.586542,0.557528
374.33,455.0,0.583991,0.555152
376.6,455.0,0.580356,0.551496
378.88,455.0,0.576511,0.547629
380.98,455.0,0.572066,0.543427
383.25,455.0,0.567851,0.539133
385.53,455.0,0.563892,0.535045
387.8,455.0,0.561828,0.532962
389.9,455.0,0.56275,0.5338
392.18,455.0,0.566733,0.53778
394.28,455.0,0.57226,0.543249
396.55,455.0,0.579379,0.550581
398.83,455.0,0.586218,0.557232
400.93,455.0,0.593289,0.564324
403.2,455.0,0.60034,0.571003
405.48,455.0,0.607657,0.578144
407.58,455.0,0.615008,0.585427
409.85,455.0,0.619721,0.590097
412.13,455.0,0.62148,0.591819
414.23,455.0,0.62014,0.590695
416.5,455.0,0.617441,0.588033
418.6,455.0,0.614857,0.585414
420.88,455.0,0.612358,0.582922
423.15,455.0,0.61169,0.582146
425.25,455.0,0.612521,0.583088
427.53,455.0,0.614733,0.585273
429.8,455.0,0.617558,0.587965
431.9,455.0,0.620852,0.591434
434.0,455.0,0.62457,0.595057
436.45,455.0,0.628135,0.59855
438.73,455.0,0.631252,0.601653
440.83,455.0,0.634151,0.604518
443.1,455.0,0.636551,0.606631
445.2,455.0,0.63693,0.607272
447.48,455.0,0.634299,0.604638
449.58,455.0,0.629268,0.599641
451.85,455.0,0.622805,0.593282
454.13,455.0,0.617811,0.588147
456.23,455.0,0.615491,0.586012
458.5,455.0,0.615836,0.586246
460.78,455.0,0.618005,0.588504
462.88,455.0,0.619764,0.590233
465.15,455.0,0.620236,0.590901
467.43,455.0,0.618954,0.589278
469.7,455.0,0.614878,0.585257
471.98,455.0,0.606859,0.577438
474.08,455.0,0.5999,0.570815
476.35,455.0,0.593732,0.564583
478.63,455.0,0.589693,0.56092
480.9,455.0,0.588797,0.559712
483.0,455.0,0.590618,0.561588
485.28,455.0,0.593624,0.564749
487.55,455.0,0.597019,0.567737
489.83,455.0,0.598785,0.569401
491.93,455.0,0.598332,0.569197
494.2,455.0,0.594629,0.565593
496.48,455.0,0.586314,0.55742
498.58,455.0,0.572959,0.544278
500.85,455.0,0.555408,0.526755
503.13,455.0,0.535112,0.506607
505.23,455.0,0.514084,0.485898
507.5,455.0,0.494022,0.466074
509.6,455.0,0.475963,0.448175
511.88,455.0,0.460233,0.432506
514.15,455.0,0.446148,0.418951
516.25,455.0,0.433923,0.406739
518.53,455.0,0.42246,0.395362
520.8,455.0,0.411462,0.384555
523.08,455.0,0.399638,0.372913
525.18,455.0,0.386804,0.360273
527.45,455.0,0.372205,0.345831
529.73,455.0,0.35799,0.331863
531.83,455.0,0.343203,0.317161
534.1,455.0,0.327784,0.302075
536.38,455.0,0.312097,0.286357
538.48,455.0,0.296166,0.270803
540.75,455.0,0.280908,0.255658
543.03,455.0,0.266573,0.241555
545.13,455.0,0.25316,0.228329
547.4,455.0,0.241191,0.216512
549.68,455.0,0.230643,0.206028
551.78,455.0,0.222048,0.197602
554.05,455.0,0.215473,0.191127
556.15,455.0,0.209851,0.185523
558.43,455.0,0.206009,0.181663
560.7,455.0,0.202815,0.178733
562.98,455.0,0.200239,0.176013
565.08,455.0,0.197719,0.173557
567.35,455.0,0.194793,0.170643
569.63,455.0,0.191453,0.167402
571.9,455.0,0.187772,0.163804
574.0,455.0,0.184269,0.160375
576.28,455.0,0.180834,0.1571
578.55,455.0,0.177846,0.154047
580.65,455.0,0.175245,0.151484
582.93,455.0,0.173203,0.14942
585.2,455.0,0.171761,0.147984
587.3,455.0,0.171034,0.147122
589.58,455.0,0.170578,0.146789
591.85,455.0,0.171299,0.147627
593.95,455.0,0.172809,0.148979
596.23,455.0,0.17535,0.151576
598.5,455.0,0.178231,0.154451
600.6,455.0,0.181231,0.157442
603.05,455.0,0.184303,0.160245
605.33,455.0,0.187257,0.163329
607.43,455.0,0.191237,0.167171
609.7,455.0,0.19645,0.172223
611.98,455.0,0.202824,0.178622
614.08,455.0,0.211105,0.186626
616.35,455.0,0.22023,0.195609
618.45,455.0,0.230316,0.205701
620.73,455.0,0.239968,0.21515
622.83,455.0,0.249062,0.224136
625.1,455.0,0.257368,0.2325
627.38,455.0,0.264253,0.239232
629.48,455.0,0.270122,0.245134
631.75,455.0,0.275701,0.250535
633.85,455.0,0.281151,0.256012
636.3,455.0,0.288431,0.263221
638.4,455.0,0.297599,0.272229
640.68,455.0,0.309373,0.283683
642.95,455.0,0.323138,0.297497
645.05,455.0,0.339543,0.313782
647.33,455.0,0.356776,0.330578
649.6,455.0,0.375294,0.34888
651.7,455.0,0.394768,0.368039
653.98,455.0,0.415322,0.388187
656.25,455.0,0.435867,0.408545
658.35,455.0,0.456893,0.429456
660.63,455.0,0.478637,0.450914
662.73,455.0,0.501992,0.473963
665.0,455.0,0.525547,0.497177
667.1,455.0,0.549429,0.520689
669.38,455.0,0.573449,0.544555
671.48,455.0,0.599213,0.569992
673.75,455.0,0.625196,0.595525
676.03,455.0,0.650793,0.620744
678.13,455.0,0.677287,0.646995
680.4,455.0,0.703322,0.672632
682.68,455.0,0.728051,0.697213
684.95,455.0,0.751884,0.720611
687.05,455.0,0.775411,0.743963
689.33,455.0,0.799388,0.76749
691.6,455.0,0.82257,0.79034
693.88,455.0,0.844798,0.812552
696.15,455.0,0.866631,0.83376
698.25,455.0,0.886726,0.853864
700.53,455.0,0.904083,0.87103
702.63,455.0,0.918849,0.885679
704.9,455.0,0.931748,0.898254
707.18,455.0,0.942188,0.908735
709.28,455.0,0.951575,0.917845
711.55,455.0,0.959258,0.925537
11.03,490.0,-0.14614,-0.166128
13.3,490.0,-0.132838,-0.152903
15.4,490.0,-0.120176,-0.140198
17.85,490.0,-0.110657,-0.130897
19.95,490.0,-0.106741,-0.126954
22.23,490.0,-0.107219,-0.12745
24.33,490.0,-0.110336,-0.130552
26.6,490.0,-0.116171,-0.136282
28.88,490.0,-0.12305,-0.143189
30.98,490.0,-0.130321,-0.15025
33.25,490.0,-0.138161,-0.157872
35.53,490.0,-0.146849,-0.166806
37.63,490.0,-0.15651,-0.176131
39.9,490.0,-0.167025,-0.186365
42.18,490.0,-0.177761,-0.197095
44.28,490.0,-0.188953,-0.208032
46.55,490.0,-0.199988,-0.21903
48.83,490.0,-0.209828,-0.228873
50.93,490.0,-0.217483,-0.236273
53.2,490.0,-0.223389,-0.242157
55.48,490.0,-0.228244,-0.247015
57.58,490.0,-0.233857,-0.25261
59.68,490.0,-0.24273,-0.261377
61.78,490.0,-0.255496,-0.273694
64.23,490.0,-0.270549,-0.288605
66.33,490.0,-0.285228,-0.303229
68.6,490.0,-0.298753,-0.316461
70.88,490.0,-0.310656,-0.32834
73.15,490.0,-0.322588,-0.340191
75.25,490.0,-0.335105,-0.352326
77.53,490.0,-0.348287,-0.365435
79.45,490.0,-0.360826,-0.377841
81.9,490.0,-0.370817,-0.38769
84.18,490.0,-0.378605,-0.39528
86.28,490.0,-0.383829,-0.400555
88.55,490.0,-0.389054,-0.405459
90.83,490.0,-0.394985,-0.411463
93.1,490.0,-0.399476,-0.415912
95.2,490.0,-0.40082,-0.417338
97.48,490.0,-0.400117,-0.416667
99.58,490.0,-0.397742,-0.414193
101.85,490.0,-0.395539,-0.412107
104.13,490.0,-0.394341,-0.410733
106.4,490.0,-0.394255,-0.410795
108.5,490.0,-0.393605,-0.410259
110.78,490.0,-0.390977,-0.407619
112.88,490.0,-0.387114,-0.403876
115.15,490.0,-0.382382,-0.398996
117.43,490.0,-0.375518,-0.392338
119.7,490.0,-0.367656,-0.384671
121.8,490.0,-0.35886,-0.375838
124.08,490.0,-0.348731,-0.365881
126.35,490.0,-0.333136,-0.350641
128.63,490.0,-0.31305,-0.330666
130.9,490.0,-0.288485,-0.306636
133.0,490.0,-0.26001,-0.278198
135.28,490.0,-0.230675,-0.249286
137.55,490.0,-0.203109,-0.222231
139.65,490.0,-0.177172,-0.196618
141.93,490.0,-0.153774,-0.173377
144.2,490.0,-0.132502,-0.152447
146.3,490.0,-0.111378,-0.131676
148.58,490.0,-0.089113,-0.109797
150.85,490.0,-0.067154,-0.087841
152.95,490.0,-0.046587,-0.067829
155.23,490.0,-0.028112,-0.049326
157.5,490.0,-0.011741,-0.033269
159.6,490.0,0.001558,-0.020182
161.88,490.0,0.010024,-0.011747
164.15,490.0,0.013336,-0.008605
166.43,490.0,0.012436,-0.009378
168.53,490.0,0.010563,-0.011184
170.8,490.0,0.009876,-0.011926
173.08,490.0,0.011176,-0.010469
175.35,490.0,0.015101,-0.006738
177.45,490.0,0.021869,-9.6e-05
179.73,490.0,0.030486,0.008502
182.0,490.0,0.038992,0.016915
184.1,490.0,0.04751,0.025369
186.38,490.0,0.055036,0.032821
188.65,490.0,0.061121,0.038671
190.75,490.0,0.065153,0.042658
193.03,490.0,0.067482,0.044919
195.13,490.0,0.067596,0.045212
197.4,490.0,0.065258,0.042815
199.68,490.0,0.061543,0.03922
201.78,490.0,0.056549,0.034201
204.05,490.0,0.051422,0.02914
206.15,490.0,0.04723,0.025058
208.43,490.0,0.044968,0.022815
210.7,490.0,0.043422,0.021281
212.98,490.0,0.04377,0.021459
215.08,490.0,0.044602,0.022445
217.35,490.0,0.046287,0.024137
219.63,490.0,0.049315,0.02698
221.73,490.0,0.055227,0.032732
224.0,490.0,0.063573,0.041111
226.28,490.0,0.075584,0.052951
228.38,490.0,0.089682,0.066894
230.65,490.0,0.106595,0.083542
232.93,490.0,0.124306,0.100963
235.03,490.0,0.142063,0.118668
237.3,490.0,0.15918,0.135606
239.4,490.0,0.175289,0.151305
241.68,490.0,0.18925,0.16499
243.95,490.0,0.200347,0.176145
246.05,490.0,0.209038,0.184672
248.33,490.0,0.216561,0.192038
250.6,490.0,0.224438,0.199937
252.7,490.0,0.233249,0.208317
254.98,490.0,0.243252,0.218499
257.08,490.0,0.253431,0.228566
259.35,490.0,0.263332,0.238268
261.63,490.0,0.272183,0.247155
263.9,490.0,0.279213,0.253881
266.0,490.0,0.284876,0.259561
268.28,490.0,0.290353,0.264786
270.55,490.0,0.295233,0.26986
272.83,490.0,0.300566,0.275076
275.1,490.0,0.305264,0.279663
277.2,490.0,0.309244,0.283659
279.48,490.0,0.315107,0.289346
281.58,490.0,0.322756,0.297134
283.85,490.0,0.331327,0.305569
285.95,490.0,0.340184,0.314142
288.23,490.0,0.349207,0.323147
290.5,490.0,0.357488,0.331447
292.78,490.0,0.364648,0.338221
295.05,490.0,0.368505,0.34222
297.15,490.0,0.369574,0.343227
299.43,490.0,0.370498,0.344016
301.7,490.0,0.373609,0.346992
303.8,490.0,0.38031,0.353828
306.08,490.0,0.391795,0.365082
308.35,490.0,0.407411,0.380519
310.45,490.0,0.425837,0.398779
312.73,490.0,0.445319,0.417978
314.65,490.0,0.463409,0.435874
317.1,490.0,0.479737,0.452001
319.2,490.0,0.492297,0.464386
321.48,490.0,0.500331,0.472325
323.75,490.0,0.50539,0.477383
326.03,490.0,0.509438,0.481391
328.3,490.0,0.515344,0.487211
330.4,490.0,0.52291,0.494604
332.68,490.0,0.532198,0.503711
334.95,490.0,0.542398,0.513785
337.23,490.0,0.553406,0.524503
339.33,490.0,0.563963,0.535165
341.6,490.0,0.573957,0.545159
343.7,490.0,0.584241,0.555273
345.98,490.0,0.593991,0.564884
348.25,490.0,0.603067,0.573689
350.53,490.0,0.612247,0.58279
352.45,490.0,0.620109,0.590553
354.9,490.0,0.627284,0.597549
357.0,490.0,0.633289,0.603584
359.28,490.0,0.638791,0.609145
361.55,490.0,0.644105,0.614231
363.83,490.0,0.648175,0.618239
365.93,490.0,0.651958,0.621884
368.2,490.0,0.654835,0.624878
370.48,490.0,0.65709,0.627146
372.58,490.0,0.658547,0.628649
374.85,490.0,0.660122,0.630263
377.13,490.0,0.661764,0.631853
379.23,490.0,0.664709,0.634579
381.5,490.0,0.668911,0.638661
383.78,490.0,0.673729,0.64363
386.05,490.0,0.678073,0.647848
388.15,490.0,0.682204,0.651918
390.43,490.0,0.684909,0.654416
392.7,490.0,0.686936,0.656468
394.98,490.0,0.688119,0.657823
397.25,490.0,0.689992,0.659447
399.35,490.0,0.6923,0.661933
401.45,490.0,0.695269,0.664715
403.73,490.0,0.698865,0.668396
406.0,490.0,0.703039,0.672497
408.28,490.0,0.707204,0.676502
410.38,490.0,0.710858,0.680248
412.65,490.0,0.715248,0.684515
414.93,490.0,0.720559,0.689656
417.2,490.0,0.726147,0.695155
419.3,490.0,0.731711,0.700984
421.58,490.0,0.736902,0.705969
423.85,490.0,0.739878,0.708969
425.95,490.0,0.740356,0.709308
428.23,490.0,0.73795,0.707038
430.5,490.0,0.732685,0.701899
432.78,490.0,0.726018,0.695149
434.88,490.0,0.718621,0.68786
437.15,490.0,0.710069,0.679268
439.25,490.0,0.700818,0.670279
441.53,490.0,0.69201,0.661736
443.8,490.0,0.685359,0.655017
445.9,490.0,0.682238,0.651927
448.18,490.0,0.682241,0.651881
450.45,490.0,0.68469,0.654376
452.55,490.0,0.68872,0.65823
454.83,490.0,0.693116,0.6627
457.1,490.0,0.698455,0.667876
459.38,490.0,0.703211,0.672601
461.65,490.0,0.705134,0.674351
463.93,490.0,0.704773,0.674012
466.2,490.0,0.702494,0.671816
468.3,490.0,0.699398,0.66888
470.58,490.0,0.696431,0.665889
472.85,490.0,0.693707,0.663366
474.95,490.0,0.691859,0.661471
477.23,490.0,0.69006,0.659475
479.5,490.0,0.687645,0.657287
481.78,490.0,0.684314,0.653982
484.05,490.0,0.680439,0.6503
486.15,490.0,0.6768,0.646606
488.43,490.0,0.672866,0.64266
490.7,490.0,0.668165,0.63794
492.8,490.0,0.661338,0.631345
495.08,490.0,0.650796,0.620987
497.35,490.0,0.638606,0.608871
499.45,490.0,0.62538,0.595722
501.73,490.0,0.612937,0.583627
503.83,490.0,0.602093,0.572953
506.1,490.0,0.594502,0.565479
508.38,490.0,0.587337,0.558446
510.48,490.0,0.58059,0.551721
512.75,490.0,0.571989,0.543199
514.85,490.0,0.562977,0.53421
517.13,490.0,0.552765,0.524201
519.4,490.0,0.54075,0.512263
521.68,490.0,0.527697,0.499161
523.78,490.0,0.512149,0.484003
526.05,490.0,0.49404,0.466046
528.33,490.0,0.474638,0.446899
530.6,490.0,0.455528,0.428122
532.88,490.0,0.43763,0.410587
534.98,490.0,0.422864,0.395941
537.25,490.0,0.41019,0.383378
539.53,490.0,0.399447,0.372734
541.63,490.0,0.390439,0.363628
543.9,490.0,0.382793,0.356274
546.18,490.0,0.376305,0.349626
548.45,490.0,0.370479,0.344182
550.55,490.0,0.36551,0.339078
552.83,490.0,0.360054,0.333689
555.1,490.0,0.354472,0.328446
557.38,490.0,0.349059,0.323123
559.48,490.0,0.34315,0.317106
561.75,490.0,0.336801,0.311034
564.03,490.0,0.330076,0.304173
566.13,490.0,0.323844,0.298064
568.4,490.0,0.318495,0.29283
570.68,490.0,0.313976,0.288323
572.95,490.0,0.30945,0.283754
575.05,490.0,0.305849,0.280159
577.33,490.0,0.302254,0.27698
579.6,490.0,0.300162,0.274503
581.7,490.0,0.299799,0.274497
583.98,490.0,0.30153,0.276102
586.08,490.0,0.304737,0.279176
588.35,490.0,0.308619,0.282963
590.63,490.0,0.314201,0.288551
592.73,490.0,0.321237,0.295424
595.0,490.0,0.32994,0.30401
597.28,490.0,0.340375,0.314315
599.38,490.0,0.352571,0.326376
601.65,490.0,0.364534,0.338311
603.93,490.0,0.376918,0.350365
606.03,490.0,0.389287,0.362593
608.3,490.0,0.401835,0.375057
610.4,490.0,0.414373,0.387432
612.68,490.0,0.426921,0.399919
614.95,490.0,0.439244,0.412035
617.05,490.0,0.451376,0.423982
619.33,490.0,0.462944,0.435251
621.6,490.0,0.47449,0.446822
623.7,490.0,0.485639,0.457784
625.98,490.0,0.496363,0.468504
628.08,490.0,0.507697,0.47961
630.35,490.0,0.518144,0.489866
632.63,490.0,0.528279,0.499878
634.73,490.0,0.537485,0.509142
637.0,490.0,0.54522,0.516523
639.28,490.0,0.551459,0.522845
641.55,490.0,0.556684,0.52799
643.83,490.0,0.562876,0.534013
646.1,490.0,0.569807,0.540904
648.2,490.0,0.579567,0.550741
650.48,490.0,0.591406,0.562485
652.58,490.0,0.606948,0.577497
654.85,490.0,0.624487,0.594872
657.13,490.0,0.644037,0.614314
659.4,490.0,0.66514,0.635017
661.5,490.0,0.689847,0.659324
663.6,490.0,0.716551,0.685605
666.05,490.0,0.74428,0.713224
668.15,490.0,0.773938,0.74229
670.43,490.0,0.805756,0.773815
672.7,490.0,0.838088,0.805728
674.8,490.0,0.870904,0.838103
677.08,490.0,0.904477,0.871144
679.35,490.0,0.937305,0.903756
681.63,490.0,0.970115,0.936061
683.73,490.0,1.00217,0.967838
686.0,490.0,1.032761,0.998029
688.1,490.0,1.062598,1.027447
690.38,490.0,1.091775,1.056264
692.65,490.0,1.118359,1.082465
694.75,490.0,1.141717,1.105577
697.03,490.0,1.164009,1.127462
699.3,490.0,1.183371,1.146664
701.58,490.0,1.200284,1.163195
703.85,490.0,1.213667,1.176658
706.13,490.0,1.224535,1.187533
708.23,490.0,1.233556,1.196285
710.5,490.0,1.241797,1.204209
11.2,525.0,-0.053904,-0.075216
13.48,525.0,-0.049794,-0.071054
15.75,525.0,-0.046652,-0.067816
18.03,525.0,-0.044455,-0.065537
20.13,525.0,-0.043547,-0.064674
22.58,525.0,-0.04419,-0.065435
24.68,525.0,-0.048414,-0.069677
26.95,525.0,-0.057847,-0.078762
29.23,525.0,-0.070376,-0.090999
31.5,525.0,-0.084668,-0.105229
33.6,525.0,-0.099557,-0.119951
35.88,525.0,-0.113685,-0.133787
38.15,525.0,-0.126988,-0.146923
40.25,525.0,-0.139954,-0.159662
42.53,525.0,-0.153725,-0.173491
44.63,525.0,-0.168334,-0.187847
46.9,525.0,-0.182976,-0.202203
49.18,525.0,-0.196085,-0.215158
51.28,525.0,-0.206898,-0.225767
53.55,525.0,-0.215426,-0.234076
55.83,525.0,-0.221886,-0.240684
57.75,525.0,-0.228605,-0.247083
60.2,525.0,-0.236682,-0.255142
62.48,525.0,-0.248901,-0.26732
64.58,525.0,-0.263851,-0.282055
66.85,525.0,-0.279822,-0.297865
69.13,525.0,-0.294261,-0.31204
71.4,525.0,-0.308454,-0.325974
73.5,525.0,-0.321957,-0.339517
75.78,525.0,-0.336106,-0.353367
78.05,525.0,-0.350114,-0.367083
80.15,525.0,-0.362696,-0.379692
82.43,525.0,-0.372647,-0.389381
84.53,525.0,-0.380077,-0.396852
86.8,525.0,-0.385718,-0.402357
88.9,525.0,-0.392683,-0.408996
91.18,525.0,-0.39911,-0.415595
93.45,525.0,-0.402902,-0.419424
95.55,525.0,-0.404165,-0.42069
97.83,525.0,-0.402973,-0.41955
100.1,525.0,-0.401103,-0.417511
102.2,525.0,-0.399661,-0.416109
104.48,525.0,-0.397881,-0.41459
106.75,525.0,-0.394976,-0.411467
108.85,525.0,-0.390253,-0.40699
111.13,525.0,-0.38504,-0.401664
113.23,525.0,-0.378451,-0.395108
115.5,525.0,-0.369575,-0.386399
117.6,525.0,-0.359329,-0.376189
120.75,525.0,-0.341722,-0.358931
122.85,525.0,-0.32403,-0.341538
125.13,525.0,-0.302258,-0.320093
127.4,525.0,-0.275921,-0.29415
129.5,525.0,-0.24716,-0.26574
131.78,525.0,-0.219474,-0.238389
133.88,525.0,-0.192782,-0.211966
136.15,525.0,-0.165084,-0.184677
138.43,525.0,-0.138851,-0.158682
140.53,525.0,-0.113713,-0.133938
142.8,525.0,-0.089819,-0.110358
145.08,525.0,-0.070216,-0.090885
147.35,525.0,-0.054061,-0.075096
149.45,525.0,-0.038596,-0.059837
151.73,525.0,-0.022989,-0.044144
154.0,525.0,-0.004727,-0.026547
156.1,525.0,0.015338,-0.006667
158.38,525.0,0.035406,0.013172
160.65,525.0,0.054586,0.03214
162.75,525.0,0.07109,0.048477
165.03,525.0,0.085782,0.063055
167.3,525.0,0.099885,0.077063
169.4,525.0,0.114143,0.09109
171.68,525.0,0.128314,0.104916
173.78,525.0,0.142023,0.118496
176.05,525.0,0.155606,0.131857
178.33,525.0,0.168794,0.144836
180.43,525.0,0.180939,0.157051
182.7,525.0,0.192297,0.16816
184.98,525.0,0.202368,0.178114
187.08,525.0,0.211678,0.187306
189.35,525.0,0.219167,0.194642
191.45,525.0,0.226003,0.201422
193.73,525.0,0.23153,0.207143
196.0,525.0,0.236382,0.211595
198.1,525.0,0.240609,0.215966
200.38,525.0,0.244447,0.219688
202.48,525.0,0.246983,0.222155
204.75,525.0,0.249238,0.22446
206.85,525.0,0.251647,0.22673
209.13,525.0,0.254044,0.229167
211.4,525.0,0.25694,0.23198
213.5,525.0,0.260252,0.235094
215.78,525.0,0.264469,0.239346
218.05,525.0,0.270563,0.245316
220.33,525.0,0.276995,0.251921
222.43,525.0,0.284229,0.259047
224.7,525.0,0.292479,0.267106
226.98,525.0,0.301025,0.275433
229.25,525.0,0.309466,0.283979
231.35,525.0,0.318982,0.293258
233.63,525.0,0.32877,0.302913
235.9,525.0,0.339746,0.313702
238.0,525.0,0.350418,0.324383
240.28,525.0,0.360113,0.333739
242.55,525.0,0.369204,0.34279
244.83,525.0,0.378976,0.352257
246.93,525.0,0.389561,0.362999
249.2,525.0,0.400757,0.374099
251.48,525.0,0.41128,0.384413
253.58,525.0,0.419919,0.393082
255.85,525.0,0.428301,0.401154
258.13,525.0,0.435947,0.408634
260.4,525.0,0.444752,0.417389
262.68,525.0,0.453828,0.426419
264.95,525.0,0.463652,0.435944
267.05,525.0,0.474684,0.446881
269.33,525.0,0.486286,0.458313
271.6,525.0,0.498243,0.470008
273.7,525.0,0.510026,0.482004
275.98,525.0,0.521453,0.493116
278.25,525.0,0.529946,0.501363
280.35,525.0,0.535026,0.506542
282.63,525.0,0.538323,0.509758
284.9,525.0,0.540917,0.512337
287.0,525.0,0.546265,0.517669
289.28,525.0,0.554937,0.526234
291.38,525.0,0.568443,0.539404
293.65,525.0,0.58567,0.556684
295.93,525.0,0.604961,0.57551
298.2,525.0,0.624903,0.595279
300.3,525.0,0.644111,0.614204
302.58,525.0,0.663828,0.633828
304.85,525.0,0.685235,0.654931
306.95,525.0,0.706745,0.675972
309.23,525.0,0.727361,0.696412
311.5,525.0,0.74749,0.716394
313.6,525.0,0.766307,0.734872
315.88,525.0,0.783874,0.752296
318.15,525.0,0.799496,0.767721
320.25,525.0,0.81282,0.780901
322.53,525.0,0.824927,0.792589
324.8,525.0,0.835519,0.80323
327.08,525.0,0.846073,0.81355
329.18,525.0,0.856523,0.823781
331.45,525.0,0.866649,0.833784
333.73,525.0,0.876936,0.844015
336.0,525.0,0.886492,0.853624
338.1,525.0,0.895503,0.862309
340.38,525.0,0.903864,0.870722
342.65,525.0,0.910519,0.877463
344.75,525.0,0.916575,0.883294
347.03,525.0,0.921535,0.888304
349.3,525.0,0.925247,0.891923
351.4,525.0,0.928716,0.89526
353.68,525.0,0.931181,0.897882
355.95,525.0,0.933248,0.899792
358.23,525.0,0.935334,0.901634
360.5,525.0,0.93749,0.903914
362.6,525.0,0.939819,0.906316
364.88,525.0,0.943297,0.909674
366.98,525.0,0.9477,0.914163
369.25,525.0,0.95302,0.919336
371.53,525.0,0.958464,0.924567
373.63,525.0,0.964677,0.930537
375.9,525.0,0.970207,0.936218
378.18,525.0,0.976332,0.942216
380.28,525.0,0.982315,0.94802
382.55,525.0,0.987542,0.953402
384.83,525.0,0.992823,0.958685
387.1,525.0,0.998002,0.96363
389.38,525.0,1.002447,0.967928
391.48,525.0,1.006932,0.972512
393.75,525.0,1.011036,0.976649
396.03,525.0,1.014973,0.980451
398.3,525.0,1.018088,0.983599
400.4,525.0,1.021446,0.986843
402.68,525.0,1.024499,0.989949
404.78,525.0,1.027148,0.992487
407.05,525.0,1.0296,0.994918
409.33,525.0,1.031563,0.996819
411.43,525.0,1.033624,0.998818
413.7,525.0,1.035808,1.001014
415.98,525.0,1.037918,1.003226
418.08,525.0,1.039841,1.005056
420.35,525.0,1.041399,1.006594
422.63,525.0,1.042444,1.007607
424.73,525.0,1.04334,1.008556
427.0,525.0,1.043343,1.008473
429.1,525.0,1.043199,1.008217
431.38,525.0,1.042733,1.007958
433.65,525.0,1.042958,1.007992
435.75,525.0,1.043695,1.009074
438.03,525.0,1.045404,1.010491
440.3,525.0,1.046778,1.011939
442.4,525.0,1.04896,1.01396
444.68,525.0,1.051021,1.01619
446.78,525.0,1.053005,1.017989
449.23,525.0,1.054234,1.019311
451.33,525.0,1.054443,1.019579
453.6,525.0,1.054255,1.01908
455.7,525.0,1.054138,1.019298
457.98,525.0,1.054212,1.019311
460.25,525.0,1.054406,1.019452
462.35,525.0,1.055293,1.020411
464.63,525.0,1.05574,1.020685
466.9,525.0,1.055682,1.020734
469.0,525.0,1.055109,1.020143
471.28,525.0,1.054077,1.019308
473.55,525.0,1.05306,1.017986
475.83,525.0,1.051917,1.016939
478.1,525.0,1.050158,1.01518
480.2,525.0,1.047022,1.012284
482.48,525.0,1.041335,1.006498
484.75,525.0,1.031892,0.996951
487.03,525.0,1.019955,0.985149
489.3,525.0,1.006323,0.971732
491.58,525.0,0.99262,0.958245
493.85,525.0,0.978704,0.944536
495.95,525.0,0.965337,0.931671
498.05,525.0,0.954067,0.920247
500.5,525.0,0.945281,0.911677
502.6,525.0,0.938276,0.904751
504.88,525.0,0.93209,0.898729
507.15,525.0,0.925371,0.891871
509.43,525.0,0.919619,0.88624
511.7,525.0,0.913128,0.879829
513.98,525.0,0.906461,0.873297
516.08,525.0,0.898507,0.865432
518.35,525.0,0.889619,0.856597
520.45,525.0,0.877709,0.844995
522.73,525.0,0.864872,0.832228
525.0,525.0,0.852247,0.81981
527.1,525.0,0.841625,0.809302
529.38,525.0,0.83205,0.799946
531.65,525.0,0.823898,0.791794
533.75,525.0,0.816551,0.784684
536.03,525.0,0.810075,0.778026
538.3,525.0,0.803683,0.771591
540.58,525.0,0.797598,0.765753
542.68,525.0,0.791107,0.759474
544.95,525.0,0.785131,0.753587
547.23,525.0,0.780232,0.748797
549.5,525.0,0.775522,0.744108
551.6,525.0,0.771532,0.73985
553.88,525.0,0.768242,0.736757
556.15,525.0,0.765322,0.733908
558.43,525.0,0.762204,0.73095
560.53,525.0,0.758994,0.727598
562.8,525.0,0.755513,0.724231
565.08,525.0,0.752216,0.721009
567.18,525.0,0.748603,0.717466
569.45,525.0,0.745208,0.713972
571.73,525.0,0.742201,0.711135
573.83,525.0,0.739342,0.708393
576.1,525.0,0.737013,0.705898
578.2,525.0,0.733523,0.702678
580.48,525.0,0.730195,0.699237
582.58,525.0,0.726902,0.696144
584.85,525.0,0.724203,0.693473
587.13,525.0,0.72302,0.692053
589.23,525.0,0.722592,0.691773
591.5,525.0,0.723781,0.692842
593.78,525.0,0.727167,0.696323
596.05,525.0,0.732269,0.701261
598.15,525.0,0.738498,0.707552
600.43,525.0,0.745032,0.713963
602.7,525.0,0.751643,0.720574
604.98,525.0,0.759049,0.727595
607.08,525.0,0.767731,0.73636
609.35,525.0,0.777346,0.745778
611.45,525.0,0.788871,0.757176
613.73,525.0,0.80367,0.771847
616.0,525.0,0.822099,0.789946
618.1,525.0,0.841387,0.809015
620.38,525.0,0.860888,0.828301
622.65,525.0,0.879918,0.846973
624.75,525.0,0.898411,0.86546
627.03,525.0,0.917432,0.884055
629.3,525.0,0.936939,0.90351
631.58,525.0,0.957888,0.924071
633.68,525.0,0.981982,0.947909
635.95,525.0,1.007638,0.972989
638.05,525.0,1.035691,1.000863
640.33,525.0,1.066649,1.031652
642.6,525.0,1.099579,1.063722
644.7,525.0,1.131267,1.095266
646.98,525.0,1.163929,1.127388
649.08,525.0,1.197197,1.160472
651.35,525.0,1.22985,1.19273
653.63,525.0,1.264532,1.22684
655.73,525.0,1.299689,1.261495
658.0,525.0,1.334301,1.295583
660.1,525.0,1.370136,1.331359
662.38,525.0,1.406913,1.367289
664.65,525.0,1.44289,1.40293
666.58,525.0,1.479963,1.4394
669.03,525.0,1.51521,1.474375
671.3,525.0,1.550096,1.508802
673.58,525.0,1.58443,1.542625
675.68,525.0,1.617203,1.575003
677.95,525.0,1.648805,1.606143
680.23,525.0,1.678136,1.63508
682.33,525.0,1.705484,1.662141
684.6,525.0,1.729781,1.686189
686.88,525.0,1.752751,1.708783
689.15,525.0,1.772249,1.727967
691.43,525.0,1.78821,1.744076
693.53,525.0,1.801478,1.757119
695.8,525.0,1.812665,1.767825
697.9,525.0,1.820585,1.775878
700.18,525.0,1.826676,1.78175
702.45,525.0,1.829957,1.785068
704.55,525.0,1.830656,1.786007
706.83,525.0,1.829682,1.784815
709.1,525.0,1.828626,1.783663
711.38,525.0,1.82927,1.7843
11.38,560.0,-0.119578,-0.13989
13.65,560.0,-0.130996,-0.150897
15.93,560.0,-0.141233,-0.160897
18.03,560.0,-0.150558,-0.170219
20.3,560.0,-0.158879,-0.178429
22.4,560.0,-0.167216,-0.18683
24.68,560.0,-0.175598,-0.195077
26.95,560.0,-0.184933,-0.204283
29.05,560.0,-0.194449,-0.213491
31.33,560.0,-0.203266,-0.222283
33.6,560.0,-0.213189,-0.231935
35.7,560.0,-0.223534,-0.242166
38.15,560.0,-0.233241,-0.25179
40.25,560.0,-0.243007,-0.261553
42.53,560.0,-0.250792,-0.269326
44.8,560.0,-0.256975,-0.275213
46.9,560.0,-0.261205,-0.279628
49.18,560.0,-0.266544,-0.284615
51.45,560.0,-0.27375,-0.29175
53.55,560.0,-0.283186,-0.301008
55.83,560.0,-0.294584,-0.312446
57.93,560.0,-0.306867,-0.324473
60.2,560.0,-0.31992,-0.337505
62.48,560.0,-0.331337,-0.348676
64.58,560.0,-0.34207,-0.359175
66.85,560.0,-0.354227,-0.371159
69.13,560.0,-0.368728,-0.385502
71.4,560.0,-0.381916,-0.398592
73.5,560.0,-0.392569,-0.409027
75.78,560.0,-0.400767,-0.417194
78.05,560.0,-0.406716,-0.423315
80.15,560.0,-0.411008,-0.427428
82.43,560.0,-0.414301,-0.430496
84.7,560.0,-0.41569,-0.432009
86.98,560.0,-0.416035,-0.432209
89.08,560.0,-0.41512,-0.431325
91.35,560.0,-0.412609,-0.428996
93.45,560.0,-0.40955,-0.42598
95.73,560.0,-0.406796,-0.423238
98.0,560.0,-0.404258,-0.420669
100.1,560.0,-0.401571,-0.418001
102.38,560.0,-0.397514,-0.413953
104.48,560.0,-0.389791,-0.406276
106.75,560.0,-0.379332,-0.39602
109.03,560.0,-0.366584,-0.383608
111.3,560.0,-0.350194,-0.367197
113.4,560.0,-0.329606,-0.347
115.68,560.0,-0.305028,-0.32261
117.95,560.0,-0.27696,-0.295025
120.23,560.0,-0.247339,-0.265811
122.33,560.0,-0.219683,-0.238374
124.6,560.0,-0.192788,-0.211997
126.88,560.0,-0.165136,-0.184856
129.15,560.0,-0.140321,-0.160232
131.25,560.0,-0.119492,-0.139646
133.53,560.0,-0.099126,-0.119622
135.8,560.0,-0.077847,-0.098522
137.9,560.0,-0.055851,-0.076726
140.18,560.0,-0.032884,-0.054178
142.45,560.0,-0.008963,-0.03066
144.55,560.0,0.017079,-0.004844
146.83,560.0,0.043822,0.02153
149.1,560.0,0.069472,0.046712
151.2,560.0,0.093557,0.070665
153.3,560.0,0.115812,0.092618
155.75,560.0,0.133382,0.110033
157.85,560.0,0.146857,0.123172
160.13,560.0,0.15747,0.133724
162.4,560.0,0.168265,0.144506
164.5,560.0,0.180113,0.156157
166.78,560.0,0.193875,0.169731
169.05,560.0,0.209072,0.184842
171.15,560.0,0.225045,0.200452
173.43,560.0,0.240387,0.215812
175.7,560.0,0.255011,0.230054
177.8,560.0,0.266431,0.241459
180.08,560.0,0.2749,0.249857
182.35,560.0,0.281339,0.25604
184.63,560.0,0.287661,0.262399
186.73,560.0,0.294392,0.269035
189.0,560.0,0.302824,0.2773
191.1,560.0,0.311539,0.285861
193.38,560.0,0.320871,0.294857
195.65,560.0,0.32974,0.304105
197.75,560.0,0.339315,0.313372
200.2,560.0,0.35015,0.323856
202.48,560.0,0.36035,0.334019
204.58,560.0,0.371188,0.344854
206.85,560.0,0.382913,0.356265
209.3,560.0,0.395667,0.368763
211.4,560.0,0.40494,0.37807
213.68,560.0,0.414952,0.38783
215.95,560.0,0.423997,0.397032
218.4,560.0,0.43453,0.407297
220.5,560.0,0.444614,0.417186
222.78,560.0,0.45571,0.428116
225.05,560.0,0.467768,0.440174
227.33,560.0,0.480975,0.453209
229.43,560.0,0.495898,0.467888
231.7,560.0,0.511844,0.483769
233.8,560.0,0.528554,0.500186
236.08,560.0,0.546268,0.517565
238.35,560.0,0.565177,0.536237
240.45,560.0,0.585396,0.556323
242.73,560.0,0.607626,0.578202
245.0,560.0,0.630839,0.601107
247.28,560.0,0.655747,0.625479
249.38,560.0,0.681083,0.650772
251.65,560.0,0.708406,0.677789
253.75,560.0,0.736498,0.705494
256.03,560.0,0.766843,0.735282
258.3,560.0,0.79953,0.767728
260.4,560.0,0.833039,0.800741
262.68,560.0,0.86888,0.836132
264.95,560.0,0.907256,0.874012
267.05,560.0,0.948014,0.91436
269.33,560.0,0.992974,0.958689
271.43,560.0,1.040004,1.004841
273.7,560.0,1.091322,1.055648
275.98,560.0,1.145623,1.109335
278.25,560.0,1.204209,1.16708
280.35,560.0,1.26476,1.226963
282.63,560.0,1.328097,1.289517
284.9,560.0,1.395767,1.356097
287.0,560.0,1.461396,1.42102
289.28,560.0,1.524353,1.483269
291.38,560.0,1.580869,1.539101
293.83,560.0,1.628284,1.585659
296.1,560.0,1.661771,1.618755
298.2,560.0,1.679612,1.636701
300.48,560.0,1.682332,1.639251
302.4,560.0,1.670129,1.627218
304.85,560.0,1.644088,1.601429
307.13,560.0,1.608441,1.566725
309.23,560.0,1.566537,1.525062
311.5,560.0,1.52033,1.479409
313.78,560.0,1.475173,1.434932
315.88,560.0,1.431183,1.391448
318.15,560.0,1.392132,1.352899
320.43,560.0,1.356559,1.317838
322.53,560.0,1.326482,1.287936
324.45,560.0,1.302671,1.264582
327.08,560.0,1.283842,1.245996
329.18,560.0,1.269991,1.232345
331.45,560.0,1.261455,1.223768
333.73,560.0,1.257844,1.220105
335.83,560.0,1.258688,1.221196
338.1,560.0,1.263864,1.226153
340.38,560.0,1.273244,1.235383
342.48,560.0,1.285629,1.247841
344.75,560.0,1.301356,1.263201
346.85,560.0,1.319819,1.281371
349.13,560.0,1.340114,1.30139
351.4,560.0,1.363395,1.324378
353.5,560.0,1.387043,1.347841
355.78,560.0,1.410703,1.3711
358.05,560.0,1.433836,1.394061
360.33,560.0,1.459403,1.419051
362.6,560.0,1.484433,1.443805
364.88,560.0,1.508993,1.46817
366.98,560.0,1.533725,1.492563
369.25,560.0,1.557157,1.515826
371.35,560.0,1.577856,1.536162
373.63,560.0,1.59525,1.553392
375.9,560.0,1.610712,1.568546
378.0,560.0,1.62504,1.582748
380.28,560.0,1.640132,1.597705
382.55,560.0,1.656041,1.613225
384.65,560.0,1.671617,1.628749
386.93,560.0,1.68605,1.643229
388.5,560.0,1.698041,1.654941
391.3,560.0,1.707067,1.663808
393.58,560.0,1.71252,1.669153
395.68,560.0,1.714938,1.671509
397.95,560.0,1.714165,1.670893
400.23,560.0,1.7115,1.668164
402.33,560.0,1.707902,1.664667
404.6,560.0,1.703527,1.660474
406.88,560.0,1.698755,1.655302
409.15,560.0,1.694615,1.6515
411.43,560.0,1.690838,1.647538
413.7,560.0,1.687144,1.644005
415.98,560.0,1.683651,1.640641
418.08,560.0,1.680758,1.637847
420.35,560.0,1.67813,1.63516
422.63,560.0,1.675822,1.632874
424.73,560.0,1.673463,1.630518
427.0,560.0,1.67102,1.628059
429.28,560.0,1.668666,1.625912
431.55,560.0,1.66634,1.623555
433.83,560.0,1.66349,1.620749
436.1,560.0,1.660967,1.618244
438.55,560.0,1.657123,1.614199
440.65,560.0,1.653152,1.610555
442.93,560.0,1.648487,1.606041
445.2,560.0,1.643943,1.601537
447.3,560.0,1.638611,1.596201
449.58,560.0,1.633222,1.590875
451.85,560.0,1.62837,1.586112
454.13,560.0,1.623638,1.58146
456.23,560.0,1.619285,1.577351
458.5,560.0,1.615718,1.573555
460.78,560.0,1.612902,1.570592
462.88,560.0,1.610866,1.568743
465.15,560.0,1.609892,1.568133
467.43,560.0,1.610083,1.567991
469.53,560.0,1.610043,1.568087
471.8,560.0,1.609991,1.567914
474.08,560.0,1.608968,1.566981
476.35,560.0,1.606969,1.565019
478.45,560.0,1.603774,1.561704
480.73,560.0,1.599331,1.557264
483.0,560.0,1.594039,1.552249
485.28,560.0,1.587961,1.546294
487.55,560.0,1.582175,1.540573
489.65,560.0,1.576352,1.534649
491.93,560.0,1.570915,1.529384
494.03,560.0,1.565558,1.523974
496.3,560.0,1.559134,1.517579
498.58,560.0,1.551411,1.510148
500.68,560.0,1.541565,1.500484
502.95,560.0,1.531365,1.490348
505.23,560.0,1.520817,1.47976
507.33,560.0,1.509612,1.468863
509.6,560.0,1.498447,1.457782
511.88,560.0,1.487582,1.447138
514.15,560.0,1.476334,1.436094
516.25,560.0,1.465284,1.425019
518.35,560.0,1.454806,1.414886
520.63,560.0,1.444883,1.404985
522.9,560.0,1.435037,1.395336
525.18,560.0,1.426562,1.386689
527.28,560.0,1.418605,1.379002
529.55,560.0,1.41135,1.371812
531.83,560.0,1.404507,1.365077
533.93,560.0,1.398448,1.358974
536.2,560.0,1.392403,1.353075
538.48,560.0,1.386445,1.347265
540.75,560.0,1.381726,1.34249
542.85,560.0,1.376957,1.338032
545.13,560.0,1.372878,1.333913
547.4,560.0,1.369477,1.330376
549.5,560.0,1.367006,1.327958
551.78,560.0,1.364714,1.32598
554.05,560.0,1.36395,1.325022
556.33,560.0,1.36504,1.326202
558.43,560.0,1.3685,1.329504
560.7,560.0,1.372986,1.334018
562.98,560.0,1.378488,1.339243
565.25,560.0,1.383056,1.343913
567.35,560.0,1.387336,1.348106
569.63,560.0,1.392277,1.353026
571.73,560.0,1.39814,1.358774
574.0,560.0,1.404412,1.364936
576.28,560.0,1.4113,1.371806
578.38,560.0,1.417662,1.378032
580.65,560.0,1.424323,1.384763
582.75,560.0,1.430505,1.390752
585.03,560.0,1.437055,1.397206
587.3,560.0,1.444196,1.404246
589.4,560.0,1.452203,1.412114
591.68,560.0,1.461947,1.421849
593.95,560.0,1.473842,1.433552
596.05,560.0,1.487264,1.446538
598.33,560.0,1.501667,1.46102
600.6,560.0,1.516842,1.476026
602.88,560.0,1.534267,1.492955
605.15,560.0,1.553629,1.512178
607.43,560.0,1.574911,1.533133
609.7,560.0,1.596679,1.554683
611.8,560.0,1.617782,1.575588
614.08,560.0,1.639566,1.597132
616.35,560.0,1.66167,1.618851
618.63,560.0,1.683897,1.640847
620.73,560.0,1.706494,1.663081
623.0,560.0,1.72992,1.686294
625.28,560.0,1.755228,1.71134
627.55,560.0,1.781944,1.737548
629.65,560.0,1.804833,1.760326
631.93,560.0,1.822541,1.777772
634.03,560.0,1.83134,1.786475
636.3,560.0,1.829655,1.78488
638.58,560.0,1.816007,1.771454
640.68,560.0,1.792335,1.747926
642.95,560.0,1.757825,1.713989
645.05,560.0,1.713817,1.67045
647.33,560.0,1.664393,1.621892
649.6,560.0,1.60874,1.566858
651.7,560.0,1.549547,1.508337
653.98,560.0,1.489027,1.448685
656.25,560.0,1.427631,1.387875
658.53,560.0,1.36875,1.329763
660.63,560.0,1.312219,1.273987
662.9,560.0,1.257018,1.219683
665.18,560.0,1.203719,1.166954
667.28,560.0,1.153202,1.117065
669.55,560.0,1.105666,1.069893
671.83,560.0,1.059647,1.024702
673.93,560.0,1.018131,0.983747
676.2,560.0,0.978839,0.944976
678.48,560.0,0.943627,0.910038
680.58,560.0,0.91506,0.881896
682.85,560.0,0.89006,0.857191
685.13,560.0,0.869684,0.836874
687.23,560.0,0.854447,0.821942
689.5,560.0,0.844219,0.811982
691.78,560.0,0.83912,0.806834
693.88,560.0,0.839468,0.807056
696.15,560.0,0.845038,0.812802
698.43,560.0,0.855879,0.823285
700.53,560.0,0.872287,0.839419
702.8,560.0,0.894021,0.860919
705.08,560.0,0.920078,0.886742
707.18,560.0,0.949169,0.915497
709.45,560.0,0.98326,0.949215
10.33,595.0,-0.28691,-0.304849
12.78,595.0,-0.288873,-0.306806
14.88,595.0,-0.289705,-0.307517
17.15,595.0,-0.28931,-0.307194
19.25,595.0,-0.290148,-0.308152
21.88,595.0,-0.294529,-0.312369
24.15,595.0,-0.301119,-0.318971
26.25,595.0,-0.309723,-0.327203
28.53,595.0,-0.320641,-0.338103
30.63,595.0,-0.332514,-0.34976
32.9,595.0,-0.343863,-0.361072
35.18,595.0,-0.354184,-0.371152
37.28,595.0,-0.362345,-0.379378
39.55,595.0,-0.368112,-0.384985
41.65,595.0,-0.370823,-0.387776
43.93,595.0,-0.372443,-0.389276
46.2,595.0,-0.373075,-0.390012
48.3,595.0,-0.375416,-0.392117
50.58,595.0,-0.382089,-0.39887
52.85,595.0,-0.392865,-0.40923
54.95,595.0,-0.402862,-0.419332
57.23,595.0,-0.41078,-0.427154
59.5,595.0,-0.416137,-0.432366
61.78,595.0,-0.420089,-0.436251
64.05,595.0,-0.42313,-0.439322
66.33,595.0,-0.424529,-0.440776
68.6,595.0,-0.425407,-0.441463
70.7,595.0,-0.424954,-0.441029
72.98,595.0,-0.423469,-0.439643
75.25,595.0,-0.421279,-0.437508
77.35,595.0,-0.418614,-0.434834
79.63,595.0,-0.415157,-0.431371
81.9,595.0,-0.41139,-0.42776
84.18,595.0,-0.407338,-0.423897
86.28,595.0,-0.403229,-0.419621
88.55,595.0,-0.397415,-0.41395
90.83,595.0,-0.388897,-0.405456
92.93,595.0,-0.377782,-0.394637
95.2,595.0,-0.362172,-0.379258
97.48,595.0,-0.342354,-0.359563
99.58,595.0,-0.320355,-0.337933
101.85,595.0,-0.295518,-0.313263
104.13,595.0,-0.270287,-0.288451
106.23,595.0,-0.245296,-0.263719
108.5,595.0,-0.219689,-0.238479
110.78,595.0,-0.194849,-0.214024
112.88,595.0,-0.170355,-0.189828
115.68,595.0,-0.142933,-0.162893
117.78,595.0,-0.121196,-0.141485
120.05,595.0,-0.098938,-0.119277
122.33,595.0,-0.073781,-0.094671
124.43,595.0,-0.046316,-0.067567
126.7,595.0,-0.016806,-0.038245
128.98,595.0,0.013536,-0.008205
131.08,595.0,0.042196,0.01967
133.35,595.0,0.066219,0.043705
135.63,595.0,0.086265,0.063499
137.73,595.0,0.103838,0.080985
140.0,595.0,0.118708,0.095483
142.28,595.0,0.132424,0.10901
144.38,595.0,0.146817,0.123339
146.65,595.0,0.162319,0.138523
148.93,595.0,0.179364,0.155409
151.03,595.0,0.198865,0.174617
153.3,595.0,0.220612,0.195908
155.58,595.0,0.241715,0.21702
157.85,595.0,0.26161,0.236536
159.95,595.0,0.279922,0.254642
162.23,595.0,0.298637,0.273113
164.5,595.0,0.316425,0.290612
166.6,595.0,0.332362,0.30657
168.88,595.0,0.346367,0.320279
171.15,595.0,0.358397,0.331937
173.25,595.0,0.368508,0.342109
175.53,595.0,0.376253,0.349638
177.8,595.0,0.383554,0.356841
179.9,595.0,0.391964,0.36527
182.18,595.0,0.402719,0.375827
184.45,595.0,0.415883,0.388819
186.73,595.0,0.430455,0.403246
188.83,595.0,0.446434,0.418927
191.1,595.0,0.463196,0.435476
193.38,595.0,0.481289,0.453458
195.65,595.0,0.502164,0.473893
197.75,595.0,0.523834,0.495427
200.03,595.0,0.546702,0.517824
202.3,595.0,0.570408,0.541434
204.4,595.0,0.596363,0.567047
206.68,595.0,0.623667,0.593991
208.95,595.0,0.65234,0.622266
211.05,595.0,0.683963,0.653606
213.33,595.0,0.717112,0.686187
215.6,595.0,0.751994,0.720571
217.7,595.0,0.790885,0.758969
219.98,595.0,0.835337,0.802897
222.08,595.0,0.885593,0.852564
224.35,595.0,0.942121,0.90818
226.63,595.0,1.007872,0.973189
228.9,595.0,1.082108,1.046467
231.18,595.0,1.155823,1.119221
233.28,595.0,1.233124,1.195694
235.55,595.0,1.312145,1.273685
237.65,595.0,1.391153,1.351627
239.93,595.0,1.467428,1.426861
242.2,595.0,1.531004,1.489954
244.3,595.0,1.57801,1.536158
246.58,595.0,1.598503,1.55647
248.85,595.0,1.591556,1.549695
250.95,595.0,1.557637,1.516155
253.23,595.0,1.499911,1.459227
255.33,595.0,1.42314,1.383309
257.6,595.0,1.330259,1.291729
259.88,595.0,1.227819,1.190558
262.15,595.0,1.124258,1.088553
264.43,595.0,1.017755,0.983399
266.53,595.0,0.914351,0.881292
268.8,595.0,0.818482,0.786508
271.08,595.0,0.728319,0.697614
273.35,595.0,0.642404,0.612777
275.63,595.0,0.559727,0.53108
277.73,595.0,0.485072,0.457503
280.0,595.0,0.41405,0.387192
282.28,595.0,0.351801,0.325892
284.55,595.0,0.294497,0.269321
286.65,595.0,0.243714,0.219056
288.93,595.0,0.197011,0.172879
291.2,595.0,0.156774,0.133203
293.48,595.0,0.119673,0.096515
295.58,595.0,0.087205,0.064454
297.85,595.0,0.060036,0.037738
299.95,595.0,0.035868,0.013875
302.23,595.0,0.014174,-0.007456
304.5,595.0,-0.004286,-0.025839
306.78,595.0,-0.018932,-0.04042
308.88,595.0,-0.030777,-0.052126
311.15,595.0,-0.040235,-0.061285
313.25,595.0,-0.046824,-0.067918
315.53,595.0,-0.051532,-0.072604
317.8,595.0,-0.054237,-0.075192
320.08,595.0,-0.054304,-0.075346
322.18,595.0,-0.052173,-0.073266
324.45,595.0,-0.048057,-0.069172
326.73,595.0,-0.042573,-0.063701
328.83,595.0,-0.035065,-0.056239
331.1,595.0,-0.025848,-0.047188
333.38,595.0,-0.015478,-0.036978
335.48,595.0,-0.003494,-0.025121
337.75,595.0,0.009805,-0.012213
340.03,595.0,0.024232,0.00235
342.13,595.0,0.040085,0.017787
344.4,595.0,0.057156,0.034722
346.68,595.0,0.075735,0.053003
348.95,595.0,0.096552,0.073653
351.05,595.0,0.120335,0.097094
353.33,595.0,0.145664,0.122054
355.6,595.0,0.173003,0.149121
357.7,595.0,0.201989,0.177701
359.98,595.0,0.232772,0.208138
361.9,595.0,0.263218,0.238175
364.35,595.0,0.293837,0.268268
366.45,595.0,0.32515,0.299207
368.73,595.0,0.356721,0.330535
370.83,595.0,0.390864,0.36413
373.28,595.0,0.428967,0.401872
375.38,595.0,0.46762,0.439909
377.65,595.0,0.511687,0.483366
379.93,595.0,0.556588,0.527734
382.03,595.0,0.604179,0.574623
384.3,595.0,0.653353,0.623076
386.58,595.0,0.705309,0.674465
388.68,595.0,0.758199,0.727028
390.95,595.0,0.816015,0.784
393.23,595.0,0.875836,0.842851
395.5,595.0,0.941104,0.907312
397.6,595.0,1.00668,0.971889
399.7,595.0,1.071498,1.03615
402.15,595.0,1.138836,1.10237
404.25,595.0,1.205404,1.168525
406.53,595.0,1.27082,1.232752
409.15,595.0,1.34968,1.310188
411.43,595.0,1.412801,1.373103
413.53,595.0,1.475841,1.435376
415.8,595.0,1.535256,1.493922
418.25,595.0,1.596833,1.554347
420.53,595.0,1.645524,1.602723
422.8,595.0,1.688515,1.645416
424.9,595.0,1.724941,1.681355
427.53,595.0,1.760215,1.715752
429.63,595.0,1.783154,1.738743
431.9,595.0,1.798888,1.754374
434.18,595.0,1.80744,1.762843
436.45,595.0,1.810428,1.765678
438.55,595.0,1.808296,1.763731
440.83,595.0,1.802187,1.757748
443.1,595.0,1.793173,1.748687
445.2,595.0,1.780798,1.736149
447.48,595.0,1.769211,1.725419
449.75,595.0,1.755262,1.711328
452.03,595.0,1.740902,1.697107
454.13,595.0,1.727578,1.683986
456.4,595.0,1.714584,1.671226
458.68,595.0,1.702076,1.658928
460.78,595.0,1.689461,1.64634
463.05,595.0,1.676189,1.633256
465.33,595.0,1.661987,1.61907
467.43,595.0,1.647335,1.60459
469.7,595.0,1.632147,1.589824
471.98,595.0,1.617591,1.575302
474.08,595.0,1.603641,1.561722
476.35,595.0,1.59041,1.548568
478.45,595.0,1.577609,1.536103
480.73,595.0,1.565216,1.523728
483.18,595.0,1.552523,1.510718
485.45,595.0,1.540678,1.499544
487.55,595.0,1.530715,1.489624
489.83,595.0,1.521759,1.480964
491.93,595.0,1.513518,1.47277
494.2,595.0,1.506904,1.466014
496.48,595.0,1.500952,1.460059
498.58,595.0,1.496177,1.455533
500.85,595.0,1.49293,1.451953
503.13,595.0,1.490277,1.449671
505.4,595.0,1.488626,1.447936
507.5,595.0,1.487702,1.447006
509.95,595.0,1.488226,1.447369
512.23,595.0,1.48976,1.449125
514.33,595.0,1.49261,1.452012
516.6,595.0,1.496045,1.455299
519.23,595.0,1.502018,1.460872
521.33,595.0,1.507982,1.467252
523.6,595.0,1.515163,1.474341
525.7,595.0,1.523315,1.482255
527.98,595.0,1.533925,1.492391
530.25,595.0,1.543047,1.502317
532.35,595.0,1.554273,1.513001
534.63,595.0,1.566482,1.524917
536.73,595.0,1.579045,1.537252
539.0,595.0,1.592384,1.550428
541.28,595.0,1.606694,1.564492
543.38,595.0,1.621753,1.579566
545.65,595.0,1.637797,1.595213
547.93,595.0,1.653885,1.611245
550.03,595.0,1.669566,1.626466
552.3,595.0,1.683059,1.640055
554.58,595.0,1.695194,1.65199
556.5,595.0,1.706087,1.662871
558.95,595.0,1.7163,1.672905
561.05,595.0,1.726204,1.68268
563.33,595.0,1.737313,1.693527
565.6,595.0,1.749307,1.705487
567.7,595.0,1.762554,1.718601
569.98,595.0,1.775755,1.731623
572.25,595.0,1.786919,1.742634
574.53,595.0,1.795554,1.751143
576.63,595.0,1.801673,1.757255
578.9,595.0,1.806463,1.761827
581.0,595.0,1.810181,1.765594
583.28,595.0,1.813706,1.769023
585.55,595.0,1.816485,1.771774
587.83,595.0,1.819273,1.774525
590.1,595.0,1.822443,1.777575
592.2,595.0,1.82618,1.781358
594.48,595.0,1.829618,1.784704
596.75,595.0,1.830114,1.78508
599.03,595.0,1.825902,1.780822
601.13,595.0,1.816488,1.771894
603.58,595.0,1.802375,1.757686
605.68,595.0,1.784399,1.740231
607.95,595.0,1.761947,1.717957
610.23,595.0,1.734815,1.691078
612.5,595.0,1.70061,1.657005
614.78,595.0,1.668093,1.625299
617.05,595.0,1.633835,1.591682
619.33,595.0,1.598663,1.556842
621.43,595.0,1.560142,1.518866
623.7,595.0,1.517985,1.477092
625.98,595.0,1.474088,1.433756
628.08,595.0,1.42695,1.387218
630.35,595.0,1.378454,1.33932
632.63,595.0,1.329286,1.290758
634.9,595.0,1.280842,1.243223
637.0,595.0,1.231544,1.194498
639.28,595.0,1.184197,1.147428
641.38,595.0,1.136751,1.10082
643.65,595.0,1.091122,1.055568
645.93,595.0,1.044422,1.009582
648.2,595.0,1.001554,0.967379
650.48,595.0,0.957111,0.923393
652.75,595.0,0.917438,0.884271
654.85,595.0,0.878698,0.845978
657.13,595.0,0.842078,0.809863
659.4,595.0,0.807484,0.775664
661.5,595.0,0.773901,0.742444
663.78,595.0,0.743424,0.712472
666.05,595.0,0.71608,0.685232
668.33,595.0,0.690309,0.659817
670.6,595.0,0.66872,0.638686
672.7,595.0,0.650485,0.620537
674.98,595.0,0.635781,0.60603
677.25,595.0,0.623649,0.593911
679.35,595.0,0.614629,0.585186
681.63,595.0,0.608372,0.578914
683.9,595.0,0.605383,0.576074
686.0,595.0,0.605821,0.576511
688.28,595.0,0.610491,0.580984
690.38,595.0,0.618717,0.589151
692.65,595.0,0.63173,0.601878
694.93,595.0,0.648735,0.618865
697.03,595.0,0.671825,0.641471
699.3,595.0,0.699838,0.669185
701.58,595.0,0.732635,0.701736
703.68,595.0,0.77002,0.738578
705.78,595.0,0.813036,0.781098
708.23,595.0,0.860325,0.827654
710.33,595.0,0.913057,0.879659
11.55,630.0,-0.385472,-0.402172
13.65,630.0,-0.384307,-0.401134
15.93,630.0,-0.38313,-0.399803
18.2,630.0,-0.383142,-0.399883
20.3,630.0,-0.385521,-0.402073
22.58,630.0,-0.391892,-0.408343
24.85,630.0,-0.402995,-0.419495
26.95,630.0,-0.41582,-0.43216
29.23,630.0,-0.427841,-0.443913
31.5,630.0,-0.435943,-0.451864
33.6,630.0,-0.438863,-0.45488
35.88,630.0,-0.436599,-0.452495
38.15,630.0,-0.430866,-0.446956
40.43,630.0,-0.425428,-0.441463
42.53,630.0,-0.421306,-0.437508
44.8,630.0,-0.417742,-0.434024
46.9,630.0,-0.413839,-0.430083
49.18,630.0,-0.409483,-0.426008
51.45,630.0,-0.405071,-0.421667
53.55,630.0,-0.401008,-0.417591
55.83,630.0,-0.397388,-0.413953
57.93,630.0,-0.393457,-0.409923
60.2,630.0,-0.389865,-0.406454
62.48,630.0,-0.386165,-0.402976
64.58,630.0,-0.382237,-0.399067
66.85,630.0,-0.377757,-0.394406
68.95,630.0,-0.373934,-0.390854
71.23,630.0,-0.369708,-0.386707
73.5,630.0,-0.364159,-0.380912
75.6,630.0,-0.356368,-0.373284
77.88,630.0,-0.346827,-0.363786
80.15,630.0,-0.332745,-0.35005
82.25,630.0,-0.314393,-0.33196
84.53,630.0,-0.2931,-0.310946
86.8,630.0,-0.268907,-0.28696
89.08,630.0,-0.242884,-0.261399
91.35,630.0,-0.217724,-0.236448
93.45,630.0,-0.192243,-0.211495
95.73,630.0,-0.167182,-0.186689
98.0,630.0,-0.144551,-0.16428
100.1,630.0,-0.123587,-0.143642
102.38,630.0,-0.103128,-0.123553
104.48,630.0,-0.080484,-0.101045
106.75,630.0,-0.056627,-0.077536
109.03,630.0,-0.030179,-0.051467
111.3,630.0,-0.002989,-0.024699
113.4,630.0,0.024414,0.002316
115.68,630.0,0.049549,0.027131
117.78,630.0,0.07215,0.049516
120.05,630.0,0.091167,0.068419
122.15,630.0,0.110437,0.087399
124.6,630.0,0.130344,0.107011
126.88,630.0,0.152337,0.128637
128.98,630.0,0.17678,0.152759
131.25,630.0,0.204238,0.179922
133.53,630.0,0.233918,0.209149
135.8,630.0,0.263021,0.237867
137.9,630.0,0.290966,0.265513
140.18,630.0,0.318794,0.292898
142.45,630.0,0.344025,0.317901
144.55,630.0,0.366521,0.340134
146.83,630.0,0.386145,0.359435
149.1,630.0,0.403261,0.376373
151.38,630.0,0.41759,0.390649
153.48,630.0,0.430541,0.40344
155.75,630.0,0.442417,0.415156
158.03,630.0,0.454774,0.427238
160.13,630.0,0.468548,0.440901
162.4,630.0,0.485072,0.45714
164.68,630.0,0.503766,0.475609
166.78,630.0,0.523196,0.494808
169.05,630.0,0.542851,0.514231
171.15,630.0,0.563064,0.533997
173.43,630.0,0.584619,0.555667
175.7,630.0,0.60794,0.578396
177.98,630.0,0.631197,0.601394
180.25,630.0,0.65193,0.621881
182.35,630.0,0.671625,0.641317
184.63,630.0,0.69241,0.661794
186.9,630.0,0.715556,0.684709
189.0,630.0,0.741871,0.710873
191.28,630.0,0.7738,0.742161
193.55,630.0,0.811967,0.779856
195.65,630.0,0.855331,0.822475
197.93,630.0,0.908285,0.874992
200.03,630.0,0.96871,0.934684
202.48,630.0,1.040127,1.004952
204.58,630.0,1.117145,1.081276
206.85,630.0,1.201187,1.16424
208.95,630.0,1.287126,1.248858
211.23,630.0,1.365555,1.326377
213.5,630.0,1.422841,1.383084
215.6,630.0,1.449757,1.409668
217.88,630.0,1.440515,1.400515
220.15,630.0,1.39691,1.357471
222.43,630.0,1.322299,1.283796
224.53,630.0,1.226923,1.189868
226.8,630.0,1.121587,1.085879
229.08,630.0,1.010586,0.976113
231.18,630.0,0.902179,0.869172
233.45,630.0,0.798039,0.766468
235.55,630.0,0.700756,0.670115
237.83,630.0,0.609068,0.579672
239.93,630.0,0.523369,0.495109
242.38,630.0,0.443495,0.416391
244.48,630.0,0.367904,0.341684
246.75,630.0,0.29819,0.272827
248.85,630.0,0.234213,0.209685
251.13,630.0,0.174635,0.150908
253.4,630.0,0.118517,0.095591
255.68,630.0,0.064457,0.041949
257.95,630.0,0.018252,-0.003439
260.05,630.0,-0.021911,-0.043143
262.33,630.0,-0.056911,-0.07781
264.43,630.0,-0.088654,-0.109116
266.7,630.0,-0.120118,-0.140037
269.15,630.0,-0.151544,-0.17127
271.25,630.0,-0.181002,-0.200161
273.53,630.0,-0.208321,-0.227129
275.63,630.0,-0.233155,-0.251673
277.9,630.0,-0.256525,-0.275
280.18,630.0,-0.276584,-0.2946
282.28,630.0,-0.291676,-0.309495
284.55,630.0,-0.300653,-0.318531
286.83,630.0,-0.305764,-0.32342
289.1,630.0,-0.307841,-0.325428
291.38,630.0,-0.309258,-0.326855
293.48,630.0,-0.311035,-0.328485
295.58,630.0,-0.313349,-0.331026
298.03,630.0,-0.316876,-0.334449
300.3,630.0,-0.322391,-0.339911
302.4,630.0,-0.331291,-0.348712
304.68,630.0,-0.344621,-0.361781
306.95,630.0,-0.361094,-0.378029
309.23,630.0,-0.379883,-0.396531
311.33,630.0,-0.395653,-0.412274
313.78,630.0,-0.407033,-0.423487
315.88,630.0,-0.412499,-0.428956
318.15,630.0,-0.413996,-0.430422
320.43,630.0,-0.411793,-0.428139
322.7,630.0,-0.404966,-0.421507
324.98,630.0,-0.394366,-0.410998
327.08,630.0,-0.379615,-0.396319
329.35,630.0,-0.360336,-0.377474
331.63,630.0,-0.338574,-0.355761
333.9,630.0,-0.315863,-0.333441
336.0,630.0,-0.29138,-0.309406
338.28,630.0,-0.264994,-0.283266
340.55,630.0,-0.236846,-0.255496
342.65,630.0,-0.208355,-0.227243
344.93,630.0,-0.177804,-0.197206
347.2,630.0,-0.145383,-0.165358
349.48,630.0,-0.111843,-0.13204
351.75,630.0,-0.07562,-0.096501
353.85,630.0,-0.040207,-0.061449
356.13,630.0,-0.003735,-0.02538
358.23,630.0,0.03604,0.013958
360.5,630.0,0.078302,0.05552
362.78,630.0,0.12657,0.103148
364.88,630.0,0.179959,0.156025
367.15,630.0,0.244463,0.219488
369.25,630.0,0.31872,0.292728
371.35,630.0,0.406946,0.379922
373.8,630.0,0.50726,0.478945
375.9,630.0,0.622722,0.592882
378.18,630.0,0.755134,0.723707
380.28,630.0,0.9101,0.876458
382.73,630.0,1.068753,1.033035
385.0,630.0,1.226023,1.188537
387.1,630.0,1.371307,1.332215
389.38,630.0,1.50037,1.45927
391.48,630.0,1.603269,1.561023
393.75,630.0,1.680065,1.636925
396.03,630.0,1.725829,1.682107
398.3,630.0,1.74646,1.702514
400.58,630.0,1.743552,1.699541
402.68,630.0,1.722477,1.679005
404.95,630.0,1.6904,1.647394
407.05,630.0,1.649997,1.607563
409.15,630.0,1.605099,1.563192
411.6,630.0,1.555598,1.514248
413.7,630.0,1.505327,1.464517
415.98,630.0,1.453771,1.413605
418.08,630.0,1.403327,1.363864
420.35,630.0,1.354292,1.315524
422.63,630.0,1.307631,1.269403
424.9,630.0,1.262884,1.225302
427.0,630.0,1.22086,1.183959
429.28,630.0,1.182548,1.145873
431.55,630.0,1.146667,1.110318
433.65,630.0,1.116572,1.08082
435.93,630.0,1.089656,1.054169
438.2,630.0,1.062971,1.027783
440.3,630.0,1.039101,1.004354
442.58,630.0,1.017102,0.982506
444.85,630.0,0.996754,0.962348
446.95,630.0,0.978624,0.944539
449.23,630.0,0.963035,0.929083
451.5,630.0,0.948685,0.914973
453.6,630.0,0.93583,0.902355
455.88,630.0,0.922823,0.889314
458.15,630.0,0.911375,0.878205
460.25,630.0,0.901474,0.868411
462.53,630.0,0.892962,0.86002
464.8,630.0,0.88579,0.852814
466.9,630.0,0.879625,0.846803
469.18,630.0,0.87457,0.841776
471.45,630.0,0.869967,0.837161
473.73,630.0,0.865081,0.832293
476.0,630.0,0.86115,0.828581
478.1,630.0,0.858128,0.825463
480.38,630.0,0.857986,0.825399
482.65,630.0,0.860075,0.827521
484.75,630.0,0.86306,0.830491
487.03,630.0,0.866951,0.834194
489.3,630.0,0.871166,0.838245
491.4,630.0,0.87562,0.842811
493.5,630.0,0.880956,0.8481
495.95,630.0,0.888519,0.855543
498.05,630.0,0.897386,0.864425
500.33,630.0,0.908072,0.874844
502.43,630.0,0.919813,0.886326
504.7,630.0,0.932259,0.898667
506.98,630.0,0.945716,0.911982
509.08,630.0,0.960287,0.92635
511.35,630.0,0.976156,0.941929
513.45,630.0,0.993775,0.95949
515.73,630.0,1.012663,0.978152
518.0,630.0,1.033208,0.998436
520.1,630.0,1.057173,1.022056
522.38,630.0,1.085007,1.049345
524.65,630.0,1.114767,1.078815
526.93,630.0,1.146646,1.110293
529.03,630.0,1.180044,1.143266
531.3,630.0,1.212859,1.175986
533.58,630.0,1.244532,1.207022
535.68,630.0,1.276039,1.238174
537.95,630.0,1.305318,1.267052
540.23,630.0,1.332496,1.293756
542.33,630.0,1.359267,1.320308
544.6,630.0,1.385407,1.345992
546.88,630.0,1.41077,1.371153
548.98,630.0,1.43565,1.395576
551.25,630.0,1.461568,1.421177
553.53,630.0,1.487083,1.446411
555.8,630.0,1.511254,1.470318
557.9,630.0,1.535894,1.494603
560.18,630.0,1.560428,1.518709
562.45,630.0,1.584452,1.542545
564.55,630.0,1.609181,1.567039
566.83,630.0,1.635511,1.592933
568.93,630.0,1.664048,1.621066
571.2,630.0,1.690373,1.647277
573.48,630.0,1.71365,1.670209
575.58,630.0,1.734824,1.690986
577.85,630.0,1.75378,1.709772
580.13,630.0,1.770801,1.726614
582.4,630.0,1.784399,1.740003
584.5,630.0,1.794861,1.7502
586.78,630.0,1.802523,1.75796
588.88,630.0,1.80922,1.764495
591.15,630.0,1.816981,1.772295
593.43,630.0,1.82764,1.782683
595.53,630.0,1.838592,1.793814
597.8,630.0,1.847982,1.802951
600.08,630.0,1.855181,1.810086
602.18,630.0,1.858909,1.813746
604.45,630.0,1.85894,1.813844
606.73,630.0,1.855893,1.810718
609.0,630.0,1.85032,1.805209
611.1,630.0,1.84215,1.79723
613.38,630.0,1.832079,1.787218
615.65,630.0,1.819944,1.775148
617.75,630.0,1.805514,1.760899
620.03,630.0,1.787689,1.743352
622.3,630.0,1.765659,1.721744
624.58,630.0,1.738995,1.69536
626.68,630.0,1.708826,1.66553
628.95,630.0,1.676315,1.633339
631.23,630.0,1.640209,1.597782
633.33,630.0,1.601497,1.55964
635.6,630.0,1.56057,1.51902
637.88,630.0,1.518417,1.477588
640.15,630.0,1.477058,1.436824
642.25,630.0,1.433666,1.393934
644.53,630.0,1.392037,1.352865
646.8,630.0,1.350327,1.311636
648.9,630.0,1.31114,1.272933
651.18,630.0,1.272989,1.235105
653.45,630.0,1.236334,1.199098
655.73,630.0,1.203325,1.166464
657.83,630.0,1.172185,1.135605
660.1,630.0,1.142813,1.106738
662.2,630.0,1.116898,1.081107
664.48,630.0,1.092481,1.056926
666.75,630.0,1.07029,1.035198
668.85,630.0,1.050155,1.015364
671.13,630.0,1.033762,0.999006
673.4,630.0,1.020115,0.985485
675.5,630.0,1.010081,0.975472
677.78,630.0,1.003143,0.968596
680.05,630.0,1.000737,0.966279
682.15,630.0,1.002123,0.967663
684.43,630.0,1.008676,0.974185
686.7,630.0,1.019702,0.985047
688.8,630.0,1.036039,1.00123
691.08,630.0,1.059591,1.024416
693.35,630.0,1.089733,1.054197
695.45,630.0,1.126473,1.090469
697.73,630.0,1.171738,1.13509
700.0,630.0,1.227157,1.189785
702.1,630.0,1.290244,1.25228
704.38,630.0,1.360764,1.321627
706.65,630.0,1.434572,1.394652
708.75,630.0,1.508793,1.467958
711.03,630.0,1.58073,1.538709
11.73,665.0,-0.442154,-0.457942
13.83,665.0,-0.438164,-0.454088
16.1,665.0,-0.433087,-0.449165
18.38,665.0,-0.427203,-0.443312
20.65,665.0,-0.419532,-0.435715
22.75,665.0,-0.411485,-0.427877
25.03,665.0,-0.403919,-0.420228
27.3,665.0,-0.399042,-0.415585
29.58,665.0,-0.395961,-0.412591
31.85,665.0,-0.392437,-0.408956
33.95,665.0,-0.388183,-0.40492
36.23,665.0,-0.384215,-0.40094
38.5,665.0,-0.380946,-0.397619
40.6,665.0,-0.378833,-0.395801
42.88,665.0,-0.378072,-0.394846
44.98,665.0,-0.37712,-0.393956
47.25,665.0,-0.375823,-0.392573
49.53,665.0,-0.373099,-0.389855
51.63,665.0,-0.368719,-0.385709
53.9,665.0,-0.364532,-0.381473
56.0,665.0,-0.360518,-0.377628
58.28,665.0,-0.355801,-0.372791
60.55,665.0,-0.349671,-0.366919
62.83,665.0,-0.341784,-0.358885
65.1,665.0,-0.333592,-0.350983
67.2,665.0,-0.322391,-0.339963
69.48,665.0,-0.305915,-0.323552
71.75,665.0,-0.285912,-0.303851
73.85,665.0,-0.262172,-0.280478
76.13,665.0,-0.23814,-0.256759
78.4,665.0,-0.214412,-0.233309
80.5,665.0,-0.190407,-0.209588
82.95,665.0,-0.164622,-0.184089
85.23,665.0,-0.142305,-0.162068
87.33,665.0,-0.12098,-0.141103
89.6,665.0,-0.098054,-0.11859
91.88,665.0,-0.074455,-0.09537
94.15,665.0,-0.048993,-0.070312
96.43,665.0,-0.021667,-0.043152
98.7,665.0,0.004365,-0.017441
100.8,665.0,0.030665,0.008625
103.08,665.0,0.053872,0.031484
105.35,665.0,0.07361,0.050948
107.45,665.0,0.091225,0.068339
109.73,665.0,0.110732,0.087766
112.0,665.0,0.133379,0.109916
114.28,665.0,0.158339,0.134719
116.55,665.0,0.185187,0.161105
118.83,665.0,0.214007,0.189555
121.1,665.0,0.24161,0.216934
123.2,665.0,0.266376,0.241358
125.48,665.0,0.289497,0.264105
127.58,665.0,0.310917,0.28515
129.85,665.0,0.331342,0.305476
131.95,665.0,0.350362,0.324244
134.23,665.0,0.369728,0.343227
136.5,665.0,0.391277,0.364447
138.6,665.0,0.415914,0.388785
140.88,665.0,0.441964,0.414586
143.15,665.0,0.46949,0.441715
145.25,665.0,0.497294,0.469225
147.35,665.0,0.524653,0.496243
149.63,665.0,0.550522,0.521588
151.9,665.0,0.57449,0.545528
154.0,665.0,0.599416,0.570116
156.45,665.0,0.624961,0.595233
158.55,665.0,0.647925,0.617959
160.83,665.0,0.669629,0.639287
163.1,665.0,0.690956,0.660427
165.38,665.0,0.711184,0.680291
167.48,665.0,0.731723,0.700667
169.75,665.0,0.753144,0.72181
171.85,665.0,0.778794,0.747207
174.13,665.0,0.809758,0.777644
176.4,665.0,0.845506,0.812903
178.5,665.0,0.889668,0.85636
180.78,665.0,0.94136,0.907506
183.05,665.0,1.001985,0.967422
185.15,665.0,1.071051,1.035777
187.43,665.0,1.146353,1.109964
189.7,665.0,1.225195,1.187798
191.8,665.0,1.291362,1.253306
194.08,665.0,1.333414,1.294606
196.35,665.0,1.342034,1.303164
198.63,665.0,1.316427,1.278087
200.9,665.0,1.261901,1.224326
203.0,665.0,1.18476,1.148165
205.28,665.0,1.091104,1.055688
207.55,665.0,0.988017,0.953923
209.65,665.0,0.881372,0.848541
211.93,665.0,0.775919,0.744431
214.03,665.0,0.673735,0.643667
216.3,665.0,0.576825,0.548021
218.58,665.0,0.487583,0.460054
220.68,665.0,0.406299,0.379453
222.95,665.0,0.335322,0.309604
225.23,665.0,0.271616,0.246447
227.33,665.0,0.213169,0.188785
229.6,665.0,0.15702,0.133394
231.7,665.0,0.101863,0.079164
233.98,665.0,0.049134,0.026955
236.25,665.0,-0.002739,-0.024212
238.35,665.0,-0.051005,-0.071917
240.45,665.0,-0.095395,-0.115614
242.73,665.0,-0.132425,-0.152293
245.0,665.0,-0.164548,-0.183959
247.28,665.0,-0.19419,-0.213174
249.55,665.0,-0.221276,-0.239942
251.65,665.0,-0.247714,-0.266128
253.93,665.0,-0.274615,-0.292721
256.2,665.0,-0.298133,-0.315817
258.3,665.0,-0.315977,-0.333577
260.58,665.0,-0.329591,-0.347015
262.85,665.0,-0.340598,-0.357794
264.78,665.0,-0.352169,-0.369285
267.23,665.0,-0.365524,-0.382369
269.33,665.0,-0.380034,-0.396765
271.6,665.0,-0.394852,-0.411371
273.88,665.0,-0.408715,-0.425083
275.98,665.0,-0.422178,-0.438281
278.08,665.0,-0.43406,-0.45016
280.53,665.0,-0.442825,-0.458725
282.63,665.0,-0.447024,-0.46281
284.9,665.0,-0.448669,-0.464501
287.18,665.0,-0.449689,-0.465542
289.28,665.0,-0.450712,-0.466433
291.55,665.0,-0.450696,-0.466485
293.65,665.0,-0.449369,-0.465262
295.93,665.0,-0.446842,-0.462813
298.2,665.0,-0.443743,-0.459519
300.3,665.0,-0.439353,-0.45525
302.58,665.0,-0.433765,-0.44971
304.68,665.0,-0.428386,-0.444498
306.95,665.0,-0.424187,-0.440308
309.23,665.0,-0.420715,-0.436944
311.5,665.0,-0.417409,-0.433648
313.6,665.0,-0.413016,-0.429304
315.88,665.0,-0.405262,-0.421781
318.15,665.0,-0.394098,-0.410595
320.43,665.0,-0.378558,-0.395441
322.53,665.0,-0.360086,-0.377067
324.8,665.0,-0.34029,-0.357573
327.08,665.0,-0.319575,-0.337181
329.18,665.0,-0.297231,-0.315105
331.45,665.0,-0.27342,-0.291476
333.73,665.0,-0.247104,-0.265712
335.83,665.0,-0.219988,-0.238771
338.1,665.0,-0.189409,-0.208682
340.38,665.0,-0.154825,-0.174726
342.65,665.0,-0.118195,-0.138285
344.75,665.0,-0.075885,-0.09659
347.03,665.0,-0.027702,-0.049261
349.3,665.0,0.028142,0.005865
351.4,665.0,0.091974,0.069001
353.68,665.0,0.166832,0.142839
355.78,665.0,0.256009,0.230877
358.05,665.0,0.364013,0.337389
360.15,665.0,0.496801,0.468578
362.43,665.0,0.654176,0.623905
364.7,665.0,0.828766,0.796193
366.8,665.0,1.002222,0.96733
369.08,665.0,1.159267,1.12253
371.18,665.0,1.285084,1.246621
373.45,665.0,1.376528,1.337009
375.73,665.0,1.428448,1.388472
378.0,665.0,1.446987,1.406892
380.1,665.0,1.435632,1.395533
382.38,665.0,1.400749,1.361319
384.65,665.0,1.346741,1.307992
386.75,665.0,1.284055,1.246094
389.03,665.0,1.216199,1.179375
391.13,665.0,1.14631,1.110247
393.4,665.0,1.075383,1.04009
395.68,665.0,1.001458,0.967068
397.95,665.0,0.928171,0.894838
400.05,665.0,0.859092,0.826474
402.33,665.0,0.796733,0.764816
404.43,665.0,0.738541,0.707626
406.7,665.0,0.684863,0.65449
408.98,665.0,0.635645,0.60607
411.08,665.0,0.58916,0.56027
413.35,665.0,0.546114,0.517386
415.63,665.0,0.504308,0.476277
417.9,665.0,0.466647,0.439028
420.18,665.0,0.437164,0.409863
422.45,665.0,0.412476,0.385667
424.55,665.0,0.391293,0.364685
426.83,665.0,0.372097,0.345683
428.93,665.0,0.355331,0.329149
431.2,665.0,0.339949,0.314035
433.48,665.0,0.325633,0.299879
435.75,665.0,0.313076,0.287325
437.85,665.0,0.300932,0.275369
440.13,665.0,0.290196,0.264906
442.4,665.0,0.282257,0.257038
444.5,665.0,0.277186,0.252146
446.78,665.0,0.273967,0.248776
449.05,665.0,0.272171,0.247063
451.33,665.0,0.270895,0.245778
453.43,665.0,0.270057,0.245014
456.05,665.0,0.268591,0.243459
458.33,665.0,0.266444,0.241487
460.43,665.0,0.264703,0.239598
462.7,665.0,0.265886,0.240741
464.8,665.0,0.271391,0.246228
467.08,665.0,0.280387,0.255061
469.35,665.0,0.291499,0.266108
471.63,665.0,0.302507,0.276986
473.73,665.0,0.312944,0.287297
476.0,665.0,0.322128,0.296234
478.28,665.0,0.329817,0.303924
480.38,665.0,0.338696,0.312867
482.65,665.0,0.348933,0.322805
484.58,665.0,0.360738,0.334349
487.03,665.0,0.373646,0.347235
489.3,665.0,0.388147,0.361604
491.58,665.0,0.404768,0.377987
493.85,665.0,0.421964,0.394993
495.95,665.0,0.439805,0.412537
498.23,665.0,0.459118,0.431351
500.5,665.0,0.479262,0.451348
502.6,665.0,0.501373,0.473338
504.88,665.0,0.523625,0.495214
506.98,665.0,0.546286,0.517534
509.25,665.0,0.569401,0.540396
511.53,665.0,0.594669,0.565519
513.8,665.0,0.620205,0.590633
516.08,665.0,0.646579,0.616545
518.18,665.0,0.673868,0.643369
520.45,665.0,0.702959,0.67229
522.55,665.0,0.731745,0.700685
524.83,665.0,0.762343,0.730775
527.1,665.0,0.795208,0.763221
529.2,665.0,0.828917,0.796628
531.48,665.0,0.863664,0.830944
533.75,665.0,0.90058,0.867268
535.85,665.0,0.93672,0.902974
538.13,665.0,0.97375,0.939594
540.4,665.0,1.012074,0.977364
542.5,665.0,1.048916,1.013849
544.78,665.0,1.086778,1.051326
546.88,665.0,1.124147,1.087924
549.15,665.0,1.160962,1.124422
551.43,665.0,1.198593,1.161603
553.53,665.0,1.234652,1.197206
555.8,665.0,1.271578,1.23362
558.08,665.0,1.308851,1.270398
560.18,665.0,1.346439,1.3074
562.45,665.0,1.384517,1.345222
564.73,665.0,1.421464,1.381652
567.0,665.0,1.456676,1.416454
569.28,665.0,1.489255,1.448466
571.38,665.0,1.517104,1.476125
573.65,665.0,1.5428,1.501497
575.93,665.0,1.5663,1.524593
578.03,665.0,1.586701,1.544945
580.3,665.0,1.6065,1.564365
582.4,665.0,1.627526,1.585102
584.68,665.0,1.651423,1.608632
586.95,665.0,1.676978,1.633925
589.05,665.0,1.701371,1.65792
591.33,665.0,1.723478,1.679658
593.6,665.0,1.743007,1.69927
595.7,665.0,1.761069,1.716799
597.98,665.0,1.776938,1.732702
600.25,665.0,1.792036,1.747637
602.35,665.0,1.807606,1.762748
604.63,665.0,1.823521,1.7787
606.9,665.0,1.839319,1.794436
609.0,665.0,1.853484,1.808308
611.28,665.0,1.866047,1.820721
613.55,665.0,1.877649,1.831928
615.65,665.0,1.887788,1.841907
617.75,665.0,1.895982,1.850234
620.2,665.0,1.903626,1.857569
622.48,665.0,1.910428,1.864578
624.58,665.0,1.91764,1.871555
626.85,665.0,1.923644,1.877353
629.13,665.0,1.927862,1.881725
631.23,665.0,1.930391,1.88422
633.5,665.0,1.931879,1.885754
635.78,665.0,1.932486,1.886244
637.88,665.0,1.931925,1.885761
640.15,665.0,1.929411,1.883293
642.43,665.0,1.92503,1.878897
644.7,665.0,1.919374,1.873256
646.8,665.0,1.912516,1.866651
649.08,665.0,1.905526,1.859688
651.35,665.0,1.897698,1.851793
653.63,665.0,1.890736,1.844975
655.73,665.0,1.882338,1.83678
658.0,665.0,1.873271,1.827855
660.1,665.0,1.862005,1.817033
662.38,665.0,1.84894,1.803962
664.65,665.0,1.835255,1.790687
666.75,665.0,1.821543,1.776765
669.03,665.0,1.808952,1.764344
671.3,665.0,1.798616,1.754057
673.58,665.0,1.790801,1.746358
675.68,665.0,1.787215,1.742868
677.95,665.0,1.788851,1.744411
680.23,665.0,1.796395,1.751851
682.5,665.0,1.808857,1.764239
684.6,665.0,1.827005,1.782159
686.88,665.0,1.84882,1.8037
689.15,665.0,1.871223,1.825708
691.43,665.0,1.891722,1.845828
693.53,665.0,1.907033,1.861192
695.8,665.0,1.917125,1.871059
698.08,665.0,1.920003,1.873924
700.18,665.0,1.914636,1.86877
702.45,665.0,1.901651,1.855902
704.73,665.0,1.881592,1.835921
706.83,665.0,1.855064,1.810178
709.1,665.0,1.82353,1.778743
711.38,665.0,1.7887,1.74426
11.38,700.0,-0.356168,-0.373133
13.65,700.0,-0.343777,-0.361011
15.93,700.0,-0.335028,-0.352311
18.03,700.0,-0.329224,-0.346636
20.3,700.0,-0.32582,-0.343253
22.58,700.0,-0.325087,-0.342631
24.68,700.0,-0.325321,-0.342887
26.95,700.0,-0.325663,-0.34309
29.23,700.0,-0.324427,-0.341966
31.5,700.0,-0.322246,-0.339831
33.6,700.0,-0.318796,-0.336377
35.88,700.0,-0.314726,-0.332252
37.98,700.0,-0.308762,-0.32642
40.25,700.0,-0.301787,-0.319634
42.53,700.0,-0.294735,-0.312659
44.63,700.0,-0.2887,-0.306615
46.9,700.0,-0.282422,-0.300407
49.0,700.0,-0.27602,-0.29411
51.28,700.0,-0.268694,-0.286938
53.55,700.0,-0.261251,-0.279421
55.83,700.0,-0.254788,-0.273183
58.1,700.0,-0.246239,-0.264618
60.2,700.0,-0.233133,-0.251707
62.48,700.0,-0.216374,-0.235204
64.75,700.0,-0.1961,-0.215503
66.85,700.0,-0.174563,-0.19403
69.13,700.0,-0.152973,-0.172641
71.23,700.0,-0.131716,-0.151695
73.5,700.0,-0.110204,-0.130435
75.78,700.0,-0.088396,-0.109095
77.88,700.0,-0.065974,-0.086834
80.15,700.0,-0.043599,-0.06484
82.43,700.0,-0.02095,-0.042299
84.53,700.0,0.002701,-0.019089
86.8,700.0,0.027313,0.005107
89.08,700.0,0.051373,0.029075
91.18,700.0,0.074013,0.051509
93.45,700.0,0.095196,0.072316
95.55,700.0,0.116296,0.093129
97.83,700.0,0.138101,0.114491
100.1,700.0,0.160529,0.136613
102.38,700.0,0.185267,0.161099
104.48,700.0,0.211749,0.187448
106.75,700.0,0.238412,0.213677
108.85,700.0,0.264333,0.239161
111.13,700.0,0.288422,0.263
113.4,700.0,0.310683,0.284851
115.5,700.0,0.331789,0.305843
117.78,700.0,0.353597,0.327399
120.05,700.0,0.377411,0.350886
122.15,700.0,0.402411,0.375575
124.43,700.0,0.426853,0.399715
126.7,700.0,0.450054,0.422534
128.8,700.0,0.472987,0.44515
131.08,700.0,0.496591,0.468622
133.35,700.0,0.521508,0.49315
135.45,700.0,0.547032,0.518181
137.73,700.0,0.573741,0.544884
140.0,700.0,0.602577,0.57315
142.1,700.0,0.630673,0.600923
144.38,700.0,0.65888,0.62864
146.65,700.0,0.686277,0.655722
148.75,700.0,0.712897,0.682139
150.85,700.0,0.738652,0.707651
153.13,700.0,0.764068,0.732527
155.4,700.0,0.790697,0.75884
157.5,700.0,0.817623,0.785503
159.78,700.0,0.845651,0.813174
162.05,700.0,0.876948,0.844012
164.33,700.0,0.912617,0.879142
166.6,700.0,0.950891,0.916923
168.7,700.0,0.996464,0.962022
170.98,700.0,1.04659,1.011547
173.08,700.0,1.103882,1.067857
175.35,700.0,1.154628,1.118189
177.63,700.0,1.192847,1.155848
179.9,700.0,1.207573,1.170543
182.0,700.0,1.197317,1.160349
184.28,700.0,1.162163,1.125743
186.38,700.0,1.10729,1.071621
188.65,700.0,1.036501,1.001809
190.93,700.0,0.952974,0.919296
193.03,700.0,0.863461,0.830882
195.3,700.0,0.775873,0.744551
197.58,700.0,0.687179,0.656856
199.68,700.0,0.603486,0.574281
201.95,700.0,0.524352,0.496058
204.23,700.0,0.45165,0.42425
206.33,700.0,0.386675,0.360079
208.6,700.0,0.325254,0.299611
210.88,700.0,0.26929,0.244247
212.98,700.0,0.216404,0.192119
215.25,700.0,0.167017,0.143299
217.53,700.0,0.121496,0.098357
219.63,700.0,0.080849,0.058197
221.9,700.0,0.043893,0.021641
224.18,700.0,0.008342,-0.013386
226.45,700.0,-0.027977,-0.04924
228.55,700.0,-0.064902,-0.085524
230.83,700.0,-0.102749,-0.123081
233.1,700.0,-0.137915,-0.157733
235.2,700.0,-0.170996,-0.190389
237.48,700.0,-0.201411,-0.220219
239.58,700.0,-0.228648,-0.247206
241.85,700.0,-0.255466,-0.273848
244.13,700.0,-0.281396,-0.299255
246.23,700.0,-0.303981,-0.32167
248.5,700.0,-0.322647,-0.340204
250.78,700.0,-0.33833,-0.355696
252.88,700.0,-0.352514,-0.369649
255.15,700.0,-0.365666,-0.382542
257.43,700.0,-0.378324,-0.395176
259.53,700.0,-0.391377,-0.40777
261.8,700.0,-0.402942,-0.419381
264.08,700.0,-0.414248,-0.430416
266.35,700.0,-0.42326,-0.43963
268.45,700.0,-0.4302,-0.446346
270.73,700.0,-0.434883,-0.450807
272.83,700.0,-0.436892,-0.452785
275.1,700.0,-0.43744,-0.453463
277.2,700.0,-0.437147,-0.453053
279.48,700.0,-0.437073,-0.453068
281.75,700.0,-0.436396,-0.452452
284.03,700.0,-0.433444,-0.449529
286.13,700.0,-0.427982,-0.444178
288.4,700.0,-0.419744,-0.436023
290.68,700.0,-0.409871,-0.426423
292.78,700.0,-0.398752,-0.415321
295.05,700.0,-0.387631,-0.404248
297.15,700.0,-0.376263,-0.393069
299.43,700.0,-0.365431,-0.382338
301.7,700.0,-0.352967,-0.370065
303.98,700.0,-0.340308,-0.357542
306.08,700.0,-0.326544,-0.34395
308.35,700.0,-0.313263,-0.330894
310.45,700.0,-0.29886,-0.316753
312.73,700.0,-0.283639,-0.301633
315.0,700.0,-0.268241,-0.286451
317.28,700.0,-0.253787,-0.272169
319.38,700.0,-0.239782,-0.258401
321.65,700.0,-0.224634,-0.243272
323.75,700.0,-0.205771,-0.224939
326.03,700.0,-0.180669,-0.200013
328.3,700.0,-0.149471,-0.169255
330.4,700.0,-0.114461,-0.134674
332.68,700.0,-0.074326,-0.095081
334.78,700.0,-0.029745,-0.051116
337.05,700.0,0.020886,-0.00106
339.33,700.0,0.076684,0.053989
341.43,700.0,0.143064,0.119355
343.7,700.0,0.222688,0.198052
345.98,700.0,0.322279,0.296376
348.08,700.0,0.445803,0.418196
350.35,700.0,0.592032,0.562691
352.63,700.0,0.752734,0.721113
354.73,700.0,0.901492,0.867983
357.0,700.0,1.027721,0.992521
359.28,700.0,1.12168,1.08542
361.55,700.0,1.179234,1.142385
363.65,700.0,1.201245,1.16416
365.93,700.0,1.192376,1.155426
368.03,700.0,1.15802,1.121504
370.3,700.0,1.106951,1.07131
372.58,700.0,1.04335,1.00838
374.85,700.0,0.974511,0.940534
376.95,700.0,0.903695,0.87062
379.23,700.0,0.832487,0.800374
381.15,700.0,0.761905,0.730448
383.6,700.0,0.696785,0.666258
385.88,700.0,0.635479,0.605645
388.15,700.0,0.577746,0.548874
390.43,700.0,0.52266,0.494478
392.53,700.0,0.470171,0.442565
394.8,700.0,0.421354,0.394463
397.08,700.0,0.374182,0.347802
399.18,700.0,0.332793,0.306967
401.45,700.0,0.295405,0.270082
403.73,700.0,0.262208,0.237236
405.83,700.0,0.232516,0.207867
408.1,700.0,0.20633,0.182048
410.2,700.0,0.186102,0.162094
412.48,700.0,0.171435,0.147627
414.75,700.0,0.157494,0.133841
417.03,700.0,0.14194,0.118382
419.13,700.0,0.125695,0.102427
421.4,700.0,0.110464,0.087658
423.68,700.0,0.096265,0.073363
425.95,700.0,0.082987,0.060446
428.05,700.0,0.06971,0.04702
430.33,700.0,0.055874,0.033576
432.6,700.0,0.040951,0.018829
434.7,700.0,0.027538,0.005754
436.98,700.0,0.017741,-0.004184
439.25,700.0,0.013065,-0.008701
441.35,700.0,0.012156,-0.009579
443.63,700.0,0.012482,-0.009397
445.9,700.0,0.012393,-0.009391
448.0,700.0,0.012193,-0.009566
450.28,700.0,0.011342,-0.010401
452.55,700.0,0.010464,-0.011202
454.83,700.0,0.011293,-0.010574
456.93,700.0,0.01401,-0.007894
459.2,700.0,0.018453,-0.00355
461.48,700.0,0.024232,0.002288
463.58,700.0,0.03089,0.008841
465.85,700.0,0.037553,0.015403
467.95,700.0,0.043964,0.021684
470.23,700.0,0.050449,0.028135
472.5,700.0,0.060806,0.038231
474.6,700.0,0.074056,0.051484
476.88,700.0,0.090236,0.067344
479.15,700.0,0.108218,0.085153
481.43,700.0,0.125899,0.102479
483.53,700.0,0.143255,0.119842
485.8,700.0,0.160812,0.136998
488.08,700.0,0.179146,0.155159
490.18,700.0,0.199383,0.175138
492.45,700.0,0.221096,0.196712
494.73,700.0,0.244404,0.219404
497.0,700.0,0.267085,0.241829
499.28,700.0,0.290399,0.264811
501.38,700.0,0.315165,0.289438
503.65,700.0,0.340338,0.31413
505.93,700.0,0.366539,0.340079
508.2,700.0,0.394244,0.367334
510.3,700.0,0.42274,0.395639
512.75,700.0,0.453304,0.425643
515.03,700.0,0.483153,0.455378
517.13,700.0,0.515263,0.487001
519.4,700.0,0.548202,0.519478
521.5,700.0,0.582044,0.553156
523.78,700.0,0.618122,0.588443
526.05,700.0,0.653415,0.623242
528.33,700.0,0.688723,0.658036
530.6,700.0,0.723479,0.692497
532.88,700.0,0.757743,0.726243
535.15,700.0,0.793843,0.761964
537.43,700.0,0.832376,0.799819
539.53,700.0,0.872709,0.839745
541.8,700.0,0.915081,0.881649
543.9,700.0,0.955451,0.921591
546.35,700.0,0.996708,0.962296
548.45,700.0,1.035312,1.00022
550.73,700.0,1.073085,1.037512
553.0,700.0,1.109181,1.073149
555.1,700.0,1.143614,1.107444
557.38,700.0,1.178543,1.141945
559.65,700.0,1.215105,1.177856
561.93,700.0,1.248013,1.210493
564.03,700.0,1.28435,1.246316
566.3,700.0,1.319695,1.281106
568.4,700.0,1.353629,1.314683
570.68,700.0,1.386535,1.34712
572.95,700.0,1.415376,1.375672
575.05,700.0,1.441513,1.401328
577.33,700.0,1.465176,1.424652
579.43,700.0,1.487049,1.446424
581.7,700.0,1.50903,1.468158
583.98,700.0,1.531183,1.490031
586.08,700.0,1.553571,1.512181
588.35,700.0,1.57411,1.532295
590.63,700.0,1.591352,1.549245
592.9,700.0,1.605416,1.563207
595.0,700.0,1.617529,1.575287
597.28,700.0,1.629156,1.586762
599.55,700.0,1.640533,1.597837
601.83,700.0,1.65098,1.608238
603.93,700.0,1.660253,1.617344
606.2,700.0,1.667739,1.624633
608.3,700.0,1.674051,1.631146
610.58,700.0,1.679381,1.63638
612.85,700.0,1.684285,1.641331
614.95,700.0,1.688922,1.645789
617.23,700.0,1.693244,1.650172
619.33,700.0,1.698272,1.654935
621.6,700.0,1.703552,1.660182
623.7,700.0,1.708395,1.665092
625.98,700.0,1.715012,1.671306
628.25,700.0,1.722363,1.678644
630.53,700.0,1.730804,1.68711
632.63,700.0,1.741386,1.697452
634.9,700.0,1.754485,1.710323
637.18,700.0,1.768885,1.724701
639.45,700.0,1.783068,1.738552
641.73,700.0,1.795992,1.751186
644.0,700.0,1.806023,1.76105
646.1,700.0,1.812982,1.768201
648.38,700.0,1.81683,1.77174
650.65,700.0,1.818422,1.773641
652.75,700.0,1.818234,1.773555
655.03,700.0,1.816999,1.772184
657.3,700.0,1.8152,1.770329
659.58,700.0,1.812643,1.767757
661.68,700.0,1.810043,1.76536
