x,y,z,z2
4.38,0.0,0.002917,-0.018812
6.82,0.0,0.001863,-0.019877
8.93,0.0,0.000914,-0.020876
11.2,0.0,0.000317,-0.021584
13.48,0.0,0.00027,-0.02156
15.58,0.0,0.000575,-0.021008
17.85,0.0,0.000615,-0.02107
20.13,0.0,0.000591,-0.021119
22.4,0.0,-0.000161,-0.021917
24.5,0.0,-0.00095,-0.022629
26.78,0.0,-0.00094,-0.02269
29.05,0.0,0.001339,-0.020142
31.15,0.0,0.005714,-0.016236
33.43,0.0,0.011056,-0.010842
35.7,0.0,0.016863,-0.005121
37.98,0.0,0.020538,-0.00155
40.08,0.0,0.022427,0.000501
42.35,0.0,0.02377,0.001743
44.45,0.0,0.025375,0.003289
46.72,0.0,0.026413,0.004408
49.0,0.0,0.027297,0.005261
51.1,0.0,0.027553,0.005659
53.37,0.0,0.028215,0.006247
55.65,0.0,0.029013,0.007005
57.75,0.0,0.030563,0.00836
59.85,0.0,0.031925,0.009821
62.3,0.0,0.032424,0.010384
64.57,0.0,0.031287,0.009241
66.67,0.0,0.028484,0.006561
68.95,0.0,0.026077,0.003936
71.05,0.0,0.02409,0.002063
73.32,0.0,0.022362,0.000304
75.6,0.0,0.020643,-0.001341
77.7,0.0,0.018567,-0.003229
79.97,0.0,0.015021,-0.006677
82.25,0.0,0.009722,-0.012
84.35,0.0,0.003856,-0.017841
86.62,0.0,-0.002743,-0.024406
88.9,0.0,-0.008245,-0.029736
91.0,0.0,-0.012955,-0.034588
93.27,0.0,-0.016985,-0.03834
95.37,0.0,-0.020272,-0.041766
97.65,0.0,-0.022588,-0.044009
99.92,0.0,-0.024985,-0.04615
102.02,0.0,-0.026938,-0.048368
104.3,0.0,-0.028226,-0.049434
106.4,0.0,-0.028694,-0.049868
108.67,0.0,-0.029095,-0.050275
110.77,0.0,-0.03021,-0.051655
113.05,0.0,-0.032666,-0.054006
115.32,0.0,-0.03566,-0.056969
117.42,0.0,-0.038793,-0.06017
119.7,0.0,-0.041458,-0.062567
121.97,0.0,-0.043426,-0.064653
124.25,0.0,-0.044933,-0.066097
126.35,0.0,-0.045145,-0.066461
128.62,0.0,-0.045971,-0.067194
130.9,0.0,-0.04854,-0.069671
133.17,0.0,-0.053947,-0.07501
135.27,0.0,-0.061174,-0.082003
137.55,0.0,-0.068781,-0.089425
139.82,0.0,-0.075352,-0.096227
142.1,0.0,-0.081941,-0.102441
144.38,0.0,-0.08818,-0.108765
146.65,0.0,-0.094526,-0.11489
148.75,0.0,-0.100111,-0.120312
151.03,0.0,-0.105081,-0.125361
153.3,0.0,-0.108867,-0.128984
155.4,0.0,-0.111079,-0.131344
157.68,0.0,-0.112379,-0.13261
159.78,0.0,-0.112336,-0.132471
162.05,0.0,-0.110743,-0.130789
164.33,0.0,-0.107437,-0.127693
166.43,0.0,-0.101221,-0.121547
168.7,0.0,-0.093805,-0.114175
170.98,0.0,-0.08554,-0.106211
173.08,0.0,-0.078519,-0.099021
175.35,0.0,-0.071344,-0.092018
177.45,0.0,-0.063075,-0.083892
179.73,0.0,-0.053833,-0.074779
182.0,0.0,-0.043362,-0.064628
184.28,0.0,-0.033325,-0.054612
186.38,0.0,-0.02314,-0.044677
188.65,0.0,-0.014083,-0.035706
190.93,0.0,-0.005629,-0.027194
193.2,0.0,0.001164,-0.020531
195.3,0.0,0.006281,-0.015709
197.58,0.0,0.010871,-0.011131
199.85,0.0,0.01572,-0.006159
201.95,0.0,0.02109,-0.000762
204.23,0.0,0.027485,0.005511
206.33,0.0,0.032944,0.010686
208.6,0.0,0.037797,0.015588
210.7,0.0,0.042205,0.020085
212.98,0.0,0.045732,0.023413
215.25,0.0,0.049241,0.026937
217.35,0.0,0.052686,0.030495
219.63,0.0,0.05625,0.033936
221.9,0.0,0.059679,0.037131
224.0,0.0,0.062975,0.040477
226.28,0.0,0.066154,0.043554
228.55,0.0,0.069288,0.046749
230.83,0.0,0.072528,0.049824
233.1,0.0,0.076345,0.053653
235.2,0.0,0.08104,0.058357
237.48,0.0,0.086253,0.063262
239.75,0.0,0.091878,0.068835
242.03,0.0,0.097356,0.074457
244.13,0.0,0.103739,0.08068
246.4,0.0,0.109321,0.086321
248.68,0.0,0.11422,0.090899
250.95,0.0,0.116789,0.093659
253.05,0.0,0.117704,0.094556
255.33,0.0,0.116305,0.093314
257.6,0.0,0.11336,0.090172
259.7,0.0,0.108856,0.085748
261.98,0.0,0.102809,0.080008
264.25,0.0,0.095193,0.0723
266.35,0.0,0.086044,0.063391
268.63,0.0,0.077239,0.05446
270.9,0.0,0.068727,0.046031
273.0,0.0,0.060412,0.037947
275.28,0.0,0.053536,0.031182
277.38,0.0,0.047208,0.024956
279.65,0.0,0.042593,0.020375
281.93,0.0,0.038443,0.016287
284.03,0.0,0.034682,0.012485
286.3,0.0,0.030828,0.00865
288.58,0.0,0.025603,0.003748
290.68,0.0,0.019931,-0.002025
292.95,0.0,0.014559,-0.007139
295.23,0.0,0.007861,-0.013756
297.33,0.0,0.000554,-0.021027
299.6,0.0,-0.007413,-0.029107
301.88,0.0,-0.016104,-0.037462
304.15,0.0,-0.023815,-0.045229
306.43,0.0,-0.030974,-0.052262
308.7,0.0,-0.03663,-0.057903
310.8,0.0,-0.040759,-0.061991
313.08,0.0,-0.042268,-0.063519
315.18,0.0,-0.041865,-0.063198
317.45,0.0,-0.041137,-0.062413
319.73,0.0,-0.041387,-0.062644
321.83,0.0,-0.042912,-0.064147
324.1,0.0,-0.045937,-0.06724
326.38,0.0,-0.050789,-0.071877
328.48,0.0,-0.056609,-0.077591
330.75,0.0,-0.061267,-0.082139
333.03,0.0,-0.065244,-0.086162
335.13,0.0,-0.067881,-0.088568
337.4,0.0,-0.069384,-0.090287
339.68,0.0,-0.070638,-0.091489
341.78,0.0,-0.071566,-0.092265
344.05,0.0,-0.072742,-0.093405
346.33,0.0,-0.073966,-0.094631
348.6,0.0,-0.075376,-0.096008
350.7,0.0,-0.076901,-0.097638
352.98,0.0,-0.078898,-0.099372
355.08,0.0,-0.080876,-0.101344
357.35,0.0,-0.083057,-0.103765
359.63,0.0,-0.084825,-0.105543
361.73,0.0,-0.087006,-0.107453
364.0,0.0,-0.089064,-0.109615
366.1,0.0,-0.091636,-0.112169
368.38,0.0,-0.094609,-0.115028
370.65,0.0,-0.097237,-0.117518
372.93,0.0,-0.099782,-0.120201
375.03,0.0,-0.102591,-0.122869
377.3,0.0,-0.105198,-0.125543
379.4,0.0,-0.107595,-0.127786
381.68,0.0,-0.10948,-0.129742
383.95,0.0,-0.110792,-0.13102
386.05,0.0,-0.112277,-0.132551
388.33,0.0,-0.113445,-0.133645
390.6,0.0,-0.113876,-0.134092
392.7,0.0,-0.114261,-0.134492
394.98,0.0,-0.114132,-0.134575
397.25,0.0,-0.115281,-0.135342
399.35,0.0,-0.11745,-0.137576
401.63,0.0,-0.121125,-0.141393
403.9,0.0,-0.125931,-0.145845
406.0,0.0,-0.132099,-0.151941
408.28,0.0,-0.138602,-0.158651
410.38,0.0,-0.146224,-0.166128
412.65,0.0,-0.153611,-0.173241
414.75,0.0,-0.161029,-0.180694
417.03,0.0,-0.168365,-0.187912
419.3,0.0,-0.174908,-0.194486
421.4,0.0,-0.18171,-0.200946
423.68,0.0,-0.187175,-0.206448
425.95,0.0,-0.192431,-0.211707
428.05,0.0,-0.197179,-0.216359
430.33,0.0,-0.20114,-0.220108
432.43,0.0,-0.205342,-0.224224
434.88,0.0,-0.209344,-0.228269
437.15,0.0,-0.213103,-0.231858
439.25,0.0,-0.216713,-0.235663
441.53,0.0,-0.22102,-0.239828
443.63,0.0,-0.225721,-0.244181
445.9,0.0,-0.230416,-0.249332
448.18,0.0,-0.235946,-0.254541
450.28,0.0,-0.241362,-0.25992
452.55,0.0,-0.247678,-0.2661
454.83,0.0,-0.254138,-0.272721
457.1,0.0,-0.261873,-0.280216
459.2,0.0,-0.270299,-0.288374
461.48,0.0,-0.27956,-0.297567
463.75,0.0,-0.290416,-0.308445
466.03,0.0,-0.303035,-0.320949
468.13,0.0,-0.316473,-0.334067
470.4,0.0,-0.330974,-0.348448
472.68,0.0,-0.347385,-0.364674
474.95,0.0,-0.364862,-0.381713
477.05,0.0,-0.384098,-0.400727
479.33,0.0,-0.405807,-0.422237
481.6,0.0,-0.429914,-0.445995
483.88,0.0,-0.456639,-0.472458
485.98,0.0,-0.488133,-0.503453
488.25,0.0,-0.523321,-0.538324
490.35,0.0,-0.561164,-0.575521
492.63,0.0,-0.60293,-0.616691
494.9,0.0,-0.642831,-0.656087
497.18,0.0,-0.683173,-0.69561
499.45,0.0,-0.71805,-0.730246
501.55,0.0,-0.748459,-0.760305
503.83,0.0,-0.774396,-0.785979
505.93,0.0,-0.794695,-0.806022
508.38,0.0,-0.808077,-0.819143
510.48,0.0,-0.81524,-0.826355
512.75,0.0,-0.816044,-0.827233
515.03,0.0,-0.812184,-0.82313
517.13,0.0,-0.803145,-0.814565
519.4,0.0,-0.7906,-0.801996
521.68,0.0,-0.774584,-0.78634
523.78,0.0,-0.755791,-0.767729
526.05,0.0,-0.735061,-0.747249
528.15,0.0,-0.712655,-0.725067
530.43,0.0,-0.687954,-0.700502
532.7,0.0,-0.6613,-0.674205
534.98,0.0,-0.633989,-0.647412
537.08,0.0,-0.606676,-0.620644
539.35,0.0,-0.57947,-0.593857
541.63,0.0,-0.553706,-0.568287
543.55,0.0,-0.531155,-0.546007
546.0,0.0,-0.511534,-0.526676
548.28,0.0,-0.494701,-0.510225
550.55,0.0,-0.480585,-0.496063
552.65,0.0,-0.469245,-0.484966
554.93,0.0,-0.461269,-0.47703
557.2,0.0,-0.455761,-0.471543
559.3,0.0,-0.451889,-0.467837
561.58,0.0,-0.449122,-0.465037
563.68,0.0,-0.44622,-0.462304
565.95,0.0,-0.44325,-0.459011
568.05,0.0,-0.440213,-0.456149
570.33,0.0,-0.437631,-0.453666
572.43,0.0,-0.435946,-0.451959
574.88,0.0,-0.435521,-0.45163
576.98,0.0,-0.436531,-0.452551
579.25,0.0,-0.438062,-0.454255
581.18,0.0,-0.440102,-0.456106
583.63,0.0,-0.442782,-0.458765
585.9,0.0,-0.445065,-0.460943
588.0,0.0,-0.447733,-0.463484
590.28,0.0,-0.450228,-0.466125
592.55,0.0,-0.452671,-0.46862
594.65,0.0,-0.455305,-0.471177
596.93,0.0,-0.457844,-0.473432
599.2,0.0,-0.460739,-0.476694
601.3,0.0,-0.463755,-0.479501
603.58,0.0,-0.466599,-0.482372
605.68,0.0,-0.46907,-0.484526
607.95,0.0,-0.471892,-0.487548
609.88,0.0,-0.474621,-0.490105
612.5,0.0,-0.476436,-0.491771
614.77,0.0,-0.477511,-0.493127
616.87,0.0,-0.477535,-0.493198
619.32,0.0,-0.475465,-0.491032
621.6,0.0,-0.471818,-0.4874
623.7,0.0,-0.467831,-0.48329
625.97,0.0,-0.463484,-0.479137
628.25,0.0,-0.460548,-0.476303
630.35,0.0,-0.460108,-0.475977
632.62,0.0,-0.462178,-0.47805
634.9,0.0,-0.466223,-0.481811
637.0,0.0,-0.471272,-0.486836
639.27,0.0,-0.477569,-0.492948
641.55,0.0,-0.483623,-0.499076
643.65,0.0,-0.48955,-0.504864
645.92,0.0,-0.494193,-0.509603
648.02,0.0,-0.497237,-0.512625
650.3,0.0,-0.499445,-0.514704
652.57,0.0,-0.501029,-0.516349
654.67,0.0,-0.502665,-0.517603
656.95,0.0,-0.504486,-0.519612
659.22,0.0,-0.506879,-0.522129
661.32,0.0,-0.509384,-0.524593
663.6,0.0,-0.512622,-0.527511
665.7,0.0,-0.516208,-0.531168
667.97,0.0,-0.519874,-0.534935
670.25,0.0,-0.523614,-0.53845
672.52,0.0,-0.527723,-0.542446
674.62,0.0,-0.531855,-0.54662
676.9,0.0,-0.535394,-0.549954
679.17,0.0,-0.538734,-0.553413
681.27,0.0,-0.541824,-0.556522
683.55,0.0,-0.544633,-0.559294
685.65,0.0,-0.546799,-0.561377
687.92,0.0,-0.548349,-0.562985
690.2,0.0,-0.549461,-0.563903
692.3,0.0,-0.550157,-0.564843
694.57,0.0,-0.55171,-0.566146
696.85,0.0,-0.554168,-0.568666
699.12,0.0,-0.558256,-0.572686
701.22,0.0,-0.563823,-0.578142
703.5,0.0,-0.571476,-0.585844
705.77,0.0,-0.580899,-0.595046
707.87,0.0,-0.591352,-0.605406
710.15,0.0,-0.602695,-0.616491
11.73,35.0,-0.003331,-0.02537
13.83,35.0,-0.005672,-0.027413
16.1,35.0,-0.008895,-0.030521
18.38,35.0,-0.012,-0.033568
20.48,35.0,-0.013648,-0.035389
22.75,35.0,-0.014853,-0.036251
25.03,35.0,-0.015216,-0.036726
27.13,35.0,-0.015771,-0.03737
29.4,35.0,-0.016766,-0.038229
31.5,35.0,-0.016159,-0.037801
33.78,35.0,-0.013353,-0.034779
36.05,35.0,-0.008664,-0.030364
38.33,35.0,-0.003827,-0.025469
40.43,35.0,0.000834,-0.020987
42.7,35.0,0.004023,-0.017625
44.98,35.0,0.005622,-0.016045
47.08,35.0,0.005677,-0.016131
49.35,35.0,0.004272,-0.017259
51.45,35.0,0.002057,-0.019582
53.73,35.0,-0.000343,-0.021951
56.0,35.0,-0.002111,-0.02354
58.1,35.0,-0.003162,-0.025022
60.38,35.0,-0.003654,-0.025309
62.65,35.0,-0.003611,-0.025173
64.75,35.0,-0.002866,-0.024357
67.03,35.0,-0.001516,-0.02314
69.3,35.0,0.001783,-0.019924
71.58,35.0,0.006145,-0.015521
73.68,35.0,0.011715,-0.010253
75.95,35.0,0.017633,-0.004089
78.23,35.0,0.022954,0.000994
80.5,35.0,0.027054,0.005116
82.78,35.0,0.030381,0.008363
84.88,35.0,0.032787,0.010763
87.15,35.0,0.034971,0.012837
89.43,35.0,0.036478,0.014417
91.53,35.0,0.037756,0.01539
93.8,35.0,0.039174,0.017171
96.08,35.0,0.041296,0.019109
98.18,35.0,0.043117,0.020896
100.45,35.0,0.044047,0.021848
102.55,35.0,0.044429,0.022137
104.83,35.0,0.045209,0.022824
106.93,35.0,0.045859,0.023628
109.38,35.0,0.045714,0.023397
111.48,35.0,0.044241,0.021952
113.75,35.0,0.041647,0.019334
115.85,35.0,0.037319,0.015341
118.13,35.0,0.032513,0.010372
120.4,35.0,0.028018,0.006074
122.5,35.0,0.023616,0.001734
124.78,35.0,0.019146,-0.002641
126.88,35.0,0.014817,-0.006979
129.15,35.0,0.009697,-0.012006
131.43,35.0,0.00495,-0.016945
133.7,35.0,-0.000306,-0.022034
135.8,35.0,-0.005084,-0.02676
138.08,35.0,-0.008876,-0.030494
140.35,35.0,-0.011892,-0.033513
142.45,35.0,-0.013553,-0.03517
144.73,35.0,-0.01412,-0.035549
147.0,35.0,-0.013679,-0.035149
149.1,35.0,-0.012644,-0.034194
151.38,35.0,-0.010965,-0.03257
153.48,35.0,-0.008617,-0.03013
155.75,35.0,-0.005879,-0.027407
158.03,35.0,-0.001997,-0.023694
160.3,35.0,0.001814,-0.019804
162.58,35.0,0.005655,-0.016054
164.85,35.0,0.008841,-0.013032
167.13,35.0,0.0115,-0.010441
169.4,35.0,0.013785,-0.007835
171.68,35.0,0.016016,-0.005777
173.95,35.0,0.017837,-0.00415
176.05,35.0,0.018943,-0.002866
178.33,35.0,0.020545,-0.001436
180.78,35.0,0.022427,0.000338
183.05,35.0,0.024127,0.002079
185.15,35.0,0.026133,0.004281
187.43,35.0,0.029112,0.007076
189.88,35.0,0.032793,0.010474
192.15,35.0,0.036934,0.014777
194.25,35.0,0.041034,0.018955
196.53,35.0,0.044719,0.022294
198.8,35.0,0.048419,0.026
201.08,35.0,0.0506,0.028573
203.35,35.0,0.052304,0.030233
205.45,35.0,0.053881,0.031367
207.73,35.0,0.055923,0.033619
209.83,35.0,0.058289,0.035911
212.1,35.0,0.061305,0.038779
214.38,35.0,0.06454,0.042125
216.48,35.0,0.068933,0.046225
218.75,35.0,0.073434,0.050837
221.03,35.0,0.078832,0.05609
223.3,35.0,0.083631,0.060819
225.4,35.0,0.087587,0.06482
227.68,35.0,0.09109,0.068268
229.95,35.0,0.094611,0.071789
232.05,35.0,0.097766,0.074793
234.33,35.0,0.101278,0.078237
236.6,35.0,0.103767,0.080689
238.7,35.0,0.104787,0.081743
240.98,35.0,0.104938,0.081934
243.25,35.0,0.104488,0.081475
245.35,35.0,0.103687,0.080674
247.63,35.0,0.102658,0.079725
249.9,35.0,0.10043,0.077282
252.0,35.0,0.095877,0.073086
254.28,35.0,0.089697,0.066903
256.2,35.0,0.081697,0.058946
258.65,35.0,0.072439,0.04979
260.75,35.0,0.063829,0.041379
263.03,35.0,0.055923,0.033524
265.48,35.0,0.04767,0.025437
267.58,35.0,0.041641,0.01946
269.85,35.0,0.035317,0.01312
272.13,35.0,0.030135,0.008293
274.4,35.0,0.02572,0.003712
276.5,35.0,0.022661,0.000489
278.78,35.0,0.020566,-0.001479
281.05,35.0,0.018798,-0.002795
283.15,35.0,0.017233,-0.004668
285.43,35.0,0.013696,-0.008094
287.7,35.0,0.009189,-0.01277
289.8,35.0,0.004636,-0.017123
292.08,35.0,0.000668,-0.020906
294.35,35.0,-0.001156,-0.02286
296.63,35.0,-0.00212,-0.023876
298.73,35.0,-0.004409,-0.026079
301.0,35.0,-0.008371,-0.02984
303.1,35.0,-0.013454,-0.034948
305.38,35.0,-0.019184,-0.040521
307.65,35.0,-0.025281,-0.046556
309.75,35.0,-0.032074,-0.05342
312.03,35.0,-0.038476,-0.059582
314.13,35.0,-0.04481,-0.06578
316.4,35.0,-0.050062,-0.071079
318.68,35.0,-0.055121,-0.075946
320.78,35.0,-0.058947,-0.079788
323.05,35.0,-0.062533,-0.083371
325.33,35.0,-0.064659,-0.085324
327.6,35.0,-0.064535,-0.085278
329.7,35.0,-0.061892,-0.082736
331.98,35.0,-0.057588,-0.07842
334.25,35.0,-0.05188,-0.072789
336.53,35.0,-0.045577,-0.066843
338.63,35.0,-0.038993,-0.060281
340.9,35.0,-0.033226,-0.054748
343.18,35.0,-0.028266,-0.049634
345.28,35.0,-0.024206,-0.045521
347.55,35.0,-0.020891,-0.042259
349.83,35.0,-0.018356,-0.039893
351.93,35.0,-0.016399,-0.037749
354.2,35.0,-0.014514,-0.036156
356.3,35.0,-0.012672,-0.034227
358.58,35.0,-0.010657,-0.032197
360.85,35.0,-0.008482,-0.030127
362.95,35.0,-0.007388,-0.029095
365.23,35.0,-0.007222,-0.028756
367.5,35.0,-0.007955,-0.029366
369.78,35.0,-0.010306,-0.032056
371.88,35.0,-0.014221,-0.035629
374.15,35.0,-0.019147,-0.04041
376.43,35.0,-0.024874,-0.046116
378.53,35.0,-0.031415,-0.05286
380.8,35.0,-0.038316,-0.059492
383.08,35.0,-0.045694,-0.06688
385.18,35.0,-0.053032,-0.073925
387.45,35.0,-0.06042,-0.081464
389.73,35.0,-0.067801,-0.088679
392.0,35.0,-0.074748,-0.09538
394.1,35.0,-0.081479,-0.102243
396.38,35.0,-0.087336,-0.108112
398.65,35.0,-0.093066,-0.113411
400.75,35.0,-0.097958,-0.118322
403.03,35.0,-0.103205,-0.123565
405.13,35.0,-0.108633,-0.128839
407.4,35.0,-0.113836,-0.134095
409.68,35.0,-0.119865,-0.139899
411.78,35.0,-0.12533,-0.145312
414.05,35.0,-0.131063,-0.151051
416.33,35.0,-0.136371,-0.156168
418.43,35.0,-0.141541,-0.161418
420.7,35.0,-0.146273,-0.166091
422.98,35.0,-0.149813,-0.169483
425.08,35.0,-0.152524,-0.172058
427.35,35.0,-0.154557,-0.174039
429.63,35.0,-0.157012,-0.176639
431.73,35.0,-0.160318,-0.179985
434.0,35.0,-0.164655,-0.184116
436.28,35.0,-0.170749,-0.190081
438.38,35.0,-0.177816,-0.197329
440.65,35.0,-0.186119,-0.205191
442.93,35.0,-0.194169,-0.213328
445.03,35.0,-0.202896,-0.221803
447.3,35.0,-0.21188,-0.230786
449.58,35.0,-0.220395,-0.239233
451.85,35.0,-0.228577,-0.247234
453.95,35.0,-0.236729,-0.255271
456.23,35.0,-0.244517,-0.263183
458.5,35.0,-0.252576,-0.27114
460.6,35.0,-0.261214,-0.279711
462.88,35.0,-0.269982,-0.288084
465.15,35.0,-0.278731,-0.296633
467.25,35.0,-0.287785,-0.305724
469.53,35.0,-0.29638,-0.314095
471.8,35.0,-0.304276,-0.322055
474.08,35.0,-0.312385,-0.330087
476.18,35.0,-0.319563,-0.337021
478.45,35.0,-0.326747,-0.34443
480.73,35.0,-0.334449,-0.351886
482.83,35.0,-0.343876,-0.360915
485.1,35.0,-0.355472,-0.372465
487.38,35.0,-0.36927,-0.386097
489.48,35.0,-0.385435,-0.402154
491.75,35.0,-0.402945,-0.419329
494.03,35.0,-0.420971,-0.437255
496.13,35.0,-0.438971,-0.45496
498.4,35.0,-0.457215,-0.472847
500.68,35.0,-0.476559,-0.49215
502.78,35.0,-0.497129,-0.512304
505.05,35.0,-0.519307,-0.5341
507.33,35.0,-0.54268,-0.557283
509.43,35.0,-0.568882,-0.583321
511.7,35.0,-0.597612,-0.611451
513.8,35.0,-0.627449,-0.640946
516.08,35.0,-0.657572,-0.670533
518.53,35.0,-0.687893,-0.700397
520.8,35.0,-0.714162,-0.726355
522.9,35.0,-0.735862,-0.747926
525.18,35.0,-0.75426,-0.766115
527.28,35.0,-0.770335,-0.7817
529.55,35.0,-0.783234,-0.794759
531.83,35.0,-0.792945,-0.804266
533.93,35.0,-0.79999,-0.811297
536.2,35.0,-0.803444,-0.814836
538.48,35.0,-0.804368,-0.815643
540.75,35.0,-0.802877,-0.814186
542.85,35.0,-0.798499,-0.809864
545.13,35.0,-0.79182,-0.80329
547.23,35.0,-0.783937,-0.795332
549.5,35.0,-0.775178,-0.786808
551.78,35.0,-0.765449,-0.777005
554.05,35.0,-0.75585,-0.76788
556.15,35.0,-0.746213,-0.758241
558.43,35.0,-0.736152,-0.748376
560.7,35.0,-0.725197,-0.737446
562.8,35.0,-0.713268,-0.725807
565.08,35.0,-0.70093,-0.713564
567.35,35.0,-0.688737,-0.70125
569.45,35.0,-0.677338,-0.690108
571.73,35.0,-0.667329,-0.680363
573.83,35.0,-0.657809,-0.67118
576.1,35.0,-0.648478,-0.661953
578.38,35.0,-0.638644,-0.652264
580.48,35.0,-0.628641,-0.642452
582.75,35.0,-0.61992,-0.633503
585.03,35.0,-0.612332,-0.626066
587.3,35.0,-0.607184,-0.620912
589.4,35.0,-0.604011,-0.617803
591.68,35.0,-0.602206,-0.616229
593.95,35.0,-0.601993,-0.615684
596.05,35.0,-0.602622,-0.61642
598.33,35.0,-0.60341,-0.617424
600.43,35.0,-0.604368,-0.618299
602.7,35.0,-0.604538,-0.618447
604.98,35.0,-0.603986,-0.617914
607.08,35.0,-0.603013,-0.616962
609.35,35.0,-0.602064,-0.615961
611.63,35.0,-0.60109,-0.614954
613.73,35.0,-0.599365,-0.613336
616.0,35.0,-0.596981,-0.610961
618.28,35.0,-0.592341,-0.606214
620.38,35.0,-0.585049,-0.59919
622.65,35.0,-0.575684,-0.589763
624.93,35.0,-0.56508,-0.579519
627.03,35.0,-0.553737,-0.568207
629.3,35.0,-0.54179,-0.556537
631.58,35.0,-0.530628,-0.545622
633.85,35.0,-0.520872,-0.535804
635.95,35.0,-0.513105,-0.528395
638.23,35.0,-0.507449,-0.522446
640.33,35.0,-0.502425,-0.517508
642.6,35.0,-0.498053,-0.513173
644.88,35.0,-0.494356,-0.509732
646.98,35.0,-0.491072,-0.506445
649.25,35.0,-0.488866,-0.504184
651.53,35.0,-0.487234,-0.50272
653.63,35.0,-0.485847,-0.501485
655.9,35.0,-0.483598,-0.499122
658.18,35.0,-0.47931,-0.494834
660.28,35.0,-0.471762,-0.487372
662.55,35.0,-0.462175,-0.477902
664.83,35.0,-0.451861,-0.467711
667.1,35.0,-0.44264,-0.4587
669.2,35.0,-0.4352,-0.451328
671.48,35.0,-0.430074,-0.446115
673.58,35.0,-0.425767,-0.441879
675.85,35.0,-0.421916,-0.438007
678.13,35.0,-0.417995,-0.434067
680.23,35.0,-0.413318,-0.429541
682.5,35.0,-0.408703,-0.42524
684.6,35.0,-0.405709,-0.4222
686.88,35.0,-0.405345,-0.421999
689.15,35.0,-0.408537,-0.424797
691.25,35.0,-0.414372,-0.430684
693.53,35.0,-0.422006,-0.438213
695.63,35.0,-0.431106,-0.447126
697.9,35.0,-0.440989,-0.456926
700.18,35.0,-0.450813,-0.466621
702.28,35.0,-0.460758,-0.476439
704.55,35.0,-0.47012,-0.485974
706.83,35.0,-0.479402,-0.495111
708.93,35.0,-0.487911,-0.503192
711.2,35.0,-0.495493,-0.51077
11.38,70.0,-0.037536,-0.058978
13.48,70.0,-0.039351,-0.060614
15.75,70.0,-0.043417,-0.064542
18.03,70.0,-0.047274,-0.06858
20.3,70.0,-0.050312,-0.071347
22.58,70.0,-0.050346,-0.071504
25.03,70.0,-0.047801,-0.068959
27.13,70.0,-0.043947,-0.065312
29.4,70.0,-0.039264,-0.060534
31.68,70.0,-0.035343,-0.056652
33.95,70.0,-0.033805,-0.055121
36.23,70.0,-0.034338,-0.055534
38.33,70.0,-0.036563,-0.057807
40.6,70.0,-0.03976,-0.060783
42.88,70.0,-0.043054,-0.064388
45.15,70.0,-0.046208,-0.067376
47.25,70.0,-0.049052,-0.07033
49.53,70.0,-0.050959,-0.072049
51.8,70.0,-0.0511,-0.072071
53.9,70.0,-0.049311,-0.070524
56.18,70.0,-0.046861,-0.0681
58.45,70.0,-0.045663,-0.066621
60.55,70.0,-0.045013,-0.065993
62.83,70.0,-0.045333,-0.066754
65.1,70.0,-0.046208,-0.067302
67.2,70.0,-0.047062,-0.068198
69.48,70.0,-0.047077,-0.068248
71.75,70.0,-0.045213,-0.066399
73.85,70.0,-0.040789,-0.061828
76.13,70.0,-0.034625,-0.055885
78.4,70.0,-0.028922,-0.050247
80.5,70.0,-0.023097,-0.044499
82.78,70.0,-0.018078,-0.039582
85.05,70.0,-0.013171,-0.034609
87.15,70.0,-0.008614,-0.030155
89.43,70.0,-0.004548,-0.026276
91.7,70.0,-0.000315,-0.021948
93.8,70.0,0.003702,-0.017893
96.08,70.0,0.007026,-0.014613
98.35,70.0,0.010122,-0.011775
100.45,70.0,0.012106,-0.00964
102.73,70.0,0.013151,-0.008679
104.83,70.0,0.013825,-0.008121
107.28,70.0,0.014867,-0.007049
109.55,70.0,0.016305,-0.005343
111.65,70.0,0.019127,-0.002659
113.93,70.0,0.023634,0.00182
116.03,70.0,0.028699,0.006635
118.3,70.0,0.03275,0.010748
120.58,70.0,0.036712,0.014657
122.85,70.0,0.041074,0.018542
125.13,70.0,0.045039,0.022679
127.23,70.0,0.049137,0.026712
129.5,70.0,0.052818,0.03039
131.78,70.0,0.056191,0.033912
134.05,70.0,0.058742,0.036339
136.15,70.0,0.061007,0.038594
138.43,70.0,0.063413,0.040976
140.7,70.0,0.065597,0.042932
142.8,70.0,0.066595,0.0441
145.08,70.0,0.066065,0.043622
147.35,70.0,0.064793,0.042331
149.45,70.0,0.063542,0.041265
151.73,70.0,0.063265,0.040692
154.0,70.0,0.063927,0.041432
156.1,70.0,0.066034,0.043718
158.38,70.0,0.069204,0.046743
160.65,70.0,0.073718,0.051124
163.1,70.0,0.079867,0.057097
165.2,70.0,0.084885,0.062042
167.48,70.0,0.08962,0.066817
169.75,70.0,0.093209,0.0704
171.85,70.0,0.095353,0.072418
174.13,70.0,0.09649,0.073545
176.4,70.0,0.096835,0.073899
178.5,70.0,0.096804,0.073949
180.95,70.0,0.096897,0.073958
183.05,70.0,0.098034,0.075199
185.33,70.0,0.101278,0.078376
187.6,70.0,0.105794,0.082781
189.7,70.0,0.110218,0.087421
192.15,70.0,0.11548,0.092371
194.25,70.0,0.119857,0.096576
196.53,70.0,0.123597,0.100461
198.8,70.0,0.127787,0.104432
200.9,70.0,0.131265,0.107855
203.18,70.0,0.13381,0.110526
205.45,70.0,0.13718,0.113754
207.73,70.0,0.141213,0.117762
209.83,70.0,0.143693,0.120175
212.1,70.0,0.143449,0.119928
214.38,70.0,0.140535,0.116989
216.48,70.0,0.135095,0.111807
218.75,70.0,0.128967,0.105871
221.03,70.0,0.12284,0.099802
223.3,70.0,0.118835,0.095634
225.58,70.0,0.116447,0.093323
227.68,70.0,0.115036,0.091974
229.95,70.0,0.113154,0.090147
232.23,70.0,0.109756,0.086881
234.5,70.0,0.104984,0.082149
236.78,70.0,0.098493,0.075671
238.88,70.0,0.091885,0.06885
241.15,70.0,0.084137,0.061324
243.43,70.0,0.076321,0.053755
245.88,70.0,0.068779,0.046349
247.98,70.0,0.062793,0.040421
250.25,70.0,0.057763,0.035323
252.35,70.0,0.054617,0.032313
254.63,70.0,0.05215,0.029861
256.73,70.0,0.050203,0.027858
259.0,70.0,0.048447,0.026185
261.28,70.0,0.046835,0.024516
263.38,70.0,0.045187,0.022867
265.65,70.0,0.043979,0.021875
267.93,70.0,0.042439,0.020233
270.2,70.0,0.040739,0.018567
272.3,70.0,0.03848,0.016339
274.58,70.0,0.034747,0.012556
276.85,70.0,0.030187,0.008302
278.95,70.0,0.024408,0.002476
281.23,70.0,0.018619,-0.003263
283.5,70.0,0.012695,-0.009224
285.6,70.0,0.007732,-0.01411
287.88,70.0,0.004158,-0.017438
290.15,70.0,0.001943,-0.019788
290.85,70.0,0.00096,-0.02074
294.53,70.0,-2.8e-05,-0.021778
296.8,70.0,-0.002006,-0.023602
298.9,70.0,-0.005623,-0.027478
301.18,70.0,-0.011187,-0.032795
303.45,70.0,-0.018306,-0.039637
305.73,70.0,-0.025974,-0.0472
307.83,70.0,-0.033325,-0.054468
310.1,70.0,-0.039751,-0.060919
312.2,70.0,-0.045891,-0.066874
314.48,70.0,-0.051014,-0.072018
316.58,70.0,-0.054683,-0.075657
318.85,70.0,-0.056341,-0.077299
320.95,70.0,-0.055481,-0.076147
323.23,70.0,-0.052197,-0.073328
325.5,70.0,-0.04777,-0.068811
327.6,70.0,-0.043925,-0.065093
329.88,70.0,-0.041279,-0.062277
332.15,70.0,-0.040983,-0.062025
334.25,70.0,-0.042844,-0.064113
336.53,70.0,-0.046214,-0.067246
338.63,70.0,-0.050589,-0.071649
340.9,70.0,-0.055161,-0.076079
343.18,70.0,-0.058771,-0.079563
345.28,70.0,-0.061359,-0.082222
347.55,70.0,-0.062779,-0.083617
349.83,70.0,-0.062484,-0.083245
351.93,70.0,-0.059683,-0.080635
354.2,70.0,-0.054785,-0.075731
356.48,70.0,-0.047853,-0.069101
358.75,70.0,-0.042086,-0.063383
361.03,70.0,-0.038023,-0.059181
363.13,70.0,-0.03712,-0.058279
365.4,70.0,-0.038889,-0.060127
367.5,70.0,-0.042733,-0.063808
369.78,70.0,-0.047385,-0.068457
372.05,70.0,-0.053275,-0.074314
374.15,70.0,-0.058932,-0.079822
376.43,70.0,-0.064421,-0.085127
378.7,70.0,-0.069049,-0.089776
380.8,70.0,-0.07253,-0.09326
383.08,70.0,-0.076156,-0.096787
385.35,70.0,-0.079837,-0.100469
387.45,70.0,-0.083929,-0.104452
389.73,70.0,-0.087468,-0.108044
392.0,70.0,-0.090617,-0.111042
394.1,70.0,-0.092628,-0.11306
396.38,70.0,-0.094033,-0.114455
398.48,70.0,-0.095441,-0.115931
400.75,70.0,-0.097102,-0.117699
403.03,70.0,-0.099887,-0.120232
405.13,70.0,-0.10358,-0.123842
407.4,70.0,-0.10797,-0.128282
409.68,70.0,-0.112567,-0.132841
411.78,70.0,-0.118081,-0.138306
414.05,70.0,-0.123423,-0.143383
416.15,70.0,-0.127049,-0.146957
418.43,70.0,-0.128928,-0.148901
420.7,70.0,-0.130004,-0.149945
422.8,70.0,-0.130919,-0.150931
425.08,70.0,-0.132274,-0.152111
427.35,70.0,-0.134218,-0.154372
429.45,70.0,-0.136464,-0.156316
431.73,70.0,-0.139021,-0.158762
433.83,70.0,-0.141356,-0.161125
436.1,70.0,-0.143962,-0.16371
438.38,70.0,-0.146941,-0.166803
440.48,70.0,-0.150379,-0.170253
442.75,70.0,-0.154714,-0.17452
445.03,70.0,-0.159779,-0.179397
447.3,70.0,-0.164997,-0.18444
449.4,70.0,-0.170623,-0.190102
451.68,70.0,-0.175299,-0.194674
453.78,70.0,-0.17919,-0.198457
456.05,70.0,-0.181556,-0.200761
458.15,70.0,-0.182607,-0.201833
460.43,70.0,-0.183118,-0.202462
462.7,70.0,-0.184378,-0.203426
464.8,70.0,-0.186907,-0.206026
467.08,70.0,-0.190983,-0.210127
469.35,70.0,-0.197212,-0.216353
471.45,70.0,-0.204705,-0.223854
473.73,70.0,-0.213922,-0.232819
476.0,70.0,-0.223817,-0.242647
478.28,70.0,-0.233426,-0.251994
480.38,70.0,-0.242058,-0.260626
482.65,70.0,-0.250204,-0.268629
484.93,70.0,-0.257989,-0.276257
487.2,70.0,-0.265173,-0.283411
489.3,70.0,-0.272443,-0.290456
491.58,70.0,-0.278645,-0.296682
493.85,70.0,-0.285034,-0.302856
496.13,70.0,-0.290798,-0.30858
498.4,70.0,-0.296729,-0.314538
500.5,70.0,-0.302169,-0.32012
502.78,70.0,-0.307625,-0.325382
505.05,70.0,-0.31403,-0.331664
507.15,70.0,-0.320469,-0.337952
509.25,70.0,-0.32756,-0.345185
511.53,70.0,-0.33557,-0.352921
513.8,70.0,-0.344446,-0.361611
516.08,70.0,-0.354128,-0.371162
518.18,70.0,-0.364627,-0.381577
520.45,70.0,-0.37509,-0.39195
522.55,70.0,-0.386266,-0.403032
524.83,70.0,-0.398118,-0.414483
527.1,70.0,-0.410792,-0.426935
529.38,70.0,-0.423796,-0.439806
531.48,70.0,-0.437791,-0.453734
533.75,70.0,-0.453774,-0.46939
536.03,70.0,-0.472874,-0.488179
538.13,70.0,-0.495259,-0.51069
540.4,70.0,-0.52069,-0.535437
542.68,70.0,-0.548524,-0.562945
544.78,70.0,-0.579609,-0.593891
547.05,70.0,-0.611263,-0.625132
549.33,70.0,-0.642427,-0.65569
551.43,70.0,-0.672015,-0.68488
553.7,70.0,-0.698774,-0.711291
555.98,70.0,-0.721488,-0.733761
558.08,70.0,-0.741783,-0.753576
560.35,70.0,-0.759916,-0.771543
562.45,70.0,-0.775298,-0.786913
564.73,70.0,-0.787581,-0.799045
567.0,70.0,-0.796124,-0.807486
569.28,70.0,-0.801044,-0.812233
571.38,70.0,-0.802652,-0.813792
573.65,70.0,-0.801016,-0.812227
575.93,70.0,-0.79691,-0.808247
578.03,70.0,-0.790545,-0.801876
580.3,70.0,-0.782399,-0.793934
582.4,70.0,-0.772292,-0.783869
584.68,70.0,-0.760292,-0.772128
586.95,70.0,-0.746743,-0.758764
589.05,70.0,-0.733324,-0.74561
591.33,70.0,-0.720998,-0.733438
593.6,70.0,-0.709288,-0.721515
595.7,70.0,-0.697877,-0.710604
597.98,70.0,-0.686574,-0.699273
600.25,70.0,-0.675721,-0.688567
602.35,70.0,-0.665782,-0.678955
604.63,70.0,-0.657492,-0.670671
606.9,70.0,-0.650246,-0.663515
609.0,70.0,-0.644787,-0.657997
611.28,70.0,-0.639451,-0.652963
613.55,70.0,-0.63508,-0.648549
615.65,70.0,-0.630363,-0.643832
617.93,70.0,-0.625135,-0.638743
620.03,70.0,-0.619738,-0.633382
622.3,70.0,-0.613084,-0.626928
624.4,70.0,-0.606697,-0.620582
626.85,70.0,-0.599341,-0.613164
628.95,70.0,-0.592058,-0.606127
631.23,70.0,-0.583527,-0.597618
633.33,70.0,-0.572948,-0.58724
635.6,70.0,-0.562652,-0.577036
637.88,70.0,-0.55341,-0.567791
639.98,70.0,-0.546109,-0.560641
642.25,70.0,-0.540727,-0.555437
644.35,70.0,-0.536121,-0.550733
646.63,70.0,-0.531602,-0.546383
648.73,70.0,-0.526041,-0.540896
651.0,70.0,-0.520206,-0.53516
653.28,70.0,-0.514202,-0.52923
655.55,70.0,-0.508749,-0.523949
657.65,70.0,-0.505012,-0.520163
659.93,70.0,-0.501879,-0.517092
662.2,70.0,-0.500102,-0.51516
664.13,70.0,-0.499199,-0.514424
666.58,70.0,-0.49841,-0.513718
668.85,70.0,-0.498127,-0.513429
670.95,70.0,-0.497323,-0.512517
673.23,70.0,-0.4963,-0.511587
675.5,70.0,-0.495151,-0.510539
677.6,70.0,-0.493842,-0.509165
679.88,70.0,-0.491987,-0.50715
681.98,70.0,-0.489603,-0.505031
684.25,70.0,-0.487169,-0.502403
686.53,70.0,-0.484412,-0.499975
688.8,70.0,-0.481793,-0.497317
690.9,70.0,-0.479673,-0.49504
693.18,70.0,-0.477277,-0.492788
695.28,70.0,-0.475536,-0.491165
697.55,70.0,-0.474165,-0.489717
699.83,70.0,-0.473731,-0.489375
701.93,70.0,-0.474137,-0.489596
704.2,70.0,-0.474942,-0.490447
706.48,70.0,-0.475946,-0.491571
708.58,70.0,-0.47719,-0.49277
710.85,70.0,-0.478866,-0.494196
11.38,105.0,-0.142573,-0.162533
13.65,105.0,-0.150349,-0.170093
15.93,105.0,-0.157471,-0.177086
18.03,105.0,-0.161784,-0.181473
20.3,105.0,-0.164079,-0.183824
22.4,105.0,-0.164923,-0.184421
24.68,105.0,-0.163984,-0.183494
26.95,105.0,-0.161655,-0.181304
29.23,105.0,-0.157967,-0.177785
31.5,105.0,-0.15245,-0.171895
33.6,105.0,-0.146747,-0.166442
35.88,105.0,-0.141325,-0.161193
38.33,105.0,-0.137083,-0.156991
40.43,105.0,-0.134067,-0.154082
42.7,105.0,-0.130176,-0.150324
44.98,105.0,-0.12582,-0.14562
47.25,105.0,-0.121313,-0.141418
49.35,105.0,-0.116781,-0.136935
51.63,105.0,-0.112977,-0.133229
53.73,105.0,-0.11037,-0.130728
56.0,105.0,-0.10863,-0.128833
58.28,105.0,-0.108091,-0.128254
60.38,105.0,-0.108457,-0.128747
62.65,105.0,-0.109292,-0.129354
64.93,105.0,-0.109209,-0.129603
67.03,105.0,-0.108374,-0.12858
69.3,105.0,-0.10618,-0.126362
71.58,105.0,-0.102018,-0.122197
73.85,105.0,-0.095949,-0.116261
75.95,105.0,-0.087293,-0.10785
78.23,105.0,-0.079893,-0.100438
80.33,105.0,-0.071951,-0.092773
82.6,105.0,-0.065527,-0.08639
84.7,105.0,-0.059603,-0.080527
86.98,105.0,-0.054141,-0.075259
89.25,105.0,-0.048352,-0.069594
91.53,105.0,-0.043944,-0.064924
93.63,105.0,-0.04025,-0.061606
95.9,105.0,-0.037659,-0.058889
98.18,105.0,-0.035971,-0.057357
100.28,105.0,-0.035358,-0.056707
102.55,105.0,-0.035709,-0.056905
104.83,105.0,-0.036717,-0.057887
106.93,105.0,-0.038728,-0.059822
109.2,105.0,-0.042345,-0.063408
111.48,105.0,-0.047447,-0.06862
113.58,105.0,-0.054255,-0.075198
115.85,105.0,-0.061162,-0.081895
117.95,105.0,-0.069283,-0.089927
120.23,105.0,-0.076997,-0.097582
122.68,105.0,-0.085053,-0.105654
124.95,105.0,-0.092253,-0.112668
127.05,105.0,-0.099144,-0.119514
129.33,105.0,-0.105792,-0.126251
131.6,105.0,-0.111917,-0.132222
133.88,105.0,-0.118063,-0.138272
136.15,105.0,-0.124323,-0.144474
138.25,105.0,-0.130644,-0.150413
140.7,105.0,-0.136596,-0.156562
142.8,105.0,-0.141464,-0.16114
145.08,105.0,-0.14631,-0.165845
147.18,105.0,-0.151014,-0.170811
149.45,105.0,-0.157524,-0.177151
151.73,105.0,-0.163232,-0.182878
154.0,105.0,-0.170721,-0.190355
156.1,105.0,-0.178121,-0.197465
158.38,105.0,-0.185463,-0.204557
160.65,105.0,-0.191473,-0.210721
162.75,105.0,-0.196772,-0.215888
165.03,105.0,-0.199957,-0.219058
167.3,105.0,-0.200077,-0.218962
169.4,105.0,-0.197502,-0.216565
171.68,105.0,-0.192924,-0.212129
173.95,105.0,-0.187373,-0.206476
176.05,105.0,-0.182259,-0.201396
178.33,105.0,-0.176307,-0.195841
180.6,105.0,-0.169594,-0.189181
182.88,105.0,-0.160931,-0.180558
184.98,105.0,-0.150521,-0.170321
187.25,105.0,-0.139794,-0.159609
189.35,105.0,-0.129295,-0.149264
191.63,105.0,-0.118537,-0.138667
193.9,105.0,-0.107752,-0.128177
196.0,105.0,-0.096985,-0.117376
198.28,105.0,-0.086214,-0.106886
200.55,105.0,-0.075863,-0.096596
202.65,105.0,-0.066402,-0.087357
204.93,105.0,-0.057856,-0.078617
207.2,105.0,-0.050112,-0.071387
209.3,105.0,-0.044699,-0.065872
211.58,105.0,-0.041107,-0.062277
213.68,105.0,-0.039351,-0.060515
215.95,105.0,-0.039437,-0.060648
218.05,105.0,-0.040466,-0.061689
220.33,105.0,-0.042601,-0.063679
222.6,105.0,-0.046313,-0.06732
224.88,105.0,-0.052317,-0.07334
227.15,105.0,-0.058516,-0.079465
229.43,105.0,-0.065343,-0.086156
231.7,105.0,-0.072933,-0.093408
233.98,105.0,-0.08171,-0.102357
236.08,105.0,-0.089763,-0.110358
238.35,105.0,-0.097665,-0.117995
240.63,105.0,-0.105863,-0.126288
242.9,105.0,-0.115179,-0.135278
245.18,105.0,-0.125777,-0.14582
247.28,105.0,-0.137819,-0.157631
249.55,105.0,-0.150715,-0.170278
251.83,105.0,-0.164049,-0.183716
253.93,105.0,-0.177034,-0.196399
256.2,105.0,-0.189541,-0.208731
258.3,105.0,-0.201341,-0.220466
260.58,105.0,-0.212554,-0.231227
262.85,105.0,-0.221886,-0.240595
264.95,105.0,-0.229862,-0.248445
267.23,105.0,-0.236535,-0.255087
269.5,105.0,-0.241609,-0.260007
271.6,105.0,-0.246864,-0.265413
273.88,105.0,-0.252456,-0.270992
276.15,105.0,-0.258401,-0.276852
278.25,105.0,-0.263004,-0.2813
280.53,105.0,-0.266716,-0.284871
282.8,105.0,-0.270687,-0.2889
285.08,105.0,-0.275432,-0.293525
287.18,105.0,-0.280382,-0.298518
289.45,105.0,-0.285564,-0.303568
291.73,105.0,-0.289418,-0.307394
294.0,105.0,-0.293269,-0.311085
296.1,105.0,-0.298383,-0.316199
298.38,105.0,-0.304514,-0.32208
300.48,105.0,-0.31188,-0.329501
302.75,105.0,-0.318944,-0.336516
305.03,105.0,-0.325696,-0.343367
307.13,105.0,-0.331464,-0.348762
309.4,105.0,-0.336399,-0.353595
311.68,105.0,-0.340083,-0.357486
313.78,105.0,-0.340958,-0.358127
316.05,105.0,-0.338441,-0.35561
318.15,105.0,-0.333361,-0.350644
320.43,105.0,-0.328441,-0.345977
322.7,105.0,-0.325752,-0.34321
324.98,105.0,-0.325428,-0.342838
327.08,105.0,-0.327018,-0.344455
329.35,105.0,-0.329973,-0.347416
331.63,105.0,-0.334335,-0.351947
333.9,105.0,-0.339637,-0.356787
336.0,105.0,-0.344245,-0.3613
338.28,105.0,-0.348697,-0.365841
340.55,105.0,-0.35313,-0.370111
342.65,105.0,-0.356858,-0.373953
344.93,105.0,-0.360391,-0.377425
347.2,105.0,-0.362551,-0.379664
349.3,105.0,-0.362456,-0.379569
351.58,105.0,-0.360019,-0.376836
353.85,105.0,-0.356094,-0.373062
355.95,105.0,-0.353041,-0.370003
358.23,105.0,-0.351578,-0.368706
360.33,105.0,-0.353303,-0.37025
362.6,105.0,-0.356824,-0.373845
364.88,105.0,-0.362301,-0.379301
366.98,105.0,-0.367782,-0.384667
369.25,105.0,-0.373312,-0.390111
371.35,105.0,-0.378213,-0.39513
373.63,105.0,-0.382366,-0.398848
375.9,105.0,-0.386242,-0.402862
378.18,105.0,-0.388552,-0.405099
380.28,105.0,-0.388571,-0.405333
382.55,105.0,-0.386032,-0.402773
384.65,105.0,-0.382101,-0.398777
386.93,105.0,-0.379079,-0.395776
389.2,105.0,-0.377,-0.393719
391.48,105.0,-0.375971,-0.392782
393.58,105.0,-0.375173,-0.391919
395.85,105.0,-0.372693,-0.389661
397.95,105.0,-0.366753,-0.383783
400.23,105.0,-0.357175,-0.374239
402.5,105.0,-0.34679,-0.363999
404.78,105.0,-0.337801,-0.355083
406.88,105.0,-0.331285,-0.348753
409.15,105.0,-0.328152,-0.345758
411.43,105.0,-0.32773,-0.34516
413.53,105.0,-0.329014,-0.346538
415.8,105.0,-0.333334,-0.350656
417.9,105.0,-0.34033,-0.357496
420.18,105.0,-0.349295,-0.366285
422.28,105.0,-0.360231,-0.377175
424.55,105.0,-0.371516,-0.388315
426.83,105.0,-0.382163,-0.398882
428.93,105.0,-0.392101,-0.408697
431.2,105.0,-0.401232,-0.417508
433.48,105.0,-0.408762,-0.425262
435.75,105.0,-0.414861,-0.431081
437.85,105.0,-0.418256,-0.43451
440.13,105.0,-0.418555,-0.434898
442.4,105.0,-0.417385,-0.433389
444.5,105.0,-0.413805,-0.430062
446.78,105.0,-0.409211,-0.42561
449.05,105.0,-0.404128,-0.420555
451.15,105.0,-0.397804,-0.414316
453.43,105.0,-0.392224,-0.408833
455.7,105.0,-0.387819,-0.40472
457.8,105.0,-0.385767,-0.402419
460.08,105.0,-0.38537,-0.402052
462.35,105.0,-0.385721,-0.402566
464.45,105.0,-0.386097,-0.402782
466.73,105.0,-0.38707,-0.40387
468.83,105.0,-0.389406,-0.406038
471.1,105.0,-0.392616,-0.40919
473.2,105.0,-0.396642,-0.413109
475.48,105.0,-0.400718,-0.417338
477.58,105.0,-0.404945,-0.421654
479.85,105.0,-0.409717,-0.426078
482.13,105.0,-0.41553,-0.431694
484.4,105.0,-0.421842,-0.438201
486.5,105.0,-0.429452,-0.445518
488.78,105.0,-0.437172,-0.453109
490.88,105.0,-0.445006,-0.46093
493.15,105.0,-0.453266,-0.469184
495.25,105.0,-0.460998,-0.476673
497.53,105.0,-0.46903,-0.484689
499.8,105.0,-0.477693,-0.493025
501.9,105.0,-0.486661,-0.502246
504.18,105.0,-0.496368,-0.511636
506.45,105.0,-0.506121,-0.521205
508.55,105.0,-0.514917,-0.529911
510.83,105.0,-0.523441,-0.538232
513.1,105.0,-0.532939,-0.547649
515.38,105.0,-0.543229,-0.557714
517.48,105.0,-0.553626,-0.568124
519.75,105.0,-0.564618,-0.578749
521.85,105.0,-0.575462,-0.589479
524.13,105.0,-0.586334,-0.600342
526.4,105.0,-0.597449,-0.611528
528.5,105.0,-0.608959,-0.622671
530.78,105.0,-0.62032,-0.634186
533.05,105.0,-0.632853,-0.646084
535.33,105.0,-0.64528,-0.658623
537.43,105.0,-0.659227,-0.672437
539.7,105.0,-0.674371,-0.68731
541.98,105.0,-0.691648,-0.704106
544.25,105.0,-0.708167,-0.720499
546.35,105.0,-0.724112,-0.736383
548.63,105.0,-0.739932,-0.751993
550.9,105.0,-0.755542,-0.767396
553.18,105.0,-0.769784,-0.781352
555.28,105.0,-0.784464,-0.79581
557.55,105.0,-0.800616,-0.811854
559.65,105.0,-0.817483,-0.828499
561.93,105.0,-0.836657,-0.847341
564.2,105.0,-0.857307,-0.8678
566.3,105.0,-0.879285,-0.88958
568.58,105.0,-0.902073,-0.911872
570.85,105.0,-0.924245,-0.933653
573.13,105.0,-0.944587,-0.953998
575.23,105.0,-0.963182,-0.972199
577.5,105.0,-0.977917,-0.986626
579.78,105.0,-0.988684,-0.99731
582.05,105.0,-0.994278,-1.002972
584.33,105.0,-0.996697,-1.005313
586.43,105.0,-0.997134,-1.005671
588.7,105.0,-0.995822,-1.004463
590.8,105.0,-0.992646,-1.001651
593.08,105.0,-0.987627,-0.99645
595.18,105.0,-0.982063,-0.991004
597.45,105.0,-0.976635,-0.985615
599.73,105.0,-0.97207,-0.981013
601.83,105.0,-0.968733,-0.977649
604.1,105.0,-0.965578,-0.974922
606.38,105.0,-0.963043,-0.972353
608.65,105.0,-0.959941,-0.968943
610.75,105.0,-0.955717,-0.965107
613.03,105.0,-0.94898,-0.958095
615.3,105.0,-0.93934,-0.94873
617.23,105.0,-0.92674,-0.93625
619.68,105.0,-0.91207,-0.921891
621.95,105.0,-0.896712,-0.906774
624.05,105.0,-0.880742,-0.890942
626.33,105.0,-0.864565,-0.875055
628.6,105.0,-0.849845,-0.860514
630.7,105.0,-0.836127,-0.846848
632.98,105.0,-0.823247,-0.834186
635.25,105.0,-0.810671,-0.821734
637.35,105.0,-0.797664,-0.809195
639.63,105.0,-0.783395,-0.795009
641.9,105.0,-0.768478,-0.780215
644.0,105.0,-0.754094,-0.766001
646.1,105.0,-0.740302,-0.752307
648.38,105.0,-0.727621,-0.739824
650.65,105.0,-0.715721,-0.728194
652.75,105.0,-0.704648,-0.717221
655.03,105.0,-0.693626,-0.70621
657.3,105.0,-0.682665,-0.695474
659.4,105.0,-0.671907,-0.684963
661.68,105.0,-0.661435,-0.674547
663.95,105.0,-0.650976,-0.664297
666.05,105.0,-0.640933,-0.654316
668.33,105.0,-0.631192,-0.644756
670.6,105.0,-0.621987,-0.63561
672.88,105.0,-0.612991,-0.626639
674.98,105.0,-0.605061,-0.618925
677.25,105.0,-0.597865,-0.611756
679.53,105.0,-0.591559,-0.605422
681.63,105.0,-0.58548,-0.599821
683.9,105.0,-0.580567,-0.594852
686.0,105.0,-0.575958,-0.589932
688.28,105.0,-0.571546,-0.585816
690.55,105.0,-0.568096,-0.582529
692.83,105.0,-0.56504,-0.579359
694.93,105.0,-0.562936,-0.577243
697.2,105.0,-0.561821,-0.576288
699.3,105.0,-0.561993,-0.576334
701.58,105.0,-0.563493,-0.577917
703.85,105.0,-0.565832,-0.580237
705.95,105.0,-0.568546,-0.58317
708.23,105.0,-0.571223,-0.585477
710.33,105.0,-0.572899,-0.587277
11.55,140.0,-0.56532,-0.579402
13.83,140.0,-0.613404,-0.627079
15.93,140.0,-0.65739,-0.670459
18.2,140.0,-0.692264,-0.704873
20.3,140.0,-0.713401,-0.725813
22.58,140.0,-0.719257,-0.73142
24.85,140.0,-0.711022,-0.72349
27.13,140.0,-0.690739,-0.703228
29.23,140.0,-0.661488,-0.674621
31.5,140.0,-0.629291,-0.642772
33.6,140.0,-0.594864,-0.608897
35.88,140.0,-0.558681,-0.573096
38.15,140.0,-0.523028,-0.538087
40.43,140.0,-0.489159,-0.504424
42.53,140.0,-0.457166,-0.473158
44.8,140.0,-0.429329,-0.445425
47.08,140.0,-0.40407,-0.420515
49.18,140.0,-0.380336,-0.39699
51.45,140.0,-0.359076,-0.376149
53.55,140.0,-0.339523,-0.356855
55.83,140.0,-0.321236,-0.338743
58.1,140.0,-0.304122,-0.321738
60.2,140.0,-0.288497,-0.306331
62.48,140.0,-0.274514,-0.292859
64.75,140.0,-0.26232,-0.280789
66.85,140.0,-0.251652,-0.270268
69.13,140.0,-0.242523,-0.261245
71.23,140.0,-0.234166,-0.252801
73.5,140.0,-0.225897,-0.244791
75.6,140.0,-0.218124,-0.236849
77.88,140.0,-0.211251,-0.230293
80.15,140.0,-0.206399,-0.225333
82.43,140.0,-0.204997,-0.223925
84.53,140.0,-0.206837,-0.225724
86.8,140.0,-0.211254,-0.230176
88.9,140.0,-0.215949,-0.234837
91.18,140.0,-0.220829,-0.239742
93.45,140.0,-0.225749,-0.244578
95.73,140.0,-0.230312,-0.249024
98.0,140.0,-0.235047,-0.253571
100.1,140.0,-0.238614,-0.257132
102.55,140.0,-0.241562,-0.260191
104.65,140.0,-0.243901,-0.262542
106.93,140.0,-0.246806,-0.265333
109.2,140.0,-0.251177,-0.26964
111.3,140.0,-0.258177,-0.27651
113.58,140.0,-0.267009,-0.285065
115.85,140.0,-0.27687,-0.294991
118.13,140.0,-0.287046,-0.305142
120.4,140.0,-0.295546,-0.313213
122.5,140.0,-0.301507,-0.319375
124.78,140.0,-0.303827,-0.321648
127.05,140.0,-0.304557,-0.322348
129.15,140.0,-0.304261,-0.321799
131.43,140.0,-0.303657,-0.321442
133.53,140.0,-0.304144,-0.321876
135.8,140.0,-0.305435,-0.323238
138.08,140.0,-0.307976,-0.32557
140.18,140.0,-0.312483,-0.329973
142.45,140.0,-0.317936,-0.335502
144.73,140.0,-0.324218,-0.341658
147.0,140.0,-0.329686,-0.346947
149.1,140.0,-0.334252,-0.351655
151.38,140.0,-0.337489,-0.35476
153.48,140.0,-0.33785,-0.355225
155.75,140.0,-0.334384,-0.351793
157.85,140.0,-0.328309,-0.345703
160.13,140.0,-0.320878,-0.338697
162.4,140.0,-0.313595,-0.331152
164.68,140.0,-0.306266,-0.324091
166.78,140.0,-0.300037,-0.317804
169.05,140.0,-0.294005,-0.311796
171.33,140.0,-0.288294,-0.306119
173.43,140.0,-0.282607,-0.300512
175.7,140.0,-0.277905,-0.295928
177.8,140.0,-0.274631,-0.292782
180.08,140.0,-0.271821,-0.289856
182.35,140.0,-0.26964,-0.287684
184.45,140.0,-0.268281,-0.2863
186.73,140.0,-0.268075,-0.286279
189.0,140.0,-0.270219,-0.288238
191.28,140.0,-0.274538,-0.293047
193.38,140.0,-0.28082,-0.298629
195.65,140.0,-0.288602,-0.30655
197.75,140.0,-0.296584,-0.314452
200.03,140.0,-0.305348,-0.323133
202.3,140.0,-0.31533,-0.332927
204.58,140.0,-0.324332,-0.341719
206.68,140.0,-0.332228,-0.349572
208.95,140.0,-0.339782,-0.357015
211.23,140.0,-0.347151,-0.364218
213.5,140.0,-0.353925,-0.370971
215.6,140.0,-0.360111,-0.377089
217.88,140.0,-0.364766,-0.381802
219.98,140.0,-0.366738,-0.383756
222.25,140.0,-0.367874,-0.384868
224.53,140.0,-0.368509,-0.385364
226.63,140.0,-0.369193,-0.386038
228.9,140.0,-0.370847,-0.387714
231.0,140.0,-0.374098,-0.390995
233.28,140.0,-0.379273,-0.396088
235.55,140.0,-0.386029,-0.402573
237.83,140.0,-0.393432,-0.409951
240.1,140.0,-0.402101,-0.418703
242.2,140.0,-0.411075,-0.427495
244.48,140.0,-0.420733,-0.436963
246.58,140.0,-0.430974,-0.447083
248.85,140.0,-0.441661,-0.457588
251.13,140.0,-0.452591,-0.468518
253.23,140.0,-0.463925,-0.479501
255.5,140.0,-0.473749,-0.489402
257.78,140.0,-0.482539,-0.498022
260.05,140.0,-0.491115,-0.506399
262.33,140.0,-0.498201,-0.513281
264.43,140.0,-0.504245,-0.519298
266.7,140.0,-0.509088,-0.52411
268.8,140.0,-0.514328,-0.529153
271.08,140.0,-0.519547,-0.534489
273.35,140.0,-0.524812,-0.539655
275.45,140.0,-0.530471,-0.545382
277.73,140.0,-0.535283,-0.54992
279.83,140.0,-0.53918,-0.553845
282.1,140.0,-0.541858,-0.556565
284.38,140.0,-0.54463,-0.559307
286.48,140.0,-0.547696,-0.562042
288.75,140.0,-0.550838,-0.565447
291.03,140.0,-0.554026,-0.568423
293.13,140.0,-0.557739,-0.572212
295.4,140.0,-0.561935,-0.576405
297.5,140.0,-0.567742,-0.582061
299.78,140.0,-0.573626,-0.587757
302.05,140.0,-0.579177,-0.593487
304.33,140.0,-0.583808,-0.597893
306.43,140.0,-0.586405,-0.60044
308.7,140.0,-0.587175,-0.601358
310.98,140.0,-0.585961,-0.600052
313.08,140.0,-0.584541,-0.598447
315.35,140.0,-0.583823,-0.597751
317.63,140.0,-0.584485,-0.598573
319.73,140.0,-0.586864,-0.601053
322.0,140.0,-0.591349,-0.605419
324.28,140.0,-0.597138,-0.611063
326.55,140.0,-0.603607,-0.617529
328.65,140.0,-0.61044,-0.624116
330.93,140.0,-0.616583,-0.63036
333.2,140.0,-0.622578,-0.63609
335.3,140.0,-0.627403,-0.641007
337.58,140.0,-0.631867,-0.645277
339.68,140.0,-0.634932,-0.648284
341.95,140.0,-0.636303,-0.649704
344.23,140.0,-0.636882,-0.650508
346.33,140.0,-0.636657,-0.650151
348.6,140.0,-0.63565,-0.649039
350.7,140.0,-0.633721,-0.647119
352.98,140.0,-0.629624,-0.642982
355.25,140.0,-0.623937,-0.637486
357.53,140.0,-0.618811,-0.632387
359.8,140.0,-0.61528,-0.628952
361.9,140.0,-0.61447,-0.628207
364.18,140.0,-0.616737,-0.630505
366.45,140.0,-0.621306,-0.635018
368.73,140.0,-0.62667,-0.64036
370.83,140.0,-0.632261,-0.645715
373.1,140.0,-0.636734,-0.649815
375.2,140.0,-0.639227,-0.652665
377.48,140.0,-0.638358,-0.651673
379.75,140.0,-0.63475,-0.648173
381.85,140.0,-0.629042,-0.642698
384.13,140.0,-0.62362,-0.637276
386.4,140.0,-0.620422,-0.634039
388.5,140.0,-0.619307,-0.632951
390.78,140.0,-0.620046,-0.63365
393.05,140.0,-0.621257,-0.634978
395.33,140.0,-0.622603,-0.63606
397.6,140.0,-0.622695,-0.636284
399.88,140.0,-0.621198,-0.634723
401.98,140.0,-0.618198,-0.63179
404.25,140.0,-0.614957,-0.628598
406.53,140.0,-0.612036,-0.625696
408.63,140.0,-0.610283,-0.624103
410.9,140.0,-0.608922,-0.622732
413.18,140.0,-0.608641,-0.622409
415.28,140.0,-0.609649,-0.623598
417.55,140.0,-0.611448,-0.625249
419.83,140.0,-0.614612,-0.628268
421.93,140.0,-0.618475,-0.631938
424.2,140.0,-0.621907,-0.635339
426.48,140.0,-0.623395,-0.637122
428.58,140.0,-0.623019,-0.636608
430.85,140.0,-0.620524,-0.633995
433.3,140.0,-0.615031,-0.628583
435.4,140.0,-0.607329,-0.620893
437.68,140.0,-0.596999,-0.611035
439.95,140.0,-0.585246,-0.599356
442.23,140.0,-0.573509,-0.587813
444.5,140.0,-0.565943,-0.580579
446.6,140.0,-0.561608,-0.575983
448.88,140.0,-0.559538,-0.574205
450.98,140.0,-0.558333,-0.572575
453.25,140.0,-0.556201,-0.570428
455.53,140.0,-0.553198,-0.567905
457.8,140.0,-0.549553,-0.564029
459.9,140.0,-0.545105,-0.559618
462.18,140.0,-0.538527,-0.553352
464.45,140.0,-0.531066,-0.545927
466.55,140.0,-0.522683,-0.537609
468.83,140.0,-0.515191,-0.530265
470.93,140.0,-0.507693,-0.522871
473.2,140.0,-0.498771,-0.514103
475.48,140.0,-0.488922,-0.504304
477.75,140.0,-0.478035,-0.493601
479.85,140.0,-0.467717,-0.483266
482.13,140.0,-0.459251,-0.474849
484.4,140.0,-0.453808,-0.469695
486.5,140.0,-0.450539,-0.46647
488.78,140.0,-0.449313,-0.46508
491.05,140.0,-0.449165,-0.465102
493.15,140.0,-0.450394,-0.466155
495.43,140.0,-0.451617,-0.467295
497.53,140.0,-0.452554,-0.468564
499.8,140.0,-0.454205,-0.469864
502.08,140.0,-0.456778,-0.472249
504.35,140.0,-0.46143,-0.477107
506.45,140.0,-0.467009,-0.4826
508.73,140.0,-0.472024,-0.487529
511.0,140.0,-0.476657,-0.492089
513.1,140.0,-0.48045,-0.496038
515.38,140.0,-0.483041,-0.498497
517.48,140.0,-0.484584,-0.499935
519.75,140.0,-0.48252,-0.497917
521.85,140.0,-0.476624,-0.492181
524.13,140.0,-0.466845,-0.482357
526.05,140.0,-0.453919,-0.469794
528.5,140.0,-0.439233,-0.455259
530.78,140.0,-0.424017,-0.440185
533.05,140.0,-0.409116,-0.425447
535.15,140.0,-0.395046,-0.41151
537.43,140.0,-0.382955,-0.399778
539.53,140.0,-0.373857,-0.390703
541.8,140.0,-0.367252,-0.384224
544.08,140.0,-0.363001,-0.380077
546.18,140.0,-0.36175,-0.378623
548.45,140.0,-0.364828,-0.381809
550.73,140.0,-0.371457,-0.388142
552.83,140.0,-0.380388,-0.397003
555.1,140.0,-0.389892,-0.406365
557.2,140.0,-0.396707,-0.413318
559.48,140.0,-0.4013,-0.417874
561.75,140.0,-0.403106,-0.419381
563.68,140.0,-0.40236,-0.418903
566.3,140.0,-0.401168,-0.417452
568.4,140.0,-0.400447,-0.417027
570.68,140.0,-0.4,-0.416534
572.95,140.0,-0.398629,-0.415203
575.05,140.0,-0.396106,-0.412625
577.33,140.0,-0.393035,-0.409686
579.43,140.0,-0.390715,-0.407455
581.7,140.0,-0.388577,-0.405265
583.98,140.0,-0.38776,-0.404279
586.08,140.0,-0.388771,-0.405185
588.35,140.0,-0.39146,-0.408059
590.63,140.0,-0.394892,-0.411359
592.73,140.0,-0.397868,-0.414523
595.0,140.0,-0.39882,-0.415314
597.1,140.0,-0.396679,-0.413321
599.38,140.0,-0.392653,-0.409156
601.65,140.0,-0.388189,-0.404852
603.75,140.0,-0.38337,-0.399942
606.03,140.0,-0.378956,-0.395706
608.3,140.0,-0.374501,-0.391386
610.4,140.0,-0.370379,-0.387191
612.68,140.0,-0.366457,-0.383414
614.95,140.0,-0.363127,-0.380154
617.05,140.0,-0.359322,-0.376513
619.33,140.0,-0.355626,-0.372724
621.6,140.0,-0.35293,-0.370173
623.7,140.0,-0.350792,-0.367948
625.98,140.0,-0.349683,-0.366707
628.25,140.0,-0.349181,-0.366236
630.35,140.0,-0.34899,-0.366069
632.63,140.0,-0.349313,-0.366639
634.73,140.0,-0.350207,-0.367255
637.0,140.0,-0.351895,-0.369141
639.1,140.0,-0.35504,-0.372074
641.38,140.0,-0.360142,-0.377114
643.65,140.0,-0.366026,-0.382982
645.93,140.0,-0.371448,-0.388263
648.03,140.0,-0.376454,-0.393238
650.3,140.0,-0.381383,-0.398149
652.58,140.0,-0.387705,-0.404467
654.68,140.0,-0.394828,-0.411393
656.95,140.0,-0.40354,-0.420003
659.05,140.0,-0.412505,-0.428805
661.33,140.0,-0.422227,-0.438315
663.6,140.0,-0.43264,-0.448829
665.88,140.0,-0.444338,-0.460265
667.98,140.0,-0.456229,-0.471956
670.25,140.0,-0.46707,-0.48284
672.35,140.0,-0.475733,-0.491365
674.63,140.0,-0.481861,-0.497397
676.9,140.0,-0.485789,-0.501112
679.0,140.0,-0.488136,-0.503515
681.28,140.0,-0.490102,-0.50537
683.38,140.0,-0.492006,-0.507378
685.65,140.0,-0.494744,-0.510114
687.93,140.0,-0.498093,-0.51325
690.03,140.0,-0.502089,-0.517317
692.3,140.0,-0.506614,-0.521728
694.58,140.0,-0.509892,-0.52488
696.68,140.0,-0.512132,-0.527206
698.95,140.0,-0.51284,-0.52788
701.23,140.0,-0.511824,-0.526731
703.33,140.0,-0.5102,-0.525179
705.6,140.0,-0.508423,-0.52342
707.88,140.0,-0.506562,-0.521639
709.98,140.0,-0.502917,-0.518065
11.55,175.0,-0.949334,-0.958114
13.83,175.0,-0.938838,-0.948111
15.93,175.0,-0.926081,-0.935791
18.2,175.0,-0.910043,-0.919876
20.48,175.0,-0.890683,-0.900748
22.75,175.0,-0.868653,-0.879094
24.85,175.0,-0.850184,-0.860893
27.13,175.0,-0.836198,-0.846876
29.23,175.0,-0.829011,-0.839901
31.5,175.0,-0.829963,-0.840764
33.78,175.0,-0.838795,-0.849633
35.88,175.0,-0.852874,-0.863465
38.15,175.0,-0.868937,-0.879168
40.25,175.0,-0.882399,-0.892393
42.53,175.0,-0.890357,-0.900502
44.8,175.0,-0.890539,-0.900634
46.9,175.0,-0.882436,-0.892738
49.18,175.0,-0.867233,-0.877624
51.28,175.0,-0.844892,-0.85552
53.55,175.0,-0.816977,-0.828083
55.83,175.0,-0.783586,-0.795086
57.93,175.0,-0.745927,-0.757973
60.2,175.0,-0.706891,-0.719433
62.48,175.0,-0.666814,-0.679895
64.75,175.0,-0.627631,-0.641164
66.85,175.0,-0.590909,-0.605018
69.13,175.0,-0.559254,-0.573721
71.4,175.0,-0.534245,-0.548863
73.5,175.0,-0.515638,-0.530576
75.78,175.0,-0.501414,-0.516734
77.88,175.0,-0.491223,-0.50654
80.15,175.0,-0.484051,-0.499449
82.43,175.0,-0.479405,-0.494954
84.7,175.0,-0.47492,-0.490317
86.8,175.0,-0.469618,-0.485129
89.08,175.0,-0.463537,-0.479054
91.35,175.0,-0.456007,-0.47154
93.45,175.0,-0.448743,-0.464633
95.73,175.0,-0.442763,-0.458611
97.83,175.0,-0.438543,-0.4546
100.1,175.0,-0.437588,-0.453491
102.38,175.0,-0.440012,-0.456137
104.48,175.0,-0.445052,-0.461239
106.75,175.0,-0.452474,-0.468309
109.03,175.0,-0.460367,-0.476208
111.13,175.0,-0.468974,-0.484415
113.4,175.0,-0.475148,-0.490761
115.68,175.0,-0.472468,-0.488115
117.78,175.0,-0.455505,-0.471319
120.05,175.0,-0.425527,-0.441627
122.33,175.0,-0.384138,-0.401001
124.6,175.0,-0.337554,-0.354923
126.7,175.0,-0.289464,-0.307363
128.98,175.0,-0.245238,-0.26387
131.25,175.0,-0.20566,-0.224658
133.35,175.0,-0.170842,-0.190367
135.63,175.0,-0.142249,-0.161837
137.9,175.0,-0.117967,-0.138004
140.18,175.0,-0.098741,-0.119317
142.28,175.0,-0.085558,-0.106208
144.55,175.0,-0.078115,-0.09879
146.83,175.0,-0.076735,-0.097323
148.93,175.0,-0.081874,-0.10253
151.2,175.0,-0.091664,-0.112262
153.83,175.0,-0.106119,-0.126553
156.1,175.0,-0.1172,-0.137514
158.2,175.0,-0.124036,-0.144076
160.48,175.0,-0.127391,-0.147289
162.93,175.0,-0.127755,-0.147755
165.03,175.0,-0.126338,-0.146384
167.3,175.0,-0.124397,-0.144215
169.58,175.0,-0.123087,-0.143278
171.85,175.0,-0.123072,-0.143149
174.13,175.0,-0.12497,-0.145087
176.23,175.0,-0.129733,-0.149754
178.5,175.0,-0.136544,-0.156285
181.3,175.0,-0.147098,-0.166756
183.4,175.0,-0.157231,-0.176867
185.68,175.0,-0.169045,-0.188602
187.95,175.0,-0.182487,-0.201944
190.23,175.0,-0.198962,-0.218053
192.5,175.0,-0.214926,-0.233673
194.6,175.0,-0.232363,-0.251011
196.88,175.0,-0.250632,-0.269015
198.98,175.0,-0.269449,-0.287563
201.25,175.0,-0.287499,-0.30533
203.53,175.0,-0.302896,-0.320583
205.63,175.0,-0.314868,-0.332486
207.9,175.0,-0.322258,-0.339723
210.18,175.0,-0.326969,-0.344341
212.28,175.0,-0.329594,-0.346997
214.55,175.0,-0.331528,-0.348974
216.83,175.0,-0.333266,-0.350607
218.93,175.0,-0.335758,-0.352908
221.2,175.0,-0.339905,-0.357172
223.3,175.0,-0.346648,-0.363629
225.58,175.0,-0.356254,-0.37305
227.85,175.0,-0.367483,-0.384458
230.13,175.0,-0.379744,-0.396359
232.23,175.0,-0.391448,-0.408028
234.5,175.0,-0.402274,-0.418743
236.6,175.0,-0.412465,-0.428836
239.05,175.0,-0.422508,-0.438654
241.15,175.0,-0.433155,-0.449264
243.43,175.0,-0.445921,-0.461731
245.53,175.0,-0.461451,-0.477209
247.8,175.0,-0.479153,-0.49471
250.08,175.0,-0.498099,-0.513469
252.18,175.0,-0.517372,-0.531999
254.45,175.0,-0.535052,-0.549562
256.73,175.0,-0.551688,-0.566235
258.83,175.0,-0.567468,-0.581722
261.1,175.0,-0.581713,-0.595752
263.38,175.0,-0.594245,-0.608105
265.48,175.0,-0.604082,-0.618074
267.75,175.0,-0.611747,-0.625551
270.03,175.0,-0.61841,-0.631904
272.13,175.0,-0.62354,-0.637153
274.4,175.0,-0.628644,-0.642184
276.5,175.0,-0.63349,-0.646722
278.78,175.0,-0.637169,-0.650674
281.05,175.0,-0.64065,-0.653903
283.15,175.0,-0.642856,-0.656124
285.43,175.0,-0.642692,-0.656023
287.7,175.0,-0.639636,-0.652954
289.8,175.0,-0.634766,-0.648422
292.08,175.0,-0.629565,-0.643099
294.35,175.0,-0.626374,-0.639793
296.45,175.0,-0.626075,-0.639639
298.73,175.0,-0.629091,-0.64268
301.0,175.0,-0.634652,-0.648201
303.1,175.0,-0.641737,-0.655003
305.38,175.0,-0.649966,-0.663345
307.65,175.0,-0.659381,-0.672409
309.93,175.0,-0.667785,-0.680779
312.03,175.0,-0.674371,-0.687252
314.3,175.0,-0.67849,-0.691047
316.58,175.0,-0.680271,-0.693148
318.68,175.0,-0.680185,-0.692822
320.95,175.0,-0.67935,-0.692125
323.23,175.0,-0.678238,-0.690927
325.33,175.0,-0.677387,-0.689975
327.6,175.0,-0.676063,-0.688746
329.7,175.0,-0.67434,-0.687286
331.98,175.0,-0.673068,-0.686155
334.25,175.0,-0.671805,-0.684803
336.35,175.0,-0.670992,-0.683888
338.63,175.0,-0.670982,-0.683906
340.9,175.0,-0.670955,-0.683801
343.0,175.0,-0.67008,-0.683037
345.28,175.0,-0.667316,-0.680181
347.55,175.0,-0.662791,-0.675813
349.83,175.0,-0.657523,-0.670616
351.93,175.0,-0.652048,-0.665314
354.2,175.0,-0.648105,-0.66138
356.3,175.0,-0.645385,-0.65865
358.58,175.0,-0.643546,-0.656919
360.85,175.0,-0.641392,-0.654707
362.95,175.0,-0.6391,-0.652541
365.23,175.0,-0.637005,-0.650588
367.5,175.0,-0.63479,-0.648241
369.6,175.0,-0.630847,-0.644433
371.88,175.0,-0.624642,-0.638308
373.98,175.0,-0.615634,-0.629319
376.08,175.0,-0.601476,-0.615379
378.53,175.0,-0.584535,-0.598694
380.8,175.0,-0.566454,-0.58089
382.9,175.0,-0.548044,-0.562754
385.18,175.0,-0.530271,-0.545176
387.45,175.0,-0.513148,-0.528343
389.55,175.0,-0.496334,-0.511611
391.83,175.0,-0.47976,-0.495293
394.28,175.0,-0.45845,-0.474196
396.55,175.0,-0.441078,-0.457012
398.65,175.0,-0.422314,-0.438629
400.93,175.0,-0.404624,-0.421057
403.38,175.0,-0.38557,-0.402203
405.65,175.0,-0.372902,-0.389775
407.93,175.0,-0.36114,-0.378287
410.03,175.0,-0.350743,-0.36773
412.3,175.0,-0.34012,-0.357252
414.58,175.0,-0.330043,-0.34773
416.68,175.0,-0.320201,-0.337625
418.95,175.0,-0.309889,-0.327511
421.05,175.0,-0.300013,-0.317896
423.33,175.0,-0.289926,-0.307912
425.6,175.0,-0.279757,-0.297939
427.7,175.0,-0.270965,-0.289073
429.98,175.0,-0.263962,-0.28208
432.25,175.0,-0.260774,-0.279036
434.35,175.0,-0.261085,-0.279455
436.63,175.0,-0.263269,-0.281501
438.9,175.0,-0.264427,-0.282782
441.18,175.0,-0.264871,-0.282955
443.28,175.0,-0.26513,-0.283294
445.55,175.0,-0.265934,-0.284156
447.65,175.0,-0.266313,-0.284458
449.93,175.0,-0.265364,-0.283552
452.2,175.0,-0.261624,-0.279966
454.3,175.0,-0.253691,-0.272215
456.58,175.0,-0.243392,-0.262064
458.68,175.0,-0.231254,-0.249954
460.95,175.0,-0.218118,-0.236744
463.23,175.0,-0.204683,-0.223623
465.5,175.0,-0.192665,-0.211827
467.6,175.0,-0.183744,-0.203152
469.88,175.0,-0.179082,-0.198352
472.15,175.0,-0.178993,-0.198275
474.25,175.0,-0.182792,-0.202222
476.53,175.0,-0.190105,-0.209292
478.63,175.0,-0.200367,-0.219224
480.9,175.0,-0.212163,-0.231165
483.18,175.0,-0.22509,-0.243796
485.28,175.0,-0.237995,-0.256676
487.55,175.0,-0.251584,-0.269896
489.83,175.0,-0.264742,-0.282921
491.93,175.0,-0.277477,-0.295459
494.2,175.0,-0.289933,-0.307813
496.3,175.0,-0.301796,-0.319396
498.58,175.0,-0.312622,-0.330194
500.85,175.0,-0.322221,-0.339782
502.95,175.0,-0.331319,-0.348768
505.23,175.0,-0.340616,-0.357594
507.5,175.0,-0.348395,-0.365342
509.6,175.0,-0.353691,-0.370869
511.88,175.0,-0.356605,-0.373666
514.15,175.0,-0.356519,-0.373441
516.43,175.0,-0.352761,-0.369689
518.53,175.0,-0.344341,-0.361618
520.8,175.0,-0.331602,-0.34895
523.08,175.0,-0.315549,-0.333253
525.18,175.0,-0.297449,-0.315465
527.45,175.0,-0.279554,-0.297918
529.73,175.0,-0.263069,-0.281464
532.0,175.0,-0.247647,-0.266251
534.1,175.0,-0.233651,-0.252336
536.38,175.0,-0.221331,-0.24013
538.65,175.0,-0.209877,-0.228848
540.75,175.0,-0.199591,-0.21846
543.03,175.0,-0.190102,-0.209304
545.13,175.0,-0.18167,-0.200986
547.4,175.0,-0.173285,-0.192758
549.68,175.0,-0.164101,-0.18366
551.78,175.0,-0.155814,-0.175432
554.05,175.0,-0.148947,-0.168879
556.33,175.0,-0.14493,-0.164757
558.43,175.0,-0.14192,-0.161636
560.7,175.0,-0.139002,-0.158867
562.98,175.0,-0.135875,-0.155885
565.08,175.0,-0.132176,-0.152077
567.35,175.0,-0.127798,-0.147835
569.63,175.0,-0.123506,-0.143432
571.73,175.0,-0.118528,-0.138494
574.0,175.0,-0.112641,-0.132776
576.28,175.0,-0.107428,-0.127687
578.38,175.0,-0.10366,-0.123818
580.65,175.0,-0.103007,-0.123346
582.93,175.0,-0.105916,-0.126316
585.03,175.0,-0.110743,-0.130912
587.3,175.0,-0.116331,-0.136322
589.75,175.0,-0.120681,-0.140885
592.03,175.0,-0.122644,-0.142767
594.13,175.0,-0.123134,-0.143075
596.4,175.0,-0.121371,-0.141501
598.5,175.0,-0.116664,-0.136772
600.78,175.0,-0.110225,-0.130688
603.05,175.0,-0.103633,-0.123885
605.33,175.0,-0.098691,-0.119027
607.43,175.0,-0.096797,-0.117148
609.7,175.0,-0.096341,-0.11684
611.98,175.0,-0.097182,-0.117585
614.08,175.0,-0.097166,-0.117745
616.35,175.0,-0.0972,-0.117533
618.45,175.0,-0.096408,-0.116818
620.73,175.0,-0.095688,-0.1161
623.0,175.0,-0.094856,-0.115266
625.1,175.0,-0.094486,-0.114887
627.38,175.0,-0.094166,-0.114566
629.65,175.0,-0.093725,-0.11415
631.75,175.0,-0.094807,-0.115216
634.03,175.0,-0.097166,-0.117576
636.13,175.0,-0.101325,-0.121627
638.4,175.0,-0.106812,-0.127034
640.68,175.0,-0.112444,-0.132407
642.95,175.0,-0.117521,-0.137847
645.23,175.0,-0.121184,-0.141334
647.5,175.0,-0.122782,-0.142773
649.6,175.0,-0.122668,-0.142708
651.88,175.0,-0.121994,-0.141877
653.98,175.0,-0.12094,-0.141026
656.25,175.0,-0.120447,-0.140506
658.53,175.0,-0.121005,-0.141119
660.63,175.0,-0.122453,-0.142527
662.9,175.0,-0.124123,-0.14427
665.18,175.0,-0.126815,-0.146812
667.28,175.0,-0.129566,-0.14931
669.55,175.0,-0.131485,-0.151547
671.65,175.0,-0.132804,-0.152767
673.93,175.0,-0.133722,-0.153648
676.2,175.0,-0.134135,-0.154092
678.3,175.0,-0.134104,-0.154132
680.58,175.0,-0.133697,-0.15375
682.85,175.0,-0.132829,-0.15265
684.95,175.0,-0.13131,-0.151381
687.23,175.0,-0.129042,-0.14915
689.5,175.0,-0.126485,-0.146541
691.6,175.0,-0.123759,-0.14383
693.88,175.0,-0.121418,-0.141538
696.15,175.0,-0.119064,-0.139098
698.43,175.0,-0.117493,-0.137712
700.7,175.0,-0.117117,-0.137077
702.8,175.0,-0.117188,-0.13724
705.08,175.0,-0.118112,-0.138174
707.35,175.0,-0.119776,-0.139865
709.63,175.0,-0.121661,-0.141815
11.73,210.0,-0.827356,-0.83768
13.83,210.0,-0.850785,-0.861364
16.1,210.0,-0.87089,-0.881102
18.38,210.0,-0.884701,-0.894734
20.65,210.0,-0.891524,-0.901688
22.93,210.0,-0.893327,-0.903299
25.2,210.0,-0.89288,-0.902926
27.3,210.0,-0.892492,-0.90223
29.75,210.0,-0.891238,-0.901232
32.03,210.0,-0.89032,-0.900267
34.3,210.0,-0.886817,-0.897091
36.58,210.0,-0.878555,-0.888736
38.85,210.0,-0.865468,-0.875905
40.95,210.0,-0.85008,-0.860788
43.23,210.0,-0.834143,-0.844747
45.33,210.0,-0.819519,-0.830687
47.78,210.0,-0.805748,-0.817181
50.05,210.0,-0.792911,-0.804368
52.15,210.0,-0.778576,-0.790151
54.43,210.0,-0.762042,-0.773706
57.05,210.0,-0.739072,-0.751081
59.33,210.0,-0.719214,-0.731632
61.6,210.0,-0.698382,-0.710961
63.7,210.0,-0.675915,-0.688604
66.15,210.0,-0.653737,-0.66695
68.25,210.0,-0.633081,-0.646525
70.53,210.0,-0.612169,-0.626016
72.8,210.0,-0.592283,-0.606195
75.08,210.0,-0.574168,-0.588336
77.18,210.0,-0.559874,-0.57435
79.45,210.0,-0.548697,-0.563293
81.73,210.0,-0.540659,-0.555326
83.83,210.0,-0.534741,-0.549559
86.1,210.0,-0.530388,-0.545105
88.38,210.0,-0.525256,-0.539938
90.48,210.0,-0.51947,-0.534396
92.75,210.0,-0.512649,-0.527754
95.03,210.0,-0.505727,-0.52093
97.13,210.0,-0.498786,-0.513854
99.4,210.0,-0.492874,-0.50833
101.68,210.0,-0.487307,-0.502514
103.78,210.0,-0.481889,-0.497375
106.05,210.0,-0.477052,-0.492304
108.33,210.0,-0.473124,-0.488645
110.6,210.0,-0.471029,-0.48659
112.7,210.0,-0.470105,-0.485949
114.98,210.0,-0.469945,-0.485401
117.08,210.0,-0.469137,-0.48455
119.35,210.0,-0.469116,-0.484735
121.63,210.0,-0.470447,-0.486088
123.9,210.0,-0.474017,-0.489612
126.18,210.0,-0.479596,-0.495055
128.28,210.0,-0.486842,-0.502227
130.55,210.0,-0.495487,-0.510746
132.83,210.0,-0.505354,-0.520404
134.93,210.0,-0.514886,-0.529886
137.2,210.0,-0.524267,-0.539221
139.3,210.0,-0.533038,-0.547646
141.58,210.0,-0.538968,-0.553703
143.85,210.0,-0.543253,-0.557828
145.95,210.0,-0.545625,-0.560055
148.23,210.0,-0.545696,-0.560243
150.33,210.0,-0.544485,-0.559116
152.6,210.0,-0.542079,-0.556753
154.88,210.0,-0.539202,-0.553891
156.98,210.0,-0.535989,-0.55061
159.25,210.0,-0.533284,-0.547893
161.53,210.0,-0.531559,-0.546312
163.63,210.0,-0.530536,-0.545339
165.9,210.0,-0.531023,-0.545554
168.0,210.0,-0.532277,-0.546907
170.28,210.0,-0.533275,-0.548105
172.55,210.0,-0.534615,-0.549276
174.65,210.0,-0.535641,-0.550413
176.75,210.0,-0.536442,-0.551149
179.2,210.0,-0.537138,-0.551839
181.48,210.0,-0.537806,-0.552323
183.75,210.0,-0.53862,-0.553275
185.85,210.0,-0.540736,-0.555517
188.3,210.0,-0.544017,-0.558792
190.4,210.0,-0.547988,-0.562446
192.68,210.0,-0.552409,-0.566762
194.95,210.0,-0.557766,-0.572005
197.05,210.0,-0.562092,-0.576611
199.33,210.0,-0.567406,-0.581645
201.6,210.0,-0.571694,-0.585964
203.7,210.0,-0.575727,-0.589747
205.98,210.0,-0.578805,-0.59292
208.08,210.0,-0.581131,-0.595456
210.35,210.0,-0.582902,-0.597175
212.63,210.0,-0.584193,-0.59833
214.9,210.0,-0.584966,-0.599005
217.0,210.0,-0.585986,-0.599972
219.28,210.0,-0.587354,-0.601355
221.38,210.0,-0.589338,-0.603438
223.83,210.0,-0.592991,-0.606938
226.1,210.0,-0.597637,-0.611568
228.2,210.0,-0.602791,-0.616617
230.48,210.0,-0.607098,-0.620983
232.75,210.0,-0.609596,-0.623293
235.03,210.0,-0.609039,-0.622566
237.13,210.0,-0.606556,-0.620527
239.4,210.0,-0.604612,-0.618256
241.68,210.0,-0.603866,-0.617615
243.95,210.0,-0.604944,-0.618663
246.05,210.0,-0.606457,-0.62044
248.33,210.0,-0.607732,-0.62154
250.43,210.0,-0.608518,-0.622434
252.88,210.0,-0.609079,-0.622816
254.98,210.0,-0.6098,-0.623518
257.25,210.0,-0.610493,-0.624396
259.53,210.0,-0.610884,-0.624658
261.8,210.0,-0.61183,-0.625758
264.08,210.0,-0.613336,-0.626879
266.18,210.0,-0.615138,-0.628906
268.45,210.0,-0.617551,-0.631374
270.73,210.0,-0.620391,-0.634063
272.83,210.0,-0.623275,-0.637033
275.1,210.0,-0.627076,-0.640564
277.2,210.0,-0.63118,-0.644707
279.48,210.0,-0.635829,-0.649353
281.75,210.0,-0.641519,-0.654858
283.85,210.0,-0.647144,-0.660443
286.13,210.0,-0.651417,-0.664581
288.4,210.0,-0.654371,-0.667548
290.68,210.0,-0.655795,-0.668968
292.78,210.0,-0.656891,-0.670021
295.05,210.0,-0.658034,-0.671106
297.33,210.0,-0.659143,-0.672243
299.6,210.0,-0.660385,-0.673342
301.88,210.0,-0.66117,-0.674094
304.15,210.0,-0.662384,-0.675425
306.25,210.0,-0.662985,-0.675939
308.53,210.0,-0.662098,-0.675283
310.63,210.0,-0.660502,-0.673395
312.9,210.0,-0.658204,-0.671392
315.0,210.0,-0.656177,-0.669439
317.45,210.0,-0.655326,-0.66858
319.73,210.0,-0.657129,-0.670157
321.83,210.0,-0.660792,-0.673863
324.1,210.0,-0.66561,-0.678712
326.38,210.0,-0.671842,-0.684618
328.48,210.0,-0.677668,-0.690366
330.75,210.0,-0.682933,-0.695536
333.03,210.0,-0.687015,-0.699491
335.3,210.0,-0.689935,-0.70239
337.4,210.0,-0.692048,-0.704806
339.68,210.0,-0.693629,-0.70625
341.95,210.0,-0.694695,-0.707276
344.23,210.0,-0.695034,-0.707643
346.5,210.0,-0.695406,-0.708117
348.78,210.0,-0.695825,-0.708388
350.88,210.0,-0.696229,-0.708734
353.15,210.0,-0.696118,-0.708601
355.43,210.0,-0.694417,-0.707095
357.7,210.0,-0.690517,-0.703108
359.8,210.0,-0.685215,-0.697745
362.08,210.0,-0.677939,-0.690465
364.35,210.0,-0.670015,-0.682997
366.45,210.0,-0.662326,-0.67545
368.73,210.0,-0.656371,-0.669738
370.83,210.0,-0.652089,-0.665345
373.1,210.0,-0.649609,-0.662923
375.38,210.0,-0.648712,-0.661793
377.65,210.0,-0.648084,-0.661294
379.75,210.0,-0.64557,-0.658999
382.03,210.0,-0.641876,-0.655138
384.3,210.0,-0.637581,-0.651047
386.4,210.0,-0.634402,-0.647954
388.68,210.0,-0.63162,-0.645142
390.6,210.0,-0.629076,-0.642695
393.05,210.0,-0.626787,-0.640246
395.33,210.0,-0.624208,-0.637809
397.43,210.0,-0.622957,-0.636537
399.53,210.0,-0.622209,-0.635844
401.98,210.0,-0.622683,-0.636149
404.25,210.0,-0.62313,-0.63675
406.35,210.0,-0.623432,-0.636947
408.63,210.0,-0.622859,-0.636349
410.73,210.0,-0.621016,-0.634501
413.0,210.0,-0.618139,-0.631808
415.1,210.0,-0.61475,-0.628598
417.38,210.0,-0.612085,-0.625847
419.65,210.0,-0.610074,-0.623635
421.93,210.0,-0.607819,-0.621565
424.03,210.0,-0.606004,-0.619907
426.3,210.0,-0.605052,-0.618755
428.4,210.0,-0.605197,-0.618906
430.68,210.0,-0.606217,-0.620043
432.95,210.0,-0.608081,-0.621753
435.05,210.0,-0.610505,-0.624405
437.33,210.0,-0.613992,-0.627689
439.6,210.0,-0.618235,-0.631833
441.7,210.0,-0.622347,-0.635989
443.98,210.0,-0.625622,-0.639208
446.08,210.0,-0.62902,-0.642541
448.35,210.0,-0.63243,-0.646044
450.63,210.0,-0.635684,-0.649036
452.9,210.0,-0.63853,-0.652132
455.0,210.0,-0.641663,-0.655145
457.28,210.0,-0.64455,-0.65784
459.55,210.0,-0.646679,-0.659944
461.65,210.0,-0.647819,-0.661137
463.93,210.0,-0.648176,-0.661494
466.2,210.0,-0.648992,-0.662258
468.3,210.0,-0.649667,-0.662933
470.58,210.0,-0.650989,-0.664285
472.85,210.0,-0.652705,-0.666035
474.95,210.0,-0.655597,-0.668844
477.23,210.0,-0.659454,-0.672603
479.5,210.0,-0.663235,-0.676254
481.6,210.0,-0.666614,-0.67947
483.88,210.0,-0.667868,-0.680739
486.15,210.0,-0.666968,-0.680031
488.25,210.0,-0.664495,-0.677415
490.53,210.0,-0.661531,-0.674645
492.63,210.0,-0.65959,-0.672665
494.9,210.0,-0.657403,-0.670554
497.18,210.0,-0.655936,-0.669042
499.45,210.0,-0.655391,-0.668472
501.73,210.0,-0.656174,-0.66922
503.83,210.0,-0.657973,-0.670905
506.1,210.0,-0.660745,-0.673943
508.38,210.0,-0.663795,-0.676787
510.48,210.0,-0.667763,-0.680628
512.75,210.0,-0.671026,-0.684097
515.03,210.0,-0.673145,-0.686035
517.13,210.0,-0.673672,-0.686377
519.4,210.0,-0.672828,-0.685767
521.68,210.0,-0.669898,-0.682933
523.78,210.0,-0.664907,-0.678
526.05,210.0,-0.658382,-0.671506
528.33,210.0,-0.649414,-0.662732
530.43,210.0,-0.639427,-0.652926
532.7,210.0,-0.629159,-0.642708
534.98,210.0,-0.619153,-0.632853
537.08,210.0,-0.609787,-0.623681
539.35,210.0,-0.600622,-0.614686
541.45,210.0,-0.592323,-0.606454
543.73,210.0,-0.584658,-0.598774
546.0,210.0,-0.578346,-0.592495
548.28,210.0,-0.573287,-0.587532
550.38,210.0,-0.569424,-0.583691
552.65,210.0,-0.565382,-0.579803
554.75,210.0,-0.562058,-0.576645
557.03,210.0,-0.559926,-0.574338
559.3,210.0,-0.558777,-0.573219
561.4,210.0,-0.558466,-0.572939
563.68,210.0,-0.558447,-0.572933
565.95,210.0,-0.558521,-0.572819
568.05,210.0,-0.558592,-0.573034
570.33,210.0,-0.558145,-0.572418
572.6,210.0,-0.556645,-0.571186
574.7,210.0,-0.553053,-0.567501
576.98,210.0,-0.546537,-0.561013
579.25,210.0,-0.538296,-0.553096
581.53,210.0,-0.529812,-0.544492
583.63,210.0,-0.522184,-0.53691
585.9,210.0,-0.516694,-0.531759
588.18,210.0,-0.512347,-0.527381
590.45,210.0,-0.509131,-0.524165
592.55,210.0,-0.506676,-0.521648
594.83,210.0,-0.503293,-0.5185
597.1,210.0,-0.49813,-0.513383
599.2,210.0,-0.490699,-0.506017
601.48,210.0,-0.481845,-0.49723
603.75,210.0,-0.473392,-0.489063
605.85,210.0,-0.466787,-0.482535
608.13,210.0,-0.461414,-0.477092
610.23,210.0,-0.456667,-0.472542
612.5,210.0,-0.453327,-0.469045
614.78,210.0,-0.450515,-0.466272
616.88,210.0,-0.448842,-0.464744
619.15,210.0,-0.448537,-0.464399
621.43,210.0,-0.450684,-0.46659
623.53,210.0,-0.455502,-0.471254
625.8,210.0,-0.461701,-0.477397
628.08,210.0,-0.469409,-0.484831
630.18,210.0,-0.478241,-0.493688
632.45,210.0,-0.486211,-0.50155
634.73,210.0,-0.492542,-0.507773
636.83,210.0,-0.496356,-0.511793
639.1,210.0,-0.499784,-0.514941
641.38,210.0,-0.503386,-0.518564
643.83,210.0,-0.50788,-0.522979
645.93,210.0,-0.512677,-0.527668
648.2,210.0,-0.518324,-0.533358
650.3,210.0,-0.523989,-0.538663
652.58,210.0,-0.529569,-0.544359
654.85,210.0,-0.534187,-0.548795
656.95,210.0,-0.538019,-0.552646
659.23,210.0,-0.540585,-0.5552
661.33,210.0,-0.542024,-0.556682
663.6,210.0,-0.542233,-0.556999
665.88,210.0,-0.541965,-0.556694
668.15,210.0,-0.540709,-0.555311
670.43,210.0,-0.538204,-0.552905
672.53,210.0,-0.53508,-0.549686
674.8,210.0,-0.532163,-0.546938
677.08,210.0,-0.528684,-0.543386
678.83,210.0,-0.524652,-0.539362
681.45,210.0,-0.520906,-0.535668
683.55,210.0,-0.517606,-0.532622
685.83,210.0,-0.514837,-0.52967
688.1,210.0,-0.511879,-0.526925
690.38,210.0,-0.508937,-0.523783
692.48,210.0,-0.506454,-0.521374
694.75,210.0,-0.503808,-0.518811
696.85,210.0,-0.501448,-0.516633
699.13,210.0,-0.499328,-0.514507
701.4,210.0,-0.496796,-0.511898
703.5,210.0,-0.494412,-0.509883
705.78,210.0,-0.492289,-0.507483
708.05,210.0,-0.490265,-0.505598
710.33,210.0,-0.487662,-0.502948
11.38,245.0,-1.134109,-1.140381
13.48,245.0,-1.146564,-1.15303
15.75,245.0,-1.139876,-1.146425
18.03,245.0,-1.110341,-1.117593
20.3,245.0,-1.056801,-1.064753
22.4,245.0,-0.984596,-0.993542
24.68,245.0,-0.902923,-0.912821
26.95,245.0,-0.817338,-0.828508
29.05,245.0,-0.735776,-0.748133
31.5,245.0,-0.661432,-0.674399
33.6,245.0,-0.59776,-0.611925
35.88,245.0,-0.543845,-0.558694
38.15,245.0,-0.499295,-0.51464
40.25,245.0,-0.463808,-0.479615
42.53,245.0,-0.439174,-0.455265
44.28,245.0,-0.423182,-0.439402
47.08,245.0,-0.412979,-0.429412
49.18,245.0,-0.404963,-0.421448
51.45,245.0,-0.397009,-0.413401
53.73,245.0,-0.389098,-0.405675
55.83,245.0,-0.381448,-0.398244
58.1,245.0,-0.375663,-0.392419
60.2,245.0,-0.369492,-0.386386
62.48,245.0,-0.361978,-0.379094
64.75,245.0,-0.353395,-0.370447
67.03,245.0,-0.345752,-0.363044
69.13,245.0,-0.343106,-0.360268
71.4,245.0,-0.348118,-0.36529
73.33,245.0,-0.361054,-0.378019
75.95,245.0,-0.37907,-0.395761
78.05,245.0,-0.396732,-0.413303
80.33,245.0,-0.411134,-0.427477
82.43,245.0,-0.422206,-0.438309
84.7,245.0,-0.431063,-0.447267
86.98,245.0,-0.437958,-0.453869
89.08,245.0,-0.4424,-0.458312
91.35,245.0,-0.444285,-0.460068
93.45,245.0,-0.445524,-0.461306
95.73,245.0,-0.44549,-0.461423
98.0,245.0,-0.444646,-0.46053
100.1,245.0,-0.442545,-0.458531
102.38,245.0,-0.439735,-0.455595
104.65,245.0,-0.437378,-0.453478
106.93,245.0,-0.4363,-0.452314
109.03,245.0,-0.436436,-0.452348
111.13,245.0,-0.437905,-0.453836
113.58,245.0,-0.440576,-0.456793
115.68,245.0,-0.444803,-0.460601
117.78,245.0,-0.451691,-0.467443
120.05,245.0,-0.46114,-0.476648
122.33,245.0,-0.473999,-0.489584
124.43,245.0,-0.489177,-0.504433
126.7,245.0,-0.504575,-0.519655
128.98,245.0,-0.517566,-0.532523
131.08,245.0,-0.527101,-0.541941
133.35,245.0,-0.533349,-0.548096
135.63,245.0,-0.537039,-0.551858
137.73,245.0,-0.540231,-0.554941
140.0,245.0,-0.54403,-0.558444
142.28,245.0,-0.548635,-0.56329
144.55,245.0,-0.555998,-0.570598
146.65,245.0,-0.564938,-0.579322
148.75,245.0,-0.575533,-0.589729
151.2,245.0,-0.586038,-0.599969
153.48,245.0,-0.596463,-0.610496
155.58,245.0,-0.605493,-0.619177
157.85,245.0,-0.612132,-0.625788
160.13,245.0,-0.617252,-0.630973
162.23,245.0,-0.620274,-0.633755
164.5,245.0,-0.621503,-0.635037
166.78,245.0,-0.620819,-0.634473
169.05,245.0,-0.619294,-0.632942
171.15,245.0,-0.617474,-0.631047
173.43,245.0,-0.615619,-0.629273
175.7,245.0,-0.613789,-0.627353
177.8,245.0,-0.612283,-0.626041
180.08,245.0,-0.61142,-0.625077
182.35,245.0,-0.610924,-0.624498
184.45,245.0,-0.610474,-0.624248
186.55,245.0,-0.610175,-0.623848
188.83,245.0,-0.609488,-0.623395
191.1,245.0,-0.609396,-0.623161
193.38,245.0,-0.609341,-0.623034
195.48,245.0,-0.609381,-0.623074
197.75,245.0,-0.609337,-0.623179
200.03,245.0,-0.609337,-0.623118
202.13,245.0,-0.609978,-0.623854
204.4,245.0,-0.610465,-0.624245
206.33,245.0,-0.611894,-0.625591
208.78,245.0,-0.613213,-0.626962
211.05,245.0,-0.614738,-0.628592
213.33,245.0,-0.616537,-0.630105
215.25,245.0,-0.61866,-0.632295
217.7,245.0,-0.62089,-0.634377
219.98,245.0,-0.623102,-0.636623
222.25,245.0,-0.624368,-0.637723
224.35,245.0,-0.625613,-0.63898
226.63,245.0,-0.626306,-0.639873
228.73,245.0,-0.626679,-0.640391
231.0,245.0,-0.627776,-0.641288
233.28,245.0,-0.629532,-0.642834
235.38,245.0,-0.632307,-0.645628
237.65,245.0,-0.63613,-0.649541
239.93,245.0,-0.642015,-0.655366
242.03,245.0,-0.648962,-0.662344
244.3,245.0,-0.657323,-0.670493
246.4,245.0,-0.665832,-0.678823
248.68,245.0,-0.674236,-0.687039
250.95,245.0,-0.681247,-0.694097
253.05,245.0,-0.685816,-0.698472
255.33,245.0,-0.687153,-0.699673
257.6,245.0,-0.687138,-0.699809
259.7,245.0,-0.687298,-0.699661
261.98,245.0,-0.688684,-0.701358
264.25,245.0,-0.691149,-0.703518
266.53,245.0,-0.693875,-0.706423
268.63,245.0,-0.696152,-0.708635
270.9,245.0,-0.697624,-0.710271
273.18,245.0,-0.698629,-0.711226
275.45,245.0,-0.699713,-0.712079
277.55,245.0,-0.700865,-0.713382
279.83,245.0,-0.702363,-0.714843
281.93,245.0,-0.70373,-0.716013
284.2,245.0,-0.705046,-0.717729
286.48,245.0,-0.707098,-0.719667
288.58,245.0,-0.710369,-0.722609
290.85,245.0,-0.713937,-0.726198
292.95,245.0,-0.718358,-0.730782
295.23,245.0,-0.723087,-0.735474
297.33,245.0,-0.727261,-0.739501
299.6,245.0,-0.731303,-0.74353
301.88,245.0,-0.735554,-0.747532
303.98,245.0,-0.740366,-0.752384
306.25,245.0,-0.746694,-0.758536
308.53,245.0,-0.753185,-0.765215
310.63,245.0,-0.760385,-0.772079
312.9,245.0,-0.766706,-0.77833
315.0,245.0,-0.772701,-0.784149
317.28,245.0,-0.776774,-0.788185
319.55,245.0,-0.779639,-0.791238
321.65,245.0,-0.782252,-0.793795
323.93,245.0,-0.784427,-0.796032
326.2,245.0,-0.786053,-0.797553
328.48,245.0,-0.786996,-0.798388
330.58,245.0,-0.787403,-0.798804
332.85,245.0,-0.787285,-0.798582
334.95,245.0,-0.785705,-0.797128
337.23,245.0,-0.783034,-0.794497
339.5,245.0,-0.779146,-0.790788
341.6,245.0,-0.775345,-0.786765
343.88,245.0,-0.770807,-0.782313
346.15,245.0,-0.766851,-0.778509
348.25,245.0,-0.763724,-0.775603
350.53,245.0,-0.762335,-0.77422
352.63,245.0,-0.762036,-0.773675
354.9,245.0,-0.763117,-0.77483
357.18,245.0,-0.764587,-0.776278
359.45,245.0,-0.767332,-0.778998
361.55,245.0,-0.770582,-0.782159
363.83,245.0,-0.773524,-0.785385
365.93,245.0,-0.775804,-0.787406
368.2,245.0,-0.776756,-0.788231
370.48,245.0,-0.776959,-0.788376
372.58,245.0,-0.776589,-0.788114
375.03,245.0,-0.774186,-0.78569
377.3,245.0,-0.770878,-0.782557
379.4,245.0,-0.767021,-0.778777
381.68,245.0,-0.763468,-0.775104
383.95,245.0,-0.7593,-0.771059
386.05,245.0,-0.754436,-0.7663
388.33,245.0,-0.748764,-0.760668
390.6,245.0,-0.741386,-0.753567
392.88,245.0,-0.733441,-0.745545
394.98,245.0,-0.724593,-0.737008
397.25,245.0,-0.714689,-0.726928
399.53,245.0,-0.705095,-0.717551
401.63,245.0,-0.696774,-0.709621
403.9,245.0,-0.690788,-0.703416
406.18,245.0,-0.686894,-0.699458
408.28,245.0,-0.683669,-0.6963
410.55,245.0,-0.680711,-0.693413
412.83,245.0,-0.677452,-0.690237
414.93,245.0,-0.673056,-0.686059
417.2,245.0,-0.66634,-0.67943
419.3,245.0,-0.659202,-0.672547
421.58,245.0,-0.652338,-0.665616
423.85,245.0,-0.646743,-0.66012
425.95,245.0,-0.64187,-0.655283
428.4,245.0,-0.638034,-0.651438
430.68,245.0,-0.635644,-0.649183
432.78,245.0,-0.634162,-0.647816
435.05,245.0,-0.632156,-0.645825
437.33,245.0,-0.628305,-0.641617
439.6,245.0,-0.621808,-0.63541
441.88,245.0,-0.613965,-0.62776
443.98,245.0,-0.606368,-0.620098
446.25,245.0,-0.597643,-0.611642
448.88,245.0,-0.586402,-0.600317
450.98,245.0,-0.576885,-0.591211
453.25,245.0,-0.568232,-0.582421
455.35,245.0,-0.559328,-0.573888
457.98,245.0,-0.550521,-0.565095
460.08,245.0,-0.543395,-0.557834
462.35,245.0,-0.53557,-0.550206
464.63,245.0,-0.52821,-0.543044
466.9,245.0,-0.521411,-0.536164
469.0,245.0,-0.517101,-0.531941
471.28,245.0,-0.51414,-0.52903
473.38,245.0,-0.512505,-0.527461
475.65,245.0,-0.511602,-0.526602
477.93,245.0,-0.511128,-0.526066
480.03,245.0,-0.510092,-0.525095
482.3,245.0,-0.509473,-0.524501
484.58,245.0,-0.509556,-0.524692
486.68,245.0,-0.510773,-0.525755
488.95,245.0,-0.51183,-0.526716
491.23,245.0,-0.510875,-0.52589
493.5,245.0,-0.508053,-0.52292
495.6,245.0,-0.502726,-0.517843
497.88,245.0,-0.496987,-0.512193
500.15,245.0,-0.492437,-0.507967
502.25,245.0,-0.489698,-0.505083
504.53,245.0,-0.488407,-0.503715
506.8,245.0,-0.486312,-0.501852
508.9,245.0,-0.482844,-0.498275
511.0,245.0,-0.478909,-0.494455
513.28,245.0,-0.475604,-0.491004
515.55,245.0,-0.473654,-0.489202
517.65,245.0,-0.472132,-0.487634
519.93,245.0,-0.469717,-0.485225
522.03,245.0,-0.465918,-0.481454
524.13,245.0,-0.459575,-0.475336
526.4,245.0,-0.45203,-0.467782
528.68,245.0,-0.443389,-0.459362
530.95,245.0,-0.434483,-0.450456
533.05,245.0,-0.426867,-0.442973
535.33,245.0,-0.420635,-0.436793
537.6,245.0,-0.416294,-0.432597
539.88,245.0,-0.41277,-0.429036
541.98,245.0,-0.410102,-0.426513
544.25,245.0,-0.408401,-0.424935
546.53,245.0,-0.408407,-0.425016
548.63,245.0,-0.409692,-0.426078
550.9,245.0,-0.411793,-0.428133
553.18,245.0,-0.41467,-0.431226
555.28,245.0,-0.418146,-0.434365
557.55,245.0,-0.421479,-0.437717
559.65,245.0,-0.424399,-0.44061
561.93,245.0,-0.425761,-0.441876
564.2,245.0,-0.425875,-0.442117
566.3,245.0,-0.425028,-0.44122
568.58,245.0,-0.42411,-0.440163
570.85,245.0,-0.422394,-0.438731
572.95,245.0,-0.419556,-0.4359
575.23,245.0,-0.415077,-0.431426
577.5,245.0,-0.408241,-0.424609
579.6,245.0,-0.399267,-0.415915
581.88,245.0,-0.388235,-0.404766
583.98,245.0,-0.376217,-0.393115
586.25,245.0,-0.364818,-0.381642
588.53,245.0,-0.354532,-0.371602
590.63,245.0,-0.34643,-0.363709
592.9,245.0,-0.339541,-0.356818
595.18,245.0,-0.332659,-0.350071
597.28,245.0,-0.32569,-0.343167
599.55,245.0,-0.317526,-0.335191
601.83,245.0,-0.308571,-0.326288
603.93,245.0,-0.297739,-0.315506
606.2,245.0,-0.285884,-0.303793
608.3,245.0,-0.273291,-0.291473
610.58,245.0,-0.261223,-0.279412
612.85,245.0,-0.249218,-0.267761
614.95,245.0,-0.237933,-0.256445
617.23,245.0,-0.22671,-0.245416
619.5,245.0,-0.215706,-0.234461
621.6,245.0,-0.204338,-0.223355
623.88,245.0,-0.193485,-0.212668
625.98,245.0,-0.18318,-0.202391
628.43,245.0,-0.172092,-0.191501
630.7,245.0,-0.161079,-0.18082
632.98,245.0,-0.150041,-0.169708
635.08,245.0,-0.139175,-0.159061
637.35,245.0,-0.129736,-0.149846
639.45,245.0,-0.122385,-0.14236
641.73,245.0,-0.116871,-0.137142
644.0,245.0,-0.114129,-0.134255
646.1,245.0,-0.113038,-0.133195
648.38,245.0,-0.111966,-0.132105
650.65,245.0,-0.110287,-0.130644
652.75,245.0,-0.106917,-0.127135
655.03,245.0,-0.102662,-0.122964
657.3,245.0,-0.097918,-0.118248
659.4,245.0,-0.092903,-0.113469
661.68,245.0,-0.0857,-0.106227
663.95,245.0,-0.077511,-0.098303
666.05,245.0,-0.068864,-0.089668
668.33,245.0,-0.05968,-0.080734
670.6,245.0,-0.050894,-0.072166
672.7,245.0,-0.042527,-0.063694
674.98,245.0,-0.034471,-0.055666
677.25,245.0,-0.027262,-0.048479
679.35,245.0,-0.020537,-0.041754
681.63,245.0,-0.014511,-0.036005
683.9,245.0,-0.009745,-0.031427
686.18,245.0,-0.007453,-0.028873
688.45,245.0,-0.006261,-0.027992
690.73,245.0,-0.006615,-0.028189
692.83,245.0,-0.007391,-0.029058
695.1,245.0,-0.008963,-0.03033
697.2,245.0,-0.010833,-0.032382
699.48,245.0,-0.012475,-0.03411
701.75,245.0,-0.013648,-0.035167
703.85,245.0,-0.013614,-0.035269
706.13,245.0,-0.012894,-0.034523
708.4,245.0,-0.011242,-0.032813
710.68,245.0,-0.00919,-0.030737
11.73,280.0,-0.55357,-0.567967
13.83,280.0,-0.558309,-0.572723
16.1,280.0,-0.559448,-0.573903
18.38,280.0,-0.550456,-0.564944
20.65,280.0,-0.529285,-0.544125
22.75,280.0,-0.499353,-0.514596
25.03,280.0,-0.464393,-0.47992
27.3,280.0,-0.431491,-0.447606
29.4,280.0,-0.402517,-0.419205
31.68,280.0,-0.379538,-0.396374
33.95,280.0,-0.365906,-0.382696
36.23,280.0,-0.359692,-0.376661
38.5,280.0,-0.359895,-0.376815
40.6,280.0,-0.3648,-0.381846
42.88,280.0,-0.373395,-0.390123
44.98,280.0,-0.385287,-0.401836
47.25,280.0,-0.399455,-0.415866
49.53,280.0,-0.414748,-0.431038
51.63,280.0,-0.429341,-0.445351
53.9,280.0,-0.443943,-0.459735
56.18,280.0,-0.458491,-0.47419
58.28,280.0,-0.472304,-0.487788
60.55,280.0,-0.484187,-0.499495
62.83,280.0,-0.494655,-0.509883
64.93,280.0,-0.504519,-0.519433
67.2,280.0,-0.513207,-0.528127
69.65,280.0,-0.519985,-0.534895
71.93,280.0,-0.521479,-0.536232
74.03,280.0,-0.520194,-0.534988
76.48,280.0,-0.514566,-0.529211
78.75,280.0,-0.506263,-0.521414
80.85,280.0,-0.497979,-0.513038
83.13,280.0,-0.490724,-0.506014
85.4,280.0,-0.484501,-0.499754
87.85,280.0,-0.478876,-0.494239
90.13,280.0,-0.475179,-0.49061
92.4,280.0,-0.472819,-0.488161
94.5,280.0,-0.470616,-0.486232
96.95,280.0,-0.468617,-0.48411
99.23,280.0,-0.465998,-0.481559
101.5,280.0,-0.463752,-0.479325
103.6,280.0,-0.462754,-0.478318
105.88,280.0,-0.462834,-0.47837
108.15,280.0,-0.463139,-0.478879
110.43,280.0,-0.465043,-0.480835
112.53,280.0,-0.468789,-0.484449
114.8,280.0,-0.473795,-0.489433
117.08,280.0,-0.479067,-0.49459
119.18,280.0,-0.484039,-0.499433
121.45,280.0,-0.489559,-0.504855
123.73,280.0,-0.494966,-0.510314
125.83,280.0,-0.499837,-0.514963
128.1,280.0,-0.504948,-0.520028
130.38,280.0,-0.509467,-0.524375
132.48,280.0,-0.513093,-0.527961
134.75,280.0,-0.516245,-0.531137
137.03,280.0,-0.520591,-0.535521
139.13,280.0,-0.526913,-0.541805
141.4,280.0,-0.535739,-0.550628
143.68,280.0,-0.546149,-0.560622
145.95,280.0,-0.55606,-0.570598
148.05,280.0,-0.564362,-0.578638
150.33,280.0,-0.57134,-0.585687
152.43,280.0,-0.577908,-0.592104
154.7,280.0,-0.584572,-0.598604
156.98,280.0,-0.593167,-0.607067
159.25,280.0,-0.604202,-0.618259
161.35,280.0,-0.616867,-0.630638
163.63,280.0,-0.630098,-0.643419
165.9,280.0,-0.641962,-0.655132
168.0,280.0,-0.651207,-0.664371
170.28,280.0,-0.658154,-0.671152
172.55,280.0,-0.662668,-0.67573
175.0,280.0,-0.66658,-0.67947
177.1,280.0,-0.67008,-0.682991
179.38,280.0,-0.673558,-0.686559
181.65,280.0,-0.676429,-0.689131
183.75,280.0,-0.679159,-0.691716
186.03,280.0,-0.681167,-0.6937
188.3,280.0,-0.682073,-0.694778
190.58,280.0,-0.682141,-0.694729
192.68,280.0,-0.681451,-0.693826
194.95,280.0,-0.680308,-0.692917
197.23,280.0,-0.679812,-0.69239
199.5,280.0,-0.680274,-0.692976
201.6,280.0,-0.680542,-0.693179
203.88,280.0,-0.680292,-0.692831
205.98,280.0,-0.679806,-0.692514
208.25,280.0,-0.678931,-0.691509
210.53,280.0,-0.677893,-0.690403
212.63,280.0,-0.676491,-0.689254
214.9,280.0,-0.6756,-0.688429
217.18,280.0,-0.675237,-0.687973
219.1,280.0,-0.675209,-0.688065
221.55,280.0,-0.676491,-0.689097
223.83,280.0,-0.679498,-0.692011
225.93,280.0,-0.684913,-0.697418
228.2,280.0,-0.691334,-0.704029
230.3,280.0,-0.698259,-0.710739
232.58,280.0,-0.703124,-0.71564
234.68,280.0,-0.706891,-0.719266
236.95,280.0,-0.708774,-0.721207
239.23,280.0,-0.709448,-0.721817
241.5,280.0,-0.709454,-0.721796
243.6,280.0,-0.709827,-0.722122
245.88,280.0,-0.710496,-0.722979
248.15,280.0,-0.712104,-0.724578
250.43,280.0,-0.714288,-0.726617
252.53,280.0,-0.716848,-0.729103
254.8,280.0,-0.718906,-0.731414
256.9,280.0,-0.720111,-0.732473
259.18,280.0,-0.720104,-0.732258
261.45,280.0,-0.720086,-0.732437
263.55,280.0,-0.721448,-0.73386
265.83,280.0,-0.724365,-0.73658
268.1,280.0,-0.727464,-0.739701
270.2,280.0,-0.731639,-0.743888
272.48,280.0,-0.735838,-0.748006
274.75,280.0,-0.740092,-0.751885
276.85,280.0,-0.745067,-0.75707
279.13,280.0,-0.750449,-0.762517
281.4,280.0,-0.75674,-0.768598
283.68,280.0,-0.764183,-0.775742
285.95,280.0,-0.771777,-0.783388
288.05,280.0,-0.778586,-0.790003
290.33,280.0,-0.785129,-0.796509
292.6,280.0,-0.789953,-0.801484
294.7,280.0,-0.793185,-0.804618
296.98,280.0,-0.796549,-0.807751
299.25,280.0,-0.800351,-0.811817
301.53,280.0,-0.805566,-0.816712
303.63,280.0,-0.812282,-0.823287
305.9,280.0,-0.818844,-0.829701
308.18,280.0,-0.825825,-0.836891
310.28,280.0,-0.832064,-0.84292
312.55,280.0,-0.838817,-0.849408
314.65,280.0,-0.846324,-0.856833
316.93,280.0,-0.855415,-0.86589
319.2,280.0,-0.865985,-0.876475
321.48,280.0,-0.87731,-0.887615
323.58,280.0,-0.887963,-0.898074
325.85,280.0,-0.897914,-0.90788
328.13,280.0,-0.906638,-0.91649
330.23,280.0,-0.914004,-0.923789
332.5,280.0,-0.919824,-0.929389
334.78,280.0,-0.924904,-0.934171
337.05,280.0,-0.929118,-0.938662
339.15,280.0,-0.93235,-0.942042
341.43,280.0,-0.935865,-0.945292
343.7,280.0,-0.938601,-0.947929
345.8,280.0,-0.940511,-0.949685
348.08,280.0,-0.941081,-0.95031
350.35,280.0,-0.94101,-0.950455
352.45,280.0,-0.940643,-0.95003
354.73,280.0,-0.940295,-0.949654
356.83,280.0,-0.939214,-0.948628
359.1,280.0,-0.937609,-0.947202
361.38,280.0,-0.93548,-0.945197
363.65,280.0,-0.933055,-0.942538
365.75,280.0,-0.930369,-0.939753
368.03,280.0,-0.927673,-0.937002
370.3,280.0,-0.925656,-0.935039
372.4,280.0,-0.924568,-0.934263
374.68,280.0,-0.924094,-0.933736
376.78,280.0,-0.923866,-0.933431
379.05,280.0,-0.923179,-0.932735
381.33,280.0,-0.921814,-0.931201
383.6,280.0,-0.91865,-0.92829
385.7,280.0,-0.913906,-0.923878
387.98,280.0,-0.907144,-0.917147
390.25,280.0,-0.89889,-0.909103
392.35,280.0,-0.889168,-0.899146
394.63,280.0,-0.87828,-0.888625
396.9,280.0,-0.866894,-0.877199
399.0,280.0,-0.856823,-0.867276
401.28,280.0,-0.846568,-0.857242
403.55,280.0,-0.836007,-0.84674
405.83,280.0,-0.825566,-0.836571
407.93,280.0,-0.816799,-0.827982
410.2,280.0,-0.809882,-0.820958
412.48,280.0,-0.802381,-0.813675
414.75,280.0,-0.793684,-0.805101
416.85,280.0,-0.784719,-0.796146
419.13,280.0,-0.776602,-0.788065
421.23,280.0,-0.770379,-0.781928
423.5,280.0,-0.765856,-0.777418
425.78,280.0,-0.763456,-0.775258
427.88,280.0,-0.762899,-0.774602
430.15,280.0,-0.763512,-0.775166
432.25,280.0,-0.763946,-0.775514
434.53,280.0,-0.763589,-0.775403
436.63,280.0,-0.763142,-0.774716
438.9,280.0,-0.762091,-0.773727
441.18,280.0,-0.760462,-0.772282
443.45,280.0,-0.758518,-0.7702
445.73,280.0,-0.756266,-0.76825
448.0,280.0,-0.754097,-0.765976
450.1,280.0,-0.752298,-0.764208
452.38,280.0,-0.750588,-0.762326
454.65,280.0,-0.748382,-0.760188
456.93,280.0,-0.745764,-0.757818
459.2,280.0,-0.743379,-0.755339
461.3,280.0,-0.740668,-0.752745
463.58,280.0,-0.737741,-0.749839
465.68,280.0,-0.734266,-0.746435
467.95,280.0,-0.730551,-0.742871
470.05,280.0,-0.727467,-0.73975
472.33,280.0,-0.725046,-0.737168
474.6,280.0,-0.72243,-0.734735
476.7,280.0,-0.719461,-0.731799
478.98,280.0,-0.716756,-0.729205
481.25,280.0,-0.71475,-0.72715
483.35,280.0,-0.713601,-0.725872
485.63,280.0,-0.713114,-0.725591
487.9,280.0,-0.713727,-0.726201
490.0,280.0,-0.71556,-0.727926
492.28,280.0,-0.71682,-0.729085
494.55,280.0,-0.717507,-0.729815
496.83,280.0,-0.71752,-0.729787
499.1,280.0,-0.717018,-0.72934
501.38,280.0,-0.716451,-0.728718
503.65,280.0,-0.715668,-0.727988
505.75,280.0,-0.714883,-0.727184
508.03,280.0,-0.714162,-0.726475
510.13,280.0,-0.7128,-0.72512
512.4,280.0,-0.710625,-0.723
514.68,280.0,-0.706857,-0.71914
516.78,280.0,-0.701457,-0.713897
519.05,280.0,-0.694042,-0.706845
521.15,280.0,-0.685215,-0.697886
523.43,280.0,-0.675548,-0.688496
525.7,280.0,-0.666365,-0.679267
527.8,280.0,-0.657948,-0.670887
530.08,280.0,-0.649827,-0.663256
532.18,280.0,-0.642812,-0.656232
534.45,280.0,-0.635967,-0.649405
536.55,280.0,-0.629914,-0.643398
538.83,280.0,-0.623801,-0.637369
541.1,280.0,-0.618811,-0.632317
543.2,280.0,-0.614248,-0.627985
545.48,280.0,-0.61138,-0.625101
547.75,280.0,-0.61052,-0.624208
549.85,280.0,-0.61036,-0.624254
552.13,280.0,-0.610819,-0.624618
554.4,280.0,-0.610921,-0.624636
556.68,280.0,-0.610856,-0.624602
558.78,280.0,-0.610536,-0.624085
561.05,280.0,-0.609162,-0.622893
563.33,280.0,-0.607101,-0.621001
565.43,280.0,-0.604978,-0.618703
567.7,280.0,-0.602357,-0.616072
569.98,280.0,-0.599541,-0.613638
572.08,280.0,-0.597615,-0.61163
574.35,280.0,-0.597298,-0.610899
576.45,280.0,-0.597206,-0.61118
578.73,280.0,-0.597985,-0.612039
581.0,280.0,-0.599615,-0.6135
583.28,280.0,-0.601318,-0.615191
585.38,280.0,-0.603721,-0.617431
587.65,280.0,-0.605742,-0.619393
589.58,280.0,-0.606817,-0.620748
592.03,280.0,-0.606796,-0.620539
594.3,280.0,-0.604504,-0.618555
596.4,280.0,-0.600634,-0.614424
598.68,280.0,-0.596476,-0.610243
600.6,280.0,-0.592307,-0.60622
603.05,280.0,-0.589334,-0.603438
605.33,280.0,-0.588419,-0.602461
607.6,280.0,-0.588669,-0.602643
609.7,280.0,-0.589935,-0.603823
611.98,280.0,-0.591362,-0.605616
614.25,280.0,-0.592997,-0.607061
616.35,280.0,-0.594787,-0.608709
618.63,280.0,-0.596762,-0.610662
620.73,280.0,-0.598466,-0.612363
623.0,280.0,-0.600407,-0.614227
625.28,280.0,-0.602335,-0.616047
627.38,280.0,-0.603423,-0.617249
629.65,280.0,-0.604174,-0.617908
631.93,280.0,-0.604538,-0.618302
634.03,280.0,-0.604233,-0.617997
636.3,280.0,-0.603077,-0.616805
638.58,280.0,-0.600983,-0.61479
640.68,280.0,-0.598019,-0.611885
642.95,280.0,-0.594492,-0.608472
645.23,280.0,-0.589935,-0.603832
647.5,280.0,-0.58597,-0.599978
649.78,280.0,-0.583943,-0.598056
652.05,280.0,-0.582357,-0.596531
654.15,280.0,-0.581288,-0.595471
656.43,280.0,-0.580225,-0.594165
658.53,280.0,-0.578558,-0.5928
660.8,280.0,-0.577024,-0.591251
663.08,280.0,-0.575712,-0.589766
665.18,280.0,-0.574384,-0.58853
667.45,280.0,-0.573136,-0.587486
669.73,280.0,-0.571851,-0.58614
671.83,280.0,-0.571429,-0.585542
674.1,280.0,-0.571731,-0.58609
676.38,280.0,-0.572532,-0.586938
678.65,280.0,-0.573986,-0.588222
680.75,280.0,-0.575453,-0.589522
683.03,280.0,-0.577067,-0.591177
685.3,280.0,-0.579137,-0.593349
687.58,280.0,-0.581278,-0.595277
689.68,280.0,-0.582591,-0.596642
691.95,280.0,-0.581956,-0.59601
694.23,280.0,-0.578863,-0.5928
696.33,280.0,-0.573179,-0.587347
698.6,280.0,-0.566913,-0.581303
700.88,280.0,-0.561248,-0.575585
703.15,280.0,-0.557628,-0.572209
705.43,280.0,-0.556217,-0.570761
707.7,280.0,-0.556164,-0.570641
709.8,280.0,-0.556861,-0.57126
11.2,315.0,-0.418792,-0.434985
13.48,315.0,-0.44431,-0.459997
15.75,315.0,-0.466667,-0.482046
18.03,315.0,-0.476359,-0.491682
20.13,315.0,-0.474113,-0.489347
22.4,315.0,-0.461226,-0.476808
24.68,315.0,-0.441805,-0.457696
26.78,315.0,-0.419637,-0.43586
29.58,315.0,-0.393749,-0.410311
31.68,315.0,-0.376192,-0.393124
33.95,315.0,-0.363118,-0.38009
36.23,315.0,-0.353876,-0.370696
38.33,315.0,-0.34821,-0.365407
40.6,315.0,-0.346066,-0.363226
42.7,315.0,-0.348503,-0.365644
44.98,315.0,-0.355176,-0.372221
47.78,315.0,-0.367847,-0.384535
49.88,315.0,-0.378019,-0.39476
52.15,315.0,-0.38492,-0.401568
54.25,315.0,-0.388675,-0.405317
56.0,315.0,-0.388682,-0.405431
58.8,315.0,-0.38602,-0.402736
61.08,315.0,-0.382209,-0.398903
63.35,315.0,-0.380801,-0.397452
65.63,315.0,-0.384553,-0.401026
67.73,315.0,-0.393962,-0.410502
70.0,315.0,-0.409516,-0.425989
72.1,315.0,-0.428851,-0.444874
74.38,315.0,-0.450243,-0.465909
76.48,315.0,-0.47187,-0.487452
78.75,315.0,-0.492292,-0.507455
81.03,315.0,-0.509643,-0.524526
83.3,315.0,-0.52301,-0.537825
85.4,315.0,-0.532403,-0.547061
87.68,315.0,-0.535274,-0.549889
89.78,315.0,-0.531845,-0.546728
92.05,315.0,-0.522295,-0.537107
94.15,315.0,-0.508937,-0.524171
96.43,315.0,-0.49321,-0.508583
98.7,315.0,-0.476494,-0.491861
100.8,315.0,-0.461229,-0.476824
103.25,315.0,-0.447231,-0.462942
105.53,315.0,-0.437286,-0.453115
107.63,315.0,-0.430471,-0.446485
109.9,315.0,-0.425527,-0.441522
112.18,315.0,-0.420481,-0.436778
114.28,315.0,-0.411531,-0.427859
116.55,315.0,-0.393968,-0.410767
118.83,315.0,-0.366713,-0.383679
121.1,315.0,-0.332493,-0.349936
123.2,315.0,-0.294335,-0.312191
125.48,315.0,-0.254532,-0.273124
127.75,315.0,-0.216384,-0.235321
129.85,315.0,-0.179668,-0.199092
131.95,315.0,-0.147098,-0.166951
134.23,315.0,-0.118941,-0.139064
136.5,315.0,-0.096458,-0.116975
138.78,315.0,-0.083664,-0.104286
140.88,315.0,-0.080035,-0.100598
143.15,315.0,-0.084437,-0.10492
145.43,315.0,-0.096005,-0.116245
147.53,315.0,-0.114412,-0.134486
149.8,315.0,-0.13797,-0.157752
151.9,315.0,-0.164927,-0.184455
154.18,315.0,-0.191861,-0.210986
156.45,315.0,-0.216017,-0.234723
158.55,315.0,-0.235962,-0.254504
160.83,315.0,-0.251396,-0.269754
162.93,315.0,-0.26407,-0.282231
165.2,315.0,-0.276873,-0.294754
167.3,315.0,-0.291116,-0.309175
169.58,315.0,-0.307567,-0.325003
171.85,315.0,-0.323275,-0.340881
174.13,315.0,-0.339276,-0.356639
176.23,315.0,-0.355666,-0.372656
178.5,315.0,-0.373438,-0.390302
180.6,315.0,-0.391276,-0.407723
182.88,315.0,-0.408879,-0.425321
185.15,315.0,-0.425567,-0.441682
187.25,315.0,-0.441587,-0.457344
189.53,315.0,-0.456457,-0.472092
191.8,315.0,-0.471433,-0.486907
193.9,315.0,-0.486775,-0.50211
196.18,315.0,-0.502209,-0.517323
198.45,315.0,-0.516873,-0.531685
200.73,315.0,-0.530804,-0.545249
202.83,315.0,-0.544408,-0.558983
205.1,315.0,-0.557942,-0.572283
207.2,315.0,-0.570949,-0.585262
209.48,315.0,-0.583768,-0.59776
211.75,315.0,-0.596774,-0.610681
213.85,315.0,-0.610256,-0.623965
216.13,315.0,-0.623805,-0.637338
218.4,315.0,-0.636629,-0.649966
220.5,315.0,-0.647871,-0.660896
222.78,315.0,-0.657313,-0.670317
224.88,315.0,-0.664575,-0.677464
227.15,315.0,-0.670428,-0.683358
229.43,315.0,-0.675354,-0.687979
231.53,315.0,-0.680508,-0.693127
233.8,315.0,-0.685714,-0.69813
236.08,315.0,-0.689926,-0.702572
238.18,315.0,-0.693379,-0.706022
240.45,315.0,-0.695126,-0.707643
242.73,315.0,-0.695878,-0.70837
244.83,315.0,-0.695739,-0.708145
247.1,315.0,-0.695807,-0.708413
249.38,315.0,-0.69739,-0.709867
251.48,315.0,-0.700431,-0.712886
253.75,315.0,-0.705335,-0.717852
256.03,315.0,-0.711799,-0.723925
258.13,315.0,-0.719251,-0.731531
260.4,315.0,-0.728604,-0.740825
262.5,315.0,-0.73959,-0.751688
264.78,315.0,-0.751038,-0.762988
267.05,315.0,-0.76248,-0.774328
269.15,315.0,-0.773333,-0.784855
271.43,315.0,-0.783185,-0.794827
273.7,315.0,-0.792381,-0.803761
275.8,315.0,-0.801183,-0.812412
278.08,315.0,-0.808062,-0.819337
280.35,315.0,-0.813071,-0.8243
282.45,315.0,-0.816293,-0.827369
284.73,315.0,-0.819386,-0.830375
287.0,315.0,-0.823884,-0.834651
289.1,315.0,-0.830175,-0.840893
291.38,315.0,-0.838699,-0.849263
293.65,315.0,-0.847584,-0.858086
295.75,315.0,-0.856537,-0.86707
298.03,315.0,-0.866025,-0.876336
300.3,315.0,-0.876256,-0.886589
302.58,315.0,-0.887273,-0.897273
304.68,315.0,-0.898946,-0.908758
306.95,315.0,-0.911167,-0.92088
309.23,315.0,-0.924445,-0.933973
311.33,315.0,-0.938397,-0.947652
313.6,315.0,-0.953065,-0.962208
315.7,315.0,-0.967932,-0.976909
317.98,315.0,-0.983681,-0.992344
320.25,315.0,-0.999442,-1.007984
322.53,315.0,-1.015267,-1.023428
324.63,315.0,-1.030603,-1.038788
326.9,315.0,-1.044469,-1.052652
329.18,315.0,-1.057297,-1.065005
331.28,315.0,-1.068588,-1.076349
333.55,315.0,-1.079124,-1.0867
335.83,315.0,-1.089491,-1.096771
337.93,315.0,-1.098776,-1.105899
340.2,315.0,-1.10686,-1.11414
342.48,315.0,-1.113151,-1.120215
344.58,315.0,-1.118471,-1.125501
346.85,315.0,-1.12231,-1.12921
349.13,315.0,-1.124475,-1.131398
351.23,315.0,-1.125514,-1.132498
353.5,315.0,-1.125406,-1.132343
355.78,315.0,-1.124081,-1.131016
358.05,315.0,-1.122827,-1.129762
360.15,315.0,-1.121182,-1.128046
362.43,315.0,-1.119229,-1.126339
364.7,315.0,-1.116888,-1.123927
366.98,315.0,-1.113628,-1.120668
369.25,315.0,-1.109488,-1.116767
371.35,315.0,-1.104713,-1.11202
373.63,315.0,-1.10019,-1.107572
375.9,315.0,-1.096675,-1.103936
378.18,315.0,-1.092843,-1.100101
380.28,315.0,-1.088773,-1.095951
382.55,315.0,-1.084078,-1.091869
384.83,315.0,-1.078345,-1.08593
386.93,315.0,-1.071832,-1.079577
389.2,315.0,-1.064623,-1.072202
391.48,315.0,-1.056453,-1.064349
393.75,315.0,-1.046339,-1.054303
395.85,315.0,-1.035615,-1.04385
398.13,315.0,-1.024041,-1.032374
400.4,315.0,-1.011854,-1.020341
402.68,315.0,-0.999248,-1.007898
404.78,315.0,-0.985406,-0.994318
407.05,315.0,-0.970652,-0.979768
409.15,315.0,-0.955816,-0.965058
411.43,315.0,-0.941395,-0.950517
413.7,315.0,-0.927482,-0.93699
415.8,315.0,-0.915092,-0.924882
418.08,315.0,-0.903592,-0.913539
420.35,315.0,-0.892723,-0.902646
422.63,315.0,-0.882723,-0.892954
424.73,315.0,-0.875683,-0.885921
427.0,315.0,-0.870924,-0.881263
429.1,315.0,-0.86821,-0.878629
431.38,315.0,-0.866278,-0.876648
433.48,315.0,-0.862775,-0.873049
435.75,315.0,-0.857258,-0.867809
438.03,315.0,-0.850471,-0.860933
440.3,315.0,-0.84203,-0.852661
442.58,315.0,-0.834938,-0.845859
444.85,315.0,-0.829504,-0.840415
447.13,315.0,-0.825388,-0.83621
449.23,315.0,-0.819963,-0.830933
451.5,315.0,-0.812218,-0.823213
453.6,315.0,-0.8002,-0.811478
455.88,315.0,-0.783977,-0.795363
458.15,315.0,-0.764457,-0.7763
460.25,315.0,-0.743918,-0.755862
462.53,315.0,-0.723641,-0.735918
464.8,315.0,-0.704248,-0.716799
467.08,315.0,-0.68796,-0.700388
469.18,315.0,-0.675647,-0.688561
471.28,315.0,-0.667852,-0.680964
473.55,315.0,-0.663096,-0.676183
475.83,315.0,-0.660283,-0.67341
478.1,315.0,-0.656897,-0.670058
480.2,315.0,-0.65284,-0.666096
482.48,315.0,-0.648641,-0.661839
484.58,315.0,-0.646278,-0.659451
486.85,315.0,-0.645203,-0.65853
489.13,315.0,-0.645893,-0.659227
491.23,315.0,-0.647073,-0.66044
493.5,315.0,-0.647862,-0.661041
495.78,315.0,-0.647498,-0.660554
498.05,315.0,-0.645385,-0.658644
500.15,315.0,-0.642489,-0.655801
502.43,315.0,-0.639898,-0.653271
504.53,315.0,-0.638718,-0.652042
506.8,315.0,-0.637726,-0.651355
509.08,315.0,-0.636321,-0.649892
511.35,315.0,-0.633721,-0.647135
513.45,315.0,-0.628253,-0.641743
515.73,315.0,-0.621568,-0.635123
517.83,315.0,-0.614143,-0.627695
520.1,315.0,-0.607652,-0.621303
522.2,315.0,-0.602973,-0.616626
524.48,315.0,-0.6002,-0.613999
526.75,315.0,-0.599054,-0.612816
529.03,315.0,-0.598786,-0.612612
531.3,315.0,-0.599683,-0.613635
533.4,315.0,-0.602323,-0.615915
535.68,315.0,-0.605634,-0.619421
537.78,315.0,-0.608928,-0.622739
540.05,315.0,-0.611553,-0.62544
542.15,315.0,-0.614273,-0.627954
544.6,315.0,-0.617421,-0.631063
546.7,315.0,-0.620551,-0.634168
548.98,315.0,-0.623922,-0.637221
551.25,315.0,-0.628198,-0.641793
553.35,315.0,-0.632945,-0.646358
555.63,315.0,-0.636596,-0.650151
557.9,315.0,-0.640323,-0.653761
560.18,315.0,-0.643869,-0.657129
562.28,315.0,-0.647125,-0.660366
564.55,315.0,-0.64866,-0.661861
566.83,315.0,-0.649002,-0.662218
569.1,315.0,-0.648191,-0.661577
571.38,315.0,-0.647273,-0.660493
573.65,315.0,-0.64589,-0.659005
575.75,315.0,-0.644276,-0.657572
578.03,315.0,-0.642985,-0.656328
580.13,315.0,-0.641867,-0.65536
582.4,315.0,-0.641534,-0.654809
584.68,315.0,-0.641525,-0.654796
586.78,315.0,-0.640665,-0.653906
589.05,315.0,-0.637621,-0.65146
591.33,315.0,-0.632434,-0.645936
593.6,315.0,-0.623503,-0.63732
595.7,315.0,-0.611568,-0.625265
597.98,315.0,-0.596457,-0.610391
599.73,315.0,-0.578284,-0.592378
602.35,315.0,-0.560339,-0.574732
604.45,315.0,-0.543688,-0.558395
606.73,315.0,-0.528648,-0.543426
609.35,315.0,-0.512705,-0.527779
611.63,315.0,-0.502662,-0.517853
613.9,315.0,-0.494566,-0.510105
616.18,315.0,-0.487138,-0.502535
618.1,315.0,-0.479227,-0.494482
620.55,315.0,-0.469091,-0.484744
622.83,315.0,-0.456719,-0.472301
625.1,315.0,-0.443087,-0.4589
627.2,315.0,-0.428346,-0.444359
629.48,315.0,-0.4126,-0.42898
631.75,315.0,-0.394991,-0.41171
634.03,315.0,-0.377492,-0.394233
636.13,315.0,-0.359661,-0.376707
638.4,315.0,-0.342637,-0.359905
640.68,315.0,-0.326229,-0.343712
642.78,315.0,-0.309403,-0.327018
645.05,315.0,-0.29147,-0.309424
647.33,315.0,-0.274477,-0.292585
649.43,315.0,-0.256775,-0.275151
651.7,315.0,-0.239825,-0.258377
653.8,315.0,-0.223328,-0.242163
656.08,315.0,-0.20797,-0.226756
658.18,315.0,-0.193497,-0.212721
660.45,315.0,-0.180657,-0.200025
662.73,315.0,-0.169708,-0.189249
664.83,315.0,-0.160407,-0.180016
667.1,315.0,-0.152268,-0.171898
669.38,315.0,-0.146199,-0.165835
671.48,315.0,-0.141858,-0.161763
673.75,315.0,-0.140105,-0.159939
676.03,315.0,-0.141224,-0.160749
678.13,315.0,-0.144572,-0.164437
680.4,315.0,-0.147986,-0.167668
682.68,315.0,-0.148137,-0.16785
684.95,315.0,-0.144298,-0.164015
687.05,315.0,-0.137678,-0.157585
689.33,315.0,-0.130728,-0.1507
691.43,315.0,-0.124052,-0.144052
693.7,315.0,-0.119615,-0.139862
695.98,315.0,-0.117767,-0.137801
698.25,315.0,-0.118282,-0.138226
700.53,315.0,-0.120589,-0.140734
702.63,315.0,-0.123528,-0.143494
704.9,315.0,-0.126415,-0.146464
707.18,315.0,-0.129258,-0.148999
709.45,315.0,-0.131248,-0.151387
11.38,350.0,-0.394168,-0.41057
13.65,350.0,-0.399461,-0.416122
15.93,350.0,-0.401467,-0.417773
18.03,350.0,-0.39675,-0.413173
20.3,350.0,-0.384991,-0.401738
22.4,350.0,-0.36756,-0.384526
24.68,350.0,-0.346621,-0.363879
26.95,350.0,-0.323441,-0.341017
29.05,350.0,-0.300062,-0.317905
31.33,350.0,-0.277376,-0.295345
33.6,350.0,-0.257554,-0.275906
35.7,350.0,-0.242641,-0.261196
37.98,350.0,-0.232748,-0.25147
40.25,350.0,-0.226507,-0.24509
42.35,350.0,-0.223679,-0.242382
44.63,350.0,-0.223343,-0.242006
46.9,350.0,-0.224147,-0.24273
49.18,350.0,-0.225697,-0.244375
51.28,350.0,-0.227043,-0.245811
53.55,350.0,-0.22809,-0.246877
55.65,350.0,-0.228743,-0.247597
57.93,350.0,-0.229313,-0.248035
60.2,350.0,-0.230114,-0.248716
62.3,350.0,-0.230832,-0.249424
64.58,350.0,-0.233981,-0.252576
66.68,350.0,-0.240416,-0.259129
68.95,350.0,-0.251353,-0.26992
71.23,350.0,-0.267175,-0.285512
73.5,350.0,-0.286562,-0.304587
75.78,350.0,-0.306211,-0.323888
77.88,350.0,-0.322945,-0.340496
80.15,350.0,-0.335786,-0.353186
82.43,350.0,-0.345086,-0.362077
84.53,350.0,-0.351162,-0.368152
86.8,350.0,-0.355046,-0.37207
89.08,350.0,-0.35899,-0.376023
91.18,350.0,-0.363238,-0.380139
93.45,350.0,-0.367188,-0.384014
95.55,350.0,-0.37126,-0.388029
97.83,350.0,-0.375133,-0.39195
100.1,350.0,-0.379107,-0.39578
102.38,350.0,-0.383679,-0.400336
104.48,350.0,-0.389606,-0.406254
106.75,350.0,-0.396624,-0.413112
109.03,350.0,-0.404963,-0.421239
111.13,350.0,-0.413337,-0.429846
113.4,350.0,-0.421171,-0.437274
115.68,350.0,-0.427455,-0.443417
117.95,350.0,-0.431793,-0.447905
120.05,350.0,-0.43655,-0.452526
122.33,350.0,-0.442492,-0.458256
124.6,350.0,-0.449267,-0.465068
126.88,350.0,-0.457631,-0.473244
128.98,350.0,-0.466956,-0.482563
131.25,350.0,-0.475875,-0.491232
133.35,350.0,-0.484319,-0.499741
135.63,350.0,-0.493401,-0.508586
137.73,350.0,-0.503361,-0.518552
140.0,350.0,-0.514738,-0.52959
142.28,350.0,-0.527187,-0.541778
144.38,350.0,-0.539569,-0.554254
146.65,350.0,-0.551688,-0.566029
148.93,350.0,-0.562723,-0.577101
151.03,350.0,-0.574119,-0.588265
153.3,350.0,-0.586559,-0.600536
155.58,350.0,-0.599513,-0.613299
157.68,350.0,-0.611851,-0.625684
159.95,350.0,-0.623777,-0.637166
162.05,350.0,-0.63296,-0.646386
164.33,350.0,-0.638727,-0.652169
166.43,350.0,-0.642203,-0.655468
168.7,350.0,-0.644082,-0.657329
170.98,350.0,-0.645582,-0.658943
173.25,350.0,-0.647196,-0.660662
175.35,350.0,-0.648496,-0.661817
177.63,350.0,-0.648962,-0.662369
179.9,350.0,-0.648549,-0.661787
182.0,350.0,-0.648324,-0.661617
184.28,350.0,-0.648284,-0.661562
186.38,350.0,-0.648179,-0.661442
188.65,350.0,-0.650169,-0.663413
190.93,350.0,-0.653832,-0.667073
193.2,350.0,-0.659029,-0.672092
195.3,350.0,-0.665357,-0.678305
197.58,350.0,-0.673222,-0.686084
199.85,350.0,-0.681478,-0.694186
201.95,350.0,-0.690043,-0.702825
204.23,350.0,-0.69959,-0.712239
206.5,350.0,-0.709886,-0.722258
208.6,350.0,-0.721152,-0.73357
210.88,350.0,-0.732634,-0.744759
213.15,350.0,-0.743006,-0.754876
215.25,350.0,-0.751106,-0.763043
217.53,350.0,-0.757717,-0.769611
219.8,350.0,-0.762979,-0.774759
221.9,350.0,-0.76687,-0.778542
224.18,350.0,-0.770634,-0.782298
226.45,350.0,-0.774313,-0.785745
228.55,350.0,-0.778545,-0.790107
230.83,350.0,-0.784377,-0.795674
232.93,350.0,-0.790588,-0.802079
235.2,350.0,-0.796947,-0.808382
237.48,350.0,-0.801783,-0.812821
239.58,350.0,-0.804297,-0.81565
241.85,350.0,-0.805995,-0.817125
244.13,350.0,-0.806709,-0.817985
246.4,350.0,-0.806651,-0.817781
248.5,350.0,-0.806343,-0.817421
250.78,350.0,-0.80512,-0.816263
253.05,350.0,-0.804103,-0.815277
255.33,350.0,-0.805471,-0.816654
257.6,350.0,-0.809753,-0.820841
259.88,350.0,-0.816765,-0.827751
261.98,350.0,-0.826451,-0.837325
264.25,350.0,-0.837618,-0.848342
266.53,350.0,-0.848425,-0.85894
268.63,350.0,-0.857988,-0.868425
270.9,350.0,-0.866352,-0.876645
273.18,350.0,-0.873265,-0.883459
275.45,350.0,-0.879442,-0.889775
277.55,350.0,-0.885831,-0.895902
279.83,350.0,-0.892381,-0.90223
282.1,350.0,-0.897603,-0.907489
284.2,350.0,-0.90064,-0.910557
286.48,350.0,-0.90207,-0.912014
288.58,350.0,-0.903869,-0.913764
290.85,350.0,-0.907375,-0.917208
293.13,350.0,-0.913028,-0.922908
295.4,350.0,-0.919556,-0.929171
297.5,350.0,-0.927208,-0.936774
299.78,350.0,-0.935323,-0.945006
301.88,350.0,-0.945036,-0.954272
304.15,350.0,-0.955964,-0.965252
306.43,350.0,-0.967944,-0.976875
308.53,350.0,-0.979941,-0.988761
310.8,350.0,-0.991965,-1.000791
313.08,350.0,-1.003961,-1.012473
315.18,350.0,-1.015754,-1.024149
317.45,350.0,-1.027424,-1.035643
319.73,350.0,-1.039257,-1.04735
321.83,350.0,-1.051305,-1.059235
324.1,350.0,-1.063798,-1.071444
326.38,350.0,-1.076444,-1.083862
328.65,350.0,-1.088992,-1.096293
330.75,350.0,-1.100227,-1.10743
333.03,350.0,-1.110597,-1.117707
335.3,350.0,-1.120008,-1.126921
337.4,350.0,-1.127202,-1.134001
339.68,350.0,-1.13287,-1.139756
341.95,350.0,-1.135581,-1.14239
344.23,350.0,-1.136724,-1.143468
346.33,350.0,-1.136244,-1.143067
348.43,350.0,-1.13519,-1.141983
350.88,350.0,-1.133517,-1.140196
352.98,350.0,-1.131604,-1.13848
355.25,350.0,-1.130671,-1.137615
357.35,350.0,-1.131435,-1.138265
359.63,350.0,-1.133896,-1.140809
361.73,350.0,-1.137812,-1.14462
364.0,350.0,-1.143175,-1.149595
366.28,350.0,-1.148416,-1.155073
368.38,350.0,-1.153308,-1.16003
370.65,350.0,-1.157738,-1.164081
372.75,350.0,-1.160643,-1.167122
375.03,350.0,-1.161656,-1.168107
377.3,350.0,-1.16181,-1.168114
379.58,350.0,-1.16105,-1.167424
381.68,350.0,-1.159026,-1.165606
383.95,350.0,-1.155932,-1.162334
386.05,350.0,-1.151576,-1.157978
388.33,350.0,-1.146484,-1.153203
390.6,350.0,-1.139974,-1.14686
392.7,350.0,-1.133089,-1.139777
394.98,350.0,-1.124953,-1.131848
397.25,350.0,-1.117063,-1.124217
399.35,350.0,-1.109697,-1.116894
401.63,350.0,-1.102408,-1.109679
403.9,350.0,-1.096105,-1.1036
406.0,350.0,-1.090088,-1.097267
408.28,350.0,-1.084762,-1.092304
410.55,350.0,-1.079993,-1.087519
412.65,350.0,-1.075101,-1.082815
414.93,350.0,-1.070292,-1.078052
417.2,350.0,-1.06418,-1.071925
419.3,350.0,-1.057522,-1.065313
421.58,350.0,-1.050289,-1.058188
423.85,350.0,-1.043551,-1.051629
426.13,350.0,-1.037787,-1.045735
428.23,350.0,-1.032636,-1.040726
430.5,350.0,-1.026857,-1.035036
432.78,350.0,-1.020255,-1.028339
434.88,350.0,-1.013021,-1.021379
437.15,350.0,-1.006644,-1.015206
439.43,350.0,-1.002261,-1.010751
441.53,350.0,-0.999633,-1.008068
443.8,350.0,-0.9984,-1.006959
445.9,350.0,-0.997569,-1.006312
448.18,350.0,-0.995505,-1.004291
450.45,350.0,-0.99223,-1.000813
452.55,350.0,-0.988065,-0.996922
454.83,350.0,-0.985052,-0.993844
457.1,350.0,-0.983912,-0.992778
459.2,350.0,-0.985123,-0.993973
461.48,350.0,-0.988601,-0.997378
463.58,350.0,-0.993588,-1.002387
465.85,350.0,-0.998699,-1.007288
468.13,350.0,-1.004146,-1.012461
470.4,350.0,-1.009164,-1.017763
472.5,350.0,-1.015086,-1.023653
474.78,350.0,-1.020674,-1.028816
477.05,350.0,-1.024833,-1.033012
479.33,350.0,-1.026564,-1.034685
481.43,350.0,-1.025055,-1.033148
483.7,350.0,-1.02072,-1.02901
485.98,350.0,-1.014405,-1.022846
488.08,350.0,-1.006712,-1.015249
490.35,350.0,-0.997199,-1.005708
492.45,350.0,-0.986262,-0.995052
494.73,350.0,-0.973505,-0.982384
496.83,350.0,-0.960116,-0.969288
499.1,350.0,-0.947895,-0.957273
501.38,350.0,-0.937677,-0.947196
503.48,350.0,-0.92995,-0.939426
505.75,350.0,-0.924044,-0.933567
507.85,350.0,-0.919389,-0.929094
510.13,350.0,-0.915452,-0.925187
512.4,350.0,-0.910101,-0.919867
514.5,350.0,-0.903933,-0.913844
516.78,350.0,-0.896715,-0.906583
519.05,350.0,-0.888918,-0.898736
521.33,350.0,-0.882649,-0.892843
523.6,350.0,-0.877738,-0.888114
525.7,350.0,-0.873564,-0.884023
527.98,350.0,-0.87085,-0.881241
530.25,350.0,-0.869158,-0.879473
532.35,350.0,-0.86792,-0.877923
534.63,350.0,-0.866518,-0.876845
536.73,350.0,-0.863102,-0.873447
539.18,350.0,-0.857597,-0.868068
541.45,350.0,-0.850674,-0.861349
543.55,350.0,-0.843142,-0.853789
545.83,350.0,-0.83605,-0.846712
548.1,350.0,-0.829577,-0.840446
550.2,350.0,-0.825311,-0.836296
552.48,350.0,-0.822399,-0.833364
554.75,350.0,-0.821491,-0.832353
556.85,350.0,-0.822809,-0.833918
559.13,350.0,-0.825884,-0.836808
561.4,350.0,-0.829048,-0.839996
563.5,350.0,-0.831897,-0.842658
565.78,350.0,-0.832344,-0.84321
567.88,350.0,-0.829463,-0.84032
570.15,350.0,-0.824356,-0.835382
572.25,350.0,-0.817797,-0.828943
574.53,350.0,-0.811953,-0.823216
576.8,350.0,-0.80568,-0.817181
579.08,350.0,-0.799051,-0.810437
581.18,350.0,-0.791069,-0.802381
583.45,350.0,-0.782711,-0.79422
585.73,350.0,-0.773921,-0.785382
587.83,350.0,-0.764692,-0.776525
590.1,350.0,-0.756266,-0.76813
592.38,350.0,-0.748388,-0.760351
594.65,350.0,-0.74126,-0.7532
596.75,350.0,-0.735067,-0.747289
599.03,350.0,-0.728376,-0.740493
601.3,350.0,-0.721851,-0.734202
603.4,350.0,-0.714134,-0.726448
605.68,350.0,-0.70488,-0.717492
607.78,350.0,-0.693564,-0.706291
610.05,350.0,-0.681522,-0.69402
612.33,350.0,-0.66805,-0.681106
614.6,350.0,-0.65362,-0.66687
616.7,350.0,-0.637699,-0.651044
618.98,350.0,-0.620406,-0.63406
621.08,350.0,-0.600869,-0.614741
623.35,350.0,-0.579553,-0.593644
625.63,350.0,-0.557113,-0.571534
627.73,350.0,-0.535367,-0.550188
630.0,350.0,-0.516688,-0.531704
632.28,350.0,-0.500154,-0.515286
634.38,350.0,-0.486599,-0.501956
636.65,350.0,-0.475875,-0.491192
638.93,350.0,-0.465927,-0.481688
641.2,350.0,-0.455213,-0.471035
643.3,350.0,-0.441756,-0.457807
645.58,350.0,-0.426479,-0.442523
647.85,350.0,-0.40841,-0.42476
649.95,350.0,-0.389039,-0.405632
652.23,350.0,-0.369196,-0.386038
654.33,350.0,-0.35114,-0.368417
656.6,350.0,-0.335284,-0.352625
658.88,350.0,-0.32126,-0.338894
660.98,350.0,-0.308109,-0.325835
663.25,350.0,-0.295983,-0.313672
665.35,350.0,-0.285127,-0.303266
667.63,350.0,-0.276072,-0.294045
669.9,350.0,-0.268238,-0.286501
672.0,350.0,-0.262791,-0.281069
674.28,350.0,-0.259258,-0.277486
676.38,350.0,-0.258044,-0.276417
678.65,350.0,-0.258845,-0.277061
680.93,350.0,-0.260583,-0.278719
683.03,350.0,-0.262416,-0.280561
685.3,350.0,-0.264298,-0.282548
687.58,350.0,-0.26781,-0.286023
689.68,350.0,-0.273331,-0.291402
691.95,350.0,-0.280567,-0.298629
694.23,350.0,-0.289196,-0.307221
696.33,350.0,-0.298133,-0.315854
698.6,350.0,-0.306997,-0.324735
700.88,350.0,-0.316063,-0.33366
702.98,350.0,-0.325336,-0.342856
705.25,350.0,-0.334467,-0.351867
707.35,350.0,-0.343066,-0.360265
709.63,350.0,-0.349945,-0.366984
11.55,385.0,-0.350487,-0.367705
13.65,385.0,-0.353293,-0.370502
16.1,385.0,-0.348444,-0.365518
18.38,385.0,-0.334436,-0.351769
20.48,385.0,-0.311923,-0.329412
22.93,385.0,-0.278361,-0.296399
25.2,385.0,-0.24684,-0.265352
27.48,385.0,-0.215179,-0.233934
29.58,385.0,-0.184153,-0.203522
31.85,385.0,-0.155127,-0.174742
34.13,385.0,-0.135749,-0.15562
36.4,385.0,-0.123137,-0.143278
38.5,385.0,-0.119354,-0.139489
40.95,385.0,-0.122872,-0.143054
43.23,385.0,-0.131479,-0.151495
45.33,385.0,-0.143636,-0.163269
47.6,385.0,-0.157801,-0.177391
50.05,385.0,-0.174538,-0.193931
52.15,385.0,-0.187983,-0.207077
54.43,385.0,-0.199831,-0.218691
56.7,385.0,-0.208531,-0.22753
58.8,385.0,-0.214218,-0.232933
61.08,385.0,-0.218115,-0.236895
71.75,385.0,-0.271307,-0.289246
74.03,385.0,-0.293636,-0.311528
76.3,385.0,-0.314088,-0.331648
78.58,385.0,-0.329874,-0.347382
80.68,385.0,-0.341365,-0.358518
82.95,385.0,-0.348481,-0.365567
85.23,385.0,-0.351562,-0.368635
87.33,385.0,-0.351436,-0.368565
89.6,385.0,-0.348426,-0.365604
91.88,385.0,-0.342443,-0.359618
93.98,385.0,-0.335302,-0.352576
96.25,385.0,-0.328623,-0.346017
98.53,385.0,-0.325142,-0.342801
100.63,385.0,-0.326618,-0.344165
102.9,385.0,-0.334458,-0.351648
105.18,385.0,-0.350395,-0.367573
107.45,385.0,-0.374036,-0.39085
109.55,385.0,-0.403749,-0.419951
111.83,385.0,-0.433343,-0.449193
114.1,385.0,-0.460795,-0.476393
116.2,385.0,-0.486069,-0.501516
118.48,385.0,-0.507619,-0.522843
120.58,385.0,-0.524116,-0.538709
122.85,385.0,-0.537193,-0.55187
125.13,385.0,-0.54776,-0.562314
127.23,385.0,-0.556013,-0.570422
129.5,385.0,-0.561808,-0.576032
131.6,385.0,-0.566811,-0.5811
133.88,385.0,-0.571713,-0.586035
135.98,385.0,-0.577548,-0.591574
138.25,385.0,-0.584593,-0.598601
140.53,385.0,-0.591987,-0.605924
142.63,385.0,-0.599729,-0.613506
144.9,385.0,-0.608429,-0.62232
147.18,385.0,-0.617298,-0.630967
149.45,385.0,-0.625943,-0.639667
151.55,385.0,-0.635123,-0.648638
153.83,385.0,-0.644843,-0.658207
155.93,385.0,-0.655483,-0.668657
158.2,385.0,-0.667692,-0.680631
160.48,385.0,-0.680061,-0.692714
162.75,385.0,-0.692218,-0.704759
164.85,385.0,-0.703139,-0.715674
167.13,385.0,-0.712726,-0.724898
169.4,385.0,-0.719618,-0.731928
171.5,385.0,-0.725588,-0.737745
173.78,385.0,-0.730733,-0.742966
176.05,385.0,-0.735915,-0.747855
178.33,385.0,-0.740221,-0.75223
180.43,385.0,-0.744593,-0.756448
182.7,385.0,-0.747523,-0.759368
184.8,385.0,-0.746081,-0.757899
187.08,385.0,-0.73825,-0.750363
189.35,385.0,-0.723265,-0.735514
191.45,385.0,-0.702329,-0.714756
193.73,385.0,-0.677782,-0.690262
196.0,385.0,-0.651207,-0.664421
198.1,385.0,-0.624325,-0.638016
200.38,385.0,-0.600129,-0.614079
202.65,385.0,-0.582113,-0.596248
205.1,385.0,-0.573423,-0.587628
207.2,385.0,-0.573835,-0.587896
209.48,385.0,-0.57927,-0.593321
211.75,385.0,-0.587384,-0.601411
213.85,385.0,-0.598946,-0.612816
216.13,385.0,-0.611198,-0.624997
218.4,385.0,-0.625329,-0.638786
220.5,385.0,-0.640542,-0.653906
222.95,385.0,-0.659784,-0.672689
225.23,385.0,-0.674686,-0.687449
227.5,385.0,-0.690345,-0.702849
229.78,385.0,-0.705736,-0.718302
231.88,385.0,-0.722165,-0.73418
234.15,385.0,-0.736327,-0.748287
236.25,385.0,-0.751235,-0.763093
238.53,385.0,-0.765049,-0.776608
240.8,385.0,-0.776491,-0.788173
243.08,385.0,-0.78385,-0.795218
245.18,385.0,-0.788817,-0.800274
247.45,385.0,-0.792187,-0.803478
249.55,385.0,-0.795286,-0.806561
251.83,385.0,-0.798142,-0.809655
253.93,385.0,-0.801361,-0.812489
256.2,385.0,-0.803844,-0.815064
258.48,385.0,-0.806284,-0.817366
260.75,385.0,-0.808521,-0.819691
262.85,385.0,-0.811201,-0.822279
265.13,385.0,-0.814115,-0.825388
267.23,385.0,-0.817797,-0.828736
269.5,385.0,-0.823083,-0.834044
271.78,385.0,-0.829904,-0.840834
273.88,385.0,-0.83942,-0.849876
276.15,385.0,-0.849525,-0.860043
278.43,385.0,-0.860841,-0.871059
280.7,385.0,-0.871062,-0.881466
282.98,385.0,-0.880877,-0.890911
285.08,385.0,-0.889932,-0.90003
287.35,385.0,-0.89764,-0.907328
289.63,385.0,-0.904389,-0.914183
291.9,385.0,-0.910415,-0.920209
294.18,385.0,-0.916407,-0.926004
296.28,385.0,-0.920307,-0.929839
298.55,385.0,-0.921595,-0.93121
300.83,385.0,-0.921617,-0.931361
302.93,385.0,-0.922883,-0.932399
305.2,385.0,-0.926586,-0.935917
307.48,385.0,-0.932137,-0.941657
309.75,385.0,-0.939651,-0.949038
312.03,385.0,-0.946601,-0.955896
314.13,385.0,-0.953792,-0.962867
316.4,385.0,-0.960745,-0.969972
318.5,385.0,-0.968687,-0.97776
320.78,385.0,-0.976808,-0.985714
323.05,385.0,-0.984556,-0.993431
325.15,385.0,-0.992757,-1.001515
327.43,385.0,-1.001065,-1.009553
329.7,385.0,-1.00962,-1.017797
331.98,385.0,-1.017947,-1.026305
334.08,385.0,-1.025206,-1.033422
336.35,385.0,-1.031841,-1.039861
338.63,385.0,-1.036869,-1.044833
340.73,385.0,-1.040933,-1.049041
343.0,385.0,-1.044626,-1.052501
345.1,385.0,-1.047649,-1.055643
347.38,385.0,-1.050732,-1.05869
349.65,385.0,-1.053326,-1.061142
351.75,385.0,-1.055384,-1.063249
354.03,385.0,-1.057584,-1.065353
356.3,385.0,-1.059559,-1.067427
358.58,385.0,-1.061952,-1.06967
360.85,385.0,-1.064571,-1.07218
363.13,385.0,-1.066712,-1.074235
365.23,385.0,-1.068215,-1.075859
367.5,385.0,-1.068813,-1.076678
369.78,385.0,-1.068431,-1.076068
372.05,385.0,-1.068391,-1.076127
374.15,385.0,-1.0695,-1.077103
376.43,385.0,-1.071148,-1.078862
378.53,385.0,-1.072713,-1.080378
380.8,385.0,-1.074405,-1.081931
383.08,385.0,-1.075698,-1.083348
385.18,385.0,-1.076573,-1.084164
387.45,385.0,-1.075871,-1.08324
389.55,385.0,-1.073557,-1.081231
391.83,385.0,-1.070692,-1.07848
394.1,385.0,-1.068166,-1.075797
396.2,385.0,-1.067356,-1.074928
398.48,385.0,-1.068964,-1.076595
400.58,385.0,-1.072048,-1.079648
402.85,385.0,-1.076259,-1.08401
405.13,385.0,-1.080369,-1.087877
407.23,385.0,-1.082433,-1.089907
409.5,385.0,-1.08101,-1.088567
411.78,385.0,-1.074965,-1.082507
414.05,385.0,-1.066934,-1.074479
416.15,385.0,-1.057578,-1.065575
418.43,385.0,-1.049306,-1.057202
420.7,385.0,-1.042892,-1.051053
422.98,385.0,-1.038594,-1.046811
425.25,385.0,-1.036459,-1.04474
427.35,385.0,-1.036466,-1.044368
429.63,385.0,-1.036694,-1.044802
431.73,385.0,-1.036546,-1.044839
434.0,385.0,-1.034833,-1.042991
436.1,385.0,-1.032297,-1.040369
438.38,385.0,-1.02881,-1.036996
440.65,385.0,-1.025677,-1.033838
442.75,385.0,-1.02226,-1.030566
445.03,385.0,-1.018761,-1.027254
447.3,385.0,-1.013986,-1.022344
449.4,385.0,-1.008403,-1.016925
451.68,385.0,-1.002094,-1.010548
453.78,385.0,-0.993715,-1.00222
456.05,385.0,-0.98336,-0.992316
458.33,385.0,-0.972427,-0.981346
460.43,385.0,-0.960508,-0.969716
462.7,385.0,-0.947713,-0.957079
464.98,385.0,-0.934522,-0.943878
467.25,385.0,-0.921909,-0.93141
469.53,385.0,-0.911207,-0.921176
471.63,385.0,-0.901845,-0.911842
473.9,385.0,-0.893518,-0.903616
476.18,385.0,-0.887409,-0.897529
478.28,385.0,-0.883536,-0.893773
480.55,385.0,-0.881435,-0.891669
482.65,385.0,-0.880736,-0.891022
484.93,385.0,-0.881232,-0.891373
487.2,385.0,-0.882273,-0.892498
489.3,385.0,-0.88328,-0.893311
491.58,385.0,-0.884565,-0.894781
493.85,385.0,-0.886959,-0.897196
496.13,385.0,-0.891343,-0.901494
498.23,385.0,-0.897187,-0.906897
500.5,385.0,-0.90369,-0.913419
502.78,385.0,-0.908327,-0.918062
505.05,385.0,-0.911222,-0.921022
507.15,385.0,-0.912566,-0.922328
509.43,385.0,-0.912686,-0.922479
511.7,385.0,-0.911139,-0.920902
513.8,385.0,-0.907957,-0.917738
516.08,385.0,-0.903431,-0.913354
518.35,385.0,-0.897168,-0.907008
520.45,385.0,-0.889605,-0.899722
522.73,385.0,-0.880132,-0.890354
525.0,385.0,-0.869639,-0.879959
527.1,385.0,-0.858752,-0.869254
529.38,385.0,-0.847772,-0.858505
531.65,385.0,-0.836648,-0.847255
533.75,385.0,-0.825742,-0.836675
536.03,385.0,-0.815203,-0.826337
538.3,385.0,-0.804956,-0.816186
540.58,385.0,-0.796022,-0.807396
542.68,385.0,-0.788197,-0.799565
544.95,385.0,-0.781466,-0.792923
547.05,385.0,-0.776743,-0.788287
549.33,385.0,-0.773382,-0.785074
551.6,385.0,-0.771235,-0.782803
553.88,385.0,-0.769938,-0.781562
555.98,385.0,-0.768576,-0.780335
558.25,385.0,-0.766657,-0.778222
560.53,385.0,-0.764793,-0.776469
562.63,385.0,-0.76431,-0.775865
565.08,385.0,-0.765446,-0.77715
567.35,385.0,-0.768579,-0.780077
569.63,385.0,-0.772643,-0.784106
571.73,385.0,-0.776771,-0.78833
574.0,385.0,-0.781007,-0.792276
576.28,385.0,-0.783801,-0.795228
578.38,385.0,-0.784279,-0.795748
580.65,385.0,-0.781888,-0.793401
582.75,385.0,-0.775945,-0.78759
585.03,385.0,-0.766469,-0.777969
587.3,385.0,-0.754889,-0.766753
589.58,385.0,-0.742634,-0.754698
591.68,385.0,-0.730742,-0.743083
593.95,385.0,-0.719664,-0.732218
596.23,385.0,-0.70894,-0.721278
598.33,385.0,-0.698099,-0.710563
600.6,385.0,-0.687162,-0.699639
602.88,385.0,-0.676093,-0.688897
604.98,385.0,-0.663986,-0.677129
607.25,385.0,-0.650366,-0.66354
609.53,385.0,-0.634719,-0.648265
611.8,385.0,-0.617809,-0.631516
613.9,385.0,-0.599063,-0.61304
616.18,385.0,-0.578321,-0.592603
618.28,385.0,-0.556784,-0.571241
620.55,385.0,-0.534692,-0.549522
622.83,385.0,-0.51374,-0.528721
625.1,385.0,-0.492458,-0.507807
627.38,385.0,-0.471741,-0.487237
629.48,385.0,-0.45358,-0.469461
631.75,385.0,-0.436864,-0.452674
633.85,385.0,-0.421331,-0.437422
636.13,385.0,-0.406827,-0.423284
638.4,385.0,-0.392844,-0.409421
640.5,385.0,-0.379258,-0.396001
642.78,385.0,-0.366232,-0.383056
645.05,385.0,-0.353441,-0.37053
647.15,385.0,-0.341236,-0.358497
649.43,385.0,-0.330841,-0.348257
651.7,385.0,-0.322098,-0.339763
653.8,385.0,-0.315139,-0.332952
656.08,385.0,-0.309819,-0.327443
658.35,385.0,-0.306285,-0.32378
660.45,385.0,-0.304332,-0.322098
662.73,385.0,-0.303019,-0.320838
665.0,385.0,-0.302631,-0.320478
667.28,385.0,-0.302138,-0.319973
669.38,385.0,-0.301519,-0.319239
671.65,385.0,-0.301516,-0.31931
673.75,385.0,-0.30183,-0.319757
676.03,385.0,-0.302317,-0.320099
678.3,385.0,-0.302739,-0.320148
680.4,385.0,-0.302748,-0.320293
682.68,385.0,-0.303451,-0.321288
684.95,385.0,-0.305721,-0.32325
687.05,385.0,-0.309514,-0.327151
689.33,385.0,-0.31557,-0.333161
691.6,385.0,-0.324116,-0.341753
693.7,385.0,-0.335148,-0.352523
695.98,385.0,-0.349054,-0.366063
698.08,385.0,-0.365955,-0.382788
700.35,385.0,-0.385105,-0.40171
702.63,385.0,-0.40455,-0.421393
704.55,385.0,-0.422677,-0.438808
707.18,385.0,-0.437847,-0.453768
709.28,385.0,-0.45004,-0.465783
10.15,420.0,-0.232111,-0.251054
12.25,420.0,-0.24452,-0.262992
14.53,420.0,-0.250872,-0.269449
16.63,420.0,-0.249618,-0.268294
18.9,420.0,-0.239732,-0.258318
21.18,420.0,-0.223944,-0.242773
23.45,420.0,-0.205349,-0.224264
25.55,420.0,-0.186069,-0.205287
28.0,420.0,-0.164825,-0.184486
30.28,420.0,-0.145558,-0.165244
32.38,420.0,-0.128707,-0.148568
34.65,420.0,-0.115706,-0.135974
36.93,420.0,-0.107918,-0.128109
39.03,420.0,-0.105364,-0.125931
41.3,420.0,-0.109468,-0.129628
43.58,420.0,-0.120158,-0.140287
45.68,420.0,-0.136621,-0.156261
47.95,420.0,-0.158017,-0.177755
50.05,420.0,-0.183697,-0.202992
52.33,420.0,-0.212064,-0.230952
54.43,420.0,-0.239588,-0.258204
56.7,420.0,-0.265638,-0.283756
58.98,420.0,-0.289221,-0.307104
61.08,420.0,-0.310878,-0.328491
63.35,420.0,-0.329344,-0.346729
65.45,420.0,-0.345311,-0.362305
67.73,420.0,-0.356784,-0.373697
70.0,420.0,-0.363552,-0.380656
72.1,420.0,-0.365191,-0.382181
74.38,420.0,-0.362154,-0.379319
76.48,420.0,-0.35573,-0.372868
78.75,420.0,-0.349963,-0.367095
80.85,420.0,-0.346969,-0.364091
83.13,420.0,-0.349067,-0.36606
85.4,420.0,-0.355456,-0.372474
87.68,420.0,-0.366103,-0.382964
89.78,420.0,-0.379282,-0.395764
92.05,420.0,-0.393845,-0.410391
94.33,420.0,-0.409729,-0.426118
96.43,420.0,-0.425684,-0.441793
98.7,420.0,-0.439775,-0.455665
100.8,420.0,-0.452881,-0.468586
103.08,420.0,-0.46378,-0.479507
105.35,420.0,-0.473306,-0.488817
107.45,420.0,-0.482132,-0.497563
109.73,420.0,-0.491282,-0.506605
112.0,420.0,-0.501315,-0.516337
114.1,420.0,-0.511214,-0.526069
116.38,420.0,-0.522116,-0.536787
118.65,420.0,-0.534371,-0.548934
120.75,420.0,-0.548044,-0.56264
123.03,420.0,-0.562474,-0.57699
125.13,420.0,-0.575826,-0.589827
127.4,420.0,-0.586476,-0.600474
129.68,420.0,-0.595413,-0.60919
131.78,420.0,-0.602221,-0.616084
134.05,420.0,-0.608034,-0.621694
136.33,420.0,-0.612332,-0.626257
138.43,420.0,-0.616904,-0.630425
140.7,420.0,-0.621824,-0.635462
142.8,420.0,-0.627899,-0.641503
145.08,420.0,-0.636485,-0.649821
147.35,420.0,-0.646888,-0.660283
149.45,420.0,-0.65764,-0.670724
151.73,420.0,-0.66772,-0.680471
153.83,420.0,-0.677283,-0.689876
156.1,420.0,-0.686435,-0.698872
158.38,420.0,-0.694467,-0.706934
160.65,420.0,-0.701577,-0.713968
162.75,420.0,-0.707273,-0.719578
165.03,420.0,-0.71113,-0.723509
167.3,420.0,-0.713071,-0.725456
169.4,420.0,-0.714701,-0.727067
171.68,420.0,-0.716337,-0.728715
173.95,420.0,-0.717849,-0.730151
176.05,420.0,-0.719393,-0.731709
178.33,420.0,-0.721047,-0.733305
180.6,420.0,-0.723,-0.735194
182.7,420.0,-0.724781,-0.737224
184.98,420.0,-0.726728,-0.739029
187.25,420.0,-0.729645,-0.741845
189.35,420.0,-0.732976,-0.744975
191.63,420.0,-0.736053,-0.748127
193.9,420.0,-0.738857,-0.750742
196.0,420.0,-0.741956,-0.753955
198.28,420.0,-0.745816,-0.757775
200.55,420.0,-0.750354,-0.762252
202.65,420.0,-0.75499,-0.766709
204.93,420.0,-0.760234,-0.772024
207.03,420.0,-0.765511,-0.777153
209.3,420.0,-0.77191,-0.783336
211.58,420.0,-0.778031,-0.789393
213.68,420.0,-0.784186,-0.795671
215.95,420.0,-0.79004,-0.801463
218.05,420.0,-0.795893,-0.807147
220.33,420.0,-0.802079,-0.813376
222.6,420.0,-0.808379,-0.819479
224.7,420.0,-0.815138,-0.826146
226.98,420.0,-0.82187,-0.832683
229.25,420.0,-0.828351,-0.839057
231.53,420.0,-0.834134,-0.845024
233.63,420.0,-0.838844,-0.849399
235.9,420.0,-0.841614,-0.852248
238.0,420.0,-0.843625,-0.854072
240.28,420.0,-0.84393,-0.854559
242.55,420.0,-0.842818,-0.853468
244.83,420.0,-0.840933,-0.851528
246.93,420.0,-0.839202,-0.849867
249.2,420.0,-0.837168,-0.8478
251.48,420.0,-0.835104,-0.845862
253.58,420.0,-0.832498,-0.84329
255.85,420.0,-0.82954,-0.840468
258.13,420.0,-0.827461,-0.838345
260.23,420.0,-0.825711,-0.836583
262.5,420.0,-0.823998,-0.834809
264.6,420.0,-0.822387,-0.833053
267.05,420.0,-0.821672,-0.832557
269.15,420.0,-0.82337,-0.834353
271.43,420.0,-0.827794,-0.838669
273.7,420.0,-0.833644,-0.844544
275.8,420.0,-0.841013,-0.851685
278.08,420.0,-0.849728,-0.860169
280.18,420.0,-0.859325,-0.869722
282.45,420.0,-0.870101,-0.880338
284.55,420.0,-0.881728,-0.891728
286.83,420.0,-0.893493,-0.903653
289.1,420.0,-0.904885,-0.914701
291.38,420.0,-0.914842,-0.92455
293.48,420.0,-0.923511,-0.933253
295.75,420.0,-0.931534,-0.940745
298.03,420.0,-0.939796,-0.949081
300.3,420.0,-0.947464,-0.95682
302.4,420.0,-0.954892,-0.964063
304.68,420.0,-0.960431,-0.969636
306.95,420.0,-0.964436,-0.973302
309.05,420.0,-0.96515,-0.974371
311.33,420.0,-0.964035,-0.973108
313.6,420.0,-0.963185,-0.972171
315.7,420.0,-0.964069,-0.973212
317.98,420.0,-0.968213,-0.977091
320.25,420.0,-0.974017,-0.982907
322.53,420.0,-0.981435,-0.990468
324.63,420.0,-0.989047,-0.997744
326.9,420.0,-0.996222,-1.004858
329.18,420.0,-1.002966,-1.011552
331.28,420.0,-1.008308,-1.016678
333.55,420.0,-1.01219,-1.020397
335.83,420.0,-1.014519,-1.023006
337.93,420.0,-1.015501,-1.023866
340.2,420.0,-1.015575,-1.023696
342.48,420.0,-1.014839,-1.023172
344.75,420.0,-1.01365,-1.021959
347.03,420.0,-1.012744,-1.021121
349.13,420.0,-1.012818,-1.021219
351.4,420.0,-1.013986,-1.02243
353.5,420.0,-1.016506,-1.024894
355.78,420.0,-1.019968,-1.028373
358.05,420.0,-1.024097,-1.032334
360.33,420.0,-1.028921,-1.037082
362.43,420.0,-1.033613,-1.041592
364.7,420.0,-1.038015,-1.046136
366.98,420.0,-1.041096,-1.049075
369.08,420.0,-1.042301,-1.050387
371.35,420.0,-1.041558,-1.049663
373.63,420.0,-1.039368,-1.047418
375.73,420.0,-1.036222,-1.044251
378.0,420.0,-1.031349,-1.039525
380.1,420.0,-1.023228,-1.031647
382.38,420.0,-1.012547,-1.020905
384.48,420.0,-1.000387,-1.008822
386.75,420.0,-0.98902,-0.997729
389.03,420.0,-0.98003,-0.988795
391.13,420.0,-0.973191,-0.982162
393.4,420.0,-0.969038,-0.97796
395.68,420.0,-0.966158,-0.975187
397.95,420.0,-0.96519,-0.974263
400.05,420.0,-0.966158,-0.97528
402.33,420.0,-0.968961,-0.977843
404.43,420.0,-0.972294,-0.981229
406.7,420.0,-0.975853,-0.984851
408.98,420.0,-0.978708,-0.98743
411.08,420.0,-0.98011,-0.988967
413.35,420.0,-0.980896,-0.989768
415.63,420.0,-0.982002,-0.99088
417.73,420.0,-0.983801,-0.992624
420.0,420.0,-0.987051,-0.995846
422.28,420.0,-0.990994,-0.999611
424.55,420.0,-0.994858,-1.003462
426.65,420.0,-0.99808,-1.006706
428.93,420.0,-1.001318,-1.010039
431.03,420.0,-1.00398,-1.012365
433.3,420.0,-1.005363,-1.013893
435.58,420.0,-1.005917,-1.014466
437.68,420.0,-1.005933,-1.014435
439.95,420.0,-1.005745,-1.014137
442.23,420.0,-1.005236,-1.013712
444.33,420.0,-1.004617,-1.012966
446.6,420.0,-1.003718,-1.012211
448.88,420.0,-1.001503,-1.010212
450.98,420.0,-0.997932,-1.0065
453.25,420.0,-0.993859,-1.002427
455.35,420.0,-0.98987,-0.998659
457.63,420.0,-0.986734,-0.995427
459.9,420.0,-0.983499,-0.992322
462.0,420.0,-0.98064,-0.989399
464.28,420.0,-0.977991,-0.986802
466.55,420.0,-0.976287,-0.985123
468.65,420.0,-0.97544,-0.984491
470.75,420.0,-0.974633,-0.983721
473.2,420.0,-0.972917,-0.981909
475.48,420.0,-0.969574,-0.978493
477.58,420.0,-0.964291,-0.973437
479.85,420.0,-0.956783,-0.965945
482.13,420.0,-0.949959,-0.959158
484.4,420.0,-0.944651,-0.954023
486.68,420.0,-0.942935,-0.952116
488.78,420.0,-0.943456,-0.952747
491.05,420.0,-0.946133,-0.955412
493.33,420.0,-0.948727,-0.957972
495.43,420.0,-0.949473,-0.958524
497.7,420.0,-0.947495,-0.956848
499.8,420.0,-0.943906,-0.95332
502.08,420.0,-0.940615,-0.950123
504.35,420.0,-0.937914,-0.947171
506.45,420.0,-0.936022,-0.94552
508.73,420.0,-0.934639,-0.943977
511.0,420.0,-0.933558,-0.942975
513.1,420.0,-0.932079,-0.941521
515.38,420.0,-0.930569,-0.939959
517.48,420.0,-0.929038,-0.938675
519.75,420.0,-0.926626,-0.936262
522.03,420.0,-0.9232,-0.932658
524.3,420.0,-0.917513,-0.92702
526.58,420.0,-0.908068,-0.917741
528.85,420.0,-0.896759,-0.906802
531.13,420.0,-0.883025,-0.893191
533.4,420.0,-0.869063,-0.87958
535.5,420.0,-0.85682,-0.86723
537.78,420.0,-0.847905,-0.858441
539.88,420.0,-0.842193,-0.852935
542.15,420.0,-0.840027,-0.850594
544.6,420.0,-0.839676,-0.850187
546.7,420.0,-0.840736,-0.85129
548.98,420.0,-0.842116,-0.852732
551.25,420.0,-0.843946,-0.8545
553.53,420.0,-0.845837,-0.856454
555.63,420.0,-0.847751,-0.858191
557.9,420.0,-0.849667,-0.860141
560.18,420.0,-0.851768,-0.862409
562.28,420.0,-0.853918,-0.864356
564.55,420.0,-0.856078,-0.8665
566.83,420.0,-0.857332,-0.867809
568.93,420.0,-0.857449,-0.867914
571.2,420.0,-0.856768,-0.867153
573.48,420.0,-0.856142,-0.866518
575.58,420.0,-0.855418,-0.866044
577.85,420.0,-0.854812,-0.865338
579.95,420.0,-0.853853,-0.864436
582.4,420.0,-0.852255,-0.862649
584.5,420.0,-0.849393,-0.859901
586.78,420.0,-0.846204,-0.856555
589.05,420.0,-0.842538,-0.853351
591.15,420.0,-0.839707,-0.850338
593.43,420.0,-0.836506,-0.847341
595.53,420.0,-0.83369,-0.844568
597.8,420.0,-0.831327,-0.842184
600.08,420.0,-0.829442,-0.840154
602.18,420.0,-0.828142,-0.839038
604.45,420.0,-0.827501,-0.838154
606.73,420.0,-0.826269,-0.83711
608.83,420.0,-0.825468,-0.836327
611.28,420.0,-0.823967,-0.834972
613.55,420.0,-0.82182,-0.832649
615.65,420.0,-0.818114,-0.829294
617.93,420.0,-0.813555,-0.824618
620.03,420.0,-0.808012,-0.819186
622.3,420.0,-0.803284,-0.81439
624.58,420.0,-0.80068,-0.811879
626.68,420.0,-0.799491,-0.810911
628.95,420.0,-0.799562,-0.810905
631.23,420.0,-0.800831,-0.812076
633.33,420.0,-0.802051,-0.813284
635.6,420.0,-0.803009,-0.814186
637.88,420.0,-0.802674,-0.814078
639.98,420.0,-0.801207,-0.812464
642.25,420.0,-0.798496,-0.809756
644.53,420.0,-0.794313,-0.805733
646.63,420.0,-0.789236,-0.80028
648.9,420.0,-0.782276,-0.793773
651.0,420.0,-0.774916,-0.786139
653.28,420.0,-0.766518,-0.777972
655.55,420.0,-0.758592,-0.77036
657.65,420.0,-0.751078,-0.762988
659.93,420.0,-0.743995,-0.755933
662.2,420.0,-0.736854,-0.748955
664.3,420.0,-0.728727,-0.740979
666.58,420.0,-0.720012,-0.732359
668.68,420.0,-0.71085,-0.723561
670.95,420.0,-0.701762,-0.714405
673.23,420.0,-0.694402,-0.707153
675.33,420.0,-0.689756,-0.702233
677.6,420.0,-0.687966,-0.700409
679.7,420.0,-0.688247,-0.700761
681.98,420.0,-0.690388,-0.702908
684.25,420.0,-0.694883,-0.707618
686.35,420.0,-0.702686,-0.715108
688.63,420.0,-0.713601,-0.725825
690.9,420.0,-0.726786,-0.73906
693.18,420.0,-0.741974,-0.75386
695.28,420.0,-0.758555,-0.770089
697.55,420.0,-0.775868,-0.78744
699.83,420.0,-0.7941,-0.805452
702.1,420.0,-0.811743,-0.822624
704.2,420.0,-0.827615,-0.838265
706.48,420.0,-0.841916,-0.852538
708.58,420.0,-0.854722,-0.865234
710.85,420.0,-0.865967,-0.876367
10.85,455.0,-0.15001,-0.169994
13.13,455.0,-0.177256,-0.196559
15.4,455.0,-0.202946,-0.222024
17.68,455.0,-0.217983,-0.23675
19.95,455.0,-0.220244,-0.239064
22.05,455.0,-0.209726,-0.22858
24.33,455.0,-0.188583,-0.207628
26.43,455.0,-0.162151,-0.181775
28.7,455.0,-0.137382,-0.157243
30.98,455.0,-0.117841,-0.137936
33.25,455.0,-0.104794,-0.125272
35.35,455.0,-0.099252,-0.119714
37.63,455.0,-0.100161,-0.120512
39.73,455.0,-0.106116,-0.126362
42.0,455.0,-0.115848,-0.136039
44.28,455.0,-0.129107,-0.14911
46.55,455.0,-0.145866,-0.1657
48.83,455.0,-0.16859,-0.187906
51.1,455.0,-0.194147,-0.213155
53.2,455.0,-0.222222,-0.241035
55.48,455.0,-0.249492,-0.26797
57.75,455.0,-0.275379,-0.293426
59.85,455.0,-0.297329,-0.315006
62.13,455.0,-0.314477,-0.332009
64.4,455.0,-0.325493,-0.342878
66.5,455.0,-0.331328,-0.348703
68.78,455.0,-0.334064,-0.351439
71.05,455.0,-0.334501,-0.351876
73.33,455.0,-0.335296,-0.352529
75.43,455.0,-0.338389,-0.355841
77.7,455.0,-0.344902,-0.362231
79.8,455.0,-0.355182,-0.372114
82.08,455.0,-0.368287,-0.385225
84.35,455.0,-0.382767,-0.399461
86.45,455.0,-0.397597,-0.414187
88.73,455.0,-0.410142,-0.426525
91.0,455.0,-0.419258,-0.435496
93.28,455.0,-0.424883,-0.440807
95.38,455.0,-0.427625,-0.443706
97.65,455.0,-0.429861,-0.445706
99.93,455.0,-0.433084,-0.449005
102.03,455.0,-0.439954,-0.455964
104.3,455.0,-0.449501,-0.465407
106.4,455.0,-0.462046,-0.477489
108.68,455.0,-0.478142,-0.49329
110.95,455.0,-0.497107,-0.51223
113.05,455.0,-0.518339,-0.53321
115.33,455.0,-0.538561,-0.553259
117.43,455.0,-0.557659,-0.572196
119.7,455.0,-0.574464,-0.588684
121.98,455.0,-0.58882,-0.603081
124.08,455.0,-0.60142,-0.615163
126.35,455.0,-0.612797,-0.626349
128.63,455.0,-0.62422,-0.637806
130.9,455.0,-0.636361,-0.649812
133.0,455.0,-0.648632,-0.661956
135.1,455.0,-0.659522,-0.672646
137.38,455.0,-0.668499,-0.681309
139.65,455.0,-0.675129,-0.687748
141.75,455.0,-0.679849,-0.692474
144.03,455.0,-0.683543,-0.696232
146.3,455.0,-0.686891,-0.699467
148.58,455.0,-0.69101,-0.703604
150.68,455.0,-0.696555,-0.70927
152.95,455.0,-0.703059,-0.715653
155.05,455.0,-0.710277,-0.722775
157.33,455.0,-0.71662,-0.72902
159.6,455.0,-0.721759,-0.734035
161.88,455.0,-0.724944,-0.737098
164.15,455.0,-0.725289,-0.737477
166.43,455.0,-0.72378,-0.736081
168.7,455.0,-0.720234,-0.732538
170.8,455.0,-0.715748,-0.728096
173.08,455.0,-0.711324,-0.72366
175.18,455.0,-0.706802,-0.719119
177.45,455.0,-0.702803,-0.715323
179.73,455.0,-0.700154,-0.712517
181.83,455.0,-0.698315,-0.711121
184.1,455.0,-0.697701,-0.710477
186.38,455.0,-0.698256,-0.710653
188.48,455.0,-0.699947,-0.712418
190.75,455.0,-0.701873,-0.714257
193.03,455.0,-0.704824,-0.717122
195.13,455.0,-0.707809,-0.720212
197.4,455.0,-0.711019,-0.723281
199.5,455.0,-0.714066,-0.726543
201.78,455.0,-0.717643,-0.730092
204.05,455.0,-0.722212,-0.734337
206.15,455.0,-0.726632,-0.738888
208.43,455.0,-0.731746,-0.74374
210.53,455.0,-0.736408,-0.748441
212.8,455.0,-0.740462,-0.752554
215.08,455.0,-0.745169,-0.757156
217.35,455.0,-0.749454,-0.761167
219.63,455.0,-0.753034,-0.764956
221.73,455.0,-0.757051,-0.768921
224.0,455.0,-0.761343,-0.77317
226.28,455.0,-0.766167,-0.777646
228.55,455.0,-0.772443,-0.783958
230.65,455.0,-0.779417,-0.791084
232.93,455.0,-0.787865,-0.79926
235.2,455.0,-0.796642,-0.807858
237.48,455.0,-0.804322,-0.815474
239.75,455.0,-0.811423,-0.822532
241.85,455.0,-0.815982,-0.826888
244.13,455.0,-0.819103,-0.83003
246.4,455.0,-0.82219,-0.832874
248.5,455.0,-0.826515,-0.837452
250.78,455.0,-0.832452,-0.843428
253.05,455.0,-0.840178,-0.850637
255.15,455.0,-0.847717,-0.858231
257.43,455.0,-0.85454,-0.865215
259.7,455.0,-0.861278,-0.871574
261.8,455.0,-0.866894,-0.87711
264.08,455.0,-0.872168,-0.882384
266.35,455.0,-0.877239,-0.887393
268.45,455.0,-0.882409,-0.892686
270.73,455.0,-0.888752,-0.89893
273.0,455.0,-0.89544,-0.905357
275.1,455.0,-0.903089,-0.912787
277.38,455.0,-0.910092,-0.919821
279.48,455.0,-0.917409,-0.927168
281.75,455.0,-0.924004,-0.933668
284.03,455.0,-0.930742,-0.940095
286.13,455.0,-0.937026,-0.946404
288.4,455.0,-0.942837,-0.952103
290.5,455.0,-0.947929,-0.956922
292.78,455.0,-0.952932,-0.962227
294.88,455.0,-0.957904,-0.967307
297.15,455.0,-0.963635,-0.972713
299.43,455.0,-0.968721,-0.977689
301.7,455.0,-0.971669,-0.980649
303.8,455.0,-0.973323,-0.982119
306.08,455.0,-0.973009,-0.98202
308.18,455.0,-0.97076,-0.979833
310.45,455.0,-0.967686,-0.976497
312.73,455.0,-0.964756,-0.973829
314.83,455.0,-0.964223,-0.973274
317.1,455.0,-0.967107,-0.976142
319.38,455.0,-0.972298,-0.981306
321.48,455.0,-0.97922,-0.988068
323.75,455.0,-0.986084,-0.994787
326.03,455.0,-0.993123,-1.001687
328.13,455.0,-0.999842,-1.008407
330.4,455.0,-1.006472,-1.015169
332.5,455.0,-1.012341,-1.020816
334.78,455.0,-1.01767,-1.025779
337.05,455.0,-1.021469,-1.029645
339.33,455.0,-1.024414,-1.032821
341.43,455.0,-1.026191,-1.034463
343.7,455.0,-1.027057,-1.035267
345.98,455.0,-1.027039,-1.035452
348.25,455.0,-1.026709,-1.034731
350.35,455.0,-1.026244,-1.034562
352.63,455.0,-1.026265,-1.034445
354.9,455.0,-1.026641,-1.034931
357.0,455.0,-1.027088,-1.03528
359.28,455.0,-1.028006,-1.03633
361.38,455.0,-1.02942,-1.037411
363.65,455.0,-1.031185,-1.039087
365.93,455.0,-1.033037,-1.041158
368.2,455.0,-1.035335,-1.043524
370.3,455.0,-1.037288,-1.04544
372.58,455.0,-1.038856,-1.046903
374.68,455.0,-1.039811,-1.04792
376.95,455.0,-1.038973,-1.04715
379.23,455.0,-1.037039,-1.045372
381.33,455.0,-1.034432,-1.042541
383.6,455.0,-1.030834,-1.039115
385.7,455.0,-1.025085,-1.033212
387.98,455.0,-1.016641,-1.025172
390.25,455.0,-1.005421,-1.013921
392.35,455.0,-0.992147,-1.00072
394.63,455.0,-0.978037,-0.987082
396.9,455.0,-0.965511,-0.974664
399.18,455.0,-0.95625,-0.965437
401.28,455.0,-0.952119,-0.961352
403.2,455.0,-0.951493,-0.960782
405.65,455.0,-0.953776,-0.962895
407.93,455.0,-0.956811,-0.965859
410.2,455.0,-0.96084,-0.969944
412.3,455.0,-0.96503,-0.974026
414.58,455.0,-0.968955,-0.977978
416.68,455.0,-0.971684,-0.980733
418.95,455.0,-0.973607,-0.982482
421.23,455.0,-0.973601,-0.982538
423.33,455.0,-0.972039,-0.981111
425.6,455.0,-0.969362,-0.978511
427.88,455.0,-0.966943,-0.976028
429.98,455.0,-0.964503,-0.973508
432.25,455.0,-0.96349,-0.972596
434.53,455.0,-0.963742,-0.972877
436.63,455.0,-0.965563,-0.974497
438.9,455.0,-0.96784,-0.976974
441.0,455.0,-0.970172,-0.979285
443.28,455.0,-0.97328,-0.982143
445.55,455.0,-0.976139,-0.985144
447.65,455.0,-0.978672,-0.987467
449.75,455.0,-0.980163,-0.989035
452.03,455.0,-0.980474,-0.989331
454.3,455.0,-0.979476,-0.988382
456.58,455.0,-0.977609,-0.986466
458.68,455.0,-0.974402,-0.983105
460.95,455.0,-0.970326,-0.979352
463.23,455.0,-0.967048,-0.976204
465.33,455.0,-0.964091,-0.973333
467.6,455.0,-0.961798,-0.970868
469.88,455.0,-0.959999,-0.969235
471.98,455.0,-0.957695,-0.966869
474.25,455.0,-0.954651,-0.963887
476.53,455.0,-0.950415,-0.959688
478.63,455.0,-0.945933,-0.955249
480.9,455.0,-0.942559,-0.951931
483.0,455.0,-0.94003,-0.949195
485.28,455.0,-0.938444,-0.947596
487.55,455.0,-0.937587,-0.946946
489.65,455.0,-0.937184,-0.946592
491.93,455.0,-0.936823,-0.946195
494.2,455.0,-0.935803,-0.94511
496.3,455.0,-0.934257,-0.943675
498.58,455.0,-0.932375,-0.941894
500.85,455.0,-0.930326,-0.939805
502.95,455.0,-0.928052,-0.93763
505.23,455.0,-0.925967,-0.935619
507.5,455.0,-0.924679,-0.934131
509.78,455.0,-0.924796,-0.934374
511.88,455.0,-0.925794,-0.93548
514.15,455.0,-0.92711,-0.936577
516.43,455.0,-0.927855,-0.93743
518.53,455.0,-0.92715,-0.936795
520.8,455.0,-0.925224,-0.934965
523.08,455.0,-0.921266,-0.930822
525.0,455.0,-0.915569,-0.925113
527.45,455.0,-0.908009,-0.917701
529.73,455.0,-0.899389,-0.909365
532.0,455.0,-0.889457,-0.899556
534.1,455.0,-0.876888,-0.887199
536.38,455.0,-0.862338,-0.872735
538.65,455.0,-0.84365,-0.854374
540.75,455.0,-0.81837,-0.82934
543.03,455.0,-0.786312,-0.797698
545.3,455.0,-0.749538,-0.761337
547.58,455.0,-0.714633,-0.727144
549.68,455.0,-0.685909,-0.698422
551.95,455.0,-0.66459,-0.677557
554.05,455.0,-0.652643,-0.665939
556.33,455.0,-0.648552,-0.661867
558.43,455.0,-0.65179,-0.665111
560.7,455.0,-0.659809,-0.672985
562.98,455.0,-0.670699,-0.683395
565.25,455.0,-0.681753,-0.694313
567.53,455.0,-0.692196,-0.704889
569.63,455.0,-0.70158,-0.7141
571.73,455.0,-0.710249,-0.722606
574.18,455.0,-0.717227,-0.729525
576.45,455.0,-0.724208,-0.736238
578.55,455.0,-0.730111,-0.742406
580.83,455.0,-0.734913,-0.746839
583.1,455.0,-0.737655,-0.749673
585.38,455.0,-0.738204,-0.750206
587.48,455.0,-0.737375,-0.749461
589.75,455.0,-0.73442,-0.746515
592.03,455.0,-0.728807,-0.740912
594.13,455.0,-0.721867,-0.734297
596.4,455.0,-0.714806,-0.727181
598.68,455.0,-0.70906,-0.721485
600.78,455.0,-0.703259,-0.71557
603.05,455.0,-0.697649,-0.710292
605.33,455.0,-0.692575,-0.705144
607.43,455.0,-0.688265,-0.700788
609.7,455.0,-0.684491,-0.697064
611.98,455.0,-0.679451,-0.692162
614.08,455.0,-0.673256,-0.686247
616.35,455.0,-0.665154,-0.677994
618.63,455.0,-0.654873,-0.668259
620.73,455.0,-0.644334,-0.657551
623.0,455.0,-0.634227,-0.647569
625.28,455.0,-0.625813,-0.639381
627.55,455.0,-0.619131,-0.632529
629.65,455.0,-0.611365,-0.625237
631.93,455.0,-0.601281,-0.614877
634.2,455.0,-0.587366,-0.601343
636.48,455.0,-0.569775,-0.584026
638.58,455.0,-0.551275,-0.565702
640.85,455.0,-0.530043,-0.544787
643.13,455.0,-0.509153,-0.524205
645.23,455.0,-0.48923,-0.504495
647.5,455.0,-0.475034,-0.490567
649.78,455.0,-0.462816,-0.47829
651.88,455.0,-0.452616,-0.468429
654.15,455.0,-0.444147,-0.459951
656.43,455.0,-0.437043,-0.452881
658.53,455.0,-0.430394,-0.446334
660.8,455.0,-0.424125,-0.440237
663.08,455.0,-0.418093,-0.434295
665.18,455.0,-0.412329,-0.4287
667.45,455.0,-0.406701,-0.423238
669.55,455.0,-0.402154,-0.418561
671.83,455.0,-0.396993,-0.413346
674.1,455.0,-0.38976,-0.406208
676.2,455.0,-0.380407,-0.396904
678.48,455.0,-0.371541,-0.388438
680.75,455.0,-0.364224,-0.381186
683.03,455.0,-0.357748,-0.374744
685.3,455.0,-0.353922,-0.370995
687.4,455.0,-0.353164,-0.370086
689.68,455.0,-0.354526,-0.371618
691.95,455.0,-0.358753,-0.375931
694.05,455.0,-0.365545,-0.382443
696.33,455.0,-0.373725,-0.390696
698.6,455.0,-0.38447,-0.400967
700.7,455.0,-0.396679,-0.413346
702.98,455.0,-0.409744,-0.4259
705.25,455.0,-0.421772,-0.437908
707.35,455.0,-0.432495,-0.448472
709.63,455.0,-0.441602,-0.457649
10.33,490.0,-0.15062,-0.170521
12.6,490.0,-0.178817,-0.198312
14.88,490.0,-0.202665,-0.221661
17.15,490.0,-0.21484,-0.233725
19.43,490.0,-0.213525,-0.232582
21.53,490.0,-0.200727,-0.219714
23.8,490.0,-0.179809,-0.199147
25.9,490.0,-0.155721,-0.175395
28.35,490.0,-0.130118,-0.150068
30.63,490.0,-0.105515,-0.125746
32.73,490.0,-0.0822,-0.102847
35.0,490.0,-0.061732,-0.082795
37.28,490.0,-0.04562,-0.066935
39.55,490.0,-0.035672,-0.056849
41.83,490.0,-0.032779,-0.053938
43.93,490.0,-0.036405,-0.057644
46.2,490.0,-0.045913,-0.067114
48.48,490.0,-0.058559,-0.079434
50.58,490.0,-0.072977,-0.093759
52.85,490.0,-0.087656,-0.108161
55.13,490.0,-0.100583,-0.120879
57.23,490.0,-0.111233,-0.131328
59.5,490.0,-0.119187,-0.139369
61.78,490.0,-0.124227,-0.144104
64.05,490.0,-0.128362,-0.14834
66.15,490.0,-0.134172,-0.154175
68.43,490.0,-0.14464,-0.16452
70.7,490.0,-0.160826,-0.180247
72.8,490.0,-0.180232,-0.199409
75.08,490.0,-0.200675,-0.219902
77.35,490.0,-0.222068,-0.240641
79.45,490.0,-0.2418,-0.260389
81.73,490.0,-0.261984,-0.28037
84.0,490.0,-0.282505,-0.300401
86.1,490.0,-0.304061,-0.321682
88.38,490.0,-0.324643,-0.341966
90.65,490.0,-0.343694,-0.36073
92.75,490.0,-0.361534,-0.378441
95.03,490.0,-0.37878,-0.395567
97.13,490.0,-0.395305,-0.411775
99.4,490.0,-0.412757,-0.429131
101.68,490.0,-0.431759,-0.447884
103.95,490.0,-0.451328,-0.467267
106.23,490.0,-0.472477,-0.488152
108.33,490.0,-0.495921,-0.511026
110.6,490.0,-0.519692,-0.534587
112.7,490.0,-0.541959,-0.556642
114.98,490.0,-0.561667,-0.576115
117.25,490.0,-0.578222,-0.592193
119.35,490.0,-0.590567,-0.604646
121.63,490.0,-0.59923,-0.613025
123.9,490.0,-0.605869,-0.619649
126.0,490.0,-0.610462,-0.624233
128.28,490.0,-0.613992,-0.627581
130.38,490.0,-0.616325,-0.630021
132.65,490.0,-0.618441,-0.63187
134.93,490.0,-0.620853,-0.634513
137.03,490.0,-0.624519,-0.638068
139.3,490.0,-0.630653,-0.644069
141.58,490.0,-0.637504,-0.650973
143.68,490.0,-0.644562,-0.657966
146.13,490.0,-0.650896,-0.664156
148.4,490.0,-0.658204,-0.671318
150.68,490.0,-0.665671,-0.678721
152.78,490.0,-0.673228,-0.68605
155.05,490.0,-0.679356,-0.691824
157.33,490.0,-0.685536,-0.698099
159.6,490.0,-0.690961,-0.703567
161.88,490.0,-0.696346,-0.708792
163.98,490.0,-0.700841,-0.713324
166.25,490.0,-0.705191,-0.717668
168.53,490.0,-0.709414,-0.721743
170.8,490.0,-0.712908,-0.725212
172.9,490.0,-0.71686,-0.729119
175.18,490.0,-0.721106,-0.733287
177.28,490.0,-0.725502,-0.737819
179.55,490.0,-0.730721,-0.742689
181.83,490.0,-0.736331,-0.748299
184.1,490.0,-0.74199,-0.753857
186.2,490.0,-0.748111,-0.760237
188.48,490.0,-0.754057,-0.766081
190.75,490.0,-0.760252,-0.771867
192.85,490.0,-0.765104,-0.776734
195.13,490.0,-0.770061,-0.781725
197.4,490.0,-0.77443,-0.785884
199.68,490.0,-0.778182,-0.789587
201.78,490.0,-0.782301,-0.793866
204.05,490.0,-0.786457,-0.797775
206.33,490.0,-0.790437,-0.801811
208.43,490.0,-0.795129,-0.806358
210.7,490.0,-0.799608,-0.810825
212.98,490.0,-0.803277,-0.814405
215.08,490.0,-0.806645,-0.817741
217.35,490.0,-0.809451,-0.82061
219.63,490.0,-0.812464,-0.823638
221.73,490.0,-0.815699,-0.826568
224.0,490.0,-0.820129,-0.831062
226.28,490.0,-0.825523,-0.836463
228.38,490.0,-0.8315,-0.842473
230.65,490.0,-0.838838,-0.849525
232.93,490.0,-0.846774,-0.857085
235.03,490.0,-0.854621,-0.865083
237.3,490.0,-0.862692,-0.872988
239.4,490.0,-0.869882,-0.880064
241.68,490.0,-0.87776,-0.887809
243.95,490.0,-0.885224,-0.895335
246.23,490.0,-0.893391,-0.903324
248.33,490.0,-0.901426,-0.911247
250.6,490.0,-0.909044,-0.91877
252.88,490.0,-0.9158,-0.925292
255.15,490.0,-0.920591,-0.930178
257.25,490.0,-0.92462,-0.933995
259.53,490.0,-0.927603,-0.937063
261.8,490.0,-0.929639,-0.939242
263.9,490.0,-0.93141,-0.940862
266.18,490.0,-0.933668,-0.942972
268.45,490.0,-0.936457,-0.945828
270.55,490.0,-0.940163,-0.949568
272.83,490.0,-0.944399,-0.953773
275.1,490.0,-0.94966,-0.958789
277.2,490.0,-0.955172,-0.964362
279.48,490.0,-0.960517,-0.969765
281.75,490.0,-0.965856,-0.974956
283.85,490.0,-0.96959,-0.978363
286.13,490.0,-0.971493,-0.980418
288.4,490.0,-0.9715,-0.980532
290.5,490.0,-0.97007,-0.979177
292.78,490.0,-0.967473,-0.976703
295.05,490.0,-0.965347,-0.974432
297.33,490.0,-0.965351,-0.974322
299.43,490.0,-0.968228,-0.977341
301.7,490.0,-0.973567,-0.982464
303.98,490.0,-0.981395,-0.990298
306.25,490.0,-0.99052,-0.999167
308.35,490.0,-0.998539,-1.00743
310.63,490.0,-1.006108,-1.014586
312.9,490.0,-1.011912,-1.020196
315.35,490.0,-1.018089,-1.026318
317.45,490.0,-1.023021,-1.031469
319.73,490.0,-1.028662,-1.036771
322.0,490.0,-1.033724,-1.041731
324.28,490.0,-1.039066,-1.047137
326.55,490.0,-1.044796,-1.052843
328.65,490.0,-1.050541,-1.058382
330.93,490.0,-1.057162,-1.064888
333.03,490.0,-1.063413,-1.071019
335.3,490.0,-1.069398,-1.077029
337.58,490.0,-1.074072,-1.081629
339.68,490.0,-1.077689,-1.085113
341.95,490.0,-1.080178,-1.087824
344.23,490.0,-1.081989,-1.089306
346.33,490.0,-1.082371,-1.089706
348.6,490.0,-1.082023,-1.089463
350.88,490.0,-1.081142,-1.088597
353.15,490.0,-1.08011,-1.087507
355.25,490.0,-1.079346,-1.0867
357.53,490.0,-1.078351,-1.08596
359.8,490.0,-1.078188,-1.085628
362.08,490.0,-1.077624,-1.085101
364.35,490.0,-1.077273,-1.084925
366.45,490.0,-1.076469,-1.084075
368.73,490.0,-1.075711,-1.083296
371.18,490.0,-1.074814,-1.082227
373.28,490.0,-1.073742,-1.081669
375.55,490.0,-1.07292,-1.080406
377.83,490.0,-1.072267,-1.079759
379.93,490.0,-1.071949,-1.079377
382.2,490.0,-1.071832,-1.079469
384.48,490.0,-1.071478,-1.07926
386.58,490.0,-1.071518,-1.07909
388.85,490.0,-1.071453,-1.079161
391.13,490.0,-1.071463,-1.079124
393.23,490.0,-1.071361,-1.079106
395.5,490.0,-1.070883,-1.078554
397.78,490.0,-1.069577,-1.077156
399.88,490.0,-1.067593,-1.075147
402.15,490.0,-1.065221,-1.072729
404.25,490.0,-1.062581,-1.070172
406.53,490.0,-1.05966,-1.067341
408.45,490.0,-1.056878,-1.06467
410.9,490.0,-1.05324,-1.060954
413.18,490.0,-1.048933,-1.057002
415.45,490.0,-1.044389,-1.052288
417.73,490.0,-1.038234,-1.046327
420.0,490.0,-1.031863,-1.040132
422.1,490.0,-1.024614,-1.033009
424.38,490.0,-1.017895,-1.026253
426.48,490.0,-1.011934,-1.020307
428.75,490.0,-1.00784,-1.016395
430.85,490.0,-1.005403,-1.013822
433.3,490.0,-1.003807,-1.012205
435.58,490.0,-1.002667,-1.011204
437.68,490.0,-1.001429,-1.009651
439.95,490.0,-0.9991,-1.007643
442.05,490.0,-0.995332,-1.003921
444.5,490.0,-0.990129,-0.998758
446.6,490.0,-0.982643,-0.991537
448.88,490.0,-0.972904,-0.981811
450.98,490.0,-0.961888,-0.970985
453.25,490.0,-0.950887,-0.960005
455.88,490.0,-0.939624,-0.948826
457.98,490.0,-0.931115,-0.940594
460.25,490.0,-0.924272,-0.93385
462.35,490.0,-0.918967,-0.928514
464.63,490.0,-0.916241,-0.925954
466.9,490.0,-0.91585,-0.925609
469.0,490.0,-0.917763,-0.927298
471.28,490.0,-0.920224,-0.929747
473.55,490.0,-0.923351,-0.93279
475.83,490.0,-0.925711,-0.935317
478.1,490.0,-0.927455,-0.936974
480.38,490.0,-0.929044,-0.938428
482.48,490.0,-0.930428,-0.940036
484.75,490.0,-0.931789,-0.941127
487.03,490.0,-0.932726,-0.942202
489.13,490.0,-0.932516,-0.941996
491.4,490.0,-0.931441,-0.940803
493.5,490.0,-0.929664,-0.939124
495.78,490.0,-0.926571,-0.936155
498.05,490.0,-0.922855,-0.93247
500.15,490.0,-0.918853,-0.928431
502.43,490.0,-0.915418,-0.925107
504.7,490.0,-0.912507,-0.922214
506.98,490.0,-0.909765,-0.919639
509.08,490.0,-0.906641,-0.916555
511.35,490.0,-0.903074,-0.912898
513.63,490.0,-0.898404,-0.908302
515.73,490.0,-0.893638,-0.903592
518.0,490.0,-0.889408,-0.899309
520.28,490.0,-0.885098,-0.89523
522.55,490.0,-0.881743,-0.891909
524.65,490.0,-0.879337,-0.889614
526.93,490.0,-0.876555,-0.886777
529.03,490.0,-0.873524,-0.883678
531.3,490.0,-0.870252,-0.880572
533.58,490.0,-0.8665,-0.876743
535.68,490.0,-0.862677,-0.873154
537.95,490.0,-0.858736,-0.86914
540.05,490.0,-0.855083,-0.865665
542.33,490.0,-0.852082,-0.862547
544.6,490.0,-0.84869,-0.859257
546.7,490.0,-0.845326,-0.856127
548.98,490.0,-0.842772,-0.85328
551.25,490.0,-0.840619,-0.851423
553.53,490.0,-0.839297,-0.849781
555.63,490.0,-0.837575,-0.84812
557.9,490.0,-0.835837,-0.846491
560.18,490.0,-0.834183,-0.844944
562.28,490.0,-0.831962,-0.842603
564.55,490.0,-0.828619,-0.839513
566.65,490.0,-0.824935,-0.835739
568.93,490.0,-0.820372,-0.831324
571.2,490.0,-0.815477,-0.826709
573.48,490.0,-0.810086,-0.821167
575.58,490.0,-0.803388,-0.814793
577.85,490.0,-0.796025,-0.807421
580.13,490.0,-0.788108,-0.799405
582.23,490.0,-0.779319,-0.790859
584.5,490.0,-0.771583,-0.783256
586.78,490.0,-0.763937,-0.77568
588.88,490.0,-0.757769,-0.769661
591.15,490.0,-0.752011,-0.763847
593.43,490.0,-0.748558,-0.76028
595.53,490.0,-0.74691,-0.758814
597.8,490.0,-0.747729,-0.759544
599.9,490.0,-0.7502,-0.761903
602.18,490.0,-0.753173,-0.76512
604.45,490.0,-0.757061,-0.768678
606.55,490.0,-0.760539,-0.772289
608.83,490.0,-0.763592,-0.775154
611.1,490.0,-0.766916,-0.778616
613.2,490.0,-0.770656,-0.782205
615.48,490.0,-0.774011,-0.785613
617.75,490.0,-0.776099,-0.787646
619.85,490.0,-0.776602,-0.78816
622.3,490.0,-0.774978,-0.786303
624.4,490.0,-0.771472,-0.783062
626.68,490.0,-0.765554,-0.777322
628.95,490.0,-0.758432,-0.770409
631.23,490.0,-0.748003,-0.75999
633.5,490.0,-0.737532,-0.749553
635.6,490.0,-0.726013,-0.738194
637.88,490.0,-0.71455,-0.726851
639.98,490.0,-0.703284,-0.715721
642.25,490.0,-0.691035,-0.703552
644.53,490.0,-0.678228,-0.691032
646.63,490.0,-0.665182,-0.678176
648.9,490.0,-0.651519,-0.664599
651.18,490.0,-0.637409,-0.65077
653.28,490.0,-0.623564,-0.637181
655.55,490.0,-0.61052,-0.624491
657.83,490.0,-0.598678,-0.612658
659.93,490.0,-0.588817,-0.602591
662.2,490.0,-0.57984,-0.593915
664.3,490.0,-0.572575,-0.586762
666.58,490.0,-0.567628,-0.581981
669.03,490.0,-0.562828,-0.577113
671.3,490.0,-0.558586,-0.57297
673.4,490.0,-0.555062,-0.569461
675.68,490.0,-0.552381,-0.566799
677.95,490.0,-0.550708,-0.565228
680.23,490.0,-0.549273,-0.563903
682.33,490.0,-0.547615,-0.562002
684.6,490.0,-0.54605,-0.560616
686.88,490.0,-0.545733,-0.560286
689.15,490.0,-0.547354,-0.561787
691.25,490.0,-0.550554,-0.564994
693.53,490.0,-0.555749,-0.570206
695.8,490.0,-0.564895,-0.579257
698.08,490.0,-0.578222,-0.592412
700.18,490.0,-0.597079,-0.611029
702.45,490.0,-0.620126,-0.633752
704.9,490.0,-0.648518,-0.661586
707.0,490.0,-0.674032,-0.686907
709.28,490.0,-0.698709,-0.711244
11.38,525.0,-0.113161,-0.133596
14.0,525.0,-0.142145,-0.162092
16.28,525.0,-0.159273,-0.179024
18.38,525.0,-0.167477,-0.186904
20.65,525.0,-0.16748,-0.186963
22.93,525.0,-0.16045,-0.180315
25.38,525.0,-0.15131,-0.170962
27.65,525.0,-0.142795,-0.162745
29.75,525.0,-0.136294,-0.156174
32.03,525.0,-0.133479,-0.153426
34.48,525.0,-0.134483,-0.154477
36.75,525.0,-0.140552,-0.160198
38.85,525.0,-0.152228,-0.171966
41.13,525.0,-0.170124,-0.189671
43.23,525.0,-0.18883,-0.207736
45.5,525.0,-0.208731,-0.227665
47.78,525.0,-0.227188,-0.245977
50.05,525.0,-0.247862,-0.266257
52.33,525.0,-0.265958,-0.284018
54.6,525.0,-0.283112,-0.301122
56.7,525.0,-0.298577,-0.316239
58.98,525.0,-0.313386,-0.330786
61.25,525.0,-0.327437,-0.344806
63.35,525.0,-0.340053,-0.357141
65.63,525.0,-0.347761,-0.36492
67.9,525.0,-0.350872,-0.36785
70.0,525.0,-0.351547,-0.368734
72.28,525.0,-0.35143,-0.368531
74.55,525.0,-0.349972,-0.367018
76.65,525.0,-0.348121,-0.365382
78.93,525.0,-0.347616,-0.364667
81.2,525.0,-0.350746,-0.367748
83.3,525.0,-0.359594,-0.376411
85.58,525.0,-0.375102,-0.391651
87.85,525.0,-0.394689,-0.411081
89.95,525.0,-0.415974,-0.43212
92.23,525.0,-0.436423,-0.452348
94.5,525.0,-0.456771,-0.472329
96.78,525.0,-0.476214,-0.491725
98.88,525.0,-0.492939,-0.508318
101.15,525.0,-0.507813,-0.522847
103.25,525.0,-0.52089,-0.535576
105.53,525.0,-0.533321,-0.548081
107.63,525.0,-0.545336,-0.559994
109.9,525.0,-0.555089,-0.569458
112.18,525.0,-0.5622,-0.576759
114.28,525.0,-0.569023,-0.583244
116.55,525.0,-0.5754,-0.589427
118.83,525.0,-0.582973,-0.596931
120.93,525.0,-0.589997,-0.603977
123.2,525.0,-0.595188,-0.609162
125.3,525.0,-0.597659,-0.611488
127.58,525.0,-0.599331,-0.613247
129.85,525.0,-0.601814,-0.615681
131.95,525.0,-0.605157,-0.618882
134.23,525.0,-0.607991,-0.621824
136.5,525.0,-0.610098,-0.623798
138.78,525.0,-0.611651,-0.625172
140.88,525.0,-0.613934,-0.627551
143.15,525.0,-0.617252,-0.630758
145.43,525.0,-0.621842,-0.635422
147.53,525.0,-0.627052,-0.64052
149.8,525.0,-0.633811,-0.647144
152.08,525.0,-0.641328,-0.654602
154.18,525.0,-0.649723,-0.662843
156.45,525.0,-0.659109,-0.67211
158.73,525.0,-0.668376,-0.681457
160.83,525.0,-0.677785,-0.690622
162.93,525.0,-0.687363,-0.699824
165.38,525.0,-0.696004,-0.708675
167.48,525.0,-0.703484,-0.716004
169.75,525.0,-0.709886,-0.722061
172.03,525.0,-0.715015,-0.727236
174.3,525.0,-0.720163,-0.73243
176.4,525.0,-0.725397,-0.737569
178.68,525.0,-0.73032,-0.742523
181.13,525.0,-0.736096,-0.748204
183.23,525.0,-0.741432,-0.753355
185.5,525.0,-0.747902,-0.759676
187.78,525.0,-0.755425,-0.767135
190.23,525.0,-0.765157,-0.776611
192.33,525.0,-0.774735,-0.786247
194.6,525.0,-0.784297,-0.795767
196.88,525.0,-0.794035,-0.805354
198.98,525.0,-0.803752,-0.814846
201.25,525.0,-0.813043,-0.824112
203.53,525.0,-0.82187,-0.832735
205.63,525.0,-0.83068,-0.841484
207.9,525.0,-0.840181,-0.850853
210.18,525.0,-0.849719,-0.860212
212.28,525.0,-0.858739,-0.869063
214.55,525.0,-0.867369,-0.87764
216.83,525.0,-0.876149,-0.886432
219.1,525.0,-0.884352,-0.894457
221.2,525.0,-0.892372,-0.902442
223.48,525.0,-0.898641,-0.908511
225.75,525.0,-0.903755,-0.913533
227.85,525.0,-0.90699,-0.916863
230.13,525.0,-0.9095,-0.919396
232.4,525.0,-0.911571,-0.921244
234.5,525.0,-0.913582,-0.923351
236.78,525.0,-0.916145,-0.925813
238.88,525.0,-0.919543,-0.92902
241.15,525.0,-0.924383,-0.93385
243.43,525.0,-0.930406,-0.939488
245.53,525.0,-0.936632,-0.946004
247.8,525.0,-0.942901,-0.952288
250.08,525.0,-0.948573,-0.957723
252.18,525.0,-0.953484,-0.962556
254.45,525.0,-0.957119,-0.96621
256.73,525.0,-0.959725,-0.968949
258.83,525.0,-0.961478,-0.970612
261.1,525.0,-0.962686,-0.971765
263.38,525.0,-0.963493,-0.972599
265.65,525.0,-0.964189,-0.97344
267.75,525.0,-0.965397,-0.974359
270.03,525.0,-0.966176,-0.97511
272.13,525.0,-0.966524,-0.975566
274.4,525.0,-0.965723,-0.974824
276.5,525.0,-0.963444,-0.972495
278.78,525.0,-0.959627,-0.968884
281.05,525.0,-0.955945,-0.965175
283.15,525.0,-0.954186,-0.963527
285.43,525.0,-0.955726,-0.964953
287.7,525.0,-0.961684,-0.970847
289.8,525.0,-0.971432,-0.980363
292.08,525.0,-0.984097,-0.993009
294.35,525.0,-0.996949,-1.005486
296.45,525.0,-1.009479,-1.017907
298.73,525.0,-1.020973,-1.029241
301.0,525.0,-1.032735,-1.040541
303.28,525.0,-1.043101,-1.051124
305.38,525.0,-1.053,-1.060902
307.65,525.0,-1.062402,-1.06999
309.93,525.0,-1.071589,-1.079029
312.03,525.0,-1.07982,-1.087208
314.3,525.0,-1.086974,-1.094284
316.58,525.0,-1.092987,-1.10035
318.85,525.0,-1.097652,-1.104842
320.95,525.0,-1.101447,-1.10853
323.23,525.0,-1.105584,-1.112886
325.33,525.0,-1.110939,-1.117901
327.6,525.0,-1.117627,-1.124663
329.88,525.0,-1.124466,-1.131327
331.98,525.0,-1.131918,-1.138733
334.25,525.0,-1.138391,-1.145181
336.53,525.0,-1.144451,-1.151025
338.63,525.0,-1.149038,-1.155532
340.9,525.0,-1.153061,-1.15983
343.18,525.0,-1.156795,-1.163218
345.28,525.0,-1.160051,-1.166398
347.55,525.0,-1.162753,-1.169059
349.83,525.0,-1.16555,-1.171737
351.93,525.0,-1.16824,-1.174685
354.2,525.0,-1.171176,-1.177473
356.48,525.0,-1.174244,-1.18052
358.58,525.0,-1.176607,-1.182966
360.85,525.0,-1.179072,-1.185205
362.95,525.0,-1.180982,-1.186986
365.23,525.0,-1.181998,-1.188037
367.5,525.0,-1.182331,-1.188437
369.6,525.0,-1.182719,-1.188693
371.88,525.0,-1.182769,-1.18881
374.15,525.0,-1.182288,-1.188523
376.25,525.0,-1.182343,-1.188406
378.53,525.0,-1.18242,-1.188483
380.8,525.0,-1.182682,-1.18881
382.9,525.0,-1.183579,-1.189777
385.18,525.0,-1.184944,-1.191071
387.45,525.0,-1.186656,-1.192864
389.55,525.0,-1.18905,-1.195039
391.83,525.0,-1.191814,-1.197873
394.1,525.0,-1.194623,-1.20072
396.2,525.0,-1.197334,-1.203265
398.48,525.0,-1.199414,-1.205319
400.75,525.0,-1.200781,-1.206527
402.85,525.0,-1.202112,-1.207938
405.13,525.0,-1.203332,-1.209383
407.4,525.0,-1.204528,-1.210378
409.5,525.0,-1.204953,-1.210846
411.78,525.0,-1.205261,-1.211197
414.05,525.0,-1.204682,-1.210415
416.15,525.0,-1.203271,-1.209136
418.43,525.0,-1.201407,-1.207423
420.7,525.0,-1.199777,-1.20588
422.8,525.0,-1.19808,-1.204047
425.08,525.0,-1.196582,-1.202753
427.35,525.0,-1.195603,-1.201518
429.45,525.0,-1.19495,-1.200923
431.73,525.0,-1.195252,-1.201373
434.0,525.0,-1.196028,-1.202032
436.28,525.0,-1.19669,-1.202919
438.38,525.0,-1.19685,-1.202744
440.65,525.0,-1.195908,-1.202045
442.75,525.0,-1.19413,-1.200267
445.03,525.0,-1.191746,-1.197701
447.3,525.0,-1.188908,-1.194987
449.4,525.0,-1.186573,-1.192497
451.68,525.0,-1.183995,-1.190135
453.95,525.0,-1.181786,-1.187833
456.05,525.0,-1.179361,-1.185486
458.33,525.0,-1.176915,-1.183138
460.43,525.0,-1.174716,-1.180942
462.7,525.0,-1.173024,-1.17926
464.98,525.0,-1.171274,-1.177362
467.25,525.0,-1.168702,-1.175242
469.35,525.0,-1.16616,-1.172365
471.63,525.0,-1.16295,-1.169371
473.73,525.0,-1.159555,-1.165982
476.0,525.0,-1.154768,-1.161127
478.28,525.0,-1.149497,-1.156093
480.38,525.0,-1.145085,-1.151897
482.65,525.0,-1.140738,-1.14731
484.93,525.0,-1.136777,-1.143477
487.2,525.0,-1.133949,-1.140769
489.3,525.0,-1.131188,-1.13796
491.58,525.0,-1.128591,-1.135295
493.85,525.0,-1.125045,-1.13194
496.13,525.0,-1.120532,-1.127599
498.23,525.0,-1.113169,-1.120215
500.5,525.0,-1.102877,-1.110175
502.6,525.0,-1.090544,-1.097858
504.88,525.0,-1.076792,-1.084361
507.15,525.0,-1.063804,-1.071478
509.43,525.0,-1.053098,-1.06097
511.53,525.0,-1.045178,-1.053345
513.8,525.0,-1.039337,-1.04727
516.08,525.0,-1.034901,-1.043123
518.18,525.0,-1.032264,-1.040427
520.45,525.0,-1.029839,-1.037997
522.73,525.0,-1.027883,-1.036158
524.83,525.0,-1.026259,-1.034583
527.1,525.0,-1.025045,-1.033283
529.38,525.0,-1.024075,-1.032344
531.48,525.0,-1.022864,-1.031216
533.75,525.0,-1.021543,-1.029941
536.03,525.0,-1.020295,-1.028502
538.13,525.0,-1.018619,-1.026678
540.4,525.0,-1.016044,-1.024414
542.68,525.0,-1.013379,-1.021663
544.78,525.0,-1.010101,-1.018274
547.05,525.0,-1.006922,-1.015363
549.33,525.0,-1.003388,-1.012097
551.6,525.0,-1.000409,-1.008767
553.7,525.0,-0.997273,-1.00601
555.98,525.0,-0.994753,-1.003425
558.08,525.0,-0.992174,-1.000825
560.35,525.0,-0.989753,-0.998422
562.63,525.0,-0.987338,-0.996195
564.73,525.0,-0.985301,-0.993822
567.0,525.0,-0.98304,-0.991835
569.28,525.0,-0.98174,-0.990655
571.38,525.0,-0.980332,-0.989134
573.65,525.0,-0.979362,-0.988265
575.75,525.0,-0.979534,-0.988444
578.03,525.0,-0.980569,-0.989482
580.13,525.0,-0.982473,-0.99117
582.4,525.0,-0.984944,-0.993893
584.68,525.0,-0.988289,-0.997033
586.95,525.0,-0.991697,-1.000338
589.05,525.0,-0.994608,-1.003376
591.33,525.0,-0.997051,-1.005298
593.6,525.0,-0.999241,-1.007778
595.7,525.0,-1.001487,-1.010033
597.98,525.0,-1.003437,-1.011956
600.25,525.0,-1.004876,-1.013342
602.35,525.0,-1.005843,-1.014599
604.63,525.0,-1.006235,-1.014793
606.73,525.0,-1.005951,-1.014389
609.0,525.0,-1.004639,-1.013055
611.28,525.0,-1.002307,-1.010828
613.38,525.0,-0.99962,-1.008151
615.65,525.0,-0.996894,-1.005434
617.75,525.0,-0.994734,-1.003234
620.03,525.0,-0.992421,-1.001201
622.3,525.0,-0.98967,-0.998339
624.58,525.0,-0.986247,-0.995052
626.68,525.0,-0.98284,-0.991577
629.13,525.0,-0.980332,-0.989195
631.4,525.0,-0.978647,-0.987525
633.5,525.0,-0.978176,-0.986869
635.78,525.0,-0.979482,-0.988357
637.88,525.0,-0.982769,-0.991506
640.15,525.0,-0.988856,-0.997519
642.43,525.0,-0.995683,-1.004204
644.53,525.0,-1.002861,-1.011404
646.8,525.0,-1.009506,-1.017858
649.08,525.0,-1.016404,-1.02471
651.18,525.0,-1.023015,-1.03113
653.45,525.0,-1.030073,-1.038212
655.73,525.0,-1.037874,-1.046022
658.0,525.0,-1.047818,-1.055665
660.28,525.0,-1.060597,-1.068182
662.38,525.0,-1.074901,-1.082368
664.65,525.0,-1.090215,-1.097405
666.75,525.0,-1.105165,-1.112214
669.03,525.0,-1.12044,-1.127365
671.3,525.0,-1.135852,-1.142451
673.4,525.0,-1.150819,-1.157297
675.68,525.0,-1.166259,-1.172377
677.95,525.0,-1.180159,-1.186376
680.23,525.0,-1.193363,-1.19946
682.33,525.0,-1.205569,-1.211305
684.6,525.0,-1.216558,-1.222137
686.88,525.0,-1.22637,-1.231881
688.98,525.0,-1.235957,-1.24145
691.25,525.0,-1.244352,-1.249561
693.53,525.0,-1.251678,-1.256635
695.8,525.0,-1.257926,-1.263003
697.9,525.0,-1.263194,-1.268227
700.18,525.0,-1.266838,-1.271545
702.45,525.0,-1.268338,-1.273249
704.55,525.0,-1.267257,-1.272282
706.83,525.0,-1.263683,-1.268887
709.1,525.0,-1.257032,-1.262186
711.2,525.0,-1.248452,-1.253711
11.03,560.0,-0.152493,-0.172379
13.3,560.0,-0.172037,-0.191655
15.58,560.0,-0.186405,-0.205675
17.85,560.0,-0.18879,-0.208066
20.13,560.0,-0.181747,-0.20106
22.05,560.0,-0.165207,-0.184923
24.68,560.0,-0.146772,-0.166495
26.95,560.0,-0.129572,-0.149699
29.23,560.0,-0.114856,-0.134991
31.5,560.0,-0.105703,-0.126134
33.78,560.0,-0.105062,-0.12546
35.88,560.0,-0.115527,-0.135552
38.15,560.0,-0.133657,-0.153617
40.43,560.0,-0.153562,-0.173066
42.53,560.0,-0.173707,-0.193201
44.8,560.0,-0.194203,-0.213365
47.08,560.0,-0.216319,-0.235102
49.18,560.0,-0.238546,-0.257169
51.45,560.0,-0.261103,-0.279467
53.73,560.0,-0.282351,-0.300358
55.83,560.0,-0.302862,-0.320619
58.1,560.0,-0.320623,-0.337955
60.2,560.0,-0.335142,-0.35256
62.48,560.0,-0.345558,-0.362637
64.75,560.0,-0.35159,-0.368709
66.85,560.0,-0.354649,-0.371778
69.13,560.0,-0.357351,-0.374292
71.4,560.0,-0.358968,-0.375884
73.68,560.0,-0.360404,-0.37756
75.78,560.0,-0.363284,-0.380336
78.05,560.0,-0.368238,-0.385046
80.33,560.0,-0.376842,-0.39342
82.43,560.0,-0.387052,-0.403503
84.7,560.0,-0.397228,-0.413845
86.8,560.0,-0.407973,-0.42435
89.08,560.0,-0.419563,-0.435863
91.35,560.0,-0.432486,-0.448503
93.45,560.0,-0.446454,-0.462046
95.73,560.0,-0.462166,-0.477776
97.83,560.0,-0.478922,-0.494279
100.1,560.0,-0.495444,-0.510518
102.38,560.0,-0.510847,-0.52585
104.48,560.0,-0.524184,-0.539033
106.75,560.0,-0.535804,-0.550447
109.03,560.0,-0.546676,-0.561241
111.13,560.0,-0.557258,-0.571559
113.4,560.0,-0.567237,-0.581352
115.5,560.0,-0.576922,-0.591078
117.78,560.0,-0.586417,-0.600249
120.05,560.0,-0.59601,-0.609975
122.15,560.0,-0.605296,-0.619257
124.43,560.0,-0.614516,-0.628231
126.53,560.0,-0.623724,-0.637203
128.8,560.0,-0.632809,-0.646044
131.08,560.0,-0.640345,-0.653724
133.18,560.0,-0.647905,-0.661254
135.45,560.0,-0.655859,-0.668977
137.73,560.0,-0.66545,-0.678512
139.83,560.0,-0.676891,-0.689639
142.1,560.0,-0.688737,-0.701032
144.2,560.0,-0.700693,-0.712994
146.48,560.0,-0.712378,-0.724716
148.58,560.0,-0.723613,-0.735644
150.68,560.0,-0.733567,-0.745684
153.13,560.0,-0.742926,-0.754802
155.23,560.0,-0.751537,-0.76333
157.5,560.0,-0.76004,-0.771811
159.78,560.0,-0.767061,-0.778626
161.88,560.0,-0.772775,-0.784473
164.15,560.0,-0.77682,-0.788167
166.43,560.0,-0.780237,-0.7915
168.53,560.0,-0.783912,-0.795357
170.8,560.0,-0.787791,-0.799192
173.08,560.0,-0.791586,-0.802837
175.18,560.0,-0.795529,-0.806931
177.45,560.0,-0.799239,-0.8104
179.73,560.0,-0.80276,-0.813863
181.83,560.0,-0.805921,-0.81691
184.1,560.0,-0.809078,-0.820277
186.38,560.0,-0.811814,-0.822963
188.48,560.0,-0.814584,-0.825459
190.75,560.0,-0.817245,-0.82825
193.03,560.0,-0.820354,-0.831303
195.13,560.0,-0.823564,-0.834232
197.4,560.0,-0.826789,-0.837566
199.68,560.0,-0.830258,-0.84093
201.78,560.0,-0.835073,-0.845822
204.05,560.0,-0.841466,-0.852134
206.33,560.0,-0.850415,-0.86077
208.43,560.0,-0.860566,-0.870754
210.7,560.0,-0.871956,-0.882193
212.8,560.0,-0.884208,-0.894202
215.08,560.0,-0.896494,-0.906478
217.35,560.0,-0.908539,-0.918481
219.63,560.0,-0.919929,-0.92971
221.9,560.0,-0.931047,-0.940471
224.0,560.0,-0.941611,-0.950745
226.1,560.0,-0.951358,-0.960542
228.55,560.0,-0.961004,-0.970055
230.65,560.0,-0.970135,-0.979158
232.93,560.0,-0.97942,-0.98837
235.2,560.0,-0.988326,-0.996915
237.3,560.0,-0.997085,-1.005622
239.58,560.0,-1.005745,-1.014251
241.68,560.0,-1.01398,-1.022251
243.95,560.0,-1.021845,-1.030042
246.23,560.0,-1.029577,-1.037596
248.33,560.0,-1.036235,-1.044528
250.6,560.0,-1.042941,-1.050834
252.88,560.0,-1.049257,-1.057156
254.98,560.0,-1.056262,-1.063924
257.25,560.0,-1.063459,-1.07117
259.35,560.0,-1.071789,-1.079522
261.63,560.0,-1.081093,-1.088523
263.9,560.0,-1.090917,-1.098024
266.18,560.0,-1.101188,-1.108265
268.28,560.0,-1.111897,-1.118927
270.55,560.0,-1.12284,-1.129583
272.83,560.0,-1.133699,-1.140292
274.93,560.0,-1.144448,-1.151142
277.2,560.0,-1.155806,-1.162057
279.48,560.0,-1.167294,-1.173625
281.58,560.0,-1.179833,-1.18612
284.03,560.0,-1.193831,-1.199768
286.13,560.0,-1.208064,-1.213958
288.4,560.0,-1.223369,-1.228893
290.68,560.0,-1.239919,-1.245261
292.78,560.0,-1.258363,-1.263338
295.05,560.0,-1.277556,-1.282257
297.33,560.0,-1.29685,-1.301422
299.6,560.0,-1.316324,-1.320572
301.7,560.0,-1.33718,-1.341126
303.98,560.0,-1.358067,-1.361924
306.25,560.0,-1.378899,-1.382503
308.35,560.0,-1.398862,-1.401869
310.63,560.0,-1.417956,-1.420849
312.9,560.0,-1.436521,-1.439228
315.0,560.0,-1.454114,-1.45665
317.28,560.0,-1.470187,-1.472358
319.55,560.0,-1.484463,-1.486511
321.65,560.0,-1.49709,-1.498902
323.93,560.0,-1.508283,-1.510153
326.03,560.0,-1.518643,-1.520451
328.3,560.0,-1.527586,-1.529025
330.58,560.0,-1.534949,-1.536185
332.68,560.0,-1.541169,-1.542395
334.95,560.0,-1.545732,-1.547041
337.23,560.0,-1.549262,-1.55047
339.33,560.0,-1.551893,-1.553104
341.6,560.0,-1.553283,-1.554465
343.88,560.0,-1.553298,-1.554398
346.15,560.0,-1.55213,-1.553249
348.25,560.0,-1.549844,-1.550957
350.53,560.0,-1.54681,-1.547867
352.63,560.0,-1.54372,-1.545011
354.9,560.0,-1.54026,-1.541702
357.18,560.0,-1.536218,-1.537623
359.28,560.0,-1.531899,-1.533356
361.55,560.0,-1.526718,-1.528301
363.83,560.0,-1.520621,-1.522167
365.93,560.0,-1.514404,-1.516037
368.2,560.0,-1.507645,-1.509302
370.48,560.0,-1.501443,-1.503255
372.58,560.0,-1.495516,-1.497358
374.85,560.0,-1.489801,-1.49173
377.13,560.0,-1.484114,-1.486191
379.23,560.0,-1.479121,-1.481222
381.5,560.0,-1.474047,-1.476425
383.6,560.0,-1.46953,-1.471681
385.88,560.0,-1.464989,-1.467183
388.15,560.0,-1.45998,-1.462633
390.43,560.0,-1.455966,-1.458566
392.53,560.0,-1.45226,-1.454897
394.8,560.0,-1.448963,-1.451736
396.9,560.0,-1.445941,-1.448606
399.18,560.0,-1.44328,-1.44583
401.45,560.0,-1.440556,-1.44336
403.55,560.0,-1.43754,-1.440168
405.83,560.0,-1.434004,-1.436875
408.1,560.0,-1.430319,-1.433147
410.2,560.0,-1.426712,-1.42961
412.48,560.0,-1.422941,-1.425713
414.75,560.0,-1.41921,-1.422087
416.85,560.0,-1.416216,-1.41909
419.13,560.0,-1.412888,-1.416065
421.4,560.0,-1.40998,-1.412901
423.68,560.0,-1.407131,-1.410331
425.78,560.0,-1.404786,-1.407898
428.05,560.0,-1.402476,-1.40571
430.33,560.0,-1.400359,-1.403609
432.43,560.0,-1.398492,-1.401792
434.7,560.0,-1.396804,-1.400119
436.8,560.0,-1.394537,-1.397944
439.08,560.0,-1.392402,-1.39563
441.35,560.0,-1.389444,-1.392901
443.63,560.0,-1.387164,-1.390636
445.73,560.0,-1.385184,-1.388597
448.0,560.0,-1.383933,-1.387297
450.28,560.0,-1.38275,-1.38628
452.38,560.0,-1.381866,-1.385187
454.48,560.0,-1.381086,-1.384472
456.93,560.0,-1.380412,-1.384019
459.03,560.0,-1.379823,-1.383163
461.3,560.0,-1.37885,-1.382448
463.4,560.0,-1.377198,-1.380686
465.68,560.0,-1.375128,-1.378696
467.95,560.0,-1.37267,-1.376231
470.05,560.0,-1.369148,-1.372839
472.33,560.0,-1.364956,-1.368908
474.6,560.0,-1.359592,-1.36323
476.7,560.0,-1.353018,-1.356995
478.45,560.0,-1.345159,-1.349062
481.25,560.0,-1.337103,-1.341354
483.53,560.0,-1.328591,-1.332867
485.63,560.0,-1.320806,-1.324999
487.9,560.0,-1.313462,-1.317922
490.18,560.0,-1.306924,-1.311348
492.28,560.0,-1.301444,-1.306012
494.55,560.0,-1.295692,-1.300248
496.83,560.0,-1.289555,-1.294204
498.93,560.0,-1.281977,-1.286897
501.2,560.0,-1.273998,-1.278902
503.48,560.0,-1.265677,-1.27072
505.58,560.0,-1.258157,-1.263077
507.85,560.0,-1.251287,-1.256533
510.13,560.0,-1.246438,-1.251629
512.4,560.0,-1.242926,-1.24824
514.5,560.0,-1.240908,-1.246173
516.78,560.0,-1.239521,-1.244839
518.88,560.0,-1.238255,-1.243705
521.15,560.0,-1.237405,-1.242707
523.43,560.0,-1.236173,-1.241666
525.53,560.0,-1.234811,-1.240285
527.8,560.0,-1.232802,-1.238499
529.73,560.0,-1.230101,-1.235621
532.18,560.0,-1.226724,-1.232063
534.28,560.0,-1.223021,-1.228998
536.55,560.0,-1.219032,-1.224805
538.83,560.0,-1.214626,-1.220307
540.93,560.0,-1.210165,-1.216053
543.2,560.0,-1.205233,-1.211056
545.48,560.0,-1.200381,-1.206361
547.75,560.0,-1.195557,-1.201465
549.85,560.0,-1.190033,-1.196194
552.13,560.0,-1.184635,-1.190806
554.23,560.0,-1.179232,-1.185569
556.5,560.0,-1.174651,-1.180994
558.6,560.0,-1.170671,-1.177054
561.05,560.0,-1.167556,-1.173714
563.15,560.0,-1.16515,-1.171419
565.43,560.0,-1.163788,-1.170067
567.53,560.0,-1.163859,-1.170215
569.8,560.0,-1.165258,-1.171515
571.9,560.0,-1.16751,-1.173647
574.18,560.0,-1.170353,-1.176533
576.45,560.0,-1.174038,-1.180113
578.55,560.0,-1.177901,-1.184284
580.83,560.0,-1.182892,-1.188902
582.93,560.0,-1.187553,-1.193594
585.2,560.0,-1.191573,-1.197762
587.3,560.0,-1.195396,-1.201358
589.58,560.0,-1.198585,-1.204706
591.85,560.0,-1.201706,-1.207507
593.95,560.0,-1.204398,-1.210236
596.23,560.0,-1.206154,-1.212075
598.5,560.0,-1.207433,-1.213345
600.78,560.0,-1.20881,-1.214709
602.88,560.0,-1.210005,-1.215871
605.15,560.0,-1.211182,-1.216777
607.25,560.0,-1.211977,-1.217722
609.53,560.0,-1.21304,-1.218739
611.63,560.0,-1.215307,-1.221059
613.9,560.0,-1.218471,-1.224149
616.18,560.0,-1.221838,-1.227282
618.45,560.0,-1.225627,-1.231019
620.55,560.0,-1.230791,-1.236231
622.83,560.0,-1.237898,-1.243323
624.93,560.0,-1.247467,-1.252565
627.2,560.0,-1.259115,-1.264158
629.48,560.0,-1.272633,-1.277346
631.58,560.0,-1.28686,-1.291579
633.85,560.0,-1.301056,-1.305507
636.13,560.0,-1.315476,-1.319857
638.23,560.0,-1.331265,-1.335544
640.5,560.0,-1.349112,-1.35303
642.6,560.0,-1.368147,-1.371819
644.88,560.0,-1.38819,-1.391481
647.15,560.0,-1.408498,-1.411539
649.25,560.0,-1.430402,-1.433089
651.53,560.0,-1.452186,-1.454795
653.8,560.0,-1.474459,-1.476517
655.9,560.0,-1.495211,-1.497124
658.18,560.0,-1.516748,-1.518443
660.45,560.0,-1.538212,-1.539515
662.55,560.0,-1.560476,-1.561406
664.83,560.0,-1.582161,-1.582682
667.1,560.0,-1.602124,-1.602756
669.2,560.0,-1.621033,-1.621221
671.48,560.0,-1.636961,-1.636856
673.75,560.0,-1.649367,-1.648979
675.85,560.0,-1.657417,-1.657075
678.13,560.0,-1.660688,-1.660288
680.4,560.0,-1.659752,-1.659505
682.5,560.0,-1.65535,-1.65518
684.78,560.0,-1.648597,-1.648393
687.05,560.0,-1.64051,-1.640599
689.15,560.0,-1.632309,-1.632411
691.43,560.0,-1.624127,-1.624388
693.7,560.0,-1.617537,-1.617833
695.8,560.0,-1.611847,-1.612287
698.08,560.0,-1.608587,-1.609053
700.18,560.0,-1.607278,-1.607639
702.45,560.0,-1.608125,-1.608436
704.73,560.0,-1.6097,-1.610266
706.83,560.0,-1.611591,-1.612029
709.1,560.0,-1.612839,-1.613221
711.38,560.0,-1.612297,-1.612577
11.55,595.0,-0.068088,-0.089042
13.83,595.0,-0.078263,-0.099089
15.93,595.0,-0.086871,-0.107487
18.2,595.0,-0.09135,-0.112068
20.48,595.0,-0.089098,-0.109566
22.75,595.0,-0.078722,-0.099391
25.03,595.0,-0.061766,-0.082718
27.13,595.0,-0.041566,-0.062718
29.4,595.0,-0.018731,-0.04034
31.5,595.0,0.003169,-0.018639
33.78,595.0,0.019183,-0.00265
36.05,595.0,0.027513,0.005551
38.15,595.0,0.027008,0.005015
40.43,595.0,0.018859,-0.003001
42.7,595.0,0.005702,-0.01619
44.8,595.0,-0.009862,-0.031384
47.08,595.0,-0.025586,-0.046871
49.18,595.0,-0.039572,-0.060666
51.45,595.0,-0.051288,-0.072364
53.73,595.0,-0.06042,-0.081393
55.83,595.0,-0.067816,-0.088602
58.1,595.0,-0.073636,-0.094548
60.38,595.0,-0.079224,-0.099652
62.83,595.0,-0.085312,-0.105879
65.1,595.0,-0.093285,-0.113762
67.2,595.0,-0.104147,-0.124335
69.48,595.0,-0.119708,-0.139806
71.75,595.0,-0.140755,-0.160426
73.85,595.0,-0.166488,-0.185962
76.13,595.0,-0.198217,-0.217191
78.4,595.0,-0.231017,-0.249526
80.5,595.0,-0.264341,-0.282431
82.78,595.0,-0.298762,-0.316448
85.05,595.0,-0.331793,-0.349227
87.33,595.0,-0.364781,-0.381599
89.43,595.0,-0.397083,-0.413417
91.7,595.0,-0.427671,-0.443802
93.8,595.0,-0.454362,-0.470231
96.08,595.0,-0.478645,-0.493937
98.35,595.0,-0.500943,-0.515992
100.45,595.0,-0.519886,-0.534698
102.73,595.0,-0.535943,-0.55049
104.83,595.0,-0.54955,-0.564196
107.1,595.0,-0.560998,-0.575391
109.38,595.0,-0.572187,-0.586325
111.48,595.0,-0.583709,-0.597791
113.75,595.0,-0.595604,-0.60951
116.03,595.0,-0.608321,-0.622012
118.13,595.0,-0.622615,-0.635967
120.4,595.0,-0.637831,-0.651204
122.5,595.0,-0.653894,-0.667181
124.78,595.0,-0.669504,-0.682486
127.05,595.0,-0.684125,-0.696583
129.33,595.0,-0.69638,-0.708989
131.43,595.0,-0.705339,-0.717581
133.7,595.0,-0.71069,-0.723062
135.8,595.0,-0.713065,-0.725394
138.08,595.0,-0.715215,-0.727409
140.35,595.0,-0.718447,-0.730613
142.63,595.0,-0.722732,-0.734932
144.73,595.0,-0.728268,-0.740536
147.0,595.0,-0.737138,-0.749091
149.28,595.0,-0.749347,-0.761127
151.38,595.0,-0.764223,-0.775767
153.65,595.0,-0.780724,-0.792273
155.75,595.0,-0.797544,-0.808743
158.03,595.0,-0.811968,-0.822975
160.3,595.0,-0.823407,-0.834251
162.58,595.0,-0.831346,-0.842073
164.68,595.0,-0.836953,-0.847726
166.95,595.0,-0.840859,-0.851386
169.05,595.0,-0.843641,-0.8543
171.33,595.0,-0.844393,-0.854956
173.6,595.0,-0.84259,-0.853314
175.7,595.0,-0.838163,-0.84885
177.98,595.0,-0.83142,-0.842168
180.25,595.0,-0.824568,-0.835415
182.53,595.0,-0.818145,-0.82926
184.63,595.0,-0.814673,-0.825856
186.9,595.0,-0.814316,-0.825277
189.18,595.0,-0.817289,-0.828339
191.45,595.0,-0.824571,-0.835354
193.55,595.0,-0.832292,-0.842982
195.83,595.0,-0.841032,-0.85142
198.1,595.0,-0.849232,-0.859694
200.2,595.0,-0.858139,-0.868444
202.48,595.0,-0.868629,-0.87886
204.58,595.0,-0.880804,-0.891078
206.85,595.0,-0.894482,-0.904476
208.95,595.0,-0.908006,-0.917806
211.23,595.0,-0.921256,-0.930782
213.5,595.0,-0.934131,-0.943336
215.78,595.0,-0.9469,-0.956152
217.88,595.0,-0.959506,-0.968604
220.15,595.0,-0.972128,-0.981044
222.43,595.0,-0.984854,-0.993638
224.53,595.0,-0.998561,-1.007048
226.8,595.0,-1.012793,-1.021037
228.9,595.0,-1.027288,-1.035726
231.18,595.0,-1.042553,-1.050335
233.45,595.0,-1.058212,-1.06609
235.73,595.0,-1.07564,-1.083126
237.83,595.0,-1.095076,-1.102322
240.1,595.0,-1.116253,-1.123157
242.2,595.0,-1.141182,-1.147855
244.48,595.0,-1.170258,-1.176595
246.93,595.0,-1.205612,-1.21117
249.2,595.0,-1.239811,-1.245088
251.3,595.0,-1.277051,-1.281875
253.58,595.0,-1.315375,-1.319395
255.85,595.0,-1.356712,-1.360304
257.95,595.0,-1.400159,-1.403166
260.23,595.0,-1.44653,-1.449096
262.5,595.0,-1.493803,-1.495609
264.78,595.0,-1.536231,-1.537574
266.88,595.0,-1.573674,-1.574315
269.15,595.0,-1.605972,-1.606314
271.25,595.0,-1.635941,-1.635923
273.7,595.0,-1.665081,-1.664542
275.8,595.0,-1.691144,-1.690183
278.08,595.0,-1.714592,-1.713461
280.18,595.0,-1.736184,-1.734721
282.45,595.0,-1.753988,-1.752315
284.73,595.0,-1.767802,-1.765888
287.0,595.0,-1.777044,-1.774967
289.1,595.0,-1.781575,-1.779776
291.38,595.0,-1.782392,-1.780522
293.48,595.0,-1.779296,-1.777244
295.75,595.0,-1.773769,-1.77189
298.03,595.0,-1.76567,-1.764025
300.13,595.0,-1.756489,-1.75486
302.4,595.0,-1.746295,-1.744955
304.68,595.0,-1.735987,-1.734789
306.78,595.0,-1.725744,-1.72449
309.05,595.0,-1.71668,-1.715667
311.33,595.0,-1.708282,-1.707524
313.43,595.0,-1.700377,-1.699508
315.7,595.0,-1.69364,-1.692839
317.98,595.0,-1.687611,-1.68701
320.08,595.0,-1.683307,-1.682642
322.35,595.0,-1.679992,-1.679487
324.63,595.0,-1.678017,-1.677451
326.73,595.0,-1.676816,-1.676231
329.0,595.0,-1.676696,-1.67624
331.1,595.0,-1.677632,-1.677056
333.38,595.0,-1.679271,-1.678898
335.65,595.0,-1.681616,-1.680849
337.75,595.0,-1.683788,-1.683307
340.03,595.0,-1.686727,-1.686092
342.13,595.0,-1.690072,-1.689231
344.4,595.0,-1.694471,-1.693723
346.68,595.0,-1.699585,-1.698951
348.78,595.0,-1.705741,-1.704739
351.05,595.0,-1.712558,-1.711542
353.15,595.0,-1.719835,-1.718772
355.43,595.0,-1.727219,-1.726117
357.7,595.0,-1.73514,-1.733763
359.8,595.0,-1.742681,-1.741227
362.08,595.0,-1.749764,-1.748519
364.35,595.0,-1.756172,-1.754481
366.45,595.0,-1.761807,-1.760263
368.73,595.0,-1.766717,-1.764675
371.0,595.0,-1.771076,-1.769345
373.28,595.0,-1.775288,-1.773338
375.38,595.0,-1.778606,-1.776656
377.65,595.0,-1.781859,-1.779684
379.93,595.0,-1.783513,-1.781455
382.2,595.0,-1.783162,-1.781135
384.48,595.0,-1.780146,-1.778122
386.58,595.0,-1.774034,-1.772253
388.85,595.0,-1.763698,-1.762047
391.13,595.0,-1.748529,-1.7468
393.23,595.0,-1.732065,-1.730833
395.5,595.0,-1.717189,-1.716363
397.78,595.0,-1.706881,-1.706147
399.88,595.0,-1.701434,-1.700793
402.15,595.0,-1.700374,-1.699601
404.43,595.0,-1.702263,-1.701471
406.53,595.0,-1.705981,-1.705054
408.8,595.0,-1.709508,-1.708406
411.08,595.0,-1.71181,-1.710855
413.18,595.0,-1.712198,-1.71116
415.28,595.0,-1.710057,-1.709043
417.73,595.0,-1.705476,-1.704653
419.83,595.0,-1.698874,-1.698107
422.1,595.0,-1.690118,-1.689398
424.03,595.0,-1.680152,-1.679576
426.48,595.0,-1.668825,-1.668492
428.58,595.0,-1.656483,-1.656215
430.85,595.0,-1.643153,-1.643165
432.95,595.0,-1.629927,-1.630199
435.23,595.0,-1.616526,-1.616992
437.5,595.0,-1.60344,-1.60392
439.6,595.0,-1.590802,-1.591339
441.88,595.0,-1.578772,-1.579709
444.15,595.0,-1.567417,-1.568575
446.25,595.0,-1.556717,-1.557879
448.53,595.0,-1.546366,-1.547737
450.8,595.0,-1.537164,-1.538526
452.9,595.0,-1.528837,-1.530322
455.18,595.0,-1.520575,-1.522263
457.45,595.0,-1.512395,-1.514173
459.55,595.0,-1.503914,-1.50575
461.83,595.0,-1.49405,-1.496006
464.1,595.0,-1.483646,-1.485652
466.2,595.0,-1.473181,-1.475467
468.48,595.0,-1.462984,-1.465455
470.75,595.0,-1.45389,-1.456373
472.85,595.0,-1.445683,-1.448289
475.13,595.0,-1.438893,-1.441859
477.4,595.0,-1.43303,-1.435756
479.5,595.0,-1.427839,-1.430726
481.78,595.0,-1.422556,-1.425578
483.88,595.0,-1.417235,-1.420106
486.15,595.0,-1.411712,-1.414718
488.25,595.0,-1.406376,-1.409521
490.53,595.0,-1.401906,-1.404999
492.8,595.0,-1.39844,-1.401656
494.9,595.0,-1.39636,-1.399543
497.18,595.0,-1.395211,-1.398477
499.28,595.0,-1.395362,-1.398449
501.55,595.0,-1.395328,-1.398403
503.83,595.0,-1.395729,-1.39888
506.1,595.0,-1.395661,-1.398887
508.2,595.0,-1.395763,-1.399062
510.48,595.0,-1.39571,-1.398766
512.75,595.0,-1.395658,-1.398905
514.85,595.0,-1.395267,-1.398538
517.13,595.0,-1.394931,-1.398009
519.23,595.0,-1.39413,-1.397359
521.5,595.0,-1.392805,-1.396225
523.78,595.0,-1.391887,-1.395325
525.88,595.0,-1.39083,-1.394407
527.98,595.0,-1.389959,-1.393286
530.25,595.0,-1.389349,-1.392777
532.53,595.0,-1.389056,-1.392423
534.8,595.0,-1.389093,-1.392448
536.73,595.0,-1.389429,-1.392679
539.18,595.0,-1.389432,-1.392858
541.28,595.0,-1.390174,-1.393437
543.55,595.0,-1.391031,-1.394299
545.83,595.0,-1.392377,-1.395556
547.93,595.0,-1.393597,-1.396779
550.2,595.0,-1.395492,-1.398591
552.48,595.0,-1.397473,-1.400507
554.58,595.0,-1.39946,-1.402648
556.85,595.0,-1.400994,-1.404167
559.13,595.0,-1.401918,-1.405023
561.4,595.0,-1.402497,-1.405639
563.5,595.0,-1.402509,-1.405797
565.78,595.0,-1.403237,-1.406419
567.88,595.0,-1.40421,-1.407408
570.15,595.0,-1.405951,-1.409016
572.43,595.0,-1.40917,-1.4121
574.53,595.0,-1.413406,-1.416425
576.8,595.0,-1.418326,-1.421191
578.9,595.0,-1.424349,-1.427041
581.18,595.0,-1.43076,-1.433686
583.45,595.0,-1.438036,-1.440775
585.55,595.0,-1.445695,-1.448326
587.83,595.0,-1.454195,-1.456631
590.1,595.0,-1.463313,-1.465605
592.2,595.0,-1.47332,-1.475442
594.48,595.0,-1.483437,-1.485458
596.58,595.0,-1.493517,-1.495541
598.85,595.0,-1.503212,-1.50494
600.95,595.0,-1.512568,-1.514333
603.23,595.0,-1.523199,-1.524469
605.5,595.0,-1.533196,-1.534897
607.78,595.0,-1.543951,-1.545103
610.05,595.0,-1.554712,-1.555747
612.33,595.0,-1.565784,-1.566563
614.6,595.0,-1.575858,-1.576705
616.7,595.0,-1.585011,-1.585729
618.98,595.0,-1.593473,-1.594016
621.25,595.0,-1.601074,-1.601588
623.35,595.0,-1.609391,-1.609737
625.63,595.0,-1.618122,-1.618372
627.73,595.0,-1.627143,-1.627284
630.0,595.0,-1.636363,-1.636292
632.28,595.0,-1.645374,-1.645279
634.38,595.0,-1.653091,-1.652765
636.65,595.0,-1.659151,-1.658846
638.75,595.0,-1.662524,-1.6623
641.03,595.0,-1.663292,-1.662817
643.3,595.0,-1.660165,-1.659983
645.58,595.0,-1.653208,-1.653027
647.68,595.0,-1.643939,-1.643874
649.78,595.0,-1.633578,-1.633594
652.05,595.0,-1.624179,-1.624573
653.98,595.0,-1.618264,-1.618587
656.43,595.0,-1.615082,-1.61543
658.7,595.0,-1.614512,-1.61477
660.98,595.0,-1.615886,-1.616271
663.08,595.0,-1.618979,-1.61912
665.35,595.0,-1.622857,-1.623054
667.63,595.0,-1.62722,-1.62729
669.9,595.0,-1.631033,-1.631024
672.0,595.0,-1.633285,-1.633304
674.28,595.0,-1.626976,-1.627029
676.55,595.0,-1.604613,-1.605257
678.65,595.0,-1.564992,-1.566071
680.93,595.0,-1.510599,-1.512284
683.2,595.0,-1.45067,-1.453132
685.3,595.0,-1.393261,-1.396764
687.58,595.0,-1.340449,-1.344287
689.85,595.0,-1.297146,-1.302029
692.13,595.0,-1.255732,-1.260809
694.4,595.0,-1.215655,-1.221669
696.5,595.0,-1.178335,-1.184746
698.78,595.0,-1.14576,-1.152337
700.88,595.0,-1.120782,-1.127756
703.15,595.0,-1.1023,-1.109337
705.43,595.0,-1.088394,-1.095788
707.53,595.0,-1.075058,-1.08287
709.8,595.0,-1.060985,-1.068816
11.38,630.0,-0.029659,-0.051218
13.65,630.0,-0.034995,-0.056338
15.75,630.0,-0.033885,-0.055099
18.03,630.0,-0.024357,-0.045725
20.3,630.0,-0.007459,-0.029163
22.58,630.0,0.01479,-0.007357
24.85,630.0,0.035474,0.013564
26.95,630.0,0.055005,0.03255
29.23,630.0,0.07292,0.050144
31.5,630.0,0.0891,0.066204
33.78,630.0,0.102294,0.07938
36.05,630.0,0.110027,0.087057
38.15,630.0,0.11247,0.089426
40.43,630.0,0.108465,0.085609
42.88,630.0,0.097978,0.075061
44.98,630.0,0.085147,0.062485
47.25,630.0,0.06978,0.047334
49.53,630.0,0.055162,0.032766
51.98,630.0,0.039593,0.017408
54.08,630.0,0.028973,0.006857
56.35,630.0,0.018209,-0.003805
58.45,630.0,0.00751,-0.014218
60.73,630.0,-0.003158,-0.025019
63.0,630.0,-0.015601,-0.037049
65.1,630.0,-0.0322,-0.053476
67.38,630.0,-0.053026,-0.07407
69.65,630.0,-0.077391,-0.098047
71.93,630.0,-0.104415,-0.124726
74.2,630.0,-0.132031,-0.151963
76.3,630.0,-0.158648,-0.178146
78.58,630.0,-0.183445,-0.202733
80.85,630.0,-0.204024,-0.222979
82.95,630.0,-0.219307,-0.238112
85.23,630.0,-0.228965,-0.247619
87.5,630.0,-0.235312,-0.253904
89.6,630.0,-0.238451,-0.257225
91.88,630.0,-0.24,-0.258559
94.15,630.0,-0.241313,-0.259963
96.43,630.0,-0.24431,-0.262733
98.35,630.0,-0.249957,-0.268463
100.8,630.0,-0.259018,-0.277357
103.08,630.0,-0.273719,-0.291655
105.18,630.0,-0.295274,-0.313093
107.45,630.0,-0.322668,-0.34
109.73,630.0,-0.353543,-0.370801
111.83,630.0,-0.38638,-0.402884
114.1,630.0,-0.416802,-0.433056
116.2,630.0,-0.441873,-0.457668
118.48,630.0,-0.463429,-0.479181
120.75,630.0,-0.483124,-0.498401
122.85,630.0,-0.501765,-0.516885
125.13,630.0,-0.520111,-0.534963
127.4,630.0,-0.538537,-0.553022
129.5,630.0,-0.557726,-0.572166
131.78,630.0,-0.578084,-0.59211
133.88,630.0,-0.598151,-0.611931
136.15,630.0,-0.616577,-0.630101
138.43,630.0,-0.633604,-0.647027
140.7,630.0,-0.650585,-0.663644
142.8,630.0,-0.669424,-0.682178
145.08,630.0,-0.688616,-0.700942
147.35,630.0,-0.706287,-0.718509
149.45,630.0,-0.721512,-0.733884
151.73,630.0,-0.734633,-0.746682
154.0,630.0,-0.746241,-0.758284
156.1,630.0,-0.757849,-0.769673
158.38,630.0,-0.770332,-0.781842
160.48,630.0,-0.782338,-0.793789
162.75,630.0,-0.792634,-0.803758
165.03,630.0,-0.800369,-0.811679
167.3,630.0,-0.805887,-0.817187
169.4,630.0,-0.810841,-0.821842
171.68,630.0,-0.8143,-0.825351
173.95,630.0,-0.815711,-0.826645
176.23,630.0,-0.816367,-0.827101
178.33,630.0,-0.816672,-0.827711
180.6,630.0,-0.817772,-0.82861
183.23,630.0,-0.819001,-0.829784
185.5,630.0,-0.818931,-0.829836
187.6,630.0,-0.817797,-0.828835
189.88,630.0,-0.817569,-0.828401
192.15,630.0,-0.81934,-0.830382
194.25,630.0,-0.824953,-0.835757
196.53,630.0,-0.834842,-0.845579
198.8,630.0,-0.849892,-0.860369
200.9,630.0,-0.869192,-0.879522
203.18,630.0,-0.892461,-0.902473
205.45,630.0,-0.916826,-0.926571
207.55,630.0,-0.942932,-0.95215
209.83,630.0,-0.971053,-0.979947
212.1,630.0,-1.001946,-1.010304
214.2,630.0,-1.034365,-1.042344
216.48,630.0,-1.071795,-1.079238
218.75,630.0,-1.112313,-1.119346
220.85,630.0,-1.15913,-1.16548
223.13,630.0,-1.211148,-1.216663
225.4,630.0,-1.26954,-1.274112
227.5,630.0,-1.329056,-1.33323
229.78,630.0,-1.390008,-1.393307
232.05,630.0,-1.446428,-1.448788
234.15,630.0,-1.499694,-1.501379
236.43,630.0,-1.548578,-1.549678
238.7,630.0,-1.592485,-1.592922
240.8,630.0,-1.629049,-1.628942
243.08,630.0,-1.658729,-1.658535
245.35,630.0,-1.680426,-1.679752
247.45,630.0,-1.694434,-1.693704
249.73,630.0,-1.701489,-1.700503
251.83,630.0,-1.702158,-1.701314
254.1,630.0,-1.697925,-1.696967
256.2,630.0,-1.689465,-1.688908
258.48,630.0,-1.67921,-1.678766
260.58,630.0,-1.667112,-1.666739
262.85,630.0,-1.653399,-1.653104
265.13,630.0,-1.639074,-1.639102
267.4,630.0,-1.625387,-1.62546
269.5,630.0,-1.612118,-1.612441
271.78,630.0,-1.59848,-1.599006
273.88,630.0,-1.583717,-1.58449
276.15,630.0,-1.568095,-1.568994
278.43,630.0,-1.551634,-1.552885
280.53,630.0,-1.534925,-1.536406
282.8,630.0,-1.519216,-1.520941
284.9,630.0,-1.503742,-1.505624
287.18,630.0,-1.489278,-1.491539
289.45,630.0,-1.476225,-1.478313
291.55,630.0,-1.463957,-1.466443
293.83,630.0,-1.452731,-1.455236
296.1,630.0,-1.442097,-1.444598
298.2,630.0,-1.431684,-1.434617
300.48,630.0,-1.421702,-1.424672
302.75,630.0,-1.412032,-1.414989
305.03,630.0,-1.403474,-1.40649
307.3,630.0,-1.396958,-1.400174
309.4,630.0,-1.392947,-1.396268
311.68,630.0,-1.391514,-1.394675
313.95,630.0,-1.39129,-1.394564
316.05,630.0,-1.392383,-1.395575
318.33,630.0,-1.394216,-1.397568
320.6,630.0,-1.396613,-1.399697
322.7,630.0,-1.399977,-1.403129
324.98,630.0,-1.404623,-1.407719
327.25,630.0,-1.410418,-1.413455
329.35,630.0,-1.41709,-1.420156
331.63,630.0,-1.424358,-1.427171
333.9,630.0,-1.43234,-1.435344
336.0,630.0,-1.441893,-1.444358
338.28,630.0,-1.451958,-1.454521
340.55,630.0,-1.46323,-1.465405
342.83,630.0,-1.475926,-1.477913
344.93,630.0,-1.489028,-1.490778
347.2,630.0,-1.503178,-1.504881
349.48,630.0,-1.518434,-1.520153
351.75,630.0,-1.535772,-1.536986
354.03,630.0,-1.553646,-1.554866
356.13,630.0,-1.571819,-1.572682
358.4,630.0,-1.589884,-1.590528
360.5,630.0,-1.608834,-1.609136
362.78,630.0,-1.628252,-1.628215
365.05,630.0,-1.648332,-1.648113
367.15,630.0,-1.667968,-1.667494
369.43,630.0,-1.686172,-1.685617
371.53,630.0,-1.703221,-1.70233
373.8,630.0,-1.719151,-1.717946
375.9,630.0,-1.732678,-1.731234
378.18,630.0,-1.741964,-1.740559
380.45,630.0,-1.745288,-1.743747
382.55,630.0,-1.741576,-1.739903
384.83,630.0,-1.734385,-1.733307
387.1,630.0,-1.727161,-1.726003
389.2,630.0,-1.721499,-1.720377
391.48,630.0,-1.71583,-1.714804
393.58,630.0,-1.708784,-1.70802
395.85,630.0,-1.6988,-1.697928
397.95,630.0,-1.684552,-1.683677
400.4,630.0,-1.666221,-1.665839
402.5,630.0,-1.644311,-1.644259
404.78,630.0,-1.620032,-1.620417
406.88,630.0,-1.594666,-1.59526
409.15,630.0,-1.568233,-1.569293
411.25,630.0,-1.539792,-1.541175
413.53,630.0,-1.511194,-1.513008
415.8,630.0,-1.484312,-1.486326
417.9,630.0,-1.456872,-1.459296
420.18,630.0,-1.430316,-1.433196
422.45,630.0,-1.405572,-1.408619
424.55,630.0,-1.382359,-1.385926
426.83,630.0,-1.360097,-1.363896
428.93,630.0,-1.339081,-1.343046
431.2,630.0,-1.320362,-1.324549
433.48,630.0,-1.304315,-1.308711
435.58,630.0,-1.290606,-1.295446
437.85,630.0,-1.278197,-1.283231
440.13,630.0,-1.26608,-1.271136
442.23,630.0,-1.255064,-1.260288
444.5,630.0,-1.245436,-1.250735
446.6,630.0,-1.237337,-1.24279
448.88,630.0,-1.230082,-1.235338
451.15,630.0,-1.223252,-1.228945
453.43,630.0,-1.216108,-1.22161
455.53,630.0,-1.209223,-1.215027
457.8,630.0,-1.202066,-1.208006
460.08,630.0,-1.19551,-1.201484
462.18,630.0,-1.189164,-1.195227
464.45,630.0,-1.184223,-1.190187
466.55,630.0,-1.180113,-1.186268
468.83,630.0,-1.177269,-1.183271
471.1,630.0,-1.175301,-1.181567
473.2,630.0,-1.173896,-1.179977
475.48,630.0,-1.171459,-1.177772
477.75,630.0,-1.168554,-1.174879
479.85,630.0,-1.165473,-1.171872
482.13,630.0,-1.162149,-1.168665
484.23,630.0,-1.159321,-1.165674
486.5,630.0,-1.156376,-1.162701
488.6,630.0,-1.15336,-1.159879
490.88,630.0,-1.150794,-1.157494
493.15,630.0,-1.148499,-1.155039
495.43,630.0,-1.14734,-1.15393
497.7,630.0,-1.146937,-1.15361
499.8,630.0,-1.147892,-1.154445
502.08,630.0,-1.150239,-1.157094
504.35,630.0,-1.154786,-1.161484
506.63,630.0,-1.160125,-1.166758
508.73,630.0,-1.165591,-1.171878
511.0,630.0,-1.171302,-1.177553
513.28,630.0,-1.176167,-1.182442
515.38,630.0,-1.180717,-1.186804
517.65,630.0,-1.184719,-1.190969
519.93,630.0,-1.188332,-1.194272
522.2,630.0,-1.192605,-1.198375
524.48,630.0,-1.196496,-1.202497
526.58,630.0,-1.200002,-1.205926
528.85,630.0,-1.20348,-1.209272
531.13,630.0,-1.207276,-1.213141
533.4,630.0,-1.211897,-1.217584
535.5,630.0,-1.217097,-1.222701
537.78,630.0,-1.223671,-1.229235
539.88,630.0,-1.231062,-1.236465
542.15,630.0,-1.238862,-1.244309
544.43,630.0,-1.248083,-1.253135
546.53,630.0,-1.257393,-1.262408
548.8,630.0,-1.266724,-1.271508
551.08,630.0,-1.276468,-1.281361
553.18,630.0,-1.285985,-1.290633
555.45,630.0,-1.295304,-1.299931
557.55,630.0,-1.304429,-1.308859
560.18,630.0,-1.315218,-1.319213
562.45,630.0,-1.324315,-1.328434
564.55,630.0,-1.333474,-1.337562
566.83,630.0,-1.343542,-1.347537
569.1,630.0,-1.354678,-1.358535
571.38,630.0,-1.366062,-1.369666
573.48,630.0,-1.376598,-1.379983
575.75,630.0,-1.38612,-1.389644
578.03,630.0,-1.395618,-1.398791
580.3,630.0,-1.404888,-1.408005
582.4,630.0,-1.414506,-1.417472
584.68,630.0,-1.424441,-1.427374
586.95,630.0,-1.435251,-1.43779
589.05,630.0,-1.445889,-1.448615
591.33,630.0,-1.455889,-1.45839
593.43,630.0,-1.465014,-1.467448
595.7,630.0,-1.472959,-1.475097
597.98,630.0,-1.480264,-1.482321
600.08,630.0,-1.487306,-1.489216
602.35,630.0,-1.494687,-1.496788
604.63,630.0,-1.502192,-1.504031
606.73,630.0,-1.509164,-1.51084
609.0,630.0,-1.516536,-1.518261
611.1,630.0,-1.523532,-1.525032
613.38,630.0,-1.530325,-1.531779
615.65,630.0,-1.536406,-1.537787
617.93,630.0,-1.542441,-1.543738
620.03,630.0,-1.548138,-1.549238
622.3,630.0,-1.554102,-1.555288
624.75,630.0,-1.560516,-1.561477
626.85,630.0,-1.567583,-1.56856
629.13,630.0,-1.574983,-1.575756
631.23,630.0,-1.583366,-1.584031
633.5,630.0,-1.59156,-1.592121
635.78,630.0,-1.599727,-1.600214
637.88,630.0,-1.607709,-1.608193
640.15,630.0,-1.614823,-1.615063
642.43,630.0,-1.621557,-1.621853
644.7,630.0,-1.627275,-1.627275
646.8,630.0,-1.63185,-1.632001
649.08,630.0,-1.634395,-1.634555
651.35,630.0,-1.634749,-1.634764
653.45,630.0,-1.632706,-1.632663
655.73,630.0,-1.628375,-1.628597
658.0,630.0,-1.622484,-1.622749
660.1,630.0,-1.614807,-1.614961
662.38,630.0,-1.606443,-1.606724
664.65,630.0,-1.598045,-1.598646
666.93,630.0,-1.590507,-1.591194
669.2,630.0,-1.584475,-1.585236
671.3,630.0,-1.58034,-1.581117
673.58,630.0,-1.578581,-1.579364
675.68,630.0,-1.578359,-1.579222
677.95,630.0,-1.579194,-1.580054
680.23,630.0,-1.580929,-1.581579
682.5,630.0,-1.583128,-1.583803
684.6,630.0,-1.585165,-1.585867
686.88,630.0,-1.587001,-1.587682
689.15,630.0,-1.587888,-1.588646
691.25,630.0,-1.588113,-1.58868
693.53,630.0,-1.588341,-1.588945
695.8,630.0,-1.587078,-1.587709
698.08,630.0,-1.578458,-1.579404
700.18,630.0,-1.555957,-1.557346
702.45,630.0,-1.517297,-1.518893
704.55,630.0,-1.463381,-1.465929
706.83,630.0,-1.394835,-1.398394
708.93,630.0,-1.315073,-1.319632
711.2,630.0,-1.228178,-1.233831
11.38,665.0,0.11308,0.089676
13.48,665.0,0.091974,0.069066
16.1,665.0,0.070055,0.047402
18.38,665.0,0.059891,0.037504
20.48,665.0,0.055575,0.033268
22.75,665.0,0.055757,0.033175
25.03,665.0,0.058443,0.035917
27.3,665.0,0.06263,0.040129
29.4,665.0,0.06718,0.04458
31.68,665.0,0.071607,0.049072
33.78,665.0,0.076743,0.054106
36.05,665.0,0.081657,0.059016
38.33,665.0,0.085646,0.062938
40.43,665.0,0.088591,0.065874
42.7,665.0,0.089897,0.067039
44.8,665.0,0.089201,0.066389
47.08,665.0,0.08722,0.064448
49.35,665.0,0.083782,0.061019
51.45,665.0,0.079617,0.05686
53.73,665.0,0.073967,0.051503
56.0,665.0,0.069214,0.046305
58.1,665.0,0.065409,0.04276
60.38,665.0,0.062433,0.039947
62.65,665.0,0.060008,0.037639
64.93,665.0,0.057026,0.034676
67.03,665.0,0.052584,0.030258
69.3,665.0,0.045313,0.023083
71.58,665.0,0.035276,0.013262
73.85,665.0,0.022609,0.000748
75.95,665.0,0.008443,-0.013426
78.23,665.0,-0.007179,-0.02879
80.5,665.0,-0.02525,-0.046618
82.6,665.0,-0.04549,-0.066704
84.88,665.0,-0.067511,-0.088356
86.98,665.0,-0.093014,-0.113473
89.25,665.0,-0.120971,-0.141094
91.53,665.0,-0.149964,-0.169597
93.8,665.0,-0.182591,-0.201806
96.08,665.0,-0.217406,-0.236057
98.18,665.0,-0.2524,-0.270817
100.45,665.0,-0.287234,-0.305093
102.73,665.0,-0.319233,-0.336596
104.83,665.0,-0.348103,-0.365049
107.1,665.0,-0.37614,-0.392871
109.38,665.0,-0.404455,-0.420709
111.65,665.0,-0.430145,-0.446275
113.75,665.0,-0.455373,-0.471103
115.85,665.0,-0.480471,-0.495853
118.3,665.0,-0.505012,-0.520228
120.4,665.0,-0.52602,-0.540773
122.68,665.0,-0.545148,-0.559843
124.78,665.0,-0.563879,-0.578161
127.05,665.0,-0.581469,-0.595524
129.33,665.0,-0.596842,-0.610548
131.43,665.0,-0.610761,-0.624461
133.7,665.0,-0.624488,-0.638047
135.98,665.0,-0.638367,-0.65171
138.08,665.0,-0.650456,-0.6637
140.35,665.0,-0.661161,-0.674347
142.63,665.0,-0.670761,-0.68362
144.9,665.0,-0.679491,-0.692104
147.18,665.0,-0.687929,-0.700249
149.28,665.0,-0.695175,-0.707843
151.55,665.0,-0.701041,-0.713586
153.65,665.0,-0.705949,-0.718416
155.93,665.0,-0.71024,-0.722754
158.2,665.0,-0.714051,-0.726278
160.3,665.0,-0.717812,-0.729892
162.58,665.0,-0.720616,-0.732914
164.85,665.0,-0.722202,-0.734479
167.13,665.0,-0.721891,-0.734109
169.23,665.0,-0.720406,-0.732557
171.5,665.0,-0.719738,-0.731993
173.78,665.0,-0.72081,-0.733253
175.88,665.0,-0.72288,-0.735058
178.15,665.0,-0.724667,-0.736959
180.25,665.0,-0.726183,-0.738379
182.53,665.0,-0.72813,-0.740237
184.8,665.0,-0.731654,-0.743703
187.08,665.0,-0.737769,-0.749725
189.18,665.0,-0.746032,-0.757874
191.45,665.0,-0.757372,-0.769155
193.55,665.0,-0.775687,-0.78707
195.83,665.0,-0.803786,-0.814944
198.1,665.0,-0.841799,-0.852362
200.38,665.0,-0.893133,-0.903145
202.48,665.0,-0.955166,-0.964189
204.75,665.0,-1.027227,-1.035233
207.03,665.0,-1.106037,-1.113083
209.3,665.0,-1.185929,-1.191755
211.4,665.0,-1.26246,-1.26726
213.68,665.0,-1.335171,-1.339075
215.78,665.0,-1.400572,-1.403745
218.05,665.0,-1.455599,-1.457962
220.33,665.0,-1.498634,-1.50018
222.43,665.0,-1.529071,-1.53034
224.7,665.0,-1.547266,-1.548307
226.98,665.0,-1.554077,-1.555023
229.08,665.0,-1.549946,-1.550978
231.35,665.0,-1.531104,-1.53254
233.63,665.0,-1.491594,-1.493615
235.9,665.0,-1.427722,-1.430649
238.0,665.0,-1.35027,-1.354112
240.28,665.0,-1.263477,-1.268335
242.55,665.0,-1.18608,-1.192254
244.83,665.0,-1.121533,-1.128536
246.93,665.0,-1.074023,-1.081734
249.2,665.0,-1.040082,-1.048055
251.3,665.0,-1.018536,-1.026912
253.58,665.0,-1.004839,-1.013225
255.85,665.0,-0.997479,-1.006025
258.13,665.0,-0.996037,-1.004636
260.23,665.0,-0.998684,-1.007411
262.5,665.0,-1.003132,-1.011512
264.6,665.0,-1.005603,-1.014174
266.88,665.0,-1.003955,-1.012282
269.15,665.0,-1.000649,-1.009392
271.43,665.0,-0.997963,-1.006456
273.53,665.0,-0.994904,-1.003554
275.8,665.0,-0.991047,-0.999682
277.9,665.0,-0.985871,-0.994546
280.18,665.0,-0.971552,-0.980612
282.45,665.0,-0.937945,-0.947288
284.73,665.0,-0.880998,-0.891281
286.83,665.0,-0.80702,-0.818376
289.1,665.0,-0.72861,-0.740902
291.38,665.0,-0.659803,-0.672908
293.48,665.0,-0.61325,-0.627045
295.75,665.0,-0.588765,-0.602736
298.03,665.0,-0.578124,-0.592221
300.13,665.0,-0.570505,-0.584932
302.4,665.0,-0.556525,-0.570983
304.68,665.0,-0.535761,-0.550425
306.78,665.0,-0.513389,-0.52837
309.05,665.0,-0.493574,-0.509057
311.33,665.0,-0.479193,-0.494692
313.43,665.0,-0.472163,-0.487693
315.7,665.0,-0.469886,-0.48561
317.8,665.0,-0.467234,-0.482899
320.08,665.0,-0.461004,-0.476543
322.35,665.0,-0.452702,-0.468681
324.45,665.0,-0.443765,-0.45967
326.73,665.0,-0.437351,-0.453198
329.0,665.0,-0.436864,-0.452874
331.1,665.0,-0.447153,-0.46313
333.38,665.0,-0.4728,-0.488299
335.65,665.0,-0.514233,-0.529294
337.75,665.0,-0.56565,-0.579713
340.03,665.0,-0.624297,-0.637711
342.3,665.0,-0.682498,-0.69484
344.4,665.0,-0.73869,-0.750579
346.68,665.0,-0.794023,-0.805305
348.78,665.0,-0.847134,-0.857603
351.05,665.0,-0.898998,-0.908582
353.33,665.0,-0.946309,-0.955461
355.43,665.0,-0.986287,-0.994898
357.7,665.0,-1.016158,-1.024509
359.98,665.0,-1.039694,-1.04783
362.08,665.0,-1.065933,-1.073591
364.35,665.0,-1.099309,-1.106484
366.63,665.0,-1.140815,-1.147433
368.73,665.0,-1.189719,-1.195618
371.0,665.0,-1.238382,-1.243631
373.28,665.0,-1.2832,-1.287845
375.38,665.0,-1.314922,-1.319112
377.65,665.0,-1.332004,-1.336105
379.75,665.0,-1.331123,-1.335045
382.03,665.0,-1.311555,-1.31592
384.3,665.0,-1.278181,-1.282959
386.4,665.0,-1.235412,-1.240825
388.68,665.0,-1.191271,-1.197288
390.95,665.0,-1.145119,-1.151838
393.05,665.0,-1.102303,-1.109608
395.33,665.0,-1.061268,-1.069201
397.43,665.0,-1.024223,-1.032498
399.53,665.0,-0.993598,-1.002261
401.8,665.0,-0.967874,-0.976752
404.08,665.0,-0.94719,-0.956604
406.35,665.0,-0.932251,-0.941574
408.63,665.0,-0.920397,-0.929978
410.73,665.0,-0.909765,-0.919528
413.0,665.0,-0.899026,-0.908921
415.28,665.0,-0.88841,-0.898468
417.38,665.0,-0.878092,-0.888182
419.65,665.0,-0.868767,-0.879137
421.93,665.0,-0.860927,-0.871491
424.03,665.0,-0.854217,-0.864664
426.3,665.0,-0.849023,-0.859605
428.4,665.0,-0.844134,-0.854781
430.68,665.0,-0.839839,-0.850659
432.95,665.0,-0.835958,-0.846863
435.05,665.0,-0.833656,-0.844507
437.15,665.0,-0.832541,-0.843496
439.43,665.0,-0.83227,-0.842994
441.7,665.0,-0.832473,-0.843361
443.98,665.0,-0.832939,-0.84377
446.08,665.0,-0.832655,-0.843419
448.35,665.0,-0.831601,-0.842335
450.45,665.0,-0.829383,-0.840234
452.73,665.0,-0.825988,-0.83674
455.0,665.0,-0.820717,-0.831679
457.1,665.0,-0.81581,-0.826571
459.38,665.0,-0.811115,-0.822202
461.65,665.0,-0.806152,-0.817289
463.75,665.0,-0.802615,-0.813804
466.03,665.0,-0.801115,-0.812261
468.3,665.0,-0.801469,-0.812594
470.58,665.0,-0.80182,-0.81317
472.68,665.0,-0.802181,-0.813459
474.95,665.0,-0.802976,-0.814165
477.05,665.0,-0.803854,-0.815277
479.33,665.0,-0.804032,-0.815067
481.6,665.0,-0.803592,-0.815061
483.88,665.0,-0.803835,-0.814892
486.15,665.0,-0.805918,-0.817304
488.25,665.0,-0.810822,-0.821743
490.53,665.0,-0.817005,-0.82796
492.8,665.0,-0.824654,-0.835459
494.9,665.0,-0.832017,-0.842945
497.18,665.0,-0.840077,-0.850554
499.45,665.0,-0.847806,-0.858311
501.55,665.0,-0.855804,-0.866044
503.83,665.0,-0.864728,-0.875221
505.93,665.0,-0.873629,-0.883792
508.2,665.0,-0.88243,-0.892421
510.3,665.0,-0.892381,-0.902261
512.58,665.0,-0.902837,-0.91255
514.85,665.0,-0.913983,-0.923641
516.95,665.0,-0.926152,-0.935619
519.23,665.0,-0.938715,-0.948031
521.5,665.0,-0.951546,-0.960631
523.78,665.0,-0.963696,-0.972787
525.88,665.0,-0.975304,-0.984109
528.15,665.0,-0.985732,-0.994423
530.6,665.0,-0.996213,-1.004522
532.7,665.0,-1.004895,-1.013419
534.98,665.0,-1.01328,-1.021552
537.25,665.0,-1.021423,-1.029707
539.35,665.0,-1.02966,-1.037698
541.63,665.0,-1.036638,-1.044599
543.9,665.0,-1.04341,-1.051555
546.18,665.0,-1.049861,-1.05767
548.28,665.0,-1.055061,-1.062843
550.55,665.0,-1.058989,-1.066635
552.83,665.0,-1.062174,-1.069882
555.1,665.0,-1.065652,-1.073265
557.2,665.0,-1.069515,-1.077032
559.48,665.0,-1.073536,-1.081219
561.58,665.0,-1.078767,-1.086247
563.85,665.0,-1.084029,-1.091697
566.13,665.0,-1.088194,-1.095717
568.4,665.0,-1.091108,-1.098289
570.5,665.0,-1.092156,-1.099405
572.78,665.0,-1.092525,-1.099824
575.05,665.0,-1.091441,-1.098813
577.15,665.0,-1.089824,-1.097165
579.43,665.0,-1.088446,-1.09584
581.7,665.0,-1.087732,-1.095135
583.8,665.0,-1.087334,-1.094617
586.08,665.0,-1.087377,-1.09462
588.35,665.0,-1.086928,-1.094198
590.45,665.0,-1.086385,-1.094016
592.73,665.0,-1.085085,-1.092316
595.0,665.0,-1.080551,-1.087846
597.1,665.0,-1.071891,-1.079432
599.38,665.0,-1.059944,-1.067784
601.65,665.0,-1.045905,-1.054047
603.75,665.0,-1.029676,-1.037849
606.03,665.0,-1.006496,-1.014858
608.13,665.0,-0.973373,-0.982408
610.4,665.0,-0.933089,-0.942593
612.68,665.0,-0.890606,-0.90068
615.13,665.0,-0.845295,-0.855908
617.23,665.0,-0.811614,-0.822624
619.5,665.0,-0.785893,-0.797403
621.78,665.0,-0.767233,-0.778832
624.05,665.0,-0.75621,-0.767788
626.15,665.0,-0.750194,-0.762119
628.43,665.0,-0.747569,-0.759565
630.7,665.0,-0.748003,-0.759843
632.8,665.0,-0.750588,-0.762449
635.08,665.0,-0.75459,-0.766281
637.35,665.0,-0.759544,-0.77121
639.45,665.0,-0.76402,-0.775573
641.73,665.0,-0.768558,-0.780184
644.0,665.0,-0.772436,-0.784035
646.1,665.0,-0.775533,-0.787014
648.38,665.0,-0.777332,-0.788767
650.65,665.0,-0.778545,-0.78991
652.93,665.0,-0.778512,-0.789956
655.03,665.0,-0.777926,-0.78959
657.3,665.0,-0.776164,-0.787711
659.58,665.0,-0.77211,-0.783826
661.68,665.0,-0.766568,-0.778003
663.95,665.0,-0.760203,-0.771925
666.23,665.0,-0.752433,-0.76406
668.33,665.0,-0.744809,-0.756836
670.6,665.0,-0.737674,-0.749695
672.7,665.0,-0.73138,-0.743475
674.98,665.0,-0.725939,-0.738219
677.25,665.0,-0.722168,-0.734405
679.35,665.0,-0.718971,-0.731278
681.63,665.0,-0.716195,-0.728669
683.9,665.0,-0.713697,-0.726026
686.18,665.0,-0.711124,-0.723564
688.28,665.0,-0.707572,-0.71992
690.38,665.0,-0.702698,-0.715006
692.83,665.0,-0.69642,-0.709048
695.1,665.0,-0.688102,-0.700527
697.38,665.0,-0.678318,-0.69093
699.48,665.0,-0.666432,-0.679479
701.58,665.0,-0.653127,-0.666269
703.85,665.0,-0.637843,-0.651263
705.95,665.0,-0.621848,-0.635582
708.23,665.0,-0.603703,-0.617732
710.5,665.0,-0.583786,-0.59772
11.55,700.0,0.084703,0.06158
13.83,700.0,0.068425,0.04576
16.1,700.0,0.052978,0.030421
18.2,700.0,0.044035,0.021805
20.48,700.0,0.042639,0.020286
22.58,700.0,0.045942,0.023499
24.85,700.0,0.053117,0.030658
27.13,700.0,0.062316,0.039676
29.4,700.0,0.072461,0.0497
31.5,700.0,0.082713,0.059867
33.78,700.0,0.090212,0.067365
36.05,700.0,0.092313,0.069479
38.15,700.0,0.087223,0.064522
40.43,700.0,0.075427,0.052778
42.7,700.0,0.058172,0.035745
44.98,700.0,0.038031,0.015859
47.08,700.0,0.016771,-0.005038
49.35,700.0,-0.002243,-0.023938
51.63,700.0,-0.014249,-0.035654
53.73,700.0,-0.019431,-0.040829
56.0,700.0,-0.020401,-0.04176
58.1,700.0,-0.020845,-0.042382
60.38,700.0,-0.024153,-0.045601
62.65,700.0,-0.032015,-0.053306
64.75,700.0,-0.045703,-0.066877
67.03,700.0,-0.066784,-0.087641
69.3,700.0,-0.092185,-0.11269
71.58,700.0,-0.122866,-0.142961
73.85,700.0,-0.156901,-0.176442
75.95,700.0,-0.192474,-0.211615
78.23,700.0,-0.227055,-0.245712
80.5,700.0,-0.256303,-0.274708
82.78,700.0,-0.280644,-0.298568
85.05,700.0,-0.301507,-0.319202
87.33,700.0,-0.320404,-0.338069
89.43,700.0,-0.336593,-0.354054
91.7,700.0,-0.350971,-0.368004
93.98,700.0,-0.364748,-0.381559
96.08,700.0,-0.379683,-0.396269
98.35,700.0,-0.396374,-0.412791
100.63,700.0,-0.414979,-0.431057
102.73,700.0,-0.431932,-0.448007
105.0,700.0,-0.446845,-0.462714
107.28,700.0,-0.459082,-0.474587
109.55,700.0,-0.468848,-0.484584
111.65,700.0,-0.476642,-0.491811
113.93,700.0,-0.481177,-0.496697
116.2,700.0,-0.481778,-0.497215
118.3,700.0,-0.479023,-0.494344
120.58,700.0,-0.475724,-0.490952
122.85,700.0,-0.474399,-0.490126
124.95,700.0,-0.4765,-0.491929
127.23,700.0,-0.482332,-0.497662
129.5,700.0,-0.493731,-0.508752
131.78,700.0,-0.508426,-0.523503
133.88,700.0,-0.52528,-0.540052
136.15,700.0,-0.543503,-0.558053
138.43,700.0,-0.561734,-0.576112
140.53,700.0,-0.580345,-0.594504
142.8,700.0,-0.598392,-0.612178
145.08,700.0,-0.61569,-0.62931
147.18,700.0,-0.632782,-0.646201
149.45,700.0,-0.649605,-0.662751
151.55,700.0,-0.666845,-0.679766
153.83,700.0,-0.685548,-0.69804
156.1,700.0,-0.70564,-0.717911
158.38,700.0,-0.725175,-0.737233
160.48,700.0,-0.740585,-0.752492
162.75,700.0,-0.7513,-0.763182
164.85,700.0,-0.758077,-0.769892
167.13,700.0,-0.762455,-0.774128
169.4,700.0,-0.765289,-0.776937
171.5,700.0,-0.768173,-0.779892
173.78,700.0,-0.772064,-0.783592
176.05,700.0,-0.777775,-0.789186
178.15,700.0,-0.78886,-0.800086
180.43,700.0,-0.805767,-0.816842
182.7,700.0,-0.829205,-0.839861
184.8,700.0,-0.862054,-0.872264
187.08,700.0,-0.906808,-0.916555
189.35,700.0,-0.961962,-0.970896
191.45,700.0,-1.025982,-1.03413
193.73,700.0,-1.093736,-1.100794
196.0,700.0,-1.155437,-1.16177
198.1,700.0,-1.204454,-1.210282
200.38,700.0,-1.239558,-1.244913
202.48,700.0,-1.263468,-1.268194
204.93,700.0,-1.274928,-1.279629
207.03,700.0,-1.275101,-1.279891
209.3,700.0,-1.26629,-1.271311
211.4,700.0,-1.251619,-1.256635
213.68,700.0,-1.231989,-1.237411
215.95,700.0,-1.210902,-1.216607
218.23,700.0,-1.189312,-1.195356
220.33,700.0,-1.167581,-1.173918
222.6,700.0,-1.14755,-1.154229
224.88,700.0,-1.127827,-1.134645
226.98,700.0,-1.108819,-1.11592
229.25,700.0,-1.090526,-1.097923
231.35,700.0,-1.072288,-1.079682
233.63,700.0,-1.053915,-1.061761
235.9,700.0,-1.037042,-1.04515
238.0,700.0,-1.022676,-1.030954
240.28,700.0,-1.01056,-1.018992
242.55,700.0,-1.00096,-1.009522
244.83,700.0,-0.992929,-1.001592
246.93,700.0,-0.985766,-0.994719
249.2,700.0,-0.979916,-0.988727
251.3,700.0,-0.973616,-0.982476
253.58,700.0,-0.966016,-0.975206
255.85,700.0,-0.954396,-0.963422
257.95,700.0,-0.937449,-0.946829
260.23,700.0,-0.91662,-0.926222
262.5,700.0,-0.894516,-0.904423
264.78,700.0,-0.871703,-0.881999
266.88,700.0,-0.849876,-0.860486
269.15,700.0,-0.830021,-0.840871
271.43,700.0,-0.814581,-0.825582
273.53,700.0,-0.803043,-0.814125
275.8,700.0,-0.795332,-0.806568
278.08,700.0,-0.78914,-0.800468
280.18,700.0,-0.783579,-0.794981
282.45,700.0,-0.778678,-0.790095
284.55,700.0,-0.774041,-0.785573
286.83,700.0,-0.767822,-0.77963
289.1,700.0,-0.7591,-0.770825
291.2,700.0,-0.747347,-0.759322
293.48,700.0,-0.734038,-0.746149
295.75,700.0,-0.719223,-0.731201
297.85,700.0,-0.704226,-0.716731
300.13,700.0,-0.690551,-0.703188
302.4,700.0,-0.676503,-0.689303
304.5,700.0,-0.662902,-0.67593
306.78,700.0,-0.651288,-0.66463
309.05,700.0,-0.645961,-0.659273
311.15,700.0,-0.648795,-0.662073
313.43,700.0,-0.6604,-0.673589
315.53,700.0,-0.678586,-0.691214
317.8,700.0,-0.701777,-0.714162
320.08,700.0,-0.727048,-0.739029
322.18,700.0,-0.754993,-0.766648
324.45,700.0,-0.786528,-0.797735
326.73,700.0,-0.819272,-0.829926
329.0,700.0,-0.852898,-0.863145
331.1,700.0,-0.89036,-0.90011
333.38,700.0,-0.928514,-0.937985
335.3,700.0,-0.966675,-0.975498
337.75,700.0,-0.99154,-1.000067
340.03,700.0,-0.993062,-1.001669
342.3,700.0,-0.974636,-0.98365
344.4,700.0,-0.942282,-0.951567
346.68,700.0,-0.90064,-0.91064
348.95,700.0,-0.850357,-0.860964
351.23,700.0,-0.800332,-0.811802
353.33,700.0,-0.752054,-0.763872
355.6,700.0,-0.713512,-0.725859
357.88,700.0,-0.687178,-0.699824
359.98,700.0,-0.669556,-0.682588
362.25,700.0,-0.655939,-0.668968
364.53,700.0,-0.641328,-0.65459
366.63,700.0,-0.621824,-0.635403
368.9,700.0,-0.594787,-0.608604
371.18,700.0,-0.558928,-0.573555
373.28,700.0,-0.515724,-0.530844
375.55,700.0,-0.465542,-0.481171
377.65,700.0,-0.415881,-0.432258
379.93,700.0,-0.367853,-0.384908
382.2,700.0,-0.324557,-0.3424
384.48,700.0,-0.286337,-0.304233
386.58,700.0,-0.249486,-0.268173
388.85,700.0,-0.21131,-0.230379
391.13,700.0,-0.169582,-0.189187
393.23,700.0,-0.126168,-0.146525
395.5,700.0,-0.081858,-0.102542
397.78,700.0,-0.04009,-0.061412
399.88,700.0,-0.001821,-0.023448
402.15,700.0,0.030227,0.008166
404.43,700.0,0.054676,0.032251
406.53,700.0,0.072572,0.049839
408.8,700.0,0.084596,0.061789
410.9,700.0,0.089478,0.06669
413.18,700.0,0.085273,0.062568
415.45,700.0,0.072451,0.049787
417.55,700.0,0.053785,0.031509
419.83,700.0,0.031225,0.009229
422.1,700.0,0.009596,-0.012222
424.38,700.0,-0.00814,-0.029696
426.48,700.0,-0.020432,-0.041837
428.75,700.0,-0.026079,-0.047508
431.03,700.0,-0.025152,-0.046458
433.13,700.0,-0.018014,-0.039582
435.4,700.0,-0.006951,-0.02859
437.68,700.0,0.005064,-0.016852
439.78,700.0,0.01519,-0.006701
442.05,700.0,0.021832,-0.000195
444.33,700.0,0.024707,0.00279
446.43,700.0,0.024759,0.002846
448.7,700.0,0.022464,0.00056
450.8,700.0,0.019297,-0.002552
453.08,700.0,0.016496,-0.005198
455.35,700.0,0.014469,-0.007305
457.45,700.0,0.014497,-0.007441
459.73,700.0,0.015144,-0.006615
461.83,700.0,0.015557,-0.006174
464.1,700.0,0.01548,-0.006412
466.38,700.0,0.016407,-0.005546
468.65,700.0,0.018939,-0.002967
470.75,700.0,0.023792,0.001866
473.03,700.0,0.028822,0.006866
475.3,700.0,0.031934,0.009836
477.4,700.0,0.033268,0.011253
479.68,700.0,0.032562,0.010381
481.95,700.0,0.030329,0.008203
484.05,700.0,0.025766,0.003739
486.33,700.0,0.018708,-0.003269
488.6,700.0,0.008767,-0.013063
490.7,700.0,-0.004865,-0.026483
492.98,700.0,-0.021017,-0.042508
495.08,700.0,-0.036137,-0.057515
497.35,700.0,-0.048614,-0.069693
499.63,700.0,-0.057222,-0.078211
501.9,700.0,-0.061754,-0.082616
504.18,700.0,-0.063393,-0.084206
506.45,700.0,-0.063907,-0.084782
508.55,700.0,-0.064193,-0.085179
510.83,700.0,-0.066834,-0.087474
513.1,700.0,-0.071359,-0.092114
515.2,700.0,-0.078004,-0.098824
517.48,700.0,-0.08757,-0.108004
519.75,700.0,-0.100266,-0.120484
521.85,700.0,-0.117274,-0.137496
524.13,700.0,-0.138288,-0.158322
526.4,700.0,-0.164896,-0.184415
528.5,700.0,-0.197668,-0.216584
530.78,700.0,-0.234221,-0.252828
533.05,700.0,-0.273968,-0.291978
535.33,700.0,-0.316011,-0.333509
537.6,700.0,-0.356131,-0.373047
539.7,700.0,-0.394855,-0.411235
541.98,700.0,-0.432144,-0.448133
544.25,700.0,-0.466796,-0.482403
546.35,700.0,-0.502009,-0.51711
548.63,700.0,-0.537092,-0.551781
550.73,700.0,-0.57406,-0.588173
553.0,700.0,-0.612563,-0.626084
555.28,700.0,-0.650323,-0.663518
557.55,700.0,-0.688133,-0.70049
559.65,700.0,-0.724679,-0.737033
561.93,700.0,-0.761244,-0.773003
564.2,700.0,-0.798431,-0.809577
566.3,700.0,-0.831719,-0.842298
568.58,700.0,-0.864402,-0.874457
570.68,700.0,-0.89593,-0.905865
572.95,700.0,-0.924907,-0.934226
575.23,700.0,-0.954392,-0.963453
577.5,700.0,-0.984303,-0.993037
579.6,700.0,-1.011672,-1.01999
581.88,700.0,-1.037914,-1.04593
583.98,700.0,-1.063037,-1.070652
586.25,700.0,-1.087485,-1.094891
588.7,700.0,-1.110307,-1.11727
590.98,700.0,-1.131321,-1.137719
593.08,700.0,-1.151327,-1.157719
595.35,700.0,-1.172528,-1.178514
597.63,700.0,-1.190212,-1.19616
599.9,700.0,-1.205708,-1.211308
602.0,700.0,-1.218764,-1.224272
604.28,700.0,-1.229808,-1.235372
606.55,700.0,-1.239481,-1.244666
608.65,700.0,-1.248135,-1.253083
610.93,700.0,-1.255597,-1.260701
613.03,700.0,-1.263252,-1.268345
615.3,700.0,-1.269971,-1.274755
617.58,700.0,-1.275359,-1.280304
619.68,700.0,-1.278012,-1.282818
621.95,700.0,-1.27929,-1.28413
624.23,700.0,-1.280319,-1.285039
626.33,700.0,-1.281752,-1.286441
628.6,700.0,-1.283905,-1.288677
630.88,700.0,-1.287312,-1.291893
632.98,700.0,-1.292177,-1.296776
635.25,700.0,-1.299377,-1.304019
637.35,700.0,-1.307217,-1.31165
639.63,700.0,-1.315276,-1.319494
