x,y,z,z2
4.37,0.0,0.016663,-0.003895
6.82,0.0,0.015255,-0.005167
9.1,0.0,0.01332,-0.006938
11.2,0.0,0.011068,-0.009117
13.48,0.0,0.008659,-0.011569
15.58,0.0,0.006915,-0.01342
18.03,0.0,0.00601,-0.014209
20.13,0.0,0.005622,-0.014686
22.4,0.0,0.005606,-0.01465
24.68,0.0,0.0056,-0.014631
26.95,0.0,0.005612,-0.01464
29.05,0.0,0.005643,-0.014643
31.33,0.0,0.004626,-0.015435
33.6,0.0,0.002769,-0.017339
35.88,0.0,0.000283,-0.019859
37.98,0.0,-0.002696,-0.023014
40.25,0.0,-0.005817,-0.026082
42.52,0.0,-0.008713,-0.028901
44.8,0.0,-0.012006,-0.032194
46.9,0.0,-0.015688,-0.035786
49.17,0.0,-0.019117,-0.039274
51.45,0.0,-0.022009,-0.041985
53.37,0.0,-0.024951,-0.045155
55.82,0.0,-0.027684,-0.047647
58.1,0.0,-0.029954,-0.049887
60.2,0.0,-0.03172,-0.051575
62.47,0.0,-0.033565,-0.05354
64.75,0.0,-0.035675,-0.055728
67.02,0.0,-0.038174,-0.058232
69.12,0.0,-0.041067,-0.060943
71.4,0.0,-0.044646,-0.064532
73.5,0.0,-0.04867,-0.068716
75.77,0.0,-0.053858,-0.073451
78.05,0.0,-0.058852,-0.078725
80.15,0.0,-0.063482,-0.083084
82.42,0.0,-0.06732,-0.086985
84.7,0.0,-0.070783,-0.090361
86.97,0.0,-0.073482,-0.093229
89.07,0.0,-0.076214,-0.095817
91.35,0.0,-0.078639,-0.098164
93.45,0.0,-0.07973,-0.099344
95.72,0.0,-0.080096,-0.09977
98.0,0.0,-0.080463,-0.100142
100.1,0.0,-0.080604,-0.100133
102.37,0.0,-0.080509,-0.100185
104.65,0.0,-0.081085,-0.100752
106.75,0.0,-0.081729,-0.10123
109.2,0.0,-0.082582,-0.102172
111.3,0.0,-0.083667,-0.10305
113.57,0.0,-0.08493,-0.104461
115.85,0.0,-0.087511,-0.107037
118.12,0.0,-0.090494,-0.110099
120.22,0.0,-0.09294,-0.11257
122.5,0.0,-0.094523,-0.114036
124.77,0.0,-0.095004,-0.114628
126.87,0.0,-0.0942,-0.113858
129.15,0.0,-0.092949,-0.112502
131.42,0.0,-0.090373,-0.10984
133.7,0.0,-0.086455,-0.105956
135.97,0.0,-0.081769,-0.10135
138.07,0.0,-0.075758,-0.095435
140.35,0.0,-0.069622,-0.089314
142.62,0.0,-0.063004,-0.082807
144.72,0.0,-0.056452,-0.076221
147.0,0.0,-0.047752,-0.067665
149.1,0.0,-0.03912,-0.059157
151.38,0.0,-0.03111,-0.051104
153.65,0.0,-0.023855,-0.043882
155.58,0.0,-0.018208,-0.038365
158.2,0.0,-0.013768,-0.033848
160.3,0.0,-0.009887,-0.030019
162.58,0.0,-0.005783,-0.025882
164.85,0.0,0.000286,-0.01989
167.13,0.0,0.008594,-0.011704
169.23,0.0,0.018154,-0.002123
171.5,0.0,0.028018,0.007587
173.78,0.0,0.037116,0.016728
176.05,0.0,0.045415,0.024784
178.15,0.0,0.053505,0.033021
180.43,0.0,0.061299,0.040572
182.7,0.0,0.068801,0.048086
184.8,0.0,0.075963,0.055212
187.08,0.0,0.0832,0.06247
189.35,0.0,0.09076,0.069867
191.45,0.0,0.097248,0.076481
193.73,0.0,0.102836,0.081965
196.0,0.0,0.106339,0.085588
198.28,0.0,0.108123,0.087291
200.38,0.0,0.108579,0.08775
202.48,0.0,0.109448,0.088573
204.93,0.0,0.110695,0.089978
207.2,0.0,0.112282,0.091475
209.3,0.0,0.114207,0.093138
211.58,0.0,0.116025,0.094996
213.85,0.0,0.118012,0.096999
216.13,0.0,0.119552,0.098751
218.23,0.0,0.120301,0.099229
220.5,0.0,0.120988,0.100156
222.78,0.0,0.121884,0.100982
224.88,0.0,0.121133,0.10011
227.15,0.0,0.119349,0.098373
229.43,0.0,0.116241,0.095307
231.53,0.0,0.112251,0.09137
233.8,0.0,0.107969,0.087217
236.08,0.0,0.103486,0.082692
238.35,0.0,0.098773,0.07796
240.45,0.0,0.094038,0.073212
242.73,0.0,0.089247,0.068431
245.0,0.0,0.083942,0.063345
247.28,0.0,0.078828,0.058194
249.38,0.0,0.073169,0.052365
251.83,0.0,0.068995,0.048345
254.1,0.0,0.066161,0.045464
256.2,0.0,0.064534,0.043952
258.48,0.0,0.063539,0.042947
260.75,0.0,0.062735,0.042069
263.03,0.0,0.061145,0.040464
265.13,0.0,0.058949,0.0384
267.93,0.0,0.055976,0.035199
270.03,0.0,0.053003,0.03239
272.3,0.0,0.049651,0.029112
274.58,0.0,0.046099,0.025745
276.85,0.0,0.042322,0.021891
278.95,0.0,0.038308,0.017929
281.23,0.0,0.035452,0.015141
283.5,0.0,0.032775,0.012408
285.6,0.0,0.029454,0.009226
287.88,0.0,0.024586,0.004325
289.98,0.0,0.018326,-0.001991
292.25,0.0,0.011324,-0.008741
294.53,0.0,0.005018,-0.015244
296.8,0.0,-0.000913,-0.021027
299.08,0.0,-0.006134,-0.02635
301.18,0.0,-0.010349,-0.030435
303.45,0.0,-0.014899,-0.034902
305.9,0.0,-0.019335,-0.039526
308.18,0.0,-0.023125,-0.043192
310.28,0.0,-0.026923,-0.046889
312.55,0.0,-0.030161,-0.050161
314.83,0.0,-0.032693,-0.052573
316.93,0.0,-0.03383,-0.053811
319.2,0.0,-0.034388,-0.054126
321.48,0.0,-0.033562,-0.053463
323.4,0.0,-0.032755,-0.052684
325.85,0.0,-0.032009,-0.05192
327.95,0.0,-0.031596,-0.051415
330.23,0.0,-0.031618,-0.05151
332.5,0.0,-0.031279,-0.051196
334.78,0.0,-0.031637,-0.051556
336.88,0.0,-0.032339,-0.052345
339.15,0.0,-0.033571,-0.053451
341.43,0.0,-0.035457,-0.055478
343.7,0.0,-0.037724,-0.05777
345.8,0.0,-0.039834,-0.059794
348.08,0.0,-0.041673,-0.061726
350.18,0.0,-0.04297,-0.063044
352.28,0.0,-0.043445,-0.0635
354.73,0.0,-0.043488,-0.063359
357.0,0.0,-0.042844,-0.062847
359.28,0.0,-0.04176,-0.061775
361.55,0.0,-0.040361,-0.060355
363.83,0.0,-0.039271,-0.059015
366.1,0.0,-0.038676,-0.058651
368.2,0.0,-0.038716,-0.05858
370.48,0.0,-0.038676,-0.058651
372.75,0.0,-0.038078,-0.05814
374.85,0.0,-0.036972,-0.057068
377.13,0.0,-0.035309,-0.055278
379.4,0.0,-0.03346,-0.053374
381.33,0.0,-0.030857,-0.050774
383.78,0.0,-0.027937,-0.047937
385.88,0.0,-0.025032,-0.044976
388.15,0.0,-0.021723,-0.041717
390.43,0.0,-0.018516,-0.038685
392.7,0.0,-0.014847,-0.034979
394.8,0.0,-0.01082,-0.030943
397.08,0.0,-0.006593,-0.026624
399.35,0.0,-0.001292,-0.021498
401.45,0.0,0.003533,-0.016612
403.73,0.0,0.007106,-0.013029
406.0,0.0,0.009793,-0.010583
408.1,0.0,0.010973,-0.009227
410.38,0.0,0.010415,-0.009767
412.48,0.0,0.008561,-0.011436
414.75,0.0,0.005803,-0.014499
417.03,0.0,0.002042,-0.018057
419.3,0.0,-0.001818,-0.02196
421.4,0.0,-0.005284,-0.025426
423.68,0.0,-0.007558,-0.027696
425.95,0.0,-0.008658,-0.028775
428.05,0.0,-0.008756,-0.028836
430.33,0.0,-0.008072,-0.028063
432.6,0.0,-0.007274,-0.027496
434.7,0.0,-0.006014,-0.026122
436.98,0.0,-0.004714,-0.024954
439.25,0.0,-0.003667,-0.023805
441.53,0.0,-0.002977,-0.023078
443.63,0.0,-0.002872,-0.023054
445.9,0.0,-0.003405,-0.02355
447.83,0.0,-0.004412,-0.024554
450.28,0.0,-0.006156,-0.026301
452.55,0.0,-0.00822,-0.028386
454.65,0.0,-0.011455,-0.031402
456.93,0.0,-0.015195,-0.035373
459.2,0.0,-0.019055,-0.039067
461.3,0.0,-0.022188,-0.042157
463.58,0.0,-0.024751,-0.044844
465.85,0.0,-0.026174,-0.045977
467.95,0.0,-0.027401,-0.047293
470.23,0.0,-0.028966,-0.048901
472.33,0.0,-0.031162,-0.05098
474.6,0.0,-0.033482,-0.053417
476.88,0.0,-0.035527,-0.055367
479.15,0.0,-0.03818,-0.058029
481.43,0.0,-0.040755,-0.060709
483.53,0.0,-0.043316,-0.06334
485.8,0.0,-0.045454,-0.065429
488.08,0.0,-0.046563,-0.066295
490.35,0.0,-0.047055,-0.067099
492.45,0.0,-0.047228,-0.067123
494.73,0.0,-0.047055,-0.066935
497.0,0.0,-0.046781,-0.066658
499.28,0.0,-0.046464,-0.066335
501.55,0.0,-0.045956,-0.065839
503.65,0.0,-0.045315,-0.065102
505.93,0.0,-0.044076,-0.064039
508.2,0.0,-0.043044,-0.062893
510.3,0.0,-0.042043,-0.061963
512.58,0.0,-0.041184,-0.061168
514.85,0.0,-0.040142,-0.060204
516.95,0.0,-0.039021,-0.058993
519.23,0.0,-0.037521,-0.057459
521.5,0.0,-0.036082,-0.056005
523.6,0.0,-0.034628,-0.054612
525.88,0.0,-0.033516,-0.053568
528.15,0.0,-0.032478,-0.05237
530.25,0.0,-0.03127,-0.051104
532.53,0.0,-0.030019,-0.049982
534.8,0.0,-0.029003,-0.048947
537.08,0.0,-0.028528,-0.048466
539.18,0.0,-0.027847,-0.047789
541.45,0.0,-0.026643,-0.0468
543.73,0.0,-0.024381,-0.044317
545.83,0.0,-0.020925,-0.040987
548.1,0.0,-0.016898,-0.036969
550.38,0.0,-0.011572,-0.031843
552.48,0.0,-0.006141,-0.026402
554.75,0.0,-0.000247,-0.02029
556.85,0.0,0.005344,-0.014714
559.13,0.0,0.010369,-0.009961
561.4,0.0,0.01475,-0.005614
563.5,0.0,0.017944,-0.002394
565.78,0.0,0.019315,-0.000962
568.05,0.0,0.020144,-0.000346
570.15,0.0,0.020067,-8.4e-05
572.43,0.0,0.020511,0.000212
574.7,0.0,0.021158,0.000748
576.98,0.0,0.021903,0.001583
579.08,0.0,0.021903,0.001666
581.35,0.0,0.021872,0.001651
583.63,0.0,0.021191,0.000794
585.73,0.0,0.020089,-0.000105
588.0,0.0,0.018505,-0.001828
590.28,0.0,0.016706,-0.003639
592.55,0.0,0.015431,-0.004887
594.83,0.0,0.015455,-0.004884
596.93,0.0,0.016694,-0.003608
599.2,0.0,0.018557,-0.001784
601.48,0.0,0.020273,-0.000139
603.75,0.0,0.021749,0.00153
605.85,0.0,0.022686,0.002288
608.13,0.0,0.023068,0.002837
610.23,0.0,0.022676,0.002421
612.67,0.0,0.021604,0.00141
614.77,0.0,0.021182,0.00088
617.05,0.0,0.021758,0.001694
619.32,0.0,0.022698,0.002464
621.42,0.0,0.023789,0.003548
623.7,0.0,0.025018,0.004734
625.97,0.0,0.02661,0.006302
628.25,0.0,0.029414,0.009112
630.35,0.0,0.033366,0.012975
632.62,0.0,0.03885,0.018548
634.72,0.0,0.04499,0.024328
637.17,0.0,0.050769,0.030323
639.27,0.0,0.055261,0.03467
641.55,0.0,0.056882,0.036386
643.82,0.0,0.056518,0.035936
646.1,0.0,0.053711,0.033212
648.2,0.0,0.049106,0.028607
650.47,0.0,0.043946,0.023579
652.75,0.0,0.038326,0.017957
655.02,0.0,0.033311,0.013034
657.3,0.0,0.029161,0.008878
659.4,0.0,0.025329,0.004962
661.67,0.0,0.021909,0.001598
663.95,0.0,0.018825,-0.001436
666.05,0.0,0.016472,-0.003759
668.32,0.0,0.013967,-0.006168
670.6,0.0,0.011635,-0.008593
672.7,0.0,0.009626,-0.010638
674.97,0.0,0.007846,-0.012271
677.07,0.0,0.006592,-0.01379
679.35,0.0,0.00556,-0.014622
681.62,0.0,0.005628,-0.014619
683.9,0.0,0.005643,-0.014551
686.0,0.0,0.005622,-0.014597
688.27,0.0,0.005979,-0.014363
690.55,0.0,0.005942,-0.0142
692.65,0.0,0.00556,-0.014545
694.92,0.0,0.005292,-0.014967
697.2,0.0,0.005215,-0.014964
699.3,0.0,0.005258,-0.014853
701.75,0.0,0.005603,-0.01465
704.02,0.0,0.005997,-0.014194
706.3,0.0,0.006715,-0.01351
708.4,0.0,0.007421,-0.012773
710.67,0.0,0.008021,-0.012062
11.2,35.0,-0.080503,-0.10103
13.48,35.0,-0.082896,-0.102644
15.93,35.0,-0.084184,-0.104046
18.2,35.0,-0.085349,-0.105068
20.3,35.0,-0.086572,-0.106196
22.58,35.0,-0.08753,-0.107225
24.85,35.0,-0.088014,-0.107665
26.95,35.0,-0.087644,-0.107249
29.23,35.0,-0.087246,-0.106843
31.33,35.0,-0.086627,-0.106298
33.6,35.0,-0.086258,-0.10586
35.88,35.0,-0.08558,-0.105321
37.98,35.0,-0.084656,-0.104323
40.25,35.0,-0.083664,-0.1033
42.53,35.0,-0.081652,-0.101267
44.63,35.0,-0.079351,-0.099009
46.9,35.0,-0.076757,-0.096279
49.18,35.0,-0.074107,-0.093873
51.28,35.0,-0.071615,-0.091313
53.55,35.0,-0.069129,-0.088842
55.65,35.0,-0.065561,-0.085266
57.93,35.0,-0.061279,-0.081113
60.2,35.0,-0.057958,-0.077659
62.48,35.0,-0.055413,-0.075155
64.58,35.0,-0.054551,-0.074381
66.85,35.0,-0.055454,-0.07521
69.13,35.0,-0.058408,-0.078143
71.23,35.0,-0.061926,-0.08147
73.5,35.0,-0.066042,-0.085669
75.6,35.0,-0.070108,-0.089652
77.88,35.0,-0.073503,-0.093171
80.15,35.0,-0.077028,-0.096596
82.25,35.0,-0.08029,-0.099776
84.53,35.0,-0.082946,-0.102619
86.8,35.0,-0.084634,-0.104089
89.08,35.0,-0.085903,-0.105611
91.18,35.0,-0.087317,-0.106917
93.45,35.0,-0.088636,-0.108146
95.73,35.0,-0.089619,-0.109221
98.0,35.0,-0.09058,-0.110379
100.1,35.0,-0.090802,-0.110315
102.38,35.0,-0.0907,-0.110198
104.65,35.0,-0.090056,-0.109545
106.75,35.0,-0.089181,-0.10875
109.03,35.0,-0.08822,-0.107915
111.3,35.0,-0.08602,-0.1057
113.58,35.0,-0.083183,-0.102752
115.85,35.0,-0.080472,-0.100053
118.13,35.0,-0.078365,-0.097927
120.23,35.0,-0.076652,-0.096236
122.5,35.0,-0.074751,-0.094369
124.6,35.0,-0.071978,-0.091775
126.88,35.0,-0.069388,-0.089009
129.15,35.0,-0.066513,-0.086122
131.43,35.0,-0.063852,-0.083651
133.53,35.0,-0.061464,-0.081233
135.8,35.0,-0.05923,-0.078842
137.9,35.0,-0.056855,-0.076464
140.18,35.0,-0.053374,-0.073343
142.45,35.0,-0.049458,-0.069511
144.55,35.0,-0.045617,-0.065641
146.83,35.0,-0.040848,-0.060755
149.1,35.0,-0.034628,-0.054677
151.38,35.0,-0.0272,-0.047327
153.48,35.0,-0.019502,-0.03969
155.75,35.0,-0.011735,-0.031858
158.03,35.0,-0.004847,-0.025121
160.3,35.0,0.001647,-0.018507
162.4,35.0,0.007439,-0.012875
164.68,35.0,0.013163,-0.007037
166.78,35.0,0.018582,-0.001609
169.05,35.0,0.024254,0.00402
171.33,35.0,0.030668,0.010357
173.6,35.0,0.037242,0.016703
175.7,35.0,0.044312,0.023853
177.98,35.0,0.051546,0.031158
180.25,35.0,0.057941,0.037365
182.53,35.0,0.063533,0.042883
184.63,35.0,0.067747,0.047125
186.9,35.0,0.070304,0.049626
189.18,35.0,0.072285,0.05141
191.45,35.0,0.073792,0.053065
193.73,35.0,0.075658,0.054938
195.83,35.0,0.078527,0.057729
198.1,35.0,0.08194,0.061275
200.38,35.0,0.085052,0.064303
202.48,35.0,0.087297,0.066718
204.75,35.0,0.087729,0.066986
207.03,35.0,0.086536,0.065797
209.13,35.0,0.084318,0.063573
211.4,35.0,0.082149,0.061401
213.68,35.0,0.078967,0.058354
215.78,35.0,0.0756,0.055064
218.05,35.0,0.072239,0.051441
220.33,35.0,0.069158,0.048453
222.43,35.0,0.065874,0.04536
224.7,35.0,0.062328,0.041845
226.8,35.0,0.058967,0.0384
229.08,35.0,0.055665,0.035246
231.35,35.0,0.051401,0.030973
233.45,35.0,0.046931,0.026475
235.73,35.0,0.042769,0.022285
237.83,35.0,0.038527,0.018228
240.1,35.0,0.035199,0.014861
242.38,35.0,0.032337,0.011949
244.48,35.0,0.029824,0.00942
246.75,35.0,0.027556,0.00727
249.03,35.0,0.026121,0.005788
251.3,35.0,0.024876,0.004722
253.58,35.0,0.023662,0.003348
255.85,35.0,0.023212,0.002778
257.95,35.0,0.023533,0.003271
260.23,35.0,0.024626,0.004405
262.5,35.0,0.025646,0.00536
264.43,35.0,0.026022,0.005532
266.88,35.0,0.025273,0.005052
269.15,35.0,0.023598,0.003308
271.43,35.0,0.021121,0.000782
273.7,35.0,0.017516,-0.002813
275.98,35.0,0.013126,-0.007022
278.08,35.0,0.008342,-0.011855
280.35,35.0,0.004063,-0.01602
282.8,35.0,-0.001572,-0.021751
285.08,35.0,-0.007228,-0.027394
287.35,35.0,-0.01391,-0.033916
289.45,35.0,-0.021273,-0.041085
291.73,35.0,-0.028621,-0.048614
294.0,35.0,-0.03538,-0.055417
296.1,35.0,-0.041353,-0.061387
298.38,35.0,-0.045873,-0.065737
300.65,35.0,-0.048648,-0.068565
302.93,35.0,-0.050953,-0.070851
305.03,35.0,-0.052755,-0.07265
307.3,35.0,-0.054375,-0.074249
309.4,35.0,-0.056313,-0.076107
311.68,35.0,-0.05847,-0.078189
313.95,35.0,-0.06029,-0.08005
316.05,35.0,-0.06216,-0.082006
318.33,35.0,-0.064175,-0.083821
320.43,35.0,-0.06611,-0.085857
322.88,35.0,-0.067499,-0.087154
324.98,35.0,-0.068183,-0.087832
327.25,35.0,-0.06798,-0.087647
329.53,35.0,-0.067357,-0.087031
331.8,35.0,-0.065201,-0.084927
333.9,35.0,-0.0616,-0.081353
336.18,35.0,-0.057456,-0.077114
338.45,35.0,-0.052724,-0.072558
340.55,35.0,-0.048694,-0.068738
342.83,35.0,-0.045934,-0.065953
344.93,35.0,-0.044951,-0.064834
347.2,35.0,-0.044502,-0.064397
349.48,35.0,-0.044542,-0.064443
351.58,35.0,-0.044206,-0.064067
353.85,35.0,-0.043454,-0.063423
355.95,35.0,-0.042049,-0.061929
358.23,35.0,-0.039921,-0.059896
360.5,35.0,-0.037388,-0.057376
362.78,35.0,-0.034751,-0.054708
365.05,35.0,-0.032555,-0.052484
367.15,35.0,-0.029856,-0.049807
369.43,35.0,-0.02696,-0.047022
371.53,35.0,-0.023417,-0.043562
373.98,35.0,-0.019742,-0.039877
376.08,35.0,-0.015438,-0.035601
378.35,35.0,-0.011338,-0.031446
380.63,35.0,-0.007703,-0.027946
382.9,35.0,-0.005081,-0.025306
385.18,35.0,-0.002835,-0.023309
387.45,35.0,-0.002111,-0.022228
389.55,35.0,-0.002813,-0.022952
391.83,35.0,-0.004169,-0.024397
394.1,35.0,-0.005648,-0.025694
396.2,35.0,-0.006797,-0.026898
398.48,35.0,-0.007102,-0.02732
400.75,35.0,-0.007157,-0.027324
403.03,35.0,-0.007493,-0.027592
405.13,35.0,-0.007533,-0.027706
407.4,35.0,-0.008627,-0.028793
409.68,35.0,-0.010395,-0.030629
411.95,35.0,-0.01293,-0.033121
414.05,35.0,-0.016036,-0.035999
416.33,35.0,-0.019301,-0.039378
418.43,35.0,-0.022533,-0.042376
420.7,35.0,-0.026101,-0.046085
422.98,35.0,-0.029696,-0.049609
425.25,35.0,-0.033149,-0.053075
427.35,35.0,-0.035993,-0.0561
429.63,35.0,-0.03932,-0.059224
431.73,35.0,-0.041852,-0.061704
434.0,35.0,-0.043417,-0.063275
436.28,35.0,-0.044227,-0.064098
438.38,35.0,-0.044049,-0.064046
440.65,35.0,-0.043812,-0.063691
442.93,35.0,-0.043778,-0.063781
445.03,35.0,-0.044625,-0.064495
447.3,35.0,-0.045783,-0.065506
449.58,35.0,-0.046871,-0.066791
451.68,35.0,-0.048152,-0.068198
453.95,35.0,-0.04948,-0.069495
456.23,35.0,-0.050574,-0.0705
458.33,35.0,-0.051498,-0.071372
460.6,35.0,-0.052388,-0.072262
462.88,35.0,-0.053457,-0.073275
465.15,35.0,-0.054563,-0.074298
467.25,35.0,-0.055447,-0.075019
469.53,35.0,-0.05615,-0.075845
471.98,35.0,-0.056452,-0.076295
474.08,35.0,-0.056766,-0.076544
476.35,35.0,-0.057234,-0.076895
478.45,35.0,-0.057761,-0.077681
480.73,35.0,-0.058741,-0.078386
483.0,35.0,-0.060515,-0.080158
485.1,35.0,-0.062625,-0.082333
487.38,35.0,-0.065158,-0.084871
489.48,35.0,-0.067933,-0.087715
491.75,35.0,-0.070925,-0.09053
494.03,35.0,-0.073356,-0.09302
496.13,35.0,-0.07541,-0.094979
498.4,35.0,-0.076923,-0.096501
500.68,35.0,-0.078155,-0.097742
502.78,35.0,-0.079369,-0.098808
505.05,35.0,-0.080105,-0.099615
507.33,35.0,-0.08094,-0.100598
509.6,35.0,-0.081248,-0.100688
511.7,35.0,-0.080259,-0.09976
513.98,35.0,-0.0779,-0.09749
516.25,35.0,-0.073938,-0.093528
518.53,35.0,-0.069307,-0.088984
520.8,35.0,-0.063818,-0.083608
522.9,35.0,-0.058374,-0.078146
525.18,35.0,-0.052582,-0.072468
527.45,35.0,-0.046729,-0.06668
529.55,35.0,-0.041436,-0.061424
531.83,35.0,-0.036137,-0.056097
534.1,35.0,-0.031356,-0.051202
536.2,35.0,-0.026701,-0.046707
538.48,35.0,-0.022672,-0.042693
540.75,35.0,-0.019363,-0.039532
542.85,35.0,-0.016045,-0.036137
545.13,35.0,-0.012548,-0.03261
547.4,35.0,-0.008824,-0.028935
549.5,35.0,-0.005524,-0.025682
551.78,35.0,-0.002074,-0.022206
554.05,35.0,0.001053,-0.019043
556.33,35.0,0.003829,-0.016316
558.6,35.0,0.005828,-0.014345
560.7,35.0,0.008003,-0.012394
562.98,35.0,0.010033,-0.0103
565.25,35.0,0.011829,-0.008442
567.35,35.0,0.013579,-0.00656
569.63,35.0,0.015082,-0.005201
571.9,35.0,0.015834,-0.00436
574.0,35.0,0.016712,-0.003661
576.28,35.0,0.018536,-0.001812
578.55,35.0,0.021854,0.001589
580.65,35.0,0.026259,0.005936
582.93,35.0,0.030159,0.00975
585.03,35.0,0.032371,0.01202
587.3,35.0,0.034439,0.01393
589.58,35.0,0.036441,0.01584
591.85,35.0,0.038859,0.018394
593.95,35.0,0.041758,0.021376
596.23,35.0,0.044312,0.023866
598.5,35.0,0.047023,0.026663
600.78,35.0,0.049303,0.028825
603.05,35.0,0.050526,0.030036
605.15,35.0,0.049703,0.029211
607.43,35.0,0.046524,0.026044
609.7,35.0,0.041789,0.021225
611.8,35.0,0.034808,0.014414
614.08,35.0,0.027402,0.007054
616.35,35.0,0.020797,0.000532
618.63,35.0,0.015714,-0.004551
620.73,35.0,0.011296,-0.008953
623.0,35.0,0.008031,-0.012151
625.1,35.0,0.005794,-0.014415
627.38,35.0,0.004836,-0.015398
629.65,35.0,0.003903,-0.016399
631.93,35.0,0.002907,-0.017216
634.03,35.0,0.002039,-0.018134
636.3,35.0,0.001342,-0.018694
638.58,35.0,0.001361,-0.018661
640.85,35.0,0.001192,-0.01895
642.95,35.0,0.000637,-0.019388
645.23,35.0,0.000233,-0.01997
647.33,35.0,-0.000454,-0.02062
649.6,35.0,-0.000414,-0.020611
651.88,35.0,0.000637,-0.019468
653.98,35.0,0.002809,-0.017271
656.25,35.0,0.005779,-0.014428
658.53,35.0,0.008995,-0.011221
660.8,35.0,0.011447,-0.00879
663.08,35.0,0.012467,-0.007767
665.18,35.0,0.012578,-0.007548
667.45,35.0,0.01206,-0.008088
669.73,35.0,0.011028,-0.009286
671.83,35.0,0.009836,-0.010315
674.1,35.0,0.008416,-0.011837
676.38,35.0,0.007051,-0.013254
678.65,35.0,0.005751,-0.014357
680.93,35.0,0.005338,-0.014856
683.03,35.0,0.004824,-0.015333
685.3,35.0,0.004864,-0.01534
687.58,35.0,0.004885,-0.015318
689.68,35.0,0.005569,-0.014511
691.95,35.0,0.006922,-0.013254
694.23,35.0,0.009368,-0.011088
696.5,35.0,0.011709,-0.008519
698.78,35.0,0.013801,-0.006316
700.88,35.0,0.014725,-0.005552
703.15,35.0,0.014694,-0.005466
705.43,35.0,0.013123,-0.007062
707.7,35.0,0.010794,-0.009403
709.8,35.0,0.008102,-0.012102
11.03,70.0,-0.114079,-0.13423
13.3,70.0,-0.116695,-0.136356
15.75,70.0,-0.11931,-0.138663
18.03,70.0,-0.121834,-0.141079
20.13,70.0,-0.123534,-0.142866
22.58,70.0,-0.12428,-0.14379
24.85,70.0,-0.124203,-0.143497
26.95,70.0,-0.1233,-0.142558
29.23,70.0,-0.121606,-0.141091
31.5,70.0,-0.120127,-0.139523
33.6,70.0,-0.118913,-0.138124
35.88,70.0,-0.117477,-0.136914
38.15,70.0,-0.115832,-0.135287
40.43,70.0,-0.11428,-0.133768
42.7,70.0,-0.113257,-0.132696
44.8,70.0,-0.11281,-0.132194
47.08,70.0,-0.113186,-0.132591
49.35,70.0,-0.11371,-0.133063
51.45,70.0,-0.114354,-0.133824
53.73,70.0,-0.114233,-0.133651
56.0,70.0,-0.113322,-0.132767
58.1,70.0,-0.112191,-0.131562
60.38,70.0,-0.110882,-0.130401
62.65,70.0,-0.110586,-0.12992
64.75,70.0,-0.11054,-0.129948
67.03,70.0,-0.111593,-0.130829
69.3,70.0,-0.113069,-0.132444
71.58,70.0,-0.115115,-0.134468
73.85,70.0,-0.117142,-0.136424
76.13,70.0,-0.118879,-0.138134
78.4,70.0,-0.120019,-0.139375
80.5,70.0,-0.120084,-0.13931
82.78,70.0,-0.118836,-0.138038
85.05,70.0,-0.115903,-0.135346
87.33,70.0,-0.111948,-0.131402
89.43,70.0,-0.108161,-0.127687
91.7,70.0,-0.104292,-0.123833
93.8,70.0,-0.101402,-0.120993
96.08,70.0,-0.099372,-0.118839
98.35,70.0,-0.098315,-0.117924
100.63,70.0,-0.09769,-0.117163
102.73,70.0,-0.096698,-0.11627
105.0,70.0,-0.09355,-0.113124
107.28,70.0,-0.088349,-0.10798
109.38,70.0,-0.083174,-0.102921
111.65,70.0,-0.078411,-0.098103
113.93,70.0,-0.074985,-0.094526
116.2,70.0,-0.072588,-0.092308
118.3,70.0,-0.071424,-0.091008
120.58,70.0,-0.07078,-0.090339
122.85,70.0,-0.070259,-0.089887
124.95,70.0,-0.069844,-0.089594
127.23,70.0,-0.069492,-0.089104
129.5,70.0,-0.068636,-0.088325
131.78,70.0,-0.067314,-0.086975
133.88,70.0,-0.065845,-0.085614
136.15,70.0,-0.064212,-0.084079
138.25,70.0,-0.062394,-0.082188
140.53,70.0,-0.060235,-0.079991
142.63,70.0,-0.057853,-0.077628
144.9,70.0,-0.054409,-0.074107
147.18,70.0,-0.050161,-0.070093
149.28,70.0,-0.045792,-0.065771
151.55,70.0,-0.041251,-0.061322
153.65,70.0,-0.036467,-0.056458
155.93,70.0,-0.031932,-0.052049
158.2,70.0,-0.026997,-0.046929
160.3,70.0,-0.021717,-0.041778
162.58,70.0,-0.016855,-0.037096
164.85,70.0,-0.01163,-0.031723
166.95,70.0,-0.006378,-0.026495
169.23,70.0,-0.000136,-0.020401
171.5,70.0,0.005745,-0.014452
173.6,70.0,0.011259,-0.00916
175.88,70.0,0.016281,-0.003959
177.98,70.0,0.020172,-3.5e-05
180.25,70.0,0.023484,0.003268
182.35,70.0,0.025914,0.005557
184.63,70.0,0.027988,0.00776
186.9,70.0,0.029904,0.009503
189.0,70.0,0.031595,0.011136
191.28,70.0,0.033403,0.013006
193.55,70.0,0.034278,0.01402
195.65,70.0,0.033493,0.013068
197.93,70.0,0.031694,0.011441
200.2,70.0,0.029848,0.009516
202.48,70.0,0.027362,0.007002
204.75,70.0,0.024614,0.004476
206.85,70.0,0.022402,0.002088
209.13,70.0,0.020511,0.000252
211.4,70.0,0.019417,-0.000974
213.5,70.0,0.018903,-0.001427
215.78,70.0,0.018958,-0.001529
218.05,70.0,0.018576,-0.001744
220.33,70.0,0.017319,-0.003158
222.43,70.0,0.014941,-0.005223
224.7,70.0,0.012368,-0.007915
226.8,70.0,0.009858,-0.010451
229.25,70.0,0.00816,-0.012197
231.53,70.0,0.007448,-0.012709
233.63,70.0,0.007448,-0.012666
235.9,70.0,0.00759,-0.012724
238.18,70.0,0.008567,-0.011788
240.28,70.0,0.010501,-0.00968
242.55,70.0,0.013021,-0.007123
244.65,70.0,0.015292,-0.004961
246.93,70.0,0.016946,-0.003386
249.2,70.0,0.017147,-0.003235
251.3,70.0,0.015782,-0.004554
253.58,70.0,0.013277,-0.006935
255.85,70.0,0.00975,-0.010632
258.13,70.0,0.005736,-0.014637
260.4,70.0,0.000945,-0.01936
262.5,70.0,-0.004209,-0.024443
264.78,70.0,-0.008759,-0.028821
267.05,70.0,-0.013316,-0.033297
269.33,70.0,-0.017533,-0.03765
271.43,70.0,-0.021436,-0.041409
273.7,70.0,-0.02591,-0.045965
275.98,70.0,-0.030922,-0.050759
278.08,70.0,-0.035811,-0.055783
280.35,70.0,-0.041603,-0.061581
282.63,70.0,-0.047567,-0.06749
284.9,70.0,-0.054095,-0.073935
287.0,70.0,-0.059178,-0.078962
289.28,70.0,-0.063577,-0.083352
291.55,70.0,-0.066692,-0.086362
293.65,70.0,-0.068765,-0.088386
295.93,70.0,-0.070127,-0.089797
298.2,70.0,-0.071137,-0.090826
300.48,70.0,-0.071908,-0.09164
302.58,70.0,-0.073238,-0.092896
304.85,70.0,-0.074865,-0.094406
307.13,70.0,-0.076442,-0.0961
309.23,70.0,-0.077961,-0.097542
311.5,70.0,-0.079381,-0.09879
313.6,70.0,-0.080688,-0.100102
315.88,70.0,-0.082139,-0.10175
317.98,70.0,-0.083131,-0.102776
320.25,70.0,-0.083044,-0.102628
322.7,70.0,-0.081418,-0.101116
324.98,70.0,-0.078796,-0.098362
327.25,70.0,-0.075845,-0.095509
329.35,70.0,-0.072992,-0.092696
331.63,70.0,-0.070814,-0.090506
333.9,70.0,-0.068195,-0.087866
336.0,70.0,-0.065133,-0.084998
338.28,70.0,-0.062031,-0.081778
340.55,70.0,-0.059027,-0.078852
342.65,70.0,-0.056664,-0.076245
344.93,70.0,-0.054033,-0.073944
347.2,70.0,-0.05176,-0.071627
349.3,70.0,-0.049529,-0.069388
351.58,70.0,-0.047619,-0.067567
353.85,70.0,-0.046011,-0.066033
355.95,70.0,-0.044206,-0.064169
358.4,70.0,-0.042336,-0.062231
360.5,70.0,-0.040435,-0.060432
362.95,70.0,-0.039055,-0.059052
365.05,70.0,-0.037955,-0.057866
367.33,70.0,-0.03717,-0.057176
369.43,70.0,-0.036393,-0.056393
371.7,70.0,-0.035715,-0.055654
373.98,70.0,-0.034945,-0.054921
376.08,70.0,-0.034348,-0.054295
378.35,70.0,-0.033556,-0.053454
380.63,70.0,-0.033032,-0.053109
382.73,70.0,-0.032357,-0.052324
385.0,70.0,-0.032126,-0.051966
387.28,70.0,-0.031942,-0.052031
389.55,70.0,-0.032357,-0.052314
391.65,70.0,-0.032761,-0.052758
393.93,70.0,-0.033131,-0.053047
396.2,70.0,-0.033365,-0.053614
398.3,70.0,-0.033485,-0.053528
400.58,70.0,-0.03359,-0.053479
402.85,70.0,-0.033094,-0.053223
405.13,70.0,-0.03245,-0.052324
407.58,70.0,-0.032022,-0.051951
409.68,70.0,-0.032397,-0.052256
411.95,70.0,-0.032727,-0.052804
414.23,70.0,-0.03318,-0.053257
416.33,70.0,-0.033426,-0.05342
418.6,70.0,-0.033513,-0.053531
420.7,70.0,-0.033864,-0.053962
422.98,70.0,-0.035004,-0.054936
425.08,70.0,-0.036772,-0.056809
427.35,70.0,-0.039018,-0.059018
429.63,70.0,-0.041581,-0.061492
431.9,70.0,-0.043624,-0.063479
434.0,70.0,-0.045004,-0.06497
436.28,70.0,-0.045583,-0.065583
438.38,70.0,-0.045438,-0.065321
440.65,70.0,-0.044535,-0.064452
442.75,70.0,-0.043232,-0.063202
445.2,70.0,-0.041646,-0.061683
447.48,70.0,-0.04045,-0.060444
449.58,70.0,-0.039757,-0.059696
451.85,70.0,-0.040078,-0.060041
453.95,70.0,-0.041239,-0.061144
456.4,70.0,-0.042388,-0.062339
458.5,70.0,-0.043004,-0.063075
460.78,70.0,-0.043519,-0.06346
463.05,70.0,-0.043796,-0.063673
465.33,70.0,-0.043436,-0.063319
467.43,70.0,-0.043029,-0.062964
469.7,70.0,-0.042702,-0.062665
471.8,70.0,-0.042619,-0.062625
474.08,70.0,-0.042681,-0.062721
476.35,70.0,-0.042992,-0.062992
478.45,70.0,-0.043026,-0.063007
480.73,70.0,-0.043824,-0.063778
483.0,70.0,-0.044637,-0.064526
485.1,70.0,-0.04598,-0.065913
487.38,70.0,-0.047296,-0.067179
489.65,70.0,-0.048848,-0.068716
491.75,70.0,-0.050112,-0.07001
494.03,70.0,-0.050872,-0.070728
496.3,70.0,-0.051221,-0.071014
498.4,70.0,-0.051159,-0.071057
500.85,70.0,-0.050789,-0.070829
502.95,70.0,-0.050068,-0.069967
505.23,70.0,-0.048704,-0.068685
507.5,70.0,-0.046581,-0.066501
509.6,70.0,-0.044132,-0.064055
511.88,70.0,-0.040953,-0.060959
514.15,70.0,-0.037693,-0.057878
516.25,70.0,-0.034763,-0.054726
518.53,70.0,-0.032588,-0.052499
520.8,70.0,-0.030626,-0.050555
523.08,70.0,-0.028805,-0.048753
525.18,70.0,-0.026852,-0.046824
527.45,70.0,-0.024705,-0.044646
529.73,70.0,-0.022093,-0.04204
531.83,70.0,-0.019351,-0.039569
534.1,70.0,-0.01534,-0.035333
536.38,70.0,-0.010398,-0.030537
538.48,70.0,-0.00473,-0.024893
540.75,70.0,0.002473,-0.017718
543.03,70.0,0.009599,-0.010614
545.3,70.0,0.015936,-0.004502
547.4,70.0,0.020147,-0.000118
549.68,70.0,0.023329,0.003068
551.95,70.0,0.02596,0.005582
554.05,70.0,0.028582,0.008212
556.33,70.0,0.03137,0.010905
558.6,70.0,0.033755,0.013428
560.88,70.0,0.036074,0.015566
562.98,70.0,0.038246,0.017692
565.25,70.0,0.039817,0.019346
567.53,70.0,0.04024,0.019771
569.8,70.0,0.039127,0.018616
572.08,70.0,0.036232,0.015717
574.18,70.0,0.032045,0.011595
576.45,70.0,0.02816,0.007969
578.55,70.0,0.024174,0.003829
580.83,70.0,0.02085,0.000468
583.1,70.0,0.018582,-0.001658
585.2,70.0,0.017485,-0.00289
587.48,70.0,0.016426,-0.003959
589.75,70.0,0.015243,-0.005059
591.85,70.0,0.01365,-0.006603
594.13,70.0,0.011386,-0.008947
596.4,70.0,0.008733,-0.011486
598.68,70.0,0.006074,-0.014123
600.78,70.0,0.003896,-0.016439
603.23,70.0,0.00161,-0.018778
605.5,70.0,0.000954,-0.019231
607.6,70.0,0.001342,-0.018704
609.88,70.0,0.002128,-0.018186
612.15,70.0,0.002507,-0.017552
614.43,70.0,0.002082,-0.018011
616.53,70.0,0.001349,-0.018858
618.8,70.0,-0.00017,-0.020475
621.08,70.0,-0.001895,-0.021969
623.18,70.0,-0.003254,-0.023531
625.45,70.0,-0.004723,-0.024813
627.55,70.0,-0.00594,-0.026057
629.83,70.0,-0.006784,-0.026883
632.28,70.0,-0.005799,-0.026131
634.38,70.0,-0.003235,-0.023491
636.65,70.0,-0.00094,-0.021116
638.93,70.0,0.000184,-0.019816
641.2,70.0,-0.000395,-0.020568
643.3,70.0,-0.002339,-0.022641
645.58,70.0,-0.005454,-0.025663
647.85,70.0,-0.008827,-0.029046
649.95,70.0,-0.012585,-0.032662
652.23,70.0,-0.015783,-0.035894
654.5,70.0,-0.018494,-0.038636
656.78,70.0,-0.020706,-0.040802
658.88,70.0,-0.022724,-0.042752
661.15,70.0,-0.024175,-0.04411
663.43,70.0,-0.024529,-0.04452
665.53,70.0,-0.024206,-0.044129
667.8,70.0,-0.023408,-0.043337
670.08,70.0,-0.022971,-0.043007
672.18,70.0,-0.022684,-0.042604
674.45,70.0,-0.02224,-0.042228
676.55,70.0,-0.022284,-0.04216
678.83,70.0,-0.02253,-0.042718
681.1,70.0,-0.023075,-0.042875
683.2,70.0,-0.023396,-0.043466
685.48,70.0,-0.023399,-0.043405
687.75,70.0,-0.02334,-0.043454
689.85,70.0,-0.023562,-0.043534
691.95,70.0,-0.02375,-0.043768
694.4,70.0,-0.024329,-0.044363
696.5,70.0,-0.025253,-0.045263
698.78,70.0,-0.026008,-0.045983
701.05,70.0,-0.02676,-0.046803
703.15,70.0,-0.027139,-0.047151
705.43,70.0,-0.026726,-0.046766
707.7,70.0,-0.026338,-0.046335
709.8,70.0,-0.025068,-0.045068
11.2,105.0,-0.137108,-0.156997
13.48,105.0,-0.135931,-0.155272
15.75,105.0,-0.133614,-0.152949
18.03,105.0,-0.131467,-0.150761
20.13,105.0,-0.129619,-0.148907
22.4,105.0,-0.128682,-0.147973
24.68,105.0,-0.128026,-0.147274
26.78,105.0,-0.127533,-0.146871
29.05,105.0,-0.126193,-0.145638
31.33,105.0,-0.124637,-0.143842
33.43,105.0,-0.123599,-0.142896
35.7,105.0,-0.123158,-0.142558
37.98,105.0,-0.122749,-0.142028
40.08,105.0,-0.121806,-0.14127
42.35,105.0,-0.118928,-0.138439
44.45,105.0,-0.114455,-0.133858
46.9,105.0,-0.109501,-0.129021
49.0,105.0,-0.105395,-0.124902
51.28,105.0,-0.103087,-0.122539
53.55,105.0,-0.102404,-0.12188
55.83,105.0,-0.10302,-0.122576
57.93,105.0,-0.104175,-0.123636
60.2,105.0,-0.105598,-0.125031
62.48,105.0,-0.107533,-0.127049
64.58,105.0,-0.10985,-0.129246
66.85,105.0,-0.11229,-0.131615
69.13,105.0,-0.115324,-0.134736
71.4,105.0,-0.117755,-0.137286
73.5,105.0,-0.119381,-0.138713
75.78,105.0,-0.119696,-0.13895
78.05,105.0,-0.118648,-0.13794
80.15,105.0,-0.116794,-0.136208
82.43,105.0,-0.114754,-0.134141
84.53,105.0,-0.112835,-0.132296
86.8,105.0,-0.11164,-0.131076
89.08,105.0,-0.110435,-0.129942
91.18,105.0,-0.109933,-0.129449
93.45,105.0,-0.108238,-0.127647
95.73,105.0,-0.105863,-0.125259
97.83,105.0,-0.103288,-0.122807
100.1,105.0,-0.101609,-0.12094
102.38,105.0,-0.101208,-0.1207
104.48,105.0,-0.101563,-0.121091
106.75,105.0,-0.101975,-0.121433
109.03,105.0,-0.10196,-0.121504
111.3,105.0,-0.100962,-0.120389
113.4,105.0,-0.10013,-0.119474
115.68,105.0,-0.099566,-0.119015
117.95,105.0,-0.099591,-0.119203
120.05,105.0,-0.099246,-0.11883
122.33,105.0,-0.098907,-0.118543
124.43,105.0,-0.098503,-0.118063
126.7,105.0,-0.097696,-0.117388
128.98,105.0,-0.097034,-0.116541
131.08,105.0,-0.095259,-0.114788
133.35,105.0,-0.092715,-0.11236
135.45,105.0,-0.08956,-0.1092
137.73,105.0,-0.085965,-0.105611
140.0,105.0,-0.082382,-0.102129
142.28,105.0,-0.077896,-0.097638
144.38,105.0,-0.072776,-0.092545
146.65,105.0,-0.067287,-0.086864
148.93,105.0,-0.059668,-0.079428
151.2,105.0,-0.051248,-0.071325
153.48,105.0,-0.041895,-0.061969
155.58,105.0,-0.032296,-0.052262
157.85,105.0,-0.022361,-0.042425
160.13,105.0,-0.013186,-0.033417
162.23,105.0,-0.005263,-0.025515
164.5,105.0,0.002325,-0.017847
166.6,105.0,0.008598,-0.011664
168.88,105.0,0.014417,-0.005922
171.15,105.0,0.018918,-0.001467
173.25,105.0,0.023003,0.002784
175.53,105.0,0.026438,0.005883
177.8,105.0,0.028862,0.008496
179.9,105.0,0.03089,0.010403
182.18,105.0,0.032202,0.011607
184.45,105.0,0.033607,0.013151
186.73,105.0,0.035273,0.014811
188.83,105.0,0.037029,0.016709
191.1,105.0,0.039013,0.018524
193.2,105.0,0.040748,0.020332
195.48,105.0,0.041952,0.02137
197.75,105.0,0.042476,0.022113
199.85,105.0,0.042057,0.021573
202.13,105.0,0.041863,0.02137
204.4,105.0,0.041817,0.021318
206.68,105.0,0.041386,0.020957
208.95,105.0,0.041811,0.021281
211.23,105.0,0.041413,0.020874
213.33,105.0,0.039768,0.019429
215.6,105.0,0.036663,0.016133
217.88,105.0,0.031789,0.01149
219.98,105.0,0.026423,0.006102
222.25,105.0,0.020369,4.2e-05
224.53,105.0,0.015018,-0.005244
226.63,105.0,0.009953,-0.01037
228.9,105.0,0.005332,-0.014958
231.18,105.0,8.6e-05,-0.02013
233.45,105.0,-0.005805,-0.026156
235.73,105.0,-0.011261,-0.031338
238.0,105.0,-0.016584,-0.036787
240.1,105.0,-0.020959,-0.041076
242.38,105.0,-0.025386,-0.04534
244.65,105.0,-0.029508,-0.049428
246.93,105.0,-0.033836,-0.053842
249.03,105.0,-0.038513,-0.058506
251.13,105.0,-0.043325,-0.063288
253.4,105.0,-0.047419,-0.067422
255.68,105.0,-0.051402,-0.071227
257.95,105.0,-0.054899,-0.074754
260.05,105.0,-0.058134,-0.0779
262.33,105.0,-0.06103,-0.080586
264.43,105.0,-0.06412,-0.083999
266.7,105.0,-0.067089,-0.08671
268.98,105.0,-0.069529,-0.089184
271.08,105.0,-0.071427,-0.091196
273.35,105.0,-0.072906,-0.09249
275.8,105.0,-0.074348,-0.094079
277.9,105.0,-0.075558,-0.095346
280.18,105.0,-0.076661,-0.096344
282.45,105.0,-0.077317,-0.096963
284.73,105.0,-0.077354,-0.097145
286.83,105.0,-0.077379,-0.097018
289.1,105.0,-0.076606,-0.096331
291.38,105.0,-0.075934,-0.095534
293.48,105.0,-0.074797,-0.094461
295.75,105.0,-0.074064,-0.093725
298.03,105.0,-0.073593,-0.093288
300.13,105.0,-0.073328,-0.092887
302.4,105.0,-0.073673,-0.093389
304.68,105.0,-0.074637,-0.094366
306.78,105.0,-0.075965,-0.095709
309.05,105.0,-0.077835,-0.097518
311.33,105.0,-0.07989,-0.099446
313.43,105.0,-0.081673,-0.101335
315.7,105.0,-0.082548,-0.102225
317.98,105.0,-0.082391,-0.102139
320.08,105.0,-0.081636,-0.101199
322.35,105.0,-0.080651,-0.100269
324.63,105.0,-0.079723,-0.099418
326.73,105.0,-0.078861,-0.098546
329.0,105.0,-0.078177,-0.097853
331.28,105.0,-0.07749,-0.097351
333.55,105.0,-0.076553,-0.096224
335.83,105.0,-0.075161,-0.094862
337.93,105.0,-0.073429,-0.093044
340.2,105.0,-0.071399,-0.091181
342.48,105.0,-0.06928,-0.089039
344.58,105.0,-0.066843,-0.086522
346.85,105.0,-0.064517,-0.084144
349.13,105.0,-0.06212,-0.081975
351.4,105.0,-0.059908,-0.079868
353.5,105.0,-0.058587,-0.078309
355.78,105.0,-0.057203,-0.077191
358.05,105.0,-0.056372,-0.07627
360.15,105.0,-0.056181,-0.075996
362.43,105.0,-0.055703,-0.075537
364.7,105.0,-0.0557,-0.075472
366.8,105.0,-0.055056,-0.074788
369.08,105.0,-0.053916,-0.073805
371.35,105.0,-0.052551,-0.07237
373.45,105.0,-0.050598,-0.070583
375.9,105.0,-0.048605,-0.0685
378.18,105.0,-0.046332,-0.066421
380.63,105.0,-0.045044,-0.065068
382.73,105.0,-0.04456,-0.064637
385.0,105.0,-0.044844,-0.06484
387.28,105.0,-0.045891,-0.065894
389.55,105.0,-0.046295,-0.066288
391.65,105.0,-0.047031,-0.067034
393.93,105.0,-0.047431,-0.067462
396.55,105.0,-0.047903,-0.068106
398.83,105.0,-0.047758,-0.067869
401.1,105.0,-0.048229,-0.068165
403.2,105.0,-0.048624,-0.06863
405.3,105.0,-0.048396,-0.068322
407.75,105.0,-0.047629,-0.067641
409.85,105.0,-0.045934,-0.065925
412.13,105.0,-0.043852,-0.063765
414.4,105.0,-0.041566,-0.061513
416.5,105.0,-0.040392,-0.060447
418.78,105.0,-0.040512,-0.060472
421.05,105.0,-0.042126,-0.061929
423.33,105.0,-0.044206,-0.064135
425.43,105.0,-0.046137,-0.066205
427.7,105.0,-0.048701,-0.068682
429.8,105.0,-0.051449,-0.071372
432.08,105.0,-0.054073,-0.073947
434.35,105.0,-0.056184,-0.076033
436.63,105.0,-0.057533,-0.077422
438.73,105.0,-0.05794,-0.07765
441.0,105.0,-0.057961,-0.077579
443.28,105.0,-0.057558,-0.077425
445.38,105.0,-0.057169,-0.076982
447.65,105.0,-0.057228,-0.076858
449.93,105.0,-0.057909,-0.077696
452.03,105.0,-0.058562,-0.078402
454.3,105.0,-0.059012,-0.078787
456.4,105.0,-0.059354,-0.079234
458.68,105.0,-0.059391,-0.079255
460.95,105.0,-0.05977,-0.079548
463.05,105.0,-0.060136,-0.079994
465.33,105.0,-0.06058,-0.08033
467.6,105.0,-0.059994,-0.079803
469.7,105.0,-0.058664,-0.078408
471.98,105.0,-0.055589,-0.075413
474.08,105.0,-0.050694,-0.07066
476.35,105.0,-0.045392,-0.065321
478.63,105.0,-0.03936,-0.059354
480.73,105.0,-0.033852,-0.053987
483.0,105.0,-0.030358,-0.050383
485.28,105.0,-0.028393,-0.048513
487.55,105.0,-0.027826,-0.04777
489.65,105.0,-0.028146,-0.048143
491.75,105.0,-0.029178,-0.04916
494.2,105.0,-0.02969,-0.049696
496.3,105.0,-0.030149,-0.050173
498.58,105.0,-0.030509,-0.05038
500.85,105.0,-0.030891,-0.050817
502.95,105.0,-0.031624,-0.051572
505.23,105.0,-0.032213,-0.052133
507.5,105.0,-0.032376,-0.052342
509.6,105.0,-0.031898,-0.051929
511.88,105.0,-0.030635,-0.050589
513.98,105.0,-0.029009,-0.049107
516.25,105.0,-0.027373,-0.04736
518.53,105.0,-0.02578,-0.045946
520.63,105.0,-0.024181,-0.044264
522.9,105.0,-0.022475,-0.04245
525.0,105.0,-0.020796,-0.040925
527.28,105.0,-0.019659,-0.039717
529.38,105.0,-0.018731,-0.038845
531.65,105.0,-0.018547,-0.038639
533.93,105.0,-0.019274,-0.039483
536.03,105.0,-0.020423,-0.040377
538.3,105.0,-0.02107,-0.041097
540.58,105.0,-0.021088,-0.041178
542.85,105.0,-0.020487,-0.040484
544.95,105.0,-0.018799,-0.039009
547.23,105.0,-0.016615,-0.036689
549.5,105.0,-0.013781,-0.033966
551.6,105.0,-0.010903,-0.031094
553.88,105.0,-0.007847,-0.028014
556.15,105.0,-0.00538,-0.025759
558.25,105.0,-0.003346,-0.023621
560.53,105.0,-0.002083,-0.022302
562.63,105.0,-0.001301,-0.021513
564.9,105.0,-0.001316,-0.021473
567.18,105.0,-0.00168,-0.021784
569.45,105.0,-0.002425,-0.022644
571.55,105.0,-0.002884,-0.023072
573.83,105.0,-0.002776,-0.023137
576.1,105.0,-0.001178,-0.021384
578.2,105.0,0.000582,-0.019619
580.48,105.0,0.001817,-0.018426
582.58,105.0,0.00211,-0.018137
584.85,105.0,0.001768,-0.018448
586.95,105.0,0.000615,-0.019609
589.23,105.0,-0.000592,-0.020817
591.5,105.0,-0.001674,-0.021754
593.6,105.0,-0.002117,-0.022225
595.88,105.0,-0.002425,-0.022595
598.15,105.0,-0.003337,-0.023584
600.25,105.0,-0.00517,-0.025281
602.53,105.0,-0.007542,-0.027776
604.63,105.0,-0.010601,-0.030598
606.9,105.0,-0.01326,-0.033423
609.18,105.0,-0.01485,-0.035038
611.45,105.0,-0.015632,-0.035725
613.73,105.0,-0.014739,-0.035065
616.0,105.0,-0.01322,-0.03343
618.1,105.0,-0.011751,-0.032025
620.38,105.0,-0.010044,-0.030377
622.65,105.0,-0.008661,-0.028895
624.93,105.0,-0.007619,-0.027946
627.2,105.0,-0.007502,-0.027739
629.48,105.0,-0.008426,-0.028593
631.58,105.0,-0.010959,-0.031218
633.85,105.0,-0.01476,-0.034825
635.95,105.0,-0.018827,-0.038956
638.23,105.0,-0.022333,-0.04229
640.5,105.0,-0.025706,-0.045675
642.6,105.0,-0.028414,-0.048439
644.88,105.0,-0.030685,-0.050617
647.15,105.0,-0.032696,-0.052709
649.43,105.0,-0.034209,-0.054104
651.53,105.0,-0.036067,-0.05606
653.8,105.0,-0.038035,-0.058158
655.9,105.0,-0.039532,-0.059585
658.18,105.0,-0.040669,-0.060691
660.63,105.0,-0.041966,-0.062031
662.9,105.0,-0.043125,-0.063161
665.18,105.0,-0.044385,-0.064465
667.28,105.0,-0.045715,-0.065743
669.55,105.0,-0.046787,-0.066683
671.83,105.0,-0.048294,-0.068226
674.1,105.0,-0.049976,-0.069874
676.2,105.0,-0.052074,-0.072071
678.48,105.0,-0.054865,-0.074693
680.58,105.0,-0.057924,-0.077696
682.85,105.0,-0.060903,-0.080641
685.13,105.0,-0.064163,-0.083932
687.23,105.0,-0.067213,-0.086926
689.68,105.0,-0.06997,-0.089803
691.78,105.0,-0.071957,-0.091643
694.05,105.0,-0.074335,-0.093975
696.15,105.0,-0.076267,-0.095922
698.43,105.0,-0.077508,-0.097151
700.7,105.0,-0.078211,-0.097903
702.98,105.0,-0.077789,-0.097422
705.25,105.0,-0.077139,-0.096615
707.35,105.0,-0.07594,-0.095558
709.63,105.0,-0.074908,-0.09456
11.73,140.0,-0.140124,-0.160198
14.0,140.0,-0.136156,-0.155478
15.93,140.0,-0.130959,-0.150315
18.38,140.0,-0.124477,-0.143891
20.48,140.0,-0.118017,-0.137394
22.93,140.0,-0.111125,-0.130771
25.2,140.0,-0.106162,-0.12566
27.3,140.0,-0.101818,-0.121371
29.58,140.0,-0.098192,-0.11773
31.68,140.0,-0.094597,-0.114196
33.95,140.0,-0.089785,-0.109468
36.23,140.0,-0.084754,-0.104591
38.33,140.0,-0.081492,-0.101153
40.6,140.0,-0.079486,-0.09912
42.88,140.0,-0.078892,-0.098657
44.98,140.0,-0.078223,-0.097838
47.25,140.0,-0.077009,-0.096584
49.35,140.0,-0.075244,-0.094967
51.63,140.0,-0.073131,-0.092933
53.9,140.0,-0.070595,-0.090349
56.0,140.0,-0.0659,-0.085734
58.28,140.0,-0.060457,-0.080358
60.55,140.0,-0.056482,-0.076313
62.83,140.0,-0.054649,-0.074465
65.1,140.0,-0.055518,-0.075247
67.38,140.0,-0.058571,-0.078257
69.48,140.0,-0.063488,-0.083155
71.75,140.0,-0.069939,-0.089579
74.03,140.0,-0.07582,-0.095534
76.13,140.0,-0.081242,-0.100931
78.4,140.0,-0.085053,-0.104819
80.68,140.0,-0.088186,-0.107906
82.95,140.0,-0.089708,-0.109187
85.23,140.0,-0.089637,-0.109329
87.33,140.0,-0.088799,-0.108402
89.6,140.0,-0.087693,-0.107339
91.7,140.0,-0.086997,-0.106556
93.98,140.0,-0.086375,-0.106008
96.25,140.0,-0.085734,-0.10538
98.35,140.0,-0.08481,-0.104458
100.63,140.0,-0.083892,-0.103473
102.9,140.0,-0.0824,-0.102086
105.0,140.0,-0.080962,-0.100527
107.28,140.0,-0.079871,-0.09956
109.55,140.0,-0.079443,-0.099036
111.83,140.0,-0.079723,-0.099341
114.1,140.0,-0.08086,-0.100543
116.38,140.0,-0.081917,-0.101556
118.65,140.0,-0.082564,-0.102206
120.75,140.0,-0.082665,-0.102425
123.03,140.0,-0.08164,-0.101261
125.3,140.0,-0.07988,-0.099569
127.58,140.0,-0.077709,-0.097555
130.03,140.0,-0.076276,-0.096017
132.13,140.0,-0.075112,-0.094763
134.4,140.0,-0.074006,-0.093593
136.68,140.0,-0.072342,-0.092055
138.78,140.0,-0.070697,-0.090407
141.05,140.0,-0.068513,-0.088288
143.33,140.0,-0.066378,-0.086202
145.43,140.0,-0.064372,-0.084123
147.7,140.0,-0.062524,-0.08237
149.8,140.0,-0.060743,-0.080512
152.08,140.0,-0.058858,-0.078642
154.35,140.0,-0.057317,-0.077
156.28,140.0,-0.055222,-0.075189
158.9,140.0,-0.052995,-0.072872
161.0,140.0,-0.050497,-0.070438
163.28,140.0,-0.048081,-0.068186
165.55,140.0,-0.046159,-0.066159
167.65,140.0,-0.044995,-0.064979
169.93,140.0,-0.043784,-0.063734
172.2,140.0,-0.042182,-0.062243
174.48,140.0,-0.040426,-0.060601
176.58,140.0,-0.038864,-0.058848
178.85,140.0,-0.037441,-0.057447
181.13,140.0,-0.036159,-0.056328
183.23,140.0,-0.035389,-0.0555
185.5,140.0,-0.03472,-0.054763
187.6,140.0,-0.034218,-0.054126
189.88,140.0,-0.033815,-0.054015
192.15,140.0,-0.0335,-0.053383
194.43,140.0,-0.033251,-0.053331
196.53,140.0,-0.032749,-0.052872
198.8,140.0,-0.032431,-0.05241
201.08,140.0,-0.032071,-0.052169
203.18,140.0,-0.03164,-0.051559
205.45,140.0,-0.03119,-0.051301
207.73,140.0,-0.030894,-0.050962
209.83,140.0,-0.030549,-0.05058
212.1,140.0,-0.030534,-0.050611
214.38,140.0,-0.030774,-0.050823
216.48,140.0,-0.031643,-0.051673
218.75,140.0,-0.032324,-0.052345
221.03,140.0,-0.033208,-0.053473
223.3,140.0,-0.033713,-0.053728
225.58,140.0,-0.034686,-0.054649
227.68,140.0,-0.035882,-0.05607
229.95,140.0,-0.037465,-0.057598
232.23,140.0,-0.039267,-0.059153
234.33,140.0,-0.041008,-0.061063
236.6,140.0,-0.04265,-0.062527
238.7,140.0,-0.043516,-0.06359
240.98,140.0,-0.043759,-0.063836
243.25,140.0,-0.043753,-0.063701
245.35,140.0,-0.043882,-0.063959
247.63,140.0,-0.043836,-0.063922
249.73,140.0,-0.044425,-0.06452
252.0,140.0,-0.045219,-0.065281
254.28,140.0,-0.045974,-0.066134
256.55,140.0,-0.046757,-0.06684
258.83,140.0,-0.047918,-0.067986
261.1,140.0,-0.04912,-0.069129
263.38,140.0,-0.050715,-0.070681
265.48,140.0,-0.05241,-0.072459
267.75,140.0,-0.054092,-0.073987
270.03,140.0,-0.055349,-0.075318
272.13,140.0,-0.056504,-0.076344
274.4,140.0,-0.057034,-0.076917
276.5,140.0,-0.057311,-0.077037
278.78,140.0,-0.05684,-0.076791
281.05,140.0,-0.056319,-0.076177
283.33,140.0,-0.055826,-0.075561
285.6,140.0,-0.055413,-0.07525
287.7,140.0,-0.055913,-0.075638
289.98,140.0,-0.056489,-0.076181
292.25,140.0,-0.056978,-0.076831
294.35,140.0,-0.05794,-0.077844
296.63,140.0,-0.058571,-0.078513
298.73,140.0,-0.059258,-0.07895
301.0,140.0,-0.05977,-0.079511
303.28,140.0,-0.060718,-0.080515
305.38,140.0,-0.062804,-0.082601
307.65,140.0,-0.065709,-0.085373
309.93,140.0,-0.069107,-0.088873
312.03,140.0,-0.072502,-0.092012
314.3,140.0,-0.075857,-0.095644
316.4,140.0,-0.07891,-0.098556
318.68,140.0,-0.081048,-0.10074
320.95,140.0,-0.08164,-0.101325
323.05,140.0,-0.081291,-0.101026
325.33,140.0,-0.080423,-0.100041
327.6,140.0,-0.078953,-0.098765
329.88,140.0,-0.077749,-0.097428
332.15,140.0,-0.076513,-0.096347
334.25,140.0,-0.075275,-0.094927
336.53,140.0,-0.074036,-0.093996
338.8,140.0,-0.073238,-0.092946
340.9,140.0,-0.072391,-0.092225
343.53,140.0,-0.072003,-0.09188
345.63,140.0,-0.071775,-0.091442
347.9,140.0,-0.071686,-0.091387
350.18,140.0,-0.071063,-0.090795
352.63,140.0,-0.069271,-0.089116
354.73,140.0,-0.067194,-0.086886
357.0,140.0,-0.064958,-0.0848
359.1,140.0,-0.063017,-0.082903
361.55,140.0,-0.061159,-0.081063
363.83,140.0,-0.060081,-0.079856
366.1,140.0,-0.059443,-0.079221
368.38,140.0,-0.058975,-0.078818
370.83,140.0,-0.058238,-0.078328
372.93,140.0,-0.056686,-0.076486
375.2,140.0,-0.054163,-0.074058
377.3,140.0,-0.051637,-0.071372
379.93,140.0,-0.048889,-0.069083
382.2,140.0,-0.047364,-0.067348
384.3,140.0,-0.046344,-0.06647
386.58,140.0,-0.046042,-0.065983
388.68,140.0,-0.045746,-0.065626
390.95,140.0,-0.044822,-0.064779
393.05,140.0,-0.04314,-0.063232
395.33,140.0,-0.041014,-0.061014
397.6,140.0,-0.038577,-0.058713
399.7,140.0,-0.036282,-0.056267
401.98,140.0,-0.034344,-0.05456
404.25,140.0,-0.033334,-0.053608
406.35,140.0,-0.032481,-0.052382
408.63,140.0,-0.031501,-0.051655
410.9,140.0,-0.030768,-0.050863
413.18,140.0,-0.030922,-0.050946
415.28,140.0,-0.031566,-0.051633
417.9,140.0,-0.032367,-0.052579
420.18,140.0,-0.033115,-0.053251
422.45,140.0,-0.033411,-0.05363
424.55,140.0,-0.033842,-0.053947
427.18,140.0,-0.034551,-0.054874
429.45,140.0,-0.035318,-0.05529
431.73,140.0,-0.03538,-0.05538
433.83,140.0,-0.035333,-0.055299
436.63,140.0,-0.035022,-0.055238
438.73,140.0,-0.035309,-0.055398
441.0,140.0,-0.035685,-0.055734
443.28,140.0,-0.036359,-0.056492
445.55,140.0,-0.037234,-0.057287
447.83,140.0,-0.03716,-0.057268
449.93,140.0,-0.035491,-0.055592
452.2,140.0,-0.032573,-0.052696
454.48,140.0,-0.028075,-0.048115
456.58,140.0,-0.023202,-0.043248
458.85,140.0,-0.018735,-0.038993
461.13,140.0,-0.014418,-0.034696
463.23,140.0,-0.011178,-0.031332
465.5,140.0,-0.008488,-0.028889
467.78,140.0,-0.00728,-0.027561
469.88,140.0,-0.00611,-0.026365
472.15,140.0,-0.005247,-0.025678
474.43,140.0,-0.004828,-0.025001
476.53,140.0,-0.005561,-0.025808
478.8,140.0,-0.006948,-0.027136
481.08,140.0,-0.008926,-0.029314
483.35,140.0,-0.012096,-0.032364
485.63,140.0,-0.014995,-0.035158
487.73,140.0,-0.017937,-0.038011
490.0,140.0,-0.020762,-0.040697
492.45,140.0,-0.023593,-0.043768
494.73,140.0,-0.026603,-0.046652
496.83,140.0,-0.029465,-0.049418
499.1,140.0,-0.032225,-0.05221
501.38,140.0,-0.034209,-0.054326
503.65,140.0,-0.036341,-0.05635
505.75,140.0,-0.038177,-0.058134
508.03,140.0,-0.039317,-0.059289
510.3,140.0,-0.03989,-0.059924
512.4,140.0,-0.040139,-0.060189
514.68,140.0,-0.040087,-0.060229
516.95,140.0,-0.040065,-0.060044
519.05,140.0,-0.03973,-0.059649
521.33,140.0,-0.039295,-0.059465
523.43,140.0,-0.038165,-0.05822
525.7,140.0,-0.035611,-0.055564
527.8,140.0,-0.031609,-0.051624
530.08,140.0,-0.025617,-0.045654
532.35,140.0,-0.020068,-0.040201
534.63,140.0,-0.014893,-0.035186
536.73,140.0,-0.0116,-0.031717
539.0,140.0,-0.009841,-0.030121
541.28,140.0,-0.009495,-0.029619
543.38,140.0,-0.009862,-0.030062
545.65,140.0,-0.010512,-0.030638
547.93,140.0,-0.011329,-0.031519
550.03,140.0,-0.012228,-0.03237
552.3,140.0,-0.012857,-0.033149
554.58,140.0,-0.01241,-0.032681
556.85,140.0,-0.010429,-0.030623
559.13,140.0,-0.007468,-0.027647
561.4,140.0,-0.003448,-0.023741
563.5,140.0,0.000307,-0.02005
565.78,140.0,0.004389,-0.01586
568.05,140.0,0.008533,-0.011732
570.15,140.0,0.013031,-0.007324
572.43,140.0,0.016426,-0.003858
574.7,140.0,0.018471,-0.001994
576.8,140.0,0.019207,-0.001208
579.08,140.0,0.019916,-0.000503
581.35,140.0,0.020523,0.000178
583.45,140.0,0.020634,0.000252
585.73,140.0,0.019525,-0.000823
588.0,140.0,0.017784,-0.002589
590.1,140.0,0.015005,-0.005318
592.38,140.0,0.01235,-0.00806
594.65,140.0,0.009928,-0.010423
596.75,140.0,0.007806,-0.012462
599.03,140.0,0.007156,-0.013162
601.3,140.0,0.007498,-0.012761
603.58,140.0,0.008992,-0.011439
605.85,140.0,0.010551,-0.009764
607.95,140.0,0.011709,-0.008688
610.23,140.0,0.012042,-0.008269
612.5,140.0,0.011798,-0.008479
614.78,140.0,0.010631,-0.009609
616.88,140.0,0.008517,-0.011868
619.15,140.0,0.005739,-0.014665
621.43,140.0,0.002202,-0.017974
623.7,140.0,-0.001707,-0.021926
625.8,140.0,-0.005423,-0.025786
628.08,140.0,-0.008174,-0.028371
630.35,140.0,-0.010728,-0.03095
632.63,140.0,-0.0129,-0.033177
634.73,140.0,-0.014927,-0.035109
637.0,140.0,-0.016784,-0.037089
639.28,140.0,-0.018565,-0.038959
641.38,140.0,-0.020463,-0.040595
643.65,140.0,-0.02217,-0.042262
645.93,140.0,-0.024646,-0.044791
648.03,140.0,-0.027567,-0.047641
650.3,140.0,-0.031104,-0.051224
652.58,140.0,-0.034274,-0.054283
654.68,140.0,-0.037718,-0.057977
656.95,140.0,-0.040789,-0.060755
659.23,140.0,-0.043322,-0.063377
661.5,140.0,-0.045142,-0.065256
663.6,140.0,-0.045968,-0.065953
665.88,140.0,-0.046415,-0.066399
668.15,140.0,-0.046199,-0.066291
670.43,140.0,-0.045531,-0.065546
672.53,140.0,-0.043938,-0.063969
674.8,140.0,-0.042314,-0.062422
676.9,140.0,-0.040983,-0.060993
679.18,140.0,-0.040072,-0.060102
681.45,140.0,-0.03976,-0.05989
683.55,140.0,-0.039412,-0.059341
685.83,140.0,-0.039828,-0.059714
687.93,140.0,-0.040808,-0.060854
690.2,140.0,-0.042444,-0.062579
692.48,140.0,-0.044335,-0.064446
694.75,140.0,-0.046085,-0.065977
696.68,140.0,-0.047388,-0.06736
699.13,140.0,-0.048192,-0.068309
701.4,140.0,-0.048186,-0.068183
703.5,140.0,-0.04733,-0.06741
705.78,140.0,-0.045931,-0.065931
708.05,140.0,-0.043574,-0.063624
710.15,140.0,-0.040891,-0.060962
11.55,175.0,-0.055417,-0.076125
13.83,175.0,-0.054523,-0.074646
16.1,175.0,-0.053796,-0.073993
18.2,175.0,-0.053189,-0.07306
20.48,175.0,-0.052795,-0.072749
22.75,175.0,-0.05208,-0.072065
24.68,175.0,-0.0516,-0.071578
27.13,175.0,-0.051427,-0.071449
29.23,175.0,-0.050857,-0.070931
31.5,175.0,-0.050235,-0.070327
33.78,175.0,-0.048845,-0.068938
36.05,175.0,-0.046596,-0.066603
38.15,175.0,-0.044203,-0.064335
40.43,175.0,-0.040854,-0.060996
42.53,175.0,-0.037678,-0.057826
44.8,175.0,-0.034893,-0.054847
47.08,175.0,-0.033328,-0.053396
49.35,175.0,-0.032404,-0.052484
51.45,175.0,-0.032798,-0.052807
53.73,175.0,-0.033562,-0.053605
56.0,175.0,-0.035383,-0.055383
58.28,175.0,-0.037327,-0.05745
60.38,175.0,-0.039067,-0.059163
62.65,175.0,-0.040457,-0.060546
64.93,175.0,-0.041572,-0.061621
67.03,175.0,-0.042453,-0.062401
69.3,175.0,-0.04346,-0.063543
71.58,175.0,-0.044304,-0.064289
73.68,175.0,-0.045121,-0.065081
75.95,175.0,-0.045839,-0.065922
78.23,175.0,-0.046239,-0.066282
80.33,175.0,-0.047151,-0.067157
82.6,175.0,-0.048208,-0.068275
84.88,175.0,-0.049603,-0.069637
86.98,175.0,-0.051224,-0.071356
89.25,175.0,-0.053685,-0.073608
91.53,175.0,-0.056544,-0.076479
93.63,175.0,-0.059274,-0.079116
95.9,175.0,-0.062246,-0.082089
98.18,175.0,-0.064831,-0.084616
100.45,175.0,-0.066787,-0.086556
102.55,175.0,-0.067977,-0.087739
104.83,175.0,-0.068799,-0.088562
107.28,175.0,-0.069591,-0.089431
109.55,175.0,-0.06964,-0.089237
111.83,175.0,-0.068845,-0.088571
113.93,175.0,-0.068454,-0.08818
116.2,175.0,-0.06842,-0.088124
118.48,175.0,-0.068473,-0.088248
120.75,175.0,-0.068808,-0.088457
122.85,175.0,-0.069175,-0.088956
125.13,175.0,-0.070241,-0.089954
127.4,175.0,-0.071445,-0.091134
129.5,175.0,-0.072505,-0.0922
131.78,175.0,-0.073294,-0.093032
134.05,175.0,-0.073753,-0.093359
136.33,175.0,-0.07367,-0.093423
138.6,175.0,-0.072974,-0.092742
140.7,175.0,-0.071914,-0.091747
142.98,175.0,-0.070675,-0.090266
144.9,175.0,-0.068349,-0.088161
147.53,175.0,-0.065303,-0.084945
149.63,175.0,-0.061871,-0.081772
151.9,175.0,-0.058685,-0.078488
153.83,175.0,-0.056005,-0.075894
156.28,175.0,-0.053645,-0.073571
158.55,175.0,-0.05115,-0.071125
160.65,175.0,-0.048756,-0.068691
162.93,175.0,-0.046285,-0.066251
165.03,175.0,-0.044378,-0.064535
167.3,175.0,-0.042219,-0.062283
169.58,175.0,-0.03968,-0.059791
171.85,175.0,-0.036951,-0.057179
173.95,175.0,-0.034381,-0.054409
176.23,175.0,-0.03257,-0.052724
178.5,175.0,-0.030768,-0.050891
180.78,175.0,-0.029597,-0.049696
182.88,175.0,-0.028396,-0.048525
185.15,175.0,-0.027425,-0.047564
187.25,175.0,-0.026452,-0.046482
189.53,175.0,-0.025583,-0.045709
191.8,175.0,-0.024579,-0.044622
193.9,175.0,-0.023845,-0.044061
196.18,175.0,-0.023386,-0.043473
198.28,175.0,-0.02338,-0.043485
200.55,175.0,-0.023812,-0.043904
202.83,175.0,-0.024172,-0.044209
205.1,175.0,-0.024754,-0.044914
207.2,175.0,-0.025247,-0.045383
209.48,175.0,-0.025755,-0.045808
211.75,175.0,-0.026313,-0.046335
214.03,175.0,-0.026335,-0.04651
216.13,175.0,-0.026476,-0.046492
218.4,175.0,-0.026384,-0.046566
220.68,175.0,-0.026409,-0.046587
222.78,175.0,-0.026381,-0.04655
225.05,175.0,-0.02671,-0.046951
227.15,175.0,-0.027305,-0.047459
229.43,175.0,-0.027918,-0.047912
231.7,175.0,-0.028146,-0.048177
233.8,175.0,-0.028254,-0.048328
236.08,175.0,-0.028993,-0.049116
238.35,175.0,-0.030056,-0.050213
240.45,175.0,-0.031818,-0.051803
242.73,175.0,-0.033503,-0.053645
245.0,175.0,-0.035361,-0.055457
247.28,175.0,-0.037296,-0.057345
249.38,175.0,-0.038685,-0.058778
251.65,175.0,-0.039696,-0.05984
253.75,175.0,-0.040654,-0.060799
256.03,175.0,-0.041618,-0.061763
258.3,175.0,-0.042342,-0.062342
260.58,175.0,-0.043393,-0.063442
262.68,175.0,-0.044415,-0.064566
264.95,175.0,-0.045315,-0.065343
267.23,175.0,-0.045937,-0.065977
269.33,175.0,-0.046295,-0.066319
271.6,175.0,-0.04732,-0.067397
273.88,175.0,-0.048562,-0.068654
276.15,175.0,-0.04969,-0.069803
278.43,175.0,-0.050725,-0.07086
280.7,175.0,-0.05168,-0.071535
282.98,175.0,-0.051532,-0.0716
285.08,175.0,-0.051643,-0.071612
287.35,175.0,-0.051969,-0.071883
289.63,175.0,-0.053069,-0.07281
291.9,175.0,-0.055164,-0.074914
294.18,175.0,-0.057779,-0.077555
296.45,175.0,-0.060324,-0.080179
298.55,175.0,-0.063275,-0.083115
300.83,175.0,-0.06619,-0.085885
303.1,175.0,-0.069006,-0.088741
305.38,175.0,-0.071208,-0.090916
307.48,175.0,-0.072551,-0.092382
309.75,175.0,-0.07456,-0.094307
312.03,175.0,-0.077305,-0.097006
314.13,175.0,-0.080333,-0.099847
316.4,175.0,-0.083556,-0.103319
318.68,175.0,-0.086855,-0.106652
320.78,175.0,-0.091365,-0.110949
323.05,175.0,-0.096655,-0.116233
325.33,175.0,-0.102018,-0.121519
327.43,175.0,-0.107394,-0.126846
329.7,175.0,-0.111039,-0.130552
331.98,175.0,-0.113288,-0.132792
334.25,175.0,-0.113044,-0.132487
336.53,175.0,-0.110694,-0.130185
338.63,175.0,-0.10671,-0.126325
340.9,175.0,-0.101784,-0.121288
343.18,175.0,-0.097188,-0.116831
345.28,175.0,-0.093537,-0.113127
347.55,175.0,-0.09099,-0.110595
349.83,175.0,-0.090031,-0.109702
351.93,175.0,-0.089649,-0.109295
354.2,175.0,-0.089696,-0.109326
356.48,175.0,-0.088747,-0.108463
358.58,175.0,-0.086667,-0.106365
360.85,175.0,-0.083808,-0.103596
362.95,175.0,-0.08021,-0.099834
365.23,175.0,-0.076812,-0.096578
367.5,175.0,-0.074086,-0.093873
369.95,175.0,-0.071344,-0.09127
372.23,175.0,-0.068932,-0.08867
374.5,175.0,-0.065882,-0.085648
376.78,175.0,-0.062354,-0.082296
378.88,175.0,-0.058599,-0.078473
381.33,175.0,-0.05546,-0.075253
383.6,175.0,-0.05265,-0.072625
385.7,175.0,-0.050879,-0.070811
387.98,175.0,-0.049736,-0.069853
390.25,175.0,-0.049403,-0.069431
392.53,175.0,-0.048904,-0.069113
394.63,175.0,-0.047872,-0.067927
396.9,175.0,-0.046378,-0.06663
399.18,175.0,-0.045543,-0.065506
401.28,175.0,-0.044138,-0.064267
403.55,175.0,-0.042761,-0.063078
405.65,175.0,-0.041596,-0.061732
407.93,175.0,-0.040925,-0.061014
410.2,175.0,-0.040965,-0.061094
412.48,175.0,-0.040876,-0.061002
414.75,175.0,-0.041316,-0.061319
417.03,175.0,-0.04163,-0.061818
419.13,175.0,-0.041575,-0.061572
421.4,175.0,-0.041898,-0.061871
423.85,175.0,-0.042015,-0.062213
426.3,175.0,-0.042385,-0.062511
428.4,175.0,-0.041664,-0.061766
430.68,175.0,-0.040469,-0.060457
432.95,175.0,-0.038858,-0.058873
435.4,175.0,-0.036538,-0.056837
437.68,175.0,-0.034807,-0.054859
439.78,175.0,-0.033503,-0.053725
442.05,175.0,-0.033155,-0.053202
444.68,175.0,-0.033497,-0.053645
446.95,175.0,-0.034686,-0.054705
449.05,175.0,-0.03607,-0.056107
451.33,175.0,-0.037123,-0.05732
453.6,175.0,-0.03786,-0.05798
455.7,175.0,-0.037444,-0.057687
457.98,175.0,-0.037092,-0.05721
460.25,175.0,-0.036541,-0.056473
462.53,175.0,-0.036479,-0.056646
464.63,175.0,-0.036664,-0.056846
466.9,175.0,-0.036744,-0.056914
469.18,175.0,-0.037166,-0.057373
471.28,175.0,-0.037585,-0.057628
473.55,175.0,-0.036637,-0.056707
475.83,175.0,-0.033892,-0.054033
478.1,175.0,-0.030201,-0.050247
480.38,175.0,-0.025638,-0.045823
482.48,175.0,-0.021865,-0.041985
484.75,175.0,-0.019218,-0.039425
487.03,175.0,-0.017231,-0.03753
489.13,175.0,-0.016251,-0.036538
491.4,175.0,-0.016369,-0.036686
493.68,175.0,-0.017496,-0.037585
495.95,175.0,-0.019326,-0.039579
498.05,175.0,-0.021344,-0.041409
500.33,175.0,-0.023467,-0.043685
502.6,175.0,-0.025423,-0.045598
504.88,175.0,-0.027293,-0.04745
506.98,175.0,-0.029227,-0.049335
509.25,175.0,-0.030457,-0.050432
511.7,175.0,-0.03106,-0.051137
513.8,175.0,-0.03156,-0.051667
516.08,175.0,-0.032096,-0.05216
518.35,175.0,-0.033168,-0.053072
520.45,175.0,-0.033488,-0.053507
522.73,175.0,-0.03346,-0.053448
525.0,175.0,-0.033386,-0.053513
527.1,175.0,-0.03184,-0.051806
529.38,175.0,-0.028892,-0.048975
531.48,175.0,-0.024844,-0.045007
533.75,175.0,-0.020672,-0.040728
536.03,175.0,-0.016698,-0.036991
538.13,175.0,-0.013214,-0.033513
540.4,175.0,-0.009548,-0.029807
542.5,175.0,-0.005968,-0.02631
544.78,175.0,-0.002357,-0.02277
547.05,175.0,0.000563,-0.019776
549.15,175.0,0.002843,-0.017548
551.43,175.0,0.004337,-0.016088
553.7,175.0,0.004891,-0.015454
555.8,175.0,0.004482,-0.015876
558.25,175.0,0.003527,-0.016926
560.53,175.0,0.00247,-0.017946
562.8,175.0,0.001339,-0.018907
565.08,175.0,0.000363,-0.019905
567.35,175.0,-0.000219,-0.020512
569.45,175.0,-0.000247,-0.020494
571.73,175.0,0.000215,-0.020133
574.0,175.0,0.001204,-0.019024
576.28,175.0,0.002901,-0.017305
578.55,175.0,0.00491,-0.015506
580.65,175.0,0.006552,-0.013815
582.93,175.0,0.008117,-0.012216
585.2,175.0,0.009226,-0.011236
587.3,175.0,0.009395,-0.010974
589.58,175.0,0.008887,-0.011427
591.85,175.0,0.007741,-0.012576
593.95,175.0,0.006712,-0.013645
596.23,175.0,0.007427,-0.013011
598.5,175.0,0.010797,-0.009554
600.6,175.0,0.015883,-0.004573
602.88,175.0,0.020427,-1.6e-05
605.15,175.0,0.024075,0.003388
607.43,175.0,0.025184,0.00467
609.7,175.0,0.02406,0.003705
611.8,175.0,0.021404,0.000994
614.08,175.0,0.018419,-0.002056
616.35,175.0,0.015184,-0.005164
618.45,175.0,0.012442,-0.007878
620.73,175.0,0.010243,-0.010149
623.0,175.0,0.008696,-0.011711
625.1,175.0,0.008256,-0.012056
627.38,175.0,0.009047,-0.011338
629.48,175.0,0.01028,-0.010078
631.75,175.0,0.011185,-0.009009
633.85,175.0,0.011577,-0.008667
636.13,175.0,0.01202,-0.008297
638.4,175.0,0.011663,-0.008895
640.5,175.0,0.010933,-0.009366
642.78,175.0,0.009734,-0.010614
645.05,175.0,0.008702,-0.011661
647.33,175.0,0.007904,-0.012542
649.43,175.0,0.007476,-0.012977
651.7,175.0,0.006398,-0.014141
653.98,175.0,0.005554,-0.014825
656.08,175.0,0.003326,-0.016809
658.35,175.0,0.000689,-0.019616
660.63,175.0,-0.002321,-0.022638
662.73,175.0,-0.005524,-0.025959
665.0,175.0,-0.008242,-0.028547
667.28,175.0,-0.01115,-0.031353
669.38,175.0,-0.013781,-0.033956
671.65,175.0,-0.01607,-0.036467
673.93,175.0,-0.017684,-0.037906
676.03,175.0,-0.018679,-0.03879
678.3,175.0,-0.018978,-0.039308
680.4,175.0,-0.018694,-0.038839
682.85,175.0,-0.018377,-0.038571
684.95,175.0,-0.018007,-0.038198
687.23,175.0,-0.017629,-0.037847
689.5,175.0,-0.017185,-0.037367
691.6,175.0,-0.017585,-0.037773
693.88,175.0,-0.018325,-0.038547
695.98,175.0,-0.019092,-0.039255
698.25,175.0,-0.019948,-0.040173
700.53,175.0,-0.020755,-0.040885
702.63,175.0,-0.020648,-0.04082
704.9,175.0,-0.020617,-0.040811
707.18,175.0,-0.020226,-0.040481
709.45,175.0,-0.020635,-0.040808
11.55,210.0,-0.030983,-0.052105
13.83,210.0,-0.027518,-0.047844
15.93,210.0,-0.024502,-0.044754
18.2,210.0,-0.021698,-0.041938
20.48,210.0,-0.019505,-0.039757
22.75,210.0,-0.017142,-0.03745
24.85,210.0,-0.015703,-0.035808
27.3,210.0,-0.014468,-0.034807
29.58,210.0,-0.013916,-0.034166
31.85,210.0,-0.013981,-0.034344
33.95,210.0,-0.014391,-0.034782
36.23,210.0,-0.015592,-0.035888
38.5,210.0,-0.0168,-0.037062
40.6,210.0,-0.018337,-0.038805
43.4,210.0,-0.019271,-0.039499
45.68,210.0,-0.019914,-0.040232
47.95,210.0,-0.020226,-0.040537
50.23,210.0,-0.020629,-0.040869
52.5,210.0,-0.020648,-0.040792
54.6,210.0,-0.020799,-0.040903
56.88,210.0,-0.022413,-0.042468
59.15,210.0,-0.02464,-0.044708
61.25,210.0,-0.027086,-0.047308
63.53,210.0,-0.029739,-0.049905
65.8,210.0,-0.031402,-0.051393
68.08,210.0,-0.033158,-0.053186
70.18,210.0,-0.034375,-0.054452
72.45,210.0,-0.035663,-0.055826
74.73,210.0,-0.036415,-0.056535
77.0,210.0,-0.036104,-0.056233
79.1,210.0,-0.03639,-0.056575
81.38,210.0,-0.037592,-0.057758
83.65,210.0,-0.039853,-0.060038
85.93,210.0,-0.04289,-0.062927
88.03,210.0,-0.046239,-0.066335
90.3,210.0,-0.050031,-0.070096
92.4,210.0,-0.054046,-0.073898
94.68,210.0,-0.057758,-0.077693
96.95,210.0,-0.06111,-0.081113
99.05,210.0,-0.064797,-0.084693
101.33,210.0,-0.068479,-0.088103
103.6,210.0,-0.071372,-0.091184
105.7,210.0,-0.073439,-0.093152
107.98,210.0,-0.075071,-0.094899
110.25,210.0,-0.076673,-0.096418
112.35,210.0,-0.07769,-0.097407
114.63,210.0,-0.078426,-0.098087
116.73,210.0,-0.0792,-0.098901
119.0,210.0,-0.080192,-0.099742
121.28,210.0,-0.08164,-0.101507
123.55,210.0,-0.083534,-0.103217
125.65,210.0,-0.085253,-0.104942
127.93,210.0,-0.087074,-0.106676
130.2,210.0,-0.088014,-0.107712
132.48,210.0,-0.088383,-0.108023
134.58,210.0,-0.088436,-0.108091
136.85,210.0,-0.087823,-0.107591
139.13,210.0,-0.08692,-0.10667
141.4,210.0,-0.086122,-0.105749
143.5,210.0,-0.085078,-0.104696
145.78,210.0,-0.084425,-0.104166
148.05,210.0,-0.084141,-0.103815
150.15,210.0,-0.082973,-0.102613
152.43,210.0,-0.0816,-0.101199
154.7,210.0,-0.080028,-0.099637
156.8,210.0,-0.078399,-0.098087
159.08,210.0,-0.076504,-0.096193
161.35,210.0,-0.074495,-0.094227
163.45,210.0,-0.072499,-0.092364
165.73,210.0,-0.070876,-0.090672
168.0,210.0,-0.06891,-0.088667
170.28,210.0,-0.066778,-0.086492
172.38,210.0,-0.064689,-0.08448
174.65,210.0,-0.062573,-0.082437
177.1,210.0,-0.060299,-0.080266
179.38,210.0,-0.058556,-0.078457
181.65,210.0,-0.0566,-0.076421
183.75,210.0,-0.054495,-0.074489
186.55,210.0,-0.052308,-0.072481
188.65,210.0,-0.050441,-0.07041
190.93,210.0,-0.048842,-0.069002
193.2,210.0,-0.047709,-0.067826
195.48,210.0,-0.046763,-0.066883
197.75,210.0,-0.04603,-0.065919
200.03,210.0,-0.04562,-0.065663
202.13,210.0,-0.045259,-0.065232
204.75,210.0,-0.045336,-0.065543
207.03,210.0,-0.045195,-0.065272
209.13,210.0,-0.045284,-0.065343
211.4,210.0,-0.045293,-0.06517
213.68,210.0,-0.045441,-0.065534
215.78,210.0,-0.046011,-0.066042
218.05,210.0,-0.046717,-0.066636
220.33,210.0,-0.048004,-0.068041
222.6,210.0,-0.049258,-0.069489
224.7,210.0,-0.050395,-0.070466
226.98,210.0,-0.051242,-0.071184
229.08,210.0,-0.052253,-0.072031
231.35,210.0,-0.053057,-0.073106
233.45,210.0,-0.054277,-0.074206
235.73,210.0,-0.055383,-0.075219
238.0,210.0,-0.056319,-0.076199
240.28,210.0,-0.057071,-0.076972
242.55,210.0,-0.057893,-0.078087
244.83,210.0,-0.058596,-0.078414
246.93,210.0,-0.059403,-0.079212
249.2,210.0,-0.059742,-0.079505
251.48,210.0,-0.059335,-0.07927
253.58,210.0,-0.059434,-0.079203
255.85,210.0,-0.05972,-0.079649
258.13,210.0,-0.060697,-0.080524
260.23,210.0,-0.061593,-0.081489
262.5,210.0,-0.062841,-0.082607
264.78,210.0,-0.064218,-0.084024
266.88,210.0,-0.065749,-0.085534
269.15,210.0,-0.067305,-0.086969
271.43,210.0,-0.068768,-0.088679
273.7,210.0,-0.070512,-0.090213
275.8,210.0,-0.071994,-0.091729
278.08,210.0,-0.074612,-0.094283
280.18,210.0,-0.077764,-0.097582
282.45,210.0,-0.081097,-0.100789
284.73,210.0,-0.084113,-0.103707
287.0,210.0,-0.08672,-0.106418
288.93,210.0,-0.089335,-0.109036
291.38,210.0,-0.092348,-0.112034
293.65,210.0,-0.096495,-0.116113
295.75,210.0,-0.100364,-0.119837
298.03,210.0,-0.10362,-0.123103
300.3,210.0,-0.106217,-0.125644
302.4,210.0,-0.108679,-0.128106
304.68,210.0,-0.110983,-0.130413
306.95,210.0,-0.114375,-0.13375
309.05,210.0,-0.118432,-0.137755
311.33,210.0,-0.12253,-0.141926
313.43,210.0,-0.125666,-0.144976
315.7,210.0,-0.12789,-0.147326
318.15,210.0,-0.128716,-0.148155
320.43,210.0,-0.129107,-0.148368
322.7,210.0,-0.130028,-0.149295
324.98,210.0,-0.130771,-0.150173
327.08,210.0,-0.130962,-0.150207
329.35,210.0,-0.130038,-0.149335
331.63,210.0,-0.127801,-0.147135
333.9,210.0,-0.125515,-0.144856
336.0,210.0,-0.12363,-0.143004
338.28,210.0,-0.122631,-0.141994
340.55,210.0,-0.121914,-0.141254
342.65,210.0,-0.121405,-0.140848
344.93,210.0,-0.121322,-0.140724
347.2,210.0,-0.120521,-0.140102
349.3,210.0,-0.11985,-0.139264
351.58,210.0,-0.118808,-0.138087
353.85,210.0,-0.117277,-0.136603
355.95,210.0,-0.114819,-0.134267
358.23,210.0,-0.111335,-0.130866
360.5,210.0,-0.10745,-0.127055
362.6,210.0,-0.103229,-0.122696
364.88,210.0,-0.099233,-0.118947
367.15,210.0,-0.096107,-0.115909
369.43,210.0,-0.092542,-0.11212
371.7,210.0,-0.089295,-0.10899
373.63,210.0,-0.086972,-0.106809
376.08,210.0,-0.086144,-0.105817
378.35,210.0,-0.086556,-0.106301
380.45,210.0,-0.087958,-0.107749
383.08,210.0,-0.090549,-0.110453
385.18,210.0,-0.09225,-0.111908
387.45,210.0,-0.092715,-0.112259
389.55,210.0,-0.091316,-0.110879
392.0,210.0,-0.087967,-0.107779
394.28,210.0,-0.08436,-0.104079
396.55,210.0,-0.082502,-0.102271
398.65,210.0,-0.081988,-0.101658
400.93,210.0,-0.08237,-0.102129
403.2,210.0,-0.083466,-0.103322
405.3,210.0,-0.084258,-0.103953
407.58,210.0,-0.085413,-0.105133
409.85,210.0,-0.08655,-0.106205
411.95,210.0,-0.087219,-0.107012
414.23,210.0,-0.086584,-0.106187
416.5,210.0,-0.08484,-0.104659
418.78,210.0,-0.082582,-0.102351
420.88,210.0,-0.079853,-0.099455
423.15,210.0,-0.077145,-0.096784
425.43,210.0,-0.075247,-0.095001
427.7,210.0,-0.073685,-0.093528
429.8,210.0,-0.072422,-0.092145
432.08,210.0,-0.070965,-0.090691
434.35,210.0,-0.068839,-0.088654
436.45,210.0,-0.066935,-0.086741
438.73,210.0,-0.066073,-0.085971
441.0,210.0,-0.066627,-0.086359
443.1,210.0,-0.068624,-0.088457
445.38,210.0,-0.07135,-0.09103
447.65,210.0,-0.073978,-0.093808
449.93,210.0,-0.076492,-0.096153
452.03,210.0,-0.078051,-0.097792
454.3,210.0,-0.079002,-0.098815
456.4,210.0,-0.079656,-0.099354
458.68,210.0,-0.080447,-0.100179
460.78,210.0,-0.081291,-0.100805
463.05,210.0,-0.082197,-0.102043
465.33,210.0,-0.083075,-0.102832
467.6,210.0,-0.083852,-0.10358
469.7,210.0,-0.083919,-0.103633
471.98,210.0,-0.082915,-0.102721
474.08,210.0,-0.081452,-0.101408
476.35,210.0,-0.0796,-0.09923
478.63,210.0,-0.077018,-0.09668
480.9,210.0,-0.074511,-0.094369
483.0,210.0,-0.072114,-0.092071
485.28,210.0,-0.070574,-0.090333
487.38,210.0,-0.069317,-0.089076
489.65,210.0,-0.06915,-0.088929
491.93,210.0,-0.069443,-0.089329
494.03,210.0,-0.070373,-0.090179
496.3,210.0,-0.07143,-0.09115
498.58,210.0,-0.0729,-0.092647
500.68,210.0,-0.073664,-0.093457
502.95,210.0,-0.072465,-0.092283
505.23,210.0,-0.068494,-0.088303
507.5,210.0,-0.061874,-0.081757
509.78,210.0,-0.055189,-0.075004
511.88,210.0,-0.048858,-0.06895
514.15,210.0,-0.044421,-0.064579
516.43,210.0,-0.041479,-0.061541
518.7,210.0,-0.039674,-0.05989
520.8,210.0,-0.038704,-0.05879
523.08,210.0,-0.037397,-0.057376
525.35,210.0,-0.03578,-0.055919
527.45,210.0,-0.034397,-0.054576
529.73,210.0,-0.033466,-0.053482
531.83,210.0,-0.033482,-0.053704
534.1,210.0,-0.033571,-0.053734
536.38,210.0,-0.034298,-0.054425
538.65,210.0,-0.035019,-0.055068
540.93,210.0,-0.035035,-0.055081
543.2,210.0,-0.034224,-0.054412
545.3,210.0,-0.03342,-0.053636
547.58,210.0,-0.03314,-0.053331
549.85,210.0,-0.032234,-0.05228
552.13,210.0,-0.03086,-0.050906
554.23,210.0,-0.02875,-0.049003
556.5,210.0,-0.026313,-0.046569
558.6,210.0,-0.023781,-0.043932
560.88,210.0,-0.0216,-0.041781
563.15,210.0,-0.020099,-0.040438
565.43,210.0,-0.018596,-0.038771
567.53,210.0,-0.017117,-0.037314
569.8,210.0,-0.01603,-0.036251
571.9,210.0,-0.014918,-0.035195
574.18,210.0,-0.013913,-0.034184
576.45,210.0,-0.012518,-0.032807
578.38,210.0,-0.011141,-0.031402
580.83,210.0,-0.009606,-0.029791
583.1,210.0,-0.00777,-0.028106
585.38,210.0,-0.006067,-0.026415
587.65,210.0,-0.004221,-0.02469
589.75,210.0,-0.003032,-0.023371
592.03,210.0,-0.002228,-0.022434
594.3,210.0,-0.001821,-0.022099
596.4,210.0,-0.002086,-0.022475
598.68,210.0,-0.002853,-0.023094
600.95,210.0,-0.003953,-0.024277
603.05,210.0,-0.005333,-0.025666
605.33,210.0,-0.007247,-0.027567
607.43,210.0,-0.008864,-0.029104
609.7,210.0,-0.010623,-0.030765
611.98,210.0,-0.01212,-0.032262
614.25,210.0,-0.013023,-0.033312
616.53,210.0,-0.013987,-0.034363
618.63,210.0,-0.014877,-0.035109
620.9,210.0,-0.016036,-0.036353
623.0,210.0,-0.017887,-0.038168
625.28,210.0,-0.020481,-0.040534
627.55,210.0,-0.023189,-0.043303
629.65,210.0,-0.026005,-0.046233
631.93,210.0,-0.028143,-0.048429
634.2,210.0,-0.029788,-0.049961
636.48,210.0,-0.030512,-0.05066
638.75,210.0,-0.03094,-0.051036
640.85,210.0,-0.031637,-0.051667
643.13,210.0,-0.032561,-0.052746
645.4,210.0,-0.033451,-0.053799
647.68,210.0,-0.034206,-0.054286
649.78,210.0,-0.034911,-0.055053
652.05,210.0,-0.035247,-0.055441
654.15,210.0,-0.035349,-0.055444
656.6,210.0,-0.035318,-0.055343
658.7,210.0,-0.034896,-0.055112
660.98,210.0,-0.034643,-0.054616
663.08,210.0,-0.034153,-0.054283
665.35,210.0,-0.0346,-0.054683
667.63,210.0,-0.03529,-0.055395
669.9,210.0,-0.036519,-0.056637
672.18,210.0,-0.037684,-0.057887
674.28,210.0,-0.039006,-0.059126
676.55,210.0,-0.040087,-0.060179
678.83,210.0,-0.04107,-0.061125
680.93,210.0,-0.041778,-0.061834
683.2,210.0,-0.04229,-0.062293
685.48,210.0,-0.043168,-0.063208
687.58,210.0,-0.044221,-0.064274
689.85,210.0,-0.045232,-0.065253
692.13,210.0,-0.04602,-0.066079
694.4,210.0,-0.047055,-0.06716
696.5,210.0,-0.04818,-0.068303
698.78,210.0,-0.049665,-0.0698
701.05,210.0,-0.050749,-0.070974
703.33,210.0,-0.051861,-0.071778
705.6,210.0,-0.052853,-0.072736
707.7,210.0,-0.053787,-0.073731
709.98,210.0,-0.054634,-0.074526
11.73,245.0,-0.047453,-0.068485
13.83,245.0,-0.047869,-0.068272
16.1,245.0,-0.048864,-0.069012
18.38,245.0,-0.04976,-0.070001
20.65,245.0,-0.050839,-0.070943
22.75,245.0,-0.051578,-0.071538
25.03,245.0,-0.050238,-0.070278
27.3,245.0,-0.047438,-0.067622
29.4,245.0,-0.04423,-0.064341
31.68,245.0,-0.04054,-0.060648
33.78,245.0,-0.037515,-0.057567
36.05,245.0,-0.035999,-0.056205
38.33,245.0,-0.036938,-0.057019
40.6,245.0,-0.039862,-0.060031
42.88,245.0,-0.043947,-0.064166
44.98,245.0,-0.047468,-0.067524
47.43,245.0,-0.051778,-0.071726
49.53,245.0,-0.055056,-0.07484
51.8,245.0,-0.057336,-0.077225
54.08,245.0,-0.058602,-0.078488
56.53,245.0,-0.058633,-0.078661
58.8,245.0,-0.05863,-0.078657
61.08,245.0,-0.058587,-0.078503
63.18,245.0,-0.058633,-0.078568
65.8,245.0,-0.058211,-0.0783
68.08,245.0,-0.058288,-0.078109
70.35,245.0,-0.058873,-0.07871
72.63,245.0,-0.060694,-0.080555
75.08,245.0,-0.063396,-0.083309
77.35,245.0,-0.066301,-0.086128
79.45,245.0,-0.069006,-0.088768
81.73,245.0,-0.071147,-0.090792
84.18,245.0,-0.07236,-0.092185
86.45,245.0,-0.073664,-0.0935
88.55,245.0,-0.075247,-0.094982
90.83,245.0,-0.07671,-0.096464
93.28,245.0,-0.077391,-0.097388
95.55,245.0,-0.077052,-0.096584
97.65,245.0,-0.0759,-0.0957
99.93,245.0,-0.074813,-0.094529
102.2,245.0,-0.074397,-0.094227
104.3,245.0,-0.074773,-0.094465
106.58,245.0,-0.076495,-0.096082
108.85,245.0,-0.078667,-0.098405
111.13,245.0,-0.080962,-0.100607
113.23,245.0,-0.082333,-0.101994
115.5,245.0,-0.08281,-0.102422
117.6,245.0,-0.082678,-0.10245
119.88,245.0,-0.082721,-0.102441
122.15,245.0,-0.08367,-0.103371
124.25,245.0,-0.085333,-0.105111
126.53,245.0,-0.087887,-0.107632
128.8,245.0,-0.090447,-0.110087
130.9,245.0,-0.092394,-0.111985
133.18,245.0,-0.094046,-0.113781
135.45,245.0,-0.095792,-0.115475
137.55,245.0,-0.097441,-0.117068
139.83,245.0,-0.100139,-0.11981
142.1,245.0,-0.102508,-0.122028
144.38,245.0,-0.104458,-0.123895
146.48,245.0,-0.10541,-0.125001
148.75,245.0,-0.104603,-0.124036
151.03,245.0,-0.102909,-0.122456
153.13,245.0,-0.100743,-0.120173
155.4,245.0,-0.09798,-0.11765
157.68,245.0,-0.095891,-0.115401
159.78,245.0,-0.093402,-0.112967
162.05,245.0,-0.091375,-0.110996
164.15,245.0,-0.089927,-0.109572
166.43,245.0,-0.088485,-0.108205
168.7,245.0,-0.087123,-0.106834
170.8,245.0,-0.085463,-0.105216
173.08,245.0,-0.084002,-0.10383
175.18,245.0,-0.081723,-0.101464
177.63,245.0,-0.07887,-0.098688
179.73,245.0,-0.075934,-0.095672
182.0,245.0,-0.07298,-0.092875
184.28,245.0,-0.07058,-0.090318
186.55,245.0,-0.068282,-0.088054
188.65,245.0,-0.066344,-0.086097
190.93,245.0,-0.064785,-0.084622
193.2,245.0,-0.063531,-0.083346
195.48,245.0,-0.062515,-0.082265
197.58,245.0,-0.061482,-0.081322
199.85,245.0,-0.060666,-0.080712
201.95,245.0,-0.060478,-0.080398
204.23,245.0,-0.060916,-0.080654
206.5,245.0,-0.061643,-0.081507
208.78,245.0,-0.062465,-0.082428
210.88,245.0,-0.063697,-0.083466
213.15,245.0,-0.06534,-0.08509
215.25,245.0,-0.066982,-0.086787
217.53,245.0,-0.068497,-0.088248
219.8,245.0,-0.069643,-0.089569
222.08,245.0,-0.070799,-0.090675
224.18,245.0,-0.071726,-0.091516
226.45,245.0,-0.073343,-0.093254
228.73,245.0,-0.074742,-0.094529
230.83,245.0,-0.075158,-0.094945
233.1,245.0,-0.075444,-0.095272
235.38,245.0,-0.075453,-0.095262
237.48,245.0,-0.075432,-0.095235
239.75,245.0,-0.075879,-0.095765
242.03,245.0,-0.077092,-0.096827
243.95,245.0,-0.079052,-0.098802
246.4,245.0,-0.081137,-0.100949
248.5,245.0,-0.082973,-0.102764
250.78,245.0,-0.084252,-0.104073
253.05,245.0,-0.084933,-0.104822
255.33,245.0,-0.085965,-0.105737
257.43,245.0,-0.087832,-0.107573
259.7,245.0,-0.091239,-0.110885
261.98,245.0,-0.096199,-0.115808
264.08,245.0,-0.10233,-0.121951
266.35,245.0,-0.109338,-0.128882
268.63,245.0,-0.114637,-0.134049
270.73,245.0,-0.118057,-0.137567
273.0,245.0,-0.11993,-0.139341
275.28,245.0,-0.120657,-0.140004
277.38,245.0,-0.12127,-0.140703
279.65,245.0,-0.122388,-0.141732
281.93,245.0,-0.123891,-0.143408
284.03,245.0,-0.126418,-0.145675
286.3,245.0,-0.129292,-0.148556
288.58,245.0,-0.131794,-0.151088
290.68,245.0,-0.134092,-0.153448
292.95,245.0,-0.136248,-0.155641
295.05,245.0,-0.13887,-0.158183
297.33,245.0,-0.141294,-0.160493
299.6,245.0,-0.142705,-0.161867
301.7,245.0,-0.142739,-0.161941
303.98,245.0,-0.142989,-0.162262
306.25,245.0,-0.143848,-0.162964
308.35,245.0,-0.145959,-0.165087
310.63,245.0,-0.148944,-0.168152
312.9,245.0,-0.153697,-0.172748
315.0,245.0,-0.15931,-0.178469
317.28,245.0,-0.165259,-0.18448
319.55,245.0,-0.172175,-0.191196
321.65,245.0,-0.177348,-0.19626
323.93,245.0,-0.181529,-0.200469
326.2,245.0,-0.183944,-0.202785
328.3,245.0,-0.18468,-0.203639
330.58,245.0,-0.18367,-0.202644
332.68,245.0,-0.181914,-0.200814
334.95,245.0,-0.180099,-0.19911
337.23,245.0,-0.178642,-0.197616
339.33,245.0,-0.177887,-0.196861
341.6,245.0,-0.1774,-0.196516
343.88,245.0,-0.177511,-0.19647
345.98,245.0,-0.177206,-0.196242
348.25,245.0,-0.176818,-0.195823
350.53,245.0,-0.176051,-0.195154
352.63,245.0,-0.174692,-0.193861
354.9,245.0,-0.172733,-0.191886
357.0,245.0,-0.169652,-0.188796
359.28,245.0,-0.166069,-0.185268
361.38,245.0,-0.162154,-0.181288
363.65,245.0,-0.158781,-0.177924
365.93,245.0,-0.155056,-0.174277
368.2,245.0,-0.15139,-0.170697
370.48,245.0,-0.148442,-0.167785
372.58,245.0,-0.145959,-0.165213
374.85,245.0,-0.14444,-0.163774
377.13,245.0,-0.143442,-0.162838
379.4,245.0,-0.143057,-0.162345
381.68,245.0,-0.142702,-0.161994
383.78,245.0,-0.142795,-0.161951
386.05,245.0,-0.142721,-0.161984
388.33,245.0,-0.14305,-0.162388
390.6,245.0,-0.14375,-0.163269
392.88,245.0,-0.144212,-0.163537
395.15,245.0,-0.144153,-0.163463
397.43,245.0,-0.141954,-0.161393
399.7,245.0,-0.137733,-0.157083
401.98,245.0,-0.133214,-0.152659
404.08,245.0,-0.129101,-0.14834
406.35,245.0,-0.126325,-0.1457
408.63,245.0,-0.125383,-0.144822
410.73,245.0,-0.125657,-0.145145
413.0,245.0,-0.126624,-0.145962
415.28,245.0,-0.126495,-0.145894
417.55,245.0,-0.124908,-0.144387
419.65,245.0,-0.122668,-0.142274
421.93,245.0,-0.120102,-0.139631
424.03,245.0,-0.118463,-0.138044
426.3,245.0,-0.118969,-0.138368
428.58,245.0,-0.120832,-0.140265
430.68,245.0,-0.123374,-0.142795
432.95,245.0,-0.125595,-0.145001
435.23,245.0,-0.127758,-0.146954
437.5,245.0,-0.127986,-0.147391
439.6,245.0,-0.127009,-0.146297
441.88,245.0,-0.125222,-0.144659
443.98,245.0,-0.123774,-0.143158
446.25,245.0,-0.123608,-0.143029
448.35,245.0,-0.123645,-0.142967
450.63,245.0,-0.12431,-0.143747
452.9,245.0,-0.125672,-0.14513
455.18,245.0,-0.127139,-0.146596
457.28,245.0,-0.127564,-0.14708
459.55,245.0,-0.127237,-0.146538
461.48,245.0,-0.126063,-0.145327
463.93,245.0,-0.124354,-0.143704
466.2,245.0,-0.122795,-0.142234
468.48,245.0,-0.121008,-0.140567
470.58,245.0,-0.119428,-0.138805
472.85,245.0,-0.117527,-0.137006
475.13,245.0,-0.115561,-0.13497
477.23,245.0,-0.114307,-0.13366
479.5,245.0,-0.11346,-0.132992
481.78,245.0,-0.114252,-0.133577
484.05,245.0,-0.115247,-0.134637
486.15,245.0,-0.116566,-0.135977
488.43,245.0,-0.117407,-0.136729
490.7,245.0,-0.117416,-0.136757
492.8,245.0,-0.11745,-0.136806
495.08,245.0,-0.117413,-0.136932
497.18,245.0,-0.116864,-0.136476
499.45,245.0,-0.115386,-0.134806
501.73,245.0,-0.112715,-0.132132
503.83,245.0,-0.109129,-0.128673
506.1,245.0,-0.104763,-0.12431
508.38,245.0,-0.099954,-0.119511
510.48,245.0,-0.095771,-0.115534
512.75,245.0,-0.09188,-0.111587
515.03,245.0,-0.088651,-0.108322
517.3,245.0,-0.086156,-0.106008
519.4,245.0,-0.084197,-0.104049
521.68,245.0,-0.082585,-0.102342
523.95,245.0,-0.08086,-0.100466
526.23,245.0,-0.078858,-0.098469
528.33,245.0,-0.076738,-0.09659
530.6,245.0,-0.074637,-0.094372
532.88,245.0,-0.072262,-0.0922
534.98,245.0,-0.070259,-0.090182
537.25,245.0,-0.067256,-0.087191
539.53,245.0,-0.063208,-0.083109
541.8,245.0,-0.058639,-0.078405
543.9,245.0,-0.053547,-0.073568
546.0,245.0,-0.048602,-0.068744
548.45,245.0,-0.045139,-0.065219
550.73,245.0,-0.041812,-0.062055
553.0,245.0,-0.038953,-0.059234
555.28,245.0,-0.03671,-0.056948
557.38,245.0,-0.035142,-0.055358
559.65,245.0,-0.033852,-0.053867
561.93,245.0,-0.033128,-0.05338
564.38,245.0,-0.031837,-0.052065
566.65,245.0,-0.030466,-0.050614
568.93,245.0,-0.029206,-0.049314
571.03,245.0,-0.027847,-0.048032
573.48,245.0,-0.026504,-0.046911
575.75,245.0,-0.025638,-0.045817
577.85,245.0,-0.024899,-0.045093
580.13,245.0,-0.024098,-0.044381
582.4,245.0,-0.023522,-0.043753
584.68,245.0,-0.023402,-0.043639
586.95,245.0,-0.02375,-0.043962
589.05,245.0,-0.024921,-0.045189
591.33,245.0,-0.026892,-0.047022
593.43,245.0,-0.028953,-0.049098
595.7,245.0,-0.03135,-0.051473
597.98,245.0,-0.033491,-0.053636
600.25,245.0,-0.035873,-0.056011
602.35,245.0,-0.038106,-0.058331
604.63,245.0,-0.040176,-0.06025
606.9,245.0,-0.04212,-0.062305
609.0,245.0,-0.043895,-0.06412
611.63,245.0,-0.04566,-0.065817
613.9,245.0,-0.046584,-0.066624
616.0,245.0,-0.047832,-0.068029
618.28,245.0,-0.048177,-0.068285
620.2,245.0,-0.048155,-0.068205
622.65,245.0,-0.047419,-0.067613
624.93,245.0,-0.046461,-0.066507
627.2,245.0,-0.045983,-0.066159
629.48,245.0,-0.045999,-0.066085
631.58,245.0,-0.04595,-0.066088
633.85,245.0,-0.046677,-0.066831
636.13,245.0,-0.047431,-0.067604
638.4,245.0,-0.048584,-0.068805
640.68,245.0,-0.049994,-0.069998
642.78,245.0,-0.051797,-0.071643
645.05,245.0,-0.05387,-0.073848
647.33,245.0,-0.055922,-0.075906
649.43,245.0,-0.058454,-0.078309
651.88,245.0,-0.06017,-0.080062
653.98,245.0,-0.061941,-0.081791
656.25,245.0,-0.063506,-0.083411
658.35,245.0,-0.065096,-0.08501
660.63,245.0,-0.066538,-0.086372
662.9,245.0,-0.067428,-0.087228
665.18,245.0,-0.067983,-0.087838
667.28,245.0,-0.068463,-0.088322
669.55,245.0,-0.069184,-0.088827
671.83,245.0,-0.069844,-0.089594
673.93,245.0,-0.070934,-0.090842
676.2,245.0,-0.071871,-0.091566
678.48,245.0,-0.073479,-0.093359
680.75,245.0,-0.075244,-0.095004
682.85,245.0,-0.076948,-0.096563
685.13,245.0,-0.078513,-0.098248
687.4,245.0,-0.08058,-0.100229
689.5,245.0,-0.082872,-0.102659
691.78,245.0,-0.084982,-0.104733
693.88,245.0,-0.087595,-0.107354
696.15,245.0,-0.089954,-0.109606
698.43,245.0,-0.091877,-0.11163
700.53,245.0,-0.093091,-0.112712
702.8,245.0,-0.093731,-0.113571
705.08,245.0,-0.093439,-0.1131
707.18,245.0,-0.092742,-0.112367
709.45,245.0,-0.091467,-0.111159
10.15,280.0,-0.12244,-0.142647
12.43,280.0,-0.126008,-0.145463
14.88,280.0,-0.129769,-0.149249
16.98,280.0,-0.132675,-0.152092
19.25,280.0,-0.135105,-0.154452
21.53,280.0,-0.136091,-0.155383
23.63,280.0,-0.136797,-0.156039
25.9,280.0,-0.136732,-0.156128
28.18,280.0,-0.136747,-0.156063
30.28,280.0,-0.136393,-0.155715
32.55,280.0,-0.135577,-0.154905
34.83,280.0,-0.133916,-0.153208
36.93,280.0,-0.132305,-0.151729
39.2,280.0,-0.131134,-0.150503
41.48,280.0,-0.130232,-0.14956
43.58,280.0,-0.129384,-0.148737
45.85,280.0,-0.129076,-0.148454
48.13,280.0,-0.129098,-0.148346
50.23,280.0,-0.129052,-0.148491
52.5,280.0,-0.128491,-0.147986
54.78,280.0,-0.127185,-0.146556
56.88,280.0,-0.125188,-0.144612
59.15,280.0,-0.123497,-0.142949
61.43,280.0,-0.121818,-0.141162
63.53,280.0,-0.119514,-0.139033
65.8,280.0,-0.116717,-0.136137
67.9,280.0,-0.113152,-0.13273
70.18,280.0,-0.110266,-0.129668
72.45,280.0,-0.106948,-0.126424
74.55,280.0,-0.103559,-0.123084
76.83,280.0,-0.099822,-0.119461
78.93,280.0,-0.096482,-0.11607
81.2,280.0,-0.093759,-0.113318
83.48,280.0,-0.092265,-0.111923
85.75,280.0,-0.091522,-0.111131
88.03,280.0,-0.090195,-0.109853
90.3,280.0,-0.088177,-0.108026
92.58,280.0,-0.086119,-0.105909
94.68,280.0,-0.0846,-0.104388
97.13,280.0,-0.08423,-0.103969
99.23,280.0,-0.084779,-0.104548
101.5,280.0,-0.086898,-0.106599
103.78,280.0,-0.089865,-0.109535
105.88,280.0,-0.092878,-0.112551
108.15,280.0,-0.095392,-0.11505
110.25,280.0,-0.097169,-0.116892
112.53,280.0,-0.098405,-0.11802
114.8,280.0,-0.099529,-0.119166
116.9,280.0,-0.101372,-0.120885
119.18,280.0,-0.103201,-0.122635
121.45,280.0,-0.10464,-0.124215
123.55,280.0,-0.10501,-0.124468
125.83,280.0,-0.104335,-0.12375
128.1,280.0,-0.102881,-0.122357
130.2,280.0,-0.100675,-0.120229
132.48,280.0,-0.09777,-0.117357
134.75,280.0,-0.09492,-0.114643
136.85,280.0,-0.091633,-0.11135
139.13,280.0,-0.088565,-0.108334
141.4,280.0,-0.086803,-0.106452
143.5,280.0,-0.086171,-0.105903
145.78,280.0,-0.087225,-0.107074
148.05,280.0,-0.089307,-0.108993
150.15,280.0,-0.092043,-0.111901
152.43,280.0,-0.095087,-0.114822
154.53,280.0,-0.098146,-0.117767
156.8,280.0,-0.10147,-0.121042
159.08,280.0,-0.103932,-0.12362
161.35,280.0,-0.105463,-0.125074
163.63,280.0,-0.105792,-0.125373
165.73,280.0,-0.104489,-0.123969
168.0,280.0,-0.102277,-0.121729
170.1,280.0,-0.099982,-0.119582
172.38,280.0,-0.097595,-0.117351
174.65,280.0,-0.096177,-0.115922
176.93,280.0,-0.094662,-0.114363
179.03,280.0,-0.092903,-0.11261
181.3,280.0,-0.090916,-0.110654
183.58,280.0,-0.089046,-0.108737
185.68,280.0,-0.087126,-0.10692
187.95,280.0,-0.085413,-0.105247
190.05,280.0,-0.084215,-0.104012
192.33,280.0,-0.082933,-0.102635
194.6,280.0,-0.082203,-0.102148
196.88,280.0,-0.081945,-0.101747
198.98,280.0,-0.082379,-0.102145
201.25,280.0,-0.082656,-0.102579
203.35,280.0,-0.083451,-0.103198
205.63,280.0,-0.084184,-0.103969
207.9,280.0,-0.085478,-0.105222
210.0,280.0,-0.086458,-0.106233
212.28,280.0,-0.087308,-0.106957
214.55,280.0,-0.08732,-0.106957
216.65,280.0,-0.086566,-0.106264
218.93,280.0,-0.085472,-0.105201
221.03,280.0,-0.085068,-0.10476
223.3,280.0,-0.085293,-0.105176
225.58,280.0,-0.086677,-0.106353
227.68,280.0,-0.088482,-0.108278
229.95,280.0,-0.090765,-0.110457
232.23,280.0,-0.093368,-0.113149
234.5,280.0,-0.096831,-0.116513
236.6,280.0,-0.100956,-0.120555
238.88,280.0,-0.106615,-0.12618
240.98,280.0,-0.111649,-0.13127
243.25,280.0,-0.116335,-0.135755
245.53,280.0,-0.119924,-0.139298
247.63,280.0,-0.122517,-0.141914
249.9,280.0,-0.124452,-0.143805
252.18,280.0,-0.126741,-0.14615
254.28,280.0,-0.12916,-0.148399
256.55,280.0,-0.132068,-0.151479
258.83,280.0,-0.135068,-0.154594
260.93,280.0,-0.136994,-0.156217
263.2,280.0,-0.139067,-0.158343
265.48,280.0,-0.141063,-0.16013
267.75,280.0,-0.143211,-0.162403
269.85,280.0,-0.145968,-0.165136
272.13,280.0,-0.14846,-0.167628
274.23,280.0,-0.149899,-0.16919
276.5,280.0,-0.150795,-0.170025
278.78,280.0,-0.149976,-0.169323
281.05,280.0,-0.149042,-0.168214
283.15,280.0,-0.148614,-0.167816
285.43,280.0,-0.149298,-0.168599
287.53,280.0,-0.151941,-0.17098
289.8,280.0,-0.155734,-0.174831
292.08,280.0,-0.160543,-0.179683
294.35,280.0,-0.165583,-0.184603
296.63,280.0,-0.171313,-0.190487
298.9,280.0,-0.175687,-0.194736
301.0,280.0,-0.180096,-0.198962
303.28,280.0,-0.184313,-0.203211
305.55,280.0,-0.188648,-0.207567
307.83,280.0,-0.194258,-0.213143
309.93,280.0,-0.200496,-0.219326
312.2,280.0,-0.207502,-0.226245
314.3,280.0,-0.214397,-0.233121
316.75,280.0,-0.220823,-0.239332
318.85,280.0,-0.226325,-0.245062
321.13,280.0,-0.231723,-0.250339
323.4,280.0,-0.236806,-0.255222
325.5,280.0,-0.240798,-0.259427
327.78,280.0,-0.245188,-0.263697
329.88,280.0,-0.249227,-0.267644
332.15,280.0,-0.252588,-0.270986
334.43,280.0,-0.255558,-0.274082
336.53,280.0,-0.257397,-0.27578
338.8,280.0,-0.258189,-0.27647
340.9,280.0,-0.258189,-0.276531
343.18,280.0,-0.257862,-0.276303
345.45,280.0,-0.257767,-0.276242
347.55,280.0,-0.257477,-0.275891
349.83,280.0,-0.256704,-0.275093
352.1,280.0,-0.255869,-0.274384
354.38,280.0,-0.254547,-0.273063
356.48,280.0,-0.252878,-0.27122
358.75,280.0,-0.251122,-0.269674
361.38,280.0,-0.248669,-0.267191
363.48,280.0,-0.246578,-0.265007
365.75,280.0,-0.244569,-0.263096
368.03,280.0,-0.242748,-0.261328
370.3,280.0,-0.240946,-0.259606
372.58,280.0,-0.239501,-0.258137
374.85,280.0,-0.238442,-0.257197
376.95,280.0,-0.237259,-0.255918
379.23,280.0,-0.23635,-0.254893
381.33,280.0,-0.235949,-0.254563
383.6,280.0,-0.235576,-0.254224
385.88,280.0,-0.235216,-0.253916
388.15,280.0,-0.234714,-0.253291
390.25,280.0,-0.233802,-0.252345
392.53,280.0,-0.232625,-0.25119
394.8,280.0,-0.231368,-0.250068
396.9,280.0,-0.229843,-0.248562
399.18,280.0,-0.228537,-0.247249
401.28,280.0,-0.227527,-0.246236
403.55,280.0,-0.226362,-0.245044
405.83,280.0,-0.225216,-0.244036
408.1,280.0,-0.223515,-0.242157
410.38,280.0,-0.221766,-0.240426
412.48,280.0,-0.219985,-0.238783
414.75,280.0,-0.218463,-0.237255
417.38,280.0,-0.216227,-0.235148
419.48,280.0,-0.214273,-0.232838
421.75,280.0,-0.212009,-0.230823
424.03,280.0,-0.209027,-0.227705
426.3,280.0,-0.205459,-0.224156
428.58,280.0,-0.201575,-0.220438
430.68,280.0,-0.198038,-0.217148
432.95,280.0,-0.194772,-0.213768
435.23,280.0,-0.192317,-0.211328
437.5,280.0,-0.190915,-0.209834
439.6,280.0,-0.190546,-0.209403
441.88,280.0,-0.191193,-0.21009
444.15,280.0,-0.192665,-0.211559
446.25,280.0,-0.194283,-0.213257
448.53,280.0,-0.195687,-0.214434
450.8,280.0,-0.195878,-0.214837
452.9,280.0,-0.194307,-0.213241
455.18,280.0,-0.190786,-0.20972
457.45,280.0,-0.186723,-0.205644
459.55,280.0,-0.182921,-0.201861
461.83,280.0,-0.180241,-0.199307
463.93,280.0,-0.179002,-0.197989
466.2,280.0,-0.178599,-0.197671
468.48,280.0,-0.177789,-0.196904
470.75,280.0,-0.176824,-0.19586
472.85,280.0,-0.174997,-0.194064
475.13,280.0,-0.17298,-0.192105
477.4,280.0,-0.170869,-0.190081
479.5,280.0,-0.169295,-0.188423
481.78,280.0,-0.167616,-0.186535
484.05,280.0,-0.164911,-0.184116
486.15,280.0,-0.161538,-0.180598
488.43,280.0,-0.158312,-0.177413
490.53,280.0,-0.155521,-0.174603
492.8,280.0,-0.153673,-0.172715
495.08,280.0,-0.152801,-0.172055
497.35,280.0,-0.152323,-0.171451
499.45,280.0,-0.15172,-0.170928
501.73,280.0,-0.150845,-0.170037
504.0,280.0,-0.149668,-0.168824
506.28,280.0,-0.148358,-0.167536
508.38,280.0,-0.145672,-0.164954
510.65,280.0,-0.14183,-0.161143
512.93,280.0,-0.136994,-0.156334
515.03,280.0,-0.132588,-0.152003
517.3,280.0,-0.128275,-0.147801
519.58,280.0,-0.124757,-0.14411
521.85,280.0,-0.122206,-0.141639
523.95,280.0,-0.119652,-0.139138
526.23,280.0,-0.117102,-0.136519
528.5,280.0,-0.114052,-0.133645
530.78,280.0,-0.110771,-0.13025
532.88,280.0,-0.107083,-0.126606
535.15,280.0,-0.102696,-0.122314
537.43,280.0,-0.097588,-0.117431
539.7,280.0,-0.09298,-0.112724
541.8,280.0,-0.087786,-0.107604
544.08,280.0,-0.083337,-0.103158
546.18,280.0,-0.078818,-0.098605
548.28,280.0,-0.074874,-0.094659
550.73,280.0,-0.071868,-0.091797
552.83,280.0,-0.070278,-0.090096
555.1,280.0,-0.069187,-0.088978
557.38,280.0,-0.068682,-0.088466
559.48,280.0,-0.068781,-0.088593
561.75,280.0,-0.069545,-0.089347
564.03,280.0,-0.070611,-0.090416
566.3,280.0,-0.071501,-0.091267
568.4,280.0,-0.07286,-0.092662
570.68,280.0,-0.073697,-0.093506
572.95,280.0,-0.07407,-0.093922
575.23,280.0,-0.073177,-0.093066
577.33,280.0,-0.071627,-0.091492
579.6,280.0,-0.070262,-0.090152
581.88,280.0,-0.068873,-0.08867
584.15,280.0,-0.068476,-0.088315
586.25,280.0,-0.069415,-0.089255
588.53,280.0,-0.071362,-0.091177
590.8,280.0,-0.07375,-0.093602
592.9,280.0,-0.076945,-0.096667
595.18,280.0,-0.080219,-0.100031
597.45,280.0,-0.0833,-0.10302
599.73,280.0,-0.085814,-0.105484
602.0,280.0,-0.088205,-0.107906
604.1,280.0,-0.089988,-0.109748
606.38,280.0,-0.091088,-0.11082
608.65,280.0,-0.09212,-0.111855
610.75,280.0,-0.093103,-0.112693
613.38,280.0,-0.094431,-0.114181
615.65,280.0,-0.095882,-0.11542
617.75,280.0,-0.097373,-0.117028
620.03,280.0,-0.098439,-0.117967
622.3,280.0,-0.099751,-0.119369
624.58,280.0,-0.101258,-0.120845
626.85,280.0,-0.103137,-0.122749
629.13,280.0,-0.105367,-0.124902
631.23,280.0,-0.107699,-0.127212
633.5,280.0,-0.109991,-0.129415
635.6,280.0,-0.111726,-0.131236
637.88,280.0,-0.113405,-0.132745
640.15,280.0,-0.114338,-0.133898
642.43,280.0,-0.114588,-0.134172
644.53,280.0,-0.114455,-0.13383
646.8,280.0,-0.113562,-0.133109
649.08,280.0,-0.112675,-0.132265
651.18,280.0,-0.111495,-0.131066
653.45,280.0,-0.110447,-0.129991
655.73,280.0,-0.110102,-0.129631
658.0,280.0,-0.110096,-0.129622
660.1,280.0,-0.110099,-0.12956
662.38,280.0,-0.110142,-0.129615
664.48,280.0,-0.110096,-0.129652
666.75,280.0,-0.110296,-0.129825
669.03,280.0,-0.11042,-0.130013
671.13,280.0,-0.111618,-0.131199
673.4,280.0,-0.113352,-0.132899
675.68,280.0,-0.115792,-0.135262
677.78,280.0,-0.118737,-0.138152
680.23,280.0,-0.121054,-0.140558
682.5,280.0,-0.122835,-0.142268
684.78,280.0,-0.123657,-0.143066
686.88,280.0,-0.124274,-0.143731
689.15,280.0,-0.124656,-0.144052
691.43,280.0,-0.124628,-0.144067
693.53,280.0,-0.124649,-0.144055
695.8,280.0,-0.124326,-0.143719
698.08,280.0,-0.123571,-0.143063
700.18,280.0,-0.123285,-0.142764
702.45,280.0,-0.122869,-0.142314
704.73,280.0,-0.123091,-0.142662
706.83,280.0,-0.124098,-0.143574
709.1,280.0,-0.126387,-0.145755
711.38,280.0,-0.129483,-0.148891
11.38,315.0,-0.192819,-0.212237
13.65,315.0,-0.192431,-0.211488
15.93,315.0,-0.191895,-0.210872
18.03,315.0,-0.191248,-0.210225
20.3,315.0,-0.191257,-0.210228
22.58,315.0,-0.191633,-0.21078
25.03,315.0,-0.191984,-0.21098
27.3,315.0,-0.19163,-0.210589
29.4,315.0,-0.190213,-0.209082
31.5,315.0,-0.187825,-0.206787
33.78,315.0,-0.185537,-0.204609
36.05,315.0,-0.183078,-0.201972
38.33,315.0,-0.181069,-0.200056
40.43,315.0,-0.179575,-0.198472
42.7,315.0,-0.177653,-0.196772
44.98,315.0,-0.175004,-0.194027
47.08,315.0,-0.171461,-0.190691
49.35,315.0,-0.166664,-0.185866
51.63,315.0,-0.161088,-0.180299
53.73,315.0,-0.154936,-0.174055
56.0,315.0,-0.148731,-0.167853
58.28,315.0,-0.142604,-0.161994
60.55,315.0,-0.136353,-0.155715
62.65,315.0,-0.130475,-0.149736
64.93,315.0,-0.124431,-0.143685
67.2,315.0,-0.119505,-0.139012
69.3,315.0,-0.115598,-0.135028
71.58,315.0,-0.1129,-0.132644
73.68,315.0,-0.111082,-0.130583
75.95,315.0,-0.109579,-0.129258
78.23,315.0,-0.107564,-0.12729
80.5,315.0,-0.105928,-0.125469
82.6,315.0,-0.104314,-0.123811
84.88,315.0,-0.102216,-0.121775
86.98,315.0,-0.099508,-0.119178
89.6,315.0,-0.097018,-0.116901
91.7,315.0,-0.095395,-0.115084
93.98,315.0,-0.093738,-0.113491
96.08,315.0,-0.091529,-0.111245
98.0,315.0,-0.089221,-0.108904
100.63,315.0,-0.087625,-0.10732
102.73,315.0,-0.086938,-0.106689
105.0,315.0,-0.086498,-0.106328
107.28,315.0,-0.085762,-0.105524
109.38,315.0,-0.085044,-0.104813
111.65,315.0,-0.084193,-0.103956
113.93,315.0,-0.084218,-0.104002
116.03,315.0,-0.08415,-0.103907
118.3,315.0,-0.084705,-0.104495
120.58,315.0,-0.086421,-0.106217
122.68,315.0,-0.088842,-0.108562
124.95,315.0,-0.091387,-0.111137
127.23,315.0,-0.09412,-0.113701
129.33,315.0,-0.096479,-0.116107
131.6,315.0,-0.097675,-0.117326
133.7,315.0,-0.09805,-0.117829
135.98,315.0,-0.097271,-0.117105
138.25,315.0,-0.095909,-0.115577
140.53,315.0,-0.093466,-0.113161
142.8,315.0,-0.090635,-0.110281
144.9,315.0,-0.08765,-0.107441
147.18,315.0,-0.084763,-0.104548
149.28,315.0,-0.082585,-0.102444
151.55,315.0,-0.08119,-0.101033
153.65,315.0,-0.081781,-0.101599
155.93,315.0,-0.083953,-0.103682
158.2,315.0,-0.0868,-0.106581
160.3,315.0,-0.090728,-0.110398
162.58,315.0,-0.09464,-0.114354
164.85,315.0,-0.098038,-0.117742
167.13,315.0,-0.100709,-0.120352
169.23,315.0,-0.101581,-0.121156
171.5,315.0,-0.100654,-0.12021
173.78,315.0,-0.098032,-0.117878
176.05,315.0,-0.095891,-0.115469
178.33,315.0,-0.093531,-0.113112
180.43,315.0,-0.091686,-0.111359
182.7,315.0,-0.090266,-0.110108
184.8,315.0,-0.08912,-0.108969
187.08,315.0,-0.088855,-0.108614
189.35,315.0,-0.088445,-0.108171
191.45,315.0,-0.088744,-0.108543
193.73,315.0,-0.089782,-0.109501
195.83,315.0,-0.091279,-0.110977
198.1,315.0,-0.092678,-0.112484
200.38,315.0,-0.093765,-0.11346
202.3,315.0,-0.094209,-0.113925
204.75,315.0,-0.093818,-0.113513
207.03,315.0,-0.092909,-0.112709
209.3,315.0,-0.091587,-0.111258
211.4,315.0,-0.090059,-0.109816
213.68,315.0,-0.088808,-0.10863
215.95,315.0,-0.087909,-0.107644
218.23,315.0,-0.08725,-0.107111
220.5,315.0,-0.087638,-0.107511
222.6,315.0,-0.088331,-0.108195
224.88,315.0,-0.090404,-0.110108
227.15,315.0,-0.093781,-0.113405
229.25,315.0,-0.097394,-0.117025
231.53,315.0,-0.10094,-0.12058
233.8,315.0,-0.104711,-0.124181
235.9,315.0,-0.109092,-0.128531
238.18,315.0,-0.113423,-0.13309
240.45,315.0,-0.118232,-0.137792
242.73,315.0,-0.122262,-0.141698
244.83,315.0,-0.125028,-0.144326
247.1,315.0,-0.127613,-0.147012
249.38,315.0,-0.130259,-0.149748
251.65,315.0,-0.132921,-0.152188
253.75,315.0,-0.135515,-0.154954
256.03,315.0,-0.137742,-0.157034
258.3,315.0,-0.139354,-0.158645
260.4,315.0,-0.139766,-0.159018
262.68,315.0,-0.13976,-0.158987
264.95,315.0,-0.139803,-0.159002
267.05,315.0,-0.140453,-0.159763
269.15,315.0,-0.14233,-0.161695
271.6,315.0,-0.145195,-0.164486
273.88,315.0,-0.148898,-0.168152
275.98,315.0,-0.153799,-0.172893
278.25,315.0,-0.159076,-0.178192
280.53,315.0,-0.163645,-0.182872
282.63,315.0,-0.168001,-0.187154
284.9,315.0,-0.171565,-0.190586
287.0,315.0,-0.174677,-0.193614
289.45,315.0,-0.178004,-0.197105
291.73,315.0,-0.182083,-0.201063
293.83,315.0,-0.186753,-0.205718
296.1,315.0,-0.192225,-0.211128
298.2,315.0,-0.198694,-0.217447
300.48,315.0,-0.205355,-0.224119
302.75,315.0,-0.21285,-0.231578
304.85,315.0,-0.220626,-0.239264
307.13,315.0,-0.228072,-0.246707
309.4,315.0,-0.235268,-0.253737
311.68,315.0,-0.24159,-0.260204
313.95,315.0,-0.247514,-0.265943
316.05,315.0,-0.252406,-0.270786
318.33,315.0,-0.257074,-0.275583
320.43,315.0,-0.261263,-0.279541
322.7,315.0,-0.264162,-0.282499
324.8,315.0,-0.266907,-0.285197
327.08,315.0,-0.268981,-0.287225
329.35,315.0,-0.270841,-0.289196
331.63,315.0,-0.272708,-0.291026
333.9,315.0,-0.274313,-0.292625
336.18,315.0,-0.274779,-0.29301
338.28,315.0,-0.274649,-0.29289
340.55,315.0,-0.2744,-0.292579
342.65,315.0,-0.274048,-0.292271
344.93,315.0,-0.274624,-0.293047
347.2,315.0,-0.275506,-0.293873
349.3,315.0,-0.276464,-0.294766
351.58,315.0,-0.27728,-0.295607
353.85,315.0,-0.279045,-0.29736
356.13,315.0,-0.281014,-0.299138
358.4,315.0,-0.282856,-0.301088
360.5,315.0,-0.283901,-0.302034
363.13,315.0,-0.284033,-0.302354
365.4,315.0,-0.283078,-0.301368
367.68,315.0,-0.281399,-0.299661
369.78,315.0,-0.279196,-0.2974
372.05,315.0,-0.276858,-0.29513
374.33,315.0,-0.275108,-0.29346
376.43,315.0,-0.273509,-0.291843
378.7,315.0,-0.272101,-0.290416
380.98,315.0,-0.270598,-0.288904
383.08,315.0,-0.268531,-0.286963
385.35,315.0,-0.266328,-0.284584
387.63,315.0,-0.263934,-0.282332
389.73,315.0,-0.262203,-0.280453
392.0,315.0,-0.260287,-0.278688
394.28,315.0,-0.258682,-0.277043
396.38,315.0,-0.256642,-0.275087
398.65,315.0,-0.254212,-0.272659
400.93,315.0,-0.251285,-0.269769
403.2,315.0,-0.248426,-0.266917
405.3,315.0,-0.245315,-0.263891
407.58,315.0,-0.242283,-0.261054
410.03,315.0,-0.239067,-0.257718
412.3,315.0,-0.237003,-0.255629
414.4,315.0,-0.235946,-0.254603
416.68,315.0,-0.236146,-0.254591
419.3,315.0,-0.237718,-0.256461
421.4,315.0,-0.239437,-0.258013
423.68,315.0,-0.241673,-0.26033
425.78,315.0,-0.243626,-0.262265
428.05,315.0,-0.245179,-0.263713
430.33,315.0,-0.245885,-0.264372
432.43,315.0,-0.245857,-0.26435
434.7,315.0,-0.24598,-0.26439
436.8,315.0,-0.246113,-0.264686
439.08,315.0,-0.246236,-0.264886
441.35,315.0,-0.246307,-0.264846
443.63,315.0,-0.246273,-0.264865
445.9,315.0,-0.246288,-0.264794
447.83,315.0,-0.245607,-0.26411
450.28,315.0,-0.244671,-0.263192
452.38,315.0,-0.24277,-0.261365
454.65,315.0,-0.24,-0.258673
456.93,315.0,-0.236981,-0.255493
459.2,315.0,-0.233158,-0.251735
461.48,315.0,-0.229042,-0.247798
463.58,315.0,-0.225367,-0.244107
465.85,315.0,-0.221162,-0.239794
468.13,315.0,-0.217172,-0.235848
470.23,315.0,-0.213854,-0.232594
472.5,315.0,-0.211824,-0.230481
474.6,315.0,-0.210096,-0.228941
476.88,315.0,-0.208648,-0.227487
479.15,315.0,-0.207024,-0.225743
481.43,315.0,-0.205028,-0.223916
483.53,315.0,-0.202619,-0.22127
485.8,315.0,-0.199169,-0.218081
488.08,315.0,-0.194289,-0.21322
490.18,315.0,-0.188854,-0.207804
492.45,315.0,-0.184122,-0.203177
494.55,315.0,-0.179609,-0.198719
496.83,315.0,-0.175312,-0.194375
498.93,315.0,-0.170962,-0.190281
501.2,315.0,-0.166217,-0.185392
503.48,315.0,-0.161883,-0.181131
505.75,315.0,-0.158454,-0.177712
507.85,315.0,-0.154988,-0.174199
510.13,315.0,-0.151541,-0.170845
512.23,315.0,-0.14802,-0.167373
514.5,315.0,-0.143047,-0.162323
516.78,315.0,-0.137881,-0.157172
518.88,315.0,-0.133839,-0.153204
521.15,315.0,-0.130567,-0.149994
523.43,315.0,-0.128121,-0.147533
525.7,315.0,-0.126147,-0.14558
527.8,315.0,-0.12432,-0.143811
530.08,315.0,-0.122832,-0.142305
532.35,315.0,-0.121094,-0.140521
534.45,315.0,-0.119089,-0.138688
536.73,315.0,-0.116834,-0.136359
539.0,315.0,-0.114468,-0.134058
541.1,315.0,-0.112077,-0.131609
543.38,315.0,-0.109843,-0.129474
545.65,315.0,-0.107259,-0.126818
547.75,315.0,-0.104899,-0.124375
550.03,315.0,-0.102819,-0.122413
552.3,315.0,-0.101427,-0.120949
554.4,315.0,-0.100802,-0.120383
556.68,315.0,-0.100802,-0.12033
558.95,315.0,-0.100207,-0.119751
561.05,315.0,-0.098362,-0.118121
563.33,315.0,-0.095765,-0.115416
565.6,315.0,-0.091837,-0.111562
567.7,315.0,-0.087724,-0.107502
569.98,315.0,-0.084502,-0.104261
572.25,315.0,-0.083808,-0.103725
574.35,315.0,-0.08497,-0.104917
576.63,315.0,-0.088476,-0.108257
578.9,315.0,-0.093319,-0.113137
581.18,315.0,-0.097906,-0.117579
583.45,315.0,-0.102327,-0.122012
585.55,315.0,-0.105047,-0.124572
587.83,315.0,-0.105447,-0.125044
590.1,315.0,-0.103824,-0.123328
592.2,315.0,-0.10114,-0.120826
594.48,315.0,-0.098386,-0.11806
596.58,315.0,-0.096581,-0.116162
598.85,315.0,-0.095339,-0.115071
601.13,315.0,-0.094985,-0.114569
603.23,315.0,-0.095728,-0.115343
605.5,315.0,-0.096969,-0.116655
607.6,315.0,-0.098337,-0.118248
610.05,315.0,-0.100062,-0.119853
612.15,315.0,-0.101516,-0.121107
614.43,315.0,-0.102675,-0.122336
616.7,315.0,-0.103821,-0.123482
618.98,315.0,-0.104745,-0.124141
621.08,315.0,-0.105081,-0.124588
623.35,315.0,-0.104153,-0.12379
625.45,315.0,-0.103282,-0.122863
627.73,315.0,-0.101969,-0.121599
630.0,315.0,-0.100786,-0.120441
632.28,315.0,-0.0996,-0.119175
634.55,315.0,-0.098916,-0.11863
636.83,315.0,-0.099169,-0.118879
638.93,315.0,-0.10054,-0.120102
641.2,315.0,-0.102853,-0.122425
643.48,315.0,-0.105768,-0.125413
645.75,315.0,-0.108855,-0.128451
647.85,315.0,-0.111128,-0.130583
650.13,315.0,-0.11342,-0.132983
652.23,315.0,-0.11546,-0.134936
654.5,315.0,-0.116877,-0.136473
656.78,315.0,-0.117893,-0.137474
658.88,315.0,-0.118149,-0.137628
661.15,315.0,-0.117604,-0.136944
663.43,315.0,-0.116698,-0.13618
665.7,315.0,-0.115817,-0.135309
667.8,315.0,-0.115019,-0.134489
670.08,315.0,-0.114126,-0.133667
672.35,315.0,-0.113833,-0.133318
674.63,315.0,-0.114092,-0.1335
676.73,315.0,-0.115244,-0.134791
679.0,315.0,-0.116794,-0.136307
681.28,315.0,-0.118423,-0.137933
683.55,315.0,-0.119776,-0.139314
685.83,315.0,-0.120897,-0.140269
687.93,315.0,-0.121661,-0.141091
690.2,315.0,-0.122071,-0.141556
692.48,315.0,-0.121938,-0.141522
694.75,315.0,-0.121929,-0.141541
696.85,315.0,-0.122099,-0.141485
699.13,315.0,-0.122749,-0.142105
701.23,315.0,-0.123861,-0.143294
703.5,315.0,-0.125574,-0.144967
705.78,315.0,-0.127795,-0.147212
708.05,315.0,-0.130527,-0.149908
710.33,315.0,-0.133503,-0.152906
11.73,350.0,-0.17326,-0.192921
14.0,350.0,-0.169092,-0.188426
16.28,350.0,-0.165287,-0.184742
18.55,350.0,-0.162021,-0.181374
20.83,350.0,-0.159554,-0.178747
22.93,350.0,-0.156926,-0.176116
25.2,350.0,-0.154079,-0.173334
27.48,350.0,-0.150854,-0.170198
29.75,350.0,-0.147388,-0.16679
31.85,350.0,-0.143697,-0.163115
34.13,350.0,-0.140512,-0.159834
36.23,350.0,-0.137807,-0.15712
38.5,350.0,-0.135928,-0.155179
40.78,350.0,-0.133254,-0.152724
42.88,350.0,-0.129908,-0.14931
45.15,350.0,-0.126227,-0.145617
47.43,350.0,-0.122819,-0.142277
49.53,350.0,-0.118593,-0.138217
51.8,350.0,-0.114388,-0.133928
54.08,350.0,-0.110484,-0.130041
56.18,350.0,-0.106535,-0.12631
58.45,350.0,-0.102308,-0.121941
60.73,350.0,-0.097456,-0.117225
62.83,350.0,-0.093069,-0.112764
64.75,350.0,-0.088888,-0.10863
67.38,350.0,-0.085463,-0.105241
69.48,350.0,-0.083094,-0.102998
71.75,350.0,-0.081273,-0.101054
73.85,350.0,-0.079843,-0.099729
76.13,350.0,-0.078479,-0.098405
78.4,350.0,-0.077046,-0.09688
80.68,350.0,-0.075429,-0.095339
82.78,350.0,-0.073648,-0.093402
85.05,350.0,-0.071806,-0.091566
87.33,350.0,-0.070894,-0.090786
89.43,350.0,-0.069683,-0.08964
91.7,350.0,-0.067884,-0.087804
93.8,350.0,-0.066177,-0.086057
96.08,350.0,-0.065755,-0.085555
98.35,350.0,-0.06708,-0.087034
100.45,350.0,-0.069021,-0.088892
102.73,350.0,-0.071331,-0.091214
105.0,350.0,-0.073368,-0.093229
107.28,350.0,-0.075164,-0.094964
109.55,350.0,-0.076258,-0.096057
111.65,350.0,-0.07724,-0.096994
113.93,350.0,-0.078716,-0.098392
116.2,350.0,-0.080561,-0.100481
118.3,350.0,-0.082755,-0.102542
120.58,350.0,-0.084603,-0.104394
122.85,350.0,-0.08671,-0.106522
125.13,350.0,-0.088784,-0.108543
127.23,350.0,-0.089998,-0.109671
129.5,350.0,-0.09005,-0.109689
131.78,350.0,-0.088664,-0.108408
134.05,350.0,-0.086593,-0.106535
136.33,350.0,-0.084579,-0.104372
138.6,350.0,-0.083047,-0.102832
140.7,350.0,-0.081073,-0.100928
142.98,350.0,-0.079803,-0.099502
145.25,350.0,-0.079745,-0.099428
147.35,350.0,-0.081273,-0.10118
149.63,350.0,-0.084135,-0.10399
151.9,350.0,-0.087678,-0.107416
154.18,350.0,-0.091649,-0.111347
156.28,350.0,-0.095364,-0.115176
158.55,350.0,-0.098063,-0.117807
160.83,350.0,-0.099954,-0.119535
162.93,350.0,-0.10041,-0.120108
165.2,350.0,-0.09997,-0.119659
167.48,350.0,-0.099354,-0.119012
169.75,350.0,-0.098291,-0.118029
172.03,350.0,-0.097234,-0.116966
174.3,350.0,-0.096563,-0.116365
176.58,350.0,-0.096144,-0.115835
178.85,350.0,-0.0957,-0.115426
180.95,350.0,-0.096464,-0.116267
183.23,350.0,-0.096843,-0.116673
185.5,350.0,-0.096864,-0.116655
187.6,350.0,-0.09684,-0.11655
189.88,350.0,-0.096097,-0.115811
192.15,350.0,-0.095013,-0.114788
194.25,350.0,-0.093383,-0.113078
196.7,350.0,-0.091137,-0.110777
198.8,350.0,-0.088331,-0.108282
201.08,350.0,-0.085583,-0.105509
203.35,350.0,-0.082789,-0.102684
205.45,350.0,-0.07928,-0.099024
207.73,350.0,-0.075583,-0.095423
210.0,350.0,-0.072493,-0.092407
212.1,350.0,-0.070894,-0.090774
214.38,350.0,-0.069498,-0.089354
216.65,350.0,-0.068728,-0.088676
218.93,350.0,-0.069594,-0.089529
221.03,350.0,-0.072176,-0.092123
223.3,350.0,-0.076886,-0.096695
225.58,350.0,-0.082308,-0.102194
227.85,350.0,-0.086892,-0.106652
229.95,350.0,-0.091433,-0.110999
232.23,350.0,-0.095426,-0.115244
234.5,350.0,-0.099203,-0.118811
236.78,350.0,-0.10277,-0.122465
238.88,350.0,-0.105715,-0.125389
241.15,350.0,-0.108081,-0.127727
243.43,350.0,-0.110469,-0.12997
245.7,350.0,-0.113112,-0.132622
247.8,350.0,-0.116612,-0.136005
250.08,350.0,-0.120349,-0.139806
252.18,350.0,-0.123328,-0.142807
254.45,350.0,-0.125278,-0.144776
256.73,350.0,-0.12647,-0.145974
258.83,350.0,-0.126221,-0.145601
261.1,350.0,-0.125068,-0.144412
263.2,350.0,-0.123513,-0.143035
265.48,350.0,-0.122789,-0.142314
267.75,350.0,-0.122952,-0.142277
269.85,350.0,-0.124129,-0.143645
272.13,350.0,-0.127018,-0.146375
274.4,350.0,-0.130549,-0.150004
276.68,350.0,-0.135136,-0.1546
278.78,350.0,-0.140324,-0.159634
281.4,350.0,-0.147496,-0.166864
283.68,350.0,-0.153451,-0.172745
285.95,350.0,-0.159289,-0.178482
288.05,350.0,-0.163682,-0.182875
290.33,350.0,-0.168362,-0.187468
292.6,350.0,-0.172542,-0.191522
294.88,350.0,-0.176334,-0.195481
296.98,350.0,-0.18102,-0.199997
299.25,350.0,-0.185986,-0.20496
301.53,350.0,-0.191008,-0.209874
303.8,350.0,-0.196898,-0.215869
305.9,350.0,-0.202678,-0.221362
308.18,350.0,-0.209052,-0.227724
310.28,350.0,-0.215278,-0.233907
312.55,350.0,-0.221726,-0.240324
314.65,350.0,-0.227875,-0.246504
316.93,350.0,-0.233922,-0.252554
319.2,350.0,-0.239236,-0.257773
321.48,350.0,-0.244498,-0.263063
323.58,350.0,-0.249292,-0.267662
325.85,350.0,-0.253155,-0.271685
327.95,350.0,-0.256695,-0.275167
330.4,350.0,-0.259175,-0.277576
332.5,350.0,-0.260425,-0.278802
334.78,350.0,-0.260019,-0.27842
337.05,350.0,-0.258364,-0.276756
339.33,350.0,-0.256359,-0.274732
341.6,350.0,-0.253901,-0.272332
343.7,350.0,-0.251544,-0.270238
345.98,350.0,-0.24972,-0.268312
348.25,350.0,-0.24821,-0.266639
350.35,350.0,-0.247419,-0.265906
352.63,350.0,-0.247641,-0.266279
354.9,350.0,-0.248851,-0.267357
357.18,350.0,-0.250345,-0.268901
359.28,350.0,-0.251171,-0.269763
361.55,350.0,-0.251766,-0.270271
363.83,350.0,-0.251396,-0.269936
365.93,350.0,-0.250928,-0.269424
368.2,350.0,-0.249652,-0.268167
370.48,350.0,-0.248491,-0.267074
372.58,350.0,-0.247329,-0.265931
374.85,350.0,-0.246402,-0.264966
377.13,350.0,-0.245435,-0.264015
379.23,350.0,-0.244249,-0.262813
381.5,350.0,-0.242678,-0.261337
383.78,350.0,-0.239923,-0.25858
386.05,350.0,-0.236877,-0.255638
388.33,350.0,-0.233177,-0.251796
390.43,350.0,-0.229313,-0.248084
393.05,350.0,-0.225533,-0.244292
395.33,350.0,-0.22232,-0.240977
397.43,350.0,-0.219082,-0.238019
399.7,350.0,-0.216106,-0.234856
402.15,350.0,-0.213155,-0.231873
404.43,350.0,-0.210823,-0.229615
406.7,350.0,-0.209033,-0.227976
408.8,350.0,-0.208291,-0.227077
411.08,350.0,-0.208676,-0.227437
413.35,350.0,-0.209905,-0.228589
415.63,350.0,-0.211544,-0.230259
417.73,350.0,-0.213272,-0.231907
420.0,350.0,-0.214726,-0.233445
422.28,350.0,-0.216374,-0.235102
424.55,350.0,-0.217551,-0.236202
426.65,350.0,-0.2181,-0.236886
428.93,350.0,-0.218183,-0.236917
431.2,350.0,-0.218146,-0.23691
433.3,350.0,-0.218229,-0.236991
435.58,350.0,-0.218577,-0.237222
437.85,350.0,-0.218269,-0.237003
440.13,350.0,-0.217804,-0.236565
442.23,350.0,-0.216867,-0.235641
444.5,350.0,-0.215364,-0.234159
446.6,350.0,-0.213472,-0.232265
448.7,350.0,-0.211679,-0.230382
451.15,350.0,-0.20887,-0.227693
453.25,350.0,-0.205644,-0.224504
455.53,350.0,-0.202428,-0.221328
457.8,350.0,-0.199742,-0.218639
459.9,350.0,-0.196886,-0.215694
462.18,350.0,-0.193941,-0.212773
464.28,350.0,-0.191384,-0.210287
466.55,350.0,-0.189002,-0.208001
468.83,350.0,-0.187003,-0.206023
470.93,350.0,-0.185124,-0.204048
473.2,350.0,-0.183007,-0.202095
475.48,350.0,-0.181356,-0.20053
477.75,350.0,-0.179951,-0.198996
479.85,350.0,-0.178454,-0.19748
482.13,350.0,-0.175946,-0.194982
484.23,350.0,-0.172878,-0.192009
486.5,350.0,-0.168993,-0.188278
488.78,350.0,-0.165355,-0.184588
491.05,350.0,-0.162314,-0.181525
493.15,350.0,-0.160096,-0.179252
495.6,350.0,-0.157175,-0.176405
497.88,350.0,-0.154178,-0.173383
500.15,350.0,-0.151153,-0.17033
502.43,350.0,-0.14875,-0.167983
504.53,350.0,-0.146966,-0.166439
506.8,350.0,-0.144332,-0.163611
509.08,350.0,-0.140281,-0.1596
511.35,350.0,-0.135034,-0.154557
513.45,350.0,-0.129135,-0.148657
515.73,350.0,-0.12403,-0.143577
518.0,350.0,-0.120509,-0.139899
520.1,350.0,-0.11736,-0.136855
522.38,350.0,-0.115155,-0.134692
524.65,350.0,-0.113753,-0.133454
526.93,350.0,-0.113069,-0.132681
529.03,350.0,-0.112665,-0.13233
531.3,350.0,-0.112385,-0.131917
533.58,350.0,-0.112009,-0.131569
535.85,350.0,-0.111147,-0.130777
537.95,350.0,-0.110373,-0.12993
540.23,350.0,-0.109323,-0.128913
542.5,350.0,-0.108146,-0.127724
544.78,350.0,-0.107139,-0.126806
546.88,350.0,-0.106002,-0.125688
549.15,350.0,-0.104683,-0.12419
551.25,350.0,-0.102918,-0.122484
553.53,350.0,-0.100607,-0.120173
555.63,350.0,-0.097804,-0.117551
557.9,350.0,-0.095863,-0.115604
560.18,350.0,-0.094233,-0.113919
562.45,350.0,-0.09334,-0.113069
564.55,350.0,-0.092151,-0.111892
566.83,350.0,-0.089523,-0.109249
568.93,350.0,-0.085158,-0.104991
571.2,350.0,-0.080269,-0.10021
573.48,350.0,-0.075675,-0.095537
575.58,350.0,-0.072866,-0.09273
577.85,350.0,-0.07216,-0.092
579.95,350.0,-0.073978,-0.093885
582.23,350.0,-0.077518,-0.097422
584.5,350.0,-0.08228,-0.102089
586.6,350.0,-0.086144,-0.105872
588.88,350.0,-0.089193,-0.108987
591.15,350.0,-0.091267,-0.110903
593.25,350.0,-0.092336,-0.111917
595.53,350.0,-0.092277,-0.112006
597.63,350.0,-0.09135,-0.111066
599.9,350.0,-0.089246,-0.109027
602.0,350.0,-0.086569,-0.106319
604.28,350.0,-0.084052,-0.103975
606.55,350.0,-0.081365,-0.101221
608.83,350.0,-0.079083,-0.099009
610.93,350.0,-0.077508,-0.097339
613.2,350.0,-0.076621,-0.096467
615.48,350.0,-0.076199,-0.096073
617.58,350.0,-0.076328,-0.096227
619.85,350.0,-0.0766,-0.096381
622.13,350.0,-0.076978,-0.096821
624.23,350.0,-0.077912,-0.097693
626.5,350.0,-0.078916,-0.098753
628.78,350.0,-0.079671,-0.099511
630.88,350.0,-0.080805,-0.100629
633.15,350.0,-0.08225,-0.101988
635.25,350.0,-0.084123,-0.103956
637.7,350.0,-0.086335,-0.10619
639.98,350.0,-0.088793,-0.10866
642.25,350.0,-0.091023,-0.110811
644.53,350.0,-0.093288,-0.113026
646.63,350.0,-0.095762,-0.11566
648.9,350.0,-0.098069,-0.117887
651.18,350.0,-0.101002,-0.120549
653.28,350.0,-0.103596,-0.123081
655.55,350.0,-0.105586,-0.125142
657.65,350.0,-0.107345,-0.127049
659.93,350.0,-0.108996,-0.128602
662.2,350.0,-0.110413,-0.129951
664.3,350.0,-0.111513,-0.13119
666.58,350.0,-0.113155,-0.132838
668.85,350.0,-0.114717,-0.134169
670.95,350.0,-0.11607,-0.135527
673.23,350.0,-0.116661,-0.13623
675.5,350.0,-0.116636,-0.136187
677.6,350.0,-0.115281,-0.134757
679.88,350.0,-0.112792,-0.132373
682.15,350.0,-0.110139,-0.129782
684.25,350.0,-0.106787,-0.126267
686.53,350.0,-0.103651,-0.123217
688.63,350.0,-0.101011,-0.120574
690.9,350.0,-0.099249,-0.118941
693.18,350.0,-0.09924,-0.118895
695.28,350.0,-0.100543,-0.120105
697.55,350.0,-0.102949,-0.122533
699.83,350.0,-0.106134,-0.125657
702.1,350.0,-0.1098,-0.129431
704.38,350.0,-0.113405,-0.132866
706.65,350.0,-0.117046,-0.136538
708.75,350.0,-0.120148,-0.139717
711.03,350.0,-0.122946,-0.142434
11.9,385.0,-0.123429,-0.143725
14.18,385.0,-0.118469,-0.1381
16.63,385.0,-0.113257,-0.132958
18.73,385.0,-0.109717,-0.129332
21.0,385.0,-0.106273,-0.125934
23.28,385.0,-0.103155,-0.122903
25.55,385.0,-0.100075,-0.119696
27.83,385.0,-0.097172,-0.117012
29.93,385.0,-0.094625,-0.114434
32.2,385.0,-0.092105,-0.1118
34.3,385.0,-0.089369,-0.109178
36.58,385.0,-0.08675,-0.106535
38.85,385.0,-0.084043,-0.103938
41.13,385.0,-0.081211,-0.101221
43.23,385.0,-0.078716,-0.098571
45.5,385.0,-0.076516,-0.09639
47.6,385.0,-0.075019,-0.094868
49.88,385.0,-0.073781,-0.093713
52.15,385.0,-0.072896,-0.092786
54.25,385.0,-0.072148,-0.09212
56.53,385.0,-0.07135,-0.091322
58.8,385.0,-0.071353,-0.091331
61.08,385.0,-0.071405,-0.091285
63.18,385.0,-0.071482,-0.091279
65.45,385.0,-0.070229,-0.090034
67.73,385.0,-0.068242,-0.088134
69.83,385.0,-0.06627,-0.086217
72.1,385.0,-0.06456,-0.08452
74.38,385.0,-0.062154,-0.082031
76.48,385.0,-0.059283,-0.079283
78.75,385.0,-0.057875,-0.077789
81.03,385.0,-0.057527,-0.077505
83.13,385.0,-0.058017,-0.077967
85.23,385.0,-0.058753,-0.078753
87.68,385.0,-0.060808,-0.080774
89.78,385.0,-0.063251,-0.083217
92.05,385.0,-0.065836,-0.08586
94.33,385.0,-0.068081,-0.088075
96.43,385.0,-0.070358,-0.090192
98.7,385.0,-0.072687,-0.092644
100.98,385.0,-0.07631,-0.096205
103.25,385.0,-0.080521,-0.100272
105.53,385.0,-0.084403,-0.104237
107.8,385.0,-0.088719,-0.108368
109.9,385.0,-0.092511,-0.112132
112.35,385.0,-0.094847,-0.114742
114.63,385.0,-0.095229,-0.11489
116.73,385.0,-0.094181,-0.11379
119.0,385.0,-0.092903,-0.112631
121.28,385.0,-0.091868,-0.111717
123.55,385.0,-0.091868,-0.111507
125.65,385.0,-0.092188,-0.11196
127.93,385.0,-0.093972,-0.113682
130.03,385.0,-0.097542,-0.11729
132.3,385.0,-0.102977,-0.122641
134.58,385.0,-0.108882,-0.128411
136.85,385.0,-0.113827,-0.133359
138.95,385.0,-0.118226,-0.137656
141.23,385.0,-0.121239,-0.140734
143.5,385.0,-0.123251,-0.142705
145.78,385.0,-0.124224,-0.143704
147.88,385.0,-0.125312,-0.144732
150.15,385.0,-0.126455,-0.145925
152.43,385.0,-0.127231,-0.146599
154.7,385.0,-0.127952,-0.147308
156.8,385.0,-0.127961,-0.147323
159.08,385.0,-0.127958,-0.147333
161.35,385.0,-0.127216,-0.146686
163.63,385.0,-0.125851,-0.145361
165.73,385.0,-0.123876,-0.143362
168.0,385.0,-0.121153,-0.140758
170.28,385.0,-0.117635,-0.13704
172.55,385.0,-0.113596,-0.133245
174.83,385.0,-0.109662,-0.129196
176.93,385.0,-0.105059,-0.124785
179.2,385.0,-0.100232,-0.11989
181.48,385.0,-0.095709,-0.115423
183.58,385.0,-0.090555,-0.110321
185.85,385.0,-0.085564,-0.105386
188.13,385.0,-0.08147,-0.101328
190.23,385.0,-0.07798,-0.097989
192.5,385.0,-0.075728,-0.095512
194.6,385.0,-0.074606,-0.094403
196.88,385.0,-0.074421,-0.094307
199.15,385.0,-0.07538,-0.095259
201.43,385.0,-0.077296,-0.097092
203.53,385.0,-0.07948,-0.0994
205.8,385.0,-0.082348,-0.102388
208.08,385.0,-0.085195,-0.105133
210.35,385.0,-0.088725,-0.108531
212.63,385.0,-0.092625,-0.112249
214.73,385.0,-0.096855,-0.116603
217.0,385.0,-0.101344,-0.120943
219.1,385.0,-0.105284,-0.124939
221.38,385.0,-0.107647,-0.127157
223.65,385.0,-0.108106,-0.127693
225.75,385.0,-0.10745,-0.126985
228.03,385.0,-0.106566,-0.126168
230.13,385.0,-0.106593,-0.126224
232.4,385.0,-0.106932,-0.126519
234.68,385.0,-0.108325,-0.127915
236.95,385.0,-0.11037,-0.130016
239.05,385.0,-0.112481,-0.132139
241.33,385.0,-0.115216,-0.134794
243.43,385.0,-0.117644,-0.137142
245.7,385.0,-0.119015,-0.13855
247.98,385.0,-0.119615,-0.139033
250.08,385.0,-0.119803,-0.13928
252.18,385.0,-0.121113,-0.140564
254.45,385.0,-0.12358,-0.143087
256.73,385.0,-0.127231,-0.146723
259.0,385.0,-0.131781,-0.151205
261.1,385.0,-0.136042,-0.155472
263.38,385.0,-0.139289,-0.158623
265.48,385.0,-0.141698,-0.161014
267.75,385.0,-0.143466,-0.162699
270.03,385.0,-0.144751,-0.164039
272.3,385.0,-0.144144,-0.163497
274.4,385.0,-0.14172,-0.161085
276.68,385.0,-0.139126,-0.158435
278.95,385.0,-0.137533,-0.156981
281.05,385.0,-0.137875,-0.157262
283.33,385.0,-0.13992,-0.15924
285.6,385.0,-0.143149,-0.162471
287.88,385.0,-0.147884,-0.167043
289.98,385.0,-0.153747,-0.173029
292.25,385.0,-0.160906,-0.180084
294.53,385.0,-0.167773,-0.186886
296.8,385.0,-0.173901,-0.192939
298.9,385.0,-0.178771,-0.197742
301.18,385.0,-0.182915,-0.201843
303.45,385.0,-0.186787,-0.205755
305.55,385.0,-0.190158,-0.209018
307.83,385.0,-0.193207,-0.212058
310.1,385.0,-0.195983,-0.21497
312.2,385.0,-0.199172,-0.218112
314.48,385.0,-0.202641,-0.221399
316.75,385.0,-0.2074,-0.226168
318.85,385.0,-0.212616,-0.231211
321.13,385.0,-0.217277,-0.235974
323.4,385.0,-0.221793,-0.240389
325.5,385.0,-0.225792,-0.244427
327.6,385.0,-0.229452,-0.248214
330.05,385.0,-0.233512,-0.252064
332.15,385.0,-0.237604,-0.256183
334.43,385.0,-0.241005,-0.259606
336.7,385.0,-0.244535,-0.263063
338.8,385.0,-0.247545,-0.265955
341.08,385.0,-0.250031,-0.268663
343.35,385.0,-0.251769,-0.270213
345.45,385.0,-0.253478,-0.271898
347.73,385.0,-0.254061,-0.272573
350.0,385.0,-0.253984,-0.272536
352.1,385.0,-0.253334,-0.27188
354.38,385.0,-0.252218,-0.270709
356.65,385.0,-0.251254,-0.269729
358.75,385.0,-0.250512,-0.269088
361.03,385.0,-0.249175,-0.267705
363.3,385.0,-0.247385,-0.265992
365.4,385.0,-0.245536,-0.264147
367.68,385.0,-0.243571,-0.262166
369.95,385.0,-0.241476,-0.260179
372.05,385.0,-0.239193,-0.257939
374.33,385.0,-0.23724,-0.255875
376.6,385.0,-0.234791,-0.253454
378.7,385.0,-0.232838,-0.251495
380.98,385.0,-0.230746,-0.249316
383.08,385.0,-0.228442,-0.247194
385.35,385.0,-0.225986,-0.244652
387.63,385.0,-0.223611,-0.242289
389.73,385.0,-0.220848,-0.239652
392.0,385.0,-0.218007,-0.23675
394.63,385.0,-0.214554,-0.233398
396.73,385.0,-0.212024,-0.230829
399.0,385.0,-0.209717,-0.228389
401.28,385.0,-0.207807,-0.226701
403.38,385.0,-0.2061,-0.224942
405.65,385.0,-0.20431,-0.223118
407.93,385.0,-0.202305,-0.221048
410.2,385.0,-0.200071,-0.219024
412.3,385.0,-0.197764,-0.216664
414.58,385.0,-0.195456,-0.214381
416.85,385.0,-0.193013,-0.212031
419.13,385.0,-0.191103,-0.210127
421.23,385.0,-0.189504,-0.208445
423.5,385.0,-0.187813,-0.20692
425.78,385.0,-0.186384,-0.205469
428.05,385.0,-0.1844,-0.203429
430.33,385.0,-0.182024,-0.201029
432.43,385.0,-0.179618,-0.198639
434.7,385.0,-0.177533,-0.196612
436.98,385.0,-0.175996,-0.195191
439.08,385.0,-0.175016,-0.194199
441.53,385.0,-0.174344,-0.193516
443.63,385.0,-0.173981,-0.193207
445.9,385.0,-0.173667,-0.192733
448.18,385.0,-0.172693,-0.191843
450.28,385.0,-0.17196,-0.191202
452.55,385.0,-0.171057,-0.190358
454.83,385.0,-0.169347,-0.188549
456.93,385.0,-0.166294,-0.18541
459.2,385.0,-0.162169,-0.181513
461.3,385.0,-0.158451,-0.177594
463.58,385.0,-0.154936,-0.174129
465.85,385.0,-0.152487,-0.17163
467.95,385.0,-0.150968,-0.170124
470.23,385.0,-0.150041,-0.16931
472.5,385.0,-0.148987,-0.168232
474.78,385.0,-0.148007,-0.167302
476.88,385.0,-0.146874,-0.166217
479.15,385.0,-0.146002,-0.165346
481.43,385.0,-0.144924,-0.164249
483.7,385.0,-0.143574,-0.162893
485.8,385.0,-0.14143,-0.160703
488.08,385.0,-0.138328,-0.157653
490.35,385.0,-0.134606,-0.153972
492.63,385.0,-0.130349,-0.15005
494.73,385.0,-0.127083,-0.146609
497.0,385.0,-0.125235,-0.144597
499.28,385.0,-0.12501,-0.1444
501.55,385.0,-0.126633,-0.14607
503.65,385.0,-0.128642,-0.14809
505.93,385.0,-0.130207,-0.149665
508.03,385.0,-0.130897,-0.15033
510.3,385.0,-0.130564,-0.150059
512.58,385.0,-0.129847,-0.14919
514.68,385.0,-0.129079,-0.14842
516.95,385.0,-0.127893,-0.147268
519.23,385.0,-0.125946,-0.145389
521.5,385.0,-0.123334,-0.142826
523.78,385.0,-0.119532,-0.13919
526.05,385.0,-0.115432,-0.13497
528.15,385.0,-0.111449,-0.131051
530.43,385.0,-0.108198,-0.127856
532.53,385.0,-0.10492,-0.1246
534.8,385.0,-0.101615,-0.121251
536.9,385.0,-0.098226,-0.11805
539.18,385.0,-0.095571,-0.115379
541.45,385.0,-0.092816,-0.11253
543.73,385.0,-0.090007,-0.109914
545.83,385.0,-0.087373,-0.107111
548.1,385.0,-0.084631,-0.104563
550.2,385.0,-0.082638,-0.102484
552.48,385.0,-0.080278,-0.100016
554.75,385.0,-0.077918,-0.097844
557.03,385.0,-0.075512,-0.095441
559.13,385.0,-0.072974,-0.092893
561.4,385.0,-0.070688,-0.090567
563.5,385.0,-0.068242,-0.088214
565.78,385.0,-0.066883,-0.086766
568.05,385.0,-0.066091,-0.085962
570.33,385.0,-0.06606,-0.086023
572.43,385.0,-0.066094,-0.086014
574.7,385.0,-0.066791,-0.08672
576.8,385.0,-0.067545,-0.087484
579.08,385.0,-0.067983,-0.087875
581.35,385.0,-0.068007,-0.087838
583.45,385.0,-0.067644,-0.087502
585.73,385.0,-0.066978,-0.086809
588.0,385.0,-0.066523,-0.086393
590.1,385.0,-0.066834,-0.086794
592.38,385.0,-0.067955,-0.088014
594.65,385.0,-0.07041,-0.090423
596.75,385.0,-0.073223,-0.093211
599.03,385.0,-0.077456,-0.097357
601.3,385.0,-0.082028,-0.101883
603.4,385.0,-0.086325,-0.106165
605.68,385.0,-0.090894,-0.110694
607.95,385.0,-0.095115,-0.114819
610.05,385.0,-0.098297,-0.118152
612.33,385.0,-0.101489,-0.121143
614.43,385.0,-0.103947,-0.12363
616.7,385.0,-0.105493,-0.125176
618.98,385.0,-0.10655,-0.12619
621.25,385.0,-0.10696,-0.126556
623.35,385.0,-0.107444,-0.127034
625.63,385.0,-0.108072,-0.127779
627.9,385.0,-0.109243,-0.12883
630.0,385.0,-0.110302,-0.129905
632.45,385.0,-0.110728,-0.13042
634.55,385.0,-0.111569,-0.131162
636.83,385.0,-0.112363,-0.131929
639.1,385.0,-0.113158,-0.132708
641.2,385.0,-0.113987,-0.133516
643.48,385.0,-0.114976,-0.134634
645.75,385.0,-0.115839,-0.135346
647.85,385.0,-0.116834,-0.136322
650.13,385.0,-0.117536,-0.137117
652.4,385.0,-0.118121,-0.137622
654.5,385.0,-0.118509,-0.138069
656.78,385.0,-0.119141,-0.138688
658.88,385.0,-0.119631,-0.139233
661.15,385.0,-0.120124,-0.139585
663.43,385.0,-0.120025,-0.139557
665.53,385.0,-0.120426,-0.139991
667.8,385.0,-0.120444,-0.140004
669.9,385.0,-0.120497,-0.140019
672.18,385.0,-0.119788,-0.13923
674.45,385.0,-0.118858,-0.138245
676.73,385.0,-0.117514,-0.137037
679.0,385.0,-0.116221,-0.135721
681.28,385.0,-0.115192,-0.134742
683.38,385.0,-0.114314,-0.133836
685.65,385.0,-0.113895,-0.133402
687.75,385.0,-0.113436,-0.13301
690.03,385.0,-0.111944,-0.131489
692.3,385.0,-0.108633,-0.128359
694.58,385.0,-0.102758,-0.122388
696.68,385.0,-0.096418,-0.116202
698.95,385.0,-0.090518,-0.110336
701.23,385.0,-0.086741,-0.106562
703.33,385.0,-0.0855,-0.105339
705.6,385.0,-0.086288,-0.106091
707.88,385.0,-0.087881,-0.107662
709.98,385.0,-0.089729,-0.109535
11.55,420.0,-0.081584,-0.102179
13.83,420.0,-0.081181,-0.10119
15.93,420.0,-0.081526,-0.101485
18.38,420.0,-0.082246,-0.102283
20.48,420.0,-0.083466,-0.103417
22.75,420.0,-0.08488,-0.104686
25.03,420.0,-0.08667,-0.106578
27.13,420.0,-0.087995,-0.107801
29.4,420.0,-0.088337,-0.108146
31.5,420.0,-0.08712,-0.106874
33.78,420.0,-0.084865,-0.104689
36.05,420.0,-0.082656,-0.102459
38.15,420.0,-0.08074,-0.1005
40.43,420.0,-0.079471,-0.099224
42.7,420.0,-0.078482,-0.098433
44.98,420.0,-0.077715,-0.097628
47.25,420.0,-0.076535,-0.096359
49.35,420.0,-0.074625,-0.094566
51.63,420.0,-0.072327,-0.092286
53.9,420.0,-0.070472,-0.09038
56.0,420.0,-0.068996,-0.089049
58.28,420.0,-0.067912,-0.087989
60.55,420.0,-0.066482,-0.086405
62.83,420.0,-0.065386,-0.085207
65.1,420.0,-0.065358,-0.085306
67.38,420.0,-0.066868,-0.086874
69.48,420.0,-0.069369,-0.089181
71.75,420.0,-0.072185,-0.092049
74.03,420.0,-0.07493,-0.094677
76.3,420.0,-0.077197,-0.097095
78.4,420.0,-0.078975,-0.098818
80.68,420.0,-0.081107,-0.100879
82.95,420.0,-0.084089,-0.103981
85.05,420.0,-0.087595,-0.107422
87.33,420.0,-0.092228,-0.111926
89.43,420.0,-0.096504,-0.116245
91.88,420.0,-0.100497,-0.120071
93.98,420.0,-0.104237,-0.123848
96.25,420.0,-0.106757,-0.126393
98.53,420.0,-0.107317,-0.127031
100.8,420.0,-0.105755,-0.125364
102.9,420.0,-0.102582,-0.12224
105.18,420.0,-0.099452,-0.119101
107.28,420.0,-0.097481,-0.117228
109.55,420.0,-0.097228,-0.116991
111.83,420.0,-0.097508,-0.117194
114.1,420.0,-0.099369,-0.119246
116.2,420.0,-0.103158,-0.122764
118.48,420.0,-0.108371,-0.127872
120.75,420.0,-0.114258,-0.13379
122.85,420.0,-0.120629,-0.140053
125.13,420.0,-0.125765,-0.145158
127.4,420.0,-0.12992,-0.14944
129.5,420.0,-0.132998,-0.152484
131.78,420.0,-0.135361,-0.1548
133.88,420.0,-0.136846,-0.15618
136.15,420.0,-0.138577,-0.157909
138.43,420.0,-0.140265,-0.159548
140.7,420.0,-0.141757,-0.161106
142.98,420.0,-0.142739,-0.161954
145.25,420.0,-0.142625,-0.162055
147.35,420.0,-0.141911,-0.16114
149.63,420.0,-0.139856,-0.15923
151.9,420.0,-0.136301,-0.155706
154.18,420.0,-0.132086,-0.151448
156.45,420.0,-0.128189,-0.147588
158.73,420.0,-0.126076,-0.145441
160.83,420.0,-0.125657,-0.145056
163.1,420.0,-0.126482,-0.145894
165.38,420.0,-0.126843,-0.146307
167.65,420.0,-0.126011,-0.145487
169.75,420.0,-0.124082,-0.143488
172.03,420.0,-0.121784,-0.141359
174.3,420.0,-0.119141,-0.13866
176.4,420.0,-0.116855,-0.136316
178.68,420.0,-0.115558,-0.134917
180.95,420.0,-0.115105,-0.134668
183.23,420.0,-0.115108,-0.134631
185.33,420.0,-0.115558,-0.135087
187.6,420.0,-0.116347,-0.135971
190.05,420.0,-0.117363,-0.137058
192.33,420.0,-0.118704,-0.138306
194.43,420.0,-0.120111,-0.139588
196.88,420.0,-0.121464,-0.140909
198.98,420.0,-0.122551,-0.142092
201.08,420.0,-0.123497,-0.143035
203.35,420.0,-0.124578,-0.144039
205.63,420.0,-0.124976,-0.144421
207.9,420.0,-0.125379,-0.14489
210.0,420.0,-0.125404,-0.144825
212.28,420.0,-0.125678,-0.145133
214.38,420.0,-0.125802,-0.14521
216.65,420.0,-0.125681,-0.145216
218.93,420.0,-0.126116,-0.145555
221.03,420.0,-0.127373,-0.146812
223.3,420.0,-0.12911,-0.148593
225.4,420.0,-0.131005,-0.150447
227.68,420.0,-0.132665,-0.152049
229.95,420.0,-0.13367,-0.153109
232.23,420.0,-0.134203,-0.15363
234.33,420.0,-0.134856,-0.154409
236.6,420.0,-0.135891,-0.155278
238.88,420.0,-0.136618,-0.156045
241.15,420.0,-0.13679,-0.15606
243.43,420.0,-0.13631,-0.155721
245.53,420.0,-0.135783,-0.155136
247.8,420.0,-0.134865,-0.154381
250.08,420.0,-0.135635,-0.155016
252.18,420.0,-0.137025,-0.15651
254.45,420.0,-0.139754,-0.159098
256.73,420.0,-0.143208,-0.16248
259.0,420.0,-0.146566,-0.165838
261.1,420.0,-0.149551,-0.168771
263.38,420.0,-0.152616,-0.171793
265.65,420.0,-0.155493,-0.174649
267.93,420.0,-0.157875,-0.177182
270.03,420.0,-0.159711,-0.178867
272.3,420.0,-0.16098,-0.180188
274.58,420.0,-0.161547,-0.180703
276.68,420.0,-0.161951,-0.181196
278.95,420.0,-0.161162,-0.180392
281.23,420.0,-0.159717,-0.178901
283.5,420.0,-0.156778,-0.175949
285.95,420.0,-0.153399,-0.172681
288.23,420.0,-0.151932,-0.17119
290.5,420.0,-0.152521,-0.171701
292.6,420.0,-0.154856,-0.174027
294.88,420.0,-0.15932,-0.178525
296.98,420.0,-0.164113,-0.183288
299.25,420.0,-0.170632,-0.189726
301.53,420.0,-0.176824,-0.195891
303.8,420.0,-0.183026,-0.202117
306.08,420.0,-0.187557,-0.206498
308.18,420.0,-0.19167,-0.210635
310.45,420.0,-0.19517,-0.214113
312.55,420.0,-0.198124,-0.217028
314.83,420.0,-0.200829,-0.219618
317.1,420.0,-0.203975,-0.222785
319.38,420.0,-0.207031,-0.225798
321.48,420.0,-0.209936,-0.228666
323.75,420.0,-0.212711,-0.231341
326.03,420.0,-0.214899,-0.23358
328.3,420.0,-0.217573,-0.236368
330.58,420.0,-0.220669,-0.239412
333.03,420.0,-0.22382,-0.2426
335.3,420.0,-0.226504,-0.245191
337.4,420.0,-0.22927,-0.247896
339.68,420.0,-0.231664,-0.250281
341.78,420.0,-0.233734,-0.252255
344.05,420.0,-0.235068,-0.25362
346.33,420.0,-0.235564,-0.254187
348.6,420.0,-0.235533,-0.254144
350.88,420.0,-0.235583,-0.254249
353.15,420.0,-0.235546,-0.254048
355.25,420.0,-0.235601,-0.254132
357.53,420.0,-0.234853,-0.253383
359.8,420.0,-0.233303,-0.251883
361.9,420.0,-0.231328,-0.250022
364.18,420.0,-0.228771,-0.247406
366.28,420.0,-0.225992,-0.24472
368.55,420.0,-0.223137,-0.241753
370.83,420.0,-0.219578,-0.238426
373.1,420.0,-0.215715,-0.234535
375.2,420.0,-0.211636,-0.230416
377.48,420.0,-0.206772,-0.225672
379.75,420.0,-0.201729,-0.220687
381.85,420.0,-0.197561,-0.216405
384.13,420.0,-0.193411,-0.21245
386.58,420.0,-0.191017,-0.209945
389.03,420.0,-0.189015,-0.208056
391.3,420.0,-0.18789,-0.20683
393.4,420.0,-0.186991,-0.20594
395.68,420.0,-0.186612,-0.20557
397.95,420.0,-0.186143,-0.205247
400.23,420.0,-0.185398,-0.204421
402.33,420.0,-0.184335,-0.203377
404.6,420.0,-0.182705,-0.201824
406.88,420.0,-0.180845,-0.199914
409.33,420.0,-0.178928,-0.19802
411.6,420.0,-0.177733,-0.196821
413.88,420.0,-0.177015,-0.19618
416.15,420.0,-0.177283,-0.196507
418.08,420.0,-0.177819,-0.196904
420.53,420.0,-0.178272,-0.197379
422.8,420.0,-0.178928,-0.197927
424.9,420.0,-0.179341,-0.198398
427.18,420.0,-0.179736,-0.198633
429.28,420.0,-0.179797,-0.198703
431.55,420.0,-0.179668,-0.198623
433.83,420.0,-0.179018,-0.198063
435.93,420.0,-0.177145,-0.196337
438.2,420.0,-0.173928,-0.193001
440.48,420.0,-0.169012,-0.188189
442.58,420.0,-0.163663,-0.182943
444.85,420.0,-0.159277,-0.17846
447.13,420.0,-0.155752,-0.174994
449.4,420.0,-0.153645,-0.172807
451.5,420.0,-0.1531,-0.172286
453.78,420.0,-0.153442,-0.172656
456.05,420.0,-0.154523,-0.173817
458.15,420.0,-0.155623,-0.174871
460.43,420.0,-0.156516,-0.175672
462.7,420.0,-0.15594,-0.175201
464.98,420.0,-0.155404,-0.174692
467.25,420.0,-0.154569,-0.173682
469.53,420.0,-0.153312,-0.172471
471.63,420.0,-0.151812,-0.171005
473.9,420.0,-0.150105,-0.16931
476.18,420.0,-0.148623,-0.167859
478.45,420.0,-0.146489,-0.165792
480.55,420.0,-0.143201,-0.162487
482.83,420.0,-0.139628,-0.159036
484.93,420.0,-0.136861,-0.156227
487.2,420.0,-0.13574,-0.155084
489.3,420.0,-0.135832,-0.155201
491.58,420.0,-0.13712,-0.156433
493.85,420.0,-0.139615,-0.159027
496.13,420.0,-0.142647,-0.161864
498.23,420.0,-0.145044,-0.164403
500.5,420.0,-0.146023,-0.165429
502.6,420.0,-0.146122,-0.165432
504.88,420.0,-0.145641,-0.164951
507.15,420.0,-0.144511,-0.163805
509.43,420.0,-0.142903,-0.162151
511.7,420.0,-0.14086,-0.160232
513.8,420.0,-0.138482,-0.157933
516.08,420.0,-0.136066,-0.155435
518.18,420.0,-0.133762,-0.153167
520.45,420.0,-0.131063,-0.150629
522.73,420.0,-0.128423,-0.148007
524.83,420.0,-0.12586,-0.145379
527.1,420.0,-0.12363,-0.143041
529.38,420.0,-0.121593,-0.141125
531.48,420.0,-0.119116,-0.138565
533.75,420.0,-0.11639,-0.135888
536.03,420.0,-0.113682,-0.133248
538.13,420.0,-0.110805,-0.13054
540.4,420.0,-0.108211,-0.127878
542.68,420.0,-0.105189,-0.124877
544.95,420.0,-0.102182,-0.12188
547.05,420.0,-0.099902,-0.119606
549.33,420.0,-0.097835,-0.117631
551.6,420.0,-0.096341,-0.116165
553.7,420.0,-0.094612,-0.114375
555.98,420.0,-0.093331,-0.113112
558.25,420.0,-0.09212,-0.111935
560.35,420.0,-0.091048,-0.110835
562.63,420.0,-0.089877,-0.109791
564.9,420.0,-0.08915,-0.108892
567.0,420.0,-0.087986,-0.107866
569.28,420.0,-0.086667,-0.106516
571.55,420.0,-0.08509,-0.104924
573.83,420.0,-0.083482,-0.103485
575.93,420.0,-0.081794,-0.10164
578.2,420.0,-0.08038,-0.100278
580.3,420.0,-0.079948,-0.099699
582.58,420.0,-0.079699,-0.0996
584.85,420.0,-0.080398,-0.100259
586.95,420.0,-0.081596,-0.101541
589.23,420.0,-0.083433,-0.103315
591.5,420.0,-0.085173,-0.105071
593.6,420.0,-0.087213,-0.107092
595.88,420.0,-0.088842,-0.108704
597.98,420.0,-0.09037,-0.110108
600.25,420.0,-0.091119,-0.110897
602.53,420.0,-0.091482,-0.111261
604.63,420.0,-0.09188,-0.111559
606.9,420.0,-0.092,-0.111874
609.18,420.0,-0.092293,-0.112068
611.45,420.0,-0.092256,-0.111895
613.55,420.0,-0.092684,-0.112487
615.83,420.0,-0.092955,-0.112909
618.1,420.0,-0.094095,-0.11387
620.38,420.0,-0.095413,-0.115164
622.65,420.0,-0.097046,-0.116837
624.93,420.0,-0.098519,-0.118337
627.2,420.0,-0.10045,-0.120034
629.3,420.0,-0.101966,-0.121627
631.58,420.0,-0.103161,-0.122745
633.85,420.0,-0.103953,-0.123568
635.95,420.0,-0.104298,-0.123938
638.23,420.0,-0.104659,-0.124233
640.5,420.0,-0.104594,-0.124243
642.6,420.0,-0.10431,-0.123898
644.88,420.0,-0.103811,-0.123602
647.15,420.0,-0.103657,-0.123303
649.25,420.0,-0.103528,-0.123217
651.53,420.0,-0.103528,-0.123094
653.8,420.0,-0.103075,-0.122792
656.08,420.0,-0.102668,-0.122293
658.18,420.0,-0.102619,-0.122256
660.45,420.0,-0.102314,-0.122012
662.9,420.0,-0.102317,-0.122179
665.18,420.0,-0.103063,-0.12249
667.45,420.0,-0.103525,-0.123171
669.73,420.0,-0.103553,-0.123097
672.18,420.0,-0.103128,-0.122973
674.63,420.0,-0.103137,-0.122708
676.9,420.0,-0.103094,-0.12277
679.0,420.0,-0.102986,-0.122619
681.28,420.0,-0.102327,-0.121975
683.55,420.0,-0.101516,-0.121113
685.83,420.0,-0.10038,-0.120139
687.93,420.0,-0.099197,-0.119039
690.2,420.0,-0.098765,-0.118519
692.48,420.0,-0.098778,-0.11858
694.75,420.0,-0.100327,-0.120001
696.85,420.0,-0.103047,-0.122696
699.13,420.0,-0.106874,-0.126473
701.4,420.0,-0.111174,-0.130808
703.5,420.0,-0.115983,-0.135447
705.78,420.0,-0.120034,-0.139649
708.05,420.0,-0.123426,-0.14302
710.15,420.0,-0.125888,-0.145346
11.55,455.0,-0.103426,-0.123725
13.83,455.0,-0.1042,-0.123978
15.93,455.0,-0.104582,-0.124335
18.2,455.0,-0.105031,-0.124822
20.48,455.0,-0.10501,-0.124619
22.75,455.0,-0.104637,-0.124344
25.03,455.0,-0.104175,-0.123774
27.3,455.0,-0.103115,-0.122853
29.58,455.0,-0.101649,-0.121347
31.68,455.0,-0.099782,-0.119489
33.95,455.0,-0.097684,-0.117404
36.23,455.0,-0.095762,-0.115725
38.5,455.0,-0.094163,-0.114012
40.6,455.0,-0.093097,-0.112789
42.88,455.0,-0.091338,-0.111208
45.15,455.0,-0.088895,-0.108907
47.43,455.0,-0.086827,-0.106655
49.53,455.0,-0.085031,-0.10497
51.8,455.0,-0.084234,-0.104046
54.25,455.0,-0.083051,-0.103044
56.53,455.0,-0.081282,-0.10123
58.8,455.0,-0.079964,-0.099859
60.9,455.0,-0.079677,-0.099585
63.18,455.0,-0.08058,-0.100481
65.28,455.0,-0.081855,-0.101713
67.55,455.0,-0.083143,-0.102983
69.65,455.0,-0.084197,-0.104135
71.93,455.0,-0.085142,-0.10501
74.2,455.0,-0.08619,-0.105925
76.48,455.0,-0.087441,-0.107385
78.58,455.0,-0.089936,-0.109659
80.85,455.0,-0.093072,-0.112958
83.13,455.0,-0.096787,-0.116658
85.4,455.0,-0.099659,-0.119295
87.68,455.0,-0.102819,-0.12244
89.78,455.0,-0.105518,-0.125188
92.05,455.0,-0.107339,-0.126917
94.33,455.0,-0.10712,-0.126698
96.43,455.0,-0.105703,-0.12533
98.7,455.0,-0.104089,-0.123759
100.98,455.0,-0.103488,-0.123143
103.25,455.0,-0.103457,-0.123177
105.35,455.0,-0.104982,-0.124597
107.63,455.0,-0.108131,-0.127789
109.9,455.0,-0.113189,-0.132841
112.18,455.0,-0.120108,-0.139575
114.45,455.0,-0.127308,-0.146695
116.55,455.0,-0.134264,-0.153713
119.0,455.0,-0.139733,-0.159218
121.28,455.0,-0.14322,-0.162567
123.55,455.0,-0.145795,-0.165078
125.65,455.0,-0.147847,-0.167031
127.93,455.0,-0.149689,-0.168864
130.03,455.0,-0.1518,-0.171045
132.3,455.0,-0.153657,-0.172899
134.58,455.0,-0.15452,-0.173737
136.68,455.0,-0.154511,-0.173777
138.95,455.0,-0.153229,-0.172465
141.05,455.0,-0.151051,-0.170302
143.33,455.0,-0.149794,-0.16907
145.6,455.0,-0.149378,-0.168725
147.88,455.0,-0.149739,-0.169018
149.98,455.0,-0.149736,-0.168895
152.25,455.0,-0.150398,-0.169791
154.35,455.0,-0.151627,-0.170857
156.63,455.0,-0.153426,-0.172715
158.9,455.0,-0.155148,-0.174292
161.18,455.0,-0.155956,-0.175201
163.28,455.0,-0.155614,-0.174902
165.55,455.0,-0.155207,-0.174702
167.83,455.0,-0.154732,-0.174018
170.1,455.0,-0.153802,-0.17302
172.38,455.0,-0.152382,-0.171547
174.65,455.0,-0.15045,-0.169856
176.93,455.0,-0.148633,-0.167835
179.2,455.0,-0.147289,-0.166701
181.3,455.0,-0.146051,-0.165355
183.58,455.0,-0.145339,-0.164606
185.85,455.0,-0.144619,-0.163975
187.95,455.0,-0.144249,-0.163605
190.23,455.0,-0.143901,-0.163149
192.33,455.0,-0.143457,-0.162918
194.6,455.0,-0.143106,-0.162551
196.88,455.0,-0.142305,-0.161661
199.15,455.0,-0.140795,-0.160114
201.25,455.0,-0.138747,-0.158069
203.53,455.0,-0.136276,-0.155755
205.63,455.0,-0.134061,-0.153522
207.9,455.0,-0.131529,-0.150949
210.18,455.0,-0.128947,-0.148432
212.28,455.0,-0.126334,-0.145962
214.55,455.0,-0.123784,-0.143374
216.83,455.0,-0.122031,-0.141652
218.93,455.0,-0.120743,-0.140256
221.2,455.0,-0.120225,-0.139696
223.48,455.0,-0.121233,-0.140829
225.75,455.0,-0.123263,-0.142881
227.85,455.0,-0.125638,-0.14505
230.13,455.0,-0.128885,-0.1483
232.4,455.0,-0.132299,-0.15171
234.5,455.0,-0.135928,-0.155358
236.78,455.0,-0.139369,-0.158802
239.05,455.0,-0.143654,-0.162989
241.15,455.0,-0.147635,-0.167025
243.43,455.0,-0.150934,-0.170287
245.7,455.0,-0.154243,-0.173423
247.8,455.0,-0.15704,-0.176304
250.08,455.0,-0.159332,-0.178457
252.35,455.0,-0.160989,-0.180204
254.63,455.0,-0.161679,-0.180999
256.73,455.0,-0.16249,-0.181544
259.0,455.0,-0.16192,-0.181202
261.1,455.0,-0.16102,-0.180259
263.38,455.0,-0.158768,-0.178121
265.65,455.0,-0.155885,-0.175142
267.93,455.0,-0.152866,-0.172028
270.03,455.0,-0.149942,-0.169199
272.3,455.0,-0.147955,-0.167191
274.58,455.0,-0.145808,-0.165053
276.68,455.0,-0.144261,-0.163583
278.95,455.0,-0.143839,-0.163094
281.23,455.0,-0.145062,-0.164483
283.33,455.0,-0.147862,-0.167197
285.6,455.0,-0.15167,-0.170906
287.88,455.0,-0.156935,-0.176131
289.98,455.0,-0.161886,-0.181085
292.25,455.0,-0.167859,-0.186997
294.53,455.0,-0.174159,-0.193241
296.63,455.0,-0.180533,-0.19952
298.9,455.0,-0.186679,-0.205503
301.0,455.0,-0.191744,-0.210687
303.28,455.0,-0.196196,-0.215108
305.55,455.0,-0.199215,-0.218053
307.83,455.0,-0.200891,-0.219809
310.1,455.0,-0.202736,-0.221679
312.2,455.0,-0.204699,-0.223411
314.48,455.0,-0.20679,-0.225647
316.93,455.0,-0.209612,-0.228414
319.03,455.0,-0.212616,-0.23122
321.3,455.0,-0.215321,-0.233956
323.58,455.0,-0.218097,-0.23687
325.68,455.0,-0.220521,-0.239187
327.95,455.0,-0.222604,-0.241236
330.23,455.0,-0.224714,-0.243417
332.33,455.0,-0.226193,-0.244837
334.6,455.0,-0.227659,-0.246347
336.88,455.0,-0.228904,-0.247428
339.15,455.0,-0.229856,-0.24858
341.25,455.0,-0.230743,-0.249437
343.53,455.0,-0.231491,-0.250108
345.8,455.0,-0.232157,-0.250897
347.9,455.0,-0.232619,-0.25122
350.18,455.0,-0.233032,-0.251667
352.45,455.0,-0.233069,-0.251572
354.73,455.0,-0.232773,-0.251479
356.83,455.0,-0.232126,-0.25062
359.1,455.0,-0.230881,-0.249548
361.38,455.0,-0.229236,-0.247881
363.48,455.0,-0.226738,-0.245447
365.75,455.0,-0.224403,-0.243112
368.03,455.0,-0.221719,-0.240429
370.3,455.0,-0.219471,-0.238241
372.58,455.0,-0.217678,-0.236424
374.85,455.0,-0.215786,-0.234544
376.95,455.0,-0.21346,-0.232302
379.23,455.0,-0.211029,-0.229816
381.33,455.0,-0.207872,-0.226756
383.6,455.0,-0.204739,-0.223589
385.88,455.0,-0.201889,-0.220752
388.15,455.0,-0.199951,-0.218636
390.25,455.0,-0.198423,-0.217222
392.53,455.0,-0.197736,-0.216682
394.63,455.0,-0.197419,-0.216399
396.9,455.0,-0.19737,-0.216374
399.18,455.0,-0.197443,-0.216331
401.28,455.0,-0.197659,-0.216455
403.55,455.0,-0.197758,-0.216679
405.83,455.0,-0.197844,-0.216756
407.93,455.0,-0.197061,-0.215906
410.2,455.0,-0.196119,-0.214985
412.48,455.0,-0.194797,-0.213787
414.58,455.0,-0.192998,-0.211957
416.85,455.0,-0.191254,-0.210111
418.95,455.0,-0.189424,-0.208315
421.23,455.0,-0.187896,-0.206867
423.5,455.0,-0.187037,-0.205983
425.6,455.0,-0.18712,-0.205937
427.88,455.0,-0.187102,-0.206116
430.15,455.0,-0.188281,-0.207206
432.25,455.0,-0.189464,-0.208389
434.53,455.0,-0.190577,-0.209489
436.8,455.0,-0.191618,-0.210644
438.9,455.0,-0.192305,-0.211273
441.18,455.0,-0.192869,-0.21171
443.45,455.0,-0.192792,-0.211701
445.55,455.0,-0.19273,-0.211716
447.83,455.0,-0.193121,-0.212068
449.93,455.0,-0.192508,-0.211439
452.2,455.0,-0.190604,-0.2096
454.48,455.0,-0.186978,-0.206122
456.58,455.0,-0.182524,-0.201639
458.85,455.0,-0.177798,-0.196917
461.13,455.0,-0.174049,-0.193278
463.4,455.0,-0.171763,-0.190955
465.5,455.0,-0.171033,-0.19021
467.78,455.0,-0.171744,-0.191014
470.05,455.0,-0.173177,-0.192299
472.33,455.0,-0.174064,-0.193161
474.6,455.0,-0.175013,-0.194215
476.7,455.0,-0.174779,-0.193965
478.98,455.0,-0.174104,-0.193177
481.08,455.0,-0.172431,-0.191649
483.35,455.0,-0.170675,-0.189859
485.8,455.0,-0.168553,-0.187872
488.08,455.0,-0.167256,-0.186479
490.35,455.0,-0.166125,-0.185352
492.45,455.0,-0.165,-0.184153
495.08,455.0,-0.163057,-0.182293
497.35,455.0,-0.160441,-0.179655
499.63,455.0,-0.155872,-0.175155
501.73,455.0,-0.150962,-0.170204
504.0,455.0,-0.14712,-0.166482
506.1,455.0,-0.144588,-0.163888
508.38,455.0,-0.142912,-0.162305
510.65,455.0,-0.1422,-0.161578
513.1,455.0,-0.142708,-0.162151
515.2,455.0,-0.143858,-0.163281
517.48,455.0,-0.14561,-0.164988
519.75,455.0,-0.147132,-0.166424
522.2,455.0,-0.14785,-0.16728
524.48,455.0,-0.147822,-0.167046
526.75,455.0,-0.146636,-0.166002
528.85,455.0,-0.144175,-0.163611
531.3,455.0,-0.140407,-0.159773
533.58,455.0,-0.135761,-0.155284
535.68,455.0,-0.130423,-0.149856
537.95,455.0,-0.124868,-0.144384
540.23,455.0,-0.119609,-0.139209
542.33,455.0,-0.114406,-0.133975
544.6,455.0,-0.110124,-0.12981
546.88,455.0,-0.106427,-0.126002
549.15,455.0,-0.103266,-0.122863
551.43,455.0,-0.100392,-0.120164
553.7,455.0,-0.097866,-0.117712
555.8,455.0,-0.095922,-0.115607
558.08,455.0,-0.09367,-0.113488
560.53,455.0,-0.090977,-0.111005
562.8,455.0,-0.088583,-0.108469
565.08,455.0,-0.085879,-0.105835
567.18,455.0,-0.083334,-0.103368
569.45,455.0,-0.080595,-0.10046
571.73,455.0,-0.078325,-0.098272
573.83,455.0,-0.076575,-0.096421
576.1,455.0,-0.075213,-0.09517
578.38,455.0,-0.074323,-0.094351
580.48,455.0,-0.074425,-0.09436
582.75,455.0,-0.075121,-0.095034
585.03,455.0,-0.076492,-0.096476
587.3,455.0,-0.078516,-0.098479
589.4,455.0,-0.081097,-0.100956
591.68,455.0,-0.083842,-0.103753
593.95,455.0,-0.086082,-0.105857
596.23,455.0,-0.088186,-0.108269
598.33,455.0,-0.090287,-0.110044
600.6,455.0,-0.092046,-0.111735
602.88,455.0,-0.093134,-0.112804
605.15,455.0,-0.093429,-0.113251
607.43,455.0,-0.092804,-0.112724
609.7,455.0,-0.092142,-0.111867
611.8,455.0,-0.091516,-0.111375
614.08,455.0,-0.091526,-0.111221
616.18,455.0,-0.092283,-0.112034
618.28,455.0,-0.092819,-0.11257
620.73,455.0,-0.093497,-0.113374
623.0,455.0,-0.0942,-0.113962
625.1,455.0,-0.094677,-0.114582
627.38,455.0,-0.09537,-0.115084
629.65,455.0,-0.096116,-0.115857
631.93,455.0,-0.096464,-0.116267
634.03,455.0,-0.096498,-0.116304
636.3,455.0,-0.096485,-0.116171
638.58,455.0,-0.096452,-0.116208
640.68,455.0,-0.097382,-0.117009
642.95,455.0,-0.098121,-0.118007
644.88,455.0,-0.099597,-0.119394
647.5,455.0,-0.10118,-0.120875
649.6,455.0,-0.102884,-0.122511
651.88,455.0,-0.105306,-0.124803
653.98,455.0,-0.107952,-0.127573
656.43,455.0,-0.110364,-0.129911
658.53,455.0,-0.112185,-0.131716
660.8,455.0,-0.114418,-0.133845
663.08,455.0,-0.116335,-0.135848
665.35,455.0,-0.117789,-0.137283
667.45,455.0,-0.118633,-0.138109
669.73,455.0,-0.119394,-0.138811
672.0,455.0,-0.119317,-0.138873
674.28,455.0,-0.119015,-0.138429
676.38,455.0,-0.118174,-0.137804
678.65,455.0,-0.117422,-0.136926
680.93,455.0,-0.117018,-0.13655
683.03,455.0,-0.116957,-0.13655
685.3,455.0,-0.117049,-0.136698
687.4,455.0,-0.117444,-0.136966
689.68,455.0,-0.117052,-0.136569
692.3,455.0,-0.116618,-0.136298
694.58,455.0,-0.116867,-0.136415
696.68,455.0,-0.117709,-0.137216
698.95,455.0,-0.119156,-0.138719
701.23,455.0,-0.121673,-0.141261
703.5,455.0,-0.123805,-0.143232
705.78,455.0,-0.126529,-0.14611
708.05,455.0,-0.12924,-0.148731
710.33,455.0,-0.13208,-0.151584
11.38,490.0,-0.099994,-0.120361
13.65,490.0,-0.101224,-0.121026
15.93,490.0,-0.102601,-0.122351
18.2,490.0,-0.10351,-0.123229
20.3,490.0,-0.103928,-0.123571
22.58,490.0,-0.103888,-0.123608
24.85,490.0,-0.103858,-0.123556
27.13,490.0,-0.10424,-0.123941
29.4,490.0,-0.104988,-0.124714
31.68,490.0,-0.106011,-0.125675
33.78,490.0,-0.107222,-0.126935
36.05,490.0,-0.108399,-0.128054
38.15,490.0,-0.108688,-0.128374
40.43,490.0,-0.107952,-0.127613
42.7,490.0,-0.106698,-0.126405
44.8,490.0,-0.10578,-0.125441
47.08,490.0,-0.10484,-0.1244
49.18,490.0,-0.103855,-0.123432
51.45,490.0,-0.102194,-0.121917
53.73,490.0,-0.100071,-0.119779
56.0,490.0,-0.097776,-0.117579
58.28,490.0,-0.095728,-0.115669
60.38,490.0,-0.093149,-0.113035
62.65,490.0,-0.090638,-0.110416
64.93,490.0,-0.089585,-0.109409
67.03,490.0,-0.090031,-0.109766
69.3,490.0,-0.091033,-0.110792
71.58,490.0,-0.091843,-0.111673
73.68,490.0,-0.093017,-0.112856
75.95,490.0,-0.094249,-0.114092
78.05,490.0,-0.095734,-0.115383
80.33,490.0,-0.097327,-0.116978
82.6,490.0,-0.099751,-0.11944
84.88,490.0,-0.102598,-0.122169
87.15,490.0,-0.105493,-0.125201
89.43,490.0,-0.108778,-0.128371
91.7,490.0,-0.110971,-0.13062
93.8,490.0,-0.111963,-0.131575
96.08,490.0,-0.110854,-0.130441
98.35,490.0,-0.109877,-0.129545
100.63,490.0,-0.109246,-0.128904
102.9,490.0,-0.109233,-0.128864
105.18,490.0,-0.110426,-0.129957
107.28,490.0,-0.112548,-0.132021
109.55,490.0,-0.116485,-0.135928
111.65,490.0,-0.121479,-0.140928
113.93,490.0,-0.126704,-0.146165
116.2,490.0,-0.131981,-0.151402
118.48,490.0,-0.136461,-0.155783
120.58,490.0,-0.140755,-0.160158
122.85,490.0,-0.144508,-0.163885
125.13,490.0,-0.147712,-0.167068
127.23,490.0,-0.150102,-0.169273
129.5,490.0,-0.152006,-0.171282
131.6,490.0,-0.15306,-0.172175
133.88,490.0,-0.15294,-0.172185
136.15,490.0,-0.152348,-0.171427
138.25,490.0,-0.152675,-0.171966
140.53,490.0,-0.153469,-0.172702
142.8,490.0,-0.154825,-0.174045
145.08,490.0,-0.156732,-0.175829
147.18,490.0,-0.158848,-0.178112
149.45,490.0,-0.160789,-0.180019
151.73,490.0,-0.161649,-0.180869
154.0,490.0,-0.161957,-0.181094
156.28,490.0,-0.161892,-0.181014
158.38,490.0,-0.161809,-0.181082
160.65,490.0,-0.162416,-0.18151
162.93,490.0,-0.163836,-0.182992
165.03,490.0,-0.165407,-0.184615
167.3,490.0,-0.166485,-0.185561
169.58,490.0,-0.165965,-0.185207
171.68,490.0,-0.164529,-0.183805
173.95,490.0,-0.162508,-0.181698
176.23,490.0,-0.160962,-0.180281
178.33,490.0,-0.15935,-0.17846
180.6,490.0,-0.157628,-0.176781
182.88,490.0,-0.15533,-0.174609
184.98,490.0,-0.152046,-0.171362
187.25,490.0,-0.147511,-0.166889
189.53,490.0,-0.140928,-0.160275
191.63,490.0,-0.133334,-0.152835
193.9,490.0,-0.125423,-0.144887
196.0,490.0,-0.117841,-0.137394
198.28,490.0,-0.110875,-0.130543
200.55,490.0,-0.105694,-0.125321
202.83,490.0,-0.101889,-0.121618
204.93,490.0,-0.10021,-0.119908
207.2,490.0,-0.100524,-0.120241
209.3,490.0,-0.102317,-0.122062
211.58,490.0,-0.105697,-0.125278
213.85,490.0,-0.109997,-0.129726
216.13,490.0,-0.114668,-0.134184
218.4,490.0,-0.119634,-0.139181
220.68,490.0,-0.123713,-0.143254
222.78,490.0,-0.127003,-0.146442
225.05,490.0,-0.129529,-0.148882
227.15,490.0,-0.130903,-0.150429
229.43,490.0,-0.131572,-0.151122
231.7,490.0,-0.132342,-0.151806
233.8,490.0,-0.133891,-0.153408
236.08,490.0,-0.136217,-0.155644
238.35,490.0,-0.140115,-0.159403
240.45,490.0,-0.144788,-0.164122
242.73,490.0,-0.149748,-0.169166
245.0,490.0,-0.155533,-0.174692
247.28,490.0,-0.161177,-0.18045
249.38,490.0,-0.166679,-0.185752
251.48,490.0,-0.17159,-0.190774
253.93,490.0,-0.175764,-0.194843
256.03,490.0,-0.179742,-0.198636
258.3,490.0,-0.183395,-0.202413
260.4,490.0,-0.186972,-0.205906
262.68,490.0,-0.190355,-0.209286
264.95,490.0,-0.19415,-0.212964
267.23,490.0,-0.198137,-0.217092
269.5,490.0,-0.201729,-0.220459
271.6,490.0,-0.205148,-0.223827
273.88,490.0,-0.207884,-0.226784
276.15,490.0,-0.210004,-0.228824
278.43,490.0,-0.211368,-0.230148
280.53,490.0,-0.212357,-0.231039
282.8,490.0,-0.213155,-0.231892
284.9,490.0,-0.213254,-0.231957
287.18,490.0,-0.21322,-0.231969
289.28,490.0,-0.212912,-0.231719
291.55,490.0,-0.212376,-0.23106
293.83,490.0,-0.212148,-0.230817
296.1,490.0,-0.212437,-0.231193
298.03,490.0,-0.213454,-0.232129
300.48,490.0,-0.215826,-0.234406
302.75,490.0,-0.218817,-0.237585
305.03,490.0,-0.222135,-0.240786
307.13,490.0,-0.225678,-0.244335
309.4,490.0,-0.228063,-0.246645
311.68,490.0,-0.231217,-0.249874
313.78,490.0,-0.234446,-0.252869
315.88,490.0,-0.237299,-0.255848
318.15,490.0,-0.239846,-0.25842
320.43,490.0,-0.242902,-0.261467
322.7,490.0,-0.245946,-0.264566
324.98,490.0,-0.248719,-0.267209
327.08,490.0,-0.250721,-0.269301
329.35,490.0,-0.251907,-0.270367
331.63,490.0,-0.252927,-0.271436
333.73,490.0,-0.253771,-0.272274
336.0,490.0,-0.254021,-0.272576
338.28,490.0,-0.254233,-0.272671
340.38,490.0,-0.25444,-0.272893
342.65,490.0,-0.253993,-0.272591
344.75,490.0,-0.253814,-0.27244
347.2,490.0,-0.253722,-0.272234
349.3,490.0,-0.253361,-0.271867
351.58,490.0,-0.253266,-0.271753
353.68,490.0,-0.252878,-0.271377
355.95,490.0,-0.252409,-0.270962
358.23,490.0,-0.251479,-0.270151
360.33,490.0,-0.250894,-0.269415
362.6,490.0,-0.249621,-0.26818
364.88,490.0,-0.24818,-0.26671
366.98,490.0,-0.246913,-0.265395
369.25,490.0,-0.245774,-0.264286
371.53,490.0,-0.244794,-0.263284
373.8,490.0,-0.24447,-0.262952
375.9,490.0,-0.244064,-0.262662
378.18,490.0,-0.244461,-0.263026
380.28,490.0,-0.245179,-0.263577
382.55,490.0,-0.245623,-0.264135
384.83,490.0,-0.245543,-0.264113
386.93,490.0,-0.244782,-0.263294
389.38,490.0,-0.243734,-0.262336
391.65,490.0,-0.242548,-0.261211
393.93,490.0,-0.242117,-0.260811
396.2,490.0,-0.241904,-0.260438
398.3,490.0,-0.242157,-0.260804
400.75,490.0,-0.242693,-0.261371
403.03,490.0,-0.243337,-0.261781
405.3,490.0,-0.243697,-0.262246
407.4,490.0,-0.244085,-0.262702
410.03,490.0,-0.244064,-0.26277
412.3,490.0,-0.243565,-0.262077
414.4,490.0,-0.242927,-0.261488
416.68,490.0,-0.241923,-0.260447
418.95,490.0,-0.24106,-0.25964
421.23,490.0,-0.240678,-0.259403
423.33,490.0,-0.24106,-0.259745
425.6,490.0,-0.241803,-0.260407
427.88,490.0,-0.242594,-0.261131
429.98,490.0,-0.243405,-0.261935
432.25,490.0,-0.243346,-0.261987
434.35,490.0,-0.243269,-0.261812
436.63,490.0,-0.242413,-0.260968
438.9,490.0,-0.241017,-0.259748
441.0,490.0,-0.239393,-0.257967
443.28,490.0,-0.238152,-0.256756
445.55,490.0,-0.236719,-0.255413
447.65,490.0,-0.235231,-0.253827
449.93,490.0,-0.23367,-0.252299
452.2,490.0,-0.232394,-0.250965
454.3,490.0,-0.231744,-0.25037
456.58,490.0,-0.231143,-0.249794
458.85,490.0,-0.230647,-0.249227
461.13,490.0,-0.229905,-0.248577
463.23,490.0,-0.228771,-0.247419
465.5,490.0,-0.226954,-0.245604
467.78,490.0,-0.225013,-0.243777
469.88,490.0,-0.222832,-0.241599
472.15,490.0,-0.221501,-0.240191
474.25,490.0,-0.220734,-0.239455
476.53,490.0,-0.2207,-0.239477
478.8,490.0,-0.220721,-0.23936
480.9,490.0,-0.221525,-0.240148
483.18,490.0,-0.222283,-0.240925
485.45,490.0,-0.222949,-0.241756
487.73,490.0,-0.222967,-0.241692
490.0,490.0,-0.222567,-0.241285
492.1,490.0,-0.2213,-0.240133
494.38,490.0,-0.219788,-0.238479
496.65,490.0,-0.217527,-0.236146
498.75,490.0,-0.213996,-0.23281
501.03,490.0,-0.209141,-0.22797
503.3,490.0,-0.202656,-0.22147
505.4,490.0,-0.196572,-0.215487
507.68,490.0,-0.191211,-0.210124
509.95,490.0,-0.187246,-0.206325
512.05,490.0,-0.185376,-0.204474
514.33,490.0,-0.184649,-0.203663
516.6,490.0,-0.184782,-0.203651
518.88,490.0,-0.185093,-0.204064
520.98,490.0,-0.185453,-0.204381
523.08,490.0,-0.185441,-0.20444
525.53,490.0,-0.184147,-0.203137
527.63,490.0,-0.181408,-0.200459
529.9,490.0,-0.177172,-0.196307
532.18,490.0,-0.172117,-0.19118
534.45,490.0,-0.165564,-0.184803
536.55,490.0,-0.159307,-0.17858
538.83,490.0,-0.153226,-0.172647
540.93,490.0,-0.148725,-0.168023
543.2,490.0,-0.145435,-0.164834
545.48,490.0,-0.142893,-0.162283
547.58,490.0,-0.140872,-0.160293
549.85,490.0,-0.139126,-0.158559
552.13,490.0,-0.137558,-0.156948
554.4,490.0,-0.13631,-0.155515
556.5,490.0,-0.135346,-0.154893
558.78,490.0,-0.134092,-0.153676
561.05,490.0,-0.132616,-0.152031
563.33,490.0,-0.130284,-0.149754
565.43,490.0,-0.127527,-0.147142
567.7,490.0,-0.124415,-0.143827
569.98,490.0,-0.121442,-0.140996
572.08,490.0,-0.117881,-0.137453
574.35,490.0,-0.114243,-0.133781
576.63,490.0,-0.110626,-0.130296
578.9,490.0,-0.107786,-0.127542
581.0,490.0,-0.104967,-0.124609
583.28,490.0,-0.102736,-0.12244
585.55,490.0,-0.101985,-0.121738
587.65,490.0,-0.102382,-0.122046
590.28,490.0,-0.104135,-0.12403
592.55,490.0,-0.107293,-0.126991
594.83,490.0,-0.111291,-0.130986
597.1,490.0,-0.116522,-0.136125
599.38,490.0,-0.121698,-0.141356
601.48,490.0,-0.126396,-0.145835
603.75,490.0,-0.131153,-0.150521
606.03,490.0,-0.135333,-0.154773
608.3,490.0,-0.138519,-0.157936
610.58,490.0,-0.140728,-0.160102
612.68,490.0,-0.141507,-0.161033
614.95,490.0,-0.14155,-0.160937
617.4,490.0,-0.140031,-0.159458
619.5,490.0,-0.137601,-0.156951
621.78,490.0,-0.134286,-0.153722
623.88,490.0,-0.129603,-0.149036
626.5,490.0,-0.123978,-0.143716
628.78,490.0,-0.12115,-0.140715
630.88,490.0,-0.119649,-0.139344
633.15,490.0,-0.120121,-0.139739
635.43,490.0,-0.122712,-0.142388
637.7,490.0,-0.125139,-0.144671
639.98,490.0,-0.128602,-0.14809
642.08,490.0,-0.131726,-0.151177
644.53,490.0,-0.134625,-0.154098
646.8,490.0,-0.136017,-0.155466
649.08,490.0,-0.137015,-0.156535
651.18,490.0,-0.137903,-0.15724
653.45,490.0,-0.139021,-0.158408
655.73,490.0,-0.140364,-0.159665
657.83,490.0,-0.142169,-0.161532
660.1,490.0,-0.144483,-0.163737
662.2,490.0,-0.147105,-0.16639
664.48,490.0,-0.149307,-0.168697
666.58,490.0,-0.15184,-0.171103
668.85,490.0,-0.154086,-0.173263
670.95,490.0,-0.155897,-0.175111
673.23,490.0,-0.157388,-0.176658
675.5,490.0,-0.158611,-0.177733
677.6,490.0,-0.159012,-0.17818
679.88,490.0,-0.159086,-0.178288
682.15,490.0,-0.158978,-0.178152
684.25,490.0,-0.158697,-0.177829
686.53,490.0,-0.157986,-0.177157
688.8,490.0,-0.156895,-0.176119
691.08,490.0,-0.155432,-0.174757
693.18,490.0,-0.154049,-0.17334
695.45,490.0,-0.152601,-0.171849
697.9,490.0,-0.151153,-0.1705
700.0,490.0,-0.150121,-0.16936
702.28,490.0,-0.149535,-0.169005
704.55,490.0,-0.148981,-0.168281
706.83,490.0,-0.149018,-0.168257
708.93,490.0,-0.148968,-0.168358
711.2,490.0,-0.149304,-0.16859
11.55,525.0,-0.115284,-0.135617
13.65,525.0,-0.115065,-0.134717
15.93,525.0,-0.114163,-0.133858
18.2,525.0,-0.113192,-0.132933
20.48,525.0,-0.112585,-0.132339
22.58,525.0,-0.111948,-0.131566
24.85,525.0,-0.111122,-0.130749
27.13,525.0,-0.110247,-0.129837
29.23,525.0,-0.10859,-0.128355
31.5,525.0,-0.107031,-0.12671
33.78,525.0,-0.105854,-0.125564
35.88,525.0,-0.105201,-0.124976
38.15,525.0,-0.104668,-0.124351
40.43,525.0,-0.1042,-0.123916
42.53,525.0,-0.102841,-0.122499
44.8,525.0,-0.10115,-0.120983
47.08,525.0,-0.099554,-0.119397
49.35,525.0,-0.098282,-0.118143
51.45,525.0,-0.097139,-0.117043
53.73,525.0,-0.09538,-0.115269
55.83,525.0,-0.093063,-0.112933
58.1,525.0,-0.090681,-0.110614
60.38,525.0,-0.087819,-0.107715
62.65,525.0,-0.084409,-0.104468
64.75,525.0,-0.082225,-0.102203
67.03,525.0,-0.081584,-0.10151
69.3,525.0,-0.082012,-0.101886
71.58,525.0,-0.082659,-0.102622
73.68,525.0,-0.083463,-0.103383
75.95,525.0,-0.083457,-0.103429
78.05,525.0,-0.083882,-0.103753
80.33,525.0,-0.084434,-0.104351
82.6,525.0,-0.086633,-0.106664
84.7,525.0,-0.08984,-0.109508
86.98,525.0,-0.093214,-0.112915
89.25,525.0,-0.096365,-0.116227
91.35,525.0,-0.098205,-0.118057
93.63,525.0,-0.09919,-0.119061
95.73,525.0,-0.099129,-0.118888
98.0,525.0,-0.09915,-0.11895
100.1,525.0,-0.100078,-0.119606
102.38,525.0,-0.101298,-0.120922
104.65,525.0,-0.103935,-0.123497
106.75,525.0,-0.107758,-0.127459
109.03,525.0,-0.112462,-0.132154
111.13,525.0,-0.117644,-0.137145
113.4,525.0,-0.122447,-0.142083
115.68,525.0,-0.126088,-0.145623
117.95,525.0,-0.129397,-0.148848
120.05,525.0,-0.132277,-0.151729
122.33,525.0,-0.135167,-0.154668
124.6,525.0,-0.137558,-0.15687
126.7,525.0,-0.139532,-0.158796
128.98,525.0,-0.140891,-0.160081
131.08,525.0,-0.14143,-0.160684
133.35,525.0,-0.142,-0.161381
135.45,525.0,-0.142351,-0.161793
137.73,525.0,-0.143137,-0.162591
140.0,525.0,-0.145118,-0.164582
142.28,525.0,-0.14769,-0.167006
144.55,525.0,-0.149474,-0.168941
146.83,525.0,-0.151723,-0.170996
148.93,525.0,-0.153895,-0.173152
151.2,525.0,-0.156233,-0.175561
153.48,525.0,-0.158827,-0.178026
155.58,525.0,-0.160703,-0.17997
157.85,525.0,-0.161233,-0.180423
160.13,525.0,-0.160312,-0.179557
162.23,525.0,-0.15794,-0.177132
164.5,525.0,-0.155034,-0.174283
166.78,525.0,-0.152594,-0.171806
168.88,525.0,-0.151174,-0.170432
171.15,525.0,-0.151199,-0.170558
173.43,525.0,-0.152025,-0.171451
175.53,525.0,-0.153842,-0.17302
177.8,525.0,-0.15586,-0.175133
180.08,525.0,-0.157699,-0.176833
182.18,525.0,-0.158907,-0.17818
184.45,525.0,-0.159819,-0.179008
186.73,525.0,-0.161008,-0.18029
188.83,525.0,-0.162323,-0.181612
191.1,525.0,-0.164049,-0.183214
193.38,525.0,-0.165299,-0.184597
195.65,525.0,-0.166165,-0.185309
197.75,525.0,-0.166452,-0.185617
200.03,525.0,-0.166479,-0.185644
202.3,525.0,-0.166396,-0.18554
204.4,525.0,-0.166353,-0.185583
206.68,525.0,-0.166103,-0.185268
208.95,525.0,-0.166079,-0.185339
211.05,525.0,-0.166122,-0.185321
213.33,525.0,-0.166418,-0.185789
215.6,525.0,-0.167126,-0.186297
217.7,525.0,-0.16801,-0.187194
219.98,525.0,-0.169292,-0.188457
222.43,525.0,-0.17122,-0.190604
224.7,525.0,-0.172939,-0.192101
226.98,525.0,-0.174193,-0.193201
229.08,525.0,-0.175863,-0.195053
231.35,525.0,-0.177909,-0.197077
233.63,525.0,-0.18037,-0.199409
235.9,525.0,-0.182622,-0.201729
238.0,525.0,-0.184674,-0.203642
240.28,525.0,-0.18684,-0.205808
242.55,525.0,-0.188522,-0.207397
244.83,525.0,-0.190743,-0.209588
246.93,525.0,-0.193294,-0.212231
249.2,525.0,-0.195401,-0.214338
251.48,525.0,-0.197114,-0.216137
253.58,525.0,-0.198321,-0.217225
255.85,525.0,-0.198928,-0.217795
257.95,525.0,-0.198971,-0.217773
260.4,525.0,-0.198608,-0.217483
262.5,525.0,-0.197973,-0.216941
264.78,525.0,-0.197037,-0.215952
267.05,525.0,-0.196023,-0.215056
269.33,525.0,-0.195111,-0.214082
271.43,525.0,-0.194295,-0.213198
273.7,525.0,-0.193879,-0.21285
275.98,525.0,-0.193894,-0.21281
278.08,525.0,-0.194292,-0.213115
280.35,525.0,-0.195081,-0.214033
282.63,525.0,-0.196907,-0.215903
284.73,525.0,-0.199597,-0.218438
287.0,525.0,-0.202437,-0.22126
289.1,525.0,-0.206177,-0.224967
291.38,525.0,-0.209939,-0.228648
293.65,525.0,-0.213346,-0.23204
295.93,525.0,-0.216612,-0.235379
298.2,525.0,-0.219843,-0.238562
300.48,525.0,-0.223038,-0.241836
302.58,525.0,-0.225986,-0.244606
304.85,525.0,-0.228851,-0.247517
307.13,525.0,-0.23183,-0.250462
309.4,525.0,-0.234899,-0.253469
311.68,525.0,-0.237899,-0.256587
313.95,525.0,-0.240111,-0.258774
316.05,525.0,-0.241975,-0.260512
318.33,525.0,-0.243266,-0.261877
320.6,525.0,-0.244621,-0.263146
322.88,525.0,-0.24622,-0.264692
324.98,525.0,-0.24773,-0.266168
327.25,525.0,-0.249125,-0.267705
329.53,525.0,-0.250746,-0.2694
331.8,525.0,-0.252523,-0.270937
333.9,525.0,-0.254779,-0.273241
336.18,525.0,-0.256812,-0.275299
338.45,525.0,-0.258725,-0.276932
340.55,525.0,-0.260034,-0.278435
342.83,525.0,-0.260866,-0.279199
345.1,525.0,-0.261559,-0.279825
347.38,525.0,-0.26187,-0.280308
349.83,525.0,-0.261815,-0.280256
352.1,525.0,-0.261843,-0.280173
354.38,525.0,-0.261223,-0.279572
356.65,525.0,-0.26037,-0.278814
358.93,525.0,-0.259652,-0.278047
361.03,525.0,-0.258873,-0.277246
363.3,525.0,-0.258269,-0.276735
365.4,525.0,-0.257813,-0.276214
367.68,525.0,-0.257388,-0.275798
369.95,525.0,-0.256972,-0.275502
372.05,525.0,-0.256972,-0.275447
374.33,525.0,-0.257332,-0.275884
376.6,525.0,-0.257354,-0.275875
378.7,525.0,-0.257696,-0.276263
380.98,525.0,-0.258155,-0.276405
383.25,525.0,-0.258901,-0.277369
385.53,525.0,-0.259264,-0.277773
387.8,525.0,-0.260016,-0.278482
389.9,525.0,-0.260752,-0.279181
392.18,525.0,-0.261116,-0.279504
394.28,525.0,-0.261125,-0.279578
396.55,525.0,-0.261066,-0.279578
398.83,525.0,-0.26078,-0.279101
400.93,525.0,-0.260385,-0.278787
403.2,525.0,-0.260422,-0.278756
405.48,525.0,-0.260475,-0.278941
407.58,525.0,-0.260758,-0.279215
409.85,525.0,-0.261168,-0.279612
412.13,525.0,-0.261128,-0.279544
414.23,525.0,-0.261701,-0.280207
416.5,525.0,-0.262317,-0.280712
418.6,525.0,-0.263435,-0.281695
420.88,525.0,-0.264316,-0.282607
423.15,525.0,-0.265638,-0.283925
425.25,525.0,-0.26643,-0.284834
427.53,525.0,-0.267095,-0.28557
429.8,525.0,-0.267203,-0.285533
432.08,525.0,-0.267117,-0.285558
434.18,525.0,-0.266781,-0.28525
436.45,525.0,-0.266763,-0.285111
438.55,525.0,-0.266384,-0.284748
441.0,525.0,-0.266402,-0.284643
443.1,525.0,-0.266399,-0.284729
445.38,525.0,-0.266445,-0.284732
447.48,525.0,-0.26639,-0.284803
449.75,525.0,-0.266328,-0.284775
452.03,525.0,-0.26565,-0.284008
454.3,525.0,-0.264363,-0.282875
456.58,525.0,-0.263491,-0.281827
458.68,525.0,-0.26228,-0.280663
460.95,525.0,-0.261193,-0.279569
463.23,525.0,-0.260087,-0.278488
465.33,525.0,-0.25927,-0.277677
467.6,525.0,-0.258515,-0.276984
469.88,525.0,-0.257477,-0.275857
472.15,525.0,-0.256162,-0.274588
474.25,525.0,-0.254754,-0.273223
476.53,525.0,-0.253275,-0.271809
478.8,525.0,-0.251836,-0.270521
480.9,525.0,-0.251008,-0.269591
483.18,525.0,-0.250385,-0.26882
485.45,525.0,-0.249609,-0.26805
487.55,525.0,-0.248765,-0.267379
489.83,525.0,-0.247446,-0.265998
492.1,525.0,-0.245444,-0.263981
494.2,525.0,-0.243195,-0.261818
496.48,525.0,-0.241122,-0.259828
498.75,525.0,-0.23952,-0.258075
501.03,525.0,-0.238503,-0.257138
503.13,525.0,-0.237141,-0.255808
505.4,525.0,-0.235444,-0.254027
507.68,525.0,-0.233167,-0.251852
509.95,525.0,-0.230601,-0.249172
512.23,525.0,-0.227604,-0.246279
514.5,525.0,-0.224877,-0.243565
516.78,525.0,-0.221784,-0.240586
518.88,525.0,-0.218648,-0.237369
521.15,525.0,-0.215413,-0.234144
523.43,525.0,-0.212939,-0.231701
525.53,525.0,-0.210577,-0.229313
527.8,525.0,-0.208975,-0.227702
530.08,525.0,-0.207699,-0.226405
532.35,525.0,-0.206461,-0.225213
534.63,525.0,-0.204748,-0.223617
536.73,525.0,-0.203044,-0.221858
539.0,525.0,-0.201227,-0.220028
541.28,525.0,-0.199702,-0.218497
543.38,525.0,-0.197564,-0.216436
545.65,525.0,-0.195515,-0.214554
547.93,525.0,-0.193774,-0.212699
550.2,525.0,-0.192283,-0.211267
552.3,525.0,-0.190718,-0.20976
554.58,525.0,-0.189332,-0.208303
556.68,525.0,-0.188127,-0.206975
558.95,525.0,-0.186938,-0.206014
561.23,525.0,-0.186267,-0.20529
563.5,525.0,-0.185216,-0.204338
565.78,525.0,-0.184045,-0.203164
567.88,525.0,-0.182832,-0.201904
570.15,525.0,-0.181575,-0.200768
572.43,525.0,-0.180305,-0.199495
574.53,525.0,-0.179181,-0.198161
576.8,525.0,-0.178294,-0.197292
579.08,525.0,-0.177376,-0.196535
581.35,525.0,-0.176738,-0.195841
583.45,525.0,-0.175909,-0.19517
585.73,525.0,-0.175235,-0.194369
587.83,525.0,-0.174514,-0.193719
590.1,525.0,-0.17399,-0.193201
592.38,525.0,-0.172052,-0.19119
594.48,525.0,-0.168171,-0.187403
596.75,525.0,-0.162616,-0.181843
599.03,525.0,-0.156646,-0.175965
601.3,525.0,-0.150783,-0.170164
603.58,525.0,-0.146898,-0.166347
605.68,525.0,-0.144652,-0.163925
608.3,525.0,-0.144009,-0.163343
610.58,525.0,-0.144637,-0.16407
612.85,525.0,-0.145928,-0.165299
615.13,525.0,-0.147558,-0.166957
617.4,525.0,-0.149024,-0.168423
619.5,525.0,-0.150829,-0.170142
621.78,525.0,-0.152317,-0.171618
624.05,525.0,-0.153041,-0.172243
626.5,525.0,-0.152148,-0.171541
628.78,525.0,-0.150524,-0.169905
630.88,525.0,-0.148774,-0.16805
633.15,525.0,-0.147511,-0.166772
635.43,525.0,-0.145946,-0.165496
637.7,525.0,-0.145241,-0.164551
639.8,525.0,-0.144933,-0.164193
642.08,525.0,-0.144927,-0.164357
644.35,525.0,-0.144871,-0.164304
646.45,525.0,-0.144138,-0.163506
648.73,525.0,-0.142705,-0.162074
651.0,525.0,-0.141248,-0.160632
653.1,525.0,-0.140004,-0.159434
655.38,525.0,-0.13932,-0.158753
657.65,525.0,-0.13903,-0.158423
659.75,525.0,-0.138528,-0.158075
662.03,525.0,-0.138047,-0.157496
664.3,525.0,-0.136646,-0.156125
666.58,525.0,-0.134508,-0.153972
668.68,525.0,-0.130996,-0.150339
670.95,525.0,-0.126042,-0.145574
673.05,525.0,-0.120758,-0.140302
675.33,525.0,-0.114714,-0.134381
677.6,525.0,-0.108981,-0.128777
679.88,525.0,-0.103728,-0.123432
682.15,525.0,-0.099187,-0.119021
684.43,525.0,-0.096187,-0.11606
686.53,525.0,-0.093858,-0.113602
688.8,525.0,-0.092003,-0.111867
691.08,525.0,-0.090561,-0.110299
693.18,525.0,-0.088996,-0.108898
695.45,525.0,-0.087625,-0.107425
697.73,525.0,-0.086464,-0.106316
700.0,525.0,-0.085752,-0.105688
702.1,525.0,-0.085681,-0.105521
704.38,525.0,-0.086935,-0.106707
706.65,525.0,-0.089329,-0.10915
708.75,525.0,-0.093155,-0.113054
711.03,525.0,-0.097819,-0.117625
11.38,560.0,-0.095105,-0.115447
13.65,560.0,-0.091501,-0.111458
15.75,560.0,-0.088457,-0.108439
18.03,560.0,-0.086559,-0.106556
20.48,560.0,-0.086221,-0.106196
22.58,560.0,-0.087188,-0.107157
24.85,560.0,-0.088389,-0.108251
27.13,560.0,-0.08875,-0.10862
29.23,560.0,-0.087758,-0.107696
31.5,560.0,-0.086245,-0.106338
33.78,560.0,-0.08423,-0.104123
35.88,560.0,-0.082206,-0.102179
38.15,560.0,-0.080287,-0.100179
40.25,560.0,-0.078359,-0.09826
42.53,560.0,-0.076113,-0.096063
44.8,560.0,-0.073725,-0.093774
47.08,560.0,-0.071695,-0.091599
49.35,560.0,-0.069982,-0.090001
51.45,560.0,-0.066412,-0.086566
53.73,560.0,-0.062246,-0.082462
56.18,560.0,-0.058679,-0.078839
58.45,560.0,-0.057188,-0.077305
60.55,560.0,-0.056781,-0.077028
62.83,560.0,-0.057508,-0.077625
65.28,560.0,-0.058537,-0.078799
67.55,560.0,-0.059643,-0.079711
69.65,560.0,-0.061156,-0.081174
71.93,560.0,-0.063285,-0.083359
74.38,560.0,-0.066402,-0.086578
76.65,560.0,-0.069403,-0.089311
78.75,560.0,-0.072117,-0.092065
81.03,560.0,-0.074994,-0.094964
83.3,560.0,-0.077228,-0.09724
85.58,560.0,-0.07798,-0.097758
87.85,560.0,-0.078488,-0.098457
89.95,560.0,-0.079252,-0.099092
92.58,560.0,-0.07993,-0.09989
94.68,560.0,-0.081196,-0.101082
96.95,560.0,-0.084021,-0.103895
99.05,560.0,-0.087875,-0.107829
101.68,560.0,-0.094871,-0.114871
103.95,560.0,-0.099868,-0.119557
106.23,560.0,-0.10533,-0.125078
108.5,560.0,-0.110281,-0.129914
110.6,560.0,-0.114899,-0.134461
112.88,560.0,-0.119418,-0.138965
114.98,560.0,-0.123439,-0.142912
117.25,560.0,-0.126347,-0.145879
119.35,560.0,-0.128513,-0.147961
121.63,560.0,-0.130235,-0.149717
123.9,560.0,-0.132012,-0.151359
126.0,560.0,-0.134184,-0.153685
128.28,560.0,-0.136716,-0.156168
130.38,560.0,-0.139846,-0.159341
132.65,560.0,-0.142927,-0.162175
134.93,560.0,-0.145453,-0.164868
137.2,560.0,-0.148026,-0.167333
139.13,560.0,-0.150376,-0.169637
141.58,560.0,-0.152798,-0.172108
143.68,560.0,-0.15411,-0.173429
145.95,560.0,-0.15419,-0.173328
148.23,560.0,-0.153568,-0.172872
150.33,560.0,-0.153017,-0.172271
152.6,560.0,-0.153041,-0.172206
154.88,560.0,-0.154064,-0.173426
156.98,560.0,-0.156319,-0.175586
159.25,560.0,-0.159409,-0.178673
161.35,560.0,-0.162736,-0.181806
163.63,560.0,-0.166193,-0.185379
165.9,560.0,-0.169837,-0.189039
168.0,560.0,-0.173137,-0.192354
170.28,560.0,-0.175721,-0.194794
172.55,560.0,-0.178013,-0.197191
174.83,560.0,-0.179695,-0.198799
177.45,560.0,-0.180555,-0.199668
179.73,560.0,-0.180068,-0.199027
182.0,560.0,-0.178913,-0.198097
184.28,560.0,-0.178229,-0.197336
186.55,560.0,-0.177397,-0.196581
188.83,560.0,-0.176686,-0.19574
190.93,560.0,-0.17667,-0.195798
193.2,560.0,-0.176658,-0.195872
195.65,560.0,-0.177437,-0.196544
197.93,560.0,-0.177511,-0.196575
200.2,560.0,-0.17752,-0.196642
202.3,560.0,-0.177407,-0.19655
204.93,560.0,-0.176692,-0.195992
207.38,560.0,-0.176239,-0.195321
209.48,560.0,-0.175626,-0.194692
211.75,560.0,-0.174936,-0.194033
214.38,560.0,-0.174073,-0.193217
216.65,560.0,-0.173543,-0.192847
218.75,560.0,-0.172832,-0.192089
221.03,560.0,-0.171966,-0.1911
223.13,560.0,-0.17102,-0.190145
225.4,560.0,-0.170195,-0.189384
227.68,560.0,-0.169504,-0.188654
229.78,560.0,-0.16871,-0.187939
232.05,560.0,-0.168411,-0.187625
234.33,560.0,-0.168435,-0.187641
236.6,560.0,-0.168426,-0.187601
238.7,560.0,-0.168713,-0.188004
240.98,560.0,-0.169421,-0.188707
243.25,560.0,-0.17061,-0.189871
245.35,560.0,-0.171772,-0.190906
247.63,560.0,-0.172422,-0.191593
249.73,560.0,-0.172816,-0.192058
252.18,560.0,-0.17253,-0.191676
254.28,560.0,-0.172169,-0.191273
256.55,560.0,-0.172163,-0.191285
258.65,560.0,-0.172068,-0.191359
260.93,560.0,-0.172065,-0.191433
263.2,560.0,-0.172801,-0.19208
265.48,560.0,-0.173645,-0.192847
267.58,560.0,-0.174055,-0.193284
269.85,560.0,-0.174067,-0.193201
271.95,560.0,-0.17403,-0.193214
274.23,560.0,-0.174021,-0.193257
276.5,560.0,-0.174372,-0.193503
278.78,560.0,-0.175176,-0.194353
280.88,560.0,-0.175798,-0.194914
283.15,560.0,-0.176236,-0.195395
285.25,560.0,-0.177031,-0.196183
287.53,560.0,-0.177943,-0.196966
289.8,560.0,-0.179045,-0.198084
292.08,560.0,-0.180315,-0.199418
294.18,560.0,-0.181787,-0.20078
296.45,560.0,-0.18366,-0.202718
298.73,560.0,-0.186214,-0.205272
300.83,560.0,-0.188605,-0.207567
303.1,560.0,-0.191313,-0.210241
305.2,560.0,-0.193731,-0.212699
307.48,560.0,-0.196005,-0.214914
309.58,560.0,-0.198294,-0.217175
311.85,560.0,-0.200087,-0.219015
314.13,560.0,-0.201772,-0.220638
315.53,560.0,-0.202822,-0.221713
318.5,560.0,-0.203167,-0.222037
320.78,560.0,-0.202804,-0.221716
322.88,560.0,-0.20248,-0.221316
325.15,560.0,-0.202388,-0.221248
327.43,560.0,-0.20289,-0.221673
329.7,560.0,-0.203756,-0.222684
331.8,560.0,-0.204363,-0.223278
334.08,560.0,-0.204008,-0.222835
336.35,560.0,-0.203503,-0.222351
338.45,560.0,-0.202219,-0.220962
340.73,560.0,-0.200398,-0.219353
343.0,560.0,-0.199107,-0.217995
345.45,560.0,-0.197557,-0.216544
347.55,560.0,-0.196646,-0.215577
349.83,560.0,-0.19586,-0.214816
352.1,560.0,-0.195453,-0.21444
354.38,560.0,-0.194963,-0.213971
356.65,560.0,-0.193876,-0.212859
358.75,560.0,-0.192496,-0.211436
361.03,560.0,-0.190989,-0.210022
363.3,560.0,-0.189788,-0.208571
365.4,560.0,-0.188565,-0.207505
367.68,560.0,-0.187342,-0.206473
369.95,560.0,-0.186695,-0.205626
372.05,560.0,-0.186242,-0.205253
374.33,560.0,-0.186544,-0.205475
376.6,560.0,-0.18737,-0.206282
378.88,560.0,-0.189141,-0.20817
380.98,560.0,-0.191066,-0.210133
383.08,560.0,-0.192906,-0.21188
385.35,560.0,-0.194575,-0.213574
387.63,560.0,-0.19631,-0.215268
389.9,560.0,-0.197779,-0.21671
392.0,560.0,-0.19899,-0.217936
394.28,560.0,-0.199726,-0.218577
396.55,560.0,-0.20013,-0.218968
398.83,560.0,-0.200463,-0.219363
400.93,560.0,-0.201094,-0.219853
403.2,560.0,-0.201482,-0.220268
405.48,560.0,-0.201655,-0.220367
407.58,560.0,-0.201664,-0.22054
409.85,560.0,-0.201633,-0.220583
412.13,560.0,-0.201676,-0.220552
414.23,560.0,-0.201525,-0.220253
416.5,560.0,-0.201285,-0.220151
418.43,560.0,-0.20167,-0.220518
421.05,560.0,-0.202308,-0.221091
423.33,560.0,-0.203204,-0.222166
425.43,560.0,-0.204033,-0.222819
427.7,560.0,-0.204853,-0.223623
429.98,560.0,-0.205891,-0.224788
432.25,560.0,-0.207126,-0.225881
434.35,560.0,-0.20854,-0.227363
436.63,560.0,-0.210081,-0.228839
438.9,560.0,-0.211686,-0.230426
441.18,560.0,-0.212832,-0.231535
443.28,560.0,-0.213244,-0.231914
445.55,560.0,-0.213626,-0.232373
447.83,560.0,-0.213959,-0.232724
450.1,560.0,-0.213962,-0.23277
452.38,560.0,-0.214002,-0.232702
454.65,560.0,-0.213703,-0.232459
456.93,560.0,-0.21322,-0.232034
459.03,560.0,-0.212853,-0.231451
461.3,560.0,-0.21322,-0.231886
463.58,560.0,-0.213525,-0.232302
465.85,560.0,-0.213987,-0.232718
468.13,560.0,-0.214366,-0.233118
470.23,560.0,-0.214335,-0.233204
472.5,560.0,-0.213941,-0.232591
474.78,560.0,-0.213904,-0.232736
477.05,560.0,-0.21432,-0.232952
479.15,560.0,-0.215225,-0.234011
481.43,560.0,-0.216781,-0.235389
483.53,560.0,-0.218352,-0.237246
485.98,560.0,-0.220216,-0.238996
488.25,560.0,-0.221975,-0.240669
490.53,560.0,-0.223633,-0.242188
492.63,560.0,-0.225047,-0.243827
494.9,560.0,-0.225906,-0.24468
497.0,560.0,-0.226719,-0.245262
499.28,560.0,-0.226679,-0.245422
501.55,560.0,-0.226676,-0.245315
503.65,560.0,-0.226217,-0.244899
505.93,560.0,-0.225364,-0.244039
508.2,560.0,-0.223713,-0.242487
510.48,560.0,-0.222172,-0.240922
512.75,560.0,-0.220484,-0.239301
514.85,560.0,-0.218361,-0.237191
517.13,560.0,-0.215737,-0.234523
519.4,560.0,-0.213093,-0.231849
521.68,560.0,-0.210361,-0.229162
523.78,560.0,-0.207955,-0.226827
526.05,560.0,-0.205509,-0.224421
528.33,560.0,-0.20302,-0.221787
530.6,560.0,-0.200268,-0.219089
532.7,560.0,-0.198137,-0.216935
534.98,560.0,-0.195974,-0.214871
537.25,560.0,-0.194298,-0.213297
539.35,560.0,-0.19314,-0.212089
541.8,560.0,-0.192345,-0.211356
543.9,560.0,-0.191621,-0.210601
546.18,560.0,-0.190512,-0.209461
548.28,560.0,-0.189002,-0.207921
550.55,560.0,-0.186978,-0.206131
552.83,560.0,-0.185025,-0.203907
555.1,560.0,-0.18273,-0.20192
557.2,560.0,-0.181011,-0.20009
559.48,560.0,-0.179532,-0.198503
561.58,560.0,-0.177853,-0.197028
563.85,560.0,-0.176325,-0.195549
566.13,560.0,-0.175601,-0.194566
568.4,560.0,-0.174797,-0.193941
570.68,560.0,-0.174021,-0.193281
572.78,560.0,-0.173485,-0.192829
575.05,560.0,-0.172413,-0.191655
577.33,560.0,-0.171273,-0.190592
579.6,560.0,-0.170549,-0.189822
581.88,560.0,-0.170198,-0.18956
583.98,560.0,-0.170219,-0.189384
586.25,560.0,-0.170201,-0.189369
588.53,560.0,-0.169486,-0.18871
590.8,560.0,-0.167542,-0.186784
593.08,560.0,-0.163654,-0.182866
595.18,560.0,-0.158559,-0.17785
597.45,560.0,-0.152859,-0.172135
599.73,560.0,-0.147884,-0.167256
601.83,560.0,-0.143472,-0.162785
604.1,560.0,-0.140235,-0.159662
606.38,560.0,-0.138395,-0.157841
608.48,560.0,-0.137866,-0.157379
610.75,560.0,-0.137924,-0.157416
613.03,560.0,-0.138651,-0.158084
615.13,560.0,-0.139446,-0.158876
617.23,560.0,-0.140151,-0.159483
619.68,560.0,-0.140195,-0.159655
621.78,560.0,-0.138796,-0.158192
624.05,560.0,-0.137259,-0.156584
626.15,560.0,-0.135783,-0.155383
628.43,560.0,-0.13444,-0.153978
630.7,560.0,-0.132936,-0.152366
632.8,560.0,-0.130986,-0.150487
635.43,560.0,-0.128399,-0.148075
637.7,560.0,-0.127025,-0.146649
639.98,560.0,-0.126516,-0.146082
642.25,560.0,-0.126904,-0.146562
644.53,560.0,-0.127936,-0.147662
646.8,560.0,-0.128245,-0.147866
649.08,560.0,-0.127345,-0.14688
651.18,560.0,-0.123774,-0.143257
653.45,560.0,-0.118855,-0.1385
655.55,560.0,-0.113861,-0.133451
657.83,560.0,-0.110386,-0.130093
660.1,560.0,-0.108864,-0.128516
662.38,560.0,-0.108851,-0.128509
664.48,560.0,-0.110256,-0.129951
666.75,560.0,-0.112428,-0.132049
669.03,560.0,-0.115617,-0.135182
671.13,560.0,-0.119218,-0.138753
673.4,560.0,-0.12249,-0.141981
675.68,560.0,-0.124508,-0.144052
677.95,560.0,-0.12619,-0.145805
680.05,560.0,-0.127333,-0.14683
682.33,560.0,-0.128038,-0.147539
684.6,560.0,-0.128879,-0.148235
686.7,560.0,-0.12944,-0.149039
688.98,560.0,-0.13017,-0.149662
691.08,560.0,-0.131125,-0.150574
693.53,560.0,-0.131735,-0.151233
695.63,560.0,-0.132348,-0.15184
697.9,560.0,-0.132798,-0.152234
700.0,560.0,-0.133066,-0.152601
702.28,560.0,-0.133506,-0.15302
704.55,560.0,-0.133784,-0.153328
706.65,560.0,-0.133879,-0.153386
708.93,560.0,-0.13424,-0.153694
711.2,560.0,-0.134178,-0.153731
11.38,595.0,-0.071603,-0.092428
13.65,595.0,-0.070925,-0.091184
16.1,595.0,-0.070216,-0.090432
18.2,595.0,-0.069859,-0.089871
20.48,595.0,-0.068707,-0.088768
22.75,595.0,-0.066677,-0.086769
25.03,595.0,-0.063654,-0.083738
27.13,595.0,-0.060346,-0.080463
29.4,595.0,-0.058192,-0.078208
31.68,595.0,-0.057604,-0.077561
33.78,595.0,-0.058547,-0.078664
36.05,595.0,-0.06042,-0.080558
38.33,595.0,-0.062838,-0.083069
40.43,595.0,-0.064948,-0.084902
42.7,595.0,-0.066831,-0.086855
44.8,595.0,-0.068349,-0.088457
47.08,595.0,-0.0696,-0.089665
49.35,595.0,-0.070866,-0.090882
51.45,595.0,-0.072114,-0.092028
53.73,595.0,-0.074107,-0.094024
56.18,595.0,-0.076806,-0.096676
58.28,595.0,-0.079329,-0.099178
60.55,595.0,-0.081812,-0.101707
62.83,595.0,-0.084089,-0.104132
65.1,595.0,-0.085734,-0.105746
67.38,595.0,-0.086057,-0.10606
69.65,595.0,-0.084785,-0.104763
71.93,595.0,-0.083694,-0.103519
74.03,595.0,-0.082755,-0.102696
76.3,595.0,-0.082712,-0.102687
78.58,595.0,-0.083642,-0.103624
80.68,595.0,-0.085845,-0.105783
83.13,595.0,-0.090527,-0.110379
85.4,595.0,-0.094708,-0.114431
87.5,595.0,-0.098445,-0.118235
89.78,595.0,-0.102317,-0.121988
92.05,595.0,-0.10619,-0.12594
94.15,595.0,-0.110275,-0.129927
96.43,595.0,-0.114609,-0.134175
98.53,595.0,-0.119224,-0.138787
100.8,595.0,-0.123309,-0.142841
103.08,595.0,-0.126738,-0.146224
105.18,595.0,-0.130053,-0.149474
107.45,595.0,-0.132832,-0.152283
109.55,595.0,-0.135099,-0.154606
111.83,595.0,-0.13729,-0.156707
114.1,595.0,-0.140278,-0.159692
116.2,595.0,-0.143537,-0.162832
118.48,595.0,-0.146664,-0.166094
120.58,595.0,-0.149649,-0.168938
122.85,595.0,-0.152841,-0.172142
125.13,595.0,-0.155771,-0.175077
127.4,595.0,-0.157521,-0.176772
129.68,595.0,-0.158568,-0.177798
131.95,595.0,-0.159144,-0.178371
134.05,595.0,-0.160376,-0.179692
136.33,595.0,-0.162656,-0.181781
138.6,595.0,-0.165909,-0.185099
140.88,595.0,-0.169945,-0.189153
142.98,595.0,-0.174082,-0.193226
145.25,595.0,-0.178174,-0.197203
147.53,595.0,-0.181975,-0.201066
149.63,595.0,-0.185222,-0.204329
151.9,595.0,-0.188269,-0.207175
154.0,595.0,-0.191353,-0.210444
156.28,595.0,-0.194397,-0.213392
158.38,595.0,-0.197339,-0.216476
160.65,595.0,-0.200151,-0.218996
162.93,595.0,-0.202188,-0.221156
165.03,595.0,-0.203944,-0.222862
167.3,595.0,-0.204298,-0.223306
169.58,595.0,-0.203941,-0.222822
171.68,595.0,-0.203023,-0.221994
173.95,595.0,-0.201609,-0.220262
176.23,595.0,-0.200019,-0.218839
178.33,595.0,-0.19814,-0.217188
180.6,595.0,-0.196639,-0.215555
182.7,595.0,-0.19545,-0.214489
184.98,595.0,-0.194557,-0.213703
187.25,595.0,-0.193821,-0.212798
189.53,595.0,-0.192936,-0.211864
191.63,595.0,-0.191646,-0.210681
193.9,595.0,-0.189868,-0.208907
196.18,595.0,-0.187055,-0.206085
198.45,595.0,-0.183901,-0.202979
200.55,595.0,-0.18061,-0.199849
202.83,595.0,-0.177912,-0.19712
204.93,595.0,-0.176245,-0.195398
207.2,595.0,-0.175225,-0.194529
209.3,595.0,-0.174819,-0.193975
211.58,595.0,-0.174702,-0.194002
213.85,595.0,-0.174033,-0.193217
216.13,595.0,-0.173115,-0.192419
218.4,595.0,-0.171365,-0.190561
220.68,595.0,-0.168599,-0.187973
222.78,595.0,-0.164196,-0.183386
225.05,595.0,-0.158389,-0.177748
227.33,595.0,-0.151914,-0.171402
229.6,595.0,-0.146538,-0.165937
231.88,595.0,-0.141991,-0.161501
233.98,595.0,-0.138895,-0.158254
236.25,595.0,-0.137246,-0.156753
238.35,595.0,-0.136424,-0.155968
240.63,595.0,-0.136408,-0.155946
242.9,595.0,-0.137135,-0.156673
245.0,595.0,-0.138442,-0.157964
247.28,595.0,-0.139332,-0.158759
249.38,595.0,-0.139742,-0.159132
251.65,595.0,-0.138805,-0.158214
253.75,595.0,-0.137037,-0.156587
256.03,595.0,-0.135105,-0.154603
258.3,595.0,-0.132665,-0.152219
260.58,595.0,-0.130691,-0.150164
262.85,595.0,-0.129076,-0.148639
264.95,595.0,-0.127542,-0.147071
267.23,595.0,-0.126445,-0.145974
269.5,595.0,-0.125706,-0.145262
271.95,595.0,-0.124622,-0.144264
274.05,595.0,-0.123312,-0.142893
276.33,595.0,-0.121014,-0.140758
278.6,595.0,-0.11923,-0.138713
280.88,595.0,-0.118556,-0.138072
282.98,595.0,-0.119089,-0.138562
285.25,595.0,-0.120968,-0.140515
287.53,595.0,-0.123395,-0.143057
289.63,595.0,-0.126347,-0.145795
291.9,595.0,-0.12932,-0.148959
294.0,595.0,-0.13224,-0.151827
296.28,595.0,-0.135041,-0.154492
298.55,595.0,-0.137428,-0.15683
300.65,595.0,-0.140158,-0.159609
302.93,595.0,-0.142822,-0.162071
305.2,595.0,-0.144899,-0.164181
307.3,595.0,-0.146023,-0.165552
309.58,595.0,-0.146753,-0.166233
311.85,595.0,-0.147142,-0.166473
314.13,595.0,-0.147111,-0.166485
316.23,595.0,-0.147058,-0.166584
318.5,595.0,-0.147114,-0.166461
320.6,595.0,-0.147511,-0.166886
322.88,595.0,-0.148399,-0.167702
325.15,595.0,-0.149406,-0.168821
327.43,595.0,-0.150805,-0.170081
329.53,595.0,-0.152052,-0.171384
331.8,595.0,-0.153084,-0.17232
334.08,595.0,-0.154147,-0.173223
336.35,595.0,-0.154859,-0.174153
338.28,595.0,-0.155552,-0.174942
340.73,595.0,-0.156017,-0.175312
343.0,595.0,-0.156002,-0.175324
345.28,595.0,-0.155478,-0.174751
347.38,595.0,-0.154582,-0.173744
349.65,595.0,-0.153337,-0.172564
351.75,595.0,-0.151975,-0.171239
354.03,595.0,-0.150533,-0.169834
356.3,595.0,-0.148805,-0.168158
358.58,595.0,-0.147619,-0.167015
360.68,595.0,-0.146556,-0.165897
362.95,595.0,-0.145669,-0.165037
365.05,595.0,-0.14492,-0.164267
367.15,595.0,-0.144132,-0.163488
369.6,595.0,-0.143294,-0.162776
371.88,595.0,-0.142283,-0.161713
373.98,595.0,-0.141538,-0.16102
376.25,595.0,-0.141202,-0.160626
378.53,595.0,-0.141559,-0.161014
380.63,595.0,-0.142351,-0.161704
382.9,595.0,-0.142351,-0.161649
385.18,595.0,-0.142382,-0.161701
387.28,595.0,-0.142108,-0.161408
389.55,595.0,-0.141381,-0.160956
391.83,595.0,-0.140352,-0.159779
394.1,595.0,-0.138851,-0.15826
396.38,595.0,-0.137681,-0.157179
398.65,595.0,-0.13757,-0.15708
400.75,595.0,-0.138355,-0.157687
403.03,595.0,-0.139696,-0.159079
405.13,595.0,-0.140897,-0.160275
407.4,595.0,-0.141125,-0.16062
409.68,595.0,-0.141125,-0.160509
411.95,595.0,-0.14049,-0.159933
414.05,595.0,-0.139837,-0.159196
416.33,595.0,-0.139086,-0.158368
418.6,595.0,-0.138617,-0.158118
420.7,595.0,-0.138654,-0.15806
422.98,595.0,-0.138993,-0.158322
425.25,595.0,-0.139471,-0.158716
427.35,595.0,-0.139816,-0.15903
429.63,595.0,-0.140478,-0.159816
431.9,595.0,-0.141572,-0.161051
434.0,595.0,-0.143377,-0.162887
436.28,595.0,-0.146048,-0.165222
438.55,595.0,-0.148941,-0.168312
440.65,595.0,-0.152403,-0.171599
443.28,595.0,-0.156137,-0.175395
445.38,595.0,-0.158818,-0.178124
447.65,595.0,-0.161384,-0.180644
449.93,595.0,-0.16395,-0.183103
452.2,595.0,-0.166137,-0.185275
454.3,595.0,-0.167696,-0.186883
456.58,595.0,-0.168891,-0.188121
458.68,595.0,-0.169822,-0.189116
460.95,595.0,-0.170709,-0.189831
463.05,595.0,-0.17102,-0.19013
465.33,595.0,-0.170737,-0.190062
467.6,595.0,-0.169391,-0.188611
469.88,595.0,-0.166821,-0.186008
471.98,595.0,-0.162906,-0.182068
474.25,595.0,-0.159042,-0.178229
476.35,595.0,-0.155084,-0.174277
478.63,595.0,-0.152132,-0.171451
480.9,595.0,-0.150746,-0.170161
483.18,595.0,-0.151322,-0.170684
485.45,595.0,-0.153556,-0.172801
487.55,595.0,-0.156673,-0.175996
490.18,595.0,-0.161211,-0.180441
492.63,595.0,-0.165595,-0.184797
494.73,595.0,-0.170296,-0.18948
497.0,595.0,-0.174341,-0.193574
499.28,595.0,-0.178703,-0.197927
501.55,595.0,-0.18204,-0.200989
503.83,595.0,-0.184939,-0.203885
505.93,595.0,-0.187219,-0.206146
508.2,595.0,-0.189785,-0.20883
510.48,595.0,-0.192631,-0.211719
512.75,595.0,-0.195379,-0.214341
514.85,595.0,-0.197881,-0.216837
517.13,595.0,-0.199723,-0.21866
519.4,595.0,-0.200826,-0.219662
521.68,595.0,-0.202024,-0.220872
523.78,595.0,-0.20252,-0.221473
526.05,595.0,-0.202514,-0.221251
528.15,595.0,-0.201944,-0.220857
530.43,595.0,-0.201171,-0.220053
532.7,595.0,-0.200065,-0.218956
534.98,595.0,-0.198901,-0.217955
537.25,595.0,-0.197175,-0.216097
539.53,595.0,-0.195191,-0.214166
541.63,595.0,-0.193001,-0.212015
543.9,595.0,-0.190401,-0.209504
546.18,595.0,-0.187671,-0.206732
548.28,595.0,-0.184769,-0.20387
550.55,595.0,-0.180503,-0.199554
552.65,595.0,-0.174501,-0.193703
554.93,595.0,-0.167126,-0.186304
557.38,595.0,-0.158294,-0.177545
559.65,595.0,-0.149384,-0.168793
561.93,595.0,-0.142542,-0.162074
564.03,595.0,-0.137308,-0.156827
566.48,595.0,-0.134129,-0.153657
568.75,595.0,-0.132391,-0.151806
570.85,595.0,-0.132425,-0.151781
573.13,595.0,-0.1331,-0.152678
575.4,595.0,-0.134631,-0.154021
577.5,595.0,-0.136029,-0.155527
579.78,595.0,-0.137859,-0.157197
582.05,595.0,-0.139381,-0.158799
584.33,595.0,-0.140401,-0.159973
586.6,595.0,-0.140509,-0.15989
588.88,595.0,-0.139652,-0.159092
590.98,595.0,-0.138044,-0.157339
593.6,595.0,-0.135688,-0.15537
595.7,595.0,-0.133371,-0.152785
597.98,595.0,-0.131347,-0.1509
600.08,595.0,-0.13086,-0.150475
602.53,595.0,-0.131165,-0.150795
604.8,595.0,-0.131301,-0.150703
607.08,595.0,-0.130879,-0.150444
609.18,595.0,-0.129384,-0.148818
611.8,595.0,-0.126436,-0.146023
613.9,595.0,-0.123556,-0.143214
616.18,595.0,-0.120259,-0.139954
618.45,595.0,-0.117286,-0.136809
621.08,595.0,-0.115681,-0.135601
623.18,595.0,-0.116233,-0.135832
625.45,595.0,-0.117903,-0.137527
627.73,595.0,-0.1198,-0.139591
630.18,595.0,-0.121726,-0.141445
632.45,595.0,-0.122792,-0.1424
634.55,595.0,-0.123466,-0.143143
636.83,595.0,-0.124289,-0.143956
639.1,595.0,-0.12489,-0.144582
641.2,595.0,-0.124769,-0.144347
643.48,595.0,-0.123904,-0.143432
645.75,595.0,-0.122511,-0.142256
647.85,595.0,-0.120752,-0.140342
649.95,595.0,-0.118405,-0.138081
652.23,595.0,-0.116461,-0.135986
654.5,595.0,-0.114671,-0.134372
656.6,595.0,-0.113488,-0.133168
659.05,595.0,-0.1129,-0.132708
661.33,595.0,-0.112801,-0.132453
663.43,595.0,-0.113121,-0.132764
665.7,595.0,-0.113476,-0.133164
667.98,595.0,-0.113892,-0.13354
670.25,595.0,-0.114634,-0.134323
672.53,595.0,-0.115466,-0.134991
674.63,595.0,-0.116769,-0.136384
676.9,595.0,-0.118131,-0.137776
679.18,595.0,-0.119119,-0.138608
681.45,595.0,-0.120016,-0.139726
683.73,595.0,-0.120746,-0.14033
685.83,595.0,-0.121221,-0.14082
688.1,595.0,-0.121251,-0.140934
690.2,595.0,-0.121236,-0.140777
692.48,595.0,-0.120795,-0.140444
694.75,595.0,-0.120845,-0.140395
696.85,595.0,-0.121119,-0.140798
699.13,595.0,-0.121606,-0.141217
701.4,595.0,-0.122003,-0.141633
703.5,595.0,-0.122357,-0.142068
705.78,595.0,-0.122708,-0.142348
708.05,595.0,-0.1231,-0.142736
710.33,595.0,-0.123494,-0.143047
11.2,630.0,-0.075244,-0.095888
13.48,630.0,-0.076378,-0.096393
15.93,630.0,-0.07842,-0.098534
18.2,630.0,-0.080845,-0.1007
20.3,630.0,-0.083229,-0.103282
22.93,630.0,-0.085749,-0.105906
25.2,630.0,-0.088054,-0.10794
27.48,630.0,-0.090423,-0.110423
29.75,630.0,-0.092761,-0.112718
31.85,630.0,-0.094779,-0.114545
34.13,630.0,-0.096091,-0.11606
36.4,630.0,-0.096809,-0.116686
38.5,630.0,-0.097317,-0.117179
40.78,630.0,-0.098014,-0.117844
43.05,630.0,-0.098482,-0.118282
45.33,630.0,-0.097801,-0.117647
47.6,630.0,-0.096125,-0.116147
49.7,630.0,-0.09269,-0.112551
51.98,630.0,-0.088744,-0.10871
54.25,630.0,-0.086251,-0.106248
56.53,630.0,-0.085118,-0.10501
58.8,630.0,-0.084948,-0.104961
60.9,630.0,-0.085946,-0.105891
63.18,630.0,-0.088513,-0.108506
65.28,630.0,-0.092656,-0.11249
67.55,630.0,-0.09753,-0.117357
69.83,630.0,-0.102998,-0.122736
72.1,630.0,-0.108174,-0.127786
74.2,630.0,-0.112388,-0.131978
76.48,630.0,-0.116652,-0.136319
78.75,630.0,-0.12066,-0.140185
81.03,630.0,-0.124255,-0.143814
83.13,630.0,-0.127665,-0.147212
85.4,630.0,-0.130641,-0.150022
87.5,630.0,-0.132622,-0.152074
89.95,630.0,-0.134492,-0.154082
92.23,630.0,-0.135854,-0.155518
94.33,630.0,-0.137505,-0.157021
96.6,630.0,-0.140598,-0.159877
98.53,630.0,-0.144526,-0.16399
100.98,630.0,-0.148315,-0.167773
103.25,630.0,-0.152068,-0.171384
105.53,630.0,-0.156042,-0.175247
107.63,630.0,-0.159686,-0.178904
109.9,630.0,-0.16212,-0.181381
112.18,630.0,-0.164292,-0.183531
114.28,630.0,-0.166147,-0.185321
116.55,630.0,-0.168312,-0.187462
118.83,630.0,-0.171381,-0.190681
120.93,630.0,-0.175284,-0.194409
123.2,630.0,-0.179991,-0.199048
125.48,630.0,-0.184957,-0.204045
127.75,630.0,-0.189563,-0.208651
130.03,630.0,-0.194039,-0.213078
132.3,630.0,-0.198244,-0.217071
134.4,630.0,-0.201784,-0.220567
136.68,630.0,-0.205808,-0.224621
138.95,630.0,-0.210145,-0.228922
141.05,630.0,-0.214384,-0.233201
143.33,630.0,-0.219082,-0.237865
145.6,630.0,-0.224295,-0.243013
147.7,630.0,-0.228438,-0.246957
149.98,630.0,-0.232967,-0.251593
152.25,630.0,-0.236944,-0.25558
154.35,630.0,-0.239723,-0.258414
156.63,630.0,-0.242043,-0.260706
158.73,630.0,-0.243953,-0.262511
161.0,630.0,-0.245244,-0.263888
163.28,630.0,-0.2463,-0.264779
165.38,630.0,-0.246627,-0.265182
167.65,630.0,-0.246581,-0.265179
169.93,630.0,-0.245786,-0.264489
172.2,630.0,-0.244769,-0.263269
174.3,630.0,-0.24306,-0.261753
176.58,630.0,-0.241273,-0.259985
178.68,630.0,-0.239181,-0.257767
180.95,630.0,-0.237169,-0.255746
183.23,630.0,-0.234532,-0.25326
185.5,630.0,-0.231957,-0.250657
187.78,630.0,-0.229089,-0.247773
189.88,630.0,-0.225752,-0.244489
192.15,630.0,-0.221322,-0.24017
194.43,630.0,-0.216612,-0.235389
196.53,630.0,-0.211464,-0.230265
198.8,630.0,-0.205709,-0.224538
201.08,630.0,-0.200139,-0.219119
203.35,630.0,-0.19582,-0.214877
205.63,630.0,-0.192034,-0.211094
207.73,630.0,-0.189113,-0.208247
210.0,630.0,-0.187145,-0.206122
212.28,630.0,-0.185808,-0.204837
214.38,630.0,-0.183827,-0.202912
216.48,630.0,-0.180681,-0.199942
218.75,630.0,-0.176519,-0.195638
221.03,630.0,-0.172138,-0.191492
223.13,630.0,-0.167539,-0.186911
225.4,630.0,-0.163288,-0.182634
227.68,630.0,-0.159708,-0.178864
229.95,630.0,-0.155463,-0.174736
232.05,630.0,-0.150765,-0.170105
234.33,630.0,-0.146621,-0.166113
236.6,630.0,-0.143118,-0.162591
239.05,630.0,-0.140275,-0.159871
241.33,630.0,-0.138667,-0.158004
243.43,630.0,-0.13683,-0.156257
245.7,630.0,-0.134769,-0.154196
247.98,630.0,-0.132021,-0.151532
250.08,630.0,-0.129911,-0.149323
252.35,630.0,-0.128152,-0.147795
254.63,630.0,-0.127521,-0.147071
256.73,630.0,-0.127166,-0.146704
259.0,630.0,-0.127135,-0.146763
261.1,630.0,-0.126957,-0.146448
263.38,630.0,-0.126421,-0.145857
265.65,630.0,-0.125038,-0.144631
267.93,630.0,-0.123445,-0.143044
270.03,630.0,-0.122034,-0.141744
272.3,630.0,-0.120854,-0.140552
274.58,630.0,-0.120306,-0.139973
276.68,630.0,-0.119994,-0.139615
278.95,630.0,-0.120084,-0.13968
281.23,630.0,-0.119634,-0.139249
283.33,630.0,-0.119646,-0.139221
285.6,630.0,-0.119649,-0.139397
287.88,630.0,-0.119637,-0.139221
289.98,630.0,-0.119652,-0.139267
292.25,630.0,-0.119643,-0.139267
294.53,630.0,-0.118836,-0.138528
296.63,630.0,-0.117345,-0.137049
299.08,630.0,-0.11525,-0.134825
301.35,630.0,-0.112887,-0.132499
303.45,630.0,-0.111156,-0.130903
305.73,630.0,-0.110392,-0.130038
308.0,630.0,-0.109588,-0.12923
310.1,630.0,-0.109631,-0.129326
312.38,630.0,-0.110389,-0.130059
314.65,630.0,-0.111211,-0.130734
316.93,630.0,-0.111963,-0.131698
319.03,630.0,-0.112105,-0.131852
321.3,630.0,-0.111331,-0.130956
323.4,630.0,-0.109739,-0.129341
325.85,630.0,-0.106812,-0.126445
327.95,630.0,-0.102789,-0.122477
330.23,630.0,-0.097693,-0.117533
332.5,630.0,-0.091827,-0.111738
334.6,630.0,-0.084428,-0.104446
336.88,630.0,-0.076464,-0.096439
339.15,630.0,-0.068525,-0.088614
341.43,630.0,-0.061048,-0.08123
343.7,630.0,-0.055524,-0.075635
345.8,630.0,-0.051396,-0.071717
348.08,630.0,-0.048722,-0.069076
350.18,630.0,-0.047049,-0.067493
352.45,630.0,-0.046325,-0.066609
354.73,630.0,-0.046335,-0.06659
356.83,630.0,-0.046664,-0.067071
359.1,630.0,-0.047022,-0.067382
361.38,630.0,-0.047595,-0.067967
363.48,630.0,-0.048152,-0.068525
365.75,630.0,-0.048466,-0.06883
368.03,630.0,-0.049052,-0.069437
369.95,630.0,-0.050922,-0.07131
372.4,630.0,-0.053919,-0.074086
374.68,630.0,-0.057792,-0.07798
376.95,630.0,-0.061658,-0.081652
379.05,630.0,-0.066338,-0.08631
381.33,630.0,-0.0711,-0.091073
383.43,630.0,-0.07603,-0.095848
385.7,630.0,-0.08049,-0.10038
387.98,630.0,-0.084317,-0.104326
390.08,630.0,-0.087875,-0.107742
392.35,630.0,-0.091713,-0.111609
394.63,630.0,-0.095601,-0.1155
396.9,630.0,-0.099129,-0.119083
399.0,630.0,-0.102718,-0.122397
401.28,630.0,-0.105235,-0.124982
403.55,630.0,-0.107105,-0.126821
405.65,630.0,-0.108651,-0.12846
407.93,630.0,-0.110296,-0.129813
410.03,630.0,-0.111735,-0.131439
412.3,630.0,-0.113719,-0.133291
414.58,630.0,-0.115515,-0.135053
416.85,630.0,-0.117484,-0.137129
419.13,630.0,-0.119289,-0.138938
421.4,630.0,-0.121291,-0.140993
423.5,630.0,-0.123192,-0.142758
425.78,630.0,-0.124656,-0.144187
428.05,630.0,-0.126769,-0.146322
430.15,630.0,-0.129113,-0.148704
432.43,630.0,-0.131713,-0.151171
434.7,630.0,-0.13399,-0.153586
436.98,630.0,-0.135946,-0.155395
439.08,630.0,-0.137317,-0.156769
441.35,630.0,-0.13866,-0.158146
443.45,630.0,-0.139973,-0.159375
445.73,630.0,-0.141076,-0.16049
448.0,630.0,-0.141843,-0.161242
450.28,630.0,-0.142283,-0.161713
452.55,630.0,-0.143029,-0.162308
454.65,630.0,-0.143768,-0.163063
456.93,630.0,-0.144739,-0.16419
459.03,630.0,-0.145629,-0.164887
461.3,630.0,-0.146479,-0.165765
463.58,630.0,-0.148183,-0.167576
465.68,630.0,-0.1507,-0.169954
467.95,630.0,-0.153491,-0.172684
470.23,630.0,-0.155888,-0.175004
472.33,630.0,-0.15753,-0.176778
474.6,630.0,-0.158941,-0.17813
476.88,630.0,-0.159908,-0.179264
478.98,630.0,-0.160034,-0.179267
481.25,630.0,-0.160204,-0.179597
483.53,630.0,-0.161091,-0.180444
485.8,630.0,-0.162976,-0.182212
487.9,630.0,-0.165493,-0.184806
490.18,630.0,-0.168167,-0.18745
492.28,630.0,-0.17037,-0.18948
494.55,630.0,-0.171639,-0.19086
496.83,630.0,-0.171975,-0.191282
499.1,630.0,-0.170956,-0.190213
501.03,630.0,-0.169135,-0.188383
503.48,630.0,-0.166889,-0.186146
505.75,630.0,-0.164843,-0.184129
508.03,630.0,-0.163417,-0.182644
510.13,630.0,-0.162702,-0.181984
512.4,630.0,-0.163029,-0.182277
514.5,630.0,-0.163972,-0.183257
516.78,630.0,-0.165974,-0.185358
519.05,630.0,-0.168814,-0.188171
521.15,630.0,-0.171874,-0.191143
523.43,630.0,-0.17415,-0.193318
525.7,630.0,-0.175989,-0.195099
527.98,630.0,-0.177314,-0.196492
530.25,630.0,-0.17818,-0.197342
532.53,630.0,-0.178728,-0.197856
534.63,630.0,-0.178891,-0.19809
536.9,630.0,-0.178257,-0.197373
539.18,630.0,-0.177474,-0.196513
541.45,630.0,-0.176073,-0.195216
543.73,630.0,-0.174375,-0.193549
545.83,630.0,-0.172554,-0.191809
548.45,630.0,-0.169862,-0.189178
550.55,630.0,-0.167145,-0.186294
552.83,630.0,-0.164378,-0.183565
555.1,630.0,-0.161627,-0.181069
557.38,630.0,-0.159751,-0.179021
559.48,630.0,-0.15802,-0.177354
561.75,630.0,-0.156686,-0.176091
564.03,630.0,-0.155059,-0.17424
566.13,630.0,-0.152598,-0.171947
568.4,630.0,-0.149049,-0.168365
570.68,630.0,-0.145065,-0.16444
572.78,630.0,-0.140401,-0.159794
575.05,630.0,-0.136667,-0.156159
577.15,630.0,-0.134347,-0.153931
579.43,630.0,-0.132903,-0.152286
581.7,630.0,-0.131322,-0.150842
583.98,630.0,-0.129498,-0.149039
586.08,630.0,-0.127736,-0.147237
588.35,630.0,-0.126794,-0.146405
590.63,630.0,-0.126082,-0.145497
592.73,630.0,-0.124606,-0.144344
595.18,630.0,-0.123127,-0.142758
597.45,630.0,-0.121874,-0.141587
599.55,630.0,-0.122262,-0.141784
601.83,630.0,-0.123266,-0.142838
604.1,630.0,-0.123969,-0.143454
606.2,630.0,-0.124791,-0.144394
608.48,630.0,-0.12529,-0.144939
610.75,630.0,-0.126143,-0.145574
612.85,630.0,-0.127065,-0.146507
615.13,630.0,-0.12793,-0.147468
617.23,630.0,-0.128294,-0.147832
619.5,630.0,-0.128275,-0.147792
621.6,630.0,-0.127789,-0.14728
623.7,630.0,-0.127154,-0.146716
626.15,630.0,-0.126781,-0.146316
628.43,630.0,-0.12668,-0.146233
630.53,630.0,-0.126815,-0.146307
632.8,630.0,-0.126048,-0.145564
635.08,630.0,-0.124394,-0.144002
637.18,630.0,-0.122259,-0.141772
639.45,630.0,-0.118993,-0.138602
641.73,630.0,-0.115983,-0.135654
643.83,630.0,-0.113901,-0.133509
646.1,630.0,-0.112696,-0.13232
648.2,630.0,-0.112339,-0.132034
650.48,630.0,-0.112635,-0.132274
652.75,630.0,-0.1135,-0.133155
655.03,630.0,-0.115432,-0.135151
657.3,630.0,-0.118115,-0.137656
659.4,630.0,-0.120487,-0.14017
661.85,630.0,-0.122521,-0.142191
663.95,630.0,-0.123768,-0.143383
666.23,630.0,-0.124911,-0.144381
668.33,630.0,-0.125974,-0.14549
670.25,630.0,-0.126775,-0.146273
672.88,630.0,-0.12741,-0.146895
674.98,630.0,-0.12789,-0.14741
677.25,630.0,-0.127456,-0.147132
679.35,630.0,-0.1272,-0.146732
681.8,630.0,-0.12679,-0.146362
683.9,630.0,-0.127203,-0.146658
686.18,630.0,-0.128232,-0.147675
688.45,630.0,-0.12931,-0.148861
690.55,630.0,-0.130142,-0.149498
692.83,630.0,-0.130503,-0.150096
694.93,630.0,-0.130481,-0.149887
697.2,630.0,-0.130497,-0.150062
699.48,630.0,-0.130463,-0.150037
701.93,630.0,-0.130882,-0.150327
704.2,630.0,-0.131236,-0.150691
706.3,630.0,-0.131276,-0.150795
708.58,630.0,-0.13123,-0.150647
710.85,630.0,-0.13086,-0.15037
11.38,665.0,-0.094893,-0.115333
13.48,665.0,-0.094129,-0.114049
16.1,665.0,-0.092296,-0.112397
18.38,665.0,-0.090041,-0.109902
20.48,665.0,-0.087684,-0.107588
22.75,665.0,-0.085484,-0.105564
25.03,665.0,-0.084221,-0.1042
27.3,665.0,-0.083768,-0.103691
29.4,665.0,-0.08416,-0.104212
31.68,665.0,-0.085897,-0.105792
33.95,665.0,-0.088525,-0.108399
36.05,665.0,-0.091621,-0.111452
38.33,665.0,-0.094169,-0.114107
40.6,665.0,-0.096452,-0.116298
42.7,665.0,-0.098553,-0.118506
44.98,665.0,-0.102206,-0.122068
47.08,665.0,-0.106461,-0.126085
49.35,665.0,-0.110604,-0.130336
51.63,665.0,-0.115204,-0.134806
53.73,665.0,-0.119612,-0.139203
56.0,665.0,-0.123038,-0.142681
58.1,665.0,-0.125866,-0.14546
60.38,665.0,-0.12883,-0.148195
62.65,665.0,-0.131301,-0.150848
64.75,665.0,-0.133038,-0.152542
67.03,665.0,-0.134267,-0.153663
69.3,665.0,-0.135019,-0.154384
71.58,665.0,-0.135256,-0.154788
73.68,665.0,-0.135349,-0.154865
75.95,665.0,-0.135296,-0.154702
78.05,665.0,-0.135204,-0.154769
80.33,665.0,-0.135977,-0.155441
82.6,665.0,-0.137724,-0.157182
84.7,665.0,-0.140952,-0.160315
86.98,665.0,-0.144933,-0.164381
89.25,665.0,-0.14875,-0.168217
91.35,665.0,-0.152986,-0.172222
93.63,665.0,-0.156411,-0.175774
95.9,665.0,-0.159021,-0.178214
98.18,665.0,-0.160475,-0.179797
100.45,665.0,-0.161495,-0.180721
102.55,665.0,-0.163864,-0.183109
104.83,665.0,-0.167524,-0.186846
107.1,665.0,-0.172699,-0.191972
109.55,665.0,-0.179079,-0.198414
111.83,665.0,-0.184982,-0.204052
113.93,665.0,-0.190345,-0.209212
116.2,665.0,-0.195684,-0.214658
118.48,665.0,-0.200727,-0.219523
120.75,665.0,-0.205727,-0.224603
122.85,665.0,-0.210687,-0.22939
125.13,665.0,-0.215459,-0.234276
127.58,665.0,-0.221276,-0.24005
129.85,665.0,-0.225946,-0.244597
131.95,665.0,-0.231334,-0.249886
134.23,665.0,-0.237,-0.255518
136.68,665.0,-0.243186,-0.261704
138.78,665.0,-0.249418,-0.267912
141.05,665.0,-0.255028,-0.273537
143.33,665.0,-0.260527,-0.279045
145.43,665.0,-0.264886,-0.283226
147.7,665.0,-0.269209,-0.287434
149.98,665.0,-0.272548,-0.290841
152.08,665.0,-0.275225,-0.293506
154.35,665.0,-0.276541,-0.294812
156.45,665.0,-0.277718,-0.295869
158.73,665.0,-0.278161,-0.296347
161.0,665.0,-0.278531,-0.296778
163.1,665.0,-0.278429,-0.296719
165.38,665.0,-0.277878,-0.296051
167.65,665.0,-0.27692,-0.295194
169.75,665.0,-0.276002,-0.29435
172.03,665.0,-0.274464,-0.292949
174.3,665.0,-0.272708,-0.290952
176.4,665.0,-0.270607,-0.288931
178.68,665.0,-0.268525,-0.286849
180.95,665.0,-0.266328,-0.284769
182.88,665.0,-0.263833,-0.282191
185.33,665.0,-0.260958,-0.279461
187.43,665.0,-0.257286,-0.275669
189.7,665.0,-0.253241,-0.271689
191.98,665.0,-0.24932,-0.26797
194.25,665.0,-0.244816,-0.263395
196.35,665.0,-0.239486,-0.258016
198.63,665.0,-0.234045,-0.252718
200.73,665.0,-0.228211,-0.246984
203.18,665.0,-0.222699,-0.24155
205.28,665.0,-0.217098,-0.235845
207.55,665.0,-0.211476,-0.230376
209.83,665.0,-0.206565,-0.225484
212.1,665.0,-0.201938,-0.220835
214.38,665.0,-0.198186,-0.217178
216.48,665.0,-0.193759,-0.212816
218.75,665.0,-0.188744,-0.207724
221.03,665.0,-0.184098,-0.20306
223.13,665.0,-0.179526,-0.19866
225.4,665.0,-0.174458,-0.193654
227.68,665.0,-0.169082,-0.188288
229.78,665.0,-0.163201,-0.182514
232.05,665.0,-0.158035,-0.177326
234.33,665.0,-0.153044,-0.172403
236.6,665.0,-0.148583,-0.167921
238.88,665.0,-0.144129,-0.163543
240.98,665.0,-0.139372,-0.158811
243.25,665.0,-0.135533,-0.155105
245.53,665.0,-0.13233,-0.151889
247.63,665.0,-0.130275,-0.149643
249.9,665.0,-0.128919,-0.148479
252.18,665.0,-0.127915,-0.147465
254.45,665.0,-0.126532,-0.14619
256.55,665.0,-0.125216,-0.144763
258.65,665.0,-0.124169,-0.143759
260.93,665.0,-0.123383,-0.14301
263.2,665.0,-0.123516,-0.143118
265.48,665.0,-0.122884,-0.14249
267.58,665.0,-0.121646,-0.14123
269.85,665.0,-0.11993,-0.13944
272.13,665.0,-0.117459,-0.137108
274.4,665.0,-0.114566,-0.134172
276.5,665.0,-0.111689,-0.131445
278.78,665.0,-0.109203,-0.128836
281.05,665.0,-0.10562,-0.125358
283.15,665.0,-0.100925,-0.120688
285.43,665.0,-0.096023,-0.115885
287.7,665.0,-0.090943,-0.110928
289.8,665.0,-0.086849,-0.10676
292.08,665.0,-0.083808,-0.103716
294.18,665.0,-0.080913,-0.100891
296.63,665.0,-0.078473,-0.098537
298.73,665.0,-0.076655,-0.096633
301.0,665.0,-0.075805,-0.095962
303.1,665.0,-0.076375,-0.096458
305.38,665.0,-0.077896,-0.097859
307.65,665.0,-0.079267,-0.099126
309.75,665.0,-0.079616,-0.099511
312.03,665.0,-0.079187,-0.099147
314.3,665.0,-0.07806,-0.098168
316.58,665.0,-0.077724,-0.097742
318.68,665.0,-0.078386,-0.098371
320.95,665.0,-0.080182,-0.100148
323.4,665.0,-0.082496,-0.10257
325.68,665.0,-0.084234,-0.104138
327.78,665.0,-0.084979,-0.104997
330.05,665.0,-0.084791,-0.104834
332.5,665.0,-0.082946,-0.103103
334.6,665.0,-0.080022,-0.099924
336.88,665.0,-0.077336,-0.097317
339.15,665.0,-0.075857,-0.095826
341.6,665.0,-0.075417,-0.095586
343.88,665.0,-0.075651,-0.095783
345.98,665.0,-0.076162,-0.096205
348.25,665.0,-0.077108,-0.097102
350.7,665.0,-0.078112,-0.098097
352.98,665.0,-0.078112,-0.098103
355.25,665.0,-0.078146,-0.097995
357.35,665.0,-0.078106,-0.098198
359.63,665.0,-0.078149,-0.098214
361.9,665.0,-0.078503,-0.098608
364.18,665.0,-0.078898,-0.098848
366.28,665.0,-0.07883,-0.098842
368.55,665.0,-0.077847,-0.097782
370.83,665.0,-0.076402,-0.096396
372.93,665.0,-0.07464,-0.094551
375.2,665.0,-0.072555,-0.092579
377.48,665.0,-0.071409,-0.09143
379.58,665.0,-0.070626,-0.090611
381.85,665.0,-0.071285,-0.09131
384.13,665.0,-0.073097,-0.093208
386.23,665.0,-0.075681,-0.095607
388.5,665.0,-0.078282,-0.098257
390.78,665.0,-0.080558,-0.100484
392.88,665.0,-0.082881,-0.102946
395.15,665.0,-0.085161,-0.105093
397.43,665.0,-0.087937,-0.107847
399.53,665.0,-0.09042,-0.110367
401.8,665.0,-0.092668,-0.112635
404.08,665.0,-0.094865,-0.11464
406.18,665.0,-0.096267,-0.116193
408.45,665.0,-0.096889,-0.11667
410.73,665.0,-0.09676,-0.116781
413.0,665.0,-0.096772,-0.116744
415.28,665.0,-0.096181,-0.115996
417.38,665.0,-0.095324,-0.115148
419.65,665.0,-0.094535,-0.114261
421.93,665.0,-0.09444,-0.114372
424.03,665.0,-0.095518,-0.115389
426.3,665.0,-0.097182,-0.11692
428.58,665.0,-0.098793,-0.11866
430.85,665.0,-0.101572,-0.121381
433.13,665.0,-0.105475,-0.125247
435.23,665.0,-0.110247,-0.129899
437.5,665.0,-0.114785,-0.134508
439.78,665.0,-0.119905,-0.139501
441.88,665.0,-0.123513,-0.143106
444.15,665.0,-0.12603,-0.14557
446.43,665.0,-0.127764,-0.147336
448.7,665.0,-0.129464,-0.148904
450.98,665.0,-0.131313,-0.150811
453.08,665.0,-0.133627,-0.153183
455.35,665.0,-0.136054,-0.155478
457.63,665.0,-0.138177,-0.157659
459.73,665.0,-0.140469,-0.15984
462.0,665.0,-0.142764,-0.162262
464.1,665.0,-0.145081,-0.164554
466.38,665.0,-0.147718,-0.167092
468.65,665.0,-0.149323,-0.168713
470.75,665.0,-0.150416,-0.169723
473.03,665.0,-0.151177,-0.170561
475.3,665.0,-0.152209,-0.171424
477.4,665.0,-0.153645,-0.172862
479.68,665.0,-0.155857,-0.175022
481.95,665.0,-0.157696,-0.177034
484.05,665.0,-0.159387,-0.178781
486.33,665.0,-0.160894,-0.180259
488.6,665.0,-0.162166,-0.181553
491.05,665.0,-0.163072,-0.182336
493.33,665.0,-0.162708,-0.181923
495.6,665.0,-0.161914,-0.181196
497.7,665.0,-0.161495,-0.180715
500.15,665.0,-0.161649,-0.180992
502.43,665.0,-0.162625,-0.181988
504.53,665.0,-0.164557,-0.183707
506.8,665.0,-0.167373,-0.186587
509.25,665.0,-0.171017,-0.190253
511.53,665.0,-0.173854,-0.193106
513.8,665.0,-0.174686,-0.193944
516.08,665.0,-0.173996,-0.193137
518.35,665.0,-0.171889,-0.191211
520.63,665.0,-0.169541,-0.18878
522.73,665.0,-0.167351,-0.186584
525.0,665.0,-0.165718,-0.184859
527.45,665.0,-0.164196,-0.183398
529.73,665.0,-0.163081,-0.182453
532.0,665.0,-0.162428,-0.181655
534.28,665.0,-0.162348,-0.181522
536.73,665.0,-0.161867,-0.181304
539.0,665.0,-0.161972,-0.181177
541.28,665.0,-0.161923,-0.181316
543.38,665.0,-0.161621,-0.181026
545.65,665.0,-0.161553,-0.180805
547.93,665.0,-0.161661,-0.180968
550.2,665.0,-0.161525,-0.180875
552.3,665.0,-0.161208,-0.180435
554.58,665.0,-0.159951,-0.179249
556.85,665.0,-0.157681,-0.177095
558.95,665.0,-0.154751,-0.174042
561.23,665.0,-0.151529,-0.17086
563.5,665.0,-0.148617,-0.168094
565.78,665.0,-0.146174,-0.165678
568.05,665.0,-0.144012,-0.163352
570.33,665.0,-0.14253,-0.161784
572.43,665.0,-0.141073,-0.16037
574.7,665.0,-0.139304,-0.158614
576.8,665.0,-0.137628,-0.157169
579.08,665.0,-0.136418,-0.155879
581.35,665.0,-0.135743,-0.155447
583.45,665.0,-0.134674,-0.154218
585.73,665.0,-0.133368,-0.152986
587.83,665.0,-0.132018,-0.151606
590.1,665.0,-0.131196,-0.150629
592.38,665.0,-0.131214,-0.150765
594.48,665.0,-0.131889,-0.151375
596.75,665.0,-0.13273,-0.15212
599.03,665.0,-0.133032,-0.152502
601.13,665.0,-0.13301,-0.152705
603.4,665.0,-0.132693,-0.152317
605.68,665.0,-0.132268,-0.151849
607.78,665.0,-0.131381,-0.150965
610.05,665.0,-0.130047,-0.1496
612.15,665.0,-0.128808,-0.148448
614.6,665.0,-0.128189,-0.147733
616.7,665.0,-0.127875,-0.147508
618.98,665.0,-0.127576,-0.147083
621.25,665.0,-0.126538,-0.146079
623.35,665.0,-0.12472,-0.14435
625.63,665.0,-0.122946,-0.142579
627.9,665.0,-0.121224,-0.140962
630.0,665.0,-0.120413,-0.140037
632.28,665.0,-0.120792,-0.140527
634.38,665.0,-0.121954,-0.141602
636.65,665.0,-0.123309,-0.142881
638.93,665.0,-0.124052,-0.143586
641.03,665.0,-0.124585,-0.144141
643.3,665.0,-0.124905,-0.144412
645.58,665.0,-0.124529,-0.144206
647.68,665.0,-0.123861,-0.143463
649.95,665.0,-0.123266,-0.14294
652.05,665.0,-0.121821,-0.141427
654.33,665.0,-0.119939,-0.139449
656.6,665.0,-0.117767,-0.137342
658.7,665.0,-0.115798,-0.135407
660.98,665.0,-0.114101,-0.13375
663.25,665.0,-0.112964,-0.132693
665.35,665.0,-0.112339,-0.131988
667.63,665.0,-0.112348,-0.132065
669.9,665.0,-0.112385,-0.132009
672.0,665.0,-0.113054,-0.132838
674.28,665.0,-0.114175,-0.133765
676.55,665.0,-0.11542,-0.134964
678.65,665.0,-0.116193,-0.1359
680.93,665.0,-0.116615,-0.136236
683.03,665.0,-0.116621,-0.136177
685.3,665.0,-0.11619,-0.1359
687.58,665.0,-0.116168,-0.135709
689.85,665.0,-0.116165,-0.13574
691.95,665.0,-0.116556,-0.136211
694.23,665.0,-0.117644,-0.137339
696.33,665.0,-0.118882,-0.138519
698.6,665.0,-0.120053,-0.139748
700.88,665.0,-0.120835,-0.140453
703.15,665.0,-0.121128,-0.140854
705.25,665.0,-0.121221,-0.140866
707.53,665.0,-0.121526,-0.141233
709.8,665.0,-0.122099,-0.141781
11.2,700.0,-0.105512,-0.125885
13.48,700.0,-0.106624,-0.126566
15.93,700.0,-0.107745,-0.127647
18.03,700.0,-0.108978,-0.128623
20.3,700.0,-0.110367,-0.130167
22.58,700.0,-0.111658,-0.131387
24.85,700.0,-0.113713,-0.133371
26.95,700.0,-0.115934,-0.135632
29.23,700.0,-0.118026,-0.137638
31.5,700.0,-0.120349,-0.14009
33.6,700.0,-0.123171,-0.142863
35.88,700.0,-0.125586,-0.145007
37.98,700.0,-0.127829,-0.147388
40.25,700.0,-0.129572,-0.149166
42.53,700.0,-0.130891,-0.150426
44.63,700.0,-0.132145,-0.151606
46.9,700.0,-0.133491,-0.15298
49.18,700.0,-0.13517,-0.154692
51.28,700.0,-0.136396,-0.155897
53.55,700.0,-0.137712,-0.157154
55.83,700.0,-0.139089,-0.158454
57.93,700.0,-0.140364,-0.159954
60.2,700.0,-0.141208,-0.160598
62.48,700.0,-0.140595,-0.160031
64.75,700.0,-0.13956,-0.15895
66.85,700.0,-0.138882,-0.158263
69.13,700.0,-0.139092,-0.158608
71.4,700.0,-0.140894,-0.160293
73.5,700.0,-0.144147,-0.163479
75.78,700.0,-0.148174,-0.167499
77.88,700.0,-0.151914,-0.171227
80.15,700.0,-0.155761,-0.175044
82.43,700.0,-0.159079,-0.178377
84.53,700.0,-0.161202,-0.180496
86.8,700.0,-0.161864,-0.181239
88.9,700.0,-0.162616,-0.181944
91.18,700.0,-0.16354,-0.18289
93.45,700.0,-0.165983,-0.185096
95.55,700.0,-0.169893,-0.189089
97.83,700.0,-0.174822,-0.193928
100.1,700.0,-0.180638,-0.19976
102.2,700.0,-0.186889,-0.205875
104.48,700.0,-0.193275,-0.212252
106.75,700.0,-0.200016,-0.218879
109.03,700.0,-0.206276,-0.225028
111.3,700.0,-0.213044,-0.231698
113.4,700.0,-0.219726,-0.238383
115.68,700.0,-0.226572,-0.245231
117.95,700.0,-0.233084,-0.251596
120.05,700.0,-0.238941,-0.257511
122.15,700.0,-0.245161,-0.263642
124.6,700.0,-0.251325,-0.269834
126.7,700.0,-0.257292,-0.275795
129.15,700.0,-0.263272,-0.281673
131.25,700.0,-0.268056,-0.286448
133.53,700.0,-0.272714,-0.290937
135.98,700.0,-0.277225,-0.295533
138.25,700.0,-0.2809,-0.29915
140.53,700.0,-0.284298,-0.302422
142.63,700.0,-0.286839,-0.304954
144.9,700.0,-0.28801,-0.306162
147.18,700.0,-0.287613,-0.305755
149.28,700.0,-0.286889,-0.304966
151.55,700.0,-0.286581,-0.304778
153.83,700.0,-0.287305,-0.305462
156.1,700.0,-0.288408,-0.306645
158.2,700.0,-0.289606,-0.307868
160.48,700.0,-0.291119,-0.309264
162.75,700.0,-0.292295,-0.310345
164.85,700.0,-0.292656,-0.310767
167.13,700.0,-0.292717,-0.310755
169.4,700.0,-0.29192,-0.309997
171.5,700.0,-0.290629,-0.308765
173.78,700.0,-0.289024,-0.307212
176.05,700.0,-0.286313,-0.304584
178.15,700.0,-0.282751,-0.301048
180.43,700.0,-0.278725,-0.297077
182.7,700.0,-0.275204,-0.293478
184.8,700.0,-0.27167,-0.290065
187.08,700.0,-0.268411,-0.286793
189.35,700.0,-0.26525,-0.283565
191.45,700.0,-0.262422,-0.280918
193.73,700.0,-0.25907,-0.277413
196.0,700.0,-0.255493,-0.273882
198.1,700.0,-0.251726,-0.27033
200.38,700.0,-0.247653,-0.266328
202.83,700.0,-0.24248,-0.261153
204.93,700.0,-0.237641,-0.256313
207.38,700.0,-0.232071,-0.250943
209.65,700.0,-0.226941,-0.245567
211.75,700.0,-0.22212,-0.240974
214.03,700.0,-0.217616,-0.236273
216.3,700.0,-0.21302,-0.23175
218.4,700.0,-0.207906,-0.226849
220.68,700.0,-0.202841,-0.221686
222.95,700.0,-0.198044,-0.216938
225.23,700.0,-0.192212,-0.211257
227.33,700.0,-0.186168,-0.205324
229.6,700.0,-0.179585,-0.19866
231.88,700.0,-0.1735,-0.19265
234.15,700.0,-0.167145,-0.186464
236.43,700.0,-0.160977,-0.180265
238.53,700.0,-0.155114,-0.174483
240.8,700.0,-0.149517,-0.168898
242.9,700.0,-0.145037,-0.164412
245.18,700.0,-0.140518,-0.160013
247.45,700.0,-0.13618,-0.155721
249.55,700.0,-0.132317,-0.15175
251.83,700.0,-0.128944,-0.148451
254.1,700.0,-0.126578,-0.146211
256.2,700.0,-0.124856,-0.144545
258.48,700.0,-0.123556,-0.14322
260.75,700.0,-0.122517,-0.142228
262.85,700.0,-0.12054,-0.140413
265.13,700.0,-0.118192,-0.137807
267.4,700.0,-0.114936,-0.134548
269.68,700.0,-0.110789,-0.130404
271.78,700.0,-0.105651,-0.125426
274.05,700.0,-0.0998,-0.119569
276.15,700.0,-0.094908,-0.114594
278.43,700.0,-0.090795,-0.110611
280.7,700.0,-0.088001,-0.107819
282.98,700.0,-0.086362,-0.106279
285.08,700.0,-0.084474,-0.1044
287.35,700.0,-0.082468,-0.102585
289.63,700.0,-0.079917,-0.099908
291.73,700.0,-0.07814,-0.098081
294.0,700.0,-0.07736,-0.097345
296.1,700.0,-0.07773,-0.097798
298.38,700.0,-0.078106,-0.098103
300.65,700.0,-0.078519,-0.098399
302.75,700.0,-0.078984,-0.098938
305.03,700.0,-0.078454,-0.098442
307.13,700.0,-0.077767,-0.097767
309.4,700.0,-0.076399,-0.09647
311.5,700.0,-0.074172,-0.094347
313.95,700.0,-0.071501,-0.091501
316.23,700.0,-0.069187,-0.089363
318.33,700.0,-0.067108,-0.087126
320.6,700.0,-0.065722,-0.085851
322.88,700.0,-0.065349,-0.085407
324.98,700.0,-0.065355,-0.085432
327.25,700.0,-0.065552,-0.085685
329.35,700.0,-0.066085,-0.086137
331.63,700.0,-0.066692,-0.086713
333.9,700.0,-0.066834,-0.086868
336.0,700.0,-0.067296,-0.087314
338.28,700.0,-0.068374,-0.088408
340.55,700.0,-0.070075,-0.090155
342.65,700.0,-0.071852,-0.092012
344.93,700.0,-0.074141,-0.094046
347.03,700.0,-0.0759,-0.095811
349.3,700.0,-0.076618,-0.096646
351.58,700.0,-0.076784,-0.096738
353.85,700.0,-0.07667,-0.096649
355.95,700.0,-0.075869,-0.095888
358.23,700.0,-0.07546,-0.095453
360.68,700.0,-0.075139,-0.095133
362.78,700.0,-0.075882,-0.095839
365.05,700.0,-0.077228,-0.097305
367.15,700.0,-0.079006,-0.099076
369.6,700.0,-0.081159,-0.101162
371.7,700.0,-0.081886,-0.102015
373.98,700.0,-0.081683,-0.101643
376.25,700.0,-0.080484,-0.10037
378.53,700.0,-0.079298,-0.099258
380.63,700.0,-0.078359,-0.09838
382.9,700.0,-0.077327,-0.097481
385.18,700.0,-0.076104,-0.09619
387.45,700.0,-0.07432,-0.094489
389.55,700.0,-0.072305,-0.092397
391.83,700.0,-0.07099,-0.090943
393.93,700.0,-0.070229,-0.090121
396.2,700.0,-0.070506,-0.090635
398.48,700.0,-0.071325,-0.091365
400.58,700.0,-0.0733,-0.093312
402.85,700.0,-0.075971,-0.096063
405.13,700.0,-0.079203,-0.099141
407.23,700.0,-0.082246,-0.102209
409.5,700.0,-0.084884,-0.104967
411.6,700.0,-0.088288,-0.108272
413.88,700.0,-0.091886,-0.111846
416.15,700.0,-0.095401,-0.115315
418.25,700.0,-0.097859,-0.117718
420.53,700.0,-0.100115,-0.119853
422.8,700.0,-0.102058,-0.121753
425.08,700.0,-0.103879,-0.123645
427.35,700.0,-0.105004,-0.124692
429.45,700.0,-0.10521,-0.124871
431.73,700.0,-0.104936,-0.124729
434.0,700.0,-0.104274,-0.124076
436.28,700.0,-0.104243,-0.123941
438.38,700.0,-0.104391,-0.124184
440.65,700.0,-0.105589,-0.125302
442.75,700.0,-0.107197,-0.12684
445.03,700.0,-0.108907,-0.128519
447.3,700.0,-0.110777,-0.130509
449.4,700.0,-0.113737,-0.133362
451.68,700.0,-0.11729,-0.136877
453.95,700.0,-0.121103,-0.140688
456.05,700.0,-0.124489,-0.144098
458.33,700.0,-0.128097,-0.147678
460.43,700.0,-0.130832,-0.150278
462.7,700.0,-0.132644,-0.152203
464.98,700.0,-0.134024,-0.153571
467.25,700.0,-0.135537,-0.155019
469.35,700.0,-0.137172,-0.156735
471.63,700.0,-0.139458,-0.158876
473.73,700.0,-0.141907,-0.16135
476.0,700.0,-0.144338,-0.163781
478.1,700.0,-0.146738,-0.166187
480.38,700.0,-0.148537,-0.167798
482.65,700.0,-0.149659,-0.169076
484.93,700.0,-0.15098,-0.170309
487.03,700.0,-0.152357,-0.171716
489.65,700.0,-0.154033,-0.173426
491.75,700.0,-0.155376,-0.174622
494.03,700.0,-0.157135,-0.176445
496.3,700.0,-0.159357,-0.178694
498.93,700.0,-0.161476,-0.180851
501.03,700.0,-0.162909,-0.182148
503.3,700.0,-0.16428,-0.183516
505.58,700.0,-0.16574,-0.184957
507.68,700.0,-0.167049,-0.186187
509.95,700.0,-0.168334,-0.187597
512.23,700.0,-0.170099,-0.18935
514.33,700.0,-0.171704,-0.190989
516.6,700.0,-0.172459,-0.191636
518.88,700.0,-0.172052,-0.191282
520.98,700.0,-0.171162,-0.190376
523.25,700.0,-0.170195,-0.189437
525.53,700.0,-0.169776,-0.189079
527.63,700.0,-0.169769,-0.188993
529.9,700.0,-0.170145,-0.189511
532.18,700.0,-0.170971,-0.190081
534.45,700.0,-0.171344,-0.190586
536.73,700.0,-0.171341,-0.190524
539.0,700.0,-0.170915,-0.190182
541.1,700.0,-0.170201,-0.189504
543.38,700.0,-0.169304,-0.188469
545.65,700.0,-0.168285,-0.187628
547.93,700.0,-0.167616,-0.186824
550.2,700.0,-0.167234,-0.186455
552.48,700.0,-0.166877,-0.186045
554.58,700.0,-0.166045,-0.185312
556.85,700.0,-0.165641,-0.184976
559.13,700.0,-0.165663,-0.18493
561.4,700.0,-0.164985,-0.18423
563.68,700.0,-0.163519,-0.182899
565.78,700.0,-0.161328,-0.180567
568.05,700.0,-0.158898,-0.178229
570.33,700.0,-0.155629,-0.174994
572.25,700.0,-0.151914,-0.171347
574.53,700.0,-0.148546,-0.167896
576.8,700.0,-0.145879,-0.165367
579.08,700.0,-0.144104,-0.163685
581.35,700.0,-0.142551,-0.161901
583.63,700.0,-0.140638,-0.16005
585.9,700.0,-0.138436,-0.157841
588.0,700.0,-0.136257,-0.155774
590.28,700.0,-0.134748,-0.154326
592.9,700.0,-0.133118,-0.152752
595.18,700.0,-0.132342,-0.15192
597.45,700.0,-0.132018,-0.151485
599.73,700.0,-0.132286,-0.151824
602.18,700.0,-0.13265,-0.152397
604.45,700.0,-0.133146,-0.152601
606.73,700.0,-0.132712,-0.152265
608.83,700.0,-0.131994,-0.151572
611.1,700.0,-0.130802,-0.150265
613.38,700.0,-0.129545,-0.149058
615.65,700.0,-0.128639,-0.148143
617.93,700.0,-0.128152,-0.147671
620.03,700.0,-0.127428,-0.147123
622.3,700.0,-0.126476,-0.146002
624.58,700.0,-0.125641,-0.145302
626.68,700.0,-0.124933,-0.144541
628.95,700.0,-0.12419,-0.143737
631.23,700.0,-0.12362,-0.143241
633.5,700.0,-0.123509,-0.143134
635.78,700.0,-0.123525,-0.143087
637.88,700.0,-0.123482,-0.143167
640.15,700.0,-0.123463,-0.143192
642.43,700.0,-0.123112,-0.142739
644.53,700.0,-0.123075,-0.142681
646.8,700.0,-0.123318,-0.142921
649.08,700.0,-0.123476,-0.143072
651.35,700.0,-0.123485,-0.143097
653.45,700.0,-0.123476,-0.143171
655.73,700.0,-0.123513,-0.143103
658.0,700.0,-0.123137,-0.142727
660.28,700.0,-0.122708,-0.142382
662.38,700.0,-0.122385,-0.142028
664.65,700.0,-0.122376,-0.142
666.93,700.0,-0.121612,-0.141365
669.03,700.0,-0.120269,-0.139871
671.3,700.0,-0.118568,-0.138334
673.58,700.0,-0.116917,-0.136738
675.68,700.0,-0.115829,-0.13558
677.95,700.0,-0.115466,-0.135056
680.23,700.0,-0.115521,-0.135102
682.33,700.0,-0.115438,-0.135145
684.6,700.0,-0.115694,-0.135352
686.88,700.0,-0.116245,-0.135838
