x,y,z,z2
4.37,0.0,-0.008146,-0.02972
6.82,0.0,-0.00969,-0.031205
9.1,0.0,-0.014572,-0.036057
11.38,0.0,-0.023103,-0.044455
13.65,0.0,-0.034117,-0.055272
15.93,0.0,-0.044329,-0.065546
18.2,0.0,-0.051569,-0.07253
20.3,0.0,-0.056489,-0.077283
22.58,0.0,-0.058451,-0.079267
24.68,0.0,-0.059237,-0.080065
26.95,0.0,-0.060361,-0.081187
29.23,0.0,-0.061556,-0.082379
31.5,0.0,-0.063962,-0.084625
33.6,0.0,-0.066054,-0.086763
35.88,0.0,-0.065515,-0.086405
38.15,0.0,-0.062256,-0.082961
40.25,0.0,-0.058088,-0.078879
42.52,0.0,-0.05379,-0.074622
44.8,0.0,-0.050706,-0.071741
47.07,0.0,-0.050216,-0.071211
49.17,0.0,-0.052342,-0.073192
51.45,0.0,-0.057034,-0.077739
53.55,0.0,-0.062764,-0.083611
55.82,0.0,-0.069708,-0.090244
58.1,0.0,-0.075725,-0.096322
60.37,0.0,-0.080854,-0.101522
62.47,0.0,-0.084532,-0.104979
64.75,0.0,-0.085795,-0.106304
67.02,0.0,-0.085016,-0.105524
69.3,0.0,-0.082327,-0.102952
71.4,0.0,-0.077598,-0.098201
73.67,0.0,-0.073078,-0.093682
75.95,0.0,-0.071868,-0.092499
78.22,0.0,-0.075515,-0.095993
80.32,0.0,-0.084227,-0.104766
82.6,0.0,-0.09599,-0.11631
84.87,0.0,-0.107268,-0.127598
86.97,0.0,-0.114535,-0.134622
89.25,0.0,-0.117206,-0.13729
91.35,0.0,-0.116522,-0.136559
93.62,0.0,-0.114652,-0.13481
95.9,0.0,-0.114301,-0.134415
98.17,0.0,-0.116168,-0.13627
100.27,0.0,-0.119612,-0.139708
102.55,0.0,-0.124292,-0.14436
104.65,0.0,-0.129132,-0.149045
106.92,0.0,-0.134569,-0.154372
109.2,0.0,-0.14021,-0.160004
111.3,0.0,-0.147819,-0.167471
113.57,0.0,-0.156818,-0.176353
115.67,0.0,-0.166772,-0.18618
117.95,0.0,-0.176769,-0.196177
120.05,0.0,-0.187721,-0.206874
122.5,0.0,-0.199585,-0.218639
124.77,0.0,-0.213134,-0.231849
126.87,0.0,-0.228177,-0.246793
129.15,0.0,-0.242828,-0.261408
131.42,0.0,-0.252912,-0.271384
133.52,0.0,-0.261214,-0.279449
135.8,0.0,-0.269316,-0.287511
138.07,0.0,-0.280657,-0.298777
140.35,0.0,-0.29435,-0.312218
142.62,0.0,-0.31183,-0.329452
144.72,0.0,-0.330878,-0.348275
147.0,0.0,-0.351217,-0.368463
149.1,0.0,-0.370465,-0.38744
151.38,0.0,-0.387776,-0.404495
153.65,0.0,-0.402237,-0.418882
155.75,0.0,-0.413876,-0.430324
158.03,0.0,-0.422446,-0.438768
160.3,0.0,-0.429479,-0.445752
162.4,0.0,-0.435354,-0.451507
164.68,0.0,-0.442129,-0.458173
166.95,0.0,-0.448796,-0.464874
169.23,0.0,-0.454828,-0.470706
171.33,0.0,-0.457656,-0.473552
173.6,0.0,-0.457187,-0.472973
175.7,0.0,-0.450487,-0.466531
177.98,0.0,-0.438783,-0.454957
180.25,0.0,-0.42451,-0.440857
182.53,0.0,-0.410019,-0.426528
184.63,0.0,-0.396279,-0.412924
186.9,0.0,-0.383848,-0.40074
189.0,0.0,-0.373001,-0.389954
191.28,0.0,-0.363226,-0.380416
193.55,0.0,-0.352973,-0.370219
195.65,0.0,-0.340829,-0.358164
197.93,0.0,-0.326793,-0.344464
200.2,0.0,-0.311005,-0.32878
202.3,0.0,-0.293885,-0.311886
204.58,0.0,-0.276066,-0.294344
206.68,0.0,-0.258198,-0.276645
208.95,0.0,-0.24123,-0.259846
211.23,0.0,-0.224585,-0.243435
213.5,0.0,-0.206368,-0.225413
215.78,0.0,-0.189671,-0.208888
218.05,0.0,-0.173808,-0.193297
220.33,0.0,-0.15663,-0.176273
222.6,0.0,-0.138155,-0.158032
224.7,0.0,-0.123636,-0.143734
226.98,0.0,-0.111975,-0.132188
229.25,0.0,-0.101766,-0.122105
231.53,0.0,-0.08985,-0.110426
233.8,0.0,-0.076291,-0.096917
235.9,0.0,-0.062601,-0.083389
238.18,0.0,-0.050244,-0.071353
240.45,0.0,-0.041264,-0.062434
242.73,0.0,-0.035124,-0.05623
244.83,0.0,-0.031661,-0.052838
247.1,0.0,-0.027625,-0.048845
249.38,0.0,-0.021985,-0.04334
251.65,0.0,-0.015219,-0.036572
253.75,0.0,-0.008704,-0.030198
256.03,0.0,-0.001744,-0.023353
258.3,0.0,0.004497,-0.017117
260.75,0.0,0.009947,-0.011868
262.85,0.0,0.012214,-0.009505
265.13,0.0,0.011475,-0.010226
267.23,0.0,0.00865,-0.013091
269.5,0.0,0.005443,-0.016168
271.78,0.0,0.004531,-0.017037
274.05,0.0,0.009938,-0.011763
276.33,0.0,0.020455,-0.001295
278.78,0.0,0.032957,0.010874
281.05,0.0,0.040991,0.018921
283.33,0.0,0.045486,0.0234
285.43,0.0,0.048252,0.026062
287.7,0.0,0.051185,0.029134
289.98,0.0,0.054867,0.032778
292.08,0.0,0.058206,0.035831
294.35,0.0,0.062036,0.0397
296.45,0.0,0.066222,0.043838
298.73,0.0,0.06975,0.047291
301.0,0.0,0.072251,0.049805
303.28,0.0,0.073755,0.051133
305.38,0.0,0.07471,0.05226
307.65,0.0,0.076663,0.054211
309.93,0.0,0.079272,0.056709
312.03,0.0,0.079842,0.057313
314.3,0.0,0.077451,0.054962
316.4,0.0,0.071469,0.049047
318.85,0.0,0.062932,0.04064
320.95,0.0,0.052017,0.029938
323.05,0.0,0.039004,0.017088
325.33,0.0,0.024432,0.002541
327.6,0.0,0.009922,-0.011772
329.7,0.0,-0.003605,-0.024995
331.98,0.0,-0.014523,-0.035903
334.25,0.0,-0.022585,-0.043716
336.53,0.0,-0.027693,-0.048787
338.63,0.0,-0.030447,-0.051695
340.9,0.0,-0.030845,-0.052025
343.18,0.0,-0.027727,-0.048904
345.28,0.0,-0.021526,-0.042783
347.55,0.0,-0.011994,-0.033436
349.83,0.0,-0.001125,-0.022739
351.93,0.0,0.009482,-0.012188
354.2,0.0,0.018893,-0.002832
356.48,0.0,0.026758,0.004984
358.58,0.0,0.031709,0.009824
360.85,0.0,0.033557,0.011552
363.13,0.0,0.031216,0.009272
365.23,0.0,0.025122,0.003413
367.5,0.0,0.014605,-0.007093
369.78,0.0,0.000532,-0.020937
371.88,0.0,-0.01667,-0.037958
374.15,0.0,-0.035718,-0.056954
376.43,0.0,-0.055075,-0.075934
378.53,0.0,-0.073605,-0.094212
380.8,0.0,-0.090678,-0.110983
383.08,0.0,-0.105866,-0.126122
385.35,0.0,-0.118004,-0.138161
387.45,0.0,-0.1274,-0.147249
389.73,0.0,-0.134745,-0.154655
392.0,0.0,-0.140324,-0.160102
394.28,0.0,-0.144717,-0.164474
396.38,0.0,-0.148054,-0.167826
398.65,0.0,-0.150413,-0.170102
400.93,0.0,-0.153075,-0.172678
403.03,0.0,-0.155721,-0.175315
405.3,0.0,-0.158728,-0.178306
407.58,0.0,-0.162363,-0.181941
409.68,0.0,-0.166156,-0.185752
411.95,0.0,-0.17074,-0.190228
414.23,0.0,-0.175527,-0.194859
416.33,0.0,-0.180811,-0.20009
418.6,0.0,-0.186738,-0.205885
420.88,0.0,-0.192465,-0.211661
423.15,0.0,-0.199329,-0.218445
425.25,0.0,-0.2063,-0.225164
427.53,0.0,-0.213898,-0.232751
429.8,0.0,-0.221362,-0.240142
431.9,0.0,-0.228626,-0.247292
434.18,0.0,-0.236652,-0.255265
436.45,0.0,-0.245031,-0.263719
438.55,0.0,-0.254187,-0.272613
440.83,0.0,-0.264812,-0.282896
443.1,0.0,-0.276344,-0.294393
445.2,0.0,-0.289246,-0.307175
447.48,0.0,-0.303337,-0.321026
449.75,0.0,-0.318904,-0.336611
452.03,0.0,-0.336658,-0.354042
454.3,0.0,-0.356424,-0.373608
456.4,0.0,-0.379366,-0.396202
458.68,0.0,-0.407009,-0.423497
460.95,0.0,-0.436328,-0.452486
463.05,0.0,-0.471044,-0.486654
465.33,0.0,-0.513863,-0.528956
467.6,0.0,-0.562837,-0.577366
469.7,0.0,-0.62211,-0.635896
471.98,0.0,-0.690406,-0.70317
474.25,0.0,-0.769319,-0.781149
476.53,0.0,-0.864291,-0.874956
478.63,0.0,-0.977504,-0.986743
480.9,0.0,-1.112119,-1.119559
483.18,0.0,-1.253958,-1.25946
485.45,0.0,-1.384765,-1.388637
487.55,0.0,-1.466641,-1.469644
489.83,0.0,-1.500297,-1.502907
492.1,0.0,-1.485371,-1.488341
494.38,0.0,-1.423381,-1.426989
496.65,0.0,-1.340723,-1.345757
498.93,0.0,-1.241478,-1.247618
501.03,0.0,-1.140236,-1.147793
503.3,0.0,-1.034571,-1.043468
505.58,0.0,-0.944155,-0.954208
507.85,0.0,-0.86138,-0.872341
509.95,0.0,-0.79137,-0.803228
512.23,0.0,-0.732406,-0.745052
514.5,0.0,-0.683296,-0.696152
516.6,0.0,-0.643262,-0.656928
518.88,0.0,-0.611223,-0.625265
520.98,0.0,-0.5848,-0.599211
523.25,0.0,-0.563158,-0.577927
525.53,0.0,-0.546084,-0.560807
527.8,0.0,-0.53228,-0.54728
529.9,0.0,-0.521688,-0.536855
532.18,0.0,-0.514442,-0.529575
534.28,0.0,-0.51024,-0.525419
536.55,0.0,-0.509572,-0.524864
538.83,0.0,-0.510111,-0.525468
541.1,0.0,-0.511734,-0.526984
543.2,0.0,-0.513078,-0.528327
545.48,0.0,-0.513712,-0.528832
547.75,0.0,-0.514427,-0.529553
550.03,0.0,-0.515746,-0.530921
552.13,0.0,-0.518663,-0.533814
554.4,0.0,-0.522819,-0.537782
556.68,0.0,-0.528272,-0.543173
558.78,0.0,-0.534307,-0.549156
561.05,0.0,-0.53968,-0.554652
563.33,0.0,-0.544593,-0.559504
565.43,0.0,-0.54837,-0.56309
567.7,0.0,-0.552073,-0.566842
569.8,0.0,-0.55581,-0.570582
572.08,0.0,-0.558691,-0.573453
574.35,0.0,-0.559532,-0.574214
576.45,0.0,-0.55662,-0.571297
578.9,0.0,-0.550179,-0.564895
581.18,0.0,-0.543142,-0.557927
583.28,0.0,-0.535727,-0.550675
585.55,0.0,-0.529264,-0.544264
588.0,0.0,-0.522994,-0.53797
590.1,0.0,-0.51943,-0.534559
592.38,0.0,-0.517508,-0.53264
594.48,0.0,-0.517665,-0.532859
596.75,0.0,-0.519535,-0.534556
599.02,0.0,-0.522351,-0.537203
601.12,0.0,-0.525715,-0.540758
603.4,0.0,-0.529433,-0.544461
605.67,0.0,-0.532076,-0.546941
607.77,0.0,-0.532381,-0.547252
610.05,0.0,-0.529843,-0.544855
612.15,0.0,-0.523638,-0.538669
614.42,0.0,-0.514116,-0.529359
616.7,0.0,-0.503167,-0.518447
618.8,0.0,-0.495166,-0.510545
621.07,0.0,-0.491294,-0.506805
623.35,0.0,-0.490943,-0.506436
625.45,0.0,-0.492868,-0.508392
627.72,0.0,-0.495385,-0.510949
629.82,0.0,-0.495958,-0.511355
632.1,0.0,-0.492557,-0.508053
634.37,0.0,-0.485912,-0.501491
636.65,0.0,-0.478974,-0.494707
638.75,0.0,-0.474057,-0.489778
641.02,0.0,-0.472187,-0.488013
643.3,0.0,-0.473303,-0.488971
645.4,0.0,-0.476617,-0.492237
647.67,0.0,-0.481223,-0.496879
649.77,0.0,-0.485943,-0.501469
652.05,0.0,-0.490354,-0.505816
654.32,0.0,-0.494211,-0.50963
656.6,0.0,-0.496577,-0.512009
658.7,0.0,-0.499187,-0.514476
660.8,0.0,-0.501781,-0.517042
663.07,0.0,-0.504864,-0.520043
665.52,0.0,-0.508349,-0.52362
667.62,0.0,-0.511805,-0.527009
669.9,0.0,-0.515533,-0.530678
672.17,0.0,-0.519165,-0.534184
674.45,0.0,-0.521836,-0.536935
676.55,0.0,-0.522893,-0.53789
678.82,0.0,-0.523302,-0.538253
681.27,0.0,-0.522437,-0.537298
683.55,0.0,-0.521291,-0.536294
685.82,0.0,-0.519624,-0.534692
687.92,0.0,-0.518413,-0.533518
690.72,0.0,-0.518065,-0.533105
693.0,0.0,-0.519341,-0.53439
695.27,0.0,-0.521417,-0.536463
697.37,0.0,-0.523808,-0.538721
699.65,0.0,-0.527073,-0.542095
701.75,0.0,-0.530062,-0.545031
704.02,0.0,-0.53248,-0.547283
706.3,0.0,-0.534165,-0.549011
708.4,0.0,-0.535006,-0.549997
710.67,0.0,-0.536192,-0.551094
11.55,35.0,-0.055709,-0.076772
13.65,35.0,-0.06005,-0.080937
16.1,35.0,-0.06338,-0.084076
18.2,35.0,-0.065913,-0.086683
20.48,35.0,-0.067807,-0.088482
22.75,35.0,-0.068996,-0.08968
24.85,35.0,-0.070373,-0.091005
27.13,35.0,-0.07245,-0.093063
29.4,35.0,-0.074619,-0.095118
31.68,35.0,-0.075121,-0.095728
33.95,35.0,-0.07257,-0.093174
36.05,35.0,-0.065515,-0.086199
38.33,35.0,-0.053476,-0.0744
40.43,35.0,-0.038889,-0.059914
42.7,35.0,-0.024613,-0.045919
44.98,35.0,-0.012093,-0.033423
47.08,35.0,-0.004274,-0.025709
49.35,35.0,-0.002284,-0.023882
51.63,35.0,-0.005943,-0.027404
53.9,35.0,-0.012872,-0.034286
56.18,35.0,-0.020645,-0.042031
58.28,35.0,-0.025922,-0.047059
60.55,35.0,-0.029905,-0.050983
62.83,35.0,-0.032524,-0.053605
64.93,35.0,-0.033901,-0.054994
67.2,35.0,-0.033999,-0.055102
69.48,35.0,-0.031908,-0.052933
71.75,35.0,-0.027447,-0.048596
74.03,35.0,-0.02282,-0.044117
76.13,35.0,-0.019536,-0.040965
78.4,35.0,-0.016658,-0.03798
80.68,35.0,-0.011507,-0.032927
82.78,35.0,-0.005253,-0.026674
85.05,35.0,-7e-06,-0.021523
87.33,35.0,0.001031,-0.020438
89.6,35.0,-0.001975,-0.023534
91.7,35.0,-0.007792,-0.029138
93.98,35.0,-0.014927,-0.036224
96.08,35.0,-0.022647,-0.043861
98.35,35.0,-0.029954,-0.051036
100.63,35.0,-0.034954,-0.05595
102.9,35.0,-0.03647,-0.057588
105.18,35.0,-0.034961,-0.056168
107.28,35.0,-0.032533,-0.053682
109.55,35.0,-0.02907,-0.050244
111.65,35.0,-0.027151,-0.048319
113.93,35.0,-0.028741,-0.049948
116.2,35.0,-0.033254,-0.054458
118.48,35.0,-0.037893,-0.059024
120.58,35.0,-0.04229,-0.063346
122.85,35.0,-0.046023,-0.067034
125.13,35.0,-0.049329,-0.070253
127.23,35.0,-0.05297,-0.073919
129.5,35.0,-0.056932,-0.077792
131.6,35.0,-0.061692,-0.082444
133.88,35.0,-0.06818,-0.088901
136.15,35.0,-0.076147,-0.096575
138.25,35.0,-0.086002,-0.106501
140.53,35.0,-0.097015,-0.117413
142.8,35.0,-0.105879,-0.125888
144.9,35.0,-0.109699,-0.129816
147.18,35.0,-0.109967,-0.130145
149.45,35.0,-0.108781,-0.128965
151.73,35.0,-0.108026,-0.128183
154.0,35.0,-0.108503,-0.128608
156.1,35.0,-0.110318,-0.130339
158.38,35.0,-0.113269,-0.133352
160.65,35.0,-0.118408,-0.138408
162.93,35.0,-0.124344,-0.14428
165.03,35.0,-0.12927,-0.149246
167.3,35.0,-0.133229,-0.153069
169.4,35.0,-0.135952,-0.155749
171.68,35.0,-0.137887,-0.157813
173.95,35.0,-0.140845,-0.160487
176.05,35.0,-0.144166,-0.163824
178.33,35.0,-0.147736,-0.16737
180.6,35.0,-0.150056,-0.169637
182.7,35.0,-0.14891,-0.168633
184.98,35.0,-0.145284,-0.165044
187.25,35.0,-0.140798,-0.160595
189.35,35.0,-0.13712,-0.156858
191.63,35.0,-0.13269,-0.15257
193.9,35.0,-0.127826,-0.14781
196.18,35.0,-0.121926,-0.141929
198.28,35.0,-0.115392,-0.135383
200.55,35.0,-0.110262,-0.13046
202.83,35.0,-0.107465,-0.12773
205.1,35.0,-0.106861,-0.127025
207.2,35.0,-0.105774,-0.125983
209.48,35.0,-0.101673,-0.12183
211.75,35.0,-0.095115,-0.115586
214.03,35.0,-0.08651,-0.107099
216.13,35.0,-0.077478,-0.09794
218.4,35.0,-0.067838,-0.088528
220.68,35.0,-0.058664,-0.079591
222.95,35.0,-0.049921,-0.071048
225.05,35.0,-0.043457,-0.064351
227.33,35.0,-0.038035,-0.059169
229.6,35.0,-0.034135,-0.05525
231.7,35.0,-0.030931,-0.052089
233.98,35.0,-0.027431,-0.048577
236.25,35.0,-0.022853,-0.044055
238.53,35.0,-0.018544,-0.039822
240.8,35.0,-0.014542,-0.035956
242.9,35.0,-0.011147,-0.032622
245.18,35.0,-0.008759,-0.03017
247.28,35.0,-0.006766,-0.028165
249.55,35.0,-0.005444,-0.026923
251.83,35.0,-0.004727,-0.026193
253.93,35.0,-0.004945,-0.026492
256.2,35.0,-0.005786,-0.027324
258.48,35.0,-0.006649,-0.028069
260.58,35.0,-0.006661,-0.028112
262.85,35.0,-0.004348,-0.02598
264.95,35.0,0.001176,-0.020167
267.23,35.0,0.011041,-0.010626
269.5,35.0,0.02657,0.004861
271.78,35.0,0.045535,0.023437
273.88,35.0,0.062741,0.040492
276.15,35.0,0.074189,0.051601
278.43,35.0,0.077568,0.055073
280.53,35.0,0.072726,0.050276
282.8,35.0,0.063579,0.04133
285.08,35.0,0.053182,0.030914
287.18,35.0,0.043718,0.02174
289.45,35.0,0.038194,0.016373
291.73,35.0,0.037649,0.015705
294.0,35.0,0.041367,0.019368
296.1,35.0,0.047196,0.025104
298.38,35.0,0.053745,0.031638
300.48,35.0,0.058856,0.036654
302.75,35.0,0.064386,0.042137
305.03,35.0,0.069226,0.046882
307.3,35.0,0.072553,0.050129
309.4,35.0,0.073733,0.051204
311.5,35.0,0.072692,0.050363
313.78,35.0,0.070085,0.047679
316.05,35.0,0.067036,0.044676
318.33,35.0,0.063967,0.041774
320.43,35.0,0.062498,0.040159
322.7,35.0,0.062439,0.040181
324.98,35.0,0.063591,0.041373
327.08,35.0,0.06475,0.042445
329.35,35.0,0.065015,0.042729
331.63,35.0,0.064583,0.042082
333.9,35.0,0.062476,0.04027
336.0,35.0,0.058585,0.036333
338.28,35.0,0.052655,0.03064
340.38,35.0,0.044565,0.022513
342.65,35.0,0.034753,0.012895
344.93,35.0,0.024254,0.002415
347.03,35.0,0.013536,-0.00806
349.3,35.0,0.003382,-0.018198
351.4,35.0,-0.006566,-0.027989
353.68,35.0,-0.014905,-0.036282
355.95,35.0,-0.022287,-0.04354
358.05,35.0,-0.028608,-0.049751
360.33,35.0,-0.033802,-0.054877
362.43,35.0,-0.037006,-0.058097
364.7,35.0,-0.039203,-0.060355
366.98,35.0,-0.040398,-0.06151
369.25,35.0,-0.040179,-0.061328
371.35,35.0,-0.039157,-0.060275
373.63,35.0,-0.037431,-0.058596
375.73,35.0,-0.035725,-0.056834
378.0,35.0,-0.034372,-0.055438
380.28,35.0,-0.033011,-0.054172
382.38,35.0,-0.031972,-0.053084
384.65,35.0,-0.031002,-0.052163
386.93,35.0,-0.029354,-0.050601
389.03,35.0,-0.026861,-0.048032
391.3,35.0,-0.023125,-0.044298
393.58,35.0,-0.019381,-0.040611
395.85,35.0,-0.01574,-0.037126
397.95,35.0,-0.014283,-0.035759
400.23,35.0,-0.015296,-0.036754
402.5,35.0,-0.019095,-0.040574
404.78,35.0,-0.024551,-0.045718
407.05,35.0,-0.030031,-0.051131
409.33,35.0,-0.034197,-0.055398
411.43,35.0,-0.036042,-0.05721
413.7,35.0,-0.036831,-0.057964
415.98,35.0,-0.036772,-0.0579
418.25,35.0,-0.037126,-0.058269
420.53,35.0,-0.037474,-0.058682
422.63,35.0,-0.038633,-0.059674
424.9,35.0,-0.040084,-0.061193
427.18,35.0,-0.042539,-0.063516
429.45,35.0,-0.045876,-0.066966
431.73,35.0,-0.049671,-0.070604
434.0,35.0,-0.054927,-0.075712
436.1,35.0,-0.060232,-0.080937
438.38,35.0,-0.06614,-0.08684
440.65,35.0,-0.072046,-0.092638
442.75,35.0,-0.078026,-0.098482
445.03,35.0,-0.084163,-0.104754
447.3,35.0,-0.089662,-0.110041
449.4,35.0,-0.094098,-0.114415
451.68,35.0,-0.096501,-0.116861
453.78,35.0,-0.09671,-0.11716
456.05,35.0,-0.095269,-0.115755
458.33,35.0,-0.092807,-0.113278
460.6,35.0,-0.091208,-0.111667
462.88,35.0,-0.092308,-0.112665
464.98,35.0,-0.098026,-0.118266
467.25,35.0,-0.110216,-0.130416
469.53,35.0,-0.128984,-0.148854
471.63,35.0,-0.154255,-0.173784
473.9,35.0,-0.186513,-0.205644
476.18,35.0,-0.225783,-0.244375
478.45,35.0,-0.268913,-0.286963
480.55,35.0,-0.316772,-0.334329
482.83,35.0,-0.367135,-0.384107
485.1,35.0,-0.422918,-0.439045
487.2,35.0,-0.482215,-0.497686
489.48,35.0,-0.548586,-0.563164
491.75,35.0,-0.621281,-0.635009
494.03,35.0,-0.70016,-0.712803
496.3,35.0,-0.787735,-0.799346
498.4,35.0,-0.887042,-0.897347
500.85,35.0,-0.996047,-1.005027
502.95,35.0,-1.115936,-1.123382
505.23,35.0,-1.253391,-1.258948
507.5,35.0,-1.390566,-1.394463
509.6,35.0,-1.512408,-1.514848
511.88,35.0,-1.596714,-1.598088
513.98,35.0,-1.637866,-1.638769
516.25,35.0,-1.635559,-1.636517
518.53,35.0,-1.594592,-1.596021
520.8,35.0,-1.523994,-1.526505
522.9,35.0,-1.437291,-1.441086
525.18,35.0,-1.340692,-1.34563
527.45,35.0,-1.241487,-1.247587
529.55,35.0,-1.14865,-1.155948
531.83,35.0,-1.060834,-1.069306
534.1,35.0,-0.980896,-0.990363
536.2,35.0,-0.911799,-0.92214
538.48,35.0,-0.8515,-0.862476
540.75,35.0,-0.801823,-0.813493
543.03,35.0,-0.75792,-0.770061
545.3,35.0,-0.722535,-0.735302
547.4,35.0,-0.69236,-0.705363
549.68,35.0,-0.664877,-0.67821
551.95,35.0,-0.64178,-0.655523
554.05,35.0,-0.623419,-0.637427
556.33,35.0,-0.608342,-0.622387
558.6,35.0,-0.596528,-0.610724
560.7,35.0,-0.587779,-0.602061
562.98,35.0,-0.581633,-0.595967
565.25,35.0,-0.576537,-0.591035
567.35,35.0,-0.5724,-0.586873
569.63,35.0,-0.568518,-0.583155
571.9,35.0,-0.565986,-0.580511
574.18,35.0,-0.564646,-0.579217
576.28,35.0,-0.562997,-0.577591
578.55,35.0,-0.559489,-0.574002
580.83,35.0,-0.554227,-0.568811
582.93,35.0,-0.548188,-0.56293
585.2,35.0,-0.540964,-0.555786
587.48,35.0,-0.531337,-0.546282
589.58,35.0,-0.520545,-0.535582
591.85,35.0,-0.510653,-0.525967
594.13,35.0,-0.502884,-0.518161
596.23,35.0,-0.496556,-0.511972
598.5,35.0,-0.490742,-0.506192
600.6,35.0,-0.485632,-0.50118
602.88,35.0,-0.48337,-0.498934
605.15,35.0,-0.483715,-0.499347
607.43,35.0,-0.487825,-0.503303
609.7,35.0,-0.49423,-0.50963
611.8,35.0,-0.501371,-0.516593
614.08,35.0,-0.508571,-0.523768
616.35,35.0,-0.516109,-0.531211
618.45,35.0,-0.525111,-0.54008
620.73,35.0,-0.536343,-0.551211
622.83,35.0,-0.548792,-0.563463
625.1,35.0,-0.559596,-0.574322
627.38,35.0,-0.566494,-0.581069
629.48,35.0,-0.571814,-0.586232
631.75,35.0,-0.576306,-0.590724
634.03,35.0,-0.581593,-0.595819
636.13,35.0,-0.586685,-0.60093
638.4,35.0,-0.591888,-0.606155
640.68,35.0,-0.597018,-0.611146
642.78,35.0,-0.601041,-0.615117
645.05,35.0,-0.604655,-0.618657
647.33,35.0,-0.606898,-0.620884
649.43,35.0,-0.607532,-0.621611
651.7,35.0,-0.605878,-0.619907
653.98,35.0,-0.601907,-0.616029
656.08,35.0,-0.59662,-0.610761
658.35,35.0,-0.590745,-0.604978
660.63,35.0,-0.58581,-0.600129
662.73,35.0,-0.582012,-0.596346
665.0,35.0,-0.579732,-0.594026
667.1,35.0,-0.579224,-0.593543
669.38,35.0,-0.579975,-0.594341
671.65,35.0,-0.58203,-0.596223
673.93,35.0,-0.584861,-0.599014
676.2,35.0,-0.587424,-0.601697
678.3,35.0,-0.590644,-0.604883
680.58,35.0,-0.59378,-0.608
682.85,35.0,-0.596784,-0.610896
684.95,35.0,-0.599128,-0.61313
687.23,35.0,-0.599975,-0.614045
689.5,35.0,-0.599966,-0.614146
691.6,35.0,-0.599137,-0.613272
693.88,35.0,-0.598114,-0.612221
695.98,35.0,-0.597002,-0.61106
698.25,35.0,-0.596814,-0.610822
700.53,35.0,-0.598355,-0.612427
702.8,35.0,-0.600946,-0.615009
704.9,35.0,-0.605299,-0.61931
707.18,35.0,-0.610317,-0.624421
709.45,35.0,-0.61581,-0.629686
11.2,70.0,-0.03984,-0.061214
13.48,70.0,-0.037903,-0.059067
15.75,70.0,-0.035038,-0.056313
18.03,70.0,-0.033775,-0.055001
20.13,70.0,-0.034822,-0.055909
22.4,70.0,-0.037598,-0.058771
24.68,70.0,-0.040281,-0.061279
26.95,70.0,-0.040121,-0.061251
29.23,70.0,-0.037807,-0.058944
31.33,70.0,-0.036218,-0.057308
33.6,70.0,-0.037065,-0.058128
35.7,70.0,-0.040638,-0.06172
37.98,70.0,-0.045823,-0.066871
40.25,70.0,-0.051205,-0.072283
42.53,70.0,-0.055922,-0.076701
44.63,70.0,-0.059132,-0.079868
46.9,70.0,-0.060441,-0.081205
49.18,70.0,-0.059696,-0.080401
51.28,70.0,-0.053839,-0.07468
53.55,70.0,-0.042468,-0.06362
55.65,70.0,-0.025534,-0.046763
57.93,70.0,-0.007906,-0.029369
60.2,70.0,0.006706,-0.015019
62.48,70.0,0.015973,-0.005749
64.75,70.0,0.018708,-0.003121
66.85,70.0,0.016567,-0.005164
69.13,70.0,0.009947,-0.011711
71.4,70.0,0.002134,-0.019354
73.68,70.0,-0.00643,-0.027853
75.78,70.0,-0.01314,-0.034465
78.05,70.0,-0.018673,-0.039998
80.15,70.0,-0.023165,-0.044449
82.43,70.0,-0.028266,-0.0494
84.53,70.0,-0.033463,-0.054569
86.98,70.0,-0.037924,-0.059083
89.08,70.0,-0.040987,-0.062099
91.35,70.0,-0.040124,-0.061208
93.63,70.0,-0.034557,-0.055777
95.73,70.0,-0.023131,-0.044332
98.0,70.0,-0.00737,-0.028821
100.1,70.0,0.009241,-0.012357
102.38,70.0,0.022833,0.001053
104.65,70.0,0.031857,0.009925
106.75,70.0,0.036318,0.014445
109.2,70.0,0.03629,0.014374
111.3,70.0,0.034284,0.012368
113.58,70.0,0.031478,0.009586
115.85,70.0,0.027852,0.006142
118.13,70.0,0.022778,0.001056
120.23,70.0,0.017867,-0.003738
122.5,70.0,0.015643,-0.005996
124.78,70.0,0.014817,-0.006797
127.05,70.0,0.013702,-0.007844
129.15,70.0,0.011829,-0.009942
131.25,70.0,0.008625,-0.012887
133.53,70.0,0.00462,-0.016954
135.8,70.0,-6.5e-05,-0.02143
138.08,70.0,-0.005167,-0.026584
140.18,70.0,-0.00977,-0.03106
142.45,70.0,-0.013328,-0.034723
144.73,70.0,-0.016014,-0.037367
147.0,70.0,-0.017527,-0.038839
149.1,70.0,-0.018235,-0.039572
151.38,70.0,-0.017635,-0.039083
153.48,70.0,-0.015491,-0.036895
155.75,70.0,-0.012043,-0.033476
158.03,70.0,-0.008451,-0.029914
160.3,70.0,-0.004412,-0.025823
162.4,70.0,-0.000879,-0.022431
164.68,70.0,0.001604,-0.019945
166.78,70.0,0.003323,-0.018251
169.05,70.0,0.00418,-0.017317
171.33,70.0,0.005313,-0.016261
173.43,70.0,0.006487,-0.015115
175.7,70.0,0.006469,-0.015105
177.98,70.0,0.004383,-0.017231
180.08,70.0,-8.4e-05,-0.021519
182.35,70.0,-0.006926,-0.028417
184.63,70.0,-0.014671,-0.036023
186.73,70.0,-0.022518,-0.043759
189.0,70.0,-0.029403,-0.05062
191.1,70.0,-0.034757,-0.05594
193.38,70.0,-0.038149,-0.059307
201.78,70.0,-0.045041,-0.066353
204.05,70.0,-0.046855,-0.067869
206.15,70.0,-0.048075,-0.069163
208.6,70.0,-0.047521,-0.068667
210.88,70.0,-0.042706,-0.063756
213.15,70.0,-0.03538,-0.056538
215.43,70.0,-0.02843,-0.049653
217.7,70.0,-0.022937,-0.044289
220.15,70.0,-0.02013,-0.041332
222.25,70.0,-0.018993,-0.040355
224.53,70.0,-0.018624,-0.039914
226.8,70.0,-0.018584,-0.039979
228.9,70.0,-0.017958,-0.039261
231.18,70.0,-0.016519,-0.037918
233.45,70.0,-0.015552,-0.036908
235.55,70.0,-0.015152,-0.036476
237.83,70.0,-0.01566,-0.03708
239.93,70.0,-0.016295,-0.037622
242.2,70.0,-0.016861,-0.038245
244.48,70.0,-0.014557,-0.03595
246.58,70.0,-0.007456,-0.028935
248.85,70.0,0.006943,-0.014631
251.13,70.0,0.02523,0.003471
253.23,70.0,0.04332,0.021324
255.5,70.0,0.057371,0.035049
257.78,70.0,0.06531,0.042991
260.05,70.0,0.06548,0.043308
262.15,70.0,0.058942,0.036724
264.43,70.0,0.048178,0.026185
266.7,70.0,0.035372,0.013487
268.98,70.0,0.02235,0.000609
271.08,70.0,0.010508,-0.011085
273.35,70.0,0.001453,-0.020102
275.45,70.0,-0.004964,-0.026452
277.73,70.0,-0.007111,-0.028513
280.0,70.0,-0.005765,-0.027176
282.28,70.0,-0.000241,-0.021726
284.38,70.0,0.009013,-0.012681
286.65,70.0,0.020732,-0.001094
288.93,70.0,0.032972,0.010942
291.03,70.0,0.043105,0.021139
293.3,70.0,0.05031,0.02816
295.58,70.0,0.054358,0.032097
297.85,70.0,0.055489,0.033345
299.95,70.0,0.055147,0.033105
302.23,70.0,0.055024,0.032778
304.33,70.0,0.056111,0.033875
306.6,70.0,0.059405,0.036971
308.88,70.0,0.062264,0.040052
310.98,70.0,0.063915,0.041724
313.25,70.0,0.064639,0.04227
315.53,70.0,0.063865,0.041638
317.63,70.0,0.061835,0.039642
319.9,70.0,0.058015,0.035809
321.83,70.0,0.053268,0.031235
324.28,70.0,0.047667,0.025649
326.55,70.0,0.042522,0.020455
328.83,70.0,0.038431,0.016515
331.1,70.0,0.035603,0.013567
333.2,70.0,0.033336,0.011386
335.48,70.0,0.030997,0.009118
337.75,70.0,0.028314,0.006398
339.85,70.0,0.0247,0.002907
342.13,70.0,0.021105,-0.000654
344.4,70.0,0.017159,-0.004437
346.5,70.0,0.013391,-0.008149
348.95,70.0,0.008961,-0.012589
351.05,70.0,0.004731,-0.016754
353.33,70.0,0.001158,-0.020278
355.43,70.0,-0.002052,-0.023531
357.7,70.0,-0.003959,-0.025435
359.8,70.0,-0.005124,-0.026544
362.08,70.0,-0.005444,-0.02688
364.35,70.0,-0.005472,-0.026938
366.63,70.0,-0.005075,-0.02655
368.73,70.0,-0.00424,-0.025715
371.0,70.0,-0.002918,-0.024486
373.28,70.0,-0.002016,-0.023621
375.55,70.0,-0.002622,-0.024135
377.65,70.0,-0.005987,-0.027505
379.93,70.0,-0.010719,-0.032049
382.03,70.0,-0.016054,-0.037376
384.3,70.0,-0.019557,-0.040903
386.4,70.0,-0.021187,-0.042401
388.68,70.0,-0.021698,-0.042958
390.95,70.0,-0.022552,-0.043725
393.05,70.0,-0.025688,-0.046791
395.33,70.0,-0.030817,-0.051858
397.43,70.0,-0.037434,-0.058516
399.7,70.0,-0.043778,-0.064745
401.98,70.0,-0.046593,-0.06761
404.08,70.0,-0.043084,-0.06403
406.35,70.0,-0.034751,-0.055832
408.45,70.0,-0.023303,-0.044542
410.73,70.0,-0.011581,-0.032921
413.0,70.0,-0.002481,-0.023913
415.28,70.0,0.002224,-0.019138
417.38,70.0,0.001031,-0.020457
419.65,70.0,-0.005749,-0.027157
421.93,70.0,-0.015263,-0.0366
424.03,70.0,-0.025028,-0.046288
426.3,70.0,-0.033858,-0.054942
428.58,70.0,-0.041171,-0.062336
430.85,70.0,-0.047632,-0.068599
432.95,70.0,-0.053642,-0.074585
435.05,70.0,-0.059141,-0.079911
437.5,70.0,-0.063091,-0.08383
439.6,70.0,-0.066766,-0.087323
441.88,70.0,-0.069967,-0.090595
444.15,70.0,-0.073017,-0.09363
446.25,70.0,-0.076892,-0.097468
448.53,70.0,-0.081812,-0.102363
450.8,70.0,-0.087441,-0.107961
453.08,70.0,-0.095084,-0.11537
455.18,70.0,-0.103411,-0.123565
457.45,70.0,-0.113134,-0.133192
459.73,70.0,-0.123432,-0.143429
462.0,70.0,-0.132099,-0.151849
463.93,70.0,-0.139412,-0.159113
466.2,70.0,-0.145749,-0.165537
468.48,70.0,-0.150225,-0.169831
470.75,70.0,-0.153559,-0.173112
473.03,70.0,-0.155623,-0.175278
475.13,70.0,-0.157342,-0.176812
477.4,70.0,-0.159677,-0.179246
479.5,70.0,-0.16366,-0.183217
481.78,70.0,-0.170389,-0.189948
484.05,70.0,-0.179591,-0.198919
486.15,70.0,-0.190533,-0.209609
488.43,70.0,-0.202887,-0.221793
490.7,70.0,-0.215586,-0.234412
492.8,70.0,-0.228177,-0.246898
495.08,70.0,-0.240533,-0.259027
497.35,70.0,-0.254464,-0.272921
499.45,70.0,-0.271165,-0.289239
501.73,70.0,-0.291775,-0.30968
504.0,70.0,-0.318229,-0.33569
506.1,70.0,-0.350133,-0.367154
508.38,70.0,-0.389926,-0.406454
510.65,70.0,-0.436633,-0.452582
512.75,70.0,-0.49101,-0.506371
515.03,70.0,-0.552431,-0.567012
517.13,70.0,-0.621774,-0.635369
519.4,70.0,-0.699467,-0.712082
521.68,70.0,-0.786703,-0.79816
523.95,70.0,-0.879109,-0.889497
526.23,70.0,-0.980357,-0.989522
528.33,70.0,-1.092458,-1.100045
530.6,70.0,-1.219518,-1.22555
532.88,70.0,-1.360344,-1.364534
535.15,70.0,-1.496283,-1.498816
537.25,70.0,-1.609635,-1.610636
539.53,70.0,-1.6849,-1.685103
541.8,70.0,-1.713646,-1.713347
544.08,70.0,-1.693667,-1.693855
546.18,70.0,-1.633322,-1.634342
548.45,70.0,-1.544638,-1.546872
550.73,70.0,-1.436379,-1.440076
553.0,70.0,-1.328184,-1.333234
555.28,70.0,-1.225778,-1.232223
557.38,70.0,-1.13283,-1.140381
559.65,70.0,-1.048816,-1.057414
561.93,70.0,-0.979365,-0.988819
564.2,70.0,-0.919855,-0.930015
566.48,70.0,-0.868425,-0.879272
568.93,70.0,-0.818284,-0.829547
571.2,70.0,-0.778579,-0.790477
573.3,70.0,-0.743915,-0.756324
575.58,70.0,-0.714987,-0.727677
578.03,70.0,-0.688429,-0.701177
580.3,70.0,-0.672865,-0.686257
582.4,70.0,-0.664032,-0.677458
584.68,70.0,-0.661288,-0.674587
587.13,70.0,-0.659119,-0.672415
589.4,70.0,-0.654464,-0.667856
591.68,70.0,-0.648438,-0.661888
593.95,70.0,-0.642671,-0.656288
596.05,70.0,-0.638379,-0.652095
598.33,70.0,-0.636183,-0.649938
600.6,70.0,-0.6339,-0.647551
602.88,70.0,-0.630496,-0.644122
605.15,70.0,-0.625388,-0.639205
607.25,70.0,-0.61992,-0.633712
609.53,70.0,-0.612446,-0.626331
611.8,70.0,-0.60288,-0.616944
614.08,70.0,-0.592446,-0.606617
616.18,70.0,-0.583342,-0.597683
618.45,70.0,-0.576466,-0.590903
620.55,70.0,-0.572748,-0.587264
622.83,70.0,-0.570798,-0.585256
625.1,70.0,-0.569217,-0.583746
627.38,70.0,-0.568195,-0.582723
629.48,70.0,-0.567923,-0.582508
631.58,70.0,-0.569076,-0.583647
633.85,70.0,-0.571987,-0.586402
636.13,70.0,-0.57537,-0.58975
638.23,70.0,-0.57918,-0.593373
640.5,70.0,-0.582797,-0.597178
642.78,70.0,-0.586516,-0.600727
644.88,70.0,-0.591605,-0.605841
647.15,70.0,-0.597917,-0.612126
649.25,70.0,-0.605234,-0.619254
651.53,70.0,-0.612849,-0.626885
653.8,70.0,-0.619476,-0.633198
656.08,70.0,-0.621559,-0.635351
658.18,70.0,-0.619676,-0.633484
660.45,70.0,-0.615305,-0.629248
662.55,70.0,-0.612008,-0.625887
664.83,70.0,-0.61048,-0.624433
667.1,70.0,-0.61126,-0.625252
669.38,70.0,-0.613851,-0.627695
671.48,70.0,-0.618139,-0.631934
673.75,70.0,-0.623231,-0.637012
675.85,70.0,-0.628349,-0.642101
678.13,70.0,-0.634131,-0.647779
680.4,70.0,-0.639889,-0.653475
682.68,70.0,-0.645653,-0.659131
684.95,70.0,-0.650711,-0.664242
687.05,70.0,-0.655847,-0.669294
689.33,70.0,-0.660329,-0.67369
691.43,70.0,-0.663789,-0.677159
693.7,70.0,-0.666916,-0.680218
695.98,70.0,-0.669556,-0.682723
698.08,70.0,-0.671663,-0.68487
700.35,70.0,-0.673515,-0.686771
702.63,70.0,-0.675021,-0.688154
704.9,70.0,-0.675527,-0.688555
707.0,70.0,-0.676217,-0.689171
709.45,70.0,-0.677393,-0.690181
11.55,105.0,-0.379923,-0.396753
13.65,105.0,-0.39651,-0.413078
16.1,105.0,-0.411904,-0.428269
18.38,105.0,-0.423814,-0.440009
20.48,105.0,-0.434295,-0.450487
22.75,105.0,-0.443641,-0.459664
25.03,105.0,-0.450428,-0.466349
27.13,105.0,-0.453956,-0.469901
29.75,105.0,-0.453457,-0.469375
32.03,105.0,-0.44915,-0.465025
34.13,105.0,-0.441568,-0.457603
36.4,105.0,-0.431611,-0.447665
38.5,105.0,-0.420434,-0.436855
40.78,105.0,-0.409969,-0.42655
43.05,105.0,-0.397286,-0.413934
45.15,105.0,-0.379313,-0.396045
47.43,105.0,-0.355656,-0.372742
49.53,105.0,-0.328004,-0.34553
51.8,105.0,-0.295595,-0.31346
54.08,105.0,-0.261257,-0.279523
56.18,105.0,-0.2263,-0.245096
58.45,105.0,-0.190786,-0.209926
60.55,105.0,-0.159819,-0.179366
62.83,105.0,-0.135583,-0.155426
65.1,105.0,-0.118164,-0.138195
67.38,105.0,-0.10671,-0.126803
69.48,105.0,-0.099304,-0.119554
71.75,105.0,-0.094957,-0.115287
74.03,105.0,-0.091754,-0.112136
76.48,105.0,-0.0898,-0.11029
78.75,105.0,-0.089434,-0.109871
80.85,105.0,-0.088842,-0.109307
83.13,105.0,-0.087046,-0.107459
85.23,105.0,-0.082937,-0.10346
87.5,105.0,-0.076224,-0.096713
89.6,105.0,-0.069126,-0.089714
91.88,105.0,-0.063346,-0.084086
94.33,105.0,-0.059298,-0.080112
96.6,105.0,-0.05627,-0.077123
98.7,105.0,-0.053577,-0.074394
100.98,105.0,-0.050869,-0.071824
103.25,105.0,-0.048405,-0.069412
105.53,105.0,-0.045919,-0.066969
107.63,105.0,-0.041125,-0.062253
109.9,105.0,-0.034665,-0.055872
112.18,105.0,-0.028115,-0.049264
114.28,105.0,-0.022327,-0.043587
116.55,105.0,-0.017394,-0.038725
118.83,105.0,-0.013999,-0.035327
121.1,105.0,-0.012324,-0.033805
123.2,105.0,-0.012669,-0.034033
125.48,105.0,-0.015333,-0.036646
127.58,105.0,-0.018085,-0.039502
129.85,105.0,-0.017955,-0.039181
132.13,105.0,-0.013833,-0.035256
134.23,105.0,-0.006911,-0.028309
136.5,105.0,0.001441,-0.020102
138.78,105.0,0.007673,-0.013839
140.88,105.0,0.012861,-0.008873
143.15,105.0,0.017686,-0.003984
145.43,105.0,0.021185,-0.000543
147.53,105.0,0.021706,-5.6e-05
149.8,105.0,0.019577,-0.002166
152.08,105.0,0.016031,-0.005645
154.18,105.0,0.010012,-0.011501
156.45,105.0,0.003289,-0.018205
158.73,105.0,-0.004332,-0.025759
161.0,105.0,-0.011627,-0.033054
163.1,105.0,-0.019437,-0.040737
165.38,105.0,-0.027324,-0.048439
167.48,105.0,-0.03525,-0.05635
169.75,105.0,-0.043322,-0.064431
172.03,105.0,-0.050712,-0.071596
174.13,105.0,-0.057897,-0.078516
176.4,105.0,-0.063334,-0.083993
178.68,105.0,-0.068349,-0.088969
180.95,105.0,-0.071864,-0.092394
183.23,105.0,-0.073171,-0.093879
185.33,105.0,-0.072684,-0.093319
187.6,105.0,-0.069107,-0.089708
189.88,105.0,-0.063694,-0.084468
192.15,105.0,-0.059049,-0.079625
194.25,105.0,-0.05595,-0.076871
196.53,105.0,-0.055629,-0.076522
198.8,105.0,-0.057795,-0.078577
201.08,105.0,-0.061168,-0.081849
203.18,105.0,-0.065611,-0.086285
205.45,105.0,-0.06984,-0.090555
207.73,105.0,-0.072592,-0.09318
209.83,105.0,-0.072792,-0.09334
212.1,105.0,-0.069994,-0.090512
214.38,105.0,-0.061489,-0.082299
216.48,105.0,-0.046529,-0.067659
218.75,105.0,-0.024582,-0.045873
221.03,105.0,0.001435,-0.020065
223.13,105.0,0.025273,0.003453
225.4,105.0,0.042978,0.020908
227.5,105.0,0.053656,0.031463
229.78,105.0,0.056903,0.034793
232.05,105.0,0.054519,0.032393
234.33,105.0,0.045221,0.023135
236.6,105.0,0.032337,0.010424
238.88,105.0,0.017023,-0.004662
241.15,105.0,0.000387,-0.021113
243.43,105.0,-0.016039,-0.037311
245.7,105.0,-0.030192,-0.051291
247.8,105.0,-0.04033,-0.061381
250.08,105.0,-0.046581,-0.06761
252.35,105.0,-0.048833,-0.069831
254.63,105.0,-0.048781,-0.069831
256.73,105.0,-0.047629,-0.068694
259.0,105.0,-0.045977,-0.06704
261.1,105.0,-0.042841,-0.063802
263.38,105.0,-0.037727,-0.058778
265.65,105.0,-0.030398,-0.051482
267.75,105.0,-0.020121,-0.041427
270.03,105.0,-0.006677,-0.028205
272.3,105.0,0.00804,-0.013627
274.4,105.0,0.02206,0.000267
276.68,105.0,0.034266,0.012276
278.95,105.0,0.043068,0.020957
281.23,105.0,0.047719,0.025566
283.5,105.0,0.046635,0.024503
285.78,105.0,0.040557,0.018659
287.88,105.0,0.031706,0.009781
290.33,105.0,0.020874,-0.000891
292.6,105.0,0.011367,-0.010241
294.88,105.0,0.004574,-0.016948
296.98,105.0,0.002578,-0.018932
299.25,105.0,0.002556,-0.018926
301.35,105.0,0.003579,-0.018069
303.63,105.0,0.004223,-0.01721
305.9,105.0,0.005754,-0.015928
308.0,105.0,0.008031,-0.013621
310.28,105.0,0.010008,-0.011643
312.38,105.0,0.010526,-0.011159
314.65,105.0,0.009805,-0.011824
316.93,105.0,0.008021,-0.013556
319.03,105.0,0.005258,-0.016279
321.3,105.0,0.003025,-0.018525
323.4,105.0,0.000517,-0.020956
325.68,105.0,-0.002086,-0.023716
327.95,105.0,-0.005971,-0.027351
330.23,105.0,-0.010349,-0.031704
332.33,105.0,-0.015152,-0.036609
334.6,105.0,-0.019452,-0.04074
336.88,105.0,-0.022715,-0.043907
339.15,105.0,-0.024995,-0.046211
341.25,105.0,-0.027003,-0.048128
343.53,105.0,-0.029246,-0.050364
345.8,105.0,-0.032998,-0.0542
348.08,105.0,-0.037536,-0.058559
350.18,105.0,-0.042496,-0.063574
352.45,105.0,-0.046818,-0.067869
354.73,105.0,-0.049763,-0.07066
357.0,105.0,-0.051781,-0.072709
359.1,105.0,-0.053205,-0.074067
361.38,105.0,-0.053725,-0.074591
363.65,105.0,-0.052804,-0.073815
365.75,105.0,-0.050903,-0.072
368.03,105.0,-0.049021,-0.069976
370.3,105.0,-0.048433,-0.069477
372.4,105.0,-0.050164,-0.07111
374.68,105.0,-0.053118,-0.073944
376.95,105.0,-0.055161,-0.075953
379.23,105.0,-0.055185,-0.075968
381.33,105.0,-0.05363,-0.074572
383.6,105.0,-0.052678,-0.073608
385.88,105.0,-0.053648,-0.074421
388.15,105.0,-0.054033,-0.074957
390.25,105.0,-0.051855,-0.072875
392.53,105.0,-0.04729,-0.068359
394.8,105.0,-0.042438,-0.063534
396.9,105.0,-0.039637,-0.060836
399.18,105.0,-0.040263,-0.061396
401.45,105.0,-0.04391,-0.06493
403.55,105.0,-0.049209,-0.070269
405.83,105.0,-0.056794,-0.077585
408.1,105.0,-0.063356,-0.084132
410.2,105.0,-0.06765,-0.088374
412.48,105.0,-0.068981,-0.089523
414.75,105.0,-0.068614,-0.089212
417.03,105.0,-0.068759,-0.089412
419.13,105.0,-0.070734,-0.091258
421.4,105.0,-0.074178,-0.094779
423.68,105.0,-0.078932,-0.099492
425.78,105.0,-0.082755,-0.103365
428.05,105.0,-0.084067,-0.104508
430.15,105.0,-0.082533,-0.103094
432.43,105.0,-0.079896,-0.100401
434.7,105.0,-0.077514,-0.09798
436.98,105.0,-0.076051,-0.09668
439.08,105.0,-0.076624,-0.097166
441.35,105.0,-0.079609,-0.10013
443.63,105.0,-0.085407,-0.106014
445.9,105.0,-0.094067,-0.114449
448.0,105.0,-0.104689,-0.124825
450.28,105.0,-0.116113,-0.136073
452.55,105.0,-0.125999,-0.145956
454.65,105.0,-0.133996,-0.153781
456.93,105.0,-0.138337,-0.158177
459.2,105.0,-0.139927,-0.159726
461.48,105.0,-0.138355,-0.158223
463.58,105.0,-0.133251,-0.153057
465.85,105.0,-0.123195,-0.143208
468.13,105.0,-0.10736,-0.127527
470.4,105.0,-0.088115,-0.108682
472.5,105.0,-0.068697,-0.08928
474.78,105.0,-0.050703,-0.071714
477.05,105.0,-0.036479,-0.057487
479.33,105.0,-0.025484,-0.046787
481.6,105.0,-0.017247,-0.038682
483.7,105.0,-0.010235,-0.031624
485.98,105.0,-0.005321,-0.026791
488.25,105.0,-0.00168,-0.023168
490.53,105.0,-0.000611,-0.022111
492.63,105.0,-0.002881,-0.024326
494.9,105.0,-0.009169,-0.030586
497.0,105.0,-0.020669,-0.041871
499.28,105.0,-0.035974,-0.057182
501.55,105.0,-0.054449,-0.075303
503.65,105.0,-0.074434,-0.094976
505.93,105.0,-0.094529,-0.114924
508.2,105.0,-0.115383,-0.135472
510.3,105.0,-0.136784,-0.156522
512.58,105.0,-0.160768,-0.180201
514.85,105.0,-0.190379,-0.209458
517.13,105.0,-0.225287,-0.243971
519.4,105.0,-0.265854,-0.28399
521.5,105.0,-0.315761,-0.33321
523.95,105.0,-0.376285,-0.393004
526.23,105.0,-0.437603,-0.453592
528.5,105.0,-0.503762,-0.518885
530.6,105.0,-0.569991,-0.584445
532.88,105.0,-0.638909,-0.652483
534.98,105.0,-0.70865,-0.721133
537.25,105.0,-0.778,-0.789728
539.53,105.0,-0.848419,-0.85926
541.63,105.0,-0.923687,-0.933511
543.9,105.0,-1.003397,-1.012257
546.18,105.0,-1.089562,-1.09723
548.28,105.0,-1.181296,-1.187867
550.55,105.0,-1.281145,-1.286404
552.83,105.0,-1.391995,-1.395661
554.93,105.0,-1.506958,-1.509348
557.2,105.0,-1.625919,-1.626585
559.48,105.0,-1.748372,-1.747675
561.58,105.0,-1.867158,-1.864739
563.85,105.0,-1.96965,-1.966008
566.13,105.0,-2.051504,-2.046781
568.23,105.0,-2.104375,-2.099043
570.5,105.0,-2.128836,-2.123211
572.78,105.0,-2.123571,-2.118091
574.88,105.0,-2.092505,-2.08757
577.15,105.0,-2.041899,-2.037696
579.43,105.0,-1.974545,-1.971378
581.53,105.0,-1.895531,-1.893245
583.8,105.0,-1.808704,-1.80754
586.08,105.0,-1.717823,-1.717854
588.18,105.0,-1.62888,-1.630109
590.45,105.0,-1.542836,-1.545119
592.73,105.0,-1.464595,-1.467808
594.83,105.0,-1.393329,-1.397546
597.1,105.0,-1.32921,-1.33433
599.55,105.0,-1.26767,-1.273215
601.83,105.0,-1.219916,-1.22629
603.93,105.0,-1.179047,-1.185917
606.2,105.0,-1.13942,-1.146872
608.48,105.0,-1.103958,-1.111697
610.75,105.0,-1.072002,-1.080252
612.85,105.0,-1.043634,-1.052208
615.13,105.0,-1.018619,-1.027476
617.4,105.0,-0.994161,-1.003339
619.68,105.0,-0.971684,-0.981158
621.95,105.0,-0.949799,-0.959651
624.23,105.0,-0.928188,-0.938209
626.33,105.0,-0.908576,-0.918819
628.6,105.0,-0.892233,-0.902658
630.88,105.0,-0.878527,-0.889186
632.98,105.0,-0.868191,-0.878927
635.25,105.0,-0.860206,-0.870967
637.35,105.0,-0.853595,-0.86447
639.63,105.0,-0.848126,-0.859014
641.9,105.0,-0.843662,-0.854651
644.0,105.0,-0.840264,-0.851377
646.28,105.0,-0.836127,-0.847144
648.38,105.0,-0.830844,-0.842002
650.65,105.0,-0.824316,-0.835569
652.93,105.0,-0.81694,-0.828404
655.2,105.0,-0.81073,-0.822322
657.3,105.0,-0.806537,-0.818089
659.58,105.0,-0.805147,-0.816709
661.68,105.0,-0.806096,-0.817618
663.95,105.0,-0.807652,-0.819177
666.23,105.0,-0.807168,-0.818823
668.5,105.0,-0.803096,-0.814664
670.6,105.0,-0.794439,-0.806139
672.88,105.0,-0.782754,-0.794553
674.98,105.0,-0.769975,-0.781826
677.25,105.0,-0.758447,-0.770526
679.53,105.0,-0.750406,-0.762523
681.63,105.0,-0.746278,-0.758509
683.9,105.0,-0.746494,-0.758758
686.18,105.0,-0.750052,-0.762193
688.45,105.0,-0.755813,-0.768071
690.55,105.0,-0.76402,-0.775834
692.83,105.0,-0.77329,-0.785141
695.1,105.0,-0.783188,-0.795012
697.2,105.0,-0.793475,-0.805009
699.48,105.0,-0.804152,-0.815683
701.58,105.0,-0.814953,-0.826278
703.85,105.0,-0.825542,-0.836759
706.13,105.0,-0.836133,-0.847116
708.4,105.0,-0.845955,-0.856879
710.5,105.0,-0.854664,-0.86548
11.38,140.0,-1.572546,-1.573024
13.65,140.0,-1.595174,-1.596317
15.93,140.0,-1.581942,-1.583409
18.2,140.0,-1.553246,-1.55518
20.3,140.0,-1.535233,-1.537269
22.58,140.0,-1.550427,-1.552318
24.85,140.0,-1.602019,-1.603175
26.95,140.0,-1.673048,-1.673396
29.23,140.0,-1.742626,-1.741973
31.5,140.0,-1.791733,-1.790494
33.6,140.0,-1.809835,-1.808427
35.88,140.0,-1.794749,-1.793609
38.15,140.0,-1.749089,-1.748581
40.25,140.0,-1.677287,-1.677715
42.53,140.0,-1.586366,-1.588162
44.8,140.0,-1.483868,-1.486906
46.9,140.0,-1.372152,-1.376588
49.18,140.0,-1.259032,-1.265079
51.28,140.0,-1.149503,-1.156841
53.55,140.0,-1.046607,-1.055384
56.18,140.0,-0.930988,-0.940902
58.45,140.0,-0.838441,-0.849688
60.55,140.0,-0.747116,-0.759488
62.83,140.0,-0.660905,-0.67443
65.1,140.0,-0.577742,-0.592252
67.38,140.0,-0.50899,-0.524322
69.65,140.0,-0.447083,-0.463149
71.75,140.0,-0.397194,-0.413919
74.03,140.0,-0.352896,-0.370105
76.3,140.0,-0.315373,-0.333096
78.4,140.0,-0.279341,-0.297459
80.68,140.0,-0.246633,-0.265207
82.78,140.0,-0.216756,-0.235731
85.05,140.0,-0.188189,-0.20744
87.33,140.0,-0.163623,-0.183223
89.43,140.0,-0.143956,-0.163691
91.7,140.0,-0.128645,-0.148648
93.98,140.0,-0.116818,-0.136821
96.08,140.0,-0.106384,-0.126599
98.35,140.0,-0.09599,-0.116498
100.45,140.0,-0.085734,-0.106248
102.9,140.0,-0.07513,-0.095709
105.0,140.0,-0.064067,-0.084828
107.28,140.0,-0.053448,-0.074446
109.38,140.0,-0.044572,-0.065706
111.65,140.0,-0.037262,-0.058531
113.93,140.0,-0.031211,-0.052385
116.2,140.0,-0.025715,-0.046963
118.3,140.0,-0.021988,-0.04322
120.58,140.0,-0.019579,-0.040996
122.68,140.0,-0.017903,-0.039227
124.95,140.0,-0.016442,-0.037786
127.23,140.0,-0.015414,-0.036858
129.5,140.0,-0.014332,-0.035811
131.78,140.0,-0.010987,-0.032416
133.88,140.0,-0.005771,-0.027206
136.15,140.0,-0.000586,-0.022049
138.43,140.0,0.002233,-0.019323
140.88,140.0,0.002679,-0.018926
142.98,140.0,0.001912,-0.019536
145.25,140.0,0.000862,-0.020623
147.53,140.0,-0.000327,-0.021643
149.63,140.0,-0.001359,-0.022906
151.9,140.0,-0.002431,-0.023919
154.18,140.0,-0.004083,-0.025595
156.28,140.0,-0.006301,-0.02782
158.73,140.0,-0.00863,-0.030124
161.0,140.0,-0.008913,-0.030216
163.1,140.0,-0.007117,-0.028507
165.38,140.0,-0.003306,-0.02472
167.65,140.0,0.001592,-0.019887
169.75,140.0,0.006013,-0.015503
172.03,140.0,0.010825,-0.01078
174.3,140.0,0.015434,-0.006267
176.58,140.0,0.018832,-0.002915
178.68,140.0,0.021444,-0.000361
180.95,140.0,0.022846,0.001016
183.23,140.0,0.022276,0.00044
185.5,140.0,0.019343,-0.002453
187.6,140.0,0.014528,-0.007102
189.88,140.0,0.007529,-0.014104
192.15,140.0,0.000156,-0.021301
194.25,140.0,-0.007394,-0.028815
196.18,140.0,-0.014258,-0.035589
198.8,140.0,-0.020065,-0.041328
200.9,140.0,-0.023904,-0.045016
203.18,140.0,-0.026221,-0.047348
205.63,140.0,-0.027092,-0.048368
207.73,140.0,-0.026982,-0.04802
210.0,140.0,-0.026027,-0.047197
212.28,140.0,-0.024539,-0.04574
214.73,140.0,-0.022875,-0.044107
217.0,140.0,-0.022083,-0.043312
219.1,140.0,-0.022416,-0.043602
221.38,140.0,-0.023525,-0.044748
223.65,140.0,-0.025272,-0.046538
225.93,140.0,-0.026455,-0.047616
228.2,140.0,-0.025429,-0.04656
230.3,140.0,-0.020737,-0.041969
232.58,140.0,-0.010343,-0.031677
234.85,140.0,0.003739,-0.017838
237.13,140.0,0.017593,-0.004144
239.23,140.0,0.028678,0.006814
241.5,140.0,0.034611,0.012606
243.78,140.0,0.035566,0.013659
245.88,140.0,0.031989,0.010159
248.15,140.0,0.024676,0.002911
250.43,140.0,0.01463,-0.007031
252.7,140.0,0.003342,-0.018131
254.98,140.0,-0.007428,-0.028793
257.08,140.0,-0.016483,-0.037693
259.35,140.0,-0.023417,-0.044677
261.63,140.0,-0.027977,-0.049036
263.73,140.0,-0.030216,-0.051412
266.0,140.0,-0.030737,-0.051874
268.28,140.0,-0.02964,-0.050854
270.38,140.0,-0.027542,-0.048688
272.65,140.0,-0.024101,-0.045352
274.93,140.0,-0.020826,-0.04208
277.03,140.0,-0.017629,-0.038904
279.48,140.0,-0.015438,-0.036874
281.58,140.0,-0.014622,-0.035974
283.85,140.0,-0.014391,-0.035817
285.95,140.0,-0.012028,-0.033389
288.23,140.0,-0.00728,-0.028719
290.5,140.0,-0.001757,-0.023248
292.6,140.0,0.001503,-0.019954
294.88,140.0,0.002889,-0.018624
297.15,140.0,0.003182,-0.018297
299.43,140.0,0.00272,-0.018867
301.53,140.0,0.002707,-0.018728
303.8,140.0,0.002744,-0.018765
305.9,140.0,0.002667,-0.018808
308.18,140.0,0.000976,-0.020484
310.45,140.0,-0.002237,-0.02371
312.73,140.0,-0.006618,-0.028125
314.83,140.0,-0.010407,-0.031664
317.1,140.0,-0.012795,-0.034234
319.38,140.0,-0.012308,-0.033765
321.48,140.0,-0.00977,-0.031122
323.75,140.0,-0.007016,-0.028466
326.03,140.0,-0.004529,-0.02607
328.13,140.0,-0.003349,-0.024828
330.4,140.0,-0.003371,-0.024985
332.68,140.0,-0.003393,-0.024988
334.78,140.0,-0.003457,-0.024991
337.05,140.0,-0.00346,-0.025007
339.33,140.0,-0.003805,-0.025226
341.43,140.0,-0.005666,-0.027129
343.7,140.0,-0.008658,-0.030068
345.98,140.0,-0.010956,-0.032308
348.25,140.0,-0.011957,-0.033349
350.18,140.0,-0.01159,-0.032955
352.63,140.0,-0.010845,-0.032247
355.08,140.0,-0.012006,-0.033433
357.35,140.0,-0.015626,-0.037086
359.45,140.0,-0.021563,-0.042869
361.73,140.0,-0.027425,-0.048667
364.0,140.0,-0.032407,-0.053528
366.1,140.0,-0.035515,-0.0566
368.38,140.0,-0.038818,-0.059939
370.65,140.0,-0.042262,-0.063356
372.75,140.0,-0.04521,-0.066202
375.03,140.0,-0.046843,-0.0679
377.13,140.0,-0.047961,-0.069092
379.4,140.0,-0.049779,-0.070795
381.5,140.0,-0.050398,-0.071322
383.78,140.0,-0.047502,-0.068466
386.05,140.0,-0.042856,-0.063833
388.15,140.0,-0.03765,-0.058839
390.43,140.0,-0.034422,-0.055561
392.7,140.0,-0.032558,-0.053852
394.8,140.0,-0.032678,-0.053747
397.08,140.0,-0.033624,-0.054779
399.35,140.0,-0.035383,-0.056519
401.45,140.0,-0.037548,-0.05863
403.73,140.0,-0.038168,-0.05932
406.0,140.0,-0.03712,-0.058235
408.28,140.0,-0.035518,-0.056535
410.38,140.0,-0.035648,-0.056834
412.65,140.0,-0.038331,-0.059502
414.93,140.0,-0.043408,-0.064468
417.03,140.0,-0.048898,-0.069927
419.3,140.0,-0.052992,-0.073969
421.58,140.0,-0.05354,-0.074394
423.68,140.0,-0.05159,-0.072638
425.95,140.0,-0.05038,-0.071325
428.23,140.0,-0.051372,-0.072327
430.5,140.0,-0.055993,-0.076735
432.6,140.0,-0.062089,-0.082767
434.88,140.0,-0.067906,-0.088568
437.15,140.0,-0.070022,-0.0907
439.25,140.0,-0.067604,-0.088245
441.53,140.0,-0.060293,-0.081008
443.8,140.0,-0.046433,-0.067425
445.9,140.0,-0.026054,-0.047259
448.35,140.0,-0.001393,-0.022872
450.45,140.0,0.018634,-0.003199
452.73,140.0,0.034106,0.01211
455.0,140.0,0.046013,0.023899
457.1,140.0,0.05474,0.032467
459.38,140.0,0.057843,0.035554
461.65,140.0,0.055048,0.032809
463.75,140.0,0.045572,0.023524
466.03,140.0,0.031228,0.009445
468.3,140.0,0.014112,-0.007481
470.4,140.0,-0.004696,-0.026168
472.68,140.0,-0.022684,-0.043784
474.95,140.0,-0.03797,-0.059092
477.23,140.0,-0.050909,-0.071855
479.5,140.0,-0.060703,-0.081341
481.6,140.0,-0.067893,-0.088605
483.88,140.0,-0.072924,-0.093482
486.15,140.0,-0.076482,-0.097074
488.43,140.0,-0.079018,-0.099526
490.53,140.0,-0.080527,-0.100977
492.8,140.0,-0.0818,-0.102327
495.08,140.0,-0.083506,-0.104012
497.35,140.0,-0.085986,-0.106467
499.63,140.0,-0.090641,-0.111045
501.73,140.0,-0.097231,-0.117582
504.0,140.0,-0.105752,-0.125842
506.1,140.0,-0.115869,-0.135835
508.38,140.0,-0.127739,-0.147567
510.65,140.0,-0.140047,-0.159813
512.93,140.0,-0.153811,-0.173368
515.03,140.0,-0.167903,-0.187376
517.3,140.0,-0.182086,-0.201344
519.58,140.0,-0.195019,-0.214122
521.68,140.0,-0.206954,-0.225863
523.95,140.0,-0.218593,-0.237342
526.23,140.0,-0.230752,-0.249304
528.33,140.0,-0.242853,-0.261421
530.6,140.0,-0.253512,-0.271846
532.7,140.0,-0.258645,-0.276833
534.98,140.0,-0.258682,-0.277006
537.08,140.0,-0.258019,-0.276344
539.35,140.0,-0.25903,-0.277209
541.63,140.0,-0.26244,-0.28069
543.9,140.0,-0.267034,-0.285191
546.0,140.0,-0.274101,-0.292197
548.28,140.0,-0.28334,-0.301226
550.38,140.0,-0.29435,-0.312243
552.65,140.0,-0.306242,-0.32395
554.93,140.0,-0.317551,-0.335185
557.03,140.0,-0.327409,-0.344973
559.3,140.0,-0.335216,-0.352616
561.58,140.0,-0.341353,-0.358543
563.68,140.0,-0.344803,-0.362015
565.95,140.0,-0.347905,-0.365154
568.23,140.0,-0.350413,-0.367693
570.33,140.0,-0.352237,-0.369415
572.6,140.0,-0.352976,-0.370142
574.88,140.0,-0.35264,-0.369769
576.98,140.0,-0.353414,-0.370536
579.25,140.0,-0.356282,-0.373352
581.53,140.0,-0.363407,-0.380268
583.8,140.0,-0.371614,-0.388454
585.9,140.0,-0.37769,-0.39448
588.18,140.0,-0.38228,-0.399057
590.45,140.0,-0.388694,-0.405444
592.73,140.0,-0.396516,-0.413146
594.83,140.0,-0.405358,-0.421762
597.1,140.0,-0.41244,-0.428879
599.2,140.0,-0.417609,-0.433962
601.48,140.0,-0.419692,-0.436035
603.75,140.0,-0.419292,-0.435653
605.85,140.0,-0.419365,-0.435736
608.13,140.0,-0.421383,-0.4378
610.4,140.0,-0.42838,-0.444442
612.5,140.0,-0.439193,-0.455253
614.78,140.0,-0.452948,-0.468826
617.05,140.0,-0.469014,-0.48467
619.15,140.0,-0.486226,-0.501731
621.43,140.0,-0.504744,-0.520062
623.7,140.0,-0.522347,-0.537264
625.8,140.0,-0.537622,-0.552347
628.08,140.0,-0.550816,-0.565462
630.35,140.0,-0.561131,-0.575764
632.63,140.0,-0.566395,-0.580866
634.9,140.0,-0.567406,-0.581959
637.35,140.0,-0.56846,-0.582936
639.63,140.0,-0.573688,-0.587994
641.73,140.0,-0.584442,-0.598509
644.0,140.0,-0.599362,-0.613342
646.28,140.0,-0.617002,-0.630829
648.55,140.0,-0.637665,-0.651115
650.65,140.0,-0.660471,-0.673697
652.93,140.0,-0.686263,-0.698943
655.2,140.0,-0.712923,-0.725533
657.3,140.0,-0.740348,-0.752541
659.58,140.0,-0.766796,-0.778678
661.85,140.0,-0.790603,-0.802261
663.95,140.0,-0.808422,-0.820003
666.23,140.0,-0.821706,-0.832969
668.5,140.0,-0.832252,-0.843468
670.6,140.0,-0.843296,-0.854248
672.88,140.0,-0.856666,-0.867369
675.15,140.0,-0.873296,-0.883924
677.25,140.0,-0.891608,-0.901916
679.53,140.0,-0.908659,-0.918869
681.8,140.0,-0.925061,-0.934978
684.08,140.0,-0.938576,-0.948271
686.18,140.0,-0.949907,-0.959639
688.45,140.0,-0.959436,-0.96898
690.73,140.0,-0.967267,-0.976786
692.83,140.0,-0.972935,-0.982143
695.1,140.0,-0.976629,-0.985927
697.38,140.0,-0.977692,-0.986845
699.65,140.0,-0.974925,-0.984275
701.93,140.0,-0.967797,-0.977298
704.03,140.0,-0.953176,-0.962794
706.3,140.0,-0.926182,-0.93605
708.58,140.0,-0.888893,-0.899368
710.85,140.0,-0.850117,-0.861056
11.03,175.0,-0.73325,-0.745323
13.13,175.0,-0.705899,-0.718592
15.4,175.0,-0.681531,-0.694257
17.68,175.0,-0.662991,-0.676438
19.95,175.0,-0.647415,-0.660869
22.05,175.0,-0.633657,-0.647329
24.33,175.0,-0.620829,-0.634621
26.6,175.0,-0.608034,-0.621947
29.05,175.0,-0.596466,-0.610462
31.33,175.0,-0.590832,-0.605
33.43,175.0,-0.595434,-0.609467
35.7,175.0,-0.62041,-0.634082
37.98,175.0,-0.687045,-0.699836
40.25,175.0,-0.802957,-0.814202
42.53,175.0,-0.939787,-0.949355
44.63,175.0,-1.071761,-1.079651
46.9,175.0,-1.176955,-1.183533
49.18,175.0,-1.240051,-1.245852
51.28,175.0,-1.259087,-1.264678
53.55,175.0,-1.236009,-1.242035
55.83,175.0,-1.180997,-1.187759
57.93,175.0,-1.101293,-1.10917
60.2,175.0,-1.007886,-1.016878
62.48,175.0,-0.906438,-0.916774
64.58,175.0,-0.803773,-0.81536
66.85,175.0,-0.700231,-0.713191
69.3,175.0,-0.606183,-0.620342
71.4,175.0,-0.523167,-0.538324
73.68,175.0,-0.445992,-0.462113
75.78,175.0,-0.375681,-0.392751
78.05,175.0,-0.31191,-0.329769
80.33,175.0,-0.252182,-0.270727
82.6,175.0,-0.197819,-0.216994
84.7,175.0,-0.147514,-0.167296
86.98,175.0,-0.100882,-0.121298
89.25,175.0,-0.059018,-0.079871
91.53,175.0,-0.02298,-0.044166
93.63,175.0,0.008986,-0.012669
95.9,175.0,0.036148,0.014097
98.18,175.0,0.059266,0.036891
100.28,175.0,0.077652,0.055166
102.55,175.0,0.091302,0.068699
104.83,175.0,0.099451,0.076638
106.93,175.0,0.101419,0.078684
109.2,175.0,0.09726,0.074519
111.48,175.0,0.088077,0.065548
113.58,175.0,0.074873,0.052612
115.85,175.0,0.060979,0.038748
118.13,175.0,0.047963,0.025726
120.4,175.0,0.037029,0.015055
122.5,175.0,0.028283,0.006521
124.78,175.0,0.021481,-0.000463
126.88,175.0,0.016503,-0.00521
129.15,175.0,0.011897,-0.009834
131.43,175.0,0.00751,-0.014178
133.35,175.0,0.003271,-0.018202
135.8,175.0,-0.001402,-0.022807
137.9,175.0,-0.006344,-0.027816
140.18,175.0,-0.011365,-0.032696
142.63,175.0,-0.01724,-0.038691
144.73,175.0,-0.022148,-0.043399
147.0,175.0,-0.02643,-0.047641
149.1,175.0,-0.029434,-0.05058
151.38,175.0,-0.031612,-0.052832
153.65,175.0,-0.033081,-0.054249
155.75,175.0,-0.034172,-0.055232
158.03,175.0,-0.034736,-0.055943
160.3,175.0,-0.034754,-0.055993
162.23,175.0,-0.035176,-0.056301
164.68,175.0,-0.035509,-0.056698
166.78,175.0,-0.035561,-0.056769
169.05,175.0,-0.035343,-0.056507
171.33,175.0,-0.034782,-0.055962
173.43,175.0,-0.033057,-0.054224
175.7,175.0,-0.031516,-0.052742
177.98,175.0,-0.030284,-0.051492
180.25,175.0,-0.02993,-0.051054
182.35,175.0,-0.030466,-0.051618
184.63,175.0,-0.032256,-0.053352
186.9,175.0,-0.034579,-0.055718
189.0,175.0,-0.036707,-0.057755
191.28,175.0,-0.039388,-0.060426
193.55,175.0,-0.042385,-0.063371
195.65,175.0,-0.04525,-0.06627
197.93,175.0,-0.047453,-0.068433
200.03,175.0,-0.04964,-0.070611
202.3,175.0,-0.051399,-0.072305
204.4,175.0,-0.052613,-0.073485
206.68,175.0,-0.053325,-0.074157
208.95,175.0,-0.053685,-0.074631
211.23,175.0,-0.053725,-0.074532
213.5,175.0,-0.0533,-0.07423
215.6,175.0,-0.053279,-0.074209
217.88,175.0,-0.053356,-0.07424
220.15,175.0,-0.053673,-0.074606
222.25,175.0,-0.054224,-0.075112
224.7,175.0,-0.054335,-0.075303
226.8,175.0,-0.053759,-0.074603
229.08,175.0,-0.052074,-0.072961
231.35,175.0,-0.049101,-0.070004
233.63,175.0,-0.045417,-0.066375
235.9,175.0,-0.041516,-0.062647
238.0,175.0,-0.038688,-0.059884
240.28,175.0,-0.03721,-0.058349
242.55,175.0,-0.036661,-0.05781
244.65,175.0,-0.036353,-0.057401
247.1,175.0,-0.036248,-0.057558
249.38,175.0,-0.036255,-0.057401
251.65,175.0,-0.036633,-0.05773
253.93,175.0,-0.037401,-0.058565
256.38,175.0,-0.038319,-0.059572
258.65,175.0,-0.039363,-0.060509
260.93,175.0,-0.040894,-0.061945
263.2,175.0,-0.042419,-0.063562
265.48,175.0,-0.043944,-0.065108
267.75,175.0,-0.044767,-0.065731
269.85,175.0,-0.044763,-0.065894
272.13,175.0,-0.044335,-0.06525
274.58,175.0,-0.042493,-0.063744
276.68,175.0,-0.039881,-0.060916
278.95,175.0,-0.035503,-0.056643
281.23,175.0,-0.030044,-0.051104
283.33,175.0,-0.02281,-0.04415
285.6,175.0,-0.01627,-0.037629
287.7,175.0,-0.008738,-0.030078
289.98,175.0,-0.001165,-0.022604
292.25,175.0,0.004482,-0.017049
294.53,175.0,0.00702,-0.014609
296.63,175.0,0.006093,-0.015432
298.9,175.0,0.003142,-0.018368
301.18,175.0,-0.001338,-0.022893
303.28,175.0,-0.005851,-0.027422
305.55,175.0,-0.0096,-0.031067
307.65,175.0,-0.012481,-0.033895
309.93,175.0,-0.014502,-0.035832
312.2,175.0,-0.016975,-0.038371
314.48,175.0,-0.019958,-0.041153
316.58,175.0,-0.022727,-0.044055
318.85,175.0,-0.026316,-0.047438
321.13,175.0,-0.029508,-0.05066
323.23,175.0,-0.031744,-0.05282
325.5,175.0,-0.03208,-0.053124
327.78,175.0,-0.029536,-0.050645
330.23,175.0,-0.025084,-0.046418
332.5,175.0,-0.02208,-0.043232
334.6,175.0,-0.021233,-0.042502
336.88,175.0,-0.021677,-0.042915
339.15,175.0,-0.022505,-0.043719
341.25,175.0,-0.02245,-0.043627
343.53,175.0,-0.02147,-0.042687
345.8,175.0,-0.019656,-0.040965
347.9,175.0,-0.020087,-0.041248
350.18,175.0,-0.023115,-0.044332
352.45,175.0,-0.028497,-0.049619
354.55,175.0,-0.034646,-0.055755
356.83,175.0,-0.040937,-0.061988
359.1,175.0,-0.047114,-0.068007
361.2,175.0,-0.051627,-0.072576
363.48,175.0,-0.054298,-0.075164
365.75,175.0,-0.0559,-0.076655
367.85,175.0,-0.056951,-0.077841
370.13,175.0,-0.057801,-0.078565
372.4,175.0,-0.058389,-0.079156
374.5,175.0,-0.059455,-0.080155
376.78,175.0,-0.060512,-0.081301
379.05,175.0,-0.061849,-0.082521
381.15,175.0,-0.062567,-0.083331
383.43,175.0,-0.061658,-0.082367
385.7,175.0,-0.058762,-0.07952
387.98,175.0,-0.053781,-0.074689
390.08,175.0,-0.049221,-0.07021
392.35,175.0,-0.047222,-0.068143
394.63,175.0,-0.047145,-0.068192
396.73,175.0,-0.048192,-0.0692
399.0,175.0,-0.04985,-0.07074
401.28,175.0,-0.050648,-0.071569
403.38,175.0,-0.049859,-0.070897
405.65,175.0,-0.048223,-0.069301
407.75,175.0,-0.046658,-0.067656
410.03,175.0,-0.044033,-0.065047
412.3,175.0,-0.039865,-0.061036
414.58,175.0,-0.034391,-0.055497
416.85,175.0,-0.026014,-0.04729
418.95,175.0,-0.015518,-0.036911
421.23,175.0,-0.003442,-0.02501
423.33,175.0,0.007297,-0.014323
425.6,175.0,0.01459,-0.007074
427.88,175.0,0.016512,-0.00529
430.15,175.0,0.014408,-0.007299
432.43,175.0,0.009728,-0.011908
434.53,175.0,0.004192,-0.01741
436.8,175.0,-0.001923,-0.023349
439.08,175.0,-0.007493,-0.028907
441.18,175.0,-0.012835,-0.034129
443.45,175.0,-0.01915,-0.04045
445.73,175.0,-0.025377,-0.046501
447.83,175.0,-0.030768,-0.051886
450.1,175.0,-0.034748,-0.055894
452.38,175.0,-0.036997,-0.058063
454.48,175.0,-0.036698,-0.057909
456.75,175.0,-0.0333,-0.054406
459.03,175.0,-0.026578,-0.047773
461.13,175.0,-0.016174,-0.037539
463.4,175.0,-0.002009,-0.023614
465.68,175.0,0.011512,-0.010105
467.95,175.0,0.022119,0.000277
470.23,175.0,0.032328,0.010227
472.33,175.0,0.044377,0.022294
474.6,175.0,0.057741,0.03548
476.88,175.0,0.068212,0.045757
479.15,175.0,0.072251,0.049784
481.25,175.0,0.068129,0.045702
483.53,175.0,0.056995,0.034756
485.8,175.0,0.042461,0.020501
488.08,175.0,0.027476,0.005634
490.18,175.0,0.013548,-0.008069
492.45,175.0,0.00304,-0.01847
494.73,175.0,-0.004569,-0.026091
496.83,175.0,-0.009224,-0.030648
499.1,175.0,-0.013704,-0.03505
501.2,175.0,-0.019465,-0.040755
503.48,175.0,-0.027243,-0.048352
505.75,175.0,-0.037256,-0.058303
507.85,175.0,-0.049489,-0.070512
510.13,175.0,-0.0629,-0.083587
512.23,175.0,-0.076877,-0.09745
514.5,175.0,-0.090959,-0.111399
516.78,175.0,-0.105318,-0.125416
519.05,175.0,-0.118639,-0.138608
521.15,175.0,-0.130848,-0.15078
523.43,175.0,-0.140922,-0.160623
525.53,175.0,-0.147635,-0.167188
527.8,175.0,-0.146596,-0.166242
530.08,175.0,-0.137912,-0.157742
532.18,175.0,-0.125709,-0.145706
534.45,175.0,-0.113137,-0.133226
536.55,175.0,-0.102937,-0.123155
538.83,175.0,-0.096433,-0.116837
540.93,175.0,-0.093158,-0.113519
543.2,175.0,-0.093728,-0.114005
545.3,175.0,-0.097203,-0.117545
547.75,175.0,-0.102715,-0.122893
549.85,175.0,-0.109126,-0.129169
552.13,175.0,-0.115176,-0.135068
554.4,175.0,-0.121088,-0.141122
556.68,175.0,-0.1257,-0.145521
558.78,175.0,-0.129905,-0.149828
561.05,175.0,-0.13367,-0.153472
563.33,175.0,-0.137274,-0.157092
565.43,175.0,-0.140379,-0.16013
567.7,175.0,-0.144209,-0.163768
569.98,175.0,-0.147385,-0.167015
572.08,175.0,-0.149464,-0.169166
574.35,175.0,-0.149144,-0.16875
576.63,175.0,-0.146898,-0.166618
578.9,175.0,-0.143972,-0.163593
581.0,175.0,-0.141331,-0.161002
583.1,175.0,-0.138784,-0.158522
585.38,175.0,-0.135774,-0.155635
587.65,175.0,-0.131716,-0.151566
589.93,175.0,-0.127899,-0.147752
592.03,175.0,-0.125666,-0.145635
594.3,175.0,-0.126405,-0.146356
596.58,175.0,-0.130188,-0.150056
598.68,175.0,-0.13509,-0.154997
601.13,175.0,-0.13981,-0.159615
603.4,175.0,-0.145287,-0.165031
605.5,175.0,-0.152397,-0.172003
607.78,175.0,-0.162302,-0.18176
610.05,175.0,-0.173417,-0.192795
612.15,175.0,-0.183423,-0.202708
614.43,175.0,-0.191384,-0.210429
616.7,175.0,-0.19614,-0.215228
618.8,175.0,-0.197403,-0.216467
621.08,175.0,-0.194307,-0.213411
623.35,175.0,-0.18655,-0.205644
625.63,175.0,-0.176988,-0.196378
627.73,175.0,-0.170463,-0.189862
630.0,175.0,-0.167844,-0.187296
632.28,175.0,-0.170034,-0.189548
634.38,175.0,-0.17639,-0.195768
636.65,175.0,-0.186079,-0.205296
638.93,175.0,-0.196411,-0.21554
641.03,175.0,-0.206824,-0.225672
643.3,175.0,-0.217259,-0.236116
645.58,175.0,-0.227659,-0.246365
647.85,175.0,-0.238583,-0.257126
650.13,175.0,-0.248365,-0.266803
652.4,175.0,-0.258032,-0.276276
654.5,175.0,-0.267754,-0.285921
656.78,175.0,-0.276716,-0.294742
658.88,175.0,-0.282856,-0.300838
661.15,175.0,-0.287314,-0.305167
663.25,175.0,-0.289529,-0.3074
665.53,175.0,-0.289748,-0.307736
667.8,175.0,-0.28838,-0.30626
669.9,175.0,-0.28562,-0.303528
672.18,175.0,-0.281494,-0.299612
674.28,175.0,-0.276482,-0.294578
676.55,175.0,-0.270154,-0.288404
678.83,175.0,-0.265817,-0.284021
681.1,175.0,-0.264338,-0.282508
683.2,175.0,-0.265734,-0.283981
685.48,175.0,-0.270589,-0.28878
687.75,175.0,-0.277249,-0.29529
690.03,175.0,-0.2846,-0.302591
692.13,175.0,-0.291824,-0.309652
694.4,175.0,-0.298614,-0.31639
696.68,175.0,-0.303956,-0.321679
698.95,175.0,-0.308636,-0.326276
701.05,175.0,-0.313568,-0.331177
703.33,175.0,-0.318897,-0.336559
705.43,175.0,-0.326069,-0.343602
707.7,175.0,-0.334523,-0.351756
709.98,175.0,-0.343722,-0.3609
10.85,210.0,-0.478364,-0.493765
13.13,210.0,-0.468851,-0.484519
15.4,210.0,-0.458805,-0.474495
17.68,210.0,-0.451128,-0.467027
19.78,210.0,-0.448047,-0.464073
22.4,210.0,-0.457619,-0.47342
24.5,210.0,-0.488531,-0.503909
26.78,210.0,-0.55488,-0.569387
29.05,210.0,-0.669353,-0.682252
31.33,210.0,-0.826731,-0.837569
33.6,210.0,-0.960461,-0.969657
35.7,210.0,-1.069081,-1.077026
37.98,210.0,-1.132726,-1.139888
40.25,210.0,-1.14865,-1.155788
42.35,210.0,-1.120911,-1.128434
44.63,210.0,-1.05808,-1.066385
46.9,210.0,-0.970686,-0.980163
49.18,210.0,-0.869664,-0.880409
51.28,210.0,-0.76707,-0.779082
53.55,210.0,-0.664602,-0.677957
55.83,210.0,-0.571503,-0.586075
58.1,210.0,-0.483876,-0.499495
60.38,210.0,-0.400348,-0.417123
62.65,210.0,-0.321005,-0.33858
64.75,210.0,-0.247881,-0.266458
67.03,210.0,-0.186094,-0.205367
69.3,210.0,-0.137481,-0.157419
71.58,210.0,-0.104036,-0.124375
73.68,210.0,-0.084197,-0.104742
75.95,210.0,-0.073676,-0.094314
78.05,210.0,-0.068944,-0.089668
80.33,210.0,-0.06716,-0.08781
82.6,210.0,-0.066729,-0.087388
84.7,210.0,-0.066193,-0.086741
87.15,210.0,-0.063466,-0.084209
89.25,210.0,-0.057536,-0.078343
91.53,210.0,-0.044961,-0.066042
93.8,210.0,-0.027872,-0.049052
96.08,210.0,-0.008349,-0.029871
98.18,210.0,0.010736,-0.010953
100.45,210.0,0.028881,0.007088
102.73,210.0,0.044075,0.021925
104.83,210.0,0.055976,0.033708
107.1,210.0,0.064164,0.041755
109.38,210.0,0.067642,0.045323
111.48,210.0,0.066838,0.044556
113.75,210.0,0.063376,0.041056
115.68,210.0,0.058899,0.036429
118.13,210.0,0.054907,0.03267
120.4,210.0,0.050871,0.028878
122.85,210.0,0.047217,0.025052
125.13,210.0,0.045243,0.023034
127.23,210.0,0.044494,0.02243
129.5,210.0,0.04462,0.022599
131.78,210.0,0.045273,0.023151
133.88,210.0,0.044993,0.02287
136.15,210.0,0.042957,0.020908
138.43,210.0,0.038952,0.017036
140.53,210.0,0.032547,0.010609
142.8,210.0,0.024611,0.002735
144.9,210.0,0.015412,-0.006378
147.18,210.0,0.005027,-0.016479
149.28,210.0,-0.004862,-0.026446
151.55,210.0,-0.014865,-0.036165
153.83,210.0,-0.024446,-0.045586
156.1,210.0,-0.033383,-0.05444
158.38,210.0,-0.040854,-0.062052
160.48,210.0,-0.047194,-0.068198
162.93,210.0,-0.052314,-0.073319
165.03,210.0,-0.055845,-0.076692
167.3,210.0,-0.058676,-0.079535
169.58,210.0,-0.060943,-0.081618
171.68,210.0,-0.063343,-0.084092
173.95,210.0,-0.065792,-0.086458
176.23,210.0,-0.068303,-0.088876
178.33,210.0,-0.070444,-0.091051
180.6,210.0,-0.072496,-0.093115
182.88,210.0,-0.073815,-0.094384
185.15,210.0,-0.075497,-0.096082
187.43,210.0,-0.076861,-0.097447
189.53,210.0,-0.078223,-0.098821
191.8,210.0,-0.079927,-0.10049
193.9,210.0,-0.08204,-0.102558
196.18,210.0,-0.08423,-0.104699
198.28,210.0,-0.085965,-0.106495
200.55,210.0,-0.087437,-0.107832
202.83,210.0,-0.08826,-0.108657
205.1,210.0,-0.088657,-0.109095
207.2,210.0,-0.088888,-0.109375
209.65,210.0,-0.088929,-0.109388
211.93,210.0,-0.088583,-0.109027
214.2,210.0,-0.087755,-0.108297
216.48,210.0,-0.087391,-0.107918
218.58,210.0,-0.087086,-0.107607
220.85,210.0,-0.087132,-0.107625
223.13,210.0,-0.087499,-0.107946
225.4,210.0,-0.088195,-0.108734
227.5,210.0,-0.088624,-0.109089
229.78,210.0,-0.088312,-0.108697
232.05,210.0,-0.086695,-0.107099
234.15,210.0,-0.084181,-0.10476
236.43,210.0,-0.080068,-0.100577
238.7,210.0,-0.074381,-0.095022
240.98,210.0,-0.067807,-0.088429
243.25,210.0,-0.059255,-0.079998
245.35,210.0,-0.049671,-0.070762
247.45,210.0,-0.041301,-0.062367
249.9,210.0,-0.035238,-0.056375
252.18,210.0,-0.033266,-0.054548
254.28,210.0,-0.034828,-0.056008
256.9,210.0,-0.039951,-0.061054
259.18,210.0,-0.045358,-0.066381
261.45,210.0,-0.050521,-0.071596
263.55,210.0,-0.055346,-0.076258
265.83,210.0,-0.059181,-0.080016
268.1,210.0,-0.061344,-0.082065
270.2,210.0,-0.06286,-0.083685
272.48,210.0,-0.063368,-0.084055
274.58,210.0,-0.062856,-0.083528
276.85,210.0,-0.060327,-0.081144
279.13,210.0,-0.055817,-0.076744
281.4,210.0,-0.049742,-0.070755
283.68,210.0,-0.044483,-0.065614
285.78,210.0,-0.039443,-0.060567
288.05,210.0,-0.035891,-0.057111
290.33,210.0,-0.034218,-0.055383
292.6,210.0,-0.033063,-0.05415
294.88,210.0,-0.034117,-0.05533
296.98,210.0,-0.038365,-0.059452
299.25,210.0,-0.04793,-0.068888
301.35,210.0,-0.061067,-0.081787
303.98,210.0,-0.076633,-0.097256
306.25,210.0,-0.088408,-0.108892
308.35,210.0,-0.099261,-0.119563
310.63,210.0,-0.109579,-0.129665
312.9,210.0,-0.11944,-0.139572
315.18,210.0,-0.128574,-0.148556
317.45,210.0,-0.138981,-0.158722
319.55,210.0,-0.150986,-0.170515
322.35,210.0,-0.168408,-0.187924
324.63,210.0,-0.183402,-0.202604
326.73,210.0,-0.198747,-0.217865
329.0,210.0,-0.213543,-0.232468
331.1,210.0,-0.227446,-0.246177
333.55,210.0,-0.238737,-0.257422
335.65,210.0,-0.248968,-0.267474
337.93,210.0,-0.257493,-0.275752
340.2,210.0,-0.265161,-0.283426
342.3,210.0,-0.271833,-0.290028
344.58,210.0,-0.27764,-0.295669
346.85,210.0,-0.282225,-0.300124
349.13,210.0,-0.286088,-0.304073
351.23,210.0,-0.289067,-0.307104
353.5,210.0,-0.290851,-0.30879
355.78,210.0,-0.291245,-0.309091
357.88,210.0,-0.2911,-0.308977
360.15,210.0,-0.290875,-0.308845
362.43,210.0,-0.29009,-0.308041
364.53,210.0,-0.288136,-0.306042
366.8,210.0,-0.283281,-0.301334
369.08,210.0,-0.277003,-0.295059
371.18,210.0,-0.270746,-0.288845
373.45,210.0,-0.265604,-0.283901
375.73,210.0,-0.261969,-0.280182
378.0,210.0,-0.257637,-0.275894
380.28,210.0,-0.253571,-0.272086
382.55,210.0,-0.250878,-0.269283
384.65,210.0,-0.248568,-0.26708
386.93,210.0,-0.246128,-0.264612
389.2,210.0,-0.241362,-0.259865
391.48,210.0,-0.23184,-0.250361
393.58,210.0,-0.216593,-0.235453
396.55,210.0,-0.190718,-0.209853
398.83,210.0,-0.168198,-0.18773
400.93,210.0,-0.146415,-0.166091
403.2,210.0,-0.125731,-0.145758
405.48,210.0,-0.103004,-0.123223
407.75,210.0,-0.08916,-0.109582
410.03,210.0,-0.077253,-0.097779
412.3,210.0,-0.070398,-0.091042
414.75,210.0,-0.067872,-0.08851
416.85,210.0,-0.069055,-0.089742
419.13,210.0,-0.072342,-0.09298
421.4,210.0,-0.074603,-0.095127
424.03,210.0,-0.074514,-0.095278
426.3,210.0,-0.07265,-0.093309
428.4,210.0,-0.070894,-0.091442
430.68,210.0,-0.070592,-0.091316
432.95,210.0,-0.072838,-0.093528
435.05,210.0,-0.076843,-0.097323
437.33,210.0,-0.081824,-0.102382
439.6,210.0,-0.085956,-0.106473
441.7,210.0,-0.089446,-0.109877
443.98,210.0,-0.090293,-0.1107
446.08,210.0,-0.086692,-0.107209
448.35,210.0,-0.078605,-0.099147
450.63,210.0,-0.067536,-0.088235
452.9,210.0,-0.055531,-0.07635
455.0,210.0,-0.045152,-0.066279
457.28,210.0,-0.037995,-0.059178
459.38,210.0,-0.03484,-0.055968
461.65,210.0,-0.034572,-0.055718
463.93,210.0,-0.036427,-0.057675
466.03,210.0,-0.040352,-0.061467
468.3,210.0,-0.044246,-0.065272
470.58,210.0,-0.046781,-0.06789
472.68,210.0,-0.047012,-0.068017
474.95,210.0,-0.045783,-0.066843
477.23,210.0,-0.043787,-0.064844
479.33,210.0,-0.042767,-0.063661
481.6,210.0,-0.042915,-0.063981
483.88,210.0,-0.041042,-0.062111
485.98,210.0,-0.034705,-0.05586
488.25,210.0,-0.024341,-0.045577
490.35,210.0,-0.012059,-0.033399
492.63,210.0,0.001361,-0.020223
494.9,210.0,0.013095,-0.008704
497.18,210.0,0.019623,-0.002173
499.28,210.0,0.020868,-0.000959
501.55,210.0,0.018031,-0.003654
503.83,210.0,0.012944,-0.008658
505.93,210.0,0.006641,-0.01505
508.2,210.0,0.000424,-0.021039
510.48,210.0,-0.008291,-0.029788
512.75,210.0,-0.019979,-0.041094
515.03,210.0,-0.034264,-0.055432
517.13,210.0,-0.049628,-0.070648
519.58,210.0,-0.063189,-0.08395
521.85,210.0,-0.073744,-0.094311
523.95,210.0,-0.080635,-0.101067
526.58,210.0,-0.084689,-0.105278
528.85,210.0,-0.086492,-0.106957
531.13,210.0,-0.08928,-0.109637
533.23,210.0,-0.093722,-0.11403
535.33,210.0,-0.0996,-0.119942
537.6,210.0,-0.10741,-0.127601
539.88,210.0,-0.115561,-0.135533
542.15,210.0,-0.124532,-0.144526
544.25,210.0,-0.132927,-0.152752
546.53,210.0,-0.140993,-0.160672
548.8,210.0,-0.14875,-0.168386
550.9,210.0,-0.155404,-0.174997
553.18,210.0,-0.161741,-0.18131
555.28,210.0,-0.166895,-0.186291
557.55,210.0,-0.171405,-0.190783
559.83,210.0,-0.175287,-0.194594
561.93,210.0,-0.178066,-0.197406
564.2,210.0,-0.180838,-0.200145
566.48,210.0,-0.183143,-0.202345
568.75,210.0,-0.184612,-0.203857
571.03,210.0,-0.185235,-0.20452
573.3,210.0,-0.185546,-0.204739
575.4,210.0,-0.186017,-0.205244
577.68,210.0,-0.186063,-0.205188
579.78,210.0,-0.185284,-0.204381
582.05,210.0,-0.183617,-0.202847
584.5,210.0,-0.180906,-0.200222
586.6,210.0,-0.176726,-0.196085
588.88,210.0,-0.170989,-0.190392
590.98,210.0,-0.161729,-0.181334
593.25,210.0,-0.148171,-0.167915
595.53,210.0,-0.13261,-0.152524
597.63,210.0,-0.119012,-0.139138
599.9,210.0,-0.110475,-0.130691
602.18,210.0,-0.108124,-0.128241
604.28,210.0,-0.111251,-0.131378
606.55,210.0,-0.117822,-0.13794
608.83,210.0,-0.125771,-0.145823
610.93,210.0,-0.133623,-0.153457
613.2,210.0,-0.140155,-0.159902
615.48,210.0,-0.145678,-0.165342
617.75,210.0,-0.149637,-0.169286
620.03,210.0,-0.151421,-0.17106
622.13,210.0,-0.151368,-0.171082
624.4,210.0,-0.149468,-0.16919
626.68,210.0,-0.146147,-0.165805
628.78,210.0,-0.143054,-0.162835
631.05,210.0,-0.14114,-0.160922
633.33,210.0,-0.14025,-0.160102
635.6,210.0,-0.140789,-0.160453
637.88,210.0,-0.141036,-0.160666
639.98,210.0,-0.139887,-0.159588
642.25,210.0,-0.137163,-0.156923
644.53,210.0,-0.132166,-0.152068
646.63,210.0,-0.125962,-0.145912
648.9,210.0,-0.120758,-0.140761
651.18,210.0,-0.117018,-0.137012
653.28,210.0,-0.11603,-0.136137
655.55,210.0,-0.116969,-0.136985
657.65,210.0,-0.120022,-0.140031
660.1,210.0,-0.124431,-0.144314
662.2,210.0,-0.128941,-0.148811
664.48,210.0,-0.13359,-0.153448
666.75,210.0,-0.137832,-0.157635
669.03,210.0,-0.141978,-0.161658
671.13,210.0,-0.146048,-0.165801
673.4,210.0,-0.149788,-0.169415
675.68,210.0,-0.153078,-0.172604
677.78,210.0,-0.15614,-0.175703
679.88,210.0,-0.159304,-0.178759
682.15,210.0,-0.162148,-0.18163
684.43,210.0,-0.164307,-0.183731
686.7,210.0,-0.165986,-0.185549
688.98,210.0,-0.167015,-0.186516
691.08,210.0,-0.166984,-0.186485
693.35,210.0,-0.166322,-0.185783
695.63,210.0,-0.165447,-0.184837
697.73,210.0,-0.164424,-0.183956
700.0,210.0,-0.163303,-0.182773
702.1,210.0,-0.162573,-0.182021
704.38,210.0,-0.1618,-0.181322
706.65,210.0,-0.161048,-0.180583
708.93,210.0,-0.160256,-0.179886
711.03,210.0,-0.159554,-0.179172
11.2,245.0,-1.412519,-1.415147
13.48,245.0,-1.458985,-1.461715
15.75,245.0,-1.462134,-1.465039
17.85,245.0,-1.426037,-1.429752
20.13,245.0,-1.354762,-1.359133
22.4,245.0,-1.255652,-1.26137
24.68,245.0,-1.137685,-1.144974
26.95,245.0,-1.014614,-1.023505
29.05,245.0,-0.893259,-0.903853
31.33,245.0,-0.779889,-0.791793
33.43,245.0,-0.676691,-0.689852
35.7,245.0,-0.587326,-0.601589
37.98,245.0,-0.511229,-0.52655
40.08,245.0,-0.447837,-0.463845
42.35,245.0,-0.394738,-0.411433
44.63,245.0,-0.348916,-0.366088
46.9,245.0,-0.311796,-0.329541
49.0,245.0,-0.277625,-0.295703
51.28,245.0,-0.247653,-0.266208
53.55,245.0,-0.219991,-0.238904
55.65,245.0,-0.194825,-0.214058
57.93,245.0,-0.173047,-0.192499
60.2,245.0,-0.154834,-0.174468
62.3,245.0,-0.139215,-0.159055
64.58,245.0,-0.125872,-0.145838
66.85,245.0,-0.112071,-0.132268
69.13,245.0,-0.098972,-0.119286
71.4,245.0,-0.087656,-0.108241
73.5,245.0,-0.07927,-0.09977
75.78,245.0,-0.073491,-0.094147
78.05,245.0,-0.069779,-0.09054
80.15,245.0,-0.063624,-0.084458
82.43,245.0,-0.056168,-0.077037
84.53,245.0,-0.047401,-0.068426
86.8,245.0,-0.038131,-0.059357
89.08,245.0,-0.029502,-0.050685
91.18,245.0,-0.022225,-0.043448
93.45,245.0,-0.01704,-0.038423
95.73,245.0,-0.013057,-0.034542
97.83,245.0,-0.008938,-0.03037
100.1,245.0,-0.002989,-0.024576
102.38,245.0,0.004303,-0.017222
104.48,245.0,0.011031,-0.010678
106.75,245.0,0.017036,-0.004696
109.03,245.0,0.022214,0.000468
111.13,245.0,0.028678,0.006755
113.4,245.0,0.035122,0.013135
115.68,245.0,0.041179,0.019103
117.95,245.0,0.044466,0.022264
120.05,245.0,0.04458,0.022461
122.33,245.0,0.041268,0.019257
124.43,245.0,0.034858,0.012941
126.7,245.0,0.027911,0.006105
128.98,245.0,0.022516,0.000705
131.25,245.0,0.02093,-0.000814
133.35,245.0,0.022547,0.000794
135.63,245.0,0.026706,0.004858
137.9,245.0,0.031999,0.009993
140.18,245.0,0.03711,0.015218
142.28,245.0,0.04092,0.018875
144.55,245.0,0.042584,0.020508
146.65,245.0,0.042328,0.020147
148.93,245.0,0.038628,0.01661
151.2,245.0,0.032473,0.010461
153.3,245.0,0.024981,0.003163
155.58,245.0,0.017119,-0.004563
157.85,245.0,0.008776,-0.012881
160.13,245.0,-0.000361,-0.022028
162.4,245.0,-0.009523,-0.030996
164.68,245.0,-0.018907,-0.040392
166.78,245.0,-0.027733,-0.048922
169.4,245.0,-0.036757,-0.057909
171.68,245.0,-0.043584,-0.064662
173.78,245.0,-0.04879,-0.06989
176.05,245.0,-0.053787,-0.074597
178.15,245.0,-0.058072,-0.078808
180.43,245.0,-0.060996,-0.081612
182.7,245.0,-0.063811,-0.084585
184.8,245.0,-0.066051,-0.086735
187.08,245.0,-0.06814,-0.088855
189.35,245.0,-0.069856,-0.090552
191.45,245.0,-0.071544,-0.092173
193.73,245.0,-0.072718,-0.093355
195.83,245.0,-0.073818,-0.094338
198.1,245.0,-0.074566,-0.095238
200.38,245.0,-0.075355,-0.095959
202.48,245.0,-0.075728,-0.09619
204.75,245.0,-0.076313,-0.096923
207.03,245.0,-0.077028,-0.097656
209.3,245.0,-0.077662,-0.098392
211.4,245.0,-0.078334,-0.098827
213.68,245.0,-0.078303,-0.098873
215.95,245.0,-0.076972,-0.097558
218.05,245.0,-0.074033,-0.094683
220.33,245.0,-0.070136,-0.090737
222.6,245.0,-0.065318,-0.086054
224.7,245.0,-0.060876,-0.081704
226.98,245.0,-0.057364,-0.07818
229.25,245.0,-0.054129,-0.075232
231.53,245.0,-0.052397,-0.073352
233.63,245.0,-0.05143,-0.072582
235.9,245.0,-0.051316,-0.072333
238.0,245.0,-0.050007,-0.071187
240.28,245.0,-0.047952,-0.069027
242.55,245.0,-0.046079,-0.067191
244.65,245.0,-0.044686,-0.065768
246.93,245.0,-0.044397,-0.065306
249.2,245.0,-0.045765,-0.066729
251.3,245.0,-0.047635,-0.068704
253.58,245.0,-0.050509,-0.071418
255.85,245.0,-0.053275,-0.074036
257.95,245.0,-0.054307,-0.075167
260.23,245.0,-0.052342,-0.073445
262.85,245.0,-0.049871,-0.070999
265.13,245.0,-0.051113,-0.071978
267.23,245.0,-0.056892,-0.077773
269.5,245.0,-0.066738,-0.08725
272.13,245.0,-0.082364,-0.102943
274.23,245.0,-0.096304,-0.116553
276.5,245.0,-0.110087,-0.130318
278.78,245.0,-0.122687,-0.142727
281.05,245.0,-0.133654,-0.15362
283.33,245.0,-0.141775,-0.161624
285.6,245.0,-0.147813,-0.167431
287.7,245.0,-0.152946,-0.17248
289.98,245.0,-0.160758,-0.180232
292.08,245.0,-0.171057,-0.190401
294.35,245.0,-0.183509,-0.202684
296.63,245.0,-0.195426,-0.214591
298.73,245.0,-0.204816,-0.223694
301.0,245.0,-0.211658,-0.23053
303.28,245.0,-0.216227,-0.234982
305.38,245.0,-0.221039,-0.239788
307.65,245.0,-0.227573,-0.246236
309.93,245.0,-0.23631,-0.254809
312.03,245.0,-0.244406,-0.262961
314.3,245.0,-0.249165,-0.267656
316.58,245.0,-0.250771,-0.269107
318.85,245.0,-0.252409,-0.270829
321.13,245.0,-0.257425,-0.275761
323.4,245.0,-0.268232,-0.286421
325.68,245.0,-0.2857,-0.303614
328.13,245.0,-0.310435,-0.328032
330.4,245.0,-0.334923,-0.35232
332.5,245.0,-0.359936,-0.376972
334.78,245.0,-0.384994,-0.401719
337.05,245.0,-0.409159,-0.425441
339.15,245.0,-0.429101,-0.445287
341.43,245.0,-0.445881,-0.461771
343.7,245.0,-0.460114,-0.475813
345.8,245.0,-0.472006,-0.487631
348.08,245.0,-0.482375,-0.497893
350.18,245.0,-0.49114,-0.506583
352.45,245.0,-0.498919,-0.514184
354.73,245.0,-0.505687,-0.520826
357.0,245.0,-0.511303,-0.526371
359.28,245.0,-0.515065,-0.530136
361.55,245.0,-0.516935,-0.53199
363.83,245.0,-0.516759,-0.531737
365.93,245.0,-0.513919,-0.529076
368.2,245.0,-0.506725,-0.52195
370.3,245.0,-0.493472,-0.508854
372.58,245.0,-0.473675,-0.489171
374.85,245.0,-0.449128,-0.465185
376.95,245.0,-0.424627,-0.440949
379.23,245.0,-0.402378,-0.418959
381.5,245.0,-0.383176,-0.400025
383.6,245.0,-0.367539,-0.384612
385.88,245.0,-0.355185,-0.372154
388.15,245.0,-0.34631,-0.363478
390.43,245.0,-0.341306,-0.358571
392.53,245.0,-0.337989,-0.355395
394.98,245.0,-0.333635,-0.350998
397.08,245.0,-0.328213,-0.345681
399.35,245.0,-0.321211,-0.338712
401.63,245.0,-0.314286,-0.33191
404.08,245.0,-0.307252,-0.324929
406.35,245.0,-0.303432,-0.321242
408.45,245.0,-0.300835,-0.318592
410.73,245.0,-0.2994,-0.317234
413.35,245.0,-0.298731,-0.316553
415.45,245.0,-0.297708,-0.315493
417.73,245.0,-0.294477,-0.312323
419.83,245.0,-0.288999,-0.306941
422.1,245.0,-0.282154,-0.300108
424.38,245.0,-0.276408,-0.294455
426.48,245.0,-0.272185,-0.290253
428.75,245.0,-0.269966,-0.288096
430.85,245.0,-0.269661,-0.287761
433.13,245.0,-0.270124,-0.288358
435.4,245.0,-0.270401,-0.288549
437.5,245.0,-0.26818,-0.286347
439.78,245.0,-0.259661,-0.277865
441.88,245.0,-0.243201,-0.261849
444.15,245.0,-0.220577,-0.239338
446.43,245.0,-0.191716,-0.210971
448.7,245.0,-0.162228,-0.181849
450.8,245.0,-0.135438,-0.155293
453.08,245.0,-0.11355,-0.133759
455.35,245.0,-0.09801,-0.118454
457.63,245.0,-0.089803,-0.110259
459.73,245.0,-0.086307,-0.107
462.0,245.0,-0.085601,-0.106174
464.28,245.0,-0.085179,-0.105743
466.38,245.0,-0.085093,-0.105715
468.65,245.0,-0.085537,-0.106168
470.75,245.0,-0.087496,-0.108137
473.03,245.0,-0.091233,-0.111763
475.3,245.0,-0.096073,-0.116384
477.4,245.0,-0.100493,-0.120823
479.68,245.0,-0.102983,-0.123232
481.95,245.0,-0.10159,-0.121911
484.23,245.0,-0.09761,-0.117933
486.33,245.0,-0.090829,-0.111279
488.6,245.0,-0.083454,-0.104058
490.88,245.0,-0.076208,-0.096815
492.98,245.0,-0.07062,-0.091279
495.25,245.0,-0.066313,-0.087043
497.35,245.0,-0.064116,-0.08485
499.63,245.0,-0.065152,-0.085956
501.9,245.0,-0.069455,-0.090127
504.0,245.0,-0.075755,-0.096325
506.28,245.0,-0.082829,-0.103362
508.55,245.0,-0.087622,-0.108109
510.65,245.0,-0.088454,-0.108904
512.93,245.0,-0.083996,-0.104517
515.03,245.0,-0.073183,-0.093978
517.3,245.0,-0.059825,-0.08053
519.4,245.0,-0.047419,-0.068593
521.68,245.0,-0.039403,-0.060444
523.95,245.0,-0.036532,-0.057724
526.23,245.0,-0.038294,-0.059391
528.33,245.0,-0.040897,-0.061994
530.6,245.0,-0.041815,-0.06297
532.88,245.0,-0.039295,-0.060438
535.15,245.0,-0.033359,-0.05464
537.25,245.0,-0.024329,-0.04562
539.53,245.0,-0.013488,-0.034918
541.63,245.0,-0.00281,-0.024499
543.73,245.0,0.006195,-0.01533
545.83,245.0,0.012328,-0.00932
548.28,245.0,0.013631,-0.007866
550.55,245.0,0.009115,-0.012493
552.83,245.0,-0.000358,-0.021849
554.93,245.0,-0.01371,-0.035161
557.2,245.0,-0.028577,-0.049711
559.48,245.0,-0.04269,-0.063657
561.58,245.0,-0.053593,-0.074588
563.85,245.0,-0.060238,-0.081076
566.13,245.0,-0.062262,-0.082952
568.4,245.0,-0.061023,-0.08188
570.5,245.0,-0.059425,-0.080238
572.78,245.0,-0.057974,-0.078842
575.05,245.0,-0.057333,-0.078251
577.15,245.0,-0.057401,-0.078205
579.43,245.0,-0.057099,-0.077869
581.7,245.0,-0.055093,-0.075919
583.98,245.0,-0.050457,-0.071526
586.08,245.0,-0.044723,-0.065805
588.35,245.0,-0.037727,-0.058811
590.45,245.0,-0.030909,-0.051954
592.73,245.0,-0.023608,-0.04485
595.0,245.0,-0.017616,-0.03899
597.28,245.0,-0.01302,-0.034579
599.55,245.0,-0.010586,-0.032096
601.65,245.0,-0.010811,-0.032354
603.93,245.0,-0.014329,-0.035728
606.2,245.0,-0.020432,-0.04168
608.48,245.0,-0.027604,-0.048885
610.58,245.0,-0.034163,-0.055253
612.85,245.0,-0.038978,-0.060016
615.13,245.0,-0.042977,-0.063996
617.23,245.0,-0.046911,-0.06797
619.5,245.0,-0.05143,-0.072311
621.78,245.0,-0.057558,-0.078408
624.05,245.0,-0.063855,-0.084597
626.15,245.0,-0.069791,-0.090361
628.43,245.0,-0.072838,-0.093423
630.7,245.0,-0.073149,-0.093688
632.8,245.0,-0.071541,-0.092157
635.08,245.0,-0.06855,-0.089323
637.35,245.0,-0.066251,-0.086935
639.45,245.0,-0.06558,-0.086239
641.73,245.0,-0.066544,-0.087179
644.0,245.0,-0.068953,-0.089582
646.28,245.0,-0.072555,-0.093198
648.38,245.0,-0.077234,-0.097742
650.65,245.0,-0.083032,-0.103651
652.93,245.0,-0.089766,-0.110262
655.2,245.0,-0.097718,-0.118112
657.48,245.0,-0.106837,-0.127037
659.58,245.0,-0.116532,-0.136584
661.85,245.0,-0.126525,-0.146341
664.13,245.0,-0.135851,-0.155629
666.23,245.0,-0.143158,-0.162807
668.5,245.0,-0.147776,-0.167511
670.78,245.0,-0.148728,-0.168392
673.05,245.0,-0.146211,-0.165851
675.15,245.0,-0.141501,-0.161183
677.43,245.0,-0.13622,-0.156122
679.7,245.0,-0.130028,-0.14988
681.98,245.0,-0.12326,-0.143269
684.08,245.0,-0.115817,-0.135949
686.35,245.0,-0.110068,-0.130185
688.63,245.0,-0.106476,-0.126581
690.73,245.0,-0.105161,-0.125349
693.0,245.0,-0.104659,-0.124927
695.1,245.0,-0.102092,-0.122502
697.38,245.0,-0.096593,-0.116966
699.65,245.0,-0.087558,-0.108044
701.75,245.0,-0.077508,-0.098001
704.03,245.0,-0.067924,-0.088562
706.13,245.0,-0.059612,-0.08041
708.4,245.0,-0.053371,-0.074175
710.68,245.0,-0.049123,-0.070087
11.38,280.0,-0.537597,-0.552307
13.65,280.0,-0.513826,-0.528826
15.93,280.0,-0.491885,-0.50724
18.2,280.0,-0.474177,-0.489914
20.48,280.0,-0.459476,-0.47537
22.93,280.0,-0.446476,-0.462421
25.2,280.0,-0.436947,-0.453115
27.48,280.0,-0.427736,-0.443823
29.58,280.0,-0.418284,-0.434532
31.85,280.0,-0.408531,-0.425022
34.13,280.0,-0.398691,-0.415342
36.23,280.0,-0.389156,-0.405767
38.5,280.0,-0.379649,-0.396414
40.78,280.0,-0.370019,-0.386898
42.88,280.0,-0.359489,-0.376544
45.15,280.0,-0.345758,-0.36301
47.43,280.0,-0.327375,-0.345022
49.7,280.0,-0.3046,-0.322339
51.8,280.0,-0.282767,-0.300952
54.08,280.0,-0.263026,-0.281183
56.35,280.0,-0.246356,-0.26484
58.45,280.0,-0.233207,-0.25179
60.73,280.0,-0.222098,-0.240965
63.0,280.0,-0.213423,-0.232243
65.28,280.0,-0.204822,-0.223784
67.38,280.0,-0.194948,-0.214113
69.83,280.0,-0.184659,-0.203848
72.1,280.0,-0.173494,-0.192955
74.38,280.0,-0.161772,-0.18139
76.48,280.0,-0.150718,-0.170352
78.58,280.0,-0.140743,-0.160447
81.03,280.0,-0.130453,-0.150386
83.3,280.0,-0.117826,-0.137881
85.4,280.0,-0.103399,-0.12355
87.68,280.0,-0.088728,-0.109215
89.95,280.0,-0.075829,-0.096489
92.05,280.0,-0.065321,-0.086134
94.33,280.0,-0.056559,-0.07736
96.6,280.0,-0.0485,-0.069554
98.7,280.0,-0.041187,-0.062536
100.98,280.0,-0.03403,-0.055312
103.25,280.0,-0.027779,-0.048962
105.35,280.0,-0.024637,-0.045839
107.63,280.0,-0.023938,-0.045204
109.9,280.0,-0.02342,-0.044748
112.18,280.0,-0.021507,-0.042749
114.28,280.0,-0.01574,-0.037247
116.55,280.0,-0.008713,-0.030158
118.83,280.0,-0.003069,-0.024665
121.1,280.0,0.000156,-0.021338
123.2,280.0,0.001392,-0.020136
125.48,280.0,0.002655,-0.018972
127.75,280.0,0.00548,-0.016168
129.85,280.0,0.010427,-0.011251
132.13,280.0,0.016878,-0.004936
134.4,280.0,0.025304,0.00336
136.5,280.0,0.034519,0.012464
138.78,280.0,0.042159,0.020064
141.05,280.0,0.046191,0.024053
143.33,280.0,0.046848,0.024707
145.43,280.0,0.045048,0.022923
147.7,280.0,0.042291,0.020181
149.98,280.0,0.03999,0.018043
152.08,280.0,0.040015,0.018018
154.35,280.0,0.041191,0.0191
156.45,280.0,0.042032,0.019848
158.73,280.0,0.040705,0.018776
160.83,280.0,0.036114,0.014072
163.1,280.0,0.028484,0.006718
165.38,280.0,0.017947,-0.003812
167.48,280.0,0.005911,-0.015682
169.75,280.0,-0.006051,-0.027376
172.03,280.0,-0.016698,-0.038091
174.13,280.0,-0.025044,-0.046378
176.4,280.0,-0.031744,-0.05281
178.68,280.0,-0.036492,-0.057582
180.78,280.0,-0.040965,-0.062077
183.05,280.0,-0.044606,-0.065851
185.33,280.0,-0.047299,-0.06838
187.43,280.0,-0.048611,-0.069723
189.7,280.0,-0.048442,-0.069582
191.98,280.0,-0.047675,-0.068885
194.25,280.0,-0.047364,-0.068396
196.35,280.0,-0.048235,-0.069314
198.63,280.0,-0.05094,-0.071889
200.73,280.0,-0.05493,-0.075928
203.0,280.0,-0.059933,-0.080694
205.28,280.0,-0.065571,-0.086134
207.38,280.0,-0.071051,-0.091698
210.0,280.0,-0.075872,-0.096532
212.1,280.0,-0.078211,-0.098811
214.38,280.0,-0.078691,-0.09927
216.65,280.0,-0.076744,-0.097271
218.93,280.0,-0.073279,-0.093876
221.03,280.0,-0.069668,-0.090358
223.3,280.0,-0.0666,-0.087268
225.4,280.0,-0.064175,-0.08497
227.68,280.0,-0.06111,-0.081978
229.95,280.0,-0.057456,-0.078278
232.05,280.0,-0.052826,-0.073673
234.33,280.0,-0.047792,-0.068818
236.6,280.0,-0.046307,-0.067413
238.7,280.0,-0.050986,-0.071945
240.98,280.0,-0.062681,-0.083303
243.25,280.0,-0.080081,-0.100595
245.35,280.0,-0.09879,-0.11907
247.63,280.0,-0.118211,-0.13818
249.9,280.0,-0.133519,-0.153395
252.18,280.0,-0.145336,-0.165087
254.28,280.0,-0.154603,-0.174135
256.55,280.0,-0.162135,-0.181698
258.83,280.0,-0.167878,-0.18732
260.93,280.0,-0.174258,-0.193596
263.2,280.0,-0.181134,-0.200358
265.48,280.0,-0.188744,-0.207912
267.75,280.0,-0.195315,-0.214344
269.85,280.0,-0.200715,-0.21972
272.13,280.0,-0.204551,-0.22354
274.4,280.0,-0.208078,-0.227037
276.5,280.0,-0.212357,-0.231113
278.78,280.0,-0.218398,-0.237166
281.05,280.0,-0.227527,-0.246143
283.15,280.0,-0.238922,-0.257453
285.43,280.0,-0.250795,-0.269224
287.7,280.0,-0.261892,-0.280222
289.98,280.0,-0.274538,-0.292681
292.08,280.0,-0.290358,-0.308223
294.35,280.0,-0.309347,-0.326987
296.63,280.0,-0.328481,-0.345894
298.9,280.0,-0.347388,-0.364634
301.0,280.0,-0.363435,-0.380549
303.63,280.0,-0.377924,-0.394794
305.73,280.0,-0.389017,-0.405684
308.0,280.0,-0.403056,-0.419489
310.28,280.0,-0.420983,-0.437354
312.73,280.0,-0.448617,-0.464332
315.0,280.0,-0.473906,-0.489566
317.1,280.0,-0.5026,-0.517652
319.38,280.0,-0.530274,-0.544963
322.0,280.0,-0.563521,-0.578025
324.1,280.0,-0.591439,-0.605471
326.38,280.0,-0.61731,-0.631121
328.65,280.0,-0.6387,-0.652215
330.93,280.0,-0.658389,-0.671485
333.2,280.0,-0.673441,-0.686515
335.48,280.0,-0.688493,-0.701198
337.58,280.0,-0.704072,-0.716725
340.03,280.0,-0.722871,-0.735339
342.3,280.0,-0.738145,-0.750425
344.58,280.0,-0.753481,-0.765511
346.68,280.0,-0.76731,-0.779041
348.95,280.0,-0.780289,-0.791937
351.23,280.0,-0.79178,-0.803465
353.33,280.0,-0.802175,-0.813604
355.6,280.0,-0.810536,-0.821879
357.88,280.0,-0.816389,-0.82763
360.15,280.0,-0.817806,-0.82898
362.25,280.0,-0.815702,-0.826839
364.53,280.0,-0.810816,-0.822211
366.63,280.0,-0.806534,-0.81792
368.9,280.0,-0.804319,-0.815834
371.18,280.0,-0.804386,-0.815878
373.28,280.0,-0.804661,-0.816139
375.55,280.0,-0.805175,-0.816645
377.83,280.0,-0.804029,-0.815536
379.93,280.0,-0.800382,-0.811793
382.2,280.0,-0.794303,-0.805911
384.48,280.0,-0.787024,-0.798659
386.75,280.0,-0.778003,-0.789842
388.85,280.0,-0.768764,-0.780662
391.13,280.0,-0.75861,-0.770665
393.4,280.0,-0.74678,-0.758958
395.5,280.0,-0.733315,-0.745825
397.78,280.0,-0.716904,-0.729636
400.05,280.0,-0.697939,-0.710856
402.15,280.0,-0.675631,-0.68853
404.43,280.0,-0.653219,-0.666549
406.7,280.0,-0.632082,-0.645647
408.8,280.0,-0.612923,-0.626861
411.08,280.0,-0.59683,-0.610881
413.35,280.0,-0.584809,-0.599005
415.45,280.0,-0.574978,-0.589288
417.73,280.0,-0.566152,-0.580588
420.0,280.0,-0.557514,-0.572126
422.1,280.0,-0.549797,-0.564387
424.38,280.0,-0.544147,-0.558805
426.65,280.0,-0.538832,-0.553746
428.75,280.0,-0.533438,-0.548222
431.03,280.0,-0.523272,-0.538188
433.3,280.0,-0.50569,-0.520998
435.4,280.0,-0.481889,-0.497505
437.68,280.0,-0.459245,-0.475151
439.95,280.0,-0.442693,-0.45882
442.23,280.0,-0.432733,-0.448894
444.33,280.0,-0.427588,-0.443712
446.6,280.0,-0.424073,-0.440397
448.88,280.0,-0.42033,-0.43663
451.15,280.0,-0.414415,-0.430755
453.25,280.0,-0.404966,-0.421479
455.53,280.0,-0.392573,-0.409211
457.8,280.0,-0.378503,-0.395317
460.08,280.0,-0.364335,-0.38139
462.35,280.0,-0.349492,-0.366716
464.45,280.0,-0.335281,-0.352764
466.73,280.0,-0.322982,-0.34065
469.0,280.0,-0.313263,-0.330894
471.1,280.0,-0.30728,-0.325197
473.38,280.0,-0.305965,-0.323728
475.65,280.0,-0.307628,-0.325342
477.93,280.0,-0.310253,-0.327921
480.03,280.0,-0.312194,-0.329763
482.3,280.0,-0.308962,-0.326664
484.58,280.0,-0.297813,-0.315478
486.68,280.0,-0.276682,-0.294788
488.95,280.0,-0.249243,-0.267699
491.05,280.0,-0.221051,-0.239948
493.33,280.0,-0.195416,-0.214665
495.43,280.0,-0.176193,-0.195666
497.7,280.0,-0.164363,-0.183851
499.8,280.0,-0.159009,-0.178642
502.08,280.0,-0.156981,-0.176667
504.53,280.0,-0.156932,-0.17663
506.8,280.0,-0.158238,-0.177841
509.08,280.0,-0.160521,-0.180084
511.18,280.0,-0.162126,-0.181636
513.45,280.0,-0.16253,-0.182108
515.73,280.0,-0.162927,-0.18249
517.83,280.0,-0.161575,-0.18114
520.1,280.0,-0.15602,-0.175604
522.38,280.0,-0.147277,-0.166975
524.65,280.0,-0.137678,-0.157447
526.75,280.0,-0.127819,-0.147708
529.03,280.0,-0.118318,-0.138383
531.13,280.0,-0.108516,-0.128679
533.4,280.0,-0.09863,-0.118999
535.68,280.0,-0.09001,-0.110358
537.95,280.0,-0.083094,-0.103744
540.05,280.0,-0.079461,-0.100059
542.33,280.0,-0.079178,-0.099745
544.6,280.0,-0.08127,-0.101852
546.7,280.0,-0.083328,-0.103907
548.98,280.0,-0.085577,-0.106097
551.08,280.0,-0.089708,-0.11013
553.35,280.0,-0.097521,-0.117955
555.8,280.0,-0.109064,-0.129344
558.08,280.0,-0.12041,-0.14049
560.35,280.0,-0.130601,-0.150456
562.45,280.0,-0.140185,-0.159874
564.73,280.0,-0.15094,-0.170583
567.0,280.0,-0.161319,-0.180709
569.28,280.0,-0.170872,-0.190296
571.38,280.0,-0.177921,-0.197203
574.0,280.0,-0.182705,-0.202031
576.28,280.0,-0.184015,-0.203294
578.38,280.0,-0.184927,-0.204122
580.65,280.0,-0.185666,-0.204846
582.93,280.0,-0.18744,-0.206547
585.03,280.0,-0.189791,-0.208879
587.3,280.0,-0.193605,-0.212773
589.58,280.0,-0.198137,-0.21712
591.68,280.0,-0.20228,-0.221196
593.95,280.0,-0.206615,-0.225647
596.23,280.0,-0.210361,-0.229258
598.5,280.0,-0.213186,-0.232071
600.6,280.0,-0.214514,-0.233365
602.88,280.0,-0.214575,-0.233346
605.15,280.0,-0.214483,-0.233309
607.25,280.0,-0.214089,-0.232828
609.53,280.0,-0.214144,-0.232949
611.63,280.0,-0.21456,-0.233401
613.9,280.0,-0.215666,-0.234477
616.18,280.0,-0.217443,-0.236245
618.28,280.0,-0.219353,-0.238186
620.55,280.0,-0.221085,-0.239862
622.65,280.0,-0.221994,-0.240801
624.93,280.0,-0.221991,-0.240684
627.2,280.0,-0.220814,-0.239541
629.65,280.0,-0.217946,-0.23687
631.93,280.0,-0.214471,-0.233365
634.03,280.0,-0.209551,-0.228405
636.3,280.0,-0.203189,-0.222172
638.58,280.0,-0.197203,-0.216242
640.68,280.0,-0.190968,-0.210179
642.95,280.0,-0.186291,-0.205561
645.23,280.0,-0.182918,-0.202101
647.33,280.0,-0.181488,-0.200771
649.6,280.0,-0.182286,-0.201541
651.88,280.0,-0.184643,-0.203888
653.98,280.0,-0.188303,-0.20741
656.25,280.0,-0.19245,-0.211605
658.53,280.0,-0.197037,-0.216079
660.8,280.0,-0.201464,-0.220407
663.08,280.0,-0.205207,-0.224138
665.18,280.0,-0.208303,-0.22712
667.45,280.0,-0.210185,-0.228981
669.73,280.0,-0.211134,-0.22993
671.83,280.0,-0.211051,-0.229902
674.1,280.0,-0.209853,-0.228648
676.73,280.0,-0.20757,-0.226528
678.83,280.0,-0.205422,-0.224449
681.1,280.0,-0.204178,-0.223041
683.38,280.0,-0.204138,-0.223183
685.83,280.0,-0.206655,-0.225709
687.93,280.0,-0.210792,-0.22968
690.2,280.0,-0.21626,-0.235127
692.48,280.0,-0.223177,-0.241914
694.93,280.0,-0.230786,-0.249483
697.2,280.0,-0.236852,-0.255318
699.3,280.0,-0.241205,-0.259772
701.58,280.0,-0.244279,-0.262788
704.03,280.0,-0.245891,-0.26432
706.3,280.0,-0.245361,-0.263854
708.58,280.0,-0.244529,-0.262946
710.68,280.0,-0.243081,-0.26151
11.55,315.0,-0.657779,-0.670758
13.83,315.0,-0.680379,-0.693028
15.93,315.0,-0.701303,-0.713918
18.2,315.0,-0.716327,-0.728958
20.48,315.0,-0.72499,-0.737375
22.75,315.0,-0.726697,-0.739106
24.85,315.0,-0.724152,-0.736685
27.13,315.0,-0.717387,-0.730015
29.4,315.0,-0.707477,-0.720114
31.68,315.0,-0.693647,-0.706512
33.78,315.0,-0.676897,-0.689787
36.05,315.0,-0.656408,-0.669719
38.33,315.0,-0.633456,-0.646965
40.43,315.0,-0.610225,-0.624051
42.7,315.0,-0.586565,-0.600835
44.98,315.0,-0.563456,-0.578087
47.08,315.0,-0.539581,-0.554504
49.35,315.0,-0.512908,-0.528019
51.63,315.0,-0.483185,-0.498854
53.73,315.0,-0.453916,-0.469794
56.0,315.0,-0.427415,-0.443672
58.28,315.0,-0.404692,-0.421189
60.55,315.0,-0.384557,-0.401353
62.65,315.0,-0.3676,-0.38455
64.93,315.0,-0.35318,-0.370342
67.2,315.0,-0.339523,-0.356827
69.48,315.0,-0.323198,-0.340715
71.58,315.0,-0.303149,-0.320961
73.85,315.0,-0.280142,-0.29822
76.13,315.0,-0.257068,-0.275469
78.23,315.0,-0.235617,-0.254196
80.5,315.0,-0.21679,-0.235681
82.78,315.0,-0.199982,-0.219089
85.05,315.0,-0.185127,-0.204338
87.15,315.0,-0.17046,-0.189957
89.43,315.0,-0.15618,-0.175909
91.7,315.0,-0.143232,-0.16298
93.98,315.0,-0.132271,-0.152289
96.08,315.0,-0.122749,-0.142795
98.35,315.0,-0.111886,-0.132102
100.63,315.0,-0.098716,-0.119036
102.73,315.0,-0.083833,-0.104391
105.0,315.0,-0.069141,-0.089887
107.1,315.0,-0.05635,-0.077176
109.38,315.0,-0.045765,-0.0668
111.48,315.0,-0.036667,-0.057807
113.75,315.0,-0.028214,-0.049304
116.03,315.0,-0.019877,-0.041279
118.13,315.0,-0.012481,-0.033864
120.4,315.0,-0.007345,-0.028845
122.68,315.0,-0.003408,-0.025013
124.95,315.0,-0.001196,-0.022746
127.05,315.0,0.000736,-0.020731
129.33,315.0,0.002245,-0.01928
131.6,315.0,0.002507,-0.01907
133.7,315.0,0.001909,-0.019606
136.15,315.0,0.001564,-0.020019
138.25,315.0,0.004617,-0.017126
140.53,315.0,0.011925,-0.009807
142.8,315.0,0.021931,3.6e-05
144.9,315.0,0.032048,0.010104
147.18,315.0,0.038564,0.016617
149.45,315.0,0.040757,0.018712
151.73,315.0,0.039491,0.017584
153.83,315.0,0.036638,0.014642
156.1,315.0,0.035055,0.013083
158.38,315.0,0.034935,0.012904
160.65,315.0,0.03491,0.013006
162.93,315.0,0.033973,0.011943
165.2,315.0,0.031056,0.009087
167.3,315.0,0.025649,0.003844
169.58,315.0,0.017858,-0.003913
171.85,315.0,0.009808,-0.011843
173.95,315.0,0.002307,-0.019144
176.23,315.0,-0.005093,-0.026723
178.5,315.0,-0.01228,-0.033627
180.6,315.0,-0.019132,-0.040404
182.88,315.0,-0.024311,-0.045641
184.98,315.0,-0.02899,-0.050182
187.25,315.0,-0.033275,-0.054452
189.53,315.0,-0.036846,-0.058078
191.8,315.0,-0.040241,-0.061467
194.08,315.0,-0.043291,-0.064434
196.18,315.0,-0.046436,-0.067388
198.45,315.0,-0.049465,-0.070447
200.73,315.0,-0.051948,-0.072912
202.83,315.0,-0.051726,-0.07269
205.1,315.0,-0.048778,-0.069757
207.38,315.0,-0.045124,-0.066196
209.65,315.0,-0.042049,-0.063121
211.75,315.0,-0.041076,-0.062169
214.03,315.0,-0.041572,-0.062585
216.13,315.0,-0.042478,-0.063577
218.4,315.0,-0.04419,-0.065173
220.68,315.0,-0.045155,-0.066144
222.95,315.0,-0.045817,-0.066886
225.05,315.0,-0.050041,-0.071116
227.33,315.0,-0.060367,-0.08114
229.6,315.0,-0.075521,-0.096085
231.88,315.0,-0.090802,-0.111221
234.15,315.0,-0.107142,-0.127339
236.43,315.0,-0.123411,-0.14338
238.53,315.0,-0.1383,-0.158158
240.8,315.0,-0.151424,-0.171088
243.25,315.0,-0.164464,-0.183901
245.35,315.0,-0.175897,-0.195118
247.63,315.0,-0.18692,-0.206045
249.73,315.0,-0.196803,-0.215885
252.0,315.0,-0.206066,-0.225022
254.28,315.0,-0.214849,-0.233666
256.55,315.0,-0.225361,-0.244018
258.65,315.0,-0.236621,-0.255019
260.93,315.0,-0.249603,-0.268109
263.2,315.0,-0.264153,-0.282363
265.3,315.0,-0.277175,-0.295216
267.58,315.0,-0.287052,-0.304997
269.85,315.0,-0.295792,-0.313688
272.13,315.0,-0.307896,-0.32553
274.23,315.0,-0.324175,-0.341618
276.5,315.0,-0.344661,-0.361821
278.95,315.0,-0.364264,-0.381214
281.23,315.0,-0.383398,-0.400133
283.33,315.0,-0.401288,-0.417807
285.78,315.0,-0.416839,-0.433167
288.05,315.0,-0.427625,-0.443848
290.15,315.0,-0.438315,-0.454261
292.43,315.0,-0.452924,-0.468765
294.7,315.0,-0.472948,-0.48858
296.98,315.0,-0.497585,-0.512887
299.08,315.0,-0.524655,-0.53955
301.35,315.0,-0.553361,-0.568096
303.45,315.0,-0.583888,-0.597988
305.73,315.0,-0.612813,-0.626657
308.0,315.0,-0.63858,-0.652144
310.28,315.0,-0.662255,-0.675397
312.38,315.0,-0.684002,-0.696719
314.65,315.0,-0.704904,-0.717551
316.93,315.0,-0.72581,-0.738151
319.03,315.0,-0.748706,-0.760788
321.3,315.0,-0.774658,-0.786321
323.4,315.0,-0.803219,-0.814698
325.68,315.0,-0.832005,-0.843009
327.95,315.0,-0.862988,-0.873555
330.23,315.0,-0.893539,-0.903628
332.5,315.0,-0.920683,-0.930514
334.6,315.0,-0.946589,-0.955976
336.88,315.0,-0.972184,-0.98149
339.15,315.0,-0.998668,-1.007544
341.25,315.0,-1.02243,-1.031118
343.53,315.0,-1.045671,-1.054004
345.8,315.0,-1.067159,-1.075141
348.08,315.0,-1.086928,-1.094525
350.18,315.0,-1.10353,-1.111059
352.45,315.0,-1.117454,-1.12483
354.73,315.0,-1.12848,-1.13576
356.83,315.0,-1.136601,-1.143779
358.93,315.0,-1.143071,-1.15019
361.2,315.0,-1.150286,-1.15714
363.48,315.0,-1.158345,-1.16519
365.75,315.0,-1.166681,-1.173339
368.03,315.0,-1.17434,-1.180954
370.3,315.0,-1.179922,-1.18653
372.4,315.0,-1.182867,-1.189444
374.68,315.0,-1.182399,-1.189099
376.95,315.0,-1.178446,-1.185002
379.23,315.0,-1.170902,-1.177636
381.5,315.0,-1.161284,-1.168258
383.6,315.0,-1.150461,-1.157393
385.88,315.0,-1.138576,-1.145664
388.15,315.0,-1.125477,-1.132756
390.43,315.0,-1.111438,-1.118899
392.7,315.0,-1.096703,-1.104454
394.8,315.0,-1.083496,-1.091382
397.08,315.0,-1.071336,-1.079321
399.18,315.0,-1.059207,-1.067334
401.45,315.0,-1.047094,-1.055381
403.73,315.0,-1.035948,-1.044549
405.83,315.0,-1.025662,-1.03422
408.1,315.0,-1.013607,-1.022362
410.38,315.0,-1.000662,-1.009645
412.48,315.0,-0.987797,-0.996869
414.75,315.0,-0.974679,-0.983856
417.03,315.0,-0.961022,-0.970471
419.3,315.0,-0.950526,-0.960172
421.58,315.0,-0.942208,-0.951762
423.85,315.0,-0.936407,-0.946142
426.13,315.0,-0.932418,-0.942217
428.23,315.0,-0.929756,-0.939531
430.5,315.0,-0.92601,-0.935788
432.78,315.0,-0.921423,-0.931453
435.05,315.0,-0.915625,-0.925483
437.33,315.0,-0.908724,-0.918927
439.6,315.0,-0.901241,-0.911413
441.7,315.0,-0.892295,-0.902664
443.98,315.0,-0.88142,-0.891916
446.25,315.0,-0.868625,-0.87934
448.35,315.0,-0.851112,-0.861965
450.63,315.0,-0.826691,-0.837837
452.9,315.0,-0.795939,-0.807507
455.18,315.0,-0.764137,-0.776096
457.28,315.0,-0.735628,-0.748013
459.55,315.0,-0.713841,-0.726454
461.65,315.0,-0.697267,-0.710092
464.1,315.0,-0.684082,-0.696836
466.38,315.0,-0.675517,-0.68853
468.48,315.0,-0.6702,-0.683509
470.75,315.0,-0.664559,-0.677852
473.03,315.0,-0.653755,-0.66723
475.13,315.0,-0.638536,-0.652199
477.4,315.0,-0.622363,-0.636103
479.5,315.0,-0.60674,-0.620801
481.78,315.0,-0.590517,-0.604698
484.05,315.0,-0.57288,-0.58727
486.15,315.0,-0.553373,-0.568031
488.43,315.0,-0.532859,-0.547754
490.7,315.0,-0.512933,-0.528121
492.98,315.0,-0.494658,-0.510132
495.08,315.0,-0.477425,-0.493081
497.35,315.0,-0.461457,-0.477314
499.63,315.0,-0.446624,-0.462717
501.73,315.0,-0.433589,-0.449942
504.0,315.0,-0.422255,-0.438475
506.28,315.0,-0.411183,-0.427739
508.38,315.0,-0.401907,-0.418497
510.65,315.0,-0.394048,-0.410703
512.93,315.0,-0.388537,-0.405339
515.2,315.0,-0.382255,-0.399005
517.3,315.0,-0.372871,-0.389775
519.58,315.0,-0.358004,-0.375071
521.85,315.0,-0.338146,-0.355598
523.95,315.0,-0.313771,-0.331408
526.23,315.0,-0.283947,-0.301901
528.33,315.0,-0.252052,-0.270589
530.6,315.0,-0.219523,-0.238448
532.88,315.0,-0.187927,-0.207111
534.98,315.0,-0.159597,-0.179227
537.25,315.0,-0.136193,-0.1561
539.53,315.0,-0.117896,-0.137912
541.8,315.0,-0.108466,-0.128694
544.08,315.0,-0.105574,-0.125906
546.18,315.0,-0.108503,-0.128694
548.45,315.0,-0.11794,-0.13806
550.73,315.0,-0.134443,-0.154255
553.0,315.0,-0.155746,-0.175312
555.1,315.0,-0.180158,-0.199498
557.38,315.0,-0.204514,-0.223438
559.48,315.0,-0.226867,-0.245533
561.75,315.0,-0.245496,-0.26399
564.03,315.0,-0.262739,-0.280946
566.3,315.0,-0.278891,-0.296926
568.58,315.0,-0.293143,-0.310857
570.68,315.0,-0.304116,-0.321759
572.95,315.0,-0.311578,-0.329233
575.23,315.0,-0.317141,-0.334748
577.5,315.0,-0.321085,-0.338663
579.6,315.0,-0.322317,-0.339828
581.88,315.0,-0.320971,-0.338408
584.15,315.0,-0.318019,-0.335672
586.25,315.0,-0.316362,-0.333968
588.53,315.0,-0.31708,-0.33452
590.63,315.0,-0.320244,-0.337822
592.9,315.0,-0.326279,-0.343845
595.18,315.0,-0.334131,-0.351396
597.45,315.0,-0.342702,-0.359781
599.73,315.0,-0.351177,-0.36829
602.0,315.0,-0.358789,-0.375749
604.1,315.0,-0.365268,-0.382231
606.38,315.0,-0.370321,-0.3872
608.65,315.0,-0.375,-0.391815
610.75,315.0,-0.378928,-0.395801
613.03,315.0,-0.381981,-0.398774
615.3,315.0,-0.384914,-0.401661
617.4,315.0,-0.386876,-0.403457
619.68,315.0,-0.387539,-0.404104
621.95,315.0,-0.38602,-0.402785
624.05,315.0,-0.382274,-0.399113
626.33,315.0,-0.375891,-0.392788
628.43,315.0,-0.36647,-0.383454
630.7,315.0,-0.356128,-0.373266
632.98,315.0,-0.347258,-0.364436
635.25,315.0,-0.341861,-0.35919
637.35,315.0,-0.340413,-0.357727
639.63,315.0,-0.342465,-0.359892
641.9,315.0,-0.347471,-0.364569
644.18,315.0,-0.35273,-0.369883
646.28,315.0,-0.356565,-0.373654
648.55,315.0,-0.358602,-0.3757
650.83,315.0,-0.357662,-0.374726
653.1,315.0,-0.354677,-0.371876
655.2,315.0,-0.350136,-0.367255
657.48,315.0,-0.344852,-0.361987
659.58,315.0,-0.339982,-0.357197
661.85,315.0,-0.335293,-0.352754
664.13,315.0,-0.33195,-0.349344
666.23,315.0,-0.329674,-0.34708
668.5,315.0,-0.327973,-0.345419
670.78,315.0,-0.326682,-0.344165
672.88,315.0,-0.32573,-0.343087
675.15,315.0,-0.325616,-0.343192
677.25,315.0,-0.327372,-0.344868
679.53,315.0,-0.331374,-0.348842
681.8,315.0,-0.338916,-0.356186
683.9,315.0,-0.348438,-0.365564
686.18,315.0,-0.359356,-0.376405
688.45,315.0,-0.370358,-0.387277
690.73,315.0,-0.378996,-0.39581
693.0,315.0,-0.382819,-0.399547
695.1,315.0,-0.383654,-0.400413
697.38,315.0,-0.384039,-0.400746
699.65,315.0,-0.386072,-0.402878
701.93,315.0,-0.391309,-0.407958
704.03,315.0,-0.39891,-0.415579
706.3,315.0,-0.408968,-0.425284
708.58,315.0,-0.419264,-0.435604
710.68,315.0,-0.427871,-0.444011
10.68,350.0,-0.756719,-0.768419
12.95,350.0,-0.757261,-0.769214
15.05,350.0,-0.753333,-0.765452
17.33,350.0,-0.744661,-0.756885
19.6,350.0,-0.732566,-0.744907
21.7,350.0,-0.719088,-0.731629
23.98,350.0,-0.704759,-0.717492
26.25,350.0,-0.689729,-0.702421
28.53,350.0,-0.673576,-0.686633
30.8,350.0,-0.653761,-0.667073
32.9,350.0,-0.630434,-0.644153
35.18,350.0,-0.606198,-0.620185
37.45,350.0,-0.58288,-0.597113
39.55,350.0,-0.560471,-0.575102
41.83,350.0,-0.539852,-0.554658
44.1,350.0,-0.518053,-0.533068
46.2,350.0,-0.491747,-0.507197
48.48,350.0,-0.462462,-0.478284
50.75,350.0,-0.434794,-0.450952
52.85,350.0,-0.40919,-0.425638
55.13,350.0,-0.38655,-0.40334
57.4,350.0,-0.36651,-0.383528
59.5,350.0,-0.350404,-0.367647
61.78,350.0,-0.336997,-0.354415
64.05,350.0,-0.324122,-0.341738
66.33,350.0,-0.307422,-0.325201
68.43,350.0,-0.286445,-0.304329
70.7,350.0,-0.263306,-0.281584
72.98,350.0,-0.241208,-0.259856
75.08,350.0,-0.220632,-0.239375
77.35,350.0,-0.201846,-0.2209
79.63,350.0,-0.184705,-0.203876
81.9,350.0,-0.168531,-0.187992
84.0,350.0,-0.153691,-0.173337
86.28,350.0,-0.14094,-0.160669
88.38,350.0,-0.130188,-0.150068
90.65,350.0,-0.121375,-0.141436
92.93,350.0,-0.112952,-0.133109
95.03,350.0,-0.103069,-0.123408
97.3,350.0,-0.090019,-0.110509
99.4,350.0,-0.07614,-0.0968
101.68,350.0,-0.062736,-0.083426
103.95,350.0,-0.050632,-0.07163
106.23,350.0,-0.040028,-0.061137
108.33,350.0,-0.030407,-0.051649
110.6,350.0,-0.021421,-0.042767
112.7,350.0,-0.012601,-0.03408
114.98,350.0,-0.006341,-0.027841
117.25,350.0,-0.00278,-0.024422
119.53,350.0,-0.001199,-0.022783
121.63,350.0,-0.000429,-0.021908
123.9,350.0,-0.000312,-0.021769
126.18,350.0,-0.000287,-0.021865
128.28,350.0,-0.000404,-0.021815
130.55,350.0,0.001798,-0.019751
132.83,350.0,0.007951,-0.013731
134.93,350.0,0.01715,-0.004619
137.2,350.0,0.026161,0.004312
139.3,350.0,0.034386,0.012421
141.58,350.0,0.042439,0.020298
143.85,350.0,0.047929,0.025776
145.95,350.0,0.050877,0.028733
148.4,350.0,0.051161,0.028869
150.5,350.0,0.048551,0.026392
152.78,350.0,0.043588,0.021392
155.05,350.0,0.037581,0.015538
157.15,350.0,0.030295,0.008459
159.43,350.0,0.022467,0.000578
161.53,350.0,0.013807,-0.007823
163.8,350.0,0.004845,-0.016667
166.08,350.0,-0.00338,-0.024893
168.18,350.0,-0.010709,-0.032197
170.63,350.0,-0.018648,-0.040139
172.73,350.0,-0.026131,-0.047342
175.0,350.0,-0.032857,-0.054132
177.28,350.0,-0.03794,-0.059141
179.38,350.0,-0.042203,-0.063223
181.65,350.0,-0.044834,-0.065897
183.93,350.0,-0.04623,-0.067274
186.03,350.0,-0.045752,-0.066757
188.3,350.0,-0.043507,-0.064606
190.4,350.0,-0.039686,-0.060891
192.68,350.0,-0.036125,-0.05728
194.95,350.0,-0.034397,-0.05562
197.23,350.0,-0.034588,-0.055725
199.33,350.0,-0.036396,-0.057434
201.6,350.0,-0.038633,-0.059828
203.88,350.0,-0.040266,-0.061347
206.15,350.0,-0.04099,-0.062194
208.43,350.0,-0.041852,-0.062924
210.53,350.0,-0.042182,-0.063319
212.98,350.0,-0.040669,-0.061948
215.25,350.0,-0.040118,-0.061301
217.53,350.0,-0.043818,-0.064911
219.63,350.0,-0.051855,-0.072878
222.43,350.0,-0.067437,-0.088315
224.7,350.0,-0.081886,-0.10245
226.8,350.0,-0.095259,-0.115743
229.08,350.0,-0.107308,-0.127604
231.18,350.0,-0.119009,-0.139058
233.63,350.0,-0.128509,-0.148534
235.73,350.0,-0.137209,-0.157157
238.0,350.0,-0.146143,-0.16586
240.28,350.0,-0.156251,-0.175743
242.55,350.0,-0.167755,-0.187259
244.65,350.0,-0.179899,-0.199218
246.93,350.0,-0.192182,-0.21127
249.03,350.0,-0.20301,-0.221969
251.3,350.0,-0.213423,-0.232271
253.58,350.0,-0.223472,-0.242135
255.85,350.0,-0.234557,-0.253195
257.95,350.0,-0.247419,-0.265906
260.23,350.0,-0.261002,-0.279218
262.33,350.0,-0.273666,-0.291953
264.6,350.0,-0.28309,-0.301125
266.88,350.0,-0.289655,-0.307499
268.98,350.0,-0.297089,-0.314929
271.25,350.0,-0.30939,-0.327061
273.53,350.0,-0.326156,-0.343531
275.63,350.0,-0.344313,-0.361423
277.9,350.0,-0.364473,-0.381383
280.18,350.0,-0.382643,-0.399344
282.45,350.0,-0.399205,-0.415764
284.73,350.0,-0.412964,-0.429301
286.83,350.0,-0.422751,-0.438906
289.1,350.0,-0.431796,-0.447951
291.2,350.0,-0.444023,-0.460025
293.48,350.0,-0.461719,-0.477452
295.75,350.0,-0.485616,-0.501026
297.85,350.0,-0.512865,-0.52797
300.13,350.0,-0.540604,-0.55536
302.4,350.0,-0.569938,-0.584236
304.5,350.0,-0.599744,-0.613817
306.78,350.0,-0.62735,-0.640856
309.05,350.0,-0.652628,-0.665853
311.15,350.0,-0.675718,-0.688613
313.43,350.0,-0.697991,-0.710696
315.7,350.0,-0.718906,-0.731364
317.8,350.0,-0.740043,-0.752131
320.08,350.0,-0.762671,-0.774457
322.35,350.0,-0.788416,-0.799956
324.63,350.0,-0.817723,-0.828712
326.73,350.0,-0.848515,-0.85934
329.0,350.0,-0.881186,-0.891608
331.28,350.0,-0.913545,-0.923588
333.55,350.0,-0.944627,-0.954109
335.65,350.0,-0.975582,-0.984719
337.93,350.0,-1.006718,-1.015517
340.2,350.0,-1.036536,-1.044904
342.48,350.0,-1.066096,-1.074155
344.58,350.0,-1.093958,-1.101589
346.85,350.0,-1.119515,-1.12678
348.95,350.0,-1.143064,-1.149965
351.23,350.0,-1.164676,-1.171487
353.5,350.0,-1.184173,-1.190683
355.6,350.0,-1.200476,-1.206798
357.88,350.0,-1.214013,-1.220138
360.15,350.0,-1.225476,-1.231354
362.43,350.0,-1.234099,-1.239919
364.53,350.0,-1.240295,-1.245969
366.8,350.0,-1.244589,-1.250267
369.08,350.0,-1.246216,-1.251943
371.35,350.0,-1.244854,-1.250563
373.45,350.0,-1.240945,-1.246675
375.73,350.0,-1.235935,-1.241801
378.0,350.0,-1.230362,-1.23624
380.1,350.0,-1.225942,-1.231847
382.38,350.0,-1.222091,-1.22811
384.48,350.0,-1.219842,-1.225929
386.75,350.0,-1.218838,-1.224891
388.85,350.0,-1.218086,-1.224062
391.13,350.0,-1.215017,-1.221108
393.4,350.0,-1.208184,-1.214392
395.68,350.0,-1.196539,-1.203043
397.78,350.0,-1.180788,-1.187371
400.05,350.0,-1.161237,-1.167963
402.15,350.0,-1.140483,-1.147753
404.43,350.0,-1.119389,-1.126977
406.7,350.0,-1.100313,-1.107895
408.8,350.0,-1.085856,-1.093631
411.08,350.0,-1.077596,-1.085427
413.35,350.0,-1.074047,-1.082051
415.63,350.0,-1.073653,-1.081604
417.73,350.0,-1.074321,-1.082211
420.0,350.0,-1.075246,-1.083169
422.1,350.0,-1.075735,-1.08357
424.38,350.0,-1.076413,-1.084337
426.48,350.0,-1.077753,-1.085677
428.75,350.0,-1.080563,-1.088339
431.03,350.0,-1.084374,-1.092233
433.3,350.0,-1.087864,-1.095621
435.4,350.0,-1.091228,-1.098976
437.68,350.0,-1.094731,-1.102507
439.95,350.0,-1.098647,-1.106213
442.23,350.0,-1.102485,-1.110196
444.33,350.0,-1.105843,-1.113326
446.6,350.0,-1.104959,-1.11247
448.88,350.0,-1.098622,-1.106321
450.98,350.0,-1.087088,-1.094805
453.25,350.0,-1.070889,-1.079032
455.35,350.0,-1.051635,-1.059833
457.63,350.0,-1.034013,-1.042485
459.73,350.0,-1.020277,-1.028921
462.0,350.0,-1.011703,-1.020394
464.28,350.0,-1.008,-1.016684
466.38,350.0,-1.006654,-1.015381
468.65,350.0,-1.008015,-1.016814
470.93,350.0,-1.00909,-1.017926
473.03,350.0,-1.005843,-1.014827
475.48,350.0,-0.99641,-1.005261
477.58,350.0,-0.984688,-0.993807
479.85,350.0,-0.972427,-0.981617
482.13,350.0,-0.960424,-0.96983
484.23,350.0,-0.946595,-0.956192
486.5,350.0,-0.928391,-0.938237
488.78,350.0,-0.905532,-0.915653
490.88,350.0,-0.879051,-0.889685
493.15,350.0,-0.850717,-0.861546
495.43,350.0,-0.823817,-0.834984
497.53,350.0,-0.796189,-0.807815
499.8,350.0,-0.765308,-0.777289
502.08,350.0,-0.730071,-0.742486
504.35,350.0,-0.702264,-0.715092
506.45,350.0,-0.67414,-0.687246
508.73,350.0,-0.647997,-0.661494
511.0,350.0,-0.624569,-0.638327
513.1,350.0,-0.601731,-0.615597
515.38,350.0,-0.577489,-0.591796
517.65,350.0,-0.550792,-0.565444
519.75,350.0,-0.520915,-0.535878
522.03,350.0,-0.48581,-0.501328
524.3,350.0,-0.451457,-0.467344
526.4,350.0,-0.420813,-0.437147
528.68,350.0,-0.393106,-0.409781
530.78,350.0,-0.369409,-0.386331
533.05,350.0,-0.349252,-0.366501
535.33,350.0,-0.33268,-0.35021
537.6,350.0,-0.319236,-0.336846
539.88,350.0,-0.305968,-0.323713
542.15,350.0,-0.291963,-0.309822
544.25,350.0,-0.278318,-0.296414
546.53,350.0,-0.268115,-0.286393
548.8,350.0,-0.263435,-0.281661
550.9,350.0,-0.263445,-0.281756
553.18,350.0,-0.268093,-0.286322
555.45,350.0,-0.275838,-0.29403
557.55,350.0,-0.284825,-0.302693
559.83,350.0,-0.294933,-0.312791
562.1,350.0,-0.305539,-0.32318
564.2,350.0,-0.315222,-0.332893
566.48,350.0,-0.319594,-0.337258
568.75,350.0,-0.318213,-0.335773
570.85,350.0,-0.31264,-0.330197
573.13,350.0,-0.307342,-0.32513
575.4,350.0,-0.306152,-0.323971
577.5,350.0,-0.310395,-0.328081
579.78,350.0,-0.318032,-0.335524
582.05,350.0,-0.32769,-0.344991
584.15,350.0,-0.337089,-0.35443
586.43,350.0,-0.346177,-0.363334
588.53,350.0,-0.354683,-0.371713
590.8,350.0,-0.361692,-0.378682
592.9,350.0,-0.366695,-0.383737
595.18,350.0,-0.368833,-0.385755
597.45,350.0,-0.368192,-0.385142
599.55,350.0,-0.364991,-0.381975
601.83,350.0,-0.358793,-0.375736
603.93,350.0,-0.351907,-0.369088
606.2,350.0,-0.344452,-0.361704
608.48,350.0,-0.337964,-0.355342
610.75,350.0,-0.332545,-0.349895
612.85,350.0,-0.329128,-0.346744
615.3,350.0,-0.327798,-0.345385
617.4,350.0,-0.329726,-0.347172
619.68,350.0,-0.334384,-0.351661
621.95,350.0,-0.34146,-0.358731
624.05,350.0,-0.349652,-0.366923
626.33,350.0,-0.358352,-0.375481
628.6,350.0,-0.367471,-0.38443
630.7,350.0,-0.375604,-0.39244
632.98,350.0,-0.3822,-0.39891
635.08,350.0,-0.387881,-0.404714
637.35,350.0,-0.392357,-0.4089
639.63,350.0,-0.395767,-0.412246
641.73,350.0,-0.39903,-0.415687
644.0,350.0,-0.402308,-0.418786
646.28,350.0,-0.40528,-0.421815
648.55,350.0,-0.407955,-0.424473
650.83,350.0,-0.410478,-0.426833
652.93,350.0,-0.412841,-0.429316
655.2,350.0,-0.415133,-0.431485
657.48,350.0,-0.417579,-0.433836
659.58,350.0,-0.419781,-0.436143
661.85,350.0,-0.422631,-0.43895
664.13,350.0,-0.42541,-0.441571
666.23,350.0,-0.427745,-0.443974
668.5,350.0,-0.430416,-0.446627
670.78,350.0,-0.432668,-0.448928
672.88,350.0,-0.435284,-0.451331
675.15,350.0,-0.437363,-0.453398
677.43,350.0,-0.438891,-0.454975
679.53,350.0,-0.439446,-0.455515
681.8,350.0,-0.439221,-0.455151
684.08,350.0,-0.438472,-0.454476
686.18,350.0,-0.437486,-0.453546
688.45,350.0,-0.437388,-0.453435
691.08,350.0,-0.43781,-0.453906
693.35,350.0,-0.438392,-0.454526
695.45,350.0,-0.437489,-0.453491
697.73,350.0,-0.435869,-0.452018
700.0,350.0,-0.435065,-0.451118
702.28,350.0,-0.435065,-0.451202
704.38,350.0,-0.43549,-0.451602
706.65,350.0,-0.435056,-0.451014
708.93,350.0,-0.433112,-0.449245
711.03,350.0,-0.431947,-0.448176
11.55,385.0,-0.495465,-0.510625
13.65,385.0,-0.477893,-0.493404
16.45,385.0,-0.450203,-0.466029
18.73,385.0,-0.426627,-0.442837
21.0,385.0,-0.403555,-0.420056
23.1,385.0,-0.383407,-0.400163
25.38,385.0,-0.368497,-0.385388
27.65,385.0,-0.357061,-0.374107
29.93,385.0,-0.349326,-0.366494
32.03,385.0,-0.342579,-0.359843
34.3,385.0,-0.336861,-0.354239
36.4,385.0,-0.330774,-0.34826
38.68,385.0,-0.325102,-0.342708
40.95,385.0,-0.318688,-0.336319
43.23,385.0,-0.310546,-0.328158
45.33,385.0,-0.297536,-0.315379
47.6,385.0,-0.279886,-0.298007
49.7,385.0,-0.261276,-0.279532
51.98,385.0,-0.24253,-0.261088
54.25,385.0,-0.225863,-0.244612
56.35,385.0,-0.210697,-0.229557
58.63,385.0,-0.197394,-0.21659
60.9,385.0,-0.185416,-0.204729
63.7,385.0,-0.17062,-0.190068
65.98,385.0,-0.158411,-0.17802
68.08,385.0,-0.146073,-0.165869
70.35,385.0,-0.134406,-0.154369
72.63,385.0,-0.12431,-0.144255
74.9,385.0,-0.116572,-0.136587
77.18,385.0,-0.110376,-0.13046
79.28,385.0,-0.102675,-0.122955
81.55,385.0,-0.091766,-0.112249
83.83,385.0,-0.078627,-0.099264
86.1,385.0,-0.064388,-0.085204
88.2,385.0,-0.051359,-0.07233
90.48,385.0,-0.040497,-0.061686
92.58,385.0,-0.030524,-0.051772
94.85,385.0,-0.02029,-0.041637
97.13,385.0,-0.010956,-0.03241
99.4,385.0,-0.004619,-0.026221
101.5,385.0,-0.000746,-0.022308
103.78,385.0,0.00215,-0.019323
106.05,385.0,0.004248,-0.017357
108.15,385.0,0.006019,-0.015666
110.43,385.0,0.00735,-0.014385
112.7,385.0,0.008252,-0.01347
114.8,385.0,0.00987,-0.01192
117.08,385.0,0.014583,-0.007133
119.35,385.0,0.022661,0.000831
121.45,385.0,0.031654,0.009657
123.73,385.0,0.040387,0.018345
126.0,385.0,0.046632,0.024503
128.1,385.0,0.050357,0.028089
130.38,385.0,0.05276,0.030566
132.65,385.0,0.053856,0.031577
134.75,385.0,0.052168,0.02991
137.03,385.0,0.047445,0.02523
139.3,385.0,0.040853,0.018825
141.4,385.0,0.032223,0.010329
143.68,385.0,0.023428,0.001558
145.95,385.0,0.013872,-0.007857
148.05,385.0,0.004137,-0.017453
150.33,385.0,-0.005645,-0.027102
152.6,385.0,-0.013476,-0.034847
154.7,385.0,-0.018325,-0.039683
156.98,385.0,-0.020038,-0.041396
159.25,385.0,-0.019958,-0.041381
161.35,385.0,-0.020598,-0.041914
163.63,385.0,-0.022598,-0.043771
165.73,385.0,-0.025894,-0.047191
168.18,385.0,-0.028248,-0.049523
170.28,385.0,-0.029163,-0.050324
172.55,385.0,-0.02972,-0.050903
174.83,385.0,-0.030931,-0.052086
176.93,385.0,-0.033417,-0.054566
179.03,385.0,-0.035703,-0.056874
181.48,385.0,-0.037006,-0.058084
183.58,385.0,-0.035796,-0.056985
185.85,385.0,-0.032314,-0.053494
188.13,385.0,-0.027068,-0.048269
190.23,385.0,-0.023168,-0.044425
192.5,385.0,-0.022357,-0.043722
193.38,385.0,-0.025974,-0.047225
196.88,385.0,-0.033879,-0.055053
199.15,385.0,-0.045438,-0.066365
201.43,385.0,-0.05976,-0.080552
203.53,385.0,-0.076445,-0.096985
205.8,385.0,-0.094233,-0.114526
207.9,385.0,-0.111957,-0.132129
210.18,385.0,-0.128137,-0.147973
212.28,385.0,-0.141837,-0.161529
214.55,385.0,-0.153377,-0.172989
216.83,385.0,-0.16305,-0.182502
219.1,385.0,-0.170783,-0.190235
221.38,385.0,-0.176285,-0.195527
223.48,385.0,-0.179779,-0.199172
225.75,385.0,-0.179723,-0.198953
227.85,385.0,-0.176023,-0.195481
230.13,385.0,-0.171874,-0.191319
232.23,385.0,-0.168497,-0.187952
234.5,385.0,-0.166131,-0.18566
236.78,385.0,-0.165121,-0.184659
238.88,385.0,-0.165472,-0.18488
241.15,385.0,-0.168081,-0.18761
243.43,385.0,-0.173537,-0.192918
245.53,385.0,-0.182031,-0.201294
247.8,385.0,-0.193303,-0.212419
250.08,385.0,-0.206073,-0.22496
252.18,385.0,-0.218288,-0.23704
254.45,385.0,-0.228069,-0.246793
256.73,385.0,-0.235835,-0.254421
258.83,385.0,-0.240355,-0.25891
261.28,385.0,-0.242403,-0.260869
263.38,385.0,-0.244033,-0.26269
265.65,385.0,-0.248026,-0.26659
267.75,385.0,-0.254289,-0.272705
270.03,385.0,-0.263651,-0.281898
272.3,385.0,-0.274606,-0.29281
274.58,385.0,-0.287342,-0.305324
276.85,385.0,-0.299797,-0.317714
278.95,385.0,-0.310046,-0.327644
281.05,385.0,-0.316818,-0.334436
283.5,385.0,-0.322252,-0.339698
285.78,385.0,-0.330789,-0.348155
287.88,385.0,-0.342838,-0.360093
290.15,385.0,-0.357751,-0.37476
292.43,385.0,-0.374772,-0.391476
294.7,385.0,-0.391889,-0.408361
296.8,385.0,-0.407955,-0.424273
299.08,385.0,-0.421353,-0.437616
301.35,385.0,-0.432939,-0.449048
303.63,385.0,-0.444901,-0.460853
305.73,385.0,-0.459341,-0.47508
308.0,385.0,-0.479051,-0.494492
310.28,385.0,-0.503598,-0.518725
312.55,385.0,-0.528623,-0.543447
314.83,385.0,-0.55541,-0.569898
317.1,385.0,-0.584861,-0.598971
319.38,385.0,-0.614023,-0.627856
321.65,385.0,-0.641026,-0.654399
323.75,385.0,-0.666845,-0.679935
326.03,385.0,-0.690246,-0.702929
328.3,385.0,-0.709963,-0.722551
330.58,385.0,-0.725727,-0.738068
332.68,385.0,-0.738376,-0.750496
334.95,385.0,-0.74918,-0.761327
337.05,385.0,-0.760616,-0.772578
339.33,385.0,-0.775024,-0.786712
341.6,385.0,-0.791497,-0.803006
343.88,385.0,-0.809614,-0.820964
346.15,385.0,-0.828884,-0.83991
348.08,385.0,-0.848086,-0.858915
350.53,385.0,-0.866903,-0.877436
352.8,385.0,-0.884165,-0.894445
354.9,385.0,-0.898425,-0.908616
357.18,385.0,-0.907852,-0.917911
359.45,385.0,-0.911722,-0.92174
361.73,385.0,-0.910637,-0.920696
364.0,385.0,-0.907445,-0.917489
366.1,385.0,-0.905696,-0.915794
368.38,385.0,-0.906567,-0.916527
370.48,385.0,-0.910686,-0.920736
372.75,385.0,-0.918548,-0.928388
375.03,385.0,-0.92845,-0.938296
377.13,385.0,-0.939168,-0.948647
379.4,385.0,-0.949217,-0.958733
381.68,385.0,-0.95829,-0.967753
383.78,385.0,-0.967085,-0.976407
386.23,385.0,-0.975129,-0.98409
388.33,385.0,-0.97995,-0.989167
390.6,385.0,-0.982781,-0.991962
392.88,385.0,-0.983782,-0.992763
395.15,385.0,-0.983829,-0.992781
397.25,385.0,-0.984599,-0.993844
399.53,385.0,-0.987378,-0.996413
401.8,385.0,-0.990997,-1.000082
404.08,385.0,-0.99442,-1.003416
406.18,385.0,-0.99528,-1.004281
408.45,385.0,-0.99121,-1.000153
410.55,385.0,-0.981247,-0.990443
412.83,385.0,-0.968317,-0.977525
415.1,385.0,-0.953678,-0.963323
417.2,385.0,-0.93922,-0.948893
419.48,385.0,-0.926226,-0.936185
421.58,385.0,-0.916737,-0.926688
423.85,385.0,-0.910092,-0.920116
426.13,385.0,-0.90694,-0.916953
428.4,385.0,-0.907353,-0.917254
430.5,385.0,-0.912039,-0.922057
432.78,385.0,-0.919389,-0.929294
435.05,385.0,-0.927584,-0.937467
437.15,385.0,-0.936774,-0.946444
439.43,385.0,-0.947236,-0.956805
441.7,385.0,-0.956059,-0.965585
443.8,385.0,-0.959337,-0.968832
446.08,385.0,-0.958847,-0.968385
448.18,385.0,-0.957569,-0.966894
450.45,385.0,-0.958135,-0.967661
452.73,385.0,-0.962045,-0.971429
454.83,385.0,-0.96869,-0.977824
457.1,385.0,-0.976349,-0.985582
459.38,385.0,-0.983363,-0.992467
461.65,385.0,-0.985326,-0.994374
463.75,385.0,-0.983573,-0.992726
465.85,385.0,-0.978631,-0.98776
468.13,385.0,-0.972732,-0.981786
470.58,385.0,-0.966586,-0.975843
472.68,385.0,-0.961336,-0.970816
474.95,385.0,-0.956247,-0.965702
477.05,385.0,-0.947217,-0.956811
479.33,385.0,-0.935948,-0.945668
481.6,385.0,-0.923576,-0.933367
483.88,385.0,-0.910714,-0.920819
485.98,385.0,-0.897754,-0.907926
488.25,385.0,-0.882529,-0.892914
490.53,385.0,-0.863706,-0.874463
492.8,385.0,-0.837365,-0.848274
494.9,385.0,-0.802775,-0.814208
497.18,385.0,-0.759744,-0.771913
499.28,385.0,-0.712797,-0.725533
501.55,385.0,-0.663096,-0.676556
503.83,385.0,-0.615822,-0.629726
505.93,385.0,-0.570899,-0.585397
508.2,385.0,-0.530582,-0.545394
510.3,385.0,-0.494747,-0.510129
512.58,385.0,-0.460669,-0.476482
514.85,385.0,-0.429926,-0.446202
516.95,385.0,-0.399714,-0.416426
519.23,385.0,-0.371451,-0.388303
522.03,385.0,-0.339914,-0.357255
524.13,385.0,-0.317169,-0.334726
526.4,385.0,-0.295931,-0.313728
528.68,385.0,-0.277945,-0.296103
530.95,385.0,-0.26432,-0.282674
533.23,385.0,-0.253457,-0.271954
535.68,385.0,-0.244477,-0.262989
537.95,385.0,-0.237114,-0.255672
540.05,385.0,-0.229498,-0.248235
542.33,385.0,-0.221014,-0.239745
544.95,385.0,-0.208944,-0.227939
547.23,385.0,-0.199443,-0.218497
549.5,385.0,-0.191427,-0.210663
551.6,385.0,-0.186328,-0.205666
553.7,385.0,-0.182915,-0.202222
555.98,385.0,-0.180644,-0.199963
558.25,385.0,-0.179301,-0.198472
560.53,385.0,-0.178223,-0.197788
562.8,385.0,-0.177943,-0.197228
564.9,385.0,-0.178463,-0.197675
567.18,385.0,-0.178334,-0.197687
569.45,385.0,-0.177098,-0.196402
571.55,385.0,-0.174243,-0.193654
573.83,385.0,-0.1687,-0.188171
576.1,385.0,-0.160706,-0.180423
578.2,385.0,-0.150644,-0.170327
580.48,385.0,-0.14135,-0.161143
582.75,385.0,-0.134686,-0.154526
584.85,385.0,-0.13001,-0.149948
587.13,385.0,-0.125983,-0.146066
589.4,385.0,-0.123374,-0.143334
591.5,385.0,-0.123201,-0.143235
593.78,385.0,-0.128192,-0.148143
596.05,385.0,-0.13992,-0.159788
598.33,385.0,-0.157798,-0.177305
600.43,385.0,-0.180996,-0.200401
602.7,385.0,-0.207259,-0.226156
604.98,385.0,-0.232893,-0.251414
607.08,385.0,-0.256824,-0.27505
609.35,385.0,-0.279344,-0.297308
611.63,385.0,-0.299649,-0.317409
613.73,385.0,-0.316627,-0.334119
616.0,385.0,-0.329963,-0.347434
618.28,385.0,-0.340946,-0.35821
620.38,385.0,-0.348004,-0.365167
622.65,385.0,-0.352366,-0.369526
624.93,385.0,-0.35277,-0.369892
627.03,385.0,-0.34915,-0.366353
629.3,385.0,-0.341223,-0.358478
631.58,385.0,-0.328223,-0.345749
633.85,385.0,-0.310299,-0.328044
635.95,385.0,-0.288743,-0.306682
638.23,385.0,-0.265117,-0.283377
640.33,385.0,-0.241954,-0.260521
642.6,385.0,-0.220851,-0.239668
644.88,385.0,-0.201987,-0.220962
646.98,385.0,-0.187847,-0.206929
649.25,385.0,-0.178546,-0.197869
651.35,385.0,-0.174443,-0.193821
653.63,385.0,-0.173457,-0.192841
656.08,385.0,-0.175173,-0.194443
658.35,385.0,-0.177862,-0.197292
660.63,385.0,-0.182095,-0.201461
662.73,385.0,-0.186069,-0.205302
665.0,385.0,-0.188931,-0.208056
667.28,385.0,-0.192172,-0.211282
669.38,385.0,-0.197594,-0.216689
671.65,385.0,-0.208097,-0.227034
673.75,385.0,-0.225752,-0.244415
676.03,385.0,-0.250792,-0.26915
678.3,385.0,-0.284316,-0.302101
680.58,385.0,-0.323106,-0.340419
682.68,385.0,-0.361516,-0.378417
684.95,385.0,-0.40183,-0.418287
687.23,385.0,-0.436602,-0.452585
689.33,385.0,-0.467135,-0.482696
691.6,385.0,-0.491476,-0.506796
693.88,385.0,-0.510508,-0.525579
696.15,385.0,-0.523611,-0.538426
698.25,385.0,-0.534214,-0.548968
700.53,385.0,-0.543407,-0.558115
702.8,385.0,-0.552132,-0.566673
704.9,385.0,-0.560598,-0.575083
707.18,385.0,-0.568302,-0.58272
709.45,385.0,-0.57439,-0.588573
11.55,420.0,-0.309252,-0.32699
13.65,420.0,-0.306396,-0.324172
15.93,420.0,-0.30163,-0.319307
18.2,420.0,-0.291716,-0.309612
20.3,420.0,-0.277486,-0.295589
22.58,420.0,-0.261852,-0.280173
24.85,420.0,-0.247511,-0.266106
26.95,420.0,-0.235194,-0.253833
29.4,420.0,-0.22472,-0.243423
31.85,420.0,-0.215191,-0.233968
33.95,420.0,-0.208549,-0.227502
36.23,420.0,-0.202665,-0.221713
38.5,420.0,-0.197373,-0.216485
40.95,420.0,-0.190826,-0.20989
43.05,420.0,-0.185216,-0.204372
45.33,420.0,-0.178577,-0.197902
47.6,420.0,-0.171624,-0.191273
49.88,420.0,-0.164273,-0.183774
51.98,420.0,-0.156689,-0.176301
54.25,420.0,-0.149089,-0.168725
56.35,420.0,-0.142508,-0.162166
58.63,420.0,-0.138134,-0.157936
60.9,420.0,-0.135389,-0.155398
63.0,420.0,-0.131002,-0.1509
65.28,420.0,-0.122782,-0.142792
67.55,420.0,-0.109717,-0.129806
69.83,420.0,-0.094354,-0.114927
71.93,420.0,-0.079686,-0.10025
74.2,420.0,-0.066815,-0.087709
76.3,420.0,-0.056729,-0.077613
78.58,420.0,-0.046766,-0.06801
80.68,420.0,-0.037243,-0.058365
82.95,420.0,-0.029126,-0.05038
85.23,420.0,-0.022573,-0.043867
87.33,420.0,-0.017456,-0.038836
89.6,420.0,-0.01229,-0.033821
91.88,420.0,-0.008577,-0.030155
94.15,420.0,-0.005993,-0.027585
96.78,420.0,-0.005025,-0.026593
98.88,420.0,-0.00541,-0.026898
101.15,420.0,-0.003722,-0.025315
103.25,420.0,0.00263,-0.019027
105.53,420.0,0.011564,-0.01021
107.8,420.0,0.021484,-0.000367
109.9,420.0,0.030184,0.00816
112.18,420.0,0.036321,0.014377
114.45,420.0,0.041179,0.019158
116.73,420.0,0.044306,0.022082
118.83,420.0,0.04454,0.022331
121.1,420.0,0.041413,0.019429
123.2,420.0,0.034759,0.012763
125.3,420.0,0.027122,0.005212
127.58,420.0,0.01848,-0.003399
129.85,420.0,0.009392,-0.012231
132.13,420.0,0.001022,-0.020478
134.4,420.0,-0.00598,-0.02753
136.68,420.0,-0.009264,-0.030712
138.95,420.0,-0.010916,-0.032333
141.05,420.0,-0.011134,-0.032595
143.33,420.0,-0.010484,-0.031877
145.6,420.0,-0.009603,-0.031162
147.7,420.0,-0.011723,-0.033103
149.98,420.0,-0.019542,-0.040879
152.25,420.0,-0.033214,-0.05436
154.35,420.0,-0.050651,-0.071556
156.63,420.0,-0.07115,-0.091735
158.73,420.0,-0.091476,-0.11176
161.0,420.0,-0.10956,-0.129803
163.28,420.0,-0.124064,-0.144005
165.38,420.0,-0.13301,-0.15285
167.65,420.0,-0.137761,-0.157628
169.75,420.0,-0.139843,-0.159609
172.03,420.0,-0.140327,-0.160121
174.3,420.0,-0.140333,-0.159997
176.4,420.0,-0.140823,-0.160527
178.68,420.0,-0.142194,-0.161978
180.95,420.0,-0.1446,-0.164369
183.05,420.0,-0.147727,-0.167302
185.33,420.0,-0.150906,-0.1705
187.43,420.0,-0.154582,-0.17427
189.7,420.0,-0.157813,-0.177348
191.98,420.0,-0.160364,-0.180081
194.08,420.0,-0.162151,-0.181766
196.35,420.0,-0.162622,-0.182126
198.63,420.0,-0.161889,-0.181522
200.9,420.0,-0.160068,-0.179603
203.18,420.0,-0.157336,-0.176991
205.28,420.0,-0.154868,-0.174514
207.55,420.0,-0.152527,-0.172123
209.83,420.0,-0.150515,-0.170232
211.93,420.0,-0.148956,-0.168725
214.2,420.0,-0.147576,-0.167225
216.48,420.0,-0.146636,-0.166291
218.58,420.0,-0.146257,-0.165919
220.85,420.0,-0.145996,-0.165703
222.95,420.0,-0.146941,-0.166763
225.23,420.0,-0.149572,-0.169317
227.5,420.0,-0.15431,-0.173851
229.78,420.0,-0.161026,-0.180463
231.88,420.0,-0.16732,-0.186735
234.15,420.0,-0.173485,-0.192958
236.43,420.0,-0.177838,-0.197222
238.7,420.0,-0.181874,-0.201026
240.8,420.0,-0.186245,-0.205352
243.08,420.0,-0.192385,-0.211627
245.35,420.0,-0.200783,-0.21988
247.63,420.0,-0.210922,-0.229739
249.73,420.0,-0.221753,-0.240472
252.0,420.0,-0.2324,-0.25086
254.28,420.0,-0.242132,-0.260737
256.38,420.0,-0.251051,-0.269498
258.65,420.0,-0.257108,-0.275398
260.93,420.0,-0.260435,-0.278716
263.03,420.0,-0.261276,-0.279646
265.3,420.0,-0.260952,-0.279286
267.4,420.0,-0.2607,-0.279008
269.68,420.0,-0.259403,-0.277761
271.95,420.0,-0.256624,-0.275028
274.05,420.0,-0.254252,-0.27256
276.33,420.0,-0.254763,-0.273201
278.6,420.0,-0.259871,-0.278118
280.88,420.0,-0.267949,-0.286196
282.98,420.0,-0.278987,-0.29704
285.25,420.0,-0.291704,-0.309566
287.53,420.0,-0.303836,-0.321559
289.8,420.0,-0.313411,-0.331054
292.08,420.0,-0.320385,-0.337893
294.35,420.0,-0.328981,-0.346473
296.45,420.0,-0.340407,-0.35769
298.73,420.0,-0.355234,-0.372277
301.0,420.0,-0.372671,-0.389492
303.1,420.0,-0.39135,-0.407853
305.38,420.0,-0.409027,-0.425502
307.65,420.0,-0.424578,-0.440739
309.93,420.0,-0.437609,-0.45362
312.03,420.0,-0.44736,-0.463173
314.3,420.0,-0.455638,-0.471312
316.4,420.0,-0.462653,-0.478293
318.68,420.0,-0.471765,-0.487351
320.78,420.0,-0.485049,-0.500431
323.05,420.0,-0.503783,-0.519026
325.33,420.0,-0.52626,-0.5411
327.43,420.0,-0.55219,-0.56667
329.7,420.0,-0.580684,-0.594821
331.8,420.0,-0.608909,-0.622689
334.08,420.0,-0.633219,-0.646623
336.35,420.0,-0.653512,-0.6667
338.45,420.0,-0.669454,-0.682424
340.73,420.0,-0.681565,-0.694196
343.0,420.0,-0.690326,-0.702963
345.1,420.0,-0.697095,-0.709901
347.38,420.0,-0.702871,-0.71549
349.65,420.0,-0.708891,-0.721559
351.75,420.0,-0.715773,-0.728225
354.03,420.0,-0.724612,-0.737098
356.3,420.0,-0.734424,-0.746734
358.4,420.0,-0.745311,-0.757363
360.68,420.0,-0.756645,-0.768656
362.78,420.0,-0.767809,-0.779587
365.05,420.0,-0.778345,-0.789941
367.33,420.0,-0.787227,-0.798635
369.43,420.0,-0.792825,-0.804365
371.7,420.0,-0.794839,-0.806216
373.98,420.0,-0.791417,-0.802908
376.08,420.0,-0.782498,-0.794118
378.35,420.0,-0.769984,-0.781746
380.63,420.0,-0.756608,-0.76853
382.73,420.0,-0.744399,-0.756485
385.0,420.0,-0.732492,-0.744849
387.1,420.0,-0.720681,-0.733339
389.38,420.0,-0.709359,-0.722055
391.65,420.0,-0.699522,-0.712215
393.75,420.0,-0.69178,-0.704679
396.03,420.0,-0.687353,-0.699892
398.3,420.0,-0.685114,-0.697889
400.58,420.0,-0.684849,-0.697732
402.68,420.0,-0.688047,-0.700702
404.95,420.0,-0.693105,-0.705961
407.23,420.0,-0.698234,-0.710998
409.33,420.0,-0.701389,-0.714103
411.6,420.0,-0.703034,-0.71569
413.88,420.0,-0.705354,-0.717957
415.98,420.0,-0.706771,-0.71938
418.25,420.0,-0.70296,-0.715523
420.53,420.0,-0.692822,-0.705656
422.8,420.0,-0.678937,-0.691731
424.9,420.0,-0.665172,-0.678438
427.18,420.0,-0.654387,-0.667612
429.45,420.0,-0.64776,-0.661232
431.73,420.0,-0.644975,-0.658429
433.65,420.0,-0.644827,-0.658287
436.1,420.0,-0.64545,-0.658946
438.38,420.0,-0.646007,-0.659507
440.48,420.0,-0.643179,-0.656629
443.1,420.0,-0.634698,-0.648121
445.38,420.0,-0.623931,-0.637588
447.48,420.0,-0.612381,-0.626284
449.75,420.0,-0.602313,-0.616275
452.03,420.0,-0.595135,-0.609119
454.3,420.0,-0.590755,-0.604849
456.4,420.0,-0.588922,-0.603179
458.68,420.0,-0.588013,-0.602221
460.95,420.0,-0.584649,-0.598771
463.05,420.0,-0.576938,-0.591263
465.33,420.0,-0.569168,-0.583657
467.6,420.0,-0.562634,-0.577233
469.7,420.0,-0.558475,-0.573099
471.98,420.0,-0.555601,-0.5702
474.08,420.0,-0.554307,-0.568734
476.35,420.0,-0.553167,-0.567757
478.63,420.0,-0.550425,-0.56496
480.73,420.0,-0.542301,-0.557141
483.0,420.0,-0.526571,-0.54146
485.1,420.0,-0.502566,-0.517773
487.38,420.0,-0.471494,-0.487197
489.48,420.0,-0.43874,-0.454889
491.75,420.0,-0.407033,-0.423598
494.03,420.0,-0.377067,-0.393922
496.3,420.0,-0.350659,-0.367881
498.58,420.0,-0.329381,-0.346864
500.68,420.0,-0.312573,-0.330256
502.95,420.0,-0.299769,-0.317591
505.23,420.0,-0.290167,-0.308075
507.33,420.0,-0.282206,-0.300108
509.6,420.0,-0.274064,-0.292212
511.88,420.0,-0.26541,-0.283592
514.15,420.0,-0.25744,-0.27578
516.25,420.0,-0.249649,-0.268149
518.53,420.0,-0.241495,-0.260047
520.8,420.0,-0.233808,-0.252409
522.9,420.0,-0.226193,-0.245025
525.18,420.0,-0.21931,-0.238297
527.45,420.0,-0.213981,-0.232869
529.55,420.0,-0.209378,-0.228257
531.83,420.0,-0.205404,-0.224452
534.1,420.0,-0.202071,-0.221116
536.2,420.0,-0.199424,-0.218423
538.48,420.0,-0.196482,-0.215601
540.75,420.0,-0.193494,-0.212715
542.85,420.0,-0.190663,-0.209923
544.95,420.0,-0.188171,-0.207286
547.4,420.0,-0.185484,-0.204766
549.5,420.0,-0.182798,-0.202166
551.78,420.0,-0.180968,-0.200379
554.05,420.0,-0.180232,-0.199578
556.15,420.0,-0.180379,-0.199754
558.43,420.0,-0.180657,-0.200105
560.53,420.0,-0.18057,-0.199945
562.8,420.0,-0.179163,-0.198328
565.08,420.0,-0.176707,-0.196088
567.18,420.0,-0.1748,-0.194175
569.45,420.0,-0.172385,-0.191849
571.73,420.0,-0.169618,-0.188928
574.0,420.0,-0.166033,-0.185617
576.1,420.0,-0.162607,-0.182083
578.2,420.0,-0.159366,-0.17899
580.48,420.0,-0.157074,-0.176679
582.75,420.0,-0.155956,-0.175558
585.03,420.0,-0.156196,-0.175894
587.3,420.0,-0.15769,-0.177265
589.4,420.0,-0.16005,-0.179572
591.68,420.0,-0.162477,-0.182086
593.95,420.0,-0.164659,-0.184175
596.23,420.0,-0.166455,-0.185891
598.33,420.0,-0.167465,-0.186781
600.6,420.0,-0.167416,-0.186951
602.7,420.0,-0.166963,-0.186584
604.98,420.0,-0.165891,-0.185512
607.25,420.0,-0.165598,-0.185136
609.35,420.0,-0.165549,-0.185019
611.63,420.0,-0.166113,-0.185577
613.9,420.0,-0.16708,-0.186578
616.0,420.0,-0.168171,-0.187782
618.28,420.0,-0.169049,-0.188522
620.55,420.0,-0.17013,-0.189514
622.83,420.0,-0.171202,-0.190678
624.93,420.0,-0.172736,-0.192172
627.2,420.0,-0.174514,-0.19399
629.3,420.0,-0.176516,-0.195851
631.58,420.0,-0.179363,-0.198642
633.85,420.0,-0.182588,-0.201923
635.95,420.0,-0.186202,-0.205355
638.23,420.0,-0.189809,-0.208894
640.5,420.0,-0.194483,-0.213688
642.78,420.0,-0.200481,-0.219455
644.88,420.0,-0.206621,-0.225521
647.15,420.0,-0.213987,-0.232755
649.43,420.0,-0.221134,-0.239951
651.53,420.0,-0.228642,-0.247332
653.8,420.0,-0.236907,-0.255444
655.9,420.0,-0.245231,-0.263611
658.18,420.0,-0.253229,-0.27163
660.45,420.0,-0.261972,-0.280219
662.73,420.0,-0.270284,-0.288451
665.0,420.0,-0.279575,-0.297576
667.1,420.0,-0.290247,-0.308241
669.38,420.0,-0.302967,-0.32066
671.65,420.0,-0.317172,-0.334606
673.75,420.0,-0.332468,-0.349895
676.03,420.0,-0.350358,-0.367431
678.3,420.0,-0.369218,-0.386112
680.58,420.0,-0.390647,-0.407231
682.68,420.0,-0.413219,-0.429584
684.95,420.0,-0.436525,-0.452554
687.23,420.0,-0.460776,-0.476534
689.33,420.0,-0.484196,-0.499612
691.6,420.0,-0.504837,-0.520077
693.88,420.0,-0.520308,-0.535209
695.98,420.0,-0.531426,-0.546214
698.25,420.0,-0.539701,-0.554365
700.53,420.0,-0.545391,-0.560126
702.63,420.0,-0.547098,-0.561811
704.9,420.0,-0.546044,-0.560644
707.18,420.0,-0.539541,-0.554396
709.45,420.0,-0.529291,-0.544257
11.55,455.0,-0.223876,-0.242782
13.83,455.0,-0.227557,-0.246168
15.93,455.0,-0.230586,-0.24932
18.2,455.0,-0.232336,-0.250965
20.48,455.0,-0.232487,-0.251171
22.58,455.0,-0.230752,-0.24947
24.85,455.0,-0.228512,-0.247225
27.13,455.0,-0.226621,-0.245435
29.23,455.0,-0.224024,-0.242758
31.5,455.0,-0.220358,-0.239196
33.78,455.0,-0.215398,-0.234215
36.05,455.0,-0.209498,-0.228318
38.33,455.0,-0.202249,-0.221307
40.43,455.0,-0.195118,-0.214098
42.7,455.0,-0.187696,-0.206957
44.8,455.0,-0.179372,-0.198666
47.08,455.0,-0.170956,-0.190441
49.35,455.0,-0.162844,-0.18241
51.45,455.0,-0.157403,-0.176981
53.73,455.0,-0.15415,-0.173787
56.0,455.0,-0.151516,-0.171103
58.28,455.0,-0.147496,-0.167348
60.38,455.0,-0.139501,-0.159323
62.65,455.0,-0.12793,-0.147847
64.93,455.0,-0.114015,-0.134144
67.2,455.0,-0.100475,-0.120842
69.3,455.0,-0.089237,-0.109723
71.58,455.0,-0.079409,-0.100108
73.85,455.0,-0.069967,-0.090762
75.95,455.0,-0.061181,-0.082037
78.23,455.0,-0.054326,-0.075207
80.5,455.0,-0.048143,-0.069314
82.6,455.0,-0.044104,-0.065253
84.88,455.0,-0.041504,-0.062622
87.15,455.0,-0.04034,-0.061461
89.25,455.0,-0.040272,-0.06131
91.53,455.0,-0.039677,-0.060805
93.8,455.0,-0.035571,-0.056784
95.9,455.0,-0.029649,-0.050823
98.18,455.0,-0.022601,-0.043901
100.45,455.0,-0.015041,-0.036399
102.73,455.0,-0.007542,-0.029089
104.83,455.0,-0.000127,-0.021812
107.1,455.0,0.00535,-0.016301
109.38,455.0,0.00779,-0.01387
111.65,455.0,0.006657,-0.015001
113.75,455.0,0.003382,-0.018112
116.03,455.0,-0.001923,-0.023602
118.3,455.0,-0.008251,-0.029742
120.4,455.0,-0.014502,-0.036085
122.68,455.0,-0.020118,-0.041405
124.95,455.0,-0.023544,-0.04481
127.23,455.0,-0.025768,-0.046985
129.33,455.0,-0.026218,-0.047394
131.6,455.0,-0.02582,-0.047096
133.88,455.0,-0.027028,-0.048208
135.98,455.0,-0.032958,-0.054224
138.25,455.0,-0.044043,-0.065084
140.53,455.0,-0.05912,-0.07985
142.63,455.0,-0.076051,-0.096646
144.9,455.0,-0.095192,-0.1157
147.18,455.0,-0.113451,-0.133553
149.45,455.0,-0.13074,-0.150607
151.55,455.0,-0.146723,-0.166485
153.65,455.0,-0.160783,-0.180395
155.93,455.0,-0.17163,-0.191106
158.2,455.0,-0.180986,-0.200305
160.3,455.0,-0.190349,-0.2094
162.58,455.0,-0.20122,-0.22001
164.68,455.0,-0.213103,-0.231895
166.95,455.0,-0.224831,-0.243546
169.23,455.0,-0.235962,-0.254474
171.33,455.0,-0.246159,-0.264535
173.6,455.0,-0.255653,-0.274073
175.88,455.0,-0.26447,-0.282788
177.98,455.0,-0.272108,-0.290204
180.25,455.0,-0.278679,-0.296692
182.53,455.0,-0.284945,-0.302958
184.8,455.0,-0.290194,-0.308136
186.9,455.0,-0.294384,-0.312305
189.18,455.0,-0.298599,-0.316334
191.28,455.0,-0.302446,-0.320241
193.55,455.0,-0.305586,-0.323346
195.65,455.0,-0.308891,-0.32663
197.93,455.0,-0.311565,-0.329252
200.2,455.0,-0.31383,-0.331476
202.48,455.0,-0.315213,-0.33293
204.58,455.0,-0.315915,-0.333497
206.85,455.0,-0.315499,-0.333075
209.13,455.0,-0.314532,-0.332123
211.23,455.0,-0.312825,-0.330484
213.5,455.0,-0.310435,-0.328032
215.6,455.0,-0.307573,-0.325099
217.88,455.0,-0.304532,-0.322354
220.15,455.0,-0.302471,-0.320256
222.43,455.0,-0.301633,-0.319403
224.7,455.0,-0.302064,-0.319738
226.8,455.0,-0.303867,-0.321451
229.08,455.0,-0.306313,-0.324073
231.35,455.0,-0.309033,-0.326667
233.63,455.0,-0.311473,-0.32903
235.73,455.0,-0.313121,-0.330789
238.0,455.0,-0.314153,-0.331738
240.28,455.0,-0.314021,-0.331645
242.38,455.0,-0.311796,-0.329403
244.65,455.0,-0.307526,-0.32509
246.93,455.0,-0.303364,-0.321202
249.55,455.0,-0.298534,-0.316374
251.83,455.0,-0.293959,-0.31179
254.1,455.0,-0.288136,-0.306146
256.2,455.0,-0.281849,-0.299899
258.48,455.0,-0.277939,-0.296017
260.75,455.0,-0.277816,-0.295823
263.03,455.0,-0.281704,-0.299612
265.13,455.0,-0.28972,-0.307758
267.4,455.0,-0.300416,-0.31822
269.5,455.0,-0.312117,-0.329729
271.78,455.0,-0.323632,-0.34122
274.05,455.0,-0.33415,-0.351679
276.15,455.0,-0.344399,-0.361534
278.43,455.0,-0.354267,-0.37143
280.7,455.0,-0.363497,-0.380431
282.8,455.0,-0.371614,-0.388426
285.08,455.0,-0.377292,-0.394098
287.35,455.0,-0.378971,-0.395758
289.45,455.0,-0.37825,-0.395117
291.73,455.0,-0.380441,-0.397194
294.0,455.0,-0.388574,-0.405253
296.1,455.0,-0.400924,-0.41736
298.38,455.0,-0.415964,-0.432372
300.65,455.0,-0.432646,-0.448678
302.75,455.0,-0.449809,-0.465678
305.03,455.0,-0.466115,-0.481885
307.3,455.0,-0.478885,-0.494433
309.58,455.0,-0.488635,-0.504054
311.68,455.0,-0.495237,-0.510524
313.95,455.0,-0.499338,-0.514467
316.23,455.0,-0.502637,-0.517856
318.33,455.0,-0.507381,-0.522409
320.6,455.0,-0.514689,-0.529692
322.7,455.0,-0.526534,-0.541436
324.98,455.0,-0.542942,-0.557585
327.25,455.0,-0.56345,-0.577923
329.53,455.0,-0.587421,-0.601506
331.63,455.0,-0.611861,-0.625601
333.9,455.0,-0.63585,-0.649325
336.18,455.0,-0.657933,-0.671032
338.45,455.0,-0.679568,-0.692147
340.73,455.0,-0.699242,-0.711873
343.0,455.0,-0.715265,-0.727855
345.1,455.0,-0.729115,-0.741472
347.38,455.0,-0.741623,-0.753881
349.48,455.0,-0.752991,-0.764861
351.75,455.0,-0.763364,-0.775228
353.85,455.0,-0.772094,-0.783736
356.13,455.0,-0.779648,-0.79126
358.4,455.0,-0.786183,-0.797788
360.68,455.0,-0.791235,-0.802902
362.95,455.0,-0.794864,-0.806315
365.05,455.0,-0.797825,-0.80922
367.33,455.0,-0.799827,-0.811161
369.6,455.0,-0.800674,-0.811974
371.7,455.0,-0.798632,-0.810172
373.98,455.0,-0.79203,-0.803589
376.25,455.0,-0.780449,-0.792264
378.35,455.0,-0.765243,-0.777064
380.63,455.0,-0.748835,-0.760952
382.9,455.0,-0.734331,-0.746605
385.18,455.0,-0.722412,-0.734766
387.28,455.0,-0.712822,-0.725345
389.55,455.0,-0.702742,-0.715357
391.65,455.0,-0.691454,-0.704174
393.93,455.0,-0.679855,-0.692628
396.2,455.0,-0.669615,-0.682763
398.3,455.0,-0.662042,-0.675249
400.58,455.0,-0.65804,-0.671281
402.85,455.0,-0.65719,-0.670437
404.95,455.0,-0.659183,-0.672443
407.23,455.0,-0.663342,-0.676506
409.5,455.0,-0.670585,-0.683687
411.6,455.0,-0.67866,-0.691485
413.88,455.0,-0.685453,-0.698151
416.15,455.0,-0.68865,-0.701201
418.25,455.0,-0.689642,-0.702356
420.53,455.0,-0.690733,-0.703506
422.63,455.0,-0.692692,-0.705619
424.9,455.0,-0.694645,-0.707523
427.18,455.0,-0.693111,-0.705927
429.45,455.0,-0.684051,-0.696648
431.73,455.0,-0.666861,-0.67995
433.83,455.0,-0.646291,-0.659756
436.1,455.0,-0.626195,-0.63987
438.2,455.0,-0.61085,-0.624679
440.48,455.0,-0.600678,-0.614559
442.75,455.0,-0.596263,-0.610215
444.85,455.0,-0.595175,-0.609177
447.13,455.0,-0.595222,-0.60915
449.4,455.0,-0.594991,-0.609011
451.5,455.0,-0.591916,-0.606057
453.78,455.0,-0.584057,-0.598191
456.05,455.0,-0.571035,-0.585394
458.15,455.0,-0.55468,-0.569328
460.43,455.0,-0.538007,-0.55284
463.05,455.0,-0.52171,-0.536466
465.33,455.0,-0.512428,-0.527443
467.6,455.0,-0.506901,-0.522055
469.88,455.0,-0.50394,-0.519211
472.33,455.0,-0.500937,-0.516072
474.6,455.0,-0.49581,-0.51118
476.88,455.0,-0.486953,-0.502545
479.15,455.0,-0.477572,-0.493158
481.25,455.0,-0.469754,-0.485419
483.53,455.0,-0.464067,-0.479828
485.63,455.0,-0.460471,-0.476291
487.9,455.0,-0.45809,-0.473891
490.18,455.0,-0.456787,-0.472634
492.28,455.0,-0.45589,-0.471713
494.55,455.0,-0.454603,-0.470511
496.65,455.0,-0.449498,-0.465515
498.93,455.0,-0.437428,-0.453472
501.2,455.0,-0.417702,-0.43403
503.3,455.0,-0.390268,-0.406969
505.58,455.0,-0.357714,-0.374895
507.68,455.0,-0.323953,-0.341553
510.13,455.0,-0.287684,-0.305684
512.4,455.0,-0.258602,-0.277064
514.5,455.0,-0.236581,-0.255275
516.78,455.0,-0.220466,-0.239313
519.23,455.0,-0.209467,-0.228438
521.33,455.0,-0.205139,-0.224135
523.6,455.0,-0.205364,-0.22444
525.88,455.0,-0.209036,-0.227906
527.98,455.0,-0.215081,-0.233897
530.25,455.0,-0.221892,-0.240706
532.53,455.0,-0.228845,-0.247459
534.63,455.0,-0.235767,-0.254218
536.9,455.0,-0.242148,-0.260801
539.18,455.0,-0.248324,-0.266781
541.45,455.0,-0.253365,-0.271799
543.55,455.0,-0.257773,-0.275955
545.83,455.0,-0.260807,-0.279165
548.1,455.0,-0.262431,-0.280706
550.2,455.0,-0.263155,-0.281374
552.48,455.0,-0.262604,-0.280881
554.58,455.0,-0.260305,-0.278589
556.85,455.0,-0.256245,-0.274674
559.13,455.0,-0.250287,-0.26882
561.23,455.0,-0.242061,-0.260798
563.5,455.0,-0.232764,-0.251381
565.78,455.0,-0.223753,-0.242564
567.88,455.0,-0.216399,-0.235367
570.15,455.0,-0.212086,-0.23094
572.25,455.0,-0.21045,-0.22939
574.53,455.0,-0.211898,-0.2307
576.63,455.0,-0.214896,-0.233793
578.9,455.0,-0.219443,-0.238229
581.18,455.0,-0.224421,-0.24317
583.45,455.0,-0.228811,-0.247548
585.73,455.0,-0.23244,-0.2511
587.83,455.0,-0.235059,-0.25371
590.1,455.0,-0.236445,-0.254982
592.38,455.0,-0.236615,-0.255231
594.65,455.0,-0.236159,-0.254661
596.75,455.0,-0.235401,-0.253971
599.03,455.0,-0.23472,-0.25321
601.3,455.0,-0.23513,-0.253713
603.4,455.0,-0.236436,-0.254948
605.68,455.0,-0.238922,-0.25749
607.95,455.0,-0.242077,-0.260697
610.05,455.0,-0.246387,-0.264745
612.33,455.0,-0.250392,-0.268885
614.6,455.0,-0.253164,-0.271547
616.7,455.0,-0.255694,-0.274125
618.98,455.0,-0.257286,-0.275586
621.25,455.0,-0.257363,-0.275703
623.53,455.0,-0.256883,-0.275296
625.63,455.0,-0.255851,-0.274335
627.9,455.0,-0.255339,-0.273839
630.18,455.0,-0.255718,-0.274153
632.28,455.0,-0.257323,-0.275629
634.55,455.0,-0.260062,-0.278395
636.65,455.0,-0.263666,-0.281864
638.93,455.0,-0.267604,-0.28574
641.2,455.0,-0.272212,-0.290302
643.48,455.0,-0.277157,-0.295278
645.75,455.0,-0.28151,-0.299566
648.03,455.0,-0.286183,-0.304128
650.13,455.0,-0.290721,-0.308657
652.4,455.0,-0.295724,-0.313586
654.68,455.0,-0.302144,-0.319969
656.78,455.0,-0.309566,-0.327095
659.05,455.0,-0.317902,-0.335438
661.15,455.0,-0.326916,-0.344421
663.43,455.0,-0.336602,-0.353916
665.7,455.0,-0.347865,-0.365009
667.98,455.0,-0.361248,-0.378213
670.25,455.0,-0.37431,-0.391143
672.35,455.0,-0.388811,-0.405459
674.63,455.0,-0.40386,-0.420287
677.25,455.0,-0.420539,-0.436845
679.35,455.0,-0.434529,-0.450604
681.63,455.0,-0.448324,-0.464208
683.73,455.0,-0.462101,-0.477763
686.0,455.0,-0.4763,-0.49191
688.28,455.0,-0.490564,-0.506017
690.55,455.0,-0.504797,-0.51992
692.65,455.0,-0.519113,-0.534076
694.93,455.0,-0.533293,-0.548059
697.2,455.0,-0.54784,-0.562384
699.48,455.0,-0.56325,-0.577736
701.75,455.0,-0.579609,-0.593749
703.85,455.0,-0.595209,-0.609143
706.13,455.0,-0.609907,-0.623657
708.4,455.0,-0.622464,-0.636167
710.5,455.0,-0.633386,-0.646867
11.2,490.0,-0.275311,-0.293537
13.48,490.0,-0.291325,-0.309227
15.75,490.0,-0.304664,-0.322354
17.85,490.0,-0.315509,-0.333186
20.13,490.0,-0.321051,-0.33854
22.58,490.0,-0.319008,-0.336682
24.85,490.0,-0.310324,-0.327979
27.13,490.0,-0.29822,-0.316177
29.23,490.0,-0.28541,-0.303352
31.68,490.0,-0.272157,-0.290287
33.95,490.0,-0.261581,-0.279896
36.05,490.0,-0.252172,-0.270629
38.33,490.0,-0.244024,-0.262548
40.6,490.0,-0.236473,-0.255191
42.88,490.0,-0.228879,-0.247527
45.15,490.0,-0.22094,-0.239631
47.25,490.0,-0.212428,-0.231248
49.53,490.0,-0.202711,-0.221627
51.8,490.0,-0.192875,-0.212
54.08,490.0,-0.18371,-0.203041
56.18,490.0,-0.176301,-0.195792
58.45,490.0,-0.171094,-0.190601
60.55,490.0,-0.164945,-0.184504
62.83,490.0,-0.156889,-0.176532
65.1,490.0,-0.145416,-0.165238
67.38,490.0,-0.132567,-0.152428
69.48,490.0,-0.120389,-0.140367
71.75,490.0,-0.109726,-0.12984
73.85,490.0,-0.100561,-0.120835
76.13,490.0,-0.091707,-0.112111
78.4,490.0,-0.083334,-0.103876
80.68,490.0,-0.075395,-0.096103
82.95,490.0,-0.068996,-0.089693
85.05,490.0,-0.064092,-0.084954
87.15,490.0,-0.06119,-0.081941
89.6,490.0,-0.05984,-0.080795
91.88,490.0,-0.057234,-0.078069
93.98,490.0,-0.051889,-0.072952
96.25,490.0,-0.046171,-0.067225
98.53,490.0,-0.039243,-0.060373
100.8,490.0,-0.032709,-0.053845
102.9,490.0,-0.026113,-0.04732
105.18,490.0,-0.02102,-0.042434
107.28,490.0,-0.018602,-0.039859
109.55,490.0,-0.019757,-0.041051
111.83,490.0,-0.023316,-0.044643
113.93,490.0,-0.029033,-0.050247
116.2,490.0,-0.035327,-0.056538
118.48,490.0,-0.04111,-0.062253
120.75,490.0,-0.044828,-0.066005
122.85,490.0,-0.046889,-0.067986
125.13,490.0,-0.046757,-0.067943
127.4,490.0,-0.046914,-0.067995
129.5,490.0,-0.050284,-0.071325
131.78,490.0,-0.059193,-0.080124
134.05,490.0,-0.072518,-0.093251
136.15,490.0,-0.088713,-0.109079
138.43,490.0,-0.10684,-0.127126
140.53,490.0,-0.124665,-0.144622
142.8,490.0,-0.141455,-0.161168
145.08,490.0,-0.158627,-0.178149
147.18,490.0,-0.176233,-0.195638
149.45,490.0,-0.193402,-0.212533
151.55,490.0,-0.207511,-0.226436
153.83,490.0,-0.219252,-0.23806
156.1,490.0,-0.228583,-0.247286
158.38,490.0,-0.236479,-0.254963
160.48,490.0,-0.241642,-0.260305
162.75,490.0,-0.245878,-0.264409
164.85,490.0,-0.250154,-0.268519
167.13,490.0,-0.255444,-0.273907
169.4,490.0,-0.263432,-0.281642
171.5,490.0,-0.27321,-0.291316
173.6,490.0,-0.284982,-0.303004
176.05,490.0,-0.297126,-0.315
178.15,490.0,-0.309643,-0.327169
180.43,490.0,-0.320884,-0.338466
182.7,490.0,-0.330906,-0.348321
184.98,490.0,-0.339569,-0.356685
187.08,490.0,-0.346839,-0.363934
189.35,490.0,-0.353121,-0.370284
191.63,490.0,-0.358278,-0.375388
193.73,490.0,-0.362502,-0.379523
196.0,490.0,-0.366183,-0.383044
198.28,490.0,-0.368232,-0.38512
200.38,490.0,-0.36919,-0.386131
202.65,490.0,-0.369138,-0.386146
204.93,490.0,-0.367594,-0.384563
207.03,490.0,-0.365786,-0.382724
209.3,490.0,-0.363337,-0.380327
211.58,490.0,-0.360857,-0.378072
213.68,490.0,-0.358466,-0.375438
215.95,490.0,-0.356842,-0.373876
218.23,490.0,-0.35635,-0.373392
220.5,490.0,-0.356722,-0.37383
222.6,490.0,-0.358903,-0.375906
224.88,490.0,-0.362465,-0.379473
227.15,490.0,-0.367147,-0.384024
229.25,490.0,-0.372477,-0.389298
231.53,490.0,-0.378848,-0.395567
233.8,490.0,-0.385573,-0.402305
235.9,490.0,-0.393377,-0.409951
238.0,490.0,-0.401923,-0.418364
240.28,490.0,-0.410049,-0.426494
242.55,490.0,-0.416756,-0.432982
244.83,490.0,-0.419791,-0.436069
247.1,490.0,-0.419495,-0.435764
249.2,490.0,-0.413888,-0.430342
251.48,490.0,-0.404865,-0.421359
253.58,490.0,-0.395219,-0.411728
255.85,490.0,-0.389751,-0.406439
258.13,490.0,-0.391374,-0.407958
260.23,490.0,-0.400681,-0.417277
262.5,490.0,-0.416645,-0.432924
264.6,490.0,-0.436285,-0.452283
266.88,490.0,-0.457917,-0.473669
269.15,490.0,-0.480739,-0.496186
271.25,490.0,-0.501633,-0.516667
273.53,490.0,-0.518675,-0.533638
275.63,490.0,-0.530465,-0.545323
278.08,490.0,-0.536245,-0.55097
280.18,490.0,-0.540154,-0.554781
282.45,490.0,-0.544128,-0.558734
284.55,490.0,-0.548466,-0.563028
286.83,490.0,-0.552079,-0.566713
289.1,490.0,-0.554482,-0.568989
291.38,490.0,-0.555712,-0.570151
293.48,490.0,-0.554957,-0.569544
295.75,490.0,-0.552739,-0.567381
298.03,490.0,-0.550419,-0.564975
300.13,490.0,-0.549341,-0.563949
302.4,490.0,-0.550653,-0.565345
304.15,490.0,-0.557357,-0.571885
306.95,490.0,-0.570188,-0.584488
309.23,490.0,-0.589048,-0.603028
311.33,490.0,-0.611851,-0.625579
313.6,490.0,-0.636207,-0.649812
315.88,490.0,-0.659892,-0.673056
318.15,490.0,-0.681737,-0.694322
320.25,490.0,-0.700003,-0.712686
322.53,490.0,-0.716303,-0.728743
324.8,490.0,-0.732233,-0.744424
326.9,490.0,-0.747945,-0.759978
329.18,490.0,-0.763894,-0.775582
331.45,490.0,-0.779322,-0.790856
333.55,490.0,-0.794282,-0.805838
335.83,490.0,-0.807674,-0.81894
338.1,490.0,-0.819935,-0.831035
340.38,490.0,-0.8313,-0.842298
342.65,490.0,-0.842412,-0.853293
344.93,490.0,-0.852883,-0.863647
347.2,490.0,-0.862421,-0.873077
349.3,490.0,-0.871589,-0.882048
351.58,490.0,-0.880157,-0.890532
353.85,490.0,-0.887412,-0.897871
355.95,490.0,-0.894389,-0.904433
358.23,490.0,-0.900043,-0.910163
360.5,490.0,-0.905717,-0.915736
362.78,490.0,-0.91076,-0.920683
364.88,490.0,-0.915828,-0.92585
367.15,490.0,-0.920138,-0.930113
369.43,490.0,-0.924802,-0.93454
371.53,490.0,-0.92885,-0.938659
373.8,490.0,-0.932532,-0.942147
376.08,490.0,-0.93621,-0.94585
378.18,490.0,-0.939682,-0.949214
380.45,490.0,-0.942904,-0.952387
382.73,490.0,-0.945939,-0.955498
384.83,490.0,-0.949297,-0.958687
387.1,490.0,-0.951534,-0.960908
389.38,490.0,-0.952285,-0.961728
391.65,490.0,-0.951672,-0.961084
393.75,490.0,-0.949408,-0.958884
396.03,490.0,-0.946802,-0.956145
398.3,490.0,-0.944704,-0.954186
400.58,490.0,-0.943391,-0.952901
402.68,490.0,-0.942824,-0.952442
404.95,490.0,-0.942513,-0.952076
407.23,490.0,-0.94214,-0.951755
409.5,490.0,-0.941614,-0.951179
411.78,490.0,-0.940816,-0.950443
413.88,490.0,-0.940203,-0.949774
416.15,490.0,-0.939925,-0.949457
418.43,490.0,-0.940314,-0.949805
420.53,490.0,-0.940674,-0.950215
422.8,490.0,-0.940942,-0.95048
425.08,490.0,-0.94027,-0.949858
427.35,490.0,-0.938739,-0.948444
429.45,490.0,-0.935498,-0.945227
431.55,490.0,-0.929701,-0.939473
433.83,490.0,-0.919014,-0.92893
436.1,490.0,-0.902775,-0.912923
438.2,490.0,-0.881518,-0.891986
440.48,490.0,-0.858573,-0.869269
442.75,490.0,-0.836546,-0.847347
445.03,490.0,-0.815431,-0.826635
447.3,490.0,-0.794232,-0.805742
449.4,490.0,-0.775169,-0.786851
451.68,490.0,-0.75934,-0.771176
453.78,490.0,-0.74845,-0.76056
456.05,490.0,-0.742976,-0.755243
458.33,490.0,-0.741888,-0.754057
460.43,490.0,-0.744377,-0.75658
462.7,490.0,-0.749208,-0.76125
464.8,490.0,-0.752461,-0.764433
467.08,490.0,-0.75361,-0.76557
469.35,490.0,-0.753462,-0.765462
471.98,490.0,-0.753127,-0.765037
474.08,490.0,-0.7524,-0.764436
476.35,490.0,-0.748626,-0.760693
478.45,490.0,-0.737116,-0.749254
480.9,490.0,-0.715188,-0.727612
483.18,490.0,-0.692939,-0.705748
485.28,490.0,-0.672625,-0.685711
487.55,490.0,-0.657403,-0.670736
489.83,490.0,-0.648198,-0.661608
491.93,490.0,-0.642027,-0.655567
494.2,490.0,-0.637378,-0.651019
496.3,490.0,-0.632286,-0.645865
498.58,490.0,-0.624106,-0.637785
500.85,490.0,-0.610862,-0.624658
503.13,490.0,-0.593392,-0.607443
505.23,490.0,-0.573281,-0.587708
507.5,490.0,-0.553115,-0.567643
509.6,490.0,-0.534827,-0.5498
511.88,490.0,-0.519405,-0.534396
514.15,490.0,-0.506929,-0.522064
516.25,490.0,-0.497572,-0.512816
518.53,490.0,-0.491895,-0.507323
520.8,490.0,-0.489156,-0.50451
523.08,490.0,-0.488269,-0.503718
525.18,490.0,-0.488299,-0.503802
527.28,490.0,-0.48667,-0.502061
529.73,490.0,-0.482304,-0.497807
531.83,490.0,-0.473044,-0.488577
534.1,490.0,-0.459969,-0.475761
536.55,490.0,-0.442234,-0.458118
538.65,490.0,-0.42638,-0.442579
540.93,490.0,-0.411051,-0.427554
543.2,490.0,-0.39768,-0.414396
545.48,490.0,-0.386698,-0.40338
547.58,490.0,-0.379011,-0.395838
549.85,490.0,-0.372533,-0.389409
551.95,490.0,-0.367523,-0.384372
554.23,490.0,-0.362517,-0.37963
556.5,490.0,-0.358025,-0.375114
558.6,490.0,-0.354199,-0.371436
560.88,490.0,-0.350838,-0.367908
563.15,490.0,-0.348768,-0.365752
565.25,490.0,-0.348312,-0.365468
567.53,490.0,-0.349252,-0.366454
569.63,490.0,-0.351571,-0.368688
571.9,490.0,-0.3546,-0.371762
574.18,490.0,-0.357181,-0.374335
576.28,490.0,-0.359581,-0.376593
578.55,490.0,-0.360589,-0.377588
580.83,490.0,-0.360136,-0.377212
583.1,490.0,-0.357896,-0.374966
585.38,490.0,-0.355262,-0.372351
587.48,490.0,-0.35313,-0.370293
589.75,490.0,-0.351131,-0.368275
591.68,490.0,-0.350533,-0.36761
594.3,490.0,-0.351294,-0.368481
596.4,490.0,-0.354175,-0.371205
598.68,490.0,-0.359997,-0.377095
600.78,490.0,-0.37009,-0.38695
603.05,490.0,-0.384621,-0.401365
605.33,490.0,-0.402606,-0.419134
607.43,490.0,-0.421426,-0.437582
609.7,490.0,-0.439643,-0.455647
611.98,490.0,-0.456275,-0.47195
614.08,490.0,-0.469479,-0.485185
616.35,490.0,-0.479686,-0.49512
618.45,490.0,-0.486494,-0.502012
620.73,490.0,-0.491682,-0.506987
623.0,490.0,-0.495909,-0.511232
625.28,490.0,-0.499217,-0.514387
627.55,490.0,-0.502323,-0.517378
629.83,490.0,-0.50472,-0.519834
631.93,490.0,-0.506103,-0.521254
634.2,490.0,-0.505219,-0.520434
636.3,490.0,-0.499633,-0.514932
638.58,490.0,-0.488666,-0.503916
640.85,490.0,-0.475108,-0.490752
642.95,490.0,-0.462095,-0.477745
645.23,490.0,-0.449935,-0.465841
647.5,490.0,-0.438543,-0.454529
649.78,490.0,-0.427532,-0.443678
651.88,490.0,-0.417388,-0.433672
654.15,490.0,-0.408558,-0.425025
656.25,490.0,-0.403734,-0.420179
658.53,490.0,-0.402345,-0.418833
660.8,490.0,-0.40472,-0.421202
662.9,490.0,-0.410268,-0.426775
665.18,490.0,-0.418965,-0.435284
667.45,490.0,-0.430324,-0.446476
669.9,490.0,-0.442187,-0.45805
672.0,490.0,-0.455558,-0.471337
674.28,490.0,-0.470428,-0.486088
676.55,490.0,-0.488355,-0.503709
678.83,490.0,-0.507609,-0.522843
681.1,490.0,-0.528259,-0.543102
683.2,490.0,-0.551032,-0.565659
685.65,490.0,-0.580092,-0.594159
687.93,490.0,-0.607785,-0.621728
690.03,490.0,-0.635114,-0.648521
692.3,490.0,-0.662067,-0.675203
694.75,490.0,-0.690955,-0.703635
697.03,490.0,-0.713789,-0.726284
699.3,490.0,-0.734353,-0.746503
701.58,490.0,-0.752483,-0.764473
704.03,490.0,-0.77129,-0.783019
706.13,490.0,-0.786629,-0.798049
708.4,490.0,-0.800634,-0.81195
710.68,490.0,-0.813293,-0.824467
11.55,525.0,-0.364322,-0.381368
13.65,525.0,-0.366996,-0.383734
15.93,525.0,-0.368839,-0.38573
18.2,525.0,-0.369168,-0.386091
20.48,525.0,-0.36772,-0.38459
22.75,525.0,-0.364473,-0.381541
25.03,525.0,-0.360179,-0.377206
27.13,525.0,-0.354618,-0.371796
29.4,525.0,-0.345308,-0.362477
31.68,525.0,-0.332446,-0.349883
33.78,525.0,-0.318149,-0.335752
36.05,525.0,-0.302958,-0.320783
38.33,525.0,-0.28805,-0.306014
40.43,525.0,-0.274313,-0.292462
42.7,525.0,-0.261451,-0.2798
44.98,525.0,-0.24939,-0.267862
47.08,525.0,-0.237915,-0.256531
49.35,525.0,-0.227071,-0.245841
51.63,525.0,-0.216559,-0.235432
53.73,525.0,-0.206294,-0.225256
56.0,525.0,-0.197179,-0.216405
58.28,525.0,-0.189434,-0.208549
60.38,525.0,-0.182902,-0.202302
62.65,525.0,-0.175056,-0.194474
64.93,525.0,-0.16427,-0.183851
67.03,525.0,-0.151371,-0.171082
69.3,525.0,-0.138402,-0.158263
71.58,525.0,-0.126717,-0.146695
73.68,525.0,-0.115663,-0.135845
75.95,525.0,-0.105721,-0.126088
78.23,525.0,-0.096895,-0.11728
80.5,525.0,-0.089033,-0.109612
82.78,525.0,-0.08225,-0.102819
84.88,525.0,-0.076584,-0.097049
87.33,525.0,-0.072807,-0.093556
89.6,525.0,-0.070743,-0.091276
91.7,525.0,-0.066563,-0.087323
93.98,525.0,-0.061421,-0.082151
96.43,525.0,-0.054948,-0.075993
98.53,525.0,-0.047927,-0.068972
100.8,525.0,-0.040475,-0.061526
103.08,525.0,-0.03476,-0.055925
105.18,525.0,-0.032764,-0.053938
107.45,525.0,-0.033926,-0.055112
109.73,525.0,-0.037077,-0.058266
111.83,525.0,-0.042213,-0.063325
114.1,525.0,-0.04781,-0.068833
116.2,525.0,-0.053682,-0.074563
118.65,525.0,-0.058269,-0.07923
120.75,525.0,-0.060598,-0.081304
123.03,525.0,-0.064157,-0.084884
125.3,525.0,-0.071372,-0.092
127.4,525.0,-0.082151,-0.102792
129.68,525.0,-0.096932,-0.117357
131.78,525.0,-0.114181,-0.13427
134.05,525.0,-0.1324,-0.152249
136.33,525.0,-0.151097,-0.170617
138.43,525.0,-0.170037,-0.189372
140.7,525.0,-0.188115,-0.207197
142.8,525.0,-0.204378,-0.223281
145.08,525.0,-0.218103,-0.236975
147.35,525.0,-0.230638,-0.249175
149.45,525.0,-0.242548,-0.261035
151.73,525.0,-0.255755,-0.27415
154.0,525.0,-0.27065,-0.288657
156.28,525.0,-0.286978,-0.304979
158.38,525.0,-0.304076,-0.321796
160.65,525.0,-0.319951,-0.337496
162.75,525.0,-0.333863,-0.351266
165.2,525.0,-0.34451,-0.361673
167.3,525.0,-0.351765,-0.36891
169.58,525.0,-0.354526,-0.371661
171.85,525.0,-0.35252,-0.369606
173.95,525.0,-0.346291,-0.363457
176.23,525.0,-0.337964,-0.355228
178.5,525.0,-0.328842,-0.346303
180.6,525.0,-0.320487,-0.338143
182.88,525.0,-0.313959,-0.331596
184.98,525.0,-0.30878,-0.326491
187.25,525.0,-0.305318,-0.322961
189.53,525.0,-0.303448,-0.321189
191.8,525.0,-0.301464,-0.31911
194.08,525.0,-0.299326,-0.317132
196.18,525.0,-0.297585,-0.315419
198.45,525.0,-0.296168,-0.313947
200.73,525.0,-0.296051,-0.31382
203.0,525.0,-0.298038,-0.31581
205.1,525.0,-0.302221,-0.319979
207.38,525.0,-0.307794,-0.325373
209.65,525.0,-0.3148,-0.332326
211.75,525.0,-0.321756,-0.339258
214.03,525.0,-0.329116,-0.346491
216.3,525.0,-0.334489,-0.351858
218.4,525.0,-0.338521,-0.355687
220.68,525.0,-0.33996,-0.357212
222.95,525.0,-0.340632,-0.357899
225.23,525.0,-0.343238,-0.360524
227.33,525.0,-0.352074,-0.369165
229.6,525.0,-0.369726,-0.386581
231.88,525.0,-0.394538,-0.411094
234.15,525.0,-0.424153,-0.440262
236.08,525.0,-0.454979,-0.470721
238.7,525.0,-0.483564,-0.498946
240.8,525.0,-0.507853,-0.523016
243.08,525.0,-0.52601,-0.540936
245.18,525.0,-0.541636,-0.556392
247.45,525.0,-0.556026,-0.570431
249.73,525.0,-0.567643,-0.582089
252.0,525.0,-0.576152,-0.590456
254.1,525.0,-0.582212,-0.596365
256.38,525.0,-0.585955,-0.600163
258.65,525.0,-0.588188,-0.602249
260.93,525.0,-0.590126,-0.604076
263.03,525.0,-0.592643,-0.60671
265.3,525.0,-0.596784,-0.610739
267.58,525.0,-0.60211,-0.61601
269.85,525.0,-0.609073,-0.622843
271.95,525.0,-0.616229,-0.629926
274.23,525.0,-0.622794,-0.636516
276.5,525.0,-0.626528,-0.640182
278.78,525.0,-0.626851,-0.64048
280.88,525.0,-0.624621,-0.63821
283.15,525.0,-0.622751,-0.636408
285.25,525.0,-0.624162,-0.637843
287.53,525.0,-0.629855,-0.643466
289.8,525.0,-0.639501,-0.653022
291.9,525.0,-0.65211,-0.665339
294.18,525.0,-0.668401,-0.681466
296.45,525.0,-0.689821,-0.702563
298.73,525.0,-0.715206,-0.727624
300.83,525.0,-0.742763,-0.754796
302.93,525.0,-0.773475,-0.785074
305.38,525.0,-0.802603,-0.813912
307.65,525.0,-0.830243,-0.841038
309.75,525.0,-0.856857,-0.867365
312.03,525.0,-0.881743,-0.892023
314.3,525.0,-0.903154,-0.91304
316.4,525.0,-0.920203,-0.929935
318.68,525.0,-0.934713,-0.944399
320.78,525.0,-0.947633,-0.957119
323.23,525.0,-0.960859,-0.970181
325.33,525.0,-0.974762,-0.983875
327.6,525.0,-0.990116,-0.999063
329.7,525.0,-1.006617,-1.015295
331.8,525.0,-1.023302,-1.031814
334.25,525.0,-1.040785,-1.049041
336.35,525.0,-1.057544,-1.06564
338.63,525.0,-1.072704,-1.080393
340.73,525.0,-1.085252,-1.093003
343.0,525.0,-1.094035,-1.101644
345.1,525.0,-1.099238,-1.10673
347.38,525.0,-1.101607,-1.109063
349.65,525.0,-1.103237,-1.110683
351.93,525.0,-1.105646,-1.112981
354.03,525.0,-1.11015,-1.117424
356.13,525.0,-1.116925,-1.12414
358.4,525.0,-1.126302,-1.133446
360.5,525.0,-1.138924,-1.145831
362.95,525.0,-1.153181,-1.159919
365.23,525.0,-1.168945,-1.17552
367.33,525.0,-1.185187,-1.191542
369.6,525.0,-1.200976,-1.207254
371.88,525.0,-1.215698,-1.221696
373.98,525.0,-1.229528,-1.235341
376.25,525.0,-1.242448,-1.247987
378.53,525.0,-1.253868,-1.259241
380.8,525.0,-1.264229,-1.269719
382.9,525.0,-1.272584,-1.27791
385.0,525.0,-1.279728,-1.284894
387.28,525.0,-1.285803,-1.290766
389.2,525.0,-1.290643,-1.29564
391.65,525.0,-1.294136,-1.299028
393.93,525.0,-1.296998,-1.301893
396.2,525.0,-1.298696,-1.303508
398.48,525.0,-1.299142,-1.304152
400.58,525.0,-1.298566,-1.303391
402.85,525.0,-1.297485,-1.302359
405.13,525.0,-1.295677,-1.300618
407.23,525.0,-1.294004,-1.299025
409.5,525.0,-1.292922,-1.297778
411.78,525.0,-1.29312,-1.298067
414.05,525.0,-1.295159,-1.300119
416.15,525.0,-1.298945,-1.303825
418.43,525.0,-1.303948,-1.308717
420.53,525.0,-1.3097,-1.314364
422.8,525.0,-1.315834,-1.320479
425.08,525.0,-1.321348,-1.325868
426.83,525.0,-1.32612,-1.330593
429.45,525.0,-1.328825,-1.333384
431.73,525.0,-1.328797,-1.333258
434.0,525.0,-1.324407,-1.328853
436.1,525.0,-1.315073,-1.319651
438.38,525.0,-1.302103,-1.306934
440.48,525.0,-1.289327,-1.294426
442.75,525.0,-1.278797,-1.284127
445.03,525.0,-1.272211,-1.27746
447.13,525.0,-1.269386,-1.274691
449.4,525.0,-1.269937,-1.275211
451.5,525.0,-1.272399,-1.277682
453.78,525.0,-1.275467,-1.280624
455.88,525.0,-1.278166,-1.283394
458.15,525.0,-1.2793,-1.284592
460.43,525.0,-1.279432,-1.284645
462.53,525.0,-1.277701,-1.282898
464.63,525.0,-1.273431,-1.278665
467.08,525.0,-1.267158,-1.272439
469.35,525.0,-1.259851,-1.265193
471.45,525.0,-1.251576,-1.257094
473.73,525.0,-1.24181,-1.247562
476.0,525.0,-1.23206,-1.237876
478.1,525.0,-1.22299,-1.228933
480.38,525.0,-1.214605,-1.22051
482.65,525.0,-1.205948,-1.212017
484.93,525.0,-1.196247,-1.202445
487.2,525.0,-1.183452,-1.189913
489.3,525.0,-1.164155,-1.170831
491.58,525.0,-1.139032,-1.146062
493.85,525.0,-1.111201,-1.118591
496.13,525.0,-1.083043,-1.090865
498.4,525.0,-1.054134,-1.062168
500.5,525.0,-1.027205,-1.035662
503.3,525.0,-0.998847,-1.007476
505.4,525.0,-0.981074,-0.990196
507.68,525.0,-0.966493,-0.975933
509.78,525.0,-0.953308,-0.96271
512.23,525.0,-0.938518,-0.948092
514.5,525.0,-0.926179,-0.935874
516.78,525.0,-0.916081,-0.92601
518.88,525.0,-0.908702,-0.918699
521.5,525.0,-0.902526,-0.912532
523.6,525.0,-0.895363,-0.905498
525.88,525.0,-0.885831,-0.896176
528.15,525.0,-0.875076,-0.885535
530.43,525.0,-0.865157,-0.8756
532.53,525.0,-0.858881,-0.869676
534.8,525.0,-0.855052,-0.865745
537.08,525.0,-0.853869,-0.86455
539.18,525.0,-0.853823,-0.864482
541.63,525.0,-0.854516,-0.86528
543.73,525.0,-0.854956,-0.865616
546.0,525.0,-0.85528,-0.865988
548.28,525.0,-0.855206,-0.865887
550.38,525.0,-0.854112,-0.86475
552.65,525.0,-0.851349,-0.862033
554.93,525.0,-0.847387,-0.857991
557.03,525.0,-0.841802,-0.852575
559.3,525.0,-0.834075,-0.845043
561.4,525.0,-0.824266,-0.835357
563.85,525.0,-0.811038,-0.82227
565.95,525.0,-0.794282,-0.80576
568.23,525.0,-0.771703,-0.783345
570.5,525.0,-0.748182,-0.760314
572.78,525.0,-0.724159,-0.736531
575.05,525.0,-0.702612,-0.715114
577.15,525.0,-0.686583,-0.699316
579.43,525.0,-0.676787,-0.689572
581.7,525.0,-0.673607,-0.686571
583.8,525.0,-0.675037,-0.688043
586.08,525.0,-0.680637,-0.693271
588.35,525.0,-0.6891,-0.701719
590.28,525.0,-0.699547,-0.712184
592.73,525.0,-0.71048,-0.722979
594.83,525.0,-0.721753,-0.734131
597.1,525.0,-0.732273,-0.744531
599.38,525.0,-0.741053,-0.753111
601.48,525.0,-0.749008,-0.760939
603.75,525.0,-0.755794,-0.767683
606.03,525.0,-0.762335,-0.774088
608.13,525.0,-0.766084,-0.777883
610.23,525.0,-0.766602,-0.778401
612.68,525.0,-0.764571,-0.776297
614.6,525.0,-0.760357,-0.772199
617.05,525.0,-0.756389,-0.768324
619.33,525.0,-0.755117,-0.767039
621.6,525.0,-0.758351,-0.770212
623.88,525.0,-0.765452,-0.777168
625.98,525.0,-0.775465,-0.787144
628.25,525.0,-0.787027,-0.798552
630.53,525.0,-0.801075,-0.812375
632.63,525.0,-0.816814,-0.827914
634.9,525.0,-0.833761,-0.844744
637.18,525.0,-0.849772,-0.860502
639.28,525.0,-0.863305,-0.873847
641.55,525.0,-0.877563,-0.887874
643.83,525.0,-0.896919,-0.907094
646.1,525.0,-0.921946,-0.931718
648.38,525.0,-0.954469,-0.963844
650.48,525.0,-0.993653,-1.002448
652.75,525.0,-1.034824,-1.043145
655.03,525.0,-1.079756,-1.087418
657.3,525.0,-1.125973,-1.132978
659.58,525.0,-1.17539,-1.181807
661.68,525.0,-1.228927,-1.234549
663.95,525.0,-1.284469,-1.289484
666.23,525.0,-1.342346,-1.346622
668.5,525.0,-1.403449,-1.407004
670.78,525.0,-1.472562,-1.474854
673.05,525.0,-1.537059,-1.538686
675.15,525.0,-1.602753,-1.603501
677.43,525.0,-1.670075,-1.669946
679.53,525.0,-1.738461,-1.737349
681.8,525.0,-1.804638,-1.802848
684.08,525.0,-1.870762,-1.867955
686.35,525.0,-1.935411,-1.9316
688.8,525.0,-2.004111,-1.9992
691.08,525.0,-2.060352,-2.054893
693.35,525.0,-2.111384,-2.105213
695.45,525.0,-2.15489,-2.148479
697.9,525.0,-2.19639,-2.188679
700.18,525.0,-2.221156,-2.213938
702.45,525.0,-2.239495,-2.231763
704.55,525.0,-2.248164,-2.240527
706.83,525.0,-2.248007,-2.240318
709.1,525.0,-2.239061,-2.231424
711.2,525.0,-2.222034,-2.214628
11.73,560.0,-0.342554,-0.359828
13.83,560.0,-0.333571,-0.350844
16.1,560.0,-0.322409,-0.340043
18.38,560.0,-0.310388,-0.328032
20.48,560.0,-0.29858,-0.316448
22.75,560.0,-0.287144,-0.30512
25.03,560.0,-0.277052,-0.295256
27.13,560.0,-0.268081,-0.286288
29.4,560.0,-0.260604,-0.279024
31.5,560.0,-0.254347,-0.272816
33.78,560.0,-0.249135,-0.267594
36.05,560.0,-0.242382,-0.260851
38.33,560.0,-0.234655,-0.25326
40.6,560.0,-0.226109,-0.244819
42.7,560.0,-0.215694,-0.234631
44.98,560.0,-0.204692,-0.223623
47.08,560.0,-0.194834,-0.213925
49.35,560.0,-0.18724,-0.206507
51.63,560.0,-0.180121,-0.199526
53.73,560.0,-0.172724,-0.192215
55.83,560.0,-0.163343,-0.182955
58.28,560.0,-0.152813,-0.172456
60.55,560.0,-0.14167,-0.161328
62.65,560.0,-0.130752,-0.150644
64.93,560.0,-0.121174,-0.141205
67.03,560.0,-0.112499,-0.132708
69.3,560.0,-0.104495,-0.124766
71.58,560.0,-0.096113,-0.11659
73.85,560.0,-0.087505,-0.108112
75.95,560.0,-0.081538,-0.102185
78.23,560.0,-0.077265,-0.09798
80.5,560.0,-0.07416,-0.094847
82.78,560.0,-0.070296,-0.090946
84.88,560.0,-0.065108,-0.085869
87.15,560.0,-0.0598,-0.080688
89.43,560.0,-0.053423,-0.074381
91.7,560.0,-0.046529,-0.067613
93.8,560.0,-0.04163,-0.062798
96.08,560.0,-0.039076,-0.060222
98.35,560.0,-0.039243,-0.060401
100.63,560.0,-0.042105,-0.063257
102.73,560.0,-0.047083,-0.068242
105.0,560.0,-0.05359,-0.074526
107.1,560.0,-0.06001,-0.080876
109.38,560.0,-0.064175,-0.084899
111.65,560.0,-0.067641,-0.088374
113.75,560.0,-0.073275,-0.09399
116.03,560.0,-0.083368,-0.103851
118.3,560.0,-0.096769,-0.117243
120.4,560.0,-0.112943,-0.13294
122.68,560.0,-0.129578,-0.14952
124.78,560.0,-0.145798,-0.165524
127.05,560.0,-0.161923,-0.181411
129.33,560.0,-0.1787,-0.198106
131.6,560.0,-0.195389,-0.214353
133.88,560.0,-0.212872,-0.231682
136.15,560.0,-0.231193,-0.249803
138.25,560.0,-0.250934,-0.269276
140.53,560.0,-0.267804,-0.285909
142.8,560.0,-0.281162,-0.29911
144.9,560.0,-0.293506,-0.311306
147.18,560.0,-0.309421,-0.327018
149.45,560.0,-0.329603,-0.34708
151.55,560.0,-0.354116,-0.371229
153.83,560.0,-0.380767,-0.397536
156.1,560.0,-0.406698,-0.423044
158.2,560.0,-0.427585,-0.443592
160.48,560.0,-0.444174,-0.460123
162.75,560.0,-0.459017,-0.47471
165.03,560.0,-0.47395,-0.489535
167.3,560.0,-0.490598,-0.505964
169.4,560.0,-0.507452,-0.522406
171.68,560.0,-0.523201,-0.538007
173.95,560.0,-0.53792,-0.552689
176.05,560.0,-0.551818,-0.566288
178.33,560.0,-0.563225,-0.577625
180.6,560.0,-0.572387,-0.586771
182.7,560.0,-0.577655,-0.591879
184.98,560.0,-0.57801,-0.592304
187.25,560.0,-0.573071,-0.587424
189.35,560.0,-0.565801,-0.580296
191.63,560.0,-0.559288,-0.573783
193.9,560.0,-0.5552,-0.569609
196.0,560.0,-0.554532,-0.569196
198.28,560.0,-0.557304,-0.571781
200.55,560.0,-0.562021,-0.576509
202.65,560.0,-0.567776,-0.582067
204.93,560.0,-0.571349,-0.585699
207.2,560.0,-0.569467,-0.583817
209.3,560.0,-0.560311,-0.574676
211.58,560.0,-0.545573,-0.560222
213.68,560.0,-0.528601,-0.543407
215.95,560.0,-0.512366,-0.527412
218.23,560.0,-0.498959,-0.514221
220.5,560.0,-0.489923,-0.505271
222.6,560.0,-0.485715,-0.501294
224.88,560.0,-0.486186,-0.501599
227.15,560.0,-0.490693,-0.506128
229.25,560.0,-0.497665,-0.512862
231.53,560.0,-0.506821,-0.522052
233.8,560.0,-0.516121,-0.531017
236.08,560.0,-0.524929,-0.539871
238.18,560.0,-0.53406,-0.548866
240.45,560.0,-0.542351,-0.556975
242.55,560.0,-0.549282,-0.563888
244.83,560.0,-0.554513,-0.569088
247.1,560.0,-0.557837,-0.572403
249.38,560.0,-0.559809,-0.574301
251.65,560.0,-0.561017,-0.575508
253.93,560.0,-0.56337,-0.577951
256.2,560.0,-0.567424,-0.581864
258.3,560.0,-0.574233,-0.588466
260.58,560.0,-0.585748,-0.599864
262.85,560.0,-0.603299,-0.617332
265.13,560.0,-0.627954,-0.641463
267.4,560.0,-0.660379,-0.673493
269.5,560.0,-0.7015,-0.714069
271.78,560.0,-0.749334,-0.761327
274.05,560.0,-0.80748,-0.818641
276.15,560.0,-0.870348,-0.880671
278.43,560.0,-0.9417,-0.950954
280.7,560.0,-1.020665,-1.028995
282.8,560.0,-1.11011,-1.117251
285.08,560.0,-1.205412,-1.211333
287.35,560.0,-1.310658,-1.315116
289.45,560.0,-1.425029,-1.427968
291.73,560.0,-1.555085,-1.556271
294.0,560.0,-1.694413,-1.693772
296.1,560.0,-1.830913,-1.828615
298.38,560.0,-1.951554,-1.947543
300.65,560.0,-2.035343,-2.030389
302.75,560.0,-2.083494,-2.077807
305.03,560.0,-2.095947,-2.090192
307.13,560.0,-2.07887,-2.073423
309.4,560.0,-2.039637,-2.034687
311.68,560.0,-1.986316,-1.982241
313.78,560.0,-1.928109,-1.924841
316.05,560.0,-1.871042,-1.868513
318.15,560.0,-1.816797,-1.814983
320.43,560.0,-1.770953,-1.769721
322.7,560.0,-1.73116,-1.730414
324.8,560.0,-1.699336,-1.699148
327.08,560.0,-1.675143,-1.675171
329.35,560.0,-1.656646,-1.656844
331.63,560.0,-1.64376,-1.644068
333.9,560.0,-1.636489,-1.636924
336.0,560.0,-1.633578,-1.633935
338.28,560.0,-1.634949,-1.635467
340.55,560.0,-1.640812,-1.641138
342.65,560.0,-1.650978,-1.651388
344.93,560.0,-1.665959,-1.666018
347.2,560.0,-1.683353,-1.683187
349.48,560.0,-1.703615,-1.703187
351.75,560.0,-1.726465,-1.725701
353.85,560.0,-1.75205,-1.750984
356.13,560.0,-1.776877,-1.775377
358.23,560.0,-1.802635,-1.800768
360.5,560.0,-1.831073,-1.82888
362.78,560.0,-1.862737,-1.860124
364.88,560.0,-1.896203,-1.893131
367.15,560.0,-1.934295,-1.93071
369.25,560.0,-1.976671,-1.972478
371.53,560.0,-2.022592,-2.01773
373.8,560.0,-2.073217,-2.067613
376.08,560.0,-2.129443,-2.123106
378.35,560.0,-2.189939,-2.18277
380.45,560.0,-2.254159,-2.246239
382.73,560.0,-2.324233,-2.315127
385.0,560.0,-2.394668,-2.384698
387.28,560.0,-2.46496,-2.454138
389.55,560.0,-2.534406,-2.52268
391.65,560.0,-2.597893,-2.585348
393.93,560.0,-2.652905,-2.639578
396.2,560.0,-2.697243,-2.683435
398.3,560.0,-2.730924,-2.716423
400.58,560.0,-2.751075,-2.736648
402.85,560.0,-2.760268,-2.745527
404.95,560.0,-2.760061,-2.745505
407.23,560.0,-2.751891,-2.73727
409.5,560.0,-2.737538,-2.723228
411.6,560.0,-2.717911,-2.703835
413.88,560.0,-2.694834,-2.681171
416.15,560.0,-2.669944,-2.656553
418.25,560.0,-2.644587,-2.631565
420.53,560.0,-2.617175,-2.604396
422.8,560.0,-2.590154,-2.577899
424.9,560.0,-2.563361,-2.551383
427.18,560.0,-2.537101,-2.525555
429.45,560.0,-2.511078,-2.499852
431.55,560.0,-2.486254,-2.475512
433.83,560.0,-2.462369,-2.451861
435.93,560.0,-2.440182,-2.429973
438.2,560.0,-2.41724,-2.407188
440.48,560.0,-2.395047,-2.385376
442.58,560.0,-2.373398,-2.364122
444.85,560.0,-2.351304,-2.342262
447.13,560.0,-2.327329,-2.318475
449.4,560.0,-2.303996,-2.295598
451.5,560.0,-2.282083,-2.273999
453.78,560.0,-2.262175,-2.25436
456.05,560.0,-2.243285,-2.235654
458.15,560.0,-2.224415,-2.217099
460.43,560.0,-2.206045,-2.199039
462.7,560.0,-2.187437,-2.180546
464.8,560.0,-2.168528,-2.162052
467.08,560.0,-2.14851,-2.142219
469.35,560.0,-2.125768,-2.119723
471.45,560.0,-2.10213,-2.096375
473.73,560.0,-2.077203,-2.071886
475.83,560.0,-2.050084,-2.045041
478.1,560.0,-2.021008,-2.016566
480.38,560.0,-1.991794,-1.987727
482.65,560.0,-1.962376,-1.958479
484.58,560.0,-1.933713,-1.930251
487.03,560.0,-1.905901,-1.902866
489.3,560.0,-1.878957,-1.87607
491.4,560.0,-1.852533,-1.850106
493.68,560.0,-1.825663,-1.823689
495.95,560.0,-1.798834,-1.797173
498.23,560.0,-1.771942,-1.770716
500.5,560.0,-1.742706,-1.741828
502.6,560.0,-1.71351,-1.713042
504.88,560.0,-1.685784,-1.685679
506.98,560.0,-1.66124,-1.661548
509.25,560.0,-1.638954,-1.639447
511.53,560.0,-1.622337,-1.623027
513.63,560.0,-1.609493,-1.61031
515.9,560.0,-1.59925,-1.600146
518.0,560.0,-1.591357,-1.592417
520.28,560.0,-1.584241,-1.585408
522.55,560.0,-1.576354,-1.577669
524.65,560.0,-1.567654,-1.569053
526.93,560.0,-1.556625,-1.558147
529.2,560.0,-1.543859,-1.54551
531.48,560.0,-1.529198,-1.531061
533.58,560.0,-1.514031,-1.516095
535.5,560.0,-1.498578,-1.500873
538.13,560.0,-1.483052,-1.485609
540.23,560.0,-1.46652,-1.469373
542.5,560.0,-1.447759,-1.450716
544.78,560.0,-1.428381,-1.431622
546.88,560.0,-1.406644,-1.410254
549.15,560.0,-1.382343,-1.386111
551.43,560.0,-1.354928,-1.359284
553.7,560.0,-1.327919,-1.332482
555.8,560.0,-1.305495,-1.310347
558.08,560.0,-1.290193,-1.29527
560.35,560.0,-1.281786,-1.286992
562.63,560.0,-1.2808,-1.285951
564.73,560.0,-1.284028,-1.289127
567.0,560.0,-1.288231,-1.293292
569.1,560.0,-1.290091,-1.295119
571.38,560.0,-1.289851,-1.294848
573.65,560.0,-1.289586,-1.294715
575.75,560.0,-1.29234,-1.297349
578.03,560.0,-1.300131,-1.304999
580.13,560.0,-1.312463,-1.317088
582.4,560.0,-1.328696,-1.333197
584.5,560.0,-1.348289,-1.352451
586.78,560.0,-1.369888,-1.373791
589.05,560.0,-1.39165,-1.395153
591.33,560.0,-1.412294,-1.415646
593.6,560.0,-1.433199,-1.436246
595.7,560.0,-1.4538,-1.456567
597.98,560.0,-1.475174,-1.477571
600.25,560.0,-1.495864,-1.498061
602.35,560.0,-1.51567,-1.51783
604.63,560.0,-1.535883,-1.537654
606.9,560.0,-1.559382,-1.560667
609.0,560.0,-1.584348,-1.58542
611.28,560.0,-1.613652,-1.614311
613.55,560.0,-1.647321,-1.647451
615.83,560.0,-1.686847,-1.686372
617.93,560.0,-1.727269,-1.72644
620.2,560.0,-1.774505,-1.772996
622.3,560.0,-1.823883,-1.821717
624.58,560.0,-1.881289,-1.878307
626.85,560.0,-1.946492,-1.942524
628.95,560.0,-2.020728,-2.015876
631.23,560.0,-2.100688,-2.09465
633.5,560.0,-2.174542,-2.16765
635.95,560.0,-2.236951,-2.228765
638.23,560.0,-2.26444,-2.256501
640.5,560.0,-2.262708,-2.254794
642.6,560.0,-2.232502,-2.225152
645.05,560.0,-2.171738,-2.164708
647.33,560.0,-2.096033,-2.090374
649.43,560.0,-2.010537,-2.006212
651.7,560.0,-1.918944,-1.915916
653.98,560.0,-1.823294,-1.821431
656.08,560.0,-1.730827,-1.730245
658.35,560.0,-1.644573,-1.6451
660.63,560.0,-1.556049,-1.557577
662.9,560.0,-1.467519,-1.470455
665.18,560.0,-1.378997,-1.383009
667.45,560.0,-1.296049,-1.301139
669.73,560.0,-1.222451,-1.2286
671.83,560.0,-1.160366,-1.16706
674.1,560.0,-1.107716,-1.115153
676.2,560.0,-1.06308,-1.071222
678.48,560.0,-1.025963,-1.034528
680.75,560.0,-0.995853,-1.004713
683.03,560.0,-0.968896,-0.978148
685.3,560.0,-0.948539,-0.957997
687.58,560.0,-0.933468,-0.943203
689.68,560.0,-0.923514,-0.933327
691.95,560.0,-0.918533,-0.928379
694.23,560.0,-0.917834,-0.927707
696.5,560.0,-0.921244,-0.931038
698.6,560.0,-0.928681,-0.938336
700.88,560.0,-0.938866,-0.948484
702.98,560.0,-0.951266,-0.960563
705.25,560.0,-0.965049,-0.974315
707.35,560.0,-0.979981,-0.989109
709.63,560.0,-0.995982,-1.004839
11.73,595.0,-0.22704,-0.245808
14.0,595.0,-0.221029,-0.239825
16.45,595.0,-0.214449,-0.233321
18.73,595.0,-0.209455,-0.22822
21.0,595.0,-0.20431,-0.223469
23.28,595.0,-0.200573,-0.219763
25.55,595.0,-0.196251,-0.21537
27.65,595.0,-0.191236,-0.210466
29.93,595.0,-0.186113,-0.205398
32.2,595.0,-0.178229,-0.197724
34.48,595.0,-0.168275,-0.187838
36.75,595.0,-0.157859,-0.177391
38.85,595.0,-0.148898,-0.16858
41.13,595.0,-0.141846,-0.161482
43.4,595.0,-0.13753,-0.157388
45.5,595.0,-0.135238,-0.155111
47.78,595.0,-0.133808,-0.153614
50.05,595.0,-0.132139,-0.152197
52.15,595.0,-0.129387,-0.14932
54.43,595.0,-0.124769,-0.144908
56.7,595.0,-0.118747,-0.138842
58.8,595.0,-0.113041,-0.133115
61.08,595.0,-0.10944,-0.129702
63.35,595.0,-0.107471,-0.127721
65.45,595.0,-0.106131,-0.126464
67.73,595.0,-0.104347,-0.124597
70.0,595.0,-0.101923,-0.122129
72.28,595.0,-0.098312,-0.118737
74.55,595.0,-0.092644,-0.113063
76.83,595.0,-0.085931,-0.106442
79.1,595.0,-0.081378,-0.101914
81.2,595.0,-0.078248,-0.098818
83.48,595.0,-0.077407,-0.097906
85.75,595.0,-0.079015,-0.099594
87.85,595.0,-0.083349,-0.104098
90.13,595.0,-0.089397,-0.109899
92.4,595.0,-0.09497,-0.115358
94.5,595.0,-0.097826,-0.118254
96.78,595.0,-0.100555,-0.120845
98.88,595.0,-0.106941,-0.127154
101.15,595.0,-0.11781,-0.137841
103.43,595.0,-0.131633,-0.151547
105.53,595.0,-0.147259,-0.166941
107.8,595.0,-0.163673,-0.183143
110.08,595.0,-0.180996,-0.200253
112.18,595.0,-0.198053,-0.217178
114.45,595.0,-0.215154,-0.234005
116.55,595.0,-0.231587,-0.250213
118.83,595.0,-0.248747,-0.267194
121.1,595.0,-0.2661,-0.284258
123.38,595.0,-0.281217,-0.299236
125.65,595.0,-0.295814,-0.31362
127.75,595.0,-0.313756,-0.331143
130.03,595.0,-0.334282,-0.351544
132.3,595.0,-0.360398,-0.377283
134.58,595.0,-0.385573,-0.402231
136.85,595.0,-0.411245,-0.427634
138.95,595.0,-0.434051,-0.450228
141.75,595.0,-0.457354,-0.473068
143.85,595.0,-0.472831,-0.488438
146.13,595.0,-0.487033,-0.502492
148.4,595.0,-0.500869,-0.516177
150.68,595.0,-0.517354,-0.532354
152.95,595.0,-0.530672,-0.545558
155.23,595.0,-0.544794,-0.559353
157.33,595.0,-0.557736,-0.572101
159.6,595.0,-0.569587,-0.583962
161.7,595.0,-0.579741,-0.593952
163.98,595.0,-0.588675,-0.602665
166.25,595.0,-0.597338,-0.611411
168.53,595.0,-0.60553,-0.619365
170.63,595.0,-0.613401,-0.627042
172.9,595.0,-0.620499,-0.634116
175.18,595.0,-0.625715,-0.639399
177.28,595.0,-0.629054,-0.642618
179.55,595.0,-0.630406,-0.643989
181.83,595.0,-0.630804,-0.644374
183.93,595.0,-0.632002,-0.645551
186.2,595.0,-0.635157,-0.648743
188.48,595.0,-0.640782,-0.654113
190.75,595.0,-0.648204,-0.661432
192.85,595.0,-0.655009,-0.668321
195.13,595.0,-0.659914,-0.673047
197.4,595.0,-0.663841,-0.676904
199.5,595.0,-0.668872,-0.681947
201.78,595.0,-0.672775,-0.685841
203.88,595.0,-0.672594,-0.68561
206.15,595.0,-0.668949,-0.681882
208.43,595.0,-0.665403,-0.678539
210.7,595.0,-0.664405,-0.677563
212.98,595.0,-0.666734,-0.67987
215.08,595.0,-0.672514,-0.685576
217.35,595.0,-0.682976,-0.695656
219.45,595.0,-0.69715,-0.709867
221.73,595.0,-0.714812,-0.727187
224.0,595.0,-0.737421,-0.749701
226.1,595.0,-0.767785,-0.779399
228.38,595.0,-0.809464,-0.82056
230.65,595.0,-0.863542,-0.873983
232.75,595.0,-0.933108,-0.942556
235.03,595.0,-1.018724,-1.027051
237.3,595.0,-1.121681,-1.128674
239.58,595.0,-1.244897,-1.250147
241.68,595.0,-1.385599,-1.389038
243.95,595.0,-1.535436,-1.536868
246.05,595.0,-1.67022,-1.67006
248.33,595.0,-1.764527,-1.762996
250.6,595.0,-1.811283,-1.809283
252.7,595.0,-1.811012,-1.809006
254.63,595.0,-1.769462,-1.768217
257.25,595.0,-1.694536,-1.69437
259.35,595.0,-1.597438,-1.598664
261.63,595.0,-1.491259,-1.493732
263.9,595.0,-1.386733,-1.390578
266.0,595.0,-1.289019,-1.294232
268.28,595.0,-1.19934,-1.205689
270.55,595.0,-1.122208,-1.129642
272.65,595.0,-1.05653,-1.064802
274.75,595.0,-0.998588,-1.00755
277.03,595.0,-0.944636,-0.954168
279.3,595.0,-0.893345,-0.903518
281.4,595.0,-0.843533,-0.854386
283.68,595.0,-0.798906,-0.810403
285.95,595.0,-0.757976,-0.769981
288.05,595.0,-0.724781,-0.73727
290.33,595.0,-0.696737,-0.709476
292.6,595.0,-0.67211,-0.685132
294.7,595.0,-0.651405,-0.664818
296.98,595.0,-0.635634,-0.649217
299.25,595.0,-0.622018,-0.635708
301.53,595.0,-0.610835,-0.624655
303.63,595.0,-0.601543,-0.615453
305.9,595.0,-0.594094,-0.608028
308.0,595.0,-0.587769,-0.601935
310.28,595.0,-0.58297,-0.597067
312.55,595.0,-0.578866,-0.593013
314.83,595.0,-0.575998,-0.590286
316.93,595.0,-0.574402,-0.588669
319.2,595.0,-0.573826,-0.588081
321.48,595.0,-0.574556,-0.588758
323.58,595.0,-0.576737,-0.591026
325.85,595.0,-0.580872,-0.594981
328.13,595.0,-0.58659,-0.600881
330.4,595.0,-0.594334,-0.60829
332.68,595.0,-0.602554,-0.616411
334.78,595.0,-0.610767,-0.624525
337.05,595.0,-0.618324,-0.631965
339.15,595.0,-0.624914,-0.638475
341.43,595.0,-0.631411,-0.644932
343.7,595.0,-0.636805,-0.6502
345.98,595.0,-0.64052,-0.653968
348.08,595.0,-0.643959,-0.65739
350.35,595.0,-0.647846,-0.661291
352.45,595.0,-0.652261,-0.665539
354.73,595.0,-0.658077,-0.671201
357.0,595.0,-0.663592,-0.676759
359.1,595.0,-0.668989,-0.68211
361.38,595.0,-0.673484,-0.686374
363.65,595.0,-0.676155,-0.688912
365.93,595.0,-0.677119,-0.689876
368.03,595.0,-0.678108,-0.690896
370.3,595.0,-0.682603,-0.695163
372.58,595.0,-0.693336,-0.706007
374.85,595.0,-0.711768,-0.724233
377.13,595.0,-0.735625,-0.747627
379.23,595.0,-0.76251,-0.774285
381.5,595.0,-0.791756,-0.803262
383.6,595.0,-0.822902,-0.834038
385.88,595.0,-0.855819,-0.86642
388.15,595.0,-0.894383,-0.904463
390.43,595.0,-0.933915,-0.943496
392.53,595.0,-0.976826,-0.985689
394.8,595.0,-1.019161,-1.027609
397.08,595.0,-1.064583,-1.072365
399.18,595.0,-1.114047,-1.121296
401.45,595.0,-1.168702,-1.175279
403.73,595.0,-1.227541,-1.233218
405.83,595.0,-1.294035,-1.298665
408.1,595.0,-1.366838,-1.370584
410.38,595.0,-1.446758,-1.449512
412.48,595.0,-1.535063,-1.536634
414.75,595.0,-1.635956,-1.636089
417.03,595.0,-1.745808,-1.744604
419.3,595.0,-1.864561,-1.861708
421.4,595.0,-1.986797,-1.982278
423.68,595.0,-2.111094,-2.104887
425.95,595.0,-2.228593,-2.220814
428.23,595.0,-2.324276,-2.315201
430.5,595.0,-2.399458,-2.389092
432.78,595.0,-2.441476,-2.431038
435.05,595.0,-2.457754,-2.446938
437.15,595.0,-2.449788,-2.439205
439.25,595.0,-2.42236,-2.412283
441.53,595.0,-2.379702,-2.370167
443.8,595.0,-2.330016,-2.321223
446.08,595.0,-2.274147,-2.26607
448.35,595.0,-2.217832,-2.210524
450.63,595.0,-2.163855,-2.157216
452.73,595.0,-2.112786,-2.106979
455.0,595.0,-2.066196,-2.060984
457.28,595.0,-2.020478,-2.015734
459.38,595.0,-1.979058,-1.974801
461.65,595.0,-1.940722,-1.937225
463.93,595.0,-1.903723,-1.900676
466.03,595.0,-1.869711,-1.867053
468.3,595.0,-1.836973,-1.834878
470.4,595.0,-1.805984,-1.804246
472.68,595.0,-1.777506,-1.775996
474.95,595.0,-1.750205,-1.74929
477.05,595.0,-1.72421,-1.723492
479.33,595.0,-1.699906,-1.699555
481.6,595.0,-1.67738,-1.67721
483.88,595.0,-1.656197,-1.656341
485.98,595.0,-1.636548,-1.636964
488.25,595.0,-1.619071,-1.619693
490.35,595.0,-1.603815,-1.60478
492.63,595.0,-1.590618,-1.59177
494.9,595.0,-1.579838,-1.581071
497.18,595.0,-1.571006,-1.572404
499.28,595.0,-1.563868,-1.565365
501.55,595.0,-1.5597,-1.561098
503.83,595.0,-1.55775,-1.559197
505.93,595.0,-1.559425,-1.560913
508.2,595.0,-1.56336,-1.564706
510.48,595.0,-1.569656,-1.57092
512.58,595.0,-1.57714,-1.578344
514.85,595.0,-1.58673,-1.587777
517.13,595.0,-1.59746,-1.598449
519.4,595.0,-1.608991,-1.609798
521.5,595.0,-1.621936,-1.622392
523.6,595.0,-1.636394,-1.636517
526.05,595.0,-1.651289,-1.651455
528.33,595.0,-1.667041,-1.667069
530.6,595.0,-1.683178,-1.682783
532.7,595.0,-1.700168,-1.699702
534.98,595.0,-1.718017,-1.717336
537.08,595.0,-1.738156,-1.737149
539.35,595.0,-1.760158,-1.758923
541.63,595.0,-1.782731,-1.781123
543.9,595.0,-1.807269,-1.805272
546.0,595.0,-1.833883,-1.831723
548.28,595.0,-1.863168,-1.860469
550.55,595.0,-1.892404,-1.889342
552.65,595.0,-1.922715,-1.919274
554.93,595.0,-1.953072,-1.949095
557.2,595.0,-1.980882,-1.976754
559.3,595.0,-2.006751,-2.002173
561.75,595.0,-2.033343,-2.028106
563.85,595.0,-2.059286,-2.054033
566.13,595.0,-2.086898,-2.081396
568.4,595.0,-2.118966,-2.11285
570.68,595.0,-2.15847,-2.151596
572.95,595.0,-2.196587,-2.189523
575.05,595.0,-2.237829,-2.230161
577.33,595.0,-2.28086,-2.272594
579.6,595.0,-2.326889,-2.318044
581.7,595.0,-2.374418,-2.364905
583.98,595.0,-2.424621,-2.414307
586.25,595.0,-2.474378,-2.463358
588.53,595.0,-2.520662,-2.509134
590.63,595.0,-2.558765,-2.546599
592.9,595.0,-2.584689,-2.572357
595.18,595.0,-2.597104,-2.584606
597.45,595.0,-2.591433,-2.578802
599.73,595.0,-2.567563,-2.555545
602.0,595.0,-2.525465,-2.514097
604.1,595.0,-2.468269,-2.457582
606.38,595.0,-2.401066,-2.391427
608.48,595.0,-2.330302,-2.32163
610.75,595.0,-2.257068,-2.24935
613.03,595.0,-2.182579,-2.175857
615.13,595.0,-2.108319,-2.102626
617.4,595.0,-2.030013,-2.025244
619.68,595.0,-1.945882,-1.942271
621.78,595.0,-1.85806,-1.855777
624.05,595.0,-1.766018,-1.76481
626.15,595.0,-1.674527,-1.674567
628.25,595.0,-1.585762,-1.586887
630.7,595.0,-1.505374,-1.507716
632.98,595.0,-1.432466,-1.435778
635.08,595.0,-1.368338,-1.372454
637.35,595.0,-1.311015,-1.315797
639.63,595.0,-1.260341,-1.265865
641.9,595.0,-1.211915,-1.218021
644.18,595.0,-1.166903,-1.173631
646.28,595.0,-1.125138,-1.132538
648.55,595.0,-1.087892,-1.095668
650.65,595.0,-1.051315,-1.059475
652.93,595.0,-1.020877,-1.029506
655.2,595.0,-0.993092,-1.002073
657.48,595.0,-0.965588,-0.974842
659.75,595.0,-0.940656,-0.950317
661.85,595.0,-0.91836,-0.928302
664.13,595.0,-0.896623,-0.906826
666.4,595.0,-0.875788,-0.886293
668.5,595.0,-0.856836,-0.867538
670.78,595.0,-0.840077,-0.850967
672.88,595.0,-0.826297,-0.837449
675.15,595.0,-0.814886,-0.826013
677.43,595.0,-0.805138,-0.816457
679.7,595.0,-0.798148,-0.809648
681.8,595.0,-0.792785,-0.804365
684.08,595.0,-0.78991,-0.801528
686.35,595.0,-0.789294,-0.800887
688.45,595.0,-0.790745,-0.802224
690.73,595.0,-0.794494,-0.805911
693.0,595.0,-0.801367,-0.812738
695.1,595.0,-0.811198,-0.822393
697.38,595.0,-0.824941,-0.836013
699.65,595.0,-0.842674,-0.85341
701.75,595.0,-0.864596,-0.875104
704.03,595.0,-0.890825,-0.901127
706.3,595.0,-0.920049,-0.929771
708.4,595.0,-0.953564,-0.962932
710.68,595.0,-0.991367,-1.000052
11.38,630.0,-0.183821,-0.203195
13.65,630.0,-0.184498,-0.203898
16.1,630.0,-0.185734,-0.20509
18.2,630.0,-0.187077,-0.20626
20.48,630.0,-0.18761,-0.206874
22.75,630.0,-0.186658,-0.205885
25.03,630.0,-0.183596,-0.202976
27.13,630.0,-0.177764,-0.197098
29.4,630.0,-0.168842,-0.188365
31.68,630.0,-0.159572,-0.179252
33.6,630.0,-0.152638,-0.17228
36.05,630.0,-0.149326,-0.168941
38.33,630.0,-0.147758,-0.167394
40.6,630.0,-0.147539,-0.167296
42.7,630.0,-0.147856,-0.167493
44.98,630.0,-0.147718,-0.167487
47.08,630.0,-0.147311,-0.167126
49.35,630.0,-0.146325,-0.166057
51.63,630.0,-0.142782,-0.162604
53.9,630.0,-0.137668,-0.157394
56.0,630.0,-0.132511,-0.152474
58.28,630.0,-0.12798,-0.148001
60.55,630.0,-0.124489,-0.14452
62.83,630.0,-0.122219,-0.142317
65.1,630.0,-0.122077,-0.142105
67.2,630.0,-0.123562,-0.143537
69.48,630.0,-0.125802,-0.145842
71.58,630.0,-0.129985,-0.150007
73.68,630.0,-0.135795,-0.155694
76.13,630.0,-0.142123,-0.16188
78.23,630.0,-0.147933,-0.167582
80.5,630.0,-0.151898,-0.171504
82.78,630.0,-0.157456,-0.176994
85.05,630.0,-0.166322,-0.185826
87.33,630.0,-0.179347,-0.198562
89.43,630.0,-0.194329,-0.21342
91.7,630.0,-0.210737,-0.22964
93.98,630.0,-0.226556,-0.245244
96.25,630.0,-0.24033,-0.258944
98.35,630.0,-0.253173,-0.271581
100.63,630.0,-0.266738,-0.284948
102.9,630.0,-0.28232,-0.300281
105.0,630.0,-0.299384,-0.317123
107.28,630.0,-0.315003,-0.332653
109.55,630.0,-0.330931,-0.348272
111.65,630.0,-0.349806,-0.366876
113.93,630.0,-0.371836,-0.388654
116.2,630.0,-0.396741,-0.4133
118.48,630.0,-0.421886,-0.438121
120.58,630.0,-0.445397,-0.461282
122.85,630.0,-0.467831,-0.483383
125.13,630.0,-0.488654,-0.50394
127.23,630.0,-0.510348,-0.525422
129.5,630.0,-0.532615,-0.547295
131.78,630.0,-0.55536,-0.569827
133.88,630.0,-0.578743,-0.592939
136.15,630.0,-0.603845,-0.617662
138.43,630.0,-0.629337,-0.642803
140.53,630.0,-0.656032,-0.669091
142.8,630.0,-0.684796,-0.697458
145.08,630.0,-0.712782,-0.725329
147.35,630.0,-0.739032,-0.751081
149.45,630.0,-0.763949,-0.775733
151.73,630.0,-0.787307,-0.798733
154.0,630.0,-0.806543,-0.817732
156.28,630.0,-0.823656,-0.834581
158.38,630.0,-0.839565,-0.85028
160.65,630.0,-0.855674,-0.866232
162.93,630.0,-0.869473,-0.879929
165.03,630.0,-0.88325,-0.893447
167.3,630.0,-0.895877,-0.905988
169.58,630.0,-0.907304,-0.917242
171.85,630.0,-0.917375,-0.9271
174.13,630.0,-0.925098,-0.934765
176.23,630.0,-0.929778,-0.939383
178.5,630.0,-0.930908,-0.940449
180.78,630.0,-0.929556,-0.939208
182.88,630.0,-0.925474,-0.935055
185.15,630.0,-0.919707,-0.929482
187.43,630.0,-0.914433,-0.924275
189.53,630.0,-0.911681,-0.921638
191.8,630.0,-0.914556,-0.924473
194.08,630.0,-0.923952,-0.933665
196.35,630.0,-0.940434,-0.949747
198.28,630.0,-0.965874,-0.975015
200.73,630.0,-0.999266,-1.007988
203.0,630.0,-1.040628,-1.048896
205.1,630.0,-1.093942,-1.101435
207.38,630.0,-1.164441,-1.170754
209.48,630.0,-1.260855,-1.265957
211.75,630.0,-1.381798,-1.385224
213.85,630.0,-1.507857,-1.50969
216.13,630.0,-1.613526,-1.614071
218.4,630.0,-1.679139,-1.6788
220.5,630.0,-1.697555,-1.697081
222.78,630.0,-1.67327,-1.673175
225.05,630.0,-1.610063,-1.61083
227.68,630.0,-1.507827,-1.509706
229.78,630.0,-1.410165,-1.413686
232.05,630.0,-1.311268,-1.316055
234.15,630.0,-1.223286,-1.229306
236.78,630.0,-1.132454,-1.139445
239.05,630.0,-1.066272,-1.074232
241.15,630.0,-1.007208,-1.015991
243.43,630.0,-0.95422,-0.963705
245.7,630.0,-0.905163,-0.915304
247.98,630.0,-0.858086,-0.868555
250.25,630.0,-0.817181,-0.828444
252.53,630.0,-0.780958,-0.792597
254.8,630.0,-0.749473,-0.761494
257.08,630.0,-0.727387,-0.739759
259.35,630.0,-0.709652,-0.722168
261.45,630.0,-0.694559,-0.707264
263.73,630.0,-0.682119,-0.694821
265.83,630.0,-0.672729,-0.685733
268.1,630.0,-0.666195,-0.679377
270.2,630.0,-0.66195,-0.675138
272.48,630.0,-0.656784,-0.670061
274.75,630.0,-0.650172,-0.663697
277.03,630.0,-0.643345,-0.656861
279.13,630.0,-0.6365,-0.649914
281.4,630.0,-0.629886,-0.643413
283.68,630.0,-0.624085,-0.63772
285.95,630.0,-0.618447,-0.632092
288.05,630.0,-0.613524,-0.627255
290.33,630.0,-0.610807,-0.624649
292.43,630.0,-0.610117,-0.6239
294.7,630.0,-0.611839,-0.625662
296.98,630.0,-0.61435,-0.628007
299.08,630.0,-0.616402,-0.630175
301.35,630.0,-0.617276,-0.630949
303.45,630.0,-0.615299,-0.628983
305.73,630.0,-0.609686,-0.623518
308.0,630.0,-0.599701,-0.613684
310.28,630.0,-0.586925,-0.601214
312.38,630.0,-0.571722,-0.586106
314.65,630.0,-0.555598,-0.569944
316.75,630.0,-0.53996,-0.55479
319.03,630.0,-0.52589,-0.540739
321.3,630.0,-0.513953,-0.529088
323.58,630.0,-0.505709,-0.520924
325.85,630.0,-0.501275,-0.516537
327.95,630.0,-0.501429,-0.516642
330.23,630.0,-0.504541,-0.519707
332.5,630.0,-0.509193,-0.524418
334.6,630.0,-0.514103,-0.529119
336.88,630.0,-0.519541,-0.534566
339.15,630.0,-0.525117,-0.539951
341.25,630.0,-0.531223,-0.545946
343.53,630.0,-0.536275,-0.550875
345.63,630.0,-0.540792,-0.555542
347.9,630.0,-0.5452,-0.559923
350.18,630.0,-0.549874,-0.564365
352.28,630.0,-0.555231,-0.569741
354.55,630.0,-0.560299,-0.574716
356.83,630.0,-0.565653,-0.579926
359.1,630.0,-0.571956,-0.58626
361.2,630.0,-0.580003,-0.594202
363.48,630.0,-0.590219,-0.604402
365.75,630.0,-0.601432,-0.61532
367.85,630.0,-0.612366,-0.62614
370.13,630.0,-0.624587,-0.638194
372.4,630.0,-0.641836,-0.655277
374.68,630.0,-0.666004,-0.679125
376.95,630.0,-0.701602,-0.714072
379.05,630.0,-0.748968,-0.760822
381.33,630.0,-0.817076,-0.828037
383.6,630.0,-0.915631,-0.925298
385.7,630.0,-1.048561,-1.056435
387.98,630.0,-1.203834,-1.209685
390.08,630.0,-1.358233,-1.362004
392.35,630.0,-1.488742,-1.490815
394.63,630.0,-1.586474,-1.587244
396.9,630.0,-1.639219,-1.639382
399.0,630.0,-1.652746,-1.652789
401.28,630.0,-1.633714,-1.63404
403.38,630.0,-1.59262,-1.593704
405.65,630.0,-1.535171,-1.536939
407.93,630.0,-1.467753,-1.470519
410.2,630.0,-1.392426,-1.396037
412.3,630.0,-1.315144,-1.319811
414.58,630.0,-1.237155,-1.242996
416.85,630.0,-1.161256,-1.168018
418.95,630.0,-1.088637,-1.096336
421.23,630.0,-1.01873,-1.027439
423.5,630.0,-0.951115,-0.960572
425.78,630.0,-0.896808,-0.906996
428.05,630.0,-0.849463,-0.860172
430.33,630.0,-0.815335,-0.826543
432.43,630.0,-0.789651,-0.801053
434.7,630.0,-0.769593,-0.781491
436.8,630.0,-0.753062,-0.765083
439.08,630.0,-0.736836,-0.749066
441.35,630.0,-0.719892,-0.732378
443.63,630.0,-0.702193,-0.714824
445.73,630.0,-0.684257,-0.696962
448.0,630.0,-0.666066,-0.679199
450.1,630.0,-0.65028,-0.663752
452.38,630.0,-0.636041,-0.649562
454.65,630.0,-0.62228,-0.636016
456.75,630.0,-0.611164,-0.625052
459.03,630.0,-0.604683,-0.618515
461.3,630.0,-0.603419,-0.617357
463.4,630.0,-0.606238,-0.620179
465.68,630.0,-0.611605,-0.625326
467.95,630.0,-0.617378,-0.631103
470.05,630.0,-0.622424,-0.636016
472.5,630.0,-0.624572,-0.638145
474.6,630.0,-0.62398,-0.637615
476.88,630.0,-0.623795,-0.637501
479.15,630.0,-0.626645,-0.640222
481.43,630.0,-0.633219,-0.646716
483.53,630.0,-0.641639,-0.655185
485.8,630.0,-0.650939,-0.66422
487.9,630.0,-0.661426,-0.674655
490.18,630.0,-0.673222,-0.68621
492.45,630.0,-0.687153,-0.699781
494.73,630.0,-0.702742,-0.715262
496.83,630.0,-0.719498,-0.731808
499.1,630.0,-0.737116,-0.749205
501.38,630.0,-0.755,-0.766888
503.65,630.0,-0.773216,-0.784883
505.75,630.0,-0.791488,-0.802948
508.2,630.0,-0.809732,-0.821028
510.48,630.0,-0.826121,-0.837101
512.58,630.0,-0.841842,-0.852587
514.85,630.0,-0.857824,-0.868351
516.95,630.0,-0.875887,-0.886287
519.23,630.0,-0.894781,-0.904775
521.5,630.0,-0.915304,-0.925067
523.78,630.0,-0.937603,-0.94711
525.88,630.0,-0.961986,-0.971416
528.15,630.0,-0.989593,-0.998456
530.43,630.0,-1.018493,-1.026992
532.53,630.0,-1.050806,-1.058788
534.8,630.0,-1.086179,-1.093742
536.9,630.0,-1.122972,-1.129996
539.18,630.0,-1.162753,-1.169269
541.45,630.0,-1.205498,-1.211324
543.73,630.0,-1.25015,-1.255418
545.83,630.0,-1.298308,-1.302987
548.1,630.0,-1.34625,-1.350301
550.38,630.0,-1.397811,-1.401286
552.65,630.0,-1.450793,-1.453508
554.75,630.0,-1.505202,-1.507254
557.03,630.0,-1.560941,-1.562183
559.13,630.0,-1.614465,-1.614934
561.4,630.0,-1.666477,-1.66628
563.68,630.0,-1.715177,-1.714388
565.95,630.0,-1.762765,-1.761409
568.05,630.0,-1.806264,-1.804228
570.33,630.0,-1.850959,-1.848307
572.6,630.0,-1.893498,-1.890365
574.35,630.0,-1.935568,-1.931825
576.98,630.0,-1.978343,-1.973981
579.25,630.0,-2.022928,-2.018032
581.35,630.0,-2.07164,-2.065999
583.63,630.0,-2.122816,-2.116479
585.9,630.0,-2.17936,-2.17229
588.0,630.0,-2.237591,-2.229757
590.28,630.0,-2.295475,-2.286849
592.55,630.0,-2.354264,-2.344828
594.65,630.0,-2.405576,-2.395644
596.93,630.0,-2.449865,-2.439215
599.2,630.0,-2.482135,-2.471005
601.3,630.0,-2.501266,-2.489917
603.58,630.0,-2.507415,-2.496008
605.85,630.0,-2.500918,-2.489575
607.95,630.0,-2.484384,-2.473392
610.4,630.0,-2.457305,-2.446528
612.5,630.0,-2.419926,-2.409973
614.78,630.0,-2.375595,-2.366236
617.05,630.0,-2.323793,-2.31505
619.15,630.0,-2.265034,-2.257154
621.43,630.0,-2.199896,-2.192906
623.53,630.0,-2.131501,-2.125481
625.8,630.0,-2.058571,-2.053568
628.08,630.0,-1.981782,-1.977706
630.18,630.0,-1.904893,-1.901871
632.45,630.0,-1.82384,-1.821914
634.73,630.0,-1.741348,-1.740405
636.83,630.0,-1.66173,-1.661942
639.1,630.0,-1.586502,-1.587725
641.38,630.0,-1.515553,-1.51774
643.48,630.0,-1.453058,-1.455938
645.75,630.0,-1.39588,-1.399598
648.03,630.0,-1.34271,-1.346992
650.13,630.0,-1.295661,-1.300652
652.4,630.0,-1.253856,-1.259364
654.68,630.0,-1.215449,-1.221441
656.95,630.0,-1.183425,-1.189845
659.05,630.0,-1.153554,-1.160356
661.33,630.0,-1.128653,-1.135809
663.6,630.0,-1.107177,-1.114673
665.7,630.0,-1.087827,-1.09543
667.98,630.0,-1.069713,-1.077756
670.25,630.0,-1.053428,-1.061506
672.53,630.0,-1.039226,-1.047535
674.63,630.0,-1.028145,-1.036629
676.9,630.0,-1.019479,-1.027895
679.18,630.0,-1.014007,-1.022421
681.45,630.0,-1.011943,-1.020585
683.73,630.0,-1.013296,-1.021878
685.83,630.0,-1.017797,-1.026518
688.1,630.0,-1.025862,-1.034278
690.2,630.0,-1.0391,-1.04747
692.48,630.0,-1.059026,-1.066949
694.75,630.0,-1.086546,-1.094112
697.03,630.0,-1.122729,-1.129907
699.13,630.0,-1.169207,-1.175745
701.4,630.0,-1.228502,-1.234075
703.68,630.0,-1.305193,-1.309648
705.78,630.0,-1.399959,-1.403421
708.05,630.0,-1.51526,-1.516982
710.33,630.0,-1.646791,-1.646822
11.38,665.0,-0.195875,-0.215154
13.65,665.0,-0.197382,-0.21647
15.93,665.0,-0.197219,-0.21627
18.2,665.0,-0.194329,-0.213491
20.3,665.0,-0.188713,-0.207801
22.58,665.0,-0.182243,-0.201418
24.85,665.0,-0.176689,-0.196023
27.13,665.0,-0.172822,-0.19228
29.23,665.0,-0.16874,-0.188315
31.5,665.0,-0.164132,-0.183685
33.78,665.0,-0.160765,-0.180241
35.88,665.0,-0.158069,-0.177705
38.15,665.0,-0.156313,-0.175999
40.25,665.0,-0.155151,-0.174714
42.53,665.0,-0.153562,-0.17313
44.63,665.0,-0.152216,-0.171846
46.9,665.0,-0.152604,-0.172172
49.18,665.0,-0.154964,-0.174532
51.45,665.0,-0.158017,-0.17753
53.55,665.0,-0.162256,-0.181769
55.83,665.0,-0.167256,-0.186864
58.1,665.0,-0.173891,-0.193334
60.2,665.0,-0.180543,-0.199896
62.48,665.0,-0.188149,-0.207305
64.75,665.0,-0.194717,-0.213777
66.85,665.0,-0.19932,-0.218266
69.13,665.0,-0.202265,-0.22127
71.4,665.0,-0.208158,-0.227138
73.5,665.0,-0.217829,-0.236547
75.78,665.0,-0.229849,-0.248645
78.05,665.0,-0.243284,-0.261803
80.15,665.0,-0.257622,-0.275912
82.43,665.0,-0.272228,-0.290271
84.7,665.0,-0.286233,-0.304045
86.98,665.0,-0.300986,-0.318676
89.08,665.0,-0.316685,-0.33423
91.35,665.0,-0.332924,-0.350382
93.45,665.0,-0.349135,-0.366353
95.73,665.0,-0.366399,-0.383287
97.83,665.0,-0.386858,-0.403494
100.1,665.0,-0.410696,-0.42708
102.2,665.0,-0.435659,-0.451648
104.48,665.0,-0.461063,-0.476741
106.75,665.0,-0.486433,-0.501848
109.03,665.0,-0.509966,-0.524871
110.95,665.0,-0.531904,-0.546528
113.4,665.0,-0.553441,-0.567982
115.68,665.0,-0.576127,-0.590249
117.78,665.0,-0.600422,-0.614183
120.05,665.0,-0.626272,-0.639679
122.33,665.0,-0.654023,-0.667187
124.43,665.0,-0.684122,-0.696676
126.7,665.0,-0.713339,-0.725693
128.8,665.0,-0.739787,-0.751774
131.08,665.0,-0.763814,-0.775557
133.35,665.0,-0.784867,-0.796284
135.45,665.0,-0.804932,-0.816152
137.73,665.0,-0.825933,-0.83687
140.0,665.0,-0.849682,-0.860209
142.28,665.0,-0.875902,-0.88629
144.38,665.0,-0.903659,-0.913582
146.65,665.0,-0.931691,-0.941192
148.93,665.0,-0.959969,-0.969377
151.03,665.0,-0.987981,-0.996715
153.3,665.0,-1.013508,-1.022023
155.58,665.0,-1.038006,-1.046161
157.68,665.0,-1.060668,-1.068659
159.95,665.0,-1.080421,-1.087975
162.23,665.0,-1.096983,-1.104448
164.33,665.0,-1.109737,-1.117042
166.6,665.0,-1.117864,-1.125125
168.88,665.0,-1.123388,-1.130458
171.15,665.0,-1.127806,-1.134796
173.25,665.0,-1.134559,-1.141469
175.53,665.0,-1.146247,-1.153027
177.8,665.0,-1.166318,-1.172799
179.9,665.0,-1.19576,-1.201869
182.18,665.0,-1.234922,-1.240483
184.45,665.0,-1.287648,-1.292534
186.55,665.0,-1.351782,-1.355858
188.83,665.0,-1.438295,-1.441098
191.1,665.0,-1.549555,-1.55091
193.2,665.0,-1.669838,-1.669576
195.48,665.0,-1.771147,-1.769404
197.75,665.0,-1.833334,-1.830987
200.03,665.0,-1.849961,-1.847524
202.13,665.0,-1.82176,-1.819693
204.4,665.0,-1.75778,-1.756705
206.68,665.0,-1.667715,-1.667817
208.95,665.0,-1.567669,-1.569068
211.05,665.0,-1.46803,-1.470769
213.33,665.0,-1.369321,-1.373403
215.43,665.0,-1.279333,-1.28458
217.7,665.0,-1.200406,-1.20669
219.98,665.0,-1.128292,-1.135319
222.08,665.0,-1.0669,-1.074845
224.35,665.0,-1.014972,-1.023594
226.63,665.0,-0.97268,-0.981811
228.73,665.0,-0.937107,-0.946755
231.0,665.0,-0.907372,-0.917492
233.28,665.0,-0.878921,-0.889343
235.38,665.0,-0.851065,-0.861863
237.65,665.0,-0.825699,-0.836882
239.93,665.0,-0.802005,-0.813475
242.2,665.0,-0.780064,-0.791577
244.3,665.0,-0.76183,-0.773672
246.58,665.0,-0.747514,-0.759513
248.85,665.0,-0.736709,-0.748887
250.95,665.0,-0.727843,-0.740286
253.23,665.0,-0.719673,-0.732085
255.33,665.0,-0.709538,-0.722246
257.6,665.0,-0.698043,-0.710825
259.7,665.0,-0.687138,-0.699861
261.98,665.0,-0.67743,-0.690218
264.25,665.0,-0.67114,-0.68414
266.53,665.0,-0.667806,-0.68077
268.8,665.0,-0.666343,-0.679436
270.9,665.0,-0.665841,-0.67878
273.18,665.0,-0.664374,-0.67747
275.45,665.0,-0.661722,-0.674892
277.55,665.0,-0.657326,-0.670419
279.83,665.0,-0.651848,-0.665262
282.1,665.0,-0.648278,-0.661389
284.2,665.0,-0.647477,-0.660878
286.48,665.0,-0.650252,-0.663629
288.58,665.0,-0.655681,-0.668928
290.85,665.0,-0.66089,-0.674057
293.13,665.0,-0.664726,-0.677671
295.23,665.0,-0.667507,-0.680585
297.5,665.0,-0.669128,-0.682165
299.78,665.0,-0.669695,-0.682939
301.88,665.0,-0.669796,-0.68276
304.15,665.0,-0.670366,-0.683342
306.43,665.0,-0.671272,-0.684267
308.7,665.0,-0.672144,-0.685068
310.8,665.0,-0.672039,-0.685163
313.08,665.0,-0.671596,-0.684602
315.35,665.0,-0.670345,-0.683259
317.45,665.0,-0.66829,-0.681361
319.73,665.0,-0.666805,-0.67991
321.83,665.0,-0.667132,-0.680108
324.1,665.0,-0.669827,-0.682963
326.38,665.0,-0.674174,-0.687313
328.48,665.0,-0.678875,-0.691719
330.75,665.0,-0.683915,-0.696491
332.85,665.0,-0.687911,-0.700486
335.13,665.0,-0.690098,-0.702698
337.4,665.0,-0.691568,-0.704433
339.68,665.0,-0.692695,-0.705443
341.95,665.0,-0.693869,-0.706632
344.05,665.0,-0.695003,-0.707748
346.33,665.0,-0.696559,-0.709377
348.43,665.0,-0.699134,-0.711873
350.7,665.0,-0.703342,-0.715955
352.98,665.0,-0.710995,-0.723579
355.25,665.0,-0.723339,-0.735653
357.53,665.0,-0.742082,-0.754051
359.63,665.0,-0.769313,-0.781084
361.9,665.0,-0.813151,-0.824223
364.18,665.0,-0.889322,-0.899248
366.28,665.0,-1.000652,-1.009121
368.55,665.0,-1.132005,-1.138804
370.65,665.0,-1.25771,-1.262864
372.93,665.0,-1.355088,-1.359053
375.2,665.0,-1.412811,-1.415935
377.3,665.0,-1.425048,-1.428317
379.58,665.0,-1.399555,-1.40323
381.85,665.0,-1.341496,-1.345868
383.95,665.0,-1.262121,-1.267516
386.23,665.0,-1.17048,-1.177063
388.5,665.0,-1.074959,-1.082917
390.78,665.0,-0.981524,-0.990748
393.05,665.0,-0.893644,-0.9039
395.5,665.0,-0.795637,-0.807057
397.78,665.0,-0.716312,-0.728971
400.05,665.0,-0.642397,-0.655989
402.33,665.0,-0.577314,-0.591867
404.78,665.0,-0.517474,-0.532514
407.05,665.0,-0.468792,-0.484556
409.15,665.0,-0.428451,-0.444741
411.43,665.0,-0.392092,-0.408796
414.05,665.0,-0.352326,-0.369476
416.33,665.0,-0.319307,-0.337006
418.43,665.0,-0.28602,-0.304033
420.7,665.0,-0.255989,-0.274532
422.98,665.0,-0.234202,-0.252986
425.6,665.0,-0.224353,-0.243204
427.88,665.0,-0.21817,-0.237135
430.33,665.0,-0.213349,-0.232092
432.6,665.0,-0.208891,-0.227838
434.88,665.0,-0.204437,-0.223528
437.15,665.0,-0.200558,-0.219658
439.25,665.0,-0.197675,-0.216766
441.53,665.0,-0.197782,-0.216951
443.8,665.0,-0.201532,-0.220521
446.08,665.0,-0.208571,-0.227493
448.18,665.0,-0.216362,-0.235268
450.45,665.0,-0.223309,-0.242092
452.73,665.0,-0.228174,-0.246849
454.83,665.0,-0.230922,-0.24968
457.1,665.0,-0.23183,-0.250536
459.2,665.0,-0.232311,-0.251091
461.48,665.0,-0.234917,-0.253546
463.58,665.0,-0.240299,-0.258851
465.85,665.0,-0.249563,-0.268103
467.95,665.0,-0.261482,-0.279809
470.23,665.0,-0.274381,-0.292542
472.5,665.0,-0.284822,-0.302816
474.78,665.0,-0.292548,-0.310336
476.88,665.0,-0.297905,-0.315687
479.15,665.0,-0.301362,-0.319107
481.43,665.0,-0.306171,-0.323907
483.7,665.0,-0.315539,-0.333161
485.8,665.0,-0.327477,-0.344926
488.08,665.0,-0.341525,-0.358725
490.35,665.0,-0.356655,-0.3737
492.63,665.0,-0.372123,-0.388965
494.73,665.0,-0.387443,-0.404054
497.0,665.0,-0.402816,-0.419248
499.1,665.0,-0.418343,-0.434572
501.38,665.0,-0.433528,-0.449593
503.65,665.0,-0.450493,-0.466343
505.75,665.0,-0.46959,-0.485194
508.03,665.0,-0.491198,-0.506485
510.3,665.0,-0.515607,-0.530564
512.4,665.0,-0.540598,-0.55533
514.68,665.0,-0.56732,-0.581626
516.95,665.0,-0.595554,-0.60955
519.23,665.0,-0.622055,-0.635647
521.5,665.0,-0.647551,-0.660822
523.6,665.0,-0.67244,-0.685302
525.88,665.0,-0.697323,-0.709873
527.98,665.0,-0.72081,-0.733108
530.25,665.0,-0.745474,-0.757498
532.53,665.0,-0.771364,-0.783013
534.63,665.0,-0.799254,-0.810597
537.08,665.0,-0.831176,-0.842017
539.35,665.0,-0.864353,-0.874781
541.45,665.0,-0.902202,-0.912116
543.73,665.0,-0.941943,-0.951299
546.18,665.0,-0.990588,-0.999149
548.28,665.0,-1.036047,-1.044278
550.55,665.0,-1.084771,-1.092294
552.65,665.0,-1.131068,-1.137923
554.93,665.0,-1.177479,-1.183825
557.2,665.0,-1.22141,-1.22706
559.48,665.0,-1.26498,-1.270033
561.58,665.0,-1.305763,-1.310405
563.85,665.0,-1.345421,-1.349552
565.95,665.0,-1.382799,-1.386444
568.23,665.0,-1.417682,-1.420895
570.5,665.0,-1.45327,-1.455938
572.6,665.0,-1.488572,-1.490763
574.88,665.0,-1.5266,-1.52832
577.15,665.0,-1.566533,-1.567722
579.43,665.0,-1.606138,-1.606927
581.7,665.0,-1.648455,-1.648467
583.98,665.0,-1.685969,-1.685581
586.08,665.0,-1.716951,-1.716283
588.35,665.0,-1.743775,-1.742531
590.63,665.0,-1.76624,-1.764746
592.9,665.0,-1.785149,-1.783439
595.0,665.0,-1.804166,-1.802127
597.28,665.0,-1.824983,-1.822724
599.38,665.0,-1.847379,-1.844906
601.65,665.0,-1.871501,-1.868615
603.93,665.0,-1.896313,-1.893045
606.2,665.0,-1.92262,-1.919182
608.3,665.0,-1.950032,-1.946027
610.58,665.0,-1.977345,-1.973039
612.85,665.0,-2.006113,-2.001492
614.95,665.0,-2.035765,-2.030722
617.23,665.0,-2.065565,-2.060099
619.5,665.0,-2.094779,-2.089077
621.6,665.0,-2.126963,-2.120614
623.88,665.0,-2.16277,-2.156045
625.98,665.0,-2.201375,-2.194104
628.25,665.0,-2.244449,-2.236618
630.53,665.0,-2.289218,-2.280691
632.63,665.0,-2.3363,-2.327142
634.9,665.0,-2.378586,-2.368848
637.18,665.0,-2.415013,-2.404791
639.45,665.0,-2.439107,-2.428611
641.55,665.0,-2.448876,-2.438284
643.65,665.0,-2.444932,-2.434458
646.1,665.0,-2.428312,-2.417868
648.38,665.0,-2.401245,-2.391282
650.48,665.0,-2.36679,-2.357486
652.75,665.0,-2.327098,-2.318297
654.85,665.0,-2.282197,-2.274073
657.13,665.0,-2.235004,-2.227545
659.4,665.0,-2.184628,-2.177665
661.33,665.0,-2.133051,-2.126849
663.95,665.0,-2.082456,-2.076883
666.05,665.0,-2.036427,-2.031495
668.33,665.0,-1.994687,-1.990257
670.6,665.0,-1.959875,-1.955691
672.88,665.0,-1.934286,-1.930824
675.15,665.0,-1.918322,-1.914847
677.25,665.0,-1.913427,-1.910106
679.53,665.0,-1.921261,-1.917838
681.63,665.0,-1.94383,-1.940081
683.9,665.0,-1.980937,-1.976668
686.0,665.0,-2.033981,-2.02887
688.28,665.0,-2.098584,-2.092666
690.38,665.0,-2.169089,-2.162203
692.65,665.0,-2.231347,-2.223716
694.93,665.0,-2.279252,-2.270968
697.2,665.0,-2.304504,-2.2959
699.3,665.0,-2.304618,-2.295986
701.58,665.0,-2.279871,-2.27151
703.85,665.0,-2.235198,-2.227585
705.95,665.0,-2.173503,-2.166824
708.23,665.0,-2.0996,-2.093867
710.5,665.0,-2.01603,-2.011184
11.2,700.0,-0.207943,-0.227043
13.3,700.0,-0.219501,-0.238297
15.75,700.0,-0.229113,-0.247791
17.85,700.0,-0.235198,-0.253753
20.13,700.0,-0.238549,-0.257157
22.4,700.0,-0.239529,-0.258109
24.5,700.0,-0.237884,-0.256461
26.78,700.0,-0.234304,-0.252887
29.05,700.0,-0.231954,-0.250435
31.15,700.0,-0.2324,-0.251091
33.43,700.0,-0.236522,-0.255074
35.7,700.0,-0.242434,-0.261032
37.98,700.0,-0.248281,-0.266756
40.25,700.0,-0.253879,-0.272252
42.53,700.0,-0.259874,-0.278167
44.8,700.0,-0.265228,-0.283364
47.08,700.0,-0.270697,-0.288765
49.18,700.0,-0.277283,-0.295318
51.45,700.0,-0.284113,-0.302148
53.73,700.0,-0.290693,-0.308679
55.83,700.0,-0.29451,-0.312403
58.1,700.0,-0.295204,-0.313022
60.2,700.0,-0.295786,-0.313531
62.48,700.0,-0.300185,-0.317939
64.75,700.0,-0.309566,-0.32724
66.85,700.0,-0.323124,-0.340629
69.13,700.0,-0.338284,-0.355582
71.4,700.0,-0.354378,-0.371519
73.5,700.0,-0.370533,-0.387388
75.78,700.0,-0.38651,-0.403235
77.88,700.0,-0.402372,-0.418814
80.15,700.0,-0.418999,-0.435228
82.43,700.0,-0.436007,-0.452055
84.7,700.0,-0.45203,-0.467914
86.8,700.0,-0.468657,-0.484276
89.08,700.0,-0.48821,-0.503518
91.35,700.0,-0.511174,-0.526195
93.45,700.0,-0.53479,-0.549538
95.73,700.0,-0.558718,-0.573065
97.83,700.0,-0.582788,-0.596913
100.1,700.0,-0.607344,-0.621072
102.38,700.0,-0.63166,-0.644987
104.65,700.0,-0.656633,-0.669843
106.75,700.0,-0.683851,-0.696389
109.03,700.0,-0.713219,-0.725622
111.13,700.0,-0.743986,-0.755862
113.4,700.0,-0.775705,-0.787443
115.68,700.0,-0.806022,-0.817147
117.78,700.0,-0.831996,-0.842831
120.05,700.0,-0.858123,-0.868588
122.33,700.0,-0.885329,-0.895539
124.6,700.0,-0.913437,-0.923188
126.88,700.0,-0.941922,-0.951386
128.98,700.0,-0.972267,-0.981287
131.25,700.0,-1.003635,-1.01222
133.53,700.0,-1.036663,-1.044873
135.63,700.0,-1.073733,-1.081472
137.9,700.0,-1.113496,-1.120634
140.18,700.0,-1.154706,-1.161157
142.28,700.0,-1.196832,-1.202941
144.55,700.0,-1.236247,-1.241934
146.83,700.0,-1.274398,-1.279475
148.93,700.0,-1.309638,-1.314142
151.2,700.0,-1.341699,-1.345815
153.48,700.0,-1.372657,-1.37644
155.58,700.0,-1.401967,-1.405319
158.03,700.0,-1.430929,-1.433936
160.13,700.0,-1.461252,-1.463785
162.4,700.0,-1.490824,-1.493027
164.68,700.0,-1.520655,-1.522383
166.78,700.0,-1.55278,-1.554071
169.05,700.0,-1.59059,-1.591437
171.33,700.0,-1.638415,-1.638738
173.43,700.0,-1.705494,-1.704826
175.88,700.0,-1.799314,-1.797284
177.98,700.0,-1.904299,-1.900824
180.25,700.0,-1.995666,-1.990937
182.53,700.0,-2.054665,-2.04928
184.63,700.0,-2.072958,-2.067478
186.9,700.0,-2.05391,-2.048642
189.0,700.0,-2.001153,-1.996581
191.28,700.0,-1.926618,-1.923156
193.55,700.0,-1.836782,-1.834536
195.83,700.0,-1.740242,-1.739484
197.93,700.0,-1.645568,-1.645839
200.2,700.0,-1.553323,-1.554888
202.48,700.0,-1.468042,-1.470707
204.58,700.0,-1.391859,-1.395485
206.85,700.0,-1.32222,-1.326872
209.13,700.0,-1.261157,-1.266592
211.23,700.0,-1.206656,-1.212836
213.33,700.0,-1.157042,-1.163764
215.78,700.0,-1.115301,-1.122719
217.88,700.0,-1.077883,-1.085779
220.15,700.0,-1.044134,-1.052442
222.43,700.0,-1.01568,-1.024164
224.7,700.0,-0.992476,-1.001293
226.8,700.0,-0.971749,-0.980905
229.08,700.0,-0.950736,-0.960135
231.35,700.0,-0.929359,-0.939115
233.45,700.0,-0.907941,-0.917994
235.73,700.0,-0.887291,-0.897553
237.83,700.0,-0.8678,-0.878299
240.1,700.0,-0.851564,-0.862178
242.38,700.0,-0.837865,-0.848699
244.65,700.0,-0.825591,-0.836608
246.75,700.0,-0.812874,-0.824004
249.03,700.0,-0.800197,-0.811549
251.3,700.0,-0.788318,-0.799876
253.4,700.0,-0.778561,-0.790107
255.68,700.0,-0.771734,-0.783487
257.95,700.0,-0.766367,-0.778247
260.05,700.0,-0.762711,-0.774547
262.33,700.0,-0.759254,-0.771152
264.43,700.0,-0.755878,-0.767738
266.7,700.0,-0.753006,-0.764972
268.98,700.0,-0.751802,-0.763644
271.25,700.0,-0.751303,-0.763256
273.53,700.0,-0.751481,-0.763518
275.63,700.0,-0.752178,-0.764162
277.9,700.0,-0.753752,-0.765714
280.0,700.0,-0.75512,-0.76695
282.28,700.0,-0.755902,-0.767797
284.55,700.0,-0.756635,-0.768521
286.65,700.0,-0.758296,-0.770191
288.93,700.0,-0.762042,-0.773817
291.2,700.0,-0.767224,-0.778928
293.48,700.0,-0.774236,-0.785816
295.58,700.0,-0.780933,-0.792541
297.68,700.0,-0.786984,-0.798456
299.95,700.0,-0.791466,-0.802951
302.23,700.0,-0.796256,-0.807667
304.33,700.0,-0.802144,-0.813475
306.6,700.0,-0.80877,-0.820089
308.88,700.0,-0.816429,-0.827547
310.98,700.0,-0.823465,-0.834426
313.25,700.0,-0.829645,-0.840548
315.53,700.0,-0.83524,-0.846062
317.63,700.0,-0.839984,-0.850776
319.9,700.0,-0.842942,-0.853721
322.18,700.0,-0.8445,-0.855261
324.28,700.0,-0.843604,-0.854396
326.55,700.0,-0.84235,-0.853089
328.83,700.0,-0.841836,-0.852633
331.1,700.0,-0.843499,-0.854146
333.38,700.0,-0.847994,-0.858669
335.48,700.0,-0.854842,-0.865271
337.75,700.0,-0.863776,-0.874202
340.03,700.0,-0.87577,-0.886062
342.3,700.0,-0.892045,-0.902076
344.58,700.0,-0.913601,-0.923373
346.85,700.0,-0.942381,-0.951811
348.95,700.0,-0.988912,-0.997692
351.23,700.0,-1.067424,-1.075061
353.85,700.0,-1.210122,-1.215584
356.13,700.0,-1.324352,-1.328637
358.23,700.0,-1.418307,-1.421425
360.5,700.0,-1.476068,-1.478421
362.78,700.0,-1.489527,-1.491705
365.05,700.0,-1.462839,-1.465424
367.33,700.0,-1.40515,-1.408689
369.43,700.0,-1.326616,-1.331246
371.53,700.0,-1.237882,-1.243739
373.8,700.0,-1.145603,-1.152587
376.08,700.0,-1.053031,-1.061204
378.35,700.0,-0.964716,-0.974189
380.45,700.0,-0.881839,-0.892291
382.73,700.0,-0.80654,-0.817889
384.83,700.0,-0.73869,-0.750995
387.1,700.0,-0.680003,-0.692856
389.38,700.0,-0.628318,-0.641968
391.65,700.0,-0.581072,-0.595249
393.75,700.0,-0.537357,-0.55219
396.03,700.0,-0.497157,-0.512495
398.3,700.0,-0.460595,-0.476389
400.4,700.0,-0.429381,-0.445536
402.68,700.0,-0.404424,-0.420875
404.95,700.0,-0.382073,-0.398894
407.05,700.0,-0.363426,-0.380453
409.33,700.0,-0.347391,-0.364667
411.43,700.0,-0.335068,-0.352496
413.7,700.0,-0.326978,-0.344646
415.98,700.0,-0.320459,-0.337921
418.25,700.0,-0.312921,-0.330629
420.35,700.0,-0.304104,-0.321975
422.63,700.0,-0.296128,-0.313999
424.9,700.0,-0.289942,-0.307899
427.18,700.0,-0.284507,-0.302548
429.28,700.0,-0.278731,-0.296775
431.73,700.0,-0.271695,-0.289933
433.83,700.0,-0.261491,-0.279665
436.1,700.0,-0.249119,-0.267665
438.2,700.0,-0.237237,-0.255832
440.48,700.0,-0.227924,-0.246633
442.75,700.0,-0.223965,-0.242628
444.85,700.0,-0.223784,-0.242554
447.13,700.0,-0.224914,-0.243617
449.23,700.0,-0.225327,-0.24407
451.5,700.0,-0.225854,-0.244532
453.78,700.0,-0.226713,-0.245499
456.05,700.0,-0.229572,-0.248281
458.15,700.0,-0.235727,-0.254196
460.43,700.0,-0.243485,-0.262
462.7,700.0,-0.25127,-0.269843
464.8,700.0,-0.258398,-0.276753
467.08,700.0,-0.264751,-0.282992
469.18,700.0,-0.270019,-0.288241
471.45,700.0,-0.275986,-0.294141
473.73,700.0,-0.283583,-0.301578
475.83,700.0,-0.295404,-0.313173
478.1,700.0,-0.307332,-0.325043
480.38,700.0,-0.320995,-0.338525
482.48,700.0,-0.332074,-0.349483
484.75,700.0,-0.340398,-0.357637
487.03,700.0,-0.347952,-0.365123
489.48,700.0,-0.358635,-0.375539
491.58,700.0,-0.371805,-0.388712
493.85,700.0,-0.390416,-0.40695
496.13,700.0,-0.407092,-0.423451
498.4,700.0,-0.425068,-0.441177
500.5,700.0,-0.442625,-0.458598
502.78,700.0,-0.461426,-0.477101
505.05,700.0,-0.482517,-0.49793
507.33,700.0,-0.50585,-0.520816
509.6,700.0,-0.532169,-0.546864
511.88,700.0,-0.559461,-0.573808
513.98,700.0,-0.587055,-0.601081
516.25,700.0,-0.613154,-0.626787
518.35,700.0,-0.63556,-0.648999
520.63,700.0,-0.654904,-0.668031
522.9,700.0,-0.671214,-0.6841
525.18,700.0,-0.685647,-0.698253
527.28,700.0,-0.69938,-0.711978
529.55,700.0,-0.713623,-0.725995
531.83,700.0,-0.729109,-0.741395
534.1,700.0,-0.747846,-0.759827
536.38,700.0,-0.76926,-0.780915
538.48,700.0,-0.794362,-0.805665
540.75,700.0,-0.82248,-0.833327
543.03,700.0,-0.852473,-0.86304
545.3,700.0,-0.887202,-0.897267
547.58,700.0,-0.925086,-0.934691
550.03,700.0,-0.976056,-0.984876
552.3,700.0,-1.026259,-1.034568
554.58,700.0,-1.08088,-1.088462
556.85,700.0,-1.135868,-1.142593
559.3,700.0,-1.197343,-1.203215
561.58,700.0,-1.250516,-1.255757
563.68,700.0,-1.301231,-1.305849
565.95,700.0,-1.348683,-1.352679
568.05,700.0,-1.393603,-1.397063
570.33,700.0,-1.429721,-1.432734
572.6,700.0,-1.466157,-1.468649
574.7,700.0,-1.499771,-1.501721
576.98,700.0,-1.537774,-1.539096
579.25,700.0,-1.570793,-1.572155
581.53,700.0,-1.605075,-1.60575
583.63,700.0,-1.635411,-1.635756
585.9,700.0,-1.659358,-1.659333
588.0,700.0,-1.675916,-1.675691
590.28,700.0,-1.68815,-1.687734
592.55,700.0,-1.698988,-1.69855
594.65,700.0,-1.70917,-1.708409
596.93,700.0,-1.718581,-1.717728
599.2,700.0,-1.727213,-1.726141
601.48,700.0,-1.735152,-1.734015
603.58,700.0,-1.742072,-1.740855
605.85,700.0,-1.747872,-1.746612
608.13,700.0,-1.752466,-1.751166
610.23,700.0,-1.754746,-1.753489
612.5,700.0,-1.754656,-1.753433
614.95,700.0,-1.752509,-1.750978
617.05,700.0,-1.750072,-1.749019
619.33,700.0,-1.748088,-1.746856
621.43,700.0,-1.747876,-1.746557
624.05,700.0,-1.7514,-1.749974
626.15,700.0,-1.75871,-1.757355
628.43,700.0,-1.76875,-1.767306
630.7,700.0,-1.779055,-1.777444
632.98,700.0,-1.788861,-1.786902
635.25,700.0,-1.795932,-1.794126
637.35,700.0,-1.80375,-1.80177
639.63,700.0,-1.813196,-1.81123
641.9,700.0,-1.824496,-1.82229
644.0,700.0,-1.836726,-1.834302
646.28,700.0,-1.849967,-1.847518
648.38,700.0,-1.86449,-1.861581
650.65,700.0,-1.879542,-1.876748
652.75,700.0,-1.895743,-1.892703
655.03,700.0,-1.91314,-1.909804
657.3,700.0,-1.930897,-1.927127
659.4,700.0,-1.947031,-1.943072
661.68,700.0,-1.959816,-1.95579
663.95,700.0,-1.968932,-1.964831
666.23,700.0,-1.972727,-1.968556
668.33,700.0,-1.971766,-1.967675
670.6,700.0,-1.96595,-1.961775
672.88,700.0,-1.956372,-1.952281
674.98,700.0,-1.943328,-1.93945
677.25,700.0,-1.927724,-1.924154
679.53,700.0,-1.909878,-1.906489
