x,y,z,z2
4.38,0.0,0.001456,-0.020019
6.65,0.0,0.001447,-0.019868
8.93,0.0,0.001487,-0.01985
11.2,0.0,0.002245,-0.01911
13.48,0.0,0.004417,-0.01717
15.93,0.0,0.006327,-0.015035
18.2,0.0,0.008764,-0.01281
20.3,0.0,0.010748,-0.010626
22.58,0.0,0.012239,-0.009308
25.03,0.0,0.012947,-0.008611
27.13,0.0,0.012827,-0.008488
29.4,0.0,0.012316,-0.00928
31.68,0.0,0.010677,-0.010876
33.78,0.0,0.009038,-0.01237
36.05,0.0,0.007698,-0.013744
38.33,0.0,0.007288,-0.014154
40.6,0.0,0.00763,-0.013691
42.7,0.0,0.008373,-0.013112
44.97,0.0,0.009186,-0.012293
47.25,0.0,0.009583,-0.011902
49.35,0.0,0.008638,-0.01278
51.62,0.0,0.006706,-0.014717
53.9,0.0,0.004623,-0.016926
56.17,0.0,0.001731,-0.019514
58.45,0.0,-0.000749,-0.022145
60.55,0.0,-0.002823,-0.024295
62.82,0.0,-0.004335,-0.025657
65.1,0.0,-0.004773,-0.025993
67.2,0.0,-0.003812,-0.025136
69.47,0.0,-0.001387,-0.02278
71.75,0.0,0.003061,-0.018343
74.02,0.0,0.008622,-0.01273
76.3,0.0,0.015763,-0.005762
78.4,0.0,0.022556,0.000927
80.67,0.0,0.028219,0.006728
82.95,0.0,0.031743,0.009907
85.22,0.0,0.032932,0.011269
87.32,0.0,0.032156,0.010526
89.6,0.0,0.030652,0.008967
91.87,0.0,0.028293,0.006694
94.15,0.0,0.026537,0.004888
96.25,0.0,0.025726,0.004137
98.35,0.0,0.026703,0.005196
100.8,0.0,0.029047,0.007285
102.9,0.0,0.032233,0.010449
105.17,0.0,0.036284,0.014463
107.45,0.0,0.039824,0.018049
109.55,0.0,0.042297,0.020375
111.82,0.0,0.043018,0.021111
113.92,0.0,0.042544,0.020526
116.2,0.0,0.040156,0.018468
118.47,0.0,0.036543,0.014919
120.57,0.0,0.032251,0.010498
122.85,0.0,0.027627,0.006087
125.12,0.0,0.022615,0.001084
127.22,0.0,0.018089,-0.003303
129.5,0.0,0.013163,-0.00822
131.6,0.0,0.008323,-0.013115
133.87,0.0,0.004115,-0.017234
136.15,0.0,-0.000195,-0.021479
138.42,0.0,-0.003103,-0.024449
140.7,0.0,-0.00526,-0.026569
142.8,0.0,-0.006649,-0.027869
145.07,0.0,-0.006979,-0.028368
147.35,0.0,-0.007083,-0.028257
149.45,0.0,-0.006683,-0.027977
151.73,0.0,-0.006215,-0.027638
154.0,0.0,-0.005903,-0.027228
156.1,0.0,-0.005826,-0.027173
158.38,0.0,-0.00582,-0.026935
160.65,0.0,-0.005472,-0.026806
162.75,0.0,-0.005139,-0.026637
165.03,0.0,-0.004345,-0.025657
167.3,0.0,-0.002853,-0.024252
169.58,0.0,-0.001255,-0.022641
171.68,0.0,-0.000112,-0.021292
173.95,0.0,0.000637,-0.020743
176.23,0.0,0.001099,-0.020287
178.5,0.0,0.00146,-0.01977
180.6,0.0,0.001805,-0.019486
182.88,0.0,0.001792,-0.019477
184.98,0.0,0.001413,-0.019841
187.25,0.0,0.000659,-0.020669
189.53,0.0,-0.000309,-0.021569
191.8,0.0,-0.001125,-0.022441
193.9,0.0,-0.001646,-0.023125
196.18,0.0,-0.002074,-0.023417
198.28,0.0,-0.002006,-0.023396
200.55,0.0,-0.002089,-0.023448
202.83,0.0,-0.001982,-0.023368
204.93,0.0,-0.002385,-0.023756
207.2,0.0,-0.002798,-0.024135
209.48,0.0,-0.003799,-0.025142
211.75,0.0,-0.004911,-0.026214
213.85,0.0,-0.005919,-0.027145
216.13,0.0,-0.006686,-0.02794
218.4,0.0,-0.007564,-0.028704
220.5,0.0,-0.007431,-0.028679
222.78,0.0,-0.007422,-0.028728
225.05,0.0,-0.007493,-0.028735
227.33,0.0,-0.007025,-0.028374
229.43,0.0,-0.006347,-0.027511
231.7,0.0,-0.005072,-0.026464
233.98,0.0,-0.003972,-0.025318
236.08,0.0,-0.002585,-0.023935
238.35,0.0,-0.000719,-0.022126
240.63,0.0,0.001586,-0.019794
242.9,0.0,0.004691,-0.016649
245.0,0.0,0.007507,-0.013876
247.28,0.0,0.011269,-0.010207
249.38,0.0,0.015273,-0.006184
251.65,0.0,0.019466,-0.002099
253.93,0.0,0.024799,0.003252
256.03,0.0,0.030467,0.008915
258.3,0.0,0.035344,0.013567
260.58,0.0,0.03877,0.017026
262.85,0.0,0.040098,0.018336
264.95,0.0,0.039315,0.017639
267.23,0.0,0.036607,0.014901
269.33,0.0,0.033102,0.011364
271.6,0.0,0.029257,0.007513
273.88,0.0,0.025076,0.003505
275.98,0.0,0.020874,-0.000682
278.25,0.0,0.017424,-0.004006
280.53,0.0,0.013582,-0.007909
282.63,0.0,0.010323,-0.011325
284.9,0.0,0.007079,-0.014425
287.18,0.0,0.004426,-0.016972
289.28,0.0,0.001845,-0.019458
291.55,0.0,-0.000481,-0.021714
293.83,0.0,-0.002613,-0.024006
296.1,0.0,-0.004542,-0.025987
298.2,0.0,-0.006159,-0.027367
300.48,0.0,-0.007394,-0.028812
302.75,0.0,-0.0083,-0.029495
305.03,0.0,-0.009345,-0.030561
307.13,0.0,-0.010509,-0.031714
309.4,0.0,-0.011735,-0.032906
311.68,0.0,-0.013312,-0.034499
313.95,0.0,-0.015229,-0.036313
316.23,0.0,-0.016775,-0.037853
318.5,0.0,-0.017857,-0.039098
320.6,0.0,-0.018935,-0.040065
322.88,0.0,-0.019988,-0.041199
325.15,0.0,-0.020497,-0.041658
327.43,0.0,-0.021458,-0.042348
329.53,0.0,-0.022228,-0.043214
331.8,0.0,-0.022974,-0.043962
333.9,0.0,-0.024024,-0.045105
336.18,0.0,-0.024434,-0.045423
338.45,0.0,-0.024649,-0.045691
340.55,0.0,-0.024341,-0.045296
342.83,0.0,-0.02363,-0.044619
345.1,0.0,-0.022496,-0.043562
347.2,0.0,-0.021486,-0.04265
349.48,0.0,-0.020558,-0.041624
351.58,0.0,-0.019385,-0.040577
354.03,0.0,-0.018565,-0.039622
356.13,0.0,-0.0179,-0.039003
358.4,0.0,-0.016994,-0.038297
360.5,0.0,-0.016458,-0.037773
362.78,0.0,-0.016356,-0.037576
365.05,0.0,-0.016199,-0.037401
367.33,0.0,-0.01599,-0.037206
369.43,0.0,-0.015515,-0.036618
371.7,0.0,-0.014828,-0.035956
373.8,0.0,-0.013956,-0.0353
376.08,0.0,-0.013232,-0.034437
378.35,0.0,-0.012422,-0.033596
380.63,0.0,-0.01123,-0.032607
382.73,0.0,-0.009985,-0.031119
385.0,0.0,-0.00818,-0.029418
387.28,0.0,-0.007148,-0.028263
389.38,0.0,-0.006221,-0.027576
391.65,0.0,-0.005839,-0.027182
393.93,0.0,-0.006171,-0.027475
396.03,0.0,-0.006957,-0.02834
398.3,0.0,-0.007524,-0.028775
400.4,0.0,-0.007056,-0.028374
402.68,0.0,-0.006412,-0.027604
404.95,0.0,-0.004844,-0.026199
407.58,0.0,-0.0033,-0.02469
409.68,0.0,-0.002345,-0.023716
411.95,0.0,-0.001236,-0.022641
414.23,0.0,-0.000158,-0.021362
416.33,0.0,0.001,-0.020321
418.6,0.0,0.001931,-0.019486
420.88,0.0,0.002944,-0.018445
422.98,0.0,0.004537,-0.0168
425.25,0.0,0.006111,-0.015306
427.53,0.0,0.008366,-0.013109
429.8,0.0,0.010788,-0.010608
431.9,0.0,0.013936,-0.007638
434.18,0.0,0.017156,-0.004304
436.28,0.0,0.020384,-0.001344
438.55,0.0,0.024439,0.002883
440.83,0.0,0.028921,0.007202
443.1,0.0,0.032824,0.011253
445.2,0.0,0.037017,0.015221
447.48,0.0,0.04113,0.019377
449.75,0.0,0.044931,0.023003
451.85,0.0,0.048807,0.026965
454.13,0.0,0.052769,0.030948
456.4,0.0,0.05633,0.034448
458.68,0.0,0.059177,0.037054
460.78,0.0,0.062023,0.03987
463.05,0.0,0.064737,0.042578
465.33,0.0,0.067072,0.044919
467.6,0.0,0.068992,0.046811
469.7,0.0,0.06991,0.047686
471.98,0.0,0.071022,0.048862
474.25,0.0,0.071817,0.049546
476.53,0.0,0.072572,0.050264
478.8,0.0,0.073114,0.050923
480.9,0.0,0.073619,0.051407
483.18,0.0,0.073662,0.0515
485.45,0.0,0.073462,0.051296
487.73,0.0,0.072914,0.050788
489.83,0.0,0.072356,0.050039
492.1,0.0,0.071897,0.049586
494.38,0.0,0.071755,0.04954
496.48,0.0,0.071472,0.049118
498.75,0.0,0.071487,0.049183
500.85,0.0,0.070822,0.048597
503.3,0.0,0.070215,0.048071
505.4,0.0,0.069469,0.047288
507.68,0.0,0.069035,0.046903
509.78,0.0,0.068336,0.046105
512.05,0.0,0.067408,0.045129
514.15,0.0,0.066222,0.044029
516.43,0.0,0.064978,0.042852
518.7,0.0,0.063641,0.041389
520.98,0.0,0.062402,0.040394
523.08,0.0,0.061444,0.039269
525.35,0.0,0.060002,0.037954
527.63,0.0,0.058363,0.036256
529.73,0.0,0.056567,0.034602
532.0,0.0,0.053958,0.032002
534.28,0.0,0.050621,0.028613
536.38,0.0,0.046272,0.024512
538.65,0.0,0.041869,0.020101
540.93,0.0,0.036814,0.015153
543.03,0.0,0.03215,0.010452
545.3,0.0,0.028132,0.006623
547.58,0.0,0.024026,0.002433
549.85,0.0,0.020668,-0.000903
552.13,0.0,0.017978,-0.003605
554.4,0.0,0.015591,-0.005888
556.68,0.0,0.013767,-0.007733
558.95,0.0,0.012827,-0.008611
561.05,0.0,0.012504,-0.008932
563.33,0.0,0.01345,-0.008091
565.43,0.0,0.015609,-0.005934
567.7,0.0,0.019004,-0.002635
569.98,0.0,0.024094,0.002461
572.25,0.0,0.030129,0.008511
574.35,0.0,0.035982,0.014254
576.63,0.0,0.04166,0.019864
578.73,0.0,0.045883,0.023872
581.0,0.0,0.048841,0.02682
583.28,0.0,0.049981,0.028065
585.55,0.0,0.049352,0.027313
587.65,0.0,0.046882,0.025039
589.92,0.0,0.043422,0.021589
592.2,0.0,0.038092,0.016475
594.3,0.0,0.031798,0.010212
596.57,0.0,0.02495,0.00341
598.85,0.0,0.01816,-0.003445
600.95,0.0,0.01153,-0.009884
603.05,0.0,0.005874,-0.015367
605.5,0.0,0.001635,-0.019748
607.77,0.0,-0.001714,-0.023121
609.87,0.0,-0.003929,-0.025296
612.15,0.0,-0.00538,-0.026581
614.42,0.0,-0.005789,-0.027037
616.52,0.0,-0.005309,-0.026649
618.8,0.0,-0.003587,-0.02481
620.9,0.0,-0.001153,-0.022481
623.17,0.0,0.00145,-0.019939
625.27,0.0,0.003376,-0.018026
627.55,0.0,0.004636,-0.016843
629.82,0.0,0.004454,-0.016929
631.92,0.0,0.003499,-0.017795
634.2,0.0,0.002066,-0.019274
636.47,0.0,0.000609,-0.020839
638.57,0.0,-0.001125,-0.022419
640.67,0.0,-0.002441,-0.023704
643.12,0.0,-0.003581,-0.024976
645.22,0.0,-0.004495,-0.025709
647.5,0.0,-0.005466,-0.026717
649.77,0.0,-0.00643,-0.027693
652.05,0.0,-0.007401,-0.028704
654.15,0.0,-0.008639,-0.029782
656.42,0.0,-0.010223,-0.031433
658.52,0.0,-0.011338,-0.032481
660.8,0.0,-0.011144,-0.032299
663.07,0.0,-0.009791,-0.031097
665.17,0.0,-0.007974,-0.029212
667.45,0.0,-0.006658,-0.027961
669.55,0.0,-0.0059,-0.027102
671.82,0.0,-0.006273,-0.027481
674.1,0.0,-0.007638,-0.028885
676.2,0.0,-0.010318,-0.031458
678.47,0.0,-0.013473,-0.034736
680.57,0.0,-0.016162,-0.037364
682.85,0.0,-0.016905,-0.037949
685.12,0.0,-0.014594,-0.035706
687.4,0.0,-0.010657,-0.031892
689.5,0.0,-0.006855,-0.028214
691.77,0.0,-0.004178,-0.025469
694.05,0.0,-0.00318,-0.024551
696.32,0.0,-0.004271,-0.02566
698.42,0.0,-0.006329,-0.027561
700.7,0.0,-0.00843,-0.029637
702.97,0.0,-0.010953,-0.032136
705.25,0.0,-0.013242,-0.034465
707.52,0.0,-0.015253,-0.036412
709.62,0.0,-0.017068,-0.038146
11.03,35.0,-0.003568,-0.025216
13.3,35.0,-0.005133,-0.02639
15.4,35.0,-0.006818,-0.028044
17.68,35.0,-0.007795,-0.029033
19.95,35.0,-0.009006,-0.030124
22.05,35.0,-0.009499,-0.030595
24.33,35.0,-0.009714,-0.030993
26.6,35.0,-0.009871,-0.030873
28.88,35.0,-0.009751,-0.031027
30.98,35.0,-0.009271,-0.030475
33.25,35.0,-0.009295,-0.030558
35.53,35.0,-0.009428,-0.030651
37.63,35.0,-0.009776,-0.030993
39.9,35.0,-0.009995,-0.031134
42.18,35.0,-0.009958,-0.031153
44.28,35.0,-0.00964,-0.030925
46.55,35.0,-0.008522,-0.029742
48.83,35.0,-0.007262,-0.02859
50.93,35.0,-0.005851,-0.027074
53.2,35.0,-0.004788,-0.026134
55.3,35.0,-0.004514,-0.025888
57.58,35.0,-0.004274,-0.025608
59.85,35.0,-0.00472,-0.026017
62.13,35.0,-0.005435,-0.026815
64.23,35.0,-0.006076,-0.027287
66.5,35.0,-0.006224,-0.027419
68.78,35.0,-0.005235,-0.026538
71.05,35.0,-0.002971,-0.024372
73.15,35.0,0.001185,-0.020186
75.43,35.0,0.006869,-0.014529
77.7,35.0,0.014294,-0.007093
79.8,35.0,0.022852,0.001253
82.08,35.0,0.03161,0.009873
84.35,35.0,0.039278,0.017572
86.45,35.0,0.044879,0.022997
88.73,35.0,0.048619,0.02682
91.0,35.0,0.050162,0.028299
93.28,35.0,0.049867,0.027988
95.38,35.0,0.049183,0.027331
97.65,35.0,0.048548,0.026333
99.93,35.0,0.04812,0.026244
102.2,35.0,0.048086,0.026158
104.48,35.0,0.047414,0.025578
106.4,35.0,0.046327,0.02442
108.85,35.0,0.044207,0.022273
110.95,35.0,0.040883,0.019063
113.23,35.0,0.03621,0.014509
115.5,35.0,0.03088,0.009115
117.78,35.0,0.024648,0.003068
119.88,35.0,0.018564,-0.002894
122.15,35.0,0.012966,-0.008356
124.25,35.0,0.007301,-0.014132
126.53,35.0,0.001869,-0.019295
128.8,35.0,-0.003115,-0.024477
130.9,35.0,-0.007428,-0.028685
133.18,35.0,-0.01115,-0.03232
135.45,35.0,-0.014505,-0.03562
137.73,35.0,-0.017074,-0.038066
139.83,35.0,-0.019126,-0.040192
142.1,35.0,-0.020417,-0.04163
144.2,35.0,-0.021057,-0.042019
146.48,35.0,-0.021433,-0.042567
148.75,35.0,-0.021057,-0.042096
150.85,35.0,-0.020601,-0.041575
153.13,35.0,-0.019767,-0.040916
155.4,35.0,-0.018913,-0.040241
157.68,35.0,-0.018654,-0.039785
159.78,35.0,-0.019086,-0.040072
162.05,35.0,-0.020093,-0.041134
164.15,35.0,-0.021436,-0.042425
166.43,35.0,-0.023094,-0.044203
168.7,35.0,-0.024702,-0.045614
170.8,35.0,-0.025654,-0.04659
173.08,35.0,-0.026436,-0.047465
175.35,35.0,-0.027099,-0.048106
177.45,35.0,-0.027422,-0.048383
179.73,35.0,-0.027114,-0.04802
182.0,35.0,-0.02635,-0.047385
184.1,35.0,-0.02521,-0.046196
186.38,35.0,-0.023882,-0.044874
188.48,35.0,-0.022139,-0.043242
190.75,35.0,-0.020586,-0.041581
192.85,35.0,-0.018889,-0.040105
195.13,35.0,-0.017413,-0.038503
197.23,35.0,-0.016335,-0.037388
199.5,35.0,-0.015638,-0.036698
201.78,35.0,-0.015306,-0.036375
203.88,35.0,-0.014834,-0.035937
206.15,35.0,-0.014332,-0.035549
208.43,35.0,-0.014015,-0.035167
210.53,35.0,-0.014043,-0.035207
212.8,35.0,-0.014446,-0.035632
215.08,35.0,-0.015574,-0.036674
217.18,35.0,-0.016938,-0.038051
219.45,35.0,-0.018593,-0.039711
221.73,35.0,-0.020432,-0.041412
223.83,35.0,-0.021504,-0.042555
226.1,35.0,-0.022548,-0.043525
228.2,35.0,-0.023328,-0.044274
230.48,35.0,-0.024126,-0.045112
232.75,35.0,-0.025238,-0.046233
234.85,35.0,-0.026313,-0.047348
237.13,35.0,-0.027185,-0.048054
239.23,35.0,-0.027284,-0.048417
241.5,35.0,-0.02635,-0.047354
243.78,35.0,-0.024622,-0.045552
245.88,35.0,-0.021926,-0.042927
248.15,35.0,-0.018568,-0.03981
250.25,35.0,-0.014197,-0.035355
252.53,35.0,-0.009006,-0.030256
254.8,35.0,-0.003377,-0.024727
256.9,35.0,0.003675,-0.017795
259.18,35.0,0.010055,-0.011329
261.45,35.0,0.016382,-0.00517
263.73,35.0,0.020908,-0.000709
265.83,35.0,0.023887,0.002495
268.1,35.0,0.025412,0.003939
270.38,35.0,0.025045,0.003484
272.48,35.0,0.023172,0.001706
274.75,35.0,0.02044,-0.001144
276.85,35.0,0.017057,-0.004375
279.13,35.0,0.012797,-0.00859
281.4,35.0,0.00832,-0.013007
283.5,35.0,0.004454,-0.01696
285.78,35.0,0.000471,-0.020645
288.05,35.0,-0.003004,-0.024292
290.15,35.0,-0.006251,-0.027555
292.43,35.0,-0.009089,-0.030336
294.7,35.0,-0.012308,-0.033602
296.98,35.0,-0.015216,-0.036433
299.08,35.0,-0.017943,-0.039086
301.35,35.0,-0.020072,-0.04106
303.45,35.0,-0.021338,-0.042336
305.73,35.0,-0.022468,-0.043676
307.83,35.0,-0.023285,-0.044366
310.1,35.0,-0.024092,-0.044948
312.38,35.0,-0.024847,-0.045922
314.48,35.0,-0.025549,-0.046606
316.75,35.0,-0.026566,-0.047632
318.85,35.0,-0.027604,-0.04879
321.13,35.0,-0.028765,-0.049659
323.23,35.0,-0.029613,-0.050611
325.68,35.0,-0.030004,-0.050953
327.78,35.0,-0.030404,-0.051251
330.05,35.0,-0.030053,-0.051039
332.33,35.0,-0.02969,-0.050641
334.6,35.0,-0.029264,-0.050355
336.7,35.0,-0.02851,-0.049366
338.8,35.0,-0.027736,-0.048614
341.08,35.0,-0.026677,-0.047629
343.35,35.0,-0.025608,-0.046593
345.63,35.0,-0.024474,-0.045552
347.9,35.0,-0.023778,-0.044649
350.0,35.0,-0.022946,-0.043987
352.28,35.0,-0.022339,-0.043272
354.55,35.0,-0.021372,-0.04233
356.83,35.0,-0.020632,-0.041803
358.93,35.0,-0.020124,-0.041279
361.03,35.0,-0.019267,-0.040278
363.48,35.0,-0.018411,-0.039508
365.58,35.0,-0.017666,-0.038799
367.85,35.0,-0.01664,-0.037656
369.95,35.0,-0.015096,-0.036486
372.23,35.0,-0.013981,-0.03525
374.5,35.0,-0.013085,-0.034277
376.6,35.0,-0.012456,-0.033679
378.88,35.0,-0.011661,-0.032844
380.98,35.0,-0.011307,-0.03241
383.25,35.0,-0.011307,-0.032585
385.53,35.0,-0.011418,-0.032681
387.63,35.0,-0.01172,-0.03282
389.9,35.0,-0.011674,-0.032866
392.18,35.0,-0.011667,-0.032866
394.45,35.0,-0.011711,-0.032955
396.73,35.0,-0.012114,-0.033411
398.83,35.0,-0.01208,-0.033297
401.1,35.0,-0.011985,-0.033288
403.38,35.0,-0.011803,-0.032955
405.65,35.0,-0.010894,-0.032092
407.93,35.0,-0.009459,-0.030765
410.03,35.0,-0.007666,-0.028849
412.3,35.0,-0.005734,-0.026861
414.58,35.0,-0.00326,-0.024616
416.68,35.0,-0.000565,-0.021806
418.95,35.0,0.002344,-0.019024
421.05,35.0,0.005659,-0.015808
423.33,35.0,0.009321,-0.012139
425.6,35.0,0.013819,-0.007653
427.88,35.0,0.018631,-0.002872
429.98,35.0,0.023379,0.001798
432.25,35.0,0.028551,0.006965
434.53,35.0,0.033434,0.011678
436.8,35.0,0.039241,0.017529
438.9,35.0,0.044565,0.022529
441.18,35.0,0.050036,0.028234
443.28,35.0,0.05552,0.033582
445.73,35.0,0.060452,0.038311
448.0,35.0,0.064787,0.042812
450.1,35.0,0.068822,0.046687
452.38,35.0,0.071533,0.049352
454.65,35.0,0.073536,0.051216
456.93,35.0,0.07414,0.051965
459.2,35.0,0.074118,0.051931
461.3,35.0,0.073336,0.051158
463.58,35.0,0.072815,0.050671
465.68,35.0,0.072898,0.050751
467.95,35.0,0.072997,0.050757
470.23,35.0,0.073363,0.051056
472.5,35.0,0.073776,0.051533
474.6,35.0,0.073708,0.05145
476.88,35.0,0.073705,0.051447
478.98,35.0,0.073388,0.051031
481.25,35.0,0.072612,0.050427
483.35,35.0,0.072039,0.049799
485.63,35.0,0.071321,0.049189
487.9,35.0,0.070412,0.048169
490.18,35.0,0.069753,0.047649
492.28,35.0,0.069189,0.047116
494.55,35.0,0.069275,0.047088
496.83,35.0,0.068844,0.046564
499.1,35.0,0.069075,0.046946
501.2,35.0,0.069183,0.046983
503.48,35.0,0.069978,0.047723
505.75,35.0,0.070994,0.048742
508.03,35.0,0.071937,0.049697
510.13,35.0,0.072966,0.050769
512.4,35.0,0.073302,0.051065
514.68,35.0,0.073708,0.051536
516.78,35.0,0.074247,0.052174
519.05,35.0,0.074827,0.052658
521.15,35.0,0.07527,0.053105
523.43,35.0,0.07471,0.052439
525.7,35.0,0.073508,0.051345
527.8,35.0,0.071641,0.049472
530.08,35.0,0.069571,0.047408
532.18,35.0,0.067263,0.045015
534.63,35.0,0.063727,0.041675
536.73,35.0,0.06027,0.038012
539.0,35.0,0.05572,0.033659
541.28,35.0,0.050317,0.028373
543.55,35.0,0.044768,0.022827
545.65,35.0,0.039762,0.018102
547.93,35.0,0.035073,0.013326
550.2,35.0,0.031225,0.009482
552.3,35.0,0.027532,0.006019
554.58,35.0,0.024531,0.002901
556.85,35.0,0.022094,0.000449
559.13,35.0,0.020914,-0.000472
561.4,35.0,0.020877,-0.000608
563.5,35.0,0.022094,0.000532
565.95,35.0,0.025122,0.003403
568.23,35.0,0.02905,0.00755
570.5,35.0,0.034549,0.01276
572.6,35.0,0.041071,0.019445
574.88,35.0,0.047008,0.024965
577.15,35.0,0.051478,0.029667
579.25,35.0,0.053708,0.031885
581.53,35.0,0.0534,0.031536
583.8,35.0,0.050905,0.029177
585.9,35.0,0.046888,0.024916
588.18,35.0,0.041506,0.01966
590.45,35.0,0.034679,0.013209
592.55,35.0,0.027695,0.006191
594.83,35.0,0.020424,-0.000922
597.1,35.0,0.014232,-0.007185
599.2,35.0,0.00836,-0.013131
601.48,35.0,0.003829,-0.017555
603.58,35.0,-0.000454,-0.021692
605.85,35.0,-0.003571,-0.024785
608.13,35.0,-0.005549,-0.026837
610.4,35.0,-0.006747,-0.028032
612.5,35.0,-0.007324,-0.02854
614.78,35.0,-0.007099,-0.028269
617.05,35.0,-0.006036,-0.027419
619.15,35.0,-0.003704,-0.024991
621.6,35.0,-0.000528,-0.021738
623.88,35.0,0.001996,-0.019372
625.98,35.0,0.003613,-0.017678
628.25,35.0,0.004035,-0.017163
630.53,35.0,0.003289,-0.018081
632.63,35.0,0.002073,-0.019255
634.9,35.0,0.000406,-0.020953
637.18,35.0,-0.001258,-0.022598
639.45,35.0,-0.002783,-0.024138
641.55,35.0,-0.003956,-0.025226
643.83,35.0,-0.005155,-0.026375
645.93,35.0,-0.006412,-0.027857
648.2,35.0,-0.007465,-0.028562
650.48,35.0,-0.00887,-0.030161
652.58,35.0,-0.010152,-0.031258
654.85,35.0,-0.010829,-0.032102
657.13,35.0,-0.011307,-0.03245
659.23,35.0,-0.011674,-0.032826
661.5,35.0,-0.011369,-0.032434
663.78,35.0,-0.009603,-0.031017
665.88,35.0,-0.007287,-0.028577
668.15,35.0,-0.003648,-0.024951
670.43,35.0,-0.000324,-0.021652
672.53,35.0,0.001768,-0.019397
674.8,35.0,0.002473,-0.019015
677.08,35.0,0.001336,-0.019896
679.35,35.0,-0.000657,-0.021791
681.45,35.0,-0.002407,-0.023611
683.73,35.0,-0.002761,-0.023966
685.83,35.0,-0.000786,-0.021858
688.1,35.0,0.002772,-0.018479
690.38,35.0,0.006164,-0.015152
692.48,35.0,0.008616,-0.012844
694.75,35.0,0.009543,-0.011985
696.85,35.0,0.008542,-0.012644
699.13,35.0,0.006435,-0.01497
701.23,35.0,0.003437,-0.01789
703.5,35.0,-0.000648,-0.021985
705.95,35.0,-0.00554,-0.026883
708.23,35.0,-0.008735,-0.029896
710.33,35.0,-0.011997,-0.033161
11.55,70.0,-0.019012,-0.040463
14.0,70.0,-0.019394,-0.04074
16.28,70.0,-0.020392,-0.041584
18.55,70.0,-0.020971,-0.042102
20.65,70.0,-0.021788,-0.042706
22.93,70.0,-0.021738,-0.042801
25.2,70.0,-0.021695,-0.042832
27.48,70.0,-0.020897,-0.042028
29.75,70.0,-0.019902,-0.041054
32.2,70.0,-0.01838,-0.039462
34.3,70.0,-0.016892,-0.037949
36.58,70.0,-0.015266,-0.036427
38.85,70.0,-0.014058,-0.035198
41.13,70.0,-0.01314,-0.034301
43.4,70.0,-0.012419,-0.033519
45.68,70.0,-0.011744,-0.032853
47.95,70.0,-0.010561,-0.031581
50.05,70.0,-0.008725,-0.029954
52.33,70.0,-0.006889,-0.028088
54.6,70.0,-0.005152,-0.026347
56.7,70.0,-0.00432,-0.025608
59.15,70.0,-0.004406,-0.025669
61.25,70.0,-0.004683,-0.026033
63.53,70.0,-0.005571,-0.026855
65.8,70.0,-0.00603,-0.027225
68.08,70.0,-0.006285,-0.027468
70.18,70.0,-0.005894,-0.02712
72.45,70.0,-0.004126,-0.025438
74.73,70.0,-0.001353,-0.022638
77.0,70.0,0.003462,-0.017887
79.28,70.0,0.010169,-0.011276
81.55,70.0,0.018209,-0.003417
83.83,70.0,0.026786,0.005203
85.93,70.0,0.035625,0.013798
88.55,70.0,0.044722,0.022661
90.65,70.0,0.05161,0.029725
92.93,70.0,0.056983,0.034873
95.2,70.0,0.060939,0.039004
97.48,70.0,0.063662,0.041506
99.75,70.0,0.064402,0.042223
102.03,70.0,0.063068,0.041019
104.13,70.0,0.059981,0.03784
106.4,70.0,0.055803,0.033822
108.68,70.0,0.051121,0.029288
110.78,70.0,0.045243,0.023567
113.05,70.0,0.039383,0.017673
115.33,70.0,0.033123,0.011284
117.6,70.0,0.02674,0.005283
119.7,70.0,0.020375,-0.001104
121.98,70.0,0.014161,-0.007324
124.25,70.0,0.007612,-0.013688
126.53,70.0,0.001743,-0.019505
128.63,70.0,-0.003309,-0.024542
130.9,70.0,-0.007006,-0.028211
133.0,70.0,-0.009049,-0.030167
135.28,70.0,-0.010746,-0.031828
137.55,70.0,-0.011732,-0.032927
139.65,70.0,-0.01245,-0.033488
141.93,70.0,-0.012499,-0.033657
144.03,70.0,-0.012857,-0.033944
146.3,70.0,-0.012835,-0.033962
148.58,70.0,-0.013694,-0.0348
150.85,70.0,-0.013627,-0.034813
152.95,70.0,-0.013667,-0.034837
155.23,70.0,-0.013214,-0.034412
157.33,70.0,-0.012841,-0.033904
159.6,70.0,-0.013121,-0.034341
161.88,70.0,-0.01334,-0.03448
163.98,70.0,-0.013605,-0.034693
166.25,70.0,-0.013926,-0.035192
168.53,70.0,-0.013599,-0.03469
170.63,70.0,-0.012542,-0.033682
172.9,70.0,-0.011479,-0.032576
175.18,70.0,-0.010503,-0.031584
177.45,70.0,-0.009693,-0.030839
179.55,70.0,-0.009009,-0.030152
182.0,70.0,-0.008297,-0.029468
184.1,70.0,-0.00818,-0.029283
186.38,70.0,-0.008232,-0.029471
188.65,70.0,-0.008981,-0.030244
191.1,70.0,-0.010118,-0.031458
193.38,70.0,-0.010725,-0.031871
195.48,70.0,-0.011273,-0.032545
197.75,70.0,-0.011255,-0.032327
200.2,70.0,-0.01106,-0.032154
202.48,70.0,-0.010672,-0.031849
204.58,70.0,-0.010561,-0.031689
206.85,70.0,-0.010558,-0.031723
208.95,70.0,-0.010592,-0.031791
211.23,70.0,-0.010179,-0.031202
213.5,70.0,-0.009425,-0.030614
215.78,70.0,-0.008534,-0.029557
218.05,70.0,-0.007431,-0.028531
220.33,70.0,-0.006818,-0.028128
222.43,70.0,-0.006255,-0.027552
224.7,70.0,-0.006245,-0.027508
226.98,70.0,-0.006245,-0.027527
229.08,70.0,-0.006547,-0.027792
231.35,70.0,-0.006868,-0.028029
233.63,70.0,-0.00741,-0.028642
235.73,70.0,-0.008414,-0.029699
238.0,70.0,-0.009945,-0.031005
240.1,70.0,-0.011017,-0.032206
242.38,70.0,-0.011747,-0.032893
244.65,70.0,-0.010897,-0.032102
246.93,70.0,-0.009221,-0.030346
249.2,70.0,-0.00732,-0.028408
251.3,70.0,-0.00404,-0.025309
253.58,70.0,0.000354,-0.020959
255.85,70.0,0.006145,-0.015309
257.95,70.0,0.013397,-0.007887
260.23,70.0,0.02133,-8.1e-05
262.5,70.0,0.029703,0.008169
264.6,70.0,0.037039,0.015381
266.88,70.0,0.043259,0.021429
268.98,70.0,0.047405,0.025689
271.25,70.0,0.049827,0.027944
273.53,70.0,0.049928,0.028142
275.63,70.0,0.047904,0.026093
277.9,70.0,0.044318,0.022427
280.18,70.0,0.039577,0.017698
282.45,70.0,0.03413,0.012433
284.55,70.0,0.028841,0.007347
286.83,70.0,0.023422,0.00182
289.1,70.0,0.018465,-0.002906
291.2,70.0,0.013708,-0.007792
293.48,70.0,0.008758,-0.012465
295.75,70.0,0.004238,-0.017077
298.03,70.0,-0.000429,-0.021544
300.13,70.0,-0.004237,-0.025534
302.4,70.0,-0.007234,-0.028346
304.68,70.0,-0.008624,-0.029785
306.78,70.0,-0.009776,-0.030934
309.05,70.0,-0.010546,-0.031747
311.15,70.0,-0.011344,-0.032601
313.43,70.0,-0.012173,-0.033334
315.7,70.0,-0.012906,-0.034033
317.98,70.0,-0.013642,-0.034813
320.08,70.0,-0.014381,-0.035651
322.35,70.0,-0.014918,-0.0361
324.45,70.0,-0.015121,-0.036273
326.73,70.0,-0.015278,-0.036313
329.0,70.0,-0.015463,-0.036689
330.93,70.0,-0.015528,-0.036692
333.55,70.0,-0.015444,-0.036744
335.65,70.0,-0.015583,-0.036692
337.93,70.0,-0.015549,-0.036747
340.03,70.0,-0.015614,-0.036738
342.3,70.0,-0.015962,-0.037089
344.58,70.0,-0.015931,-0.037105
346.68,70.0,-0.015515,-0.036738
348.95,70.0,-0.015447,-0.036498
351.23,70.0,-0.014967,-0.036144
353.33,70.0,-0.014092,-0.035241
355.6,70.0,-0.01257,-0.033802
357.88,70.0,-0.010503,-0.031516
359.8,70.0,-0.008433,-0.029711
362.25,70.0,-0.007422,-0.028587
364.53,70.0,-0.007096,-0.02834
366.8,70.0,-0.007003,-0.028306
368.73,70.0,-0.00725,-0.028436
371.18,70.0,-0.007533,-0.028651
373.45,70.0,-0.00745,-0.028661
375.55,70.0,-0.007515,-0.028707
377.83,70.0,-0.007404,-0.028651
380.1,70.0,-0.007447,-0.028624
382.2,70.0,-0.007558,-0.028633
384.48,70.0,-0.007718,-0.028922
386.58,70.0,-0.008121,-0.029477
388.85,70.0,-0.008568,-0.029859
391.13,70.0,-0.009499,-0.030577
393.23,70.0,-0.009797,-0.030971
395.5,70.0,-0.009788,-0.030919
397.78,70.0,-0.00911,-0.030232
400.05,70.0,-0.007961,-0.02919
402.33,70.0,-0.006775,-0.028143
404.43,70.0,-0.005032,-0.026402
405.3,70.0,-0.002897,-0.024292
408.98,70.0,-0.000592,-0.021812
411.08,70.0,0.002193,-0.019141
413.35,70.0,0.005141,-0.016332
415.63,70.0,0.008182,-0.0133
417.9,70.0,0.011789,-0.009548
420.0,70.0,0.016179,-0.005241
422.28,70.0,0.020816,-0.000765
424.38,70.0,0.026256,0.004688
426.65,70.0,0.031755,0.00991
428.93,70.0,0.038006,0.01633
431.03,70.0,0.044663,0.022741
433.3,70.0,0.051586,0.029716
435.58,70.0,0.057984,0.035939
437.68,70.0,0.063715,0.041583
439.95,70.0,0.068705,0.046573
442.05,70.0,0.07226,0.050055
444.33,70.0,0.075443,0.05312
446.6,70.0,0.07731,0.055141
448.7,70.0,0.078471,0.056253
450.98,70.0,0.078585,0.056259
453.25,70.0,0.07767,0.055532
455.53,70.0,0.076333,0.054155
457.8,70.0,0.0745,0.052273
459.9,70.0,0.072325,0.050126
462.18,70.0,0.070042,0.047975
464.28,70.0,0.068234,0.046225
466.55,70.0,0.06629,0.044232
468.65,70.0,0.064383,0.04231
470.93,70.0,0.062532,0.040541
473.2,70.0,0.060926,0.038761
475.48,70.0,0.059235,0.037196
477.58,70.0,0.057852,0.035837
479.85,70.0,0.056598,0.034691
482.13,70.0,0.055828,0.033949
484.23,70.0,0.055067,0.033154
486.5,70.0,0.054623,0.032713
488.6,70.0,0.054275,0.032331
490.7,70.0,0.053721,0.03182
493.15,70.0,0.053246,0.031352
495.25,70.0,0.052886,0.030923
497.53,70.0,0.053305,0.031438
499.8,70.0,0.053613,0.031841
501.9,70.0,0.054112,0.032242
504.18,70.0,0.054996,0.032972
506.45,70.0,0.056105,0.034087
508.55,70.0,0.057066,0.035252
510.83,70.0,0.058804,0.036783
512.93,70.0,0.060461,0.03848
515.2,70.0,0.062177,0.040089
517.48,70.0,0.063551,0.041573
519.58,70.0,0.06511,0.042994
521.85,70.0,0.066737,0.0447
523.95,70.0,0.068542,0.04645
526.23,70.0,0.069583,0.047427
528.33,70.0,0.070634,0.048443
530.6,70.0,0.071398,0.049201
532.88,70.0,0.070655,0.048487
535.15,70.0,0.069297,0.047094
537.6,70.0,0.066564,0.044325
539.7,70.0,0.062932,0.040816
541.98,70.0,0.058758,0.036795
544.25,70.0,0.054599,0.032673
546.53,70.0,0.049941,0.028089
548.8,70.0,0.045581,0.02381
551.08,70.0,0.042322,0.020517
553.18,70.0,0.038998,0.017245
555.45,70.0,0.036712,0.01499
557.73,70.0,0.034734,0.013117
560.0,70.0,0.033607,0.012039
562.1,70.0,0.034078,0.012442
564.38,70.0,0.035825,0.014137
566.65,70.0,0.03909,0.017328
568.93,70.0,0.043342,0.021453
571.2,70.0,0.047553,0.025843
573.3,70.0,0.051808,0.029873
575.58,70.0,0.054519,0.032606
577.85,70.0,0.055175,0.033117
579.95,70.0,0.053431,0.031527
582.23,70.0,0.049565,0.027747
584.5,70.0,0.044315,0.022538
586.6,70.0,0.038203,0.016404
588.88,70.0,0.031456,0.009802
591.15,70.0,0.024935,0.00341
593.25,70.0,0.018561,-0.002918
595.53,70.0,0.01272,-0.008716
597.8,70.0,0.007886,-0.013584
599.9,70.0,0.004232,-0.01704
602.18,70.0,0.001068,-0.020161
604.45,70.0,-0.001319,-0.022622
606.55,70.0,-0.003297,-0.024548
608.83,70.0,-0.004711,-0.026057
611.1,70.0,-0.005577,-0.026788
613.38,70.0,-0.005595,-0.026757
615.65,70.0,-0.004579,-0.025962
617.75,70.0,-0.002832,-0.024169
620.03,70.0,-0.001048,-0.022317
622.13,70.0,0.000421,-0.020777
624.4,70.0,0.001028,-0.020296
626.68,70.0,0.000618,-0.020614
628.78,70.0,-0.00034,-0.021578
631.05,70.0,-0.001572,-0.022807
633.33,70.0,-0.002699,-0.023993
635.43,70.0,-0.003738,-0.025081
637.7,70.0,-0.00472,-0.026017
639.98,70.0,-0.005697,-0.02684
642.25,70.0,-0.006452,-0.027613
644.35,70.0,-0.007049,-0.028226
646.63,70.0,-0.007453,-0.028682
648.73,70.0,-0.007878,-0.029061
651.0,70.0,-0.008232,-0.029455
653.1,70.0,-0.008282,-0.029431
655.38,70.0,-0.008596,-0.029785
657.48,70.0,-0.008722,-0.029853
659.75,70.0,-0.008935,-0.030201
662.03,70.0,-0.008574,-0.029822
664.13,70.0,-0.007958,-0.029043
666.4,70.0,-0.006751,-0.02802
668.68,70.0,-0.004844,-0.026156
670.78,70.0,-0.003205,-0.024381
673.05,70.0,-0.001997,-0.023245
675.33,70.0,-0.002016,-0.023383
677.43,70.0,-0.003251,-0.024514
679.7,70.0,-0.005293,-0.026442
681.98,70.0,-0.006741,-0.028069
684.25,70.0,-0.006365,-0.027681
686.35,70.0,-0.003571,-0.024816
688.63,70.0,0.000951,-0.020432
690.73,70.0,0.005508,-0.015891
693.0,70.0,0.008554,-0.012727
695.28,70.0,0.010261,-0.011076
697.55,70.0,0.009611,-0.011686
699.65,70.0,0.007153,-0.014107
701.93,70.0,0.00393,-0.017404
704.2,70.0,-0.000697,-0.021831
706.3,70.0,-0.005823,-0.027068
708.58,70.0,-0.010836,-0.031945
710.68,70.0,-0.016008,-0.037126
10.33,105.0,-0.024517,-0.045762
12.6,105.0,-0.025155,-0.046205
14.7,105.0,-0.026057,-0.046923
16.98,105.0,-0.026335,-0.047333
19.25,105.0,-0.026757,-0.047773
22.05,105.0,-0.026017,-0.047154
24.15,105.0,-0.02562,-0.046652
26.43,105.0,-0.025592,-0.046637
28.7,105.0,-0.025164,-0.046208
31.15,105.0,-0.025226,-0.046332
33.43,105.0,-0.02562,-0.0466
35.7,105.0,-0.026144,-0.04716
37.8,105.0,-0.026889,-0.047856
40.08,105.0,-0.027635,-0.048553
42.35,105.0,-0.028503,-0.049539
44.63,105.0,-0.029588,-0.050472
46.73,105.0,-0.030031,-0.050946
49.0,105.0,-0.030047,-0.050934
51.28,105.0,-0.029412,-0.050213
53.55,105.0,-0.028115,-0.049021
55.65,105.0,-0.026412,-0.047345
57.93,105.0,-0.025041,-0.046027
60.03,105.0,-0.024135,-0.045102
62.3,105.0,-0.024129,-0.045059
64.58,105.0,-0.024767,-0.045722
66.85,105.0,-0.026193,-0.047154
69.13,105.0,-0.028377,-0.049335
71.23,105.0,-0.03062,-0.051486
73.5,105.0,-0.032086,-0.052906
75.78,105.0,-0.032625,-0.05362
77.88,105.0,-0.031803,-0.052635
80.15,105.0,-0.029144,-0.050035
82.25,105.0,-0.02456,-0.045586
84.53,105.0,-0.018476,-0.039585
86.8,105.0,-0.011101,-0.032305
89.08,105.0,-0.003895,-0.025229
91.18,105.0,0.003117,-0.018254
93.45,105.0,0.009001,-0.012462
95.55,105.0,0.014223,-0.007216
97.83,105.0,0.017846,-0.003587
100.1,105.0,0.019004,-0.002555
102.2,105.0,0.018576,-0.002937
104.48,105.0,0.016875,-0.004671
106.75,105.0,0.013681,-0.007743
108.85,105.0,0.009725,-0.011741
111.13,105.0,0.005329,-0.016094
113.4,105.0,-1.6e-05,-0.021282
115.5,105.0,-0.005601,-0.026892
117.78,105.0,-0.011073,-0.032216
120.05,105.0,-0.01712,-0.038402
122.33,105.0,-0.023571,-0.044566
124.6,105.0,-0.029258,-0.050173
126.7,105.0,-0.033922,-0.054899
128.98,105.0,-0.037706,-0.058571
131.25,105.0,-0.040149,-0.060999
133.35,105.0,-0.041125,-0.062077
135.63,105.0,-0.040851,-0.061643
137.9,105.0,-0.040232,-0.0611
140.0,105.0,-0.039671,-0.060626
142.28,105.0,-0.039197,-0.060047
144.55,105.0,-0.03858,-0.059425
146.65,105.0,-0.038534,-0.059462
148.93,105.0,-0.038682,-0.059428
151.2,105.0,-0.038319,-0.059283
153.48,105.0,-0.037949,-0.058873
155.75,105.0,-0.036652,-0.057675
157.85,105.0,-0.035278,-0.056251
160.13,105.0,-0.034086,-0.05509
162.4,105.0,-0.033405,-0.054369
164.5,105.0,-0.033075,-0.053913
166.78,105.0,-0.03245,-0.053322
169.05,105.0,-0.031926,-0.05282
171.15,105.0,-0.031214,-0.052139
173.43,105.0,-0.030796,-0.051667
175.53,105.0,-0.030038,-0.050928
177.8,105.0,-0.029157,-0.050084
180.08,105.0,-0.028654,-0.049554
182.35,105.0,-0.02858,-0.049505
184.63,105.0,-0.028852,-0.049822
186.73,105.0,-0.029289,-0.050173
189.0,105.0,-0.028907,-0.049736
191.1,105.0,-0.028534,-0.049609
193.38,105.0,-0.028485,-0.049548
195.65,105.0,-0.028621,-0.049616
197.75,105.0,-0.029468,-0.050417
200.03,105.0,-0.030494,-0.051335
202.3,105.0,-0.031168,-0.052046
204.58,105.0,-0.03163,-0.052441
206.68,105.0,-0.031942,-0.052816
208.95,105.0,-0.031991,-0.052875
211.05,105.0,-0.031966,-0.052823
213.33,105.0,-0.032364,-0.053285
215.6,105.0,-0.03253,-0.053531
217.88,105.0,-0.032687,-0.053661
219.98,105.0,-0.032986,-0.053944
222.25,105.0,-0.0331,-0.05407
224.53,105.0,-0.033112,-0.053978
226.63,105.0,-0.033112,-0.054024
228.9,105.0,-0.03269,-0.05355
231.18,105.0,-0.032339,-0.053294
233.28,105.0,-0.03204,-0.052878
235.55,105.0,-0.031624,-0.052592
237.83,105.0,-0.03159,-0.052481
240.1,105.0,-0.03164,-0.052422
242.2,105.0,-0.031883,-0.052736
244.48,105.0,-0.03229,-0.053346
246.75,105.0,-0.031948,-0.052823
248.85,105.0,-0.031396,-0.05228
251.13,105.0,-0.029896,-0.050746
253.4,105.0,-0.027632,-0.048608
255.5,105.0,-0.024545,-0.045478
257.78,105.0,-0.020583,-0.041698
259.88,105.0,-0.01521,-0.036362
262.15,105.0,-0.008559,-0.029822
264.25,105.0,-0.000965,-0.022339
266.53,105.0,0.007196,-0.014283
268.8,105.0,0.015526,-0.005811
270.9,105.0,0.022313,0.000717
273.0,105.0,0.028246,0.006564
275.45,105.0,0.031841,0.010313
277.55,105.0,0.033862,0.012122
279.83,105.0,0.033557,0.011823
281.93,105.0,0.031164,0.009549
284.2,105.0,0.026721,0.005184
286.48,105.0,0.020991,-0.000546
288.75,105.0,0.015033,-0.006335
290.85,105.0,0.008579,-0.012795
293.13,105.0,0.002341,-0.018926
295.23,105.0,-0.003787,-0.025004
297.5,105.0,-0.008565,-0.029674
299.78,105.0,-0.012471,-0.033611
301.88,105.0,-0.015537,-0.036677
304.15,105.0,-0.018057,-0.039261
306.43,105.0,-0.020666,-0.041596
308.7,105.0,-0.022995,-0.043993
310.8,105.0,-0.025229,-0.046033
313.08,105.0,-0.026957,-0.047992
315.35,105.0,-0.028488,-0.049465
317.63,105.0,-0.029572,-0.050571
319.73,105.0,-0.030509,-0.051396
322.0,105.0,-0.030873,-0.051738
324.1,105.0,-0.031439,-0.052354
326.38,105.0,-0.031889,-0.052863
328.65,105.0,-0.031972,-0.052961
330.75,105.0,-0.032653,-0.053608
333.03,105.0,-0.033084,-0.053962
335.3,105.0,-0.033457,-0.054409
337.4,105.0,-0.033781,-0.054751
339.68,105.0,-0.034141,-0.055059
341.95,105.0,-0.034736,-0.055546
344.05,105.0,-0.03541,-0.056402
346.33,105.0,-0.036492,-0.05753
348.6,105.0,-0.037958,-0.058839
350.88,105.0,-0.039437,-0.060475
352.98,105.0,-0.040709,-0.061513
355.25,105.0,-0.041242,-0.062108
357.53,105.0,-0.041107,-0.061975
359.8,105.0,-0.040167,-0.060882
361.9,105.0,-0.038661,-0.059548
364.18,105.0,-0.036895,-0.057897
366.45,105.0,-0.035195,-0.056193
368.73,105.0,-0.033645,-0.054505
370.83,105.0,-0.032194,-0.053158
373.1,105.0,-0.030478,-0.051396
375.38,105.0,-0.028938,-0.049902
377.48,105.0,-0.027373,-0.048457
379.75,105.0,-0.026597,-0.047548
382.03,105.0,-0.025974,-0.046935
384.13,105.0,-0.025685,-0.04656
386.4,105.0,-0.025983,-0.046954
388.5,105.0,-0.026023,-0.047123
390.78,105.0,-0.026375,-0.047333
393.05,105.0,-0.02671,-0.047613
395.15,105.0,-0.026726,-0.047764
397.43,105.0,-0.026344,-0.04728
399.7,105.0,-0.025598,-0.046482
401.98,105.0,-0.024486,-0.045561
404.43,105.0,-0.022191,-0.043282
406.7,105.0,-0.019579,-0.040623
408.8,105.0,-0.015903,-0.03704
411.08,105.0,-0.011211,-0.032247
413.53,105.0,-0.004603,-0.025866
415.8,105.0,0.002199,-0.019061
418.08,105.0,0.009278,-0.012247
420.35,105.0,0.016758,-0.004717
422.63,105.0,0.023804,0.002254
424.73,105.0,0.030347,0.008789
427.0,105.0,0.035914,0.014232
429.28,105.0,0.040856,0.0191
431.38,105.0,0.044463,0.022516
433.65,105.0,0.047319,0.025409
435.75,105.0,0.048699,0.026891
438.2,105.0,0.048829,0.026977
440.3,105.0,0.048101,0.026195
442.58,105.0,0.046712,0.024968
444.85,105.0,0.044833,0.023185
446.95,105.0,0.043021,0.021207
449.23,105.0,0.040477,0.018718
451.33,105.0,0.037584,0.01589
453.6,105.0,0.034623,0.013003
455.7,105.0,0.031413,0.009842
457.98,105.0,0.028249,0.006632
460.25,105.0,0.024962,0.003447
462.35,105.0,0.021937,0.000387
464.63,105.0,0.019158,-0.002373
466.9,105.0,0.017612,-0.003864
469.35,105.0,0.016,-0.005503
471.45,105.0,0.015122,-0.006325
473.73,105.0,0.014694,-0.006683
476.0,105.0,0.014731,-0.00659
478.28,105.0,0.015199,-0.006248
480.55,105.0,0.015446,-0.005922
482.65,105.0,0.015508,-0.005888
484.93,105.0,0.015132,-0.00619
487.2,105.0,0.015116,-0.006245
489.48,105.0,0.01474,-0.006683
491.58,105.0,0.014827,-0.006609
493.85,105.0,0.015434,-0.006067
495.95,105.0,0.016111,-0.005373
498.23,105.0,0.016996,-0.004409
500.5,105.0,0.017895,-0.003503
502.6,105.0,0.018822,-0.002795
504.88,105.0,0.020184,-0.001285
507.15,105.0,0.022005,0.000461
509.43,105.0,0.023795,0.002193
511.7,105.0,0.02532,0.003878
513.98,105.0,0.027066,0.005477
516.25,105.0,0.029254,0.00767
518.35,105.0,0.031235,0.009534
520.63,105.0,0.033366,0.011657
522.9,105.0,0.035834,0.014143
525.18,105.0,0.038921,0.017162
527.45,105.0,0.042473,0.020708
529.73,105.0,0.046016,0.024309
531.83,105.0,0.050329,0.028419
534.1,105.0,0.054525,0.03255
536.38,105.0,0.057556,0.035689
538.48,105.0,0.060387,0.038351
540.75,105.0,0.061888,0.039901
543.03,105.0,0.062082,0.040082
545.13,105.0,0.061463,0.039241
547.4,105.0,0.059725,0.037664
549.68,105.0,0.057914,0.035893
551.78,105.0,0.056324,0.034346
554.4,105.0,0.05426,0.03226
556.68,105.0,0.052861,0.031044
558.78,105.0,0.052146,0.03031
561.05,105.0,0.052199,0.03027
563.15,105.0,0.052923,0.031022
565.43,105.0,0.054654,0.032778
567.7,105.0,0.055997,0.034158
569.8,105.0,0.056567,0.034611
572.08,105.0,0.056481,0.034457
574.18,105.0,0.054716,0.032833
576.45,105.0,0.05121,0.029343
578.73,105.0,0.046379,0.024608
580.83,105.0,0.041059,0.019346
583.1,105.0,0.034842,0.013172
585.38,105.0,0.028943,0.007294
587.65,105.0,0.022812,0.001364
589.75,105.0,0.017147,-0.004418
592.03,105.0,0.010769,-0.010583
594.3,105.0,0.005135,-0.016384
596.4,105.0,-0.000552,-0.021849
598.68,105.0,-0.005035,-0.026415
600.95,105.0,-0.007789,-0.028978
603.23,105.0,-0.009899,-0.031097
605.5,105.0,-0.010906,-0.032071
607.6,105.0,-0.011757,-0.032857
609.88,105.0,-0.011784,-0.032813
611.98,105.0,-0.011033,-0.03228
614.25,105.0,-0.009529,-0.030688
616.53,105.0,-0.007475,-0.028836
618.63,105.0,-0.006205,-0.027481
620.9,105.0,-0.005534,-0.026815
623.18,105.0,-0.005503,-0.026784
625.45,105.0,-0.005922,-0.027188
627.55,105.0,-0.006446,-0.027795
629.83,105.0,-0.007062,-0.028257
632.1,105.0,-0.007481,-0.02858
634.2,105.0,-0.00785,-0.029015
636.48,105.0,-0.008405,-0.029597
638.75,105.0,-0.008605,-0.029874
640.85,105.0,-0.008633,-0.029773
643.13,105.0,-0.008599,-0.029877
645.23,105.0,-0.007995,-0.02924
647.5,105.0,-0.007416,-0.028722
649.78,105.0,-0.006997,-0.028349
652.05,105.0,-0.006942,-0.028316
654.15,105.0,-0.007305,-0.028547
656.43,105.0,-0.007373,-0.028704
658.7,105.0,-0.008269,-0.02948
660.98,105.0,-0.009141,-0.03045
663.25,105.0,-0.010158,-0.031433
665.35,105.0,-0.010207,-0.031288
667.63,105.0,-0.009754,-0.030897
669.73,105.0,-0.008349,-0.029526
672.0,105.0,-0.007207,-0.028433
674.28,105.0,-0.006307,-0.027536
676.38,105.0,-0.005925,-0.02704
678.65,105.0,-0.006825,-0.028078
680.75,105.0,-0.0079,-0.029157
683.03,105.0,-0.009178,-0.030364
685.3,105.0,-0.00907,-0.030349
687.4,105.0,-0.007139,-0.028442
689.68,105.0,-0.002795,-0.02395
691.95,105.0,0.001906,-0.019418
694.05,105.0,0.005523,-0.015842
696.5,105.0,0.006543,-0.014924
698.6,105.0,0.005791,-0.015641
700.88,105.0,0.00332,-0.01794
702.98,105.0,-0.00066,-0.021972
705.25,105.0,-0.005324,-0.026578
707.53,105.0,-0.009625,-0.03078
709.8,105.0,-0.013574,-0.034723
11.38,140.0,-0.023537,-0.044853
13.65,140.0,-0.024619,-0.045808
16.1,140.0,-0.025977,-0.047062
18.38,140.0,-0.027071,-0.048205
20.65,140.0,-0.028146,-0.049206
22.75,140.0,-0.028547,-0.049369
25.03,140.0,-0.028929,-0.049933
27.3,140.0,-0.028984,-0.049785
29.4,140.0,-0.028892,-0.049985
31.68,140.0,-0.028941,-0.049911
33.95,140.0,-0.028944,-0.049837
36.05,140.0,-0.028876,-0.049813
38.33,140.0,-0.028947,-0.049831
40.6,140.0,-0.028938,-0.049917
42.7,140.0,-0.028833,-0.049871
44.98,140.0,-0.028885,-0.049844
47.25,140.0,-0.029292,-0.05013
49.53,140.0,-0.029736,-0.050617
51.8,140.0,-0.029649,-0.050577
53.9,140.0,-0.028969,-0.049791
56.0,140.0,-0.027613,-0.048577
58.28,140.0,-0.02627,-0.047247
60.55,140.0,-0.025241,-0.046171
62.83,140.0,-0.024884,-0.045906
65.1,140.0,-0.024804,-0.045968
67.2,140.0,-0.025863,-0.046772
69.65,140.0,-0.02741,-0.048476
71.93,140.0,-0.028901,-0.04973
74.2,140.0,-0.030028,-0.050863
76.3,140.0,-0.030444,-0.05147
78.58,140.0,-0.030389,-0.051418
80.85,140.0,-0.029813,-0.050663
83.13,140.0,-0.027752,-0.048719
85.23,140.0,-0.0246,-0.045641
87.5,140.0,-0.020364,-0.041427
89.78,140.0,-0.015272,-0.036556
92.05,140.0,-0.010561,-0.031754
94.15,140.0,-0.0068,-0.0281
96.43,140.0,-0.004018,-0.025389
98.7,140.0,-0.002567,-0.023824
100.98,140.0,-0.002379,-0.023738
103.08,140.0,-0.002866,-0.02416
105.35,140.0,-0.004163,-0.025407
107.45,140.0,-0.006141,-0.027364
109.73,140.0,-0.008485,-0.029727
112.0,140.0,-0.01151,-0.032595
114.1,140.0,-0.014973,-0.036085
116.38,140.0,-0.018611,-0.03969
118.65,140.0,-0.021778,-0.042779
120.93,140.0,-0.02521,-0.046208
123.03,140.0,-0.028389,-0.049344
125.13,140.0,-0.031381,-0.052299
127.4,140.0,-0.033349,-0.054431
129.68,140.0,-0.035149,-0.056079
131.95,140.0,-0.036519,-0.057447
134.05,140.0,-0.037283,-0.05814
136.33,140.0,-0.037462,-0.05834
138.6,140.0,-0.037148,-0.058014
140.88,140.0,-0.036341,-0.057305
142.98,140.0,-0.035611,-0.056559
145.25,140.0,-0.034954,-0.055953
147.53,140.0,-0.034474,-0.055426
149.63,140.0,-0.033436,-0.054388
151.9,140.0,-0.032598,-0.05342
154.18,140.0,-0.031073,-0.052012
156.45,140.0,-0.029579,-0.050447
158.55,140.0,-0.028174,-0.049098
160.83,140.0,-0.026794,-0.047678
162.93,140.0,-0.025697,-0.046584
165.2,140.0,-0.024674,-0.045685
167.48,140.0,-0.023436,-0.044612
169.75,140.0,-0.022043,-0.0431
171.85,140.0,-0.020682,-0.041775
174.13,140.0,-0.019853,-0.0409
176.4,140.0,-0.018855,-0.040075
178.5,140.0,-0.017983,-0.03915
180.78,140.0,-0.017139,-0.03826
183.05,140.0,-0.015903,-0.036975
185.15,140.0,-0.014452,-0.03558
187.43,140.0,-0.013279,-0.034418
189.53,140.0,-0.012786,-0.034138
191.98,140.0,-0.013048,-0.034234
194.08,140.0,-0.014083,-0.035207
196.35,140.0,-0.01607,-0.03717
198.63,140.0,-0.018584,-0.039708
200.73,140.0,-0.020943,-0.042046
203.0,140.0,-0.023796,-0.044779
205.28,140.0,-0.026375,-0.047324
207.55,140.0,-0.028494,-0.049545
209.65,140.0,-0.030706,-0.051563
211.93,140.0,-0.032364,-0.053189
214.03,140.0,-0.033463,-0.054366
216.3,140.0,-0.034184,-0.055124
218.58,140.0,-0.034554,-0.055423
220.85,140.0,-0.034271,-0.055287
222.95,140.0,-0.034169,-0.055207
225.23,140.0,-0.034653,-0.055472
227.5,140.0,-0.034927,-0.055826
229.78,140.0,-0.035829,-0.056698
231.88,140.0,-0.036707,-0.057746
234.15,140.0,-0.037474,-0.058516
236.43,140.0,-0.038044,-0.059018
238.35,140.0,-0.038596,-0.059483
240.8,140.0,-0.039311,-0.060198
242.9,140.0,-0.039326,-0.060189
245.18,140.0,-0.039329,-0.060124
247.45,140.0,-0.038996,-0.059844
249.55,140.0,-0.037893,-0.058771
251.83,140.0,-0.036233,-0.057185
254.1,140.0,-0.03379,-0.054739
256.2,140.0,-0.03098,-0.051938
258.48,140.0,-0.027065,-0.048069
260.75,140.0,-0.021988,-0.043158
263.03,140.0,-0.015802,-0.037046
265.13,140.0,-0.008269,-0.029443
267.4,140.0,-0.000112,-0.021433
269.5,140.0,0.007365,-0.013916
271.78,140.0,0.014811,-0.006723
274.05,140.0,0.020662,-0.000993
276.15,140.0,0.025412,0.003742
278.43,140.0,0.028524,0.006903
280.7,140.0,0.029941,0.008277
282.8,140.0,0.029506,0.007852
285.08,140.0,0.02666,0.005215
287.18,140.0,0.021561,8.9e-05
289.45,140.0,0.015181,-0.006261
291.73,140.0,0.007282,-0.014194
293.83,140.0,-0.000167,-0.021526
296.1,140.0,-0.00761,-0.028688
298.38,140.0,-0.013898,-0.035102
300.48,140.0,-0.019394,-0.040561
302.75,140.0,-0.023454,-0.044477
305.03,140.0,-0.026698,-0.047641
307.13,140.0,-0.029157,-0.050068
309.4,140.0,-0.031433,-0.05221
311.68,140.0,-0.033319,-0.05436
313.78,140.0,-0.03481,-0.055786
316.05,140.0,-0.036359,-0.057308
318.33,140.0,-0.037678,-0.058667
320.43,140.0,-0.039375,-0.060281
322.7,140.0,-0.040968,-0.061769
324.98,140.0,-0.041938,-0.062715
327.25,140.0,-0.042675,-0.063386
329.53,140.0,-0.042958,-0.063852
331.63,140.0,-0.042906,-0.063848
333.9,140.0,-0.043029,-0.063922
336.18,140.0,-0.04306,-0.063722
338.28,140.0,-0.043038,-0.063999
340.55,140.0,-0.043023,-0.063969
342.83,140.0,-0.04298,-0.063907
344.93,140.0,-0.043433,-0.06423
347.38,140.0,-0.043322,-0.064193
349.48,140.0,-0.043137,-0.063935
351.75,140.0,-0.042327,-0.063275
353.85,140.0,-0.040906,-0.061948
356.13,140.0,-0.039267,-0.060259
358.4,140.0,-0.037579,-0.058559
360.5,140.0,-0.035971,-0.056988
362.78,140.0,-0.034323,-0.055232
365.05,140.0,-0.033035,-0.054027
367.33,140.0,-0.031556,-0.052385
369.43,140.0,-0.03017,-0.051064
371.7,140.0,-0.028904,-0.049942
373.98,140.0,-0.02782,-0.048796
376.25,140.0,-0.026714,-0.047604
378.35,140.0,-0.025263,-0.046242
380.63,140.0,-0.024135,-0.045108
382.9,140.0,-0.023143,-0.044076
385.18,140.0,-0.022635,-0.043584
387.28,140.0,-0.021831,-0.042909
389.55,140.0,-0.020977,-0.042089
391.83,140.0,-0.020259,-0.041285
393.93,140.0,-0.018845,-0.039924
396.2,140.0,-0.017438,-0.038562
398.48,140.0,-0.016159,-0.037314
400.75,140.0,-0.01432,-0.035549
403.03,140.0,-0.012311,-0.033473
405.3,140.0,-0.009486,-0.030672
407.58,140.0,-0.006529,-0.02782
409.68,140.0,-0.002607,-0.023947
411.95,140.0,0.001102,-0.020041
414.23,140.0,0.005458,-0.016045
416.33,140.0,0.009633,-0.011757
418.6,140.0,0.014753,-0.006698
420.88,140.0,0.019549,-0.001945
422.98,140.0,0.024777,0.003212
425.25,140.0,0.029737,0.00816
427.53,140.0,0.034097,0.012529
429.8,140.0,0.038724,0.016968
431.9,140.0,0.042596,0.020769
434.18,140.0,0.045141,0.023194
436.45,140.0,0.04665,0.024589
438.73,140.0,0.046875,0.024987
441.0,140.0,0.046364,0.024494
443.1,140.0,0.044975,0.023105
445.38,140.0,0.043286,0.021447
447.48,140.0,0.041007,0.01918
449.75,140.0,0.038206,0.016453
452.03,140.0,0.03527,0.01353
454.3,140.0,0.031885,0.010126
456.4,140.0,0.028567,0.006974
458.68,140.0,0.024947,0.003474
460.95,140.0,0.02141,-9.6e-05
463.05,140.0,0.018453,-0.003044
465.33,140.0,0.015828,-0.005651
467.6,140.0,0.013545,-0.00782
469.88,140.0,0.012174,-0.009449
471.98,140.0,0.011318,-0.01013
474.25,140.0,0.01125,-0.010112
476.53,140.0,0.011743,-0.009711
478.8,140.0,0.012119,-0.009304
481.08,140.0,0.011999,-0.009298
483.18,140.0,0.012076,-0.009502
485.45,140.0,0.012073,-0.009406
487.73,140.0,0.012079,-0.00944
489.83,140.0,0.0121,-0.00948
492.1,140.0,0.012455,-0.008972
494.2,140.0,0.012538,-0.008895
496.48,140.0,0.013222,-0.008106
498.75,140.0,0.013736,-0.007613
500.85,140.0,0.014586,-0.006794
503.13,140.0,0.015578,-0.005983
505.4,140.0,0.016373,-0.005152
507.5,140.0,0.017208,-0.004234
509.78,140.0,0.018225,-0.003368
512.05,140.0,0.019038,-0.002558
514.15,140.0,0.020668,-0.000959
516.43,140.0,0.022572,0.000994
518.7,140.0,0.02483,0.003302
520.8,140.0,0.026971,0.005424
523.08,140.0,0.029512,0.00792
525.18,140.0,0.031912,0.010286
527.45,140.0,0.034971,0.013413
529.55,140.0,0.038493,0.016758
531.83,140.0,0.042384,0.020585
534.1,140.0,0.046,0.024161
536.2,140.0,0.049796,0.02792
538.48,140.0,0.053003,0.031161
540.75,140.0,0.055517,0.033607
542.68,140.0,0.056798,0.03495
545.13,140.0,0.057747,0.035742
547.4,140.0,0.058453,0.036318
549.5,140.0,0.058902,0.036838
551.78,140.0,0.059802,0.037661
554.05,140.0,0.060816,0.038856
556.33,140.0,0.06223,0.039999
558.43,140.0,0.063536,0.041463
560.7,140.0,0.06503,0.043055
562.8,140.0,0.06669,0.044543
565.08,140.0,0.068446,0.046339
567.18,140.0,0.069402,0.04718
569.45,140.0,0.069916,0.047649
571.73,140.0,0.069275,0.047088
573.83,140.0,0.066684,0.04466
576.1,140.0,0.062408,0.040418
578.38,140.0,0.05666,0.034639
580.48,140.0,0.049611,0.027821
582.75,140.0,0.042291,0.020498
585.03,140.0,0.034134,0.012448
587.13,140.0,0.026309,0.004768
589.58,140.0,0.018431,-0.003051
591.68,140.0,0.011352,-0.01009
593.95,140.0,0.005129,-0.016239
596.23,140.0,-0.000626,-0.021735
598.33,140.0,-0.004859,-0.026211
600.6,140.0,-0.007693,-0.028725
602.88,140.0,-0.009551,-0.030648
604.98,140.0,-0.010626,-0.031717
607.25,140.0,-0.01135,-0.032518
609.35,140.0,-0.011396,-0.032462
611.63,140.0,-0.010389,-0.031526
613.9,140.0,-0.008276,-0.029378
616.0,140.0,-0.005583,-0.02688
618.28,140.0,-0.002884,-0.024147
620.55,140.0,-0.001298,-0.022582
622.65,140.0,-0.000614,-0.021855
624.93,140.0,-0.000552,-0.021834
627.2,140.0,-0.000953,-0.022213
629.48,140.0,-0.001683,-0.023094
631.75,140.0,-0.00249,-0.023707
634.03,140.0,-0.002838,-0.024212
636.13,140.0,-0.002915,-0.024126
638.4,140.0,-0.00286,-0.024132
640.5,140.0,-0.002706,-0.024006
642.78,140.0,-0.002105,-0.02338
645.05,140.0,-0.000999,-0.022367
647.15,140.0,-1.6e-05,-0.021211
649.43,140.0,0.001056,-0.020272
651.7,140.0,0.001352,-0.019939
653.8,140.0,0.00137,-0.019902
656.08,140.0,0.000702,-0.020574
658.35,140.0,-0.000201,-0.021513
660.63,140.0,-0.001784,-0.023081
662.73,140.0,-0.003544,-0.024807
665.0,140.0,-0.005213,-0.026399
667.28,140.0,-0.005509,-0.026855
669.38,140.0,-0.004459,-0.025762
671.65,140.0,-0.002521,-0.023855
673.93,140.0,-0.000734,-0.022059
676.2,140.0,-0.000102,-0.021406
678.48,140.0,-0.000983,-0.022117
680.75,140.0,-0.002247,-0.023556
683.03,140.0,-0.003852,-0.025201
685.3,140.0,-0.004366,-0.025648
687.4,140.0,-0.002832,-0.024147
689.68,140.0,0.001429,-0.019914
691.95,140.0,0.006441,-0.014988
694.05,140.0,0.010655,-0.010715
696.33,140.0,0.013317,-0.008109
698.43,140.0,0.014001,-0.007542
700.7,140.0,0.012781,-0.008694
702.98,140.0,0.010187,-0.01111
705.08,140.0,0.006959,-0.014486
707.35,140.0,0.003459,-0.017893
709.63,140.0,-0.000947,-0.022225
10.85,175.0,-0.029911,-0.051174
13.13,175.0,-0.031168,-0.052077
15.23,175.0,-0.031612,-0.052635
17.5,175.0,-0.031997,-0.052869
19.78,175.0,-0.031911,-0.052974
22.05,175.0,-0.031618,-0.05253
24.15,175.0,-0.030928,-0.051938
26.43,175.0,-0.030161,-0.051036
28.88,175.0,-0.029434,-0.05038
30.98,175.0,-0.028919,-0.04985
33.25,175.0,-0.02859,-0.049572
35.53,175.0,-0.028466,-0.049523
37.63,175.0,-0.028636,-0.049465
39.9,175.0,-0.028534,-0.049532
42.18,175.0,-0.028519,-0.049477
44.28,175.0,-0.028146,-0.049135
46.55,175.0,-0.028177,-0.049144
48.83,175.0,-0.028476,-0.049388
50.93,175.0,-0.028864,-0.049964
53.2,175.0,-0.029018,-0.049991
55.48,175.0,-0.028303,-0.049089
57.58,175.0,-0.026612,-0.047644
59.85,175.0,-0.025207,-0.04623
62.13,175.0,-0.02419,-0.045115
64.23,175.0,-0.023698,-0.044674
66.5,175.0,-0.024517,-0.045472
68.78,175.0,-0.025648,-0.04672
70.88,175.0,-0.027397,-0.048331
73.15,175.0,-0.029181,-0.050179
75.43,175.0,-0.030629,-0.05159
77.7,175.0,-0.030796,-0.051621
79.98,175.0,-0.030065,-0.051125
82.25,175.0,-0.028007,-0.048987
84.35,175.0,-0.025543,-0.046516
86.63,175.0,-0.022074,-0.043023
88.9,175.0,-0.018186,-0.039255
91.0,175.0,-0.013685,-0.034976
93.28,175.0,-0.008885,-0.030327
95.55,175.0,-0.005179,-0.02651
97.83,175.0,-0.002305,-0.023636
100.1,175.0,-0.000444,-0.021667
102.38,175.0,0.0002,-0.021131
104.48,175.0,-7.8e-05,-0.021233
106.75,175.0,-0.001304,-0.022548
109.03,175.0,-0.00355,-0.024788
111.13,175.0,-0.006683,-0.027857
113.4,175.0,-0.00985,-0.030996
115.5,175.0,-0.013975,-0.035303
117.95,175.0,-0.018433,-0.039508
120.05,175.0,-0.021865,-0.042967
122.15,175.0,-0.024816,-0.04574
124.43,175.0,-0.026972,-0.047813
126.7,175.0,-0.028371,-0.049443
128.98,175.0,-0.029277,-0.050192
131.25,175.0,-0.029308,-0.050124
133.53,175.0,-0.02903,-0.05001
135.63,175.0,-0.028624,-0.049458
137.9,175.0,-0.027545,-0.048534
140.18,175.0,-0.026227,-0.047299
142.28,175.0,-0.02489,-0.04582
144.55,175.0,-0.024055,-0.044936
146.83,175.0,-0.023285,-0.044301
149.1,175.0,-0.023001,-0.044003
151.38,175.0,-0.022601,-0.043608
153.48,175.0,-0.021797,-0.042844
155.93,175.0,-0.020586,-0.041698
158.03,175.0,-0.019871,-0.040937
160.3,175.0,-0.018642,-0.039662
162.58,175.0,-0.017425,-0.038624
164.68,175.0,-0.015863,-0.037056
166.95,175.0,-0.014304,-0.035663
169.05,175.0,-0.012983,-0.034267
171.33,175.0,-0.012163,-0.033168
173.6,175.0,-0.011344,-0.032632
175.88,175.0,-0.010564,-0.031763
178.15,175.0,-0.009597,-0.030731
180.25,175.0,-0.008516,-0.029668
182.53,175.0,-0.007481,-0.028698
184.63,175.0,-0.006788,-0.027955
186.9,175.0,-0.006322,-0.027515
189.18,175.0,-0.006735,-0.02802
191.28,175.0,-0.007382,-0.02867
193.55,175.0,-0.00847,-0.029548
195.65,175.0,-0.009942,-0.03099
197.93,175.0,-0.011489,-0.032712
200.2,175.0,-0.013482,-0.034613
202.3,175.0,-0.015706,-0.03688
204.4,175.0,-0.018269,-0.03936
206.68,175.0,-0.02066,-0.041643
208.95,175.0,-0.023383,-0.044357
211.23,175.0,-0.026202,-0.047188
213.5,175.0,-0.028562,-0.049428
215.6,175.0,-0.030352,-0.051301
217.88,175.0,-0.031575,-0.05236
220.15,175.0,-0.031877,-0.052915
222.25,175.0,-0.032056,-0.052844
224.53,175.0,-0.031677,-0.052524
226.63,175.0,-0.031104,-0.052049
228.9,175.0,-0.030531,-0.051399
231.18,175.0,-0.030075,-0.051008
233.45,175.0,-0.03054,-0.051427
235.73,175.0,-0.031168,-0.052086
237.83,175.0,-0.032046,-0.052912
240.1,175.0,-0.033266,-0.05412
242.38,175.0,-0.034443,-0.055318
244.48,175.0,-0.036128,-0.057092
246.75,175.0,-0.037964,-0.058793
249.03,175.0,-0.039671,-0.060466
251.3,175.0,-0.04078,-0.061741
253.4,175.0,-0.041125,-0.062034
255.68,175.0,-0.040897,-0.061701
257.95,175.0,-0.039234,-0.060028
260.4,175.0,-0.035666,-0.056658
262.68,175.0,-0.031929,-0.052967
264.78,175.0,-0.027034,-0.048047
267.05,175.0,-0.021661,-0.04265
269.68,175.0,-0.015179,-0.03643
271.95,175.0,-0.009197,-0.030327
274.23,175.0,-0.003044,-0.024341
276.33,175.0,0.003668,-0.01765
278.95,175.0,0.010532,-0.011017
281.23,175.0,0.016155,-0.005352
283.33,175.0,0.019935,-0.001637
285.6,175.0,0.022205,0.000674
287.88,175.0,0.022224,0.000554
289.98,175.0,0.020369,-0.001162
292.25,175.0,0.016906,-0.004502
294.53,175.0,0.011789,-0.009532
296.8,175.0,0.005905,-0.015472
298.9,175.0,-0.000919,-0.022006
301.18,175.0,-0.007364,-0.028664
303.28,175.0,-0.013753,-0.035001
305.55,175.0,-0.019631,-0.040672
307.83,175.0,-0.024117,-0.045275
309.93,175.0,-0.028251,-0.049209
312.2,175.0,-0.031865,-0.052767
314.48,175.0,-0.034545,-0.055309
316.75,175.0,-0.037012,-0.057915
319.03,175.0,-0.038855,-0.059739
321.3,175.0,-0.040395,-0.061338
323.4,175.0,-0.04155,-0.062413
325.68,175.0,-0.041911,-0.062967
327.95,175.0,-0.041982,-0.062863
330.05,175.0,-0.041985,-0.062712
332.33,175.0,-0.042003,-0.062804
334.43,175.0,-0.042157,-0.063084
336.7,175.0,-0.042354,-0.063254
338.98,175.0,-0.042293,-0.063124
341.25,175.0,-0.042656,-0.063525
343.35,175.0,-0.043217,-0.063993
345.63,175.0,-0.04363,-0.06436
347.73,175.0,-0.044113,-0.064973
350.0,175.0,-0.043876,-0.064683
352.45,175.0,-0.042915,-0.06379
354.73,175.0,-0.040842,-0.061747
357.0,175.0,-0.03782,-0.058836
359.28,175.0,-0.034495,-0.055463
361.55,175.0,-0.031458,-0.052231
363.83,175.0,-0.028482,-0.049455
365.93,175.0,-0.026304,-0.047293
368.2,175.0,-0.024594,-0.045583
370.48,175.0,-0.023577,-0.044557
372.58,175.0,-0.022604,-0.04367
374.85,175.0,-0.022068,-0.043183
377.13,175.0,-0.021378,-0.042425
379.23,175.0,-0.020685,-0.041707
381.5,175.0,-0.019132,-0.040263
383.43,175.0,-0.016938,-0.038066
385.88,175.0,-0.013996,-0.035096
388.15,175.0,-0.010826,-0.032083
389.9,175.0,-0.007795,-0.028981
392.53,175.0,-0.005016,-0.026227
394.8,175.0,-0.001865,-0.023094
397.08,175.0,0.001549,-0.019745
399.18,175.0,0.005255,-0.016091
401.45,175.0,0.008745,-0.012607
403.73,175.0,0.012732,-0.008784
405.83,175.0,0.016999,-0.004505
408.1,175.0,0.020997,-0.000583
410.38,175.0,0.025326,0.003773
412.65,175.0,0.029291,0.007784
414.93,175.0,0.032196,0.010446
417.03,175.0,0.034352,0.012658
419.3,175.0,0.035865,0.014155
421.58,175.0,0.036922,0.015221
423.68,175.0,0.037729,0.015936
425.95,175.0,0.038172,0.016419
428.23,175.0,0.038419,0.016691
430.5,175.0,0.038117,0.016438
432.6,175.0,0.037174,0.015418
434.88,175.0,0.035474,0.01377
437.15,175.0,0.032562,0.010871
439.25,175.0,0.029303,0.007667
441.53,175.0,0.025144,0.003604
443.8,175.0,0.021256,-0.000186
445.73,175.0,0.018212,-0.003377
448.18,175.0,0.015415,-0.006005
450.45,175.0,0.012676,-0.008688
452.73,175.0,0.010021,-0.011319
455.0,175.0,0.007187,-0.014252
457.1,175.0,0.004734,-0.016513
459.38,175.0,0.002251,-0.019098
461.65,175.0,-1e-05,-0.021199
463.93,175.0,-0.001982,-0.023285
466.03,175.0,-0.003251,-0.024508
468.3,175.0,-0.003633,-0.024893
470.4,175.0,-0.002838,-0.024181
472.68,175.0,-0.001874,-0.02318
474.95,175.0,-0.000925,-0.022093
477.23,175.0,-0.000891,-0.022194
479.33,175.0,-0.001446,-0.02282
481.6,175.0,-0.002499,-0.02371
483.88,175.0,-0.00282,-0.024135
486.15,175.0,-0.002444,-0.023821
488.43,175.0,-0.002357,-0.02358
490.53,175.0,-0.002093,-0.023368
492.8,175.0,-0.001664,-0.023041
495.08,175.0,-0.001141,-0.022394
497.35,175.0,-8.7e-05,-0.02135
499.45,175.0,0.001235,-0.020056
501.73,175.0,0.002797,-0.018488
504.0,175.0,0.004251,-0.017028
506.28,175.0,0.005415,-0.015851
508.38,175.0,0.005942,-0.015343
510.65,175.0,0.006712,-0.014554
512.93,175.0,0.007165,-0.014126
515.03,175.0,0.007673,-0.013676
517.3,175.0,0.008496,-0.012921
519.58,175.0,0.009691,-0.011781
521.68,175.0,0.011204,-0.010158
523.95,175.0,0.012778,-0.00851
526.23,175.0,0.014651,-0.006649
528.33,175.0,0.017113,-0.004468
530.6,175.0,0.019374,-0.002179
532.88,175.0,0.02235,0.000773
534.98,175.0,0.025615,0.004063
537.25,175.0,0.028955,0.007485
539.53,175.0,0.032174,0.010406
541.63,175.0,0.035822,0.014078
543.9,175.0,0.03922,0.017587
546.18,175.0,0.042975,0.021161
548.28,175.0,0.046305,0.024346
550.55,175.0,0.049713,0.027824
552.65,175.0,0.05296,0.031007
554.93,175.0,0.056182,0.034229
557.2,175.0,0.058921,0.036906
559.48,175.0,0.061694,0.03963
561.58,175.0,0.064257,0.042165
563.85,175.0,0.066222,0.043967
566.13,175.0,0.066934,0.0447
568.4,175.0,0.066111,0.043967
570.5,175.0,0.063776,0.041583
572.78,175.0,0.060196,0.03828
575.05,175.0,0.055446,0.033459
577.33,175.0,0.04938,0.027498
579.43,175.0,0.043012,0.021167
581.7,175.0,0.035729,0.014017
583.98,175.0,0.028705,0.007196
586.08,175.0,0.02137,-0.000198
588.35,175.0,0.014448,-0.007009
590.45,175.0,0.007288,-0.01399
592.73,175.0,0.001552,-0.019613
595.0,175.0,-0.003374,-0.024619
597.1,175.0,-0.007314,-0.028503
599.38,175.0,-0.009659,-0.030903
601.65,175.0,-0.01152,-0.032749
603.93,175.0,-0.012444,-0.033725
606.03,175.0,-0.012475,-0.033691
608.3,175.0,-0.011788,-0.032881
610.58,175.0,-0.010035,-0.031304
612.68,175.0,-0.007539,-0.028741
614.95,175.0,-0.004995,-0.026202
617.05,175.0,-0.002536,-0.02379
619.33,175.0,-0.00107,-0.022271
621.6,175.0,-8.1e-05,-0.021415
623.88,175.0,0.000314,-0.020993
625.98,175.0,-0.000219,-0.021362
628.25,175.0,-0.000669,-0.021926
630.53,175.0,-0.00135,-0.022712
632.8,175.0,-0.001683,-0.022906
634.9,175.0,-0.001963,-0.02326
637.18,175.0,-0.001649,-0.023001
639.45,175.0,-0.001483,-0.022829
641.55,175.0,-0.000799,-0.021954
643.83,175.0,-6.5e-05,-0.021276
645.93,175.0,0.000169,-0.021064
648.2,175.0,0.000135,-0.021036
650.48,175.0,-0.00086,-0.022102
652.58,175.0,-0.00196,-0.023343
654.85,175.0,-0.003349,-0.024683
657.13,175.0,-0.004637,-0.025934
659.4,175.0,-0.005931,-0.027228
661.5,175.0,-0.007394,-0.028482
663.78,175.0,-0.008266,-0.029351
666.05,175.0,-0.008639,-0.029794
667.98,175.0,-0.008423,-0.029526
670.43,175.0,-0.007324,-0.028426
672.53,175.0,-0.005386,-0.026643
674.8,175.0,-0.003691,-0.024967
677.08,175.0,-0.002468,-0.023889
679.18,175.0,-0.002496,-0.023864
681.45,175.0,-0.003396,-0.024705
683.73,175.0,-0.00485,-0.026067
685.83,175.0,-0.006329,-0.027496
688.1,175.0,-0.005906,-0.02712
690.2,175.0,-0.003285,-0.024582
692.48,175.0,0.000597,-0.020632
694.75,175.0,0.004318,-0.017049
696.85,175.0,0.006247,-0.015136
699.13,175.0,0.006432,-0.014942
701.23,175.0,0.005409,-0.015974
703.5,175.0,0.002488,-0.018845
705.78,175.0,-0.000854,-0.02225
707.88,175.0,-0.004391,-0.025632
710.15,175.0,-0.007468,-0.028701
11.55,210.0,-0.027749,-0.049064
13.65,210.0,-0.027786,-0.048799
16.1,210.0,-0.027795,-0.048768
18.2,210.0,-0.027813,-0.048824
20.48,210.0,-0.027783,-0.048753
22.75,210.0,-0.027367,-0.048426
25.03,210.0,-0.027117,-0.048014
27.13,210.0,-0.026341,-0.047345
29.4,210.0,-0.024942,-0.045974
31.85,210.0,-0.023205,-0.044314
34.13,210.0,-0.021994,-0.043088
36.23,210.0,-0.020971,-0.042049
38.5,210.0,-0.020675,-0.041815
40.78,210.0,-0.021276,-0.042376
43.05,210.0,-0.022009,-0.043128
45.33,210.0,-0.023011,-0.044006
47.43,210.0,-0.024043,-0.045118
49.7,210.0,-0.025093,-0.046113
51.8,210.0,-0.025608,-0.046541
54.08,210.0,-0.025417,-0.046476
56.35,210.0,-0.024446,-0.045361
58.45,210.0,-0.022952,-0.043885
60.73,210.0,-0.021113,-0.042133
63.0,210.0,-0.020201,-0.041221
65.28,210.0,-0.019822,-0.040934
67.38,210.0,-0.019705,-0.040903
69.83,210.0,-0.020598,-0.041717
72.1,210.0,-0.022151,-0.043109
74.38,210.0,-0.023476,-0.044551
76.48,210.0,-0.024006,-0.045038
78.75,210.0,-0.02411,-0.045087
81.03,210.0,-0.022881,-0.043907
83.3,210.0,-0.021159,-0.042179
85.58,210.0,-0.019206,-0.040401
87.68,210.0,-0.016295,-0.037511
89.95,210.0,-0.01289,-0.034015
92.05,210.0,-0.008885,-0.030152
94.33,210.0,-0.005595,-0.026803
96.6,210.0,-0.002441,-0.023784
98.88,210.0,-0.000216,-0.021495
101.15,210.0,0.000908,-0.020389
103.25,210.0,0.00101,-0.020253
105.53,210.0,0.000119,-0.021156
107.8,210.0,-0.001199,-0.022533
109.9,210.0,-0.002789,-0.024052
112.18,210.0,-0.004502,-0.025876
114.45,210.0,-0.006618,-0.02794
116.73,210.0,-0.008935,-0.030007
119.0,210.0,-0.011319,-0.032428
121.1,210.0,-0.013479,-0.034708
123.38,210.0,-0.015256,-0.036375
125.65,210.0,-0.016054,-0.03732
127.93,210.0,-0.016658,-0.037937
130.03,210.0,-0.017555,-0.038664
132.3,210.0,-0.018319,-0.039317
134.58,210.0,-0.018605,-0.039714
136.85,210.0,-0.018722,-0.039804
138.95,210.0,-0.018069,-0.039267
141.23,210.0,-0.016815,-0.038017
143.33,210.0,-0.01542,-0.03656
145.6,210.0,-0.013947,-0.035195
147.88,210.0,-0.012795,-0.03391
150.15,210.0,-0.011458,-0.032656
152.25,210.0,-0.009591,-0.030866
154.53,210.0,-0.007398,-0.028614
156.63,210.0,-0.004853,-0.026036
158.9,210.0,-0.002074,-0.023405
161.18,210.0,0.000655,-0.020777
163.28,210.0,0.002596,-0.018648
165.55,210.0,0.004007,-0.017428
167.83,210.0,0.004559,-0.016775
169.93,210.0,0.004898,-0.016458
172.2,210.0,0.005286,-0.016094
174.48,210.0,0.005551,-0.015913
176.58,210.0,0.005677,-0.015605
178.85,210.0,0.006056,-0.01534
181.13,210.0,0.006724,-0.014594
183.23,210.0,0.007926,-0.013497
185.5,210.0,0.009112,-0.012256
187.78,210.0,0.009774,-0.01155
189.88,210.0,0.0097,-0.011698
192.15,210.0,0.009164,-0.01237
194.25,210.0,0.00836,-0.013032
196.53,210.0,0.007578,-0.013904
198.8,210.0,0.006801,-0.014597
200.9,210.0,0.005618,-0.015688
203.18,210.0,0.00487,-0.016498
205.45,210.0,0.003733,-0.017693
207.55,210.0,0.002319,-0.018904
209.83,210.0,0.000406,-0.020906
212.1,210.0,-0.002203,-0.023448
214.38,210.0,-0.005386,-0.026661
216.48,210.0,-0.008128,-0.029274
218.75,210.0,-0.011128,-0.032339
221.03,210.0,-0.013624,-0.034748
223.3,210.0,-0.015373,-0.036538
225.4,210.0,-0.016467,-0.037539
227.68,210.0,-0.017056,-0.038248
229.78,210.0,-0.017955,-0.038978
232.05,210.0,-0.01907,-0.040078
234.33,210.0,-0.020386,-0.041464
236.43,210.0,-0.021008,-0.042157
238.7,210.0,-0.021837,-0.042832
240.98,210.0,-0.022755,-0.043781
243.08,210.0,-0.023719,-0.044733
245.35,210.0,-0.024699,-0.045583
247.63,210.0,-0.025589,-0.046578
249.73,210.0,-0.026473,-0.047493
252.0,210.0,-0.027345,-0.04842
254.28,210.0,-0.027721,-0.048667
256.55,210.0,-0.027508,-0.048445
258.65,210.0,-0.026547,-0.047336
260.93,210.0,-0.024625,-0.045617
263.2,210.0,-0.022247,-0.043263
265.3,210.0,-0.01972,-0.040823
267.58,210.0,-0.016498,-0.037629
269.85,210.0,-0.012379,-0.033476
271.95,210.0,-0.007493,-0.028759
274.23,210.0,-0.001778,-0.023063
276.5,210.0,0.004907,-0.016372
278.78,210.0,0.011355,-0.010004
281.05,210.0,0.017932,-0.003568
283.15,210.0,0.022981,0.001521
285.43,210.0,0.027116,0.005523
287.53,210.0,0.029756,0.008083
289.8,210.0,0.030252,0.008675
292.08,210.0,0.028188,0.00661
294.18,210.0,0.023856,0.00251
296.45,210.0,0.018194,-0.003263
298.73,210.0,0.011173,-0.010333
301.0,210.0,0.004183,-0.017163
303.28,210.0,-0.002918,-0.024234
305.38,210.0,-0.009126,-0.030361
307.65,210.0,-0.014591,-0.035752
309.93,210.0,-0.019431,-0.040531
312.03,210.0,-0.023057,-0.044033
314.3,210.0,-0.026424,-0.047373
316.58,210.0,-0.0294,-0.05038
318.68,210.0,-0.032022,-0.052989
320.95,210.0,-0.033319,-0.054283
323.23,210.0,-0.033719,-0.054686
325.33,210.0,-0.033839,-0.054696
327.6,210.0,-0.033328,-0.054255
329.88,210.0,-0.032339,-0.053288
331.98,210.0,-0.030675,-0.051686
334.25,210.0,-0.029163,-0.050084
336.53,210.0,-0.027613,-0.048519
338.63,210.0,-0.026649,-0.04761
340.9,210.0,-0.026014,-0.046957
343.0,210.0,-0.025595,-0.04659
345.28,210.0,-0.02489,-0.045817
347.55,210.0,-0.023824,-0.044924
349.65,210.0,-0.022447,-0.043414
351.93,210.0,-0.020629,-0.0418
354.03,210.0,-0.018932,-0.040093
356.3,210.0,-0.016698,-0.037755
358.58,210.0,-0.013701,-0.034797
360.68,210.0,-0.010022,-0.031184
362.95,210.0,-0.006365,-0.027573
365.05,210.0,-0.002391,-0.023731
367.33,210.0,0.001155,-0.020109
369.6,210.0,0.004057,-0.017216
371.7,210.0,0.006145,-0.01525
373.98,210.0,0.008394,-0.013057
376.25,210.0,0.01052,-0.010888
378.53,210.0,0.012562,-0.008796
380.63,210.0,0.014506,-0.006788
382.9,210.0,0.016426,-0.004942
385.18,210.0,0.018533,-0.003023
387.28,210.0,0.020138,-0.001319
389.55,210.0,0.022159,0.000594
391.65,210.0,0.024001,0.002636
393.93,210.0,0.026195,0.004543
396.2,210.0,0.028462,0.006888
398.48,210.0,0.030945,0.009371
400.58,210.0,0.033379,0.011697
402.85,210.0,0.036536,0.014688
405.13,210.0,0.039913,0.018234
407.23,210.0,0.043471,0.021663
409.5,210.0,0.046222,0.024291
411.78,210.0,0.04857,0.026555
414.05,210.0,0.049947,0.028024
416.33,210.0,0.049919,0.027938
418.43,210.0,0.049001,0.027076
420.7,210.0,0.047559,0.025659
422.98,210.0,0.045954,0.024118
425.08,210.0,0.044053,0.022254
427.35,210.0,0.042214,0.020313
429.63,210.0,0.039928,0.018231
431.73,210.0,0.038151,0.016413
434.0,210.0,0.036379,0.014636
436.1,210.0,0.034118,0.012569
438.38,210.0,0.031959,0.010264
440.65,210.0,0.02975,0.008025
442.93,210.0,0.026845,0.005301
445.03,210.0,0.024007,0.00255
447.3,210.0,0.021447,-0.000173
449.4,210.0,0.01885,-0.002555
451.68,210.0,0.017128,-0.004388
453.95,210.0,0.014996,-0.006516
456.05,210.0,0.013006,-0.008343
458.33,210.0,0.011179,-0.010324
460.6,210.0,0.009241,-0.012151
462.88,210.0,0.007331,-0.013907
464.98,210.0,0.005797,-0.015629
467.25,210.0,0.004368,-0.016791
469.35,210.0,0.002753,-0.018436
471.63,210.0,0.001259,-0.020136
473.73,210.0,-0.000383,-0.021655
476.0,210.0,-0.001926,-0.023266
477.93,210.0,-0.003516,-0.024763
480.38,210.0,-0.004847,-0.026085
482.65,210.0,-0.005916,-0.0272
484.75,210.0,-0.006365,-0.027696
487.03,210.0,-0.006701,-0.027884
489.3,210.0,-0.006276,-0.027592
491.4,210.0,-0.005774,-0.02704
493.68,210.0,-0.00517,-0.026313
495.95,210.0,-0.004418,-0.025638
498.23,210.0,-0.003682,-0.024948
500.33,210.0,-0.002703,-0.024036
502.6,210.0,-0.001646,-0.02302
504.7,210.0,-0.000577,-0.021849
506.98,210.0,0.000338,-0.020946
509.08,210.0,0.001349,-0.019877
511.35,210.0,0.002599,-0.018735
513.63,210.0,0.003992,-0.017314
515.9,210.0,0.005193,-0.016128
518.0,210.0,0.006047,-0.0153
520.28,210.0,0.007424,-0.013929
522.38,210.0,0.008909,-0.012527
524.48,210.0,0.010674,-0.010811
526.93,210.0,0.012378,-0.009132
529.03,210.0,0.013943,-0.007589
531.3,210.0,0.015369,-0.006073
533.4,210.0,0.01686,-0.004576
535.68,210.0,0.018604,-0.003004
537.95,210.0,0.020138,-0.001464
540.05,210.0,0.022612,0.001071
542.33,210.0,0.025702,0.004241
544.43,210.0,0.029568,0.008006
546.7,210.0,0.033468,0.011675
548.98,210.0,0.037679,0.015991
551.08,210.0,0.042011,0.020122
553.35,210.0,0.045551,0.023638
555.63,210.0,0.049026,0.027125
557.73,210.0,0.051691,0.029765
560.0,210.0,0.053674,0.031749
562.1,210.0,0.054389,0.032378
564.38,210.0,0.054097,0.03223
566.65,210.0,0.05243,0.030529
568.93,210.0,0.049377,0.027492
570.85,210.0,0.044993,0.023123
573.3,210.0,0.040209,0.018462
575.58,210.0,0.034648,0.012984
577.68,210.0,0.029066,0.007442
579.95,210.0,0.022969,0.001407
582.23,210.0,0.0178,-0.003568
584.5,210.0,0.012356,-0.009033
586.78,210.0,0.007248,-0.014107
589.05,210.0,0.002575,-0.018747
591.15,210.0,-0.001615,-0.022829
593.43,210.0,-0.005146,-0.026387
595.53,210.0,-0.007752,-0.028929
597.8,210.0,-0.009924,-0.031051
600.08,210.0,-0.011267,-0.032465
602.18,210.0,-0.012287,-0.03354
604.45,210.0,-0.013211,-0.034446
606.73,210.0,-0.01359,-0.034828
608.83,210.0,-0.013069,-0.034166
611.1,210.0,-0.011553,-0.032758
613.38,210.0,-0.009708,-0.030866
615.48,210.0,-0.008223,-0.029486
617.75,210.0,-0.007798,-0.028984
619.85,210.0,-0.008069,-0.029255
622.13,210.0,-0.008987,-0.030136
624.4,210.0,-0.010102,-0.03127
626.68,210.0,-0.010962,-0.032157
628.78,210.0,-0.01139,-0.032545
631.05,210.0,-0.011295,-0.032434
633.15,210.0,-0.010943,-0.031994
635.43,210.0,-0.010099,-0.031483
637.7,210.0,-0.009234,-0.030441
639.8,210.0,-0.008168,-0.02936
642.08,210.0,-0.007496,-0.028661
644.18,210.0,-0.006101,-0.027456
646.45,210.0,-0.004767,-0.026039
648.73,210.0,-0.003214,-0.024403
650.83,210.0,-0.001698,-0.023041
653.1,210.0,-0.000635,-0.021849
655.38,210.0,0.00023,-0.021067
657.65,210.0,0.000317,-0.02095
659.75,210.0,0.00024,-0.020993
662.03,210.0,-0.000278,-0.021578
664.13,210.0,-0.001362,-0.022752
666.4,210.0,-0.002601,-0.023852
668.5,210.0,-0.00359,-0.02484
670.78,210.0,-0.003519,-0.024807
673.05,210.0,-0.002471,-0.023658
675.33,210.0,-0.001205,-0.022601
677.6,210.0,-0.001245,-0.022592
679.7,210.0,-0.002123,-0.023349
681.8,210.0,-0.003873,-0.025244
684.25,210.0,-0.005833,-0.027062
686.35,210.0,-0.006655,-0.027853
688.63,210.0,-0.005337,-0.026486
690.73,210.0,-0.001717,-0.022977
693.0,210.0,0.002368,-0.018907
695.28,210.0,0.005252,-0.016122
697.55,210.0,0.005612,-0.015629
699.65,210.0,0.005628,-0.015833
701.93,210.0,0.003795,-0.017558
704.03,210.0,0.001555,-0.01973
706.3,210.0,-0.001199,-0.022635
708.58,210.0,-0.004357,-0.025632
710.5,210.0,-0.007666,-0.028845
11.55,245.0,-0.025179,-0.04655
13.65,245.0,-0.025176,-0.046236
15.75,245.0,-0.025213,-0.046307
18.2,245.0,-0.024964,-0.046005
20.13,245.0,-0.02481,-0.045792
22.58,245.0,-0.024797,-0.045755
24.85,245.0,-0.024015,-0.044936
27.13,245.0,-0.022712,-0.043744
29.23,245.0,-0.020737,-0.041843
31.5,245.0,-0.018944,-0.040068
33.78,245.0,-0.016982,-0.038078
36.05,245.0,-0.015068,-0.036328
38.33,245.0,-0.013673,-0.03485
40.43,245.0,-0.012484,-0.033805
42.7,245.0,-0.011661,-0.032869
44.8,245.0,-0.011365,-0.032561
47.08,245.0,-0.011686,-0.032921
49.0,245.0,-0.011895,-0.033121
51.63,245.0,-0.012203,-0.033334
53.73,245.0,-0.012052,-0.033168
56.0,245.0,-0.011332,-0.032545
57.93,245.0,-0.009985,-0.031279
60.38,245.0,-0.008063,-0.029338
62.48,245.0,-0.006581,-0.027779
64.93,245.0,-0.005266,-0.02656
67.2,245.0,-0.005198,-0.02643
69.3,245.0,-0.005423,-0.026754
71.58,245.0,-0.006609,-0.027955
73.85,245.0,-0.007789,-0.028996
75.95,245.0,-0.009412,-0.030568
78.23,245.0,-0.010133,-0.031402
80.5,245.0,-0.010226,-0.031538
82.6,245.0,-0.009135,-0.030315
84.88,245.0,-0.006994,-0.028208
87.33,245.0,-0.003593,-0.024914
89.6,245.0,2.4e-05,-0.021224
91.7,245.0,0.003496,-0.017823
93.98,245.0,0.005819,-0.015494
96.25,245.0,0.007744,-0.013759
98.53,245.0,0.008681,-0.012718
100.8,245.0,0.009143,-0.012345
102.9,245.0,0.008296,-0.013014
105.18,245.0,0.007334,-0.014184
107.45,245.0,0.005554,-0.015768
109.73,245.0,0.003542,-0.017764
111.83,245.0,0.000686,-0.02045
114.1,245.0,-0.002505,-0.023805
116.2,245.0,-0.005417,-0.026618
118.48,245.0,-0.007625,-0.028827
120.58,245.0,-0.009964,-0.031085
122.85,245.0,-0.011347,-0.032401
125.13,245.0,-0.011655,-0.032761
127.23,245.0,-0.01172,-0.032884
129.5,245.0,-0.011393,-0.032447
131.78,245.0,-0.010586,-0.031778
134.05,245.0,-0.009874,-0.031027
136.15,245.0,-0.008836,-0.030056
138.43,245.0,-0.007887,-0.029033
140.53,245.0,-0.007348,-0.028516
142.98,245.0,-0.006094,-0.027259
145.08,245.0,-0.004277,-0.025527
147.35,245.0,-0.001898,-0.023223
149.63,245.0,0.001269,-0.02001
151.73,245.0,0.00471,-0.016544
154.0,245.0,0.008061,-0.013322
156.28,245.0,0.011093,-0.01013
158.38,245.0,0.013675,-0.007746
160.65,245.0,0.015252,-0.006116
162.93,245.0,0.015957,-0.005592
165.03,245.0,0.016392,-0.005167
167.3,245.0,0.016697,-0.00472
169.4,245.0,0.017153,-0.004323
171.68,245.0,0.01747,-0.004012
173.95,245.0,0.01787,-0.003636
176.05,245.0,0.018175,-0.00342
178.33,245.0,0.017818,-0.003722
180.6,245.0,0.017057,-0.004542
182.7,245.0,0.015277,-0.006168
184.98,245.0,0.012941,-0.008356
187.25,245.0,0.010434,-0.010996
189.35,245.0,0.007581,-0.014018
191.63,245.0,0.005298,-0.016024
193.9,245.0,0.003465,-0.017786
196.0,245.0,0.002596,-0.018744
198.28,245.0,0.002544,-0.018716
200.55,245.0,0.003573,-0.017755
202.65,245.0,0.005273,-0.016165
204.93,245.0,0.006629,-0.014739
207.2,245.0,0.008206,-0.013137
209.48,245.0,0.0093,-0.012166
211.75,245.0,0.009454,-0.012043
214.03,245.0,0.007975,-0.013359
216.13,245.0,0.006019,-0.015321
218.58,245.0,0.003379,-0.01786
220.85,245.0,0.000751,-0.020426
222.95,245.0,-0.001569,-0.022841
225.23,245.0,-0.003349,-0.024782
227.33,245.0,-0.004865,-0.026193
229.6,245.0,-0.00595,-0.027185
231.88,245.0,-0.006258,-0.02753
234.15,245.0,-0.006267,-0.027481
236.43,245.0,-0.005774,-0.02696
238.7,245.0,-0.005142,-0.026396
240.8,245.0,-0.005053,-0.026375
243.08,245.0,-0.005592,-0.026788
245.35,245.0,-0.005947,-0.027271
247.45,245.0,-0.00667,-0.028026
249.73,245.0,-0.007622,-0.028741
252.0,245.0,-0.009067,-0.030093
254.28,245.0,-0.010241,-0.031378
256.38,245.0,-0.010965,-0.032151
258.65,245.0,-0.011375,-0.032521
260.75,245.0,-0.010968,-0.032157
263.03,245.0,-0.010041,-0.03123
265.3,245.0,-0.008171,-0.029378
267.4,245.0,-0.006039,-0.027185
269.68,245.0,-0.002875,-0.024243
271.95,245.0,0.000779,-0.02045
274.05,245.0,0.005249,-0.01607
276.33,245.0,0.010082,-0.011255
278.6,245.0,0.015899,-0.005491
280.7,245.0,0.021817,0.000206
282.98,245.0,0.028588,0.006934
285.25,245.0,0.035178,0.013474
287.35,245.0,0.041527,0.019777
289.63,245.0,0.045791,0.024053
291.9,245.0,0.047652,0.025883
294.0,245.0,0.046426,0.02458
296.28,245.0,0.043391,0.021555
298.55,245.0,0.038246,0.01649
300.83,245.0,0.032507,0.010917
302.93,245.0,0.026681,0.005005
305.2,245.0,0.020458,-0.00106
307.48,245.0,0.01467,-0.006806
309.58,245.0,0.009143,-0.012302
311.5,245.0,0.004747,-0.016646
314.13,245.0,0.000782,-0.020521
316.23,245.0,-0.002431,-0.023812
318.5,245.0,-0.005284,-0.0266
320.78,245.0,-0.007484,-0.028556
323.05,245.0,-0.008673,-0.029874
325.33,245.0,-0.009874,-0.031107
327.43,245.0,-0.011107,-0.0322
329.7,245.0,-0.012111,-0.033322
331.98,245.0,-0.01285,-0.03395
334.08,245.0,-0.013482,-0.03469
336.35,245.0,-0.013956,-0.035142
338.63,245.0,-0.014351,-0.035552
340.73,245.0,-0.014354,-0.035503
343.0,245.0,-0.014003,-0.035124
345.28,245.0,-0.013337,-0.034508
347.38,245.0,-0.012265,-0.03347
349.65,245.0,-0.010346,-0.031507
351.93,245.0,-0.007703,-0.028873
354.03,245.0,-0.004591,-0.025808
356.3,245.0,-0.000666,-0.022086
358.58,245.0,0.003807,-0.017527
360.85,245.0,0.007843,-0.013719
362.95,245.0,0.012288,-0.009243
365.23,245.0,0.016857,-0.004508
367.33,245.0,0.020896,-0.000734
369.78,245.0,0.025468,0.00361
372.05,245.0,0.029337,0.007664
374.33,245.0,0.032578,0.010806
376.43,245.0,0.035692,0.014158
378.7,245.0,0.038548,0.016789
380.98,245.0,0.040705,0.018835
383.08,245.0,0.04231,0.020581
385.35,245.0,0.04397,0.021959
387.45,245.0,0.045446,0.023422
389.73,245.0,0.047442,0.0256
392.0,245.0,0.049405,0.027507
394.28,245.0,0.05129,0.029491
396.38,245.0,0.053274,0.031475
398.65,245.0,0.055646,0.033641
400.93,245.0,0.057661,0.035819
403.03,245.0,0.06072,0.038594
405.48,245.0,0.063345,0.041191
407.58,245.0,0.06478,0.042605
409.85,245.0,0.064676,0.042519
412.13,245.0,0.06352,0.041355
414.4,245.0,0.061188,0.038973
416.68,245.0,0.0582,0.036296
418.95,245.0,0.054719,0.032695
421.05,245.0,0.050039,0.028151
423.33,245.0,0.045394,0.023548
425.6,245.0,0.041148,0.019463
427.88,245.0,0.036817,0.015141
430.15,245.0,0.032559,0.010822
432.25,245.0,0.028764,0.00711
434.53,245.0,0.025079,0.003533
436.8,245.0,0.021795,0.000233
438.9,245.0,0.018798,-0.002832
441.18,245.0,0.016472,-0.004951
443.45,245.0,0.013853,-0.007496
445.55,245.0,0.01145,-0.010007
447.83,245.0,0.008909,-0.012413
450.1,245.0,0.00653,-0.014859
452.38,245.0,0.004725,-0.016501
454.48,245.0,0.003326,-0.0179
456.75,245.0,0.002596,-0.018812
459.03,245.0,0.002202,-0.019169
461.48,245.0,0.001798,-0.019499
463.58,245.0,0.001395,-0.019862
465.85,245.0,0.000498,-0.020768
467.95,245.0,-0.00062,-0.021824
470.75,245.0,-0.002287,-0.02371
472.85,245.0,-0.003821,-0.025198
475.13,245.0,-0.005087,-0.026486
477.4,245.0,-0.006301,-0.027653
479.85,245.0,-0.007478,-0.028799
482.13,245.0,-0.008202,-0.029412
484.23,245.0,-0.008741,-0.029967
486.5,245.0,-0.009067,-0.030244
488.78,245.0,-0.009073,-0.030343
491.05,245.0,-0.009046,-0.03017
493.33,245.0,-0.008978,-0.030127
495.43,245.0,-0.008614,-0.030004
497.88,245.0,-0.008654,-0.029893
499.98,245.0,-0.008756,-0.029877
502.25,245.0,-0.00826,-0.029545
504.53,245.0,-0.0079,-0.028981
506.8,245.0,-0.007419,-0.028679
509.08,245.0,-0.007422,-0.028842
511.18,245.0,-0.006695,-0.027887
513.45,245.0,-0.005207,-0.026547
515.55,245.0,-0.003312,-0.024668
517.83,245.0,-0.001365,-0.02265
520.1,245.0,0.000498,-0.020894
522.2,245.0,0.002011,-0.019246
524.48,245.0,0.003684,-0.017798
526.75,245.0,0.005135,-0.01623
529.03,245.0,0.006142,-0.015201
531.13,245.0,0.007442,-0.013935
533.4,245.0,0.009035,-0.012484
535.68,245.0,0.010652,-0.010685
537.78,245.0,0.01272,-0.00879
540.05,245.0,0.01458,-0.006751
542.15,245.0,0.01657,-0.004884
544.43,245.0,0.01861,-0.002964
546.7,245.0,0.019984,-0.001587
548.98,245.0,0.021974,0.000471
551.08,245.0,0.024134,0.002602
553.18,245.0,0.026419,0.004617
555.45,245.0,0.028789,0.00706
557.73,245.0,0.030785,0.009263
560.0,245.0,0.031712,0.009993
562.1,245.0,0.032156,0.010424
564.38,245.0,0.031774,0.009919
566.65,245.0,0.030702,0.008949
568.75,245.0,0.028336,0.006909
571.03,245.0,0.025406,0.003708
573.3,245.0,0.021638,2.4e-05
575.4,245.0,0.017803,-0.003685
577.68,245.0,0.013268,-0.008134
579.95,245.0,0.00844,-0.012995
582.05,245.0,0.004325,-0.017019
584.33,245.0,9e-06,-0.02127
586.6,245.0,-0.003695,-0.025096
588.7,245.0,-0.006467,-0.027835
590.98,245.0,-0.008451,-0.029422
593.08,245.0,-0.010038,-0.03123
595.35,245.0,-0.011335,-0.032687
597.63,245.0,-0.012388,-0.033781
599.73,245.0,-0.013389,-0.034594
602.0,245.0,-0.01379,-0.034877
604.1,245.0,-0.01363,-0.034819
606.38,245.0,-0.012585,-0.033916
608.65,245.0,-0.010601,-0.031784
610.75,245.0,-0.008309,-0.029514
613.03,245.0,-0.006698,-0.028044
615.3,245.0,-0.005497,-0.026883
617.58,245.0,-0.00476,-0.026156
619.68,245.0,-0.00432,-0.025589
621.95,245.0,-0.003907,-0.025244
624.23,245.0,-0.004015,-0.025444
626.5,245.0,-0.003975,-0.025383
628.6,245.0,-0.004388,-0.025746
630.88,245.0,-0.004723,-0.02611
632.98,245.0,-0.004446,-0.025851
635.43,245.0,-0.003969,-0.025373
637.7,245.0,-0.003075,-0.024274
639.98,245.0,-0.001707,-0.022949
642.08,245.0,-0.000263,-0.021393
644.35,245.0,0.001034,-0.020216
646.63,245.0,0.002057,-0.019237
648.73,245.0,0.002911,-0.018426
651.0,245.0,0.003748,-0.017499
653.28,245.0,0.004072,-0.017274
655.38,245.0,0.004272,-0.017037
657.65,245.0,0.003727,-0.017662
659.93,245.0,0.002325,-0.019003
662.2,245.0,0.000209,-0.021107
664.48,245.0,-0.002102,-0.023423
666.58,245.0,-0.004317,-0.025709
668.85,245.0,-0.006184,-0.027487
671.13,245.0,-0.006634,-0.027934
673.23,245.0,-0.005906,-0.02725
675.5,245.0,-0.004369,-0.025635
677.6,245.0,-0.003211,-0.024502
679.88,245.0,-0.002465,-0.023852
682.15,245.0,-0.003272,-0.024616
684.6,245.0,-0.004609,-0.025943
686.7,245.0,-0.005481,-0.026837
688.98,245.0,-0.0046,-0.025802
691.25,245.0,-0.001224,-0.022471
693.53,245.0,0.003419,-0.018035
695.63,245.0,0.007103,-0.014258
697.9,245.0,0.010113,-0.01127
700.18,245.0,0.011281,-0.010112
702.45,245.0,0.009793,-0.01172
704.55,245.0,0.006623,-0.01464
706.83,245.0,0.002488,-0.018842
709.1,245.0,-0.002589,-0.023999
711.38,245.0,-0.007508,-0.028759
11.73,280.0,-0.031125,-0.05237
14.0,280.0,-0.030802,-0.051824
16.28,280.0,-0.030441,-0.051526
18.55,280.0,-0.02956,-0.050568
20.83,280.0,-0.028254,-0.049332
22.93,280.0,-0.027065,-0.048057
25.2,280.0,-0.025786,-0.046846
27.48,280.0,-0.024449,-0.045475
29.75,280.0,-0.022706,-0.043775
31.85,280.0,-0.020762,-0.041837
34.13,280.0,-0.019098,-0.04029
36.4,280.0,-0.017444,-0.038694
38.68,280.0,-0.016467,-0.037524
40.95,280.0,-0.01538,-0.036489
43.05,280.0,-0.014723,-0.036017
45.33,280.0,-0.014834,-0.03611
47.6,280.0,-0.015186,-0.036378
49.88,280.0,-0.015601,-0.03671
51.98,280.0,-0.015873,-0.037176
54.25,280.0,-0.015833,-0.036978
56.53,280.0,-0.015004,-0.036242
58.8,280.0,-0.013645,-0.03485
60.9,280.0,-0.012056,-0.0335
63.18,280.0,-0.010959,-0.032046
65.45,280.0,-0.010155,-0.03143
67.73,280.0,-0.010189,-0.031341
69.83,280.0,-0.01091,-0.032049
72.1,280.0,-0.011735,-0.032943
74.38,280.0,-0.013032,-0.034178
76.48,280.0,-0.013898,-0.035127
78.75,280.0,-0.014844,-0.035891
80.85,280.0,-0.015219,-0.036353
83.13,280.0,-0.015192,-0.036421
85.4,280.0,-0.01444,-0.035623
87.68,280.0,-0.012706,-0.033855
89.78,280.0,-0.010355,-0.031624
92.05,280.0,-0.007684,-0.029049
94.33,280.0,-0.005537,-0.026982
96.43,280.0,-0.00351,-0.024754
98.7,280.0,-0.002086,-0.023414
100.98,280.0,-0.001239,-0.022444
103.08,280.0,-0.000962,-0.022154
105.35,280.0,-0.001242,-0.022789
107.63,280.0,-0.002582,-0.023873
109.73,280.0,-0.004311,-0.025617
112.0,280.0,-0.006442,-0.027693
114.28,280.0,-0.008975,-0.030253
116.38,280.0,-0.011883,-0.033152
118.65,280.0,-0.01464,-0.035829
120.93,280.0,-0.01692,-0.037893
123.2,280.0,-0.0183,-0.039351
125.3,280.0,-0.019123,-0.040078
127.58,280.0,-0.019668,-0.040712
129.68,280.0,-0.019705,-0.040836
131.95,280.0,-0.019859,-0.041017
134.05,280.0,-0.019338,-0.040478
136.33,280.0,-0.018334,-0.039468
138.6,280.0,-0.017407,-0.03846
140.88,280.0,-0.015728,-0.036754
143.15,280.0,-0.013248,-0.034594
145.43,280.0,-0.010389,-0.031624
147.7,280.0,-0.007336,-0.028519
149.8,280.0,-0.003756,-0.025281
152.25,280.0,-0.001227,-0.022564
154.53,280.0,0.000489,-0.020682
156.63,280.0,0.001416,-0.019887
159.08,280.0,0.000988,-0.020377
161.18,280.0,-0.000395,-0.021658
163.45,280.0,-0.002493,-0.023916
165.73,280.0,-0.005235,-0.026513
168.0,280.0,-0.007693,-0.029033
170.28,280.0,-0.010296,-0.031544
172.55,280.0,-0.012176,-0.033396
174.83,280.0,-0.013617,-0.034816
177.1,280.0,-0.015186,-0.036347
179.2,280.0,-0.016726,-0.037915
181.48,280.0,-0.01822,-0.039311
183.58,280.0,-0.019283,-0.04045
185.85,280.0,-0.019958,-0.04115
188.13,280.0,-0.020176,-0.041282
190.23,280.0,-0.019841,-0.0409
192.5,280.0,-0.019123,-0.040324
194.6,280.0,-0.018285,-0.039428
196.88,280.0,-0.017342,-0.03855
199.15,280.0,-0.016381,-0.037644
201.43,280.0,-0.015497,-0.036732
203.7,280.0,-0.01395,-0.035155
205.8,280.0,-0.012089,-0.033312
208.08,280.0,-0.010028,-0.031255
210.18,280.0,-0.008337,-0.029576
212.45,280.0,-0.007438,-0.028661
214.73,280.0,-0.007635,-0.028978
217.0,280.0,-0.008864,-0.030099
219.1,280.0,-0.011344,-0.032382
221.38,280.0,-0.014539,-0.035675
223.65,280.0,-0.017838,-0.038947
225.75,280.0,-0.020869,-0.041803
228.03,280.0,-0.023574,-0.044674
230.13,280.0,-0.02619,-0.047126
232.4,280.0,-0.028975,-0.049911
234.5,280.0,-0.031738,-0.052755
236.95,280.0,-0.033935,-0.054868
239.23,280.0,-0.035943,-0.056948
241.5,280.0,-0.037515,-0.05851
243.6,280.0,-0.038118,-0.059181
245.88,280.0,-0.038624,-0.05948
247.98,280.0,-0.038993,-0.059899
250.25,280.0,-0.039317,-0.060204
252.53,280.0,-0.03973,-0.060509
254.8,280.0,-0.040108,-0.060968
256.9,280.0,-0.040352,-0.061291
259.18,280.0,-0.040863,-0.061726
261.45,280.0,-0.040755,-0.061747
263.38,280.0,-0.040207,-0.06119
265.83,280.0,-0.038929,-0.059825
268.1,280.0,-0.036938,-0.057838
270.2,280.0,-0.034455,-0.055386
272.3,280.0,-0.03192,-0.052875
274.75,280.0,-0.028898,-0.049803
277.03,280.0,-0.025759,-0.046942
279.13,280.0,-0.022247,-0.043349
281.4,280.0,-0.01814,-0.039218
283.5,280.0,-0.012404,-0.033657
285.78,280.0,-0.005863,-0.027253
288.05,280.0,0.001253,-0.020035
290.15,280.0,0.007556,-0.013956
292.43,280.0,0.013043,-0.00854
294.7,280.0,0.016435,-0.005118
296.98,280.0,0.017824,-0.003744
299.08,280.0,0.016718,-0.004881
301.35,280.0,0.013776,-0.007743
303.45,280.0,0.00905,-0.012324
305.73,280.0,0.003943,-0.01745
308.0,280.0,-0.001791,-0.023084
310.28,280.0,-0.007182,-0.028245
312.38,280.0,-0.011535,-0.032755
314.65,280.0,-0.015996,-0.037117
316.93,280.0,-0.019727,-0.040943
319.03,280.0,-0.022653,-0.043725
321.3,280.0,-0.025426,-0.04651
323.58,280.0,-0.027576,-0.048556
325.85,280.0,-0.029212,-0.050028
327.95,280.0,-0.030401,-0.051307
330.23,280.0,-0.03168,-0.052678
332.5,280.0,-0.032256,-0.053189
334.6,280.0,-0.032422,-0.053158
336.88,280.0,-0.032453,-0.053279
338.98,280.0,-0.032653,-0.053654
341.25,280.0,-0.032724,-0.053698
343.53,280.0,-0.032166,-0.053266
345.8,280.0,-0.031726,-0.052641
347.9,280.0,-0.030611,-0.051609
350.0,280.0,-0.028756,-0.049733
352.28,280.0,-0.026088,-0.047216
354.55,280.0,-0.02249,-0.043611
356.83,280.0,-0.018263,-0.039295
358.93,280.0,-0.013121,-0.034381
361.2,280.0,-0.007795,-0.029153
363.3,280.0,-0.002311,-0.023648
365.58,280.0,0.003835,-0.017585
367.85,280.0,0.00906,-0.012296
369.95,280.0,0.013946,-0.007398
372.23,280.0,0.0182,-0.003402
374.5,280.0,0.021195,-0.000327
376.78,280.0,0.024041,0.002467
378.88,280.0,0.026105,0.00434
381.15,280.0,0.027442,0.005816
383.25,280.0,0.028299,0.006521
385.53,280.0,0.028764,0.007331
387.63,280.0,0.029466,0.007914
390.08,280.0,0.030409,0.008776
392.18,280.0,0.031352,0.009864
394.45,280.0,0.031928,0.010156
396.73,280.0,0.033185,0.011558
398.83,280.0,0.034737,0.012978
401.1,280.0,0.036148,0.014516
403.38,280.0,0.037633,0.015954
405.48,280.0,0.038807,0.016989
407.75,280.0,0.03917,0.017464
410.03,280.0,0.038305,0.016595
412.13,280.0,0.036607,0.014916
414.4,280.0,0.034106,0.012541
416.5,280.0,0.031339,0.009562
418.78,280.0,0.02808,0.006383
421.05,280.0,0.024402,0.002932
423.33,280.0,0.020646,-0.001002
425.25,280.0,0.017153,-0.004255
427.7,280.0,0.01328,-0.008346
429.8,280.0,0.00975,-0.01168
432.08,280.0,0.006204,-0.015259
434.18,280.0,0.003111,-0.01826
436.45,280.0,3e-05,-0.021479
438.73,280.0,-0.003199,-0.024505
440.83,280.0,-0.006014,-0.027431
443.1,280.0,-0.008174,-0.029283
445.2,280.0,-0.010663,-0.031938
447.48,280.0,-0.013306,-0.034403
449.75,280.0,-0.015999,-0.037228
451.85,280.0,-0.018947,-0.040031
453.95,280.0,-0.021553,-0.04249
456.23,280.0,-0.024018,-0.045035
458.5,280.0,-0.02578,-0.0468
460.78,280.0,-0.027046,-0.048011
463.05,280.0,-0.027727,-0.048654
465.15,280.0,-0.027807,-0.048636
467.43,280.0,-0.028054,-0.049181
469.7,280.0,-0.028084,-0.049095
471.8,280.0,-0.028611,-0.049594
474.08,280.0,-0.029147,-0.050149
476.18,280.0,-0.029988,-0.050811
478.45,280.0,-0.030096,-0.050986
480.55,280.0,-0.030118,-0.050965
482.83,280.0,-0.029311,-0.050281
485.1,280.0,-0.028439,-0.049514
487.2,280.0,-0.02785,-0.048845
489.48,280.0,-0.027478,-0.048463
491.75,280.0,-0.027724,-0.048753
493.85,280.0,-0.028242,-0.04919
496.13,280.0,-0.028617,-0.049579
498.4,280.0,-0.028845,-0.049887
500.68,280.0,-0.028895,-0.049837
502.95,280.0,-0.028503,-0.049418
505.23,280.0,-0.027863,-0.048882
507.5,280.0,-0.027105,-0.048223
509.6,280.0,-0.026338,-0.047459
511.88,280.0,-0.025869,-0.04667
514.15,280.0,-0.024877,-0.045913
516.25,280.0,-0.023996,-0.045112
518.53,280.0,-0.022906,-0.043959
520.8,280.0,-0.021523,-0.042502
523.08,280.0,-0.020059,-0.041187
525.18,280.0,-0.018316,-0.039511
527.45,280.0,-0.016609,-0.03785
529.55,280.0,-0.01468,-0.035851
531.83,280.0,-0.012786,-0.034113
534.1,280.0,-0.011119,-0.032302
536.38,280.0,-0.009326,-0.030555
538.48,280.0,-0.007542,-0.028679
540.75,280.0,-0.005309,-0.026738
543.03,280.0,-0.003004,-0.024332
545.13,280.0,-0.000814,-0.022028
547.4,280.0,0.001552,-0.01981
549.68,280.0,0.003601,-0.017813
551.78,280.0,0.005652,-0.015675
554.05,280.0,0.007753,-0.013608
556.15,280.0,0.009802,-0.011575
558.6,280.0,0.011509,-0.010016
560.7,280.0,0.012519,-0.00891
562.98,280.0,0.013182,-0.008248
565.25,280.0,0.0128,-0.008738
567.35,280.0,0.011629,-0.009868
569.63,280.0,0.009744,-0.011744
571.9,280.0,0.007279,-0.014157
574.0,280.0,0.004975,-0.016513
576.28,280.0,0.001956,-0.019406
578.38,280.0,-0.001178,-0.022539
580.65,280.0,-0.004412,-0.025694
582.93,280.0,-0.007376,-0.028565
585.2,280.0,-0.009902,-0.03102
587.3,280.0,-0.012284,-0.033374
589.58,280.0,-0.014036,-0.035226
591.85,280.0,-0.014834,-0.03598
593.95,280.0,-0.015207,-0.036378
596.23,280.0,-0.014813,-0.035937
598.5,280.0,-0.013793,-0.035047
600.6,280.0,-0.012659,-0.03391
602.88,280.0,-0.010805,-0.032003
605.15,280.0,-0.008007,-0.029323
607.43,280.0,-0.005189,-0.026606
609.7,280.0,-0.002089,-0.023405
611.98,280.0,0.000387,-0.020851
614.08,280.0,0.001891,-0.019409
616.35,280.0,0.002877,-0.018467
618.63,280.0,0.002981,-0.01843
620.73,280.0,0.002698,-0.018707
623.0,280.0,0.001817,-0.01948
625.1,280.0,0.001096,-0.020241
627.38,280.0,0.000548,-0.020737
629.65,280.0,0.000606,-0.020734
631.75,280.0,0.000954,-0.020426
634.03,280.0,0.001515,-0.019782
636.3,280.0,0.002199,-0.019061
638.4,280.0,0.003046,-0.018405
640.68,280.0,0.003625,-0.01765
642.95,280.0,0.004506,-0.01688
645.23,280.0,0.005196,-0.016187
647.5,280.0,0.005625,-0.015792
649.6,280.0,0.005911,-0.015475
651.88,280.0,0.006438,-0.015028
653.98,280.0,0.006789,-0.014508
656.25,280.0,0.006792,-0.014619
658.53,280.0,0.006435,-0.014995
660.63,280.0,0.005686,-0.015786
662.9,280.0,0.004694,-0.016707
665.18,280.0,0.002593,-0.018691
667.28,280.0,-4.1e-05,-0.021347
669.55,280.0,-0.003174,-0.024508
671.83,280.0,-0.00562,-0.026889
674.1,280.0,-0.00659,-0.028014
676.2,280.0,-0.006171,-0.027394
678.48,280.0,-0.005081,-0.026381
680.75,280.0,-0.003929,-0.025336
682.85,280.0,-0.004046,-0.02537
685.13,280.0,-0.004566,-0.025755
687.4,280.0,-0.005928,-0.027234
689.5,280.0,-0.007056,-0.028266
691.78,280.0,-0.005678,-0.026997
694.05,280.0,-0.001843,-0.023149
696.15,280.0,0.003043,-0.018343
698.43,280.0,0.006959,-0.014415
700.7,280.0,0.009676,-0.011735
702.8,280.0,0.01028,-0.011174
705.08,280.0,0.008967,-0.012404
707.35,280.0,0.006167,-0.015241
709.63,280.0,0.003065,-0.018359
11.55,315.0,-0.026781,-0.048112
13.65,315.0,-0.027361,-0.048362
15.93,315.0,-0.027675,-0.048969
18.2,315.0,-0.027718,-0.048855
20.3,315.0,-0.027604,-0.048608
22.58,315.0,-0.026861,-0.047881
24.85,315.0,-0.025309,-0.046501
27.13,315.0,-0.023547,-0.044668
29.23,315.0,-0.021818,-0.042616
31.5,315.0,-0.020035,-0.041156
33.6,315.0,-0.017946,-0.039123
35.88,315.0,-0.015974,-0.037216
38.15,315.0,-0.014686,-0.035891
40.25,315.0,-0.013559,-0.034874
42.53,315.0,-0.013621,-0.034868
44.63,315.0,-0.014385,-0.035509
46.9,315.0,-0.015173,-0.036353
49.18,315.0,-0.016483,-0.03777
51.28,315.0,-0.018097,-0.039292
53.55,315.0,-0.019659,-0.040792
55.83,315.0,-0.020577,-0.041673
58.1,315.0,-0.021048,-0.042056
60.2,315.0,-0.020953,-0.042157
62.48,315.0,-0.020629,-0.04171
65.1,315.0,-0.02054,-0.041664
67.2,315.0,-0.020164,-0.041387
69.48,315.0,-0.02021,-0.041273
71.58,315.0,-0.020481,-0.041516
73.85,315.0,-0.020919,-0.041969
76.13,315.0,-0.022111,-0.043263
78.23,315.0,-0.023445,-0.044443
80.5,315.0,-0.024422,-0.045466
82.6,315.0,-0.024381,-0.045478
84.88,315.0,-0.023864,-0.044939
87.15,315.0,-0.022613,-0.043676
89.43,315.0,-0.02123,-0.042262
91.53,315.0,-0.020189,-0.041359
93.8,315.0,-0.018728,-0.040059
96.08,315.0,-0.017434,-0.038621
98.18,315.0,-0.015971,-0.037142
100.45,315.0,-0.01489,-0.036125
102.55,315.0,-0.014797,-0.035919
104.83,315.0,-0.015555,-0.036751
107.1,315.0,-0.01732,-0.038503
109.38,315.0,-0.01948,-0.040592
111.48,315.0,-0.021526,-0.042567
113.75,315.0,-0.023787,-0.044803
115.85,315.0,-0.025484,-0.046482
118.13,315.0,-0.026612,-0.047551
120.4,315.0,-0.026729,-0.047823
122.68,315.0,-0.026295,-0.04733
124.78,315.0,-0.026322,-0.04725
127.05,315.0,-0.025866,-0.046901
129.33,315.0,-0.025099,-0.046248
131.6,315.0,-0.024471,-0.045426
133.7,315.0,-0.023205,-0.044323
135.98,315.0,-0.021935,-0.042878
138.25,315.0,-0.020472,-0.041569
140.35,315.0,-0.018359,-0.039631
142.63,315.0,-0.015481,-0.036652
144.9,315.0,-0.011985,-0.033322
147.18,315.0,-0.008768,-0.030016
149.28,315.0,-0.006513,-0.027804
151.55,315.0,-0.005386,-0.026809
153.83,315.0,-0.005746,-0.026929
155.93,315.0,-0.007502,-0.028624
158.2,315.0,-0.009505,-0.030691
160.48,315.0,-0.011692,-0.032952
162.58,315.0,-0.013279,-0.034542
164.85,315.0,-0.014335,-0.035457
166.95,315.0,-0.014819,-0.035953
169.23,315.0,-0.015635,-0.036751
171.5,315.0,-0.01651,-0.037564
173.6,315.0,-0.017709,-0.038824
175.88,315.0,-0.019169,-0.040318
178.15,315.0,-0.020552,-0.041714
180.25,315.0,-0.022336,-0.043368
182.53,315.0,-0.024024,-0.045031
184.8,315.0,-0.025564,-0.046519
186.9,315.0,-0.026446,-0.047438
189.18,315.0,-0.027188,-0.0481
191.28,315.0,-0.027761,-0.048864
193.55,315.0,-0.028386,-0.049338
195.83,315.0,-0.028876,-0.049884
197.93,315.0,-0.029246,-0.050235
200.2,315.0,-0.029067,-0.050108
202.48,315.0,-0.028257,-0.049363
204.58,315.0,-0.026868,-0.047927
206.85,315.0,-0.024693,-0.045774
208.95,315.0,-0.021914,-0.04289
211.23,315.0,-0.019113,-0.040293
213.5,315.0,-0.016045,-0.037179
215.78,315.0,-0.01343,-0.03452
218.05,315.0,-0.011421,-0.032629
220.15,315.0,-0.010925,-0.032139
222.43,315.0,-0.011365,-0.032545
224.7,315.0,-0.012647,-0.033932
226.98,315.0,-0.014212,-0.035447
229.08,315.0,-0.015531,-0.036852
231.35,315.0,-0.016858,-0.038134
233.63,315.0,-0.018174,-0.039412
235.73,315.0,-0.02017,-0.041288
238.0,315.0,-0.022154,-0.043198
240.28,315.0,-0.024338,-0.045444
242.55,315.0,-0.026292,-0.047348
244.65,315.0,-0.027989,-0.048913
246.93,315.0,-0.029486,-0.050423
249.03,315.0,-0.03098,-0.051945
251.3,315.0,-0.032607,-0.053584
253.58,315.0,-0.033577,-0.054483
255.85,315.0,-0.034908,-0.055959
257.95,315.0,-0.03599,-0.056963
260.23,315.0,-0.036609,-0.057625
262.33,315.0,-0.036316,-0.057317
264.6,315.0,-0.035645,-0.05667
266.7,315.0,-0.034425,-0.055429
268.98,315.0,-0.033128,-0.054061
271.25,315.0,-0.031137,-0.052086
273.53,315.0,-0.02903,-0.050068
275.63,315.0,-0.027037,-0.047989
277.9,315.0,-0.024539,-0.045537
280.0,315.0,-0.021569,-0.04245
282.28,315.0,-0.018014,-0.039095
284.55,315.0,-0.013399,-0.03464
286.65,315.0,-0.007632,-0.028882
288.93,315.0,-0.001067,-0.022305
291.2,315.0,0.005846,-0.015543
293.3,315.0,0.011986,-0.009517
295.58,315.0,0.016324,-0.005321
297.68,315.0,0.018006,-0.00359
299.95,315.0,0.01719,-0.00424
302.05,315.0,0.014531,-0.006975
304.33,315.0,0.010255,-0.01123
306.6,315.0,0.005144,-0.016215
308.7,315.0,-0.000694,-0.021963
310.98,315.0,-0.006498,-0.02782
313.08,315.0,-0.01151,-0.032709
315.35,315.0,-0.016553,-0.03769
317.63,315.0,-0.020663,-0.041892
319.9,315.0,-0.023858,-0.04493
322.0,315.0,-0.025777,-0.046834
324.28,315.0,-0.027089,-0.048121
326.55,315.0,-0.02732,-0.048337
328.65,315.0,-0.028174,-0.049181
330.93,315.0,-0.028885,-0.049868
333.03,315.0,-0.029893,-0.050836
335.3,315.0,-0.03046,-0.051458
337.58,315.0,-0.030691,-0.051689
339.85,315.0,-0.030432,-0.051251
341.95,315.0,-0.02973,-0.050688
344.23,315.0,-0.028417,-0.049465
346.33,315.0,-0.026849,-0.047813
348.6,315.0,-0.024625,-0.045817
350.88,315.0,-0.022324,-0.043528
353.15,315.0,-0.019763,-0.040876
355.6,315.0,-0.01541,-0.036747
357.88,315.0,-0.010361,-0.031741
359.98,315.0,-0.00489,-0.026365
362.25,315.0,0.000535,-0.020641
364.35,315.0,0.005489,-0.015903
366.63,315.0,0.009901,-0.011569
368.9,315.0,0.014118,-0.007268
371.18,315.0,0.018228,-0.003328
373.28,315.0,0.021546,-0.000164
375.55,315.0,0.024599,0.003074
377.83,315.0,0.02674,0.005184
379.93,315.0,0.028437,0.006801
382.2,315.0,0.029882,0.008299
384.3,315.0,0.031188,0.009476
386.58,315.0,0.03251,0.010859
388.68,315.0,0.034537,0.012763
390.95,315.0,0.036749,0.014931
393.23,315.0,0.038622,0.016842
395.5,315.0,0.040323,0.018465
397.6,315.0,0.041416,0.019596
399.88,315.0,0.041845,0.020036
402.15,315.0,0.041228,0.019291
404.43,315.0,0.039888,0.01812
406.53,315.0,0.038231,0.016595
408.8,315.0,0.036219,0.014503
411.08,315.0,0.033576,0.011842
413.35,315.0,0.031268,0.009528
415.63,315.0,0.028588,0.006971
417.73,315.0,0.026389,0.004614
420.0,315.0,0.024272,0.002482
422.28,315.0,0.02226,0.000794
424.38,315.0,0.020122,-0.001495
426.65,315.0,0.017923,-0.00347
429.1,315.0,0.0141,-0.007552
431.38,315.0,0.011155,-0.010281
433.65,315.0,0.00824,-0.013174
435.75,315.0,0.005705,-0.015635
438.2,315.0,0.002858,-0.018457
440.3,315.0,0.000292,-0.021045
442.58,315.0,-0.002518,-0.02383
444.68,315.0,-0.005223,-0.026507
446.95,315.0,-0.007459,-0.028691
449.23,315.0,-0.009662,-0.030722
451.33,315.0,-0.01143,-0.03265
453.6,315.0,-0.012672,-0.033833
455.88,315.0,-0.013544,-0.034708
457.98,315.0,-0.014354,-0.035595
460.25,315.0,-0.015269,-0.036507
462.53,315.0,-0.016723,-0.037989
464.63,315.0,-0.018121,-0.039391
466.9,315.0,-0.019403,-0.040626
469.18,315.0,-0.020509,-0.041707
471.28,315.0,-0.02091,-0.042019
473.55,315.0,-0.021803,-0.042943
475.83,315.0,-0.02224,-0.043343
478.1,315.0,-0.022656,-0.043691
480.2,315.0,-0.02294,-0.044052
482.65,315.0,-0.023386,-0.044391
484.93,315.0,-0.023235,-0.044378
487.03,315.0,-0.023312,-0.044314
489.3,315.0,-0.022964,-0.044046
491.58,315.0,-0.022173,-0.043226
493.68,315.0,-0.02095,-0.042099
495.95,315.0,-0.020272,-0.041409
498.23,315.0,-0.019255,-0.040432
500.33,315.0,-0.01847,-0.039686
502.6,315.0,-0.018257,-0.0394
504.88,315.0,-0.018226,-0.039471
506.98,315.0,-0.018232,-0.039517
509.25,315.0,-0.018248,-0.039505
511.35,315.0,-0.01786,-0.03907
513.63,315.0,-0.017937,-0.039009
515.9,315.0,-0.017465,-0.038633
518.0,315.0,-0.017065,-0.038312
520.28,315.0,-0.016683,-0.037801
522.55,315.0,-0.015571,-0.036858
524.83,315.0,-0.014412,-0.035589
526.93,315.0,-0.013125,-0.034218
529.2,315.0,-0.011769,-0.033048
531.48,315.0,-0.010722,-0.03217
533.58,315.0,-0.010013,-0.031255
535.85,315.0,-0.009326,-0.030592
538.13,315.0,-0.008741,-0.030044
540.4,315.0,-0.008072,-0.02936
542.5,315.0,-0.007475,-0.028765
544.78,315.0,-0.006316,-0.027505
547.05,315.0,-0.00476,-0.026144
549.15,315.0,-0.002967,-0.024388
551.43,315.0,-0.000626,-0.021834
553.7,315.0,0.002248,-0.018978
555.98,315.0,0.004999,-0.016356
558.08,315.0,0.006999,-0.014403
560.35,315.0,0.008816,-0.012656
562.45,315.0,0.009965,-0.011507
564.73,315.0,0.010622,-0.010845
567.0,315.0,0.010283,-0.011211
569.28,315.0,0.009488,-0.01188
571.38,315.0,0.00804,-0.013356
573.65,315.0,0.006225,-0.015105
575.93,315.0,0.00463,-0.016741
578.03,315.0,0.002301,-0.01911
580.3,315.0,-4.7e-05,-0.021184
582.4,315.0,-0.002188,-0.023519
584.68,315.0,-0.004268,-0.025879
586.95,315.0,-0.006415,-0.027743
589.05,315.0,-0.007512,-0.028645
591.33,315.0,-0.00826,-0.029502
593.43,315.0,-0.008285,-0.029536
595.7,315.0,-0.007755,-0.029267
597.98,315.0,-0.007231,-0.028599
600.25,315.0,-0.006769,-0.027937
602.35,315.0,-0.005916,-0.027231
604.63,315.0,-0.004958,-0.026221
606.9,315.0,-0.003362,-0.024677
609.0,315.0,-0.001763,-0.022977
611.28,315.0,-0.000438,-0.021815
613.55,315.0,-0.000417,-0.021769
615.83,315.0,-0.00082,-0.022191
618.1,315.0,-0.001332,-0.022813
620.38,315.0,-0.001951,-0.02346
622.65,315.0,-0.002401,-0.023787
624.4,315.0,-0.00314,-0.024385
627.03,315.0,-0.003091,-0.024409
629.3,315.0,-0.00237,-0.023845
631.4,315.0,-0.001042,-0.022243
633.68,315.0,0.000979,-0.020404
635.95,315.0,0.002895,-0.018577
638.23,315.0,0.004793,-0.016612
640.5,315.0,0.005997,-0.015281
642.6,315.0,0.007652,-0.013913
644.88,315.0,0.008844,-0.012539
647.15,315.0,0.010008,-0.011501
649.25,315.0,0.010837,-0.010571
651.53,315.0,0.011768,-0.009566
653.63,315.0,0.012165,-0.009252
655.9,315.0,0.011903,-0.009585
658.18,315.0,0.01146,-0.010025
660.45,315.0,0.010301,-0.011153
662.73,315.0,0.009081,-0.01217
664.83,315.0,0.008065,-0.013322
667.1,315.0,0.006906,-0.014415
669.2,315.0,0.005739,-0.015657
671.48,315.0,0.004549,-0.016735
673.58,315.0,0.002907,-0.01854
675.85,315.0,0.002137,-0.019175
678.13,315.0,0.002307,-0.018852
680.23,315.0,0.003206,-0.018088
682.5,315.0,0.003708,-0.017687
684.78,315.0,0.003052,-0.018383
686.88,315.0,0.001305,-0.019979
689.15,315.0,-0.00103,-0.022287
691.43,315.0,-0.003121,-0.024455
693.53,315.0,-0.003562,-0.024856
695.8,315.0,-0.001818,-0.023152
697.9,315.0,0.002963,-0.018334
700.18,315.0,0.008533,-0.012792
702.45,315.0,0.014235,-0.007367
704.55,315.0,0.018277,-0.003223
706.83,315.0,0.019694,-0.001979
709.1,315.0,0.019463,-0.002089
711.2,315.0,0.018425,-0.003232
11.2,350.0,-0.022866,-0.044338
13.48,350.0,-0.023556,-0.044606
15.75,350.0,-0.024018,-0.045035
18.03,350.0,-0.02407,-0.045078
20.3,350.0,-0.02415,-0.04517
22.4,350.0,-0.022952,-0.044024
24.68,350.0,-0.021455,-0.042573
26.95,350.0,-0.020287,-0.041279
29.05,350.0,-0.01834,-0.039566
31.33,350.0,-0.016332,-0.037604
33.6,350.0,-0.014206,-0.035429
35.7,350.0,-0.011788,-0.033198
37.98,350.0,-0.00919,-0.030373
40.25,350.0,-0.006963,-0.028396
42.53,350.0,-0.00465,-0.026082
44.63,350.0,-0.003183,-0.024354
46.9,350.0,-0.002835,-0.024172
49.0,350.0,-0.003165,-0.024499
51.28,350.0,-0.00404,-0.025278
53.55,350.0,-0.004634,-0.026054
55.65,350.0,-0.005306,-0.026637
57.93,350.0,-0.005571,-0.026908
60.2,350.0,-0.004961,-0.026353
62.3,350.0,-0.003882,-0.025269
64.58,350.0,-0.002592,-0.023922
66.85,350.0,-0.001258,-0.022656
69.13,350.0,-0.000524,-0.021754
71.23,350.0,-0.000146,-0.021581
73.5,350.0,-0.000851,-0.022074
75.78,350.0,-0.002262,-0.023731
78.05,350.0,-0.004246,-0.025558
80.15,350.0,-0.006091,-0.027259
82.43,350.0,-0.007299,-0.028624
84.7,350.0,-0.007453,-0.028605
86.8,350.0,-0.007016,-0.028396
89.08,350.0,-0.006655,-0.028017
91.35,350.0,-0.006273,-0.027521
93.45,350.0,-0.00598,-0.027416
95.73,350.0,-0.006273,-0.027558
98.0,350.0,-0.006224,-0.02757
100.1,350.0,-0.006085,-0.027173
102.38,350.0,-0.005497,-0.026831
104.65,350.0,-0.004924,-0.026467
106.75,350.0,-0.004252,-0.025641
109.03,350.0,-0.003993,-0.025275
111.3,350.0,-0.003969,-0.0255
113.4,350.0,-0.004422,-0.025685
115.68,350.0,-0.004323,-0.025589
117.78,350.0,-0.003855,-0.025373
120.05,350.0,-0.003248,-0.024628
122.33,350.0,-0.002783,-0.024123
124.6,350.0,-0.002912,-0.024197
126.7,350.0,-0.003131,-0.024597
128.98,350.0,-0.003192,-0.024465
131.25,350.0,-0.002459,-0.023885
133.35,350.0,-0.000919,-0.02224
135.63,350.0,0.001638,-0.019693
137.9,350.0,0.004774,-0.016621
140.0,350.0,0.007254,-0.014212
142.28,350.0,0.009864,-0.011532
144.55,350.0,0.011737,-0.009742
146.65,350.0,0.012824,-0.008476
148.93,350.0,0.012812,-0.008547
151.03,350.0,0.012073,-0.009378
153.3,350.0,0.010338,-0.01107
155.58,350.0,0.008641,-0.012767
157.68,350.0,0.007014,-0.014369
159.95,350.0,0.005649,-0.015765
162.23,350.0,0.004731,-0.016717
164.5,350.0,0.003998,-0.017382
166.78,350.0,0.003866,-0.017604
168.88,350.0,0.003357,-0.018091
171.15,350.0,0.002621,-0.018627
173.25,350.0,0.00178,-0.019566
175.53,350.0,0.001016,-0.020278
177.8,350.0,0.000301,-0.02106
179.9,350.0,-0.000484,-0.021723
182.18,350.0,-0.000863,-0.02217
184.45,350.0,-0.001794,-0.023072
186.73,350.0,-0.003085,-0.024428
189.0,350.0,-0.00428,-0.025571
191.1,350.0,-0.005118,-0.026393
193.38,350.0,-0.005509,-0.026769
195.65,350.0,-0.005435,-0.026751
197.75,350.0,-0.005296,-0.026689
200.03,350.0,-0.004696,-0.025869
202.3,350.0,-0.003941,-0.025281
204.4,350.0,-0.002659,-0.023987
206.68,350.0,-0.000802,-0.022117
208.95,350.0,0.001167,-0.019951
211.05,350.0,0.003557,-0.017915
213.33,350.0,0.005597,-0.015854
215.6,350.0,0.007495,-0.014015
217.88,350.0,0.009654,-0.011898
219.98,350.0,0.011598,-0.009918
222.25,350.0,0.012837,-0.008602
224.53,350.0,0.013678,-0.007881
226.8,350.0,0.014063,-0.007465
229.08,350.0,0.013681,-0.007669
231.18,350.0,0.013277,-0.008226
233.45,350.0,0.012251,-0.009354
235.73,350.0,0.010708,-0.010731
237.83,350.0,0.009371,-0.012049
240.1,350.0,0.007877,-0.013577
242.2,350.0,0.006148,-0.015219
244.48,350.0,0.004645,-0.01672
246.75,350.0,0.002781,-0.018605
249.03,350.0,0.000942,-0.020216
251.13,350.0,-0.000521,-0.021861
253.4,350.0,-0.001726,-0.02298
255.68,350.0,-0.002817,-0.024194
257.95,350.0,-0.003861,-0.025287
260.05,350.0,-0.004859,-0.026211
262.33,350.0,-0.005715,-0.027059
264.43,350.0,-0.005906,-0.027259
266.7,350.0,-0.00594,-0.027108
268.8,350.0,-0.005105,-0.026476
271.25,350.0,-0.003993,-0.025263
273.35,350.0,-0.002826,-0.024243
275.63,350.0,-0.001316,-0.022564
277.9,350.0,0.000563,-0.020774
280.0,350.0,0.003098,-0.018121
282.28,350.0,0.006456,-0.014964
284.38,350.0,0.010927,-0.010552
286.65,350.0,0.01662,-0.005059
288.93,350.0,0.02272,0.001087
291.03,350.0,0.029821,0.008246
293.3,350.0,0.035927,0.014137
295.58,350.0,0.04141,0.01938
297.85,350.0,0.044876,0.022917
299.95,350.0,0.046546,0.02467
302.23,350.0,0.045877,0.023964
304.33,350.0,0.043277,0.021438
306.6,350.0,0.039087,0.017341
308.88,350.0,0.033816,0.011959
311.15,350.0,0.028336,0.006768
313.25,350.0,0.022775,0.001321
315.53,350.0,0.018068,-0.003522
317.8,350.0,0.013105,-0.00846
319.9,350.0,0.008699,-0.012681
322.18,350.0,0.005739,-0.015845
324.28,350.0,0.0032,-0.018254
326.55,350.0,0.000816,-0.020407
328.83,350.0,-0.000894,-0.022102
330.93,350.0,-0.002142,-0.023334
333.2,350.0,-0.00245,-0.023559
335.3,350.0,-0.00196,-0.023473
337.58,350.0,-0.001664,-0.023001
339.85,350.0,-0.001051,-0.022364
341.95,350.0,-0.000417,-0.021784
344.23,350.0,0.000692,-0.020719
346.33,350.0,0.002211,-0.019061
348.6,350.0,0.004981,-0.01627
350.88,350.0,0.008927,-0.012357
353.15,350.0,0.014848,-0.006701
355.25,350.0,0.021419,-0.000136
357.53,350.0,0.028976,0.007322
359.63,350.0,0.035902,0.01406
361.55,350.0,0.042907,0.021
364.18,350.0,0.04877,0.026808
366.45,350.0,0.054605,0.032713
368.73,350.0,0.059774,0.037495
370.83,350.0,0.064516,0.042257
373.1,350.0,0.068314,0.046275
375.2,350.0,0.071373,0.049134
377.65,350.0,0.073804,0.051506
379.93,350.0,0.075877,0.053502
382.2,350.0,0.07734,0.055129
384.3,350.0,0.078619,0.056247
386.58,350.0,0.079016,0.056829
388.85,350.0,0.079158,0.056808
391.13,350.0,0.078373,0.056114
393.23,350.0,0.077186,0.05491
395.5,350.0,0.075563,0.053391
397.6,350.0,0.073551,0.051302
399.88,350.0,0.071493,0.049334
402.15,350.0,0.069334,0.046946
404.25,350.0,0.06682,0.044713
406.53,350.0,0.063816,0.041721
408.63,350.0,0.060409,0.038394
410.9,350.0,0.056915,0.034845
413.18,350.0,0.053742,0.031817
415.45,350.0,0.050239,0.028388
417.55,350.0,0.046506,0.024583
419.83,350.0,0.042957,0.021136
422.28,350.0,0.038761,0.016823
424.55,350.0,0.035326,0.013536
426.83,350.0,0.031894,0.010132
428.93,350.0,0.028869,0.007208
431.03,350.0,0.025674,0.004087
433.48,350.0,0.023129,0.001493
435.58,350.0,0.020594,-0.001042
437.85,350.0,0.018209,-0.003288
440.13,350.0,0.015209,-0.006258
442.4,350.0,0.012547,-0.008959
444.5,350.0,0.010415,-0.011137
446.78,350.0,0.008601,-0.012918
448.88,350.0,0.006426,-0.014976
451.15,350.0,0.004781,-0.01668
453.43,350.0,0.002578,-0.018919
455.53,350.0,0.000585,-0.020666
457.8,350.0,-0.001011,-0.022542
459.73,350.0,-0.002573,-0.023907
462.18,350.0,-0.003574,-0.02497
464.45,350.0,-0.00464,-0.025832
466.73,350.0,-0.005561,-0.026895
468.83,350.0,-0.006292,-0.027653
471.1,350.0,-0.007059,-0.028411
473.38,350.0,-0.007394,-0.02879
475.48,350.0,-0.00789,-0.028984
477.75,350.0,-0.008152,-0.029348
480.03,350.0,-0.008534,-0.029908
482.3,350.0,-0.008787,-0.029921
484.4,350.0,-0.009027,-0.030189
486.5,350.0,-0.009073,-0.030207
488.95,350.0,-0.009452,-0.030688
491.05,350.0,-0.010195,-0.031396
493.33,350.0,-0.011181,-0.03241
495.6,350.0,-0.012068,-0.033291
497.88,350.0,-0.012841,-0.034221
499.98,350.0,-0.013648,-0.034742
502.25,350.0,-0.014345,-0.03554
504.53,350.0,-0.014736,-0.036023
506.8,350.0,-0.014425,-0.035669
509.08,350.0,-0.013741,-0.034961
511.18,350.0,-0.013072,-0.034394
513.45,350.0,-0.012878,-0.034006
515.55,350.0,-0.012853,-0.034086
517.83,350.0,-0.012453,-0.033648
519.93,350.0,-0.011723,-0.032967
522.2,350.0,-0.010386,-0.031621
524.48,350.0,-0.00871,-0.029964
526.58,350.0,-0.00724,-0.028528
528.85,350.0,-0.005401,-0.026788
531.13,350.0,-0.003617,-0.024951
533.23,350.0,-0.002681,-0.023904
535.5,350.0,-0.001569,-0.022937
537.78,350.0,-1.3e-05,-0.02131
539.88,350.0,0.001888,-0.019308
542.15,350.0,0.003964,-0.017564
544.25,350.0,0.005566,-0.015728
546.53,350.0,0.006786,-0.014674
548.8,350.0,0.00824,-0.013294
550.9,350.0,0.010058,-0.011406
553.18,350.0,0.012196,-0.009274
555.45,350.0,0.014334,-0.007123
557.55,350.0,0.016133,-0.005355
559.83,350.0,0.017716,-0.003833
562.1,350.0,0.018607,-0.002967
564.2,350.0,0.019038,-0.002564
566.48,350.0,0.01897,-0.002638
568.75,350.0,0.018687,-0.002983
570.85,350.0,0.017183,-0.004474
573.13,350.0,0.014888,-0.00664
575.4,350.0,0.011786,-0.009702
577.5,350.0,0.008015,-0.013276
579.78,350.0,0.004731,-0.016707
582.05,350.0,0.000874,-0.020401
584.15,350.0,-0.002099,-0.023667
586.43,350.0,-0.004422,-0.025746
588.7,350.0,-0.005552,-0.026948
590.8,350.0,-0.005888,-0.027179
593.08,350.0,-0.005749,-0.027136
595.35,350.0,-0.005161,-0.02659
597.45,350.0,-0.005016,-0.026378
599.73,350.0,-0.005087,-0.026412
602.0,350.0,-0.004739,-0.025959
604.1,350.0,-0.003744,-0.024945
606.38,350.0,-0.002056,-0.023463
608.65,350.0,-0.00033,-0.021523
610.93,350.0,0.001269,-0.020112
613.03,350.0,0.002205,-0.019073
615.3,350.0,0.002076,-0.019218
617.4,350.0,0.001906,-0.019341
619.68,350.0,0.001586,-0.019791
621.95,350.0,0.001774,-0.019471
624.23,350.0,0.002704,-0.018768
626.33,350.0,0.004164,-0.017274
628.6,350.0,0.005643,-0.015746
630.88,350.0,0.007411,-0.013981
632.98,350.0,0.0093,-0.012037
635.25,350.0,0.010483,-0.010845
637.53,350.0,0.011275,-0.010105
639.63,350.0,0.011808,-0.009853
641.9,350.0,0.011718,-0.009693
644.18,350.0,0.011672,-0.009896
646.28,350.0,0.011826,-0.009591
648.55,350.0,0.011801,-0.009896
650.83,350.0,0.011734,-0.009542
652.93,350.0,0.011826,-0.00985
655.2,350.0,0.012208,-0.009499
657.48,350.0,0.012082,-0.009465
659.58,350.0,0.012532,-0.009194
661.85,350.0,0.012485,-0.009009
664.13,350.0,0.012085,-0.009249
666.4,350.0,0.010871,-0.010491
668.33,350.0,0.009075,-0.012354
670.78,350.0,0.006749,-0.014693
672.88,350.0,0.004497,-0.016809
675.15,350.0,0.002482,-0.018716
677.43,350.0,0.001765,-0.019631
679.53,350.0,0.002479,-0.018879
681.8,350.0,0.003946,-0.017299
683.9,350.0,0.004873,-0.016507
686.18,350.0,0.004503,-0.016772
688.45,350.0,0.003025,-0.018229
690.55,350.0,0.000597,-0.020796
692.83,350.0,-0.001674,-0.02294
695.1,350.0,-0.002666,-0.024089
697.2,350.0,-0.001578,-0.022838
699.48,350.0,0.002452,-0.018784
701.75,350.0,0.008443,-0.012943
703.85,350.0,0.015344,-0.006076
706.13,350.0,0.021361,-0.000296
708.23,350.0,0.026136,0.004559
710.5,350.0,0.029121,0.007316
11.55,385.0,-0.026085,-0.047407
13.65,385.0,-0.027126,-0.048084
15.93,385.0,-0.027644,-0.048664
18.2,385.0,-0.027684,-0.048833
20.3,385.0,-0.027025,-0.048066
22.58,385.0,-0.025666,-0.04667
24.85,385.0,-0.023365,-0.044609
27.13,385.0,-0.020688,-0.041837
29.23,385.0,-0.017398,-0.038574
31.5,385.0,-0.013439,-0.034847
33.6,385.0,-0.009939,-0.031251
35.88,385.0,-0.007056,-0.028294
38.15,385.0,-0.00407,-0.025244
40.43,385.0,-0.00099,-0.022385
42.7,385.0,0.00137,-0.019982
44.8,385.0,0.003243,-0.018239
47.08,385.0,0.004485,-0.016852
49.35,385.0,0.004916,-0.016754
51.45,385.0,0.00459,-0.016846
53.73,385.0,0.003631,-0.017638
56.0,385.0,0.002051,-0.019434
58.1,385.0,0.000193,-0.021045
60.38,385.0,-0.001211,-0.022752
62.48,385.0,-0.001621,-0.022952
64.75,385.0,-0.001387,-0.022724
67.03,385.0,-0.000303,-0.021778
69.3,385.0,0.000652,-0.020808
71.4,385.0,0.001019,-0.020229
73.68,385.0,0.000557,-0.020725
75.95,385.0,-0.000315,-0.021794
78.23,385.0,-0.001637,-0.023007
80.33,385.0,-0.003402,-0.024529
82.6,385.0,-0.004822,-0.026239
84.7,385.0,-0.005965,-0.027259
86.98,385.0,-0.006387,-0.027502
89.08,385.0,-0.006316,-0.027702
91.35,385.0,-0.005574,-0.026954
93.63,385.0,-0.004597,-0.025999
95.9,385.0,-0.003658,-0.024844
98.0,385.0,-0.002853,-0.024113
100.28,385.0,-0.002475,-0.023913
102.55,385.0,-0.002644,-0.024067
104.65,385.0,-0.00278,-0.02416
106.93,385.0,-0.003654,-0.024927
109.2,385.0,-0.004314,-0.025552
111.3,385.0,-0.005075,-0.026412
113.58,385.0,-0.005903,-0.027163
115.68,385.0,-0.006954,-0.028131
117.95,385.0,-0.007123,-0.028285
120.23,385.0,-0.007163,-0.028479
122.33,385.0,-0.007056,-0.028377
124.6,385.0,-0.007065,-0.028454
126.88,385.0,-0.006288,-0.027653
129.15,385.0,-0.005312,-0.026544
131.25,385.0,-0.00343,-0.024717
133.53,385.0,-0.000808,-0.022166
135.8,385.0,0.002319,-0.019061
138.08,385.0,0.005181,-0.01631
140.18,385.0,0.006919,-0.014366
142.45,385.0,0.008259,-0.013294
144.73,385.0,0.008271,-0.013171
146.83,385.0,0.0078,-0.013593
149.1,385.0,0.006919,-0.014486
151.38,385.0,0.005594,-0.015712
153.48,385.0,0.004201,-0.017185
155.75,385.0,0.002279,-0.018959
157.85,385.0,0.000554,-0.020558
160.13,385.0,-0.000802,-0.022176
162.4,385.0,-0.002065,-0.023374
164.68,385.0,-0.002866,-0.024123
166.78,385.0,-0.00314,-0.024594
169.05,385.0,-0.003695,-0.024945
171.15,385.0,-0.003547,-0.025096
173.43,385.0,-0.003645,-0.025047
175.7,385.0,-0.003503,-0.024877
177.8,385.0,-0.00363,-0.025041
180.08,385.0,-0.003938,-0.025355
182.18,385.0,-0.004391,-0.02574
184.45,385.0,-0.005124,-0.026362
186.73,385.0,-0.005703,-0.02716
188.83,385.0,-0.006319,-0.027595
191.1,385.0,-0.00659,-0.027924
193.38,385.0,-0.007139,-0.028349
195.48,385.0,-0.007197,-0.028279
197.75,385.0,-0.007034,-0.028411
200.03,385.0,-0.006766,-0.027829
202.3,385.0,-0.005934,-0.027268
204.4,385.0,-0.004927,-0.026211
206.68,385.0,-0.002912,-0.024403
208.78,385.0,-0.000879,-0.022179
211.05,385.0,0.001281,-0.020327
213.15,385.0,0.00333,-0.018088
215.43,385.0,0.005474,-0.015712
217.7,385.0,0.007713,-0.013741
219.8,385.0,0.010313,-0.011054
222.08,385.0,0.012756,-0.008849
224.18,385.0,0.014956,-0.006658
226.45,385.0,0.016195,-0.005287
228.73,385.0,0.016703,-0.004865
230.83,385.0,0.016764,-0.004902
233.1,385.0,0.016139,-0.005377
235.2,385.0,0.015076,-0.006563
237.48,385.0,0.013567,-0.008048
239.58,385.0,0.011573,-0.009828
241.85,385.0,0.009599,-0.011729
244.13,385.0,0.007701,-0.013781
246.4,385.0,0.006028,-0.015272
248.5,385.0,0.00471,-0.016418
250.78,385.0,0.002951,-0.018282
253.05,385.0,0.001198,-0.019976
255.33,385.0,-0.000528,-0.021957
257.43,385.0,-0.002499,-0.023898
259.7,385.0,-0.004717,-0.025922
261.8,385.0,-0.006556,-0.027912
264.08,385.0,-0.007453,-0.028636
266.35,385.0,-0.007946,-0.029126
268.45,385.0,-0.007678,-0.028876
270.73,385.0,-0.007345,-0.028531
273.0,385.0,-0.00582,-0.027151
275.28,385.0,-0.003953,-0.025503
277.38,385.0,-0.002219,-0.02367
279.48,385.0,0.000344,-0.021113
281.93,385.0,0.003561,-0.017897
284.03,385.0,0.007288,-0.014009
286.3,385.0,0.012809,-0.008581
288.4,385.0,0.018943,-0.002512
290.68,385.0,0.025806,0.004263
292.95,385.0,0.032495,0.01064
295.23,385.0,0.038881,0.017085
297.33,385.0,0.043866,0.021798
299.6,385.0,0.046727,0.024645
301.7,385.0,0.047378,0.025397
303.98,385.0,0.046278,0.024358
306.08,385.0,0.043628,0.021925
308.35,385.0,0.039084,0.017196
310.63,385.0,0.033638,0.011761
312.9,385.0,0.028175,0.006564
315.0,385.0,0.022852,0.001118
317.28,385.0,0.018037,-0.003522
319.55,385.0,0.013847,-0.00769
321.83,385.0,0.010221,-0.011101
324.1,385.0,0.007137,-0.014197
326.38,385.0,0.005082,-0.016378
328.65,385.0,0.003671,-0.017733
330.93,385.0,0.002529,-0.018808
333.03,385.0,0.002227,-0.019277
335.3,385.0,0.001607,-0.019529
337.58,385.0,0.001817,-0.019563
339.68,385.0,0.001715,-0.019588
341.95,385.0,0.002091,-0.019203
344.05,385.0,0.003095,-0.018198
346.33,385.0,0.004858,-0.016529
348.43,385.0,0.007291,-0.014221
350.7,385.0,0.011074,-0.010561
352.98,385.0,0.0158,-0.005759
355.08,385.0,0.020837,-0.000863
357.35,385.0,0.026715,0.005273
359.63,385.0,0.032436,0.010726
361.9,385.0,0.038465,0.016749
364.18,385.0,0.044337,0.022451
366.45,385.0,0.049639,0.027747
368.55,385.0,0.054371,0.032208
370.83,385.0,0.057969,0.035939
373.1,385.0,0.061521,0.039414
375.2,385.0,0.064442,0.042177
377.48,385.0,0.066857,0.044691
379.75,385.0,0.068718,0.04665
381.85,385.0,0.06999,0.047818
384.13,385.0,0.071632,0.04954
386.4,385.0,0.072923,0.05068
388.5,385.0,0.073733,0.051475
390.78,385.0,0.073616,0.051268
392.88,385.0,0.073613,0.051315
395.15,385.0,0.073332,0.051081
397.43,385.0,0.072411,0.05019
399.7,385.0,0.070788,0.048711
401.8,385.0,0.069195,0.04694
404.08,385.0,0.066835,0.044602
406.35,385.0,0.063662,0.041577
408.63,385.0,0.060061,0.037877
410.73,385.0,0.056395,0.034432
413.0,385.0,0.052476,0.030677
415.1,385.0,0.048339,0.026407
417.38,385.0,0.044063,0.022378
419.65,385.0,0.040498,0.01877
421.75,385.0,0.037011,0.01535
424.03,385.0,0.033705,0.012088
426.3,385.0,0.031099,0.009506
428.4,385.0,0.027944,0.006339
430.68,385.0,0.025076,0.003514
432.95,385.0,0.022455,0.000862
435.23,385.0,0.019777,-0.001911
437.33,385.0,0.01739,-0.004073
439.6,385.0,0.014845,-0.006658
441.88,385.0,0.012254,-0.009129
444.15,385.0,0.010332,-0.011267
446.25,385.0,0.008129,-0.013312
448.53,385.0,0.005837,-0.015466
450.8,385.0,0.003696,-0.017589
452.9,385.0,0.00125,-0.020044
455.18,385.0,-0.000771,-0.021917
457.28,385.0,-0.002438,-0.023762
459.55,385.0,-0.003359,-0.024588
461.83,385.0,-0.004092,-0.025312
463.93,385.0,-0.004382,-0.025691
466.2,385.0,-0.004603,-0.025731
468.48,385.0,-0.005081,-0.026535
470.58,385.0,-0.0059,-0.027361
472.85,385.0,-0.006655,-0.028091
474.95,385.0,-0.007607,-0.028833
477.23,385.0,-0.008165,-0.029613
479.5,385.0,-0.009502,-0.030832
481.78,385.0,-0.010934,-0.032049
483.88,385.0,-0.012505,-0.033867
486.15,385.0,-0.013941,-0.035118
488.43,385.0,-0.014717,-0.036005
490.53,385.0,-0.014751,-0.036002
492.8,385.0,-0.015186,-0.036473
495.08,385.0,-0.014813,-0.036153
497.18,385.0,-0.014557,-0.035648
499.45,385.0,-0.01391,-0.035247
501.73,385.0,-0.013704,-0.035025
504.0,385.0,-0.014141,-0.0353
506.1,385.0,-0.014323,-0.035685
508.2,385.0,-0.014317,-0.035632
510.48,385.0,-0.014123,-0.035355
512.75,385.0,-0.013772,-0.034847
515.03,385.0,-0.013115,-0.034505
517.3,385.0,-0.012287,-0.033491
519.58,385.0,-0.011245,-0.032428
521.68,385.0,-0.009782,-0.031125
524.13,385.0,-0.008232,-0.029572
526.23,385.0,-0.006892,-0.028325
528.5,385.0,-0.005223,-0.026507
530.78,385.0,-0.00338,-0.024686
533.23,385.0,-0.000823,-0.022219
535.5,385.0,0.001808,-0.019471
537.6,385.0,0.004553,-0.016741
539.88,385.0,0.006546,-0.014967
542.15,385.0,0.008647,-0.012718
544.25,385.0,0.010523,-0.01107
546.53,385.0,0.01186,-0.00976
548.8,385.0,0.012981,-0.008581
550.9,385.0,0.014106,-0.00716
553.18,385.0,0.015695,-0.005928
555.28,385.0,0.017005,-0.004382
557.55,385.0,0.01845,-0.003174
559.83,385.0,0.018862,-0.002659
561.93,385.0,0.01954,-0.002009
564.2,385.0,0.019774,-0.001935
566.48,385.0,0.019269,-0.002271
568.58,385.0,0.018644,-0.002912
570.85,385.0,0.017196,-0.004406
573.13,385.0,0.014904,-0.006507
575.23,385.0,0.012076,-0.009499
577.5,385.0,0.008465,-0.012989
579.95,385.0,0.00475,-0.016655
582.23,385.0,0.001114,-0.020158
584.33,385.0,-0.001695,-0.022906
586.6,385.0,-0.003673,-0.025068
588.88,385.0,-0.004773,-0.026245
591.15,385.0,-0.004782,-0.026162
593.25,385.0,-0.004083,-0.025321
595.53,385.0,-0.002878,-0.024422
597.8,385.0,-0.001772,-0.022995
599.9,385.0,-0.000685,-0.02204
602.18,385.0,0.000923,-0.020469
604.45,385.0,0.002889,-0.018356
606.73,385.0,0.004626,-0.01656
608.83,385.0,0.005665,-0.01578
611.1,385.0,0.00552,-0.01574
613.2,385.0,0.005692,-0.015931
615.48,385.0,0.004987,-0.016427
617.75,385.0,0.004038,-0.017413
620.03,385.0,0.003283,-0.01794
622.13,385.0,0.003388,-0.017986
624.4,385.0,0.003585,-0.017795
626.5,385.0,0.004688,-0.016865
628.78,385.0,0.005652,-0.015903
630.88,385.0,0.007002,-0.014209
633.15,385.0,0.008493,-0.012915
635.43,385.0,0.009596,-0.011729
637.0,385.0,0.010575,-0.010925
639.8,385.0,0.01101,-0.010586
642.08,385.0,0.011352,-0.010096
644.18,385.0,0.01093,-0.010364
646.28,385.0,0.010446,-0.011054
648.73,385.0,0.009796,-0.01172
651.0,385.0,0.009506,-0.012022
653.1,385.0,0.009426,-0.01204
655.38,385.0,0.009365,-0.012197
657.65,385.0,0.010147,-0.011329
659.75,385.0,0.010779,-0.010722
662.03,385.0,0.011441,-0.009939
664.3,385.0,0.012045,-0.009452
666.58,385.0,0.012026,-0.009357
668.68,385.0,0.011025,-0.010497
670.95,385.0,0.008816,-0.012601
673.23,385.0,0.006108,-0.015367
675.5,385.0,0.003696,-0.017613
677.78,385.0,0.002162,-0.019043
679.88,385.0,0.001728,-0.019542
682.15,385.0,0.002387,-0.018953
684.25,385.0,0.002991,-0.018414
686.53,385.0,0.002926,-0.018411
688.63,385.0,0.002655,-0.018796
690.9,385.0,0.001466,-0.020007
693.18,385.0,-0.000204,-0.021664
695.45,385.0,-0.000565,-0.022052
697.55,385.0,0.001265,-0.020068
699.83,385.0,0.005378,-0.016122
702.1,385.0,0.010541,-0.010845
704.2,385.0,0.016272,-0.005333
706.48,385.0,0.020255,-0.001171
708.75,385.0,0.023003,0.001423
710.85,385.0,0.024106,0.002452
11.38,420.0,-0.023349,-0.044893
13.65,420.0,-0.024264,-0.04542
15.93,420.0,-0.024951,-0.046174
18.2,420.0,-0.024723,-0.045759
20.48,420.0,-0.023525,-0.044797
22.75,420.0,-0.021178,-0.042413
25.03,420.0,-0.018162,-0.03948
27.3,420.0,-0.01452,-0.035654
29.4,420.0,-0.010666,-0.031898
31.68,420.0,-0.007222,-0.028627
33.78,420.0,-0.004147,-0.025515
36.05,420.0,-0.001378,-0.022776
38.33,420.0,0.001161,-0.02025
40.6,420.0,0.003216,-0.018202
42.88,420.0,0.005113,-0.016128
44.98,420.0,0.006968,-0.014477
47.25,420.0,0.008887,-0.012613
49.53,420.0,0.010015,-0.011365
51.63,420.0,0.010508,-0.011017
53.9,420.0,0.010193,-0.011208
56.18,420.0,0.009063,-0.012274
58.28,420.0,0.007692,-0.013658
60.55,420.0,0.006777,-0.014674
62.83,420.0,0.005883,-0.0155
64.93,420.0,0.006376,-0.015047
67.2,420.0,0.006842,-0.014619
69.3,420.0,0.007864,-0.013698
71.58,420.0,0.008323,-0.013254
73.85,420.0,0.008028,-0.013362
75.95,420.0,0.006758,-0.014696
78.23,420.0,0.004978,-0.016199
80.5,420.0,0.002587,-0.018654
82.78,420.0,0.000252,-0.021181
84.88,420.0,-0.001643,-0.023081
87.15,420.0,-0.00269,-0.024083
89.43,420.0,-0.003282,-0.024834
91.53,420.0,-0.002974,-0.02428
93.8,420.0,-0.002881,-0.02424
96.08,420.0,-0.002601,-0.023941
98.18,420.0,-0.002447,-0.023855
100.45,420.0,-0.002536,-0.023947
102.73,420.0,-0.002379,-0.023648
104.83,420.0,-0.002006,-0.023553
107.1,420.0,-0.002213,-0.023519
109.2,420.0,-0.002151,-0.023414
111.48,420.0,-0.001141,-0.022749
113.75,420.0,-0.000829,-0.022117
116.03,420.0,-1e-05,-0.021322
118.13,420.0,0.000649,-0.020737
120.4,420.0,0.000914,-0.020531
122.68,420.0,0.001007,-0.020407
124.78,420.0,0.000637,-0.020524
127.05,420.0,0.001305,-0.020173
129.33,420.0,0.002331,-0.01899
131.43,420.0,0.004756,-0.016587
133.7,420.0,0.007097,-0.014271
135.98,420.0,0.00995,-0.011578
138.08,420.0,0.012393,-0.009194
140.35,420.0,0.013419,-0.008004
142.45,420.0,0.013351,-0.007983
144.73,420.0,0.012492,-0.009046
147.0,420.0,0.011158,-0.010395
149.28,420.0,0.009158,-0.012388
151.55,420.0,0.007131,-0.01436
153.83,420.0,0.005779,-0.015737
155.93,420.0,0.004013,-0.017327
158.2,420.0,0.002926,-0.018559
160.48,420.0,0.001851,-0.019656
162.75,420.0,0.001379,-0.020223
164.85,420.0,0.001383,-0.020047
167.13,420.0,0.001404,-0.019837
169.4,420.0,0.001749,-0.019502
171.5,420.0,0.001678,-0.01973
173.78,420.0,0.001783,-0.019619
176.05,420.0,0.001376,-0.019914
178.33,420.0,0.001426,-0.019859
180.43,420.0,0.001312,-0.020035
182.7,420.0,0.001435,-0.020115
184.98,420.0,0.001817,-0.01952
187.08,420.0,0.001724,-0.019616
189.35,420.0,0.00174,-0.019631
191.45,420.0,0.001552,-0.019791
193.73,420.0,0.000883,-0.020478
196.0,420.0,-2.8e-05,-0.021344
198.28,420.0,-0.000694,-0.022213
200.38,420.0,-0.001399,-0.022752
202.65,420.0,-0.001698,-0.023118
204.93,420.0,-0.001695,-0.023017
207.2,420.0,-0.001784,-0.023103
209.3,420.0,-0.001741,-0.022909
211.58,420.0,-0.001818,-0.023011
213.85,420.0,-0.000937,-0.022425
215.95,420.0,0.000449,-0.02082
218.23,420.0,0.003185,-0.018454
220.33,420.0,0.006037,-0.015509
222.6,420.0,0.009602,-0.011988
224.88,420.0,0.012559,-0.008849
226.98,420.0,0.015184,-0.006338
229.25,420.0,0.017017,-0.0044
231.53,420.0,0.018203,-0.003377
233.8,420.0,0.018459,-0.00294
235.9,420.0,0.018514,-0.003008
238.18,420.0,0.017371,-0.004089
240.28,420.0,0.015329,-0.006365
242.55,420.0,0.012501,-0.00904
244.83,420.0,0.009836,-0.011917
247.1,420.0,0.006583,-0.014717
249.2,420.0,0.004204,-0.017247
251.48,420.0,0.001047,-0.020201
253.75,420.0,-0.001649,-0.02289
256.03,420.0,-0.003494,-0.024859
258.13,420.0,-0.005266,-0.026735
260.4,420.0,-0.006861,-0.02806
262.68,420.0,-0.007431,-0.028738
264.78,420.0,-0.007567,-0.028839
267.05,420.0,-0.006966,-0.0285
269.15,420.0,-0.005983,-0.027237
271.43,420.0,-0.004877,-0.026316
273.7,420.0,-0.003633,-0.024791
275.98,420.0,-0.001914,-0.023174
278.25,420.0,3.6e-05,-0.021131
280.53,420.0,0.001832,-0.019499
282.63,420.0,0.003265,-0.018118
284.9,420.0,0.005009,-0.016295
287.18,420.0,0.006814,-0.014742
289.45,420.0,0.010249,-0.011322
291.55,420.0,0.015061,-0.006701
293.83,420.0,0.020702,-0.000876
295.93,420.0,0.027143,0.005572
298.2,420.0,0.033123,0.011293
300.48,420.0,0.037723,0.015976
302.75,420.0,0.040625,0.018705
304.85,420.0,0.041392,0.019633
307.13,420.0,0.040557,0.018712
309.4,420.0,0.037581,0.015785
311.5,420.0,0.033212,0.011629
313.78,420.0,0.028967,0.007183
315.88,420.0,0.024127,0.002516
318.15,420.0,0.019497,-0.002111
320.43,420.0,0.015748,-0.005768
322.53,420.0,0.012014,-0.009489
324.8,420.0,0.009013,-0.012616
327.08,420.0,0.006259,-0.015035
329.18,420.0,0.004479,-0.016969
331.28,420.0,0.002649,-0.018713
333.73,420.0,0.001512,-0.019927
335.83,420.0,0.00097,-0.020303
337.93,420.0,0.001074,-0.020204
340.2,420.0,0.002307,-0.018879
342.48,420.0,0.004645,-0.016689
344.75,420.0,0.007458,-0.013981
346.85,420.0,0.012085,-0.009418
349.13,420.0,0.017969,-0.003519
351.4,420.0,0.02413,0.002501
353.5,420.0,0.0315,0.009704
355.78,420.0,0.039078,0.017341
358.05,420.0,0.046037,0.024035
360.15,420.0,0.052316,0.030307
362.43,420.0,0.057239,0.035246
364.7,420.0,0.061228,0.039161
366.8,420.0,0.063795,0.041795
369.08,420.0,0.065548,0.043382
371.35,420.0,0.066235,0.044013
373.45,420.0,0.066909,0.044821
375.73,420.0,0.067211,0.045098
377.83,420.0,0.067304,0.04491
380.1,420.0,0.066986,0.044716
382.38,420.0,0.066897,0.044657
384.65,420.0,0.066922,0.04471
386.75,420.0,0.067023,0.04471
388.85,420.0,0.066432,0.044226
391.13,420.0,0.065147,0.043055
393.4,420.0,0.063305,0.04113
395.5,420.0,0.060791,0.038782
397.78,420.0,0.05775,0.035631
400.05,420.0,0.054753,0.032769
402.33,420.0,0.051099,0.029229
404.43,420.0,0.047649,0.02592
406.53,420.0,0.044429,0.022676
408.8,420.0,0.041999,0.020024
411.08,420.0,0.038829,0.016996
413.18,420.0,0.035585,0.013964
415.45,420.0,0.032227,0.010597
417.73,420.0,0.029442,0.007797
419.83,420.0,0.026392,0.004737
422.1,420.0,0.023607,0.002106
424.38,420.0,0.021244,-0.000226
426.48,420.0,0.01922,-0.002462
428.75,420.0,0.017193,-0.004326
431.03,420.0,0.014549,-0.006966
433.13,420.0,0.011765,-0.009637
435.4,420.0,0.00885,-0.012558
437.68,420.0,0.005939,-0.015481
439.95,420.0,0.003933,-0.017564
442.05,420.0,0.00178,-0.019471
444.33,420.0,3.9e-05,-0.021359
446.6,420.0,-0.00163,-0.022743
448.7,420.0,-0.002792,-0.024104
450.98,420.0,-0.003577,-0.024976
453.25,420.0,-0.004166,-0.02546
455.35,420.0,-0.004776,-0.026101
457.63,420.0,-0.00534,-0.026686
459.73,420.0,-0.00606,-0.027333
462.0,420.0,-0.006701,-0.02806
464.1,420.0,-0.007016,-0.028365
466.38,420.0,-0.007524,-0.028728
468.65,420.0,-0.007807,-0.029166
470.75,420.0,-0.008291,-0.029511
473.03,420.0,-0.008636,-0.029825
475.13,420.0,-0.009317,-0.030524
477.4,420.0,-0.009788,-0.030993
479.68,420.0,-0.010102,-0.031529
481.78,420.0,-0.009733,-0.031097
484.05,420.0,-0.009409,-0.030641
486.33,420.0,-0.008892,-0.030312
488.43,420.0,-0.008263,-0.029511
490.7,420.0,-0.008633,-0.029995
492.98,420.0,-0.009286,-0.030444
495.08,420.0,-0.010472,-0.031649
497.35,420.0,-0.011701,-0.033155
499.63,420.0,-0.012776,-0.03407
501.9,420.0,-0.013371,-0.034557
504.18,420.0,-0.013654,-0.034945
506.45,420.0,-0.014157,-0.035444
508.55,420.0,-0.01412,-0.035346
510.83,420.0,-0.014557,-0.035789
512.93,420.0,-0.014921,-0.035888
515.2,420.0,-0.01485,-0.036174
517.48,420.0,-0.015238,-0.036369
519.75,420.0,-0.014837,-0.03607
521.85,420.0,-0.014936,-0.036094
524.13,420.0,-0.014804,-0.036048
526.4,420.0,-0.014588,-0.035759
528.5,420.0,-0.014036,-0.035226
530.78,420.0,-0.012773,-0.033932
533.05,420.0,-0.011298,-0.032401
535.15,420.0,-0.009683,-0.03094
537.43,420.0,-0.00806,-0.029224
539.53,420.0,-0.006415,-0.027813
541.98,420.0,-0.004172,-0.025494
544.08,420.0,-0.002016,-0.023605
546.35,420.0,0.000206,-0.021282
548.63,420.0,0.002353,-0.01899
550.9,420.0,0.00426,-0.017077
553.18,420.0,0.005726,-0.01582
555.28,420.0,0.007618,-0.013799
557.55,420.0,0.009466,-0.011855
559.65,420.0,0.011302,-0.010136
561.93,420.0,0.012683,-0.008719
564.2,420.0,0.013172,-0.008199
566.3,420.0,0.012448,-0.008926
568.58,420.0,0.010711,-0.011024
570.85,420.0,0.008182,-0.013152
573.13,420.0,0.005708,-0.015595
575.23,420.0,0.002929,-0.01846
577.5,420.0,7.9e-05,-0.021199
579.78,420.0,-0.002379,-0.02355
581.88,420.0,-0.003938,-0.025232
584.15,420.0,-0.005149,-0.026714
586.43,420.0,-0.006258,-0.027696
588.53,420.0,-0.007234,-0.028405
590.8,420.0,-0.007576,-0.028704
593.08,420.0,-0.007542,-0.028802
595.35,420.0,-0.006994,-0.028411
597.63,420.0,-0.006329,-0.027604
599.73,420.0,-0.004804,-0.026224
602.0,420.0,-0.001775,-0.023248
604.28,420.0,0.001857,-0.019514
606.38,420.0,0.005483,-0.015755
608.65,420.0,0.008003,-0.013494
610.93,420.0,0.009149,-0.012484
613.03,420.0,0.009472,-0.011914
615.3,420.0,0.009081,-0.012262
617.4,420.0,0.008564,-0.012736
619.68,420.0,0.008046,-0.013346
621.95,420.0,0.007572,-0.013975
624.23,420.0,0.007257,-0.014249
626.33,420.0,0.007529,-0.01383
628.6,420.0,0.008551,-0.012838
630.7,420.0,0.009728,-0.011729
632.8,420.0,0.010628,-0.010792
635.08,420.0,0.011198,-0.010438
637.53,420.0,0.011878,-0.009779
639.63,420.0,0.012732,-0.008719
641.9,420.0,0.014075,-0.007379
644.18,420.0,0.015551,-0.005943
646.28,420.0,0.017199,-0.004462
648.55,420.0,0.018471,-0.003118
650.83,420.0,0.019337,-0.00212
653.1,420.0,0.019777,-0.001812
655.2,420.0,0.019642,-0.002052
657.48,420.0,0.019352,-0.002096
659.58,420.0,0.018561,-0.003088
661.85,420.0,0.017562,-0.003919
664.13,420.0,0.016401,-0.005158
666.23,420.0,0.014888,-0.006707
668.5,420.0,0.01344,-0.00794
670.78,420.0,0.01154,-0.009844
672.88,420.0,0.009408,-0.011846
675.15,420.0,0.00722,-0.014107
677.43,420.0,0.005625,-0.015916
679.53,420.0,0.005055,-0.016325
681.8,420.0,0.004947,-0.016433
683.9,420.0,0.004528,-0.016938
686.18,420.0,0.00393,-0.017508
688.45,420.0,0.002562,-0.018919
690.55,420.0,0.000988,-0.020555
692.83,420.0,-0.000124,-0.02155
695.1,420.0,0.000415,-0.020762
697.2,420.0,0.003936,-0.017604
699.48,420.0,0.008866,-0.012536
701.58,420.0,0.014784,-0.006597
703.85,420.0,0.019229,-0.002456
706.13,420.0,0.022088,0.000501
708.4,420.0,0.023105,0.001392
710.68,420.0,0.022217,0.000606
11.38,455.0,-0.017105,-0.038599
13.65,455.0,-0.017798,-0.038913
15.93,455.0,-0.018279,-0.039446
18.03,455.0,-0.018679,-0.040059
20.3,455.0,-0.018276,-0.039511
22.58,455.0,-0.017105,-0.038294
24.85,455.0,-0.015053,-0.036276
27.13,455.0,-0.012832,-0.034073
29.4,455.0,-0.010543,-0.031957
31.5,455.0,-0.007653,-0.028959
33.78,455.0,-0.004951,-0.026436
36.05,455.0,-0.002604,-0.024052
38.15,455.0,-0.000555,-0.021821
40.43,455.0,0.00096,-0.020281
42.88,455.0,0.002239,-0.019043
44.98,455.0,0.002787,-0.018544
47.25,455.0,0.003237,-0.018035
49.53,455.0,0.00276,-0.018423
51.63,455.0,0.001774,-0.019597
53.9,455.0,0.000665,-0.020583
56.18,455.0,-0.00115,-0.022515
58.28,455.0,-0.003242,-0.024597
60.55,455.0,-0.005706,-0.027099
62.83,455.0,-0.007354,-0.028802
64.93,455.0,-0.008229,-0.029434
67.2,455.0,-0.008285,-0.029471
69.3,455.0,-0.007542,-0.028944
71.4,455.0,-0.007083,-0.028442
73.85,455.0,-0.007539,-0.028676
75.95,455.0,-0.008088,-0.029283
78.23,455.0,-0.009976,-0.031344
80.5,455.0,-0.012083,-0.033359
82.6,455.0,-0.014138,-0.035355
84.88,455.0,-0.015925,-0.036886
86.98,455.0,-0.01716,-0.038291
89.25,455.0,-0.018309,-0.039486
91.53,455.0,-0.019018,-0.040216
93.8,455.0,-0.019523,-0.040447
95.9,455.0,-0.019896,-0.040993
98.18,455.0,-0.019942,-0.041088
100.45,455.0,-0.019859,-0.041079
102.73,455.0,-0.01976,-0.040943
105.0,455.0,-0.019385,-0.040383
107.28,455.0,-0.018796,-0.040062
109.55,455.0,-0.018198,-0.039366
111.83,455.0,-0.017958,-0.039132
113.93,455.0,-0.017558,-0.038611
116.38,455.0,-0.016646,-0.038001
118.65,455.0,-0.016245,-0.037478
120.93,455.0,-0.016285,-0.037548
123.03,455.0,-0.016689,-0.0381
125.48,455.0,-0.016812,-0.038177
127.58,455.0,-0.015629,-0.037028
129.85,455.0,-0.013537,-0.0348
132.13,455.0,-0.010435,-0.031874
134.58,455.0,-0.006951,-0.028269
136.85,455.0,-0.003731,-0.02489
138.95,455.0,-0.00143,-0.02285
141.23,455.0,-0.001036,-0.022287
143.5,455.0,-0.001304,-0.022798
145.78,455.0,-0.00269,-0.023827
147.88,455.0,-0.003999,-0.02541
150.15,455.0,-0.00513,-0.026664
152.43,455.0,-0.006689,-0.027915
154.7,455.0,-0.008115,-0.029505
156.98,455.0,-0.010306,-0.031347
159.08,455.0,-0.012019,-0.033195
161.35,455.0,-0.013922,-0.035035
163.63,455.0,-0.01562,-0.036923
165.73,455.0,-0.016729,-0.038081
168.0,455.0,-0.017727,-0.038956
170.28,455.0,-0.018707,-0.039708
172.38,455.0,-0.019711,-0.040682
174.65,455.0,-0.020623,-0.041877
176.75,455.0,-0.021424,-0.04241
179.03,455.0,-0.022117,-0.043371
181.48,455.0,-0.023479,-0.0446
183.75,455.0,-0.025158,-0.046267
185.85,455.0,-0.026516,-0.047545
188.13,455.0,-0.027601,-0.048642
190.4,455.0,-0.028442,-0.049458
192.5,455.0,-0.029052,-0.049942
194.78,455.0,-0.029304,-0.050417
197.05,455.0,-0.029495,-0.050466
199.15,455.0,-0.02972,-0.050817
201.43,455.0,-0.029745,-0.050604
203.7,455.0,-0.029622,-0.050654
205.8,455.0,-0.029591,-0.050666
208.08,455.0,-0.029646,-0.050712
210.35,455.0,-0.029289,-0.050281
212.45,455.0,-0.028488,-0.049714
214.73,455.0,-0.027126,-0.048232
217.0,455.0,-0.025007,-0.045965
219.28,455.0,-0.022795,-0.044039
221.55,455.0,-0.020725,-0.041701
223.65,455.0,-0.018482,-0.039499
225.93,455.0,-0.015934,-0.03712
228.2,455.0,-0.013396,-0.034551
230.3,455.0,-0.01155,-0.032693
232.58,455.0,-0.009609,-0.031165
234.68,455.0,-0.008571,-0.02985
237.13,455.0,-0.008245,-0.029683
239.23,455.0,-0.009332,-0.030632
241.5,455.0,-0.011563,-0.032869
243.78,455.0,-0.014492,-0.035506
245.88,455.0,-0.017259,-0.038346
248.15,455.0,-0.019665,-0.040826
250.43,455.0,-0.021156,-0.042117
252.7,455.0,-0.022595,-0.043651
254.98,455.0,-0.02412,-0.045232
257.08,455.0,-0.025626,-0.046794
259.35,455.0,-0.027425,-0.048556
261.63,455.0,-0.029003,-0.050053
263.73,455.0,-0.030555,-0.051455
266.0,455.0,-0.031723,-0.052511
268.28,455.0,-0.032653,-0.053627
270.38,455.0,-0.033356,-0.054468
272.65,455.0,-0.033765,-0.054631
274.75,455.0,-0.03415,-0.055062
277.03,455.0,-0.034603,-0.055549
279.3,455.0,-0.034246,-0.054991
281.4,455.0,-0.033337,-0.054363
283.68,455.0,-0.032305,-0.053149
285.78,455.0,-0.029588,-0.050608
288.05,455.0,-0.025882,-0.046901
290.33,455.0,-0.020561,-0.041751
292.25,455.0,-0.01338,-0.034782
294.88,455.0,-0.005845,-0.027234
296.98,455.0,0.001996,-0.01936
299.25,455.0,0.008684,-0.012838
301.53,455.0,0.013684,-0.007881
303.63,455.0,0.016432,-0.005053
305.9,455.0,0.016968,-0.004425
308.18,455.0,0.015366,-0.006005
310.45,455.0,0.012143,-0.009437
312.55,455.0,0.008034,-0.013559
314.83,455.0,0.003881,-0.017635
316.93,455.0,-0.000774,-0.02225
319.2,455.0,-0.005654,-0.027015
321.48,455.0,-0.010032,-0.03119
323.75,455.0,-0.014326,-0.035608
325.85,455.0,-0.018257,-0.039458
328.13,455.0,-0.02156,-0.04241
330.23,455.0,-0.023978,-0.044905
332.5,455.0,-0.025198,-0.046347
334.78,455.0,-0.025296,-0.046369
336.88,455.0,-0.024298,-0.045281
338.98,455.0,-0.022542,-0.043667
341.43,455.0,-0.020491,-0.041532
343.53,455.0,-0.017739,-0.038935
345.8,455.0,-0.014708,-0.035851
347.9,455.0,-0.010922,-0.03229
350.18,455.0,-0.007068,-0.028239
352.28,455.0,-0.001972,-0.023377
354.55,455.0,0.003172,-0.018192
356.83,455.0,0.008114,-0.013507
359.1,455.0,0.013025,-0.008399
361.2,455.0,0.018154,-0.003605
363.48,455.0,0.021986,0.000508
365.75,455.0,0.025541,0.003745
368.03,455.0,0.027837,0.006158
370.3,455.0,0.029516,0.007686
372.4,455.0,0.030646,0.008949
374.68,455.0,0.030911,0.009386
376.78,455.0,0.031416,0.009781
379.05,455.0,0.031419,0.009691
381.33,455.0,0.031056,0.009312
383.43,455.0,0.030686,0.008943
385.7,455.0,0.030126,0.008456
387.98,455.0,0.029463,0.007944
390.08,455.0,0.028403,0.006786
392.35,455.0,0.027048,0.005403
394.63,455.0,0.024968,0.003465
396.9,455.0,0.022593,0.000837
399.0,455.0,0.019916,-0.00167
401.28,455.0,0.017325,-0.004209
403.38,455.0,0.014365,-0.007163
405.65,455.0,0.011019,-0.010432
407.75,455.0,0.007975,-0.01342
410.03,455.0,0.00524,-0.016054
412.3,455.0,0.00259,-0.018889
414.4,455.0,0.000326,-0.020903
416.68,455.0,-0.001501,-0.022764
418.95,455.0,-0.003008,-0.024329
421.05,455.0,-0.004394,-0.0257
423.33,455.0,-0.005737,-0.02721
425.6,455.0,-0.007314,-0.028842
427.7,455.0,-0.008759,-0.030013
429.98,455.0,-0.01062,-0.032108
432.25,455.0,-0.013014,-0.034332
434.35,455.0,-0.015694,-0.037049
436.63,455.0,-0.018808,-0.040241
438.73,455.0,-0.021985,-0.043001
441.0,455.0,-0.025259,-0.046332
443.28,455.0,-0.027727,-0.048885
445.55,455.0,-0.029921,-0.050959
447.65,455.0,-0.031529,-0.052382
449.93,455.0,-0.032379,-0.053337
452.2,455.0,-0.032724,-0.053636
454.3,455.0,-0.033091,-0.053879
456.58,455.0,-0.033044,-0.054104
458.85,455.0,-0.03351,-0.054554
461.13,455.0,-0.033821,-0.054865
463.23,455.0,-0.034797,-0.055842
465.5,455.0,-0.036501,-0.05737
467.6,455.0,-0.03797,-0.058885
469.88,455.0,-0.039338,-0.060349
472.15,455.0,-0.040457,-0.061279
474.25,455.0,-0.041344,-0.062213
476.53,455.0,-0.04184,-0.062625
478.63,455.0,-0.042653,-0.063543
480.73,455.0,-0.043189,-0.064323
483.18,455.0,-0.043787,-0.064711
485.28,455.0,-0.044434,-0.065364
487.55,455.0,-0.044452,-0.065478
489.83,455.0,-0.04399,-0.064828
491.93,455.0,-0.043168,-0.063919
494.2,455.0,-0.042157,-0.063112
496.48,455.0,-0.041119,-0.062142
498.58,455.0,-0.040062,-0.061141
500.85,455.0,-0.039431,-0.060315
503.13,455.0,-0.038648,-0.059671
505.23,455.0,-0.038263,-0.059252
507.5,455.0,-0.037924,-0.058784
509.6,455.0,-0.037518,-0.05838
512.05,455.0,-0.037404,-0.058593
514.33,455.0,-0.037388,-0.058365
516.43,455.0,-0.036766,-0.05782
518.7,455.0,-0.036495,-0.05732
520.98,455.0,-0.036097,-0.056911
523.08,455.0,-0.03521,-0.056085
525.35,455.0,-0.034514,-0.055601
527.45,455.0,-0.033688,-0.05476
529.73,455.0,-0.032619,-0.053802
532.0,455.0,-0.031298,-0.05229
534.28,455.0,-0.029865,-0.050786
536.38,455.0,-0.028587,-0.049545
538.65,455.0,-0.027767,-0.048907
540.93,455.0,-0.027012,-0.04794
543.03,455.0,-0.026017,-0.047077
545.3,455.0,-0.024881,-0.045842
547.58,455.0,-0.02289,-0.044027
549.68,455.0,-0.020697,-0.041581
551.95,455.0,-0.018433,-0.039671
554.23,455.0,-0.016717,-0.037807
556.5,455.0,-0.015528,-0.036812
558.6,455.0,-0.01473,-0.036067
560.88,455.0,-0.014951,-0.036067
562.98,455.0,-0.014868,-0.035983
565.08,455.0,-0.01554,-0.036717
567.53,455.0,-0.017096,-0.038316
569.63,455.0,-0.018787,-0.040068
571.9,455.0,-0.020611,-0.041618
574.18,455.0,-0.022598,-0.043584
576.45,455.0,-0.024468,-0.045571
578.55,455.0,-0.026159,-0.046898
580.83,455.0,-0.027706,-0.048845
583.1,455.0,-0.029187,-0.050266
585.2,455.0,-0.030226,-0.051128
587.48,455.0,-0.030962,-0.051988
589.58,455.0,-0.031553,-0.05265
591.85,455.0,-0.031865,-0.052952
593.95,455.0,-0.031991,-0.052856
596.23,455.0,-0.031276,-0.05233
598.5,455.0,-0.030118,-0.051088
600.6,455.0,-0.027964,-0.049264
602.88,455.0,-0.025093,-0.046187
605.15,455.0,-0.021772,-0.042977
607.25,455.0,-0.018812,-0.039785
609.53,455.0,-0.016664,-0.037832
611.63,455.0,-0.016002,-0.037139
613.9,455.0,-0.016082,-0.037256
616.18,455.0,-0.016455,-0.03785
618.45,455.0,-0.01627,-0.037678
620.55,455.0,-0.015491,-0.036769
622.83,455.0,-0.013845,-0.034964
624.93,455.0,-0.011372,-0.032718
627.2,455.0,-0.008023,-0.029178
629.3,455.0,-0.004822,-0.026168
631.58,455.0,-0.001433,-0.02282
633.85,455.0,0.001367,-0.020065
635.95,455.0,0.004013,-0.017317
638.23,455.0,0.005964,-0.015447
640.33,455.0,0.007938,-0.01343
642.6,455.0,0.009466,-0.012012
644.88,455.0,0.010535,-0.011014
646.98,455.0,0.011145,-0.010515
649.25,455.0,0.011013,-0.010466
651.35,455.0,0.010917,-0.010441
653.8,455.0,0.01105,-0.010574
655.9,455.0,0.010976,-0.010438
658.18,455.0,0.011336,-0.010213
660.28,455.0,0.011724,-0.009622
662.55,455.0,0.011838,-0.009699
664.83,455.0,0.011432,-0.010186
666.93,455.0,0.01052,-0.011008
669.2,455.0,0.009044,-0.012484
671.3,455.0,0.007183,-0.014246
673.58,455.0,0.005572,-0.015836
675.85,455.0,0.004537,-0.016843
678.13,455.0,0.004121,-0.017394
680.23,455.0,0.004774,-0.016627
682.5,455.0,0.00523,-0.016181
684.78,455.0,0.004848,-0.016544
686.88,455.0,0.004118,-0.017357
689.15,455.0,0.002236,-0.019237
691.43,455.0,-0.0003,-0.021581
693.53,455.0,-0.002009,-0.023556
695.8,455.0,-0.001418,-0.022869
697.9,455.0,0.001669,-0.019536
700.18,455.0,0.006342,-0.01505
702.45,455.0,0.011228,-0.010241
704.73,455.0,0.01531,-0.006261
706.83,455.0,0.017957,-0.003688
709.1,455.0,0.018616,-0.002989
711.38,455.0,0.017744,-0.003787
11.38,490.0,-0.014782,-0.036264
13.48,490.0,-0.015133,-0.036575
15.75,490.0,-0.015213,-0.036523
17.85,490.0,-0.014727,-0.036116
20.13,490.0,-0.014727,-0.035962
22.4,490.0,-0.01452,-0.035663
24.68,490.0,-0.013658,-0.034973
26.95,490.0,-0.01253,-0.033707
29.23,490.0,-0.010894,-0.032256
31.15,490.0,-0.009283,-0.030506
33.6,490.0,-0.007949,-0.02911
35.88,490.0,-0.007419,-0.02863
38.15,490.0,-0.006433,-0.027878
40.25,490.0,-0.005149,-0.026541
42.53,490.0,-0.003562,-0.025056
44.63,490.0,-0.001754,-0.023137
46.9,490.0,-0.000189,-0.021424
49.18,490.0,0.001145,-0.020065
51.45,490.0,0.001771,-0.019609
53.55,490.0,0.001524,-0.019588
55.83,490.0,0.000714,-0.02074
58.1,490.0,-0.000811,-0.022247
60.2,490.0,-0.002293,-0.023728
62.48,490.0,-0.003996,-0.025139
64.58,490.0,-0.005115,-0.026553
66.85,490.0,-0.005531,-0.02684
69.13,490.0,-0.004924,-0.026131
71.4,490.0,-0.003519,-0.024948
73.68,490.0,-0.00233,-0.023587
75.95,490.0,-0.001532,-0.023091
78.05,490.0,-0.001784,-0.022995
80.33,490.0,-0.002829,-0.024289
82.43,490.0,-0.004237,-0.025768
84.7,490.0,-0.00595,-0.027308
86.8,490.0,-0.007447,-0.028775
89.08,490.0,-0.00834,-0.029646
91.18,490.0,-0.009474,-0.030826
93.45,490.0,-0.010432,-0.031828
95.73,490.0,-0.011695,-0.032946
98.0,490.0,-0.012043,-0.033436
100.1,490.0,-0.012213,-0.033229
102.38,490.0,-0.012585,-0.033756
104.65,490.0,-0.01245,-0.033753
106.75,490.0,-0.012191,-0.033433
109.03,490.0,-0.011279,-0.032638
111.3,490.0,-0.010475,-0.031769
113.58,490.0,-0.00981,-0.030897
115.68,490.0,-0.00976,-0.030894
118.13,490.0,-0.00981,-0.031011
120.4,490.0,-0.009431,-0.030826
122.5,490.0,-0.008134,-0.02956
124.78,490.0,-0.006751,-0.02794
127.4,490.0,-0.003562,-0.025072
129.5,490.0,-0.000139,-0.021492
131.78,490.0,0.00369,-0.017749
133.88,490.0,0.006851,-0.014572
136.33,490.0,0.009845,-0.011775
138.6,490.0,0.011188,-0.010395
140.7,490.0,0.011484,-0.010284
142.98,490.0,0.010951,-0.01042
145.08,490.0,0.009744,-0.011661
147.35,490.0,0.008098,-0.013309
149.63,490.0,0.005994,-0.015561
151.9,490.0,0.004445,-0.016929
154.0,490.0,0.002855,-0.01838
156.28,490.0,0.001527,-0.019656
158.38,490.0,0.000172,-0.02119
160.65,490.0,-0.001538,-0.022795
162.93,490.0,-0.002699,-0.0242
165.2,490.0,-0.003553,-0.025038
167.3,490.0,-0.004298,-0.025531
169.58,490.0,-0.004948,-0.026356
171.68,490.0,-0.00591,-0.027296
173.95,490.0,-0.007339,-0.028636
176.23,490.0,-0.007669,-0.02904
178.33,490.0,-0.007921,-0.029126
180.6,490.0,-0.007863,-0.029135
182.88,490.0,-0.007481,-0.028565
184.98,490.0,-0.007493,-0.028845
187.25,490.0,-0.007524,-0.028839
189.53,490.0,-0.007043,-0.028328
191.8,490.0,-0.006661,-0.027798
194.08,490.0,-0.005799,-0.027123
196.18,490.0,-0.004998,-0.026449
198.45,490.0,-0.004659,-0.025983
200.55,490.0,-0.004745,-0.02602
202.83,490.0,-0.005035,-0.026332
205.1,490.0,-0.005309,-0.026769
207.2,490.0,-0.005608,-0.026911
209.48,490.0,-0.005916,-0.027154
211.75,490.0,-0.006242,-0.027459
213.85,490.0,-0.006298,-0.027438
216.13,490.0,-0.005216,-0.026495
218.4,490.0,-0.003553,-0.024708
220.68,490.0,-0.001017,-0.022434
222.78,490.0,0.001687,-0.019683
225.05,490.0,0.004522,-0.016917
227.15,490.0,0.007014,-0.014277
229.43,490.0,0.010295,-0.01123
231.7,490.0,0.012676,-0.008916
233.8,490.0,0.013702,-0.008026
236.08,490.0,0.013742,-0.007795
238.35,490.0,0.012584,-0.008904
240.45,490.0,0.011333,-0.010293
242.73,490.0,0.010067,-0.011501
245.0,490.0,0.00881,-0.012666
247.1,490.0,0.007676,-0.013861
249.38,490.0,0.006296,-0.015213
251.65,490.0,0.004759,-0.016723
253.93,490.0,0.002297,-0.018867
256.03,490.0,-1.6e-05,-0.021279
258.3,490.0,-0.002635,-0.024061
260.58,490.0,-0.004748,-0.025925
262.68,490.0,-0.006387,-0.027687
264.95,490.0,-0.006991,-0.028417
267.23,490.0,-0.007203,-0.028393
269.33,490.0,-0.007006,-0.028423
271.6,490.0,-0.007176,-0.028288
273.88,490.0,-0.006902,-0.028171
276.33,490.0,-0.006113,-0.02737
278.43,490.0,-0.005001,-0.026245
280.7,490.0,-0.003627,-0.025047
282.8,490.0,-0.001858,-0.023423
285.08,490.0,0.000424,-0.020983
287.35,490.0,0.003718,-0.017641
289.45,490.0,0.007972,-0.013559
291.73,490.0,0.013782,-0.007823
294.0,490.0,0.020163,-0.001402
296.1,490.0,0.027646,0.005856
298.38,490.0,0.034362,0.012686
300.65,490.0,0.040187,0.01824
302.75,490.0,0.04361,0.021801
305.03,490.0,0.044355,0.022371
307.13,490.0,0.043511,0.021681
309.4,490.0,0.040766,0.018933
311.68,490.0,0.036829,0.015113
313.95,490.0,0.032803,0.011188
316.05,490.0,0.02849,0.006848
318.33,490.0,0.024127,0.002436
320.6,490.0,0.019799,-0.001985
322.7,490.0,0.016188,-0.0053
324.98,490.0,0.01292,-0.008768
327.08,490.0,0.009842,-0.01167
329.35,490.0,0.007775,-0.013876
331.45,490.0,0.005973,-0.015444
333.73,490.0,0.005486,-0.015805
336.0,490.0,0.005563,-0.015802
338.1,490.0,0.005609,-0.01598
340.38,490.0,0.006441,-0.014973
342.65,490.0,0.008502,-0.012992
344.75,490.0,0.011903,-0.00952
347.03,490.0,0.01657,-0.005084
349.3,490.0,0.021752,0.000135
351.4,490.0,0.027938,0.006114
353.68,490.0,0.034195,0.012322
355.95,490.0,0.040668,0.018773
358.05,490.0,0.046339,0.024405
360.15,490.0,0.051447,0.029577
362.6,490.0,0.055551,0.033487
364.88,490.0,0.058511,0.036265
366.98,490.0,0.061188,0.038924
369.25,490.0,0.062667,0.040658
371.35,490.0,0.06361,0.041416
373.63,490.0,0.063446,0.04154
375.9,490.0,0.063292,0.040948
378.0,490.0,0.062381,0.040363
380.28,490.0,0.062045,0.039827
382.55,490.0,0.061798,0.039519
384.83,490.0,0.061379,0.039263
386.93,490.0,0.060933,0.03885
389.2,490.0,0.060859,0.03893
391.48,490.0,0.060631,0.038545
393.58,490.0,0.060129,0.038157
395.85,490.0,0.059377,0.037076
397.95,490.0,0.057553,0.035541
400.23,490.0,0.05527,0.033339
402.5,490.0,0.05227,0.030215
404.78,490.0,0.048548,0.026669
406.88,490.0,0.044552,0.022732
409.15,490.0,0.040967,0.019041
411.43,490.0,0.036623,0.014898
413.7,490.0,0.032864,0.010868
415.8,490.0,0.029703,0.00808
418.08,490.0,0.026543,0.004876
420.18,490.0,0.024103,0.002415
422.45,490.0,0.021811,0.000138
424.55,490.0,0.019817,-0.001769
426.83,490.0,0.018123,-0.003544
429.1,490.0,0.015865,-0.005552
431.2,490.0,0.0134,-0.008094
433.48,490.0,0.010748,-0.010703
435.75,490.0,0.00836,-0.013075
437.85,490.0,0.006037,-0.01525
440.13,490.0,0.004432,-0.017056
442.4,490.0,0.002381,-0.019061
444.68,490.0,0.000209,-0.02095
446.95,490.0,-0.001532,-0.023011
449.05,490.0,-0.002995,-0.024431
451.33,490.0,-0.004067,-0.025515
453.6,490.0,-0.004831,-0.026119
455.88,490.0,-0.005192,-0.026646
457.98,490.0,-0.005632,-0.026788
460.25,490.0,-0.005953,-0.027203
462.53,490.0,-0.005848,-0.027302
464.63,490.0,-0.005451,-0.026729
466.9,490.0,-0.005124,-0.026424
469.0,490.0,-0.004754,-0.026239
471.28,490.0,-0.004708,-0.026054
473.55,490.0,-0.004813,-0.026104
475.65,490.0,-0.004862,-0.026057
477.93,490.0,-0.005146,-0.026409
480.03,490.0,-0.005478,-0.026831
482.3,490.0,-0.005965,-0.02737
484.58,490.0,-0.006449,-0.027838
486.85,490.0,-0.007493,-0.02883
488.95,490.0,-0.008149,-0.029471
491.23,490.0,-0.009542,-0.030866
493.5,490.0,-0.011113,-0.032505
495.6,490.0,-0.012866,-0.034298
497.88,490.0,-0.014172,-0.035454
499.98,490.0,-0.014914,-0.036205
502.25,490.0,-0.01529,-0.03647
504.53,490.0,-0.015136,-0.036606
506.63,490.0,-0.01517,-0.036227
508.9,490.0,-0.015213,-0.036593
511.18,490.0,-0.014388,-0.035638
513.45,490.0,-0.013048,-0.0342
515.55,490.0,-0.011526,-0.032678
517.83,490.0,-0.010139,-0.031341
519.93,490.0,-0.009264,-0.030327
522.2,490.0,-0.009009,-0.030195
524.48,490.0,-0.009055,-0.030293
526.58,490.0,-0.009206,-0.030487
528.85,490.0,-0.009113,-0.030487
531.13,490.0,-0.008158,-0.029412
533.23,490.0,-0.007117,-0.028448
535.5,490.0,-0.005327,-0.026769
537.6,490.0,-0.003454,-0.024859
539.88,490.0,-0.001402,-0.022712
542.15,490.0,0.001068,-0.020253
544.25,490.0,0.003388,-0.018066
546.53,490.0,0.005511,-0.015854
548.8,490.0,0.00718,-0.014181
550.9,490.0,0.008631,-0.012857
553.18,490.0,0.009793,-0.011587
555.45,490.0,0.010554,-0.010885
557.73,490.0,0.011207,-0.010287
559.83,490.0,0.011755,-0.00968
562.1,490.0,0.012415,-0.009021
564.38,490.0,0.012852,-0.008574
566.65,490.0,0.012864,-0.008534
568.75,490.0,0.012002,-0.009591
571.03,490.0,0.010677,-0.010836
573.13,490.0,0.008859,-0.012659
575.58,490.0,0.006524,-0.014908
577.68,490.0,0.004331,-0.017139
579.95,490.0,0.001854,-0.019458
582.05,490.0,-0.000318,-0.021769
584.33,490.0,-0.002595,-0.024055
586.6,490.0,-0.004631,-0.026045
588.7,490.0,-0.006085,-0.027465
590.98,490.0,-0.007028,-0.028445
593.25,490.0,-0.007345,-0.02875
595.35,490.0,-0.00704,-0.02834
597.63,490.0,-0.006236,-0.027635
599.9,490.0,-0.004206,-0.025691
602.18,490.0,-0.001575,-0.022952
604.45,490.0,0.001056,-0.020321
606.55,490.0,0.002938,-0.018491
608.83,490.0,0.003326,-0.018066
611.1,490.0,0.003009,-0.018226
613.2,490.0,0.002165,-0.019227
615.48,490.0,0.001105,-0.020244
617.58,490.0,-0.00013,-0.021575
619.85,490.0,-0.001122,-0.022493
622.13,490.0,-0.001606,-0.023118
624.4,490.0,-0.001664,-0.023007
626.5,490.0,-0.00094,-0.022176
628.78,490.0,0.000458,-0.020983
630.88,490.0,0.001946,-0.019505
633.15,490.0,0.003773,-0.017653
635.25,490.0,0.005705,-0.015956
637.53,490.0,0.007467,-0.014095
639.8,490.0,0.009269,-0.012228
642.08,490.0,0.010763,-0.010743
644.18,490.0,0.012048,-0.009437
646.45,490.0,0.013034,-0.008383
648.73,490.0,0.013323,-0.008297
650.83,490.0,0.013693,-0.007681
653.1,490.0,0.014112,-0.007536
655.38,490.0,0.014013,-0.007388
657.48,490.0,0.014386,-0.007059
659.75,490.0,0.014851,-0.006723
662.03,490.0,0.014651,-0.006926
664.3,490.0,0.014411,-0.007133
666.4,490.0,0.01316,-0.008316
668.68,490.0,0.011429,-0.009973
670.95,490.0,0.009198,-0.012351
673.05,490.0,0.006715,-0.014804
675.33,490.0,0.00536,-0.016344
677.43,490.0,0.005005,-0.016409
679.7,490.0,0.00556,-0.015768
681.98,490.0,0.006604,-0.014908
684.08,490.0,0.007177,-0.014261
686.35,490.0,0.006543,-0.01501
688.63,490.0,0.004722,-0.016652
690.9,490.0,0.002264,-0.018929
693.0,490.0,0.001004,-0.020312
695.28,490.0,0.001931,-0.019526
697.38,490.0,0.005079,-0.016415
699.65,490.0,0.00877,-0.012678
701.93,490.0,0.01267,-0.008907
704.2,490.0,0.015027,-0.006597
706.3,490.0,0.015563,-0.006119
708.58,490.0,0.014901,-0.006344
710.68,490.0,0.013209,-0.008454
11.38,525.0,-0.004341,-0.026042
13.48,525.0,-0.004683,-0.026221
15.75,525.0,-0.005167,-0.026439
18.03,525.0,-0.005186,-0.026547
20.3,525.0,-0.004671,-0.026036
22.23,525.0,-0.004385,-0.025703
24.85,525.0,-0.004046,-0.025423
26.95,525.0,-0.003553,-0.02497
29.23,525.0,-0.003205,-0.02452
31.33,525.0,-0.002829,-0.024329
33.6,525.0,-0.002838,-0.024252
35.7,525.0,-0.002761,-0.024267
38.15,525.0,-0.00282,-0.024249
40.25,525.0,-0.002897,-0.024194
42.53,525.0,-0.003109,-0.024434
44.8,525.0,-0.003553,-0.025081
47.08,525.0,-0.00436,-0.025743
49.18,525.0,-0.005327,-0.026572
51.45,525.0,-0.006547,-0.028063
53.55,525.0,-0.008072,-0.029351
55.83,525.0,-0.010423,-0.031578
58.1,525.0,-0.013066,-0.034301
60.2,525.0,-0.015546,-0.036806
62.65,525.0,-0.018081,-0.039092
64.75,525.0,-0.019779,-0.040974
67.03,525.0,-0.020232,-0.041338
69.3,525.0,-0.019443,-0.040752
71.58,525.0,-0.018534,-0.039791
73.68,525.0,-0.017921,-0.039113
75.95,525.0,-0.017468,-0.038747
78.23,525.0,-0.017142,-0.03826
80.68,525.0,-0.017373,-0.038553
82.95,525.0,-0.018143,-0.039375
85.05,525.0,-0.019237,-0.040583
87.5,525.0,-0.020293,-0.04151
89.6,525.0,-0.020669,-0.041738
91.7,525.0,-0.02103,-0.042157
94.15,525.0,-0.021446,-0.04257
96.43,525.0,-0.021877,-0.043072
98.53,525.0,-0.02233,-0.04338
100.8,525.0,-0.022946,-0.044073
103.08,525.0,-0.02379,-0.044797
105.18,525.0,-0.024542,-0.045518
107.45,525.0,-0.0246,-0.045574
109.73,525.0,-0.024073,-0.045182
112.0,525.0,-0.02363,-0.044619
114.1,525.0,-0.022835,-0.043815
116.38,525.0,-0.021513,-0.042656
118.65,525.0,-0.020432,-0.041421
120.93,525.0,-0.018405,-0.039446
123.03,525.0,-0.016079,-0.037259
125.3,525.0,-0.013698,-0.034939
127.4,525.0,-0.011285,-0.032465
129.68,525.0,-0.008386,-0.029911
131.78,525.0,-0.006273,-0.027709
134.05,525.0,-0.00452,-0.025916
136.33,525.0,-0.003309,-0.024708
138.6,525.0,-0.002986,-0.024323
140.7,525.0,-0.003183,-0.024529
142.98,525.0,-0.004036,-0.025457
145.25,525.0,-0.00476,-0.026045
147.35,525.0,-0.005663,-0.027028
149.63,525.0,-0.006634,-0.028103
151.9,525.0,-0.008023,-0.029271
154.0,525.0,-0.009988,-0.031452
156.45,525.0,-0.011704,-0.032924
158.73,525.0,-0.012595,-0.033907
160.83,525.0,-0.012894,-0.034261
163.1,525.0,-0.012952,-0.034024
165.2,525.0,-0.013276,-0.034486
167.48,525.0,-0.013343,-0.034551
169.75,525.0,-0.012838,-0.034024
171.85,525.0,-0.012404,-0.033651
173.95,525.0,-0.012077,-0.033263
176.23,525.0,-0.012299,-0.033417
178.5,525.0,-0.012413,-0.033827
180.6,525.0,-0.012561,-0.033799
182.7,525.0,-0.012564,-0.034024
185.15,525.0,-0.012853,-0.034086
187.25,525.0,-0.012838,-0.034046
189.53,525.0,-0.013186,-0.034523
191.63,525.0,-0.013359,-0.034619
193.9,525.0,-0.012832,-0.034197
196.18,525.0,-0.012404,-0.033731
198.28,525.0,-0.011778,-0.032823
200.55,525.0,-0.010885,-0.03208
202.65,525.0,-0.010543,-0.031806
204.93,525.0,-0.011002,-0.032213
207.2,525.0,-0.010946,-0.032117
209.48,525.0,-0.010996,-0.032293
211.58,525.0,-0.010598,-0.031963
213.85,525.0,-0.009711,-0.030802
216.13,525.0,-0.008272,-0.029594
218.23,525.0,-0.006883,-0.028269
220.5,525.0,-0.004529,-0.025928
222.78,525.0,-0.001757,-0.023226
225.05,525.0,0.000957,-0.020457
227.33,525.0,0.004017,-0.017579
229.43,525.0,0.006241,-0.015164
231.7,525.0,0.008499,-0.013048
233.8,525.0,0.009891,-0.011643
236.08,525.0,0.010615,-0.010925
238.35,525.0,0.009968,-0.011547
240.63,525.0,0.008647,-0.013007
242.73,525.0,0.006219,-0.0153
245.0,525.0,0.003548,-0.01794
247.28,525.0,0.000295,-0.020848
249.38,525.0,-0.002736,-0.024012
251.65,525.0,-0.005401,-0.026763
253.93,525.0,-0.007302,-0.028735
256.03,525.0,-0.009215,-0.030694
258.3,525.0,-0.010876,-0.032071
260.58,525.0,-0.012351,-0.033682
262.68,525.0,-0.013738,-0.035182
264.95,525.0,-0.015192,-0.036298
267.05,525.0,-0.016156,-0.037607
269.33,525.0,-0.01704,-0.038208
271.6,525.0,-0.017548,-0.038781
273.88,525.0,-0.017552,-0.038667
275.98,525.0,-0.017259,-0.03858
278.25,525.0,-0.016877,-0.038103
280.35,525.0,-0.01676,-0.037909
282.63,525.0,-0.015977,-0.03729
284.73,525.0,-0.014622,-0.035882
287.0,525.0,-0.012268,-0.03363
289.28,525.0,-0.008223,-0.029468
291.55,525.0,-0.002459,-0.023895
293.65,525.0,0.005723,-0.015817
295.93,525.0,0.014959,-0.006418
298.2,525.0,0.02405,0.002452
300.3,525.0,0.031703,0.009747
302.58,525.0,0.037174,0.015082
304.68,525.0,0.040039,0.018077
306.95,525.0,0.039938,0.018028
309.23,525.0,0.037217,0.015529
311.5,525.0,0.033031,0.011299
313.6,525.0,0.02824,0.006574
315.88,525.0,0.022476,0.000951
318.15,525.0,0.017411,-0.004261
320.43,525.0,0.012073,-0.009345
322.7,525.0,0.007701,-0.01363
324.98,525.0,0.004491,-0.016926
327.25,525.0,0.001731,-0.019665
329.53,525.0,-0.000577,-0.021788
331.63,525.0,-0.002268,-0.023519
333.9,525.0,-0.003115,-0.024591
336.0,525.0,-0.00281,-0.024187
338.28,525.0,-0.001473,-0.022918
340.55,525.0,0.000196,-0.021174
342.83,525.0,0.002279,-0.019132
344.93,525.0,0.004882,-0.016442
347.2,525.0,0.007575,-0.014021
349.48,525.0,0.011053,-0.010568
351.75,525.0,0.01471,-0.006575
353.85,525.0,0.018505,-0.003162
356.13,525.0,0.022602,0.001004
358.23,525.0,0.026709,0.0052
360.5,525.0,0.031025,0.00938
362.78,525.0,0.034981,0.013206
365.05,525.0,0.039174,0.017227
367.15,525.0,0.042612,0.020683
369.43,525.0,0.044574,0.022504
371.7,525.0,0.045797,0.023989
373.8,525.0,0.046238,0.024365
376.08,525.0,0.046573,0.024639
378.35,525.0,0.04665,0.024654
380.45,525.0,0.046814,0.02503
382.73,525.0,0.047359,0.025366
385.0,525.0,0.048391,0.026296
387.1,525.0,0.049241,0.027581
389.38,525.0,0.050415,0.028447
391.65,525.0,0.051019,0.028924
393.75,525.0,0.051256,0.029445
396.03,525.0,0.050551,0.028678
398.3,525.0,0.049445,0.027612
400.58,525.0,0.047556,0.025415
402.68,525.0,0.045239,0.023169
404.95,525.0,0.043379,0.021478
407.23,525.0,0.040831,0.018921
409.5,525.0,0.038135,0.016167
411.6,525.0,0.035187,0.013431
413.88,525.0,0.032113,0.010209
415.98,525.0,0.028961,0.007347
418.25,525.0,0.026219,0.004562
420.53,525.0,0.02402,0.002347
422.63,525.0,0.022492,0.000754
424.9,525.0,0.020819,-0.000777
427.18,525.0,0.019303,-0.002382
429.45,525.0,0.018012,-0.003485
431.55,525.0,0.016305,-0.00521
433.83,525.0,0.014565,-0.006972
436.1,525.0,0.012846,-0.008833
438.2,525.0,0.011182,-0.010349
440.48,525.0,0.009633,-0.011871
442.75,525.0,0.008151,-0.013463
444.85,525.0,0.006558,-0.015019
447.13,525.0,0.005042,-0.016406
449.4,525.0,0.002886,-0.018411
451.5,525.0,0.00121,-0.020186
453.78,525.0,-0.000706,-0.022111
456.05,525.0,-0.002456,-0.023889
458.33,525.0,-0.003553,-0.024988
460.43,525.0,-0.004569,-0.025983
462.7,525.0,-0.005491,-0.026729
464.8,525.0,-0.006017,-0.027302
467.08,525.0,-0.006723,-0.028069
469.35,525.0,-0.007207,-0.028297
471.63,525.0,-0.007545,-0.028901
473.73,525.0,-0.007887,-0.029212
476.0,525.0,-0.008744,-0.030075
478.1,525.0,-0.009437,-0.030718
480.38,525.0,-0.010531,-0.031849
482.65,525.0,-0.011507,-0.032666
484.75,525.0,-0.012361,-0.033479
487.03,525.0,-0.013001,-0.034252
489.3,525.0,-0.012949,-0.034172
491.4,525.0,-0.013457,-0.03456
493.5,525.0,-0.013334,-0.034406
495.95,525.0,-0.013276,-0.034526
498.23,525.0,-0.012915,-0.034283
500.33,525.0,-0.012632,-0.033747
502.6,525.0,-0.012139,-0.033396
504.88,525.0,-0.0122,-0.033562
506.98,525.0,-0.012508,-0.033667
509.25,525.0,-0.013254,-0.034606
511.53,525.0,-0.014076,-0.035377
513.63,525.0,-0.014412,-0.035703
515.9,525.0,-0.014896,-0.036104
518.0,525.0,-0.014425,-0.035663
520.28,525.0,-0.013476,-0.034708
522.55,525.0,-0.012142,-0.03338
524.83,525.0,-0.010851,-0.032019
527.1,525.0,-0.009403,-0.030506
529.2,525.0,-0.007678,-0.028901
531.48,525.0,-0.005709,-0.026966
533.58,525.0,-0.003245,-0.024551
535.85,525.0,-0.000983,-0.022508
538.13,525.0,0.001299,-0.020044
540.23,525.0,0.003936,-0.017348
542.5,525.0,0.006161,-0.015192
544.78,525.0,0.008822,-0.012595
546.88,525.0,0.011481,-0.010204
549.15,525.0,0.014041,-0.007438
551.43,525.0,0.016191,-0.005346
553.53,525.0,0.017858,-0.003704
555.8,525.0,0.018967,-0.002832
557.9,525.0,0.019953,-0.001513
560.18,525.0,0.021047,-0.0005
562.45,525.0,0.021487,-1e-05
564.73,525.0,0.021121,-0.000389
566.83,525.0,0.019968,-0.001535
568.93,525.0,0.018468,-0.0033
571.38,525.0,0.015714,-0.005743
573.65,525.0,0.012482,-0.008953
575.93,525.0,0.009174,-0.012367
578.03,525.0,0.005763,-0.015768
580.3,525.0,0.002547,-0.018808
582.58,525.0,-0.000447,-0.021723
584.85,525.0,-0.0029,-0.02415
586.95,525.0,-0.004431,-0.025832
589.23,525.0,-0.005509,-0.026828
591.33,525.0,-0.006027,-0.02729
593.6,525.0,-0.006313,-0.027601
595.88,525.0,-0.00591,-0.027287
598.15,525.0,-0.004911,-0.02615
600.25,525.0,-0.003035,-0.024301
602.53,525.0,-5.3e-05,-0.021424
604.63,525.0,0.003397,-0.01786
606.9,525.0,0.005982,-0.015423
609.18,525.0,0.007901,-0.01342
611.45,525.0,0.008628,-0.012918
613.55,525.0,0.008188,-0.013177
615.83,525.0,0.00739,-0.014224
617.93,525.0,0.005905,-0.015463
620.2,525.0,0.004657,-0.016646
622.48,525.0,0.003283,-0.018081
624.75,525.0,0.002488,-0.019036
626.85,525.0,0.002202,-0.019369
629.13,525.0,0.002501,-0.018812
631.4,525.0,0.003474,-0.017875
633.5,525.0,0.005326,-0.016174
635.78,525.0,0.007131,-0.014418
638.05,525.0,0.009617,-0.011969
640.15,525.0,0.01219,-0.009351
642.43,525.0,0.014577,-0.006975
644.35,525.0,0.016623,-0.005173
646.8,525.0,0.017864,-0.003698
649.08,525.0,0.018631,-0.003011
651.35,525.0,0.01869,-0.003017
653.45,525.0,0.01848,-0.002977
655.73,525.0,0.018065,-0.003473
658.0,525.0,0.01755,-0.00416
660.28,525.0,0.016718,-0.004948
662.38,525.0,0.01511,-0.006261
664.65,525.0,0.013339,-0.008017
666.93,525.0,0.01113,-0.010238
669.03,525.0,0.008659,-0.012619
671.3,525.0,0.006216,-0.015075
673.58,525.0,0.004291,-0.017068
675.68,525.0,0.003265,-0.018041
677.95,525.0,0.00333,-0.018146
680.23,525.0,0.003619,-0.017699
682.15,525.0,0.003727,-0.017659
684.6,525.0,0.002951,-0.018467
686.7,525.0,0.001118,-0.020398
688.98,525.0,-0.000977,-0.022357
691.08,525.0,-0.002807,-0.024329
693.35,525.0,-0.002582,-0.024043
695.63,525.0,-0.000149,-0.02156
697.9,525.0,0.004198,-0.017182
700.18,525.0,0.008631,-0.012709
702.28,525.0,0.013061,-0.008568
704.55,525.0,0.015662,-0.005916
706.83,525.0,0.016318,-0.005238
708.93,525.0,0.014891,-0.006353
711.2,525.0,0.012726,-0.008824
11.38,560.17,-0.003165,-0.024954
13.65,560.17,-0.003337,-0.02469
15.75,560.17,-0.002807,-0.024197
17.85,560.17,-0.002065,-0.023593
20.3,560.17,-0.001424,-0.022693
22.58,560.17,-0.000993,-0.022188
24.68,560.17,-0.000531,-0.021917
26.95,560.17,-0.00017,-0.021587
29.23,560.17,0.000403,-0.020728
31.33,560.17,0.001041,-0.020352
33.6,560.17,0.00129,-0.019982
35.88,560.17,0.001666,-0.019486
38.15,560.17,0.001435,-0.019954
40.25,560.17,0.001398,-0.019862
42.35,560.17,0.001543,-0.019788
44.8,560.17,0.002091,-0.019329
46.9,560.17,0.003323,-0.017974
49.18,560.17,0.004112,-0.017305
51.28,560.17,0.003998,-0.01724
53.55,560.17,0.003083,-0.01826
55.83,560.17,0.001232,-0.019951
57.93,560.17,-0.001008,-0.022287
60.2,560.17,-0.003507,-0.024887
62.48,560.17,-0.0053,-0.026775
64.58,560.17,-0.00627,-0.027702
66.85,560.17,-0.00623,-0.02761
69.13,560.17,-0.005176,-0.026735
71.23,560.17,-0.003895,-0.02542
73.5,560.17,-0.002755,-0.02424
75.78,560.17,-0.00229,-0.023944
77.88,560.17,-0.002434,-0.023719
80.15,560.17,-0.002441,-0.023833
82.25,560.17,-0.002934,-0.024412
84.53,560.17,-0.003605,-0.025022
86.8,560.17,-0.00403,-0.025256
89.08,560.17,-0.004754,-0.026224
91.18,560.17,-0.005833,-0.027419
93.45,560.17,-0.007133,-0.028522
95.55,560.17,-0.008229,-0.029523
97.83,560.17,-0.009548,-0.030937
100.1,560.17,-0.010943,-0.032268
102.38,560.17,-0.011791,-0.033069
104.65,560.17,-0.012203,-0.03326
106.75,560.17,-0.012105,-0.033426
109.03,560.17,-0.011723,-0.033026
111.3,560.17,-0.010654,-0.031914
113.58,560.17,-0.009246,-0.030414
115.68,560.17,-0.007354,-0.028707
117.95,560.17,-0.005478,-0.026855
120.05,560.17,-0.003312,-0.024868
122.33,560.17,-0.00159,-0.023026
124.43,560.17,7.9e-05,-0.021208
126.7,560.17,0.001977,-0.019505
128.98,560.17,0.004251,-0.017037
131.08,560.17,0.006188,-0.015158
133.35,560.17,0.008422,-0.013134
135.63,560.17,0.010076,-0.011452
137.73,560.17,0.010933,-0.010512
140.0,560.17,0.011327,-0.010186
142.28,560.17,0.010603,-0.01074
144.38,560.17,0.009244,-0.012123
146.65,560.17,0.007578,-0.013833
148.93,560.17,0.005723,-0.015608
151.03,560.17,0.004315,-0.016963
153.3,560.17,0.002849,-0.018473
155.58,560.17,0.001823,-0.019572
157.68,560.17,0.000991,-0.020312
159.95,560.17,0.000659,-0.020746
162.23,560.17,0.000113,-0.02107
164.33,560.17,-0.000454,-0.021917
166.6,560.17,-0.001005,-0.022453
168.88,560.17,-0.001624,-0.023251
171.15,560.17,-0.002176,-0.023297
173.25,560.17,-0.002499,-0.023768
175.53,560.17,-0.002462,-0.023919
177.63,560.17,-0.002468,-0.023759
179.9,560.17,-0.002056,-0.023547
182.18,560.17,-0.001723,-0.023177
184.28,560.17,-0.000996,-0.022231
186.55,560.17,-0.000266,-0.021544
188.83,560.17,0.000116,-0.021082
190.93,560.17,0.000628,-0.020712
193.2,560.17,0.000557,-0.020768
195.13,560.17,0.000301,-0.021011
197.58,560.17,-0.000303,-0.021652
199.85,560.17,-0.00086,-0.022268
202.13,560.17,-0.001372,-0.022681
204.23,560.17,-0.001276,-0.022767
206.5,560.17,-0.000869,-0.022253
208.78,560.17,-0.000349,-0.021861
211.05,560.17,0.000431,-0.021076
213.15,560.17,0.001379,-0.020118
215.43,560.17,0.002291,-0.019117
217.7,560.17,0.003992,-0.017487
219.8,560.17,0.005887,-0.015608
222.08,560.17,0.00861,-0.012724
224.35,560.17,0.011761,-0.009964
226.63,560.17,0.014479,-0.007019
228.73,560.17,0.016922,-0.004653
231.0,560.17,0.018487,-0.003165
233.1,560.17,0.019016,-0.002598
235.38,560.17,0.019257,-0.002333
237.65,560.17,0.018659,-0.002943
239.75,560.17,0.017137,-0.004523
242.03,560.17,0.015073,-0.006495
244.3,560.17,0.013225,-0.008451
246.58,560.17,0.011047,-0.010463
248.68,560.17,0.0095,-0.011926
250.95,560.17,0.007818,-0.013611
253.05,560.17,0.006614,-0.01472
255.33,560.17,0.005637,-0.015792
257.6,560.17,0.004232,-0.017188
259.7,560.17,0.002251,-0.019243
261.98,560.17,0.000243,-0.02095
264.25,560.17,-0.001865,-0.023088
266.35,560.17,-0.003568,-0.02481
268.63,560.17,-0.004797,-0.026236
270.9,560.17,-0.005235,-0.026483
273.0,560.17,-0.004859,-0.026116
275.28,560.17,-0.004221,-0.025506
277.55,560.17,-0.002881,-0.02428
279.65,560.17,-0.001045,-0.022302
281.93,560.17,0.001336,-0.019834
284.2,560.17,0.004408,-0.017031
286.48,560.17,0.007113,-0.014292
288.58,560.17,0.011296,-0.010423
290.85,560.17,0.016715,-0.004831
292.95,560.17,0.022935,0.001367
295.23,560.17,0.03031,0.008659
297.5,560.17,0.036918,0.014956
299.6,560.17,0.042504,0.0206
301.88,560.17,0.045523,0.023745
304.15,560.17,0.046829,0.024922
306.25,560.17,0.045794,0.023776
308.53,560.17,0.043225,0.021207
310.8,560.17,0.038607,0.016792
312.9,560.17,0.033724,0.01194
315.18,560.17,0.028939,0.00719
317.45,560.17,0.02373,0.002202
319.73,560.17,0.019685,-0.001908
321.83,560.17,0.016801,-0.004791
324.1,560.17,0.013776,-0.007585
326.2,560.17,0.011284,-0.01021
328.48,560.17,0.009365,-0.011843
330.75,560.17,0.007951,-0.013485
332.85,560.17,0.006694,-0.014723
335.13,560.17,0.005726,-0.015611
337.4,560.17,0.004901,-0.016492
339.5,560.17,0.004171,-0.017157
341.78,560.17,0.004457,-0.016945
344.05,560.17,0.005184,-0.016483
346.15,560.17,0.006441,-0.014985
348.43,560.17,0.009402,-0.012034
350.7,560.17,0.013619,-0.007696
352.98,560.17,0.018625,-0.002927
355.08,560.17,0.024328,0.002716
357.35,560.17,0.030557,0.008995
359.45,560.17,0.036401,0.014867
361.73,560.17,0.042664,0.020748
364.0,560.17,0.04779,0.026056
366.28,560.17,0.05312,0.031219
368.38,560.17,0.057488,0.03544
370.65,560.17,0.061142,0.038983
372.93,560.17,0.063505,0.041191
375.2,560.17,0.064716,0.04251
377.3,560.17,0.06478,0.042618
379.58,560.17,0.064217,0.042079
381.85,560.17,0.06434,0.042131
383.95,560.17,0.064167,0.042137
386.23,560.17,0.064284,0.042248
388.5,560.17,0.06467,0.042553
390.6,560.17,0.064531,0.042544
392.88,560.17,0.064146,0.042032
395.15,560.17,0.063049,0.040757
397.25,560.17,0.061395,0.039294
399.53,560.17,0.059226,0.037282
401.8,560.17,0.056811,0.034694
404.08,560.17,0.054466,0.032492
406.35,560.17,0.051151,0.029278
408.45,560.17,0.047439,0.025625
410.73,560.17,0.044174,0.022177
412.83,560.17,0.040816,0.019057
415.1,560.17,0.037381,0.015668
417.38,560.17,0.034365,0.012624
419.48,560.17,0.031512,0.009605
421.75,560.17,0.02902,0.007439
424.03,560.17,0.026259,0.00467
426.13,560.17,0.023376,0.001783
428.4,560.17,0.020902,-0.000518
430.33,560.17,0.018727,-0.00281
432.78,560.17,0.017399,-0.004194
435.05,560.17,0.015945,-0.005561
437.33,560.17,0.015098,-0.006446
439.43,560.17,0.014439,-0.007256
441.7,560.17,0.013721,-0.00777
443.98,560.17,0.012233,-0.009329
446.08,560.17,0.010662,-0.010885
448.35,560.17,0.008634,-0.012863
450.45,560.17,0.006327,-0.015109
452.73,560.17,0.004559,-0.016763
455.0,560.17,0.002676,-0.018787
457.1,560.17,0.000853,-0.020447
459.2,560.17,-0.000833,-0.022185
461.65,560.17,-0.002336,-0.023852
463.75,560.17,-0.004055,-0.025346
466.03,560.17,-0.005577,-0.026979
468.3,560.17,-0.007022,-0.028389
470.4,560.17,-0.0081,-0.029209
472.68,560.17,-0.009335,-0.030657
474.95,560.17,-0.010675,-0.031815
477.05,560.17,-0.010919,-0.032394
479.33,560.17,-0.010786,-0.031991
481.6,560.17,-0.010635,-0.031754
483.88,560.17,-0.01029,-0.031683
485.98,560.17,-0.010715,-0.031935
488.25,560.17,-0.011304,-0.032527
490.53,560.17,-0.012111,-0.033383
492.63,560.17,-0.0129,-0.03416
494.9,560.17,-0.013269,-0.034662
497.18,560.17,-0.013337,-0.034529
499.45,560.17,-0.01334,-0.034458
501.73,560.17,-0.013389,-0.034634
503.83,560.17,-0.013319,-0.03436
506.1,560.17,-0.012961,-0.034227
508.38,560.17,-0.012564,-0.033907
510.48,560.17,-0.011803,-0.033128
512.75,560.17,-0.010993,-0.032176
515.03,560.17,-0.010303,-0.031452
517.3,560.17,-0.009779,-0.030931
519.58,560.17,-0.009449,-0.030722
521.68,560.17,-0.009893,-0.031187
523.95,560.17,-0.009388,-0.030823
526.05,560.17,-0.008876,-0.030127
528.33,560.17,-0.00765,-0.029046
530.43,560.17,-0.006442,-0.027789
532.7,560.17,-0.004338,-0.025851
534.98,560.17,-0.002542,-0.023845
537.08,560.17,-0.000589,-0.021982
539.35,560.17,0.001016,-0.020336
541.63,560.17,0.002901,-0.018353
543.73,560.17,0.004765,-0.016433
546.0,560.17,0.006379,-0.015201
548.1,560.17,0.008585,-0.012881
550.38,560.17,0.011016,-0.010629
552.3,560.17,0.013508,-0.007918
554.75,560.17,0.015714,-0.005934
557.03,560.17,0.017593,-0.003907
559.3,560.17,0.018986,-0.002773
561.4,560.17,0.019725,-0.001858
563.68,560.17,0.020002,-0.00163
565.95,560.17,0.019648,-0.001985
568.05,560.17,0.018822,-0.002761
570.33,560.17,0.017704,-0.003889
572.6,560.17,0.015431,-0.006273
574.88,560.17,0.012174,-0.009323
576.98,560.17,0.00869,-0.012835
579.25,560.17,0.005427,-0.016125
581.53,560.17,0.00162,-0.019785
583.8,560.17,-0.001516,-0.022958
586.08,560.17,-0.004052,-0.025629
588.18,560.17,-0.00582,-0.027271
590.45,560.17,-0.00663,-0.028078
592.55,560.17,-0.006744,-0.027924
594.83,560.17,-0.006877,-0.028146
597.1,560.17,-0.005863,-0.027287
599.38,560.17,-0.0046,-0.025839
601.48,560.17,-0.001938,-0.023322
603.75,560.17,0.001232,-0.020256
606.03,560.17,0.005082,-0.016495
608.13,560.17,0.007778,-0.013716
610.4,560.17,0.009861,-0.011704
612.68,560.17,0.010532,-0.010863
614.78,560.17,0.010387,-0.011196
617.05,560.17,0.009549,-0.011938
619.33,560.17,0.008323,-0.013282
621.6,560.17,0.007427,-0.013959
623.7,560.17,0.006752,-0.014662
625.98,560.17,0.006037,-0.015466
628.08,560.17,0.006148,-0.015266
630.35,560.17,0.00674,-0.014757
632.63,560.17,0.007439,-0.013926
634.9,560.17,0.008708,-0.012625
637.0,560.17,0.010893,-0.010601
639.28,560.17,0.012988,-0.008553
641.55,560.17,0.015446,-0.006168
643.83,560.17,0.017119,-0.004277
645.93,560.17,0.018283,-0.003436
648.2,560.17,0.018145,-0.00351
650.48,560.17,0.0182,-0.003396
652.58,560.17,0.017797,-0.003731
654.85,560.17,0.017187,-0.004372
657.13,560.17,0.016829,-0.004914
659.4,560.17,0.015736,-0.005743
661.68,560.17,0.014497,-0.007009
663.78,560.17,0.01337,-0.008285
666.05,560.17,0.012079,-0.009505
668.33,560.17,0.010637,-0.010805
670.6,560.17,0.008918,-0.012518
672.7,560.17,0.006878,-0.014329
674.98,560.17,0.005797,-0.015617
677.25,560.17,0.00588,-0.015697
679.35,560.17,0.00658,-0.014791
681.63,560.17,0.007069,-0.014187
683.9,560.17,0.006275,-0.015192
686.0,560.17,0.004543,-0.016929
688.28,560.17,0.001533,-0.019899
690.55,560.17,-0.001544,-0.022804
692.65,560.17,-0.002838,-0.02416
694.93,560.17,-0.000786,-0.022043
697.2,560.17,0.004106,-0.017364
699.3,560.17,0.009318,-0.012046
701.58,560.17,0.014399,-0.007009
703.68,560.17,0.018015,-0.003565
706.13,560.17,0.018955,-0.002739
708.23,560.17,0.018604,-0.00302
710.5,560.17,0.016312,-0.00534
11.55,595.17,0.000184,-0.021442
13.83,595.17,0.000606,-0.020814
16.28,595.17,0.001441,-0.020136
18.55,595.17,0.002103,-0.019203
20.65,595.17,0.002815,-0.018445
22.93,595.17,0.00381,-0.017592
25.03,595.17,0.005129,-0.016199
27.3,595.17,0.005887,-0.015426
29.58,595.17,0.006657,-0.014776
31.85,595.17,0.007522,-0.013799
33.95,595.17,0.008508,-0.012964
36.23,595.17,0.009596,-0.012062
38.5,595.17,0.010665,-0.010774
40.78,595.17,0.012051,-0.009591
43.05,595.17,0.013536,-0.007887
45.15,595.17,0.015461,-0.006211
47.43,595.17,0.016863,-0.00473
49.7,595.17,0.017482,-0.004064
51.98,595.17,0.016801,-0.004816
54.08,595.17,0.015005,-0.0066
56.35,595.17,0.012196,-0.009261
58.63,595.17,0.009294,-0.01212
60.9,595.17,0.006155,-0.015435
63.0,595.17,0.003964,-0.017468
65.28,595.17,0.002374,-0.018987
67.55,595.17,0.002063,-0.01916
69.83,595.17,0.00284,-0.018617
71.93,595.17,0.003126,-0.018319
74.2,595.17,0.003262,-0.018232
76.48,595.17,0.002914,-0.01838
78.75,595.17,0.002042,-0.0194
80.85,595.17,0.000705,-0.020623
83.13,595.17,-0.001014,-0.022478
85.4,595.17,-0.002884,-0.024428
87.5,595.17,-0.004887,-0.026378
89.78,595.17,-0.006325,-0.027761
91.88,595.17,-0.00704,-0.028439
94.15,595.17,-0.007123,-0.028383
96.43,595.17,-0.006902,-0.028134
98.7,595.17,-0.006766,-0.028109
100.8,595.17,-0.006661,-0.028075
103.08,595.17,-0.006741,-0.028054
105.35,595.17,-0.007465,-0.028867
107.63,595.17,-0.00749,-0.028738
109.9,595.17,-0.007342,-0.028836
112.0,595.17,-0.00635,-0.027761
114.28,595.17,-0.005216,-0.02668
116.38,595.17,-0.004009,-0.025534
118.65,595.17,-0.003202,-0.024653
120.75,595.17,-0.003014,-0.024234
123.03,595.17,-0.002924,-0.024345
125.3,595.17,-0.002601,-0.023966
127.4,595.17,-0.002056,-0.023303
129.68,595.17,-0.000691,-0.021966
131.95,595.17,0.001441,-0.020004
134.23,595.17,0.00398,-0.017376
136.33,595.17,0.006296,-0.015078
138.6,595.17,0.008939,-0.012502
140.7,595.17,0.011102,-0.010518
142.98,595.17,0.012402,-0.009237
145.25,595.17,0.012529,-0.009027
147.53,595.17,0.011382,-0.010158
149.63,595.17,0.009821,-0.011587
151.73,595.17,0.008092,-0.013371
154.18,595.17,0.006598,-0.01497
156.28,595.17,0.005597,-0.016005
158.55,595.17,0.00446,-0.017157
160.83,595.17,0.003702,-0.017721
162.93,595.17,0.002803,-0.018482
165.2,595.17,0.001912,-0.019271
167.3,595.17,0.001114,-0.02021
169.58,595.17,0.000434,-0.020789
171.85,595.17,-0.000235,-0.02163
174.13,595.17,-0.000796,-0.021982
176.23,595.17,-0.001332,-0.02257
178.5,595.17,-0.001372,-0.022798
180.78,595.17,-0.001769,-0.023275
182.88,595.17,-0.001643,-0.022955
185.15,595.17,-0.001766,-0.023112
187.25,595.17,-0.002093,-0.023559
189.53,595.17,-0.002256,-0.023593
191.8,595.17,-0.002693,-0.023932
194.08,595.17,-0.00216,-0.023516
196.18,595.17,-0.002123,-0.023399
198.45,595.17,-0.001615,-0.023143
200.55,595.17,-0.001307,-0.022607
202.83,595.17,-0.001393,-0.022866
205.1,595.17,-0.001325,-0.022826
207.2,595.17,-0.000669,-0.022111
209.48,595.17,1.2e-05,-0.021279
211.58,595.17,0.00084,-0.020457
213.85,595.17,0.002248,-0.019311
216.13,595.17,0.003906,-0.017511
218.23,595.17,0.005871,-0.015475
220.5,595.17,0.008573,-0.012829
222.78,595.17,0.011426,-0.009982
224.88,595.17,0.014124,-0.007287
227.15,595.17,0.016296,-0.005256
229.43,595.17,0.017646,-0.004073
231.7,595.17,0.018329,-0.003448
233.8,595.17,0.017911,-0.003756
236.08,595.17,0.01649,-0.005022
238.35,595.17,0.014479,-0.006849
240.45,595.17,0.012559,-0.008793
242.73,595.17,0.010366,-0.011051
245.0,595.17,0.008354,-0.013165
247.1,595.17,0.006638,-0.014804
249.38,595.17,0.005711,-0.015817
251.48,595.17,0.004676,-0.016957
253.75,595.17,0.003813,-0.017866
256.03,595.17,0.002692,-0.018685
258.13,595.17,0.001305,-0.020075
260.4,595.17,-0.000219,-0.021575
262.5,595.17,-0.001754,-0.023097
264.78,595.17,-0.002268,-0.023731
266.88,595.17,-0.002009,-0.023491
269.15,595.17,-0.001162,-0.022761
271.43,595.17,0.000249,-0.021144
273.53,595.17,0.001561,-0.01977
275.8,595.17,0.003046,-0.018235
277.9,595.17,0.004556,-0.017
280.18,595.17,0.005923,-0.015494
282.45,595.17,0.007957,-0.013522
284.73,595.17,0.010464,-0.011005
286.83,595.17,0.014158,-0.007277
289.1,595.17,0.018989,-0.002653
291.38,595.17,0.025705,0.003964
293.48,595.17,0.032772,0.010708
295.75,595.17,0.039611,0.017726
298.03,595.17,0.045224,0.023354
300.13,595.17,0.049525,0.027371
302.4,595.17,0.050951,0.029149
304.68,595.17,0.050166,0.028105
306.95,595.17,0.047125,0.025058
309.05,595.17,0.043166,0.021238
311.33,595.17,0.03779,0.015914
313.6,595.17,0.031764,0.009888
315.7,595.17,0.026463,0.00487
317.98,595.17,0.02113,-0.000324
320.25,595.17,0.016721,-0.004613
322.35,595.17,0.012338,-0.009221
324.63,595.17,0.008573,-0.013115
326.9,595.17,0.005545,-0.01582
329.0,595.17,0.003126,-0.01826
331.28,595.17,0.001315,-0.020155
333.55,595.17,0.000572,-0.020829
335.83,595.17,0.000249,-0.021107
338.1,595.17,0.000557,-0.020863
340.2,595.17,0.001441,-0.020053
342.48,595.17,0.002658,-0.018698
344.75,595.17,0.0041,-0.017478
346.85,595.17,0.005692,-0.015811
349.13,595.17,0.008419,-0.013048
351.23,595.17,0.011925,-0.009526
353.5,595.17,0.016296,-0.005223
355.78,595.17,0.020384,-0.001184
357.88,595.17,0.025554,0.003933
360.15,595.17,0.030976,0.009186
362.43,595.17,0.036195,0.014383
364.7,595.17,0.041472,0.019445
366.8,595.17,0.045606,0.023699
369.08,595.17,0.049728,0.027565
371.35,595.17,0.053348,0.031241
373.45,595.17,0.056552,0.034386
375.73,595.17,0.059371,0.037054
378.0,595.17,0.06206,0.03975
380.1,595.17,0.064251,0.041829
382.38,595.17,0.066025,0.043745
384.65,595.17,0.067368,0.04503
386.93,595.17,0.06836,0.046142
389.2,595.17,0.06906,0.046931
391.48,595.17,0.06954,0.04731
393.58,595.17,0.0695,0.046992
395.85,595.17,0.070018,0.047482
397.95,595.17,0.069839,0.047424
400.23,595.17,0.069303,0.047217
402.5,595.17,0.068715,0.046318
404.6,595.17,0.066555,0.04422
407.05,595.17,0.063601,0.041518
409.15,595.17,0.06036,0.038339
411.43,595.17,0.056758,0.034765
413.53,595.17,0.05349,0.031355
415.8,595.17,0.050012,0.027907
418.08,595.17,0.047029,0.025076
420.35,595.17,0.044041,0.022106
422.45,595.17,0.041213,0.019272
424.73,595.17,0.038012,0.016118
426.65,595.17,0.034744,0.012941
429.1,595.17,0.0319,0.010015
431.38,595.17,0.029848,0.008203
433.65,595.17,0.027504,0.005714
435.93,595.17,0.02524,0.003798
438.03,595.17,0.023274,0.001749
440.3,595.17,0.021398,-0.000207
442.58,595.17,0.019648,-0.001914
444.68,595.17,0.017984,-0.003525
446.95,595.17,0.016047,-0.005518
449.23,595.17,0.013742,-0.007589
451.33,595.17,0.011632,-0.009804
453.6,595.17,0.009383,-0.012188
455.7,595.17,0.007618,-0.014012
457.98,595.17,0.006004,-0.015491
460.25,595.17,0.005227,-0.016178
462.35,595.17,0.003939,-0.017367
464.63,595.17,0.002627,-0.018771
466.73,595.17,0.001419,-0.019954
469.0,595.17,0.000418,-0.020993
471.28,595.17,-0.000885,-0.022487
473.38,595.17,-0.001979,-0.023414
475.65,595.17,-0.002625,-0.024076
477.93,595.17,-0.003371,-0.024514
480.03,595.17,-0.003664,-0.02509
482.3,595.17,-0.004003,-0.025216
484.4,595.17,-0.004052,-0.025281
486.68,595.17,-0.004268,-0.025783
488.95,595.17,-0.004283,-0.025759
491.23,595.17,-0.004443,-0.025749
493.33,595.17,-0.004061,-0.025515
495.6,595.17,-0.004092,-0.025401
497.88,595.17,-0.004455,-0.025885
499.98,595.17,-0.00468,-0.026107
502.25,595.17,-0.005219,-0.026464
504.35,595.17,-0.005592,-0.026997
506.63,595.17,-0.005571,-0.027056
508.9,595.17,-0.005564,-0.027019
511.18,595.17,-0.005894,-0.027213
513.45,595.17,-0.006292,-0.027813
515.55,595.17,-0.006707,-0.027964
517.83,595.17,-0.006399,-0.027672
520.1,595.17,-0.005839,-0.027287
522.38,595.17,-0.005041,-0.026304
524.48,595.17,-0.003654,-0.025084
526.58,595.17,-0.001988,-0.02358
528.85,595.17,-0.000337,-0.021831
531.13,595.17,0.00154,-0.019893
533.4,595.17,0.003422,-0.017989
535.5,595.17,0.005313,-0.016051
537.78,595.17,0.006983,-0.014591
540.05,595.17,0.009211,-0.012311
542.33,595.17,0.011247,-0.010269
544.43,595.17,0.013705,-0.007582
546.7,595.17,0.016577,-0.004939
548.98,595.17,0.019053,-0.002598
551.25,595.17,0.021589,-0.000204
553.35,595.17,0.023681,0.002183
555.63,595.17,0.025763,0.004238
557.73,595.17,0.027208,0.005591
560.0,595.17,0.028228,0.006472
562.28,595.17,0.028342,0.006811
564.38,595.17,0.028098,0.006355
566.65,595.17,0.0267,0.005236
568.93,595.17,0.025326,0.003801
571.03,595.17,0.023465,0.001805
573.3,595.17,0.020954,-0.000746
575.58,595.17,0.018268,-0.003199
577.68,595.17,0.015141,-0.006285
579.95,595.17,0.012122,-0.009289
582.23,595.17,0.009476,-0.01217
584.33,595.17,0.006962,-0.014616
586.6,595.17,0.004975,-0.016393
588.88,595.17,0.002707,-0.018667
590.98,595.17,0.001102,-0.02009
593.25,595.17,0.00019,-0.021104
595.53,595.17,-0.000235,-0.021421
597.8,595.17,0.000156,-0.021273
599.9,595.17,0.001275,-0.020078
602.18,595.17,0.003447,-0.017884
604.45,595.17,0.006173,-0.015201
606.73,595.17,0.009352,-0.012311
608.83,595.17,0.011777,-0.009717
611.1,595.17,0.012362,-0.009166
613.38,595.17,0.01222,-0.009298
615.48,595.17,0.01093,-0.010564
617.75,595.17,0.009833,-0.011717
619.85,595.17,0.008212,-0.013232
622.13,595.17,0.006811,-0.014579
624.4,595.17,0.00613,-0.015561
626.68,595.17,0.006047,-0.015429
628.78,595.17,0.006352,-0.014991
631.05,595.17,0.007636,-0.013719
633.33,595.17,0.009442,-0.01221
635.6,595.17,0.010936,-0.010648
637.88,595.17,0.012103,-0.009465
639.98,595.17,0.012849,-0.008722
642.6,595.17,0.013557,-0.008131
644.88,595.17,0.013708,-0.008091
646.98,595.17,0.013653,-0.00802
649.25,595.17,0.013354,-0.008217
651.53,595.17,0.013212,-0.008128
653.8,595.17,0.013305,-0.008411
656.08,595.17,0.013443,-0.008171
658.18,595.17,0.013758,-0.007699
660.45,595.17,0.013933,-0.007727
662.55,595.17,0.014057,-0.007552
664.83,595.17,0.01263,-0.008725
666.93,595.17,0.010449,-0.01111
669.2,595.17,0.007572,-0.013953
671.48,595.17,0.004688,-0.016824
673.58,595.17,0.001817,-0.019258
675.85,595.17,0.001065,-0.02038
678.13,595.17,0.001586,-0.019646
680.4,595.17,0.003527,-0.017835
682.5,595.17,0.005415,-0.015891
684.78,595.17,0.006324,-0.015075
687.05,595.17,0.006127,-0.015253
689.33,595.17,0.005366,-0.015956
691.43,595.17,0.004716,-0.01656
693.7,595.17,0.005449,-0.016113
695.98,595.17,0.007797,-0.013725
698.08,595.17,0.012066,-0.009381
700.35,595.17,0.016429,-0.005337
702.63,595.17,0.019248,-0.002502
704.73,595.17,0.020772,-0.000796
707.0,595.17,0.020763,-0.000768
709.28,595.17,0.019063,-0.002656
11.55,630.17,0.009771,-0.011889
13.65,630.17,0.009383,-0.01216
16.28,630.17,0.008678,-0.012887
18.55,630.17,0.008354,-0.013356
20.83,630.17,0.008634,-0.012853
23.1,630.17,0.009469,-0.012139
25.2,630.17,0.010785,-0.010943
27.48,630.17,0.011885,-0.009662
29.75,630.17,0.012821,-0.008621
31.85,630.17,0.013231,-0.008254
34.13,630.17,0.013598,-0.007823
36.23,630.17,0.014007,-0.007518
38.5,630.17,0.014676,-0.006917
40.78,630.17,0.015508,-0.006039
42.88,630.17,0.016709,-0.004868
45.15,630.17,0.017547,-0.004012
47.43,630.17,0.018182,-0.003294
49.53,630.17,0.018268,-0.003476
51.8,630.17,0.017932,-0.003716
54.08,630.17,0.016469,-0.005127
56.18,630.17,0.013939,-0.007508
58.45,630.17,0.011213,-0.010454
60.73,630.17,0.007772,-0.013698
63.0,630.17,0.005002,-0.016322
64.93,630.17,0.002781,-0.018624
67.38,630.17,0.001521,-0.019988
69.65,630.17,0.001022,-0.020404
71.93,630.17,0.001105,-0.020244
74.03,630.17,0.000341,-0.020805
76.3,630.17,-9.9e-05,-0.02156
78.58,630.17,-0.001258,-0.022613
80.85,630.17,-0.00253,-0.02383
82.95,630.17,-0.003584,-0.025115
85.23,630.17,-0.00526,-0.026707
87.5,630.17,-0.006754,-0.027977
89.78,630.17,-0.007934,-0.029178
91.88,630.17,-0.00887,-0.03009
94.15,630.17,-0.009514,-0.030799
96.43,630.17,-0.009505,-0.030694
98.53,630.17,-0.009348,-0.030632
100.8,630.17,-0.009123,-0.030253
102.9,630.17,-0.008981,-0.030377
105.18,630.17,-0.009345,-0.030629
107.45,630.17,-0.009841,-0.031144
109.73,630.17,-0.01021,-0.031498
111.83,630.17,-0.010247,-0.031483
114.1,630.17,-0.010176,-0.031307
116.38,630.17,-0.009914,-0.031082
118.48,630.17,-0.009446,-0.030491
120.75,630.17,-0.008152,-0.029514
123.03,630.17,-0.006566,-0.027946
125.3,630.17,-0.004255,-0.025546
127.4,630.17,-0.001332,-0.022706
129.68,630.17,0.001851,-0.019298
131.95,630.17,0.005843,-0.015623
134.05,630.17,0.009941,-0.01147
136.33,630.17,0.013896,-0.007459
138.43,630.17,0.016832,-0.004991
140.7,630.17,0.018366,-0.003276
142.98,630.17,0.018585,-0.00294
145.25,630.17,0.018154,-0.003377
147.35,630.17,0.01674,-0.004874
149.63,630.17,0.0147,-0.006905
151.9,630.17,0.01227,-0.009243
154.0,630.17,0.010033,-0.011329
156.28,630.17,0.007975,-0.013479
158.55,630.17,0.006561,-0.014733
160.65,630.17,0.005769,-0.015792
162.93,630.17,0.004999,-0.016473
165.2,630.17,0.003976,-0.017345
167.3,630.17,0.00328,-0.018051
169.93,630.17,0.002233,-0.019397
172.2,630.17,0.001506,-0.020081
174.48,630.17,0.000967,-0.02034
176.58,630.17,0.000948,-0.020435
178.85,630.17,0.001059,-0.020543
181.13,630.17,0.001296,-0.019877
183.23,630.17,0.000945,-0.020454
185.5,630.17,0.00052,-0.020826
187.6,630.17,-0.000158,-0.021424
189.88,630.17,-0.000697,-0.022052
192.15,630.17,-0.000962,-0.022367
194.43,630.17,-0.00151,-0.022761
196.53,630.17,-0.002179,-0.02334
198.8,630.17,-0.002786,-0.024422
201.08,630.17,-0.003685,-0.025025
203.35,630.17,-0.00355,-0.024914
205.45,630.17,-0.003014,-0.024572
207.73,630.17,-0.001674,-0.0231
210.0,630.17,0.000181,-0.021125
212.28,630.17,0.003061,-0.018611
214.55,630.17,0.006028,-0.015515
216.65,630.17,0.009679,-0.011664
218.93,630.17,0.013092,-0.008522
221.2,630.17,0.015646,-0.005953
223.3,630.17,0.017461,-0.004024
225.58,630.17,0.018166,-0.003269
227.85,630.17,0.018259,-0.003503
229.95,630.17,0.017476,-0.004077
232.23,630.17,0.016487,-0.005158
234.33,630.17,0.014617,-0.006747
236.6,630.17,0.012513,-0.008895
238.88,630.17,0.010412,-0.011125
240.98,630.17,0.008339,-0.01294
243.25,630.17,0.00633,-0.015025
245.53,630.17,0.004836,-0.016396
247.63,630.17,0.003296,-0.017878
249.9,630.17,0.002017,-0.019283
252.0,630.17,0.000541,-0.020762
254.28,630.17,-0.001141,-0.022478
256.55,630.17,-0.003112,-0.024659
258.83,630.17,-0.004723,-0.026125
260.93,630.17,-0.005623,-0.026806
263.2,630.17,-0.005423,-0.026868
265.48,630.17,-0.004813,-0.02606
267.58,630.17,-0.003109,-0.024492
269.85,630.17,-0.000996,-0.022367
272.13,630.17,0.001321,-0.02013
274.4,630.17,0.003598,-0.017718
276.5,630.17,0.005729,-0.015746
278.78,630.17,0.008437,-0.013017
280.88,630.17,0.011808,-0.009902
283.15,630.17,0.016161,-0.005549
285.25,630.17,0.020819,-0.000808
287.53,630.17,0.027048,0.005431
289.8,630.17,0.033915,0.012051
291.9,630.17,0.041068,0.019146
294.18,630.17,0.046413,0.024528
296.28,630.17,0.050027,0.028126
298.55,630.17,0.050572,0.028711
300.83,630.17,0.048135,0.026145
303.1,630.17,0.043899,0.021885
305.38,630.17,0.038779,0.016845
307.48,630.17,0.033154,0.01133
309.75,630.17,0.027978,0.006441
311.85,630.17,0.023194,0.001444
314.13,630.17,0.018715,-0.00281
316.4,630.17,0.015002,-0.00656
318.5,630.17,0.011672,-0.01001
320.78,630.17,0.008638,-0.012816
323.05,630.17,0.005964,-0.015438
325.33,630.17,0.004244,-0.017148
327.43,630.17,0.002482,-0.018793
329.7,630.17,0.001016,-0.020398
331.8,630.17,-0.000645,-0.022089
334.08,630.17,-0.001781,-0.023032
336.35,630.17,-0.00208,-0.023423
338.45,630.17,-0.002878,-0.024129
340.73,630.17,-0.002872,-0.024153
343.0,630.17,-0.002924,-0.024184
345.1,630.17,-0.002108,-0.023553
347.38,630.17,-0.000866,-0.022262
349.48,630.17,0.001253,-0.020182
351.58,630.17,0.00349,-0.017998
354.03,630.17,0.005766,-0.015725
356.13,630.17,0.008776,-0.012801
358.4,630.17,0.012085,-0.009415
360.5,630.17,0.016142,-0.005312
362.78,630.17,0.02027,-0.001261
365.05,630.17,0.025569,0.003955
367.15,630.17,0.030816,0.009047
369.43,630.17,0.034944,0.013194
371.7,630.17,0.03889,0.017091
373.8,630.17,0.04214,0.020073
376.08,630.17,0.044334,0.02231
378.35,630.17,0.046903,0.024759
380.45,630.17,0.048921,0.026962
382.73,630.17,0.051071,0.029198
385.0,630.17,0.052803,0.031004
387.1,630.17,0.054435,0.032273
389.38,630.17,0.055591,0.033474
391.65,630.17,0.056592,0.034586
393.93,630.17,0.057769,0.035686
396.03,630.17,0.059509,0.037596
398.3,630.17,0.061207,0.03905
400.58,630.17,0.062639,0.040498
402.68,630.17,0.063496,0.041228
404.95,630.17,0.064167,0.042082
407.23,630.17,0.064608,0.04231
409.33,630.17,0.065138,0.043028
411.6,630.17,0.064734,0.042538
413.88,630.17,0.063545,0.041543
415.98,630.17,0.06154,0.039309
418.25,630.17,0.05918,0.036922
420.35,630.17,0.056527,0.034442
422.63,630.17,0.054047,0.032128
424.9,630.17,0.051108,0.029183
427.0,630.17,0.048138,0.02621
429.45,630.17,0.045317,0.023314
431.55,630.17,0.043052,0.021256
433.83,630.17,0.04121,0.019272
435.93,630.17,0.039448,0.017421
438.2,630.17,0.037402,0.015779
440.48,630.17,0.034938,0.013034
442.58,630.17,0.032011,0.010366
444.85,630.17,0.029516,0.007695
446.95,630.17,0.026894,0.005196
449.23,630.17,0.024509,0.002818
451.5,630.17,0.022313,0.000865
453.6,630.17,0.02031,-0.001199
455.88,630.17,0.018434,-0.003078
458.15,630.17,0.016771,-0.004699
460.25,630.17,0.014685,-0.006689
462.53,630.17,0.012923,-0.008568
464.8,630.17,0.011376,-0.010158
466.9,630.17,0.010612,-0.010934
469.18,630.17,0.010144,-0.01131
471.28,630.17,0.009876,-0.011649
473.55,630.17,0.009362,-0.012031
475.83,630.17,0.008998,-0.01253
477.93,630.17,0.007941,-0.013356
480.2,630.17,0.006675,-0.014717
482.48,630.17,0.005597,-0.015722
484.58,630.17,0.004679,-0.016698
486.85,630.17,0.003727,-0.017881
488.95,630.17,0.002843,-0.018414
491.23,630.17,0.001848,-0.019508
493.5,630.17,0.000739,-0.020672
495.6,630.17,-0.000484,-0.021932
497.88,630.17,-0.001344,-0.022687
500.15,630.17,-0.001806,-0.023223
502.43,630.17,-0.001954,-0.023411
504.53,630.17,-0.001384,-0.022792
506.8,630.17,-0.000318,-0.021581
508.9,630.17,0.000982,-0.0205
511.35,630.17,0.001888,-0.019545
513.45,630.17,0.002575,-0.018947
515.73,630.17,0.002415,-0.018885
518.0,630.17,0.002525,-0.019006
520.1,630.17,0.002436,-0.018956
522.38,630.17,0.002461,-0.018845
524.65,630.17,0.003345,-0.018026
526.75,630.17,0.004494,-0.017025
529.03,630.17,0.005899,-0.015648
531.3,630.17,0.008179,-0.013368
533.58,630.17,0.010994,-0.010426
535.68,630.17,0.013776,-0.007613
537.95,630.17,0.016333,-0.005087
540.05,630.17,0.018681,-0.002832
542.33,630.17,0.020452,-0.001168
544.6,630.17,0.022464,0.000988
546.7,630.17,0.02413,0.002473
549.15,630.17,0.026262,0.004719
551.25,630.17,0.028872,0.007005
553.53,630.17,0.031355,0.009516
555.8,630.17,0.032797,0.010822
557.9,630.17,0.034198,0.012587
560.18,630.17,0.035218,0.013656
562.45,630.17,0.036265,0.014377
564.55,630.17,0.036724,0.014972
566.83,630.17,0.036721,0.015116
568.93,630.17,0.035979,0.014343
571.2,630.17,0.034343,0.012664
573.48,630.17,0.03202,0.010384
575.58,630.17,0.029321,0.00775
578.03,630.17,0.025665,0.003967
580.3,630.17,0.021484,-0.000127
582.4,630.17,0.01723,-0.004465
584.68,630.17,0.012747,-0.008787
586.95,630.17,0.008659,-0.012792
589.05,630.17,0.005548,-0.015848
591.33,630.17,0.003179,-0.018266
593.43,630.17,0.001034,-0.020241
595.7,630.17,-7.8e-05,-0.021603
597.98,630.17,-0.000586,-0.021926
600.25,630.17,0.000187,-0.021005
602.35,630.17,0.00251,-0.01903
604.63,630.17,0.005526,-0.015737
606.9,630.17,0.008779,-0.012662
609.18,630.17,0.011922,-0.009797
611.45,630.17,0.013832,-0.007869
613.55,630.17,0.014318,-0.007176
616.0,630.17,0.013567,-0.007696
618.28,630.17,0.01219,-0.009431
620.38,630.17,0.010788,-0.0107
622.65,630.17,0.009466,-0.012151
624.93,630.17,0.008363,-0.013152
627.03,630.17,0.007766,-0.01343
629.3,630.17,0.007849,-0.013633
631.4,630.17,0.008576,-0.012934
633.68,630.17,0.009352,-0.012068
635.95,630.17,0.010193,-0.011251
638.05,630.17,0.011188,-0.010238
640.33,630.17,0.012156,-0.009363
642.6,630.17,0.013388,-0.008168
644.88,630.17,0.014488,-0.006889
646.98,630.17,0.015957,-0.005595
649.25,630.17,0.01739,-0.004101
651.53,630.17,0.018554,-0.003014
653.8,630.17,0.019694,-0.002037
656.08,630.17,0.020067,-0.00147
658.18,630.17,0.02011,-0.001541
660.45,630.17,0.019417,-0.002145
662.73,630.17,0.018493,-0.002971
665.0,630.17,0.016906,-0.004625
667.1,630.17,0.014568,-0.00688
669.55,630.17,0.011869,-0.009714
671.65,630.17,0.009291,-0.012133
673.93,630.17,0.00723,-0.014243
676.2,630.17,0.006013,-0.015552
678.65,630.17,0.006731,-0.014822
680.75,630.17,0.007501,-0.013768
683.03,630.17,0.008185,-0.013251
685.13,630.17,0.007797,-0.013664
687.4,630.17,0.00645,-0.015173
689.68,630.17,0.005126,-0.016387
691.95,630.17,0.00365,-0.017773
694.05,630.17,0.00406,-0.017536
696.33,630.17,0.006509,-0.014948
698.6,630.17,0.010994,-0.010469
700.7,630.17,0.015702,-0.005885
702.98,630.17,0.018557,-0.002927
705.25,630.17,0.020477,-0.001335
707.53,630.17,0.02027,-0.001396
709.63,630.17,0.018542,-0.002946
11.55,665.17,-0.000947,-0.02269
13.83,665.17,-0.001402,-0.02273
15.93,665.17,-0.001945,-0.023257
18.2,665.17,-0.002259,-0.023614
20.48,665.17,-0.001667,-0.023069
22.58,665.17,-0.000947,-0.022228
25.03,665.17,0.000277,-0.021014
27.3,665.17,0.001731,-0.019794
29.23,665.17,0.003225,-0.018285
31.68,665.17,0.00524,-0.016156
33.78,665.17,0.007039,-0.014348
36.05,665.17,0.008915,-0.012669
38.15,665.17,0.010486,-0.011141
40.43,665.17,0.011626,-0.010004
42.53,665.17,0.012433,-0.009104
44.98,665.17,0.01316,-0.008426
47.08,665.17,0.013342,-0.008223
49.35,665.17,0.013102,-0.008544
51.63,665.17,0.011842,-0.009637
53.73,665.17,0.009938,-0.011523
56.0,665.17,0.007408,-0.014169
58.28,665.17,0.005095,-0.016442
60.38,665.17,0.002347,-0.019052
62.65,665.17,-0.000327,-0.021806
64.93,665.17,-0.002065,-0.023436
67.2,665.17,-0.002813,-0.024218
69.3,665.17,-0.002471,-0.023922
71.75,665.17,-0.001433,-0.022807
74.03,665.17,-0.000906,-0.022351
76.3,665.17,-0.000916,-0.022456
78.4,665.17,-0.001861,-0.023319
80.85,665.17,-0.002992,-0.024372
83.13,665.17,-0.003654,-0.025121
85.4,665.17,-0.004425,-0.025817
87.5,665.17,-0.004332,-0.025799
89.95,665.17,-0.004739,-0.026236
92.05,665.17,-0.004452,-0.025666
94.33,665.17,-0.004418,-0.025759
96.6,665.17,-0.003963,-0.02542
98.7,665.17,-0.003242,-0.024569
100.98,665.17,-0.002773,-0.024132
103.25,665.17,-0.002838,-0.02436
105.53,665.17,-0.002493,-0.023889
107.63,665.17,-0.002545,-0.023956
109.9,665.17,-0.002863,-0.024252
112.18,665.17,-0.003297,-0.024449
114.45,665.17,-0.003913,-0.025352
116.55,665.17,-0.004776,-0.02606
118.83,665.17,-0.004807,-0.026017
121.1,665.17,-0.003969,-0.025361
123.38,665.17,-0.002684,-0.02412
125.48,665.17,-0.001014,-0.022287
127.75,665.17,0.001216,-0.020241
130.03,665.17,0.003628,-0.01786
132.13,665.17,0.005788,-0.015746
134.4,665.17,0.008625,-0.012718
136.68,665.17,0.01154,-0.009837
138.95,665.17,0.014617,-0.007056
141.23,665.17,0.016771,-0.004782
143.33,665.17,0.018132,-0.003263
145.6,665.17,0.018443,-0.003121
147.88,665.17,0.017775,-0.003812
150.15,665.17,0.015603,-0.005854
152.25,665.17,0.013003,-0.008621
154.53,665.17,0.009534,-0.012031
156.8,665.17,0.006062,-0.015284
158.9,665.17,0.003453,-0.018069
161.18,665.17,0.001164,-0.02029
163.45,665.17,-0.000139,-0.021446
165.55,665.17,-0.001082,-0.022351
167.83,665.17,-0.000882,-0.022231
170.1,665.17,-0.001033,-0.022327
172.2,665.17,-0.000894,-0.022231
174.48,665.17,-0.000903,-0.022367
176.58,665.17,-0.000996,-0.022388
178.85,665.17,-0.000546,-0.022046
181.13,665.17,-0.000605,-0.021948
183.23,665.17,0.000169,-0.021159
185.5,665.17,0.000606,-0.020688
187.78,665.17,0.001318,-0.020016
189.88,665.17,0.001367,-0.019921
192.15,665.17,0.001697,-0.019819
194.43,665.17,0.002156,-0.019271
196.7,665.17,0.002547,-0.018996
198.8,665.17,0.003252,-0.018155
201.43,665.17,0.00483,-0.016649
203.7,665.17,0.006093,-0.015179
205.8,665.17,0.008431,-0.012964
208.08,665.17,0.011435,-0.010102
210.53,665.17,0.014762,-0.006855
212.8,665.17,0.017664,-0.003852
215.08,665.17,0.020008,-0.001593
217.18,665.17,0.021629,8.6e-05
219.45,665.17,0.022544,0.001044
221.55,665.17,0.022658,0.000976
223.83,665.17,0.022063,0.000193
226.1,665.17,0.020825,-0.000971
228.2,665.17,0.018665,-0.002847
230.48,665.17,0.016555,-0.005078
232.58,665.17,0.013989,-0.007579
234.85,665.17,0.011466,-0.009911
237.13,665.17,0.009725,-0.011643
239.23,665.17,0.007929,-0.013439
241.5,665.17,0.005914,-0.015349
243.78,665.17,0.004106,-0.017345
245.88,665.17,0.002187,-0.019197
248.15,665.17,0.000563,-0.020746
250.43,665.17,-0.001002,-0.02249
252.7,665.17,-0.002419,-0.023953
254.8,665.17,-0.003319,-0.024619
257.08,665.17,-0.003645,-0.025007
259.35,665.17,-0.003645,-0.024914
261.45,665.17,-0.002955,-0.024163
263.73,665.17,-0.001624,-0.022924
266.0,665.17,0.000415,-0.020903
268.28,665.17,0.003139,-0.018359
270.38,665.17,0.005939,-0.015635
272.65,665.17,0.01015,-0.011418
274.93,665.17,0.014851,-0.006834
277.2,665.17,0.019777,-0.001658
279.3,665.17,0.025178,0.003619
281.58,665.17,0.030927,0.00906
283.85,665.17,0.036912,0.015144
286.13,665.17,0.043397,0.021321
288.4,665.17,0.047781,0.025736
290.5,665.17,0.050483,0.028326
292.78,665.17,0.050652,0.028659
295.05,665.17,0.048366,0.02654
297.15,665.17,0.044269,0.022267
299.43,665.17,0.038952,0.017168
301.53,665.17,0.032833,0.011068
303.8,665.17,0.027017,0.005329
306.08,665.17,0.021432,-0.000207
308.18,665.17,0.0171,-0.004526
310.45,665.17,0.013117,-0.008531
312.73,665.17,0.010052,-0.011319
315.0,665.17,0.007766,-0.013772
317.1,665.17,0.005575,-0.015857
319.38,665.17,0.003795,-0.017465
321.48,665.17,0.001903,-0.019486
323.75,665.17,6.1e-05,-0.021372
326.03,665.17,-0.001384,-0.022638
328.13,665.17,-0.002481,-0.023892
330.4,665.17,-0.003168,-0.024539
332.68,665.17,-0.00408,-0.025481
334.95,665.17,-0.005173,-0.02651
337.05,665.17,-0.005931,-0.027361
339.33,665.17,-0.006329,-0.027764
341.43,665.17,-0.005885,-0.027413
343.7,665.17,-0.005263,-0.026467
345.98,665.17,-0.004024,-0.025546
348.25,665.17,-0.002801,-0.02428
350.53,665.17,-0.001372,-0.022838
352.63,665.17,0.00023,-0.021005
354.9,665.17,0.001872,-0.019542
357.0,665.17,0.00345,-0.018004
359.28,665.17,0.005049,-0.01643
361.55,665.17,0.006145,-0.015179
363.65,665.17,0.007926,-0.01371
365.93,665.17,0.009707,-0.011732
368.2,665.17,0.011617,-0.009979
370.48,665.17,0.013468,-0.008014
372.75,665.17,0.015092,-0.006375
374.85,665.17,0.016321,-0.00534
377.13,665.17,0.017165,-0.004418
379.4,665.17,0.018111,-0.003476
381.68,665.17,0.018508,-0.002983
383.78,665.17,0.019257,-0.002428
386.05,665.17,0.020107,-0.001606
388.33,665.17,0.020997,-0.000734
390.43,665.17,0.022242,0.000794
392.7,665.17,0.023838,0.002276
394.8,665.17,0.025967,0.0045
397.08,665.17,0.028431,0.006743
399.35,665.17,0.031296,0.009497
401.63,665.17,0.034047,0.01231
403.73,665.17,0.037756,0.015859
406.0,665.17,0.041749,0.019944
408.28,665.17,0.04584,0.023915
410.55,665.17,0.05031,0.028259
412.65,665.17,0.054435,0.03223
414.93,665.17,0.057778,0.035683
417.2,665.17,0.060794,0.038721
419.48,665.17,0.063397,0.04109
421.58,665.17,0.065541,0.043299
423.85,665.17,0.067036,0.044725
426.13,665.17,0.067735,0.045397
428.23,665.17,0.067535,0.04544
430.5,665.17,0.066231,0.044023
432.78,665.17,0.064056,0.041727
435.05,665.17,0.061059,0.038773
437.15,665.17,0.057719,0.035591
439.43,665.17,0.054463,0.032528
441.53,665.17,0.050816,0.028838
443.8,665.17,0.047177,0.02511
446.08,665.17,0.043838,0.021869
448.18,665.17,0.040618,0.018625
450.45,665.17,0.037667,0.015939
452.73,665.17,0.034771,0.012981
455.0,665.17,0.031965,0.010107
457.1,665.17,0.029935,0.008289
459.38,665.17,0.027787,0.005991
461.65,665.17,0.025862,0.004334
463.75,665.17,0.024565,0.002975
466.03,665.17,0.023286,0.001546
468.13,665.17,0.022146,0.000314
470.4,665.17,0.020905,-0.000694
472.68,665.17,0.019996,-0.001593
474.78,665.17,0.019241,-0.002287
477.05,665.17,0.01852,-0.003069
479.15,665.17,0.017602,-0.00399
481.43,665.17,0.016441,-0.005096
483.7,665.17,0.01552,-0.006125
485.8,665.17,0.015138,-0.006273
488.08,665.17,0.014713,-0.006883
490.18,665.17,0.014328,-0.007108
492.45,665.17,0.014013,-0.007616
494.73,665.17,0.013862,-0.007589
496.83,665.17,0.014044,-0.007536
499.1,665.17,0.013548,-0.00798
501.38,665.17,0.013117,-0.008165
503.48,665.17,0.012951,-0.008691
505.75,665.17,0.012498,-0.008929
508.03,665.17,0.011712,-0.009785
510.13,665.17,0.010957,-0.01042
512.4,665.17,0.010264,-0.011202
514.68,665.17,0.009895,-0.011683
516.78,665.17,0.00987,-0.011606
519.05,665.17,0.010757,-0.010734
521.33,665.17,0.012338,-0.009231
523.43,665.17,0.014152,-0.007465
525.7,665.17,0.016007,-0.005654
527.8,665.17,0.017849,-0.003759
530.08,665.17,0.019451,-0.002163
532.18,665.17,0.021715,2.1e-05
534.63,665.17,0.024174,0.002424
536.9,665.17,0.026583,0.004928
539.18,665.17,0.028789,0.007042
541.28,665.17,0.031182,0.009476
543.55,665.17,0.033366,0.011244
545.83,665.17,0.035797,0.013961
548.1,665.17,0.038545,0.016617
550.2,665.17,0.041441,0.019411
552.48,665.17,0.044035,0.022008
554.75,665.17,0.046419,0.024602
556.85,665.17,0.04897,0.026906
559.13,665.17,0.050883,0.028995
561.4,665.17,0.052371,0.030403
563.68,665.17,0.052852,0.030726
565.78,665.17,0.052473,0.030529
568.05,665.17,0.051352,0.029306
570.15,665.17,0.048829,0.02694
572.43,665.17,0.045227,0.023274
574.7,665.17,0.04153,0.01959
576.98,665.17,0.036638,0.014827
579.08,665.17,0.03186,0.01007
581.35,665.17,0.026909,0.005289
583.63,665.17,0.021475,-0.000266
585.73,665.17,0.016952,-0.004668
588.0,665.17,0.012572,-0.008815
590.28,665.17,0.009143,-0.012391
592.38,665.17,0.006225,-0.015226
594.65,665.17,0.004858,-0.016581
596.75,665.17,0.004118,-0.017284
599.03,665.17,0.004405,-0.016979
601.3,665.17,0.005326,-0.016208
603.4,665.17,0.006244,-0.015035
605.68,665.17,0.008302,-0.013183
607.78,665.17,0.010865,-0.010457
610.05,665.17,0.01365,-0.007927
612.33,665.17,0.016081,-0.005518
614.43,665.17,0.017094,-0.004492
616.7,665.17,0.016792,-0.004708
618.98,665.17,0.01564,-0.005913
621.08,665.17,0.014451,-0.007166
623.35,665.17,0.012846,-0.008673
625.63,665.17,0.01157,-0.010109
627.73,665.17,0.010526,-0.010974
630.0,665.17,0.010138,-0.011424
632.28,665.17,0.009805,-0.011584
634.38,665.17,0.010166,-0.011319
636.65,665.17,0.01056,-0.011051
638.75,665.17,0.011573,-0.009979
641.03,665.17,0.012624,-0.008762
643.3,665.17,0.013573,-0.007826
645.4,665.17,0.014362,-0.007114
648.38,665.17,0.015517,-0.006067
650.48,665.17,0.016811,-0.004717
652.75,665.17,0.01755,-0.004043
655.03,665.17,0.018487,-0.003069
657.13,665.17,0.018462,-0.003149
659.4,665.17,0.018995,-0.002585
661.68,665.17,0.018918,-0.002724
663.78,665.17,0.01848,-0.003235
666.05,665.17,0.017211,-0.004418
668.33,665.17,0.01528,-0.006097
670.43,665.17,0.013058,-0.008503
672.7,665.17,0.010745,-0.010731
674.8,665.17,0.009017,-0.012576
677.08,665.17,0.008641,-0.013054
679.35,665.17,0.009029,-0.012518
681.63,665.17,0.009901,-0.011806
683.73,665.17,0.009759,-0.011652
686.0,665.17,0.009094,-0.012361
688.28,665.17,0.006878,-0.014523
690.38,665.17,0.004913,-0.016538
692.65,665.17,0.002935,-0.018507
694.93,665.17,0.003604,-0.017715
697.2,665.17,0.006912,-0.014616
699.3,665.17,0.012501,-0.009144
701.58,665.17,0.0184,-0.003319
703.85,665.17,0.022581,0.00088
705.95,665.17,0.024728,0.003157
708.23,665.17,0.024559,0.002911
710.5,665.17,0.023145,0.001657
11.55,700.17,-0.001667,-0.023362
13.83,700.17,-0.00221,-0.02363
16.1,700.17,-0.00204,-0.023722
18.38,700.17,-0.001606,-0.023269
20.48,700.17,-0.000903,-0.022364
22.75,700.17,-0.000275,-0.021501
25.03,700.17,0.00032,-0.02091
27.13,700.17,0.000646,-0.020771
29.4,700.17,0.000329,-0.021014
31.68,700.17,0.000196,-0.021125
33.78,700.17,-1.6e-05,-0.021239
36.05,700.17,-0.000688,-0.021911
38.33,700.17,-0.000568,-0.022093
40.43,700.17,-0.000737,-0.021902
42.7,700.17,0.000341,-0.021091
44.98,700.17,0.001888,-0.019452
47.25,700.17,0.003656,-0.01786
49.35,700.17,0.005495,-0.01598
51.63,700.17,0.006321,-0.015016
53.73,700.17,0.007214,-0.014304
56.0,700.17,0.006373,-0.015078
58.28,700.17,0.005317,-0.016162
60.38,700.17,0.003145,-0.018134
62.65,700.17,0.001192,-0.020223
64.93,700.17,-0.000928,-0.022376
67.2,700.17,-0.00257,-0.023827
69.3,700.17,-0.00261,-0.023984
71.58,700.17,-0.001723,-0.023198
73.85,700.17,-0.00026,-0.021843
76.13,700.17,0.000427,-0.020771
78.23,700.17,0.001059,-0.02037
80.5,700.17,0.000603,-0.02086
82.78,700.17,-0.000675,-0.021886
84.88,700.17,-0.002231,-0.023698
87.15,700.17,-0.004295,-0.025623
89.43,700.17,-0.006566,-0.027918
91.7,700.17,-0.008128,-0.029338
93.8,700.17,-0.00928,-0.03074
96.08,700.17,-0.009881,-0.03111
98.35,700.17,-0.010232,-0.03156
100.63,700.17,-0.009927,-0.031301
102.9,700.17,-0.00972,-0.030987
105.0,700.17,-0.010256,-0.031556
107.28,700.17,-0.010669,-0.031815
109.55,700.17,-0.01107,-0.032237
111.83,700.17,-0.010956,-0.032102
113.93,700.17,-0.010404,-0.031658
116.2,700.17,-0.009705,-0.030987
118.48,700.17,-0.008725,-0.029958
120.75,700.17,-0.00753,-0.028775
123.03,700.17,-0.007133,-0.028519
125.13,700.17,-0.006187,-0.027632
127.4,700.17,-0.005574,-0.026871
129.68,700.17,-0.00424,-0.025725
131.78,700.17,-0.002542,-0.023996
134.05,700.17,-0.000152,-0.021732
136.33,700.17,0.002433,-0.018836
138.43,700.17,0.005501,-0.016107
140.7,700.17,0.00775,-0.013636
142.98,700.17,0.00974,-0.011861
145.08,700.17,0.010914,-0.010435
147.35,700.17,0.011013,-0.010512
149.45,700.17,0.010095,-0.011433
151.73,700.17,0.008693,-0.012832
153.83,700.17,0.006931,-0.014523
156.28,700.17,0.005495,-0.015897
158.55,700.17,0.003222,-0.018205
160.65,700.17,0.001158,-0.020275
162.93,700.17,-0.000463,-0.021929
165.2,700.17,-0.00192,-0.023473
167.3,700.17,-0.003106,-0.024495
169.58,700.17,-0.003969,-0.025346
171.68,700.17,-0.004822,-0.026014
173.95,700.17,-0.005759,-0.027188
176.05,700.17,-0.006772,-0.028072
178.33,700.17,-0.007589,-0.028756
180.43,700.17,-0.008473,-0.029572
182.7,700.17,-0.00904,-0.030303
184.98,700.17,-0.00944,-0.030762
187.08,700.17,-0.009357,-0.030709
189.35,700.17,-0.008584,-0.030053
191.45,700.17,-0.007607,-0.029015
193.73,700.17,-0.005475,-0.026831
196.0,700.17,-0.002955,-0.024369
198.1,700.17,-0.000614,-0.021846
200.38,700.17,0.001543,-0.019785
202.65,700.17,0.003625,-0.017647
204.75,700.17,0.005732,-0.015657
207.03,700.17,0.008487,-0.013085
209.3,700.17,0.010936,-0.010706
211.4,700.17,0.012923,-0.008799
213.68,700.17,0.013866,-0.007687
215.95,700.17,0.013252,-0.008121
218.05,700.17,0.012202,-0.009224
220.33,700.17,0.010464,-0.010897
222.6,700.17,0.008477,-0.012903
224.7,700.17,0.006598,-0.014825
226.98,700.17,0.004882,-0.016501
229.25,700.17,0.002593,-0.018873
231.35,700.17,0.000418,-0.020876
233.63,700.17,-0.001677,-0.022967
235.9,700.17,-0.003999,-0.025266
237.83,700.17,-0.006134,-0.027336
240.45,700.17,-0.007684,-0.029009
242.55,700.17,-0.009566,-0.030873
244.65,700.17,-0.011002,-0.032268
246.93,700.17,-0.011516,-0.033001
249.2,700.17,-0.012117,-0.033269
251.48,700.17,-0.01152,-0.032872
253.58,700.17,-0.010296,-0.031405
255.85,700.17,-0.008402,-0.029606
257.95,700.17,-0.006033,-0.027379
260.23,700.17,-0.002687,-0.024153
262.15,700.17,0.001407,-0.020068
264.78,700.17,0.005911,-0.015506
266.88,700.17,0.01153,-0.009844
269.15,700.17,0.018175,-0.003269
271.25,700.17,0.025354,0.003881
273.53,700.17,0.033268,0.011426
275.8,700.17,0.041272,0.01946
277.9,700.17,0.048058,0.026327
280.18,700.17,0.053545,0.031552
282.28,700.17,0.056231,0.0341
284.55,700.17,0.056065,0.034183
286.83,700.17,0.053422,0.031441
288.93,700.17,0.048314,0.026367
291.2,700.17,0.042128,0.020301
293.48,700.17,0.034611,0.012907
295.58,700.17,0.027612,0.005899
297.85,700.17,0.020674,-0.00082
300.13,700.17,0.014457,-0.007034
302.4,700.17,0.008758,-0.01269
304.5,700.17,0.004599,-0.016834
306.78,700.17,0.000431,-0.020823
309.05,700.17,-0.002669,-0.024058
311.15,700.17,-0.005364,-0.026788
313.25,700.17,-0.007764,-0.028978
315.7,700.17,-0.009868,-0.03119
317.8,700.17,-0.012031,-0.033161
320.08,700.17,-0.013605,-0.034948
322.35,700.17,-0.015075,-0.036313
324.63,700.17,-0.016091,-0.037468
326.9,700.17,-0.017216,-0.038356
329.0,700.17,-0.018507,-0.039597
331.28,700.17,-0.019452,-0.040586
333.55,700.17,-0.019877,-0.041011
335.83,700.17,-0.01907,-0.040259
337.93,700.17,-0.018371,-0.039437
340.2,700.17,-0.017367,-0.038473
342.48,700.17,-0.016039,-0.037364
344.58,700.17,-0.01493,-0.036153
346.85,700.17,-0.014027,-0.03538
348.95,700.17,-0.013242,-0.034686
351.23,700.17,-0.012136,-0.033691
353.5,700.17,-0.011292,-0.032465
355.6,700.17,-0.010392,-0.031664
357.88,700.17,-0.009471,-0.030626
360.15,700.17,-0.008667,-0.030124
362.43,700.17,-0.007712,-0.029046
364.53,700.17,-0.007093,-0.02842
366.8,700.17,-0.006436,-0.027619
369.08,700.17,-0.00541,-0.026667
371.35,700.17,-0.00436,-0.025568
373.45,700.17,-0.003984,-0.025367
375.73,700.17,-0.004003,-0.025293
377.83,700.17,-0.004431,-0.025934
380.1,700.17,-0.005179,-0.026603
382.2,700.17,-0.005509,-0.026766
384.48,700.17,-0.006125,-0.027545
386.75,700.17,-0.006791,-0.028152
388.85,700.17,-0.006751,-0.028217
391.13,700.17,-0.006763,-0.028171
393.23,700.17,-0.006356,-0.027684
395.5,700.17,-0.006094,-0.027342
397.95,700.17,-0.005574,-0.027126
400.05,700.17,-0.005469,-0.0268
402.33,700.17,-0.005645,-0.026932
404.6,700.17,-0.005238,-0.026655
406.88,700.17,-0.004742,-0.02595
408.98,700.17,-0.004338,-0.025913
411.25,700.17,-0.003688,-0.02509
413.53,700.17,-0.002453,-0.023932
415.98,700.17,-0.000346,-0.021769
418.25,700.17,0.002039,-0.019323
420.35,700.17,0.005622,-0.016107
422.63,700.17,0.009793,-0.01172
424.73,700.17,0.014777,-0.006917
427.0,700.17,0.019682,-0.001788
429.28,700.17,0.025452,0.003918
431.55,700.17,0.031154,0.009383
433.65,700.17,0.036047,0.014158
435.93,700.17,0.040973,0.018936
437.68,700.17,0.045178,0.023028
440.3,700.17,0.04934,0.027442
442.58,700.17,0.053089,0.030923
444.85,700.17,0.05605,0.03389
446.95,700.17,0.057522,0.035541
449.23,700.17,0.058792,0.036731
451.5,700.17,0.059303,0.036952
453.6,700.17,0.059035,0.036986
455.88,700.17,0.058326,0.036281
458.15,700.17,0.05702,0.034839
460.25,700.17,0.055566,0.033524
462.53,700.17,0.053702,0.031607
464.8,700.17,0.051521,0.029626
467.08,700.17,0.049722,0.027673
469.18,700.17,0.04816,0.026139
471.45,700.17,0.046173,0.024263
473.73,700.17,0.044078,0.022125
475.83,700.17,0.042341,0.020338
478.1,700.17,0.039645,0.017907
480.38,700.17,0.037227,0.015538
482.48,700.17,0.035215,0.013487
484.75,700.17,0.033471,0.011789
487.03,700.17,0.032676,0.010973
489.13,700.17,0.032501,0.010646
491.4,700.17,0.03198,0.010206
493.5,700.17,0.032408,0.010646
495.78,700.17,0.032756,0.011037
498.05,700.17,0.03296,0.011155
500.33,700.17,0.032858,0.011102
502.43,700.17,0.032806,0.011102
504.7,700.17,0.03251,0.010751
506.8,700.17,0.03214,0.010514
509.25,700.17,0.032159,0.010264
511.53,700.17,0.03214,0.010255
513.63,700.17,0.032467,0.010816
515.9,700.17,0.032599,0.010803
518.18,700.17,0.032954,0.011127
520.28,700.17,0.032618,0.010643
522.55,700.17,0.032143,0.010397
524.65,700.17,0.031407,0.00971
527.1,700.17,0.031706,0.010002
529.2,700.17,0.032649,0.010868
531.48,700.17,0.034901,0.013071
533.58,700.17,0.037664,0.015923
535.85,700.17,0.041161,0.019109
538.13,700.17,0.0443,0.022276
540.23,700.17,0.047861,0.025742
542.5,700.17,0.051077,0.029109
544.95,700.17,0.054645,0.032294
547.23,700.17,0.056789,0.034839
549.5,700.17,0.059087,0.037026
551.6,700.17,0.06137,0.03914
553.7,700.17,0.063687,0.041487
555.98,700.17,0.066333,0.04413
558.25,700.17,0.068542,0.04633
560.53,700.17,0.07039,0.047975
562.63,700.17,0.071435,0.049226
564.9,700.17,0.072125,0.049848
567.0,700.17,0.071589,0.049121
569.28,700.17,0.069503,0.047316
571.55,700.17,0.066641,0.044223
573.65,700.17,0.061912,0.039833
575.93,700.17,0.056191,0.033976
578.2,700.17,0.049546,0.027381
580.3,700.17,0.043219,0.02145
582.75,700.17,0.036133,0.014312
585.03,700.17,0.030049,0.008425
587.13,700.17,0.024063,0.002399
589.4,700.17,0.018859,-0.002622
591.5,700.17,0.014768,-0.006843
593.78,700.17,0.011188,-0.010364
596.05,700.17,0.008407,-0.012998
598.33,700.17,0.006207,-0.015238
600.43,700.17,0.004851,-0.016655
602.7,700.17,0.003582,-0.01773
604.98,700.17,0.003804,-0.017721
607.08,700.17,0.004913,-0.016695
609.35,700.17,0.006379,-0.015013
611.63,700.17,0.008462,-0.012927
613.9,700.17,0.010107,-0.011292
616.0,700.17,0.010976,-0.010506
618.28,700.17,0.011019,-0.010564
620.38,700.17,0.01011,-0.011178
622.65,700.17,0.009445,-0.011914
624.93,700.17,0.008878,-0.012425
627.2,700.17,0.008237,-0.01326
629.3,700.17,0.008009,-0.013621
631.58,700.17,0.00792,-0.013389
633.85,700.17,0.00767,-0.01391
635.95,700.17,0.007911,-0.013621
638.23,700.17,0.008259,-0.013229
640.5,700.17,0.009075,-0.012339
642.6,700.17,0.00974,-0.011917
644.88,700.17,0.010212,-0.011131
