x,y,z,z2
4.55,0.0,0.015923,-0.005349
6.82,0.0,0.014315,-0.006686
8.92,0.0,0.011469,-0.009548
11.2,0.0,0.006398,-0.014187
13.48,0.0,0.000508,-0.020417
15.75,0.0,-0.006144,-0.026948
17.85,0.0,-0.013581,-0.033651
20.13,0.0,-0.021202,-0.041633
22.23,0.0,-0.028198,-0.048661
24.5,0.0,-0.035241,-0.055648
26.78,0.0,-0.042019,-0.062083
28.88,0.0,-0.04818,-0.06871
31.15,0.0,-0.05542,-0.075718
33.43,0.0,-0.063266,-0.083266
35.53,0.0,-0.07212,-0.092394
37.8,0.0,-0.083787,-0.103762
40.07,0.0,-0.098596,-0.118109
42.17,0.0,-0.11619,-0.135829
44.62,0.0,-0.139696,-0.159058
46.72,0.0,-0.167437,-0.186411
49.0,0.0,-0.200712,-0.219166
51.1,0.0,-0.23899,-0.257443
53.37,0.0,-0.286596,-0.304252
55.65,0.0,-0.340284,-0.357693
57.75,0.0,-0.405894,-0.422616
60.02,0.0,-0.484905,-0.500684
62.3,0.0,-0.572341,-0.587206
64.4,0.0,-0.656223,-0.67109
66.67,0.0,-0.717973,-0.731478
68.95,0.0,-0.749608,-0.763034
71.22,0.0,-0.747711,-0.761216
73.32,0.0,-0.716589,-0.730582
75.6,0.0,-0.664365,-0.679313
77.7,0.0,-0.599556,-0.614584
79.97,0.0,-0.527052,-0.543164
82.25,0.0,-0.454245,-0.470866
84.35,0.0,-0.386645,-0.403894
86.62,0.0,-0.321359,-0.339205
88.9,0.0,-0.264227,-0.282228
91.35,0.0,-0.205641,-0.224606
93.62,0.0,-0.161981,-0.181522
95.72,0.0,-0.122314,-0.142185
98.0,0.0,-0.086732,-0.107065
100.1,0.0,-0.053827,-0.074212
102.37,0.0,-0.025155,-0.045426
104.65,0.0,0.00231,-0.018658
106.75,0.0,0.028215,0.007448
109.02,0.0,0.053194,0.031909
111.3,0.0,0.077735,0.056228
113.57,0.0,0.102156,0.080455
115.67,0.0,0.126398,0.104694
117.95,0.0,0.150406,0.128308
120.22,0.0,0.173456,0.151336
122.32,0.0,0.197824,0.175769
124.6,0.0,0.224183,0.201342
126.87,0.0,0.249142,0.22637
128.97,0.0,0.273495,0.24998
131.25,0.0,0.296881,0.273871
133.35,0.0,0.319534,0.295957
135.62,0.0,0.33812,0.314312
137.9,0.0,0.352257,0.328243
140.0,0.0,0.360948,0.336669
142.28,0.0,0.363588,0.34007
144.55,0.0,0.358009,0.334204
146.65,0.0,0.342087,0.318714
148.93,0.0,0.31206,0.288594
151.2,0.0,0.257719,0.235085
153.3,0.0,0.176056,0.15413
155.58,0.0,0.078024,0.056727
157.85,0.0,-0.021717,-0.042139
159.95,0.0,-0.106624,-0.125903
162.23,0.0,-0.174779,-0.193565
164.33,0.0,-0.226618,-0.244581
166.78,0.0,-0.267446,-0.285543
168.88,0.0,-0.297043,-0.314889
171.15,0.0,-0.319661,-0.337089
173.43,0.0,-0.337194,-0.355179
175.7,0.0,-0.35268,-0.370019
177.8,0.0,-0.365105,-0.382616
180.08,0.0,-0.374606,-0.391833
182.35,0.0,-0.380684,-0.397674
184.45,0.0,-0.381276,-0.398638
186.73,0.0,-0.376362,-0.393598
189.0,0.0,-0.365425,-0.382551
191.28,0.0,-0.348099,-0.365693
193.38,0.0,-0.325139,-0.343133
195.65,0.0,-0.299828,-0.317702
197.75,0.0,-0.269766,-0.288152
200.03,0.0,-0.236806,-0.255475
202.3,0.0,-0.202145,-0.220558
204.58,0.0,-0.164209,-0.183195
206.85,0.0,-0.126489,-0.146159
208.95,0.0,-0.090373,-0.110262
211.23,0.0,-0.055139,-0.075494
213.5,0.0,-0.02257,-0.04277
215.6,0.0,0.00735,-0.013303
217.88,0.0,0.036182,0.015369
220.15,0.0,0.062002,0.040751
222.25,0.0,0.082759,0.061108
224.53,0.0,0.100566,0.079137
226.8,0.0,0.116228,0.094645
229.08,0.0,0.130628,0.108887
231.35,0.0,0.143788,0.121906
233.45,0.0,0.156432,0.134673
235.73,0.0,0.167766,0.145988
238.0,0.0,0.177867,0.155991
240.1,0.0,0.186964,0.164753
242.38,0.0,0.194386,0.172063
244.65,0.0,0.199944,0.177618
246.75,0.0,0.203382,0.18113
249.03,0.0,0.206197,0.183409
251.3,0.0,0.207414,0.185356
253.58,0.0,0.207802,0.185147
255.85,0.0,0.207017,0.184728
257.95,0.0,0.206545,0.18409
260.4,0.0,0.206179,0.183647
262.68,0.0,0.206302,0.183831
264.95,0.0,0.20678,0.184244
267.05,0.0,0.207513,0.185002
269.33,0.0,0.208314,0.185751
271.6,0.0,0.209183,0.186758
273.7,0.0,0.210858,0.188194
275.98,0.0,0.212337,0.189857
278.25,0.0,0.215464,0.193169
280.35,0.0,0.218982,0.19612
282.63,0.0,0.222451,0.19974
284.9,0.0,0.225439,0.202473
287.18,0.0,0.228215,0.205433
289.28,0.0,0.23063,0.207916
291.55,0.0,0.234124,0.211065
293.83,0.0,0.237544,0.215085
296.1,0.0,0.243757,0.220597
298.2,0.0,0.251795,0.22852
300.48,0.0,0.264124,0.241003
302.75,0.0,0.277932,0.254743
304.85,0.0,0.292654,0.269451
307.13,0.0,0.307433,0.283665
309.4,0.0,0.321647,0.298354
311.5,0.0,0.335914,0.311927
313.78,0.0,0.349703,0.325945
316.05,0.0,0.362528,0.3388
318.33,0.0,0.374811,0.350532
320.43,0.0,0.386468,0.362238
322.7,0.0,0.396025,0.371702
324.98,0.0,0.403871,0.379447
327.25,0.0,0.410513,0.386308
329.53,0.0,0.415313,0.390735
331.63,0.0,0.418215,0.393649
333.73,0.0,0.418625,0.394339
336.0,0.0,0.415217,0.390757
338.28,0.0,0.407432,0.383138
340.55,0.0,0.394934,0.370667
342.83,0.0,0.376511,0.352824
344.93,0.0,0.3536,0.329814
347.2,0.0,0.324888,0.301552
349.48,0.0,0.289777,0.266869
351.58,0.0,0.252454,0.229771
353.85,0.0,0.211998,0.189611
355.95,0.0,0.169324,0.147347
358.23,0.0,0.127263,0.105588
360.5,0.0,0.083912,0.062917
362.6,0.0,0.045276,0.024257
364.88,0.0,0.007276,-0.013371
367.15,0.0,-0.026199,-0.046492
369.25,0.0,-0.056113,-0.076011
371.53,0.0,-0.08119,-0.100789
373.63,0.0,-0.10114,-0.120654
375.9,0.0,-0.115632,-0.135435
378.18,0.0,-0.124979,-0.144403
380.45,0.0,-0.129424,-0.148805
382.55,0.0,-0.129538,-0.148744
384.83,0.0,-0.124902,-0.144766
387.1,0.0,-0.11749,-0.136658
389.2,0.0,-0.105521,-0.125065
391.48,0.0,-0.089945,-0.109791
393.75,0.0,-0.070038,-0.090238
395.85,0.0,-0.046701,-0.067114
398.13,0.0,-0.022613,-0.042699
400.4,0.0,0.003983,-0.016338
402.68,0.0,0.029432,0.008166
404.78,0.0,0.051037,0.02975
407.05,0.0,0.068989,0.047723
409.33,0.0,0.082458,0.060954
411.43,0.0,0.09324,0.072008
413.7,0.0,0.101641,0.08052
415.8,0.0,0.108594,0.086709
418.08,0.0,0.114007,0.092156
420.35,0.0,0.118819,0.097245
422.45,0.0,0.123536,0.101832
424.73,0.0,0.12795,0.105803
427.0,0.0,0.132427,0.110415
429.1,0.0,0.137457,0.115273
431.38,0.0,0.141804,0.120045
433.65,0.0,0.146567,0.124599
435.75,0.0,0.151367,0.129512
438.03,0.0,0.155902,0.134013
440.13,0.0,0.159873,0.137803
442.4,0.0,0.163918,0.141737
444.68,0.0,0.168209,0.146207
446.95,0.0,0.172568,0.150199
449.23,0.0,0.175748,0.153825
451.33,0.0,0.179608,0.157482
453.6,0.0,0.183049,0.160671
455.7,0.0,0.186604,0.164066
457.98,0.0,0.189435,0.16742
460.25,0.0,0.193169,0.170513
462.35,0.0,0.196795,0.17418
464.63,0.0,0.199716,0.177316
466.73,0.0,0.202633,0.180181
469.0,0.0,0.204814,0.181851
471.28,0.0,0.207476,0.184709
473.38,0.0,0.21092,0.188246
475.83,0.0,0.215329,0.192778
478.1,0.0,0.219617,0.197011
480.38,0.0,0.22535,0.20287
482.65,0.0,0.232775,0.209814
484.75,0.0,0.240929,0.217867
487.03,0.0,0.2499,0.226595
489.3,0.0,0.258942,0.235806
491.4,0.0,0.268767,0.245828
493.68,0.0,0.279823,0.256336
495.78,0.0,0.292901,0.269959
498.05,0.0,0.308095,0.284848
500.33,0.0,0.325479,0.302035
502.6,0.0,0.344364,0.320892
504.7,0.0,0.364657,0.34035
506.98,0.0,0.384034,0.359931
509.25,0.0,0.403483,0.379302
511.35,0.0,0.420624,0.396188
513.63,0.0,0.434906,0.410217
515.9,0.0,0.445368,0.421028
518.0,0.0,0.453813,0.42885
520.28,0.0,0.460029,0.435088
522.55,0.0,0.462688,0.437494
524.65,0.0,0.460639,0.435652
526.93,0.0,0.45271,0.42774
529.03,0.0,0.438732,0.414219
531.3,0.0,0.418455,0.393643
533.58,0.0,0.391693,0.36767
535.85,0.0,0.361906,0.338135
537.95,0.0,0.32673,0.303286
540.23,0.0,0.285347,0.26226
542.5,0.0,0.24145,0.218828
544.6,0.0,0.192257,0.169974
546.88,0.0,0.142907,0.120911
549.33,0.0,0.087331,0.065702
551.43,0.0,0.04316,0.022448
553.7,0.0,0.000615,-0.020142
555.98,0.0,-0.036652,-0.056612
558.08,0.0,-0.070956,-0.090737
560.35,0.0,-0.094002,-0.113719
562.63,0.0,-0.112733,-0.1322
564.73,0.0,-0.124723,-0.143867
567.0,0.0,-0.129939,-0.149631
569.1,0.0,-0.129126,-0.148854
571.38,0.0,-0.122927,-0.142558
573.65,0.0,-0.112927,-0.132477
575.75,0.0,-0.100259,-0.120004
578.03,0.0,-0.084954,-0.104622
580.3,0.0,-0.067551,-0.087268
582.4,0.0,-0.049295,-0.069668
584.68,0.0,-0.030919,-0.051328
586.95,0.0,-0.012324,-0.033266
589.05,0.0,0.004577,-0.015999
591.32,0.0,0.020927,6.1e-05
593.6,0.0,0.036564,0.015674
595.7,0.0,0.050939,0.029922
597.97,0.0,0.06478,0.04361
600.25,0.0,0.078508,0.057165
602.52,0.0,0.092337,0.070492
604.8,0.0,0.106311,0.084355
607.07,0.0,0.116949,0.095082
609.17,0.0,0.125942,0.104358
611.45,0.0,0.132701,0.110581
613.72,0.0,0.138622,0.11661
616.0,0.0,0.142639,0.120828
618.1,0.0,0.146013,0.124189
620.37,0.0,0.149457,0.127313
622.82,0.0,0.152494,0.130406
624.92,0.0,0.155932,0.134201
627.2,0.0,0.159851,0.137436
629.47,0.0,0.164768,0.142245
631.57,0.0,0.170923,0.148998
633.85,0.0,0.177787,0.155686
636.12,0.0,0.186062,0.163835
638.22,0.0,0.194146,0.17157
640.5,0.0,0.201435,0.179395
642.77,0.0,0.207704,0.184903
645.05,0.0,0.211595,0.189069
647.32,0.0,0.213539,0.1908
649.6,0.0,0.213317,0.190597
651.7,0.0,0.211854,0.18921
653.97,0.0,0.209213,0.186696
656.25,0.0,0.206314,0.183924
658.52,0.0,0.204032,0.181724
660.62,0.0,0.203231,0.180991
662.9,0.0,0.203382,0.181037
665.17,0.0,0.204109,0.181789
667.1,0.0,0.205449,0.183539
669.55,0.0,0.207858,0.185316
671.82,0.0,0.211271,0.188834
674.1,0.0,0.215215,0.192504
676.37,0.0,0.219152,0.195929
678.47,0.0,0.221065,0.198474
680.75,0.0,0.22214,0.199349
683.02,0.0,0.221003,0.198748
685.12,0.0,0.218711,0.196034
687.4,0.0,0.213483,0.190803
689.67,0.0,0.207765,0.185273
691.77,0.0,0.201311,0.17897
694.05,0.0,0.195412,0.172809
696.32,0.0,0.190184,0.167729
698.6,0.0,0.186167,0.163819
700.7,0.0,0.18283,0.160988
702.97,0.0,0.180085,0.158215
705.25,0.0,0.177993,0.155686
707.35,0.0,0.175812,0.153693
709.62,0.0,0.174571,0.151894
11.9,35.0,-0.104156,-0.12419
14.0,35.0,-0.109431,-0.128947
16.45,35.0,-0.116291,-0.136026
18.73,35.0,-0.122052,-0.141522
20.83,35.0,-0.127126,-0.146698
23.1,35.0,-0.131467,-0.150848
25.38,35.0,-0.13468,-0.153965
27.65,35.0,-0.136615,-0.156131
29.93,35.0,-0.138029,-0.157678
32.03,35.0,-0.138756,-0.157995
34.3,35.0,-0.13972,-0.158848
36.75,35.0,-0.141331,-0.160598
38.85,35.0,-0.144175,-0.163577
41.13,35.0,-0.147915,-0.166991
43.58,35.0,-0.152601,-0.171753
45.85,35.0,-0.15744,-0.176556
48.13,35.0,-0.162631,-0.181476
50.4,35.0,-0.168186,-0.187252
52.5,35.0,-0.176461,-0.195373
54.78,35.0,-0.187311,-0.205952
57.05,35.0,-0.200358,-0.218774
59.15,35.0,-0.215555,-0.234289
61.43,35.0,-0.233971,-0.252188
64.05,35.0,-0.258592,-0.276732
66.33,35.0,-0.280327,-0.298417
68.6,35.0,-0.303746,-0.321685
70.7,35.0,-0.329027,-0.346322
73.15,35.0,-0.362366,-0.379929
75.43,35.0,-0.39403,-0.410869
77.53,35.0,-0.429285,-0.445804
79.8,35.0,-0.469501,-0.486014
82.08,35.0,-0.514741,-0.530086
84.18,35.0,-0.562394,-0.577736
86.45,35.0,-0.617159,-0.631885
88.73,35.0,-0.681004,-0.695006
90.83,35.0,-0.749574,-0.762732
93.1,35.0,-0.814411,-0.827088
95.38,35.0,-0.861521,-0.873783
97.48,35.0,-0.879756,-0.891799
99.75,35.0,-0.869091,-0.881253
102.03,35.0,-0.828817,-0.841481
104.3,35.0,-0.769587,-0.783114
106.4,35.0,-0.695767,-0.709836
108.68,35.0,-0.611472,-0.626229
110.95,35.0,-0.523688,-0.539375
113.23,35.0,-0.438595,-0.455456
115.5,35.0,-0.356078,-0.373602
117.6,35.0,-0.277413,-0.295906
119.88,35.0,-0.205244,-0.224101
121.98,35.0,-0.138463,-0.157927
124.25,35.0,-0.076079,-0.096125
126.53,35.0,-0.019095,-0.039446
128.98,35.0,0.040797,0.019537
131.25,35.0,0.085335,0.064053
133.35,35.0,0.125979,0.104158
135.63,35.0,0.159749,0.137901
137.9,35.0,0.186468,0.163727
140.18,35.0,0.200048,0.17783
142.45,35.0,0.197473,0.175378
144.55,35.0,0.1647,0.14271
147.18,35.0,0.082227,0.060871
149.45,35.0,-0.004686,-0.024671
151.55,35.0,-0.081372,-0.101258
153.83,35.0,-0.134252,-0.153392
156.45,35.0,-0.16517,-0.184464
158.55,35.0,-0.170968,-0.190287
160.83,35.0,-0.165352,-0.184196
162.93,35.0,-0.155151,-0.174369
165.55,35.0,-0.14557,-0.164967
167.65,35.0,-0.141935,-0.16159
169.93,35.0,-0.145219,-0.164471
172.2,35.0,-0.154674,-0.173667
174.48,35.0,-0.169933,-0.189049
176.75,35.0,-0.186741,-0.205238
179.03,35.0,-0.203482,-0.222357
181.13,35.0,-0.218497,-0.23683
183.75,35.0,-0.231978,-0.250675
186.03,35.0,-0.238568,-0.256923
188.13,35.0,-0.239643,-0.257767
190.4,35.0,-0.234763,-0.253081
192.68,35.0,-0.223589,-0.242024
194.95,35.0,-0.206904,-0.225527
197.23,35.0,-0.184726,-0.203759
199.33,35.0,-0.158087,-0.177407
201.6,35.0,-0.129902,-0.149406
203.88,35.0,-0.099455,-0.119535
206.15,35.0,-0.066076,-0.086279
208.43,35.0,-0.033414,-0.053889
210.53,35.0,-0.001689,-0.022493
212.8,35.0,0.028268,0.007257
215.08,35.0,0.057322,0.036056
217.35,35.0,0.083647,0.061931
219.63,35.0,0.107935,0.085997
221.9,35.0,0.12918,0.107365
224.0,35.0,0.147756,0.125797
226.28,35.0,0.164106,0.142156
228.55,35.0,0.178576,0.156188
230.65,35.0,0.190495,0.168129
232.93,35.0,0.201792,0.179266
235.2,35.0,0.210855,0.188221
237.3,35.0,0.218566,0.195621
239.58,35.0,0.225218,0.202565
241.85,35.0,0.23047,0.207805
244.13,35.0,0.234491,0.211601
246.23,35.0,0.235966,0.21296
248.68,35.0,0.237183,0.214574
250.78,35.0,0.238061,0.215199
253.05,35.0,0.238264,0.215248
255.33,35.0,0.238979,0.215837
257.43,35.0,0.238659,0.2158
259.7,35.0,0.238147,0.215359
261.98,35.0,0.237368,0.214253
264.08,35.0,0.237491,0.214894
266.35,35.0,0.239121,0.216191
268.63,35.0,0.241222,0.218659
270.73,35.0,0.243998,0.221086
273.0,35.0,0.24718,0.224281
275.28,35.0,0.250661,0.227405
277.38,35.0,0.254318,0.231194
279.65,35.0,0.257728,0.234731
281.93,35.0,0.26088,0.23803
284.2,35.0,0.264731,0.241354
286.3,35.0,0.267935,0.244506
288.58,35.0,0.270569,0.247479
290.85,35.0,0.273659,0.250366
292.95,35.0,0.27718,0.254333
295.4,35.0,0.282442,0.25897
297.5,35.0,0.288381,0.264913
299.78,35.0,0.295332,0.271724
302.05,35.0,0.303991,0.280633
304.33,35.0,0.31665,0.293015
306.43,35.0,0.331736,0.30811
308.7,35.0,0.347232,0.323868
310.98,35.0,0.362688,0.338532
313.25,35.0,0.377195,0.353095
315.35,35.0,0.388908,0.364795
317.63,35.0,0.399447,0.375214
319.9,35.0,0.407987,0.383412
322.18,35.0,0.416012,0.391585
324.28,35.0,0.422901,0.398498
326.55,35.0,0.428936,0.404444
328.83,35.0,0.433982,0.40929
331.1,35.0,0.436893,0.412044
333.03,35.0,0.437811,0.413384
335.48,35.0,0.436354,0.412038
337.58,35.0,0.43128,0.407171
339.85,35.0,0.420427,0.395658
342.13,35.0,0.404318,0.380144
344.4,35.0,0.382694,0.358572
346.5,35.0,0.357525,0.333486
348.78,35.0,0.328649,0.305378
351.05,35.0,0.293619,0.270279
353.15,35.0,0.256342,0.23332
355.43,35.0,0.215526,0.193135
357.7,35.0,0.173862,0.151891
359.98,35.0,0.130224,0.108551
362.25,35.0,0.088631,0.067618
364.53,35.0,0.050477,0.029824
366.63,35.0,0.015387,-0.005272
368.9,35.0,-0.016196,-0.036433
371.18,35.0,-0.040814,-0.061279
373.28,35.0,-0.059794,-0.079957
375.55,35.0,-0.071131,-0.091165
377.83,35.0,-0.07452,-0.094585
379.93,35.0,-0.07306,-0.093124
382.2,35.0,-0.067471,-0.08757
384.48,35.0,-0.059283,-0.079622
386.58,35.0,-0.049508,-0.069622
388.85,35.0,-0.038146,-0.058174
391.13,35.0,-0.024455,-0.045219
393.4,35.0,-0.009412,-0.029921
395.5,35.0,0.006931,-0.013651
397.95,35.0,0.025529,0.004522
400.23,35.0,0.04182,0.020671
402.33,35.0,0.057374,0.035942
404.6,35.0,0.07186,0.050711
406.88,35.0,0.086438,0.06527
409.15,35.0,0.099204,0.077568
411.43,35.0,0.111271,0.089605
413.53,35.0,0.122211,0.100615
415.98,35.0,0.133311,0.111549
418.25,35.0,0.142895,0.120624
420.35,35.0,0.152436,0.130437
422.63,35.0,0.16112,0.139078
424.73,35.0,0.170042,0.147621
427.0,35.0,0.177433,0.155082
429.28,35.0,0.184491,0.162205
431.38,35.0,0.190427,0.16792
433.65,35.0,0.196077,0.173767
435.75,35.0,0.20068,0.178286
438.03,35.0,0.204244,0.181906
440.3,35.0,0.207929,0.185064
442.4,35.0,0.21113,0.188613
444.68,35.0,0.214146,0.191724
446.78,35.0,0.216964,0.194297
449.05,35.0,0.219297,0.196814
451.33,35.0,0.222032,0.199389
453.43,35.0,0.224198,0.201185
455.7,35.0,0.226478,0.203456
457.98,35.0,0.227935,0.20531
460.08,35.0,0.229417,0.206281
462.35,35.0,0.230054,0.207501
464.63,35.0,0.231376,0.208499
466.73,35.0,0.233197,0.210326
469.0,35.0,0.235196,0.212393
471.28,35.0,0.238616,0.215652
473.38,35.0,0.243215,0.220501
475.65,35.0,0.249355,0.226431
477.93,35.0,0.257322,0.234223
480.2,35.0,0.267199,0.243961
482.48,35.0,0.278847,0.256043
484.58,35.0,0.291915,0.268782
486.85,35.0,0.306598,0.282895
489.13,35.0,0.321154,0.297306
491.4,35.0,0.335184,0.31145
493.5,35.0,0.348486,0.324309
495.78,35.0,0.361441,0.337309
498.05,35.0,0.373585,0.349709
500.15,35.0,0.386533,0.362396
502.43,35.0,0.399755,0.375698
504.7,35.0,0.413692,0.389527
506.98,35.0,0.428129,0.403671
509.25,35.0,0.442608,0.417805
511.53,35.0,0.45559,0.431031
513.63,35.0,0.467971,0.443218
515.9,35.0,0.479968,0.454903
518.18,35.0,0.49218,0.467161
520.45,35.0,0.501456,0.476114
522.55,35.0,0.506215,0.481305
524.83,35.0,0.504552,0.479053
526.93,35.0,0.495972,0.47075
529.2,35.0,0.480239,0.455063
531.3,35.0,0.458646,0.433908
533.58,35.0,0.430636,0.406129
535.85,35.0,0.394989,0.371089
538.13,35.0,0.356761,0.333237
540.23,35.0,0.313677,0.290227
542.5,35.0,0.269124,0.246237
544.78,35.0,0.222599,0.200073
547.05,35.0,0.175624,0.153982
549.15,35.0,0.130939,0.109321
551.43,35.0,0.087707,0.066342
553.53,35.0,0.049047,0.02775
555.8,35.0,0.013397,-0.007056
558.08,35.0,-0.016005,-0.036174
560.18,35.0,-0.037348,-0.057379
562.45,35.0,-0.051707,-0.071735
564.73,35.0,-0.05928,-0.079354
566.83,35.0,-0.0616,-0.081566
569.1,35.0,-0.058796,-0.07854
571.2,35.0,-0.051563,-0.071433
573.48,35.0,-0.040805,-0.061319
575.75,35.0,-0.027216,-0.047715
578.03,35.0,-0.011227,-0.031763
580.13,35.0,0.006838,-0.013433
582.4,35.0,0.02609,0.005181
584.68,35.0,0.045532,0.024392
586.78,35.0,0.064691,0.043219
589.05,35.0,0.081943,0.060655
591.33,35.0,0.100045,0.078835
593.43,35.0,0.11784,0.096
595.7,35.0,0.134451,0.112226
597.98,35.0,0.149176,0.126921
600.08,35.0,0.162331,0.13999
602.35,35.0,0.174032,0.151952
604.45,35.0,0.186077,0.163265
606.73,35.0,0.196604,0.174429
609.0,35.0,0.207688,0.185233
611.1,35.0,0.217636,0.194845
613.38,35.0,0.225424,0.203101
615.65,35.0,0.232513,0.209922
617.93,35.0,0.237688,0.215098
620.2,35.0,0.242735,0.219447
622.48,35.0,0.247673,0.224691
624.75,35.0,0.253212,0.230433
627.03,35.0,0.260615,0.237507
629.3,35.0,0.266388,0.243699
631.4,35.0,0.271391,0.248311
633.68,35.0,0.27393,0.250908
635.95,35.0,0.273998,0.251016
638.05,35.0,0.271946,0.249127
640.33,35.0,0.268988,0.246089
642.6,35.0,0.265372,0.242118
644.7,35.0,0.261813,0.239192
646.98,35.0,0.258264,0.235107
649.25,35.0,0.254694,0.232109
651.35,35.0,0.251539,0.229022
653.63,35.0,0.249685,0.226635
655.9,35.0,0.247889,0.224947
658.0,35.0,0.246382,0.22393
660.28,35.0,0.246062,0.222864
662.38,35.0,0.245156,0.222266
664.65,35.0,0.244352,0.221321
666.93,35.0,0.243822,0.220523
669.03,35.0,0.242661,0.219903
671.3,35.0,0.242149,0.219106
673.58,35.0,0.242014,0.219204
675.85,35.0,0.242685,0.219426
678.13,35.0,0.24425,0.221388
680.23,35.0,0.247306,0.224777
682.5,35.0,0.252048,0.228884
684.78,35.0,0.259343,0.236142
687.05,35.0,0.267537,0.244346
689.33,35.0,0.276231,0.253499
691.43,35.0,0.283394,0.260159
693.7,35.0,0.288822,0.26559
695.8,35.0,0.291967,0.26836
698.08,35.0,0.293283,0.26982
700.18,35.0,0.293366,0.270002
702.45,35.0,0.292171,0.268622
704.73,35.0,0.290439,0.26747
707.0,35.0,0.28844,0.265341
709.1,35.0,0.286576,0.263212
711.38,35.0,0.285134,0.261847
11.55,70.0,-0.238783,-0.257083
13.65,70.0,-0.249024,-0.26728
16.1,70.0,-0.259215,-0.277499
18.2,70.0,-0.267721,-0.286097
20.48,70.0,-0.274415,-0.292163
22.58,70.0,-0.27695,-0.295056
24.85,70.0,-0.27606,-0.293891
27.13,70.0,-0.272807,-0.290509
29.23,70.0,-0.266799,-0.28501
31.5,70.0,-0.259735,-0.277856
33.78,70.0,-0.252089,-0.270533
36.05,70.0,-0.244455,-0.262477
38.15,70.0,-0.238217,-0.256433
40.43,70.0,-0.233238,-0.251476
42.53,70.0,-0.229258,-0.247536
44.98,70.0,-0.226525,-0.245256
47.08,70.0,-0.224101,-0.24228
49.35,70.0,-0.220506,-0.239048
51.63,70.0,-0.216972,-0.23553
53.73,70.0,-0.214372,-0.232644
56.0,70.0,-0.211951,-0.230512
58.28,70.0,-0.209988,-0.228451
60.38,70.0,-0.208232,-0.22691
62.83,70.0,-0.205173,-0.223811
65.1,70.0,-0.20037,-0.21907
67.38,70.0,-0.193491,-0.212256
69.65,70.0,-0.184739,-0.203904
71.75,70.0,-0.177391,-0.196045
74.03,70.0,-0.171834,-0.190795
76.3,70.0,-0.16867,-0.188177
78.4,70.0,-0.168442,-0.187431
80.68,70.0,-0.169406,-0.188839
82.95,70.0,-0.171609,-0.190694
85.05,70.0,-0.173405,-0.192333
87.33,70.0,-0.173864,-0.192943
89.6,70.0,-0.172866,-0.191969
91.7,70.0,-0.171923,-0.19086
93.98,70.0,-0.171322,-0.19033
96.08,70.0,-0.171224,-0.190438
98.35,70.0,-0.172259,-0.191032
100.63,70.0,-0.173315,-0.192339
102.73,70.0,-0.17468,-0.193423
105.0,70.0,-0.174967,-0.19383
107.28,70.0,-0.175731,-0.194655
109.38,70.0,-0.177354,-0.196498
111.65,70.0,-0.180786,-0.199412
113.93,70.0,-0.185151,-0.203993
116.03,70.0,-0.190583,-0.209652
118.3,70.0,-0.195882,-0.214914
120.58,70.0,-0.200007,-0.218759
122.68,70.0,-0.203032,-0.221917
124.95,70.0,-0.205195,-0.223719
127.23,70.0,-0.206458,-0.22513
129.33,70.0,-0.2072,-0.225731
131.6,70.0,-0.204883,-0.22358
133.88,70.0,-0.1985,-0.217252
135.98,70.0,-0.186994,-0.205971
138.25,70.0,-0.168177,-0.187406
140.53,70.0,-0.142527,-0.161864
142.8,70.0,-0.109754,-0.129147
144.9,70.0,-0.070586,-0.090823
147.18,70.0,-0.027829,-0.048417
149.45,70.0,0.015837,-0.004727
151.55,70.0,0.057519,0.036176
153.83,70.0,0.093308,0.071604
155.93,70.0,0.121623,0.099722
158.2,70.0,0.139466,0.117553
160.48,70.0,0.145569,0.123918
162.75,70.0,0.140514,0.118563
164.85,70.0,0.124608,0.102969
167.13,70.0,0.098964,0.077652
169.4,70.0,0.067855,0.04666
171.5,70.0,0.031746,0.011034
173.78,70.0,-0.007136,-0.027743
176.05,70.0,-0.043778,-0.064203
178.15,70.0,-0.07907,-0.098904
180.43,70.0,-0.110232,-0.129603
182.7,70.0,-0.134615,-0.153931
184.98,70.0,-0.152065,-0.171073
187.25,70.0,-0.162145,-0.18115
189.35,70.0,-0.16476,-0.183882
191.63,70.0,-0.160395,-0.179742
193.9,70.0,-0.150078,-0.169196
196.0,70.0,-0.134403,-0.154027
198.28,70.0,-0.114243,-0.133719
200.38,70.0,-0.090734,-0.110521
202.65,70.0,-0.063694,-0.08412
204.75,70.0,-0.035968,-0.056313
207.03,70.0,-0.006516,-0.027324
209.3,70.0,0.024269,0.003132
211.58,70.0,0.053083,0.031838
213.68,70.0,0.079198,0.058061
215.95,70.0,0.10401,0.082337
218.23,70.0,0.127846,0.106028
220.5,70.0,0.149586,0.12747
222.6,70.0,0.168283,0.145837
224.88,70.0,0.183172,0.16064
227.15,70.0,0.196271,0.173708
229.25,70.0,0.20624,0.18344
231.53,70.0,0.214457,0.191891
233.63,70.0,0.220948,0.198206
235.9,70.0,0.226271,0.203606
238.18,70.0,0.230991,0.208064
240.28,70.0,0.234651,0.211894
242.55,70.0,0.237618,0.214897
244.83,70.0,0.241173,0.218634
247.1,70.0,0.245396,0.222735
249.38,70.0,0.249623,0.226801
251.48,70.0,0.253992,0.231059
253.75,70.0,0.258594,0.235618
255.85,70.0,0.263154,0.240128
258.13,70.0,0.266709,0.243471
260.4,70.0,0.270356,0.246881
262.68,70.0,0.272698,0.249552
264.78,70.0,0.273751,0.250812
267.05,70.0,0.274179,0.251237
269.33,70.0,0.274028,0.250624
271.43,70.0,0.273711,0.25056
273.7,70.0,0.274127,0.250729
275.98,70.0,0.275627,0.252417
278.25,70.0,0.277756,0.254768
280.35,70.0,0.279216,0.256163
282.63,70.0,0.280325,0.25726
284.73,70.0,0.281934,0.258551
287.0,70.0,0.283745,0.260541
289.28,70.0,0.286481,0.263264
291.55,70.0,0.289953,0.266579
293.83,70.0,0.293674,0.27051
296.1,70.0,0.298049,0.274549
298.2,70.0,0.304953,0.281481
300.48,70.0,0.313295,0.289993
302.75,70.0,0.323286,0.299771
305.03,70.0,0.331992,0.308246
307.3,70.0,0.341166,0.317343
309.4,70.0,0.349651,0.326108
311.68,70.0,0.35766,0.333847
313.95,70.0,0.366425,0.342337
316.05,70.0,0.374404,0.349946
318.33,70.0,0.383166,0.358603
320.43,70.0,0.392254,0.368129
322.7,70.0,0.401835,0.377821
324.98,70.0,0.408806,0.383871
327.25,70.0,0.411973,0.387747
329.35,70.0,0.410026,0.385689
331.63,70.0,0.404028,0.379281
333.9,70.0,0.392962,0.369025
336.0,70.0,0.378351,0.354192
338.28,70.0,0.36027,0.336262
340.55,70.0,0.338372,0.314977
342.83,70.0,0.312457,0.288936
344.93,70.0,0.282855,0.259734
347.2,70.0,0.251493,0.228286
349.3,70.0,0.217701,0.194722
351.75,70.0,0.180683,0.158483
353.85,70.0,0.145587,0.123986
356.13,70.0,0.109753,0.088277
358.23,70.0,0.074817,0.053638
360.5,70.0,0.041084,0.019802
362.6,70.0,0.009186,-0.011187
364.88,70.0,-0.018408,-0.038966
367.15,70.0,-0.042428,-0.062604
369.78,70.0,-0.066473,-0.086587
372.05,70.0,-0.081707,-0.101664
374.33,70.0,-0.092527,-0.112055
376.6,70.0,-0.099471,-0.118947
378.88,70.0,-0.101113,-0.120789
381.15,70.0,-0.09919,-0.118938
383.25,70.0,-0.09155,-0.111294
385.53,70.0,-0.078944,-0.098873
387.8,70.0,-0.062558,-0.082659
390.08,70.0,-0.042592,-0.063232
392.35,70.0,-0.02094,-0.041612
394.45,70.0,0.001041,-0.019773
396.73,70.0,0.022849,0.00207
398.83,70.0,0.043151,0.022381
401.1,70.0,0.062153,0.041188
403.38,70.0,0.079999,0.058662
405.48,70.0,0.0971,0.075923
407.75,70.0,0.114756,0.093354
410.03,70.0,0.13096,0.108825
412.3,70.0,0.145295,0.123539
414.4,70.0,0.157633,0.135578
416.68,70.0,0.169632,0.147504
418.95,70.0,0.180489,0.158262
421.05,70.0,0.191065,0.168964
423.33,70.0,0.201564,0.179176
425.6,70.0,0.211074,0.188132
427.88,70.0,0.218831,0.196163
430.15,70.0,0.224558,0.201823
432.25,70.0,0.229272,0.206074
434.53,70.0,0.233144,0.210295
436.8,70.0,0.235464,0.212688
439.08,70.0,0.238104,0.214959
441.18,70.0,0.239965,0.217186
443.45,70.0,0.242562,0.219694
445.55,70.0,0.244953,0.221989
447.83,70.0,0.247433,0.224521
450.1,70.0,0.24987,0.226595
452.38,70.0,0.252581,0.229796
454.48,70.0,0.255461,0.232497
456.75,70.0,0.258727,0.23547
458.85,70.0,0.261727,0.238415
461.13,70.0,0.264756,0.241552
463.4,70.0,0.267633,0.244321
465.5,70.0,0.271462,0.248061
467.78,70.0,0.274734,0.25173
469.7,70.0,0.278911,0.255883
472.33,70.0,0.283061,0.259635
474.6,70.0,0.287291,0.264432
476.88,70.0,0.292368,0.268711
478.98,70.0,0.29693,0.273653
481.43,70.0,0.303776,0.279808
483.7,70.0,0.309805,0.285861
485.8,70.0,0.316154,0.292639
488.08,70.0,0.323877,0.30027
490.7,70.0,0.333862,0.309879
492.98,70.0,0.342587,0.319192
495.08,70.0,0.352614,0.328523
497.35,70.0,0.362251,0.338452
499.63,70.0,0.37401,0.349839
501.9,70.0,0.388163,0.363615
504.18,70.0,0.403449,0.379016
506.28,70.0,0.419715,0.395239
508.55,70.0,0.436197,0.411308
510.65,70.0,0.450433,0.425723
512.93,70.0,0.462931,0.438055
515.2,70.0,0.472463,0.447531
517.48,70.0,0.478381,0.453569
519.58,70.0,0.479851,0.454789
521.85,70.0,0.476619,0.4514
523.95,70.0,0.468834,0.444111
526.23,70.0,0.457244,0.432029
527.98,70.0,0.440353,0.41571
530.6,70.0,0.418575,0.394204
532.88,70.0,0.391404,0.367343
534.98,70.0,0.360926,0.336964
537.25,70.0,0.327115,0.303431
539.53,70.0,0.287014,0.263764
541.8,70.0,0.245726,0.223058
544.08,70.0,0.201034,0.178764
546.18,70.0,0.15803,0.1358
548.45,70.0,0.116259,0.094503
550.55,70.0,0.077091,0.056099
552.83,70.0,0.042162,0.021198
555.1,70.0,0.010695,-0.009816
557.55,70.0,-0.017897,-0.038648
559.65,70.0,-0.038402,-0.058553
561.93,70.0,-0.052838,-0.073072
564.2,70.0,-0.060743,-0.080718
566.48,70.0,-0.061757,-0.081646
568.75,70.0,-0.05716,-0.077086
570.85,70.0,-0.04688,-0.067083
573.13,70.0,-0.033115,-0.053879
575.4,70.0,-0.015503,-0.036362
577.68,70.0,0.004553,-0.016027
579.95,70.0,0.027772,0.007088
582.05,70.0,0.05214,0.03056
584.33,70.0,0.077088,0.055486
586.6,70.0,0.102347,0.080856
588.7,70.0,0.127245,0.105027
590.98,70.0,0.148705,0.126709
593.25,70.0,0.166823,0.144586
595.35,70.0,0.181493,0.159423
597.63,70.0,0.193255,0.171037
599.9,70.0,0.204842,0.182424
602.18,70.0,0.217245,0.194688
604.1,70.0,0.228452,0.206053
606.55,70.0,0.238095,0.215606
608.83,70.0,0.246314,0.223483
611.1,70.0,0.252023,0.229192
613.38,70.0,0.256166,0.233545
615.48,70.0,0.259383,0.236311
617.75,70.0,0.261351,0.238335
620.03,70.0,0.262892,0.239746
622.13,70.0,0.264608,0.24137
624.4,70.0,0.26584,0.242966
626.68,70.0,0.267735,0.245227
628.78,70.0,0.270553,0.247423
631.05,70.0,0.274256,0.251009
633.33,70.0,0.278613,0.25556
635.43,70.0,0.283418,0.260233
637.7,70.0,0.288594,0.265483
639.98,70.0,0.293375,0.269805
642.08,70.0,0.296964,0.273591
644.35,70.0,0.300815,0.277682
646.63,70.0,0.30442,0.280806
648.73,70.0,0.307562,0.284121
651.0,70.0,0.310064,0.286644
653.28,70.0,0.311921,0.288169
655.38,70.0,0.313224,0.289796
657.65,70.0,0.314139,0.290914
659.93,70.0,0.314774,0.291425
662.2,70.0,0.315011,0.29161
664.3,70.0,0.314986,0.291567
666.58,70.0,0.314389,0.290769
668.85,70.0,0.31356,0.289688
670.95,70.0,0.31283,0.289398
673.23,70.0,0.312235,0.28873
675.5,70.0,0.311773,0.288511
677.6,70.0,0.312091,0.288588
679.88,70.0,0.312226,0.288779
682.15,70.0,0.31193,0.288277
684.25,70.0,0.3119,0.288668
686.53,70.0,0.311536,0.287698
688.8,70.0,0.311037,0.287467
690.9,70.0,0.310122,0.286379
693.18,70.0,0.308674,0.28527
695.28,70.0,0.307014,0.283847
697.55,70.0,0.305128,0.281693
699.83,70.0,0.303717,0.280085
702.1,70.0,0.302106,0.278643
704.2,70.0,0.301394,0.277815
706.48,70.0,0.301049,0.27779
708.75,70.0,0.300883,0.27738
710.85,70.0,0.301052,0.277584
11.2,105.0,-0.438755,-0.454948
13.3,105.0,-0.440952,-0.45715
15.75,105.0,-0.440823,-0.457187
18.03,105.0,-0.438038,-0.454455
20.13,105.0,-0.433047,-0.449202
22.58,105.0,-0.424957,-0.441245
24.68,105.0,-0.414723,-0.431377
26.95,105.0,-0.402899,-0.419738
29.05,105.0,-0.389624,-0.406414
31.33,105.0,-0.373244,-0.390388
33.6,105.0,-0.35651,-0.374008
35.7,105.0,-0.340549,-0.358287
37.98,105.0,-0.325099,-0.342643
40.25,105.0,-0.310444,-0.328038
42.53,105.0,-0.293879,-0.311799
44.8,105.0,-0.27777,-0.295398
47.08,105.0,-0.259942,-0.278201
49.35,105.0,-0.241935,-0.260268
51.63,105.0,-0.224061,-0.242369
53.9,105.0,-0.207517,-0.226162
56.0,105.0,-0.19249,-0.211381
58.28,105.0,-0.179027,-0.198121
60.38,105.0,-0.166387,-0.185829
62.65,105.0,-0.155204,-0.174551
64.93,105.0,-0.143836,-0.163149
67.03,105.0,-0.131898,-0.151673
69.3,105.0,-0.119492,-0.139258
71.4,105.0,-0.106128,-0.125635
73.68,105.0,-0.093137,-0.112903
75.95,105.0,-0.080953,-0.101014
78.23,105.0,-0.070272,-0.090527
80.33,105.0,-0.060706,-0.080777
82.6,105.0,-0.053584,-0.073753
84.88,105.0,-0.048309,-0.068925
86.98,105.0,-0.044844,-0.065041
89.25,105.0,-0.041846,-0.0622
91.53,105.0,-0.038208,-0.058688
93.63,105.0,-0.034049,-0.054255
95.9,105.0,-0.029785,-0.050216
98.18,105.0,-0.025836,-0.046193
100.28,105.0,-0.020429,-0.040916
102.55,105.0,-0.013577,-0.034132
104.83,105.0,-0.005392,-0.025999
106.93,105.0,0.004817,-0.015913
109.2,105.0,0.017291,-0.003439
111.48,105.0,0.030323,0.009229
113.58,105.0,0.043924,0.023058
115.85,105.0,0.057291,0.035717
118.13,105.0,0.06974,0.048524
120.23,105.0,0.081638,0.059882
122.5,105.0,0.093336,0.071573
124.78,105.0,0.105908,0.08438
126.88,105.0,0.119848,0.097858
129.15,105.0,0.135957,0.114364
131.43,105.0,0.154595,0.132371
133.53,105.0,0.17353,0.151342
135.8,105.0,0.193271,0.170517
138.08,105.0,0.214069,0.191197
140.35,105.0,0.234115,0.211151
142.45,105.0,0.252325,0.229004
144.73,105.0,0.269383,0.246234
147.0,105.0,0.283415,0.259854
149.28,105.0,0.295239,0.272029
151.38,105.0,0.303677,0.280421
153.65,105.0,0.308702,0.285165
155.93,105.0,0.308483,0.285088
158.03,105.0,0.303021,0.279987
160.3,105.0,0.290972,0.267861
162.58,105.0,0.272491,0.249072
164.85,105.0,0.246764,0.223736
166.95,105.0,0.214488,0.192109
169.23,105.0,0.180131,0.15787
171.5,105.0,0.144217,0.121962
173.78,105.0,0.106583,0.085005
176.05,105.0,0.069842,0.048545
178.33,105.0,0.039451,0.018206
180.6,105.0,0.013286,-0.007462
182.88,105.0,-0.007379,-0.027613
184.8,105.0,-0.021094,-0.0416
187.25,105.0,-0.02794,-0.048429
189.53,105.0,-0.029551,-0.049646
191.8,105.0,-0.025441,-0.045832
194.08,105.0,-0.014831,-0.035247
196.18,105.0,0.00019,-0.020614
198.45,105.0,0.019753,-0.001433
200.73,105.0,0.04239,0.021469
203.0,105.0,0.067134,0.045923
205.1,105.0,0.09206,0.07028
207.38,105.0,0.118567,0.096866
209.48,105.0,0.143671,0.121934
211.75,105.0,0.167094,0.144414
214.03,105.0,0.189189,0.166459
216.13,105.0,0.211136,0.188197
218.4,105.0,0.231589,0.208742
220.68,105.0,0.249189,0.225815
222.95,105.0,0.264731,0.241508
225.23,105.0,0.277855,0.254432
227.33,105.0,0.289367,0.26576
229.6,105.0,0.29942,0.275932
231.88,105.0,0.308566,0.284561
234.15,105.0,0.315751,0.292069
236.25,105.0,0.322282,0.29824
238.53,105.0,0.327584,0.303662
240.8,105.0,0.331604,0.307898
242.9,105.0,0.334758,0.31092
245.18,105.0,0.336669,0.313049
247.45,105.0,0.33864,0.31502
249.73,105.0,0.340325,0.316555
252.0,105.0,0.341715,0.317919
254.28,105.0,0.342608,0.318794
256.38,105.0,0.343911,0.320335
258.65,105.0,0.345658,0.321539
260.93,105.0,0.348126,0.324401
263.03,105.0,0.351782,0.328372
265.3,105.0,0.356983,0.333027
267.4,105.0,0.362725,0.338511
269.68,105.0,0.368147,0.344216
271.95,105.0,0.371927,0.347975
274.05,105.0,0.373985,0.349484
276.33,105.0,0.374644,0.350683
278.6,105.0,0.374238,0.350208
280.7,105.0,0.373123,0.348998
282.98,105.0,0.372417,0.348264
285.25,105.0,0.372205,0.348394
287.53,105.0,0.372473,0.348579
289.8,105.0,0.372386,0.348311
291.9,105.0,0.372932,0.348942
294.18,105.0,0.375415,0.351672
296.45,105.0,0.380698,0.356499
298.73,105.0,0.387013,0.362759
300.83,105.0,0.392383,0.368243
303.1,105.0,0.397251,0.373255
305.38,105.0,0.401835,0.377503
307.48,105.0,0.405587,0.380914
309.75,105.0,0.408736,0.384244
312.03,105.0,0.411459,0.386742
314.13,105.0,0.41327,0.388899
316.4,105.0,0.416071,0.391604
318.68,105.0,0.419389,0.394765
320.95,105.0,0.423341,0.398729
323.05,105.0,0.426986,0.402476
325.5,105.0,0.429265,0.404416
327.6,105.0,0.428147,0.403837
329.88,105.0,0.423295,0.398874
332.15,105.0,0.414672,0.390128
334.43,105.0,0.400319,0.376052
336.53,105.0,0.383042,0.358856
338.8,105.0,0.362436,0.338529
341.08,105.0,0.339715,0.315831
343.35,105.0,0.312494,0.288853
345.63,105.0,0.283634,0.260634
347.73,105.0,0.252864,0.229999
350.0,105.0,0.221336,0.198779
352.28,105.0,0.18759,0.165338
354.38,105.0,0.154497,0.13227
356.65,105.0,0.121105,0.099827
358.93,105.0,0.089577,0.067904
361.2,105.0,0.061447,0.040384
363.3,105.0,0.035736,0.014836
365.58,105.0,0.015153,-0.005586
367.85,105.0,-0.001113,-0.021541
369.95,105.0,-0.013479,-0.033679
372.23,105.0,-0.02139,-0.041729
374.5,105.0,-0.024964,-0.045312
376.6,105.0,-0.023507,-0.043775
378.88,105.0,-0.016763,-0.037108
381.15,105.0,-0.005407,-0.026011
383.43,105.0,0.00967,-0.011205
385.53,105.0,0.027532,0.006703
387.8,105.0,0.047658,0.026515
390.08,105.0,0.069334,0.047615
392.35,105.0,0.093884,0.072248
394.45,105.0,0.118101,0.096056
396.73,105.0,0.142319,0.12048
399.0,105.0,0.164743,0.142485
401.28,105.0,0.186296,0.163754
403.38,105.0,0.206798,0.184158
405.65,105.0,0.226022,0.203311
407.93,105.0,0.242919,0.220057
410.03,105.0,0.257026,0.234069
412.3,105.0,0.269312,0.24592
414.58,105.0,0.280843,0.257476
416.85,105.0,0.293141,0.269925
419.13,105.0,0.306989,0.283468
421.23,105.0,0.319959,0.296419
423.5,105.0,0.332285,0.308551
425.6,105.0,0.343107,0.319447
427.88,105.0,0.352041,0.327855
430.15,105.0,0.358569,0.334654
432.43,105.0,0.364364,0.340298
434.53,105.0,0.368606,0.344863
436.8,105.0,0.372577,0.348378
439.08,105.0,0.376246,0.352356
441.18,105.0,0.380356,0.356286
443.45,105.0,0.384983,0.360507
445.73,105.0,0.389906,0.36576
447.83,105.0,0.396333,0.371887
450.1,105.0,0.402984,0.378619
452.2,105.0,0.410177,0.385692
454.48,105.0,0.417278,0.392768
456.75,105.0,0.423403,0.399053
458.85,105.0,0.429265,0.404413
461.13,105.0,0.43457,0.409805
463.4,105.0,0.438982,0.414228
465.5,105.0,0.443277,0.418329
467.78,105.0,0.446986,0.422322
470.05,105.0,0.449675,0.424952
472.15,105.0,0.451825,0.427103
474.78,105.0,0.454845,0.429746
476.88,105.0,0.457127,0.432171
479.15,105.0,0.459743,0.434761
481.25,105.0,0.463403,0.438199
483.88,105.0,0.466964,0.441644
485.98,105.0,0.470877,0.445984
488.25,105.0,0.473742,0.448893
490.53,105.0,0.476037,0.451
492.98,105.0,0.477565,0.451918
495.25,105.0,0.47929,0.454195
497.53,105.0,0.482266,0.457109
499.63,105.0,0.486856,0.461776
502.08,105.0,0.491536,0.466138
504.18,105.0,0.495578,0.470541
506.45,105.0,0.499296,0.474102
508.73,105.0,0.503233,0.477614
510.83,105.0,0.506154,0.480784
513.1,105.0,0.508652,0.483397
515.38,105.0,0.510565,0.485134
517.48,105.0,0.510969,0.485572
519.75,105.0,0.508523,0.483347
521.85,105.0,0.501761,0.476225
524.3,105.0,0.489894,0.464296
526.4,105.0,0.475168,0.450042
528.68,105.0,0.456976,0.432007
531.13,105.0,0.433659,0.409204
533.23,105.0,0.407848,0.383662
535.5,105.0,0.378994,0.355063
537.78,105.0,0.346952,0.323095
540.05,105.0,0.307953,0.284179
542.33,105.0,0.269414,0.246333
544.6,105.0,0.232328,0.209694
546.7,105.0,0.195184,0.173064
548.98,105.0,0.160298,0.13824
551.25,105.0,0.130338,0.108468
553.35,105.0,0.103419,0.081663
555.63,105.0,0.082002,0.060689
557.9,105.0,0.067214,0.045905
560.0,105.0,0.059032,0.0378
562.28,105.0,0.055058,0.034121
564.55,105.0,0.056028,0.034784
566.83,105.0,0.06109,0.039765
568.93,105.0,0.069133,0.047547
571.2,105.0,0.080464,0.058921
573.3,105.0,0.095335,0.073751
575.58,105.0,0.114368,0.092538
577.85,105.0,0.134793,0.11279
580.13,105.0,0.15608,0.133816
582.23,105.0,0.176505,0.154315
584.68,105.0,0.199577,0.176946
586.95,105.0,0.222584,0.199737
589.23,105.0,0.24527,0.222202
591.5,105.0,0.266792,0.24361
593.6,105.0,0.287125,0.263474
595.88,105.0,0.306699,0.283289
598.15,105.0,0.323554,0.299882
600.43,105.0,0.33816,0.314204
602.53,105.0,0.350082,0.326311
604.8,105.0,0.360427,0.336548
606.9,105.0,0.369423,0.345211
609.18,105.0,0.376197,0.352087
611.45,105.0,0.381909,0.357556
613.73,105.0,0.386262,0.362331
616.0,105.0,0.390076,0.365713
618.1,105.0,0.393723,0.369398
620.38,105.0,0.396807,0.372574
622.65,105.0,0.398649,0.374379
624.75,105.0,0.399515,0.375402
627.03,105.0,0.399404,0.375171
629.3,105.0,0.398446,0.374065
631.58,105.0,0.396961,0.372543
633.68,105.0,0.396351,0.371721
635.95,105.0,0.396576,0.372396
638.23,105.0,0.398098,0.3738
640.33,105.0,0.400276,0.375926
642.6,105.0,0.402124,0.377722
644.7,105.0,0.403612,0.379053
646.98,105.0,0.404078,0.37966
649.25,105.0,0.404432,0.379798
651.35,105.0,0.405045,0.380991
653.45,105.0,0.406591,0.382134
655.9,105.0,0.408326,0.383985
658.18,105.0,0.409672,0.385285
660.28,105.0,0.410818,0.386336
662.38,105.0,0.411176,0.386631
664.83,105.0,0.411098,0.386656
666.93,105.0,0.410455,0.386031
669.2,105.0,0.410716,0.386407
671.3,105.0,0.411622,0.387297
673.58,105.0,0.412793,0.388292
675.85,105.0,0.412996,0.388465
677.95,105.0,0.412728,0.388175
680.23,105.0,0.411539,0.387331
682.5,105.0,0.409959,0.385384
684.78,105.0,0.408061,0.383692
686.88,105.0,0.405698,0.381083
689.15,105.0,0.402885,0.378357
691.25,105.0,0.400187,0.375723
693.53,105.0,0.398258,0.373927
695.8,105.0,0.398643,0.374383
698.08,105.0,0.401015,0.37694
700.18,105.0,0.404506,0.380162
702.45,105.0,0.408979,0.384346
704.73,105.0,0.412386,0.387978
706.83,105.0,0.414567,0.390298
709.1,105.0,0.415408,0.39075
711.38,105.0,0.414339,0.389752
11.73,140.18,-0.397841,-0.414982
13.83,140.18,-0.391799,-0.408586
16.28,140.18,-0.382831,-0.39948
18.55,140.18,-0.372606,-0.389738
20.65,140.18,-0.361787,-0.379304
22.93,140.18,-0.350887,-0.368509
25.2,140.18,-0.340216,-0.357844
27.3,140.18,-0.33017,-0.34772
29.58,140.18,-0.320256,-0.337887
31.85,140.18,-0.311365,-0.328586
33.95,140.18,-0.302579,-0.320453
36.4,140.18,-0.293552,-0.311476
38.68,140.18,-0.28586,-0.303586
40.78,140.18,-0.27826,-0.29602
43.05,140.18,-0.271294,-0.289649
45.33,140.18,-0.263765,-0.282
47.6,140.18,-0.257151,-0.275275
49.88,140.18,-0.249618,-0.268075
52.15,140.18,-0.242046,-0.26025
54.43,140.18,-0.234144,-0.252416
56.53,140.18,-0.227443,-0.245703
58.8,140.18,-0.221843,-0.24062
61.08,140.18,-0.217105,-0.235429
63.18,140.18,-0.21256,-0.231036
65.45,140.18,-0.208103,-0.226803
67.73,140.18,-0.20334,-0.222111
69.83,140.18,-0.198928,-0.217597
72.1,140.18,-0.195044,-0.213737
74.38,140.18,-0.19,-0.208679
76.65,140.18,-0.18432,-0.203241
78.93,140.18,-0.179557,-0.198226
81.03,140.18,-0.174597,-0.193793
83.48,140.18,-0.169757,-0.18891
85.58,140.18,-0.16525,-0.184489
87.85,140.18,-0.160441,-0.179674
90.13,140.18,-0.154816,-0.174166
92.4,140.18,-0.150068,-0.169431
94.5,140.18,-0.146119,-0.165333
96.78,140.18,-0.142946,-0.162296
99.05,140.18,-0.140949,-0.160244
101.15,140.18,-0.13866,-0.158189
103.43,140.18,-0.135438,-0.155207
105.7,140.18,-0.13168,-0.151159
107.98,140.18,-0.126137,-0.145749
110.08,140.18,-0.119997,-0.139705
112.35,140.18,-0.113017,-0.13261
114.45,140.18,-0.104739,-0.124455
116.73,140.18,-0.094622,-0.11428
118.83,140.18,-0.082154,-0.1022
121.1,140.18,-0.067505,-0.087265
123.38,140.18,-0.050953,-0.071174
125.65,140.18,-0.032462,-0.052742
127.93,140.18,-0.012499,-0.033007
130.03,140.18,0.009448,-0.011338
132.3,140.18,0.032516,0.011647
134.4,140.18,0.05409,0.032837
136.68,140.18,0.074784,0.053289
138.95,140.18,0.094383,0.072806
141.23,140.18,0.112775,0.090942
143.33,140.18,0.128773,0.106826
145.6,140.18,0.142627,0.12068
147.7,140.18,0.154038,0.131989
149.98,140.18,0.162347,0.140353
152.25,140.18,0.167137,0.144993
154.53,140.18,0.167134,0.144669
156.63,140.18,0.162479,0.140446
158.9,140.18,0.153342,0.131148
161.18,140.18,0.138899,0.117039
163.28,140.18,0.117553,0.095775
165.55,140.18,0.090754,0.069346
167.83,140.18,0.058015,0.036986
170.1,140.18,0.022356,0.001749
172.38,140.18,-0.015605,-0.036082
174.48,140.18,-0.052108,-0.072259
176.93,140.18,-0.09175,-0.111464
179.2,140.18,-0.123291,-0.142887
181.3,140.18,-0.150586,-0.169591
183.58,140.18,-0.172924,-0.191984
185.85,140.18,-0.190546,-0.209196
187.95,140.18,-0.201609,-0.220287
190.23,140.18,-0.207095,-0.225817
192.5,140.18,-0.207231,-0.226159
194.78,140.18,-0.202816,-0.221553
196.88,140.18,-0.195213,-0.213928
199.15,140.18,-0.184061,-0.202804
201.25,140.18,-0.171562,-0.190601
203.53,140.18,-0.158072,-0.177607
205.8,140.18,-0.144406,-0.163605
207.9,140.18,-0.130318,-0.149859
210.18,140.18,-0.116473,-0.135866
212.28,140.18,-0.102219,-0.122163
214.55,140.18,-0.088411,-0.108094
216.83,140.18,-0.075537,-0.095164
218.93,140.18,-0.063762,-0.084027
221.2,140.18,-0.053177,-0.073583
223.48,140.18,-0.04371,-0.064227
225.58,140.18,-0.035826,-0.056464
227.85,140.18,-0.028232,-0.048879
229.95,140.18,-0.022511,-0.042918
232.23,140.18,-0.017015,-0.037647
234.33,140.18,-0.01257,-0.033198
236.6,140.18,-0.008069,-0.028617
238.88,140.18,-0.003926,-0.024579
240.98,140.18,-0.000771,-0.021242
243.25,140.18,0.002143,-0.018417
245.35,140.18,0.004244,-0.016211
247.63,140.18,0.006478,-0.014446
249.9,140.18,0.008237,-0.012444
252.18,140.18,0.010033,-0.010441
254.28,140.18,0.011977,-0.009073
256.55,140.18,0.013995,-0.006969
258.83,140.18,0.016238,-0.004696
261.1,140.18,0.018249,-0.002696
263.38,140.18,0.020307,-0.000651
265.48,140.18,0.022276,0.001456
267.75,140.18,0.024759,0.003702
269.85,140.18,0.027245,0.006567
272.13,140.18,0.030298,0.009263
274.4,140.18,0.032704,0.011798
276.5,140.18,0.035224,0.014306
278.78,140.18,0.037778,0.016974
280.88,140.18,0.040431,0.019217
283.15,140.18,0.043413,0.022156
285.43,140.18,0.045856,0.024824
287.7,140.18,0.047719,0.026866
289.8,140.18,0.049987,0.028918
292.08,140.18,0.050945,0.030039
294.35,140.18,0.052381,0.031555
296.45,140.18,0.054251,0.033065
298.73,140.18,0.056592,0.035178
301.0,140.18,0.060683,0.039186
303.1,140.18,0.067125,0.046037
305.38,140.18,0.077106,0.055655
307.65,140.18,0.0873,0.065637
309.75,140.18,0.097793,0.076077
312.03,140.18,0.108591,0.086863
314.3,140.18,0.118218,0.096844
316.4,140.18,0.127756,0.105735
318.68,140.18,0.137017,0.115008
320.95,140.18,0.145338,0.122827
323.05,140.18,0.152667,0.130332
325.33,140.18,0.158782,0.136844
327.43,140.18,0.165313,0.143043
329.7,140.18,0.170532,0.148107
331.98,140.18,0.174386,0.151888
334.25,140.18,0.177026,0.154346
336.35,140.18,0.177765,0.15535
338.63,140.18,0.176305,0.153998
340.9,140.18,0.172417,0.149897
343.0,140.18,0.164777,0.142963
345.28,140.18,0.153841,0.131746
347.55,140.18,0.138693,0.116697
349.65,140.18,0.120064,0.098283
351.93,140.18,0.097994,0.07641
354.2,140.18,0.073989,0.053003
356.3,140.18,0.048841,0.028123
358.58,140.18,0.021965,0.001265
360.85,140.18,-0.004289,-0.024859
362.95,140.18,-0.028383,-0.048331
365.23,140.18,-0.049458,-0.069465
367.5,140.18,-0.06769,-0.087567
369.6,140.18,-0.083161,-0.103146
371.88,140.18,-0.095469,-0.11505
374.15,140.18,-0.104332,-0.123959
376.25,140.18,-0.108605,-0.128482
378.53,140.18,-0.109606,-0.129166
380.8,140.18,-0.107342,-0.127031
382.9,140.18,-0.10359,-0.1233
385.18,140.18,-0.097142,-0.116877
387.28,140.18,-0.089702,-0.109197
389.55,140.18,-0.081168,-0.101091
391.65,140.18,-0.071261,-0.091541
393.93,140.18,-0.058627,-0.07891
396.2,140.18,-0.045145,-0.06562
398.48,140.18,-0.030497,-0.050956
400.58,140.18,-0.014921,-0.035564
402.85,140.18,0.001447,-0.019098
405.13,140.18,0.018142,-0.002647
407.4,140.18,0.033758,0.012994
409.5,140.18,0.048101,0.027233
411.78,140.18,0.060692,0.039593
414.05,140.18,0.071007,0.049589
416.33,140.18,0.079688,0.058197
418.43,140.18,0.085988,0.064802
420.88,140.18,0.090652,0.069183
423.15,140.18,0.092535,0.071068
425.43,140.18,0.093332,0.071617
427.7,140.18,0.093665,0.072005
429.8,140.18,0.094321,0.072886
432.08,140.18,0.095507,0.073878
434.35,140.18,0.096746,0.075141
436.45,140.18,0.099124,0.077541
438.73,140.18,0.101413,0.079793
440.83,140.18,0.104186,0.082756
443.1,140.18,0.106851,0.084885
445.38,140.18,0.109706,0.088151
447.65,140.18,0.112353,0.090991
449.75,140.18,0.115412,0.093878
452.03,140.18,0.117454,0.09592
454.3,140.18,0.119066,0.097384
456.58,140.18,0.120206,0.098138
458.85,140.18,0.120501,0.098755
461.13,140.18,0.120295,0.09869
463.4,140.18,0.120698,0.099016
465.5,140.18,0.121607,0.100101
467.78,140.18,0.124463,0.102729
470.05,140.18,0.128927,0.106774
472.15,140.18,0.135621,0.113647
474.43,140.18,0.143268,0.121151
476.53,140.18,0.151641,0.129164
478.8,140.18,0.159075,0.136974
481.08,140.18,0.166105,0.143828
483.35,140.18,0.172399,0.150021
485.45,140.18,0.178061,0.155874
487.73,140.18,0.183585,0.161093
489.83,140.18,0.188798,0.166219
492.1,140.18,0.194543,0.171989
494.38,140.18,0.201009,0.178114
496.65,140.18,0.207377,0.184959
498.75,140.18,0.215566,0.192916
501.03,140.18,0.225144,0.20214
503.3,140.18,0.236302,0.213397
505.4,140.18,0.2495,0.226302
507.68,140.18,0.262768,0.239358
509.95,140.18,0.276148,0.253092
512.05,140.18,0.288776,0.265578
514.15,140.18,0.300218,0.276706
516.6,140.18,0.310011,0.286616
518.7,140.18,0.317168,0.293606
520.98,140.18,0.322017,0.298468
523.08,140.18,0.324598,0.300994
525.35,140.18,0.324956,0.301373
527.63,140.18,0.32263,0.298834
529.73,140.18,0.316219,0.29234
532.0,140.18,0.305193,0.281684
534.1,140.18,0.289392,0.266296
536.38,140.18,0.269589,0.246721
538.65,140.18,0.24706,0.223973
540.93,140.18,0.22047,0.197935
542.85,140.18,0.192963,0.170698
545.3,140.18,0.164488,0.142205
547.58,140.18,0.136188,0.114297
549.85,140.18,0.108163,0.086389
551.95,140.18,0.082812,0.061324
554.23,140.18,0.061253,0.040018
556.5,140.18,0.042131,0.020779
558.6,140.18,0.027113,0.006256
560.88,140.18,0.016185,-0.004613
563.15,140.18,0.008856,-0.012129
565.25,140.18,0.004414,-0.01611
567.53,140.18,0.003487,-0.017367
569.8,140.18,0.003613,-0.016738
571.9,140.18,0.006333,-0.014363
574.18,140.18,0.011145,-0.009951
576.28,140.18,0.017436,-0.003097
578.55,140.18,0.025033,0.004244
580.65,140.18,0.034531,0.013179
582.93,140.18,0.043447,0.022307
585.2,140.18,0.053037,0.031691
587.3,140.18,0.062963,0.041724
589.58,140.18,0.071441,0.050156
591.85,140.18,0.079592,0.058366
593.95,140.18,0.087251,0.066003
596.23,140.18,0.094713,0.073028
598.5,140.18,0.101016,0.07926
600.6,140.18,0.107008,0.085264
602.88,140.18,0.111161,0.089383
605.15,140.18,0.113505,0.091644
607.25,140.18,0.114466,0.0932
609.53,140.18,0.114666,0.093185
611.8,140.18,0.113249,0.091358
613.9,140.18,0.110547,0.08914
616.18,140.18,0.10747,0.085791
618.28,140.18,0.104204,0.082661
620.55,140.18,0.101407,0.079753
622.83,140.18,0.098656,0.077377
625.1,140.18,0.097291,0.075548
627.2,140.18,0.09629,0.074854
629.48,140.18,0.095135,0.073822
631.58,140.18,0.094063,0.072227
633.85,140.18,0.092387,0.070689
636.3,140.18,0.089913,0.068132
638.58,140.18,0.086422,0.065421
640.68,140.18,0.082707,0.06165
642.95,140.18,0.079352,0.057639
645.23,140.18,0.074605,0.052818
647.5,140.18,0.069629,0.048613
649.78,140.18,0.065018,0.043918
651.88,140.18,0.060951,0.039562
654.15,140.18,0.057541,0.036161
656.43,140.18,0.05544,0.034417
658.53,140.18,0.053939,0.033024
660.8,140.18,0.053696,0.032461
663.43,140.18,0.053443,0.032174
665.7,140.18,0.053283,0.032187
667.98,140.18,0.053225,0.031768
670.25,140.18,0.05279,0.031555
672.35,140.18,0.052686,0.03157
674.63,140.18,0.051894,0.031358
676.9,140.18,0.051158,0.030329
679.0,140.18,0.049454,0.028403
681.28,140.18,0.046952,0.026114
683.55,140.18,0.044882,0.023958
685.65,140.18,0.043274,0.022239
687.93,140.18,0.042735,0.02129
690.2,140.18,0.041829,0.020751
692.48,140.18,0.04031,0.019214
694.58,140.18,0.037947,0.017128
696.85,140.18,0.035138,0.014417
699.13,140.18,0.032245,0.011225
701.23,140.18,0.029278,0.008071
703.5,140.18,0.026992,0.0058
705.78,140.18,0.024602,0.003822
707.88,140.18,0.021752,0.001336
709.98,140.18,0.01865,-0.002062
11.03,175.18,-0.069871,-0.090617
13.3,175.18,-0.045731,-0.065953
15.58,175.18,-0.024511,-0.045315
17.68,175.18,-0.006073,-0.027
19.95,175.18,0.010702,-0.010186
22.23,175.18,0.025196,0.004349
24.5,175.18,0.038502,0.017408
26.6,175.18,0.048705,0.027624
28.88,175.18,0.056,0.034993
30.98,175.18,0.060809,0.039429
33.25,175.18,0.063594,0.042374
35.53,175.18,0.065153,0.043471
37.8,175.18,0.065541,0.043875
39.9,175.18,0.066102,0.044962
42.18,175.18,0.067088,0.045803
44.45,175.18,0.068505,0.046952
46.55,175.18,0.07003,0.048748
48.83,175.18,0.071191,0.049799
51.1,175.18,0.072008,0.05039
53.38,175.18,0.071684,0.050541
55.48,175.18,0.072116,0.050301
57.75,175.18,0.071952,0.050347
60.03,175.18,0.071798,0.050144
62.3,175.18,0.071275,0.050039
64.4,175.18,0.071376,0.04995
66.68,175.18,0.070985,0.050141
68.95,175.18,0.071561,0.050073
71.05,175.18,0.07226,0.050686
73.33,175.18,0.072596,0.050973
75.6,175.18,0.073086,0.051589
77.7,175.18,0.073567,0.051894
79.98,175.18,0.073699,0.052384
82.08,175.18,0.074214,0.053262
84.18,175.18,0.07507,0.054155
86.63,175.18,0.075859,0.0545
88.9,175.18,0.076918,0.05531
91.0,175.18,0.078231,0.057116
93.1,175.18,0.079626,0.058219
95.55,175.18,0.081093,0.059981
97.83,175.18,0.084158,0.062325
99.93,175.18,0.087353,0.065754
102.03,175.18,0.091376,0.069771
104.3,175.18,0.09511,0.073567
106.58,175.18,0.098607,0.0773
108.85,175.18,0.102784,0.081515
110.95,175.18,0.108015,0.086441
113.23,175.18,0.11426,0.092337
115.5,175.18,0.12178,0.099956
117.6,175.18,0.131398,0.109469
119.88,175.18,0.142793,0.120566
122.15,175.18,0.15613,0.134004
124.43,175.18,0.170162,0.147769
126.7,175.18,0.186105,0.163637
128.8,175.18,0.202987,0.180322
131.08,175.18,0.221884,0.19921
133.35,175.18,0.241167,0.217815
135.45,175.18,0.259401,0.236619
137.73,175.18,0.277125,0.253791
139.83,175.18,0.292904,0.26994
142.1,175.18,0.307143,0.283582
144.38,175.18,0.317171,0.293539
146.48,175.18,0.323668,0.299999
148.75,175.18,0.325935,0.302263
150.85,175.18,0.322534,0.299327
153.13,175.18,0.313982,0.290729
155.4,175.18,0.300667,0.277189
157.68,175.18,0.282654,0.259435
159.78,175.18,0.262316,0.23933
162.05,175.18,0.238261,0.215088
164.15,175.18,0.207941,0.185393
166.43,175.18,0.171715,0.149158
168.7,175.18,0.129334,0.107729
170.8,175.18,0.083111,0.061623
173.08,175.18,0.036638,0.016022
175.35,175.18,-0.009708,-0.030472
177.63,175.18,-0.054101,-0.074104
179.73,175.18,-0.094095,-0.113996
182.0,175.18,-0.128781,-0.147699
184.28,175.18,-0.157622,-0.176689
186.38,175.18,-0.181239,-0.200416
188.65,175.18,-0.197801,-0.216227
190.93,175.18,-0.207172,-0.225937
193.03,175.18,-0.210047,-0.229036
195.3,175.18,-0.206569,-0.224997
197.58,175.18,-0.197339,-0.216039
199.68,175.18,-0.183593,-0.202225
201.95,175.18,-0.166633,-0.185469
204.23,175.18,-0.147616,-0.167003
206.33,175.18,-0.12855,-0.148278
208.6,175.18,-0.109332,-0.128821
210.7,175.18,-0.090607,-0.110607
212.98,175.18,-0.07224,-0.092644
215.25,175.18,-0.055062,-0.075398
217.35,175.18,-0.040219,-0.060694
219.63,175.18,-0.026402,-0.046593
221.9,175.18,-0.013793,-0.034742
224.0,175.18,-0.003482,-0.024166
226.28,175.18,0.006349,-0.014474
228.55,175.18,0.014891,-0.005487
230.65,175.18,0.022088,0.001108
232.93,175.18,0.027818,0.007008
235.2,175.18,0.032698,0.011934
237.3,175.18,0.03637,0.015717
239.58,175.18,0.039244,0.01852
241.85,175.18,0.041071,0.020008
243.95,175.18,0.041974,0.020883
246.23,175.18,0.041287,0.020372
248.5,175.18,0.04011,0.019174
250.6,175.18,0.038373,0.017267
252.88,175.18,0.036219,0.015498
255.15,175.18,0.035064,0.014023
257.25,175.18,0.034519,0.013311
259.53,175.18,0.034599,0.013739
261.8,175.18,0.034642,0.013798
263.9,175.18,0.035178,0.014506
266.18,175.18,0.036342,0.015067
268.28,175.18,0.036891,0.015859
270.55,175.18,0.037199,0.016108
272.83,175.18,0.03722,0.016407
274.93,175.18,0.036974,0.01593
277.2,175.18,0.035822,0.014439
279.48,175.18,0.034845,0.014004
281.75,175.18,0.035923,0.014987
284.03,175.18,0.040276,0.019204
286.13,175.18,0.046977,0.025856
288.4,175.18,0.0534,0.032119
290.68,175.18,0.059321,0.037815
292.95,175.18,0.064241,0.043286
295.05,175.18,0.068536,0.04715
297.33,175.18,0.072729,0.051117
299.6,175.18,0.076231,0.054694
301.88,175.18,0.080455,0.058998
304.15,175.18,0.084562,0.063086
306.25,175.18,0.08995,0.068924
308.7,175.18,0.097088,0.07527
310.98,175.18,0.105603,0.083979
313.08,175.18,0.11438,0.092445
315.35,175.18,0.124281,0.102612
317.45,175.18,0.134694,0.11255
319.73,175.18,0.144891,0.122913
322.0,175.18,0.156037,0.133637
324.28,175.18,0.167337,0.14531
326.55,175.18,0.178394,0.156315
328.83,175.18,0.188141,0.16535
330.93,175.18,0.194642,0.172115
333.2,175.18,0.196549,0.173936
335.48,175.18,0.192266,0.169731
337.58,175.18,0.182701,0.160597
339.85,175.18,0.169041,0.14678
342.13,175.18,0.150205,0.12824
344.4,175.18,0.127636,0.10584
346.5,175.18,0.10283,0.081065
348.78,175.18,0.075193,0.054207
350.88,175.18,0.045606,0.024639
353.15,175.18,0.014697,-0.006116
355.43,175.18,-0.017022,-0.037669
357.7,175.18,-0.047034,-0.067219
359.8,175.18,-0.075866,-0.09546
362.08,175.18,-0.10395,-0.123882
364.35,175.18,-0.130099,-0.149215
366.45,175.18,-0.15424,-0.17383
368.73,175.18,-0.177933,-0.196821
371.0,175.18,-0.198207,-0.217021
373.1,175.18,-0.214692,-0.233038
375.38,175.18,-0.227231,-0.245598
377.65,175.18,-0.235114,-0.25314
379.93,175.18,-0.238349,-0.256307
382.2,175.18,-0.236106,-0.254625
384.48,175.18,-0.229588,-0.247915
386.75,175.18,-0.221193,-0.239655
389.03,175.18,-0.210934,-0.229853
391.3,175.18,-0.200512,-0.219203
393.4,175.18,-0.190672,-0.209129
395.68,175.18,-0.179622,-0.198685
397.78,175.18,-0.168263,-0.187631
400.05,175.18,-0.156886,-0.175743
402.33,175.18,-0.144166,-0.163355
404.43,175.18,-0.132151,-0.151251
406.7,175.18,-0.11997,-0.139489
408.98,175.18,-0.107046,-0.126686
411.25,175.18,-0.094483,-0.114341
413.53,175.18,-0.082665,-0.102782
415.63,175.18,-0.072222,-0.092151
417.9,175.18,-0.063614,-0.08379
420.0,175.18,-0.057194,-0.077742
422.28,175.18,-0.052533,-0.072736
424.55,175.18,-0.049049,-0.069773
426.65,175.18,-0.04732,-0.067379
428.93,175.18,-0.04594,-0.06623
431.03,175.18,-0.044699,-0.065466
433.48,175.18,-0.043577,-0.063848
435.58,175.18,-0.041942,-0.062129
437.85,175.18,-0.040084,-0.060065
440.13,175.18,-0.037493,-0.057625
442.4,175.18,-0.03428,-0.054375
444.5,175.18,-0.029745,-0.050534
446.78,175.18,-0.025928,-0.046248
449.05,175.18,-0.020531,-0.04115
451.15,175.18,-0.014702,-0.034831
453.43,175.18,-0.007878,-0.028879
455.7,175.18,-0.001329,-0.022052
457.8,175.18,0.004614,-0.015876
460.08,175.18,0.011207,-0.009492
462.18,175.18,0.017264,-0.003645
464.45,175.18,0.022137,0.001564
466.73,175.18,0.026891,0.006185
468.83,175.18,0.031952,0.010816
471.1,175.18,0.036469,0.015468
473.38,175.18,0.042362,0.021272
475.65,175.18,0.048206,0.027042
477.75,175.18,0.05418,0.033397
480.03,175.18,0.061925,0.040415
482.13,175.18,0.069109,0.047726
484.4,175.18,0.076595,0.055206
486.68,175.18,0.083064,0.061866
488.78,175.18,0.090384,0.068761
491.05,175.18,0.097371,0.075665
493.15,175.18,0.105668,0.084337
495.43,175.18,0.114605,0.09288
497.7,175.18,0.125255,0.103493
499.8,175.18,0.136268,0.114448
502.08,175.18,0.149623,0.12734
504.18,175.18,0.163739,0.141752
506.63,175.18,0.181404,0.158828
508.73,175.18,0.197316,0.175061
511.0,175.18,0.215005,0.19226
513.1,175.18,0.23226,0.209078
515.73,175.18,0.250778,0.227929
518.0,175.18,0.264685,0.241555
520.1,175.18,0.275778,0.252423
522.38,175.18,0.282621,0.259475
524.65,175.18,0.284423,0.261299
526.75,175.18,0.281955,0.258659
529.03,175.18,0.275174,0.252285
531.3,175.18,0.264512,0.241555
533.4,175.18,0.249863,0.226422
535.68,175.18,0.229863,0.207285
537.95,175.18,0.205926,0.183403
540.05,175.18,0.177836,0.15605
542.33,175.18,0.148191,0.126348
544.6,175.18,0.114417,0.092649
546.7,175.18,0.08093,0.059614
548.98,175.18,0.048453,0.026962
551.25,175.18,0.015582,-0.005219
553.53,175.18,-0.015296,-0.035691
555.63,175.18,-0.042302,-0.06261
557.9,175.18,-0.067065,-0.087179
560.18,175.18,-0.088195,-0.107878
562.28,175.18,-0.104233,-0.124009
564.55,175.18,-0.115968,-0.135429
566.83,175.18,-0.123987,-0.143309
568.93,175.18,-0.129394,-0.148975
571.2,175.18,-0.132505,-0.151723
573.3,175.18,-0.133069,-0.15228
575.58,175.18,-0.131257,-0.150786
577.85,175.18,-0.128047,-0.14716
579.95,175.18,-0.123469,-0.142995
582.23,175.18,-0.11826,-0.137816
584.5,175.18,-0.11188,-0.131898
586.78,175.18,-0.10537,-0.12497
588.88,175.18,-0.098137,-0.117764
591.15,175.18,-0.089625,-0.109052
593.25,175.18,-0.081667,-0.101464
595.53,175.18,-0.075303,-0.095346
597.8,175.18,-0.070872,-0.090959
599.9,175.18,-0.067225,-0.087234
602.18,175.18,-0.064862,-0.085167
604.28,175.18,-0.062687,-0.082471
606.55,175.18,-0.060792,-0.080888
608.83,175.18,-0.060182,-0.07993
610.93,175.18,-0.061821,-0.081923
613.2,175.18,-0.064967,-0.08484
615.48,175.18,-0.069477,-0.089292
617.58,175.18,-0.0746,-0.094375
619.85,175.18,-0.079677,-0.099893
621.95,175.18,-0.084132,-0.103784
624.23,175.18,-0.087872,-0.107745
626.5,175.18,-0.091988,-0.112169
628.6,175.18,-0.098414,-0.118328
630.88,175.18,-0.106165,-0.125811
632.98,175.18,-0.115358,-0.135136
635.25,175.18,-0.125879,-0.145521
637.35,175.18,-0.137792,-0.157071
639.63,175.18,-0.150786,-0.17013
641.9,175.18,-0.165543,-0.184736
644.18,175.18,-0.181553,-0.200275
646.45,175.18,-0.197955,-0.216852
648.55,175.18,-0.215352,-0.233925
650.83,175.18,-0.23549,-0.253996
653.1,175.18,-0.258312,-0.276744
655.38,175.18,-0.285564,-0.303306
657.48,175.18,-0.315737,-0.333321
659.75,175.18,-0.351131,-0.368364
662.03,175.18,-0.393608,-0.410487
664.13,175.18,-0.440795,-0.457452
666.4,175.18,-0.49732,-0.513068
668.68,175.18,-0.561103,-0.576583
670.95,175.18,-0.634294,-0.648817
673.05,175.18,-0.70796,-0.721432
675.33,175.18,-0.771407,-0.784346
677.6,175.18,-0.814707,-0.827255
679.7,175.18,-0.833666,-0.846081
681.98,175.18,-0.828579,-0.841266
684.25,175.18,-0.803123,-0.815967
686.53,175.18,-0.763912,-0.776771
688.63,175.18,-0.71439,-0.728037
690.9,175.18,-0.66158,-0.675779
693.18,175.18,-0.607957,-0.622557
695.28,175.18,-0.55594,-0.571331
697.55,175.18,-0.507954,-0.524184
699.83,175.18,-0.46395,-0.480444
701.93,175.18,-0.423987,-0.440493
704.2,175.18,-0.388805,-0.405755
706.3,175.18,-0.357443,-0.374785
708.58,175.18,-0.331371,-0.348485
710.68,175.18,-0.309446,-0.327181
11.38,210.18,0.187636,0.164509
13.65,210.18,0.196733,0.17401
15.93,210.18,0.206157,0.183554
18.2,210.18,0.214814,0.192069
20.3,210.18,0.222032,0.199352
22.58,210.18,0.228246,0.205285
24.85,210.18,0.232636,0.209586
27.13,210.18,0.235455,0.212839
29.23,210.18,0.23747,0.214497
31.5,210.18,0.238308,0.215467
33.6,210.18,0.239062,0.215911
35.88,210.18,0.240051,0.217211
37.98,210.18,0.242128,0.219318
40.25,210.18,0.244589,0.221758
42.53,210.18,0.246927,0.224115
44.8,210.18,0.248942,0.225587
46.9,210.18,0.24986,0.226761
49.18,210.18,0.250131,0.226789
51.45,210.18,0.24946,0.226093
53.73,210.18,0.247004,0.224044
56.0,210.18,0.244106,0.221046
58.1,210.18,0.239669,0.216952
60.38,210.18,0.234752,0.211792
62.65,210.18,0.229318,0.206715
64.75,210.18,0.223992,0.200988
67.03,210.18,0.218893,0.196247
69.3,210.18,0.214275,0.191958
71.58,210.18,0.211244,0.188742
73.85,210.18,0.209155,0.186558
75.95,210.18,0.208338,0.186204
78.23,210.18,0.209469,0.186727
80.5,210.18,0.210153,0.187544
82.78,210.18,0.209977,0.18767
84.88,210.18,0.208985,0.186318
87.15,210.18,0.206351,0.183868
89.43,210.18,0.203782,0.180769
91.53,210.18,0.201736,0.179217
93.8,210.18,0.200951,0.178776
96.25,210.18,0.20133,0.178899
98.53,210.18,0.202935,0.180366
100.63,210.18,0.205433,0.182658
102.9,210.18,0.208708,0.186154
105.18,210.18,0.213449,0.190498
107.45,210.18,0.218261,0.195403
109.55,210.18,0.224435,0.201579
111.83,210.18,0.232738,0.209682
113.93,210.18,0.24263,0.219783
116.2,210.18,0.254983,0.23206
118.48,210.18,0.268813,0.245138
120.75,210.18,0.283212,0.259651
122.85,210.18,0.297753,0.274429
125.13,210.18,0.31271,0.28876
127.4,210.18,0.327571,0.303532
129.68,210.18,0.343369,0.319346
131.78,210.18,0.360322,0.336333
134.05,210.18,0.376274,0.352251
136.33,210.18,0.390747,0.366003
138.6,210.18,0.40315,0.378332
140.7,210.18,0.411875,0.387047
143.15,210.18,0.417614,0.392728
145.43,210.18,0.41746,0.393218
147.7,210.18,0.411909,0.38742
149.8,210.18,0.400618,0.375966
152.08,210.18,0.382707,0.358274
154.35,210.18,0.359626,0.335667
156.45,210.18,0.331496,0.307282
158.55,210.18,0.296949,0.273551
160.83,210.18,0.258862,0.236056
163.1,210.18,0.217309,0.194928
165.2,210.18,0.173545,0.151157
167.48,210.18,0.128634,0.106607
169.58,210.18,0.082491,0.061216
171.85,210.18,0.037559,0.016503
174.13,210.18,-0.006261,-0.026449
176.23,210.18,-0.04542,-0.065558
178.5,210.18,-0.080799,-0.100244
180.78,210.18,-0.110373,-0.130108
182.88,210.18,-0.13245,-0.151849
185.15,210.18,-0.15062,-0.169585
187.43,210.18,-0.163728,-0.182789
189.88,210.18,-0.171932,-0.191378
191.98,210.18,-0.174135,-0.192936
194.25,210.18,-0.171122,-0.189831
196.35,210.18,-0.163993,-0.183291
198.63,210.18,-0.152219,-0.17114
200.9,210.18,-0.140087,-0.159748
203.18,210.18,-0.125392,-0.144461
205.28,210.18,-0.108614,-0.12846
207.55,210.18,-0.090959,-0.110798
209.83,210.18,-0.071615,-0.091855
211.93,210.18,-0.053109,-0.073251
214.2,210.18,-0.035041,-0.055318
216.48,210.18,-0.018587,-0.038821
218.75,210.18,-0.002558,-0.023423
221.03,210.18,0.012103,-0.008889
223.3,210.18,0.02524,0.004223
225.58,210.18,0.036786,0.016
227.85,210.18,0.047618,0.02657
230.13,210.18,0.056792,0.035501
232.4,210.18,0.065544,0.043973
234.5,210.18,0.072827,0.051694
236.78,210.18,0.079938,0.058524
238.88,210.18,0.085865,0.064759
241.15,210.18,0.091395,0.070141
243.43,210.18,0.096053,0.074497
245.53,210.18,0.100202,0.078296
247.8,210.18,0.103046,0.081795
250.08,210.18,0.104854,0.08324
252.18,210.18,0.105514,0.083548
254.45,210.18,0.105165,0.083832
256.55,210.18,0.105501,0.083613
258.83,210.18,0.107177,0.085249
261.1,210.18,0.111758,0.089959
263.2,210.18,0.117917,0.096034
265.48,210.18,0.123443,0.1017
267.75,210.18,0.12714,0.105427
270.03,210.18,0.129263,0.107624
272.13,210.18,0.130196,0.108305
274.4,210.18,0.130532,0.108308
276.68,210.18,0.131111,0.109281
278.78,210.18,0.131321,0.109318
281.05,210.18,0.130831,0.108887
283.33,210.18,0.129494,0.10747
285.6,210.18,0.12755,0.105483
287.7,210.18,0.126231,0.104349
289.98,210.18,0.126151,0.104026
292.25,210.18,0.126931,0.105289
294.35,210.18,0.129968,0.108237
296.63,210.18,0.133126,0.110991
298.73,210.18,0.136626,0.114488
301.0,210.18,0.140323,0.118453
303.28,210.18,0.145045,0.123391
305.55,210.18,0.152248,0.130319
307.83,210.18,0.159977,0.137759
309.93,210.18,0.167966,0.145695
312.2,210.18,0.175245,0.152799
314.48,210.18,0.181656,0.159284
316.58,210.18,0.187109,0.164786
318.85,210.18,0.191105,0.168588
321.13,210.18,0.193871,0.171188
323.4,210.18,0.194478,0.171795
325.5,210.18,0.193908,0.171447
327.78,210.18,0.191564,0.169072
330.05,210.18,0.18812,0.165406
332.33,210.18,0.18287,0.160791
334.6,210.18,0.174195,0.152303
336.7,210.18,0.162464,0.14019
338.98,210.18,0.147507,0.12568
341.25,210.18,0.129278,0.107337
343.53,210.18,0.107501,0.085988
345.63,210.18,0.082781,0.061225
347.9,210.18,0.055933,0.034617
350.0,210.18,0.026552,0.005779
352.28,210.18,-0.006763,-0.027545
354.55,210.18,-0.040407,-0.060802
356.83,210.18,-0.075484,-0.095503
358.93,210.18,-0.11119,-0.130993
361.2,210.18,-0.144477,-0.163762
363.48,210.18,-0.177132,-0.195934
365.75,210.18,-0.206153,-0.225133
367.85,210.18,-0.231344,-0.249936
370.13,210.18,-0.253639,-0.271627
372.23,210.18,-0.272363,-0.289936
374.5,210.18,-0.285764,-0.303746
376.6,210.18,-0.295056,-0.312884
379.05,210.18,-0.297702,-0.315703
381.33,210.18,-0.296116,-0.313765
383.43,210.18,-0.290096,-0.307739
385.7,210.18,-0.280016,-0.297872
388.15,210.18,-0.268466,-0.28623
390.08,210.18,-0.254557,-0.27309
392.53,210.18,-0.239766,-0.258189
394.8,210.18,-0.223876,-0.242052
397.08,210.18,-0.208589,-0.227123
399.18,210.18,-0.192884,-0.211796
401.45,210.18,-0.177046,-0.196245
403.55,210.18,-0.161066,-0.18037
406.0,210.18,-0.146297,-0.165435
408.1,210.18,-0.131954,-0.151073
410.38,210.18,-0.117419,-0.13704
412.48,210.18,-0.102487,-0.122502
414.75,210.18,-0.086039,-0.105919
417.03,210.18,-0.071199,-0.090937
419.13,210.18,-0.057542,-0.077709
421.4,210.18,-0.045426,-0.06582
423.68,210.18,-0.034471,-0.054668
425.95,210.18,-0.024653,-0.044723
428.23,210.18,-0.015987,-0.03667
430.5,210.18,-0.009662,-0.030494
432.6,210.18,-0.004976,-0.025752
435.05,210.18,-0.002259,-0.023032
437.33,210.18,-0.000722,-0.021079
439.43,210.18,0.000366,-0.020068
441.88,210.18,0.00157,-0.019277
443.98,210.18,0.003083,-0.017838
446.25,210.18,0.004534,-0.015962
448.53,210.18,0.007322,-0.01359
450.8,210.18,0.011367,-0.009246
452.9,210.18,0.016946,-0.003855
455.18,210.18,0.02284,0.002276
457.45,210.18,0.02926,0.008373
459.55,210.18,0.03531,0.014109
461.83,210.18,0.03983,0.019075
464.1,210.18,0.043557,0.022479
466.38,210.18,0.046604,0.025289
468.48,210.18,0.048591,0.027439
470.75,210.18,0.051047,0.029451
472.85,210.18,0.053724,0.032599
475.13,210.18,0.057005,0.036007
477.23,210.18,0.060853,0.039922
479.5,210.18,0.065394,0.044134
481.78,210.18,0.070332,0.04934
484.05,210.18,0.077002,0.055344
486.15,210.18,0.084864,0.063154
488.43,210.18,0.096093,0.074137
490.53,210.18,0.110018,0.088459
492.8,210.18,0.126623,0.104297
495.08,210.18,0.145184,0.122997
497.35,210.18,0.166487,0.144087
499.63,210.18,0.189346,0.166549
501.9,210.18,0.212701,0.189959
504.0,210.18,0.235091,0.21206
506.28,210.18,0.254392,0.231049
508.55,210.18,0.272183,0.248874
510.65,210.18,0.288437,0.264561
512.93,210.18,0.303092,0.279515
515.03,210.18,0.316391,0.29267
517.13,210.18,0.327519,0.303717
519.58,210.18,0.335036,0.311126
521.68,210.18,0.339657,0.315686
523.95,210.18,0.340692,0.317131
526.23,210.18,0.338144,0.314389
528.5,210.18,0.330556,0.306746
530.78,210.18,0.318227,0.294672
532.88,210.18,0.29962,0.276293
535.15,210.18,0.278459,0.255184
537.43,210.18,0.253603,0.230233
539.7,210.18,0.22462,0.202119
541.98,210.18,0.193123,0.170763
544.08,210.18,0.161099,0.138665
546.35,210.18,0.127507,0.105618
548.45,210.18,0.093724,0.072337
550.73,210.18,0.062852,0.041352
553.0,210.18,0.033061,0.012257
555.1,210.18,0.006028,-0.014557
557.38,210.18,-0.016908,-0.03725
559.65,210.18,-0.035953,-0.056328
561.93,210.18,-0.050718,-0.071174
564.2,210.18,-0.06249,-0.08277
566.48,210.18,-0.068756,-0.088436
568.58,210.18,-0.071723,-0.092025
570.85,210.18,-0.071529,-0.091658
573.13,210.18,-0.066692,-0.086797
575.23,210.18,-0.060216,-0.080373
577.5,210.18,-0.052416,-0.072493
579.6,210.18,-0.042909,-0.063143
581.88,210.18,-0.034052,-0.054144
583.98,210.18,-0.024603,-0.044951
586.25,210.18,-0.015035,-0.03599
588.53,210.18,-0.005312,-0.026011
590.63,210.18,0.004457,-0.016547
592.9,210.18,0.013989,-0.006874
595.18,210.18,0.022217,0.001657
597.28,210.18,0.029596,0.008986
599.55,210.18,0.035236,0.014346
601.83,210.18,0.040332,0.019081
604.1,210.18,0.043431,0.022069
606.38,210.18,0.044975,0.024069
608.48,210.18,0.046182,0.024747
610.93,210.18,0.046333,0.025344
613.2,210.18,0.045991,0.024956
615.3,210.18,0.045726,0.025042
617.58,210.18,0.045714,0.024306
619.85,210.18,0.045514,0.024485
622.13,210.18,0.044993,0.024075
624.23,210.18,0.044522,0.023179
626.5,210.18,0.043246,0.022282
628.6,210.18,0.041247,0.020424
630.88,210.18,0.039371,0.018046
633.15,210.18,0.036093,0.015138
635.25,210.18,0.032313,0.011826
637.53,210.18,0.026737,0.006096
639.8,210.18,0.020021,-0.001076
641.9,210.18,0.012153,-0.008568
644.18,210.18,0.003462,-0.017139
646.45,210.18,-0.005866,-0.026513
648.38,210.18,-0.016335,-0.036812
650.83,210.18,-0.028651,-0.048688
653.1,210.18,-0.041911,-0.062096
655.38,210.18,-0.057099,-0.0768
657.48,210.18,-0.073531,-0.093217
659.75,210.18,-0.092197,-0.111966
662.03,210.18,-0.113075,-0.132915
664.3,210.18,-0.136341,-0.155466
666.4,210.18,-0.163614,-0.182708
668.68,210.18,-0.19472,-0.213842
670.78,210.18,-0.228343,-0.24687
673.05,210.18,-0.265678,-0.283528
675.33,210.18,-0.306501,-0.323737
677.43,210.18,-0.349541,-0.366319
679.7,210.18,-0.396667,-0.413401
681.98,210.18,-0.44589,-0.462446
684.08,210.18,-0.499969,-0.51533
686.35,210.18,-0.557902,-0.572902
688.45,210.18,-0.618022,-0.632169
690.73,210.18,-0.683663,-0.697443
693.0,210.18,-0.753419,-0.766657
695.28,210.18,-0.82572,-0.837686
697.38,210.18,-0.895551,-0.907559
699.65,210.18,-0.95678,-0.967797
701.93,210.18,-1.002525,-1.0134
704.03,210.18,-1.028582,-1.038699
706.3,210.18,-1.034377,-1.044774
708.58,210.18,-1.020625,-1.0315
710.85,210.18,-0.991312,-1.002113
12.08,245.18,0.258194,0.233637
14.35,245.18,0.258545,0.23511
16.63,245.18,0.259601,0.236046
18.9,245.18,0.260258,0.2371
21.18,245.18,0.260356,0.236829
23.45,245.18,0.259238,0.235911
25.55,245.18,0.257741,0.234457
27.83,245.18,0.256357,0.233357
30.1,245.18,0.256351,0.233246
32.38,245.18,0.256746,0.233693
34.48,245.18,0.257864,0.234814
36.75,245.18,0.258335,0.235264
38.85,245.18,0.259275,0.236394
41.13,245.18,0.260307,0.23669
43.23,245.18,0.261136,0.237913
45.68,245.18,0.262482,0.238893
47.78,245.18,0.263483,0.240304
50.05,245.18,0.263948,0.240729
52.33,245.18,0.263908,0.240954
54.6,245.18,0.263945,0.241074
56.88,245.18,0.26498,0.241687
58.98,245.18,0.266422,0.242833
61.25,245.18,0.26775,0.244574
63.35,245.18,0.269589,0.246274
65.63,245.18,0.271093,0.247451
67.73,245.18,0.27246,0.249401
70.0,245.18,0.273027,0.249836
72.1,245.18,0.272815,0.249873
74.38,245.18,0.271853,0.248881
76.65,245.18,0.270476,0.247146
78.75,245.18,0.268628,0.245125
81.03,245.18,0.267667,0.244444
83.3,245.18,0.266776,0.243828
85.58,245.18,0.267433,0.244537
87.85,245.18,0.269737,0.246561
89.95,245.18,0.273357,0.250085
92.23,245.18,0.276699,0.253496
94.33,245.18,0.280399,0.256678
96.6,245.18,0.283388,0.260057
98.88,245.18,0.286739,0.26315
101.15,245.18,0.289109,0.265963
103.43,245.18,0.291681,0.267904
105.53,245.18,0.294065,0.270821
107.8,245.18,0.296314,0.272608
110.08,245.18,0.297907,0.274441
112.18,245.18,0.300504,0.27702
114.45,245.18,0.303902,0.280328
116.55,245.18,0.30808,0.284629
118.83,245.18,0.313726,0.289913
121.1,245.18,0.321767,0.297836
123.38,245.18,0.331598,0.308175
125.48,245.18,0.342867,0.318896
127.58,245.18,0.355717,0.331733
130.03,245.18,0.369623,0.345442
132.13,245.18,0.384204,0.359444
134.4,245.18,0.398326,0.373924
136.68,245.18,0.410864,0.385812
138.78,245.18,0.419885,0.395097
141.05,245.18,0.425892,0.40116
143.33,245.18,0.426847,0.402069
145.6,245.18,0.423554,0.398606
147.7,245.18,0.415676,0.391182
149.98,245.18,0.401869,0.377534
152.25,245.18,0.382134,0.357901
154.53,245.18,0.359789,0.336071
156.63,245.18,0.33323,0.309432
158.9,245.18,0.302294,0.278745
161.0,245.18,0.269324,0.246059
163.28,245.18,0.23462,0.211638
165.38,245.18,0.196327,0.174176
167.65,245.18,0.157152,0.134787
169.93,245.18,0.114361,0.092519
172.03,245.18,0.070843,0.04962
174.3,245.18,0.027747,0.007273
176.58,245.18,-0.014015,-0.034357
178.68,245.18,-0.052025,-0.072206
180.95,245.18,-0.08667,-0.106224
183.23,245.18,-0.114957,-0.134314
185.5,245.18,-0.135703,-0.154785
187.6,245.18,-0.1507,-0.169779
189.88,245.18,-0.159089,-0.178288
192.15,245.18,-0.160647,-0.179387
194.25,245.18,-0.155062,-0.174132
196.53,245.18,-0.145524,-0.164809
198.8,245.18,-0.132684,-0.152394
200.9,245.18,-0.118605,-0.138054
203.0,245.18,-0.10261,-0.122588
205.45,245.18,-0.085558,-0.105241
207.55,245.18,-0.066655,-0.08639
209.83,245.18,-0.047194,-0.067496
212.1,245.18,-0.028162,-0.049024
214.2,245.18,-0.010216,-0.030654
216.48,245.18,0.007756,-0.013134
218.75,245.18,0.025141,0.0041
220.85,245.18,0.040591,0.0195
223.13,245.18,0.054457,0.03291
225.23,245.18,0.066124,0.044639
227.5,245.18,0.076694,0.055172
229.78,245.18,0.085202,0.063533
231.88,245.18,0.092738,0.071161
234.15,245.18,0.099756,0.078206
236.43,245.18,0.1095,0.08791
238.53,245.18,0.120058,0.098052
240.8,245.18,0.130014,0.107944
242.9,245.18,0.138262,0.115939
245.18,245.18,0.14214,0.120326
247.45,245.18,0.144469,0.122353
249.73,245.18,0.144491,0.122371
252.0,245.18,0.142947,0.120563
254.1,245.18,0.140778,0.118724
256.38,245.18,0.137935,0.115991
258.65,245.18,0.134435,0.112445
260.75,245.18,0.132131,0.110156
263.03,245.18,0.130551,0.108884
265.3,245.18,0.130338,0.108154
267.75,245.18,0.129931,0.108172
270.03,245.18,0.129149,0.107226
272.3,245.18,0.127997,0.105868
274.4,245.18,0.12669,0.105039
276.85,245.18,0.125304,0.103255
279.13,245.18,0.123046,0.101536
281.4,245.18,0.121308,0.099669
283.5,245.18,0.120323,0.098631
285.95,245.18,0.12011,0.098098
288.05,245.18,0.119857,0.09849
290.33,245.18,0.119857,0.098086
292.6,245.18,0.119352,0.097565
294.7,245.18,0.119685,0.097969
296.98,245.18,0.119136,0.097334
299.08,245.18,0.119096,0.097205
301.35,245.18,0.119537,0.097966
303.63,245.18,0.118844,0.097097
305.73,245.18,0.117778,0.096025
308.0,245.18,0.117667,0.09572
310.28,245.18,0.117796,0.095806
312.38,245.18,0.118138,0.096392
314.65,245.18,0.119133,0.097596
316.75,245.18,0.121074,0.099272
319.03,245.18,0.122957,0.101077
321.3,245.18,0.122538,0.100794
323.4,245.18,0.118034,0.096185
325.68,245.18,0.109713,0.088326
327.95,245.18,0.097482,0.075809
330.05,245.18,0.080982,0.059291
332.33,245.18,0.060378,0.039044
334.6,245.18,0.03621,0.01519
336.88,245.18,0.006706,-0.014178
339.15,245.18,-0.02404,-0.044403
341.6,245.18,-0.062524,-0.08229
343.88,245.18,-0.097764,-0.117194
345.98,245.18,-0.132262,-0.151898
348.25,245.18,-0.168731,-0.187628
350.53,245.18,-0.206716,-0.224914
352.8,245.18,-0.241032,-0.259252
354.9,245.18,-0.276189,-0.29374
357.18,245.18,-0.309591,-0.326867
359.63,245.18,-0.344024,-0.361214
361.9,245.18,-0.372369,-0.388996
364.0,245.18,-0.397123,-0.413839
366.28,245.18,-0.41769,-0.433974
368.73,245.18,-0.436519,-0.452668
371.0,245.18,-0.448189,-0.464384
373.28,245.18,-0.455906,-0.472003
375.38,245.18,-0.458503,-0.475009
377.83,245.18,-0.457412,-0.473697
380.1,245.18,-0.451701,-0.46805
382.2,245.18,-0.442927,-0.459067
384.48,245.18,-0.432822,-0.449529
386.93,245.18,-0.419313,-0.4359
389.2,245.18,-0.407138,-0.423922
391.48,245.18,-0.392653,-0.409726
393.75,245.18,-0.377098,-0.394473
396.38,245.18,-0.358106,-0.375413
398.48,245.18,-0.342114,-0.359788
400.75,245.18,-0.32659,-0.34464
403.03,245.18,-0.311661,-0.329168
405.65,245.18,-0.292828,-0.310542
407.75,245.18,-0.27566,-0.293685
410.03,245.18,-0.257909,-0.276396
412.3,245.18,-0.24155,-0.259754
414.58,245.18,-0.224914,-0.243238
416.85,245.18,-0.211128,-0.22939
418.95,245.18,-0.197012,-0.216005
421.23,245.18,-0.183657,-0.202326
423.5,245.18,-0.171726,-0.19033
425.78,245.18,-0.16176,-0.180842
427.88,245.18,-0.153577,-0.172382
430.15,245.18,-0.148017,-0.166997
432.43,245.18,-0.14306,-0.162333
434.53,245.18,-0.139061,-0.157998
436.8,245.18,-0.135034,-0.154557
439.08,245.18,-0.131698,-0.151273
441.18,245.18,-0.1283,-0.14797
443.45,245.18,-0.125586,-0.145195
445.73,245.18,-0.12346,-0.143211
447.83,245.18,-0.121578,-0.140974
450.1,245.18,-0.119563,-0.139129
452.38,245.18,-0.117499,-0.136991
454.48,245.18,-0.115395,-0.135324
456.75,245.18,-0.114634,-0.134107
459.03,245.18,-0.11338,-0.133266
461.13,245.18,-0.111449,-0.13143
463.4,245.18,-0.108109,-0.127675
465.68,245.18,-0.104055,-0.123781
467.78,245.18,-0.099372,-0.119104
470.05,245.18,-0.094255,-0.113987
472.33,245.18,-0.089545,-0.109831
474.6,245.18,-0.085786,-0.105749
476.7,245.18,-0.082194,-0.101741
478.98,245.18,-0.078097,-0.097961
481.25,245.18,-0.074052,-0.094083
483.53,245.18,-0.069381,-0.089107
485.63,245.18,-0.061815,-0.08204
487.9,245.18,-0.053044,-0.073094
490.0,245.18,-0.042539,-0.063115
492.28,245.18,-0.031914,-0.052333
494.55,245.18,-0.020842,-0.04171
496.83,245.18,-0.008787,-0.029625
498.93,245.18,0.005717,-0.014918
501.2,245.18,0.023813,0.002969
503.48,245.18,0.045126,0.023992
505.58,245.18,0.067873,0.046309
507.85,245.18,0.092174,0.07023
510.13,245.18,0.116478,0.094851
512.4,245.18,0.140307,0.118181
514.68,245.18,0.162494,0.14011
516.78,245.18,0.1834,0.160769
519.05,245.18,0.202907,0.18048
521.15,245.18,0.22096,0.197892
523.43,245.18,0.236407,0.213366
525.7,245.18,0.248317,0.225233
527.98,245.18,0.255797,0.232651
530.08,245.18,0.259435,0.236053
532.35,245.18,0.256739,0.233915
534.45,245.18,0.249287,0.226265
536.73,245.18,0.236022,0.213517
539.0,245.18,0.218151,0.195094
541.1,245.18,0.195942,0.173305
543.38,245.18,0.171123,0.148576
545.65,245.18,0.143403,0.121632
547.75,245.18,0.115018,0.093009
550.03,245.18,0.085889,0.064565
552.3,245.18,0.059984,0.038465
554.4,245.18,0.033896,0.013222
556.68,245.18,0.010628,-0.01017
558.95,245.18,-0.00973,-0.030244
561.23,245.18,-0.025685,-0.04586
563.5,245.18,-0.037783,-0.057992
565.6,245.18,-0.045734,-0.066116
567.88,245.18,-0.049298,-0.069951
570.15,245.18,-0.048414,-0.068805
572.25,245.18,-0.043476,-0.06371
574.53,245.18,-0.035728,-0.056181
576.8,245.18,-0.025906,-0.046393
579.08,245.18,-0.015463,-0.036002
581.18,245.18,-0.005811,-0.026772
583.45,245.18,0.003594,-0.01688
585.73,245.18,0.012334,-0.008528
588.0,245.18,0.019445,-0.001415
590.1,245.18,0.027162,0.00589
592.38,245.18,0.034642,0.013283
594.65,245.18,0.041749,0.020452
596.93,245.18,0.048431,0.027559
599.03,245.18,0.053474,0.032402
601.3,245.18,0.058804,0.037559
603.58,245.18,0.062873,0.041925
605.68,245.18,0.06592,0.044343
607.95,245.18,0.068259,0.046937
610.23,245.18,0.070113,0.048493
612.33,245.18,0.071601,0.049867
614.6,245.18,0.072362,0.051068
616.88,245.18,0.072821,0.051777
618.98,245.18,0.072796,0.051654
621.25,245.18,0.072313,0.05064
623.35,245.18,0.070643,0.049439
625.63,245.18,0.068105,0.046586
627.9,245.18,0.065504,0.044118
630.0,245.18,0.062418,0.040896
632.28,245.18,0.057932,0.036466
634.55,245.18,0.05292,0.03227
636.65,245.18,0.047818,0.026801
638.93,245.18,0.041801,0.020846
641.2,245.18,0.03507,0.014164
643.48,245.18,0.02779,0.007069
645.58,245.18,0.020289,-0.000996
647.85,245.18,0.01275,-0.008081
650.13,245.18,0.004494,-0.016285
652.23,245.18,-0.003368,-0.02408
654.5,245.18,-0.01225,-0.032952
656.78,245.18,-0.021255,-0.041932
659.05,245.18,-0.030531,-0.050783
661.15,245.18,-0.039736,-0.059973
663.43,245.18,-0.048698,-0.068587
665.53,245.18,-0.058214,-0.078565
667.8,245.18,-0.068208,-0.088303
670.08,245.18,-0.078525,-0.098753
672.18,245.18,-0.089991,-0.109619
674.45,245.18,-0.101612,-0.121606
676.73,245.18,-0.113251,-0.132447
678.83,245.18,-0.125413,-0.144763
681.1,245.18,-0.13798,-0.157635
683.38,245.18,-0.152376,-0.171174
685.48,245.18,-0.167376,-0.186162
687.75,245.18,-0.181766,-0.200687
690.03,245.18,-0.196199,-0.214782
692.13,245.18,-0.208303,-0.226649
694.75,245.18,-0.221282,-0.239979
697.03,245.18,-0.230965,-0.249252
699.13,245.18,-0.240533,-0.258389
701.4,245.18,-0.248663,-0.267024
703.85,245.18,-0.256984,-0.27505
705.95,245.18,-0.262992,-0.280928
708.23,245.18,-0.268925,-0.287077
710.5,245.18,-0.274424,-0.292323
11.73,280.18,0.106795,0.084636
14.0,280.18,0.075289,0.054134
16.28,280.18,0.042113,0.020788
18.55,280.18,0.015052,-0.005632
20.83,280.18,-0.006279,-0.026803
22.93,280.18,-0.019375,-0.039964
25.2,280.18,-0.026119,-0.046258
27.48,280.18,-0.026094,-0.046794
29.58,280.18,-0.020746,-0.041125
31.85,280.18,-0.010946,-0.031304
34.13,280.18,0.002948,-0.017508
36.4,280.18,0.020458,-0.000266
38.5,280.18,0.039248,0.018437
40.78,280.18,0.057889,0.036549
43.05,280.18,0.075788,0.054451
45.33,280.18,0.092846,0.070853
47.43,280.18,0.108838,0.086866
49.7,280.18,0.123705,0.101912
51.8,280.18,0.137778,0.115581
54.08,280.18,0.152457,0.130313
56.18,280.18,0.167861,0.145732
58.45,280.18,0.184605,0.161869
60.73,280.18,0.201549,0.179056
62.83,280.18,0.218409,0.19556
65.1,280.18,0.233428,0.210446
67.2,280.18,0.246838,0.22368
69.65,280.18,0.259854,0.236197
71.75,280.18,0.2697,0.246527
74.03,280.18,0.279158,0.25617
76.13,280.18,0.286897,0.263409
78.4,280.18,0.293508,0.270372
80.68,280.18,0.298569,0.27527
82.78,280.18,0.303095,0.279722
85.05,280.18,0.307118,0.283126
87.5,280.18,0.310125,0.286595
89.6,280.18,0.312257,0.28893
91.88,280.18,0.315131,0.291721
94.15,280.18,0.318979,0.294863
96.43,280.18,0.323061,0.2993
98.7,280.18,0.326946,0.302889
100.8,280.18,0.331776,0.307574
103.08,280.18,0.337516,0.313634
105.7,280.18,0.344592,0.320202
107.98,280.18,0.352553,0.328551
110.08,280.18,0.360458,0.336724
112.35,280.18,0.368736,0.344817
114.63,280.18,0.376511,0.352106
116.9,280.18,0.383668,0.359506
119.18,280.18,0.391795,0.367697
121.28,280.18,0.402312,0.377627
123.55,280.18,0.412848,0.38852
125.83,280.18,0.423794,0.398859
127.93,280.18,0.434256,0.409349
130.2,280.18,0.443769,0.418831
132.48,280.18,0.450812,0.425775
134.75,280.18,0.457075,0.431755
137.03,280.18,0.461145,0.435676
139.13,280.18,0.464684,0.439062
141.4,280.18,0.466138,0.441006
143.68,280.18,0.465196,0.439977
145.78,280.18,0.460686,0.435824
148.05,280.18,0.451474,0.426212
150.33,280.18,0.436634,0.411459
152.6,280.18,0.416983,0.392466
154.7,280.18,0.391798,0.367473
156.98,280.18,0.360806,0.336896
159.25,280.18,0.327334,0.303628
161.53,280.18,0.288794,0.265409
163.8,280.18,0.24889,0.226213
165.9,280.18,0.207926,0.185655
168.18,280.18,0.166589,0.144629
170.45,280.18,0.125905,0.103884
172.55,280.18,0.086946,0.06531
174.83,280.18,0.050132,0.028675
176.93,280.18,0.015434,-0.00574
179.2,280.18,-0.01627,-0.036572
181.48,280.18,-0.041874,-0.06225
183.58,280.18,-0.062499,-0.08241
186.03,280.18,-0.077431,-0.097385
188.13,280.18,-0.086073,-0.106325
190.4,280.18,-0.088938,-0.108519
192.68,280.18,-0.085207,-0.105367
194.95,280.18,-0.074779,-0.095152
197.05,280.18,-0.058479,-0.078691
199.15,280.18,-0.03786,-0.058223
201.43,280.18,-0.013624,-0.034135
203.7,280.18,0.012356,-0.008932
205.98,280.18,0.039263,0.017938
208.25,280.18,0.066909,0.045332
210.53,280.18,0.092966,0.071256
212.63,280.18,0.116389,0.094417
214.9,280.18,0.13552,0.113135
217.53,280.18,0.152075,0.129682
219.8,280.18,0.161506,0.138878
221.9,280.18,0.16796,0.145745
224.18,280.18,0.172112,0.150261
226.63,280.18,0.175415,0.153058
228.73,280.18,0.177648,0.155008
231.0,280.18,0.178557,0.155849
233.28,280.18,0.178801,0.156453
235.55,280.18,0.179321,0.156888
237.83,280.18,0.179669,0.157331
240.1,280.18,0.179851,0.15779
242.2,280.18,0.180914,0.158687
244.48,280.18,0.181777,0.159337
246.75,280.18,0.181998,0.16003
248.85,280.18,0.181832,0.159318
251.13,280.18,0.181065,0.158493
253.4,280.18,0.179904,0.157876
255.5,280.18,0.177809,0.155566
257.78,280.18,0.174685,0.152217
260.05,280.18,0.170064,0.148178
262.15,280.18,0.165252,0.14292
264.43,280.18,0.160963,0.138308
266.7,280.18,0.157433,0.135187
268.8,280.18,0.153791,0.131539
271.08,280.18,0.148844,0.127045
273.18,280.18,0.143086,0.120609
275.45,280.18,0.136124,0.11409
277.73,280.18,0.127917,0.105665
280.0,280.18,0.120122,0.098175
282.28,280.18,0.112756,0.090538
284.55,280.18,0.106407,0.084488
286.83,280.18,0.100742,0.0793
288.93,280.18,0.095181,0.073542
291.2,280.18,0.09007,0.068225
293.48,280.18,0.085711,0.064254
295.58,280.18,0.082926,0.061413
297.85,280.18,0.079808,0.058539
300.13,280.18,0.075643,0.053785
302.23,280.18,0.068939,0.047319
304.5,280.18,0.061293,0.040233
306.78,280.18,0.051398,0.030196
309.05,280.18,0.039469,0.018795
311.15,280.18,0.026244,0.005144
313.43,280.18,0.010908,-0.009874
315.7,280.18,-0.006285,-0.026701
317.8,280.18,-0.023738,-0.044465
320.08,280.18,-0.043426,-0.06359
322.35,280.18,-0.06391,-0.084046
324.45,280.18,-0.086036,-0.105863
326.73,280.18,-0.108469,-0.128177
329.0,280.18,-0.133214,-0.152253
331.28,280.18,-0.159985,-0.178781
333.55,280.18,-0.190065,-0.209015
335.65,280.18,-0.221294,-0.239523
337.93,280.18,-0.255712,-0.273525
340.2,280.18,-0.291565,-0.309412
342.3,280.18,-0.327499,-0.344828
344.58,280.18,-0.364837,-0.382206
346.85,280.18,-0.401596,-0.418112
349.13,280.18,-0.436331,-0.452209
351.23,280.18,-0.469975,-0.485856
353.5,280.18,-0.500875,-0.516282
355.78,280.18,-0.528463,-0.543617
357.7,280.18,-0.553164,-0.56813
360.15,280.18,-0.57549,-0.59036
362.43,280.18,-0.594917,-0.609852
364.53,280.18,-0.610856,-0.625813
366.8,280.18,-0.624029,-0.638318
369.08,280.18,-0.633931,-0.648099
371.35,280.18,-0.642301,-0.656294
373.63,280.18,-0.647434,-0.661657
375.73,280.18,-0.650332,-0.664738
378.0,280.18,-0.65122,-0.665656
380.1,280.18,-0.650696,-0.66487
382.38,280.18,-0.647261,-0.661506
384.65,280.18,-0.6426,-0.657002
386.93,280.18,-0.635326,-0.650021
389.03,280.18,-0.627501,-0.642058
391.3,280.18,-0.618302,-0.63284
393.4,280.18,-0.609134,-0.623487
395.68,280.18,-0.59902,-0.613875
397.95,280.18,-0.587813,-0.603114
400.05,280.18,-0.575779,-0.590973
402.33,280.18,-0.563703,-0.578894
404.6,280.18,-0.551294,-0.566525
406.88,280.18,-0.540595,-0.555912
409.15,280.18,-0.53126,-0.54699
411.25,280.18,-0.523324,-0.538798
413.53,280.18,-0.517138,-0.532437
415.8,280.18,-0.510656,-0.526331
418.08,280.18,-0.505022,-0.520983
420.18,280.18,-0.499948,-0.516072
422.45,280.18,-0.495083,-0.511128
424.9,280.18,-0.490043,-0.505767
427.18,280.18,-0.4876,-0.503413
429.28,280.18,-0.486531,-0.502511
431.55,280.18,-0.487489,-0.503404
433.83,280.18,-0.490099,-0.505613
436.1,280.18,-0.493792,-0.509661
438.38,280.18,-0.49935,-0.515567
440.48,280.18,-0.505977,-0.521895
442.93,280.18,-0.514713,-0.530114
445.03,280.18,-0.523466,-0.538845
447.3,280.18,-0.533808,-0.549082
449.58,280.18,-0.54724,-0.562338
451.85,280.18,-0.562819,-0.577831
453.95,280.18,-0.58174,-0.596494
456.23,280.18,-0.602523,-0.617286
458.5,280.18,-0.627581,-0.641793
460.6,280.18,-0.65699,-0.670942
462.88,280.18,-0.689966,-0.703632
464.98,280.18,-0.726451,-0.739997
467.25,280.18,-0.769029,-0.78198
469.53,280.18,-0.815098,-0.827615
471.63,280.18,-0.867945,-0.879491
473.9,280.18,-0.924272,-0.935591
476.0,280.18,-0.983009,-0.993718
478.28,280.18,-1.033866,-1.044044
480.38,280.18,-1.070461,-1.080326
482.65,280.18,-1.086003,-1.095775
484.93,280.18,-1.081629,-1.091657
487.2,280.18,-1.058807,-1.069133
489.3,280.18,-1.020757,-1.031136
491.58,280.18,-0.975748,-0.987023
493.68,280.18,-0.926555,-0.938209
495.95,280.18,-0.881494,-0.893986
498.23,280.18,-0.842843,-0.854978
500.5,280.18,-0.818237,-0.83089
502.6,280.18,-0.816635,-0.829621
504.88,280.18,-0.837905,-0.85015
506.98,280.18,-0.869248,-0.881651
509.08,280.18,-0.89385,-0.90532
511.53,280.18,-0.89743,-0.909084
513.63,280.18,-0.871583,-0.884143
515.9,280.18,-0.815742,-0.82837
518.18,280.18,-0.727193,-0.740819
520.45,280.18,-0.625961,-0.640345
522.73,280.18,-0.513189,-0.529559
524.83,280.18,-0.404162,-0.421171
527.1,280.18,-0.299313,-0.317188
529.38,280.18,-0.205016,-0.223734
531.65,280.18,-0.12293,-0.142718
533.75,280.18,-0.0583,-0.078248
536.03,280.18,-0.008781,-0.029548
538.3,280.18,0.026931,0.005745
540.4,280.18,0.049651,0.028296
542.68,280.18,0.06097,0.0397
544.95,280.18,0.063539,0.042433
547.23,280.18,0.05982,0.038129
549.5,280.18,0.050615,0.029445
551.6,280.18,0.039716,0.018591
553.88,280.18,0.028065,0.006854
555.98,280.18,0.016509,-0.004117
558.25,280.18,0.005594,-0.015025
560.53,280.18,-0.003673,-0.024918
562.63,280.18,-0.012142,-0.032419
564.9,280.18,-0.017508,-0.038202
567.0,280.18,-0.020814,-0.041316
569.28,280.18,-0.021677,-0.042348
571.55,280.18,-0.019847,-0.040478
573.65,280.18,-0.015663,-0.036519
575.93,280.18,-0.010626,-0.03135
578.2,280.18,-0.00415,-0.025053
580.48,280.18,0.002467,-0.01858
582.58,280.18,0.008271,-0.012638
584.85,280.18,0.014722,-0.006138
587.13,280.18,0.021225,5e-06
589.4,280.18,0.028296,0.007313
591.5,280.18,0.034975,0.013804
593.78,280.18,0.041946,0.020683
596.05,280.18,0.048234,0.026946
598.15,280.18,0.052858,0.031894
600.43,280.18,0.057581,0.036564
602.7,280.18,0.062686,0.041124
604.8,280.18,0.066087,0.044802
607.08,280.18,0.069078,0.0478
609.35,280.18,0.071321,0.049737
611.63,280.18,0.072686,0.051389
613.73,280.18,0.072297,0.050936
616.0,280.18,0.070742,0.048961
618.28,280.18,0.067208,0.045723
620.38,280.18,0.061885,0.040292
622.65,280.18,0.055045,0.034013
624.75,280.18,0.047719,0.026413
627.03,280.18,0.040421,0.019522
629.3,280.18,0.033921,0.01304
631.58,280.18,0.026974,0.006
633.68,280.18,0.021586,0.000794
635.95,280.18,0.017036,-0.00407
638.23,280.18,0.01161,-0.008898
640.5,280.18,0.00588,-0.015109
642.6,280.18,4.5e-05,-0.020956
645.05,280.18,-0.007425,-0.028011
647.15,280.18,-0.01444,-0.034733
649.43,280.18,-0.022102,-0.04233
651.7,280.18,-0.02838,-0.048913
653.98,280.18,-0.035087,-0.055608
656.25,280.18,-0.041892,-0.062422
658.35,280.18,-0.047659,-0.068004
660.63,280.18,-0.054539,-0.074748
662.9,280.18,-0.060817,-0.081258
665.18,280.18,-0.068734,-0.088608
667.28,280.18,-0.076168,-0.096276
669.55,280.18,-0.084237,-0.104243
671.65,280.18,-0.092397,-0.111951
673.93,280.18,-0.101233,-0.120752
676.2,280.18,-0.109483,-0.128833
678.48,280.18,-0.117989,-0.137305
680.58,280.18,-0.12671,-0.145872
682.85,280.18,-0.13481,-0.154418
684.95,280.18,-0.142798,-0.161587
687.23,280.18,-0.150114,-0.169082
689.5,280.18,-0.156599,-0.175601
691.6,280.18,-0.162108,-0.180968
693.88,280.18,-0.166495,-0.185878
695.98,280.18,-0.170644,-0.189317
698.25,280.18,-0.173938,-0.192767
700.53,280.18,-0.176313,-0.195361
702.63,280.18,-0.178244,-0.19737
704.9,280.18,-0.179468,-0.198562
707.18,280.18,-0.179541,-0.198713
709.28,280.18,-0.179341,-0.198112
11.03,315.18,-0.393691,-0.410385
13.3,315.18,-0.395841,-0.412708
15.93,315.18,-0.39577,-0.412505
18.03,315.18,-0.393019,-0.409612
20.3,315.18,-0.388019,-0.404473
22.58,315.18,-0.37992,-0.396815
24.68,315.18,-0.370148,-0.387098
26.95,315.18,-0.358669,-0.375641
29.23,315.18,-0.345592,-0.36285
31.5,315.18,-0.331276,-0.348398
33.6,315.18,-0.313041,-0.331109
35.88,315.18,-0.296636,-0.314332
38.15,315.18,-0.276784,-0.294994
40.43,315.18,-0.255669,-0.274353
42.53,315.18,-0.234772,-0.25301
44.98,315.18,-0.21431,-0.233115
47.08,315.18,-0.19464,-0.213516
49.35,315.18,-0.173633,-0.192286
51.63,315.18,-0.153257,-0.172416
53.73,315.18,-0.135235,-0.155139
56.0,315.18,-0.11887,-0.138605
58.28,315.18,-0.103904,-0.123845
60.38,315.18,-0.088275,-0.108392
62.65,315.18,-0.072595,-0.092527
64.93,315.18,-0.055691,-0.075866
67.2,315.18,-0.038682,-0.059153
69.3,315.18,-0.022918,-0.043821
71.58,315.18,-0.007552,-0.0283
73.85,315.18,0.007929,-0.012915
76.13,315.18,0.0228,0.002085
78.4,315.18,0.036521,0.015689
80.5,315.18,0.049522,0.028043
82.78,315.18,0.061324,0.039759
85.05,315.18,0.071983,0.050387
87.15,315.18,0.082741,0.06092
89.43,315.18,0.094146,0.072544
91.7,315.18,0.106191,0.084408
93.8,315.18,0.117803,0.095464
96.08,315.18,0.127904,0.105597
98.35,315.18,0.137803,0.115735
100.45,315.18,0.147531,0.12511
102.73,315.18,0.157901,0.135668
105.0,315.18,0.169309,0.147106
107.1,315.18,0.181382,0.158613
109.55,315.18,0.194503,0.17177
111.83,315.18,0.205708,0.183338
114.1,315.18,0.217069,0.193967
116.2,315.18,0.227313,0.204346
118.48,315.18,0.237605,0.214639
120.75,315.18,0.247956,0.225039
122.85,315.18,0.259435,0.236428
125.13,315.18,0.272269,0.248637
127.4,315.18,0.285365,0.262128
129.5,315.18,0.299598,0.276317
131.78,315.18,0.313979,0.290107
134.05,315.18,0.327587,0.30372
136.15,315.18,0.341188,0.317051
138.6,315.18,0.354435,0.330137
140.88,315.18,0.364383,0.339623
143.15,315.18,0.371607,0.347392
145.43,315.18,0.375103,0.350794
147.7,315.18,0.375427,0.350991
149.98,315.18,0.370683,0.346385
152.25,315.18,0.36067,0.336644
154.35,315.18,0.346169,0.32173
156.8,315.18,0.323757,0.299531
158.9,315.18,0.302275,0.279025
161.18,315.18,0.276345,0.253264
163.45,315.18,0.247916,0.224675
166.08,315.18,0.210131,0.187276
168.35,315.18,0.178936,0.156247
170.63,315.18,0.148582,0.126848
172.9,315.18,0.116937,0.095289
175.18,315.18,0.085212,0.063406
177.28,315.18,0.058804,0.037473
179.55,315.18,0.035384,0.014636
181.83,315.18,0.016302,-0.004231
184.1,315.18,0.000994,-0.019862
186.2,315.18,-0.009459,-0.030158
188.48,315.18,-0.015269,-0.036239
190.75,315.18,-0.018004,-0.038482
193.03,315.18,-0.016242,-0.036905
195.13,315.18,-0.011982,-0.032881
197.4,315.18,-0.004492,-0.025158
199.68,315.18,0.007036,-0.013775
201.78,315.18,0.020942,-2.5e-05
204.05,315.18,0.036885,0.016059
206.33,315.18,0.053117,0.031986
208.43,315.18,0.068952,0.047809
210.7,315.18,0.084981,0.063305
212.8,315.18,0.101065,0.079377
215.08,315.18,0.115865,0.093644
217.35,315.18,0.127562,0.105966
219.63,315.18,0.136281,0.11421
221.9,315.18,0.142035,0.120058
224.0,315.18,0.143915,0.121783
226.28,315.18,0.144802,0.122128
228.38,315.18,0.144925,0.122932
230.83,315.18,0.144497,0.122464
233.1,315.18,0.144349,0.122254
235.38,315.18,0.143554,0.121318
237.48,315.18,0.142051,0.11982
239.75,315.18,0.139546,0.117122
241.85,315.18,0.134944,0.112799
244.13,315.18,0.128539,0.106928
246.4,315.18,0.121164,0.099343
248.5,315.18,0.111863,0.090076
250.78,315.18,0.10158,0.080147
253.05,315.18,0.091111,0.069651
255.15,315.18,0.080951,0.059599
257.43,315.18,0.071977,0.050298
259.7,315.18,0.063231,0.041999
261.8,315.18,0.055027,0.033681
264.08,315.18,0.047646,0.025957
266.35,315.18,0.039805,0.018671
268.45,315.18,0.031235,0.010295
270.73,315.18,0.021228,-0.000195
272.83,315.18,0.009109,-0.011837
275.1,315.18,-0.004434,-0.024939
277.38,315.18,-0.018605,-0.039341
279.65,315.18,-0.033414,-0.053864
281.75,315.18,-0.048657,-0.068855
284.03,315.18,-0.065503,-0.085466
286.3,315.18,-0.083389,-0.103399
288.4,315.18,-0.101011,-0.12042
290.68,315.18,-0.117878,-0.137274
292.95,315.18,-0.134082,-0.153722
295.05,315.18,-0.150999,-0.170124
297.33,315.18,-0.16797,-0.186914
299.6,315.18,-0.185638,-0.204862
301.7,315.18,-0.202742,-0.221251
303.98,315.18,-0.218174,-0.237037
306.08,315.18,-0.233506,-0.251649
308.35,315.18,-0.248996,-0.267123
310.63,315.18,-0.265007,-0.282986
312.73,315.18,-0.282354,-0.300262
315.0,315.18,-0.301217,-0.318722
317.28,315.18,-0.319877,-0.33732
319.55,315.18,-0.340176,-0.357477
321.65,315.18,-0.361491,-0.378361
323.93,315.18,-0.383694,-0.400478
326.03,315.18,-0.404988,-0.421334
328.3,315.18,-0.427268,-0.443558
330.58,315.18,-0.450934,-0.46716
332.68,315.18,-0.47537,-0.491257
334.95,315.18,-0.499048,-0.515077
337.23,315.18,-0.522739,-0.538296
339.33,315.18,-0.54598,-0.561201
341.6,315.18,-0.56862,-0.583484
343.88,315.18,-0.590804,-0.605702
346.15,315.18,-0.610166,-0.625182
348.43,315.18,-0.628755,-0.643074
350.7,315.18,-0.645459,-0.659658
352.8,315.18,-0.660502,-0.674895
355.08,315.18,-0.673986,-0.687939
357.18,315.18,-0.685733,-0.699088
359.45,315.18,-0.695409,-0.709374
361.73,315.18,-0.704454,-0.718207
363.83,315.18,-0.712316,-0.725496
366.1,315.18,-0.718222,-0.731817
368.38,315.18,-0.721599,-0.735416
370.83,315.18,-0.72374,-0.736876
373.1,315.18,-0.723549,-0.737021
375.38,315.18,-0.722242,-0.735379
377.48,315.18,-0.719075,-0.732668
379.75,315.18,-0.715185,-0.728635
382.03,315.18,-0.710326,-0.723891
384.13,315.18,-0.704498,-0.718361
386.4,315.18,-0.698835,-0.712563
388.68,315.18,-0.692692,-0.706888
390.95,315.18,-0.686703,-0.700422
393.05,315.18,-0.680604,-0.694245
395.33,315.18,-0.67427,-0.688047
397.6,315.18,-0.668336,-0.68239
399.7,315.18,-0.662206,-0.676743
401.98,315.18,-0.657092,-0.671235
404.25,315.18,-0.652209,-0.666066
406.35,315.18,-0.647193,-0.661546
408.63,315.18,-0.642538,-0.656765
410.9,315.18,-0.637862,-0.652052
413.0,315.18,-0.633373,-0.647837
415.28,315.18,-0.629042,-0.643826
417.38,315.18,-0.625872,-0.640305
419.65,315.18,-0.622612,-0.637239
421.93,315.18,-0.620397,-0.634575
424.2,315.18,-0.61853,-0.632856
426.3,315.18,-0.617058,-0.63178
428.58,315.18,-0.616793,-0.631633
430.85,315.18,-0.61687,-0.63142
432.95,315.18,-0.617073,-0.631343
435.23,315.18,-0.617064,-0.631965
437.5,315.18,-0.61792,-0.632541
439.78,315.18,-0.619171,-0.633795
441.88,315.18,-0.620804,-0.635021
444.15,315.18,-0.62284,-0.637437
446.43,315.18,-0.625077,-0.639756
448.53,315.18,-0.627588,-0.641756
450.8,315.18,-0.630428,-0.644914
453.08,315.18,-0.634094,-0.648179
455.18,315.18,-0.637588,-0.65171
457.45,315.18,-0.641885,-0.656235
459.73,315.18,-0.646198,-0.660336
461.83,315.18,-0.651965,-0.666478
464.1,315.18,-0.658826,-0.672914
466.38,315.18,-0.666454,-0.681007
468.65,315.18,-0.675767,-0.689313
470.75,315.18,-0.686488,-0.700071
473.03,315.18,-0.699575,-0.712911
475.3,315.18,-0.716149,-0.729439
477.4,315.18,-0.737969,-0.751158
479.68,315.18,-0.765831,-0.778444
481.95,315.18,-0.799904,-0.812624
484.05,315.18,-0.842886,-0.855049
486.33,315.18,-0.893662,-0.904962
488.43,315.18,-0.944282,-0.955039
490.7,315.18,-0.985046,-0.995837
492.8,315.18,-1.00897,-1.019519
495.25,315.18,-1.011761,-1.021992
497.35,315.18,-0.995498,-1.00625
499.63,315.18,-0.9641,-0.975375
501.9,315.18,-0.919112,-0.930902
504.18,315.18,-0.873206,-0.885406
506.28,315.18,-0.828521,-0.840816
508.55,315.18,-0.795397,-0.808644
510.83,315.18,-0.784091,-0.797054
512.93,315.18,-0.792828,-0.805714
515.2,315.18,-0.806518,-0.819137
517.48,315.18,-0.808946,-0.821623
519.58,315.18,-0.789251,-0.802276
521.85,315.18,-0.742446,-0.756136
524.13,315.18,-0.67162,-0.685711
526.23,315.18,-0.584726,-0.600092
528.5,315.18,-0.488722,-0.504824
530.78,315.18,-0.393161,-0.410244
532.88,315.18,-0.303059,-0.321273
535.15,315.18,-0.220829,-0.239301
537.25,315.18,-0.150672,-0.170207
539.7,315.18,-0.092967,-0.11273
541.98,315.18,-0.048913,-0.069452
544.08,315.18,-0.018436,-0.039049
546.35,315.18,0.001851,-0.019046
548.45,315.18,0.01316,-0.007801
550.73,315.18,0.016444,-0.004434
553.0,315.18,0.014057,-0.006695
555.1,315.18,0.006493,-0.014295
557.38,315.18,-0.003383,-0.024252
559.48,315.18,-0.014831,-0.035648
561.75,315.18,-0.026834,-0.047465
563.85,315.18,-0.038408,-0.058938
566.13,315.18,-0.050564,-0.07123
568.4,315.18,-0.063802,-0.083796
570.5,315.18,-0.077773,-0.097493
572.78,315.18,-0.092434,-0.112197
575.05,315.18,-0.107293,-0.126966
577.33,315.18,-0.122326,-0.14143
579.43,315.18,-0.136408,-0.155931
581.7,315.18,-0.151088,-0.17013
583.8,315.18,-0.164122,-0.183297
586.08,315.18,-0.176479,-0.195463
588.35,315.18,-0.187382,-0.206507
590.63,315.18,-0.197591,-0.216427
592.73,315.18,-0.207009,-0.225392
595.0,315.18,-0.214991,-0.233414
597.28,315.18,-0.223306,-0.24179
599.55,315.18,-0.23082,-0.249289
601.65,315.18,-0.238398,-0.256547
603.93,315.18,-0.244831,-0.26269
606.2,315.18,-0.250296,-0.26842
608.3,315.18,-0.255087,-0.273016
610.58,315.18,-0.258334,-0.276784
612.85,315.18,-0.261011,-0.279273
614.95,315.18,-0.262687,-0.280462
617.23,315.18,-0.262933,-0.280764
619.5,315.18,-0.262391,-0.280598
621.6,315.18,-0.26143,-0.27992
623.88,315.18,-0.260007,-0.278093
626.15,315.18,-0.258901,-0.276873
628.25,315.18,-0.2581,-0.275875
630.53,315.18,-0.257502,-0.275666
632.8,315.18,-0.257237,-0.275536
635.08,315.18,-0.257637,-0.275866
637.18,315.18,-0.258294,-0.276562
639.45,315.18,-0.257767,-0.275835
641.73,315.18,-0.255792,-0.274039
644.0,315.18,-0.251374,-0.269843
646.1,315.18,-0.246464,-0.264464
648.38,315.18,-0.241525,-0.259936
650.65,315.18,-0.237009,-0.255506
652.93,315.18,-0.233827,-0.252348
655.2,315.18,-0.2318,-0.250339
657.3,315.18,-0.230838,-0.249039
659.58,315.18,-0.230281,-0.248673
661.85,315.18,-0.229862,-0.248568
663.95,315.18,-0.229541,-0.248423
666.23,315.18,-0.229172,-0.247733
668.5,315.18,-0.229033,-0.24801
670.78,315.18,-0.228629,-0.247089
672.88,315.18,-0.227761,-0.246522
675.15,315.18,-0.227175,-0.245613
677.43,315.18,-0.22578,-0.243919
679.7,315.18,-0.224544,-0.242718
681.8,315.18,-0.222856,-0.241294
684.08,315.18,-0.221578,-0.240342
686.35,315.18,-0.220065,-0.238824
688.63,315.18,-0.218787,-0.237077
690.9,315.18,-0.216812,-0.235583
693.18,315.18,-0.214686,-0.23297
695.45,315.18,-0.21252,-0.231008
697.55,315.18,-0.209649,-0.228466
699.83,315.18,-0.206926,-0.225518
702.1,315.18,-0.203512,-0.221994
704.2,315.18,-0.19988,-0.218642
706.48,315.18,-0.196581,-0.21545
708.58,315.18,-0.192302,-0.211205
710.85,315.18,-0.187884,-0.207074
11.38,350.18,-0.257049,-0.275305
13.65,350.18,-0.236202,-0.254603
15.93,350.18,-0.21082,-0.229292
18.38,350.18,-0.188771,-0.207696
20.65,350.18,-0.167798,-0.187154
22.93,350.18,-0.14952,-0.168879
25.2,350.18,-0.132681,-0.152169
27.48,350.18,-0.118947,-0.138925
29.75,350.18,-0.10724,-0.126911
31.85,350.18,-0.096526,-0.116781
34.13,350.18,-0.086911,-0.106713
36.4,350.18,-0.077487,-0.097379
38.68,350.18,-0.070515,-0.090537
40.78,350.18,-0.065413,-0.085195
43.05,350.18,-0.061076,-0.081264
45.33,350.18,-0.058109,-0.078568
47.43,350.18,-0.055226,-0.075266
49.7,350.18,-0.052043,-0.072453
51.8,350.18,-0.048263,-0.068386
54.08,350.18,-0.043719,-0.064452
56.35,350.18,-0.038827,-0.059415
58.45,350.18,-0.032576,-0.053115
60.73,350.18,-0.026178,-0.046621
63.0,350.18,-0.018316,-0.039329
65.28,350.18,-0.01127,-0.032293
67.38,350.18,-0.003836,-0.024495
69.65,350.18,0.00353,-0.017622
71.75,350.18,0.009935,-0.010771
74.03,350.18,0.016441,-0.004686
76.3,350.18,0.021875,0.000831
78.4,350.18,0.028071,0.006915
80.68,350.18,0.034266,0.013265
82.95,350.18,0.040742,0.019577
85.05,350.18,0.046888,0.025893
87.33,350.18,0.051675,0.030517
89.6,350.18,0.055621,0.03409
91.7,350.18,0.05845,0.037279
93.98,350.18,0.060588,0.039432
96.08,350.18,0.062593,0.041198
98.35,350.18,0.06511,0.043601
100.63,350.18,0.067744,0.04649
102.9,350.18,0.071712,0.050209
105.0,350.18,0.076684,0.055461
107.28,350.18,0.082892,0.061308
109.38,350.18,0.090085,0.06861
111.83,350.18,0.09719,0.075584
113.93,350.18,0.105116,0.083477
116.2,350.18,0.11288,0.091121
118.48,350.18,0.122476,0.100246
120.58,350.18,0.132464,0.110467
122.68,350.18,0.143825,0.121549
125.13,350.18,0.157217,0.134854
127.23,350.18,0.171167,0.148382
129.5,350.18,0.186592,0.163908
131.78,350.18,0.200714,0.178046
134.05,350.18,0.214266,0.190932
136.5,350.18,0.226755,0.20365
138.6,350.18,0.236622,0.213379
140.88,350.18,0.24539,0.222029
143.15,350.18,0.250532,0.227368
145.25,350.18,0.252349,0.229475
147.53,350.18,0.25063,0.227411
149.8,350.18,0.24515,0.221709
151.9,350.18,0.233862,0.210982
154.18,350.18,0.21747,0.194377
156.8,350.18,0.190942,0.168539
158.9,350.18,0.165014,0.142836
161.18,350.18,0.134981,0.112975
163.45,350.18,0.102014,0.080566
165.73,350.18,0.067895,0.046552
167.83,350.18,0.033567,0.012824
170.1,350.18,-0.000642,-0.021288
172.38,350.18,-0.03265,-0.052949
174.65,350.18,-0.062924,-0.082826
176.75,350.18,-0.090398,-0.110148
179.03,350.18,-0.114304,-0.133944
181.3,350.18,-0.134206,-0.153673
183.4,350.18,-0.151125,-0.170589
185.68,350.18,-0.165145,-0.184224
187.78,350.18,-0.174886,-0.193882
190.05,350.18,-0.180077,-0.19939
192.15,350.18,-0.18139,-0.200281
194.43,350.18,-0.179304,-0.197875
196.7,350.18,-0.174387,-0.193636
198.8,350.18,-0.167983,-0.187071
201.08,350.18,-0.16029,-0.179809
203.18,350.18,-0.151029,-0.170272
205.45,350.18,-0.141569,-0.160765
207.73,350.18,-0.13196,-0.151079
210.0,350.18,-0.121282,-0.140993
212.1,350.18,-0.111396,-0.131153
214.38,350.18,-0.101331,-0.121094
216.48,350.18,-0.09119,-0.111033
218.75,350.18,-0.082037,-0.101978
221.03,350.18,-0.074511,-0.09432
223.3,350.18,-0.068272,-0.088322
225.4,350.18,-0.062573,-0.082967
227.68,350.18,-0.058796,-0.078648
229.95,350.18,-0.056572,-0.076871
232.05,350.18,-0.054859,-0.075093
234.33,350.18,-0.053818,-0.074061
236.6,350.18,-0.052265,-0.072487
238.7,350.18,-0.050555,-0.071097
240.98,350.18,-0.049705,-0.070062
243.25,350.18,-0.050173,-0.070555
245.35,350.18,-0.051714,-0.071864
247.63,350.18,-0.054003,-0.0746
249.73,350.18,-0.058023,-0.078266
252.0,350.18,-0.062536,-0.082561
254.28,350.18,-0.067964,-0.087835
256.38,350.18,-0.073051,-0.09334
258.65,350.18,-0.078072,-0.097752
260.93,350.18,-0.083574,-0.103537
263.2,350.18,-0.089942,-0.10952
265.3,350.18,-0.095139,-0.115179
267.58,350.18,-0.099998,-0.119742
269.68,350.18,-0.103044,-0.122579
272.13,350.18,-0.105441,-0.124924
274.23,350.18,-0.108177,-0.127813
276.5,350.18,-0.111621,-0.131433
278.6,350.18,-0.11631,-0.135607
280.88,350.18,-0.120071,-0.140022
283.15,350.18,-0.123522,-0.143032
285.25,350.18,-0.125986,-0.145395
287.53,350.18,-0.128919,-0.148297
289.8,350.18,-0.132844,-0.152108
292.08,350.18,-0.138405,-0.157906
294.18,350.18,-0.145746,-0.165142
296.45,350.18,-0.154132,-0.173244
298.73,350.18,-0.16423,-0.18301
301.0,350.18,-0.17435,-0.193331
303.1,350.18,-0.185013,-0.204258
305.38,350.18,-0.196812,-0.215533
307.48,350.18,-0.207259,-0.225949
309.75,350.18,-0.216587,-0.234677
312.03,350.18,-0.22622,-0.244791
314.13,350.18,-0.235878,-0.253965
316.4,350.18,-0.245669,-0.263728
318.68,350.18,-0.255866,-0.27407
320.95,350.18,-0.265715,-0.28419
323.05,350.18,-0.276374,-0.294393
325.33,350.18,-0.288377,-0.306112
327.6,350.18,-0.300906,-0.318201
329.88,350.18,-0.316263,-0.333635
331.98,350.18,-0.332884,-0.35016
334.25,350.18,-0.351858,-0.368956
336.53,350.18,-0.372671,-0.389908
338.63,350.18,-0.394455,-0.410832
340.9,350.18,-0.415262,-0.431818
343.18,350.18,-0.436266,-0.452388
345.45,350.18,-0.457206,-0.473795
347.55,350.18,-0.477859,-0.493931
349.83,350.18,-0.496959,-0.512409
351.93,350.18,-0.514627,-0.530071
354.2,350.18,-0.530961,-0.546127
356.48,350.18,-0.544975,-0.560558
358.58,350.18,-0.557619,-0.572788
360.85,350.18,-0.568047,-0.583176
363.13,350.18,-0.576765,-0.591346
365.23,350.18,-0.583071,-0.598256
367.5,350.18,-0.5889,-0.603965
369.6,350.18,-0.59284,-0.607566
371.88,350.18,-0.594359,-0.609479
373.98,350.18,-0.593897,-0.608817
376.25,350.18,-0.591211,-0.605693
378.53,350.18,-0.586214,-0.600958
380.8,350.18,-0.578595,-0.593296
383.08,350.18,-0.569485,-0.584291
385.35,350.18,-0.558543,-0.573641
387.45,350.18,-0.547132,-0.5628
389.9,350.18,-0.534686,-0.549652
392.18,350.18,-0.524837,-0.54037
394.28,350.18,-0.516066,-0.531229
396.55,350.18,-0.507535,-0.523275
399.18,350.18,-0.498629,-0.514301
401.45,350.18,-0.491275,-0.507092
403.55,350.18,-0.484131,-0.500065
405.83,350.18,-0.476892,-0.492575
408.28,350.18,-0.469288,-0.485471
410.38,350.18,-0.463108,-0.479455
412.65,350.18,-0.458072,-0.474045
414.93,350.18,-0.453235,-0.46964
417.38,350.18,-0.448651,-0.464667
419.65,350.18,-0.444985,-0.461439
421.75,350.18,-0.442505,-0.458922
424.03,350.18,-0.440083,-0.45658
426.48,350.18,-0.437212,-0.453478
428.75,350.18,-0.434923,-0.451217
431.03,350.18,-0.432015,-0.448484
433.3,350.18,-0.429418,-0.445588
435.4,350.18,-0.426608,-0.443016
437.68,350.18,-0.423105,-0.439516
439.95,350.18,-0.41891,-0.435416
442.05,350.18,-0.413983,-0.430715
444.33,350.18,-0.409366,-0.425943
446.6,350.18,-0.404322,-0.421008
448.88,350.18,-0.39964,-0.416081
450.98,350.18,-0.395629,-0.412477
453.25,350.18,-0.391645,-0.408811
455.53,350.18,-0.387853,-0.404612
457.63,350.18,-0.383697,-0.400641
459.9,350.18,-0.38045,-0.397311
462.18,350.18,-0.377274,-0.394014
464.28,350.18,-0.373793,-0.390977
466.73,350.18,-0.370204,-0.387181
468.83,350.18,-0.366679,-0.384079
470.93,350.18,-0.3639,-0.380709
473.38,350.18,-0.359871,-0.377015
475.48,350.18,-0.355465,-0.373044
477.75,350.18,-0.349908,-0.367357
480.03,350.18,-0.342443,-0.35956
482.3,350.18,-0.333069,-0.350663
484.58,350.18,-0.322246,-0.33984
486.68,350.18,-0.31082,-0.328426
488.95,350.18,-0.297542,-0.315056
491.23,350.18,-0.281476,-0.299199
493.5,350.18,-0.263349,-0.281846
495.6,350.18,-0.243999,-0.262259
497.88,350.18,-0.223149,-0.241843
499.98,350.18,-0.201769,-0.220675
502.25,350.18,-0.179323,-0.198494
504.53,350.18,-0.153959,-0.173097
506.8,350.18,-0.127899,-0.147283
508.9,350.18,-0.099656,-0.119517
511.18,350.18,-0.0681,-0.088494
513.45,350.18,-0.037706,-0.05822
515.73,350.18,-0.008251,-0.028735
517.83,350.18,0.02085,0.000122
519.93,350.18,0.049448,0.028028
522.38,350.18,0.075239,0.054115
524.48,350.18,0.099488,0.077655
526.75,350.18,0.121761,0.100132
529.03,350.18,0.140218,0.117781
531.13,350.18,0.153545,0.131182
533.4,350.18,0.161022,0.138785
535.68,350.18,0.16373,0.141287
537.95,350.18,0.160757,0.138644
540.23,350.18,0.153357,0.130926
542.33,350.18,0.140587,0.118459
544.6,350.18,0.123468,0.101287
546.88,350.18,0.10198,0.08011
549.15,350.18,0.078151,0.0567
551.43,350.18,0.052867,0.031983
553.53,350.18,0.027541,0.006644
555.8,350.18,0.002538,-0.018368
557.9,350.18,-0.020614,-0.041507
560.18,350.18,-0.041211,-0.061643
562.45,350.18,-0.060235,-0.07989
564.73,350.18,-0.077111,-0.097126
566.83,350.18,-0.092357,-0.112487
569.1,350.18,-0.105564,-0.125506
571.2,350.18,-0.116452,-0.135866
573.48,350.18,-0.124317,-0.143741
575.58,350.18,-0.131088,-0.150906
578.03,350.18,-0.135669,-0.15509
580.3,350.18,-0.139409,-0.158851
582.4,350.18,-0.143137,-0.162416
584.68,350.18,-0.147702,-0.166886
586.95,350.18,-0.152487,-0.171381
589.23,350.18,-0.158651,-0.177539
591.33,350.18,-0.165543,-0.184581
593.6,350.18,-0.173479,-0.192219
595.88,350.18,-0.181649,-0.200746
597.98,350.18,-0.190795,-0.209597
600.25,350.18,-0.199067,-0.21753
602.35,350.18,-0.206202,-0.224911
604.63,350.18,-0.212006,-0.230851
606.9,350.18,-0.216427,-0.235198
609.0,350.18,-0.219507,-0.237952
611.28,350.18,-0.221793,-0.239917
613.55,350.18,-0.223713,-0.242271
615.83,350.18,-0.225435,-0.243824
617.93,350.18,-0.227222,-0.246035
620.2,350.18,-0.22878,-0.247006
622.48,350.18,-0.230256,-0.248771
624.75,350.18,-0.230493,-0.249048
626.85,350.18,-0.229101,-0.247924
629.13,350.18,-0.226772,-0.245318
631.4,350.18,-0.22314,-0.24118
633.5,350.18,-0.219249,-0.237936
635.78,350.18,-0.216103,-0.234739
637.88,350.18,-0.21342,-0.231658
640.15,350.18,-0.211507,-0.230207
642.43,350.18,-0.209843,-0.228466
644.53,350.18,-0.207474,-0.22615
646.8,350.18,-0.205016,-0.223537
649.08,350.18,-0.202727,-0.221186
651.35,350.18,-0.200358,-0.219039
653.45,350.18,-0.197613,-0.216938
655.73,350.18,-0.194563,-0.213463
658.0,350.18,-0.190315,-0.208876
660.1,350.18,-0.185219,-0.203922
662.38,350.18,-0.180268,-0.198993
664.65,350.18,-0.175734,-0.194372
666.75,350.18,-0.171812,-0.191073
669.03,350.18,-0.168183,-0.187625
671.3,350.18,-0.16623,-0.185016
673.4,350.18,-0.164508,-0.183858
675.68,350.18,-0.163577,-0.182407
677.95,350.18,-0.16244,-0.18163
680.05,350.18,-0.161171,-0.18061
682.33,350.18,-0.160872,-0.179893
684.6,350.18,-0.160062,-0.178691
686.7,350.18,-0.159736,-0.178626
688.98,350.18,-0.159446,-0.178981
691.25,350.18,-0.159588,-0.178485
693.53,350.18,-0.159979,-0.179169
695.63,350.18,-0.160472,-0.179791
697.73,350.18,-0.160423,-0.179443
700.0,350.18,-0.160598,-0.179612
702.28,350.18,-0.159843,-0.17887
704.55,350.18,-0.160013,-0.179163
706.65,350.18,-0.159865,-0.178907
708.93,350.18,-0.159893,-0.179027
711.2,350.18,-0.159113,-0.178549
11.73,385.17,0.053037,0.031034
14.0,385.17,0.066278,0.044944
16.1,385.17,0.079596,0.057658
18.38,385.17,0.091136,0.069706
20.65,385.17,0.10226,0.080581
22.75,385.17,0.111857,0.089827
25.03,385.17,0.119312,0.097097
27.3,385.17,0.124469,0.102279
29.4,385.17,0.126931,0.10458
31.68,385.17,0.127608,0.105745
33.95,385.17,0.127032,0.104974
36.05,385.17,0.125834,0.103613
38.5,385.17,0.123477,0.101416
40.6,385.17,0.121173,0.099596
42.53,385.17,0.119429,0.097319
44.98,385.17,0.118095,0.096376
47.25,385.17,0.118071,0.096324
49.53,385.17,0.118865,0.097048
51.63,385.17,0.120514,0.098446
53.9,385.17,0.122997,0.100929
56.18,385.17,0.126857,0.10519
58.45,385.17,0.131225,0.108909
60.55,385.17,0.135951,0.113884
62.83,385.17,0.140711,0.118123
65.1,385.17,0.143631,0.121672
67.2,385.17,0.146321,0.124118
69.48,385.17,0.148218,0.125905
71.75,385.17,0.148754,0.126441
73.85,385.17,0.14804,0.125831
76.13,385.17,0.147325,0.12491
78.4,385.17,0.146219,0.123909
80.68,385.17,0.145455,0.12336
82.78,385.17,0.145769,0.123604
85.05,385.17,0.146949,0.124334
87.33,385.17,0.149022,0.126401
89.6,385.17,0.151854,0.129577
91.7,385.17,0.154842,0.132812
93.98,385.17,0.157858,0.135209
96.25,385.17,0.160458,0.138144
98.53,385.17,0.163736,0.140945
100.63,385.17,0.167534,0.144891
102.9,385.17,0.171268,0.149152
105.18,385.17,0.175701,0.152827
107.28,385.17,0.181438,0.158862
109.55,385.17,0.187636,0.165347
111.83,385.17,0.194022,0.171253
113.93,385.17,0.199371,0.176595
116.2,385.17,0.204115,0.181675
118.3,385.17,0.210609,0.187704
120.58,385.17,0.217365,0.194814
122.85,385.17,0.225778,0.20222
124.95,385.17,0.234743,0.211549
127.23,385.17,0.245024,0.221382
129.5,385.17,0.255054,0.231296
131.78,385.17,0.263982,0.240698
134.05,385.17,0.271502,0.248428
136.33,385.17,0.27759,0.254638
138.43,385.17,0.280667,0.257276
140.7,385.17,0.280735,0.256764
142.8,385.17,0.277048,0.253187
145.08,385.17,0.268859,0.245464
147.53,385.17,0.25487,0.231419
149.8,385.17,0.238557,0.215726
152.08,385.17,0.218261,0.195526
154.18,385.17,0.194623,0.172159
156.63,385.17,0.168363,0.145467
158.73,385.17,0.142793,0.120624
161.0,385.17,0.114124,0.092082
163.28,385.17,0.082975,0.061235
165.73,385.17,0.04532,0.024124
167.83,385.17,0.012858,-0.00757
170.1,385.17,-0.021027,-0.041054
172.38,385.17,-0.054178,-0.074326
174.83,385.17,-0.093457,-0.11314
177.1,385.17,-0.121837,-0.141356
179.38,385.17,-0.14858,-0.167921
181.48,385.17,-0.170952,-0.189581
183.93,385.17,-0.191498,-0.20997
186.2,385.17,-0.203494,-0.222071
188.3,385.17,-0.211485,-0.229643
190.58,385.17,-0.214002,-0.232511
193.2,385.17,-0.210774,-0.229292
195.48,385.17,-0.202561,-0.22184
197.58,385.17,-0.192557,-0.211328
199.85,385.17,-0.179757,-0.199246
202.3,385.17,-0.165318,-0.184585
204.58,385.17,-0.152561,-0.171741
206.68,385.17,-0.139868,-0.159277
208.95,385.17,-0.127749,-0.146984
211.23,385.17,-0.114317,-0.134015
213.5,385.17,-0.10119,-0.120694
215.6,385.17,-0.086815,-0.107071
217.88,385.17,-0.0729,-0.092755
219.98,385.17,-0.059335,-0.079696
222.25,385.17,-0.047123,-0.067881
224.35,385.17,-0.036335,-0.05664
226.63,385.17,-0.026791,-0.047502
228.9,385.17,-0.017823,-0.038636
231.0,385.17,-0.010398,-0.030826
233.28,385.17,-0.003115,-0.023624
235.55,385.17,0.003539,-0.017394
237.65,385.17,0.008927,-0.011938
239.75,385.17,0.013206,-0.007718
242.2,385.17,0.016589,-0.004714
244.3,385.17,0.018724,-0.001917
246.58,385.17,0.021173,0.000113
248.85,385.17,0.02348,0.002787
251.13,385.17,0.026706,0.005736
253.23,385.17,0.030508,0.00974
255.5,385.17,0.034365,0.013514
257.6,385.17,0.038699,0.01772
259.88,385.17,0.042492,0.02113
262.15,385.17,0.044146,0.022787
264.25,385.17,0.044278,0.022636
266.53,385.17,0.043684,0.02214
268.8,385.17,0.042553,0.021127
270.9,385.17,0.041438,0.020064
273.18,385.17,0.038902,0.01779
275.45,385.17,0.036546,0.015461
277.73,385.17,0.033428,0.012436
280.0,385.17,0.029999,0.009198
282.28,385.17,0.027932,0.006429
284.38,385.17,0.026096,0.005129
286.65,385.17,0.024398,0.003598
288.75,385.17,0.023212,0.002661
291.03,385.17,0.02129,0.000671
293.3,385.17,0.019254,-0.002034
295.58,385.17,0.018163,-0.002684
297.68,385.17,0.01824,-0.002638
299.95,385.17,0.019999,-0.000959
302.05,385.17,0.023142,0.002119
304.33,385.17,0.025427,0.004503
306.43,385.17,0.028043,0.007131
308.88,385.17,0.030347,0.009189
310.98,385.17,0.032917,0.012134
313.25,385.17,0.035162,0.013853
315.53,385.17,0.036148,0.014833
317.8,385.17,0.03397,0.013296
319.9,385.17,0.029365,0.00841
322.18,385.17,0.02085,0.000354
324.45,385.17,0.010095,-0.011097
326.55,385.17,-0.004083,-0.024844
328.83,385.17,-0.021156,-0.041664
330.93,385.17,-0.040401,-0.06062
333.2,385.17,-0.061319,-0.081319
335.48,385.17,-0.083248,-0.103075
337.75,385.17,-0.105389,-0.124843
340.03,385.17,-0.12615,-0.145521
342.13,385.17,-0.148466,-0.167973
344.4,385.17,-0.172536,-0.191763
346.68,385.17,-0.197724,-0.216285
348.78,385.17,-0.221827,-0.240389
351.05,385.17,-0.246035,-0.264221
353.33,385.17,-0.26964,-0.287625
355.6,385.17,-0.290943,-0.308537
357.53,385.17,-0.309569,-0.327573
359.98,385.17,-0.326642,-0.344061
362.08,385.17,-0.341861,-0.359054
364.35,385.17,-0.354849,-0.371676
366.63,385.17,-0.365764,-0.382643
368.9,385.17,-0.373679,-0.390678
371.18,385.17,-0.378602,-0.395915
373.28,385.17,-0.379895,-0.396781
375.55,385.17,-0.378032,-0.394825
377.65,385.17,-0.373444,-0.390515
379.93,385.17,-0.366892,-0.383879
382.2,385.17,-0.358626,-0.375592
384.3,385.17,-0.348103,-0.365358
386.58,385.17,-0.335398,-0.352751
388.85,385.17,-0.321023,-0.338485
390.95,385.17,-0.304803,-0.32261
393.23,385.17,-0.287742,-0.30578
395.5,385.17,-0.269843,-0.288275
397.6,385.17,-0.252456,-0.270971
399.88,385.17,-0.235275,-0.253534
402.15,385.17,-0.218867,-0.237101
404.25,385.17,-0.202976,-0.221796
406.53,385.17,-0.188386,-0.20684
408.8,385.17,-0.174055,-0.193069
410.9,385.17,-0.160419,-0.179508
413.18,385.17,-0.148466,-0.168183
415.45,385.17,-0.138605,-0.157826
417.55,385.17,-0.130882,-0.150198
419.65,385.17,-0.124289,-0.144267
422.1,385.17,-0.119859,-0.139283
424.2,385.17,-0.115084,-0.135047
426.48,385.17,-0.110771,-0.130435
428.75,385.17,-0.106196,-0.125684
430.85,385.17,-0.101211,-0.121267
433.13,385.17,-0.096864,-0.116849
435.4,385.17,-0.092823,-0.112835
437.5,385.17,-0.089351,-0.10972
439.78,385.17,-0.086522,-0.10647
442.05,385.17,-0.082961,-0.103408
444.15,385.17,-0.07924,-0.099221
446.43,385.17,-0.075919,-0.095623
448.7,385.17,-0.072595,-0.092678
450.98,385.17,-0.070786,-0.090589
453.25,385.17,-0.069009,-0.089018
455.35,385.17,-0.068023,-0.088238
457.63,385.17,-0.067397,-0.087579
459.9,385.17,-0.065392,-0.085688
462.0,385.17,-0.062068,-0.082188
464.28,385.17,-0.057524,-0.077481
466.55,385.17,-0.050367,-0.070993
468.83,385.17,-0.042548,-0.063359
470.93,385.17,-0.03408,-0.05484
473.2,385.17,-0.025164,-0.045937
475.48,385.17,-0.015888,-0.036147
477.75,385.17,-0.007767,-0.028411
480.03,385.17,0.000757,-0.02038
482.3,385.17,0.007618,-0.013306
484.4,385.17,0.013986,-0.006895
486.68,385.17,0.020406,-0.000996
488.78,385.17,0.027522,0.006768
491.05,385.17,0.037652,0.016037
493.33,385.17,0.050172,0.028447
495.6,385.17,0.064288,0.042923
497.88,385.17,0.079765,0.057849
499.98,385.17,0.095889,0.074109
502.25,385.17,0.114112,0.0923
504.88,385.17,0.136629,0.114691
506.98,385.17,0.156989,0.134796
509.25,385.17,0.177377,0.154731
511.53,385.17,0.198801,0.175837
513.8,385.17,0.220963,0.197621
516.08,385.17,0.240258,0.216558
518.35,385.17,0.256099,0.232602
520.45,385.17,0.267821,0.244626
522.9,385.17,0.276502,0.252642
525.0,385.17,0.280341,0.25685
527.28,385.17,0.281733,0.258308
529.38,385.17,0.279583,0.255948
531.65,385.17,0.274598,0.250868
533.93,385.17,0.266265,0.242645
536.03,385.17,0.25458,0.231518
538.3,385.17,0.238958,0.215785
540.58,385.17,0.21808,0.195122
542.68,385.17,0.193459,0.171219
544.95,385.17,0.16799,0.145809
547.05,385.17,0.140757,0.118949
549.33,385.17,0.112599,0.091096
551.6,385.17,0.086376,0.064361
553.88,385.17,0.063388,0.042014
555.98,385.17,0.043798,0.022652
558.25,385.17,0.02711,0.005988
560.53,385.17,0.013748,-0.00717
562.63,385.17,0.003545,-0.017604
564.9,385.17,-0.004844,-0.025851
567.18,385.17,-0.011128,-0.031707
569.45,385.17,-0.015115,-0.035558
571.55,385.17,-0.017083,-0.037869
573.83,385.17,-0.017216,-0.037789
575.93,385.17,-0.014027,-0.034683
578.2,385.17,-0.009566,-0.030389
580.3,385.17,-0.0031,-0.023981
582.58,385.17,0.0034,-0.017173
584.85,385.17,0.010332,-0.010256
586.95,385.17,0.017991,-0.003094
588.88,385.17,0.024657,0.00406
591.5,385.17,0.031296,0.010181
593.6,385.17,0.036506,0.015806
595.88,385.17,0.04166,0.020813
598.15,385.17,0.045735,0.024765
600.25,385.17,0.049035,0.027301
602.53,385.17,0.050018,0.028844
604.8,385.17,0.050566,0.029355
607.08,385.17,0.050708,0.029321
609.18,385.17,0.04999,0.028641
611.45,385.17,0.050119,0.028443
613.55,385.17,0.049568,0.028336
615.83,385.17,0.049158,0.028354
618.1,385.17,0.049251,0.027673
620.38,385.17,0.049617,0.028102
622.65,385.17,0.050329,0.029167
624.75,385.17,0.051087,0.029821
627.03,385.17,0.051992,0.030508
629.3,385.17,0.053283,0.031777
631.58,385.17,0.053862,0.032602
633.68,385.17,0.053323,0.032134
635.95,385.17,0.052941,0.031678
638.05,385.17,0.05222,0.0308
640.33,385.17,0.050905,0.029919
642.6,385.17,0.049935,0.029007
644.88,385.17,0.049821,0.028311
646.98,385.17,0.048859,0.027612
649.25,385.17,0.048231,0.027273
651.53,385.17,0.047236,0.026238
653.63,385.17,0.046478,0.025147
655.9,385.17,0.046108,0.024842
658.18,385.17,0.045911,0.02466
660.45,385.17,0.045708,0.024429
662.55,385.17,0.046416,0.025036
664.83,385.17,0.046413,0.025126
667.1,385.17,0.046253,0.02491
669.38,385.17,0.045997,0.024676
671.48,385.17,0.045674,0.024417
673.93,385.17,0.045745,0.024756
676.2,385.17,0.045846,0.024648
678.3,385.17,0.045649,0.024013
680.58,385.17,0.04483,0.023752
682.68,385.17,0.043822,0.022556
684.95,385.17,0.043822,0.022304
687.23,385.17,0.044552,0.023203
689.5,385.17,0.046302,0.02536
691.6,385.17,0.048095,0.026728
693.88,385.17,0.049589,0.028431
696.15,385.17,0.050449,0.029676
698.25,385.17,0.051731,0.030652
700.53,385.17,0.053237,0.031875
702.63,385.17,0.05345,0.032476
704.9,385.17,0.053607,0.032562
707.18,385.17,0.053015,0.031395
709.28,385.17,0.051305,0.03015
11.38,420.17,0.150763,0.127257
13.65,420.17,0.154756,0.13243
16.1,420.17,0.160261,0.137852
18.38,420.17,0.165748,0.143123
20.48,420.17,0.171157,0.148545
22.75,420.17,0.175566,0.152938
24.85,420.17,0.179965,0.157263
27.13,420.17,0.183107,0.160344
29.4,420.17,0.185668,0.162766
31.68,420.17,0.187615,0.164709
33.95,420.17,0.188409,0.165575
36.05,420.17,0.188468,0.165581
38.33,420.17,0.187793,0.164916
40.6,420.17,0.185868,0.16324
42.7,420.17,0.183305,0.160988
44.98,420.17,0.181244,0.158647
47.25,420.17,0.178828,0.156487
49.35,420.17,0.176835,0.154266
51.63,420.17,0.174457,0.151653
53.9,420.17,0.171943,0.149623
56.0,420.17,0.169552,0.147498
58.28,420.17,0.168258,0.145883
60.55,420.17,0.167695,0.145282
62.83,420.17,0.16747,0.144642
64.93,420.17,0.167442,0.144814
67.38,420.17,0.167772,0.145643
69.48,420.17,0.16796,0.145246
71.75,420.17,0.168748,0.146022
74.03,420.17,0.169257,0.146958
76.48,420.17,0.171847,0.149555
78.75,420.17,0.174851,0.152029
81.03,420.17,0.178212,0.15535
83.3,420.17,0.181484,0.158878
85.58,420.17,0.18405,0.161222
87.85,420.17,0.185692,0.163184
89.95,420.17,0.187239,0.164682
92.23,420.17,0.188033,0.165855
94.33,420.17,0.189364,0.166817
96.6,420.17,0.189146,0.166792
98.88,420.17,0.189235,0.166718
101.15,420.17,0.18885,0.166428
103.25,420.17,0.189204,0.1667
105.53,420.17,0.190125,0.167411
107.8,420.17,0.191715,0.169485
109.9,420.17,0.195168,0.172353
112.18,420.17,0.199836,0.176783
114.28,420.17,0.205461,0.182451
116.55,420.17,0.212008,0.188844
118.65,420.17,0.218462,0.195822
120.93,420.17,0.224488,0.201348
123.2,420.17,0.230329,0.207038
125.48,420.17,0.235467,0.212051
127.58,420.17,0.240818,0.217229
129.85,420.17,0.245273,0.22202
131.95,420.17,0.247759,0.2247
134.23,420.17,0.248878,0.225772
136.5,420.17,0.247981,0.224685
138.6,420.17,0.24511,0.221533
140.88,420.17,0.239028,0.21572
143.33,420.17,0.231475,0.208462
145.43,420.17,0.220144,0.197211
147.7,420.17,0.206284,0.183409
149.98,420.17,0.188483,0.166053
152.08,420.17,0.168764,0.146666
154.35,420.17,0.145794,0.123856
155.93,420.17,0.121244,0.09942
158.73,420.17,0.094063,0.072414
161.0,420.17,0.065637,0.044038
163.1,420.17,0.034999,0.01377
165.38,420.17,0.003209,-0.017915
167.65,420.17,-0.027545,-0.04814
169.93,420.17,-0.059477,-0.079532
172.2,420.17,-0.089757,-0.109357
174.48,420.17,-0.11805,-0.137502
176.58,420.17,-0.142619,-0.162317
178.85,420.17,-0.166445,-0.185352
181.13,420.17,-0.186482,-0.205573
183.23,420.17,-0.202801,-0.221495
185.5,420.17,-0.214504,-0.232681
187.78,420.17,-0.221639,-0.24004
189.88,420.17,-0.224307,-0.243087
192.15,420.17,-0.22248,-0.24114
194.43,420.17,-0.216679,-0.23529
196.7,420.17,-0.208931,-0.227508
198.8,420.17,-0.198956,-0.217668
201.08,420.17,-0.187302,-0.205808
203.18,420.17,-0.172789,-0.191914
205.45,420.17,-0.155503,-0.175111
207.55,420.17,-0.137154,-0.156341
210.0,420.17,-0.118134,-0.137474
212.1,420.17,-0.098081,-0.118078
214.38,420.17,-0.079166,-0.099113
216.48,420.17,-0.062012,-0.081821
218.75,420.17,-0.047345,-0.067669
221.03,420.17,-0.034643,-0.055167
223.13,420.17,-0.024508,-0.044625
225.23,420.17,-0.015158,-0.035826
227.68,420.17,-0.007746,-0.028568
229.78,420.17,-0.00041,-0.021199
232.05,420.17,0.007411,-0.013488
234.33,420.17,0.015563,-0.00509
236.43,420.17,0.023804,0.002643
238.7,420.17,0.031493,0.010116
240.98,420.17,0.03771,0.01645
243.08,420.17,0.042994,0.0215
245.18,420.17,0.046352,0.025184
247.63,420.17,0.04865,0.027741
249.73,420.17,0.050751,0.029383
252.0,420.17,0.053252,0.031974
254.1,420.17,0.056894,0.035982
256.38,420.17,0.062584,0.041284
258.65,420.17,0.06852,0.046974
260.93,420.17,0.073687,0.051906
263.03,420.17,0.077836,0.056262
265.3,420.17,0.080264,0.058668
267.58,420.17,0.080202,0.05841
269.85,420.17,0.078801,0.057069
271.95,420.17,0.075067,0.053616
274.23,420.17,0.07056,0.049044
276.5,420.17,0.066194,0.044971
278.78,420.17,0.062796,0.041339
280.88,420.17,0.059734,0.038752
283.15,420.17,0.057991,0.036567
285.43,420.17,0.056413,0.035021
287.7,420.17,0.056238,0.03463
289.8,420.17,0.056401,0.035178
292.08,420.17,0.05776,0.036549
294.18,420.17,0.059469,0.037972
296.45,420.17,0.060954,0.039857
298.73,420.17,0.061992,0.040495
301.0,420.17,0.062017,0.040618
303.28,420.17,0.061697,0.040323
305.55,420.17,0.06247,0.041108
307.65,420.17,0.064941,0.043142
309.93,420.17,0.067451,0.046093
312.2,420.17,0.070745,0.049312
314.48,420.17,0.072701,0.050791
316.75,420.17,0.074343,0.052713
318.85,420.17,0.075692,0.054546
321.13,420.17,0.076533,0.055113
323.4,420.17,0.075384,0.053385
325.68,420.17,0.069343,0.04763
327.78,420.17,0.059278,0.037938
330.05,420.17,0.045267,0.023804
332.33,420.17,0.029241,0.008225
334.43,420.17,0.010424,-0.010281
336.7,420.17,-0.011079,-0.03168
338.98,420.17,-0.034317,-0.054462
341.08,420.17,-0.061341,-0.081787
343.35,420.17,-0.089757,-0.109492
345.63,420.17,-0.118205,-0.138072
347.9,420.17,-0.146843,-0.166285
350.0,420.17,-0.175173,-0.193965
352.28,420.17,-0.202071,-0.220441
354.38,420.17,-0.225148,-0.243599
356.65,420.17,-0.245142,-0.263001
358.93,420.17,-0.262446,-0.28045
361.03,420.17,-0.27663,-0.294797
363.3,420.17,-0.288679,-0.306112
365.4,420.17,-0.296917,-0.314874
367.68,420.17,-0.303833,-0.321236
369.95,420.17,-0.306762,-0.324566
372.23,420.17,-0.306852,-0.324825
374.5,420.17,-0.304643,-0.322523
376.78,420.17,-0.299193,-0.316787
378.88,420.17,-0.291584,-0.309181
381.15,420.17,-0.282154,-0.299979
383.43,420.17,-0.27074,-0.288377
385.53,420.17,-0.257641,-0.275998
387.8,420.17,-0.243947,-0.262486
390.08,420.17,-0.22943,-0.248315
392.35,420.17,-0.216002,-0.234698
394.63,420.17,-0.203251,-0.221898
396.73,420.17,-0.191208,-0.210164
399.0,420.17,-0.18013,-0.198879
401.28,420.17,-0.168211,-0.187151
403.38,420.17,-0.157139,-0.176331
405.65,420.17,-0.146544,-0.166211
407.93,420.17,-0.135879,-0.155577
410.2,420.17,-0.127089,-0.146504
412.3,420.17,-0.118466,-0.138103
414.58,420.17,-0.109619,-0.129113
416.68,420.17,-0.101177,-0.120663
419.13,420.17,-0.091331,-0.111125
421.23,420.17,-0.081633,-0.101322
423.5,420.17,-0.071254,-0.09099
425.78,420.17,-0.061375,-0.081291
428.05,420.17,-0.051874,-0.072678
430.33,420.17,-0.043682,-0.064153
432.43,420.17,-0.037203,-0.058088
434.7,420.17,-0.031409,-0.051969
436.98,420.17,-0.027154,-0.047456
439.25,420.17,-0.022105,-0.042989
441.35,420.17,-0.016751,-0.037527
443.63,420.17,-0.011898,-0.032887
445.73,420.17,-0.007955,-0.02855
448.0,420.17,-0.004255,-0.025229
450.28,420.17,-0.002317,-0.023269
452.55,420.17,9.5e-05,-0.020786
454.65,420.17,0.002596,-0.018559
456.93,420.17,0.004904,-0.015752
459.2,420.17,0.007294,-0.013707
461.48,420.17,0.008776,-0.012142
463.75,420.17,0.008906,-0.011735
465.85,420.17,0.009571,-0.011587
468.13,420.17,0.010585,-0.010364
470.4,420.17,0.012174,-0.009101
472.5,420.17,0.014244,-0.006717
474.78,420.17,0.016838,-0.003956
477.05,420.17,0.021173,0.000252
479.33,420.17,0.028203,0.007297
481.43,420.17,0.037516,0.015828
483.7,420.17,0.04783,0.02682
485.8,420.17,0.058024,0.036416
488.08,420.17,0.067572,0.046004
490.35,420.17,0.077017,0.055421
492.45,420.17,0.086,0.063989
494.9,420.17,0.095369,0.07344
497.18,420.17,0.104743,0.082883
499.28,420.17,0.115461,0.093203
501.55,420.17,0.127864,0.10597
503.83,420.17,0.142531,0.11986
505.93,420.17,0.157707,0.135433
508.2,420.17,0.173982,0.151395
510.48,420.17,0.191703,0.16864
512.75,420.17,0.209355,0.186675
514.85,420.17,0.225061,0.202088
517.13,420.17,0.239127,0.21613
519.4,420.17,0.250153,0.226986
521.5,420.17,0.257784,0.234364
523.78,420.17,0.261059,0.237322
526.05,420.17,0.259829,0.236616
528.15,420.17,0.2547,0.231456
530.43,420.17,0.245252,0.222004
532.7,420.17,0.232091,0.209035
534.98,420.17,0.214549,0.191666
537.08,420.17,0.194062,0.171724
539.35,420.17,0.172115,0.149713
541.63,420.17,0.149528,0.127525
543.73,420.17,0.125125,0.103462
546.0,420.17,0.100658,0.07918
548.1,420.17,0.077689,0.05576
550.38,420.17,0.055511,0.034069
552.65,420.17,0.036456,0.015517
554.93,420.17,0.020126,-0.001048
557.03,420.17,0.006398,-0.0146
559.3,420.17,-0.004526,-0.025509
561.58,420.17,-0.011344,-0.031754
563.85,420.17,-0.014921,-0.035678
565.95,420.17,-0.016754,-0.037108
568.58,420.17,-0.016187,-0.036677
570.85,420.17,-0.014425,-0.035022
573.13,420.17,-0.012179,-0.032875
575.23,420.17,-0.008078,-0.028599
577.5,420.17,-0.002598,-0.023226
579.6,420.17,0.004574,-0.016615
581.88,420.17,0.012763,-0.00822
584.33,420.17,0.021894,0.000819
586.43,420.17,0.03024,0.009232
588.7,420.17,0.037652,0.016783
590.8,420.17,0.044725,0.023641
593.08,420.17,0.050822,0.029149
595.35,420.17,0.056515,0.035147
597.63,420.17,0.062399,0.040609
599.73,420.17,0.068043,0.046654
602.0,420.17,0.075791,0.053921
604.28,420.17,0.084824,0.062889
606.55,420.17,0.095846,0.073881
608.65,420.17,0.107208,0.085742
611.1,420.17,0.118197,0.095893
613.38,420.17,0.127085,0.10475
615.65,420.17,0.135655,0.113311
618.28,420.17,0.141783,0.119155
620.38,420.17,0.14568,0.12352
622.65,420.17,0.149263,0.12718
625.1,420.17,0.152448,0.130233
627.2,420.17,0.155526,0.133292
629.48,420.17,0.157784,0.135304
631.58,420.17,0.159669,0.137664
633.85,420.17,0.161151,0.138462
636.13,420.17,0.16169,0.138924
638.4,420.17,0.161117,0.139133
640.68,420.17,0.160406,0.137901
642.95,420.17,0.159611,0.137011
645.05,420.17,0.159334,0.137017
647.33,420.17,0.159518,0.137208
649.6,420.17,0.159786,0.137547
651.7,420.17,0.160412,0.137883
653.98,420.17,0.160671,0.13812
656.25,420.17,0.160664,0.138265
658.35,420.17,0.161407,0.139364
660.63,420.17,0.162233,0.140132
662.9,420.17,0.16177,0.139401
665.35,420.17,0.160603,0.138098
667.63,420.17,0.157627,0.135532
669.73,420.17,0.154287,0.131968
672.7,420.17,0.147565,0.124996
674.98,420.17,0.142165,0.120073
677.08,420.17,0.136706,0.114774
679.35,420.17,0.131844,0.109673
681.8,420.17,0.127439,0.10548
683.9,420.17,0.124013,0.101962
686.18,420.17,0.120523,0.098924
688.45,420.17,0.117544,0.095603
690.9,420.17,0.11466,0.092689
693.0,420.17,0.111663,0.090375
695.28,420.17,0.10922,0.087414
697.55,420.17,0.106191,0.084848
700.18,420.17,0.103733,0.082017
702.45,420.17,0.102251,0.080409
704.55,420.17,0.102353,0.080957
706.83,420.17,0.10275,0.081207
708.93,420.17,0.103841,0.081912
711.2,420.17,0.104984,0.083403
11.38,455.17,0.207747,0.183933
13.65,455.17,0.207497,0.184642
15.93,455.17,0.207223,0.18397
18.2,455.17,0.206253,0.183265
20.48,455.17,0.205945,0.182615
22.58,455.17,0.205455,0.182685
24.85,455.17,0.20624,0.183764
27.13,455.17,0.20864,0.185634
29.23,455.17,0.211635,0.18856
31.5,455.17,0.214158,0.191432
33.78,455.17,0.21681,0.193936
36.05,455.17,0.219183,0.196265
38.15,455.17,0.222325,0.19938
40.43,455.17,0.225458,0.202442
42.88,455.17,0.2273,0.203751
45.15,455.17,0.227131,0.204201
47.25,455.17,0.226401,0.203415
49.53,455.17,0.22376,0.20076
51.8,455.17,0.219996,0.197346
54.43,455.17,0.215834,0.19218
56.53,455.17,0.211749,0.188976
58.8,455.17,0.207513,0.184287
60.9,455.17,0.203807,0.180908
63.18,455.17,0.201065,0.178298
65.45,455.17,0.199395,0.176623
67.73,455.17,0.198228,0.175153
69.83,455.17,0.19795,0.175267
72.1,455.17,0.198317,0.175939
74.38,455.17,0.199583,0.176986
76.48,455.17,0.20247,0.179469
78.75,455.17,0.205806,0.18255
81.03,455.17,0.209232,0.186318
83.3,455.17,0.211995,0.188625
85.58,455.17,0.214004,0.19088
87.85,455.17,0.214466,0.191413
89.95,455.17,0.214528,0.191761
92.23,455.17,0.214096,0.191003
94.5,455.17,0.213311,0.190363
96.6,455.17,0.211749,0.188616
98.88,455.17,0.210353,0.187611
101.15,455.17,0.20925,0.186391
103.43,455.17,0.208126,0.185541
105.53,455.17,0.208437,0.185587
107.8,455.17,0.209716,0.187072
109.9,455.17,0.213425,0.190563
112.18,455.17,0.218003,0.194605
114.45,455.17,0.222078,0.199223
116.55,455.17,0.226558,0.203194
118.83,455.17,0.229623,0.206829
120.93,455.17,0.233314,0.210027
123.2,455.17,0.236308,0.213268
125.48,455.17,0.238391,0.215282
127.75,455.17,0.239364,0.216573
130.03,455.17,0.239278,0.216086
132.13,455.17,0.237633,0.214842
134.4,455.17,0.234642,0.211247
136.5,455.17,0.229447,0.206518
138.95,455.17,0.222627,0.199823
141.23,455.17,0.214737,0.192032
143.5,455.17,0.203992,0.181407
145.78,455.17,0.190969,0.168101
147.88,455.17,0.176114,0.15353
150.15,455.17,0.157149,0.134617
152.43,455.17,0.134334,0.111986
154.53,455.17,0.106891,0.08519
156.8,455.17,0.076056,0.054235
159.08,455.17,0.043277,0.021952
161.18,455.17,0.008132,-0.01228
163.45,455.17,-0.028165,-0.048747
165.73,455.17,-0.062099,-0.082265
168.0,455.17,-0.095768,-0.115386
170.1,455.17,-0.125712,-0.145201
172.38,455.17,-0.152046,-0.170983
174.65,455.17,-0.175604,-0.194295
176.93,455.17,-0.195792,-0.214295
179.2,455.17,-0.20996,-0.228235
181.48,455.17,-0.22135,-0.239443
183.75,455.17,-0.22964,-0.247933
185.85,455.17,-0.234548,-0.252718
188.13,455.17,-0.237126,-0.255712
190.4,455.17,-0.236596,-0.255164
192.68,455.17,-0.233152,-0.25159
194.95,455.17,-0.227225,-0.245595
197.05,455.17,-0.217573,-0.236106
199.33,455.17,-0.205789,-0.224834
201.6,455.17,-0.192601,-0.211609
203.7,455.17,-0.176886,-0.196356
205.98,455.17,-0.159477,-0.179002
208.25,455.17,-0.140795,-0.160179
210.53,455.17,-0.121954,-0.141855
212.63,455.17,-0.104067,-0.123879
214.9,455.17,-0.086827,-0.107077
217.18,455.17,-0.070466,-0.090749
219.45,455.17,-0.05558,-0.075934
221.55,455.17,-0.042059,-0.062518
223.83,455.17,-0.03041,-0.050811
225.93,455.17,-0.018226,-0.039274
228.2,455.17,-0.005725,-0.026519
230.48,455.17,0.006783,-0.013999
232.58,455.17,0.019821,-0.00155
234.85,455.17,0.031709,0.010714
237.13,455.17,0.042584,0.021275
239.4,455.17,0.05153,0.030273
241.5,455.17,0.058024,0.036771
243.95,455.17,0.062134,0.040979
246.05,455.17,0.065233,0.043567
248.33,455.17,0.066238,0.044574
250.43,455.17,0.066694,0.045397
252.7,455.17,0.066983,0.045474
254.98,455.17,0.066755,0.044898
257.08,455.17,0.066687,0.045095
259.35,455.17,0.067491,0.046241
261.63,455.17,0.068958,0.047744
263.9,455.17,0.070486,0.048832
266.0,455.17,0.071826,0.050095
268.28,455.17,0.071385,0.049953
270.38,455.17,0.070098,0.048684
272.65,455.17,0.068835,0.047381
274.93,455.17,0.066925,0.045877
277.03,455.17,0.066025,0.044608
279.3,455.17,0.065809,0.044623
281.58,455.17,0.066231,0.04511
283.85,455.17,0.067153,0.045353
286.13,455.17,0.067978,0.04609
288.05,455.17,0.067581,0.046222
290.5,455.17,0.067122,0.04588
292.78,455.17,0.066065,0.044325
294.88,455.17,0.064386,0.043043
297.15,455.17,0.062756,0.041838
299.43,455.17,0.062424,0.041386
301.53,455.17,0.063856,0.042294
303.8,455.17,0.066429,0.044688
306.08,455.17,0.070085,0.048795
308.35,455.17,0.074297,0.052612
310.45,455.17,0.077362,0.055812
312.73,455.17,0.079941,0.058755
314.83,455.17,0.081703,0.059808
317.1,455.17,0.084047,0.062113
319.38,455.17,0.086518,0.064854
321.65,455.17,0.089663,0.068074
323.75,455.17,0.089971,0.068745
325.68,455.17,0.086275,0.064398
328.3,455.17,0.077627,0.05621
330.58,455.17,0.065018,0.0434
332.68,455.17,0.049328,0.027941
334.95,455.17,0.030856,0.009423
337.05,455.17,0.011,-0.009791
339.33,455.17,-0.008938,-0.029813
341.43,455.17,-0.028405,-0.048793
343.7,455.17,-0.047142,-0.067585
345.98,455.17,-0.067194,-0.08765
348.08,455.17,-0.087616,-0.107373
350.35,455.17,-0.107875,-0.127816
352.63,455.17,-0.128919,-0.148171
354.9,455.17,-0.149806,-0.16879
357.0,455.17,-0.16976,-0.188408
359.28,455.17,-0.189739,-0.208466
361.38,455.17,-0.207567,-0.225912
364.0,455.17,-0.223183,-0.241713
366.1,455.17,-0.234569,-0.252989
368.38,455.17,-0.242964,-0.261498
370.48,455.17,-0.247862,-0.266368
372.75,455.17,-0.249052,-0.267773
375.03,455.17,-0.247733,-0.266066
377.13,455.17,-0.243571,-0.261652
379.4,455.17,-0.23818,-0.256553
381.68,455.17,-0.230151,-0.248596
383.95,455.17,-0.221162,-0.240028
386.05,455.17,-0.211707,-0.230198
388.33,455.17,-0.199301,-0.218192
390.6,455.17,-0.18639,-0.204988
392.7,455.17,-0.17371,-0.192822
394.98,455.17,-0.161609,-0.180965
397.25,455.17,-0.150811,-0.170013
399.35,455.17,-0.140743,-0.160299
401.63,455.17,-0.130949,-0.150765
403.73,455.17,-0.121424,-0.141233
406.0,455.17,-0.112742,-0.132539
408.28,455.17,-0.10481,-0.124421
410.55,455.17,-0.096279,-0.11643
412.65,455.17,-0.088861,-0.108651
414.93,455.17,-0.081449,-0.101683
417.03,455.17,-0.073602,-0.093987
419.48,455.17,-0.065108,-0.085527
421.75,455.17,-0.057243,-0.077176
423.85,455.17,-0.048553,-0.069326
426.13,455.17,-0.041957,-0.062425
428.4,455.17,-0.035768,-0.056714
430.68,455.17,-0.032037,-0.052225
432.78,455.17,-0.028867,-0.049187
435.05,455.17,-0.026255,-0.047142
437.33,455.17,-0.02404,-0.044699
439.43,455.17,-0.021932,-0.042169
441.7,455.17,-0.019271,-0.039785
443.8,455.17,-0.015746,-0.036091
446.08,455.17,-0.011507,-0.032471
448.35,455.17,-0.006541,-0.027379
450.45,455.17,-0.001304,-0.021868
452.73,455.17,0.003557,-0.017416
454.83,455.17,0.007797,-0.012937
457.1,455.17,0.011269,-0.009406
459.38,455.17,0.014389,-0.006898
461.48,455.17,0.017106,-0.004224
463.75,455.17,0.019894,-0.001128
466.03,455.17,0.023761,0.00259
468.3,455.17,0.027381,0.006256
470.4,455.17,0.031084,0.010122
472.68,455.17,0.035085,0.013921
474.95,455.17,0.038748,0.017587
477.23,455.17,0.042624,0.021533
479.5,455.17,0.044857,0.02348
481.6,455.17,0.046918,0.025585
484.05,455.17,0.04971,0.027978
486.33,455.17,0.05284,0.031204
488.6,455.17,0.05739,0.03605
490.7,455.17,0.062824,0.041801
492.98,455.17,0.070187,0.048505
495.25,455.17,0.079395,0.057926
497.53,455.17,0.090055,0.068105
499.8,455.17,0.101891,0.080061
501.9,455.17,0.11454,0.092593
504.18,455.17,0.127981,0.10576
506.45,455.17,0.141718,0.119783
508.55,455.17,0.154867,0.132368
510.83,455.17,0.166567,0.144565
513.1,455.17,0.176992,0.154056
515.2,455.17,0.186814,0.163958
517.48,455.17,0.195791,0.173311
519.75,455.17,0.203961,0.181062
522.03,455.17,0.211721,0.188397
524.13,455.17,0.217784,0.194753
526.4,455.17,0.221407,0.197944
528.68,455.17,0.221632,0.198628
530.78,455.17,0.218348,0.195039
533.05,455.17,0.210104,0.187584
535.33,455.17,0.198175,0.175421
537.6,455.17,0.183548,0.160708
539.7,455.17,0.167525,0.145024
541.98,455.17,0.149595,0.127279
544.25,455.17,0.132128,0.109864
546.35,455.17,0.114201,0.092313
548.63,455.17,0.096703,0.07528
550.9,455.17,0.080132,0.058397
553.18,455.17,0.06442,0.043397
555.28,455.17,0.049503,0.0282
557.55,455.17,0.035397,0.014001
559.65,455.17,0.022963,0.001777
561.93,455.17,0.013283,-0.007552
564.2,455.17,0.005538,-0.015315
566.48,455.17,0.000853,-0.020102
568.58,455.17,-0.001652,-0.022096
570.85,455.17,-0.001174,-0.021723
573.13,455.17,0.001108,-0.019582
575.4,455.17,0.0058,-0.015377
577.5,455.17,0.012741,-0.00818
579.78,455.17,0.022575,0.001102
582.05,455.17,0.03519,0.014004
584.33,455.17,0.048899,0.027833
586.43,455.17,0.061241,0.039774
588.7,455.17,0.071894,0.050203
590.98,455.17,0.080434,0.058782
593.25,455.17,0.088277,0.06678
595.35,455.17,0.095135,0.073403
597.63,455.17,0.100985,0.079398
599.73,455.17,0.105689,0.083637
602.0,455.17,0.109386,0.087741
604.28,455.17,0.111888,0.089941
606.38,455.17,0.114583,0.092932
608.65,455.17,0.11662,0.09474
610.93,455.17,0.118868,0.096469
613.2,455.17,0.120532,0.098234
615.3,455.17,0.122584,0.100735
617.58,455.17,0.125064,0.102747
619.85,455.17,0.126989,0.104981
621.95,455.17,0.12922,0.107174
624.23,455.17,0.131786,0.109713
626.5,455.17,0.134075,0.111453
628.78,455.17,0.136108,0.114013
630.88,455.17,0.138049,0.115433
633.15,455.17,0.139331,0.117008
635.25,455.17,0.1399,0.118092
637.53,455.17,0.14015,0.118132
639.8,455.17,0.140631,0.118336
641.9,455.17,0.141425,0.119552
644.35,455.17,0.142571,0.120384
646.63,455.17,0.144562,0.121968
648.73,455.17,0.146373,0.124158
651.0,455.17,0.148767,0.125942
653.28,455.17,0.150646,0.128117
655.55,455.17,0.152621,0.130433
657.83,455.17,0.154022,0.131881
659.93,455.17,0.154805,0.132692
662.2,455.17,0.154445,0.131752
664.48,455.17,0.153656,0.131019
666.58,455.17,0.151595,0.129451
668.85,455.17,0.149728,0.127143
671.3,455.17,0.146462,0.123841
673.58,455.17,0.144007,0.121906
675.85,455.17,0.142054,0.119959
677.95,455.17,0.140856,0.11824
680.4,455.17,0.139876,0.117433
682.5,455.17,0.138542,0.116576
684.78,455.17,0.137873,0.115896
686.88,455.17,0.136811,0.114417
689.15,455.17,0.135048,0.113218
691.43,455.17,0.133653,0.111429
693.7,455.17,0.131225,0.109287
695.8,455.17,0.12917,0.107411
698.08,455.17,0.127544,0.105156
700.35,455.17,0.126995,0.104765
702.63,455.17,0.126096,0.104053
704.9,455.17,0.126003,0.103924
707.0,455.17,0.125584,0.103758
709.28,455.17,0.125175,0.102929
711.55,455.17,0.125218,0.103289
11.38,490.17,0.248206,0.224016
13.65,490.17,0.250954,0.22751
15.75,490.17,0.252892,0.2293
18.03,490.17,0.253837,0.230449
20.3,490.17,0.255088,0.231777
22.58,490.17,0.256431,0.232639
24.68,490.17,0.25824,0.234623
26.95,490.17,0.260273,0.237094
29.05,490.17,0.263268,0.239386
31.33,490.17,0.266287,0.242824
33.6,490.17,0.269216,0.245963
35.88,490.17,0.27263,0.248853
37.98,490.17,0.275097,0.251284
40.25,490.17,0.277593,0.253705
42.53,490.17,0.279118,0.255492
44.8,490.17,0.278874,0.254993
47.08,490.17,0.277211,0.253554
49.18,490.17,0.274139,0.250966
51.45,490.17,0.270905,0.247356
53.55,490.17,0.26808,0.244333
55.83,490.17,0.266176,0.242719
58.1,490.17,0.265812,0.242624
60.2,490.17,0.266644,0.243425
62.48,490.17,0.268816,0.24502
64.75,490.17,0.271786,0.247929
66.85,490.17,0.274845,0.251268
69.13,490.17,0.277439,0.254198
71.23,490.17,0.279392,0.256009
73.5,490.17,0.279879,0.256271
75.78,490.17,0.278991,0.255252
78.05,490.17,0.277725,0.25425
80.15,490.17,0.276511,0.25303
82.43,490.17,0.27552,0.251804
84.53,490.17,0.27486,0.250957
86.98,490.17,0.274506,0.250714
89.08,490.17,0.274352,0.250449
91.35,490.17,0.274873,0.251592
93.45,490.17,0.277242,0.253874
95.73,490.17,0.280088,0.256185
97.83,490.17,0.282852,0.259133
100.28,490.17,0.285122,0.261881
102.55,490.17,0.287072,0.263175
104.65,490.17,0.287522,0.264124
106.93,490.17,0.286595,0.263024
109.2,490.17,0.28535,0.261952
111.3,490.17,0.284213,0.260421
113.58,490.17,0.2836,0.260301
115.85,490.17,0.283816,0.260227
117.95,490.17,0.2843,0.260809
120.23,490.17,0.284152,0.260544
122.5,490.17,0.283825,0.260341
124.6,490.17,0.282996,0.259041
126.7,490.17,0.281398,0.257876
128.98,490.17,0.278844,0.255057
131.25,490.17,0.274755,0.25125
133.53,490.17,0.267984,0.245024
135.98,490.17,0.258548,0.235134
138.25,490.17,0.248351,0.224968
140.35,490.17,0.235858,0.212981
142.63,490.17,0.221706,0.19868
145.08,490.17,0.203628,0.180843
147.18,490.17,0.184164,0.161487
149.45,490.17,0.161305,0.138517
151.73,490.17,0.134201,0.112079
153.83,490.17,0.101912,0.080307
156.1,490.17,0.068976,0.047609
158.38,490.17,0.033376,0.01222
160.65,490.17,-0.003306,-0.023984
162.75,490.17,-0.039153,-0.059255
165.03,490.17,-0.073858,-0.093904
167.3,490.17,-0.107542,-0.127326
169.58,490.17,-0.13985,-0.159156
171.85,490.17,-0.168959,-0.187906
174.13,490.17,-0.194116,-0.213158
176.23,490.17,-0.214865,-0.233602
178.5,490.17,-0.231365,-0.249612
180.78,490.17,-0.241649,-0.260191
182.88,490.17,-0.245811,-0.263947
185.15,490.17,-0.245524,-0.263509
187.43,490.17,-0.241424,-0.259403
189.88,490.17,-0.23245,-0.250872
191.98,490.17,-0.221981,-0.240447
194.25,490.17,-0.209735,-0.228312
196.53,490.17,-0.196168,-0.215053
198.8,490.17,-0.181704,-0.200345
200.73,490.17,-0.165537,-0.184569
203.0,490.17,-0.151088,-0.17009
205.28,490.17,-0.136639,-0.155746
207.55,490.17,-0.121073,-0.140376
209.83,490.17,-0.104945,-0.124468
211.93,490.17,-0.088275,-0.108087
214.2,490.17,-0.071131,-0.091221
216.48,490.17,-0.054914,-0.075386
218.75,490.17,-0.03981,-0.060266
221.03,490.17,-0.025648,-0.046427
223.13,490.17,-0.013257,-0.033926
225.4,490.17,-0.002142,-0.023417
227.68,490.17,0.006749,-0.014055
229.95,490.17,0.013896,-0.006784
232.23,490.17,0.018906,-0.002465
234.5,490.17,0.021694,0.000625
236.6,490.17,0.023644,0.002541
238.7,490.17,0.024318,0.003354
241.15,490.17,0.024334,0.003539
243.25,490.17,0.025058,0.004069
245.53,490.17,0.025649,0.004636
248.15,490.17,0.028046,0.0067
250.43,490.17,0.030782,0.009858
252.7,490.17,0.034241,0.013089
254.8,490.17,0.036746,0.015853
257.25,490.17,0.039556,0.017883
259.53,490.17,0.040976,0.019848
261.63,490.17,0.041811,0.020979
263.9,490.17,0.041755,0.020369
266.18,490.17,0.039673,0.018111
268.45,490.17,0.036241,0.014956
270.55,490.17,0.032818,0.011496
272.83,490.17,0.028822,0.007495
275.1,490.17,0.026016,0.004891
277.2,490.17,0.025449,0.003998
279.48,490.17,0.027368,0.006173
281.58,490.17,0.030495,0.00902
283.85,490.17,0.032877,0.011629
285.95,490.17,0.033594,0.012544
288.23,490.17,0.03088,0.009993
290.5,490.17,0.025486,0.004238
292.78,490.17,0.017288,-0.003867
294.88,490.17,0.007744,-0.013106
297.15,490.17,-0.002228,-0.022943
299.25,490.17,-0.011513,-0.032367
301.53,490.17,-0.020259,-0.040768
303.63,490.17,-0.027835,-0.048217
305.9,490.17,-0.033833,-0.054603
308.18,490.17,-0.039428,-0.059455
310.28,490.17,-0.043047,-0.063414
312.55,490.17,-0.046578,-0.066532
314.83,490.17,-0.049477,-0.069844
316.93,490.17,-0.052832,-0.072712
319.2,490.17,-0.056436,-0.076784
321.3,490.17,-0.061008,-0.081421
323.58,490.17,-0.068057,-0.087755
325.85,490.17,-0.075099,-0.095173
328.13,490.17,-0.083932,-0.103528
330.4,490.17,-0.092687,-0.11232
332.68,490.17,-0.10253,-0.122456
334.78,490.17,-0.112804,-0.132342
337.05,490.17,-0.12391,-0.143411
339.15,490.17,-0.135916,-0.155074
341.25,490.17,-0.148266,-0.167687
343.35,490.17,-0.161575,-0.180842
345.8,490.17,-0.175262,-0.193978
348.08,490.17,-0.18956,-0.208611
350.35,490.17,-0.204735,-0.223707
352.63,490.17,-0.219809,-0.238328
354.9,490.17,-0.234061,-0.252721
357.0,490.17,-0.24854,-0.266778
359.28,490.17,-0.262215,-0.280496
361.55,490.17,-0.274449,-0.29264
363.65,490.17,-0.285234,-0.303084
365.93,490.17,-0.294187,-0.311513
368.2,490.17,-0.301488,-0.319443
370.48,490.17,-0.307594,-0.325438
372.75,490.17,-0.312724,-0.33009
374.85,490.17,-0.31696,-0.33439
377.13,490.17,-0.319877,-0.337385
379.4,490.17,-0.321017,-0.338448
381.5,490.17,-0.321578,-0.338944
383.6,490.17,-0.320462,-0.33789
386.05,490.17,-0.317945,-0.335792
387.98,490.17,-0.313907,-0.331347
390.43,490.17,-0.308136,-0.326026
392.7,490.17,-0.301408,-0.319258
394.98,490.17,-0.292536,-0.310321
397.08,490.17,-0.282841,-0.301048
399.35,490.17,-0.272286,-0.290299
401.45,490.17,-0.261165,-0.279594
403.73,490.17,-0.251433,-0.269698
406.0,490.17,-0.242782,-0.260931
408.28,490.17,-0.234076,-0.252092
410.55,490.17,-0.225432,-0.243657
412.65,490.17,-0.21671,-0.235204
414.93,490.17,-0.209551,-0.228143
417.2,490.17,-0.202299,-0.221257
419.3,490.17,-0.196726,-0.215407
421.58,490.17,-0.191371,-0.210124
423.68,490.17,-0.187391,-0.20618
425.6,490.17,-0.184255,-0.203506
428.23,490.17,-0.182517,-0.201254
430.33,490.17,-0.181128,-0.200459
432.6,490.17,-0.180155,-0.199064
434.88,490.17,-0.179199,-0.197902
437.15,490.17,-0.178161,-0.197474
439.43,490.17,-0.17838,-0.197591
441.7,490.17,-0.177748,-0.197179
443.8,490.17,-0.177382,-0.196301
446.08,490.17,-0.175851,-0.19509
448.35,490.17,-0.174113,-0.193106
450.45,490.17,-0.171846,-0.190962
452.73,490.17,-0.169933,-0.188873
455.0,490.17,-0.168072,-0.187228
457.1,490.17,-0.166479,-0.185228
459.38,490.17,-0.165062,-0.183879
461.65,490.17,-0.162354,-0.18151
463.75,490.17,-0.158836,-0.178355
466.03,490.17,-0.154822,-0.174052
468.3,490.17,-0.14956,-0.16875
470.58,490.17,-0.143352,-0.162819
472.85,490.17,-0.137899,-0.157286
474.95,490.17,-0.133426,-0.153226
477.23,490.17,-0.129763,-0.149495
479.33,490.17,-0.125974,-0.14558
481.6,490.17,-0.122493,-0.142468
483.88,490.17,-0.119794,-0.139394
485.98,490.17,-0.11655,-0.136131
488.25,490.17,-0.112709,-0.132453
490.53,490.17,-0.109736,-0.12928
492.63,490.17,-0.10679,-0.126147
494.9,490.17,-0.104452,-0.124073
497.18,490.17,-0.101747,-0.120996
499.28,490.17,-0.098023,-0.117585
501.55,490.17,-0.093636,-0.113802
503.83,490.17,-0.088488,-0.10866
506.1,490.17,-0.081076,-0.100977
508.2,490.17,-0.072015,-0.091994
510.48,490.17,-0.060916,-0.080897
512.58,490.17,-0.047706,-0.068414
514.85,490.17,-0.034039,-0.054637
517.13,490.17,-0.019816,-0.040189
519.4,490.17,-0.005469,-0.026328
521.5,490.17,0.007362,-0.013694
523.78,490.17,0.018499,-0.002308
525.88,490.17,0.027753,0.006706
528.15,490.17,0.03474,0.013641
530.43,490.17,0.039001,0.017997
532.7,490.17,0.040317,0.019232
534.8,490.17,0.038342,0.017193
537.08,490.17,0.034174,0.012929
539.18,490.17,0.027498,0.006598
541.45,490.17,0.019204,-0.0018
543.73,490.17,0.010612,-0.010629
546.0,490.17,0.001826,-0.018882
548.1,490.17,-0.006831,-0.027573
550.38,490.17,-0.015269,-0.036144
552.48,490.17,-0.023399,-0.044123
554.75,490.17,-0.029434,-0.04985
557.03,490.17,-0.035324,-0.055811
559.3,490.17,-0.039597,-0.060506
561.4,490.17,-0.042696,-0.062977
563.68,490.17,-0.044089,-0.064449
565.95,490.17,-0.044123,-0.064834
568.05,490.17,-0.043242,-0.063571
570.33,490.17,-0.041325,-0.061766
572.43,490.17,-0.037776,-0.058165
574.7,490.17,-0.0322,-0.052367
576.98,490.17,-0.025303,-0.045645
579.08,490.17,-0.016751,-0.037724
581.35,490.17,-0.008654,-0.029181
583.45,490.17,0.000252,-0.020583
585.73,490.17,0.008025,-0.012598
587.83,490.17,0.015492,-0.00537
590.1,490.17,0.021435,0.000714
592.38,490.17,0.027695,0.006524
594.65,490.17,0.033077,0.011743
596.4,490.17,0.037565,0.016413
599.03,490.17,0.042556,0.021346
601.3,490.17,0.047843,0.02666
603.4,490.17,0.053142,0.0321
605.5,490.17,0.059429,0.038114
607.95,490.17,0.065446,0.043921
610.05,490.17,0.071543,0.050039
612.33,490.17,0.077464,0.055788
614.43,490.17,0.082036,0.060298
616.7,490.17,0.086207,0.064771
618.8,490.17,0.090218,0.068329
621.08,490.17,0.092769,0.071321
623.35,490.17,0.09491,0.073108
625.45,490.17,0.096392,0.074512
627.73,490.17,0.097812,0.075606
630.0,490.17,0.098619,0.076734
632.28,490.17,0.099799,0.077972
634.38,490.17,0.101271,0.079328
636.65,490.17,0.104445,0.082809
638.93,490.17,0.108995,0.087593
641.2,490.17,0.113271,0.091256
643.3,490.17,0.117029,0.094657
645.58,490.17,0.119937,0.097886
647.85,490.17,0.122075,0.099648
649.95,490.17,0.124152,0.10214
652.23,490.17,0.125936,0.103875
654.5,490.17,0.126703,0.104725
656.6,490.17,0.127208,0.105612
658.88,490.17,0.128394,0.106382
661.15,490.17,0.129629,0.107439
663.25,490.17,0.131872,0.109691
665.53,490.17,0.134361,0.112649
667.8,490.17,0.137762,0.115686
669.9,490.17,0.140788,0.118181
672.18,490.17,0.142658,0.120498
674.45,490.17,0.144534,0.122362
676.55,490.17,0.145421,0.122876
678.83,490.17,0.146429,0.123915
681.1,490.17,0.147667,0.125569
683.38,490.17,0.14966,0.127294
685.48,490.17,0.151515,0.128785
687.75,490.17,0.15291,0.130652
690.03,490.17,0.154136,0.131447
692.13,490.17,0.154026,0.131579
694.4,490.17,0.153302,0.131139
696.5,490.17,0.152984,0.130381
698.78,490.17,0.152682,0.130628
701.05,490.17,0.153055,0.130618
703.15,490.17,0.153197,0.131154
705.43,490.17,0.153043,0.130523
707.7,490.17,0.151564,0.129392
709.98,490.17,0.150236,0.127849
11.55,525.17,0.149041,0.126037
13.83,525.17,0.132806,0.110433
16.1,525.17,0.116204,0.094096
18.2,525.17,0.101469,0.079691
20.48,525.17,0.089793,0.068311
22.75,525.17,0.080868,0.05946
24.85,525.17,0.074854,0.053394
26.95,525.17,0.070991,0.049352
29.23,525.17,0.068622,0.046952
31.5,525.17,0.068428,0.046906
33.78,525.17,0.0706,0.048862
35.88,525.17,0.073884,0.052504
38.15,525.17,0.079072,0.057208
40.43,525.17,0.084783,0.062766
42.53,525.17,0.091395,0.069608
44.8,525.17,0.09852,0.076573
47.08,525.17,0.105963,0.083869
49.18,525.17,0.112836,0.090458
51.45,525.17,0.120011,0.097954
53.55,525.17,0.127051,0.105184
55.83,525.17,0.135307,0.112929
58.1,525.17,0.14344,0.121315
60.38,525.17,0.152131,0.129941
62.48,525.17,0.160957,0.138659
64.75,525.17,0.169753,0.147214
67.03,525.17,0.176253,0.153856
69.13,525.17,0.180529,0.158209
71.4,525.17,0.183437,0.160963
73.5,525.17,0.185852,0.16316
75.95,525.17,0.187784,0.165039
78.23,525.17,0.190033,0.167297
80.33,525.17,0.193782,0.171225
82.6,525.17,0.197451,0.174669
84.88,525.17,0.201281,0.178721
87.15,525.17,0.204207,0.181595
89.25,525.17,0.206857,0.183955
91.7,525.17,0.208868,0.185889
93.98,525.17,0.209555,0.186709
96.25,525.17,0.210036,0.187365
98.35,525.17,0.21043,0.187901
100.63,525.17,0.211718,0.188523
103.08,525.17,0.213542,0.190523
105.35,525.17,0.216496,0.193591
107.63,525.17,0.219759,0.196847
109.73,525.17,0.22356,0.200778
112.0,525.17,0.227584,0.204179
114.28,525.17,0.231333,0.208089
116.38,525.17,0.234666,0.210917
118.65,525.17,0.237507,0.214216
120.93,525.17,0.24048,0.217294
123.2,525.17,0.244155,0.22072
125.3,525.17,0.246733,0.223154
127.58,525.17,0.249118,0.225476
129.68,525.17,0.250147,0.226826
131.95,525.17,0.250375,0.226866
134.23,525.17,0.249303,0.225862
136.33,525.17,0.245338,0.222257
138.6,525.17,0.238576,0.215489
140.88,525.17,0.230212,0.20682
143.15,525.17,0.218859,0.195603
145.25,525.17,0.205024,0.182134
147.53,525.17,0.18909,0.166311
149.8,525.17,0.172125,0.149247
151.9,525.17,0.151315,0.129294
154.18,525.17,0.126777,0.104925
156.45,525.17,0.098493,0.077051
158.55,525.17,0.068083,0.046943
160.83,525.17,0.0354,0.014479
163.1,525.17,0.001219,-0.019314
165.2,525.17,-0.030608,-0.051264
167.48,525.17,-0.061439,-0.081664
169.75,525.17,-0.090293,-0.110247
171.85,525.17,-0.115953,-0.135416
174.13,525.17,-0.138355,-0.15749
176.4,525.17,-0.159067,-0.177952
178.68,525.17,-0.173824,-0.192939
180.78,525.17,-0.183728,-0.202323
183.05,525.17,-0.188084,-0.206784
185.5,525.17,-0.187219,-0.206519
187.6,525.17,-0.183488,-0.202496
189.88,525.17,-0.17745,-0.196467
191.98,525.17,-0.169717,-0.188596
194.25,525.17,-0.161381,-0.180355
196.53,525.17,-0.152354,-0.17111
198.8,525.17,-0.142721,-0.162095
200.9,525.17,-0.132348,-0.151504
203.18,525.17,-0.119381,-0.139076
205.45,525.17,-0.107154,-0.126763
207.55,525.17,-0.09489,-0.114372
209.83,525.17,-0.083414,-0.103417
211.93,525.17,-0.07371,-0.094036
214.2,525.17,-0.066254,-0.086519
216.48,525.17,-0.059757,-0.079896
218.75,525.17,-0.054018,-0.074526
220.85,525.17,-0.04916,-0.069406
223.13,525.17,-0.044317,-0.064958
225.4,525.17,-0.03969,-0.060195
227.5,525.17,-0.035176,-0.055586
229.78,525.17,-0.030752,-0.051498
232.05,525.17,-0.028121,-0.048842
234.33,525.17,-0.028275,-0.048701
236.6,525.17,-0.030158,-0.050829
238.7,525.17,-0.03472,-0.055413
241.15,525.17,-0.042542,-0.062755
243.25,525.17,-0.052086,-0.072308
245.53,525.17,-0.062632,-0.082573
247.8,525.17,-0.073608,-0.093784
249.9,525.17,-0.084588,-0.10416
252.18,525.17,-0.094837,-0.114924
254.45,525.17,-0.105167,-0.124748
256.73,525.17,-0.115266,-0.135118
258.83,525.17,-0.126609,-0.146174
261.1,525.17,-0.137305,-0.156858
263.2,525.17,-0.149514,-0.168648
265.48,525.17,-0.161014,-0.179757
267.75,525.17,-0.170986,-0.189923
269.85,525.17,-0.180835,-0.199572
272.13,525.17,-0.190355,-0.209338
274.4,525.17,-0.199418,-0.218306
276.5,525.17,-0.208472,-0.226904
278.78,525.17,-0.217074,-0.235869
281.05,525.17,-0.22598,-0.244403
283.15,525.17,-0.234772,-0.253294
285.43,525.17,-0.243947,-0.262465
287.7,525.17,-0.253183,-0.271288
289.98,525.17,-0.260293,-0.278617
292.08,525.17,-0.266516,-0.284856
294.35,525.17,-0.272006,-0.289828
296.63,525.17,-0.275697,-0.293753
298.73,525.17,-0.280071,-0.29753
301.0,525.17,-0.284199,-0.302154
303.1,525.17,-0.288808,-0.307027
305.38,525.17,-0.292936,-0.310786
307.48,525.17,-0.296978,-0.314406
309.75,525.17,-0.30009,-0.317887
312.03,525.17,-0.303355,-0.320934
314.3,525.17,-0.305958,-0.323278
316.4,525.17,-0.308669,-0.326316
318.68,525.17,-0.311522,-0.329282
320.95,525.17,-0.314264,-0.331642
323.23,525.17,-0.316716,-0.33403
325.33,525.17,-0.319168,-0.336762
327.6,525.17,-0.320475,-0.337998
329.88,525.17,-0.322027,-0.339686
332.15,525.17,-0.323315,-0.340851
334.25,525.17,-0.325167,-0.342449
336.53,525.17,-0.326799,-0.344353
338.8,525.17,-0.329378,-0.347274
340.9,525.17,-0.332856,-0.349976
343.18,525.17,-0.336704,-0.353645
345.45,525.17,-0.341488,-0.358672
347.73,525.17,-0.347332,-0.364729
349.83,525.17,-0.353765,-0.37094
352.1,525.17,-0.361855,-0.378512
354.38,525.17,-0.370222,-0.386904
356.48,525.17,-0.379233,-0.395798
358.75,525.17,-0.388728,-0.405231
361.03,525.17,-0.398269,-0.414929
363.48,525.17,-0.41024,-0.426716
365.75,525.17,-0.420296,-0.437052
367.85,525.17,-0.430305,-0.446929
370.13,525.17,-0.440271,-0.456448
372.58,525.17,-0.451069,-0.466845
374.85,525.17,-0.458996,-0.475182
377.13,525.17,-0.466531,-0.482129
379.4,525.17,-0.473028,-0.488949
381.68,525.17,-0.478657,-0.494295
383.95,525.17,-0.483675,-0.499449
386.23,525.17,-0.487468,-0.502785
388.33,525.17,-0.489673,-0.50524
390.6,525.17,-0.491124,-0.506781
392.88,525.17,-0.491725,-0.507381
394.98,525.17,-0.490813,-0.506565
397.25,525.17,-0.489673,-0.505567
399.53,525.17,-0.488922,-0.504381
401.8,525.17,-0.487224,-0.503102
403.9,525.17,-0.485555,-0.501728
406.18,525.17,-0.484362,-0.500336
408.45,525.17,-0.48288,-0.498823
410.73,525.17,-0.481232,-0.497458
412.83,525.17,-0.480123,-0.495736
415.1,525.17,-0.478081,-0.494113
417.38,525.17,-0.477144,-0.492961
419.48,525.17,-0.475813,-0.491608
421.75,525.17,-0.475231,-0.49118
424.03,525.17,-0.474584,-0.490499
426.13,525.17,-0.474375,-0.490314
428.4,525.17,-0.474935,-0.490829
430.68,525.17,-0.475524,-0.491556
432.95,525.17,-0.475798,-0.492135
435.05,525.17,-0.476445,-0.492381
437.5,525.17,-0.476722,-0.492582
439.78,525.17,-0.47695,-0.492865
442.05,525.17,-0.477224,-0.493081
444.15,525.17,-0.477406,-0.49285
446.43,525.17,-0.476565,-0.492557
448.7,525.17,-0.475641,-0.491778
450.98,525.17,-0.473863,-0.490065
453.08,525.17,-0.471916,-0.487973
455.35,525.17,-0.469963,-0.485776
457.45,525.17,-0.467301,-0.483124
459.9,525.17,-0.465247,-0.481346
462.0,525.17,-0.462474,-0.478795
464.28,525.17,-0.459637,-0.475511
466.55,525.17,-0.456149,-0.472357
468.83,525.17,-0.452508,-0.468925
471.1,525.17,-0.448272,-0.464695
473.2,525.17,-0.44378,-0.460333
475.48,525.17,-0.43963,-0.455838
477.75,525.17,-0.433484,-0.449449
480.03,525.17,-0.427061,-0.443238
482.13,525.17,-0.418999,-0.435142
484.4,525.17,-0.410431,-0.426919
486.68,525.17,-0.402865,-0.419307
488.95,525.17,-0.396713,-0.413223
491.05,525.17,-0.39061,-0.407409
493.5,525.17,-0.384723,-0.401858
495.78,525.17,-0.380213,-0.397064
498.05,525.17,-0.374985,-0.391913
500.33,525.17,-0.369942,-0.387268
502.43,525.17,-0.364855,-0.381978
504.7,525.17,-0.358525,-0.375354
506.98,525.17,-0.350727,-0.368186
509.25,525.17,-0.34232,-0.359412
511.35,525.17,-0.332853,-0.350422
513.63,525.17,-0.321963,-0.339458
515.9,525.17,-0.311494,-0.329529
518.0,525.17,-0.301599,-0.319436
520.28,525.17,-0.292542,-0.310046
522.38,525.17,-0.283472,-0.301593
524.65,525.17,-0.273531,-0.291559
526.93,525.17,-0.263001,-0.280724
529.03,525.17,-0.252884,-0.271119
531.3,525.17,-0.24321,-0.261368
533.58,525.17,-0.235826,-0.253934
535.68,525.17,-0.230065,-0.248284
537.95,525.17,-0.226781,-0.24521
540.05,525.17,-0.225746,-0.244298
542.33,525.17,-0.226544,-0.244584
544.6,525.17,-0.227989,-0.246217
546.88,525.17,-0.230838,-0.249286
549.33,525.17,-0.234218,-0.252406
551.6,525.17,-0.237391,-0.256082
553.88,525.17,-0.240721,-0.259051
556.15,525.17,-0.243235,-0.261997
558.43,525.17,-0.245755,-0.264076
560.7,525.17,-0.246744,-0.264899
562.98,525.17,-0.247194,-0.265783
565.08,525.17,-0.247832,-0.2663
567.35,525.17,-0.248916,-0.266796
569.63,525.17,-0.249711,-0.267764
571.73,525.17,-0.250644,-0.268925
574.0,525.17,-0.251784,-0.270108
576.28,525.17,-0.25277,-0.270811
578.38,525.17,-0.252246,-0.270888
580.65,525.17,-0.251171,-0.269224
582.93,525.17,-0.248482,-0.266972
585.03,525.17,-0.245361,-0.263639
587.3,525.17,-0.240216,-0.258971
589.58,525.17,-0.232773,-0.251257
591.68,525.17,-0.224489,-0.242736
593.95,525.17,-0.214954,-0.233907
596.23,525.17,-0.205811,-0.224708
598.5,525.17,-0.197311,-0.215786
600.6,525.17,-0.189246,-0.207983
602.88,525.17,-0.181867,-0.201273
604.98,525.17,-0.175614,-0.194702
607.25,525.17,-0.170047,-0.188987
609.53,525.17,-0.164911,-0.183993
611.8,525.17,-0.159335,-0.178651
614.08,525.17,-0.153543,-0.172397
616.35,525.17,-0.147493,-0.166824
618.45,525.17,-0.140851,-0.160447
620.73,525.17,-0.134132,-0.153454
623.0,525.17,-0.127052,-0.146806
625.28,525.17,-0.120891,-0.140506
627.38,525.17,-0.114745,-0.134692
629.65,525.17,-0.107462,-0.127212
631.93,525.17,-0.100392,-0.120284
634.03,525.17,-0.091769,-0.111661
636.3,525.17,-0.083109,-0.103383
638.58,525.17,-0.074964,-0.094954
640.68,525.17,-0.067077,-0.087191
642.95,525.17,-0.059489,-0.079748
645.23,525.17,-0.052823,-0.07326
647.5,525.17,-0.04599,-0.066778
649.6,525.17,-0.039511,-0.060022
651.88,525.17,-0.03196,-0.05277
654.15,525.17,-0.025096,-0.045743
656.43,525.17,-0.019012,-0.039649
658.53,525.17,-0.013935,-0.034686
660.63,525.17,-0.01111,-0.031723
662.9,525.17,-0.008559,-0.029523
665.18,525.17,-0.00672,-0.027511
667.45,525.17,-0.005275,-0.026218
669.73,525.17,-0.00432,-0.025429
671.83,525.17,-0.003537,-0.024267
674.1,525.17,-0.003038,-0.023935
676.38,525.17,-0.002681,-0.023599
678.65,525.17,-0.002604,-0.023316
680.75,525.17,-0.002321,-0.022755
683.03,525.17,-0.001325,-0.0222
685.13,525.17,0.000437,-0.020053
687.4,525.17,0.002892,-0.017832
689.68,525.17,0.005665,-0.015552
691.78,525.17,0.008015,-0.013131
694.05,525.17,0.010246,-0.010574
696.15,525.17,0.01235,-0.008309
698.6,525.17,0.014762,-0.006165
700.7,525.17,0.018105,-0.00334
702.98,525.17,0.021524,0.000292
705.08,525.17,0.025338,0.004688
707.35,525.17,0.029177,0.008403
709.63,525.17,0.032451,0.011053
11.55,560.17,-0.014224,-0.03525
13.83,560.17,-0.011267,-0.032447
16.1,560.17,-0.007166,-0.027866
18.2,560.17,-0.001347,-0.022247
20.65,560.17,0.004482,-0.016738
22.75,560.17,0.010563,-0.010179
25.03,560.17,0.016287,-0.004807
27.3,560.17,0.021044,-9.6e-05
29.4,560.17,0.025954,0.004978
31.68,560.17,0.031028,0.010012
33.95,560.17,0.035933,0.01511
36.23,560.17,0.041127,0.019657
38.33,560.17,0.044509,0.023222
40.6,560.17,0.046496,0.024959
42.88,560.17,0.046764,0.025723
45.15,560.17,0.046774,0.02539
47.25,560.17,0.046663,0.025326
49.53,560.17,0.046071,0.024559
51.8,560.17,0.046382,0.025227
53.9,560.17,0.047612,0.026416
56.18,560.17,0.049429,0.028342
58.45,560.17,0.05194,0.03052
60.55,560.17,0.055005,0.033813
62.83,560.17,0.058499,0.037236
65.1,560.17,0.061299,0.039611
67.2,560.17,0.062766,0.041074
69.48,560.17,0.063653,0.042054
71.75,560.17,0.064328,0.042716
73.85,560.17,0.065055,0.043447
76.13,560.17,0.065233,0.044121
78.4,560.17,0.065372,0.043844
80.5,560.17,0.065042,0.043564
82.78,560.17,0.065169,0.043585
85.05,560.17,0.06532,0.043909
87.33,560.17,0.066342,0.044965
89.6,560.17,0.06893,0.047109
91.88,560.17,0.07243,0.050239
94.15,560.17,0.075951,0.054368
96.25,560.17,0.07978,0.05791
98.53,560.17,0.082639,0.060588
100.98,560.17,0.084968,0.062954
103.25,560.17,0.086398,0.065058
105.53,560.17,0.087442,0.065997
107.63,560.17,0.089195,0.067701
110.08,560.17,0.092091,0.069861
112.35,560.17,0.094586,0.072756
114.63,560.17,0.097322,0.075982
116.73,560.17,0.101056,0.079093
119.0,560.17,0.104743,0.082587
121.28,560.17,0.106989,0.085455
123.55,560.17,0.108776,0.086613
125.83,560.17,0.108437,0.086426
127.93,560.17,0.106512,0.084448
130.2,560.17,0.104019,0.081801
132.3,560.17,0.100504,0.079001
134.58,560.17,0.096068,0.074291
136.85,560.17,0.090085,0.068289
138.95,560.17,0.080283,0.058434
141.23,560.17,0.06536,0.044013
143.5,560.17,0.045622,0.024525
145.6,560.17,0.020196,-0.000577
147.88,560.17,-0.009576,-0.029948
150.15,560.17,-0.041017,-0.061433
152.43,560.17,-0.076692,-0.096667
154.53,560.17,-0.113697,-0.132927
156.8,560.17,-0.150731,-0.169732
159.08,560.17,-0.188343,-0.207178
161.18,560.17,-0.223146,-0.241769
163.45,560.17,-0.256898,-0.274893
165.73,560.17,-0.289514,-0.307317
167.83,560.17,-0.317594,-0.334717
170.1,560.17,-0.342536,-0.359754
172.38,560.17,-0.365582,-0.382292
174.65,560.17,-0.383361,-0.40028
176.75,560.17,-0.396775,-0.413179
179.03,560.17,-0.406254,-0.422896
181.13,560.17,-0.411833,-0.428531
183.4,560.17,-0.413808,-0.430407
185.68,560.17,-0.412526,-0.428715
187.78,560.17,-0.4074,-0.424295
190.05,560.17,-0.399258,-0.416001
192.33,560.17,-0.387594,-0.404156
194.43,560.17,-0.372209,-0.38947
196.7,560.17,-0.354335,-0.371202
198.98,560.17,-0.334714,-0.352055
201.25,560.17,-0.314215,-0.331929
203.35,560.17,-0.2944,-0.311713
205.63,560.17,-0.273731,-0.291689
207.9,560.17,-0.253137,-0.271137
210.0,560.17,-0.235056,-0.253069
212.28,560.17,-0.21879,-0.237058
214.55,560.17,-0.204939,-0.223297
216.83,560.17,-0.192499,-0.211368
218.93,560.17,-0.180333,-0.199766
221.2,560.17,-0.168762,-0.187989
223.48,560.17,-0.158399,-0.177727
225.58,560.17,-0.149409,-0.168716
227.85,560.17,-0.140802,-0.159791
230.13,560.17,-0.133288,-0.153226
232.23,560.17,-0.127018,-0.146886
234.5,560.17,-0.122092,-0.141951
236.78,560.17,-0.118867,-0.138423
239.05,560.17,-0.116741,-0.136097
241.15,560.17,-0.114883,-0.134643
243.43,560.17,-0.114868,-0.134471
245.53,560.17,-0.11428,-0.133851
247.8,560.17,-0.113189,-0.13318
250.08,560.17,-0.110993,-0.130558
252.35,560.17,-0.107672,-0.127829
254.63,560.17,-0.105463,-0.12533
256.73,560.17,-0.104286,-0.123965
259.0,560.17,-0.103457,-0.122813
261.28,560.17,-0.103026,-0.122573
263.38,560.17,-0.103392,-0.123146
265.65,560.17,-0.105022,-0.125007
267.93,560.17,-0.107548,-0.127105
270.2,560.17,-0.109985,-0.129428
272.3,560.17,-0.111904,-0.132092
274.58,560.17,-0.113855,-0.133448
276.85,560.17,-0.115164,-0.134887
279.13,560.17,-0.115946,-0.135358
281.23,560.17,-0.115712,-0.135423
283.5,560.17,-0.114449,-0.133895
285.78,560.17,-0.113235,-0.132684
287.88,560.17,-0.111495,-0.130854
290.15,560.17,-0.110435,-0.129924
292.43,560.17,-0.109625,-0.129545
294.53,560.17,-0.109243,-0.129347
296.8,560.17,-0.108694,-0.12866
299.08,560.17,-0.107912,-0.127983
301.18,560.17,-0.106445,-0.126516
303.45,560.17,-0.10505,-0.124622
305.73,560.17,-0.101636,-0.121458
307.83,560.17,-0.097724,-0.117764
310.1,560.17,-0.092693,-0.112333
312.38,560.17,-0.086843,-0.106948
314.48,560.17,-0.080413,-0.100515
316.75,560.17,-0.073072,-0.092946
319.03,560.17,-0.064689,-0.084868
321.13,560.17,-0.055688,-0.075632
323.4,560.17,-0.045592,-0.065839
325.5,560.17,-0.035142,-0.055666
327.78,560.17,-0.025441,-0.046119
330.05,560.17,-0.017595,-0.038189
332.33,560.17,-0.011208,-0.031717
334.43,560.17,-0.00712,-0.02785
336.7,560.17,-0.004754,-0.026045
338.98,560.17,-0.005158,-0.026085
341.25,560.17,-0.008531,-0.029406
343.53,560.17,-0.013929,-0.034551
345.63,560.17,-0.02281,-0.043078
347.9,560.17,-0.032998,-0.053833
350.18,560.17,-0.045518,-0.0657
352.45,560.17,-0.059166,-0.079329
354.55,560.17,-0.074264,-0.093993
356.83,560.17,-0.089557,-0.109292
358.93,560.17,-0.104754,-0.124243
361.2,560.17,-0.119363,-0.138728
363.48,560.17,-0.135185,-0.154409
365.75,560.17,-0.151473,-0.170885
367.85,560.17,-0.168925,-0.18797
370.13,560.17,-0.18748,-0.205925
372.4,560.17,-0.204113,-0.222751
374.5,560.17,-0.218959,-0.237634
376.78,560.17,-0.232132,-0.250259
379.05,560.17,-0.244181,-0.262299
381.33,560.17,-0.25387,-0.272403
383.6,560.17,-0.261054,-0.279215
385.88,560.17,-0.267129,-0.285348
387.98,560.17,-0.272332,-0.290367
390.25,560.17,-0.276756,-0.294871
392.53,560.17,-0.280863,-0.298814
394.63,560.17,-0.285157,-0.303035
396.9,560.17,-0.289591,-0.307089
399.18,560.17,-0.292872,-0.310626
401.45,560.17,-0.296285,-0.31427
403.55,560.17,-0.299535,-0.317138
405.83,560.17,-0.302154,-0.320142
407.93,560.17,-0.304199,-0.321541
410.2,560.17,-0.304726,-0.322594
412.48,560.17,-0.305327,-0.322794
414.75,560.17,-0.304936,-0.322613
416.85,560.17,-0.303275,-0.321319
419.13,560.17,-0.301165,-0.318934
421.4,560.17,-0.298577,-0.316122
423.5,560.17,-0.295142,-0.312973
425.78,560.17,-0.292339,-0.310256
428.05,560.17,-0.289976,-0.307453
430.15,560.17,-0.288053,-0.305521
432.43,560.17,-0.285792,-0.303796
434.53,560.17,-0.284421,-0.302034
436.63,560.17,-0.283555,-0.30138
439.08,560.17,-0.28318,-0.300506
441.35,560.17,-0.282151,-0.299976
443.45,560.17,-0.281353,-0.298931
445.73,560.17,-0.280241,-0.297918
448.0,560.17,-0.278888,-0.29708
450.1,560.17,-0.278389,-0.2961
452.38,560.17,-0.277705,-0.295358
454.65,560.17,-0.277,-0.294889
456.93,560.17,-0.276769,-0.295
459.03,560.17,-0.276975,-0.294942
461.3,560.17,-0.277203,-0.295213
463.58,560.17,-0.277305,-0.295355
465.85,560.17,-0.278093,-0.295894
467.95,560.17,-0.278839,-0.296504
470.23,560.17,-0.279233,-0.297505
472.5,560.17,-0.280543,-0.298466
474.6,560.17,-0.281035,-0.298768
476.88,560.17,-0.281649,-0.299335
479.15,560.17,-0.281427,-0.298867
481.25,560.17,-0.28102,-0.298996
483.53,560.17,-0.280059,-0.297634
485.63,560.17,-0.278161,-0.295998
487.9,560.17,-0.274606,-0.293032
490.18,560.17,-0.269979,-0.288001
492.1,560.17,-0.2631,-0.281402
494.55,560.17,-0.254606,-0.273263
496.83,560.17,-0.244911,-0.2631
498.93,560.17,-0.234501,-0.252545
501.03,560.17,-0.22256,-0.241365
503.48,560.17,-0.211796,-0.230586
505.75,560.17,-0.201057,-0.219418
508.03,560.17,-0.190386,-0.20932
510.3,560.17,-0.179156,-0.198426
512.58,560.17,-0.168263,-0.187872
514.68,560.17,-0.158947,-0.177973
516.95,560.17,-0.150749,-0.169769
519.23,560.17,-0.143134,-0.162881
521.33,560.17,-0.136381,-0.155786
523.6,560.17,-0.130614,-0.150352
525.88,560.17,-0.124757,-0.144406
528.15,560.17,-0.119899,-0.139237
530.25,560.17,-0.116048,-0.135426
532.53,560.17,-0.113781,-0.133513
534.63,560.17,-0.113993,-0.133895
536.9,560.17,-0.116803,-0.136621
539.18,560.17,-0.121362,-0.140549
541.28,560.17,-0.127977,-0.147102
543.55,560.17,-0.135515,-0.154985
545.83,560.17,-0.145161,-0.164412
548.1,560.17,-0.154973,-0.17423
550.2,560.17,-0.164967,-0.184298
552.48,560.17,-0.174369,-0.19306
554.75,560.17,-0.182114,-0.20106
557.03,560.17,-0.189501,-0.208047
559.3,560.17,-0.194443,-0.213201
561.4,560.17,-0.197638,-0.216091
563.68,560.17,-0.198827,-0.217607
566.13,560.17,-0.199212,-0.218137
568.4,560.17,-0.19748,-0.216227
570.5,560.17,-0.195327,-0.213885
572.78,560.17,-0.191639,-0.21057
575.23,560.17,-0.186485,-0.20565
577.5,560.17,-0.182234,-0.200897
579.78,560.17,-0.178109,-0.197434
582.05,560.17,-0.174082,-0.192909
584.5,560.17,-0.168824,-0.188315
586.6,560.17,-0.164779,-0.18415
588.88,560.17,-0.159421,-0.178654
591.15,560.17,-0.154363,-0.173312
593.6,560.17,-0.147308,-0.166606
595.88,560.17,-0.141285,-0.160487
598.15,560.17,-0.135543,-0.154831
600.25,560.17,-0.130059,-0.149169
602.53,560.17,-0.124797,-0.144015
604.8,560.17,-0.119501,-0.138996
606.9,560.17,-0.115299,-0.13484
609.18,560.17,-0.110989,-0.130838
611.45,560.17,-0.107277,-0.127028
613.55,560.17,-0.104609,-0.12431
615.83,560.17,-0.10172,-0.121165
618.1,560.17,-0.099477,-0.119224
620.2,560.17,-0.097859,-0.117508
622.48,560.17,-0.096529,-0.116445
624.75,560.17,-0.096664,-0.116245
627.03,560.17,-0.096806,-0.116452
629.13,560.17,-0.096353,-0.116415
631.4,560.17,-0.095438,-0.115204
633.68,560.17,-0.093972,-0.114064
635.95,560.17,-0.091784,-0.111449
638.23,560.17,-0.089384,-0.109739
640.33,560.17,-0.086624,-0.106467
642.6,560.17,-0.083645,-0.103898
644.88,560.17,-0.081581,-0.101452
646.98,560.17,-0.08021,-0.100004
649.25,560.17,-0.079739,-0.099514
651.35,560.17,-0.078892,-0.099006
653.63,560.17,-0.078506,-0.098306
655.9,560.17,-0.078238,-0.0985
658.18,560.17,-0.078315,-0.098115
660.28,560.17,-0.078158,-0.098288
662.55,560.17,-0.077314,-0.097022
664.83,560.17,-0.075974,-0.095737
667.1,560.17,-0.074502,-0.094538
669.2,560.17,-0.073177,-0.093399
671.48,560.17,-0.07233,-0.092246
673.58,560.17,-0.071027,-0.091378
675.85,560.17,-0.070139,-0.090324
678.13,560.17,-0.0692,-0.089384
680.4,560.17,-0.068195,-0.088556
682.68,560.17,-0.06761,-0.087746
684.78,560.17,-0.06667,-0.087225
687.05,560.17,-0.066365,-0.086544
689.33,560.17,-0.064958,-0.084893
691.25,560.17,-0.063482,-0.083787
693.7,560.17,-0.061584,-0.081948
695.8,560.17,-0.059406,-0.079384
698.08,560.17,-0.056621,-0.077136
700.35,560.17,-0.053682,-0.073827
702.45,560.17,-0.050759,-0.071267
704.73,560.17,-0.047872,-0.06789
707.0,560.17,-0.044283,-0.064671
709.1,560.17,-0.041442,-0.061661
711.38,560.17,-0.037795,-0.05854
12.08,595.17,0.076934,0.05442
14.35,595.17,0.081475,0.05962
16.8,595.17,0.085963,0.064386
18.9,595.17,0.090082,0.068477
21.18,595.17,0.094263,0.072541
23.45,595.17,0.098505,0.07694
25.55,595.17,0.103379,0.081361
27.83,595.17,0.108425,0.086558
29.93,595.17,0.112608,0.090652
32.2,595.17,0.116527,0.094654
34.48,595.17,0.12011,0.098129
36.58,595.17,0.123403,0.101176
38.85,595.17,0.125467,0.10353
40.95,595.17,0.127097,0.104796
43.23,595.17,0.128061,0.106077
45.5,595.17,0.128526,0.106509
47.6,595.17,0.129026,0.106771
49.88,595.17,0.129577,0.107695
52.15,595.17,0.130911,0.108681
54.43,595.17,0.133222,0.110785
56.53,595.17,0.136795,0.114891
58.8,595.17,0.142322,0.119848
60.9,595.17,0.148169,0.125443
63.18,595.17,0.154226,0.132035
65.45,595.17,0.159232,0.136851
67.73,595.17,0.163058,0.14036
70.0,595.17,0.165209,0.142778
72.1,595.17,0.166487,0.144198
74.38,595.17,0.167183,0.144488
76.65,595.17,0.16694,0.144688
78.75,595.17,0.166197,0.143533
81.03,595.17,0.165128,0.14238
83.3,595.17,0.163591,0.141459
85.4,595.17,0.162313,0.139839
87.68,595.17,0.160899,0.138499
89.95,595.17,0.161607,0.139192
92.05,595.17,0.162695,0.140178
94.33,595.17,0.163754,0.141259
96.43,595.17,0.165578,0.142762
98.7,595.17,0.166767,0.144377
100.98,595.17,0.168332,0.1454
103.08,595.17,0.169395,0.146564
105.35,595.17,0.170119,0.147414
107.63,595.17,0.170532,0.147997
109.9,595.17,0.170748,0.148419
112.18,595.17,0.169863,0.147337
114.28,595.17,0.168893,0.146077
116.55,595.17,0.167048,0.143958
118.65,595.17,0.164435,0.142008
120.93,595.17,0.161336,0.139019
123.2,595.17,0.157981,0.135782
125.3,595.17,0.15377,0.131105
127.58,595.17,0.147833,0.125165
129.68,595.17,0.138714,0.116666
131.95,595.17,0.12544,0.10361
134.23,595.17,0.108049,0.086284
136.5,595.17,0.087079,0.065341
138.6,595.17,0.062932,0.041903
140.88,595.17,0.035227,0.014063
142.98,595.17,0.004078,-0.016945
145.25,595.17,-0.029727,-0.049862
147.53,595.17,-0.065586,-0.08578
149.63,595.17,-0.104483,-0.123996
151.9,595.17,-0.145327,-0.164905
154.18,595.17,-0.188112,-0.207086
156.28,595.17,-0.229822,-0.248272
158.55,595.17,-0.270918,-0.288904
160.83,595.17,-0.311374,-0.328589
162.93,595.17,-0.346371,-0.363617
165.2,595.17,-0.379674,-0.396479
167.48,595.17,-0.407418,-0.423712
169.75,595.17,-0.432243,-0.448515
172.03,595.17,-0.449439,-0.465142
174.13,595.17,-0.461741,-0.477711
176.4,595.17,-0.469942,-0.485459
178.68,595.17,-0.473367,-0.489396
180.78,595.17,-0.472597,-0.488383
183.05,595.17,-0.4685,-0.48399
185.33,595.17,-0.46024,-0.476217
187.43,595.17,-0.449707,-0.465995
189.7,595.17,-0.435998,-0.451827
191.8,595.17,-0.419051,-0.435709
194.08,595.17,-0.399837,-0.416177
196.35,595.17,-0.376735,-0.393768
198.45,595.17,-0.350758,-0.367773
200.73,595.17,-0.3222,-0.339646
203.0,595.17,-0.293454,-0.311414
205.1,595.17,-0.264206,-0.281926
207.38,595.17,-0.235361,-0.253377
209.65,595.17,-0.208885,-0.227819
211.75,595.17,-0.184033,-0.20313
214.03,595.17,-0.160949,-0.180404
216.3,595.17,-0.139902,-0.159437
218.4,595.17,-0.120993,-0.140743
220.68,595.17,-0.102681,-0.122348
222.95,595.17,-0.083429,-0.103516
225.05,595.17,-0.064961,-0.085367
227.33,595.17,-0.048112,-0.068174
229.43,595.17,-0.032206,-0.053044
231.7,595.17,-0.017992,-0.038507
233.98,595.17,-0.005087,-0.025728
236.25,595.17,0.008308,-0.012364
238.53,595.17,0.02129,0.0002
240.8,595.17,0.034602,0.013305
242.9,595.17,0.04592,0.02426
245.18,595.17,0.056031,0.034688
247.45,595.17,0.064571,0.042883
249.55,595.17,0.072673,0.050865
251.83,595.17,0.080042,0.058064
254.1,595.17,0.08734,0.065896
256.38,595.17,0.09466,0.072803
258.48,595.17,0.101296,0.079189
260.75,595.17,0.106712,0.084987
262.85,595.17,0.111007,0.089174
265.13,595.17,0.114232,0.092325
267.4,595.17,0.115624,0.093761
269.68,595.17,0.116265,0.094494
271.78,595.17,0.116758,0.094747
274.05,595.17,0.117535,0.095464
276.33,595.17,0.118853,0.096703
278.43,595.17,0.121607,0.099432
280.7,595.17,0.126244,0.103659
282.98,595.17,0.131105,0.108702
285.08,595.17,0.1367,0.114078
287.35,595.17,0.142211,0.119971
289.45,595.17,0.147393,0.124559
291.73,595.17,0.15247,0.130369
293.83,595.17,0.15795,0.135474
296.1,595.17,0.163782,0.141552
298.38,595.17,0.172091,0.14938
300.48,595.17,0.182809,0.159845
302.75,595.17,0.196897,0.174161
305.03,595.17,0.214358,0.191231
307.13,595.17,0.231271,0.207753
309.05,595.17,0.247485,0.223902
311.68,595.17,0.261438,0.238061
313.78,595.17,0.273782,0.250141
316.05,595.17,0.284882,0.260994
318.33,595.17,0.294906,0.27067
320.43,595.17,0.303717,0.279845
322.7,595.17,0.3121,0.288052
324.8,595.17,0.320051,0.29596
327.08,595.17,0.327836,0.303264
329.35,595.17,0.334768,0.310698
331.45,595.17,0.34015,0.315649
333.73,595.17,0.342377,0.318178
336.0,595.17,0.343665,0.319102
338.1,595.17,0.342556,0.318403
340.38,595.17,0.339364,0.31502
342.65,595.17,0.333418,0.308739
344.75,595.17,0.325073,0.300677
347.03,595.17,0.313187,0.288834
349.3,595.17,0.298988,0.274943
351.4,595.17,0.281585,0.257947
353.68,595.17,0.261681,0.237861
355.78,595.17,0.23742,0.214004
358.05,595.17,0.211558,0.188268
360.33,595.17,0.184894,0.162063
362.43,595.17,0.159327,0.137177
364.7,595.17,0.135227,0.113141
366.98,595.17,0.112473,0.09047
369.08,595.17,0.091749,0.069589
371.35,595.17,0.073527,0.052267
373.63,595.17,0.058431,0.037211
375.73,595.17,0.047892,0.026968
378.0,595.17,0.041506,0.020301
380.1,595.17,0.03788,0.016305
382.38,595.17,0.036228,0.015184
384.65,595.17,0.036379,0.015501
386.75,595.17,0.038215,0.017421
389.03,595.17,0.041151,0.019744
391.13,595.17,0.044075,0.022378
393.4,595.17,0.046965,0.025597
395.68,595.17,0.050079,0.028557
397.95,595.17,0.052578,0.031056
400.05,595.17,0.055726,0.034207
402.33,595.17,0.058976,0.037248
404.43,595.17,0.062476,0.041164
406.7,595.17,0.067146,0.0454
408.98,595.17,0.071013,0.049386
411.25,595.17,0.074626,0.052778
413.35,595.17,0.076342,0.05479
415.63,595.17,0.076931,0.055578
417.9,595.17,0.076746,0.055326
420.0,595.17,0.076838,0.054999
422.28,595.17,0.076755,0.055347
424.38,595.17,0.076573,0.054854
426.65,595.17,0.076644,0.055541
428.93,595.17,0.077532,0.055628
431.2,595.17,0.078049,0.056321
433.48,595.17,0.079207,0.057399
435.75,595.17,0.080052,0.058228
437.85,595.17,0.080557,0.059038
439.95,595.17,0.081114,0.059056
442.23,595.17,0.081025,0.059405
444.5,595.17,0.079885,0.058616
446.78,595.17,0.079084,0.057427
448.88,595.17,0.077464,0.055809
451.15,595.17,0.074836,0.053299
453.25,595.17,0.072032,0.050397
455.53,595.17,0.069075,0.047809
457.8,595.17,0.067562,0.045766
459.9,595.17,0.066506,0.044802
462.18,595.17,0.066509,0.04478
464.45,595.17,0.067177,0.045834
466.55,595.17,0.068265,0.046475
468.65,595.17,0.068702,0.046946
471.1,595.17,0.069525,0.047559
473.2,595.17,0.069907,0.048243
475.48,595.17,0.070649,0.049241
477.58,595.17,0.071336,0.049673
479.85,595.17,0.072796,0.051176
482.13,595.17,0.074922,0.053514
484.23,595.17,0.078141,0.056484
486.5,595.17,0.080923,0.059161
488.6,595.17,0.084688,0.063123
490.88,595.17,0.089777,0.06788
493.15,595.17,0.095159,0.073493
495.43,595.17,0.101077,0.079475
497.53,595.17,0.107119,0.08482
499.8,595.17,0.111758,0.089756
502.08,595.17,0.116093,0.093865
504.18,595.17,0.118483,0.096629
506.45,595.17,0.120566,0.098425
508.73,595.17,0.120224,0.098262
510.83,595.17,0.119238,0.097288
513.1,595.17,0.117014,0.095184
515.55,595.17,0.114072,0.091801
517.83,595.17,0.110116,0.088406
520.1,595.17,0.105467,0.083089
522.38,595.17,0.099531,0.077944
524.48,595.17,0.093696,0.071456
526.75,595.17,0.085486,0.064056
529.03,595.17,0.076481,0.054824
531.13,595.17,0.065363,0.044069
533.4,595.17,0.052852,0.031444
535.5,595.17,0.038123,0.017177
537.78,595.17,0.021731,0.000769
540.05,595.17,0.00475,-0.016507
542.33,595.17,-0.012786,-0.03326
544.43,595.17,-0.030031,-0.050759
546.7,595.17,-0.047136,-0.0679
548.8,595.17,-0.063439,-0.083639
551.08,595.17,-0.077339,-0.097564
553.35,595.17,-0.089988,-0.109696
555.63,595.17,-0.099511,-0.118947
557.73,595.17,-0.105829,-0.125885
560.0,595.17,-0.111082,-0.130706
562.28,595.17,-0.113728,-0.133131
564.55,595.17,-0.114723,-0.134113
566.65,595.17,-0.113112,-0.133161
568.93,595.17,-0.109708,-0.128978
571.2,595.17,-0.104132,-0.123898
573.3,595.17,-0.096627,-0.116455
575.58,595.17,-0.087727,-0.107909
577.68,595.17,-0.077305,-0.097363
579.95,595.17,-0.065207,-0.085232
582.23,595.17,-0.052712,-0.073118
584.33,595.17,-0.041341,-0.061994
586.6,595.17,-0.029896,-0.050401
588.88,595.17,-0.01981,-0.04062
591.15,595.17,-0.010586,-0.031344
593.25,595.17,-0.001467,-0.022222
595.53,595.17,0.006851,-0.014197
597.63,595.17,0.016059,-0.005004
599.9,595.17,0.024725,0.003659
602.18,595.17,0.033758,0.012852
604.28,595.17,0.042057,0.020455
606.55,595.17,0.048782,0.027467
608.83,595.17,0.054315,0.033092
611.1,595.17,0.059044,0.037889
613.38,595.17,0.063024,0.041561
615.48,595.17,0.064882,0.043542
617.93,595.17,0.06645,0.044355
620.03,595.17,0.066475,0.04515
622.3,595.17,0.067082,0.045141
624.58,595.17,0.06767,0.04609
626.85,595.17,0.069417,0.047858
629.13,595.17,0.07162,0.049784
631.23,595.17,0.074164,0.052097
633.5,595.17,0.076084,0.054753
635.6,595.17,0.077381,0.055871
637.88,595.17,0.077898,0.055933
640.15,595.17,0.077889,0.055877
642.25,595.17,0.077636,0.055486
644.53,595.17,0.075994,0.05434
646.8,595.17,0.075212,0.053576
648.9,595.17,0.074315,0.052954
651.18,595.17,0.073902,0.05235
653.45,595.17,0.073788,0.052239
655.73,595.17,0.074531,0.052507
658.0,595.17,0.075209,0.053647
660.1,595.17,0.076462,0.054556
662.38,595.17,0.077276,0.055625
664.65,595.17,0.078111,0.056044
666.75,595.17,0.078406,0.056869
669.03,595.17,0.079392,0.057479
671.3,595.17,0.080005,0.058009
673.4,595.17,0.080344,0.058795
675.68,595.17,0.079774,0.058422
677.95,595.17,0.079368,0.057646
680.05,595.17,0.078108,0.055979
682.33,595.17,0.076404,0.055045
684.6,595.17,0.074907,0.053037
686.88,595.17,0.072738,0.050908
688.98,595.17,0.070954,0.049371
691.25,595.17,0.06982,0.048003
693.53,595.17,0.068542,0.046885
695.63,595.17,0.067975,0.046118
697.9,595.17,0.066527,0.045024
700.18,595.17,0.065424,0.044087
702.28,595.17,0.064956,0.043502
704.55,595.17,0.063462,0.041805
706.65,595.17,0.062165,0.040409
708.93,595.17,0.061786,0.040233
711.2,595.17,0.061635,0.03995
11.55,630.17,0.111755,0.089284
13.83,630.17,0.115098,0.09284
15.93,630.17,0.119281,0.097023
18.2,630.17,0.123736,0.101536
20.48,630.17,0.127704,0.105323
22.58,630.17,0.131641,0.109648
24.85,630.17,0.135261,0.112673
27.13,630.17,0.138416,0.115729
29.23,630.17,0.141441,0.11922
31.5,630.17,0.144358,0.12194
33.78,630.17,0.147504,0.124867
35.88,630.17,0.150483,0.128403
38.15,630.17,0.153998,0.131783
40.43,630.17,0.157331,0.13475
42.53,630.17,0.159676,0.136866
44.8,630.17,0.161891,0.139364
47.08,630.17,0.162491,0.14011
49.35,630.17,0.162131,0.139814
51.63,630.17,0.161653,0.138908
53.73,630.17,0.160741,0.138123
56.0,630.17,0.159756,0.137245
58.28,630.17,0.158671,0.135859
60.38,630.17,0.157608,0.13527
62.65,630.17,0.157063,0.134525
64.75,630.17,0.156499,0.133835
67.03,630.17,0.155754,0.133163
69.3,630.17,0.155797,0.133554
71.4,630.17,0.156561,0.133816
73.68,630.17,0.158419,0.135991
75.78,630.17,0.161435,0.138862
78.05,630.17,0.164568,0.141724
80.33,630.17,0.166114,0.143111
82.6,630.17,0.166441,0.143727
84.7,630.17,0.165569,0.142735
86.98,630.17,0.163092,0.140695
89.25,630.17,0.161308,0.138779
91.35,630.17,0.160175,0.137898
93.63,630.17,0.159044,0.136527
95.9,630.17,0.157547,0.135323
98.18,630.17,0.155557,0.132692
100.28,630.17,0.151977,0.129608
102.55,630.17,0.148132,0.125381
104.65,630.17,0.143126,0.120748
106.93,630.17,0.138348,0.116321
109.2,630.17,0.133151,0.110717
111.3,630.17,0.128083,0.105738
113.58,630.17,0.124149,0.101595
115.68,630.17,0.120033,0.09791
117.95,630.17,0.116287,0.094186
120.23,630.17,0.111669,0.0897
122.33,630.17,0.105492,0.083511
124.6,630.17,0.096293,0.074352
126.7,630.17,0.083751,0.06161
128.98,630.17,0.067615,0.045899
131.25,630.17,0.048077,0.026885
133.35,630.17,0.025566,0.004232
135.63,630.17,-0.000663,-0.021495
137.9,630.17,-0.029043,-0.049104
140.0,630.17,-0.059763,-0.079905
142.28,630.17,-0.094674,-0.114449
144.38,630.17,-0.131877,-0.151384
146.65,630.17,-0.172058,-0.190959
148.93,630.17,-0.213648,-0.231978
151.03,630.17,-0.256676,-0.274634
153.3,630.17,-0.300136,-0.317631
155.58,630.17,-0.340783,-0.358438
157.68,630.17,-0.381205,-0.397985
159.95,630.17,-0.417157,-0.43366
162.05,630.17,-0.449935,-0.466349
164.33,630.17,-0.48008,-0.495909
166.6,630.17,-0.505166,-0.520259
168.35,630.17,-0.525262,-0.540696
170.98,630.17,-0.54215,-0.557224
173.25,630.17,-0.554904,-0.569442
175.35,630.17,-0.562754,-0.577717
177.63,630.17,-0.565323,-0.580391
179.9,630.17,-0.563592,-0.578564
182.0,630.17,-0.557557,-0.572477
184.28,630.17,-0.548179,-0.563358
186.55,630.17,-0.535644,-0.551115
188.65,630.17,-0.52094,-0.536205
190.93,630.17,-0.503691,-0.519316
193.03,630.17,-0.483336,-0.499147
195.3,630.17,-0.459627,-0.475739
197.58,630.17,-0.433808,-0.450428
199.68,630.17,-0.405826,-0.422231
201.95,630.17,-0.374717,-0.392018
204.05,630.17,-0.34244,-0.35984
206.33,630.17,-0.310814,-0.328802
208.6,630.17,-0.280675,-0.298589
210.88,630.17,-0.249554,-0.268118
212.98,630.17,-0.221796,-0.240121
215.25,630.17,-0.195814,-0.21464
217.53,630.17,-0.168879,-0.187742
219.63,630.17,-0.143149,-0.16265
221.9,630.17,-0.118765,-0.138032
224.18,630.17,-0.093978,-0.113636
226.28,630.17,-0.069779,-0.089662
228.55,630.17,-0.047428,-0.067779
230.83,630.17,-0.027659,-0.048229
232.93,630.17,-0.009727,-0.030373
235.2,630.17,0.006004,-0.014757
237.3,630.17,0.020899,-0.000546
239.58,630.17,0.033403,0.011823
241.85,630.17,0.044343,0.022578
244.13,630.17,0.054414,0.032781
246.23,630.17,0.065206,0.043804
248.5,630.17,0.077085,0.055372
250.78,630.17,0.088856,0.067091
252.88,630.17,0.100079,0.077873
255.15,630.17,0.110603,0.088674
257.43,630.17,0.118711,0.096595
259.53,630.17,0.125892,0.103967
261.8,630.17,0.131278,0.108942
264.08,630.17,0.136114,0.11405
266.18,630.17,0.141909,0.119106
268.45,630.17,0.147116,0.124962
270.55,630.17,0.153459,0.131299
272.83,630.17,0.160366,0.137762
275.1,630.17,0.168172,0.145587
277.38,630.17,0.175973,0.153283
279.48,630.17,0.184546,0.16206
281.75,630.17,0.193419,0.170458
284.03,630.17,0.202935,0.180005
286.3,630.17,0.213311,0.189999
288.4,630.17,0.223801,0.200467
290.68,630.17,0.235168,0.211604
292.78,630.17,0.248052,0.224275
295.05,630.17,0.260674,0.236761
297.15,630.17,0.272907,0.249004
299.43,630.17,0.286545,0.262781
301.7,630.17,0.301783,0.27808
303.98,630.17,0.317895,0.293674
306.08,630.17,0.33283,0.30868
308.35,630.17,0.348357,0.324139
310.45,630.17,0.362932,0.338049
312.73,630.17,0.376228,0.35104
315.0,630.17,0.388933,0.363967
317.28,630.17,0.401471,0.376305
319.55,630.17,0.413403,0.388067
321.83,630.17,0.423347,0.39791
323.93,630.17,0.431234,0.406203
326.2,630.17,0.437229,0.411866
329.0,630.17,0.439965,0.414278
331.1,630.17,0.437771,0.412392
333.38,630.17,0.432497,0.407254
335.83,630.17,0.421862,0.396554
338.1,630.17,0.40957,0.384028
340.38,630.17,0.394829,0.369832
342.48,630.17,0.377975,0.352993
344.75,630.17,0.358951,0.334324
346.85,630.17,0.338163,0.313643
349.13,630.17,0.314632,0.29023
351.4,630.17,0.290369,0.266789
353.5,630.17,0.265572,0.241841
355.95,630.17,0.239195,0.215603
358.23,630.17,0.214672,0.191422
360.33,630.17,0.190316,0.167963
362.6,630.17,0.170085,0.147414
364.88,630.17,0.151989,0.129922
367.15,630.17,0.137913,0.115283
369.25,630.17,0.125501,0.103711
371.53,630.17,0.115329,0.093767
373.8,630.17,0.108157,0.085948
376.08,630.17,0.101894,0.079996
378.18,630.17,0.098071,0.076638
380.45,630.17,0.096851,0.074679
382.73,630.17,0.098212,0.075911
385.0,630.17,0.102257,0.080566
387.1,630.17,0.108295,0.086687
389.38,630.17,0.115233,0.092938
391.65,630.17,0.122766,0.100819
393.93,630.17,0.130889,0.108178
396.03,630.17,0.139004,0.116521
398.3,630.17,0.146946,0.124327
400.58,630.17,0.154654,0.131878
402.68,630.17,0.160141,0.137781
404.95,630.17,0.165172,0.142713
407.23,630.17,0.168379,0.145892
409.33,630.17,0.170403,0.148021
411.6,630.17,0.172343,0.149552
413.88,630.17,0.173496,0.150415
415.98,630.17,0.175156,0.152233
418.25,630.17,0.176542,0.153942
420.53,630.17,0.178123,0.155597
422.8,630.17,0.179189,0.156462
424.9,630.17,0.179278,0.156647
427.18,630.17,0.178665,0.156311
429.45,630.17,0.17803,0.15531
431.55,630.17,0.177408,0.15466
433.83,630.17,0.178912,0.156151
436.1,630.17,0.181986,0.159719
438.2,630.17,0.186333,0.163517
440.48,630.17,0.189746,0.166549
442.58,630.17,0.192818,0.170233
444.85,630.17,0.194703,0.171921
447.13,630.17,0.195492,0.172501
449.4,630.17,0.193727,0.17105
451.5,630.17,0.191733,0.168616
453.78,630.17,0.189608,0.166949
456.05,630.17,0.188619,0.165988
458.15,630.17,0.187624,0.165239
460.43,630.17,0.187682,0.16478
462.7,630.17,0.186536,0.163591
464.98,630.17,0.184974,0.161965
467.08,630.17,0.182519,0.159691
469.35,630.17,0.179632,0.157371
471.63,630.17,0.17852,0.155729
473.73,630.17,0.178631,0.155578
476.0,630.17,0.179771,0.156826
478.1,630.17,0.182091,0.159441
480.38,630.17,0.184768,0.162319
482.65,630.17,0.187639,0.16499
484.75,630.17,0.189444,0.166253
487.03,630.17,0.190698,0.167766
489.3,630.17,0.191478,0.168856
491.58,630.17,0.193317,0.170634
493.68,630.17,0.195021,0.172186
495.95,630.17,0.196869,0.173982
498.23,630.17,0.198323,0.175088
500.33,630.17,0.198656,0.175732
502.6,630.17,0.197581,0.174423
504.7,630.17,0.195172,0.172534
506.98,630.17,0.191379,0.168258
509.25,630.17,0.185994,0.163314
511.53,630.17,0.178215,0.155772
513.63,630.17,0.169845,0.14722
515.9,630.17,0.160282,0.138154
518.18,630.17,0.151127,0.129032
520.28,630.17,0.141432,0.119223
522.55,630.17,0.129075,0.10727
524.83,630.17,0.115572,0.093761
526.93,630.17,0.099756,0.07783
529.2,630.17,0.083425,0.061459
531.48,630.17,0.065628,0.043946
533.75,630.17,0.047128,0.026118
535.85,630.17,0.027849,0.006786
538.13,630.17,0.008758,-0.011969
540.4,630.17,-0.010324,-0.030703
542.68,630.17,-0.028054,-0.048451
544.95,630.17,-0.044643,-0.064994
547.23,630.17,-0.059631,-0.079936
549.5,630.17,-0.07419,-0.093947
551.78,630.17,-0.086264,-0.105922
553.88,630.17,-0.095626,-0.115413
556.15,630.17,-0.102712,-0.122551
558.43,630.17,-0.106353,-0.126051
560.7,630.17,-0.10724,-0.127145
562.98,630.17,-0.10505,-0.124622
565.25,630.17,-0.099773,-0.119538
567.53,630.17,-0.092471,-0.112388
569.63,630.17,-0.083657,-0.103848
571.9,630.17,-0.073106,-0.093546
574.7,630.17,-0.05863,-0.079067
576.98,630.17,-0.046883,-0.067287
579.25,630.17,-0.035266,-0.056162
581.35,630.17,-0.024754,-0.045226
583.63,630.17,-0.0131,-0.03424
585.9,630.17,-0.003205,-0.023722
588.0,630.17,0.006466,-0.014742
590.28,630.17,0.015412,-0.005796
592.55,630.17,0.024029,0.002421
594.83,630.17,0.032735,0.011503
596.93,630.17,0.040997,0.019177
599.38,630.17,0.049552,0.027556
601.65,630.17,0.056432,0.035005
603.75,630.17,0.06418,0.04275
606.03,630.17,0.071426,0.049531
608.3,630.17,0.080064,0.05844
610.75,630.17,0.089959,0.068302
612.85,630.17,0.101201,0.079328
615.13,630.17,0.11287,0.091127
617.58,630.17,0.124294,0.102079
619.85,630.17,0.131105,0.109032
621.95,630.17,0.134919,0.113117
624.23,630.17,0.136755,0.114451
626.5,630.17,0.13723,0.114913
628.78,630.17,0.137137,0.114771
631.05,630.17,0.136154,0.113856
633.15,630.17,0.135751,0.113693
635.43,630.17,0.134599,0.11234
637.7,630.17,0.133493,0.110837
639.98,630.17,0.132017,0.109867
642.08,630.17,0.130732,0.108832
644.35,630.17,0.130591,0.108068
646.63,630.17,0.130902,0.108647
648.73,630.17,0.13243,0.109867
651.0,630.17,0.134241,0.111894
653.28,630.17,0.135742,0.113742
655.38,630.17,0.137685,0.115492
657.65,630.17,0.1395,0.117214
659.93,630.17,0.140082,0.117876
662.03,630.17,0.141111,0.11844
664.3,630.17,0.141706,0.118853
666.58,630.17,0.142214,0.1197
668.68,630.17,0.14206,0.119589
670.95,630.17,0.142094,0.120085
673.23,630.17,0.142057,0.119368
675.33,630.17,0.141234,0.11869
677.6,630.17,0.13958,0.117168
679.88,630.17,0.137596,0.115501
681.98,630.17,0.135363,0.113203
684.25,630.17,0.132898,0.110828
686.53,630.17,0.130843,0.108471
688.8,630.17,0.128986,0.106499
690.9,630.17,0.126955,0.105042
693.18,630.17,0.125612,0.103394
695.28,630.17,0.124127,0.102267
697.55,630.17,0.122504,0.100554
699.83,630.17,0.12186,0.099355
701.75,630.17,0.121487,0.099004
704.2,630.17,0.120809,0.098905
706.48,630.17,0.120495,0.098788
708.75,630.17,0.120384,0.098064
711.03,630.17,0.1204,0.098363
12.08,665.17,0.14393,0.12125
14.18,665.17,0.142978,0.120554
16.63,665.17,0.141734,0.11885
18.73,665.17,0.139146,0.11662
21.0,665.17,0.136339,0.114013
23.28,665.17,0.133351,0.111262
25.38,665.17,0.129996,0.108068
27.65,665.17,0.127211,0.104974
30.1,665.17,0.125711,0.103798
32.2,665.17,0.124928,0.102716
34.48,665.17,0.125575,0.103138
36.75,665.17,0.126253,0.104358
39.03,665.17,0.127242,0.104771
41.13,665.17,0.127799,0.105689
43.4,665.17,0.127146,0.104765
45.68,665.17,0.126647,0.104654
47.78,665.17,0.125566,0.103499
50.05,665.17,0.124309,0.102282
52.15,665.17,0.123111,0.100806
54.43,665.17,0.122762,0.100276
56.7,665.17,0.122359,0.100547
58.8,665.17,0.123181,0.101031
61.08,665.17,0.124746,0.102541
63.35,665.17,0.126943,0.10474
65.45,665.17,0.129066,0.106506
67.73,665.17,0.129937,0.107741
70.0,665.17,0.129947,0.107633
72.1,665.17,0.128687,0.106305
74.38,665.17,0.126755,0.104559
76.48,665.17,0.124143,0.101749
78.75,665.17,0.119802,0.097824
81.03,665.17,0.115535,0.093711
83.13,665.17,0.111367,0.089725
85.4,665.17,0.108486,0.086761
87.68,665.17,0.104623,0.082997
89.78,665.17,0.101231,0.079442
92.05,665.17,0.097119,0.075523
94.33,665.17,0.092778,0.070837
96.43,665.17,0.088733,0.066743
98.7,665.17,0.084497,0.062556
100.8,665.17,0.08036,0.058644
103.08,665.17,0.074965,0.053668
105.18,665.17,0.070045,0.048373
107.45,665.17,0.065939,0.044081
109.73,665.17,0.061382,0.039882
112.0,665.17,0.056909,0.035535
114.1,665.17,0.0508,0.029685
116.38,665.17,0.043872,0.022803
118.65,665.17,0.034291,0.012938
120.75,665.17,0.021826,0.001084
123.03,665.17,0.006977,-0.01408
125.13,665.17,-0.010352,-0.030909
127.4,665.17,-0.030038,-0.050632
129.68,665.17,-0.053174,-0.07375
131.95,665.17,-0.079138,-0.098941
134.05,665.17,-0.107752,-0.127638
136.33,665.17,-0.139289,-0.158309
138.6,665.17,-0.174769,-0.193987
140.88,665.17,-0.214434,-0.232647
142.98,665.17,-0.254797,-0.272847
145.25,665.17,-0.296935,-0.314738
147.53,665.17,-0.339766,-0.356541
149.8,665.17,-0.383075,-0.399492
151.9,665.17,-0.423682,-0.440194
154.18,665.17,-0.463971,-0.480129
156.45,665.17,-0.502058,-0.517492
158.55,665.17,-0.537967,-0.552957
160.83,665.17,-0.571186,-0.585576
163.1,665.17,-0.600138,-0.614378
165.2,665.17,-0.625921,-0.639914
167.48,665.17,-0.647618,-0.66109
169.58,665.17,-0.66581,-0.679559
171.85,665.17,-0.680425,-0.693962
174.13,665.17,-0.691552,-0.704824
176.23,665.17,-0.699328,-0.712514
178.5,665.17,-0.704362,-0.71739
180.78,665.17,-0.704969,-0.718324
183.05,665.17,-0.70284,-0.716469
185.33,665.17,-0.697637,-0.710795
187.6,665.17,-0.688869,-0.702184
189.7,665.17,-0.677011,-0.690545
191.98,665.17,-0.661648,-0.675597
194.25,665.17,-0.642689,-0.657101
196.53,665.17,-0.621867,-0.636251
198.63,665.17,-0.597819,-0.612489
200.9,665.17,-0.570345,-0.585265
203.18,665.17,-0.538721,-0.554088
205.45,665.17,-0.505727,-0.521054
207.55,665.17,-0.471448,-0.487455
209.83,665.17,-0.436266,-0.452748
211.93,665.17,-0.403401,-0.419769
214.2,665.17,-0.370844,-0.387751
216.48,665.17,-0.337908,-0.355653
218.75,665.17,-0.3076,-0.325481
220.85,665.17,-0.276276,-0.293987
223.13,665.17,-0.245644,-0.263697
225.4,665.17,-0.216572,-0.235462
227.68,665.17,-0.189449,-0.208688
229.78,665.17,-0.163913,-0.18297
232.05,665.17,-0.140875,-0.160074
234.15,665.17,-0.121461,-0.140857
236.43,665.17,-0.103383,-0.122906
238.7,665.17,-0.084132,-0.103919
240.98,665.17,-0.065152,-0.085179
243.08,665.17,-0.048303,-0.068534
245.35,665.17,-0.03285,-0.053463
247.45,665.17,-0.019221,-0.039588
249.73,665.17,-0.006695,-0.027397
252.0,665.17,0.005169,-0.015669
254.1,665.17,0.017205,-0.003399
256.38,665.17,0.028986,0.007427
258.65,665.17,0.040412,0.018819
260.75,665.17,0.0515,0.03052
263.03,665.17,0.062334,0.040581
265.3,665.17,0.071746,0.050129
267.4,665.17,0.080575,0.059044
269.68,665.17,0.090877,0.069053
271.78,665.17,0.101965,0.079984
274.05,665.17,0.113989,0.091764
276.33,665.17,0.127735,0.105507
278.6,665.17,0.141315,0.119318
280.7,665.17,0.154315,0.131875
282.98,665.17,0.166179,0.143206
285.25,665.17,0.176604,0.154398
287.35,665.17,0.187205,0.164595
289.63,665.17,0.198465,0.175489
291.9,665.17,0.209629,0.186274
294.0,665.17,0.220969,0.197759
296.28,665.17,0.23352,0.210091
298.38,665.17,0.244638,0.221379
300.65,665.17,0.255091,0.23173
302.93,665.17,0.265008,0.240886
305.2,665.17,0.27401,0.250255
307.3,665.17,0.282821,0.25905
309.58,665.17,0.292208,0.268471
311.85,665.17,0.301345,0.277467
314.13,665.17,0.311019,0.286518
316.23,665.17,0.319463,0.295486
318.5,665.17,0.325951,0.301601
320.6,665.17,0.328585,0.304568
322.88,665.17,0.328856,0.304783
325.15,665.17,0.326225,0.301872
327.43,665.17,0.319974,0.296006
329.53,665.17,0.311166,0.286946
331.8,665.17,0.299503,0.275461
334.08,665.17,0.284752,0.261043
336.18,665.17,0.269417,0.245634
338.45,665.17,0.252208,0.228459
340.55,665.17,0.234149,0.210862
342.83,665.17,0.214025,0.191342
345.1,665.17,0.191998,0.169327
347.03,665.17,0.169041,0.146684
349.65,665.17,0.145652,0.123511
351.93,665.17,0.121056,0.099167
354.03,665.17,0.09552,0.074192
356.3,665.17,0.072186,0.050816
358.58,665.17,0.050618,0.02938
360.85,665.17,0.032288,0.011041
363.13,665.17,0.016478,-0.004837
365.23,665.17,0.003151,-0.017231
367.5,665.17,-0.0057,-0.026843
369.78,665.17,-0.01159,-0.032062
372.05,665.17,-0.01306,-0.034089
374.15,665.17,-0.012003,-0.03257
376.43,665.17,-0.008103,-0.029067
378.7,665.17,-0.002182,-0.023001
380.8,665.17,0.004337,-0.016677
383.08,665.17,0.012615,-0.008208
385.0,665.17,0.021888,0.000726
387.45,665.17,0.032331,0.010828
389.73,665.17,0.043145,0.021869
392.0,665.17,0.054469,0.033169
394.1,665.17,0.066687,0.04556
396.38,665.17,0.079642,0.057837
398.65,665.17,0.092082,0.070258
400.93,665.17,0.103973,0.081823
403.03,665.17,0.115224,0.092809
405.3,665.17,0.125455,0.103508
407.58,665.17,0.134337,0.112356
409.68,665.17,0.14271,0.120138
411.95,665.17,0.149266,0.126851
414.23,665.17,0.155088,0.13226
416.5,665.17,0.160095,0.137833
418.6,665.17,0.164549,0.141758
420.88,665.17,0.168302,0.14608
423.15,665.17,0.170994,0.148135
425.25,665.17,0.172544,0.149817
427.53,665.17,0.174635,0.151555
429.8,665.17,0.175818,0.153311
431.9,665.17,0.17673,0.154075
434.18,665.17,0.176804,0.154152
436.45,665.17,0.175172,0.152747
438.55,665.17,0.173138,0.150159
440.83,665.17,0.170162,0.147516
442.93,665.17,0.167276,0.144894
445.2,665.17,0.164894,0.142485
447.48,665.17,0.163847,0.141333
449.58,665.17,0.163998,0.141022
451.85,665.17,0.164839,0.142473
454.13,665.17,0.166382,0.143742
456.23,665.17,0.167156,0.144947
458.5,665.17,0.167738,0.145218
460.78,665.17,0.166197,0.143828
463.05,665.17,0.163785,0.141576
465.33,665.17,0.1608,0.138379
467.43,665.17,0.158453,0.135649
469.7,665.17,0.157747,0.135095
471.98,665.17,0.158412,0.135729
474.08,665.17,0.160085,0.137538
476.35,665.17,0.161404,0.138711
478.63,665.17,0.161616,0.138939
480.9,665.17,0.162359,0.139531
483.0,665.17,0.163043,0.140677
485.28,665.17,0.164213,0.141746
487.38,665.17,0.165048,0.142744
489.83,665.17,0.166065,0.143212
492.1,665.17,0.16572,0.142747
494.2,665.17,0.164099,0.141761
496.48,665.17,0.161971,0.139053
498.75,665.17,0.159056,0.136817
501.03,665.17,0.156924,0.13434
503.13,665.17,0.153215,0.131006
505.4,665.17,0.148838,0.126278
507.68,665.17,0.143505,0.120775
509.78,665.17,0.137424,0.115064
512.05,665.17,0.130624,0.10861
514.33,665.17,0.123416,0.100917
516.43,665.17,0.114392,0.092131
518.7,665.17,0.103557,0.081918
520.98,665.17,0.091416,0.069457
523.08,665.17,0.077991,0.056549
525.35,665.17,0.063696,0.042014
527.63,665.17,0.048443,0.02723
529.9,665.17,0.032424,0.011139
532.18,665.17,0.015233,-0.005842
534.28,665.17,-0.002302,-0.023266
536.73,665.17,-0.021365,-0.04237
539.0,665.17,-0.038645,-0.058972
541.28,665.17,-0.054958,-0.075327
543.38,665.17,-0.070343,-0.090222
545.65,665.17,-0.083513,-0.103818
547.93,665.17,-0.095413,-0.11537
550.03,665.17,-0.105571,-0.125663
552.3,665.17,-0.113901,-0.133719
554.58,665.17,-0.1211,-0.14053
556.68,665.17,-0.12651,-0.146128
558.95,665.17,-0.130432,-0.149976
561.05,665.17,-0.132493,-0.152296
563.33,665.17,-0.131824,-0.151686
565.6,665.17,-0.128543,-0.148315
567.7,665.17,-0.122481,-0.142
569.98,665.17,-0.113879,-0.133451
572.25,665.17,-0.103796,-0.123118
574.35,665.17,-0.091766,-0.111461
576.63,665.17,-0.078396,-0.098217
578.9,665.17,-0.063559,-0.083676
581.0,665.17,-0.048818,-0.069425
583.28,665.17,-0.035303,-0.056248
585.55,665.17,-0.02265,-0.04314
587.65,665.17,-0.011415,-0.032108
589.93,665.17,0.001124,-0.019902
592.2,665.17,0.013068,-0.008235
594.48,665.17,0.024821,0.00393
596.75,665.17,0.036355,0.015015
598.85,665.17,0.046718,0.025129
601.13,665.17,0.055717,0.03401
603.23,665.17,0.063804,0.041989
605.5,665.17,0.070255,0.048696
607.78,665.17,0.076444,0.054438
610.05,665.17,0.081635,0.059648
612.33,665.17,0.087747,0.066167
614.43,665.17,0.09568,0.073471
616.7,665.17,0.103813,0.081712
618.8,665.17,0.111823,0.090153
621.08,665.17,0.120283,0.098234
623.18,665.17,0.12767,0.105427
625.45,665.17,0.135018,0.112439
627.73,665.17,0.140862,0.118662
629.83,665.17,0.145033,0.12247
632.1,665.17,0.148551,0.125779
634.38,665.17,0.151016,0.128554
636.65,665.17,0.152759,0.130427
638.75,665.17,0.153785,0.130973
641.03,665.17,0.154574,0.131823
643.13,665.17,0.155421,0.132522
645.4,665.17,0.156567,0.134109
647.68,665.17,0.157642,0.135196
649.95,665.17,0.157633,0.135085
652.23,665.17,0.157744,0.135048
654.33,665.17,0.158271,0.135606
656.6,665.17,0.159096,0.136358
658.7,665.17,0.160492,0.137821
660.8,665.17,0.161915,0.139309
663.25,665.17,0.163181,0.141062
665.35,665.17,0.1645,0.141918
667.63,665.17,0.165107,0.142279
669.9,665.17,0.165067,0.142288
672.18,665.17,0.164272,0.141345
674.28,665.17,0.162861,0.140132
676.55,665.17,0.160985,0.138477
678.83,665.17,0.159941,0.136937
680.93,665.17,0.15865,0.136028
683.2,665.17,0.157439,0.134608
685.3,665.17,0.156404,0.133705
687.58,665.17,0.154907,0.132245
689.68,665.17,0.154026,0.131068
691.95,665.17,0.153148,0.130551
694.23,665.17,0.152993,0.130147
696.5,665.17,0.152781,0.130363
698.78,665.17,0.15177,0.129198
700.88,665.17,0.150196,0.127294
703.15,665.17,0.14738,0.125165
705.43,665.17,0.143838,0.12186
707.7,665.17,0.139827,0.117417
709.8,665.17,0.134488,0.112291
11.55,700.17,0.137818,0.114999
13.83,700.17,0.137565,0.114965
16.28,700.17,0.136336,0.114127
18.38,700.17,0.134235,0.1121
20.65,700.17,0.131983,0.109648
22.93,700.17,0.129183,0.107202
25.2,700.17,0.126579,0.104614
27.3,700.17,0.124294,0.102076
29.4,700.17,0.121546,0.099713
31.68,700.17,0.120036,0.098098
33.95,700.17,0.119053,0.096672
36.23,700.17,0.118218,0.096389
38.33,700.17,0.118329,0.096487
40.6,700.17,0.11979,0.097439
42.88,700.17,0.122196,0.100079
45.33,700.17,0.125424,0.103379
47.6,700.17,0.127294,0.104629
49.7,700.17,0.129263,0.106934
51.98,700.17,0.130985,0.109096
54.43,700.17,0.132374,0.10975
56.53,700.17,0.131804,0.109833
58.8,700.17,0.13084,0.108711
60.9,700.17,0.128644,0.10657
63.18,700.17,0.126712,0.104608
65.45,700.17,0.123788,0.101472
67.55,700.17,0.12113,0.098785
69.83,700.17,0.118582,0.096826
72.1,700.17,0.116278,0.094432
74.2,700.17,0.11486,0.092467
76.48,700.17,0.112692,0.090554
78.58,700.17,0.110202,0.088286
80.85,700.17,0.105332,0.083724
83.13,700.17,0.100313,0.078545
85.23,700.17,0.095055,0.072957
87.5,700.17,0.088622,0.066604
89.78,700.17,0.082411,0.060495
91.88,700.17,0.076493,0.054845
94.15,700.17,0.069602,0.047898
96.43,700.17,0.063178,0.041466
98.53,700.17,0.056604,0.035196
100.8,700.17,0.051478,0.030455
103.08,700.17,0.047609,0.026019
105.35,700.17,0.043317,0.02186
107.63,700.17,0.038853,0.01722
109.9,700.17,0.033413,0.012399
112.0,700.17,0.02536,0.004047
114.28,700.17,0.01491,-0.006091
116.38,700.17,0.001287,-0.019554
118.65,700.17,-0.01497,-0.035897
120.93,700.17,-0.033778,-0.054326
123.2,700.17,-0.055737,-0.076156
125.3,700.17,-0.079215,-0.099347
127.58,700.17,-0.106063,-0.12554
129.68,700.17,-0.133901,-0.153281
131.95,700.17,-0.163614,-0.182557
134.05,700.17,-0.198343,-0.216917
136.33,700.17,-0.233685,-0.251981
138.6,700.17,-0.273848,-0.291516
140.88,700.17,-0.314905,-0.332357
143.15,700.17,-0.359415,-0.376368
145.43,700.17,-0.402197,-0.418601
147.7,700.17,-0.446165,-0.46199
149.8,700.17,-0.488672,-0.504091
152.08,700.17,-0.527366,-0.542542
154.35,700.17,-0.564704,-0.579646
156.63,700.17,-0.600419,-0.614587
158.73,700.17,-0.630767,-0.644556
161.0,700.17,-0.659162,-0.672945
163.28,700.17,-0.685656,-0.699106
165.55,700.17,-0.709568,-0.722467
167.83,700.17,-0.730539,-0.743216
169.93,700.17,-0.749048,-0.761937
172.2,700.17,-0.76633,-0.778736
174.48,700.17,-0.780899,-0.793653
176.58,700.17,-0.794648,-0.8067
178.85,700.17,-0.807553,-0.819316
181.13,700.17,-0.819919,-0.831811
183.23,700.17,-0.832239,-0.844325
185.5,700.17,-0.843453,-0.855434
187.6,700.17,-0.853989,-0.865976
189.88,700.17,-0.861977,-0.873934
192.15,700.17,-0.867057,-0.878453
194.25,700.17,-0.867834,-0.879845
196.53,700.17,-0.863813,-0.875702
198.8,700.17,-0.854097,-0.866099
200.9,700.17,-0.838533,-0.850036
203.18,700.17,-0.815243,-0.827134
205.28,700.17,-0.786392,-0.799115
207.55,700.17,-0.75227,-0.764932
209.83,700.17,-0.712997,-0.726743
211.93,700.17,-0.672507,-0.686408
214.2,700.17,-0.629109,-0.643524
216.48,700.17,-0.586038,-0.601038
218.75,700.17,-0.543176,-0.558364
220.85,700.17,-0.500933,-0.516654
223.13,700.17,-0.458259,-0.474147
225.4,700.17,-0.4159,-0.432603
227.5,700.17,-0.374421,-0.39143
229.78,700.17,-0.334942,-0.352406
232.05,700.17,-0.299603,-0.31736
234.33,700.17,-0.266978,-0.285355
236.43,700.17,-0.237847,-0.256544
238.7,700.17,-0.21135,-0.230241
240.98,700.17,-0.185666,-0.205028
243.25,700.17,-0.161501,-0.180968
245.35,700.17,-0.138571,-0.15797
247.63,700.17,-0.117185,-0.137132
249.9,700.17,-0.095956,-0.116254
252.18,700.17,-0.076482,-0.096498
254.45,700.17,-0.059252,-0.07927
256.55,700.17,-0.042585,-0.063433
258.83,700.17,-0.025238,-0.046017
261.1,700.17,-0.010672,-0.031526
263.38,700.17,0.005757,-0.014976
265.48,700.17,0.024266,0.003126
267.75,700.17,0.041922,0.020702
269.85,700.17,0.05784,0.036293
272.13,700.17,0.071838,0.049996
274.23,700.17,0.084509,0.062291
276.5,700.17,0.095581,0.073921
278.78,700.17,0.106613,0.084731
281.05,700.17,0.116752,0.094882
283.15,700.17,0.126311,0.103952
285.43,700.17,0.135424,0.112923
287.7,700.17,0.143166,0.120908
289.8,700.17,0.150957,0.128191
292.08,700.17,0.157608,0.13535
294.35,700.17,0.165165,0.142421
296.45,700.17,0.173197,0.150772
298.73,700.17,0.181493,0.158958
301.0,700.17,0.189598,0.166373
303.1,700.17,0.196881,0.17389
305.38,700.17,0.203212,0.179768
307.65,700.17,0.207719,0.184281
309.75,700.17,0.210202,0.187122
312.03,700.17,0.210738,0.187257
314.3,700.17,0.209768,0.186213
316.58,700.17,0.207975,0.184984
318.85,700.17,0.204626,0.181469
320.95,700.17,0.199608,0.176841
323.23,700.17,0.190285,0.167531
325.5,700.17,0.178046,0.155101
327.6,700.17,0.162094,0.139386
329.88,700.17,0.142038,0.119475
331.98,700.17,0.118791,0.096811
334.25,700.17,0.0919,0.07027
336.53,700.17,0.064506,0.043031
338.63,700.17,0.03527,0.014368
340.9,700.17,0.005813,-0.015349
343.18,700.17,-0.023457,-0.043667
345.45,700.17,-0.050894,-0.070854
347.55,700.17,-0.077561,-0.097265
349.83,700.17,-0.101615,-0.121559
352.1,700.17,-0.122647,-0.141969
354.38,700.17,-0.139172,-0.158707
356.48,700.17,-0.15322,-0.172773
358.75,700.17,-0.164606,-0.183688
361.2,700.17,-0.172567,-0.192077
363.48,700.17,-0.174964,-0.19424
365.58,700.17,-0.173183,-0.192092
367.85,700.17,-0.167431,-0.186532
370.13,700.17,-0.159591,-0.178611
372.23,700.17,-0.149427,-0.169002
374.5,700.17,-0.137046,-0.156649
376.78,700.17,-0.122598,-0.142037
378.88,700.17,-0.106482,-0.126208
381.15,700.17,-0.087792,-0.107373
383.43,700.17,-0.066797,-0.086994
385.53,700.17,-0.045463,-0.065709
387.8,700.17,-0.024779,-0.045361
390.08,700.17,-0.003772,-0.02476
392.18,700.17,0.016407,-0.004634
394.45,700.17,0.036019,0.014845
396.73,700.17,0.054796,0.033631
398.83,700.17,0.07198,0.05076
401.1,700.17,0.087353,0.065471
403.38,700.17,0.101875,0.079525
405.48,700.17,0.114694,0.092889
407.75,700.17,0.12662,0.104115
410.03,700.17,0.137525,0.115098
412.13,700.17,0.146453,0.123859
414.4,700.17,0.153896,0.131657
416.68,700.17,0.160215,0.137454
418.95,700.17,0.166767,0.144183
421.05,700.17,0.172957,0.150637
423.33,700.17,0.179149,0.156342
425.6,700.17,0.184555,0.161663
427.7,700.17,0.187655,0.165076
429.98,700.17,0.190141,0.16702
432.25,700.17,0.192608,0.1697
434.53,700.17,0.19462,0.171946
436.63,700.17,0.197069,0.174364
438.9,700.17,0.19857,0.175837
441.0,700.17,0.199488,0.176351
443.28,700.17,0.199494,0.176278
445.55,700.17,0.198203,0.175353
447.83,700.17,0.196163,0.172953
450.1,700.17,0.193908,0.17116
452.2,700.17,0.191533,0.168422
454.48,700.17,0.189266,0.166355
456.75,700.17,0.188403,0.165279
458.85,700.17,0.188443,0.165766
461.13,700.17,0.18759,0.164746
463.4,700.17,0.186367,0.163807
465.68,700.17,0.185051,0.162149
467.95,700.17,0.183443,0.160495
470.23,700.17,0.182525,0.159793
472.5,700.17,0.182383,0.159632
474.6,700.17,0.182621,0.159749
476.88,700.17,0.183172,0.160261
479.15,700.17,0.183893,0.161167
481.25,700.17,0.185575,0.162747
483.53,700.17,0.185652,0.162846
485.8,700.17,0.185027,0.161817
487.9,700.17,0.182642,0.159749
490.18,700.17,0.179719,0.156958
492.45,700.17,0.175301,0.15292
494.55,700.17,0.171016,0.14853
496.83,700.17,0.165822,0.14357
499.1,700.17,0.1606,0.138095
501.2,700.17,0.155276,0.132756
503.48,700.17,0.150205,0.127648
505.75,700.17,0.143733,0.121616
507.85,700.17,0.136216,0.114109
510.13,700.17,0.126524,0.104451
512.4,700.17,0.115329,0.093684
514.5,700.17,0.104023,0.082057
516.78,700.17,0.09105,0.069158
519.05,700.17,0.07458,0.052969
521.15,700.17,0.055843,0.034614
523.43,700.17,0.033129,0.011604
525.7,700.17,0.006407,-0.014659
527.8,700.17,-0.020349,-0.04074
530.08,700.17,-0.046886,-0.067006
532.35,700.17,-0.074169,-0.094027
534.63,700.17,-0.100235,-0.120093
536.73,700.17,-0.122668,-0.142631
539.0,700.17,-0.144381,-0.163639
541.28,700.17,-0.163605,-0.182394
543.38,700.17,-0.179757,-0.198925
545.65,700.17,-0.192684,-0.211439
547.93,700.17,-0.201264,-0.219655
550.2,700.17,-0.206837,-0.225268
552.3,700.17,-0.208623,-0.227434
554.58,700.17,-0.208423,-0.227514
556.85,700.17,-0.207311,-0.225894
558.95,700.17,-0.204917,-0.223713
561.23,700.17,-0.202413,-0.220851
563.5,700.17,-0.197829,-0.216519
565.78,700.17,-0.192536,-0.211119
568.05,700.17,-0.184372,-0.202995
570.15,700.17,-0.17428,-0.193321
572.43,700.17,-0.162668,-0.181864
574.53,700.17,-0.149908,-0.169378
576.8,700.17,-0.136448,-0.155475
578.9,700.17,-0.121387,-0.14119
581.18,700.17,-0.106162,-0.125746
583.45,700.17,-0.089807,-0.110139
585.55,700.17,-0.073494,-0.093571
587.83,700.17,-0.058457,-0.078399
590.1,700.17,-0.044375,-0.064637
592.2,700.17,-0.031732,-0.052111
594.48,700.17,-0.019526,-0.04025
596.75,700.17,-0.008926,-0.029671
598.85,700.17,0.002017,-0.018778
601.13,700.17,0.011823,-0.008805
603.4,700.17,0.022023,0.001053
605.5,700.17,0.031678,0.010677
607.78,700.17,0.03978,0.01853
610.05,700.17,0.047414,0.026111
612.15,700.17,0.055317,0.033699
614.43,700.17,0.063715,0.042076
616.53,700.17,0.070643,0.049081
618.8,700.17,0.078296,0.057005
621.08,700.17,0.085511,0.064186
623.35,700.17,0.093813,0.07218
625.45,700.17,0.101761,0.080024
627.73,700.17,0.110002,0.088135
630.0,700.17,0.116512,0.094669
632.1,700.17,0.121989,0.100039
634.38,700.17,0.126579,0.1041
636.65,700.17,0.129559,0.107522
638.75,700.17,0.132236,0.109891
641.03,700.17,0.134682,0.111983
643.3,700.17,0.135748,0.113397
645.4,700.17,0.137008,0.114287
647.68,700.17,0.137069,0.115011
649.95,700.17,0.137963,0.115443
652.05,700.17,0.137602,0.115591
654.33,700.17,0.138178,0.115939
656.6,700.17,0.138761,0.116835
658.7,700.17,0.138841,0.116638
660.98,700.17,0.139112,0.116635
663.25,700.17,0.138474,0.116204
665.35,700.17,0.138104,0.115489
667.63,700.17,0.13788,0.115606
669.73,700.17,0.137913,0.115646
672.0,700.17,0.138526,0.116493
674.28,700.17,0.139657,0.11734
676.55,700.17,0.140889,0.118758
