x,y,z,z2
7.0,0.0,-0.006174,-0.026975
10.85,0.0,-0.006646,-0.027019
14.35,0.0,-0.006935,-0.026889
17.85,0.0,-0.006975,-0.026828
22.05,0.0,-0.007465,-0.026563
25.55,0.0,-0.007567,-0.027308
29.05,0.0,-0.007431,-0.027724
32.55,0.0,-0.007052,-0.026563
36.22,0.0,-0.006541,-0.027287
39.72,0.0,-0.005953,-0.025943
43.22,0.0,-0.004733,-0.024914
46.9,0.0,-0.003353,-0.023282
50.4,0.0,-0.001378,-0.02168
53.9,0.0,0.000973,-0.019052
57.57,0.0,0.003727,-0.01591
61.07,0.0,0.006614,-0.012937
64.57,0.0,0.010785,-0.009055
68.07,0.0,0.016416,-0.003276
71.75,0.0,0.023939,0.004309
75.25,0.0,0.031965,0.012294
78.92,0.0,0.037572,0.017498
82.42,0.0,0.039057,0.019183
86.1,0.0,0.035545,0.015452
89.6,0.0,0.027646,0.008348
93.1,0.0,0.015883,-0.003513
96.6,0.0,0.000773,-0.018263
100.1,0.0,-0.017961,-0.037006
103.77,0.0,-0.039129,-0.058208
107.27,0.0,-0.062456,-0.080786
110.77,0.0,-0.088873,-0.106738
114.45,0.0,-0.118858,-0.136051
117.95,0.0,-0.149092,-0.166368
121.45,0.0,-0.179988,-0.195934
124.95,0.0,-0.209064,-0.224631
128.62,0.0,-0.233697,-0.2483
132.12,0.0,-0.250438,-0.265145
135.62,0.0,-0.257249,-0.272486
139.3,0.0,-0.251134,-0.265231
142.45,0.0,-0.230404,-0.246211
146.47,0.0,-0.193608,-0.210567
149.97,0.0,-0.142579,-0.160977
153.47,0.0,-0.078041,-0.097921
156.97,0.0,-0.00408,-0.025475
160.3,0.0,0.075092,0.051647
163.98,0.0,0.154771,0.130061
167.48,0.0,0.230473,0.204441
170.98,0.0,0.296361,0.269632
174.65,0.0,0.350008,0.322778
178.33,0.0,0.391283,0.362128
181.83,0.0,0.4158,0.387306
185.5,0.0,0.425162,0.396545
189.0,0.0,0.420778,0.393141
192.68,0.0,0.40563,0.378856
196.18,0.0,0.3825,0.356256
199.68,0.0,0.355378,0.329919
203.18,0.0,0.328043,0.30352
206.68,0.0,0.300898,0.276555
210.35,0.0,0.272143,0.248831
213.85,0.0,0.243603,0.221342
217.53,0.0,0.215138,0.193271
221.03,0.0,0.185745,0.164448
224.7,0.0,0.158739,0.137571
228.2,0.0,0.134565,0.113782
231.7,0.0,0.112014,0.091761
235.38,0.0,0.090695,0.06926
239.05,0.0,0.072106,0.050991
242.55,0.0,0.056968,0.035837
246.05,0.0,0.04418,0.023613
249.55,0.0,0.033175,0.012639
253.23,0.0,0.02426,0.003875
256.73,0.0,0.01617,-0.004021
260.23,0.0,0.008921,-0.01111
263.9,0.0,0.002553,-0.017093
267.4,0.0,-0.00338,-0.023044
270.9,0.0,-0.008756,-0.02789
274.58,0.0,-0.014748,-0.032943
278.43,0.0,-0.020965,-0.039696
281.93,0.0,-0.027878,-0.046757
285.43,0.0,-0.035161,-0.053919
289.28,0.0,-0.045216,-0.066027
292.95,0.0,-0.056541,-0.07533
296.45,0.0,-0.069908,-0.088186
299.95,0.0,-0.085632,-0.103389
303.63,0.0,-0.104591,-0.121596
307.13,0.0,-0.125595,-0.14171
310.8,0.0,-0.147163,-0.163029
314.3,0.0,-0.169886,-0.185136
317.8,0.0,-0.19204,-0.207194
321.3,0.0,-0.21187,-0.226575
324.98,0.0,-0.226451,-0.241035
328.48,0.0,-0.233531,-0.248515
331.98,0.0,-0.232277,-0.247681
335.48,0.0,-0.221445,-0.237397
339.15,0.0,-0.199236,-0.216698
342.65,0.0,-0.168285,-0.186057
346.15,0.0,-0.129178,-0.148645
349.65,0.0,-0.083285,-0.102896
353.33,0.0,-0.031861,-0.054289
357.0,0.0,0.021074,-0.00135
360.5,0.0,0.071364,0.048191
364.0,0.0,0.120594,0.096958
367.5,0.0,0.161724,0.137833
371.18,0.0,0.196484,0.17214
374.68,0.0,0.223508,0.199309
378.18,0.0,0.240914,0.216385
381.85,0.0,0.250162,0.226111
385.35,0.0,0.251718,0.22799
388.85,0.0,0.246468,0.222978
392.35,0.0,0.235587,0.212747
395.85,0.0,0.220532,0.197892
399.53,0.0,0.202673,0.180406
403.03,0.0,0.183456,0.16194
406.53,0.0,0.164374,0.142636
410.03,0.0,0.146182,0.125085
413.53,0.0,0.128831,0.107467
417.2,0.0,0.112525,0.091638
420.7,0.0,0.097116,0.076031
424.38,0.0,0.083027,0.06096
427.7,0.0,0.070544,0.048733
431.73,0.0,0.060144,0.03934
435.23,0.0,0.051308,0.031136
438.73,0.0,0.043514,0.023662
442.23,0.0,0.036151,0.017436
446.08,0.0,0.030286,0.010551
449.58,0.0,0.024081,0.00483
453.08,0.0,0.018314,-0.000743
456.58,0.0,0.012227,-0.007
460.08,0.0,0.005323,-0.013987
463.75,0.0,-0.003001,-0.022185
467.25,0.0,-0.011624,-0.031076
470.75,0.0,-0.021553,-0.040145
474.25,0.0,-0.032558,-0.051221
477.93,0.0,-0.044751,-0.063661
481.43,0.0,-0.058405,-0.077015
485.1,0.0,-0.073645,-0.092758
488.6,0.0,-0.089101,-0.107317
492.1,0.0,-0.103235,-0.121023
495.6,0.0,-0.115333,-0.133291
499.28,0.0,-0.126818,-0.144514
502.78,0.0,-0.137046,-0.154381
506.28,0.0,-0.145315,-0.162379
509.78,0.0,-0.148762,-0.165915
513.45,0.0,-0.1472,-0.16379
516.95,0.0,-0.138254,-0.155875
520.45,0.0,-0.122517,-0.13992
523.95,0.0,-0.099086,-0.117684
527.45,0.0,-0.069884,-0.089292
530.95,0.0,-0.035577,-0.055333
534.98,0.0,0.00759,-0.014101
538.65,0.0,0.04913,0.026435
542.15,0.0,0.091231,0.067713
545.65,0.0,0.131204,0.107359
549.15,0.0,0.166641,0.142411
552.83,0.0,0.199617,0.17483
556.33,0.0,0.226897,0.201841
559.83,0.0,0.247876,0.222895
563.5,0.0,0.261197,0.23657
567.0,0.0,0.265908,0.241604
570.68,0.0,0.262762,0.238757
574.0,0.0,0.252731,0.229531
577.68,0.0,0.237525,0.214515
581.18,0.0,0.218101,0.195797
584.85,0.0,0.196721,0.174793
588.35,0.0,0.174164,0.152753
591.85,0.0,0.15312,0.13186
595.35,0.0,0.133471,0.112303
598.85,0.0,0.115387,0.094537
602.53,0.0,0.098927,0.078471
606.03,0.0,0.084639,0.064118
609.52,0.0,0.072319,0.051469
613.02,0.0,0.062495,0.041392
616.7,0.0,0.054408,0.033619
620.2,0.0,0.047248,0.026438
623.7,0.0,0.041943,0.021472
627.2,0.0,0.037245,0.016265
630.87,0.0,0.033579,0.012636
634.37,0.0,0.031238,0.010711
638.05,0.0,0.029109,0.008798
641.9,0.0,0.027378,0.009519
645.4,0.0,0.026287,0.006814
649.07,0.0,0.025156,0.005452
652.57,0.0,0.024266,0.004722
656.07,0.0,0.023342,0.003582
659.57,0.0,0.022581,0.002747
663.25,0.0,0.021808,0.001922
666.75,0.0,0.021275,0.000788
670.42,0.0,0.020458,-0.001215
673.92,0.0,0.020326,-0.000524
677.6,0.0,0.020122,-0.000253
681.1,0.0,0.020236,-0.000232
684.6,0.0,0.019697,-0.000447
688.1,0.0,0.019334,-0.00082
691.6,0.0,0.018764,-0.001513
695.27,0.0,0.018742,-0.001516
698.77,0.0,0.018422,-0.000478
702.27,0.0,0.018265,-0.002487
705.77,0.0,0.018129,-0.001523
709.27,0.0,0.018299,-0.00159
12.6,35.0,0.033252,0.007085
16.1,35.0,0.043702,0.022208
19.6,35.0,0.053333,0.032137
23.28,35.0,0.061056,0.039026
26.95,35.0,0.065828,0.043733
30.28,35.0,0.067288,0.045871
33.78,35.0,0.066392,0.045095
37.63,35.0,0.062972,0.042119
40.95,35.0,0.058283,0.037806
44.63,35.0,0.053175,0.03284
48.3,35.0,0.047223,0.027482
51.63,35.0,0.041727,0.02206
55.3,35.0,0.036142,0.016524
58.8,35.0,0.031256,0.011891
62.48,35.0,0.02678,0.007652
65.98,35.0,0.02275,0.003185
69.48,35.0,0.01898,-0.000583
73.15,35.0,0.015939,-0.003479
76.65,35.0,0.012559,-0.007641
80.15,35.0,0.008881,-0.01074
83.83,35.0,0.005387,-0.01448
87.33,35.0,0.001084,-0.018648
90.83,35.0,-0.004123,-0.023926
94.33,35.0,-0.009557,-0.029936
98.0,35.0,-0.015931,-0.035718
101.5,35.0,-0.022712,-0.042333
105.0,35.0,-0.031332,-0.050709
108.33,35.0,-0.043919,-0.062826
112.0,35.0,-0.063208,-0.08168
115.5,35.0,-0.090564,-0.108038
119.0,35.0,-0.124326,-0.141073
122.68,35.0,-0.159911,-0.176137
126.18,35.0,-0.196658,-0.211679
129.68,35.0,-0.228124,-0.24326
133.18,35.0,-0.250589,-0.265435
136.85,35.0,-0.261732,-0.276072
140.35,35.0,-0.258038,-0.272838
143.85,35.0,-0.237801,-0.253648
147.53,35.0,-0.200077,-0.216655
151.03,35.0,-0.145259,-0.163395
154.7,35.0,-0.077601,-0.098599
158.38,35.0,-0.003522,-0.025863
161.88,35.0,0.073523,0.0497
165.55,35.0,0.151807,0.125883
169.05,35.0,0.226604,0.199161
172.73,35.0,0.289515,0.262402
176.23,35.0,0.341545,0.313745
179.9,35.0,0.37917,0.352217
183.4,35.0,0.399993,0.372845
186.9,35.0,0.404937,0.378123
190.58,35.0,0.396786,0.370988
194.08,35.0,0.377331,0.351801
197.58,35.0,0.349832,0.325273
200.9,35.0,0.317254,0.293557
204.75,35.0,0.280781,0.257969
208.25,35.0,0.244685,0.222239
211.93,35.0,0.209642,0.187559
215.43,35.0,0.176795,0.155514
218.93,35.0,0.147704,0.126241
222.6,35.0,0.122196,0.10088
226.1,35.0,0.099938,0.078616
229.6,35.0,0.080739,0.059328
233.28,35.0,0.064867,0.043909
236.78,35.0,0.0523,0.031731
240.28,35.0,0.04206,0.021466
243.78,35.0,0.033172,0.012889
247.45,35.0,0.025979,0.006305
250.95,35.0,0.01987,0.000304
254.45,35.0,0.014642,-0.004736
257.78,35.0,0.010169,-0.008978
261.63,35.0,0.005868,-0.012776
265.3,35.0,0.002569,-0.01655
268.8,35.0,-0.001325,-0.020564
272.3,35.0,-0.00534,-0.024794
275.98,35.0,-0.009517,-0.028781
279.48,35.0,-0.014942,-0.034141
282.98,35.0,-0.02155,-0.040903
286.65,35.0,-0.029945,-0.049329
290.15,35.0,-0.0396,-0.059203
293.65,35.0,-0.051042,-0.069961
297.33,35.0,-0.065259,-0.084483
300.83,35.0,-0.081784,-0.100102
304.33,35.0,-0.100571,-0.118278
307.83,35.0,-0.121424,-0.13862
311.5,35.0,-0.141362,-0.1581
315.0,35.0,-0.16021,-0.176732
318.85,35.0,-0.177135,-0.190466
322.35,35.0,-0.185869,-0.201482
325.85,35.0,-0.186991,-0.20281
329.35,35.0,-0.181911,-0.197943
333.03,35.0,-0.170869,-0.188112
336.53,35.0,-0.154806,-0.172274
340.03,35.0,-0.132662,-0.151066
343.7,35.0,-0.103106,-0.12188
347.2,35.0,-0.064526,-0.08505
350.7,35.0,-0.020284,-0.041316
354.2,35.0,0.030831,0.008123
357.88,35.0,0.079857,0.056487
361.38,35.0,0.127405,0.103511
364.7,35.0,0.168,0.14352
368.38,35.0,0.202765,0.17796
371.88,35.0,0.228089,0.20308
375.55,35.0,0.244506,0.21974
379.05,35.0,0.252211,0.227972
382.73,35.0,0.251863,0.227981
386.23,35.0,0.245054,0.222063
389.9,35.0,0.233058,0.209842
393.4,35.0,0.21674,0.19434
396.9,35.0,0.198101,0.175923
400.4,35.0,0.17807,0.156552
403.9,35.0,0.158132,0.136777
407.58,35.0,0.139364,0.118206
410.9,35.0,0.120985,0.099848
414.58,35.0,0.104703,0.083785
418.08,35.0,0.089559,0.069297
421.58,35.0,0.076114,0.055621
425.6,35.0,0.063142,0.040495
429.1,35.0,0.053302,0.03345
432.78,35.0,0.04474,0.023946
436.28,35.0,0.037245,0.017393
439.95,35.0,0.029901,0.011623
443.45,35.0,0.023724,0.004596
447.13,35.0,0.018145,-0.001476
450.63,35.0,0.01194,-0.007191
454.13,35.0,0.006044,-0.013778
457.8,35.0,0.00032,-0.019314
461.3,35.0,-0.005771,-0.025537
464.8,35.0,-0.01208,-0.031581
468.3,35.0,-0.019588,-0.038932
471.98,35.0,-0.027952,-0.047508
475.48,35.0,-0.03741,-0.056316
478.98,35.0,-0.048279,-0.067367
482.48,35.0,-0.060916,-0.079699
485.98,35.0,-0.075075,-0.09338
489.65,35.0,-0.090315,-0.108506
493.15,35.0,-0.105444,-0.1231
496.65,35.0,-0.117678,-0.13537
500.15,35.0,-0.127604,-0.144973
503.83,35.0,-0.135792,-0.152952
507.33,35.0,-0.142884,-0.159391
511.0,35.0,-0.147517,-0.16391
514.33,35.0,-0.148017,-0.164545
518.0,35.0,-0.142826,-0.159967
521.5,35.0,-0.131214,-0.148534
525.0,35.0,-0.111492,-0.129292
528.68,35.0,-0.084686,-0.103309
532.35,35.0,-0.051874,-0.071985
535.85,35.0,-0.016101,-0.036754
539.35,35.0,0.023262,0.001786
543.03,35.0,0.064626,0.04109
546.53,35.0,0.106992,0.082947
550.2,35.0,0.144934,0.120606
553.7,35.0,0.176693,0.152516
557.2,35.0,0.201453,0.177066
560.88,35.0,0.217839,0.193265
564.38,35.0,0.225581,0.20117
567.88,35.0,0.226083,0.202387
571.38,35.0,0.220652,0.197559
575.05,35.0,0.210057,0.187233
578.55,35.0,0.1962,0.173591
582.05,35.0,0.179595,0.157611
585.55,35.0,0.161971,0.140852
589.23,35.0,0.14519,0.124275
592.73,35.0,0.128736,0.107766
596.23,35.0,0.113169,0.092584
599.73,35.0,0.099001,0.078527
603.4,35.0,0.086355,0.065899
606.9,35.0,0.075618,0.054824
610.4,35.0,0.06666,0.045902
613.9,35.0,0.05909,0.038289
617.58,35.0,0.053138,0.032128
621.08,35.0,0.04783,0.026826
624.75,35.0,0.043822,0.023197
628.25,35.0,0.040323,0.019097
631.75,35.0,0.037356,0.016617
635.25,35.0,0.034947,0.014331
638.75,35.0,0.033006,0.01226
642.25,35.0,0.03137,0.010699
645.92,35.0,0.030193,0.009808
649.42,35.0,0.028856,0.00853
652.75,35.0,0.027809,0.007624
656.6,35.0,0.026817,0.006728
660.1,35.0,0.026386,0.006469
663.6,35.0,0.026432,0.006875
667.1,35.0,0.026389,0.007544
670.77,35.0,0.026493,0.007008
674.27,35.0,0.026392,0.006826
677.95,35.0,0.026518,0.00682
681.45,35.0,0.026355,0.006635
684.95,35.0,0.026191,0.006265
688.45,35.0,0.025819,0.005585
692.12,35.0,0.02527,0.00544
695.62,35.0,0.02535,0.004836
699.12,35.0,0.025049,0.004617
702.62,35.0,0.024667,0.003924
706.3,35.0,0.024281,0.003508
709.8,35.0,0.023767,0.003256
12.25,70.0,0.094904,0.063527
15.75,70.0,0.081653,0.060172
19.25,70.0,0.069072,0.048277
22.75,70.0,0.057907,0.03816
26.43,70.0,0.049235,0.029756
30.28,70.0,0.042128,0.021558
33.95,70.0,0.037048,0.016552
37.63,70.0,0.033727,0.012374
41.13,70.0,0.031629,0.010526
44.45,70.0,0.030557,0.010206
48.3,70.0,0.029931,0.009432
51.98,70.0,0.029482,0.009676
55.48,70.0,0.029432,0.009891
59.15,70.0,0.029488,0.010126
62.65,70.0,0.029479,0.010101
66.33,70.0,0.029389,0.009836
69.83,70.0,0.029395,0.009854
73.33,70.0,0.029158,0.009725
76.83,70.0,0.028616,0.008665
80.5,70.0,0.027033,0.007245
84.0,70.0,0.024793,0.004562
87.5,70.0,0.021583,0.001681
91.0,70.0,0.017399,-0.002857
94.5,70.0,0.010834,-0.00899
98.18,70.0,0.002251,-0.016858
101.68,70.0,-0.009431,-0.02915
105.0,70.0,-0.024656,-0.04387
108.85,70.0,-0.043664,-0.063168
112.18,70.0,-0.065564,-0.083867
115.68,70.0,-0.092197,-0.110235
119.18,70.0,-0.122527,-0.139474
123.03,70.0,-0.153192,-0.168457
126.7,70.0,-0.182819,-0.198146
130.2,70.0,-0.209991,-0.224221
133.7,70.0,-0.230429,-0.244101
137.38,70.0,-0.240786,-0.255395
141.05,70.0,-0.239369,-0.254834
144.55,70.0,-0.224948,-0.241365
148.05,70.0,-0.196054,-0.213411
151.73,70.0,-0.153534,-0.172579
155.23,70.0,-0.101402,-0.120971
158.73,70.0,-0.040167,-0.062086
162.4,70.0,0.024975,0.001915
165.9,70.0,0.087149,0.063548
169.4,70.0,0.145788,0.120892
173.08,70.0,0.195378,0.170014
176.4,70.0,0.233569,0.20811
180.08,70.0,0.259534,0.23421
183.58,70.0,0.273264,0.24803
187.25,70.0,0.275529,0.2512
190.75,70.0,0.268609,0.244318
194.25,70.0,0.253896,0.2306
197.75,70.0,0.23429,0.211632
201.6,70.0,0.209386,0.186758
205.28,70.0,0.184528,0.161961
208.95,70.0,0.159238,0.135215
212.45,70.0,0.137849,0.116164
215.95,70.0,0.118292,0.096635
219.45,70.0,0.100467,0.079047
223.13,70.0,0.084731,0.06356
226.63,70.0,0.072039,0.050871
230.3,70.0,0.061469,0.041281
233.98,70.0,0.053219,0.033776
237.48,70.0,0.04641,0.027273
241.33,70.0,0.041256,0.021198
244.83,70.0,0.03706,0.016398
248.5,70.0,0.033675,0.012458
252.0,70.0,0.031216,0.010831
255.85,70.0,0.02869,0.007239
259.35,70.0,0.026709,0.006521
262.85,70.0,0.024787,0.005301
266.35,70.0,0.023031,0.003061
270.03,70.0,0.021136,0.001845
273.53,70.0,0.019032,-0.000565
277.2,70.0,0.016974,-0.00261
280.7,70.0,0.013933,-0.005432
284.2,70.0,0.009935,-0.009345
287.7,70.0,0.004907,-0.014449
291.2,70.0,-0.001991,-0.020987
294.88,70.0,-0.010352,-0.029372
298.38,70.0,-0.02086,-0.039668
301.88,70.0,-0.03314,-0.051948
305.55,70.0,-0.047071,-0.06659
309.05,70.0,-0.062702,-0.081128
312.73,70.0,-0.080093,-0.09846
315.7,70.0,-0.09842,-0.11684
319.73,70.0,-0.115262,-0.132829
323.23,70.0,-0.129828,-0.147021
326.9,70.0,-0.140241,-0.157718
330.23,70.0,-0.145826,-0.163149
333.9,70.0,-0.144751,-0.162194
337.58,70.0,-0.136307,-0.153716
341.08,70.0,-0.120743,-0.138593
344.58,70.0,-0.096396,-0.114656
348.08,70.0,-0.066288,-0.084819
351.75,70.0,-0.032,-0.051692
355.25,70.0,0.00593,-0.014283
358.75,70.0,0.043825,0.022636
362.43,70.0,0.080246,0.058249
365.93,70.0,0.113499,0.090942
369.43,70.0,0.140809,0.11799
372.93,70.0,0.161432,0.138465
376.43,70.0,0.176133,0.152904
380.1,70.0,0.184053,0.160963
383.6,70.0,0.184746,0.161083
387.28,70.0,0.180011,0.156339
390.78,70.0,0.1704,0.147054
394.45,70.0,0.158314,0.135474
397.95,70.0,0.144275,0.122063
401.63,70.0,0.129728,0.108071
405.13,70.0,0.114811,0.093902
408.8,70.0,0.100051,0.079784
412.3,70.0,0.08641,0.065939
415.8,70.0,0.073745,0.053708
419.48,70.0,0.062907,0.04284
422.98,70.0,0.053829,0.033671
426.48,70.0,0.045526,0.025711
429.98,70.0,0.038918,0.019164
433.48,70.0,0.033102,0.013108
436.98,70.0,0.028225,0.008641
440.65,70.0,0.024072,0.004186
444.15,70.0,0.020175,0.000344
447.65,70.0,0.017193,-0.002844
451.33,70.0,0.013998,-0.00598
454.83,70.0,0.011031,-0.009523
458.33,70.0,0.007729,-0.012447
461.83,70.0,0.004537,-0.015524
465.5,70.0,0.000341,-0.020059
468.83,70.0,-0.004261,-0.024221
472.5,70.0,-0.009597,-0.029212
476.0,70.0,-0.016134,-0.035863
479.15,70.0,-0.023605,-0.042447
483.0,70.0,-0.032789,-0.0507
486.85,70.0,-0.042696,-0.060968
490.35,70.0,-0.054689,-0.072573
493.85,70.0,-0.068161,-0.085152
497.35,70.0,-0.082807,-0.099554
501.2,70.0,-0.097705,-0.114569
504.7,70.0,-0.111812,-0.128771
508.2,70.0,-0.124227,-0.140928
511.88,70.0,-0.133429,-0.150641
515.38,70.0,-0.137995,-0.155004
518.7,70.0,-0.137354,-0.155053
522.38,70.0,-0.13107,-0.148651
526.05,70.0,-0.117804,-0.136285
529.55,70.0,-0.097172,-0.116633
533.05,70.0,-0.071812,-0.091375
536.55,70.0,-0.041849,-0.062502
540.23,70.0,-0.008309,-0.029153
543.9,70.0,0.027827,0.006795
547.4,70.0,0.060951,0.039522
551.08,70.0,0.091811,0.070125
553.7,70.0,0.118545,0.096749
558.08,70.0,0.138034,0.115711
561.58,70.0,0.151774,0.129737
565.08,70.0,0.159441,0.137313
568.75,70.0,0.16177,0.13982
572.25,70.0,0.159586,0.13759
575.93,70.0,0.153533,0.130609
579.43,70.0,0.14417,0.121703
583.1,70.0,0.133024,0.110523
586.78,70.0,0.120242,0.09763
590.8,70.0,0.10612,0.087097
594.3,70.0,0.093776,0.073274
597.98,70.0,0.081995,0.061463
601.48,70.0,0.071675,0.05154
605.5,70.0,0.061499,0.038163
609.18,70.0,0.05422,0.034294
612.68,70.0,0.048024,0.028209
616.35,70.0,0.043231,0.023748
619.85,70.0,0.039137,0.019512
623.52,70.0,0.035914,0.016037
627.02,70.0,0.033194,0.013419
630.52,70.0,0.031259,0.011493
634.2,70.0,0.02918,0.00954
637.7,70.0,0.027978,0.008259
641.2,70.0,0.026965,0.006943
644.7,70.0,0.026041,0.006429
648.2,70.0,0.025212,0.005671
651.7,70.0,0.024577,0.004328
655.2,70.0,0.023807,0.003326
658.87,70.0,0.023277,0.003012
662.2,70.0,0.022735,0.002245
665.87,70.0,0.021946,0.000455
669.55,70.0,0.022097,0.001287
673.22,70.0,0.021478,0.001296
676.72,70.0,0.021697,0.001456
680.22,70.0,0.021589,0.00154
683.72,70.0,0.021731,0.001352
687.4,70.0,0.021644,0.001835
690.9,70.0,0.021632,0.001931
694.4,70.0,0.021503,0.001931
697.9,70.0,0.021509,0.002338
701.4,70.0,0.02154,0.001882
704.9,70.0,0.02154,0.001965
708.57,70.0,0.021071,0.001771
12.6,105.0,0.074534,0.047051
16.1,105.0,0.083542,0.062337
19.95,105.0,0.091345,0.068641
23.45,105.0,0.097082,0.075264
26.95,105.0,0.101955,0.079706
30.97,105.0,0.106613,0.085486
34.65,105.0,0.10974,0.088582
38.15,105.0,0.112131,0.090772
41.65,105.0,0.113644,0.092248
45.32,105.0,0.114368,0.093148
49.0,105.0,0.114808,0.093317
52.5,105.0,0.114263,0.092556
56.0,105.0,0.113237,0.091379
59.67,105.0,0.111888,0.08958
63.17,105.0,0.110301,0.088138
66.67,105.0,0.108462,0.08605
70.35,105.0,0.107442,0.085098
73.85,105.0,0.106022,0.084093
77.35,105.0,0.104432,0.082827
80.85,105.0,0.102661,0.081065
84.52,105.0,0.10036,0.078739
88.02,105.0,0.096986,0.075507
91.52,105.0,0.093018,0.071878
95.02,105.0,0.087886,0.066737
98.52,105.0,0.080945,0.060239
102.2,105.0,0.071003,0.05101
105.7,105.0,0.058976,0.038893
109.2,105.0,0.043872,0.024879
112.87,105.0,0.025782,0.006761
116.37,105.0,0.00385,-0.014767
119.87,105.0,-0.020595,-0.038272
123.37,105.0,-0.045832,-0.063439
127.05,105.0,-0.072077,-0.089606
130.55,105.0,-0.096516,-0.113275
134.05,105.0,-0.117554,-0.134788
137.55,105.0,-0.131279,-0.149366
141.22,105.0,-0.13566,-0.153395
144.72,105.0,-0.129461,-0.147678
148.4,105.0,-0.11204,-0.130912
151.9,105.0,-0.081846,-0.101547
155.57,105.0,-0.043858,-0.064018
159.07,105.0,0.001755,-0.019554
162.57,105.0,0.050381,0.028049
166.25,105.0,0.100378,0.077923
169.75,105.0,0.145692,0.1221
173.25,105.0,0.185347,0.161515
176.92,105.0,0.217054,0.193117
180.42,105.0,0.237812,0.21348
183.92,105.0,0.248807,0.224765
187.6,105.0,0.25011,0.226339
191.1,105.0,0.244044,0.220658
194.42,105.0,0.231336,0.208653
198.1,105.0,0.213761,0.190966
201.77,105.0,0.192997,0.169793
205.27,105.0,0.17181,0.149962
208.77,105.0,0.151499,0.129405
212.45,105.0,0.132535,0.109679
215.95,105.0,0.115862,0.094269
219.45,105.0,0.101071,0.079894
223.12,105.0,0.088373,0.066721
226.62,105.0,0.077686,0.056503
230.12,105.0,0.069241,0.048265
233.8,105.0,0.062436,0.041758
237.3,105.0,0.056959,0.036928
240.98,105.0,0.053212,0.032596
244.48,105.0,0.04971,0.030052
247.98,105.0,0.047036,0.027421
251.48,105.0,0.044771,0.024993
255.15,105.0,0.043126,0.023037
258.65,105.0,0.041296,0.021435
262.33,105.0,0.039512,0.019623
265.83,105.0,0.037821,0.017599
269.33,105.0,0.036056,0.015708
272.83,105.0,0.034248,0.014124
276.33,105.0,0.032273,0.011487
280.0,105.0,0.030295,0.009312
283.5,105.0,0.02763,0.007313
286.65,105.0,0.02401,0.002877
290.68,105.0,0.019337,-0.001116
294.18,105.0,0.013727,-0.006381
297.85,105.0,0.006108,-0.013725
301.35,105.0,-0.002875,-0.022659
304.85,105.0,-0.013513,-0.03228
308.35,105.0,-0.025198,-0.04412
312.03,105.0,-0.038017,-0.056107
315.53,105.0,-0.051325,-0.069403
319.03,105.0,-0.065438,-0.082441
322.7,105.0,-0.077783,-0.095133
326.2,105.0,-0.088152,-0.105447
329.7,105.0,-0.095195,-0.112887
333.38,105.0,-0.096954,-0.114575
336.88,105.0,-0.092305,-0.111227
340.55,105.0,-0.081609,-0.100115
344.05,105.0,-0.064776,-0.083978
347.55,105.0,-0.043266,-0.062977
351.05,105.0,-0.01728,-0.037826
354.55,105.0,0.011842,-0.009089
358.05,105.0,0.041481,0.019851
361.73,105.0,0.070942,0.04763
365.23,105.0,0.097063,0.074734
368.9,105.0,0.118881,0.095908
372.4,105.0,0.13421,0.111247
375.73,105.0,0.144013,0.122649
379.58,105.0,0.14738,0.125319
383.08,105.0,0.145886,0.124026
386.58,105.0,0.139688,0.117883
390.25,105.0,0.130366,0.109029
393.58,105.0,0.118887,0.098145
397.25,105.0,0.105665,0.085381
400.93,105.0,0.092211,0.071909
404.08,105.0,0.078899,0.058739
407.4,105.0,0.066783,0.046657
411.43,105.0,0.056247,0.035834
414.93,105.0,0.046912,0.027054
418.6,105.0,0.039583,0.018761
422.28,105.0,0.032867,0.011703
425.78,105.0,0.028554,0.00816
429.28,105.0,0.025172,0.004272
432.78,105.0,0.02292,0.002168
436.45,105.0,0.021638,0.001145
439.95,105.0,0.020877,0.000421
443.45,105.0,0.021124,0.000923
446.95,105.0,0.022424,0.002242
450.63,105.0,0.024987,0.005255
454.13,105.0,0.028588,0.008718
457.8,105.0,0.033225,0.013641
461.3,105.0,0.039417,0.018859
464.8,105.0,0.047267,0.027257
468.3,105.0,0.056829,0.036552
471.98,105.0,0.065538,0.044971
475.48,105.0,0.071037,0.050175
478.98,105.0,0.072285,0.051814
482.48,105.0,0.06922,0.048219
486.15,105.0,0.061817,0.041241
489.65,105.0,0.051142,0.030477
493.33,105.0,0.038299,0.01784
496.83,105.0,0.024026,0.003933
500.33,105.0,0.009426,-0.010333
503.83,105.0,-0.004351,-0.024181
507.33,105.0,-0.016171,-0.035731
510.83,105.0,-0.025229,-0.044754
514.5,105.0,-0.030817,-0.050287
518.0,105.0,-0.032028,-0.051643
521.5,105.0,-0.027693,-0.047324
525.0,105.0,-0.018467,-0.038463
527.98,105.0,-0.004101,-0.024536
532.18,105.0,0.014968,-0.005186
535.68,105.0,0.036678,0.015803
539.18,105.0,0.060566,0.039343
542.85,105.0,0.086407,0.065227
546.35,105.0,0.111305,0.089318
549.85,105.0,0.134013,0.111681
553.53,105.0,0.153252,0.130369
557.03,105.0,0.168856,0.14609
560.53,105.0,0.180868,0.157233
564.2,105.0,0.188098,0.1647
567.88,105.0,0.191475,0.167695
571.38,105.0,0.191244,0.16799
574.88,105.0,0.187553,0.163576
578.38,105.0,0.182313,0.159223
582.05,105.0,0.175085,0.151884
585.55,105.0,0.167876,0.14487
589.05,105.0,0.160477,0.137642
592.37,105.0,0.153496,0.130794
596.05,105.0,0.146583,0.123976
599.72,105.0,0.140421,0.117954
603.22,105.0,0.13458,0.112676
606.72,105.0,0.129953,0.108403
610.4,105.0,0.125689,0.104512
613.9,105.0,0.122248,0.100591
617.57,105.0,0.11934,0.098588
621.25,105.0,0.116546,0.093755
624.92,105.0,0.114155,0.092328
628.42,105.0,0.112276,0.089269
632.1,105.0,0.110717,0.089087
635.6,105.0,0.109352,0.086666
639.27,105.0,0.108271,0.08645
642.77,105.0,0.108222,0.086105
646.27,105.0,0.107907,0.086238
649.95,105.0,0.107356,0.086305
653.45,105.0,0.106746,0.085926
656.95,105.0,0.106161,0.085511
660.62,105.0,0.105846,0.084768
664.12,105.0,0.105517,0.084522
667.62,105.0,0.105295,0.084531
671.12,105.0,0.105239,0.084284
674.8,105.0,0.105224,0.084291
678.3,105.0,0.105332,0.083714
682.5,105.0,0.105138,0.081336
686.0,105.0,0.10491,0.084217
689.67,105.0,0.105261,0.084756
693.52,105.0,0.105215,0.084155
697.02,105.0,0.105141,0.081894
700.7,105.0,0.105098,0.08389
704.2,105.0,0.105187,0.083175
707.7,105.0,0.104774,0.082997
11.9,140.0,0.093194,0.063597
15.4,140.0,0.088631,0.066666
19.07,140.0,0.083511,0.061327
22.57,140.0,0.078921,0.05727
26.07,140.0,0.073761,0.052054
30.27,140.0,0.069016,0.050338
33.95,140.0,0.065585,0.045172
37.45,140.0,0.063456,0.04226
40.95,140.0,0.06186,0.041228
44.45,140.0,0.060662,0.039873
48.12,140.0,0.059904,0.038699
51.62,140.0,0.058995,0.037445
55.12,140.0,0.057855,0.036573
58.8,140.0,0.056869,0.035514
62.3,140.0,0.055252,0.033976
65.8,140.0,0.052602,0.031617
69.3,140.0,0.049589,0.028708
72.8,140.0,0.046244,0.025628
76.47,140.0,0.043138,0.022895
80.15,140.0,0.039676,0.020215
83.65,140.0,0.036,0.016364
87.15,140.0,0.031872,0.012267
90.65,140.0,0.027023,0.007581
94.15,140.0,0.020252,0.000689
97.82,140.0,0.010862,-0.008001
101.32,140.0,-0.0007,-0.019619
105.0,140.0,-0.015845,-0.034779
108.5,140.0,-0.033513,-0.051763
112.0,140.0,-0.054511,-0.072447
115.5,140.0,-0.079107,-0.097305
119.17,140.0,-0.107283,-0.124847
122.67,140.0,-0.136122,-0.153266
126.17,140.0,-0.163987,-0.180007
129.85,140.0,-0.190074,-0.206079
133.35,140.0,-0.21183,-0.227453
136.85,140.0,-0.224948,-0.240549
140.52,140.0,-0.227305,-0.243291
144.02,140.0,-0.21866,-0.235136
147.52,140.0,-0.196907,-0.214082
151.2,140.0,-0.162172,-0.179979
154.7,140.0,-0.117635,-0.136716
158.2,140.0,-0.062096,-0.081772
161.7,140.0,-0.002394,-0.023799
165.72,140.0,0.067374,0.043379
169.22,140.0,0.128169,0.104041
172.72,140.0,0.181737,0.156952
176.4,140.0,0.22872,0.202162
180.07,140.0,0.263064,0.236906
183.57,140.0,0.286558,0.260714
187.25,140.0,0.298067,0.27247
190.75,140.0,0.298215,0.27344
194.42,140.0,0.288825,0.265332
197.92,140.0,0.272451,0.249025
201.6,140.0,0.251324,0.228067
205.1,140.0,0.228425,0.205862
208.6,140.0,0.203801,0.181863
212.1,140.0,0.178653,0.156712
215.78,140.0,0.154916,0.133582
219.28,140.0,0.133138,0.112085
222.78,140.0,0.113295,0.092168
226.28,140.0,0.095751,0.074038
229.78,140.0,0.08096,0.059919
233.45,140.0,0.068163,0.047079
236.95,140.0,0.058034,0.037082
240.8,140.0,0.048644,0.028564
244.3,140.0,0.042039,0.021872
247.8,140.0,0.036068,0.016041
251.48,140.0,0.031278,0.011715
254.8,140.0,0.026761,0.007744
258.65,140.0,0.022698,0.003209
262.15,140.0,0.018822,-0.000481
265.83,140.0,0.015332,-0.003956
269.33,140.0,0.011706,-0.007816
272.83,140.0,0.007479,-0.012157
276.33,140.0,0.002686,-0.017379
279.83,140.0,-0.002964,-0.023004
283.5,140.0,-0.009646,-0.028922
287.18,140.0,-0.018411,-0.039418
290.68,140.0,-0.027881,-0.047293
294.18,140.0,-0.039221,-0.058402
297.85,140.0,-0.052213,-0.070931
301.35,140.0,-0.067792,-0.085675
304.85,140.0,-0.085192,-0.102607
308.35,140.0,-0.104899,-0.121325
312.03,140.0,-0.125176,-0.141396
315.53,140.0,-0.144868,-0.160974
319.03,140.0,-0.163663,-0.178928
322.7,140.0,-0.180287,-0.195361
326.2,140.0,-0.192277,-0.207557
328.83,140.0,-0.19834,-0.213639
333.38,140.0,-0.196719,-0.212684
336.88,140.0,-0.186448,-0.203041
340.2,140.0,-0.167379,-0.185087
344.05,140.0,-0.140111,-0.159175
347.55,140.0,-0.1059,-0.125546
351.23,140.0,-0.066184,-0.08671
354.73,140.0,-0.024218,-0.045441
358.23,140.0,0.019152,-0.002367
361.9,140.0,0.06093,0.038958
365.4,140.0,0.098631,0.075686
369.08,140.0,0.130812,0.108172
372.58,140.0,0.155042,0.131795
376.25,140.0,0.173061,0.151077
379.93,140.0,0.182772,0.159808
383.43,140.0,0.184833,0.162079
386.93,140.0,0.181253,0.158212
390.43,140.0,0.17234,0.148847
394.1,140.0,0.160701,0.138622
397.6,140.0,0.147202,0.124734
401.1,140.0,0.133108,0.111074
405.13,140.0,0.118027,0.096509
408.63,140.0,0.105785,0.085129
412.3,140.0,0.095966,0.074793
415.98,140.0,0.089941,0.069673
419.48,140.0,0.087877,0.066823
423.15,140.0,0.088687,0.06808
426.65,140.0,0.089491,0.068483
430.15,140.0,0.08873,0.067621
433.65,140.0,0.085366,0.063336
437.15,140.0,0.080668,0.059913
440.83,140.0,0.074451,0.052932
444.33,140.0,0.068597,0.047667
448.0,140.0,0.063,0.041188
451.68,140.0,0.058151,0.037285
455.18,140.0,0.055255,0.034703
458.68,140.0,0.053098,0.032642
462.35,140.0,0.051841,0.032257
465.68,140.0,0.051262,0.031823
469.7,140.0,0.051826,0.03158
473.2,140.0,0.051792,0.031401
476.7,140.0,0.051808,0.03141
480.38,140.0,0.051447,0.028564
484.05,140.0,0.050276,0.029038
487.55,140.0,0.048363,0.027267
491.23,140.0,0.045409,0.024762
494.73,140.0,0.041909,0.021395
498.23,140.0,0.037165,0.016863
501.73,140.0,0.032045,0.011561
505.23,140.0,0.027245,0.007501
508.9,140.0,0.023083,0.003252
512.4,140.0,0.021315,0.001321
515.9,140.0,0.022196,0.002624
519.4,140.0,0.027877,0.008086
523.08,140.0,0.037572,0.017273
526.75,140.0,0.051943,0.031731
530.25,140.0,0.070926,0.049506
533.75,140.0,0.094414,0.072738
537.25,140.0,0.121145,0.098209
541.1,140.0,0.15117,0.125122
544.78,140.0,0.17918,0.154987
548.28,140.0,0.206321,0.181647
551.78,140.0,0.230042,0.205252
555.45,140.0,0.249833,0.225513
558.95,140.0,0.265329,0.240701
562.45,140.0,0.27681,0.252482
566.13,140.0,0.283197,0.258868
569.63,140.0,0.284454,0.260369
573.3,140.0,0.281394,0.256875
576.98,140.0,0.275329,0.251166
580.48,140.0,0.267115,0.243095
583.98,140.0,0.257972,0.234438
587.65,140.0,0.247682,0.222879
591.15,140.0,0.236804,0.212356
594.82,140.0,0.225495,0.201539
598.32,140.0,0.214719,0.190905
601.82,140.0,0.204783,0.181505
605.32,140.0,0.195578,0.172331
609.0,140.0,0.187276,0.164352
612.5,140.0,0.180446,0.157655
616.0,140.0,0.174213,0.151758
619.5,140.0,0.169195,0.147029
623.17,140.0,0.164552,0.142698
626.5,140.0,0.160547,0.138409
630.17,140.0,0.157211,0.13568
633.67,140.0,0.154096,0.13222
637.17,140.0,0.151225,0.12978
640.85,140.0,0.148992,0.126977
644.52,140.0,0.14694,0.125042
648.02,140.0,0.145535,0.123677
651.52,140.0,0.14429,0.121888
655.02,140.0,0.142957,0.120637
658.7,140.0,0.141308,0.1186
662.2,140.0,0.139882,0.117069
665.7,140.0,0.138123,0.115779
669.2,140.0,0.136278,0.113554
672.87,140.0,0.134595,0.112189
676.2,140.0,0.133268,0.110628
679.7,140.0,0.131909,0.109528
683.37,140.0,0.130979,0.108354
686.87,140.0,0.129854,0.107473
690.55,140.0,0.129007,0.106965
693.7,140.0,0.128369,0.106385
697.55,140.0,0.127803,0.105751
701.05,140.0,0.126826,0.105258
704.72,140.0,0.126087,0.104636
708.22,140.0,0.124897,0.10421
11.73,175.0,0.044728,0.017359
15.23,175.0,0.041857,0.021275
18.73,175.0,0.038339,0.016463
22.4,175.0,0.035526,0.014851
25.9,175.0,0.033095,0.012187
29.4,175.0,0.031158,0.010375
33.08,175.0,0.029146,0.008588
36.58,175.0,0.027797,0.007279
39.9,175.0,0.027282,0.007359
43.58,175.0,0.026903,0.006518
47.25,175.0,0.026817,0.00654
50.75,175.0,0.027304,0.007452
54.43,175.0,0.027042,0.007273
57.58,175.0,0.026527,0.006835
61.43,175.0,0.026167,0.007002
64.93,175.0,0.025548,0.005837
68.43,175.0,0.025101,0.005468
71.93,175.0,0.024297,0.004503
75.6,175.0,0.022615,0.003163
79.1,175.0,0.020387,0.000652
82.6,175.0,0.017532,-0.002376
86.28,175.0,0.012864,-0.007207
89.78,175.0,0.006925,-0.01289
93.28,175.0,-0.000586,-0.020142
96.78,175.0,-0.009958,-0.029252
100.45,175.0,-0.022139,-0.041834
104.3,175.0,-0.037924,-0.055694
107.8,175.0,-0.054246,-0.072699
111.48,175.0,-0.073115,-0.090829
114.98,175.0,-0.095872,-0.112561
118.65,175.0,-0.121529,-0.137357
121.98,175.0,-0.146793,-0.162705
125.65,175.0,-0.173334,-0.18867
129.15,175.0,-0.198263,-0.213531
133.0,175.0,-0.220746,-0.238534
136.68,175.0,-0.23273,-0.248414
140.18,175.0,-0.235422,-0.251159
143.68,175.0,-0.226649,-0.242758
147.53,175.0,-0.201562,-0.215811
151.2,175.0,-0.167927,-0.185666
154.7,175.0,-0.121917,-0.139939
158.38,175.0,-0.06663,-0.08655
161.88,175.0,-0.005642,-0.026871
165.38,175.0,0.056564,0.034371
168.88,175.0,0.118779,0.095159
172.38,175.0,0.175359,0.15121
176.05,175.0,0.226539,0.200517
179.73,175.0,0.266207,0.238862
183.23,175.0,0.294398,0.267488
186.9,175.0,0.310245,0.283825
190.23,175.0,0.314977,0.288804
193.9,175.0,0.310335,0.285587
197.58,175.0,0.297895,0.273172
201.08,175.0,0.278881,0.255304
204.58,175.0,0.256866,0.233434
208.25,175.0,0.232701,0.210486
211.75,175.0,0.207969,0.186086
215.25,175.0,0.183141,0.161847
218.75,175.0,0.16019,0.138828
222.43,175.0,0.138859,0.117701
225.93,175.0,0.119605,0.09849
229.43,175.0,0.102285,0.08182
233.1,175.0,0.086604,0.064888
236.6,175.0,0.073576,0.052202
240.28,175.0,0.062806,0.041456
243.78,175.0,0.053662,0.032368
247.45,175.0,0.045606,0.024947
250.95,175.0,0.039041,0.018554
254.45,175.0,0.033237,0.012766
258.13,175.0,0.028462,0.008237
261.63,175.0,0.023816,0.003986
265.13,175.0,0.019328,-0.000642
268.63,175.0,0.014549,-0.003645
272.3,175.0,0.009161,-0.00989
275.8,175.0,0.003434,-0.015583
279.3,175.0,-0.003303,-0.02237
282.98,175.0,-0.011215,-0.030364
286.48,175.0,-0.02078,-0.039474
289.98,175.0,-0.031683,-0.050278
293.65,175.0,-0.044184,-0.062875
297.15,175.0,-0.058349,-0.076433
300.65,175.0,-0.074868,-0.092937
304.33,175.0,-0.094187,-0.112099
307.83,175.0,-0.115463,-0.133004
311.33,175.0,-0.136504,-0.153682
315.0,175.0,-0.157659,-0.174828
318.5,175.0,-0.177437,-0.193858
322.0,175.0,-0.194594,-0.210512
325.5,175.0,-0.206679,-0.22248
329.0,175.0,-0.212668,-0.228324
332.68,175.0,-0.210444,-0.226766
336.18,175.0,-0.199772,-0.216174
339.68,175.0,-0.180133,-0.197135
343.18,175.0,-0.151824,-0.168984
346.85,175.0,-0.117551,-0.136442
350.35,175.0,-0.075373,-0.094914
353.85,175.0,-0.030796,-0.051267
357.53,175.0,0.021684,-0.000617
361.38,175.0,0.066626,0.043678
364.88,175.0,0.108921,0.085335
368.55,175.0,0.144827,0.120156
372.05,175.0,0.172236,0.148089
375.55,175.0,0.193058,0.168613
379.05,175.0,0.205868,0.181647
382.55,175.0,0.210991,0.186687
386.05,175.0,0.209808,0.185939
389.55,175.0,0.202732,0.179411
393.23,175.0,0.191743,0.168557
396.73,175.0,0.178163,0.155581
400.23,175.0,0.163523,0.141681
403.9,175.0,0.149904,0.128289
407.4,175.0,0.137762,0.116712
411.08,175.0,0.128514,0.107399
414.58,175.0,0.122507,0.101521
418.08,175.0,0.119121,0.098012
421.58,175.0,0.115227,0.094143
425.08,175.0,0.109448,0.088705
428.75,175.0,0.10255,0.081632
432.43,175.0,0.09393,0.070889
435.93,175.0,0.085085,0.063388
439.6,175.0,0.077177,0.055452
443.1,175.0,0.070079,0.048733
447.3,175.0,0.064303,0.045874
450.8,175.0,0.060809,0.04048
454.48,175.0,0.058702,0.037849
457.98,175.0,0.057627,0.03641
461.65,175.0,0.057498,0.035055
465.15,175.0,0.058015,0.036521
468.83,175.0,0.058428,0.037208
472.33,175.0,0.058801,0.037371
475.83,175.0,0.058283,0.037371
479.33,175.0,0.056925,0.035871
482.83,175.0,0.054845,0.033936
486.33,175.0,0.050729,0.029968
489.83,175.0,0.045283,0.02487
493.5,175.0,0.038902,0.018884
497.0,175.0,0.031527,0.011167
500.5,175.0,0.023317,0.003936
504.18,175.0,0.015763,-0.003149
507.68,175.0,0.009328,-0.009884
511.35,175.0,0.00564,-0.013654
514.85,175.0,0.005717,-0.013507
518.35,175.0,0.010659,-0.009234
522.2,175.0,0.021521,-0.001504
525.7,175.0,0.037029,0.015378
529.38,175.0,0.056811,0.034941
532.88,175.0,0.08158,0.059395
536.38,175.0,0.110477,0.087473
539.88,175.0,0.1406,0.116962
543.55,175.0,0.171321,0.147781
547.23,175.0,0.201789,0.177855
550.73,175.0,0.229186,0.205501
554.23,175.0,0.252377,0.228037
557.73,175.0,0.271949,0.247285
561.4,175.0,0.287143,0.262467
564.9,175.0,0.297756,0.27263
568.4,175.0,0.303163,0.27815
572.08,175.0,0.304518,0.278566
575.75,175.0,0.302152,0.276096
579.25,175.0,0.297439,0.272294
582.4,175.0,0.289743,0.263378
586.43,175.0,0.280624,0.255917
590.1,175.0,0.270778,0.24645
593.6,175.0,0.260584,0.236542
597.28,175.0,0.249192,0.226847
601.13,175.0,0.239882,0.216459
604.63,175.0,0.230929,0.207537
608.3,175.0,0.223015,0.198952
611.8,175.0,0.215855,0.191641
615.48,175.0,0.209913,0.185837
618.98,175.0,0.204411,0.180877
622.47,175.0,0.199845,0.176046
625.97,175.0,0.196062,0.172787
629.47,175.0,0.19239,0.16893
633.15,175.0,0.189352,0.166006
636.65,175.0,0.18678,0.163647
640.15,175.0,0.184842,0.161518
643.82,175.0,0.183181,0.160304
647.32,175.0,0.181564,0.158985
650.82,175.0,0.180098,0.15735
654.32,175.0,0.178717,0.156558
658.0,175.0,0.177362,0.155597
661.5,175.0,0.176582,0.154158
665.0,175.0,0.175846,0.153779
668.5,175.0,0.175356,0.153218
672.35,175.0,0.174928,0.150686
675.85,175.0,0.174605,0.150748
679.35,175.0,0.174072,0.15076
683.02,175.0,0.173631,0.15056
686.52,175.0,0.173135,0.14975
690.2,175.0,0.172571,0.149552
693.7,175.0,0.172442,0.149429
697.2,175.0,0.172266,0.149555
700.87,175.0,0.171761,0.149386
704.37,175.0,0.171096,0.149189
708.05,175.0,0.169965,0.147627
12.6,210.18,0.00446,-0.022552
16.28,210.18,0.001851,-0.018085
19.78,210.18,-0.000571,-0.019341
23.28,210.18,-0.002635,-0.021951
26.78,210.18,-0.004304,-0.023343
30.45,210.18,-0.005463,-0.02416
34.13,210.18,-0.00595,-0.025087
37.63,210.18,-0.006282,-0.0259
41.3,210.18,-0.005774,-0.025925
44.8,210.18,-0.005429,-0.02521
48.3,210.18,-0.004804,-0.024902
52.33,210.18,-0.003901,-0.024828
55.83,210.18,-0.003128,-0.022869
59.5,210.18,-0.002441,-0.021646
63.0,210.18,-0.00163,-0.021168
66.68,210.18,-0.001486,-0.020207
70.18,210.18,-0.001714,-0.020891
73.68,210.18,-0.00217,-0.021365
77.18,210.18,-0.003306,-0.022542
80.85,210.18,-0.005494,-0.024985
84.35,210.18,-0.007709,-0.027071
87.85,210.18,-0.011575,-0.031923
91.53,210.18,-0.016852,-0.036969
95.03,210.18,-0.023467,-0.042792
98.53,210.18,-0.031763,-0.051221
102.2,210.18,-0.042022,-0.061412
105.53,210.18,-0.054871,-0.073636
109.03,210.18,-0.070709,-0.089166
112.7,210.18,-0.090207,-0.108343
116.2,210.18,-0.112872,-0.130284
119.88,210.18,-0.13733,-0.15366
123.38,210.18,-0.162055,-0.177795
126.88,210.18,-0.186224,-0.201812
130.55,210.18,-0.208756,-0.22293
134.05,210.18,-0.225697,-0.239948
137.55,210.18,-0.235074,-0.249557
141.05,210.18,-0.235644,-0.250312
144.73,210.18,-0.224997,-0.240604
148.23,210.18,-0.202862,-0.218962
151.73,210.18,-0.168408,-0.185848
155.23,210.18,-0.124924,-0.143516
158.9,210.18,-0.070053,-0.090777
162.4,210.18,-0.011997,-0.033624
165.9,210.18,0.04824,0.025689
169.4,210.18,0.107547,0.083946
172.55,210.18,0.161638,0.136903
176.58,210.18,0.210135,0.184075
180.25,210.18,0.247605,0.221435
183.75,210.18,0.274216,0.248283
187.25,210.18,0.290661,0.26491
190.75,210.18,0.297048,0.271398
194.43,210.18,0.293569,0.268711
197.93,210.18,0.282587,0.25836
201.6,210.18,0.265335,0.242103
205.1,210.18,0.245356,0.222772
208.78,210.18,0.223055,0.200803
212.28,210.18,0.199152,0.177186
215.78,210.18,0.175184,0.153311
219.45,210.18,0.153345,0.131977
222.95,210.18,0.133502,0.112377
226.45,210.18,0.115326,0.094254
229.95,210.18,0.09909,0.078003
232.75,210.18,0.084395,0.062652
237.3,210.18,0.071755,0.049941
240.8,210.18,0.061386,0.040203
244.48,210.18,0.052538,0.032245
248.33,210.18,0.044485,0.025945
251.83,210.18,0.038172,0.018594
255.33,210.18,0.032427,0.012612
259.0,210.18,0.026869,0.00702
262.68,210.18,0.02121,0.000954
266.18,210.18,0.016281,-0.003488
269.68,210.18,0.010723,-0.009385
273.18,210.18,0.005218,-0.014634
276.68,210.18,-0.001575,-0.021091
280.18,210.18,-0.009098,-0.029483
283.85,210.18,-0.018202,-0.037998
287.35,210.18,-0.028041,-0.047551
290.85,210.18,-0.039264,-0.058405
294.35,210.18,-0.052111,-0.070885
298.03,210.18,-0.067019,-0.085025
301.53,210.18,-0.083824,-0.101643
305.03,210.18,-0.103205,-0.120127
309.05,210.18,-0.126227,-0.140915
312.55,210.18,-0.146485,-0.163134
316.23,210.18,-0.166639,-0.182899
319.73,210.18,-0.185435,-0.201741
323.23,210.18,-0.200691,-0.217138
326.9,210.18,-0.210734,-0.226692
330.4,210.18,-0.213411,-0.229732
333.9,210.18,-0.208318,-0.225025
337.75,210.18,-0.191793,-0.206393
341.25,210.18,-0.168694,-0.185909
344.93,210.18,-0.137675,-0.15554
348.43,210.18,-0.098799,-0.117305
352.45,210.18,-0.048867,-0.071852
355.95,210.18,-0.003839,-0.025139
359.45,210.18,0.041885,0.019288
363.13,210.18,0.083976,0.060893
366.63,210.18,0.12357,0.101111
370.3,210.18,0.151918,0.127886
373.8,210.18,0.174062,0.150732
377.3,210.18,0.188727,0.165754
381.33,210.18,0.196512,0.171971
384.83,210.18,0.195624,0.17377
388.33,210.18,0.188967,0.165421
392.0,210.18,0.178342,0.155202
396.03,210.18,0.162719,0.141234
399.53,210.18,0.149207,0.12718
403.03,210.18,0.135329,0.114401
406.88,210.18,0.122562,0.101592
410.9,210.18,0.112359,0.088366
414.4,210.18,0.107873,0.086429
418.08,210.18,0.105005,0.08353
421.58,210.18,0.101718,0.080739
425.08,210.18,0.096536,0.075575
428.75,210.18,0.089845,0.06978
432.25,210.18,0.081626,0.061342
435.75,210.18,0.072381,0.052282
439.43,210.18,0.064244,0.044103
442.93,210.18,0.056863,0.036749
446.43,210.18,0.050831,0.030769
449.93,210.18,0.046195,0.025905
453.6,210.18,0.042984,0.022005
457.1,210.18,0.041225,0.020686
460.6,210.18,0.039753,0.018659
464.28,210.18,0.038832,0.018249
467.78,210.18,0.038065,0.017495
471.28,210.18,0.036925,0.015594
474.95,210.18,0.035338,0.014577
478.45,210.18,0.032729,0.012276
482.13,210.18,0.029297,0.008826
485.8,210.18,0.024084,0.00597
489.3,210.18,0.018225,-0.000996
492.98,210.18,0.010991,-0.007866
496.48,210.18,0.003745,-0.01533
500.15,210.18,-0.004271,-0.024187
503.65,210.18,-0.011113,-0.03074
507.15,210.18,-0.016784,-0.036248
510.83,210.18,-0.020484,-0.040447
514.68,210.18,-0.020404,-0.039298
518.35,210.18,-0.015814,-0.034594
521.85,210.18,-0.006153,-0.02545
525.53,210.18,0.008973,-0.010605
529.38,210.18,0.031681,0.007744
532.88,210.18,0.054993,0.03373
536.55,210.18,0.083222,0.060514
540.05,210.18,0.113952,0.090551
543.55,210.18,0.1443,0.120588
547.05,210.18,0.173893,0.149728
550.55,210.18,0.20279,0.178215
554.23,210.18,0.22804,0.202913
557.73,210.18,0.248653,0.223776
561.23,210.18,0.264414,0.239565
564.73,210.18,0.275236,0.250418
568.4,210.18,0.28161,0.256706
571.9,210.18,0.283277,0.258976
575.58,210.18,0.281015,0.257186
579.08,210.18,0.2758,0.251666
582.4,210.18,0.268822,0.245292
586.08,210.18,0.261003,0.237507
589.4,210.18,0.252525,0.229047
593.25,210.18,0.244638,0.220923
596.75,210.18,0.236715,0.212879
600.25,210.18,0.229497,0.205843
603.93,210.18,0.222978,0.199041
607.42,210.18,0.217131,0.193776
610.92,210.18,0.212279,0.188936
614.42,210.18,0.208502,0.184648
618.1,210.18,0.204848,0.180957
621.6,210.18,0.201601,0.177652
625.1,210.18,0.19861,0.174814
628.6,210.18,0.196108,0.173009
632.27,210.18,0.193674,0.170523
635.25,210.18,0.19149,0.168887
639.45,210.18,0.18962,0.166604
642.95,210.18,0.188323,0.165732
646.45,210.18,0.187122,0.165218
650.47,210.18,0.186324,0.160791
653.97,210.18,0.186009,0.162907
657.65,210.18,0.185923,0.162313
661.15,210.18,0.186006,0.162128
664.82,210.18,0.185886,0.162876
668.32,210.18,0.186391,0.163126
671.82,210.18,0.186758,0.163453
675.32,210.18,0.186761,0.163721
679.0,210.18,0.186613,0.163825
682.5,210.18,0.186786,0.164238
686.0,210.18,0.186743,0.16397
689.67,210.18,0.186715,0.163982
693.17,210.18,0.186373,0.16393
696.67,210.18,0.185982,0.163616
700.35,210.18,0.185282,0.162787
703.85,210.18,0.184666,0.16239
707.35,210.18,0.184432,0.16145
710.85,210.18,0.183557,0.160082
12.25,245.18,-0.005564,-0.030928
15.75,245.18,-0.00163,-0.021855
19.43,245.18,0.003083,-0.018171
22.93,245.18,0.007276,-0.013337
26.43,245.18,0.011481,-0.009015
29.93,245.18,0.015169,-0.004791
33.78,245.18,0.018102,-0.001914
37.28,245.18,0.01971,4.5e-05
40.78,245.18,0.021077,0.001675
44.1,245.18,0.021925,0.002476
47.95,245.18,0.022014,0.002411
51.45,245.18,0.021549,0.002199
54.95,245.18,0.020751,0.001269
58.45,245.18,0.019472,-4e-06
61.78,245.18,0.018354,-0.00147
65.45,245.18,0.016586,-0.002995
69.13,245.18,0.014623,-0.004693
72.63,245.18,0.012972,-0.006707
76.13,245.18,0.011164,-0.008735
79.63,245.18,0.008915,-0.011279
83.3,245.18,0.00637,-0.013895
86.8,245.18,0.003527,-0.016051
90.3,245.18,-0.000626,-0.020755
93.98,245.18,-0.00602,-0.026513
97.48,245.18,-0.012585,-0.032416
100.98,245.18,-0.021141,-0.040755
104.48,245.18,-0.032025,-0.051307
107.98,245.18,-0.04485,-0.064006
111.48,245.18,-0.060718,-0.07924
115.15,245.18,-0.080019,-0.0979
118.65,245.18,-0.101319,-0.118827
122.15,245.18,-0.124403,-0.141288
125.65,245.18,-0.147003,-0.163851
129.33,245.18,-0.169172,-0.184671
132.83,245.18,-0.188263,-0.203978
136.5,245.18,-0.203389,-0.217105
140.0,245.18,-0.209708,-0.22493
143.68,245.18,-0.206319,-0.222323
147.18,245.18,-0.192212,-0.209135
150.68,245.18,-0.167086,-0.185074
154.35,245.18,-0.1333,-0.152286
158.03,245.18,-0.089101,-0.109597
161.53,245.18,-0.039178,-0.060817
165.2,245.18,0.015317,-0.006821
168.7,245.18,0.067658,0.04478
172.38,245.18,0.119346,0.096164
175.88,245.18,0.16287,0.139035
179.55,245.18,0.200612,0.177075
183.05,245.18,0.22812,0.204164
186.73,245.18,0.245624,0.22125
190.23,245.18,0.253052,0.229075
193.73,245.18,0.252519,0.22844
197.4,245.18,0.24487,0.220581
200.9,245.18,0.231333,0.207778
204.4,245.18,0.213714,0.189962
208.08,245.18,0.194136,0.171638
211.58,245.18,0.17194,0.148345
215.25,245.18,0.151539,0.129284
218.93,245.18,0.132596,0.11104
222.25,245.18,0.115326,0.093921
225.93,245.18,0.099223,0.07852
229.43,245.18,0.085437,0.064645
232.93,245.18,0.073034,0.05312
236.43,245.18,0.063231,0.043
240.28,245.18,0.054731,0.035366
243.78,245.18,0.047522,0.027827
247.1,245.18,0.04186,0.022039
250.78,245.18,0.036493,0.016875
254.45,245.18,0.031894,0.012057
257.95,245.18,0.028043,0.008157
261.45,245.18,0.024143,0.004651
264.95,245.18,0.020551,-0.000256
268.63,245.18,0.017464,-0.002561
272.13,245.18,0.013447,-0.006923
275.8,245.18,0.009503,-0.011187
279.3,245.18,0.004953,-0.015013
282.8,245.18,-0.000555,-0.020528
286.65,245.18,-0.007804,-0.025352
290.33,245.18,-0.015654,-0.033953
293.83,245.18,-0.024449,-0.042952
297.5,245.18,-0.035007,-0.053731
301.0,245.18,-0.047576,-0.067407
304.68,245.18,-0.061375,-0.080041
308.18,245.18,-0.076482,-0.094652
311.68,245.18,-0.092964,-0.111171
315.35,245.18,-0.109329,-0.127237
318.85,245.18,-0.124449,-0.141738
322.35,245.18,-0.136587,-0.153975
325.85,245.18,-0.145327,-0.162533
329.53,245.18,-0.148657,-0.165854
333.03,245.18,-0.146415,-0.16346
336.53,245.18,-0.137154,-0.154557
340.2,245.18,-0.120842,-0.138177
343.7,245.18,-0.096938,-0.115746
347.2,245.18,-0.067323,-0.086104
350.88,245.18,-0.034514,-0.054351
354.38,245.18,0.002904,-0.017302
357.88,245.18,0.039466,0.018216
361.38,245.18,0.073252,0.051863
364.88,245.18,0.10556,0.083274
368.55,245.18,0.131801,0.109093
372.05,245.18,0.150714,0.127762
375.55,245.18,0.163255,0.139993
379.23,245.18,0.169324,0.145923
382.73,245.18,0.169176,0.146761
386.23,245.18,0.163853,0.141407
389.9,245.18,0.154408,0.131413
393.58,245.18,0.141216,0.118379
397.08,245.18,0.126875,0.105061
400.58,245.18,0.111275,0.090671
404.25,245.18,0.095979,0.075822
407.75,245.18,0.08186,0.06149
411.25,245.18,0.069177,0.049109
414.93,245.18,0.058838,0.039103
418.43,245.18,0.051284,0.031561
422.1,245.18,0.04593,0.026081
425.6,245.18,0.044149,0.023462
429.1,245.18,0.044747,0.024355
432.78,245.18,0.049097,0.02836
435.75,245.18,0.056124,0.034676
439.6,245.18,0.062837,0.041925
443.45,245.18,0.067723,0.045822
446.95,245.18,0.06905,0.047485
450.45,245.18,0.066509,0.04511
453.95,245.18,0.060853,0.039916
457.63,245.18,0.05328,0.03255
461.3,245.18,0.044254,0.023992
464.8,245.18,0.034599,0.015012
468.3,245.18,0.025095,0.005357
471.8,245.18,0.015585,-0.003581
475.48,245.18,0.006028,-0.013183
478.8,245.18,-0.003639,-0.022721
482.48,245.18,-0.013448,-0.032089
485.28,245.18,-0.024098,-0.04216
489.65,245.18,-0.034073,-0.052222
493.15,245.18,-0.04489,-0.063032
496.83,245.18,-0.056141,-0.074622
500.5,245.18,-0.067887,-0.087878
504.35,245.18,-0.077108,-0.095355
507.85,245.18,-0.08456,-0.102487
511.35,245.18,-0.088941,-0.106852
515.2,245.18,-0.08911,-0.10545
518.88,245.18,-0.083753,-0.102126
522.38,245.18,-0.0729,-0.091217
525.88,245.18,-0.056735,-0.076082
529.38,245.18,-0.033938,-0.055521
533.05,245.18,-0.007542,-0.027875
536.55,245.18,0.023641,0.001672
540.23,245.18,0.056472,0.034084
544.25,245.18,0.096339,0.075782
547.93,245.18,0.128542,0.106207
551.43,245.18,0.158511,0.135132
555.1,245.18,0.185477,0.160985
558.6,245.18,0.208764,0.182889
562.28,245.18,0.225261,0.2006
565.78,245.18,0.237226,0.212202
569.45,245.18,0.244679,0.219854
572.95,245.18,0.248348,0.223742
576.63,245.18,0.248197,0.224118
580.13,245.18,0.245575,0.221441
583.63,245.18,0.240929,0.217192
587.13,245.18,0.235606,0.212297
590.63,245.18,0.22922,0.205825
594.3,245.18,0.223064,0.200674
597.8,245.18,0.217011,0.194284
601.3,245.18,0.211496,0.188711
604.28,245.18,0.206659,0.183828
608.48,245.18,0.202427,0.179697
611.98,245.18,0.198379,0.17552
615.65,245.18,0.194996,0.171093
619.33,245.18,0.19194,0.167981
622.83,245.18,0.189577,0.165587
626.32,245.18,0.187655,0.16426
629.82,245.18,0.185976,0.162725
633.5,245.18,0.184697,0.161164
637.0,245.18,0.183665,0.160119
640.5,245.18,0.182504,0.159081
644.0,245.18,0.181715,0.158342
647.67,245.18,0.180738,0.158058
651.17,245.18,0.179651,0.157205
654.67,245.18,0.178594,0.155658
658.17,245.18,0.177414,0.155193
661.85,245.18,0.176345,0.154152
665.35,245.18,0.175095,0.152941
668.85,245.18,0.173813,0.151894
672.35,245.18,0.172584,0.150298
676.02,245.18,0.171604,0.149275
679.52,245.18,0.170359,0.148268
683.02,245.18,0.169337,0.146586
686.7,245.18,0.168286,0.145529
690.37,245.18,0.167331,0.143631
693.87,245.18,0.166096,0.142907
697.02,245.18,0.164602,0.141567
700.87,245.18,0.163523,0.14047
704.37,245.18,0.162645,0.139756
708.05,245.18,0.161798,0.138807
711.2,245.18,0.161188,0.138064
12.78,280.18,0.071734,0.041814
16.28,280.18,0.078237,0.056623
19.95,280.18,0.084161,0.064226
23.45,280.18,0.088946,0.067254
26.95,280.18,0.092421,0.071576
30.63,280.18,0.094907,0.074201
34.13,280.18,0.095908,0.074827
37.8,280.18,0.096133,0.074971
41.3,280.18,0.095692,0.074482
44.8,280.18,0.094824,0.073148
48.48,280.18,0.093178,0.070945
51.98,280.18,0.090933,0.06913
55.48,280.18,0.088496,0.066287
58.98,280.18,0.086133,0.064528
62.65,280.18,0.083474,0.061922
66.15,280.18,0.081238,0.05982
69.83,280.18,0.078607,0.05722
73.33,280.18,0.075939,0.055002
77.0,280.18,0.073132,0.051943
80.5,280.18,0.069981,0.049811
84.0,280.18,0.06718,0.047088
87.5,280.18,0.063416,0.043151
91.18,280.18,0.058924,0.038795
94.68,280.18,0.054109,0.034186
98.18,280.18,0.047695,0.028024
101.85,280.18,0.040246,0.020221
105.35,280.18,0.031253,0.011333
108.85,280.18,0.020005,0.000196
112.53,280.18,0.00698,-0.012536
116.2,280.18,-0.009594,-0.030561
119.7,280.18,-0.026957,-0.045842
123.38,280.18,-0.045943,-0.0646
126.88,280.18,-0.065672,-0.08363
130.38,280.18,-0.085084,-0.102758
134.05,280.18,-0.103919,-0.120771
137.55,280.18,-0.119095,-0.135432
141.23,280.18,-0.127927,-0.143913
144.73,280.18,-0.129307,-0.145826
148.23,280.18,-0.122635,-0.139893
151.9,280.18,-0.106831,-0.124588
155.4,280.18,-0.082567,-0.1009
158.9,280.18,-0.051596,-0.070986
162.23,280.18,-0.014178,-0.035019
166.25,280.18,0.028203,0.004814
169.75,280.18,0.067288,0.04458
173.25,280.18,0.105415,0.082294
176.93,280.18,0.139586,0.115464
180.43,280.18,0.164731,0.140877
183.93,280.18,0.183871,0.160101
187.6,280.18,0.195073,0.171583
191.1,280.18,0.198172,0.174916
194.6,280.18,0.19551,0.172969
198.28,280.18,0.187042,0.1649
201.78,280.18,0.175239,0.153218
205.28,280.18,0.161185,0.139734
208.78,280.18,0.14625,0.125048
212.45,280.18,0.131352,0.110249
215.95,280.18,0.116851,0.095588
219.63,280.18,0.103348,0.080933
223.48,280.18,0.090914,0.06788
226.98,280.18,0.080831,0.059509
230.65,280.18,0.07215,0.051367
234.15,280.18,0.065985,0.045261
237.65,280.18,0.060871,0.040939
241.33,280.18,0.056746,0.036617
244.83,280.18,0.053616,0.033736
248.33,280.18,0.05084,0.030779
251.83,280.18,0.048674,0.028983
255.5,280.18,0.046943,0.026996
259.18,280.18,0.045618,0.025585
262.68,280.18,0.044278,0.024094
266.35,280.18,0.04369,0.022797
269.85,280.18,0.042904,0.022359
273.35,280.18,0.042587,0.021761
276.85,280.18,0.041724,0.021099
280.35,280.18,0.040769,0.019814
284.03,280.18,0.03926,0.018003
287.53,280.18,0.037113,0.016503
291.2,280.18,0.034134,0.013573
294.7,280.18,0.030412,0.010005
298.03,280.18,0.025415,0.005471
301.88,280.18,0.019334,-0.000192
305.38,280.18,0.012122,-0.006609
309.05,280.18,0.003631,-0.014982
312.2,280.18,-0.006393,-0.025065
316.23,280.18,-0.016131,-0.03473
319.9,280.18,-0.025293,-0.044779
323.4,280.18,-0.032401,-0.051273
326.73,280.18,-0.036535,-0.055922
330.4,280.18,-0.037231,-0.056544
333.9,280.18,-0.033907,-0.053969
337.58,280.18,-0.026239,-0.046335
341.08,280.18,-0.013845,-0.03416
344.75,280.18,0.003431,-0.017573
348.25,280.18,0.022904,0.001934
351.58,280.18,0.044885,0.023354
355.25,280.18,0.06759,0.045649
358.75,280.18,0.090745,0.068052
362.25,280.18,0.111848,0.089334
365.75,280.18,0.1293,0.106626
369.43,280.18,0.142189,0.119041
372.93,280.18,0.150464,0.12832
376.43,280.18,0.154472,0.132439
380.1,280.18,0.154358,0.132732
383.6,280.18,0.150825,0.129063
387.1,280.18,0.144722,0.12292
390.78,280.18,0.136204,0.114854
394.28,280.18,0.126918,0.105763
397.78,280.18,0.117538,0.096302
401.45,280.18,0.107799,0.086188
405.3,280.18,0.097873,0.074549
408.8,280.18,0.089731,0.068191
412.3,280.18,0.081928,0.060631
415.8,280.18,0.075252,0.053859
419.3,280.18,0.069361,0.048366
422.98,280.18,0.064454,0.043711
426.48,280.18,0.060024,0.03958
429.98,280.18,0.056352,0.035714
433.48,280.18,0.052898,0.033345
437.15,280.18,0.049827,0.029167
440.65,280.18,0.047251,0.027051
444.15,280.18,0.044867,0.02528
447.83,280.18,0.043678,0.02348
451.33,280.18,0.041805,0.022196
454.83,280.18,0.040307,0.019528
458.33,280.18,0.038973,0.01942
462.0,280.18,0.037236,0.016928
465.5,280.18,0.035264,0.014799
469.18,280.18,0.032578,0.011838
472.68,280.18,0.030067,0.009519
476.18,280.18,0.026423,0.006127
479.85,280.18,0.021851,0.000387
483.35,280.18,0.016632,-0.003617
486.85,280.18,0.010126,-0.00993
490.53,280.18,0.002578,-0.017068
494.03,280.18,-0.006316,-0.025358
497.7,280.18,-0.015395,-0.034101
501.2,280.18,-0.0248,-0.043118
504.7,280.18,-0.033263,-0.051741
508.03,280.18,-0.041221,-0.059292
511.7,280.18,-0.047216,-0.065376
515.38,280.18,-0.050811,-0.069116
518.88,280.18,-0.050903,-0.069539
522.55,280.18,-0.047142,-0.065589
526.05,280.18,-0.039372,-0.058223
529.55,280.18,-0.027339,-0.047043
533.23,280.18,-0.011276,-0.031692
536.73,280.18,0.007273,-0.013756
540.23,280.18,0.026561,0.005545
543.73,280.18,0.045517,0.02381
547.4,280.18,0.063527,0.04154
550.9,280.18,0.079848,0.057501
554.4,280.18,0.093104,0.070985
557.9,280.18,0.102307,0.0804
561.4,280.18,0.108077,0.086034
565.08,280.18,0.110501,0.088711
568.58,280.18,0.111324,0.090135
572.08,280.18,0.112063,0.090239
575.75,280.18,0.11316,0.09186
579.25,280.18,0.113727,0.092593
582.93,280.18,0.112883,0.091894
586.43,280.18,0.111469,0.09032
589.93,280.18,0.109614,0.088409
593.43,280.18,0.108191,0.087257
596.93,280.18,0.107106,0.085982
600.6,280.18,0.107112,0.0858
604.28,280.18,0.107427,0.084506
607.78,280.18,0.108354,0.086278
611.28,280.18,0.109827,0.087581
614.43,280.18,0.111404,0.088804
618.45,280.18,0.11267,0.090486
621.95,280.18,0.113841,0.091706
625.62,280.18,0.115045,0.093132
629.82,280.18,0.115979,0.094537
633.32,280.18,0.115803,0.094152
636.82,280.18,0.115202,0.092944
640.5,280.18,0.114361,0.091484
644.0,280.18,0.113157,0.091385
647.5,280.18,0.111854,0.089679
651.0,280.18,0.110079,0.088074
654.67,280.18,0.108326,0.086352
658.35,280.18,0.106638,0.085332
661.85,280.18,0.104645,0.083567
665.52,280.18,0.102328,0.081869
669.02,280.18,0.10027,0.079602
672.52,280.18,0.098329,0.077522
676.02,280.18,0.096407,0.075828
679.7,280.18,0.095184,0.074229
683.2,280.18,0.093705,0.072954
686.7,280.18,0.092334,0.071573
690.2,280.18,0.090911,0.069697
693.7,280.18,0.089389,0.068477
697.37,280.18,0.087787,0.066275
701.05,280.18,0.086456,0.064395
704.55,280.18,0.084965,0.062587
708.22,280.18,0.083591,0.061697
11.73,315.35,0.115905,0.084771
15.23,315.35,0.114642,0.093031
18.73,315.35,0.112541,0.092017
22.4,315.35,0.110042,0.089093
26.08,315.35,0.107972,0.086918
29.75,315.35,0.105507,0.08308
33.25,315.35,0.103329,0.082091
36.75,315.35,0.101607,0.079318
40.25,315.35,0.099811,0.078141
43.75,315.35,0.09787,0.076191
47.43,315.35,0.096275,0.074177
50.93,315.35,0.094833,0.073182
54.43,315.35,0.093419,0.071373
57.93,315.35,0.091838,0.070147
61.43,315.35,0.090427,0.068554
65.1,315.35,0.088619,0.066931
68.6,315.35,0.086493,0.065153
72.28,315.35,0.084167,0.063061
75.78,315.35,0.082125,0.060717
79.28,315.35,0.079026,0.059204
82.95,315.35,0.075698,0.055434
86.45,315.35,0.071746,0.051564
90.13,315.35,0.068502,0.048086
93.63,315.35,0.06531,0.04491
97.3,315.35,0.063597,0.040806
100.8,315.35,0.062002,0.041133
104.48,315.35,0.057371,0.036004
107.98,315.35,0.048351,0.027125
112.18,315.35,0.029257,0.010911
115.85,315.35,0.006986,-0.01095
119.35,315.35,-0.021655,-0.040093
122.85,315.35,-0.053349,-0.071174
127.58,315.35,-0.099847,-0.117404
131.08,315.35,-0.133439,-0.150102
134.75,315.35,-0.161889,-0.178288
138.25,315.35,-0.184772,-0.201029
141.75,315.35,-0.198894,-0.215216
145.25,315.35,-0.201994,-0.218728
148.93,315.35,-0.194045,-0.210918
152.43,315.35,-0.174424,-0.19192
155.93,315.35,-0.144566,-0.163109
159.43,315.35,-0.106113,-0.125607
163.1,315.35,-0.058701,-0.078488
166.6,315.35,-0.008445,-0.029619
170.28,315.35,0.044161,0.022556
173.78,315.35,0.092541,0.070027
177.28,315.35,0.136456,0.112978
180.78,315.35,0.172883,0.149466
184.28,315.35,0.201545,0.177793
187.95,315.35,0.221573,0.197316
191.63,315.35,0.230979,0.206749
195.13,315.35,0.232325,0.208582
198.63,315.35,0.226502,0.202842
202.13,315.35,0.215165,0.190686
205.63,315.35,0.200356,0.177491
209.3,315.35,0.183107,0.160144
212.8,315.35,0.164093,0.140951
216.48,315.35,0.146444,0.12417
220.15,315.35,0.129013,0.108259
223.83,315.35,0.112464,0.092516
227.33,315.35,0.097741,0.077562
231.0,315.35,0.084925,0.064737
234.5,315.35,0.073782,0.053262
238.18,315.35,0.065058,0.044475
241.68,315.35,0.057642,0.037187
245.18,315.35,0.052156,0.031463
248.85,315.35,0.047341,0.026691
252.35,315.35,0.043949,0.023329
255.85,315.35,0.041139,0.020021
259.53,315.35,0.038585,0.016962
263.03,315.35,0.036731,0.015828
266.7,315.35,0.03467,0.014355
270.38,315.35,0.032772,0.014137
273.88,315.35,0.031213,0.010822
277.55,315.35,0.02869,0.010061
281.05,315.35,0.025689,0.006151
284.55,315.35,0.021743,0.002297
288.23,315.35,0.01711,-0.002284
291.55,315.35,0.010492,-0.009748
295.4,315.35,0.003419,-0.016464
298.9,315.35,-0.005746,-0.025204
302.4,315.35,-0.015774,-0.034927
306.08,315.35,-0.027684,-0.047983
309.4,315.35,-0.03887,-0.057872
313.25,315.35,-0.049612,-0.068513
316.93,315.35,-0.059816,-0.077376
320.43,315.35,-0.068291,-0.085694
323.93,315.35,-0.072933,-0.090589
327.6,315.35,-0.073731,-0.09159
331.1,315.35,-0.070075,-0.087918
334.6,315.35,-0.06054,-0.078845
338.28,315.35,-0.045531,-0.065672
341.95,315.35,-0.025937,-0.046085
345.45,315.35,-0.000749,-0.021963
349.13,315.35,0.028083,0.006084
352.28,315.35,0.058443,0.035896
356.3,315.35,0.08913,0.066499
359.8,315.35,0.118616,0.095886
363.3,315.35,0.144032,0.1208
366.98,315.35,0.165193,0.142066
370.48,315.35,0.1821,0.15938
373.98,315.35,0.193557,0.170486
377.65,315.35,0.199395,0.176706
381.15,315.35,0.200529,0.177861
383.78,315.35,0.197599,0.174968
388.33,315.35,0.190668,0.168034
391.83,315.35,0.181549,0.158949
395.5,315.35,0.170812,0.148052
398.65,315.35,0.159167,0.135785
402.68,315.35,0.147538,0.125048
406.18,315.35,0.136539,0.114574
409.68,315.35,0.125766,0.103379
413.18,315.35,0.115748,0.093471
416.85,315.35,0.106265,0.084876
420.35,315.35,0.098068,0.07657
423.85,315.35,0.091543,0.069956
427.35,315.35,0.085628,0.064488
431.03,315.35,0.081216,0.060597
434.53,315.35,0.077645,0.056672
438.03,315.35,0.074257,0.053659
441.53,315.35,0.071878,0.05133
445.03,315.35,0.06978,0.049651
448.7,315.35,0.068277,0.048123
452.2,315.35,0.066327,0.046004
455.7,315.35,0.063702,0.04365
459.38,315.35,0.061068,0.040606
462.88,315.35,0.057242,0.036974
466.55,315.35,0.053724,0.032778
470.05,315.35,0.049069,0.02852
473.73,315.35,0.043527,0.021127
477.23,315.35,0.037156,0.016512
480.9,315.35,0.029626,0.009103
484.4,315.35,0.020409,0.000326
488.25,315.35,0.008653,-0.008698
491.93,315.35,-0.002385,-0.021196
495.43,315.35,-0.014274,-0.032875
498.93,315.35,-0.026168,-0.044834
502.43,315.35,-0.037256,-0.055746
505.93,315.35,-0.046895,-0.06529
509.6,315.35,-0.055019,-0.073614
513.1,315.35,-0.059656,-0.078091
516.78,315.35,-0.060909,-0.080814
520.28,315.35,-0.057638,-0.077499
523.78,315.35,-0.049683,-0.069616
527.45,315.35,-0.03716,-0.057185
530.95,315.35,-0.020235,-0.040574
534.63,315.35,0.002421,-0.016926
538.3,315.35,0.025394,0.004962
541.8,315.35,0.049654,0.028853
545.3,315.35,0.073536,0.051891
548.8,315.35,0.097285,0.076022
552.3,315.35,0.118058,0.096244
555.98,315.35,0.134891,0.112359
559.65,315.35,0.146925,0.123825
563.15,315.35,0.154303,0.131777
566.48,315.35,0.157907,0.134599
570.15,315.35,0.157479,0.134093
573.83,315.35,0.153628,0.130218
577.33,315.35,0.147014,0.123979
580.83,315.35,0.138483,0.115843
584.5,315.35,0.128684,0.106583
587.65,315.35,0.118668,0.096669
591.5,315.35,0.108145,0.086647
595.0,315.35,0.098567,0.077223
598.68,315.35,0.08978,0.069069
602.18,315.35,0.081835,0.061151
605.85,315.35,0.074666,0.054349
609.7,315.35,0.068206,0.047461
613.2,315.35,0.062655,0.041262
616.88,315.35,0.057544,0.035813
620.2,315.35,0.053154,0.032285
623.88,315.35,0.048687,0.027356
627.55,315.35,0.044759,0.023995
631.05,315.35,0.04194,0.021105
634.55,315.35,0.03897,0.018256
638.05,315.35,0.036583,0.016013
641.73,315.35,0.034451,0.013995
645.23,315.35,0.032408,0.012069
648.73,315.35,0.030551,0.010492
652.23,315.35,0.028487,0.008604
655.9,315.35,0.02654,0.00731
659.58,315.35,0.02479,0.005612
663.08,315.35,0.023058,0.003166
666.58,315.35,0.021136,0.001466
670.25,315.35,0.019445,-0.000771
673.75,315.35,0.018148,-0.001849
677.25,315.35,0.016533,-0.003728
680.93,315.35,0.015033,-0.005993
684.25,315.35,0.013468,-0.007656
688.28,315.35,0.011657,-0.00822
691.78,315.35,0.010002,-0.009714
695.28,315.35,0.008129,-0.011738
698.25,315.35,0.006247,-0.012881
702.45,315.35,0.004522,-0.014622
705.95,315.35,0.002633,-0.016372
709.62,315.35,0.000511,-0.01846
12.43,350.35,0.089349,0.058345
16.1,350.35,0.087418,0.065415
19.6,350.35,0.085323,0.063711
23.1,350.35,0.083299,0.061678
26.78,350.35,0.08182,0.060631
30.28,350.35,0.080138,0.060455
33.95,350.35,0.078933,0.058006
37.45,350.35,0.078382,0.057482
40.95,350.35,0.078896,0.058336
44.63,350.35,0.08141,0.060609
48.13,350.35,0.086506,0.065162
51.63,350.35,0.093446,0.072082
55.13,350.35,0.099663,0.077873
58.8,350.35,0.104078,0.082344
62.3,350.35,0.105566,0.08414
65.8,350.35,0.103564,0.082076
69.3,350.35,0.09816,0.075883
72.98,350.35,0.090615,0.068816
76.48,350.35,0.080772,0.059867
79.98,350.35,0.069081,0.047769
83.48,350.35,0.056518,0.03593
86.98,350.35,0.043416,0.022849
90.65,350.35,0.029451,0.009389
94.15,350.35,0.013801,-0.005207
97.83,350.35,-0.002324,-0.021483
101.33,350.35,-0.020192,-0.038519
105.0,350.35,-0.039095,-0.056498
108.5,350.35,-0.059505,-0.076775
112.18,350.35,-0.081704,-0.098599
115.5,350.35,-0.105774,-0.122459
119.18,350.35,-0.130838,-0.146954
122.85,350.35,-0.158069,-0.175814
126.35,350.35,-0.18261,-0.198244
130.03,350.35,-0.205922,-0.221553
133.53,350.35,-0.225114,-0.240524
137.03,350.35,-0.238183,-0.25362
140.53,350.35,-0.24443,-0.260318
144.03,350.35,-0.241735,-0.257795
147.7,350.35,-0.228993,-0.245385
151.2,350.35,-0.204908,-0.222
154.7,350.35,-0.169948,-0.187896
158.38,350.35,-0.127333,-0.14618
161.88,350.35,-0.076328,-0.095928
165.38,350.35,-0.022536,-0.04306
168.88,350.35,0.033394,0.011996
172.55,350.35,0.086564,0.064605
176.05,350.35,0.135723,0.112565
179.73,350.35,0.176774,0.152966
183.23,350.35,0.210843,0.186361
186.73,350.35,0.234484,0.209866
190.4,350.35,0.248529,0.22369
193.9,350.35,0.253643,0.229454
197.4,350.35,0.251203,0.22519
201.08,350.35,0.242584,0.217818
204.75,350.35,0.22929,0.205178
208.25,350.35,0.212584,0.189152
212.1,350.35,0.19218,0.171268
215.6,350.35,0.172473,0.150852
219.28,350.35,0.153489,0.132343
222.78,350.35,0.135705,0.11479
226.45,350.35,0.11792,0.095085
229.95,350.35,0.102978,0.08288
233.45,350.35,0.089756,0.06913
236.95,350.35,0.077963,0.05661
241.33,350.35,0.066493,0.046758
244.83,350.35,0.058363,0.038453
248.5,350.35,0.052245,0.031949
252.0,350.35,0.046549,0.026592
255.68,350.35,0.041607,0.020045
259.18,350.35,0.037088,0.016848
262.68,350.35,0.033037,0.011925
266.35,350.35,0.029454,0.008514
269.85,350.35,0.025369,0.004965
273.53,350.35,0.02129,0.000726
277.03,350.35,0.016832,-0.003288
280.53,350.35,0.011339,-0.008654
284.03,350.35,0.004972,-0.014406
287.7,350.35,-0.002829,-0.022271
291.2,350.35,-0.011908,-0.030645
294.7,350.35,-0.022317,-0.04102
298.38,350.35,-0.034117,-0.05172
301.88,350.35,-0.046787,-0.064563
305.38,350.35,-0.060444,-0.078066
309.05,350.35,-0.074212,-0.091754
312.55,350.35,-0.087789,-0.10513
316.23,350.35,-0.099933,-0.1181
319.73,350.35,-0.109156,-0.12663
323.23,350.35,-0.112989,-0.130598
326.73,350.35,-0.111935,-0.129847
330.23,350.35,-0.104649,-0.123432
333.9,350.35,-0.0905,-0.110105
337.4,350.35,-0.070697,-0.090287
340.9,350.35,-0.045672,-0.06611
344.58,350.35,-0.015891,-0.036787
348.08,350.35,0.018117,-0.003476
351.58,350.35,0.052316,0.030532
355.25,350.35,0.087153,0.064827
358.75,350.35,0.120489,0.097775
362.43,350.35,0.150809,0.128841
365.93,350.35,0.175618,0.152531
369.6,350.35,0.195948,0.17231
373.1,350.35,0.209586,0.185359
376.95,350.35,0.217057,0.190769
380.45,350.35,0.218465,0.194635
383.95,350.35,0.214879,0.190584
387.45,350.35,0.207889,0.184297
390.95,350.35,0.197578,0.173982
394.45,350.35,0.185054,0.162134
398.13,350.35,0.171641,0.148979
401.63,350.35,0.15795,0.135501
405.3,350.35,0.144679,0.123018
408.8,350.35,0.132257,0.110668
412.3,350.35,0.120477,0.099032
415.8,350.35,0.109759,0.088607
419.3,350.35,0.100705,0.079968
422.8,350.35,0.092689,0.072251
426.48,350.35,0.085683,0.065276
429.98,350.35,0.080458,0.059894
433.48,350.35,0.075363,0.054971
436.8,350.35,0.071111,0.050625
440.48,350.35,0.067646,0.047196
444.15,350.35,0.063921,0.043508
447.65,350.35,0.060464,0.039762
451.33,350.35,0.056912,0.034223
455.0,350.35,0.053724,0.032415
458.5,350.35,0.050015,0.028955
462.18,350.35,0.04556,0.02474
465.68,350.35,0.040683,0.020575
469.18,350.35,0.034747,0.014149
472.68,350.35,0.028326,0.008191
476.18,350.35,0.020212,0.000434
479.85,350.35,0.011247,-0.007792
483.53,350.35,0.001133,-0.017441
487.03,350.35,-0.010189,-0.028707
490.53,350.35,-0.02269,-0.040863
494.2,350.35,-0.035839,-0.054803
497.88,350.35,-0.048417,-0.066803
501.38,350.35,-0.060577,-0.079123
504.88,350.35,-0.071895,-0.090266
508.38,350.35,-0.080666,-0.099517
512.05,350.35,-0.085509,-0.104502
515.55,350.35,-0.085657,-0.104381
519.05,350.35,-0.080876,-0.099742
522.55,350.35,-0.070352,-0.089489
526.4,350.35,-0.05265,-0.070512
529.9,350.35,-0.031858,-0.051356
533.58,350.35,-0.005558,-0.025454
537.08,350.35,0.022849,0.002304
540.75,350.35,0.053336,0.031891
544.25,350.35,0.082689,0.060988
547.93,350.35,0.11109,0.08857
551.43,350.35,0.136047,0.112685
555.45,350.35,0.158745,0.133582
558.95,350.35,0.173203,0.149947
562.45,350.35,0.183265,0.160196
566.13,350.35,0.188006,0.164827
569.45,350.35,0.188342,0.165205
573.13,350.35,0.18494,0.162513
576.63,350.35,0.178234,0.155896
580.13,350.35,0.169411,0.14742
583.63,350.35,0.158942,0.137531
587.3,350.35,0.147633,0.125868
590.8,350.35,0.136342,0.115236
594.48,350.35,0.125128,0.103582
597.8,350.35,0.114226,0.09158
600.95,350.35,0.104192,0.082886
605.15,350.35,0.094854,0.073246
608.65,350.35,0.086204,0.064673
612.15,350.35,0.078557,0.056512
615.83,350.35,0.071441,0.050061
619.5,350.35,0.066164,0.045612
623.0,350.35,0.061774,0.041478
626.5,350.35,0.058459,0.038065
630.18,350.35,0.055997,0.035452
633.68,350.35,0.0534,0.03308
637.18,350.35,0.050751,0.030739
640.68,350.35,0.048465,0.028471
644.18,350.35,0.04661,0.0265
647.85,350.35,0.045073,0.02528
651.35,350.35,0.04406,0.024007
654.85,350.35,0.042673,0.022852
658.35,350.35,0.041312,0.021185
660.45,350.35,0.039845,0.019793
665.53,350.35,0.038357,0.01836
669.03,350.35,0.03698,0.016583
672.53,350.35,0.0358,0.015785
676.03,350.35,0.034756,0.014435
679.53,350.35,0.034269,0.013628
683.2,350.35,0.033872,0.011586
686.88,350.35,0.033628,0.012984
690.55,350.35,0.033277,0.013015
694.05,350.35,0.033274,0.013782
697.55,350.35,0.03288,0.012923
701.23,350.35,0.032048,0.012596
704.9,350.35,0.03133,0.011931
708.58,350.35,0.030076,0.010301
12.08,385.35,0.045797,0.018758
15.58,385.35,0.03926,0.019229
19.25,385.35,0.033154,0.01398
22.93,385.35,0.028524,0.00861
26.43,385.35,0.024294,0.004426
30.1,385.35,0.020874,0.00031
33.6,385.35,0.0184,-0.001886
37.28,385.35,0.015911,-0.004911
40.78,385.35,0.013832,-0.007034
44.28,385.35,0.011783,-0.008802
47.95,385.35,0.010166,-0.010226
51.45,385.35,0.008431,-0.0118
55.13,385.35,0.006894,-0.013094
58.63,385.35,0.005717,-0.013922
62.13,385.35,0.004399,-0.014951
65.8,385.35,0.002846,-0.016627
69.3,385.35,0.001158,-0.017977
72.8,385.35,-0.000922,-0.019779
76.3,385.35,-0.003115,-0.022219
79.98,385.35,-0.005731,-0.024646
83.48,385.35,-0.008617,-0.027582
86.98,385.35,-0.012955,-0.031821
90.48,385.35,-0.018377,-0.037277
93.98,385.35,-0.024659,-0.043309
97.65,385.35,-0.032604,-0.051436
101.15,385.35,-0.041618,-0.060343
104.65,385.35,-0.052613,-0.071501
108.15,385.35,-0.066236,-0.084936
111.83,385.35,-0.081972,-0.100823
115.5,385.35,-0.100081,-0.117924
119.0,385.35,-0.120367,-0.137752
122.5,385.35,-0.14118,-0.157869
126.18,385.35,-0.162317,-0.178543
129.68,385.35,-0.183278,-0.198799
133.35,385.35,-0.201473,-0.216079
136.85,385.35,-0.214397,-0.229101
140.35,385.35,-0.220472,-0.235724
143.85,385.35,-0.218577,-0.233543
147.7,385.35,-0.205641,-0.223124
151.2,385.35,-0.183596,-0.201051
154.88,385.35,-0.152459,-0.170937
158.38,385.35,-0.112425,-0.132308
162.05,385.35,-0.064914,-0.085721
165.55,385.35,-0.015173,-0.03655
169.05,385.35,0.036783,0.014241
172.9,385.35,0.090486,0.068804
176.4,385.35,0.136925,0.113819
179.9,385.35,0.175865,0.152066
183.4,385.35,0.208619,0.184728
187.08,385.35,0.232014,0.207362
190.75,385.35,0.245273,0.22092
194.25,385.35,0.250181,0.225778
197.93,385.35,0.248255,0.222747
201.78,385.35,0.23868,0.213764
205.28,385.35,0.22568,0.20214
208.95,385.35,0.209269,0.186635
212.45,385.35,0.1906,0.168366
216.48,385.35,0.168326,0.145042
220.15,385.35,0.150517,0.128009
223.65,385.35,0.133554,0.111148
227.33,385.35,0.118114,0.096074
230.83,385.35,0.103345,0.082042
234.5,385.35,0.090917,0.069848
238.0,385.35,0.079666,0.059112
241.5,385.35,0.06979,0.049016
245.18,385.35,0.060797,0.041518
248.68,385.35,0.054272,0.034562
252.18,385.35,0.048074,0.028259
255.85,385.35,0.042867,0.023031
259.35,385.35,0.037886,0.017957
263.03,385.35,0.033132,0.012575
266.53,385.35,0.028665,0.008163
270.2,385.35,0.023557,0.002433
273.7,385.35,0.018274,-0.001932
277.38,385.35,0.01178,-0.008975
280.88,385.35,0.00507,-0.014594
284.55,385.35,-0.002971,-0.022126
288.75,385.35,-0.013956,-0.03469
292.43,385.35,-0.023987,-0.042721
295.93,385.35,-0.035537,-0.054985
299.43,385.35,-0.047613,-0.06672
302.93,385.35,-0.060937,-0.079585
306.6,385.35,-0.07497,-0.093282
310.1,385.35,-0.088596,-0.106399
313.6,385.35,-0.100845,-0.118371
317.28,385.35,-0.110728,-0.127986
320.78,385.35,-0.117323,-0.13472
324.28,385.35,-0.119483,-0.137283
327.78,385.35,-0.116162,-0.133741
331.28,385.35,-0.10676,-0.124797
334.78,385.35,-0.09049,-0.108075
338.45,385.35,-0.069403,-0.088134
341.95,385.35,-0.04297,-0.062055
345.45,385.35,-0.01168,-0.031809
349.65,385.35,0.028043,0.003499
353.15,385.35,0.061657,0.039374
356.65,385.35,0.096013,0.073496
360.33,385.35,0.127344,0.104232
364.0,385.35,0.156472,0.134934
367.68,385.35,0.17792,0.154823
371.18,385.35,0.194623,0.17116
374.85,385.35,0.204876,0.181133
378.7,385.35,0.209716,0.183126
382.2,385.35,0.208425,0.184666
385.88,385.35,0.203086,0.179546
389.38,385.35,0.19446,0.171157
392.88,385.35,0.183286,0.160714
396.38,385.35,0.170526,0.148468
399.88,385.35,0.157867,0.135917
403.55,385.35,0.145276,0.123905
407.05,385.35,0.13275,0.111971
410.73,385.35,0.121003,0.099922
414.4,385.35,0.110178,0.089109
417.9,385.35,0.100609,0.079636
421.4,385.35,0.091952,0.071355
425.08,385.35,0.083425,0.060397
428.58,385.35,0.076278,0.054614
432.25,385.35,0.069706,0.048524
435.75,385.35,0.064402,0.043243
439.08,385.35,0.059642,0.038314
442.75,385.35,0.055606,0.034642
446.43,385.35,0.051352,0.030566
449.93,385.35,0.047485,0.026866
453.43,385.35,0.043665,0.02336
456.93,385.35,0.039556,0.019115
460.6,385.35,0.034827,0.01507
464.1,385.35,0.030557,0.01084
467.6,385.35,0.025215,0.005431
471.1,385.35,0.018983,-0.000373
474.6,385.35,0.011617,-0.007561
478.1,385.35,0.003015,-0.01594
481.78,385.35,-0.006942,-0.025531
485.45,385.35,-0.017915,-0.036698
488.95,385.35,-0.029261,-0.047755
492.45,385.35,-0.041181,-0.059797
495.95,385.35,-0.052863,-0.071409
499.63,385.35,-0.064218,-0.082699
503.13,385.35,-0.074187,-0.09306
506.63,385.35,-0.082305,-0.100783
510.13,385.35,-0.086615,-0.104979
513.45,385.35,-0.086458,-0.105512
517.3,385.35,-0.081489,-0.100571
520.98,385.35,-0.070965,-0.09001
524.48,385.35,-0.055546,-0.075383
527.98,385.35,-0.034625,-0.053793
531.65,385.35,-0.009295,-0.029468
535.15,385.35,0.019355,-0.000725
538.65,385.35,0.048219,0.027301
542.33,385.35,0.077513,0.056016
545.83,385.35,0.106324,0.084512
549.33,385.35,0.132134,0.10971
552.83,385.35,0.153896,0.130908
556.33,385.35,0.171019,0.148043
560.0,385.35,0.184318,0.160529
563.5,385.35,0.192242,0.169047
567.0,385.35,0.195458,0.172257
570.5,385.35,0.194312,0.170643
574.18,385.35,0.189426,0.164851
577.68,385.35,0.182393,0.160048
581.18,385.35,0.172904,0.150085
584.68,385.35,0.162793,0.139968
588.18,385.35,0.15242,0.12966
591.85,385.35,0.141838,0.119115
595.35,385.35,0.131829,0.109728
598.68,385.35,0.121894,0.099968
602.35,385.35,0.113071,0.091345
606.03,385.35,0.104901,0.083416
609.53,385.35,0.096653,0.07564
613.2,385.35,0.089552,0.069047
616.7,385.35,0.082809,0.062245
620.2,385.35,0.076848,0.056694
623.88,385.35,0.071114,0.051059
627.38,385.35,0.066989,0.046515
630.88,385.35,0.063157,0.042763
634.38,385.35,0.060079,0.039716
638.05,385.35,0.057532,0.036647
641.55,385.35,0.055526,0.03426
645.23,385.35,0.053739,0.032593
648.38,385.35,0.051943,0.030514
652.4,385.35,0.050421,0.029124
655.9,385.35,0.048961,0.02779
659.58,385.35,0.047368,0.02609
663.08,385.35,0.045588,0.025751
666.58,385.35,0.044044,0.023185
670.25,385.35,0.042741,0.022291
673.75,385.35,0.041509,0.021629
677.25,385.35,0.040264,0.020843
680.93,385.35,0.039466,0.019516
684.43,385.35,0.038644,0.018933
687.93,385.35,0.03771,0.017889
691.6,385.35,0.036407,0.016515
694.93,385.35,0.03511,0.015076
698.6,385.35,0.033912,0.01398
702.1,385.35,0.032886,0.012396
705.78,385.35,0.03158,0.011099
709.1,385.35,0.030618,0.009325
12.25,420.35,0.014916,-0.011002
15.75,420.35,0.016774,-0.002961
19.43,420.35,0.018653,-0.000629
22.93,420.35,0.020332,0.00072
26.43,420.35,0.021691,0.002051
30.1,420.35,0.022738,0.002612
33.6,420.35,0.023132,0.003182
37.1,420.35,0.023437,0.003317
40.78,420.35,0.023031,0.002106
44.45,420.35,0.022642,0.001801
47.95,420.35,0.022448,0.001463
51.45,420.35,0.021493,0.001019
54.95,420.35,0.0206,-5e-05
58.63,420.35,0.019617,-0.000934
62.13,420.35,0.018607,-0.001889
65.63,420.35,0.017411,-0.002952
69.13,420.35,0.015541,-0.004961
72.63,420.35,0.013388,-0.005965
76.3,420.35,0.010886,-0.008463
79.8,420.35,0.008108,-0.011245
83.48,420.35,0.005317,-0.013882
87.33,420.35,0.00121,-0.018627
90.83,420.35,-0.003266,-0.023063
94.33,420.35,-0.008048,-0.028368
98.0,420.35,-0.014489,-0.034495
101.15,420.35,-0.021985,-0.041476
105.0,420.35,-0.031846,-0.051399
108.68,420.35,-0.042721,-0.061994
112.18,420.35,-0.056563,-0.075053
115.68,420.35,-0.072958,-0.089797
119.53,420.35,-0.090974,-0.107693
123.03,420.35,-0.110062,-0.126969
126.53,420.35,-0.129267,-0.145826
130.03,420.35,-0.147185,-0.16298
133.7,420.35,-0.162745,-0.178448
137.2,420.35,-0.174739,-0.19054
140.7,420.35,-0.181227,-0.197219
144.2,420.35,-0.180805,-0.196981
147.88,420.35,-0.171729,-0.189563
151.38,420.35,-0.154249,-0.171889
155.05,420.35,-0.128063,-0.147102
158.55,420.35,-0.092829,-0.112921
162.05,420.35,-0.052465,-0.073177
165.73,420.35,-0.00826,-0.029751
169.4,420.35,0.038807,0.016644
172.9,420.35,0.083693,0.061182
176.58,420.35,0.125966,0.103942
180.08,420.35,0.160775,0.137725
183.75,420.35,0.188841,0.165452
187.25,420.35,0.209044,0.18531
190.93,420.35,0.221413,0.195058
194.6,420.35,0.224488,0.201046
198.1,420.35,0.221145,0.196928
201.6,420.35,0.212048,0.188024
205.45,420.35,0.197353,0.174916
208.95,420.35,0.181582,0.158693
212.63,420.35,0.164355,0.142516
216.13,420.35,0.147408,0.125822
219.8,420.35,0.131,0.110557
223.3,420.35,0.115911,0.095015
226.8,420.35,0.101392,0.080788
230.3,420.35,0.088582,0.068151
233.98,420.35,0.077116,0.056694
237.48,420.35,0.067815,0.047227
240.98,420.35,0.059432,0.039112
244.65,420.35,0.052682,0.031478
248.15,420.35,0.046564,0.026148
251.65,420.35,0.041278,0.020945
255.33,420.35,0.036327,0.015452
258.83,420.35,0.032051,0.011007
262.33,420.35,0.028163,0.007683
266.0,420.35,0.024057,0.003647
269.5,420.35,0.019731,-0.000229
273.0,420.35,0.015582,-0.004449
276.5,420.35,0.010603,-0.009268
280.18,420.35,0.005126,-0.013728
283.68,420.35,-0.001831,-0.020466
287.35,420.35,-0.009335,-0.027961
290.85,420.35,-0.018448,-0.037117
294.53,420.35,-0.028362,-0.047277
298.2,420.35,-0.039138,-0.058553
301.7,420.35,-0.050718,-0.069548
305.2,420.35,-0.063374,-0.081957
309.23,420.35,-0.078121,-0.09602
312.73,420.35,-0.090148,-0.107961
316.23,420.35,-0.100429,-0.117425
319.73,420.35,-0.107893,-0.124862
323.75,420.35,-0.110272,-0.130028
327.25,420.35,-0.10781,-0.124554
330.93,420.35,-0.098587,-0.117514
334.6,420.35,-0.083633,-0.103334
338.1,420.35,-0.062511,-0.082176
341.78,420.35,-0.037567,-0.057404
345.28,420.35,-0.009144,-0.029757
348.78,420.35,0.021949,0.000739
352.28,420.35,0.052815,0.031007
355.95,420.35,0.083471,0.0617
359.45,420.35,0.111712,0.089633
362.95,420.35,0.135683,0.113299
366.45,420.35,0.154919,0.132337
369.95,420.35,0.169429,0.146829
373.45,420.35,0.179278,0.156342
377.13,420.35,0.184053,0.161453
380.63,420.35,0.18377,0.161364
384.13,420.35,0.179241,0.156616
387.63,420.35,0.171579,0.149334
391.3,420.35,0.16129,0.138551
394.98,420.35,0.149146,0.124931
398.48,420.35,0.136983,0.114469
402.33,420.35,0.124756,0.102433
405.83,420.35,0.113049,0.091613
409.33,420.35,0.102313,0.080775
412.83,420.35,0.0923,0.071512
416.33,420.35,0.083145,0.062627
420.0,420.35,0.075514,0.055215
423.5,420.35,0.068986,0.049084
427.18,420.35,0.063394,0.043394
430.85,420.35,0.058296,0.037855
434.35,420.35,0.054522,0.034124
437.85,420.35,0.051127,0.030578
441.53,420.35,0.048034,0.026567
445.2,420.35,0.045027,0.023647
448.7,420.35,0.042442,0.021401
452.38,420.35,0.039217,0.018545
455.88,420.35,0.035736,0.015769
459.55,420.35,0.031638,0.011561
463.05,420.35,0.027187,0.008028
466.73,420.35,0.021678,0.002692
470.23,420.35,0.015813,-0.003322
473.9,420.35,0.008859,-0.010503
477.4,420.35,0.001607,-0.017351
480.9,420.35,-0.007111,-0.02623
484.4,420.35,-0.016837,-0.035965
488.08,420.35,-0.028371,-0.049227
491.58,420.35,-0.038519,-0.057302
495.25,420.35,-0.048919,-0.067702
498.75,420.35,-0.059024,-0.078029
502.25,420.35,-0.068402,-0.086957
505.75,420.35,-0.07501,-0.093845
509.43,420.35,-0.079255,-0.097804
512.93,420.35,-0.079465,-0.097952
516.43,420.35,-0.074757,-0.093593
519.93,420.35,-0.065444,-0.083624
523.6,420.35,-0.051273,-0.070346
527.1,420.35,-0.032644,-0.051615
530.6,420.35,-0.009394,-0.028728
534.28,420.35,0.017177,-0.002875
537.95,420.35,0.044445,0.023021
541.63,420.35,0.071321,0.048665
545.13,420.35,0.097599,0.075209
548.63,420.35,0.120954,0.098212
552.13,420.35,0.140353,0.117636
555.63,420.35,0.155738,0.132645
559.3,420.35,0.166946,0.142947
562.8,420.35,0.173745,0.149318
566.48,420.35,0.176422,0.152806
569.98,420.35,0.174799,0.1519
573.65,420.35,0.170532,0.14853
576.98,420.35,0.163717,0.141817
580.65,420.35,0.155437,0.133474
584.15,420.35,0.146108,0.12482
587.83,420.35,0.135985,0.114568
591.33,420.35,0.126059,0.104931
595.0,420.35,0.11601,0.094783
598.5,420.35,0.106275,0.085064
602.18,420.35,0.096583,0.074842
605.68,420.35,0.088299,0.067146
609.18,420.35,0.080994,0.059198
612.68,420.35,0.074355,0.053758
616.35,420.35,0.069167,0.047405
619.85,420.35,0.064522,0.043524
623.35,420.35,0.060492,0.039445
626.85,420.35,0.057011,0.035942
630.35,420.35,0.054284,0.033157
633.85,420.35,0.051145,0.030104
637.7,420.35,0.047981,0.028154
641.2,420.35,0.045104,0.025079
644.88,420.35,0.043246,0.023742
648.38,420.35,0.041293,0.021453
652.23,420.35,0.039124,0.018265
655.55,420.35,0.037063,0.0169
659.23,420.35,0.034682,0.013579
662.73,420.35,0.03214,0.011768
666.4,420.35,0.029931,0.008838
669.9,420.35,0.027146,0.006145
673.4,420.35,0.024771,0.003921
677.08,420.35,0.022214,0.001777
680.75,420.35,0.019931,-0.000241
684.25,420.35,0.018009,-0.001831
687.75,420.35,0.015702,-0.003926
691.25,420.35,0.013086,-0.00651
694.75,420.35,0.010357,-0.008608
698.25,420.35,0.007812,-0.011815
701.93,420.35,0.00524,-0.013614
705.43,420.35,0.002507,-0.016791
708.93,420.35,-0.000186,-0.019261
12.43,455.35,0.053554,0.024312
16.1,455.35,0.059676,0.038326
19.78,455.35,0.066062,0.04597
23.28,455.35,0.071191,0.050683
26.78,455.35,0.076003,0.055304
30.98,455.35,0.080381,0.056077
34.48,455.35,0.082461,0.060742
37.98,455.35,0.083869,0.062005
41.65,455.35,0.084491,0.062744
45.15,455.35,0.084161,0.062572
48.65,455.35,0.083157,0.061749
52.33,455.35,0.082162,0.060689
55.83,455.35,0.080511,0.059574
59.5,455.35,0.078425,0.05832
63.0,455.35,0.07613,0.055723
66.5,455.35,0.073955,0.053286
70.18,455.35,0.071238,0.050745
73.68,455.35,0.068724,0.048286
77.18,455.35,0.065849,0.045443
80.68,455.35,0.062652,0.042337
84.18,455.35,0.059411,0.039053
87.68,455.35,0.056154,0.035372
91.35,455.35,0.051925,0.03125
94.85,455.35,0.047254,0.026453
98.35,455.35,0.04215,0.021937
102.03,455.35,0.035332,0.014272
105.7,455.35,0.027257,0.006447
109.2,455.35,0.017667,-0.00212
112.88,455.35,0.006204,-0.013587
116.38,455.35,-0.006828,-0.026356
120.05,455.35,-0.022949,-0.039711
123.55,455.35,-0.038516,-0.057043
127.05,455.35,-0.05546,-0.072943
130.73,455.35,-0.072296,-0.089455
134.23,455.35,-0.08883,-0.106442
137.73,455.35,-0.103087,-0.119936
141.4,455.35,-0.112866,-0.130213
144.9,455.35,-0.117527,-0.134729
148.4,455.35,-0.115395,-0.133072
151.9,455.35,-0.105989,-0.124258
155.58,455.35,-0.08895,-0.108155
159.08,455.35,-0.065829,-0.085863
162.58,455.35,-0.037829,-0.058522
165.9,455.35,-0.006196,-0.027293
169.75,455.35,0.027273,0.005301
173.25,455.35,0.059229,0.036952
176.75,455.35,0.08914,0.066293
180.43,455.35,0.115338,0.092843
184.1,455.35,0.134522,0.111823
187.6,455.35,0.147433,0.125264
191.1,455.35,0.154454,0.132208
194.6,455.35,0.155973,0.134247
198.28,455.35,0.152698,0.130899
201.78,455.35,0.146179,0.124405
205.28,455.35,0.137106,0.115566
208.78,455.35,0.126502,0.105384
212.28,455.35,0.115104,0.094167
215.78,455.35,0.103169,0.082134
219.45,455.35,0.092211,0.071595
222.95,455.35,0.081503,0.06043
226.45,455.35,0.072045,0.050856
229.95,455.35,0.064577,0.04406
233.63,455.35,0.057744,0.036595
237.13,455.35,0.052781,0.031934
240.63,455.35,0.048413,0.027581
244.13,455.35,0.044987,0.023973
247.8,455.35,0.042248,0.021155
251.3,455.35,0.039642,0.01898
254.8,455.35,0.03763,0.016564
258.3,455.35,0.035899,0.015455
261.98,455.35,0.034451,0.013573
265.65,455.35,0.032679,0.014325
269.15,455.35,0.031102,0.011731
272.83,455.35,0.02893,0.009399
276.5,455.35,0.026201,0.00625
280.0,455.35,0.023052,0.003252
283.68,455.35,0.019204,-0.000783
287.18,455.35,0.01474,-0.005851
290.68,455.35,0.009195,-0.010509
294.18,455.35,0.002784,-0.016812
297.68,455.35,-0.005256,-0.025019
301.18,455.35,-0.013658,-0.033069
304.68,455.35,-0.022912,-0.042197
308.18,455.35,-0.032678,-0.051818
311.85,455.35,-0.041911,-0.061593
315.35,455.35,-0.050691,-0.069788
319.03,455.35,-0.058134,-0.076935
322.53,455.35,-0.062884,-0.08167
326.03,455.35,-0.064369,-0.082813
330.23,455.35,-0.060543,-0.078925
333.73,455.35,-0.052413,-0.071489
337.23,455.35,-0.0394,-0.059301
340.73,455.35,-0.022234,-0.042493
344.75,455.35,0.002063,-0.018085
348.43,455.35,0.025354,0.00491
351.93,455.35,0.047883,0.026986
355.43,455.35,0.06942,0.047741
358.93,455.35,0.090387,0.069515
362.6,455.35,0.107667,0.085819
366.28,455.35,0.120963,0.098576
369.78,455.35,0.130341,0.108403
373.45,455.35,0.135819,0.112319
376.95,455.35,0.137953,0.114485
380.63,455.35,0.136459,0.11361
384.13,455.35,0.132997,0.110495
387.8,455.35,0.126918,0.10471
391.13,455.35,0.119882,0.097873
394.8,455.35,0.112088,0.090193
398.3,455.35,0.104352,0.082803
401.8,455.35,0.096352,0.075052
405.3,455.35,0.089161,0.068169
408.98,455.35,0.082245,0.061687
412.48,455.35,0.076053,0.055421
415.98,455.35,0.070199,0.049931
419.48,455.35,0.065637,0.045585
423.15,455.35,0.061281,0.041447
426.48,455.35,0.05788,0.037652
430.15,455.35,0.055169,0.03495
433.65,455.35,0.052793,0.032729
437.15,455.35,0.050822,0.030581
440.65,455.35,0.049023,0.028792
444.33,455.35,0.047356,0.026749
447.83,455.35,0.045729,0.025332
451.33,455.35,0.044346,0.02405
455.0,455.35,0.043225,0.022624
458.5,455.35,0.041382,0.020418
462.0,455.35,0.039066,0.017907
465.68,455.35,0.036536,0.015523
469.0,455.35,0.033289,0.012411
472.85,455.35,0.029651,0.009226
476.35,455.35,0.025135,0.00552
480.03,455.35,0.020101,0.000655
483.53,455.35,0.014167,-0.00509
487.2,455.35,0.006845,-0.012203
490.7,455.35,-0.001292,-0.020158
494.2,455.35,-0.009914,-0.028611
497.88,455.35,-0.019006,-0.03794
501.38,455.35,-0.026957,-0.045355
504.88,455.35,-0.033765,-0.05257
508.55,455.35,-0.038174,-0.057296
512.05,455.35,-0.039942,-0.059468
515.73,455.35,-0.038165,-0.058787
519.23,455.35,-0.033235,-0.052967
522.73,455.35,-0.024557,-0.044831
526.23,455.35,-0.012262,-0.0329
529.73,455.35,0.003175,-0.017573
533.4,455.35,0.020736,-0.000398
536.9,455.35,0.039663,0.01808
540.4,455.35,0.058483,0.036654
543.9,455.35,0.077559,0.055326
547.4,455.35,0.094725,0.07239
551.08,455.35,0.109414,0.08735
554.4,455.35,0.120917,0.098302
558.08,455.35,0.129327,0.10743
561.58,455.35,0.133995,0.112103
565.08,455.35,0.136145,0.11385
568.75,455.35,0.135492,0.114694
572.25,455.35,0.132673,0.111348
576.1,455.35,0.12723,0.104688
579.6,455.35,0.12109,0.099546
583.1,455.35,0.114392,0.092701
586.6,455.35,0.107325,0.085055
590.1,455.35,0.099974,0.078696
593.6,455.35,0.09332,0.071635
597.28,455.35,0.086401,0.06397
600.95,455.35,0.081047,0.059556
604.45,455.35,0.075874,0.054463
607.95,455.35,0.071136,0.050387
611.63,455.35,0.067704,0.046878
615.13,455.35,0.064211,0.0441
618.63,455.35,0.061081,0.040126
622.3,455.35,0.058071,0.038055
625.8,455.35,0.055535,0.035301
629.3,455.35,0.052726,0.032729
632.8,455.35,0.050196,0.030156
636.48,455.35,0.047775,0.02783
639.98,455.35,0.045646,0.025782
643.48,455.35,0.043979,0.023927
646.98,455.35,0.042322,0.022168
650.48,455.35,0.040409,0.020323
653.98,455.35,0.038561,0.018767
657.48,455.35,0.036731,0.016635
661.15,455.35,0.034765,0.014728
664.65,455.35,0.032374,0.012091
668.15,455.35,0.030132,0.009925
671.83,455.35,0.027297,0.005736
675.33,455.35,0.024482,0.004017
678.83,455.35,0.021475,0.000763
682.33,455.35,0.018638,-0.001794
685.83,455.35,0.015893,-0.004576
689.5,455.35,0.013055,-0.007145
693.0,455.35,0.010366,-0.009751
696.68,455.35,0.008185,-0.011966
700.18,455.35,0.006195,-0.013423
703.68,455.35,0.005052,-0.014495
707.18,455.35,0.004143,-0.015407
710.68,455.35,0.0041,-0.015195
12.6,490.53,0.115886,0.086499
16.1,490.53,0.114377,0.09275
19.78,490.53,0.112174,0.088539
23.45,490.53,0.110233,0.08783
27.13,490.53,0.108391,0.086235
30.63,490.53,0.107072,0.084901
34.13,490.53,0.105695,0.083434
37.63,490.53,0.104334,0.082165
41.13,490.53,0.102947,0.081225
44.8,490.53,0.101974,0.080658
48.48,490.53,0.101228,0.08129
52.15,490.53,0.100683,0.079824
55.48,490.53,0.100002,0.07828
59.15,490.53,0.099497,0.079186
62.65,490.53,0.099195,0.077704
66.15,490.53,0.099078,0.078105
69.83,490.53,0.098739,0.077174
73.33,490.53,0.098835,0.077072
76.83,490.53,0.098872,0.076971
80.5,490.53,0.098813,0.07674
84.0,490.53,0.097917,0.076022
87.5,490.53,0.097088,0.075033
91.0,490.53,0.095634,0.07324
94.5,490.53,0.094047,0.072183
98.18,490.53,0.091358,0.069857
101.85,490.53,0.08788,0.066826
105.18,490.53,0.083379,0.062159
108.68,490.53,0.077836,0.057575
112.53,490.53,0.070868,0.050699
116.03,490.53,0.063641,0.04336
119.7,490.53,0.055529,0.035729
123.2,490.53,0.046663,0.026598
126.7,490.53,0.037356,0.017636
130.38,490.53,0.02849,0.008869
133.88,490.53,0.020033,7.3e-05
137.38,490.53,0.013862,-0.005645
140.88,490.53,0.010769,-0.009495
144.38,490.53,0.012122,-0.008393
148.05,490.53,0.018314,-0.00221
151.55,490.53,0.02966,0.008804
155.05,490.53,0.045668,0.024278
158.55,490.53,0.06669,0.04426
162.23,490.53,0.09214,0.069093
165.73,490.53,0.119808,0.096694
169.23,490.53,0.147436,0.124078
172.73,490.53,0.174026,0.150172
176.4,490.53,0.198643,0.174127
179.9,490.53,0.218566,0.194226
183.4,490.53,0.233098,0.208582
187.08,490.53,0.241456,0.218012
190.58,490.53,0.244937,0.221068
194.08,490.53,0.24361,0.220289
197.75,490.53,0.237473,0.214155
201.25,490.53,0.226154,0.202966
204.75,490.53,0.2099,0.187399
208.25,490.53,0.189756,0.167248
212.1,490.53,0.166358,0.14239
215.6,490.53,0.144885,0.122978
219.1,490.53,0.123933,0.101955
222.6,490.53,0.104725,0.08308
226.1,490.53,0.086958,0.065769
229.78,490.53,0.071915,0.050665
233.28,490.53,0.059965,0.039057
236.78,490.53,0.050199,0.029531
240.45,490.53,0.042414,0.022002
244.13,490.53,0.03552,0.01722
247.8,490.53,0.031188,0.011601
251.48,490.53,0.027553,0.007883
254.98,490.53,0.025363,0.005138
258.65,490.53,0.023628,0.002553
262.15,490.53,0.021897,0.001768
265.65,490.53,0.020366,-0.000327
269.33,490.53,0.018508,-0.002317
272.83,490.53,0.015914,-0.004665
276.5,490.53,0.012704,-0.007564
280.0,490.53,0.008792,-0.011285
283.5,490.53,0.004328,-0.015161
287.35,490.53,-0.002804,-0.020648
291.03,490.53,-0.009998,-0.028728
294.53,490.53,-0.019178,-0.038026
298.03,490.53,-0.029083,-0.047792
301.7,490.53,-0.040244,-0.059877
305.2,490.53,-0.051446,-0.070038
308.7,490.53,-0.062733,-0.081439
312.38,490.53,-0.073624,-0.09229
315.88,490.53,-0.08257,-0.100946
319.38,490.53,-0.089042,-0.107379
323.05,490.53,-0.091772,-0.110302
326.55,490.53,-0.090013,-0.108266
330.23,490.53,-0.083833,-0.101954
333.73,490.53,-0.07232,-0.09111
337.23,490.53,-0.056572,-0.075355
340.73,490.53,-0.03655,-0.056273
344.4,490.53,-0.013097,-0.033048
347.9,490.53,0.013542,-0.006479
351.4,490.53,0.040434,0.019719
355.08,490.53,0.066296,0.044959
358.58,490.53,0.091037,0.069063
362.25,490.53,0.111897,0.089429
365.75,490.53,0.128391,0.105782
369.25,490.53,0.139719,0.116484
372.75,490.53,0.146456,0.123696
376.78,490.53,0.149026,0.126601
380.45,490.53,0.147168,0.124232
383.95,490.53,0.142744,0.120763
387.45,490.53,0.135467,0.113613
390.95,490.53,0.126305,0.106022
394.45,490.53,0.117045,0.095403
397.95,490.53,0.106894,0.086133
401.45,490.53,0.096669,0.076176
405.13,490.53,0.087193,0.06666
408.63,490.53,0.078674,0.058086
412.3,490.53,0.070973,0.050249
415.8,490.53,0.065107,0.044386
419.3,490.53,0.059469,0.038952
422.98,490.53,0.054568,0.032689
426.48,490.53,0.050135,0.029038
430.15,490.53,0.04641,0.025326
433.65,490.53,0.043736,0.022609
437.33,490.53,0.040686,0.020514
440.83,490.53,0.038477,0.018021
444.5,490.53,0.036111,0.015886
448.0,490.53,0.033792,0.014029
451.68,490.53,0.031435,0.012424
455.18,490.53,0.02902,0.009343
458.68,490.53,0.026047,0.006623
462.18,490.53,0.022578,0.003061
465.85,490.53,0.018576,-0.000796
469.18,490.53,0.014164,-0.005343
472.85,490.53,0.008326,-0.011067
476.35,490.53,0.001632,-0.01777
479.85,490.53,-0.006427,-0.025438
483.35,490.53,-0.015688,-0.035195
487.03,490.53,-0.025906,-0.044911
490.53,490.53,-0.037102,-0.056744
494.03,490.53,-0.048639,-0.067807
497.7,490.53,-0.060475,-0.079126
501.2,490.53,-0.071732,-0.090423
504.7,490.53,-0.081988,-0.100524
508.2,490.53,-0.089431,-0.107943
511.88,490.53,-0.094129,-0.11229
515.38,490.53,-0.094317,-0.112755
518.88,490.53,-0.090373,-0.108734
522.73,490.53,-0.080604,-0.096846
526.58,490.53,-0.066495,-0.085968
530.08,490.53,-0.048984,-0.069049
533.58,490.53,-0.029462,-0.049662
537.08,490.53,-0.006929,-0.02793
540.75,490.53,0.017005,-0.005235
544.25,490.53,0.037994,0.016641
547.75,490.53,0.057624,0.035649
551.43,490.53,0.074842,0.052843
554.93,490.53,0.090098,0.069512
558.43,490.53,0.099716,0.076349
561.93,490.53,0.106752,0.08475
565.6,490.53,0.110353,0.088625
569.1,490.53,0.11137,0.089931
572.6,490.53,0.109937,0.088936
576.28,490.53,0.107377,0.086302
579.78,490.53,0.103262,0.081999
583.28,490.53,0.097978,0.077236
586.95,490.53,0.092836,0.072257
590.45,490.53,0.087556,0.066869
593.95,490.53,0.082633,0.062119
597.45,490.53,0.078431,0.057966
600.95,490.53,0.074725,0.054207
604.45,490.53,0.070957,0.049935
608.13,490.53,0.067873,0.046761
611.63,490.53,0.064608,0.044103
615.13,490.53,0.061469,0.039679
618.8,490.53,0.058422,0.036774
622.3,490.53,0.055689,0.034451
625.8,490.53,0.053043,0.03186
629.65,490.53,0.049768,0.030917
633.15,490.53,0.047587,0.026521
636.83,490.53,0.045464,0.025575
640.33,490.53,0.044044,0.024688
644.18,490.53,0.042716,0.021925
647.68,490.53,0.041315,0.020865
651.18,490.53,0.039993,0.019309
654.68,490.53,0.038376,0.018653
658.18,490.53,0.036672,0.016318
661.85,490.53,0.034907,0.013434
665.35,490.53,0.03296,0.01206
669.03,490.53,0.031318,0.010341
672.53,490.53,0.028804,0.008212
676.03,490.53,0.026598,0.005896
679.7,490.53,0.024355,0.003752
683.2,490.53,0.021808,0.00239
686.88,490.53,0.019288,0.000184
690.38,490.53,0.017282,-0.001923
693.88,490.53,0.014679,-0.004964
697.55,490.53,0.011389,-0.007576
701.05,490.53,0.007929,-0.011178
704.38,490.53,0.004586,-0.014905
708.23,490.53,0.000776,-0.018648
12.78,525.53,0.100726,0.069947
16.28,525.53,0.101425,0.079482
20.3,525.53,0.10239,0.081
23.8,525.53,0.103326,0.082495
27.48,525.53,0.10414,0.083043
30.98,525.53,0.104879,0.083939
34.48,525.53,0.105393,0.08409
38.15,525.53,0.106028,0.084845
41.65,525.53,0.106182,0.084971
45.15,525.53,0.106425,0.08479
49.0,525.53,0.106804,0.082125
52.68,525.53,0.106807,0.084774
56.18,525.53,0.106804,0.084691
59.68,525.53,0.107128,0.085061
63.18,525.53,0.107242,0.08519
66.85,525.53,0.107485,0.085853
70.35,525.53,0.108141,0.086533
73.85,525.53,0.108218,0.087094
77.35,525.53,0.108302,0.08686
81.03,525.53,0.108311,0.087109
84.53,525.53,0.107464,0.086734
88.03,525.53,0.10662,0.085606
91.53,525.53,0.105187,0.084069
95.2,525.53,0.102932,0.081971
98.7,525.53,0.099737,0.078182
102.38,525.53,0.09556,0.07409
105.88,525.53,0.090098,0.068899
109.38,525.53,0.082621,0.061959
112.88,525.53,0.074069,0.052405
116.55,525.53,0.064488,0.043573
120.05,525.53,0.054047,0.033351
123.55,525.53,0.043101,0.022125
127.05,525.53,0.0317,0.011155
130.73,525.53,0.020742,0.000344
134.23,525.53,0.011013,-0.009064
137.73,525.53,0.00312,-0.016871
141.23,525.53,-0.002114,-0.022068
144.73,525.53,-0.003374,-0.023698
148.23,525.53,0.000366,-0.020105
151.73,525.53,0.009602,-0.01078
155.23,525.53,0.025147,0.004291
158.9,525.53,0.045893,0.024214
162.4,525.53,0.071392,0.049771
166.08,525.53,0.101758,0.079848
169.58,525.53,0.13299,0.110221
173.08,525.53,0.16353,0.140473
176.58,525.53,0.19381,0.1704
180.25,525.53,0.220689,0.196894
183.75,525.53,0.241626,0.217008
187.6,525.53,0.256958,0.229549
191.28,525.53,0.264238,0.238634
194.78,525.53,0.265895,0.241003
198.28,525.53,0.262319,0.236943
202.3,525.53,0.251508,0.22938
205.8,525.53,0.236555,0.21368
209.3,525.53,0.21673,0.194269
212.98,525.53,0.193588,0.17153
216.48,525.53,0.168126,0.145822
219.98,525.53,0.145621,0.124885
223.48,525.53,0.123644,0.102812
226.98,525.53,0.103776,0.083265
230.48,525.53,0.085532,0.064753
233.98,525.53,0.07035,0.050082
237.65,525.53,0.05816,0.038006
241.15,525.53,0.048228,0.027827
244.65,525.53,0.039944,0.019383
248.15,525.53,0.032556,0.011851
251.83,525.53,0.026724,0.006167
255.33,525.53,0.021496,0.000754
259.0,525.53,0.016946,-0.003596
262.5,525.53,0.012433,-0.007733
266.0,525.53,0.007914,-0.01241
269.5,525.53,0.003508,-0.016615
273.0,525.53,-0.001815,-0.021467
276.85,525.53,-0.00781,-0.025346
280.35,525.53,-0.014874,-0.033771
284.03,525.53,-0.023106,-0.041707
287.53,525.53,-0.032807,-0.050974
291.2,525.53,-0.044033,-0.062622
294.7,525.53,-0.056276,-0.074123
298.2,525.53,-0.070013,-0.087807
301.7,525.53,-0.084717,-0.102299
305.2,525.53,-0.100916,-0.12017
308.88,525.53,-0.115062,-0.131436
312.38,525.53,-0.128291,-0.145755
315.88,525.53,-0.138146,-0.155761
319.9,525.53,-0.145379,-0.160081
323.4,525.53,-0.146168,-0.163343
327.08,525.53,-0.141393,-0.158137
330.58,525.53,-0.130432,-0.147653
334.43,525.53,-0.109237,-0.130623
338.1,525.53,-0.085959,-0.104711
341.6,525.53,-0.056914,-0.077434
345.1,525.53,-0.024979,-0.045623
349.13,525.53,0.01637,-0.002672
352.63,525.53,0.048447,0.026996
356.3,525.53,0.080948,0.059035
359.8,525.53,0.110581,0.088215
363.3,525.53,0.13682,0.111506
366.98,525.53,0.153764,0.133061
370.48,525.53,0.166589,0.143936
373.98,525.53,0.174072,0.150199
377.48,525.53,0.176,0.152578
381.15,525.53,0.173268,0.150036
384.65,525.53,0.16666,0.143003
388.15,525.53,0.157907,0.135295
391.65,525.53,0.146909,0.124226
395.33,525.53,0.135076,0.112747
398.83,525.53,0.122729,0.100612
402.33,525.53,0.110292,0.088576
406.0,525.53,0.097846,0.07669
409.5,525.53,0.086703,0.065369
413.0,525.53,0.07584,0.055477
416.68,525.53,0.066478,0.045893
420.18,525.53,0.057963,0.037455
423.68,525.53,0.050372,0.030511
427.18,525.53,0.043761,0.024263
430.68,525.53,0.037941,0.018496
434.35,525.53,0.032883,0.013114
437.68,525.53,0.028533,0.008662
441.53,525.53,0.024525,0.004549
445.2,525.53,0.020329,0.000277
448.7,525.53,0.016185,-0.004055
452.2,525.53,0.010988,-0.009184
455.7,525.53,0.005649,-0.014098
459.2,525.53,-0.000281,-0.020253
462.88,525.53,-0.006991,-0.026794
466.38,525.53,-0.01436,-0.034298
469.88,525.53,-0.022693,-0.042206
473.38,525.53,-0.032219,-0.051723
476.88,525.53,-0.042465,-0.061791
480.38,525.53,-0.054113,-0.072893
483.88,525.53,-0.066861,-0.08533
487.55,525.53,-0.080339,-0.098614
491.05,525.53,-0.094705,-0.112444
494.55,525.53,-0.108824,-0.126291
498.05,525.53,-0.121658,-0.138962
501.73,525.53,-0.131944,-0.148608
505.23,525.53,-0.138845,-0.156134
508.73,525.53,-0.142293,-0.15879
512.4,525.53,-0.140891,-0.156834
515.9,525.53,-0.134184,-0.151205
519.4,525.53,-0.122058,-0.139304
523.08,525.53,-0.103664,-0.12172
526.58,525.53,-0.081073,-0.099742
530.08,525.53,-0.055019,-0.074409
533.75,525.53,-0.027031,-0.046772
537.25,525.53,0.003259,-0.017625
540.75,525.53,0.032245,0.010837
544.25,525.53,0.058594,0.036727
547.75,525.53,0.082658,0.060301
551.43,525.53,0.103228,0.080027
554.93,525.53,0.118295,0.095246
558.43,525.53,0.128437,0.105048
562.1,525.53,0.133702,0.110742
565.6,525.53,0.134223,0.111509
569.1,525.53,0.131977,0.109574
572.78,525.53,0.126552,0.104645
576.28,525.53,0.119528,0.097907
579.78,525.53,0.110791,0.089885
583.45,525.53,0.101786,0.081016
586.95,525.53,0.092337,0.071906
590.28,525.53,0.082895,0.062365
594.13,525.53,0.07422,0.053829
597.63,525.53,0.066875,0.046607
601.13,525.53,0.060289,0.040249
604.63,525.53,0.054833,0.034623
608.13,525.53,0.050261,0.03028
611.63,525.53,0.046475,0.026302
615.3,525.53,0.043943,0.023792
618.8,525.53,0.041792,0.021706
622.3,525.53,0.03995,0.01999
625.8,525.53,0.038031,0.017713
629.3,525.53,0.036435,0.016139
632.8,525.53,0.034851,0.014611
636.3,525.53,0.033089,0.012378
639.98,525.53,0.031515,0.010843
643.48,525.53,0.030652,0.009448
647.15,525.53,0.029519,0.008899
650.65,525.53,0.028598,0.007488
654.15,525.53,0.027575,0.006798
657.83,525.53,0.026878,0.006453
661.33,525.53,0.026025,0.006059
664.83,525.53,0.024774,0.004519
668.33,525.53,0.023012,0.002738
672.0,525.53,0.02072,0.001432
675.5,525.53,0.018678,-0.001168
679.0,525.53,0.016108,-0.003408
682.5,525.53,0.013397,-0.005959
686.18,525.53,0.010609,-0.008251
689.68,525.53,0.00792,-0.011458
693.18,525.53,0.005255,-0.013904
696.68,525.53,0.002128,-0.017096
700.35,525.53,-0.00168,-0.020848
703.85,525.53,-0.005873,-0.025484
707.53,525.53,-0.010352,-0.030444
711.03,525.53,-0.01538,-0.035771
12.43,560.53,0.110393,0.078394
16.1,560.53,0.111533,0.089257
19.95,560.53,0.112735,0.093
23.45,560.53,0.113828,0.092504
26.95,560.53,0.115048,0.093838
30.63,560.53,0.116124,0.094451
34.13,560.53,0.117066,0.094894
37.8,560.53,0.117476,0.094944
41.48,560.53,0.117371,0.093989
45.33,560.53,0.11738,0.096398
49.0,560.53,0.117414,0.096623
52.5,560.53,0.117371,0.095994
56.0,560.53,0.117029,0.095572
59.33,560.53,0.116666,0.09539
63.18,560.53,0.11657,0.095147
66.68,560.53,0.116546,0.095076
70.18,560.53,0.116644,0.095085
73.68,560.53,0.116311,0.094478
77.35,560.53,0.115963,0.093955
80.85,560.53,0.115107,0.092405
84.53,560.53,0.113453,0.091271
88.03,560.53,0.110979,0.088292
91.88,560.53,0.107442,0.087602
95.73,560.53,0.103215,0.082424
99.23,560.53,0.098104,0.077211
102.9,560.53,0.092313,0.071244
106.05,560.53,0.085002,0.063289
110.08,560.53,0.077377,0.055495
113.58,560.53,0.068841,0.048185
117.08,560.53,0.059423,0.038379
120.58,560.53,0.048625,0.027895
124.25,560.53,0.036453,0.015982
128.1,560.53,0.021851,0.002544
131.6,560.53,0.008493,-0.010623
135.28,560.53,-0.004289,-0.022515
139.13,560.53,-0.015068,-0.035256
142.63,560.53,-0.020934,-0.039921
146.3,560.53,-0.021895,-0.042259
149.63,560.53,-0.017669,-0.037826
153.83,560.53,-0.004659,-0.023279
157.33,560.53,0.012612,-0.007672
160.65,560.53,0.035116,0.014599
164.5,560.53,0.063175,0.041974
168.0,560.53,0.094377,0.072208
171.68,560.53,0.126675,0.104007
175.18,560.53,0.158144,0.134127
178.68,560.53,0.18681,0.162947
182.35,560.53,0.211826,0.186792
185.85,560.53,0.230843,0.206167
189.35,560.53,0.244503,0.219469
192.85,560.53,0.251105,0.22584
196.53,560.53,0.250378,0.225399
199.85,560.53,0.242996,0.218431
203.53,560.53,0.229183,0.2047
207.2,560.53,0.211428,0.1882
210.7,560.53,0.191505,0.168628
214.2,560.53,0.169894,0.148379
217.7,560.53,0.150501,0.128302
221.38,560.53,0.132171,0.111164
224.88,560.53,0.114897,0.094152
228.38,560.53,0.099195,0.078668
232.05,560.53,0.085199,0.065002
235.55,560.53,0.072944,0.05276
239.05,560.53,0.062883,0.042883
242.73,560.53,0.053788,0.033961
246.4,560.53,0.045326,0.024355
249.9,560.53,0.03853,0.017963
253.4,560.53,0.032069,0.011518
257.08,560.53,0.02649,0.00588
260.58,560.53,0.020948,0.00027
264.08,560.53,0.01576,-0.004628
267.75,560.53,0.009586,-0.010682
271.25,560.53,0.003293,-0.016766
274.93,560.53,-0.004797,-0.023044
278.43,560.53,-0.012875,-0.032133
281.93,560.53,-0.022265,-0.040836
285.6,560.53,-0.033026,-0.051245
289.28,560.53,-0.045641,-0.063528
292.78,560.53,-0.058996,-0.07659
296.45,560.53,-0.073858,-0.091726
299.95,560.53,-0.090068,-0.107816
303.8,560.53,-0.109033,-0.128038
307.3,560.53,-0.123944,-0.141827
310.8,560.53,-0.137813,-0.15492
314.48,560.53,-0.149052,-0.16598
317.98,560.53,-0.156686,-0.173697
321.48,560.53,-0.159236,-0.176131
324.98,560.53,-0.155469,-0.172625
328.48,560.53,-0.145574,-0.163041
331.98,560.53,-0.129027,-0.147037
335.65,560.53,-0.105977,-0.124615
339.15,560.53,-0.0768,-0.095457
342.65,560.53,-0.044502,-0.063821
346.33,560.53,-0.009311,-0.029391
349.83,560.53,0.027439,0.006546
353.33,560.53,0.062042,0.040486
356.83,560.53,0.094925,0.072978
360.33,560.53,0.123178,0.100575
364.0,560.53,0.145963,0.123234
367.5,560.53,0.162485,0.139614
371.0,560.53,0.17357,0.150323
374.68,560.53,0.179124,0.155902
378.18,560.53,0.179537,0.154836
381.85,560.53,0.175292,0.151524
385.35,560.53,0.167867,0.145058
388.85,560.53,0.157941,0.135045
392.53,560.53,0.146333,0.123804
396.03,560.53,0.133767,0.11169
399.53,560.53,0.120745,0.098942
403.03,560.53,0.107417,0.086176
406.7,560.53,0.094417,0.073674
410.2,560.53,0.081909,0.061416
413.7,560.53,0.070551,0.049713
417.38,560.53,0.060437,0.04076
420.88,560.53,0.051493,0.031592
424.03,560.53,0.043406,0.023761
428.05,560.53,0.035976,0.016096
431.55,560.53,0.029405,0.009513
435.23,560.53,0.023166,0.002988
438.73,560.53,0.017652,-0.003276
442.4,560.53,0.012393,-0.007613
445.9,560.53,0.00723,-0.01282
449.58,560.53,0.002581,-0.018078
453.08,560.53,-0.002847,-0.02293
456.58,560.53,-0.008272,-0.028353
460.08,560.53,-0.014341,-0.034113
463.58,560.53,-0.020894,-0.040336
467.25,560.53,-0.027955,-0.047191
470.75,560.53,-0.035725,-0.054686
474.25,560.53,-0.04456,-0.063402
477.75,560.53,-0.054036,-0.072407
481.25,560.53,-0.0644,-0.08277
484.58,560.53,-0.075722,-0.093263
488.25,560.53,-0.086945,-0.104575
491.75,560.53,-0.098183,-0.115019
495.43,560.53,-0.10805,-0.125198
498.93,560.53,-0.115922,-0.132511
502.6,560.53,-0.120259,-0.137339
506.28,560.53,-0.120774,-0.138103
509.78,560.53,-0.116538,-0.134206
513.45,560.53,-0.107089,-0.125993
516.95,560.53,-0.093177,-0.111692
520.45,560.53,-0.073904,-0.09379
524.13,560.53,-0.050817,-0.071467
527.63,560.53,-0.024751,-0.04545
531.13,560.53,0.004439,-0.016997
534.63,560.53,0.034041,0.012381
538.13,560.53,0.062679,0.040304
541.63,560.53,0.090458,0.067565
544.95,560.53,0.115529,0.092294
548.8,560.53,0.136071,0.112772
552.3,560.53,0.152639,0.129586
555.98,560.53,0.164096,0.141219
559.3,560.53,0.170911,0.148471
562.98,560.53,0.172057,0.149697
566.65,560.53,0.169417,0.147331
570.15,560.53,0.162846,0.141154
573.65,560.53,0.153674,0.131888
577.15,560.53,0.142692,0.121031
580.83,560.53,0.130156,0.108727
584.33,560.53,0.117032,0.096003
587.83,560.53,0.104186,0.08292
591.5,560.53,0.091271,0.069894
594.83,560.53,0.079694,0.058058
598.68,560.53,0.069448,0.047522
602.18,560.53,0.061472,0.040344
605.68,560.53,0.054765,0.03369
609.18,560.53,0.048872,0.027803
612.85,560.53,0.043841,0.023123
616.35,560.53,0.039331,0.018678
619.85,560.53,0.0356,0.014731
623.35,560.53,0.032482,0.011743
627.03,560.53,0.030055,0.010024
630.53,560.53,0.027904,0.007772
634.03,560.53,0.026555,0.00662
637.7,560.53,0.025809,0.006321
641.2,560.53,0.025689,0.005779
644.7,560.53,0.025286,0.005957
648.38,560.53,0.025455,0.005674
651.88,560.53,0.025329,0.005471
655.38,560.53,0.025387,0.005529
658.88,560.53,0.025298,0.005283
662.55,560.53,0.025354,0.004993
666.05,560.53,0.025699,0.005893
669.55,560.53,0.025474,0.004546
673.05,560.53,0.025412,0.005147
676.73,560.53,0.025403,0.004756
680.23,560.53,0.025378,0.00487
683.73,560.53,0.025363,0.004417
687.23,560.53,0.025292,0.004771
690.9,560.53,0.025073,0.004186
694.58,560.53,0.025012,0.005304
698.25,560.53,0.024167,0.004137
701.75,560.53,0.02336,0.00385
705.25,560.53,0.022279,0.002941
708.93,560.53,0.021244,0.002036
12.78,595.53,0.117377,0.085523
16.28,595.53,0.11771,0.095692
19.78,595.53,0.11816,0.095751
23.28,595.53,0.118074,0.095889
26.78,595.53,0.118536,0.095726
30.45,595.53,0.118416,0.095843
33.95,595.53,0.118468,0.096031
37.45,595.53,0.118486,0.096142
40.95,595.53,0.118172,0.09604
44.63,595.53,0.11763,0.095837
48.13,595.53,0.116986,0.095523
51.8,595.53,0.115708,0.094149
55.3,595.53,0.114706,0.093271
58.8,595.53,0.113681,0.092035
62.3,595.53,0.11239,0.091074
65.8,595.53,0.111062,0.090067
69.48,595.53,0.109488,0.088502
72.8,595.53,0.108379,0.087069
76.48,595.53,0.106767,0.085584
80.15,595.53,0.105252,0.084288
83.65,595.53,0.103573,0.082612
87.85,595.53,0.100834,0.077901
91.35,595.53,0.097787,0.076771
94.85,595.53,0.09466,0.07357
98.53,595.53,0.090209,0.069556
102.03,595.53,0.085218,0.064586
105.53,595.53,0.078989,0.058604
109.03,595.53,0.071376,0.051059
112.53,595.53,0.063006,0.042858
116.2,595.53,0.052458,0.032504
119.7,595.53,0.040806,0.021071
123.2,595.53,0.027313,0.007723
126.88,595.53,0.012793,-0.006914
130.38,595.53,-0.001951,-0.021396
133.88,595.53,-0.016399,-0.036131
137.55,595.53,-0.028476,-0.047801
141.05,595.53,-0.037123,-0.056239
144.55,595.53,-0.042173,-0.061307
147.88,595.53,-0.042102,-0.061901
151.73,595.53,-0.036356,-0.056251
155.23,595.53,-0.024816,-0.044625
158.73,595.53,-0.006926,-0.027339
162.4,595.53,0.017039,-0.003574
165.9,595.53,0.044355,0.022988
169.4,595.53,0.074442,0.052837
173.08,595.53,0.106601,0.084343
176.58,595.53,0.137984,0.115551
179.73,595.53,0.167103,0.143801
183.58,595.53,0.193542,0.170178
187.08,595.53,0.213055,0.189401
190.75,595.53,0.224968,0.20112
194.43,595.53,0.228918,0.204525
197.93,595.53,0.225821,0.201579
201.43,595.53,0.21722,0.193098
204.75,595.53,0.205039,0.181783
207.9,595.53,0.189691,0.166136
212.28,595.53,0.173644,0.150649
215.78,595.53,0.157781,0.134993
219.28,595.53,0.142507,0.120021
222.95,595.53,0.127587,0.105939
226.45,595.53,0.11401,0.092538
229.95,595.53,0.101142,0.080206
233.63,595.53,0.089365,0.06877
237.13,595.53,0.078443,0.057994
240.63,595.53,0.068828,0.048385
244.13,595.53,0.059796,0.039568
247.8,595.53,0.05162,0.031851
251.3,595.53,0.044072,0.024278
255.15,595.53,0.036481,0.015156
258.65,595.53,0.02979,0.00934
262.15,595.53,0.022535,0.002559
265.65,595.53,0.015295,-0.005281
269.33,595.53,0.007026,-0.013507
272.83,595.53,-0.001449,-0.021298
276.5,595.53,-0.010789,-0.030549
280.0,595.53,-0.021202,-0.040734
283.5,595.53,-0.032404,-0.051603
287.0,595.53,-0.044696,-0.063411
290.68,595.53,-0.058011,-0.076359
294.18,595.53,-0.072471,-0.0905
297.68,595.53,-0.088023,-0.105577
301.18,595.53,-0.10464,-0.121858
304.85,595.53,-0.120989,-0.1374
308.35,595.53,-0.135367,-0.151442
311.85,595.53,-0.147021,-0.163053
315.53,595.53,-0.154899,-0.170922
319.03,595.53,-0.158097,-0.174504
322.53,595.53,-0.155583,-0.17204
326.03,595.53,-0.147015,-0.163959
329.35,595.53,-0.131596,-0.149483
333.2,595.53,-0.109954,-0.128177
336.7,595.53,-0.081935,-0.101516
340.38,595.53,-0.049465,-0.070494
343.88,595.53,-0.015641,-0.036556
347.38,595.53,0.021031,-0.000725
351.05,595.53,0.056376,0.033671
354.55,595.53,0.090427,0.067285
358.05,595.53,0.120289,0.097254
361.55,595.53,0.144731,0.121647
365.23,595.53,0.163342,0.140298
368.73,595.53,0.176314,0.152997
372.4,595.53,0.183613,0.161281
375.9,595.53,0.184808,0.162297
379.58,595.53,0.181379,0.159226
383.08,595.53,0.173493,0.151019
386.75,595.53,0.163061,0.14027
390.43,595.53,0.150427,0.125988
394.1,595.53,0.137377,0.115027
397.6,595.53,0.123967,0.101946
401.1,595.53,0.110538,0.088847
404.6,595.53,0.097522,0.076207
408.28,595.53,0.084864,0.06341
411.78,595.53,0.073151,0.052214
415.28,595.53,0.062963,0.041996
418.78,595.53,0.053527,0.033434
422.28,595.53,0.045203,0.024516
425.95,595.53,0.037809,0.018453
429.45,595.53,0.031318,0.011885
433.13,595.53,0.025289,0.005692
436.63,595.53,0.019408,4.5e-05
440.13,595.53,0.014254,-0.005013
443.63,595.53,0.008576,-0.010722
447.3,595.53,0.003444,-0.016045
450.8,595.53,-0.002182,-0.021781
454.3,595.53,-0.00749,-0.027012
457.98,595.53,-0.012943,-0.032946
461.48,595.53,-0.018676,-0.038112
464.8,595.53,-0.024822,-0.044797
468.65,595.53,-0.03143,-0.050839
472.15,595.53,-0.038439,-0.05793
475.83,595.53,-0.046575,-0.066008
479.33,595.53,-0.055321,-0.074289
482.83,595.53,-0.064218,-0.083001
486.33,595.53,-0.073143,-0.09147
489.83,595.53,-0.081695,-0.10005
493.5,595.53,-0.088969,-0.106492
497.0,595.53,-0.094557,-0.111325
500.68,595.53,-0.097234,-0.114055
504.18,595.53,-0.096655,-0.114215
507.68,595.53,-0.09184,-0.109665
511.35,595.53,-0.083026,-0.101421
515.03,595.53,-0.06944,-0.088614
518.53,595.53,-0.051966,-0.071276
522.03,595.53,-0.030346,-0.051159
525.53,595.53,-0.004924,-0.025715
529.2,595.53,0.023514,0.001376
532.7,595.53,0.051469,0.029445
536.38,595.53,0.079651,0.0571
539.35,595.53,0.10779,0.084805
543.38,595.53,0.132294,0.108961
546.88,595.53,0.152963,0.12914
550.38,595.53,0.169666,0.145822
553.88,595.53,0.182602,0.158881
557.55,595.53,0.190233,0.166783
561.05,595.53,0.193305,0.170054
564.55,595.53,0.191139,0.168539
568.23,595.53,0.184931,0.162744
571.73,595.53,0.175769,0.153489
575.23,595.53,0.164408,0.142285
578.73,595.53,0.151586,0.129947
582.23,595.53,0.137997,0.116777
585.73,595.53,0.124152,0.103104
589.23,595.53,0.110283,0.089719
592.9,595.53,0.097125,0.076509
596.23,595.53,0.084808,0.064596
599.9,595.53,0.073527,0.053268
603.4,595.53,0.063708,0.043752
606.9,595.53,0.055612,0.035492
610.4,595.53,0.048601,0.028391
614.08,595.53,0.043403,0.023373
617.58,595.53,0.038983,0.018943
621.08,595.53,0.035834,0.015757
624.58,595.53,0.033422,0.012926
628.08,595.53,0.031543,0.011429
631.58,595.53,0.030834,0.01007
635.25,595.53,0.03036,0.009389
638.75,595.53,0.029753,0.009103
642.25,595.53,0.029312,0.008431
645.58,595.53,0.028764,0.007643
649.6,595.53,0.027975,0.007378
653.1,595.53,0.027187,0.006777
656.6,595.53,0.026478,0.00613
660.1,595.53,0.025871,0.005409
663.6,595.53,0.02532,0.005092
667.1,595.53,0.025326,0.004922
670.6,595.53,0.025461,0.00527
674.28,595.53,0.026022,0.005994
677.6,595.53,0.026555,0.006373
681.28,595.53,0.027569,0.008012
684.78,595.53,0.028388,0.008712
688.45,595.53,0.029204,0.009414
691.78,595.53,0.029864,0.01024
695.63,595.53,0.03015,0.010024
699.13,595.53,0.030652,0.010628
702.8,595.53,0.030628,0.010098
705.95,595.53,0.030622,0.010523
709.8,595.53,0.030658,0.010163
11.38,630.7,0.114731,0.085406
14.88,630.7,0.113628,0.092134
18.38,630.7,0.112519,0.091077
22.05,630.7,0.111555,0.089897
25.55,630.7,0.110729,0.087263
29.05,630.7,0.109395,0.086638
32.73,630.7,0.108185,0.086105
36.4,630.7,0.10714,0.085085
39.9,630.7,0.105209,0.085483
43.93,630.7,0.103542,0.082519
47.6,630.7,0.102035,0.080671
51.1,630.7,0.100329,0.079371
55.3,630.7,0.098305,0.075412
58.63,630.7,0.096401,0.075095
62.3,630.7,0.094626,0.073616
65.8,630.7,0.092587,0.07166
70.18,630.7,0.089833,0.065625
73.68,630.7,0.087408,0.065634
77.35,630.7,0.084793,0.063637
80.85,630.7,0.082113,0.060658
84.7,630.7,0.078554,0.057131
88.38,630.7,0.074891,0.056096
91.88,630.7,0.070671,0.050064
95.38,630.7,0.066459,0.045286
99.05,630.7,0.061111,0.040557
102.55,630.7,0.055199,0.034189
106.05,630.7,0.04788,0.027196
109.55,630.7,0.03958,0.019094
113.23,630.7,0.029894,0.009121
116.73,630.7,0.018021,-0.002228
120.23,630.7,0.004747,-0.015087
123.9,630.7,-0.009779,-0.029714
127.4,630.7,-0.024776,-0.044126
131.08,630.7,-0.040149,-0.057853
134.58,630.7,-0.053094,-0.071563
138.08,630.7,-0.064311,-0.082413
141.75,630.7,-0.072721,-0.090047
144.9,630.7,-0.077243,-0.094637
148.75,630.7,-0.076732,-0.094807
152.43,630.7,-0.070786,-0.08887
155.93,630.7,-0.058747,-0.077173
159.43,630.7,-0.04086,-0.060127
162.93,630.7,-0.01728,-0.037163
166.6,630.7,0.011962,-0.008608
170.1,630.7,0.044888,0.023228
173.6,630.7,0.079703,0.05747
177.28,630.7,0.115246,0.091567
180.78,630.7,0.145797,0.121841
184.28,630.7,0.170668,0.145855
187.95,630.7,0.18893,0.164469
191.8,630.7,0.200677,0.17722
195.3,630.7,0.205393,0.18169
198.8,630.7,0.204768,0.181336
202.3,630.7,0.199771,0.17665
206.15,630.7,0.190298,0.168046
209.65,630.7,0.17921,0.156804
213.33,630.7,0.166481,0.143751
216.83,630.7,0.153449,0.130815
220.5,630.7,0.139722,0.116389
224.0,630.7,0.126478,0.104568
227.68,630.7,0.113548,0.091342
231.18,630.7,0.101003,0.079149
234.68,630.7,0.08889,0.067719
238.35,630.7,0.07784,0.056598
241.85,630.7,0.067658,0.046903
245.35,630.7,0.058292,0.037787
248.85,630.7,0.049978,0.030138
252.53,630.7,0.042498,0.022686
256.03,630.7,0.034821,0.015363
259.7,630.7,0.027544,0.008505
263.2,630.7,0.020159,0.00064
266.53,630.7,0.012282,-0.007339
270.55,630.7,0.003795,-0.016181
274.05,630.7,-0.005811,-0.02517
277.38,630.7,-0.015641,-0.034588
280.7,630.7,-0.026624,-0.045595
284.55,630.7,-0.038202,-0.057342
288.05,630.7,-0.050829,-0.069785
291.55,630.7,-0.064344,-0.082792
295.23,630.7,-0.078633,-0.096978
298.73,630.7,-0.093543,-0.111895
302.23,630.7,-0.107952,-0.125734
305.9,630.7,-0.120931,-0.138392
309.4,630.7,-0.130666,-0.148084
312.9,630.7,-0.136695,-0.154184
316.4,630.7,-0.138771,-0.15619
319.9,630.7,-0.135811,-0.153448
323.4,630.7,-0.126661,-0.144428
327.08,630.7,-0.111387,-0.129381
330.58,630.7,-0.089803,-0.108442
334.25,630.7,-0.063263,-0.082102
337.75,630.7,-0.033374,-0.053322
341.95,630.7,0.008296,-0.015367
345.63,630.7,0.043878,0.021663
349.13,630.7,0.078964,0.056487
352.8,630.7,0.112809,0.089925
356.48,630.7,0.143825,0.121912
359.98,630.7,0.167762,0.144793
363.48,630.7,0.186321,0.163141
367.15,630.7,0.198739,0.175455
371.0,630.7,0.20556,0.17868
374.5,630.7,0.20547,0.181222
378.18,630.7,0.200415,0.176512
381.68,630.7,0.191351,0.168129
385.35,630.7,0.17917,0.156669
388.85,630.7,0.165153,0.142655
392.35,630.7,0.150372,0.128514
395.85,630.7,0.135169,0.113952
399.35,630.7,0.120406,0.09905
402.85,630.7,0.106102,0.085156
406.53,630.7,0.092436,0.071743
410.03,630.7,0.079759,0.059229
413.53,630.7,0.068031,0.048142
417.38,630.7,0.057014,0.0367
421.05,630.7,0.047793,0.027325
424.55,630.7,0.039294,0.017374
428.23,630.7,0.031989,0.010803
431.73,630.7,0.025806,0.00535
435.4,630.7,0.019882,-0.00025
438.9,630.7,0.014907,-0.005321
442.4,630.7,0.0097,-0.010586
446.08,630.7,0.00515,-0.014345
449.58,630.7,0.000541,-0.018963
453.25,630.7,-0.004135,-0.023577
456.75,630.7,-0.00871,-0.027847
460.25,630.7,-0.013907,-0.032511
463.75,630.7,-0.01948,-0.038192
467.25,630.7,-0.025512,-0.043821
470.75,630.7,-0.032247,-0.050832
474.43,630.7,-0.039209,-0.057481
477.93,630.7,-0.046806,-0.065096
481.6,630.7,-0.054877,-0.07302
485.1,630.7,-0.06253,-0.080786
488.6,630.7,-0.070176,-0.088208
492.1,630.7,-0.076455,-0.095262
495.78,630.7,-0.081381,-0.099452
499.28,630.7,-0.08391,-0.102277
502.78,630.7,-0.08358,-0.102668
506.45,630.7,-0.079693,-0.099169
510.13,630.7,-0.071618,-0.090799
513.63,630.7,-0.059511,-0.07899
517.13,630.7,-0.04375,-0.063158
520.63,630.7,-0.023744,-0.043402
524.3,630.7,0.000132,-0.020414
527.8,630.7,0.025634,0.004925
531.3,630.7,0.052011,0.030477
534.98,630.7,0.079349,0.057741
538.48,630.7,0.106703,0.084694
541.98,630.7,0.131435,0.109072
545.48,630.7,0.152735,0.129968
548.98,630.7,0.170193,0.147103
552.83,630.7,0.184448,0.160652
556.33,630.7,0.193465,0.169713
560.0,630.7,0.197578,0.173576
563.5,630.7,0.196928,0.173089
567.53,630.7,0.191083,0.168154
571.03,630.7,0.182815,0.160329
574.7,630.7,0.171589,0.1497
578.2,630.7,0.159592,0.137741
581.7,630.7,0.146179,0.124488
585.2,630.7,0.132605,0.111444
588.88,630.7,0.118502,0.096946
592.38,630.7,0.105159,0.084235
596.05,630.7,0.092002,0.069814
599.73,630.7,0.080535,0.059438
603.23,630.7,0.069753,0.048052
606.73,630.7,0.061108,0.039854
610.4,630.7,0.05353,0.032559
613.9,630.7,0.0471,0.026219
617.4,630.7,0.042479,0.021598
620.9,630.7,0.038333,0.017766
624.4,630.7,0.035317,0.014688
627.9,630.7,0.032941,0.012168
631.4,630.7,0.031216,0.010942
635.08,630.7,0.029787,0.009534
638.58,630.7,0.028696,0.008283
642.08,630.7,0.028126,0.00788
645.58,630.7,0.027627,0.008117
649.25,630.7,0.027301,0.007584
652.93,630.7,0.027319,0.007701
656.43,630.7,0.026919,0.007183
659.93,630.7,0.026906,0.007174
663.43,630.7,0.026604,0.006755
667.1,630.7,0.02654,0.006518
670.6,630.7,0.02686,0.006909
674.1,630.7,0.027599,0.007479
677.78,630.7,0.028333,0.007082
681.28,630.7,0.028884,0.007553
685.13,630.7,0.028825,0.008142
688.63,630.7,0.028336,0.008009
692.3,630.7,0.02873,0.008613
695.8,630.7,0.029149,0.009645
699.48,630.7,0.029851,0.010079
703.15,630.7,0.030498,0.010508
706.83,630.7,0.031016,0.010501
710.33,630.7,0.031404,0.011081
12.43,665.7,0.091213,0.063373
15.93,665.7,0.087587,0.06686
19.6,665.7,0.084026,0.06255
23.1,665.7,0.081077,0.06003
26.6,665.7,0.077707,0.05625
30.45,665.7,0.074254,0.051022
33.95,665.7,0.071315,0.049876
37.63,665.7,0.068564,0.04783
41.3,665.7,0.065372,0.045227
44.8,665.7,0.062282,0.04125
48.3,665.7,0.058983,0.038502
51.98,665.7,0.056044,0.036712
55.65,665.7,0.05288,0.032535
59.15,665.7,0.049694,0.029439
62.83,665.7,0.045917,0.025107
66.33,665.7,0.04255,0.022066
70.0,665.7,0.038601,0.017944
73.5,665.7,0.034879,0.012984
77.18,665.7,0.031598,0.01052
80.68,665.7,0.029466,0.008724
84.18,665.7,0.027381,0.006638
87.68,665.7,0.025874,0.00535
91.18,665.7,0.024888,0.004399
94.85,665.7,0.023853,0.003853
98.35,665.7,0.022433,0.00243
102.03,665.7,0.020098,7e-05
105.53,665.7,0.016225,-0.00375
109.03,665.7,0.009528,-0.010013
112.7,665.7,4.2e-05,-0.018257
116.2,665.7,-0.011886,-0.03094
119.7,665.7,-0.026985,-0.045226
123.38,665.7,-0.043577,-0.061717
126.88,665.7,-0.060768,-0.07838
130.38,665.7,-0.078784,-0.096002
133.88,665.7,-0.095866,-0.112838
137.38,665.7,-0.110672,-0.127625
140.88,665.7,-0.122126,-0.13899
144.55,665.7,-0.127921,-0.145472
148.05,665.7,-0.127644,-0.145389
151.73,665.7,-0.12042,-0.139215
155.23,665.7,-0.105229,-0.124301
158.2,665.7,-0.082302,-0.102018
162.4,665.7,-0.05225,-0.072453
165.9,665.7,-0.017012,-0.037958
169.4,665.7,0.021718,2.4e-05
172.73,665.7,0.05848,0.035985
176.58,665.7,0.094146,0.071376
180.08,665.7,0.124663,0.102109
183.58,665.7,0.148567,0.124913
187.08,665.7,0.166888,0.143696
190.58,665.7,0.180335,0.15706
194.25,665.7,0.188406,0.165236
197.75,665.7,0.191964,0.169195
201.25,665.7,0.191163,0.168117
204.93,665.7,0.186829,0.164395
208.43,665.7,0.179882,0.157377
211.93,665.7,0.170723,0.148684
215.6,665.7,0.15983,0.137846
219.28,665.7,0.148101,0.12572
222.78,665.7,0.136241,0.113942
226.28,665.7,0.124247,0.102599
229.78,665.7,0.111906,0.089978
233.45,665.7,0.099146,0.076731
236.95,665.7,0.087596,0.066499
240.45,665.7,0.076182,0.05462
244.13,665.7,0.065646,0.044368
247.63,665.7,0.055951,0.035113
251.13,665.7,0.046549,0.026025
254.63,665.7,0.038009,0.017525
258.13,665.7,0.029642,0.009355
261.8,665.7,0.02064,0.001
265.3,665.7,0.012267,-0.007364
268.98,665.7,0.003758,-0.015814
272.48,665.7,-0.00574,-0.024616
275.98,665.7,-0.015102,-0.033793
279.48,665.7,-0.025176,-0.043174
282.98,665.7,-0.035321,-0.053473
286.65,665.7,-0.046162,-0.06428
290.15,665.7,-0.057761,-0.075832
293.83,665.7,-0.069788,-0.088094
297.33,665.7,-0.081242,-0.099292
301.0,665.7,-0.091963,-0.109893
304.5,665.7,-0.101205,-0.119021
308.18,665.7,-0.108562,-0.127385
311.68,665.7,-0.111609,-0.129729
315.18,665.7,-0.110654,-0.129335
318.68,665.7,-0.104788,-0.123285
322.35,665.7,-0.093442,-0.112357
325.85,665.7,-0.076375,-0.095497
329.35,665.7,-0.054237,-0.073697
333.03,665.7,-0.027561,-0.047314
336.7,665.7,0.004312,-0.015728
340.2,665.7,0.036999,0.015582
343.7,665.7,0.070572,0.049248
347.2,665.7,0.105215,0.083037
350.88,665.7,0.136755,0.113776
354.38,665.7,0.164771,0.14105
357.88,665.7,0.18836,0.164904
361.55,665.7,0.207334,0.183194
365.05,665.7,0.22015,0.195849
368.55,665.7,0.226718,0.202809
372.05,665.7,0.228104,0.203708
375.73,665.7,0.224155,0.200128
379.23,665.7,0.216068,0.191937
382.73,665.7,0.204232,0.180738
386.4,665.7,0.189515,0.166077
389.73,665.7,0.173255,0.150246
393.4,665.7,0.15682,0.134022
396.9,665.7,0.140332,0.117707
400.58,665.7,0.123681,0.10162
404.08,665.7,0.108625,0.08698
407.58,665.7,0.094281,0.072987
411.08,665.7,0.081194,0.059879
414.58,665.7,0.068807,0.048477
418.08,665.7,0.05836,0.037362
421.75,665.7,0.049164,0.029525
425.43,665.7,0.040683,0.021564
429.28,665.7,0.03324,0.011845
432.78,665.7,0.027599,0.008009
436.28,665.7,0.02211,0.001703
439.95,665.7,0.017587,-0.003057
443.45,665.7,0.012587,-0.008488
446.95,665.7,0.008311,-0.011877
450.63,665.7,0.004435,-0.015685
454.13,665.7,-7.8e-05,-0.02021
457.98,665.7,-0.005327,-0.022502
461.65,665.7,-0.009933,-0.02891
465.15,665.7,-0.015327,-0.034181
468.83,665.7,-0.020925,-0.040068
472.33,665.7,-0.027425,-0.047416
475.83,665.7,-0.033377,-0.050903
479.5,665.7,-0.039958,-0.059514
483.0,665.7,-0.046529,-0.066396
486.68,665.7,-0.053448,-0.073269
490.18,665.7,-0.059009,-0.078214
493.68,665.7,-0.064083,-0.082986
497.35,665.7,-0.067302,-0.08639
500.85,665.7,-0.068414,-0.08729
504.53,665.7,-0.065906,-0.084357
508.03,665.7,-0.060241,-0.078858
511.53,665.7,-0.051134,-0.070417
515.03,665.7,-0.037995,-0.057598
518.7,665.7,-0.019853,-0.038146
522.38,665.7,0.001888,-0.018106
525.88,665.7,0.025634,0.00495
529.38,665.7,0.050258,0.029266
532.88,665.7,0.076201,0.054389
536.55,665.7,0.102618,0.080129
540.23,665.7,0.127639,0.104041
543.73,665.7,0.149263,0.125449
547.23,665.7,0.16807,0.143514
550.9,665.7,0.183132,0.159056
554.4,665.7,0.193961,0.169632
557.9,665.7,0.199743,0.175566
561.58,665.7,0.201339,0.177263
565.08,665.7,0.198588,0.174663
568.58,665.7,0.19234,0.169124
572.25,665.7,0.183261,0.160436
575.75,665.7,0.171546,0.149374
578.9,665.7,0.159238,0.136878
582.75,665.7,0.145923,0.124334
586.25,665.7,0.132655,0.110831
589.93,665.7,0.118828,0.098228
593.43,665.7,0.104845,0.084454
597.28,665.7,0.092088,0.07113
600.78,665.7,0.080338,0.059121
604.28,665.7,0.069975,0.049451
607.78,665.7,0.061386,0.040033
611.45,665.7,0.053896,0.032547
615.13,665.7,0.04743,0.026346
618.63,665.7,0.042341,0.021561
621.95,665.7,0.038271,0.01735
625.63,665.7,0.034987,0.014121
629.13,665.7,0.032313,0.011567
632.63,665.7,0.030813,0.010153
636.3,665.7,0.029164,0.008607
639.8,665.7,0.028397,0.007929
643.3,665.7,0.027525,0.007033
646.8,665.7,0.027504,0.007304
650.3,665.7,0.027187,0.006937
653.98,665.7,0.02722,0.007966
657.48,665.7,0.026912,0.007036
661.15,665.7,0.026829,0.007562
664.65,665.7,0.026734,0.007153
667.98,665.7,0.026848,0.006022
672.0,665.7,0.027097,0.006814
675.5,665.7,0.027642,0.007282
679.0,665.7,0.027569,0.006857
682.5,665.7,0.027606,0.00682
686.18,665.7,0.027602,0.007245
689.68,665.7,0.027227,0.006444
693.0,665.7,0.027301,0.00658
696.68,665.7,0.027559,0.006684
700.35,665.7,0.027621,0.006675
703.85,665.7,0.027988,0.007643
707.53,665.7,0.028662,0.008305
711.03,665.7,0.029161,0.008832
12.25,700.7,0.05686,0.030603
15.75,700.7,0.056219,0.035443
19.43,700.7,0.057485,0.034685
23.1,700.7,0.062171,0.040625
26.6,700.7,0.068185,0.04658
30.1,700.7,0.073465,0.051654
33.78,700.7,0.076848,0.054722
37.28,700.7,0.076746,0.055289
41.13,700.7,0.073416,0.053718
44.63,700.7,0.068015,0.047119
48.13,700.7,0.060329,0.039817
51.63,700.7,0.051875,0.031909
55.3,700.7,0.0432,0.023135
58.8,700.7,0.033527,0.014026
62.3,700.7,0.024654,0.005126
65.8,700.7,0.016346,-0.002955
69.48,700.7,0.008308,-0.011057
72.98,700.7,0.001426,-0.017863
76.48,700.7,-0.004955,-0.024258
79.98,700.7,-0.010792,-0.029637
83.48,700.7,-0.016504,-0.03529
86.98,700.7,-0.021131,-0.04037
90.3,700.7,-0.025703,-0.045096
94.15,700.7,-0.030038,-0.049258
97.83,700.7,-0.034526,-0.054095
101.33,700.7,-0.040044,-0.059828
104.83,700.7,-0.046458,-0.065876
108.33,700.7,-0.054511,-0.073876
112.0,700.7,-0.063836,-0.082579
115.5,700.7,-0.074742,-0.093312
119.0,700.7,-0.087194,-0.105444
122.5,700.7,-0.101747,-0.119329
126.18,700.7,-0.11708,-0.13468
129.68,700.7,-0.132573,-0.149517
133.18,700.7,-0.147665,-0.163919
136.85,700.7,-0.161393,-0.177219
140.35,700.7,-0.172927,-0.188571
143.85,700.7,-0.179908,-0.195647
147.53,700.7,-0.181371,-0.19708
150.5,700.7,-0.175691,-0.192068
154.53,700.7,-0.163121,-0.179655
158.2,700.7,-0.142782,-0.160253
161.7,700.7,-0.115715,-0.134123
165.55,700.7,-0.081017,-0.101908
168.88,700.7,-0.045574,-0.066073
172.55,700.7,-0.007576,-0.029289
176.05,700.7,0.030323,0.008114
179.73,700.7,0.065606,0.043169
183.23,700.7,0.098345,0.075538
186.9,700.7,0.126613,0.103644
190.4,700.7,0.14844,0.125014
193.9,700.7,0.165455,0.142328
197.58,700.7,0.177276,0.154503
201.08,700.7,0.183878,0.16105
204.75,700.7,0.185513,0.162953
208.25,700.7,0.183536,0.161197
211.58,700.7,0.177716,0.155507
215.25,700.7,0.169602,0.147544
218.75,700.7,0.159786,0.137806
222.25,700.7,0.148872,0.126903
225.58,700.7,0.13702,0.115061
229.43,700.7,0.124676,0.103206
232.93,700.7,0.111965,0.090717
236.6,700.7,0.099093,0.077227
240.1,700.7,0.086564,0.065033
243.6,700.7,0.074867,0.053379
247.28,700.7,0.064047,0.043151
250.78,700.7,0.053736,0.032556
254.28,700.7,0.044223,0.023561
257.78,700.7,0.035005,0.014556
261.45,700.7,0.025859,0.00564
264.95,700.7,0.017033,-0.002909
268.63,700.7,0.007716,-0.011701
272.13,700.7,-0.001439,-0.020016
275.63,700.7,-0.010549,-0.029613
279.3,700.7,-0.020093,-0.038981
282.8,700.7,-0.029908,-0.048377
286.3,700.7,-0.039739,-0.057739
289.8,700.7,-0.049351,-0.067533
293.48,700.7,-0.059175,-0.077225
297.15,700.7,-0.068932,-0.086713
300.48,700.7,-0.077317,-0.096815
304.33,700.7,-0.083728,-0.102444
307.83,700.7,-0.087277,-0.10631
311.33,700.7,-0.087311,-0.106159
315.0,700.7,-0.083642,-0.102484
318.5,700.7,-0.074951,-0.094089
322.0,700.7,-0.061338,-0.0809
325.68,700.7,-0.043393,-0.063463
329.18,700.7,-0.020099,-0.039884
332.85,700.7,0.007371,-0.013214
336.35,700.7,0.037535,0.01662
339.85,700.7,0.068496,0.046681
343.35,700.7,0.101404,0.079241
347.03,700.7,0.133234,0.110886
350.53,700.7,0.161697,0.138523
354.03,700.7,0.187849,0.164346
357.7,700.7,0.210101,0.186213
360.85,700.7,0.225985,0.202162
364.53,700.7,0.236718,0.212827
368.2,700.7,0.241983,0.217719
371.7,700.7,0.241838,0.217507
375.2,700.7,0.236866,0.212371
379.05,700.7,0.227876,0.202802
382.38,700.7,0.215865,0.192285
386.05,700.7,0.201013,0.177593
389.55,700.7,0.18433,0.161022
393.05,700.7,0.167008,0.144032
396.73,700.7,0.149879,0.127356
400.4,700.7,0.133299,0.111373
403.9,700.7,0.117448,0.096176
407.4,700.7,0.102165,0.081536
411.08,700.7,0.088114,0.068274
414.75,700.7,0.075597,0.055708
418.25,700.7,0.064839,0.044713
421.93,700.7,0.05576,0.035452
425.43,700.7,0.047698,0.02779
428.93,700.7,0.040883,0.020566
432.43,700.7,0.034516,0.014109
436.1,700.7,0.028875,0.008878
439.6,700.7,0.02349,0.003203
443.1,700.7,0.018733,-0.001523
446.6,700.7,0.014078,-0.006704
449.93,700.7,0.009383,-0.011399
453.95,700.7,0.005338,-0.014951
457.45,700.7,0.000745,-0.018972
460.95,700.7,-0.003599,-0.023698
464.45,700.7,-0.008121,-0.027456
468.13,700.7,-0.013186,-0.031985
471.63,700.7,-0.01846,-0.037878
475.13,700.7,-0.023873,-0.042906
478.8,700.7,-0.029511,-0.047893
482.3,700.7,-0.034887,-0.053242
485.8,700.7,-0.039877,-0.058238
489.3,700.7,-0.044092,-0.062598
492.8,700.7,-0.046482,-0.065028
496.48,700.7,-0.047718,-0.066421
499.98,700.7,-0.046751,-0.065395
503.48,700.7,-0.043645,-0.062401
507.15,700.7,-0.036963,-0.056116
510.65,700.7,-0.02704,-0.046938
514.15,700.7,-0.013815,-0.033642
517.65,700.7,0.003413,-0.016988
521.15,700.7,0.023006,0.002168
524.65,700.7,0.045203,0.023021
528.33,700.7,0.068579,0.046195
531.83,700.7,0.093536,0.07092
535.33,700.7,0.118339,0.095196
539.0,700.7,0.14162,0.117599
542.5,700.7,0.162072,0.138151
546.0,700.7,0.180249,0.156142
549.5,700.7,0.195242,0.170929
553.18,700.7,0.205664,0.181687
556.33,700.7,0.211758,0.187651
560.35,700.7,0.21356,0.190319
563.85,700.7,0.211188,0.188277
567.35,700.7,0.205409,0.182377
570.68,700.7,0.196142,0.173976
574.53,700.7,0.184485,0.16226
578.03,700.7,0.171259,0.149167
581.7,700.7,0.157384,0.135369
585.2,700.7,0.143243,0.121469
588.7,700.7,0.129081,0.107769
592.38,700.7,0.115098,0.093339
595.7,700.7,0.101909,0.079824
599.38,700.7,0.089793,0.067627
603.05,700.7,0.078952,0.057251
606.55,700.7,0.06897,0.047239
610.05,700.7,0.060683,0.039817
613.73,700.7,0.053748,0.032769
617.23,700.7,0.047815,0.026459
620.73,700.7,0.043292,0.022421
624.4,700.7,0.039161,0.019075
627.9,700.7,0.03629,0.016321
631.4,700.7,0.034029,0.014094
635.08,700.7,0.032082,0.012627
638.75,700.7,0.030686,0.011395
642.25,700.7,0.029639,0.010027
645.75,700.7,0.028782,0.009217
649.25,700.7,0.028308,0.00812
652.75,700.7,0.028086,0.008527
656.43,700.7,0.028148,0.00816
659.93,700.7,0.027991,0.007716
663.43,700.7,0.028065,0.007017
667.1,700.7,0.028394,0.00739
670.6,700.7,0.028819,0.008585
674.1,700.7,0.029121,0.008277
677.78,700.7,0.029528,0.008453
681.28,700.7,0.02963,0.00873
684.78,700.7,0.029947,0.009121
688.28,700.7,0.029873,0.009472
691.95,700.7,0.029938,0.009559
695.45,700.7,0.029482,0.009223
699.13,700.7,0.02942,0.009285
702.45,700.7,0.029516,0.009377
706.13,700.7,0.029962,0.009488
709.63,700.7,0.03039,0.010283
0.0,3.67,0.009041,-0.016005
0.0,7.17,0.009537,-0.012308
0.0,10.85,0.009479,-0.011489
0.0,14.35,0.009765,-0.010879
0.0,18.03,0.010976,-0.009733
0.0,22.75,0.014457,-0.006104
0.0,26.25,0.018875,-0.001258
0.0,29.93,0.026099,0.006031
0.0,33.43,0.035597,0.015045
0.0,37.1,0.046022,0.025846
0.0,40.6,0.055116,0.034174
0.0,44.27,0.060871,0.03962
0.0,47.77,0.063979,0.042541
0.0,51.45,0.064115,0.042297
0.0,54.95,0.062507,0.040474
0.0,58.62,0.060449,0.039146
0.0,62.12,0.059494,0.037793
0.0,65.62,0.060856,0.039023
0.0,69.3,0.062458,0.040868
0.0,72.8,0.062815,0.04129
0.0,76.3,0.061034,0.039716
0.0,79.8,0.057676,0.036755
0.0,83.3,0.054562,0.033869
0.0,86.97,0.051971,0.031077
0.0,90.47,0.051524,0.031349
0.0,94.15,0.052935,0.033132
0.0,97.82,0.056493,0.035409
0.0,101.32,0.061419,0.040397
0.0,105.0,0.067599,0.046084
0.0,108.5,0.074174,0.052307
0.0,112.0,0.081358,0.059309
0.0,115.5,0.087544,0.065236
0.0,119.17,0.093212,0.070994
0.0,122.67,0.097054,0.074984
0.0,126.35,0.100449,0.077889
0.0,129.85,0.102624,0.080843
0.0,133.52,0.103785,0.081749
0.0,137.02,0.103677,0.082907
0.0,140.7,0.103089,0.08247
0.0,144.37,0.101444,0.080104
0.0,147.87,0.098758,0.077356
0.0,151.38,0.095566,0.073958
0.0,154.88,0.092223,0.070711
0.0,158.55,0.088027,0.067011
0.0,162.05,0.083936,0.06284
0.0,165.55,0.079873,0.058567
0.0,169.05,0.075831,0.053752
0.0,172.73,0.071721,0.049552
0.0,176.23,0.068339,0.04662
0.0,179.9,0.064177,0.042892
0.0,183.4,0.06007,0.038742
0.0,186.9,0.055695,0.035286
0.0,190.4,0.051302,0.029697
0.0,193.9,0.046663,0.025677
0.0,197.4,0.042294,0.021459
0.0,201.6,0.036706,0.015736
0.0,205.1,0.032242,0.013268
0.0,208.6,0.027723,0.007643
0.0,212.1,0.023083,0.002769
0.0,216.13,0.018216,-0.001513
0.0,219.8,0.013936,-0.006464
0.0,223.3,0.009984,-0.00964
0.0,226.8,0.006617,-0.012835
0.0,230.65,0.004395,-0.016886
0.0,234.15,0.002455,-0.01627
0.0,237.83,0.001872,-0.018602
0.0,241.33,0.001389,-0.019203
0.0,245.35,0.002208,-0.016581
0.0,248.85,0.004041,-0.016064
0.0,252.35,0.00645,-0.013165
0.0,256.03,0.010409,-0.009187
0.0,260.05,0.016515,-0.006911
0.0,263.55,0.02247,0.001777
0.0,267.05,0.029916,0.008921
0.0,270.73,0.037991,0.016629
0.0,274.4,0.047411,0.028428
0.0,277.9,0.055908,0.034306
0.0,281.58,0.064596,0.044069
0.0,285.08,0.072553,0.051509
0.0,288.58,0.080316,0.059457
0.0,292.25,0.086915,0.065942
0.0,295.75,0.092615,0.071191
0.0,299.25,0.097531,0.076074
0.0,302.93,0.103471,0.081617
0.0,306.43,0.108785,0.087045
0.0,309.93,0.113647,0.09169
0.0,313.43,0.117134,0.094682
0.0,316.93,0.118844,0.096385
0.0,320.43,0.118872,0.096154
0.0,324.1,0.117633,0.095116
0.0,327.6,0.115708,0.093428
0.0,331.1,0.113135,0.090769
0.0,334.78,0.110329,0.087877
0.0,338.28,0.107803,0.085831
0.0,341.78,0.105249,0.083086
0.0,345.45,0.10279,0.081185
0.0,348.95,0.100449,0.08011
0.0,352.45,0.09836,0.076663
0.0,356.13,0.096084,0.07527
0.0,359.63,0.094405,0.073465
0.0,363.13,0.093299,0.072223
0.0,366.63,0.093061,0.071826
0.0,370.3,0.092525,0.071407
0.0,373.8,0.089864,0.068733
0.0,377.3,0.08482,0.063992
0.0,380.8,0.078234,0.057513
0.0,384.48,0.069885,0.04922
0.0,387.98,0.061918,0.041518
0.0,391.48,0.054164,0.033758
0.0,394.8,0.046675,0.024691
0.0,398.65,0.040508,0.019214
0.0,402.15,0.035243,0.01462
0.0,405.65,0.031284,0.010132
0.0,409.33,0.028142,0.007307
0.0,412.83,0.026096,0.00524
0.0,416.5,0.024817,0.004131
0.0,420.0,0.024146,0.004094
0.0,423.5,0.024161,0.004075
0.0,427.35,0.024867,0.005905
0.0,431.03,0.02589,0.005677
0.0,434.53,0.027593,0.007079
0.0,438.2,0.029737,0.008936
0.0,441.7,0.032113,0.011626
0.0,445.2,0.0358,0.014895
0.0,448.7,0.040126,0.018847
0.0,452.2,0.044639,0.023028
0.0,455.7,0.05003,0.028329
0.0,459.38,0.05588,0.03438
0.0,462.88,0.0621,0.040446
0.0,466.38,0.069611,0.047652
0.0,469.88,0.079303,0.05706
0.0,473.55,0.089121,0.067103
0.0,477.05,0.098225,0.076198
0.0,480.55,0.106099,0.084053
0.0,484.05,0.111576,0.089904
0.0,487.73,0.115569,0.093567
0.0,491.23,0.117544,0.095643
0.0,494.73,0.118064,0.096767
0.0,498.23,0.117809,0.09593
0.0,501.73,0.116376,0.095153
0.0,505.4,0.114897,0.093373
0.0,508.9,0.112667,0.091429
0.0,512.4,0.110782,0.089324
0.0,515.9,0.109214,0.087836
0.0,519.4,0.108317,0.086832
0.0,523.08,0.107861,0.086345
0.0,526.4,0.107895,0.08653
0.0,529.03,0.107898,0.086071
0.0,533.58,0.108332,0.086087
0.0,537.25,0.109195,0.086389
0.0,540.75,0.110455,0.087513
0.0,544.25,0.111897,0.089013
0.0,547.93,0.113585,0.090877
0.0,551.43,0.11547,0.092892
0.0,555.1,0.116968,0.095021
0.0,558.78,0.118878,0.097889
0.0,562.45,0.120412,0.098862
0.0,565.95,0.121737,0.099968
0.0,569.45,0.12312,0.101672
0.0,572.95,0.124608,0.102707
0.0,576.63,0.125889,0.104124
0.0,580.13,0.126965,0.105113
0.0,583.63,0.128049,0.105677
0.0,587.3,0.129112,0.10621
0.0,590.8,0.129777,0.107005
0.0,594.3,0.130483,0.107766
0.0,597.8,0.131201,0.107876
0.0,601.47,0.131573,0.108927
0.0,604.97,0.132248,0.109232
0.0,608.47,0.132303,0.109919
0.0,612.15,0.131955,0.109106
0.0,615.47,0.131259,0.10852
0.0,618.97,0.130175,0.107849
0.0,622.65,0.129266,0.107414
0.0,626.32,0.128046,0.106259
0.0,630.0,0.126595,0.105406
0.0,633.5,0.125483,0.104115
0.0,637.0,0.124371,0.102701
0.0,640.67,0.123468,0.101906
0.0,644.0,0.122186,0.10043
0.0,647.67,0.121068,0.098921
0.0,651.17,0.120304,0.097852
0.0,654.85,0.118945,0.096644
0.0,658.35,0.117334,0.095156
0.0,661.85,0.115372,0.0932
0.0,665.35,0.11328,0.090791
0.0,669.02,0.110677,0.08804
0.0,672.7,0.108169,0.086157
0.0,676.2,0.105184,0.083141
0.0,679.7,0.101983,0.079879
0.0,683.37,0.098502,0.077276
0.0,686.87,0.095443,0.074189
36.05,12.42,0.01755,-0.00749
36.05,16.1,0.017341,-0.002887
36.05,19.77,0.017701,-0.003855
36.05,23.27,0.01828,-0.002191
36.05,26.77,0.018594,-0.002431
36.05,30.27,0.018906,-0.001837
36.05,33.77,0.01926,-0.001409
36.05,37.27,0.019186,-0.001439
36.05,40.95,0.01906,-0.00164
36.05,44.45,0.01857,-0.001794
36.05,48.12,0.018311,-0.001994
36.05,51.62,0.017396,-0.002502
36.05,55.12,0.016272,-0.003513
36.05,58.8,0.0145,-0.004921
36.05,62.3,0.012529,-0.00708
36.05,65.8,0.010209,-0.009055
36.05,69.3,0.008052,-0.01119
36.05,72.97,0.006438,-0.012897
36.05,76.47,0.005908,-0.013445
36.05,79.97,0.006601,-0.012761
36.05,83.47,0.00881,-0.011402
36.05,86.97,0.012735,-0.007268
36.05,90.65,0.018185,-0.002693
36.05,94.15,0.024546,0.00401
36.05,97.82,0.031996,0.010686
36.05,101.32,0.040008,0.018262
36.05,105.0,0.047843,0.025668
36.05,108.5,0.055495,0.033681
36.05,112.0,0.062288,0.040702
36.05,115.67,0.068724,0.047267
36.05,119.35,0.073773,0.053462
36.05,122.85,0.077836,0.057137
36.05,126.52,0.08105,0.059824
36.05,130.02,0.082448,0.061613
36.05,133.52,0.083705,0.06279
36.05,137.2,0.083644,0.062624
36.05,140.7,0.08255,0.06105
36.05,144.2,0.080717,0.05934
36.05,147.87,0.077907,0.056841
36.05,151.37,0.074938,0.053083
36.05,155.05,0.071749,0.049491
36.05,158.55,0.068964,0.04722
36.05,162.05,0.065714,0.044217
36.05,165.72,0.062377,0.041262
36.05,169.22,0.059503,0.038329
36.05,172.9,0.056737,0.035554
36.05,176.4,0.054103,0.033594
36.05,179.9,0.051241,0.031386
36.05,183.4,0.048234,0.027707
36.05,186.9,0.045076,0.025039
36.05,190.57,0.04227,0.022353
36.05,194.07,0.03901,0.019248
36.05,197.57,0.036173,0.016441
36.05,201.07,0.033363,0.013388
36.05,204.58,0.030702,0.01097
36.05,208.25,0.027726,0.007658
36.05,211.75,0.024589,0.00471
36.05,215.43,0.021376,0.001567
36.05,218.93,0.018718,-0.002207
36.05,222.43,0.016077,-0.003744
36.05,225.93,0.013185,-0.007635
36.05,229.43,0.010486,-0.00989
36.05,233.1,0.008185,-0.012176
36.05,236.6,0.006302,-0.014046
36.05,240.28,0.005289,-0.015263
36.05,243.6,0.004463,-0.015854
36.05,247.28,0.004497,-0.016017
36.05,250.78,0.005144,-0.015093
36.05,254.28,0.006232,-0.013833
36.05,257.95,0.008862,-0.010771
36.05,261.45,0.012273,-0.007354
36.05,265.13,0.0165,-0.003282
36.05,268.63,0.021327,0.001533
36.05,272.13,0.027233,0.007245
36.05,275.63,0.03332,0.013203
36.05,279.13,0.039599,0.019497
36.05,282.8,0.045677,0.025317
36.05,286.65,0.052193,0.029894
36.05,290.15,0.057433,0.035486
36.05,293.65,0.062116,0.040276
36.05,297.33,0.066059,0.044044
36.05,300.83,0.069355,0.047602
36.05,304.33,0.073662,0.051804
36.05,308.0,0.079482,0.057732
36.05,311.5,0.0854,0.064263
36.05,315.18,0.090652,0.069593
36.05,318.68,0.094361,0.073434
36.05,322.35,0.096053,0.075138
36.05,325.85,0.096792,0.075908
36.05,329.53,0.096413,0.075132
36.05,333.03,0.095372,0.074127
36.05,336.53,0.094112,0.073185
36.05,340.03,0.092445,0.07113
36.05,343.53,0.090338,0.069269
36.05,347.03,0.088209,0.06715
36.05,350.53,0.085825,0.064753
36.05,354.2,0.084035,0.061866
36.05,357.7,0.083403,0.062113
36.05,361.2,0.084124,0.061872
36.05,364.88,0.084019,0.062325
36.05,368.38,0.081663,0.059833
36.05,371.88,0.076342,0.054978
36.05,375.38,0.069081,0.047766
36.05,378.88,0.060739,0.039534
36.05,382.38,0.052174,0.031136
36.05,385.88,0.043702,0.023015
36.05,389.38,0.036281,0.01584
36.05,393.05,0.02999,0.009519
36.05,396.38,0.024226,0.003826
36.05,400.05,0.019546,-0.000774
36.05,403.55,0.016253,-0.003975
36.05,407.05,0.013416,-0.00655
36.05,410.55,0.011857,-0.008048
36.05,414.05,0.010868,-0.009095
36.05,417.55,0.010508,-0.008963
36.05,420.53,0.011078,-0.0085
36.05,424.73,0.01154,-0.00789
36.05,428.4,0.012442,-0.006852
36.05,431.9,0.013554,-0.005968
36.05,435.4,0.015403,-0.004865
36.05,439.08,0.017304,-0.002672
36.05,442.58,0.019026,-0.000817
36.05,446.08,0.021786,0.00186
36.05,449.75,0.025045,0.00462
36.05,453.25,0.028755,0.008018
36.05,456.75,0.032467,0.011851
36.05,460.25,0.037057,0.016213
36.05,463.75,0.042418,0.021327
36.05,467.43,0.049032,0.027362
36.05,470.93,0.057923,0.036044
36.05,474.6,0.06804,0.046262
36.05,478.1,0.077803,0.055603
36.05,481.43,0.086241,0.06471
36.05,485.28,0.093289,0.072069
36.05,488.78,0.098104,0.076188
36.05,492.28,0.101629,0.080172
36.05,495.78,0.103594,0.082439
36.05,499.45,0.104294,0.083286
36.05,502.95,0.104796,0.083727
36.05,506.63,0.104864,0.083622
36.05,510.13,0.105286,0.083601
36.05,513.8,0.105569,0.083696
36.05,517.3,0.105883,0.084414
36.05,520.45,0.106669,0.085129
36.05,524.3,0.107479,0.085683
36.05,527.28,0.108345,0.085917
36.05,531.3,0.109414,0.087091
36.05,534.98,0.110643,0.08845
36.05,538.48,0.111958,0.089287
36.05,541.98,0.113493,0.090945
36.05,545.65,0.115048,0.092815
36.05,549.15,0.116838,0.094395
36.05,552.83,0.118496,0.096641
36.05,556.33,0.120252,0.098551
36.05,560.0,0.12153,0.099962
36.05,563.5,0.122698,0.10133
36.05,567.0,0.123992,0.102501
36.05,570.68,0.124851,0.103363
36.05,573.83,0.125575,0.104149
36.05,577.68,0.126342,0.10486
36.05,581.18,0.127153,0.105437
36.05,584.85,0.127547,0.105665
36.05,588.52,0.127565,0.104226
36.05,592.02,0.127162,0.104358
36.05,595.52,0.126832,0.103964
36.05,599.2,0.126506,0.103508
36.05,602.87,0.126034,0.103862
36.05,606.55,0.125326,0.103551
36.05,610.05,0.124559,0.103089
36.05,613.55,0.123705,0.102359
36.05,617.22,0.122759,0.100988
36.05,620.72,0.121518,0.099999
36.05,624.22,0.120674,0.099519
36.05,627.72,0.119602,0.09804
36.05,631.4,0.118508,0.096906
36.05,634.9,0.117451,0.096253
36.05,638.4,0.116373,0.093912
36.05,642.07,0.114706,0.092498
36.05,645.75,0.112575,0.089063
36.05,649.42,0.109549,0.088761
36.05,653.1,0.106881,0.084894
36.05,656.77,0.103231,0.08227
36.05,660.45,0.098622,0.078
36.05,663.95,0.094503,0.073847
36.05,667.45,0.089762,0.068477
36.05,671.12,0.084186,0.063231
36.05,674.62,0.078641,0.057861
36.05,678.12,0.072575,0.051727
36.05,681.62,0.066891,0.04479
36.05,685.3,0.061657,0.040711
36.05,688.8,0.058271,0.03726
72.1,12.42,0.044334,0.015594
72.1,15.92,0.050212,0.028604
72.1,19.6,0.055357,0.033675
72.1,23.27,0.059475,0.038068
72.1,26.6,0.063434,0.041943
72.1,30.1,0.066053,0.045828
72.1,33.95,0.066327,0.045554
72.1,37.45,0.06397,0.043046
72.1,41.47,0.057947,0.035545
72.1,44.97,0.050813,0.029531
72.1,48.47,0.042165,0.021657
72.1,52.15,0.032039,0.010976
72.1,55.82,0.021447,0.001651
72.1,59.5,0.011801,-0.008285
72.1,63.0,0.002482,-0.016375
72.1,66.5,-0.005706,-0.0246
72.1,70.0,-0.0118,-0.030909
72.1,73.67,-0.016476,-0.034822
72.1,77.35,-0.018599,-0.037856
72.1,80.85,-0.01842,-0.037314
72.1,84.35,-0.015842,-0.035038
72.1,88.37,-0.010398,-0.032893
72.1,91.87,-0.004107,-0.0244
72.1,95.37,0.003829,-0.016751
72.1,98.87,0.012082,-0.008528
72.1,102.72,0.02137,0.002026
72.1,106.22,0.03019,0.009719
72.1,109.72,0.038431,0.018422
72.1,113.22,0.045169,0.024744
72.1,116.9,0.051358,0.031074
72.1,120.4,0.056167,0.035902
72.1,123.9,0.059383,0.038841
72.1,127.22,0.061786,0.040942
72.1,130.9,0.062467,0.042113
72.1,134.4,0.062128,0.041154
72.1,138.07,0.060702,0.039611
72.1,141.57,0.058631,0.03714
72.1,145.25,0.056161,0.035098
72.1,148.75,0.052972,0.031087
72.1,152.25,0.049663,0.028801
72.1,155.75,0.045828,0.024728
72.1,159.42,0.042381,0.02145
72.1,162.75,0.03816,0.01711
72.1,166.42,0.034174,0.013283
72.1,170.1,0.030809,0.010135
72.1,173.77,0.027692,0.007562
72.1,177.27,0.024851,0.005323
72.1,180.77,0.022415,0.003185
72.1,184.45,0.019879,0.000277
72.1,187.95,0.017396,-0.001861
72.1,191.27,0.014583,-0.005025
72.1,194.95,0.011577,-0.00761
72.1,198.62,0.008129,-0.011329
72.1,202.12,0.005437,-0.014375
72.1,205.62,0.002196,-0.01724
72.1,209.3,-0.000731,-0.021208
72.1,212.8,-0.00326,-0.023349
72.1,216.3,-0.00542,-0.025152
72.1,219.8,-0.007459,-0.027388
72.1,223.13,-0.009351,-0.030176
72.1,227.15,-0.011362,-0.031452
72.1,230.48,-0.012866,-0.032992
72.1,234.15,-0.014474,-0.034483
72.1,237.83,-0.015475,-0.034908
72.1,241.33,-0.016356,-0.035842
72.1,244.83,-0.016686,-0.036489
72.1,248.33,-0.016738,-0.035577
72.1,252.0,-0.016279,-0.035247
72.1,255.5,-0.015142,-0.033882
72.1,259.18,-0.012983,-0.032247
72.1,262.68,-0.010133,-0.029335
72.1,266.18,-0.006757,-0.02712
72.1,269.85,-0.002552,-0.022265
72.1,273.53,0.002427,-0.01822
72.1,277.03,0.007374,-0.013106
72.1,280.53,0.013166,-0.007767
72.1,283.85,0.018413,-0.002274
72.1,287.7,0.023687,0.002399
72.1,291.2,0.028628,0.007753
72.1,294.88,0.032217,0.011382
72.1,298.38,0.035347,0.015187
72.1,302.05,0.037522,0.016888
72.1,305.55,0.039001,0.018844
72.1,309.05,0.041281,0.021284
72.1,312.55,0.04511,0.02495
72.1,316.23,0.050951,0.030452
72.1,319.73,0.056845,0.036284
72.1,323.23,0.061444,0.040859
72.1,326.9,0.064491,0.043705
72.1,330.4,0.065477,0.044198
72.1,333.9,0.065055,0.044013
72.1,337.58,0.063687,0.04218
72.1,341.08,0.0619,0.040135
72.1,344.75,0.061444,0.039328
72.1,348.25,0.062498,0.040883
72.1,351.75,0.063308,0.041764
72.1,355.43,0.061934,0.040511
72.1,359.1,0.057732,0.036983
72.1,362.6,0.050689,0.030766
72.1,366.1,0.042125,0.021909
72.1,369.6,0.031922,0.012297
72.1,373.28,0.02133,0.002291
72.1,376.78,0.011496,-0.007801
72.1,380.28,0.002633,-0.016248
72.1,383.95,-0.005081,-0.02411
72.1,387.45,-0.011171,-0.030078
72.1,390.95,-0.015928,-0.03505
72.1,394.45,-0.019341,-0.038938
72.1,397.95,-0.021054,-0.039991
72.1,401.63,-0.022123,-0.041849
72.1,405.13,-0.022548,-0.04192
72.1,408.8,-0.022397,-0.042875
72.1,412.3,-0.022,-0.042536
72.1,415.8,-0.021495,-0.041495
72.1,419.48,-0.020546,-0.040546
72.1,423.15,-0.020173,-0.040047
72.1,426.65,-0.018993,-0.038765
72.1,430.15,-0.017647,-0.036831
72.1,433.65,-0.015731,-0.034511
72.1,437.33,-0.013556,-0.032823
72.1,441.0,-0.010746,-0.029557
72.1,444.5,-0.007857,-0.026963
72.1,448.0,-0.004825,-0.024246
72.1,451.5,-0.001251,-0.020811
72.1,455.0,0.002507,-0.017031
72.1,458.68,0.006269,-0.013417
72.1,462.18,0.010717,-0.008966
72.1,465.68,0.016041,-0.0044
72.1,469.18,0.022858,0.00178
72.1,472.85,0.03158,0.010461
72.1,476.35,0.041188,0.019931
72.1,480.03,0.051161,0.028745
72.1,483.7,0.060298,0.038727
72.1,487.38,0.068496,0.047812
72.1,490.88,0.07503,0.0543
72.1,494.38,0.08068,0.059636
72.1,498.05,0.084876,0.063939
72.1,501.55,0.088483,0.067313
72.1,505.05,0.091339,0.070273
72.1,508.55,0.093973,0.073
72.1,512.23,0.095979,0.074657
72.1,515.73,0.098157,0.076866
72.1,519.23,0.100289,0.07917
72.1,522.73,0.102233,0.080822
72.1,526.4,0.104361,0.082405
72.1,529.9,0.106293,0.082824
72.1,533.58,0.107738,0.085098
72.1,537.25,0.108634,0.086389
72.1,540.75,0.109759,0.087572
72.1,544.25,0.110563,0.08873
72.1,547.93,0.111657,0.090335
72.1,551.43,0.112738,0.091456
72.1,555.1,0.114087,0.092642
72.1,558.6,0.115082,0.093653
72.1,562.1,0.116,0.094565
72.1,565.78,0.116767,0.095378
72.1,569.28,0.117368,0.095785
72.1,572.78,0.117944,0.096724
72.1,576.45,0.118154,0.095809
72.1,579.95,0.118391,0.096111
72.1,583.63,0.118283,0.095606
72.1,587.13,0.118545,0.095911
72.1,590.8,0.118006,0.095064
72.1,594.3,0.117642,0.094947
72.1,597.8,0.116653,0.094377
72.1,601.3,0.115286,0.093095
72.1,604.8,0.11385,0.091647
72.1,608.47,0.111838,0.090122
72.1,612.15,0.109731,0.088708
72.1,615.65,0.108181,0.087562
72.1,619.32,0.10658,0.085415
72.1,622.82,0.104959,0.083674
72.1,626.32,0.103188,0.081866
72.1,630.0,0.101084,0.079617
72.1,633.5,0.098847,0.077451
72.1,637.17,0.096207,0.073711
72.1,640.67,0.093446,0.07145
72.1,644.35,0.08979,0.067498
72.1,647.85,0.085677,0.063976
72.1,650.82,0.081275,0.059657
72.1,655.02,0.075646,0.054432
72.1,658.52,0.069639,0.048681
72.1,662.02,0.063819,0.042981
72.1,665.52,0.05694,0.036515
72.1,669.2,0.050153,0.0306
72.1,672.87,0.043961,0.024337
72.1,676.37,0.040033,0.020286
72.1,680.05,0.038887,0.018687
72.1,683.2,0.038385,0.018533
72.1,687.05,0.036789,0.016666
108.32,12.08,-0.127357,-0.147511
108.32,15.58,-0.154615,-0.171045
108.32,19.08,-0.183833,-0.199326
108.32,22.58,-0.212391,-0.227385
108.32,26.25,-0.238167,-0.252582
108.32,29.75,-0.261328,-0.275111
108.32,33.25,-0.281233,-0.295133
108.32,36.75,-0.298164,-0.311849
108.32,40.25,-0.312717,-0.325234
108.32,43.93,-0.322902,-0.33581
108.32,47.43,-0.328278,-0.34146
108.32,50.93,-0.327887,-0.341223
108.32,54.6,-0.322628,-0.33618
108.32,58.28,-0.315733,-0.331131
108.32,61.95,-0.310385,-0.325028
108.32,65.45,-0.307027,-0.321775
108.32,68.95,-0.306174,-0.320847
108.32,72.45,-0.3072,-0.321867
108.32,75.95,-0.308395,-0.322896
108.32,79.62,-0.308346,-0.323001
108.32,83.12,-0.306639,-0.321122
108.32,86.62,-0.301984,-0.316504
108.32,90.12,-0.293694,-0.308386
108.32,93.8,-0.282428,-0.296907
108.32,97.3,-0.269085,-0.283897
108.32,100.8,-0.254144,-0.269329
108.32,104.47,-0.238947,-0.253984
108.32,107.97,-0.224606,-0.240305
108.32,111.47,-0.211196,-0.2268
108.32,114.97,-0.199464,-0.215386
108.32,118.65,-0.190281,-0.206978
108.32,122.15,-0.184837,-0.200903
108.32,125.65,-0.181781,-0.198053
108.32,129.32,-0.181239,-0.197539
108.32,132.82,-0.182856,-0.199853
108.32,136.32,-0.186208,-0.202995
108.32,140.0,-0.190798,-0.20752
108.32,143.5,-0.196467,-0.213075
108.32,147.0,-0.202256,-0.218719
108.32,150.67,-0.208577,-0.224652
108.32,154.18,-0.214526,-0.230401
108.32,157.68,-0.220567,-0.236313
108.32,161.35,-0.226248,-0.241109
108.32,164.85,-0.231402,-0.246473
108.32,168.35,-0.235965,-0.250724
108.32,172.03,-0.239292,-0.253882
108.32,175.53,-0.242262,-0.257101
108.32,179.03,-0.244748,-0.259621
108.32,182.53,-0.246559,-0.260989
108.32,186.03,-0.24765,-0.262446
108.32,189.7,-0.24826,-0.262964
108.32,193.2,-0.248408,-0.263257
108.32,196.7,-0.248312,-0.263106
108.32,200.2,-0.247536,-0.262813
108.32,203.88,-0.247243,-0.262302
108.32,207.2,-0.246652,-0.262
108.32,210.88,-0.246495,-0.262175
108.32,214.38,-0.246605,-0.261763
108.32,218.05,-0.246168,-0.262172
108.32,221.55,-0.245429,-0.261587
108.32,225.23,-0.244849,-0.260595
108.32,228.9,-0.244434,-0.259409
108.32,232.4,-0.243549,-0.25886
108.32,236.08,-0.242927,-0.257641
108.32,239.58,-0.242151,-0.257222
108.32,243.08,-0.24135,-0.25622
108.32,246.75,-0.239803,-0.254261
108.32,250.25,-0.238133,-0.253167
108.32,253.75,-0.235247,-0.250262
108.32,257.25,-0.231513,-0.246658
108.32,260.75,-0.226963,-0.242366
108.32,264.25,-0.221707,-0.2374
108.32,267.93,-0.215413,-0.231131
108.32,271.43,-0.208189,-0.224316
108.32,274.93,-0.200013,-0.216695
108.32,278.43,-0.191227,-0.208235
108.32,281.93,-0.181797,-0.200114
108.32,285.78,-0.172906,-0.190496
108.32,289.28,-0.164317,-0.181849
108.32,292.78,-0.157089,-0.174822
108.32,296.63,-0.150453,-0.166319
108.32,300.13,-0.14671,-0.163485
108.32,303.8,-0.144446,-0.161057
108.32,307.3,-0.144551,-0.16111
108.32,310.8,-0.146553,-0.163035
108.32,314.3,-0.150256,-0.166763
108.32,317.8,-0.155832,-0.172262
108.32,321.48,-0.161957,-0.178026
108.32,324.98,-0.169209,-0.185456
108.32,328.48,-0.176482,-0.192437
108.32,331.98,-0.184375,-0.200875
108.32,335.65,-0.19244,-0.208993
108.32,339.15,-0.200934,-0.217548
108.32,342.83,-0.209646,-0.226134
108.32,346.33,-0.217502,-0.23358
108.32,350.0,-0.225533,-0.241011
108.32,353.5,-0.232028,-0.247659
108.32,357.0,-0.238029,-0.25309
108.32,360.68,-0.24289,-0.258158
108.32,364.18,-0.246501,-0.261867
108.32,367.5,-0.249279,-0.264215
108.32,371.18,-0.251106,-0.265382
108.32,374.68,-0.251698,-0.266279
108.32,378.18,-0.251599,-0.266679
108.32,381.68,-0.250851,-0.265829
108.32,385.35,-0.250093,-0.264446
108.32,388.68,-0.24805,-0.262582
108.32,392.35,-0.245583,-0.260777
108.32,395.85,-0.243023,-0.257896
108.32,399.53,-0.239982,-0.255087
108.32,403.2,-0.236917,-0.252875
108.32,406.7,-0.233294,-0.24899
108.32,410.2,-0.229372,-0.245851
108.32,413.88,-0.225841,-0.242108
108.32,417.38,-0.221775,-0.238352
108.32,420.88,-0.217434,-0.23411
108.32,424.55,-0.213334,-0.229658
108.32,428.05,-0.208552,-0.224896
108.32,431.55,-0.203398,-0.219658
108.32,435.05,-0.198269,-0.214726
108.32,438.55,-0.192197,-0.208568
108.32,442.23,-0.185925,-0.20244
108.32,445.73,-0.179085,-0.195555
108.32,449.4,-0.171883,-0.18728
108.32,453.08,-0.164193,-0.180983
108.32,456.58,-0.156797,-0.174529
108.32,460.25,-0.149326,-0.167006
108.32,463.75,-0.14204,-0.159708
108.32,467.25,-0.134298,-0.152049
108.32,470.93,-0.124366,-0.142752
108.32,474.43,-0.112129,-0.130863
108.32,477.93,-0.098617,-0.117721
108.32,481.43,-0.084942,-0.104055
108.32,484.93,-0.071538,-0.09094
108.32,488.6,-0.058414,-0.078112
108.32,491.93,-0.046369,-0.066159
108.32,495.6,-0.035494,-0.055352
108.32,499.1,-0.025873,-0.045832
108.32,502.6,-0.017123,-0.037228
108.32,506.1,-0.009221,-0.029539
108.32,509.6,-0.002518,-0.023054
108.32,513.28,0.003416,-0.016766
108.32,516.78,0.008046,-0.011704
108.32,520.28,0.012147,-0.007644
108.32,523.6,0.015545,-0.003772
108.32,527.45,0.018179,-0.001378
108.32,530.95,0.019583,-0.000189
108.32,534.45,0.020671,0.001173
108.32,538.13,0.021198,0.001423
108.32,541.63,0.021644,0.001835
108.32,545.3,0.021928,0.001838
108.32,548.63,0.022316,0.00215
108.32,552.3,0.022707,0.002365
108.32,555.8,0.02308,0.00275
108.32,559.3,0.022963,0.002103
108.32,562.8,0.022125,0.001247
108.32,566.48,0.020723,-0.000333
108.32,570.5,0.01897,0.000175
108.32,574.0,0.017581,-0.001837
108.32,577.5,0.015326,-0.00404
108.32,581.18,0.012901,-0.006569
108.32,584.5,0.010384,-0.009073
108.32,588.18,0.00788,-0.011633
108.32,591.85,0.005582,-0.013636
108.32,595.35,0.003567,-0.016704
108.32,598.85,0.001244,-0.019003
108.32,602.53,-0.000993,-0.021624
108.32,606.02,-0.0031,-0.023636
108.32,609.52,-0.005583,-0.025626
108.32,613.2,-0.007912,-0.028168
108.32,616.87,-0.010792,-0.030266
108.32,620.37,-0.013898,-0.032866
108.32,624.05,-0.016883,-0.035703
108.32,628.07,-0.020229,-0.04123
108.32,631.75,-0.022897,-0.04245
108.32,635.25,-0.025836,-0.045583
108.32,638.75,-0.029332,-0.04911
108.32,642.42,-0.033559,-0.051572
108.32,646.1,-0.037776,-0.057853
108.32,649.6,-0.043112,-0.062102
108.32,653.1,-0.048485,-0.06675
108.32,657.12,-0.055638,-0.074181
108.32,660.8,-0.061818,-0.080592
108.32,664.3,-0.068839,-0.087551
108.32,667.8,-0.075956,-0.094388
108.32,671.3,-0.083697,-0.102856
108.32,674.8,-0.088559,-0.107043
108.32,678.47,-0.090666,-0.109514
108.32,681.97,-0.091082,-0.109686
108.32,685.47,-0.0918,-0.11054
144.55,12.25,-0.155056,-0.172924
144.55,15.75,-0.08838,-0.108417
144.55,19.42,-0.008146,-0.031701
144.55,23.1,0.0634,0.040076
144.55,26.77,0.130933,0.106903
144.55,30.27,0.188172,0.163416
144.55,33.77,0.237097,0.212186
144.55,37.1,0.27596,0.250298
144.55,40.95,0.306367,0.280544
144.55,44.62,0.3284,0.302205
144.55,48.12,0.34389,0.317713
144.55,51.8,0.355239,0.328178
144.55,55.12,0.363973,0.337328
144.55,58.8,0.37128,0.344435
144.55,62.3,0.37673,0.349632
144.55,65.97,0.378603,0.351176
144.55,69.47,0.377251,0.349762
144.55,72.97,0.372436,0.345784
144.55,76.47,0.364182,0.337534
144.55,79.97,0.353384,0.326933
144.55,83.47,0.340935,0.314503
144.55,86.97,0.327232,0.301459
144.55,90.65,0.313335,0.287876
144.55,94.15,0.299922,0.274669
144.55,97.47,0.286995,0.262944
144.55,101.32,0.276003,0.25141
144.55,104.82,0.266487,0.242405
144.55,108.32,0.259256,0.235597
144.55,112.0,0.25344,0.229617
144.55,115.5,0.249475,0.225661
144.55,119.0,0.246675,0.223089
144.55,122.5,0.244737,0.221188
144.55,126.0,0.243422,0.219768
144.55,129.67,0.242504,0.218794
144.55,133.17,0.241967,0.218191
144.55,136.67,0.241462,0.217713
144.55,140.17,0.24121,0.217531
144.55,144.2,0.240862,0.213566
144.55,147.7,0.240704,0.216237
144.55,151.37,0.240353,0.216287
144.55,154.87,0.240781,0.216644
144.55,158.55,0.241126,0.217864
144.55,162.05,0.241549,0.217827
144.55,165.55,0.241789,0.21811
144.55,169.05,0.242343,0.218378
144.55,172.72,0.242636,0.218653
144.55,176.22,0.242587,0.218736
144.55,179.72,0.24255,0.218696
144.55,183.22,0.241857,0.217966
144.55,186.9,0.241173,0.217063
144.55,190.4,0.24035,0.216053
144.55,194.07,0.239204,0.21474
144.55,197.57,0.238021,0.213939
144.55,201.07,0.236715,0.21218
144.55,204.4,0.235769,0.211034
144.55,208.07,0.234343,0.209562
144.55,211.75,0.232805,0.208388
144.55,215.25,0.231167,0.206623
144.55,218.93,0.229201,0.205264
144.55,222.43,0.227174,0.203597
144.55,225.93,0.225027,0.201182
144.55,229.6,0.222919,0.199611
144.55,233.1,0.220322,0.196958
144.55,236.6,0.217522,0.194481
144.55,240.1,0.214675,0.191598
144.55,243.6,0.211601,0.1884
144.55,247.28,0.208761,0.186191
144.55,250.78,0.205646,0.182276
144.55,254.45,0.202131,0.179183
144.55,257.95,0.198234,0.174879
144.55,261.45,0.194617,0.171348
144.55,265.13,0.190058,0.166607
144.55,268.63,0.185526,0.161823
144.55,272.13,0.181157,0.157741
144.55,275.63,0.176398,0.153009
144.55,279.13,0.171814,0.148751
144.55,282.8,0.167112,0.143674
144.55,286.3,0.162257,0.139183
144.55,289.8,0.157624,0.13487
144.55,293.48,0.152759,0.130116
144.55,296.98,0.147929,0.126256
144.55,300.48,0.14397,0.121878
144.55,304.15,0.139663,0.117923
144.55,307.65,0.135729,0.113825
144.55,311.33,0.132334,0.110991
144.55,314.83,0.12885,0.107436
144.55,318.33,0.1258,0.104254
144.55,322.0,0.122759,0.100923
144.55,325.5,0.120477,0.098825
144.55,329.18,0.118027,0.094281
144.55,332.68,0.115748,0.093604
144.55,336.18,0.113878,0.091247
144.55,339.85,0.112303,0.090015
144.55,343.35,0.111188,0.088949
144.55,347.03,0.110344,0.088188
144.55,350.53,0.109734,0.087907
144.55,354.03,0.109069,0.087307
144.55,357.53,0.108659,0.087454
144.55,361.2,0.108314,0.087109
144.55,364.7,0.108271,0.08682
144.55,368.2,0.108206,0.087002
144.55,371.7,0.108979,0.087732
144.55,375.38,0.109947,0.088637
144.55,378.88,0.110489,0.089306
144.55,382.55,0.111157,0.088465
144.55,386.4,0.111108,0.087371
144.55,389.9,0.111308,0.089109
144.55,393.58,0.110936,0.08893
144.55,397.08,0.110581,0.088468
144.55,400.75,0.109398,0.08946
144.55,404.43,0.108468,0.087085
144.55,407.93,0.107722,0.08665
144.55,411.43,0.106607,0.085572
144.55,415.28,0.105532,0.081903
144.55,418.78,0.104454,0.083662
144.55,422.28,0.103616,0.081928
144.55,425.78,0.102966,0.081231
144.55,429.28,0.102251,0.080597
144.55,432.78,0.101077,0.079087
144.55,436.45,0.099731,0.077741
144.55,439.95,0.098117,0.076364
144.55,443.45,0.096194,0.074106
144.55,446.95,0.094743,0.073089
144.55,450.45,0.092676,0.070766
144.55,453.95,0.090526,0.068949
144.55,457.63,0.088055,0.066373
144.55,461.13,0.085175,0.063788
144.55,464.63,0.0821,0.060911
144.55,468.3,0.078425,0.057316
144.55,471.63,0.075052,0.054325
144.55,475.3,0.073628,0.053089
144.55,478.8,0.07434,0.054035
144.55,482.48,0.078083,0.057236
144.55,485.98,0.084269,0.063092
144.55,489.65,0.093859,0.072337
144.55,493.15,0.104592,0.082803
144.55,496.83,0.116373,0.093933
144.55,500.33,0.127836,0.105686
144.55,503.83,0.138872,0.115178
144.55,507.5,0.14832,0.124762
144.55,511.0,0.156647,0.133126
144.55,514.68,0.163234,0.139719
144.55,518.18,0.168899,0.145378
144.55,521.68,0.173221,0.149602
144.55,525.18,0.176743,0.153329
144.55,528.68,0.179232,0.1556
144.55,532.18,0.180686,0.15742
144.55,535.68,0.181481,0.158813
144.55,539.35,0.181142,0.15853
144.55,542.85,0.180683,0.158388
144.55,546.53,0.179525,0.156841
144.55,550.03,0.17775,0.15531
144.55,553.53,0.175825,0.153406
144.55,557.03,0.173434,0.151327
144.55,560.53,0.171034,0.148711
144.55,564.38,0.167541,0.142612
144.55,568.05,0.16418,0.140664
144.55,571.55,0.16072,0.137414
144.55,575.23,0.15779,0.134466
144.55,578.9,0.154007,0.132424
144.55,582.4,0.150948,0.128098
144.55,586.08,0.147414,0.125886
144.55,589.58,0.144472,0.122957
144.55,593.43,0.14084,0.117331
144.55,597.1,0.137528,0.115295
144.55,600.6,0.134087,0.111459
144.55,604.1,0.130871,0.108677
144.55,607.95,0.126675,0.104321
144.55,611.62,0.122159,0.101376
144.55,615.12,0.118591,0.097097
144.55,618.8,0.114417,0.093234
144.55,622.65,0.109682,0.085655
144.55,626.15,0.105785,0.08531
144.55,629.65,0.101447,0.079047
144.55,633.32,0.096632,0.074676
144.55,636.82,0.091992,0.070159
144.55,640.32,0.087097,0.065298
144.55,643.82,0.082168,0.060739
144.55,647.5,0.077467,0.056204
144.55,651.0,0.072562,0.051453
144.55,654.67,0.068182,0.047485
144.55,658.17,0.063545,0.042612
144.55,661.5,0.059247,0.038456
144.55,665.17,0.055591,0.035477
144.55,668.85,0.052199,0.032396
144.55,672.35,0.049463,0.029395
144.55,675.85,0.047159,0.027122
144.55,679.52,0.045834,0.025911
144.55,683.02,0.046928,0.026047
144.55,686.7,0.05044,0.029944
180.6,12.95,0.460744,0.41409
180.6,16.45,0.441388,0.41328
180.6,20.12,0.417294,0.38832
180.6,23.8,0.393323,0.366228
180.6,27.3,0.372183,0.345707
180.6,30.8,0.353388,0.326872
180.6,34.47,0.337707,0.311779
180.6,37.97,0.323397,0.297919
180.6,41.47,0.309112,0.284543
180.6,45.15,0.295643,0.270877
180.6,48.65,0.282177,0.258015
180.6,52.5,0.267864,0.244007
180.6,56.0,0.254709,0.230748
180.6,59.67,0.242048,0.21755
180.6,63.17,0.230048,0.206213
180.6,66.67,0.218335,0.194146
180.6,70.35,0.207482,0.18328
180.6,73.85,0.197316,0.173773
180.6,77.35,0.187685,0.163945
180.6,80.85,0.179099,0.155785
180.6,84.52,0.170772,0.147534
180.6,88.2,0.162923,0.140591
180.6,91.7,0.15649,0.134315
180.6,95.37,0.150168,0.12918
180.6,98.87,0.145671,0.123767
180.6,102.37,0.141697,0.120082
180.6,106.05,0.139103,0.117002
180.6,109.55,0.137513,0.114876
180.6,113.4,0.136783,0.113012
180.6,116.9,0.137473,0.114956
180.6,120.4,0.139198,0.115948
180.6,123.9,0.141509,0.118505
180.6,127.4,0.144737,0.121253
180.6,131.07,0.14849,0.12539
180.6,134.57,0.153283,0.129953
180.6,138.07,0.158662,0.135369
180.6,141.57,0.164857,0.141589
180.6,145.25,0.171465,0.148114
180.6,148.75,0.178225,0.155067
180.6,152.25,0.185135,0.161453
180.6,155.75,0.19181,0.168369
180.6,159.25,0.198012,0.174808
180.6,162.92,0.203831,0.18035
180.6,166.42,0.20917,0.186182
180.6,170.1,0.21377,0.190467
180.6,173.6,0.217975,0.19454
180.6,177.1,0.221761,0.197713
180.6,180.77,0.224583,0.200936
180.6,184.27,0.227645,0.202639
180.6,187.95,0.230532,0.205578
180.6,191.45,0.233375,0.208342
180.6,194.95,0.235855,0.211167
180.6,198.62,0.237855,0.212898
180.6,202.12,0.239879,0.21503
180.6,205.62,0.241373,0.216789
180.6,209.12,0.242966,0.218138
180.6,212.8,0.244201,0.219709
180.6,216.3,0.245301,0.221133
180.6,219.8,0.245923,0.221872
180.6,223.48,0.246305,0.22243
180.6,226.98,0.246308,0.222319
180.6,230.48,0.245994,0.222152
180.6,233.98,0.245033,0.221382
180.6,237.65,0.24364,0.220119
180.6,241.15,0.242125,0.218283
180.6,244.83,0.240436,0.216059
180.6,248.33,0.238394,0.214506
180.6,252.0,0.236299,0.211881
180.6,255.5,0.233696,0.208628
180.6,259.0,0.230082,0.204928
180.6,262.5,0.226314,0.202112
180.6,266.18,0.22218,0.197639
180.6,269.68,0.217177,0.193129
180.6,273.18,0.211407,0.187408
180.6,276.85,0.205144,0.182128
180.6,280.35,0.198902,0.175353
180.6,283.85,0.192556,0.169685
180.6,287.53,0.186259,0.163693
180.6,291.03,0.180618,0.158083
180.6,294.53,0.175304,0.15316
180.6,298.03,0.171219,0.148973
180.6,301.7,0.16816,0.145899
180.6,305.2,0.166444,0.144201
180.6,308.7,0.165701,0.143221
180.6,312.38,0.165957,0.143425
180.6,315.88,0.167402,0.144694
180.6,319.38,0.169669,0.146527
180.6,322.88,0.17231,0.149364
180.6,326.55,0.175859,0.152852
180.6,330.05,0.180218,0.156832
180.6,333.55,0.184937,0.161549
180.6,337.05,0.190125,0.166188
180.6,340.55,0.195443,0.171887
180.6,344.05,0.200338,0.176469
180.6,347.55,0.205332,0.180889
180.6,351.05,0.210091,0.185988
180.6,354.73,0.214059,0.189928
180.6,358.23,0.217926,0.193579
180.6,361.55,0.221395,0.196752
180.6,365.23,0.22397,0.199463
180.6,368.9,0.226456,0.202082
180.6,372.4,0.228742,0.204873
180.6,376.08,0.23055,0.206918
180.6,379.58,0.232368,0.208551
180.6,383.08,0.234059,0.210094
180.6,386.58,0.235569,0.21177
180.6,390.25,0.236585,0.212996
180.6,393.75,0.237732,0.214069
180.6,397.43,0.238341,0.214568
180.6,400.93,0.238551,0.214697
180.6,404.43,0.23815,0.21393
180.6,408.1,0.237695,0.212744
180.6,411.6,0.236998,0.212223
180.6,415.28,0.236231,0.211305
180.6,418.78,0.235729,0.211197
180.6,422.45,0.234903,0.210606
180.6,426.13,0.233677,0.209617
180.6,429.63,0.231558,0.208252
180.6,433.3,0.229062,0.205979
180.6,436.8,0.225926,0.202568
180.6,440.3,0.222485,0.199244
180.6,443.8,0.218064,0.1949
180.6,447.48,0.212963,0.189719
180.6,450.98,0.207707,0.184509
180.6,454.48,0.201696,0.178955
180.6,458.15,0.195403,0.17182
180.6,461.65,0.188807,0.166016
180.6,465.15,0.182584,0.15918
180.6,468.83,0.175751,0.151465
180.6,472.5,0.169679,0.146287
180.6,476.0,0.163902,0.140637
180.6,479.5,0.158782,0.135997
180.6,482.83,0.154164,0.131792
180.6,486.68,0.150892,0.128376
180.6,490.35,0.150036,0.128178
180.6,493.85,0.15283,0.130486
180.6,497.35,0.158486,0.136641
180.6,501.03,0.164922,0.142451
180.6,504.53,0.172069,0.14934
180.6,508.03,0.179404,0.156592
180.6,511.53,0.186416,0.163397
180.6,515.03,0.193585,0.170332
180.6,518.53,0.200224,0.176721
180.6,522.2,0.207165,0.183588
180.6,525.7,0.213077,0.189115
180.6,529.2,0.218699,0.195091
180.6,532.88,0.223533,0.198841
180.6,536.38,0.227316,0.201872
180.6,540.05,0.23011,0.205584
180.6,543.55,0.23218,0.207423
180.6,547.05,0.233271,0.20857
180.6,550.55,0.23385,0.209173
180.6,554.23,0.234494,0.210039
180.6,557.55,0.235855,0.211354
180.6,561.23,0.238517,0.213948
180.6,564.73,0.243825,0.219334
180.6,568.23,0.249983,0.22552
180.6,571.73,0.255843,0.231271
180.6,575.4,0.260415,0.236133
180.6,578.9,0.261792,0.237507
180.6,582.4,0.261493,0.237608
180.6,585.9,0.25889,0.23478
180.6,589.57,0.254407,0.230609
180.6,593.07,0.248936,0.225128
180.6,596.75,0.243058,0.219004
180.6,600.25,0.236552,0.212587
180.6,603.75,0.230541,0.206074
180.6,607.42,0.224491,0.200162
180.6,610.92,0.219315,0.195298
180.6,614.42,0.214306,0.190128
180.6,618.1,0.210541,0.186197
180.6,621.77,0.207485,0.183366
180.6,625.27,0.204953,0.181145
180.6,628.77,0.203203,0.179426
180.6,632.27,0.202122,0.178375
180.6,635.77,0.201268,0.17783
180.6,639.45,0.200942,0.177553
180.6,642.95,0.201031,0.177559
180.6,646.45,0.201247,0.178449
180.6,649.95,0.201311,0.178385
180.6,653.45,0.201752,0.178493
180.6,657.12,0.202041,0.1793
180.6,660.62,0.202491,0.179651
180.6,664.12,0.202537,0.179469
180.6,667.62,0.20279,0.179888
180.6,671.3,0.203157,0.179876
180.6,674.8,0.20368,0.180061
180.6,678.3,0.203936,0.180165
180.6,681.97,0.204481,0.180412
180.6,685.47,0.205036,0.181234
216.83,12.42,0.148326,0.114669
216.83,15.57,0.127747,0.106308
216.83,19.42,0.107861,0.087547
216.83,23.1,0.090159,0.069888
216.83,26.77,0.074506,0.054528
216.83,30.1,0.061848,0.041629
216.83,33.95,0.051817,0.031891
216.83,37.45,0.043678,0.023422
216.83,40.95,0.037411,0.017424
216.83,44.45,0.032063,0.012153
216.83,48.12,0.028194,0.007886
216.83,51.62,0.024654,0.003579
216.83,55.12,0.021684,0.001432
216.83,58.8,0.019318,-0.001526
216.83,62.3,0.018391,-0.002324
216.83,65.8,0.017904,-0.002955
216.83,69.47,0.017818,-0.002776
216.83,72.97,0.018166,-0.002431
216.83,76.47,0.018662,-0.001498
216.83,80.15,0.01962,-0.000281
216.83,83.65,0.020945,0.001506
216.83,87.32,0.022686,0.003015
216.83,90.82,0.024747,0.005122
216.83,94.5,0.027374,0.007513
216.83,97.82,0.030236,0.010258
216.83,101.5,0.033018,0.012988
216.83,105.0,0.036256,0.016287
216.83,108.5,0.039312,0.018998
216.83,112.0,0.042393,0.022196
216.83,115.67,0.044571,0.02353
216.83,119.35,0.046718,0.025098
216.83,122.85,0.047966,0.026715
216.83,126.35,0.048825,0.027387
216.83,129.85,0.049038,0.027812
216.83,135.45,0.048807,0.027236
216.83,138.95,0.048545,0.027932
216.83,142.62,0.048422,0.027079
216.83,146.47,0.048249,0.027294
216.83,149.8,0.048443,0.02763
216.83,153.47,0.048391,0.027427
216.83,156.97,0.048736,0.028708
216.83,160.65,0.049063,0.028816
216.83,164.15,0.049395,0.029617
216.83,167.65,0.049565,0.029334
216.83,171.32,0.049873,0.029805
216.83,174.82,0.050603,0.030394
216.83,178.5,0.051469,0.030902
216.83,182.0,0.052069,0.031382
216.83,185.5,0.052843,0.032304
216.83,189.17,0.053699,0.032273
216.83,192.67,0.054217,0.032889
216.83,195.82,0.054796,0.033634
216.83,199.85,0.055427,0.034087
216.83,203.35,0.056185,0.034688
216.83,206.85,0.056592,0.03527
216.83,210.52,0.056882,0.035588
216.83,214.02,0.057655,0.036244
216.83,217.52,0.058178,0.036854
216.83,221.02,0.058792,0.037639
216.83,224.52,0.059235,0.038434
216.83,228.2,0.059629,0.039167
216.83,231.87,0.060039,0.039802
216.83,235.37,0.061068,0.040726
216.83,238.87,0.06198,0.041814
216.83,242.55,0.063212,0.042424
216.83,246.05,0.06426,0.043166
216.83,249.72,0.065172,0.04414
216.83,253.22,0.065849,0.045199
216.83,256.72,0.066099,0.044753
216.83,260.23,0.06665,0.045255
216.83,263.73,0.066333,0.044913
216.83,267.23,0.066228,0.044586
216.83,270.9,0.065695,0.043955
216.83,274.4,0.065745,0.044303
216.83,278.08,0.065788,0.044365
216.83,281.58,0.065458,0.044127
216.83,285.25,0.064845,0.043616
216.83,288.75,0.064318,0.043006
216.83,292.25,0.063459,0.042901
216.83,295.75,0.062892,0.042236
216.83,299.43,0.061724,0.04166
216.83,302.93,0.060883,0.040421
216.83,306.6,0.059941,0.039731
216.83,310.1,0.059309,0.039075
216.83,313.6,0.058668,0.038203
216.83,317.1,0.057812,0.037113
216.83,320.78,0.056931,0.036373
216.83,324.28,0.056552,0.035674
216.83,327.78,0.056111,0.035548
216.83,331.45,0.056201,0.033006
216.83,334.95,0.056361,0.035089
216.83,338.63,0.056518,0.035353
216.83,342.13,0.056499,0.035252
216.83,345.98,0.056925,0.037593
216.83,349.48,0.057458,0.036915
216.83,352.98,0.057926,0.038021
216.83,356.65,0.058779,0.038502
216.83,360.33,0.059925,0.037544
216.83,363.83,0.060702,0.040483
216.83,367.5,0.061466,0.039814
216.83,371.0,0.061891,0.040209
216.83,374.5,0.062381,0.040095
216.83,378.18,0.06288,0.041832
216.83,381.68,0.063024,0.041361
216.83,385.18,0.063169,0.041786
216.83,388.85,0.063588,0.042719
216.83,392.35,0.063758,0.042581
216.83,395.85,0.063795,0.043021
216.83,399.53,0.064288,0.043638
216.83,403.03,0.064614,0.043976
216.83,406.53,0.064663,0.044189
216.83,410.2,0.064728,0.044528
216.83,413.7,0.064275,0.044047
216.83,417.2,0.063918,0.043508
216.83,420.7,0.063385,0.043055
216.83,424.2,0.062701,0.04227
216.83,427.88,0.06198,0.04145
216.83,431.38,0.061071,0.040437
216.83,435.05,0.060215,0.037473
216.83,438.55,0.059174,0.038881
216.83,442.05,0.058308,0.036992
216.83,445.55,0.057399,0.036087
216.83,449.23,0.056536,0.035073
216.83,452.73,0.055788,0.034737
216.83,456.23,0.054762,0.033711
216.83,459.73,0.053795,0.032615
216.83,463.23,0.052806,0.031561
216.83,466.73,0.051718,0.030646
216.83,470.4,0.050809,0.029765
216.83,473.9,0.049716,0.028588
216.83,477.4,0.04852,0.027877
216.83,481.08,0.04723,0.027048
216.83,484.58,0.046065,0.026019
216.83,488.25,0.044848,0.024614
216.83,491.75,0.043745,0.023789
216.83,495.08,0.042177,0.02222
216.83,498.93,0.040249,0.020323
216.83,502.43,0.038265,0.018311
216.83,505.93,0.036617,0.016564
216.83,509.6,0.035061,0.012599
216.83,513.28,0.034112,0.012944
216.83,516.78,0.033616,0.012716
216.83,520.45,0.033323,0.012609
216.83,523.95,0.033095,0.012214
216.83,527.45,0.033286,0.01227
216.83,531.13,0.033616,0.012935
216.83,534.63,0.034198,0.013819
216.83,538.13,0.035162,0.01474
216.83,541.63,0.036268,0.0165
216.83,545.3,0.037569,0.017504
216.83,548.8,0.039229,0.019931
216.83,552.48,0.04104,0.020927
216.83,555.98,0.042652,0.022455
216.83,559.48,0.044016,0.023856
216.83,562.98,0.044981,0.024389
216.83,566.65,0.046198,0.025113
216.83,570.33,0.047806,0.026641
216.83,574.0,0.049411,0.027042
216.83,577.68,0.050933,0.029938
216.83,581.18,0.052498,0.031225
216.83,584.68,0.053715,0.032652
216.83,588.18,0.054876,0.033644
216.83,591.68,0.055846,0.034608
216.83,595.18,0.056499,0.036031
216.83,598.85,0.057168,0.036361
216.83,602.35,0.057917,0.03759
216.83,605.85,0.058936,0.038641
216.83,609.52,0.060138,0.039442
216.83,613.02,0.060988,0.040671
216.83,616.87,0.062134,0.040526
216.83,620.37,0.062901,0.040948
216.83,624.05,0.063927,0.042085
216.83,627.55,0.064725,0.042975
216.83,631.22,0.065378,0.04401
216.83,634.9,0.065779,0.044519
216.83,638.4,0.065825,0.045193
216.83,642.07,0.065372,0.045523
216.83,645.57,0.065079,0.04491
216.83,649.07,0.065011,0.044297
216.83,652.57,0.064962,0.044602
216.83,656.25,0.065452,0.044981
216.83,659.75,0.066142,0.045443
216.83,663.25,0.066912,0.046336
216.83,666.75,0.068049,0.047014
216.83,670.42,0.068838,0.046826
216.83,674.1,0.069229,0.046752
216.83,677.25,0.069796,0.047535
216.83,681.1,0.070304,0.048668
216.83,684.77,0.070178,0.04861
216.83,688.45,0.070578,0.049241
253.05,11.72,0.005464,-0.018439
253.05,15.4,0.001832,-0.017487
253.05,18.9,-0.001732,-0.021572
253.05,22.4,-0.004985,-0.024064
253.05,26.07,-0.007598,-0.026714
253.05,29.57,-0.009896,-0.030444
253.05,33.25,-0.01176,-0.031942
253.05,36.75,-0.013319,-0.033898
253.05,40.42,-0.014455,-0.034529
253.05,43.92,-0.015179,-0.035102
253.05,47.42,-0.015614,-0.035355
253.05,51.45,-0.015608,-0.033081
253.05,54.95,-0.015216,-0.034261
253.05,58.62,-0.014471,-0.033947
253.05,62.12,-0.013374,-0.033781
253.05,65.97,-0.011985,-0.032958
253.05,69.47,-0.010016,-0.030605
253.05,73.15,-0.007672,-0.027786
253.05,76.65,-0.00546,-0.025685
253.05,80.32,-0.002527,-0.02172
253.05,83.82,0.000702,-0.018993
253.05,87.5,0.004479,-0.014511
253.05,91.0,0.007907,-0.011587
253.05,94.5,0.011814,-0.007897
253.05,98.0,0.015954,-0.00375
253.05,101.67,0.01942,-0.000318
253.05,104.65,0.023151,0.003222
253.05,108.85,0.026786,0.005791
253.05,111.82,0.029759,0.008348
253.05,116.02,0.031925,0.010705
253.05,119.52,0.034007,0.012944
253.05,123.2,0.035313,0.014306
253.05,126.87,0.035883,0.015779
253.05,130.37,0.035886,0.015545
253.05,134.05,0.03519,0.015421
253.05,137.55,0.034232,0.014248
253.05,141.05,0.032756,0.012689
253.05,144.55,0.031515,0.01157
253.05,148.22,0.029398,0.009814
253.05,151.72,0.027492,0.007886
253.05,155.23,0.025689,0.005745
253.05,158.55,0.023927,0.003262
253.05,162.4,0.022208,0.002455
253.05,165.9,0.020526,0.000264
253.05,169.58,0.018933,-0.001516
253.05,173.08,0.018169,-0.002324
253.05,176.58,0.01711,-0.003263
253.05,180.08,0.016555,-0.00403
253.05,183.75,0.01633,-0.004702
253.05,186.73,0.016379,-0.004341
253.05,190.75,0.016373,-0.004215
253.05,194.43,0.016389,-0.003325
253.05,197.93,0.016379,-0.003636
253.05,201.6,0.016019,-0.002946
253.05,205.1,0.016047,-0.004018
253.05,208.6,0.015945,-0.003654
253.05,212.1,0.015948,-0.003433
253.05,215.78,0.016028,-0.003556
253.05,219.28,0.016044,-0.003688
253.05,222.95,0.016013,-0.003882
253.05,226.45,0.016191,-0.003916
253.05,229.95,0.016558,-0.003257
253.05,233.45,0.017125,-0.003177
253.05,237.13,0.017627,-0.002419
253.05,240.63,0.018622,-0.00192
253.05,244.13,0.019291,-0.001076
253.05,247.63,0.020612,-7e-06
253.05,251.3,0.022103,0.000908
253.05,254.8,0.024038,0.003049
253.05,258.3,0.025862,0.005119
253.05,261.98,0.028058,0.007954
253.05,265.48,0.030424,0.009817
253.05,269.15,0.032378,0.012763
253.05,272.83,0.035027,0.015172
253.05,276.15,0.037923,0.017741
253.05,279.83,0.040973,0.02084
253.05,283.5,0.043918,0.023773
253.05,287.0,0.046678,0.026386
253.05,290.85,0.049796,0.025991
253.05,294.35,0.052017,0.03093
253.05,298.03,0.054127,0.032528
253.05,301.53,0.055323,0.034257
253.05,305.38,0.056401,0.037929
253.05,308.88,0.05654,0.035748
253.05,312.38,0.056546,0.03625
253.05,316.05,0.0556,0.035486
253.05,319.55,0.054269,0.034207
253.05,323.05,0.052806,0.03255
253.05,326.55,0.051004,0.030942
253.05,330.05,0.049201,0.029134
253.05,333.73,0.047464,0.027125
253.05,337.23,0.04592,0.025384
253.05,340.73,0.044072,0.023671
253.05,344.23,0.042615,0.022097
253.05,347.73,0.040674,0.020363
253.05,351.4,0.038899,0.017944
253.05,354.9,0.037661,0.016764
253.05,358.4,0.037023,0.016136
253.05,361.9,0.036518,0.015609
253.05,365.4,0.036191,0.015418
253.05,369.08,0.03588,0.014577
253.05,372.58,0.036016,0.014891
253.05,376.08,0.036232,0.015286
253.05,380.28,0.036191,0.018049
253.05,383.78,0.035893,0.015942
253.05,387.28,0.035085,0.015249
253.05,390.78,0.034411,0.01438
253.05,394.45,0.032886,0.011148
253.05,397.95,0.031598,0.012103
253.05,401.45,0.030585,0.010129
253.05,404.95,0.029226,0.008838
253.05,408.45,0.027864,0.005591
253.05,412.3,0.026838,0.006081
253.05,415.98,0.026068,0.006376
253.05,419.48,0.025671,0.005501
253.05,422.98,0.026087,0.005837
253.05,426.48,0.026154,0.006456
253.05,430.15,0.026444,0.006863
253.05,433.65,0.026872,0.006866
253.05,437.15,0.026875,0.007174
253.05,440.65,0.027125,0.007196
253.05,444.15,0.027239,0.007636
253.05,447.83,0.027535,0.00783
253.05,451.33,0.028425,0.008456
253.05,454.83,0.029109,0.009041
253.05,458.5,0.029845,0.009676
253.05,462.0,0.030729,0.010187
253.05,465.5,0.031441,0.010908
253.05,469.0,0.032162,0.010551
253.05,472.68,0.032932,0.011697
253.05,476.18,0.033194,0.01222
253.05,479.68,0.033185,0.012639
253.05,483.35,0.033246,0.012282
253.05,486.85,0.032877,0.011863
253.05,490.35,0.032202,0.011395
253.05,493.85,0.031675,0.011084
253.05,497.53,0.031232,0.011025
253.05,501.03,0.030033,0.009922
253.05,504.53,0.02877,0.00853
253.05,508.03,0.02702,0.006906
253.05,511.7,0.024898,0.005492
253.05,515.2,0.022624,0.002738
253.05,518.7,0.020141,0.000803
253.05,522.2,0.018422,-0.001409
253.05,525.88,0.016333,-0.003239
253.05,529.2,0.014516,-0.004995
253.05,533.05,0.012695,-0.007216
253.05,536.55,0.011037,-0.008716
253.05,540.05,0.009676,-0.010407
253.05,543.73,0.008366,-0.012434
253.05,547.23,0.007464,-0.012983
253.05,550.55,0.006749,-0.014123
253.05,554.4,0.006426,-0.01403
253.05,557.9,0.005997,-0.014203
253.05,561.58,0.00601,-0.014175
253.05,565.08,0.005634,-0.013728
253.05,568.58,0.005434,-0.01473
253.05,572.08,0.004586,-0.015219
253.05,575.23,0.003514,-0.015894
253.05,579.08,0.00231,-0.017333
253.05,582.75,0.001392,-0.017702
253.05,585.9,0.000378,-0.01855
253.05,589.75,-0.000398,-0.019597
253.05,593.43,-0.00091,-0.020152
253.05,596.93,-0.001282,-0.020617
253.05,600.6,-0.001322,-0.020762
253.05,604.1,-0.001701,-0.021775
253.05,607.6,-0.001769,-0.021208
253.05,611.1,-0.002093,-0.022083
253.05,614.6,-0.002539,-0.022222
253.05,618.27,-0.003026,-0.023519
253.05,621.77,-0.003577,-0.023685
253.05,625.45,-0.004412,-0.024921
253.05,629.12,-0.005669,-0.026168
253.05,632.62,-0.006985,-0.027012
253.05,636.12,-0.007912,-0.028023
253.05,639.8,-0.009283,-0.028799
253.05,643.3,-0.010669,-0.029628
253.05,646.8,-0.01176,-0.030771
253.05,650.47,-0.012863,-0.031433
253.05,653.97,-0.01354,-0.032542
253.05,657.47,-0.014172,-0.033165
253.05,661.15,-0.014911,-0.034052
253.05,664.65,-0.015792,-0.035019
253.05,668.15,-0.016507,-0.035848
253.05,671.82,-0.017308,-0.036569
253.05,675.32,-0.01822,-0.037878
253.05,678.82,-0.018778,-0.038824
253.05,682.5,-0.019486,-0.039517
253.05,686.0,-0.019985,-0.040028
289.1,12.08,-0.063393,-0.086328
289.1,15.75,-0.077616,-0.096695
289.1,19.43,-0.093343,-0.110487
289.1,23.1,-0.109079,-0.126224
289.1,26.6,-0.123916,-0.140062
289.1,30.63,-0.137576,-0.155392
289.1,34.3,-0.148167,-0.165894
289.1,37.8,-0.155949,-0.173439
289.1,41.48,-0.161858,-0.178975
289.1,44.8,-0.166834,-0.18367
289.1,48.48,-0.170065,-0.187132
289.1,51.98,-0.172326,-0.189452
289.1,55.48,-0.173599,-0.190718
289.1,59.15,-0.173651,-0.189477
289.1,62.65,-0.172428,-0.189144
289.1,66.15,-0.170173,-0.186944
289.1,69.65,-0.166867,-0.183845
289.1,73.33,-0.162471,-0.178947
289.1,76.83,-0.157083,-0.173851
289.1,80.33,-0.150207,-0.166578
289.1,84.0,-0.142422,-0.159101
289.1,87.5,-0.1335,-0.150724
289.1,91.18,-0.123408,-0.141606
289.1,94.68,-0.112179,-0.130811
289.1,98.35,-0.100854,-0.120238
289.1,102.03,-0.089847,-0.109354
289.1,105.53,-0.0794,-0.098861
289.1,109.2,-0.070712,-0.089917
289.1,112.7,-0.063306,-0.082524
289.1,116.2,-0.058174,-0.077074
289.1,119.88,-0.054381,-0.071781
289.1,123.55,-0.053032,-0.071291
289.1,127.05,-0.05387,-0.072508
289.1,130.55,-0.056479,-0.0748
289.1,134.58,-0.060903,-0.082287
289.1,138.08,-0.066359,-0.085204
289.1,141.75,-0.072622,-0.091168
289.1,145.25,-0.079834,-0.098007
289.1,148.93,-0.087092,-0.103969
289.1,152.6,-0.09448,-0.111701
289.1,156.1,-0.101532,-0.118623
289.1,159.6,-0.108226,-0.125188
289.1,163.1,-0.114511,-0.131402
289.1,166.78,-0.120299,-0.137154
289.1,170.28,-0.125469,-0.142579
289.1,173.78,-0.130148,-0.147305
289.1,177.45,-0.134532,-0.151448
289.1,180.95,-0.138066,-0.155093
289.1,184.45,-0.142185,-0.159686
289.1,188.13,-0.146214,-0.163568
289.1,191.63,-0.149468,-0.166926
289.1,195.13,-0.152554,-0.170121
289.1,198.63,-0.154865,-0.172545
289.1,202.13,-0.156264,-0.173885
289.1,205.8,-0.157388,-0.17484
289.1,209.13,-0.157363,-0.174837
289.1,212.8,-0.157444,-0.174837
289.1,216.3,-0.156723,-0.17374
289.1,219.98,-0.155786,-0.172789
289.1,223.48,-0.154329,-0.171547
289.1,226.8,-0.15265,-0.169341
289.1,230.48,-0.150657,-0.167881
289.1,233.98,-0.148423,-0.165269
289.1,237.65,-0.145703,-0.162428
289.1,241.15,-0.142588,-0.159021
289.1,244.65,-0.138784,-0.155339
289.1,248.33,-0.134723,-0.151599
289.1,251.83,-0.129692,-0.146766
289.1,255.15,-0.123867,-0.141769
289.1,259.0,-0.117154,-0.134871
289.1,262.68,-0.109415,-0.128337
289.1,266.18,-0.100993,-0.118959
289.1,269.68,-0.091599,-0.11127
289.1,273.18,-0.081593,-0.100876
289.1,276.85,-0.070789,-0.090195
289.1,280.35,-0.059412,-0.07907
289.1,283.85,-0.048251,-0.068343
289.1,287.35,-0.038235,-0.058279
289.1,291.03,-0.028972,-0.048738
289.1,294.53,-0.020586,-0.039945
289.1,298.03,-0.013904,-0.033701
289.1,301.53,-0.008913,-0.028624
289.1,305.03,-0.005956,-0.026014
289.1,308.7,-0.004455,-0.024003
289.1,312.2,-0.004841,-0.023892
289.1,315.7,-0.006674,-0.025306
289.1,319.38,-0.009194,-0.028353
289.1,322.88,-0.01347,-0.032576
289.1,326.55,-0.018771,-0.037961
289.1,330.23,-0.025386,-0.044674
289.1,333.73,-0.032678,-0.051717
289.1,337.23,-0.039742,-0.059147
289.1,340.73,-0.046704,-0.065977
289.1,344.4,-0.054153,-0.073571
289.1,347.9,-0.060777,-0.079591
289.1,351.4,-0.066868,-0.085481
289.1,354.9,-0.0718,-0.090494
289.1,358.4,-0.076147,-0.094843
289.1,361.9,-0.080028,-0.098491
289.1,365.58,-0.083004,-0.101553
289.1,369.08,-0.085161,-0.10371
289.1,372.58,-0.087314,-0.105457
289.1,376.08,-0.089058,-0.106766
289.1,379.75,-0.090641,-0.108691
289.1,383.25,-0.092327,-0.109825
289.1,386.93,-0.093821,-0.111319
289.1,390.43,-0.095635,-0.112804
289.1,393.93,-0.097129,-0.114871
289.1,397.43,-0.098762,-0.116039
289.1,400.93,-0.099856,-0.11737
289.1,404.6,-0.100669,-0.118288
289.1,408.1,-0.100718,-0.118414
289.1,411.6,-0.09992,-0.118223
289.1,415.28,-0.09862,-0.11729
289.1,418.78,-0.097148,-0.115404
289.1,422.28,-0.096513,-0.115225
289.1,425.78,-0.09546,-0.114113
289.1,429.45,-0.094563,-0.113131
289.1,432.95,-0.093355,-0.112018
289.1,436.98,-0.091969,-0.107628
289.1,440.48,-0.090262,-0.108183
289.1,444.15,-0.08851,-0.10619
289.1,447.65,-0.086171,-0.10407
289.1,451.33,-0.083457,-0.102065
289.1,454.83,-0.079933,-0.098399
289.1,458.33,-0.076002,-0.094985
289.1,462.0,-0.072062,-0.091011
289.1,465.5,-0.068269,-0.087339
289.1,469.0,-0.064006,-0.083254
289.1,472.5,-0.060133,-0.079585
289.1,476.0,-0.057133,-0.076409
289.1,479.5,-0.05428,-0.073645
289.1,483.18,-0.052148,-0.071482
289.1,486.68,-0.050897,-0.070284
289.1,490.18,-0.05099,-0.070407
289.1,493.85,-0.052216,-0.071057
289.1,497.35,-0.054686,-0.072687
289.1,500.85,-0.058041,-0.076218
289.1,504.53,-0.062206,-0.08013
289.1,508.03,-0.067456,-0.085192
289.1,511.35,-0.07351,-0.090786
289.1,515.2,-0.079748,-0.097616
289.1,518.88,-0.086267,-0.104009
289.1,522.38,-0.093399,-0.111436
289.1,525.88,-0.100124,-0.117789
289.1,529.38,-0.106787,-0.124289
289.1,532.88,-0.112761,-0.13033
289.1,536.55,-0.118405,-0.136375
289.1,540.05,-0.123282,-0.140968
289.1,543.55,-0.127949,-0.146116
289.1,547.23,-0.132336,-0.150108
289.1,550.9,-0.136282,-0.153707
289.1,554.4,-0.140087,-0.157585
289.1,557.73,-0.143608,-0.160647
289.1,561.4,-0.14679,-0.163673
289.1,565.08,-0.149209,-0.165574
289.1,568.58,-0.152,-0.16838
289.1,571.9,-0.154535,-0.171122
289.1,575.58,-0.156812,-0.173013
289.1,579.08,-0.15874,-0.175145
289.1,582.75,-0.160786,-0.176812
289.1,586.25,-0.162179,-0.178571
289.1,589.75,-0.164055,-0.180213
289.1,593.25,-0.165663,-0.181867
289.1,596.75,-0.167373,-0.183562
289.1,600.25,-0.169002,-0.185188
289.1,603.75,-0.170429,-0.186556
289.1,607.25,-0.171673,-0.187927
289.1,610.93,-0.172785,-0.189375
289.1,614.43,-0.17358,-0.190031
289.1,617.75,-0.173984,-0.190423
289.1,621.43,-0.174008,-0.190407
289.1,624.93,-0.173941,-0.190848
289.1,628.43,-0.173522,-0.190142
289.1,632.1,-0.173328,-0.190459
289.1,635.6,-0.172912,-0.190469
289.1,639.27,-0.172028,-0.189341
289.1,642.77,-0.171245,-0.188386
289.1,646.27,-0.170118,-0.187314
289.1,649.77,-0.168605,-0.18582
289.1,653.27,-0.167009,-0.184252
289.1,656.77,-0.164988,-0.182052
289.1,660.45,-0.162764,-0.179581
289.1,663.95,-0.160429,-0.177407
289.1,667.45,-0.157822,-0.175025
289.1,671.12,-0.155142,-0.171898
289.1,674.62,-0.152249,-0.168762
289.1,678.12,-0.149384,-0.165509
289.1,681.8,-0.146981,-0.163577
289.1,685.3,-0.144055,-0.160728
325.15,12.07,-0.197952,-0.214948
325.15,15.75,-0.178697,-0.196011
325.15,19.25,-0.157209,-0.173719
325.15,22.92,-0.136892,-0.154283
325.15,26.6,-0.118744,-0.136045
325.15,30.45,-0.100798,-0.12147
325.15,33.95,-0.088103,-0.107163
325.15,37.45,-0.078245,-0.097391
325.15,40.95,-0.070564,-0.089505
325.15,44.62,-0.062733,-0.082505
325.15,48.12,-0.054175,-0.07399
325.15,51.62,-0.045549,-0.065333
325.15,55.12,-0.038131,-0.057786
325.15,58.8,-0.033996,-0.053559
325.15,62.65,-0.033775,-0.050965
325.15,66.32,-0.036714,-0.055799
325.15,69.82,-0.041214,-0.059582
325.15,73.32,-0.045906,-0.064942
325.15,77.0,-0.049967,-0.06948
325.15,80.5,-0.052835,-0.071827
325.15,84.0,-0.054175,-0.07322
325.15,87.5,-0.054021,-0.072853
325.15,91.0,-0.052391,-0.071242
325.15,94.5,-0.049462,-0.068778
325.15,98.0,-0.045971,-0.065484
325.15,101.5,-0.041926,-0.061911
325.15,105.17,-0.037548,-0.057437
325.15,108.85,-0.033682,-0.053362
325.15,112.17,-0.030509,-0.05037
325.15,115.85,-0.027934,-0.047548
325.15,119.0,-0.026523,-0.045678
325.15,122.85,-0.025953,-0.045349
325.15,126.35,-0.026652,-0.045845
325.15,130.02,-0.028011,-0.047253
325.15,133.52,-0.029924,-0.048559
325.15,137.02,-0.032484,-0.051033
325.15,140.35,-0.035044,-0.053913
325.15,144.02,-0.038356,-0.057222
325.15,147.7,-0.04204,-0.060035
325.15,151.2,-0.045691,-0.063935
325.15,154.7,-0.04859,-0.067151
325.15,158.2,-0.051843,-0.070247
325.15,161.87,-0.054274,-0.072807
325.15,165.37,-0.056791,-0.075651
325.15,168.87,-0.058491,-0.07725
325.15,172.55,-0.060232,-0.07916
325.15,176.05,-0.061828,-0.080401
325.15,179.55,-0.063017,-0.082893
325.15,183.05,-0.06419,-0.083047
325.15,186.55,-0.064776,-0.084249
325.15,190.22,-0.065373,-0.084511
325.15,194.25,-0.065272,-0.081464
325.15,197.75,-0.064976,-0.083047
325.15,201.42,-0.064871,-0.083272
325.15,204.92,-0.06493,-0.083479
325.15,208.6,-0.064767,-0.085056
325.15,212.28,-0.064255,-0.083614
325.15,215.95,-0.063482,-0.082844
325.15,219.28,-0.062783,-0.082031
325.15,222.95,-0.061969,-0.081104
325.15,226.45,-0.061134,-0.080047
325.15,229.95,-0.059742,-0.078959
325.15,233.63,-0.058485,-0.07769
325.15,237.13,-0.056584,-0.075312
325.15,240.63,-0.053919,-0.072536
325.15,244.13,-0.050648,-0.069206
325.15,247.8,-0.046667,-0.065543
325.15,251.3,-0.042749,-0.061079
325.15,254.8,-0.037949,-0.056458
325.15,258.48,-0.033118,-0.05192
325.15,261.98,-0.027099,-0.046285
325.15,265.65,-0.020697,-0.040571
325.15,269.15,-0.014523,-0.034147
325.15,272.65,-0.007773,-0.028211
325.15,276.15,-0.001094,-0.021606
325.15,279.65,0.005757,-0.014819
325.15,283.33,0.012405,-0.00838
325.15,286.83,0.018952,-0.002499
325.15,290.33,0.024885,0.00373
325.15,294.0,0.030886,0.009882
325.15,297.5,0.036213,0.015113
325.15,300.65,0.042165,0.021438
325.15,304.68,0.047264,0.02661
325.15,308.18,0.051795,0.031305
325.15,311.68,0.055529,0.035178
325.15,315.53,0.05804,0.03792
325.15,319.03,0.060104,0.039365
325.15,322.7,0.061401,0.040902
325.15,326.2,0.062405,0.041161
325.15,329.7,0.062883,0.041176
325.15,333.38,0.062873,0.040957
325.15,336.88,0.062873,0.041536
325.15,340.38,0.062864,0.041093
325.15,344.05,0.06275,0.041028
325.15,347.55,0.06288,0.041376
325.15,351.23,0.062393,0.041567
325.15,354.73,0.062165,0.041318
325.15,358.4,0.062196,0.041466
325.15,361.55,0.062103,0.041121
325.15,365.4,0.0617,0.040997
325.15,368.9,0.061355,0.040979
325.15,372.4,0.060923,0.04084
325.15,375.9,0.06032,0.039888
325.15,379.58,0.059938,0.039349
325.15,383.25,0.059851,0.039112
325.15,386.75,0.059944,0.038841
325.15,390.25,0.060708,0.039075
325.15,393.93,0.061706,0.040196
325.15,397.43,0.062562,0.040976
325.15,400.93,0.063376,0.041955
325.15,404.6,0.064056,0.042103
325.15,407.93,0.064703,0.043021
325.15,411.6,0.065243,0.043644
325.15,415.1,0.065853,0.044361
325.15,418.78,0.066194,0.044944
325.15,422.28,0.06662,0.045323
325.15,425.78,0.066891,0.045819
325.15,429.28,0.067362,0.046389
325.15,432.78,0.067692,0.046463
325.15,435.93,0.067707,0.046764
325.15,439.95,0.06759,0.047211
325.15,443.45,0.067122,0.046613
325.15,446.95,0.066447,0.045788
325.15,450.63,0.065452,0.045187
325.15,454.13,0.06475,0.044318
325.15,457.63,0.06397,0.04324
325.15,461.13,0.063607,0.042528
325.15,464.8,0.063182,0.042251
325.15,468.3,0.062741,0.042082
325.15,471.8,0.062587,0.041456
325.15,475.48,0.062501,0.040671
325.15,478.98,0.062036,0.040492
325.15,482.48,0.061299,0.039938
325.15,485.98,0.060665,0.038927
325.15,489.65,0.060067,0.038604
325.15,493.15,0.059315,0.037914
325.15,496.65,0.058342,0.037667
325.15,500.33,0.057288,0.036687
325.15,503.83,0.056647,0.035606
325.15,507.33,0.055788,0.035258
325.15,511.0,0.055203,0.034654
325.15,514.5,0.055021,0.034516
325.15,518.0,0.055095,0.035304
325.15,521.5,0.055541,0.035218
325.15,525.18,0.055951,0.035677
325.15,528.68,0.056598,0.036272
325.15,532.18,0.056937,0.036401
325.15,535.68,0.057652,0.037029
325.15,539.18,0.058514,0.037719
325.15,542.85,0.05942,0.038477
325.15,546.35,0.060357,0.039057
325.15,549.85,0.061124,0.039907
325.15,553.53,0.061687,0.040012
325.15,556.85,0.062528,0.04101
325.15,560.53,0.063369,0.04186
325.15,564.03,0.064417,0.042547
325.15,567.53,0.065615,0.043995
325.15,571.2,0.067011,0.045132
325.15,574.7,0.067972,0.046737
325.15,578.2,0.069263,0.047769
325.15,581.88,0.070082,0.049127
325.15,585.38,0.071382,0.050859
325.15,589.05,0.072707,0.05235
325.15,592.55,0.074075,0.053394
325.15,596.05,0.075618,0.054614
325.15,599.55,0.077575,0.05686
325.15,603.22,0.079771,0.058308
325.15,606.9,0.081906,0.060609
325.15,610.4,0.0841,0.06223
325.15,613.9,0.08698,0.064799
325.15,617.57,0.090283,0.067319
325.15,621.25,0.093671,0.071253
325.15,624.75,0.097066,0.075175
325.15,628.42,0.10121,0.079626
325.15,631.92,0.105326,0.083637
325.15,635.42,0.109291,0.087667
325.15,639.27,0.113665,0.092803
325.15,642.77,0.118185,0.096558
325.15,646.45,0.122217,0.100156
325.15,649.95,0.126881,0.103835
325.15,653.45,0.131271,0.108936
325.15,657.12,0.135575,0.112445
325.15,660.62,0.140313,0.116891
325.15,664.3,0.145335,0.121188
325.15,667.97,0.149666,0.126444
325.15,671.47,0.154183,0.131164
325.15,674.97,0.158637,0.135378
325.15,678.47,0.162605,0.139583
325.15,682.15,0.166761,0.144599
325.15,685.65,0.170815,0.147935
361.2,12.08,0.214577,0.179087
361.2,15.58,0.239638,0.214226
361.2,19.25,0.25893,0.233437
361.2,22.75,0.273542,0.247577
361.2,26.25,0.28474,0.257654
361.2,30.28,0.291284,0.266308
361.2,33.78,0.294839,0.269863
361.2,37.28,0.296314,0.271348
361.2,41.13,0.296086,0.268871
361.2,44.8,0.294866,0.268841
361.2,48.48,0.292935,0.267137
361.2,51.98,0.290267,0.264608
361.2,55.48,0.28685,0.261998
361.2,59.15,0.282719,0.257285
361.2,62.65,0.277784,0.252778
361.2,66.15,0.272716,0.247633
361.2,69.83,0.266853,0.24247
361.2,73.33,0.261213,0.237177
361.2,76.83,0.255221,0.231194
361.2,80.33,0.249213,0.225689
361.2,84.0,0.243409,0.219833
361.2,87.5,0.237023,0.213456
361.2,91.0,0.230707,0.207621
361.2,94.68,0.223998,0.200452
361.2,98.18,0.217719,0.194263
361.2,101.68,0.211422,0.188203
361.2,105.18,0.205868,0.182454
361.2,108.85,0.200322,0.177208
361.2,112.18,0.196028,0.17259
361.2,115.85,0.191724,0.168151
361.2,119.35,0.18864,0.165202
361.2,123.03,0.186854,0.162781
361.2,126.53,0.185908,0.16243
361.2,130.03,0.186305,0.162279
361.2,133.53,0.187115,0.163225
361.2,137.03,0.188896,0.165125
361.2,140.53,0.191737,0.167812
361.2,144.38,0.195698,0.172864
361.2,147.88,0.200165,0.176533
361.2,151.55,0.205849,0.182975
361.2,155.05,0.211391,0.188009
361.2,158.55,0.218018,0.193773
361.2,162.23,0.223591,0.200538
361.2,165.73,0.229065,0.205255
361.2,169.23,0.234488,0.210273
361.2,173.08,0.239315,0.211798
361.2,176.75,0.243366,0.218647
361.2,180.25,0.247115,0.222199
361.2,183.75,0.249666,0.225239
361.2,187.95,0.252125,0.228231
361.2,191.45,0.253418,0.22929
361.2,194.95,0.254312,0.229638
361.2,198.45,0.255051,0.230606
361.2,202.65,0.255255,0.230098
361.2,206.15,0.255107,0.231074
361.2,209.65,0.254577,0.230821
361.2,213.33,0.253933,0.230045
361.2,217.0,0.252836,0.226699
361.2,220.5,0.251693,0.227818
361.2,224.18,0.250378,0.225205
361.2,227.68,0.24897,0.224407
361.2,231.88,0.247011,0.223231
361.2,235.38,0.245042,0.221093
361.2,238.88,0.242485,0.218927
361.2,242.38,0.2397,0.216154
361.2,246.05,0.236838,0.212402
361.2,249.55,0.234167,0.211053
361.2,253.05,0.230476,0.20641
361.2,256.55,0.226573,0.20307
361.2,260.23,0.222531,0.195828
361.2,263.73,0.218508,0.19604
361.2,267.4,0.213742,0.189284
361.2,270.9,0.209337,0.185128
361.2,274.4,0.204879,0.1812
361.2,277.9,0.200923,0.176952
361.2,281.58,0.197337,0.173258
361.2,285.08,0.19356,0.170101
361.2,288.75,0.190181,0.166946
361.2,292.08,0.187574,0.164232
361.2,295.75,0.185569,0.162417
361.2,299.25,0.18474,0.162405
361.2,302.93,0.184041,0.161644
361.2,306.43,0.184235,0.161672
361.2,309.93,0.184845,0.162094
361.2,313.43,0.186102,0.163366
361.2,316.93,0.188372,0.165606
361.2,320.6,0.191428,0.168277
361.2,324.1,0.195205,0.171225
361.2,327.78,0.199216,0.174971
361.2,331.8,0.204759,0.179753
361.2,335.48,0.210584,0.187707
361.2,338.98,0.215708,0.192476
361.2,342.65,0.221086,0.197679
361.2,346.15,0.225276,0.201706
361.2,349.65,0.229642,0.20584
361.2,353.15,0.233542,0.209666
361.2,356.65,0.236478,0.212648
361.2,360.15,0.238995,0.215298
361.2,363.65,0.240945,0.216924
361.2,367.15,0.242189,0.218409
361.2,370.83,0.243095,0.218215
361.2,374.33,0.243394,0.218234
361.2,377.83,0.243003,0.21816
361.2,381.5,0.242581,0.217716
361.2,385.0,0.241872,0.217177
361.2,388.5,0.241083,0.216438
361.2,392.18,0.240181,0.215021
361.2,395.68,0.238908,0.214192
361.2,399.18,0.237433,0.213055
361.2,402.68,0.236376,0.211946
361.2,406.18,0.235045,0.21047
361.2,409.85,0.233348,0.209555
361.2,413.35,0.231755,0.208089
361.2,417.03,0.23007,0.206743
361.2,420.53,0.228058,0.20494
361.2,424.03,0.226062,0.202679
361.2,427.7,0.223825,0.2006
361.2,431.2,0.22178,0.198003
361.2,434.7,0.218874,0.195101
361.2,438.38,0.215319,0.190664
361.2,442.05,0.211509,0.186915
361.2,445.55,0.207457,0.183369
361.2,449.05,0.202427,0.178927
361.2,452.55,0.197476,0.173148
361.2,456.23,0.191946,0.16828
361.2,459.73,0.186361,0.162901
361.2,463.23,0.180883,0.157827
361.2,466.9,0.175239,0.152152
361.2,470.4,0.169919,0.147137
361.2,473.9,0.16466,0.142045
361.2,477.4,0.15982,0.137396
361.2,481.08,0.155855,0.133662
361.2,484.4,0.152451,0.130107
361.2,487.9,0.149904,0.127618
361.2,491.58,0.148111,0.126774
361.2,495.08,0.147294,0.125427
361.2,498.75,0.147079,0.124974
361.2,502.43,0.147633,0.125286
361.2,505.93,0.148893,0.12564
361.2,509.6,0.150446,0.127023
361.2,513.1,0.15259,0.12828
361.2,516.78,0.154377,0.131124
361.2,520.28,0.156869,0.13349
361.2,523.78,0.159013,0.135892
361.2,527.28,0.160966,0.137756
361.2,530.78,0.163225,0.140138
361.2,534.45,0.165532,0.142578
361.2,537.95,0.16743,0.144374
361.2,541.45,0.169331,0.146324
361.2,544.95,0.171182,0.14852
361.2,548.63,0.172756,0.150156
361.2,552.13,0.174555,0.152128
361.2,555.63,0.175939,0.153283
361.2,559.13,0.17706,0.154623
361.2,562.8,0.177846,0.15531
361.2,566.3,0.178607,0.155711
361.2,569.8,0.178979,0.156336
361.2,573.48,0.179475,0.156241
361.2,576.98,0.179771,0.156774
361.2,580.48,0.179392,0.156629
361.2,583.98,0.179377,0.15605
361.2,587.48,0.179035,0.155871
361.2,590.97,0.178576,0.155101
361.2,594.47,0.177833,0.154173
361.2,598.15,0.176995,0.153489
361.2,601.82,0.176296,0.152568
361.2,605.5,0.175745,0.152713
361.2,609.0,0.174993,0.152282
361.2,612.5,0.17482,0.152131
361.2,616.0,0.174432,0.151502
361.2,619.67,0.173989,0.151835
361.2,623.17,0.17364,0.15113
361.2,626.67,0.173674,0.151148
361.2,630.17,0.1732,0.150775
361.2,633.85,0.173271,0.150815
361.2,637.35,0.173228,0.15092
361.2,640.85,0.1736,0.151028
361.2,644.35,0.174041,0.151475
361.2,647.85,0.174485,0.15161
361.2,651.35,0.175205,0.152211
361.2,655.02,0.175818,0.152802
361.2,658.52,0.176857,0.153391
361.2,662.02,0.177833,0.154112
361.2,665.87,0.178643,0.15397
361.2,669.37,0.17938,0.155849
361.2,673.05,0.180162,0.156638
361.2,676.55,0.180923,0.157676
361.2,680.05,0.181875,0.158939
361.2,683.55,0.182799,0.160242
361.2,687.05,0.183834,0.161059
397.25,12.6,0.174543,0.139888
397.25,16.1,0.154022,0.132199
397.25,19.6,0.134663,0.113551
397.25,23.27,0.1173,0.096706
397.25,26.77,0.101968,0.081358
397.25,30.45,0.088785,0.06836
397.25,33.95,0.078046,0.057562
397.25,37.45,0.069035,0.048302
397.25,40.77,0.061974,0.041367
397.25,44.62,0.056487,0.035563
397.25,48.3,0.052029,0.030563
397.25,51.8,0.048188,0.027378
397.25,55.3,0.044848,0.023425
397.25,58.62,0.042288,0.021019
397.25,62.47,0.04003,0.019081
397.25,66.15,0.038083,0.017328
397.25,69.65,0.03645,0.016228
397.25,73.32,0.035187,0.015954
397.25,76.82,0.034254,0.01418
397.25,80.32,0.033641,0.013853
397.25,84.0,0.032864,0.012932
397.25,87.5,0.032504,0.01263
397.25,91.0,0.032174,0.012245
397.25,94.5,0.0317,0.01182
397.25,98.17,0.031456,0.011173
397.25,101.67,0.031345,0.010763
397.25,105.17,0.031278,0.010699
397.25,108.85,0.030973,0.009368
397.25,112.35,0.030489,0.010042
397.25,115.85,0.030677,0.009959
397.25,119.7,0.030625,0.010381
397.25,123.37,0.031022,0.010859
397.25,126.87,0.031364,0.011838
397.25,130.55,0.032522,0.012726
397.25,134.57,0.03454,0.011
397.25,138.07,0.03694,0.0165
397.25,141.57,0.040076,0.01861
397.25,145.07,0.04377,0.022864
397.25,148.57,0.047907,0.026734
397.25,152.07,0.052664,0.031305
397.25,155.75,0.056949,0.035369
397.25,159.25,0.061398,0.039975
397.25,162.75,0.065449,0.044167
397.25,166.42,0.068964,0.047812
397.25,169.92,0.072756,0.051999
397.25,173.42,0.076392,0.05536
397.25,177.1,0.08023,0.059226
397.25,180.6,0.083459,0.062501
397.25,184.1,0.086752,0.065816
397.25,187.6,0.089608,0.06865
397.25,191.28,0.091863,0.070994
397.25,194.78,0.094106,0.072294
397.25,198.28,0.095298,0.073955
397.25,201.95,0.096653,0.074867
397.25,205.45,0.097556,0.07604
397.25,208.95,0.098228,0.075082
397.25,212.63,0.098604,0.07662
397.25,216.13,0.098727,0.076629
397.25,219.8,0.098336,0.076105
397.25,223.65,0.097226,0.077833
397.25,227.15,0.095809,0.074981
397.25,230.65,0.094146,0.073089
397.25,234.33,0.09113,0.070193
397.25,238.18,0.087002,0.062621
397.25,241.68,0.082984,0.062008
397.25,245.18,0.078511,0.056801
397.25,248.68,0.073292,0.051586
397.25,252.18,0.067963,0.046321
397.25,255.85,0.062371,0.041228
397.25,259.35,0.056952,0.0358
397.25,262.85,0.051869,0.031148
397.25,266.53,0.046918,0.026469
397.25,270.03,0.043613,0.023046
397.25,273.53,0.040893,0.02093
397.25,277.2,0.039586,0.019565
397.25,280.7,0.039577,0.019516
397.25,284.2,0.0408,0.020717
397.25,287.88,0.043274,0.023496
397.25,291.38,0.04621,0.025877
397.25,294.88,0.050227,0.029651
397.25,298.9,0.055169,0.031284
397.25,302.58,0.059731,0.037932
397.25,306.08,0.064586,0.043234
397.25,309.75,0.06942,0.048989
397.25,313.6,0.074294,0.05385
397.25,317.28,0.078265,0.056848
397.25,320.78,0.081398,0.059762
397.25,324.28,0.083705,0.061533
397.25,328.13,0.086068,0.063286
397.25,331.63,0.088108,0.06625
397.25,335.13,0.090246,0.068644
397.25,338.8,0.092171,0.070668
397.25,343.18,0.093955,0.070058
397.25,346.68,0.09527,0.073225
397.25,350.18,0.096117,0.074127
397.25,353.85,0.096743,0.075129
397.25,357.53,0.096715,0.076931
397.25,361.03,0.096703,0.074666
397.25,364.53,0.096312,0.075652
397.25,368.03,0.095806,0.074842
397.25,371.7,0.095246,0.07434
397.25,375.2,0.094426,0.073647
397.25,378.7,0.093332,0.072313
397.25,382.38,0.091971,0.071158
397.25,385.88,0.091013,0.069833
397.25,389.38,0.09015,0.068884
397.25,393.05,0.08918,0.067032
397.25,396.55,0.088317,0.066974
397.25,400.05,0.087544,0.065671
397.25,403.55,0.086731,0.064546
397.25,407.05,0.085843,0.064004
397.25,410.73,0.084626,0.062679
397.25,414.23,0.083382,0.061256
397.25,418.08,0.082168,0.061315
397.25,421.58,0.08076,0.060076
397.25,425.25,0.079371,0.05885
397.25,428.58,0.078302,0.057701
397.25,432.25,0.0773,0.056712
397.25,435.93,0.076663,0.055708
397.25,439.43,0.076044,0.054688
397.25,442.93,0.075621,0.05417
397.25,446.25,0.075341,0.053736
397.25,450.1,0.074827,0.053391
397.25,453.6,0.074155,0.052344
397.25,457.1,0.072756,0.051305
397.25,460.6,0.071595,0.05019
397.25,464.28,0.070095,0.048348
397.25,467.78,0.068942,0.046968
397.25,471.28,0.067418,0.04604
397.25,474.95,0.066349,0.045172
397.25,478.45,0.065458,0.044238
397.25,482.13,0.065052,0.044294
397.25,485.63,0.064488,0.044044
397.25,489.13,0.063634,0.043296
397.25,492.8,0.06255,0.042618
397.25,496.3,0.061506,0.041493
397.25,499.8,0.060523,0.040101
397.25,503.65,0.059383,0.036697
397.25,507.33,0.058129,0.036065
397.25,510.83,0.056915,0.035252
397.25,514.33,0.056333,0.035187
397.25,518.0,0.055529,0.034281
397.25,521.5,0.055082,0.034371
397.25,525.0,0.054845,0.0334
397.25,528.68,0.054537,0.03413
397.25,532.18,0.054211,0.034392
397.25,535.85,0.053936,0.034451
397.25,539.35,0.053191,0.032957
397.25,543.03,0.05215,0.031931
397.25,546.53,0.051074,0.030658
397.25,550.03,0.049574,0.029229
397.25,553.53,0.048514,0.027806
397.25,557.2,0.047649,0.026296
397.25,560.88,0.046857,0.02487
397.25,564.38,0.046124,0.025329
397.25,567.88,0.04556,0.024149
397.25,571.38,0.044691,0.023724
397.25,574.88,0.044365,0.02344
397.25,578.38,0.04406,0.022713
397.25,582.05,0.04365,0.022479
397.25,585.55,0.043336,0.022165
397.25,589.05,0.042867,0.022085
397.25,592.72,0.042889,0.022322
397.25,596.22,0.042726,0.022029
397.25,599.72,0.042143,0.021946
397.25,603.22,0.041432,0.021515
397.25,606.72,0.040677,0.020471
397.25,610.22,0.03954,0.019571
397.25,613.9,0.038514,0.018385
397.25,617.4,0.037766,0.01771
397.25,621.07,0.036934,0.01714
397.25,624.92,0.036561,0.013194
397.25,628.6,0.036595,0.015286
397.25,632.1,0.036595,0.015548
397.25,635.77,0.036198,0.015461
397.25,639.45,0.036185,0.017991
397.25,643.12,0.03621,0.01613
397.25,646.62,0.036232,0.016533
397.25,649.95,0.036053,0.016259
397.25,653.45,0.035782,0.015859
397.25,657.12,0.035474,0.015403
397.25,660.62,0.035495,0.015569
397.25,664.12,0.035178,0.014657
397.25,667.8,0.035122,0.014158
397.25,671.3,0.035384,0.014349
397.25,674.97,0.035363,0.014885
397.25,678.47,0.035751,0.01515
397.25,681.97,0.036179,0.015147
397.25,685.3,0.0369,0.015554
433.48,12.25,0.018785,-0.005845
433.48,15.75,0.014759,-0.004794
433.48,19.42,0.010113,-0.010361
433.48,22.92,0.006118,-0.014523
433.48,26.42,0.002439,-0.017453
433.48,30.27,-0.001048,-0.022025
433.48,33.77,-0.003999,-0.024274
433.48,37.27,-0.006735,-0.026895
433.48,40.95,-0.008762,-0.028624
433.48,44.45,-0.010725,-0.030068
433.48,48.12,-0.012089,-0.030219
433.48,51.62,-0.012863,-0.032028
433.48,55.3,-0.013494,-0.032268
433.48,58.8,-0.013682,-0.032989
433.48,62.3,-0.013359,-0.032419
433.48,65.8,-0.012545,-0.031821
433.48,69.47,-0.011855,-0.031248
433.48,72.97,-0.010709,-0.030226
433.48,76.47,-0.009397,-0.029024
433.48,80.15,-0.007598,-0.02814
433.48,83.65,-0.00619,-0.026316
433.48,87.15,-0.004187,-0.024594
433.48,90.65,-0.002342,-0.022924
433.48,94.5,-0.000324,-0.020038
433.48,98.0,0.00178,-0.017496
433.48,101.5,0.003918,-0.016067
433.48,105.17,0.006253,-0.013362
433.48,109.2,0.009737,-0.011267
433.48,112.7,0.013702,-0.007638
433.48,116.2,0.018955,-0.001982
433.48,119.87,0.026432,0.00511
433.48,123.2,0.036413,0.014947
433.48,127.05,0.046395,0.025119
433.48,130.55,0.055021,0.033841
433.48,134.05,0.060381,0.039568
433.48,137.72,0.063101,0.043203
433.48,141.22,0.063613,0.04336
433.48,144.9,0.062208,0.041835
433.48,148.4,0.060169,0.039697
433.48,151.9,0.0578,0.037593
433.48,155.4,0.056161,0.035945
433.48,159.07,0.054691,0.034097
433.48,162.57,0.053795,0.033219
433.48,166.07,0.053299,0.032753
433.48,169.57,0.052935,0.032285
433.48,173.07,0.05291,0.031875
433.48,176.57,0.052901,0.031952
433.48,180.25,0.053702,0.032242
433.48,183.75,0.054241,0.032935
433.48,187.25,0.055012,0.03352
433.48,190.92,0.055532,0.033748
433.48,194.42,0.055751,0.034537
433.48,198.27,0.056167,0.035997
433.48,201.77,0.056198,0.035591
433.48,205.27,0.056124,0.035686
433.48,208.77,0.056207,0.035606
433.48,213.15,0.056268,0.03235
433.48,216.65,0.055452,0.034325
433.48,220.15,0.054765,0.033785
433.48,223.65,0.053514,0.032753
433.48,227.15,0.052288,0.032347
433.48,230.82,0.050785,0.030831
433.48,234.5,0.04913,0.029137
433.48,238.0,0.047325,0.027362
433.48,241.5,0.045153,0.025156
433.48,245.17,0.043271,0.022981
433.48,248.67,0.04117,0.020427
433.48,252.35,0.040575,0.019821
433.48,255.85,0.042658,0.021478
433.48,259.35,0.045085,0.024158
433.48,263.02,0.047063,0.025313
433.48,266.52,0.046845,0.025853
433.48,270.03,0.044374,0.02324
433.48,273.53,0.040375,0.019346
433.48,277.03,0.035609,0.014947
433.48,280.7,0.03154,0.010625
433.48,284.2,0.028893,0.008462
433.48,288.05,0.028305,0.010005
433.48,291.55,0.029864,0.010236
433.48,295.23,0.032507,0.012418
433.48,298.73,0.036764,0.016284
433.48,302.4,0.041638,0.020769
433.48,305.9,0.046456,0.025581
433.48,309.4,0.051882,0.030292
433.48,312.9,0.056644,0.035159
433.48,316.4,0.060769,0.039429
433.48,320.08,0.064685,0.042605
433.48,323.58,0.067473,0.045588
433.48,327.25,0.069078,0.047433
433.48,330.75,0.070116,0.048776
433.48,334.25,0.070551,0.049118
433.48,337.75,0.070945,0.049602
433.48,341.43,0.070976,0.050008
433.48,344.93,0.071034,0.050008
433.48,348.25,0.07096,0.050495
433.48,352.1,0.070575,0.050184
433.48,355.6,0.069291,0.048939
433.48,359.28,0.068493,0.047883
433.48,362.78,0.067125,0.046478
433.48,366.28,0.065628,0.044784
433.48,369.95,0.064189,0.042951
433.48,373.45,0.06267,0.041709
433.48,376.95,0.061444,0.040532
433.48,380.45,0.060304,0.039026
433.48,384.13,0.059056,0.037636
433.48,387.63,0.057741,0.036108
433.48,391.13,0.056349,0.034885
433.48,394.63,0.054642,0.033388
433.48,398.48,0.053055,0.032532
433.48,401.98,0.051808,0.031305
433.48,405.48,0.050816,0.030757
433.48,408.98,0.05028,0.029901
433.48,412.65,0.04987,0.029691
433.48,416.15,0.049608,0.029389
433.48,419.65,0.049568,0.029374
433.48,423.33,0.04999,0.02975
433.48,426.83,0.049494,0.029121
433.48,430.33,0.04917,0.02844
433.48,433.83,0.04885,0.028188
433.48,437.5,0.048419,0.027322
433.48,441.0,0.047904,0.027242
433.48,444.5,0.047957,0.026675
433.48,448.18,0.048074,0.026678
433.48,451.68,0.048101,0.026549
433.48,454.83,0.048459,0.027276
433.48,458.68,0.049155,0.027892
433.48,462.35,0.050162,0.028872
433.48,465.85,0.051432,0.030175
433.48,469.18,0.053024,0.031681
433.48,472.85,0.054451,0.03357
433.48,476.35,0.055646,0.034694
433.48,479.85,0.056219,0.035809
433.48,483.53,0.056044,0.035973
433.48,487.2,0.055837,0.035298
433.48,490.7,0.05467,0.034787
433.48,494.2,0.053243,0.033305
433.48,497.7,0.051509,0.031324
433.48,501.38,0.049556,0.029358
433.48,504.88,0.047109,0.026959
433.48,508.38,0.044297,0.023742
433.48,511.88,0.041586,0.021281
433.48,515.2,0.038289,0.017581
433.48,519.05,0.034913,0.014057
433.48,522.55,0.031678,0.010806
433.48,526.23,0.028484,0.007399
433.48,529.55,0.025193,0.004408
433.48,533.23,0.022322,0.001617
433.48,536.9,0.019235,-0.001211
433.48,540.4,0.017014,-0.003531
433.48,543.9,0.014506,-0.00578
433.48,547.4,0.012649,-0.007585
433.48,550.9,0.011047,-0.008944
433.48,554.58,0.009697,-0.009653
433.48,558.08,0.008363,-0.011421
433.48,561.58,0.007085,-0.012755
433.48,565.08,0.005609,-0.013544
433.48,568.58,0.004516,-0.014705
433.48,572.07,0.002948,-0.016193
433.48,575.57,0.001746,-0.017533
433.48,579.07,0.000911,-0.018331
433.48,582.75,0.000286,-0.018808
433.48,586.42,-0.00026,-0.019763
433.48,589.92,-0.000876,-0.021526
433.48,593.6,-0.001667,-0.021279
433.48,597.1,-0.002302,-0.022937
433.48,600.6,-0.003001,-0.023202
433.48,604.1,-0.003645,-0.023849
433.48,607.6,-0.004369,-0.024505
433.48,611.1,-0.004844,-0.025115
433.48,614.77,-0.005432,-0.025851
433.48,618.27,-0.005968,-0.02623
433.48,621.77,-0.006181,-0.026325
433.48,625.45,-0.00668,-0.026332
433.48,628.95,-0.007274,-0.026858
433.48,632.45,-0.00733,-0.027305
433.48,636.12,-0.007555,-0.026285
433.48,639.62,-0.008226,-0.027592
433.48,643.12,-0.008488,-0.027974
433.48,646.62,-0.009187,-0.028177
433.48,650.3,-0.009757,-0.028673
433.48,653.8,-0.009847,-0.029027
433.48,657.3,-0.010084,-0.029178
433.48,660.97,-0.009822,-0.029643
433.48,664.47,-0.009572,-0.02977
433.48,668.15,-0.009375,-0.029326
433.48,671.65,-0.008947,-0.028978
433.48,675.15,-0.009009,-0.028882
433.48,678.65,-0.008685,-0.029036
433.48,682.32,-0.008574,-0.029295
433.48,685.82,-0.008128,-0.028217
469.53,12.25,-0.04863,-0.070435
469.53,15.75,-0.059689,-0.078624
469.53,19.6,-0.071698,-0.091436
469.53,23.1,-0.083165,-0.101849
469.53,26.6,-0.093352,-0.111698
469.53,30.1,-0.102323,-0.120262
469.53,33.77,-0.11009,-0.127946
469.53,37.27,-0.116375,-0.13419
469.53,40.77,-0.121701,-0.138805
469.53,44.27,-0.125333,-0.142936
469.53,47.95,-0.128818,-0.145124
469.53,51.45,-0.131464,-0.147973
469.53,55.12,-0.133488,-0.150185
469.53,58.62,-0.134452,-0.15127
469.53,62.12,-0.134825,-0.15208
469.53,65.8,-0.133842,-0.150906
469.53,69.12,-0.132099,-0.148935
469.53,72.8,-0.129233,-0.147253
469.53,76.12,-0.12549,-0.14379
469.53,79.97,-0.121301,-0.139283
469.53,83.47,-0.115839,-0.134009
469.53,86.97,-0.109905,-0.128072
469.53,90.65,-0.103106,-0.122046
469.53,94.15,-0.09614,-0.11521
469.53,97.65,-0.088815,-0.107903
469.53,101.15,-0.081797,-0.100703
469.53,104.65,-0.073041,-0.09229
469.53,108.15,-0.062308,-0.081772
469.53,111.82,-0.049751,-0.069418
469.53,115.32,-0.037425,-0.057151
469.53,119.0,-0.025589,-0.043744
469.53,122.5,-0.015799,-0.035586
469.53,126.17,-0.007009,-0.026218
469.53,129.67,0.001081,-0.018516
469.53,133.17,0.008179,-0.011621
469.53,136.85,0.014663,-0.005654
469.53,140.35,0.019731,-0.001088
469.53,143.85,0.024195,0.003773
469.53,147.52,0.02788,0.006527
469.53,151.02,0.030751,0.009451
469.53,154.7,0.032661,0.01162
469.53,158.2,0.034266,0.013259
469.53,161.7,0.035415,0.014697
469.53,165.02,0.0358,0.015058
469.53,168.87,0.035791,0.01532
469.53,172.37,0.0356,0.01552
469.53,175.87,0.03511,0.01474
469.53,179.55,0.034115,0.013798
469.53,183.05,0.032683,0.01324
469.53,186.55,0.031382,0.011709
469.53,190.05,0.029744,0.010049
469.53,193.55,0.028268,0.00849
469.53,197.22,0.026216,0.006604
469.53,200.72,0.024654,0.005082
469.53,204.22,0.022994,0.00333
469.53,207.72,0.02125,0.001441
469.53,211.22,0.019793,-0.000198
469.53,214.9,0.01853,-0.001439
469.53,218.4,0.017834,-0.002287
469.53,221.9,0.016573,-0.003772
469.53,225.05,0.015344,-0.005937
469.53,229.07,0.013576,-0.007117
469.53,232.57,0.011275,-0.009381
469.53,236.25,0.008487,-0.012022
469.53,239.75,0.005369,-0.014323
469.53,243.42,0.000871,-0.01911
469.53,246.92,-0.004422,-0.02383
469.53,250.42,-0.010189,-0.029474
469.53,254.1,-0.015725,-0.034649
469.53,257.6,-0.019844,-0.038636
469.53,261.1,-0.023531,-0.04221
469.53,264.6,-0.028349,-0.046837
469.53,268.1,-0.033929,-0.052397
469.53,271.78,-0.039862,-0.058368
469.53,275.28,-0.045099,-0.063664
469.53,278.78,-0.048374,-0.066787
469.53,282.45,-0.049372,-0.067884
469.53,285.95,-0.047958,-0.068137
469.53,289.63,-0.044421,-0.064366
469.53,293.13,-0.03895,-0.058876
469.53,296.63,-0.033112,-0.053109
469.53,300.13,-0.0268,-0.04688
469.53,303.8,-0.020463,-0.040722
469.53,307.3,-0.014696,-0.034927
469.53,310.8,-0.009227,-0.029403
469.53,313.78,-0.005062,-0.024837
469.53,317.8,-0.001895,-0.022126
469.53,321.48,-0.000235,-0.019893
469.53,324.98,0.000283,-0.019526
469.53,328.65,-0.000543,-0.019351
469.53,332.15,-0.00241,-0.021532
469.53,335.65,-0.004711,-0.02387
469.53,339.15,-0.007558,-0.026479
469.53,342.83,-0.010509,-0.029437
469.53,346.15,-0.014224,-0.033257
469.53,349.83,-0.018195,-0.037419
469.53,353.33,-0.02232,-0.041476
469.53,357.0,-0.026159,-0.046113
469.53,360.5,-0.029184,-0.048636
469.53,364.18,-0.031744,-0.051803
469.53,367.5,-0.033676,-0.053202
469.53,371.18,-0.035534,-0.055423
469.53,374.85,-0.037108,-0.056941
469.53,378.35,-0.038685,-0.058356
469.53,381.85,-0.040182,-0.059576
469.53,385.35,-0.042043,-0.06143
469.53,388.85,-0.043892,-0.062961
469.53,392.53,-0.04546,-0.063479
469.53,396.2,-0.046948,-0.065152
469.53,399.7,-0.048599,-0.066834
469.53,403.2,-0.049942,-0.068491
469.53,406.7,-0.051165,-0.069551
469.53,410.38,-0.051476,-0.07001
469.53,413.88,-0.051834,-0.070558
469.53,417.55,-0.051861,-0.071689
469.53,421.05,-0.052231,-0.072077
469.53,424.55,-0.052718,-0.071812
469.53,428.23,-0.053439,-0.073208
469.53,431.9,-0.053731,-0.073195
469.53,435.58,-0.05416,-0.071144
469.53,439.25,-0.053426,-0.071359
469.53,442.93,-0.051797,-0.070256
469.53,446.25,-0.049517,-0.06826
469.53,449.75,-0.046455,-0.065638
469.53,453.6,-0.043245,-0.062847
469.53,457.1,-0.039535,-0.059024
469.53,460.6,-0.035913,-0.055842
469.53,464.28,-0.03293,-0.052681
469.53,467.78,-0.029696,-0.049998
469.53,471.28,-0.026741,-0.046723
469.53,474.95,-0.023802,-0.043855
469.53,478.45,-0.021273,-0.041159
469.53,481.95,-0.019579,-0.039526
469.53,485.45,-0.018704,-0.038547
469.53,488.95,-0.018639,-0.038531
469.53,492.63,-0.020176,-0.039717
469.53,495.95,-0.022616,-0.041667
469.53,499.63,-0.026732,-0.045777
469.53,503.13,-0.031954,-0.05058
469.53,506.8,-0.037897,-0.05635
469.53,510.3,-0.044779,-0.063343
469.53,513.8,-0.052028,-0.070195
469.53,517.3,-0.059619,-0.077588
469.53,520.8,-0.067481,-0.085469
469.53,524.48,-0.074847,-0.09265
469.53,527.98,-0.082428,-0.100247
469.53,531.48,-0.089301,-0.106698
469.53,535.15,-0.096294,-0.114178
469.53,538.65,-0.102351,-0.120062
469.53,542.15,-0.107829,-0.126137
469.53,545.65,-0.112579,-0.1305
469.53,549.33,-0.116713,-0.134606
469.53,552.83,-0.120139,-0.138482
469.53,556.33,-0.122816,-0.140915
469.53,560.0,-0.124446,-0.142139
469.53,563.5,-0.125808,-0.143593
469.53,567.0,-0.12688,-0.14472
469.53,570.5,-0.127477,-0.144668
469.53,574.17,-0.127428,-0.144477
469.53,577.67,-0.127065,-0.143614
469.53,581.35,-0.126291,-0.143334
469.53,584.85,-0.125244,-0.142216
469.53,588.35,-0.124067,-0.141017
469.53,591.85,-0.123238,-0.140429
469.53,595.52,-0.121861,-0.13935
469.53,599.2,-0.120293,-0.138303
469.53,602.7,-0.118744,-0.137872
469.53,606.37,-0.117249,-0.135244
469.53,609.87,-0.115315,-0.13346
469.53,613.37,-0.113399,-0.131633
469.53,617.05,-0.111449,-0.12993
469.53,620.55,-0.10989,-0.128124
469.53,624.05,-0.107943,-0.125842
469.53,627.72,-0.106217,-0.124357
469.53,631.05,-0.104551,-0.122456
469.53,634.72,-0.103032,-0.120765
469.53,638.22,-0.101495,-0.119412
469.53,641.72,-0.100007,-0.117253
469.53,645.4,-0.098543,-0.115835
469.53,649.07,-0.097293,-0.115549
469.53,652.75,-0.095743,-0.11428
469.53,656.42,-0.094218,-0.113457
469.53,659.92,-0.092782,-0.111664
469.53,663.42,-0.091353,-0.110583
469.53,667.1,-0.090238,-0.109193
469.53,670.6,-0.088975,-0.107447
469.53,674.1,-0.087502,-0.106307
469.53,678.65,-0.085604,-0.105007
469.53,682.15,-0.084295,-0.102927
469.53,685.65,-0.082283,-0.100811
505.75,11.72,-0.14903,-0.166793
505.75,15.22,-0.143149,-0.16058
505.75,18.72,-0.133577,-0.152342
505.75,22.4,-0.122,-0.140478
505.75,25.9,-0.10915,-0.127936
505.75,29.4,-0.096803,-0.115521
505.75,33.07,-0.085845,-0.105034
505.75,36.57,-0.077644,-0.096787
505.75,40.07,-0.071415,-0.089865
505.75,43.75,-0.067628,-0.085694
505.75,47.25,-0.065675,-0.084132
505.75,50.75,-0.064366,-0.082715
505.75,54.25,-0.062736,-0.081088
505.75,57.57,-0.06261,-0.080604
505.75,61.42,-0.064588,-0.082209
505.75,64.75,-0.068879,-0.08663
505.75,68.42,-0.074597,-0.092286
505.75,72.1,-0.081304,-0.099461
505.75,75.6,-0.087314,-0.105041
505.75,79.27,-0.09224,-0.110817
505.75,82.77,-0.09562,-0.114021
505.75,86.27,-0.097256,-0.115262
505.75,89.95,-0.096877,-0.115734
505.75,93.45,-0.095065,-0.11407
505.75,96.95,-0.092456,-0.110999
505.75,100.62,-0.089172,-0.107859
505.75,101.85,-0.084619,-0.103473
505.75,107.62,-0.07781,-0.096273
505.75,111.3,-0.068596,-0.086975
505.75,114.8,-0.057117,-0.075817
505.75,117.77,-0.044018,-0.06301
505.75,121.8,-0.029554,-0.048833
505.75,125.47,-0.013531,-0.033066
505.75,128.97,0.002211,-0.01786
505.75,132.47,0.018274,-0.001954
505.75,136.15,0.032251,0.011503
505.75,139.65,0.044651,0.023665
505.75,143.15,0.055159,0.033681
505.75,146.82,0.063089,0.041176
505.75,150.32,0.06954,0.047633
505.75,153.82,0.074722,0.052442
505.75,157.32,0.078345,0.056533
505.75,160.82,0.080794,0.058875
505.75,164.67,0.082156,0.06068
505.75,168.17,0.082568,0.061515
505.75,171.85,0.082488,0.061706
505.75,175.35,0.082159,0.061401
505.75,178.67,0.082162,0.061595
505.75,182.35,0.082242,0.061352
505.75,186.02,0.082116,0.06137
505.75,189.7,0.081447,0.060514
505.75,193.2,0.080917,0.059395
505.75,196.7,0.080541,0.059029
505.75,200.37,0.079737,0.058607
505.75,203.87,0.079087,0.057186
505.75,207.37,0.07791,0.055766
505.75,211.05,0.076715,0.054787
505.75,214.55,0.075711,0.05369
505.75,218.05,0.074691,0.053031
505.75,221.72,0.073456,0.052116
505.75,225.22,0.07214,0.050711
505.75,228.72,0.070889,0.049765
505.75,232.22,0.069438,0.048748
505.75,235.9,0.068255,0.047609
505.75,239.4,0.06592,0.045443
505.75,242.9,0.062907,0.042667
505.75,246.57,0.059377,0.03909
505.75,250.07,0.055178,0.034799
505.75,253.57,0.050575,0.030098
505.75,257.25,0.046509,0.026235
505.75,260.75,0.042214,0.022097
505.75,264.25,0.035766,0.015196
505.75,267.75,0.028114,0.007834
505.75,271.25,0.019177,-0.000851
505.75,274.92,0.010597,-0.009844
505.75,278.6,0.003471,-0.017225
505.75,282.1,-0.001942,-0.022259
505.75,285.6,-0.004998,-0.025213
505.75,289.1,-0.006344,-0.02639
505.75,292.6,-0.00562,-0.025743
505.75,296.1,-0.003833,-0.024049
505.75,299.77,-0.001134,-0.021134
505.75,303.27,0.001872,-0.01782
505.75,306.95,0.00503,-0.014277
505.75,310.45,0.007347,-0.012333
505.75,313.95,0.009922,-0.009588
505.75,317.45,0.012137,-0.00724
505.75,321.12,0.013662,-0.005709
505.75,324.62,0.014867,-0.004982
505.75,328.3,0.015705,-0.004874
505.75,331.8,0.016342,-0.003772
505.75,335.3,0.017082,-0.003679
505.75,338.97,0.017824,-0.002878
505.75,342.47,0.018527,-0.00196
505.75,345.97,0.018659,-0.002148
505.75,349.65,0.019285,-0.001612
505.75,353.15,0.019673,-0.000848
505.75,356.65,0.020175,-0.000435
505.75,360.15,0.020585,-0.00026
505.75,363.65,0.020905,0.000578
505.75,367.15,0.021592,0.000985
505.75,370.65,0.022288,0.00202
505.75,374.15,0.023191,0.002738
505.75,377.83,0.02352,0.003246
505.75,381.33,0.023887,0.003847
505.75,384.83,0.024207,0.003967
505.75,388.33,0.024731,0.004796
505.75,391.83,0.025018,0.005163
505.75,395.5,0.025341,0.005535
505.75,399.0,0.025699,0.005997
505.75,402.5,0.025739,0.005973
505.75,406.0,0.026315,0.006367
505.75,409.5,0.0271,0.007535
505.75,413.0,0.028031,0.008209
505.75,416.68,0.02918,0.009248
505.75,420.18,0.030415,0.010277
505.75,423.68,0.031367,0.010785
505.75,427.18,0.031863,0.0119
505.75,430.85,0.032562,0.011558
505.75,434.35,0.03332,0.011962
505.75,438.03,0.034226,0.013277
505.75,441.53,0.035449,0.013918
505.75,445.03,0.036641,0.015394
505.75,448.7,0.038028,0.016678
505.75,452.2,0.038844,0.018092
505.75,455.88,0.039368,0.019281
505.75,459.38,0.039676,0.019183
505.75,463.05,0.039904,0.020566
505.75,466.55,0.040363,0.019935
505.75,470.05,0.040344,0.020609
505.75,473.73,0.040366,0.020129
505.75,477.23,0.039765,0.019802
505.75,480.73,0.038668,0.017932
505.75,484.4,0.036691,0.016013
505.75,487.9,0.033943,0.013339
505.75,491.4,0.030782,0.009882
505.75,495.08,0.026672,0.006278
505.75,498.58,0.021919,0.000896
505.75,502.08,0.017436,-0.00342
505.75,505.75,0.011906,-0.008334
505.75,509.25,0.006561,-0.01286
505.75,512.93,0.002174,-0.017579
505.75,516.43,-0.002062,-0.021538
505.75,519.93,-0.005629,-0.02513
505.75,523.43,-0.007629,-0.026267
505.75,527.1,-0.008984,-0.028051
505.75,530.6,-0.009234,-0.0285
505.75,534.28,-0.008368,-0.027712
505.75,537.78,-0.007012,-0.026495
505.75,541.28,-0.004409,-0.02387
505.75,544.95,-0.000894,-0.021353
505.75,548.45,0.003068,-0.017043
505.75,551.95,0.007341,-0.013051
505.75,555.62,0.012411,-0.009064
505.75,559.12,0.017661,-0.003115
505.75,562.62,0.022418,0.001432
505.75,566.3,0.027821,0.00694
505.75,569.8,0.032642,0.012495
505.75,573.47,0.03776,0.0169
505.75,576.97,0.042818,0.022177
505.75,580.47,0.047291,0.02658
505.75,583.97,0.051946,0.03145
505.75,587.65,0.056512,0.036145
505.75,591.15,0.060754,0.040403
505.75,594.65,0.065082,0.044167
505.75,598.32,0.069155,0.047901
505.75,601.82,0.072347,0.051426
505.75,605.32,0.076059,0.054734
505.75,609.0,0.0795,0.057784
505.75,612.5,0.082374,0.060464
505.75,616.0,0.085455,0.063259
505.75,619.67,0.088548,0.065982
505.75,623.17,0.09113,0.069084
505.75,626.85,0.093758,0.071694
505.75,630.35,0.095643,0.074608
505.75,634.02,0.097633,0.075886
505.75,637.52,0.099537,0.077975
505.75,641.2,0.101207,0.080233
505.75,644.52,0.10251,0.081426
505.75,648.2,0.103758,0.082538
505.75,651.7,0.104706,0.083271
505.75,655.2,0.105554,0.084377
505.75,658.87,0.106444,0.085005
505.75,662.37,0.107516,0.086031
505.75,665.87,0.108323,0.086268
505.75,669.37,0.109457,0.087387
505.75,673.05,0.110856,0.088865
505.75,676.55,0.112331,0.090279
505.75,680.05,0.113816,0.091235
505.75,683.72,0.11551,0.09284
505.75,687.22,0.117199,0.094488
541.98,12.77,0.166259,0.132645
541.98,16.27,0.19547,0.17125
541.98,19.77,0.220979,0.197291
541.98,23.1,0.240828,0.216395
541.98,26.95,0.256431,0.231912
541.98,30.45,0.270344,0.245067
541.98,34.12,0.282833,0.257528
541.98,37.8,0.293594,0.267494
541.98,41.3,0.300744,0.274666
541.98,44.8,0.303945,0.277913
541.98,48.3,0.302821,0.277134
541.98,51.8,0.298539,0.272633
541.98,55.3,0.291739,0.26616
541.98,58.97,0.283637,0.257953
541.98,62.47,0.274663,0.249549
541.98,66.15,0.265652,0.240852
541.98,69.47,0.257436,0.232651
541.98,73.15,0.248847,0.2247
541.98,76.82,0.240954,0.216773
541.98,80.32,0.233631,0.209518
541.98,83.65,0.226046,0.20235
541.98,87.32,0.218606,0.195175
541.98,90.82,0.210788,0.187753
541.98,94.15,0.202833,0.179728
541.98,97.82,0.195252,0.17247
541.98,101.32,0.188505,0.165892
541.98,105.0,0.184639,0.162248
541.98,108.5,0.183129,0.160489
541.98,112.17,0.184799,0.161663
541.98,115.67,0.188271,0.16507
541.98,119.17,0.194719,0.170948
541.98,122.67,0.202377,0.178539
541.98,126.35,0.211795,0.18698
541.98,129.85,0.222279,0.197818
541.98,133.35,0.233052,0.207618
541.98,136.85,0.243511,0.218446
541.98,140.35,0.25393,0.228505
541.98,143.85,0.263693,0.237938
541.98,147.52,0.273677,0.247953
541.98,151.02,0.282605,0.256733
541.98,154.52,0.290861,0.26478
541.98,158.02,0.298545,0.27254
541.98,161.7,0.304688,0.2786
541.98,165.2,0.310214,0.284472
541.98,168.7,0.314666,0.288542
541.98,172.2,0.318458,0.292547
541.98,175.7,0.321921,0.296521
541.98,179.2,0.325202,0.299457
541.98,182.87,0.32762,0.301869
541.98,186.37,0.329586,0.303902
541.98,189.87,0.331074,0.305504
541.98,193.37,0.332084,0.306385
541.98,197.05,0.332402,0.306847
541.98,200.55,0.332802,0.307088
541.98,204.22,0.332885,0.307007
541.98,207.55,0.332879,0.307091
541.98,211.22,0.332488,0.306841
541.98,214.72,0.332137,0.305831
541.98,218.22,0.331413,0.303942
541.98,221.9,0.330559,0.304164
541.98,225.4,0.329718,0.30295
541.98,228.9,0.328264,0.302168
541.98,232.75,0.326354,0.301379
541.98,236.42,0.324327,0.298754
541.98,239.92,0.321662,0.296129
541.98,243.42,0.318477,0.293492
541.98,247.1,0.314891,0.289078
541.98,250.77,0.311453,0.285975
541.98,254.27,0.307503,0.281739
541.98,257.77,0.302842,0.277371
541.98,261.45,0.298126,0.272282
541.98,264.95,0.291779,0.266681
541.98,268.45,0.285295,0.260252
541.98,271.95,0.276786,0.251629
541.98,275.45,0.267516,0.24271
541.98,278.95,0.257516,0.232618
541.98,282.45,0.245902,0.221302
541.98,286.13,0.232602,0.208221
541.98,289.63,0.218228,0.194139
541.98,293.13,0.203958,0.180316
541.98,296.8,0.190883,0.167778
541.98,300.3,0.17974,0.156894
541.98,303.8,0.171296,0.148499
541.98,307.3,0.165286,0.143101
541.98,310.98,0.161737,0.139435
541.98,314.48,0.160359,0.138212
541.98,317.98,0.160812,0.138385
541.98,321.48,0.163209,0.140896
541.98,325.15,0.166826,0.144349
541.98,328.65,0.171475,0.148585
541.98,332.15,0.176527,0.153536
541.98,335.83,0.182488,0.158995
541.98,338.98,0.187963,0.164263
541.98,342.83,0.193511,0.170018
541.98,346.33,0.198573,0.174823
541.98,350.0,0.203594,0.179223
541.98,353.68,0.208151,0.182639
541.98,357.18,0.211743,0.187664
541.98,360.85,0.215156,0.191398
541.98,364.35,0.218354,0.194552
541.98,368.03,0.220855,0.19775
541.98,371.53,0.222987,0.199361
541.98,375.2,0.224102,0.200686
541.98,378.7,0.225138,0.202054
541.98,382.2,0.226003,0.202614
541.98,385.35,0.226391,0.202226
541.98,389.38,0.226736,0.202765
541.98,392.88,0.226684,0.202599
541.98,396.55,0.226666,0.20246
541.98,399.88,0.226632,0.201718
541.98,403.55,0.226675,0.201826
541.98,407.23,0.226496,0.201724
541.98,410.73,0.225883,0.2012
541.98,414.23,0.225273,0.200745
541.98,417.73,0.224525,0.199922
541.98,421.4,0.22352,0.199272
541.98,424.9,0.221912,0.197562
541.98,428.4,0.219984,0.196262
541.98,432.08,0.218012,0.194722
541.98,435.58,0.216086,0.192889
541.98,439.08,0.213887,0.190788
541.98,442.58,0.211545,0.188434
541.98,446.08,0.209374,0.186385
541.98,449.75,0.206262,0.183172
541.98,453.43,0.203074,0.180085
541.98,456.93,0.199577,0.176749
541.98,460.43,0.195726,0.171268
541.98,464.1,0.19113,0.167901
541.98,467.6,0.185877,0.162328
541.98,471.1,0.180584,0.157288
541.98,474.6,0.174922,0.151364
541.98,478.28,0.169602,0.145911
541.98,481.78,0.164349,0.141274
541.98,485.28,0.159552,0.136207
541.98,488.78,0.155421,0.132421
541.98,492.45,0.151419,0.128921
541.98,495.95,0.148148,0.125911
541.98,499.45,0.145788,0.123228
541.98,502.95,0.143493,0.121228
541.98,506.63,0.141555,0.119374
541.98,510.13,0.139848,0.117528
541.98,513.63,0.138446,0.116536
541.98,517.13,0.137534,0.115705
541.98,520.8,0.137023,0.115551
541.98,524.3,0.137005,0.115098
541.98,527.8,0.137547,0.115437
541.98,531.3,0.1382,0.116173
541.98,534.63,0.139482,0.117347
541.98,538.48,0.140929,0.118437
541.98,541.98,0.142433,0.120159
541.98,545.48,0.144417,0.12137
541.98,549.15,0.146364,0.122402
541.98,552.65,0.148231,0.124799
541.98,556.15,0.150292,0.1271
541.98,559.83,0.152396,0.129007
541.98,563.33,0.154765,0.1317
541.98,567.0,0.1573,0.134158
541.98,570.5,0.159392,0.136373
541.98,574.0,0.161697,0.139072
541.98,577.5,0.164075,0.14129
541.98,581.0,0.165973,0.143332
541.98,584.67,0.167827,0.145446
541.98,588.17,0.169842,0.147226
541.98,591.67,0.171703,0.149029
541.98,595.17,0.173419,0.150969
541.98,598.85,0.174922,0.152337
541.98,602.35,0.176398,0.153671
541.98,605.85,0.177772,0.154802
541.98,609.35,0.179019,0.156308
541.98,613.02,0.180175,0.157177
541.98,616.52,0.181373,0.157568
541.98,620.02,0.182556,0.15913
541.98,623.7,0.183302,0.159417
541.98,627.2,0.184032,0.160446
541.98,630.7,0.184823,0.160871
541.98,634.2,0.184786,0.160643
541.98,637.7,0.185048,0.161401
541.98,641.2,0.185544,0.161478
541.98,644.87,0.185969,0.162371
541.98,648.55,0.186305,0.162864
541.98,652.05,0.186653,0.163477
541.98,655.2,0.186663,0.163905
541.98,659.22,0.186872,0.163955
541.98,662.72,0.187029,0.164192
541.98,666.22,0.187069,0.164238
541.98,669.9,0.18706,0.163788
541.98,673.57,0.186918,0.163973
541.98,677.07,0.187334,0.164297
541.98,680.57,0.187343,0.163397
541.98,684.07,0.187836,0.163939
541.98,687.75,0.187775,0.164189
578.03,11.9,0.193918,0.161265
578.03,15.57,0.16934,0.146906
578.03,18.9,0.147257,0.125588
578.03,22.57,0.12763,0.105942
578.03,26.07,0.109937,0.088647
578.03,29.75,0.094343,0.071167
578.03,33.42,0.08166,0.059913
578.03,36.92,0.071158,0.049898
578.03,40.42,0.063188,0.041854
578.03,43.92,0.056644,0.035563
578.03,47.42,0.051746,0.030819
578.03,50.75,0.047929,0.027211
578.03,54.6,0.045384,0.024519
578.03,58.1,0.043576,0.022981
578.03,61.25,0.04198,0.021518
578.03,65.1,0.040569,0.02003
578.03,68.6,0.03901,0.019109
578.03,71.92,0.038111,0.01792
578.03,75.6,0.037208,0.017224
578.03,79.27,0.03662,0.017008
578.03,82.77,0.036053,0.016158
578.03,86.27,0.035578,0.01539
578.03,89.95,0.034975,0.014759
578.03,93.45,0.035082,0.014781
578.03,96.95,0.036364,0.015954
578.03,100.45,0.04027,0.019907
578.03,104.12,0.046783,0.02528
578.03,107.62,0.054759,0.033329
578.03,111.12,0.063249,0.041512
578.03,114.8,0.072113,0.0495
578.03,118.3,0.08162,0.05938
578.03,121.8,0.090837,0.068431
578.03,125.47,0.100085,0.07731
578.03,128.97,0.109084,0.086441
578.03,132.65,0.118172,0.096
578.03,136.15,0.126844,0.104235
578.03,139.65,0.135085,0.112461
578.03,143.15,0.14312,0.120514
578.03,146.65,0.150507,0.128101
578.03,150.15,0.157501,0.135039
578.03,153.65,0.163619,0.140738
578.03,157.15,0.169389,0.14661
578.03,160.65,0.174383,0.15157
578.03,164.32,0.178945,0.156447
578.03,168.35,0.183539,0.156968
578.03,171.85,0.186817,0.162787
578.03,175.52,0.189891,0.166046
578.03,179.02,0.192735,0.168853
578.03,182.7,0.195436,0.173221
578.03,186.37,0.197938,0.174654
578.03,189.87,0.2008,0.177528
578.03,193.37,0.203696,0.180489
578.03,197.05,0.205963,0.182393
578.03,200.55,0.207867,0.184543
578.03,204.05,0.209632,0.18608
578.03,207.72,0.210883,0.187174
578.03,211.57,0.211663,0.185513
578.03,215.07,0.212331,0.188009
578.03,218.75,0.212276,0.188181
578.03,222.25,0.21165,0.187627
578.03,225.75,0.21096,0.186841
578.03,229.25,0.21039,0.186915
578.03,232.75,0.2099,0.186407
578.03,236.25,0.209281,0.185957
578.03,239.92,0.208782,0.185701
578.03,243.6,0.207756,0.1849
578.03,247.1,0.206675,0.183591
578.03,250.77,0.205553,0.182156
578.03,254.27,0.204007,0.180344
578.03,257.77,0.201915,0.1782
578.03,261.27,0.199562,0.175973
578.03,264.77,0.197251,0.174032
578.03,268.27,0.19422,0.170871
578.03,271.95,0.190664,0.166804
578.03,275.45,0.186564,0.162815
578.03,278.95,0.182128,0.158397
578.03,282.45,0.17612,0.15271
578.03,286.12,0.168838,0.145473
578.03,289.8,0.159768,0.137254
578.03,293.3,0.148714,0.127008
578.03,296.97,0.135338,0.114026
578.03,300.47,0.12113,0.100079
578.03,303.97,0.106952,0.086419
578.03,307.65,0.094435,0.073693
578.03,311.15,0.084038,0.06341
578.03,314.82,0.076771,0.056099
578.03,318.32,0.071336,0.050341
578.03,321.82,0.068878,0.047328
578.03,325.32,0.067479,0.046028
578.03,328.82,0.067686,0.046373
578.03,332.5,0.068659,0.046687
578.03,336.0,0.069722,0.047935
578.03,339.67,0.071533,0.049562
578.03,343.17,0.07345,0.051638
578.03,346.67,0.07536,0.053437
578.03,350.18,0.077291,0.05564
578.03,353.85,0.079247,0.057969
578.03,357.35,0.081019,0.059614
578.03,360.85,0.082504,0.062079
578.03,364.35,0.084174,0.063052
578.03,368.03,0.085735,0.064827
578.03,371.53,0.086946,0.066028
578.03,375.03,0.08791,0.067032
578.03,378.7,0.088182,0.067186
578.03,382.2,0.088357,0.067297
578.03,385.7,0.088376,0.067233
578.03,389.2,0.088351,0.066768
578.03,392.7,0.088354,0.067377
578.03,396.2,0.088742,0.067605
578.03,399.7,0.08917,0.067587
578.03,403.2,0.089435,0.067809
578.03,406.88,0.089556,0.06715
578.03,410.38,0.089494,0.068
578.03,414.05,0.089565,0.066312
578.03,417.55,0.088909,0.067242
578.03,421.05,0.08812,0.066358
578.03,424.9,0.087214,0.065843
578.03,428.4,0.086034,0.064762
578.03,431.9,0.084528,0.06373
578.03,435.58,0.082883,0.062578
578.03,439.08,0.081607,0.060939
578.03,442.75,0.080113,0.058881
578.03,446.25,0.078582,0.057707
578.03,449.75,0.077501,0.056845
578.03,453.25,0.076432,0.0556
578.03,456.75,0.075501,0.054503
578.03,460.25,0.074897,0.053946
578.03,463.93,0.074873,0.053256
578.03,467.43,0.074411,0.052565
578.03,470.93,0.074075,0.05243
578.03,474.43,0.073674,0.051918
578.03,478.1,0.073286,0.051185
578.03,481.78,0.073274,0.05141
578.03,485.45,0.072892,0.051598
578.03,488.78,0.072516,0.051296
578.03,492.45,0.072177,0.051133
578.03,495.95,0.071743,0.052122
578.03,499.63,0.071429,0.050658
578.03,503.3,0.070951,0.050329
578.03,506.8,0.07039,0.049516
578.03,510.48,0.069445,0.047679
578.03,514.15,0.068499,0.046459
578.03,517.65,0.067054,0.045735
578.03,521.15,0.065535,0.044291
578.03,524.83,0.063653,0.041771
578.03,528.33,0.061995,0.040622
578.03,532.0,0.060159,0.039078
578.03,535.5,0.058644,0.037763
578.03,539.0,0.057433,0.037405
578.03,542.68,0.056496,0.036145
578.03,546.18,0.055699,0.034873
578.03,549.68,0.054633,0.034186
578.03,553.18,0.053508,0.033154
578.03,556.67,0.052482,0.032097
578.03,560.35,0.051349,0.031139
578.03,563.85,0.050335,0.030055
578.03,567.35,0.049445,0.029152
578.03,570.85,0.048841,0.028443
578.03,574.35,0.048058,0.027516
578.03,577.85,0.047048,0.026173
578.03,581.52,0.046284,0.025714
578.03,585.2,0.04548,0.022356
578.03,588.7,0.045036,0.023936
578.03,592.2,0.044857,0.023671
578.03,595.87,0.044802,0.023524
578.03,599.37,0.0447,0.023601
578.03,603.05,0.044411,0.023758
578.03,606.55,0.04438,0.023696
578.03,609.87,0.044445,0.023625
578.03,613.55,0.044851,0.024127
578.03,617.05,0.044744,0.023909
578.03,620.55,0.044244,0.024124
578.03,624.05,0.043998,0.023807
578.03,627.72,0.043634,0.024081
578.03,631.22,0.043265,0.023394
578.03,634.72,0.043339,0.023123
578.03,638.22,0.043129,0.02308
578.03,641.9,0.043348,0.022803
578.03,645.4,0.043604,0.023249
578.03,648.9,0.043641,0.023252
578.03,652.4,0.044118,0.023585
578.03,656.07,0.04414,0.023262
578.03,659.75,0.044485,0.022304
578.03,663.25,0.044737,0.023191
578.03,666.75,0.045122,0.023598
578.03,670.25,0.045397,0.024164
578.03,673.92,0.045856,0.02479
578.03,677.42,0.045745,0.024651
578.03,681.1,0.045856,0.025033
578.03,684.6,0.045779,0.025055
578.03,688.1,0.045963,0.025779
614.08,11.55,0.0191,-0.007059
614.08,15.05,0.016361,-0.003473
614.08,18.55,0.013554,-0.00529
614.08,22.22,0.011068,-0.00822
614.08,25.72,0.008983,-0.01038
614.08,29.4,0.007316,-0.012256
614.08,32.9,0.006176,-0.01334
614.08,36.4,0.00568,-0.014696
614.08,40.07,0.005563,-0.014622
614.08,43.57,0.005702,-0.01428
614.08,47.07,0.005677,-0.014277
614.08,50.57,0.005597,-0.014841
614.08,54.25,0.005705,-0.015207
614.08,57.75,0.006059,-0.014329
614.08,61.25,0.006102,-0.01464
614.08,64.75,0.006355,-0.014144
614.08,68.42,0.006854,-0.013402
614.08,71.92,0.007812,-0.012582
614.08,75.42,0.008702,-0.011624
614.08,78.92,0.01003,-0.010229
614.08,82.42,0.011361,-0.008876
614.08,85.92,0.012834,-0.007721
614.08,89.42,0.014349,-0.005786
614.08,92.92,0.016657,-0.003821
614.08,96.42,0.019439,-0.00033
614.08,100.1,0.025101,0.004993
614.08,103.6,0.032926,0.01272
614.08,107.1,0.042646,0.021999
614.08,110.77,0.052288,0.031752
614.08,114.27,0.061804,0.041275
614.08,117.77,0.070846,0.049747
614.08,121.27,0.079796,0.058718
614.08,124.95,0.088252,0.066712
614.08,128.45,0.095489,0.074013
614.08,131.95,0.102223,0.080677
614.08,135.45,0.108505,0.086235
614.08,139.12,0.114161,0.091814
614.08,142.62,0.119682,0.096644
614.08,146.12,0.124808,0.101958
614.08,149.62,0.129648,0.106607
614.08,153.3,0.133955,0.110782
614.08,156.8,0.138616,0.117196
614.08,160.65,0.14299,0.120631
614.08,164.15,0.147063,0.124734
614.08,167.65,0.151293,0.128791
614.08,171.32,0.155686,0.133585
614.08,175.0,0.159143,0.136583
614.08,178.5,0.16255,0.139968
614.08,182.0,0.165698,0.142732
614.08,185.5,0.168483,0.145353
614.08,189.17,0.171019,0.147482
614.08,192.67,0.173385,0.147864
614.08,196.17,0.175615,0.153742
614.08,199.67,0.178141,0.153794
614.08,203.35,0.180646,0.156971
614.08,206.85,0.183308,0.159315
614.08,210.35,0.185301,0.161567
614.08,214.02,0.187565,0.163634
614.08,217.52,0.189213,0.165544
614.08,221.02,0.190563,0.166989
614.08,224.52,0.191241,0.168169
614.08,228.2,0.191197,0.168027
614.08,231.7,0.191638,0.168794
614.08,235.2,0.191635,0.169075
614.08,238.87,0.191687,0.168982
614.08,242.37,0.191647,0.168884
614.08,245.87,0.190899,0.168083
614.08,249.55,0.190224,0.167106
614.08,253.05,0.188912,0.166074
614.08,256.55,0.187676,0.165036
614.08,260.05,0.186142,0.162944
614.08,263.9,0.184118,0.158385
614.08,267.57,0.181804,0.158345
614.08,271.25,0.178822,0.156019
614.08,274.57,0.175495,0.152901
614.08,278.42,0.171542,0.149716
614.08,281.92,0.167048,0.144833
614.08,285.42,0.161546,0.139512
614.08,288.92,0.155563,0.133536
614.08,292.42,0.147864,0.125782
614.08,296.1,0.139355,0.117279
614.08,299.6,0.128751,0.107402
614.08,303.27,0.116105,0.09483
614.08,306.6,0.102451,0.08133
614.08,310.27,0.088684,0.067109
614.08,313.77,0.076367,0.054873
614.08,317.45,0.066734,0.045166
614.08,320.95,0.059318,0.037686
614.08,324.45,0.054315,0.033296
614.08,328.12,0.05096,0.029703
614.08,331.62,0.048896,0.027781
614.08,335.12,0.047621,0.026734
614.08,338.8,0.04771,0.027122
614.08,342.3,0.048123,0.027301
614.08,345.8,0.048992,0.029044
614.08,349.47,0.050064,0.029586
614.08,352.97,0.051305,0.031062
614.08,356.47,0.05255,0.032066
614.08,359.97,0.053958,0.033915
614.08,363.47,0.055184,0.034793
614.08,366.97,0.056447,0.035806
614.08,370.65,0.056962,0.036004
614.08,374.32,0.057165,0.036555
614.08,377.82,0.057621,0.036364
614.08,381.5,0.057273,0.035668
614.08,385.0,0.057251,0.035375
614.08,388.5,0.057294,0.036059
614.08,392.0,0.057778,0.036176
614.08,395.67,0.057935,0.036401
614.08,399.17,0.058373,0.036983
614.08,402.67,0.058363,0.037162
614.08,406.35,0.058024,0.036829
614.08,409.85,0.057646,0.037026
614.08,413.35,0.057017,0.036151
614.08,416.85,0.056583,0.035822
614.08,420.35,0.055329,0.035187
614.08,424.02,0.054047,0.034149
614.08,427.52,0.052753,0.032812
614.08,431.2,0.051848,0.031774
614.08,434.7,0.050899,0.030618
614.08,438.2,0.050276,0.029645
614.08,441.87,0.049842,0.029516
614.08,445.37,0.049411,0.029001
614.08,448.87,0.049534,0.028286
614.08,452.37,0.049174,0.028286
614.08,456.05,0.049556,0.028028
614.08,459.38,0.049922,0.02881
614.08,463.05,0.050193,0.028995
614.08,466.55,0.050711,0.02906
614.08,470.05,0.051025,0.029605
614.08,473.55,0.051429,0.030323
614.08,477.23,0.052159,0.030846
614.08,480.73,0.052467,0.031241
614.08,484.23,0.053065,0.031798
614.08,487.73,0.053764,0.032233
614.08,491.23,0.054426,0.033289
614.08,494.73,0.054805,0.033379
614.08,498.4,0.054811,0.033838
614.08,501.9,0.054713,0.033995
614.08,505.4,0.054805,0.03475
614.08,508.9,0.054469,0.033286
614.08,512.4,0.054124,0.033557
614.08,516.08,0.053185,0.03276
614.08,519.75,0.052002,0.032076
614.08,523.25,0.050529,0.030122
614.08,526.75,0.049331,0.029201
614.08,530.42,0.048283,0.025874
614.08,534.1,0.048015,0.02665
614.08,537.6,0.047587,0.026259
614.08,541.27,0.047177,0.025945
614.08,544.6,0.0473,0.025739
614.08,548.27,0.046817,0.025757
614.08,551.77,0.046148,0.025301
614.08,555.27,0.045967,0.024944
614.08,558.95,0.04519,0.02474
614.08,562.45,0.044864,0.02373
614.08,565.95,0.043862,0.023163
614.08,569.45,0.043579,0.022988
614.08,572.95,0.043126,0.022639
614.08,576.62,0.042143,0.021986
614.08,579.95,0.04145,0.021121
614.08,583.62,0.040699,0.020902
614.08,587.12,0.040141,0.020301
614.08,590.8,0.039916,0.019784
614.08,594.47,0.039694,0.018582
614.08,597.97,0.039244,0.018949
614.08,601.47,0.038869,0.017963
614.08,604.97,0.038265,0.01776
614.08,608.65,0.037451,0.016265
614.08,612.15,0.03662,0.015366
614.08,615.65,0.035828,0.014759
614.08,619.15,0.034953,0.013856
614.08,622.82,0.034392,0.013493
614.08,626.15,0.033607,0.013037
614.08,630.0,0.032753,0.012288
614.08,633.67,0.031897,0.012643
614.08,637.0,0.031315,0.01145
614.08,640.32,0.030566,0.011037
614.08,644.35,0.029854,0.009596
614.08,648.02,0.029183,0.008336
614.08,651.52,0.028752,0.008034
614.08,655.02,0.028209,0.007264
614.08,658.7,0.027929,0.007002
614.08,662.2,0.027587,0.006943
614.08,665.7,0.027254,0.006386
614.08,669.2,0.027251,0.006185
614.08,672.87,0.027054,0.00613
614.08,676.37,0.027301,0.006395
614.08,679.87,0.027168,0.006327
614.08,683.37,0.027547,0.007079
614.08,686.87,0.027519,0.007023
650.3,11.9,-0.000885,-0.0257
650.3,15.22,-0.000983,-0.020786
650.3,19.07,-0.000922,-0.020041
650.3,22.75,-0.001008,-0.020395
650.3,26.25,-0.000888,-0.020349
650.3,29.75,-0.000802,-0.020571
650.3,33.25,-0.000746,-0.02188
650.3,36.92,-0.000447,-0.021452
650.3,40.6,-0.000281,-0.021033
650.3,44.1,0.000129,-0.020112
650.3,47.77,0.000634,-0.019563
650.3,51.27,0.000843,-0.018639
650.3,54.95,0.001829,-0.017687
650.3,58.45,0.002396,-0.017259
650.3,61.95,0.00316,-0.016261
650.3,65.62,0.00406,-0.015056
650.3,69.12,0.004928,-0.014569
650.3,72.62,0.005655,-0.014018
650.3,76.12,0.006133,-0.013291
650.3,79.62,0.007134,-0.012108
650.3,83.3,0.008391,-0.011218
650.3,86.8,0.01028,-0.009597
650.3,90.3,0.01226,-0.008088
650.3,93.8,0.014861,-0.005207
650.3,97.3,0.018397,-0.001929
650.3,100.8,0.024762,0.00398
650.3,104.3,0.033462,0.012544
650.3,107.97,0.04377,0.022094
650.3,111.47,0.054438,0.032476
650.3,115.15,0.064349,0.042146
650.3,118.65,0.073132,0.051268
650.3,122.15,0.08178,0.059817
650.3,125.65,0.089044,0.067165
650.3,129.32,0.095227,0.073163
650.3,132.82,0.1004,0.077935
650.3,136.32,0.105196,0.083641
650.3,140.0,0.109069,0.088114
650.3,143.5,0.113468,0.092054
650.3,147.17,0.117535,0.096099
650.3,150.67,0.121333,0.099355
650.3,154.17,0.125304,0.102981
650.3,157.85,0.129291,0.106792
650.3,161.52,0.133419,0.110239
650.3,165.02,0.13706,0.114315
650.3,168.87,0.141894,0.118986
650.3,172.55,0.146053,0.123859
650.3,176.22,0.149916,0.127772
650.3,179.72,0.153995,0.13202
650.3,183.57,0.158061,0.133163
650.3,187.07,0.161139,0.137627
650.3,190.75,0.164303,0.140538
650.3,194.25,0.166971,0.143585
650.3,197.92,0.170643,0.14873
650.3,201.6,0.173077,0.148976
650.3,205.1,0.176133,0.153807
650.3,208.77,0.179198,0.15629
650.3,212.62,0.18206,0.157368
650.3,216.3,0.184121,0.159691
650.3,219.8,0.185686,0.161623
650.3,223.47,0.187091,0.163061
650.3,226.97,0.187876,0.163979
650.3,230.65,0.188425,0.165261
650.3,234.32,0.188964,0.166167
650.3,237.65,0.188884,0.165862
650.3,241.15,0.188794,0.165692
650.3,244.82,0.188101,0.165366
650.3,248.32,0.186881,0.164324
650.3,252.0,0.185267,0.162682
650.3,255.5,0.183767,0.161028
650.3,259.0,0.181573,0.159029
650.3,262.5,0.179152,0.156358
650.3,266.17,0.176302,0.153634
650.3,269.67,0.172652,0.149534
650.3,273.17,0.168397,0.144602
650.3,276.85,0.162876,0.138964
650.3,280.35,0.156814,0.134047
650.3,283.85,0.149956,0.126958
650.3,287.52,0.142876,0.119703
650.3,291.02,0.135381,0.112907
650.3,294.52,0.128172,0.105828
650.3,298.02,0.121197,0.099056
650.3,301.7,0.113579,0.091576
650.3,305.2,0.104337,0.083003
650.3,308.7,0.09349,0.072568
650.3,312.37,0.08137,0.06145
650.3,316.05,0.069497,0.04962
650.3,319.55,0.059405,0.039081
650.3,323.05,0.051422,0.03149
650.3,326.55,0.045708,0.025498
650.3,330.22,0.041848,0.021346
650.3,333.72,0.039377,0.018397
650.3,337.22,0.038533,0.017652
650.3,340.9,0.038049,0.016654
650.3,344.4,0.03852,0.017587
650.3,347.9,0.039143,0.018129
650.3,351.4,0.040233,0.019177
650.3,355.07,0.041275,0.019861
650.3,358.57,0.042199,0.021068
650.3,362.07,0.043117,0.021971
650.3,365.57,0.044118,0.023379
650.3,369.25,0.04479,0.02389
650.3,372.75,0.045726,0.025008
650.3,376.42,0.046755,0.027797
650.3,379.92,0.04759,0.027014
650.3,383.42,0.04804,0.027855
650.3,387.1,0.04849,0.028114
650.3,390.6,0.048487,0.028299
650.3,394.1,0.048428,0.0282
650.3,397.6,0.04788,0.02727
650.3,401.1,0.04723,0.026564
650.3,404.77,0.046275,0.025772
650.3,408.27,0.045267,0.02475
650.3,411.77,0.043976,0.023209
650.3,415.45,0.043231,0.02182
650.3,418.95,0.041918,0.020831
650.3,422.45,0.040455,0.018955
650.3,425.95,0.038644,0.017707
650.3,429.62,0.036724,0.015794
650.3,433.12,0.034993,0.014174
650.3,436.8,0.033329,0.013108
650.3,440.3,0.031943,0.011996
650.3,443.8,0.031105,0.010945
650.3,447.47,0.030018,0.009962
650.3,451.32,0.02906,0.00905
650.3,454.82,0.028459,0.008671
650.3,458.32,0.02841,0.008095
650.3,461.82,0.028705,0.008182
650.3,465.67,0.029426,0.007793
650.3,469.17,0.030538,0.009164
650.3,472.85,0.031416,0.010717
650.3,476.35,0.03296,0.01235
650.3,479.85,0.034626,0.014713
650.3,483.52,0.036198,0.016185
650.3,487.02,0.037766,0.017834
650.3,490.52,0.038755,0.018262
650.3,494.2,0.039559,0.019728
650.3,497.7,0.040397,0.020344
650.3,501.2,0.040646,0.020674
650.3,504.7,0.040705,0.020434
650.3,508.37,0.040699,0.020548
650.3,511.87,0.040344,0.019623
650.3,515.37,0.039888,0.019654
650.3,518.87,0.038813,0.017356
650.3,522.55,0.037442,0.016081
650.3,526.22,0.036114,0.01466
650.3,529.72,0.035055,0.014235
650.3,533.22,0.034411,0.013517
650.3,536.72,0.034035,0.013108
650.3,540.22,0.034109,0.013903
650.3,544.07,0.034143,0.013721
650.3,547.57,0.033998,0.014041
650.3,551.07,0.03405,0.014417
650.3,554.75,0.034463,0.014485
650.3,558.25,0.035178,0.015227
650.3,561.75,0.035911,0.015776
650.3,565.42,0.036182,0.016185
650.3,568.92,0.03665,0.016191
650.3,572.42,0.036888,0.016521
650.3,575.92,0.037525,0.016925
650.3,579.6,0.038111,0.017744
650.3,583.1,0.038708,0.017716
650.3,586.77,0.039334,0.017467
650.3,590.27,0.039962,0.018644
650.3,593.77,0.040615,0.019472
650.3,597.27,0.041118,0.020021
650.3,600.95,0.041515,0.020896
650.3,604.45,0.0419,0.021185
650.3,607.95,0.041398,0.021004
650.3,611.62,0.041096,0.02097
650.3,615.12,0.040357,0.020033
650.3,618.62,0.039614,0.019442
650.3,622.12,0.038548,0.018394
650.3,625.8,0.037482,0.01776
650.3,629.3,0.036666,0.016786
650.3,632.8,0.036355,0.016413
650.3,636.47,0.036278,0.016041
650.3,639.97,0.03661,0.016413
650.3,643.47,0.03735,0.017008
650.3,646.97,0.038231,0.017399
650.3,650.47,0.038373,0.018259
650.3,654.15,0.038403,0.017291
650.3,657.65,0.038138,0.01731
650.3,661.15,0.037359,0.016195
650.3,665.0,0.036364,0.015517
650.3,668.67,0.035557,0.015298
650.3,672.17,0.034824,0.01466
650.3,675.5,0.034414,0.014442
650.3,679.17,0.033739,0.013949
650.3,682.85,0.033453,0.013943
650.3,686.35,0.033015,0.01337
686.35,11.72,-0.00407,-0.030571
686.35,15.22,-0.004209,-0.024511
686.35,19.07,-0.004495,-0.021948
686.35,22.57,-0.004828,-0.023962
686.35,26.25,-0.004896,-0.024089
686.35,29.75,-0.004674,-0.024117
686.35,33.25,-0.004443,-0.02359
686.35,36.75,-0.004033,-0.023962
686.35,40.42,-0.003208,-0.02371
686.35,43.92,-0.002194,-0.022382
686.35,47.42,-0.001208,-0.021307
686.35,51.1,-0.000327,-0.020882
686.35,54.6,0.000991,-0.019686
686.35,58.1,0.002005,-0.018642
686.35,61.77,0.002923,-0.017524
686.35,65.27,0.004112,-0.016285
686.35,69.3,0.005283,-0.014526
686.35,72.97,0.005652,-0.01334
686.35,76.65,0.006811,-0.014184
686.35,80.15,0.008083,-0.012456
686.35,84.35,0.010089,-0.008479
686.35,88.02,0.01219,-0.007493
686.35,91.52,0.015095,-0.004893
686.35,95.02,0.018471,-0.001701
686.35,99.4,0.024956,0.004895
686.35,102.9,0.032328,0.011675
686.35,106.4,0.042365,0.022094
686.35,109.9,0.05267,0.031968
686.35,113.57,0.06296,0.042396
686.35,117.07,0.07198,0.050729
686.35,120.57,0.08031,0.058859
686.35,124.07,0.086878,0.065258
686.35,127.57,0.092553,0.071253
686.35,131.07,0.096869,0.075335
686.35,134.75,0.101225,0.078607
686.35,138.42,0.104882,0.082498
686.35,141.92,0.108021,0.085514
686.35,145.6,0.110825,0.08755
686.35,149.1,0.113912,0.091438
686.35,152.77,0.116875,0.094442
686.35,156.27,0.120335,0.098437
686.35,159.95,0.123742,0.102686
686.35,163.45,0.127953,0.106524
686.35,166.95,0.132156,0.110178
686.35,170.62,0.135936,0.113856
686.35,174.12,0.14011,0.117855
686.35,177.8,0.144472,0.121681
686.35,181.3,0.148342,0.125132
686.35,184.8,0.152541,0.129879
686.35,188.47,0.156524,0.131909
686.35,192.15,0.159636,0.136234
686.35,195.65,0.162993,0.139814
686.35,199.32,0.166663,0.143459
686.35,202.82,0.170698,0.147689
686.35,206.32,0.174167,0.151133
686.35,209.82,0.178385,0.155128
686.35,213.32,0.181826,0.158677
686.35,217.0,0.184783,0.161924
686.35,220.5,0.1867,0.163674
686.35,224.0,0.188308,0.165557
686.35,227.5,0.189204,0.166444
686.35,231.0,0.189617,0.167032
686.35,234.67,0.189448,0.166558
686.35,238.17,0.188767,0.165757
686.35,241.67,0.187556,0.164944
686.35,245.35,0.185788,0.161059
686.35,248.67,0.184118,0.160372
686.35,252.52,0.181727,0.15767
686.35,256.02,0.17921,0.15564
686.35,259.7,0.17621,0.15275
686.35,263.2,0.172451,0.14946
686.35,266.35,0.168209,0.144941
686.35,270.37,0.162319,0.13986
686.35,273.87,0.155683,0.133222
686.35,277.55,0.147778,0.125797
686.35,281.05,0.139691,0.117941
686.35,284.55,0.131422,0.109925
686.35,288.05,0.123295,0.102165
686.35,291.72,0.116385,0.095027
686.35,295.22,0.109987,0.088644
686.35,298.9,0.105538,0.084084
686.35,302.4,0.101838,0.080187
686.35,305.9,0.097519,0.076071
686.35,309.75,0.09137,0.06783
686.35,313.25,0.082753,0.061077
686.35,316.75,0.072605,0.051546
686.35,320.42,0.062341,0.04222
686.35,323.92,0.053225,0.032405
686.35,327.6,0.04467,0.025243
686.35,331.1,0.038511,0.018952
686.35,334.77,0.033804,0.013878
686.35,338.45,0.031302,0.010058
686.35,341.95,0.030156,0.009639
686.35,345.62,0.029827,0.009035
686.35,349.12,0.030628,0.009944
686.35,352.8,0.031515,0.009925
686.35,356.3,0.032094,0.011219
686.35,359.8,0.033268,0.01251
686.35,363.47,0.034605,0.013748
686.35,366.97,0.03576,0.014821
686.35,370.47,0.036614,0.015883
686.35,373.97,0.037362,0.016968
686.35,377.65,0.037818,0.017522
686.35,381.15,0.037427,0.017575
686.35,384.65,0.036875,0.017122
686.35,388.32,0.036358,0.016758
686.35,391.82,0.035846,0.015899
686.35,395.32,0.035196,0.015199
686.35,398.3,0.034167,0.01422
686.35,402.32,0.033037,0.012917
686.35,405.82,0.031281,0.011524
686.35,409.32,0.029744,0.00967
686.35,413.0,0.027304,0.005726
686.35,416.67,0.024488,0.003256
686.35,420.17,0.021694,0.001176
686.35,423.67,0.018607,-0.001932
686.35,427.35,0.01524,-0.005364
686.35,430.85,0.011774,-0.008762
686.35,434.35,0.008585,-0.011717
686.35,438.02,0.00589,-0.014261
686.35,441.52,0.00397,-0.015885
686.35,445.02,0.00218,-0.01732
686.35,448.7,0.00105,-0.018294
686.35,452.2,0.000126,-0.019335
686.35,455.7,0.000132,-0.019067
686.35,459.02,0.000184,-0.019209
686.35,462.87,0.00089,-0.018131
686.35,466.37,0.001493,-0.01798
686.35,469.7,0.0021,-0.017552
686.35,473.37,0.002707,-0.018467
686.35,477.22,0.003681,-0.016412
686.35,480.37,0.004602,-0.01533
686.35,484.22,0.005689,-0.014606
686.35,487.72,0.006124,-0.014252
686.35,491.4,0.007094,-0.013913
686.35,494.9,0.007492,-0.012992
686.35,498.4,0.007867,-0.012093
686.35,502.07,0.008385,-0.011202
686.35,505.57,0.00832,-0.011264
686.35,509.25,0.00832,-0.010833
686.35,512.75,0.008139,-0.011005
686.35,516.42,0.00763,-0.011744
686.35,519.92,0.006558,-0.012903
686.35,523.42,0.005551,-0.014067
686.35,527.1,0.00381,-0.016085
686.35,530.6,0.001946,-0.017595
686.35,534.1,0.000526,-0.019246
686.35,537.6,-9.6e-05,-0.020022
686.35,541.27,-0.000509,-0.021008
686.35,544.77,6.7e-05,-0.020706
686.35,547.92,0.001145,-0.019776
686.35,551.95,0.0028,-0.017308
686.35,555.62,0.005082,-0.015044
686.35,559.12,0.007399,-0.012789
686.35,562.62,0.010052,-0.009773
686.35,566.12,0.013262,-0.006661
686.35,569.62,0.016247,-0.003454
686.35,573.3,0.018804,-0.001033
686.35,576.8,0.021614,0.001296
686.35,580.3,0.024377,0.004525
686.35,583.8,0.027334,0.007461
686.35,587.3,0.029901,0.009827
686.35,590.97,0.031845,0.012177
686.35,594.47,0.033739,0.013373
686.35,598.15,0.034956,0.014882
686.35,601.65,0.035973,0.015508
686.35,605.15,0.036768,0.016318
686.35,608.47,0.037359,0.016792
686.35,612.15,0.037593,0.017131
686.35,615.65,0.038021,0.017159
686.35,619.32,0.038524,0.017171
686.35,622.82,0.03844,0.016629
686.35,626.5,0.03865,0.017679
686.35,630.0,0.038342,0.017473
686.35,633.5,0.038,0.017236
686.35,637.17,0.037772,0.016845
686.35,640.5,0.037396,0.016752
686.35,644.17,0.036937,0.016527
686.35,647.67,0.036647,0.016509
686.35,651.35,0.036441,0.016543
686.35,654.85,0.036182,0.01645
686.35,658.35,0.036321,0.016309
686.35,662.02,0.035803,0.015957
686.35,665.52,0.035927,0.016031
686.35,669.02,0.035431,0.014667
686.35,672.7,0.035073,0.013927
686.35,676.37,0.034799,0.014186
686.35,679.87,0.034275,0.013373
686.35,683.37,0.03398,0.012535
686.35,686.87,0.03328,0.012381
722.4,13.3,-0.002052,-0.025703
722.4,16.8,-0.001769,-0.020916
722.4,20.47,-0.001683,-0.021409
722.4,24.15,-0.001664,-0.021489
722.4,27.65,-0.001387,-0.021211
722.4,31.32,-0.001341,-0.022949
722.4,34.82,-0.001412,-0.021794
722.4,38.5,-0.001288,-0.02188
722.4,42.52,-0.000386,-0.018633
722.4,46.2,-0.000152,-0.019594
722.4,50.05,0.000665,-0.022206
722.4,53.55,0.001071,-0.018978
722.4,57.05,0.001663,-0.01838
722.4,60.72,0.002079,-0.018186
722.4,64.22,0.002944,-0.017049
722.4,67.72,0.003752,-0.016652
722.4,71.4,0.005024,-0.014425
722.4,74.9,0.00609,-0.013251
722.4,78.4,0.007818,-0.01155
722.4,81.37,0.009885,-0.0094
722.4,85.57,0.01255,-0.006858
722.4,89.07,0.015526,-0.004348
722.4,92.75,0.018712,-0.001292
722.4,95.9,0.022784,0.002211
722.4,99.92,0.02783,0.006524
722.4,103.42,0.03467,0.012938
722.4,107.1,0.043973,0.022424
722.4,110.6,0.054596,0.032488
722.4,114.1,0.064445,0.042479
722.4,117.6,0.073416,0.051512
722.4,121.27,0.081829,0.059913
722.4,124.95,0.088597,0.067615
722.4,128.45,0.094047,0.073049
722.4,131.95,0.097575,0.076327
722.4,135.45,0.100572,0.079309
722.4,139.12,0.103148,0.081934
722.4,142.62,0.105532,0.084254
722.4,146.3,0.107639,0.086179
722.4,149.8,0.109417,0.087994
722.4,153.3,0.111527,0.089519
722.4,156.97,0.113862,0.090948
722.4,160.47,0.116604,0.093711
722.4,164.15,0.119756,0.096774
722.4,167.65,0.123166,0.100443
722.4,171.15,0.127645,0.105523
722.4,175.0,0.132322,0.110384
722.4,178.5,0.136918,0.11531
722.4,182.17,0.142106,0.119854
722.4,185.5,0.147042,0.12466
722.4,189.35,0.151737,0.129257
722.4,192.85,0.156231,0.132938
722.4,196.52,0.160165,0.136774
722.4,200.02,0.164485,0.141047
722.4,203.52,0.168918,0.145135
722.4,207.2,0.173345,0.14925
722.4,210.7,0.177596,0.153856
722.4,214.2,0.181425,0.157744
722.4,217.87,0.184152,0.160886
722.4,221.37,0.18576,0.16173
722.4,224.7,0.186764,0.163104
722.4,228.37,0.187078,0.163557
722.4,232.05,0.18686,0.16422
722.4,235.55,0.186253,0.163616
722.4,239.05,0.185418,0.162667
722.4,242.72,0.184571,0.161727
722.4,246.75,0.182171,0.15556
722.4,250.25,0.179725,0.155951
722.4,253.92,0.176493,0.153265
722.4,257.42,0.173203,0.149891
722.4,261.45,0.168027,0.14666
722.4,264.95,0.161872,0.139297
722.4,268.62,0.154691,0.132636
722.4,272.3,0.146336,0.123117
722.4,275.8,0.137393,0.114441
722.4,279.3,0.128773,0.10601
722.4,282.8,0.120643,0.09844
722.4,286.47,0.113835,0.091518
722.4,289.97,0.10848,0.086225
722.4,293.47,0.104725,0.082735
722.4,296.97,0.102498,0.080649
722.4,300.47,0.101435,0.079722
722.4,304.15,0.102057,0.080064
722.4,307.65,0.102553,0.081324
722.4,311.15,0.10109,0.079959
722.4,314.82,0.096777,0.076167
722.4,318.32,0.089753,0.069109
722.4,322.35,0.078696,0.054799
722.4,326.02,0.067858,0.04649
722.4,329.52,0.056872,0.036044
722.4,333.02,0.047042,0.026459
722.4,336.52,0.038902,0.017923
722.4,340.2,0.031909,0.01137
722.4,343.7,0.027479,0.00722
722.4,347.2,0.024648,0.00471
722.4,350.7,0.023502,0.003539
722.4,354.2,0.02352,0.00361
722.4,357.87,0.024306,0.004639
722.4,361.37,0.025409,0.005997
722.4,364.87,0.026764,0.006946
722.4,368.55,0.028225,0.008493
722.4,372.05,0.029177,0.009667
722.4,375.55,0.030264,0.01023
722.4,379.22,0.030982,0.01003
722.4,382.9,0.031398,0.009149
722.4,386.4,0.031358,0.01048
722.4,390.07,0.031321,0.010585
722.4,393.4,0.030597,0.009784
722.4,397.07,0.02958,0.008906
722.4,400.57,0.028086,0.007455
722.4,404.07,0.026004,0.005252
722.4,407.57,0.023265,0.002698
722.4,411.25,0.019848,4.5e-05
722.4,414.75,0.017488,-0.002142
722.4,418.25,0.017073,-0.003014
722.4,421.75,0.018773,-0.00074
722.4,425.42,0.023394,0.003832
722.4,429.1,0.029703,0.009633
722.4,432.42,0.036743,0.016755
722.4,436.1,0.0447,0.024069
722.4,439.6,0.052439,0.031669
722.4,443.1,0.059402,0.037938
722.4,446.77,0.065181,0.044189
722.4,450.27,0.069312,0.047935
722.4,453.77,0.072467,0.051247
722.4,457.27,0.075335,0.053305
722.4,460.77,0.078604,0.056687
722.4,464.45,0.082097,0.06015
722.4,467.95,0.084999,0.063095
722.4,471.45,0.086444,0.064211
722.4,474.95,0.086515,0.064371
722.4,478.45,0.08478,0.062929
722.4,481.95,0.081925,0.060144
722.4,485.45,0.077405,0.05589
722.4,489.12,0.071801,0.050403
722.4,492.62,0.065803,0.044589
722.4,496.3,0.058209,0.037704
722.4,499.8,0.050107,0.030113
722.4,503.3,0.041161,0.021185
722.4,506.8,0.031216,0.011512
722.4,510.3,0.020181,0.000957
722.4,513.8,0.008859,-0.010075
722.4,517.3,-0.002971,-0.021914
722.4,520.97,-0.015432,-0.033759
722.4,524.47,-0.02721,-0.045512
722.4,528.15,-0.03777,-0.056673
722.4,531.65,-0.04737,-0.066424
722.4,535.15,-0.055531,-0.074261
722.4,538.82,-0.060866,-0.080413
722.4,542.5,-0.064375,-0.083528
722.4,546.0,-0.06521,-0.084326
722.4,549.67,-0.064002,-0.08285
722.4,553.17,-0.060638,-0.079569
722.4,556.85,-0.055836,-0.073827
722.4,560.35,-0.049569,-0.068097
722.4,563.85,-0.042903,-0.061633
722.4,567.35,-0.035065,-0.053605
722.4,571.02,-0.027259,-0.046584
722.4,574.52,-0.019637,-0.038781
722.4,578.02,-0.011227,-0.03102
722.4,581.7,-0.003796,-0.024006
722.4,585.2,0.003326,-0.017197
722.4,588.87,0.009574,-0.011495
722.4,592.37,0.015366,-0.005617
722.4,596.05,0.019858,-0.001165
722.4,599.55,0.024103,0.003126
722.4,602.87,0.027451,0.006789
722.4,606.55,0.030837,0.01007
722.4,610.05,0.033123,0.012291
