x,y,z,z2
7.17,0.0,-0.03066,-0.049868
10.68,0.0,-0.030737,-0.049686
14.18,0.0,-0.030635,-0.049776
17.68,0.0,-0.030333,-0.049998
21.18,0.0,-0.030259,-0.04976
24.85,0.0,-0.030734,-0.050765
28.35,0.0,-0.03143,-0.051301
31.85,0.0,-0.03277,-0.05269
35.53,0.0,-0.034665,-0.054853
39.02,0.0,-0.037505,-0.057511
42.7,0.0,-0.041396,-0.06034
46.2,0.0,-0.045503,-0.065247
49.87,0.0,-0.051769,-0.070306
53.37,0.0,-0.059243,-0.077884
56.87,0.0,-0.069844,-0.086713
60.37,0.0,-0.081935,-0.099597
64.05,0.0,-0.097382,-0.11448
67.72,0.0,-0.115244,-0.131991
71.22,0.0,-0.136131,-0.153032
74.72,0.0,-0.158371,-0.175028
78.22,0.0,-0.177382,-0.19379
81.9,0.0,-0.187896,-0.204489
85.4,0.0,-0.187807,-0.205318
88.9,0.0,-0.176562,-0.194461
92.57,0.0,-0.155185,-0.17358
96.25,0.0,-0.12501,-0.143281
99.75,0.0,-0.089517,-0.108537
103.25,0.0,-0.049539,-0.069714
106.92,0.0,-0.008445,-0.029153
110.25,0.0,0.034864,0.012599
114.1,0.0,0.078536,0.056897
117.6,0.0,0.121444,0.098311
121.1,0.0,0.162735,0.138881
124.6,0.0,0.201167,0.176475
128.1,0.0,0.235957,0.211191
131.6,0.0,0.263955,0.238862
135.1,0.0,0.284934,0.25881
138.77,0.0,0.297781,0.271108
142.27,0.0,0.30072,0.27462
145.95,0.0,0.293856,0.267605
149.45,0.0,0.277149,0.251906
153.12,0.0,0.252242,0.227593
156.63,0.0,0.220661,0.197245
160.13,0.0,0.184651,0.162254
163.8,0.0,0.147766,0.125794
167.3,0.0,0.110005,0.089352
170.98,0.0,0.074864,0.055369
174.48,0.0,0.045575,0.026195
177.98,0.0,0.020976,0.002214
181.48,0.0,0.00275,-0.01599
184.98,0.0,-0.009862,-0.028624
188.65,0.0,-0.017216,-0.036202
192.15,0.0,-0.022234,-0.041221
195.65,0.0,-0.026399,-0.045309
199.15,0.0,-0.032641,-0.051627
202.83,0.0,-0.043734,-0.062385
206.33,0.0,-0.061982,-0.080383
209.83,0.0,-0.08452,-0.101991
213.33,0.0,-0.1061,-0.123879
217.0,0.0,-0.123318,-0.140654
220.33,0.0,-0.134566,-0.152028
224.0,0.0,-0.138004,-0.156134
227.5,0.0,-0.135346,-0.153131
231.0,0.0,-0.126338,-0.144951
234.5,0.0,-0.113306,-0.13204
238.0,0.0,-0.096676,-0.115524
241.68,0.0,-0.076273,-0.095478
245.0,0.0,-0.055466,-0.073842
248.85,0.0,-0.034671,-0.053559
252.53,0.0,-0.014495,-0.034181
256.03,0.0,0.004352,-0.015777
259.35,0.0,0.023031,0.001752
263.2,0.0,0.039836,0.017889
266.7,0.0,0.054552,0.033111
270.2,0.0,0.06788,0.046352
273.88,0.0,0.080147,0.057039
277.38,0.0,0.091084,0.068348
281.05,0.0,0.100846,0.077713
284.55,0.0,0.109845,0.087233
288.05,0.0,0.118209,0.095076
291.73,0.0,0.126034,0.10283
295.23,0.0,0.132898,0.110507
298.9,0.0,0.139241,0.116906
302.4,0.0,0.144599,0.122525
305.9,0.0,0.149183,0.127448
309.4,0.0,0.15255,0.12991
313.08,0.0,0.153412,0.131256
316.58,0.0,0.151777,0.129802
320.25,0.0,0.146025,0.123037
323.75,0.0,0.135239,0.112941
327.25,0.0,0.118742,0.097119
330.93,0.0,0.096462,0.075132
334.43,0.0,0.070856,0.049827
337.93,0.0,0.043336,0.023268
341.6,0.0,0.012658,-0.00782
345.1,0.0,-0.015207,-0.034381
348.6,0.0,-0.039911,-0.058466
352.28,0.0,-0.059471,-0.077909
355.78,0.0,-0.074779,-0.092062
359.28,0.0,-0.084317,-0.102699
362.78,0.0,-0.088574,-0.10692
366.45,0.0,-0.088248,-0.106076
369.78,0.0,-0.083759,-0.102074
373.45,0.0,-0.075521,-0.093429
376.95,0.0,-0.064135,-0.083032
380.63,0.0,-0.050152,-0.068543
384.13,0.0,-0.03407,-0.053081
387.63,0.0,-0.01631,-0.036338
391.13,0.0,0.001583,-0.018057
394.98,0.0,0.023792,-0.000441
398.65,0.0,0.043046,0.021148
402.15,0.0,0.062433,0.04031
405.83,0.0,0.079854,0.057565
409.15,0.0,0.097602,0.076407
413.0,0.0,0.11397,0.092177
416.5,0.0,0.129127,0.106968
420.0,0.0,0.142359,0.119839
423.5,0.0,0.153881,0.131191
427.0,0.0,0.163474,0.140825
430.5,0.0,0.171684,0.148887
434.0,0.0,0.178237,0.155877
437.5,0.0,0.184355,0.161432
440.83,0.0,0.188859,0.165695
444.68,0.0,0.192864,0.169371
448.18,0.0,0.195877,0.172821
451.68,0.0,0.198557,0.17486
455.18,0.0,0.200535,0.176447
458.85,0.0,0.201512,0.177137
462.35,0.0,0.202343,0.177901
465.85,0.0,0.201909,0.178147
469.53,0.0,0.200135,0.175806
473.03,0.0,0.19612,0.172417
476.53,0.0,0.191139,0.16738
480.03,0.0,0.183875,0.160144
483.53,0.0,0.173329,0.149522
487.2,0.0,0.158178,0.13535
490.7,0.0,0.135295,0.113634
494.2,0.0,0.102679,0.082082
497.88,0.0,0.065723,0.045997
501.55,0.0,0.032341,0.014285
505.23,0.0,0.01446,-0.004708
508.73,0.0,0.014266,-0.0057
512.23,0.0,0.029685,0.008946
515.9,0.0,0.055594,0.033484
519.4,0.0,0.0856,0.063231
522.9,0.0,0.11722,0.093191
526.58,0.0,0.144417,0.120085
530.08,0.0,0.164709,0.140042
533.58,0.0,0.176216,0.15202
537.08,0.0,0.180172,0.156425
540.75,0.0,0.176613,0.153246
544.25,0.0,0.166854,0.144953
547.75,0.0,0.151546,0.129879
551.43,0.0,0.130794,0.109189
554.93,0.0,0.103517,0.083203
558.43,0.0,0.070714,0.050991
561.93,0.0,0.035045,0.016321
565.43,0.0,-0.000333,-0.018482
569.1,0.0,-0.028091,-0.046245
572.78,0.0,-0.045879,-0.064206
576.63,0.0,-0.054736,-0.075795
580.13,0.0,-0.052114,-0.071846
583.8,0.0,-0.042311,-0.061911
587.3,0.0,-0.026335,-0.046424
590.63,0.0,-0.007419,-0.027015
594.48,0.0,0.013748,-0.006547
598.15,0.0,0.035809,0.01515
601.48,0.0,0.056617,0.035159
605.33,0.0,0.077744,0.054663
609.0,0.0,0.095603,0.073126
612.5,0.0,0.112488,0.089491
616.0,0.0,0.127997,0.104497
619.5,0.0,0.141124,0.117476
623.17,0.0,0.152362,0.128335
626.67,0.0,0.161293,0.137812
630.17,0.0,0.169035,0.145024
633.67,0.0,0.174605,0.15113
637.35,0.0,0.180036,0.156428
641.02,0.0,0.183828,0.160523
644.52,0.0,0.187356,0.164438
648.2,0.0,0.189592,0.166752
651.7,0.0,0.191894,0.168875
655.2,0.0,0.193659,0.170597
658.87,0.0,0.195538,0.172131
662.37,0.0,0.197722,0.174189
666.05,0.0,0.200218,0.173702
669.72,0.0,0.201709,0.177303
673.22,0.0,0.203194,0.178945
676.72,0.0,0.203419,0.17925
680.05,0.0,0.203801,0.17991
683.9,0.0,0.203529,0.179679
687.4,0.0,0.203003,0.179454
690.9,0.0,0.20235,0.178733
694.4,0.0,0.201604,0.177719
697.9,0.0,0.200831,0.177491
701.57,0.0,0.200301,0.177553
705.07,0.0,0.200036,0.176934
708.57,0.0,0.199525,0.176696
12.43,35.0,-0.128525,-0.148426
15.93,35.0,-0.154825,-0.171507
19.43,35.0,-0.181134,-0.197197
22.93,35.0,-0.203084,-0.218959
26.6,35.0,-0.21757,-0.233198
30.1,35.0,-0.225108,-0.240096
33.78,35.0,-0.225296,-0.241032
37.28,35.0,-0.219698,-0.235731
40.6,35.0,-0.210148,-0.226615
44.45,35.0,-0.197333,-0.212625
47.95,35.0,-0.183614,-0.199871
51.45,35.0,-0.169086,-0.185724
54.95,35.0,-0.155949,-0.172869
58.45,35.0,-0.144064,-0.161039
61.95,35.0,-0.133636,-0.151048
65.45,35.0,-0.125004,-0.142545
69.13,35.0,-0.118827,-0.13647
72.63,35.0,-0.114498,-0.131917
76.13,35.0,-0.111757,-0.130691
79.8,35.0,-0.111449,-0.129717
83.48,35.0,-0.113587,-0.131944
86.98,35.0,-0.117881,-0.135774
90.3,35.0,-0.124831,-0.142779
93.98,35.0,-0.13464,-0.151994
97.48,35.0,-0.148657,-0.165395
101.15,35.0,-0.166596,-0.182909
104.65,35.0,-0.186935,-0.202579
108.15,35.0,-0.205025,-0.220327
111.65,35.0,-0.216109,-0.2313
115.15,35.0,-0.216947,-0.232317
118.83,35.0,-0.205983,-0.221528
122.33,35.0,-0.183161,-0.199412
125.83,35.0,-0.150589,-0.168244
129.5,35.0,-0.112582,-0.131341
133.0,35.0,-0.072065,-0.091821
136.68,35.0,-0.033577,-0.053694
140.18,35.0,0.000421,-0.021165
143.68,35.0,0.02755,0.006383
147.18,35.0,0.046118,0.024753
150.85,35.0,0.055347,0.033357
154.35,35.0,0.055363,0.033933
158.03,35.0,0.047602,0.026764
161.53,35.0,0.033437,0.01275
165.03,35.0,0.013687,-0.00598
168.53,35.0,-0.008411,-0.027434
172.2,35.0,-0.031196,-0.049674
175.7,35.0,-0.055749,-0.073713
179.2,35.0,-0.080213,-0.09765
182.7,35.0,-0.102918,-0.120179
186.2,35.0,-0.121097,-0.137739
189.7,35.0,-0.134964,-0.15114
193.2,35.0,-0.14289,-0.159277
196.7,35.0,-0.145423,-0.161707
200.38,35.0,-0.14285,-0.159699
203.88,35.0,-0.13542,-0.152394
207.38,35.0,-0.123713,-0.141113
210.7,35.0,-0.109169,-0.127135
214.55,35.0,-0.092348,-0.111048
218.05,35.0,-0.073771,-0.09293
221.73,35.0,-0.054998,-0.07488
224.88,35.0,-0.035934,-0.056519
228.9,35.0,-0.017767,-0.038479
232.23,35.0,-0.000977,-0.021698
235.9,35.0,0.015779,-0.005173
239.4,35.0,0.031084,0.009814
242.9,35.0,0.04478,0.023175
246.58,35.0,0.057396,0.035896
250.08,35.0,0.068505,0.046891
253.58,35.0,0.078582,0.057344
257.25,35.0,0.087362,0.065394
260.75,35.0,0.095326,0.074223
264.25,35.0,0.102778,0.081271
267.75,35.0,0.109728,0.088579
271.25,35.0,0.115501,0.093585
274.75,35.0,0.121127,0.099281
278.25,35.0,0.125957,0.104247
281.93,35.0,0.129851,0.108043
285.6,35.0,0.13287,0.109519
289.1,35.0,0.134488,0.111496
292.6,35.0,0.134713,0.111493
296.1,35.0,0.133554,0.110437
299.78,35.0,0.131093,0.108243
303.28,35.0,0.12718,0.104414
306.95,35.0,0.120957,0.098425
310.45,35.0,0.110661,0.088714
314.13,35.0,0.095683,0.074774
317.63,35.0,0.075757,0.055239
321.13,35.0,0.047793,0.028505
324.63,35.0,0.011016,-0.007139
328.13,35.0,-0.028331,-0.045783
331.8,35.0,-0.063319,-0.080333
335.3,35.0,-0.090629,-0.107203
338.8,35.0,-0.106864,-0.123269
342.3,35.0,-0.114739,-0.131402
345.98,35.0,-0.117927,-0.135626
349.48,35.0,-0.120959,-0.13879
353.15,35.0,-0.127724,-0.14549
356.65,35.0,-0.136014,-0.153306
360.33,35.0,-0.145235,-0.163174
363.83,35.0,-0.150583,-0.168053
367.5,35.0,-0.151433,-0.169018
371.0,35.0,-0.147157,-0.164461
374.68,35.0,-0.1374,-0.154409
378.18,35.0,-0.123414,-0.140755
381.68,35.0,-0.1055,-0.123238
385.18,35.0,-0.0848,-0.103186
388.85,35.0,-0.060986,-0.07984
392.18,35.0,-0.036763,-0.056245
395.85,35.0,-0.013004,-0.032826
399.53,35.0,0.011167,-0.009773
403.03,35.0,0.034189,0.01284
406.53,35.0,0.055005,0.033391
410.03,35.0,0.073095,0.051533
413.7,35.0,0.089688,0.067082
417.2,35.0,0.104494,0.081404
420.88,35.0,0.117196,0.09361
424.2,35.0,0.127525,0.104478
427.88,35.0,0.136687,0.113505
431.38,35.0,0.143921,0.120424
434.88,35.0,0.15015,0.12673
438.2,35.0,0.155341,0.132559
442.05,35.0,0.159355,0.135985
445.55,35.0,0.162864,0.140455
449.05,35.0,0.165852,0.143462
452.9,35.0,0.167821,0.145658
456.4,35.0,0.168724,0.146056
459.9,35.0,0.168218,0.145544
463.4,35.0,0.166807,0.144016
466.9,35.0,0.164306,0.141453
470.58,35.0,0.160902,0.13723
474.08,35.0,0.156638,0.133243
477.75,35.0,0.150258,0.126804
481.25,35.0,0.14178,0.118684
484.75,35.0,0.130258,0.107913
488.25,35.0,0.115406,0.093767
491.93,35.0,0.095511,0.073958
495.25,35.0,0.068973,0.048172
498.93,35.0,0.033721,0.014309
502.6,35.0,-0.003722,-0.021963
506.1,35.0,-0.032629,-0.050823
509.6,35.0,-0.048728,-0.067182
513.1,35.0,-0.049868,-0.068288
516.78,35.0,-0.037049,-0.055737
520.28,35.0,-0.015192,-0.03501
523.78,35.0,0.010886,-0.009563
527.28,35.0,0.036937,0.016105
530.78,35.0,0.059093,0.037199
534.45,35.0,0.073545,0.051771
538.13,35.0,0.079848,0.057907
541.63,35.0,0.076767,0.055409
544.78,35.0,0.063601,0.04214
548.8,35.0,0.039996,0.01958
552.3,35.0,0.010397,-0.009409
555.8,35.0,-0.018485,-0.037548
559.3,35.0,-0.042394,-0.061307
562.98,35.0,-0.058867,-0.077974
566.48,35.0,-0.066677,-0.085346
569.98,35.0,-0.064924,-0.083842
573.48,35.0,-0.056002,-0.075025
576.98,35.0,-0.040407,-0.059012
580.65,35.0,-0.021322,-0.040306
584.15,35.0,0.000397,-0.019751
587.83,35.0,0.023299,0.003336
590.98,35.0,0.04694,0.025834
594.83,35.0,0.068487,0.046672
598.5,35.0,0.088431,0.066583
602.0,35.0,0.107584,0.084737
605.68,35.0,0.125172,0.100902
609.35,35.0,0.139916,0.116305
612.85,35.0,0.152417,0.12848
616.35,35.0,0.162775,0.138908
619.85,35.0,0.171872,0.148302
623.53,35.0,0.179217,0.155532
627.03,35.0,0.185501,0.161958
630.53,35.0,0.189897,0.166632
634.03,35.0,0.194297,0.170538
637.7,35.0,0.197645,0.175486
641.38,35.0,0.200671,0.177507
644.88,35.0,0.203074,0.179765
648.37,35.0,0.205517,0.181696
652.05,35.0,0.207611,0.184056
655.55,35.0,0.209944,0.186019
659.05,35.0,0.211986,0.187553
662.55,35.0,0.214201,0.189725
666.22,35.0,0.216358,0.190929
669.9,35.0,0.218277,0.193526
673.4,35.0,0.219195,0.194725
676.9,35.0,0.220649,0.196484
680.92,35.0,0.221675,0.199029
684.42,35.0,0.222516,0.199352
688.1,35.0,0.223049,0.19909
691.6,35.0,0.223878,0.199848
695.1,35.0,0.223988,0.197692
698.77,35.0,0.22377,0.200526
702.27,35.0,0.223822,0.199407
705.77,35.0,0.223449,0.199167
709.27,35.0,0.222738,0.197199
11.9,70.0,-0.228639,-0.243004
15.58,70.0,-0.196196,-0.212813
18.9,70.0,-0.154255,-0.171174
22.93,70.0,-0.111529,-0.130478
26.43,70.0,-0.068999,-0.088895
29.93,70.0,-0.029243,-0.050543
33.6,70.0,0.005144,-0.016107
37.1,70.0,0.036965,0.014146
40.6,70.0,0.063326,0.04076
44.1,70.0,0.085073,0.062414
47.78,70.0,0.104432,0.081262
51.28,70.0,0.120461,0.097057
54.78,70.0,0.133166,0.110295
58.28,70.0,0.143342,0.120329
61.95,70.0,0.151216,0.128175
65.45,70.0,0.157097,0.133989
68.95,70.0,0.16129,0.138782
72.63,70.0,0.164944,0.143077
76.13,70.0,0.168323,0.145557
79.8,70.0,0.170587,0.14791
83.3,70.0,0.172547,0.14918
86.98,70.0,0.174272,0.151006
90.48,70.0,0.175732,0.151767
94.15,70.0,0.176798,0.152408
97.65,70.0,0.177152,0.153314
101.15,70.0,0.177824,0.154109
104.83,70.0,0.17832,0.154672
108.33,70.0,0.179327,0.156093
111.83,70.0,0.1806,0.157587
115.5,70.0,0.182393,0.159272
119.0,70.0,0.184167,0.161502
122.5,70.0,0.185729,0.162331
126.18,70.0,0.185723,0.162963
129.68,70.0,0.183573,0.160877
133.18,70.0,0.178721,0.156441
136.68,70.0,0.171025,0.148677
140.18,70.0,0.159426,0.137414
143.85,70.0,0.144543,0.123018
147.35,70.0,0.126715,0.105313
150.85,70.0,0.105702,0.084515
154.53,70.0,0.083671,0.062649
158.03,70.0,0.062143,0.041589
161.35,70.0,0.04023,0.020095
165.03,70.0,0.019405,-0.00102
168.7,70.0,0.000813,-0.01908
172.2,70.0,-0.01379,-0.033796
175.7,70.0,-0.02477,-0.044468
179.2,70.0,-0.031615,-0.0511
182.7,70.0,-0.034027,-0.053664
186.38,70.0,-0.031886,-0.051797
189.88,70.0,-0.026707,-0.046563
193.2,70.0,-0.017998,-0.03789
196.7,70.0,-0.006831,-0.027364
200.38,70.0,0.006447,-0.013664
203.88,70.0,0.020831,0.000782
207.38,70.0,0.036694,0.016675
211.05,70.0,0.051142,0.030736
214.55,70.0,0.06568,0.044762
218.23,70.0,0.079263,0.05776
221.9,70.0,0.091715,0.069386
225.4,70.0,0.102753,0.080187
228.9,70.0,0.11259,0.08974
232.58,70.0,0.121268,0.098009
236.08,70.0,0.128012,0.104993
239.58,70.0,0.13389,0.110748
243.25,70.0,0.138551,0.115748
246.75,70.0,0.142229,0.119334
250.25,70.0,0.145011,0.122541
253.93,70.0,0.147753,0.124919
257.43,70.0,0.149599,0.127017
260.93,70.0,0.151114,0.128831
264.43,70.0,0.152273,0.130498
268.1,70.0,0.153582,0.131499
271.6,70.0,0.154642,0.132544
275.28,70.0,0.15588,0.133302
278.78,70.0,0.157257,0.134254
281.93,70.0,0.158151,0.135683
285.78,70.0,0.16015,0.137257
289.45,70.0,0.162839,0.139867
292.95,70.0,0.166604,0.142916
296.45,70.0,0.170729,0.147263
299.95,70.0,0.175061,0.151333
303.45,70.0,0.180908,0.157146
307.13,70.0,0.187719,0.163449
310.63,70.0,0.195181,0.170803
314.3,70.0,0.203221,0.178798
317.8,70.0,0.211086,0.186838
321.3,70.0,0.218992,0.194987
324.98,70.0,0.227008,0.202923
328.48,70.0,0.234062,0.210199
331.98,70.0,0.238529,0.214789
335.48,70.0,0.24011,0.216586
339.15,70.0,0.237547,0.213881
342.65,70.0,0.230781,0.2073
346.15,70.0,0.220079,0.197239
349.65,70.0,0.206814,0.18361
353.33,70.0,0.190763,0.168046
356.83,70.0,0.174534,0.151407
360.5,70.0,0.15796,0.134685
364.0,70.0,0.14177,0.119383
367.5,70.0,0.126672,0.10417
371.18,70.0,0.113674,0.09141
373.98,70.0,0.103305,0.081774
378.18,70.0,0.096795,0.07478
381.68,70.0,0.093366,0.071293
385.35,70.0,0.092917,0.070831
388.68,70.0,0.094916,0.072812
392.35,70.0,0.098742,0.077196
395.85,70.0,0.104469,0.082883
399.35,70.0,0.111607,0.089352
403.03,70.0,0.118422,0.096761
406.53,70.0,0.125085,0.103015
410.03,70.0,0.130387,0.108696
413.53,70.0,0.135356,0.113875
417.03,70.0,0.139574,0.117347
420.18,70.0,0.142359,0.119956
424.2,70.0,0.144481,0.122689
427.7,70.0,0.146056,0.123986
431.2,70.0,0.14735,0.124494
434.88,70.0,0.148052,0.124269
438.55,70.0,0.14849,0.124993
442.05,70.0,0.148412,0.125526
445.73,70.0,0.148681,0.125236
449.23,70.0,0.148449,0.125689
452.73,70.0,0.148579,0.125205
456.23,70.0,0.148228,0.125279
459.9,70.0,0.147642,0.125415
463.4,70.0,0.146361,0.124528
466.9,70.0,0.145316,0.123218
470.58,70.0,0.144346,0.122685
474.08,70.0,0.144063,0.121909
477.58,70.0,0.144318,0.122547
481.08,70.0,0.145125,0.123031
484.58,70.0,0.146724,0.124716
488.25,70.0,0.150215,0.127109
491.75,70.0,0.154543,0.131268
495.43,70.0,0.160754,0.1358
499.1,70.0,0.167756,0.14365
502.6,70.0,0.17547,0.151259
506.1,70.0,0.183785,0.159749
509.6,70.0,0.191413,0.167319
513.28,70.0,0.199269,0.175501
516.78,70.0,0.205378,0.181512
520.28,70.0,0.209882,0.185899
523.95,70.0,0.212269,0.189367
527.63,70.0,0.211721,0.188585
531.13,70.0,0.208286,0.184913
534.63,70.0,0.201992,0.178961
538.13,70.0,0.192464,0.169839
541.8,70.0,0.181355,0.156777
545.48,70.0,0.169278,0.146438
548.98,70.0,0.157171,0.134032
552.48,70.0,0.144947,0.121878
556.15,70.0,0.135233,0.112685
559.65,70.0,0.127319,0.104475
563.15,70.0,0.121857,0.099241
566.65,70.0,0.118046,0.095566
570.33,70.0,0.116632,0.094888
573.83,70.0,0.117895,0.096213
577.33,70.0,0.120323,0.098314
581.0,70.0,0.123893,0.101604
584.5,70.0,0.127464,0.106154
588.0,70.0,0.132186,0.110517
591.5,70.0,0.136244,0.114315
595.0,70.0,0.140326,0.118145
598.68,70.0,0.14381,0.121068
602.0,70.0,0.147325,0.124414
605.85,70.0,0.150735,0.127371
609.35,70.0,0.153563,0.130477
613.03,70.0,0.15596,0.132174
616.53,70.0,0.157652,0.133733
620.2,70.0,0.159121,0.135609
623.7,70.0,0.159968,0.136527
627.2,70.0,0.160412,0.13661
630.7,70.0,0.16044,0.137695
634.38,70.0,0.160273,0.137522
637.88,70.0,0.160273,0.137932
641.38,70.0,0.160187,0.137762
645.05,70.0,0.16047,0.138551
648.55,70.0,0.160782,0.138573
652.05,70.0,0.161117,0.139001
655.73,70.0,0.16112,0.1386
659.57,70.0,0.161087,0.135729
663.07,70.0,0.160526,0.136952
666.57,70.0,0.160335,0.136743
670.25,70.0,0.159562,0.136395
673.75,70.0,0.158711,0.135338
677.07,70.0,0.157821,0.136074
680.92,70.0,0.157359,0.135249
684.6,70.0,0.156758,0.134318
688.1,70.0,0.155883,0.133788
691.25,70.0,0.155159,0.133132
695.1,70.0,0.15429,0.132017
698.77,70.0,0.153154,0.130344
702.45,70.0,0.152396,0.128853
705.77,70.0,0.151244,0.128446
709.45,70.0,0.149642,0.126681
13.13,105.0,0.244651,0.208665
16.63,105.0,0.262294,0.237192
20.13,105.0,0.27852,0.253428
23.8,105.0,0.292205,0.266154
27.13,105.0,0.303039,0.277195
30.98,105.0,0.311866,0.285757
34.48,105.0,0.318418,0.292436
37.98,105.0,0.323249,0.296502
41.65,105.0,0.326669,0.299657
45.15,105.0,0.328631,0.302051
48.83,105.0,0.33011,0.302661
52.33,105.0,0.330874,0.304219
55.83,105.0,0.331206,0.304657
59.33,105.0,0.331203,0.304771
62.83,105.0,0.330966,0.304524
66.5,105.0,0.330187,0.304145
70.0,105.0,0.329087,0.302907
73.5,105.0,0.327879,0.302004
77.0,105.0,0.326696,0.301003
80.68,105.0,0.325966,0.300181
84.18,105.0,0.324795,0.299774
87.68,105.0,0.324287,0.29832
91.35,105.0,0.323834,0.298129
94.85,105.0,0.323819,0.298412
98.53,105.0,0.325375,0.299395
102.03,105.0,0.328338,0.302069
105.53,105.0,0.333221,0.306521
109.03,105.0,0.339743,0.312362
112.7,105.0,0.347337,0.319839
116.38,105.0,0.356955,0.329142
119.88,105.0,0.367205,0.339715
123.2,105.0,0.37844,0.350559
126.88,105.0,0.389909,0.361986
130.38,105.0,0.401511,0.37372
134.05,105.0,0.410809,0.383086
137.55,105.0,0.416671,0.389287
141.05,105.0,0.417072,0.389789
144.73,105.0,0.410741,0.384041
148.4,105.0,0.396585,0.370113
151.9,105.0,0.375834,0.349786
155.58,105.0,0.349472,0.323899
159.08,105.0,0.318175,0.293089
162.58,105.0,0.282621,0.257617
166.25,105.0,0.24779,0.224143
169.75,105.0,0.214004,0.190421
173.25,105.0,0.182162,0.1595
176.93,105.0,0.156931,0.13418
180.43,105.0,0.136539,0.114405
183.75,105.0,0.122531,0.100381
187.43,105.0,0.114343,0.092347
190.93,105.0,0.112072,0.089824
194.6,105.0,0.114978,0.092938
198.1,105.0,0.121453,0.099571
201.6,105.0,0.130717,0.108795
205.1,105.0,0.141148,0.119164
208.6,105.0,0.151841,0.129389
212.28,105.0,0.162427,0.139817
215.78,105.0,0.172574,0.149719
219.45,105.0,0.18194,0.158517
222.95,105.0,0.190304,0.16686
226.45,105.0,0.198508,0.174882
229.95,105.0,0.205279,0.180723
233.63,105.0,0.211302,0.186761
237.3,105.0,0.216509,0.191105
240.98,105.0,0.219608,0.195791
244.65,105.0,0.222313,0.198542
248.15,105.0,0.223616,0.199913
251.83,105.0,0.223924,0.20023
255.5,105.0,0.223292,0.200347
259.0,105.0,0.222879,0.199112
262.5,105.0,0.221903,0.198452
266.0,105.0,0.220649,0.194928
269.5,105.0,0.219355,0.195895
273.18,105.0,0.2184,0.19442
276.68,105.0,0.217337,0.193603
280.18,105.0,0.216407,0.191857
283.68,105.0,0.216764,0.192085
287.18,105.0,0.216887,0.192501
290.85,105.0,0.218228,0.193295
294.35,105.0,0.219072,0.194269
298.03,105.0,0.220578,0.196284
301.7,105.0,0.222821,0.200366
305.2,105.0,0.225997,0.202122
308.7,105.0,0.230051,0.206351
312.38,105.0,0.23494,0.21104
315.88,105.0,0.24064,0.216441
319.38,105.0,0.246875,0.222852
322.88,105.0,0.252507,0.22796
326.38,105.0,0.257947,0.233215
330.05,105.0,0.262411,0.237882
333.38,105.0,0.264953,0.240258
337.05,105.0,0.265002,0.240399
340.55,105.0,0.262433,0.237926
344.05,105.0,0.256293,0.231585
347.55,105.0,0.246826,0.222584
351.05,105.0,0.234112,0.210064
354.73,105.0,0.217947,0.193061
358.23,105.0,0.200717,0.177396
361.73,105.0,0.182608,0.159254
365.4,105.0,0.165381,0.142491
368.9,105.0,0.149737,0.127186
372.58,105.0,0.135908,0.1141
376.08,105.0,0.124682,0.102679
379.58,105.0,0.115279,0.093995
383.08,105.0,0.108973,0.087756
386.75,105.0,0.103958,0.08316
390.25,105.0,0.100936,0.079774
393.75,105.0,0.098508,0.077602
397.25,105.0,0.096878,0.075578
400.93,105.0,0.095239,0.073822
404.25,105.0,0.092833,0.071891
407.93,105.0,0.089959,0.069016
411.43,105.0,0.08641,0.064784
414.75,105.0,0.081315,0.059066
418.6,105.0,0.076241,0.054984
422.1,105.0,0.070039,0.048607
425.78,105.0,0.062966,0.040387
429.28,105.0,0.054093,0.033262
432.95,105.0,0.045501,0.024956
436.45,105.0,0.035313,0.015492
440.13,105.0,0.024303,0.004676
443.63,105.0,0.01247,-0.007077
447.13,105.0,-0.000475,-0.019483
450.63,105.0,-0.013679,-0.032743
454.3,105.0,-0.028821,-0.046914
457.8,105.0,-0.044767,-0.062875
461.48,105.0,-0.063229,-0.080872
464.98,105.0,-0.083978,-0.101107
468.48,105.0,-0.106476,-0.122983
471.98,105.0,-0.130315,-0.146975
475.65,105.0,-0.154905,-0.172468
479.15,105.0,-0.174024,-0.190324
482.83,105.0,-0.18623,-0.202924
486.33,105.0,-0.188663,-0.205635
489.83,105.0,-0.181146,-0.196907
493.68,105.0,-0.165912,-0.182866
497.18,105.0,-0.144095,-0.161399
500.68,105.0,-0.118559,-0.136378
504.35,105.0,-0.090909,-0.109671
507.68,105.0,-0.061692,-0.080922
511.18,105.0,-0.034258,-0.053731
514.85,105.0,-0.008402,-0.027995
518.35,105.0,0.016167,-0.004631
522.03,105.0,0.036604,0.015757
525.53,105.0,0.053736,0.032387
529.03,105.0,0.066875,0.045261
532.53,105.0,0.077097,0.054978
535.85,105.0,0.083748,0.061188
539.7,105.0,0.088031,0.06657
542.85,105.0,0.090742,0.068474
546.7,105.0,0.092035,0.069288
550.2,105.0,0.092233,0.070372
554.05,105.0,0.092812,0.071253
557.55,105.0,0.093662,0.071995
561.05,105.0,0.09515,0.073918
564.73,105.0,0.097165,0.07605
568.23,105.0,0.101043,0.079423
571.73,105.0,0.105369,0.084195
575.4,105.0,0.110584,0.08914
578.9,105.0,0.11612,0.094192
582.4,105.0,0.121573,0.099722
586.08,105.0,0.126666,0.104688
589.58,105.0,0.131302,0.108918
593.08,105.0,0.135375,0.112559
596.58,105.0,0.139007,0.115378
600.08,105.0,0.141404,0.119136
603.58,105.0,0.143043,0.120221
606.9,105.0,0.144238,0.121043
610.75,105.0,0.144478,0.121053
614.25,105.0,0.144047,0.120711
617.75,105.0,0.143671,0.12039
621.25,105.0,0.142461,0.119441
624.93,105.0,0.142005,0.119201
628.43,105.0,0.140923,0.118453
632.1,105.0,0.139888,0.117612
635.6,105.0,0.138376,0.11666
639.1,105.0,0.137186,0.115387
642.78,105.0,0.135464,0.113887
646.28,105.0,0.133625,0.111841
649.78,105.0,0.131894,0.110144
653.27,105.0,0.130356,0.108779
656.95,105.0,0.128878,0.107196
660.45,105.0,0.127288,0.104959
663.95,105.0,0.125994,0.103394
667.62,105.0,0.124053,0.101533
671.3,105.0,0.121783,0.098197
674.8,105.0,0.119823,0.097122
678.47,105.0,0.117935,0.095677
681.97,105.0,0.116031,0.093767
685.3,105.0,0.114069,0.091626
688.97,105.0,0.112057,0.089876
692.47,105.0,0.110353,0.087886
695.97,105.0,0.108188,0.086863
699.47,105.0,0.106284,0.084568
703.15,105.0,0.104053,0.082763
706.65,105.0,0.102214,0.080732
710.15,105.0,0.099771,0.078733
12.78,140.0,0.348893,0.306659
16.28,140.0,0.349999,0.323458
20.13,140.0,0.350214,0.323107
23.8,140.0,0.350128,0.323477
27.3,140.0,0.350199,0.323101
30.98,140.0,0.349983,0.322574
34.65,140.0,0.349863,0.324355
38.15,140.0,0.34958,0.321521
41.65,140.0,0.349413,0.322584
45.15,140.0,0.348776,0.322118
48.65,140.0,0.347969,0.321508
52.15,140.0,0.346665,0.32092
55.65,140.0,0.345196,0.318994
59.33,140.0,0.343976,0.3182
62.83,140.0,0.342799,0.317029
66.5,140.0,0.342192,0.316385
70.0,140.0,0.341887,0.316037
73.5,140.0,0.341428,0.315221
77.18,140.0,0.341665,0.315027
80.68,140.0,0.342094,0.315279
84.35,140.0,0.343751,0.317245
87.85,140.0,0.346474,0.319004
91.35,140.0,0.350088,0.323776
94.68,140.0,0.355501,0.327473
98.53,140.0,0.361909,0.334367
102.03,140.0,0.369912,0.342448
105.7,140.0,0.378828,0.351481
109.03,140.0,0.389152,0.361407
112.7,140.0,0.401545,0.373865
116.2,140.0,0.414792,0.387081
119.88,140.0,0.429361,0.401582
123.38,140.0,0.443581,0.415747
126.88,140.0,0.458122,0.429795
130.38,140.0,0.47079,0.442164
134.05,140.0,0.481551,0.452663
137.55,140.0,0.488119,0.458834
141.05,140.0,0.488304,0.459373
144.55,140.0,0.481095,0.452793
148.23,140.0,0.466212,0.437331
151.73,140.0,0.444287,0.416684
155.23,140.0,0.41417,0.38669
158.38,140.0,0.376977,0.350584
162.23,140.0,0.337697,0.312177
165.9,140.0,0.293779,0.269047
169.23,140.0,0.249016,0.226367
173.25,140.0,0.209241,0.187183
176.75,140.0,0.174771,0.153101
180.43,140.0,0.146355,0.125467
183.75,140.0,0.124257,0.103462
187.6,140.0,0.110735,0.089673
191.1,140.0,0.10438,0.083064
194.6,140.0,0.104411,0.082726
198.28,140.0,0.110132,0.087686
201.95,140.0,0.120125,0.096355
205.45,140.0,0.132491,0.108893
208.95,140.0,0.14544,0.121767
212.45,140.0,0.158197,0.134676
215.95,140.0,0.170957,0.147069
219.63,140.0,0.181869,0.158181
223.13,140.0,0.191872,0.167972
226.8,140.0,0.200621,0.176783
230.13,140.0,0.207596,0.184512
233.8,140.0,0.214029,0.19039
237.3,140.0,0.219035,0.195486
240.98,140.0,0.223286,0.199796
244.3,140.0,0.226706,0.20295
248.15,140.0,0.229407,0.205202
251.65,140.0,0.231219,0.206755
255.33,140.0,0.232325,0.2073
258.83,140.0,0.232864,0.208751
262.33,140.0,0.233178,0.208782
265.83,140.0,0.233742,0.208819
269.33,140.0,0.234106,0.209035
272.83,140.0,0.234266,0.20946
276.5,140.0,0.234374,0.209771
280.18,140.0,0.235803,0.211481
283.68,140.0,0.237956,0.213896
287.35,140.0,0.241234,0.217374
290.68,140.0,0.244743,0.220892
294.35,140.0,0.249198,0.225061
297.85,140.0,0.253474,0.229204
301.53,140.0,0.258881,0.234349
305.03,140.0,0.264786,0.240384
308.53,140.0,0.271447,0.246798
312.03,140.0,0.278511,0.253154
315.7,140.0,0.28458,0.258397
319.2,140.0,0.290107,0.264709
322.7,140.0,0.294475,0.268837
326.2,140.0,0.296117,0.270402
329.88,140.0,0.295325,0.269044
333.38,140.0,0.290276,0.26434
337.05,140.0,0.281126,0.255674
340.55,140.0,0.268881,0.244115
344.05,140.0,0.252537,0.228271
347.73,140.0,0.232331,0.208801
351.4,140.0,0.205304,0.183985
355.08,140.0,0.17986,0.158622
358.58,140.0,0.154099,0.132273
362.08,140.0,0.127941,0.106789
366.28,140.0,0.098342,0.07596
369.78,140.0,0.077605,0.056327
373.28,140.0,0.058354,0.038413
376.95,140.0,0.041805,0.022458
380.45,140.0,0.027827,0.008668
383.95,140.0,0.016484,-0.00245
387.45,140.0,0.007079,-0.012129
390.95,140.0,-0.000543,-0.019659
394.63,140.0,-0.008485,-0.027367
398.13,140.0,-0.015164,-0.034585
401.8,140.0,-0.023747,-0.04343
405.3,140.0,-0.0335,-0.053115
408.98,140.0,-0.044998,-0.064948
412.48,140.0,-0.059616,-0.078303
416.15,140.0,-0.076784,-0.094696
419.65,140.0,-0.097678,-0.115537
423.15,140.0,-0.119856,-0.137253
426.65,140.0,-0.141159,-0.158047
430.33,140.0,-0.157465,-0.173389
433.83,140.0,-0.164899,-0.180053
437.33,140.0,-0.1609,-0.178035
441.18,140.0,-0.146544,-0.163149
444.68,140.0,-0.125691,-0.143171
448.18,140.0,-0.098969,-0.117262
451.68,140.0,-0.06725,-0.086405
455.18,140.0,-0.033941,-0.054258
458.85,140.0,-0.000491,-0.022324
462.35,140.0,0.031888,0.010101
465.85,140.0,0.062997,0.039836
469.7,140.0,0.093819,0.070785
473.2,140.0,0.120609,0.09734
476.88,140.0,0.145806,0.122655
480.38,140.0,0.169525,0.146182
484.05,140.0,0.191496,0.167809
487.55,140.0,0.213492,0.189697
491.05,140.0,0.234491,0.209974
494.73,140.0,0.254672,0.229019
498.4,140.0,0.272932,0.247732
501.9,140.0,0.291213,0.264201
505.4,140.0,0.307975,0.281918
508.9,140.0,0.323344,0.2958
512.58,140.0,0.335803,0.308585
515.9,140.0,0.344949,0.317744
519.58,140.0,0.350464,0.3234
523.25,140.0,0.351795,0.324993
526.75,140.0,0.348539,0.321921
530.25,140.0,0.340991,0.315387
533.93,140.0,0.329364,0.303335
537.43,140.0,0.314549,0.289571
540.93,140.0,0.29726,0.272457
544.43,140.0,0.279075,0.255199
547.93,140.0,0.260972,0.23746
551.6,140.0,0.243301,0.219996
555.1,140.0,0.227356,0.204112
558.43,140.0,0.213551,0.190615
562.28,140.0,0.203101,0.180181
565.78,140.0,0.196749,0.173249
569.28,140.0,0.193699,0.170202
572.78,140.0,0.194361,0.170372
576.45,140.0,0.197109,0.172494
579.95,140.0,0.202544,0.177457
583.45,140.0,0.20865,0.184408
587.13,140.0,0.216231,0.191241
590.63,140.0,0.223449,0.19885
594.13,140.0,0.231339,0.206327
597.63,140.0,0.238385,0.213415
601.3,140.0,0.245107,0.220483
604.8,140.0,0.250495,0.225741
608.3,140.0,0.255384,0.230797
611.8,140.0,0.259164,0.234293
615.3,140.0,0.26194,0.237695
618.98,140.0,0.264164,0.239749
622.48,140.0,0.265544,0.241579
625.98,140.0,0.266548,0.242337
629.65,140.0,0.266992,0.242611
633.15,140.0,0.267417,0.242876
636.65,140.0,0.267165,0.242889
640.15,140.0,0.26747,0.242497
643.82,140.0,0.267038,0.241909
647.32,140.0,0.266798,0.241071
650.82,140.0,0.265997,0.240868
654.5,140.0,0.265048,0.238831
658.0,140.0,0.264355,0.239401
661.5,140.0,0.263178,0.237695
665.0,140.0,0.261918,0.236536
668.67,140.0,0.260794,0.235735
672.17,140.0,0.259663,0.235134
675.67,140.0,0.258603,0.233874
679.17,140.0,0.257451,0.232932
682.85,140.0,0.25584,0.231376
686.35,140.0,0.254589,0.230671
689.85,140.0,0.253175,0.229152
693.35,140.0,0.251324,0.227846
697.02,140.0,0.249805,0.225738
700.52,140.0,0.248033,0.223933
704.02,140.0,0.245683,0.222134
707.52,140.0,0.243967,0.220076
711.02,140.0,0.242229,0.218332
12.6,175.0,0.325051,0.283234
16.45,175.0,0.319423,0.292645
19.95,175.0,0.314447,0.288973
23.63,175.0,0.309583,0.285236
27.13,175.0,0.305486,0.280082
30.63,175.0,0.301743,0.27714
34.3,175.0,0.299583,0.274946
37.8,175.0,0.298591,0.273375
41.3,175.0,0.298024,0.273049
44.8,175.0,0.297661,0.272463
48.48,175.0,0.297149,0.272399
51.98,175.0,0.296992,0.271071
55.48,175.0,0.296622,0.270935
58.98,175.0,0.296256,0.270141
62.65,175.0,0.295895,0.269891
66.15,175.0,0.295405,0.269663
69.65,175.0,0.295874,0.269752
72.28,175.0,0.296853,0.270563
76.65,175.0,0.297981,0.27222
80.15,175.0,0.300242,0.273813
83.65,175.0,0.303043,0.276746
86.98,175.0,0.307168,0.280818
90.83,175.0,0.312183,0.285523
94.33,175.0,0.318246,0.291718
97.83,175.0,0.324654,0.298748
101.5,175.0,0.331866,0.30641
105.0,175.0,0.34011,0.314016
108.5,175.0,0.349438,0.32328
112.18,175.0,0.360467,0.33433
115.68,175.0,0.374222,0.347448
119.18,175.0,0.391363,0.362962
122.85,175.0,0.409888,0.381733
126.35,175.0,0.429096,0.399962
130.03,175.0,0.44673,0.41803
133.53,175.0,0.462093,0.432143
137.03,175.0,0.473048,0.443313
140.53,175.0,0.478954,0.448936
144.2,175.0,0.477263,0.448039
147.7,175.0,0.468095,0.43933
151.2,175.0,0.450778,0.422728
154.88,175.0,0.42429,0.3977
158.55,175.0,0.389176,0.364232
162.05,175.0,0.350809,0.326055
165.73,175.0,0.307306,0.284112
169.23,175.0,0.264253,0.241256
172.73,175.0,0.223449,0.200963
176.4,175.0,0.186435,0.164725
179.73,175.0,0.156401,0.134494
183.23,175.0,0.132424,0.111244
186.9,175.0,0.114974,0.093508
190.58,175.0,0.104614,0.080708
194.08,175.0,0.100988,0.079247
197.58,175.0,0.103702,0.080942
201.25,175.0,0.110757,0.088246
204.75,175.0,0.121016,0.098123
208.25,175.0,0.132507,0.109623
211.93,175.0,0.146321,0.124124
215.6,175.0,0.15844,0.135769
218.93,175.0,0.170587,0.147485
222.6,175.0,0.181006,0.158286
226.1,175.0,0.190689,0.167538
229.6,175.0,0.200264,0.176894
233.28,175.0,0.208009,0.184565
236.78,175.0,0.215042,0.191274
240.28,175.0,0.220101,0.19685
243.78,175.0,0.225082,0.20117
247.28,175.0,0.228474,0.204115
250.95,175.0,0.231117,0.206287
254.8,175.0,0.233314,0.20673
258.3,175.0,0.234287,0.209506
261.8,175.0,0.236163,0.211296
265.48,175.0,0.237051,0.212926
268.98,175.0,0.238169,0.213462
272.48,175.0,0.239411,0.215344
276.15,175.0,0.241114,0.217805
279.65,175.0,0.24328,0.219139
283.15,175.0,0.245849,0.221955
286.65,175.0,0.249044,0.225054
290.15,175.0,0.252402,0.228215
293.83,175.0,0.256505,0.232171
297.33,175.0,0.261302,0.236126
300.83,175.0,0.266142,0.241462
304.5,175.0,0.272014,0.246123
308.0,175.0,0.277926,0.252596
311.5,175.0,0.283409,0.257679
315.18,175.0,0.289022,0.263268
318.68,175.0,0.2936,0.267386
322.18,175.0,0.295353,0.269583
325.68,175.0,0.295091,0.269167
329.18,175.0,0.289882,0.264447
332.85,175.0,0.280162,0.255612
336.53,175.0,0.266099,0.242448
340.03,175.0,0.247929,0.22446
343.53,175.0,0.224811,0.20239
347.03,175.0,0.198554,0.17669
350.7,175.0,0.170942,0.149478
354.2,175.0,0.142128,0.120551
357.7,175.0,0.112778,0.091881
361.38,175.0,0.085249,0.064337
365.05,175.0,0.060394,0.039248
368.55,175.0,0.038502,0.018702
372.05,175.0,0.019201,-0.000974
375.73,175.0,0.002812,-0.017046
378.88,175.0,-0.010571,-0.030491
382.73,175.0,-0.020663,-0.040192
386.23,175.0,-0.028731,-0.048547
389.73,175.0,-0.036723,-0.056107
393.4,175.0,-0.044018,-0.062055
396.9,175.0,-0.051501,-0.070281
400.4,175.0,-0.060327,-0.07777
403.9,175.0,-0.070722,-0.088399
407.58,175.0,-0.082995,-0.099927
411.08,175.0,-0.098047,-0.115034
414.58,175.0,-0.116171,-0.132228
418.25,175.0,-0.136193,-0.152366
421.75,175.0,-0.15533,-0.171427
425.08,175.0,-0.168685,-0.18497
428.93,175.0,-0.172696,-0.189772
432.6,175.0,-0.165771,-0.18436
436.1,175.0,-0.150028,-0.167986
439.78,175.0,-0.126193,-0.145068
443.28,175.0,-0.097172,-0.116636
446.78,175.0,-0.063436,-0.083608
450.28,175.0,-0.029643,-0.050423
453.78,175.0,0.004189,-0.016769
457.45,175.0,0.037855,0.01605
460.95,175.0,0.068887,0.046857
464.45,175.0,0.096974,0.074981
467.95,175.0,0.124318,0.10169
470.93,175.0,0.149343,0.126598
475.13,175.0,0.171392,0.14828
478.63,175.0,0.191721,0.16803
482.13,175.0,0.21186,0.18824
485.8,175.0,0.231284,0.206647
489.3,175.0,0.248625,0.224115
492.8,175.0,0.265861,0.240446
496.48,175.0,0.282722,0.256721
499.98,175.0,0.299789,0.273532
503.48,175.0,0.315821,0.28945
506.98,175.0,0.330017,0.30315
510.48,175.0,0.341795,0.314229
514.15,175.0,0.350405,0.322858
517.65,175.0,0.355458,0.328406
521.15,175.0,0.356493,0.32917
524.65,175.0,0.352707,0.325874
528.15,175.0,0.34433,0.317972
531.65,175.0,0.331869,0.30645
535.33,175.0,0.316096,0.29076
538.83,175.0,0.297556,0.272818
542.33,175.0,0.277547,0.253924
545.83,175.0,0.257768,0.23433
549.5,175.0,0.238209,0.215184
553.0,175.0,0.220399,0.197387
556.5,175.0,0.204937,0.182485
560.18,175.0,0.192812,0.170162
563.68,175.0,0.184494,0.161931
567.18,175.0,0.179599,0.156644
570.85,175.0,0.17828,0.155347
574.35,175.0,0.180495,0.156909
577.85,175.0,0.185587,0.16202
581.35,175.0,0.192621,0.168961
584.85,175.0,0.20231,0.177769
588.53,175.0,0.212824,0.187781
592.03,175.0,0.223505,0.198782
595.53,175.0,0.233834,0.208437
599.03,175.0,0.243292,0.217996
602.7,175.0,0.251826,0.226379
606.2,175.0,0.259346,0.233646
609.7,175.0,0.265298,0.240061
613.2,175.0,0.271185,0.246302
617.4,175.0,0.276656,0.252035
620.9,175.0,0.280196,0.254928
624.4,175.0,0.283243,0.258308
627.9,175.0,0.286163,0.260292
631.4,175.0,0.287984,0.262513
634.9,175.0,0.289971,0.264435
638.58,175.0,0.291524,0.265224
642.07,175.0,0.29279,0.266508
645.57,175.0,0.293804,0.268243
649.25,175.0,0.294876,0.26889
652.75,175.0,0.295738,0.26986
656.25,175.0,0.296789,0.271213
659.75,175.0,0.297889,0.272085
663.25,175.0,0.298905,0.273018
666.92,175.0,0.299722,0.27491
670.42,175.0,0.300295,0.275184
673.92,175.0,0.300923,0.275997
677.6,175.0,0.301444,0.276453
681.27,175.0,0.301555,0.276117
684.77,175.0,0.30173,0.276354
688.27,175.0,0.301884,0.276046
691.77,175.0,0.301992,0.27629
695.45,175.0,0.302275,0.276434
698.95,175.0,0.302571,0.27665
702.45,175.0,0.302654,0.276869
705.95,175.0,0.302765,0.276641
709.45,175.0,0.302571,0.276684
12.43,210.18,0.25239,0.213289
16.1,210.18,0.243357,0.218982
19.6,210.18,0.234447,0.210584
23.28,210.18,0.226407,0.202701
26.78,210.18,0.219069,0.195991
30.45,210.18,0.213588,0.190563
34.13,210.18,0.209032,0.185954
37.63,210.18,0.205957,0.182692
41.13,210.18,0.204589,0.181009
44.63,210.18,0.204583,0.180812
48.13,210.18,0.205433,0.182168
51.63,210.18,0.206971,0.18303
55.48,210.18,0.209728,0.183936
59.15,210.18,0.212651,0.187645
62.83,210.18,0.21617,0.193733
66.5,210.18,0.218982,0.195852
70.0,210.18,0.223046,0.199143
73.5,210.18,0.226447,0.202747
77.18,210.18,0.230717,0.206795
80.68,210.18,0.234675,0.210982
84.18,210.18,0.240119,0.216093
87.68,210.18,0.24572,0.220945
91.18,210.18,0.251271,0.226271
94.85,210.18,0.257778,0.232664
98.35,210.18,0.265045,0.240036
101.85,210.18,0.273702,0.247334
105.35,210.18,0.283539,0.257892
109.03,210.18,0.296521,0.26962
112.53,210.18,0.311379,0.284589
116.03,210.18,0.328002,0.300637
119.53,210.18,0.347023,0.320461
123.2,210.18,0.366724,0.339306
126.7,210.18,0.387322,0.359312
130.38,210.18,0.407981,0.37978
133.88,210.18,0.426638,0.399589
137.2,210.18,0.441246,0.412771
141.05,210.18,0.449962,0.422189
144.55,210.18,0.452479,0.424256
148.23,210.18,0.447648,0.41933
151.73,210.18,0.434392,0.406776
155.23,210.18,0.41352,0.385871
158.73,210.18,0.384848,0.358424
162.23,210.18,0.350627,0.325067
165.9,210.18,0.313006,0.288274
169.4,210.18,0.273773,0.249817
172.9,210.18,0.23519,0.211416
176.58,210.18,0.198942,0.175809
180.08,210.18,0.167978,0.145443
183.58,210.18,0.143887,0.121697
187.08,210.18,0.126638,0.104691
190.75,210.18,0.115843,0.093989
194.25,210.18,0.111487,0.090332
197.75,210.18,0.113037,0.09145
201.25,210.18,0.119706,0.097929
204.75,210.18,0.128918,0.1069
208.43,210.18,0.140979,0.118884
211.93,210.18,0.153502,0.131071
215.43,210.18,0.166382,0.143037
219.1,210.18,0.178563,0.155514
222.6,210.18,0.190387,0.166737
226.28,210.18,0.2019,0.177482
229.78,210.18,0.211709,0.187587
233.28,210.18,0.220014,0.19555
236.78,210.18,0.227023,0.202732
240.45,210.18,0.232676,0.207186
243.95,210.18,0.236558,0.211545
247.45,210.18,0.2395,0.214774
250.95,210.18,0.242097,0.216986
254.45,210.18,0.243591,0.219161
258.13,210.18,0.24531,0.220387
261.63,210.18,0.246897,0.22235
265.13,210.18,0.248129,0.223702
268.63,210.18,0.249611,0.225131
272.13,210.18,0.250609,0.225923
275.63,210.18,0.251724,0.226946
279.3,210.18,0.252972,0.228696
282.63,210.18,0.254777,0.230895
286.3,210.18,0.257279,0.233132
289.8,210.18,0.260344,0.235788
293.3,210.18,0.263973,0.239417
296.8,210.18,0.268271,0.243489
300.48,210.18,0.273218,0.248511
303.98,210.18,0.279053,0.253813
307.48,210.18,0.284657,0.259839
311.15,210.18,0.291247,0.26527
314.65,210.18,0.295917,0.271203
318.15,210.18,0.299275,0.273323
321.65,210.18,0.299395,0.273446
325.15,210.18,0.295979,0.269925
328.83,210.18,0.286752,0.260751
332.5,210.18,0.275116,0.249663
336.0,210.18,0.258385,0.233591
339.5,210.18,0.23718,0.213064
343.18,210.18,0.211216,0.188908
346.68,210.18,0.183622,0.161912
350.35,210.18,0.155335,0.133724
353.85,210.18,0.126379,0.105606
357.35,210.18,0.097698,0.077627
360.85,210.18,0.07141,0.051604
364.53,210.18,0.047803,0.027991
368.03,210.18,0.02674,0.007057
371.7,210.18,0.008715,-0.010749
375.2,210.18,-0.005059,-0.024899
378.7,210.18,-0.016147,-0.035694
382.2,210.18,-0.024711,-0.044292
385.88,210.18,-0.031255,-0.051147
389.38,210.18,-0.037253,-0.056559
392.88,210.18,-0.042293,-0.062111
396.38,210.18,-0.047681,-0.067354
400.05,210.18,-0.054616,-0.073571
403.2,210.18,-0.062881,-0.081177
407.05,210.18,-0.073519,-0.091692
410.73,210.18,-0.087591,-0.104985
414.23,210.18,-0.105013,-0.122228
417.73,210.18,-0.125684,-0.141627
421.23,210.18,-0.146267,-0.162182
424.9,210.18,-0.162832,-0.178463
428.58,210.18,-0.170272,-0.186538
431.9,210.18,-0.167342,-0.184147
435.58,210.18,-0.154939,-0.172123
439.08,210.18,-0.13444,-0.152058
442.58,210.18,-0.107813,-0.126196
446.08,210.18,-0.075247,-0.09541
449.75,210.18,-0.040755,-0.062092
453.25,210.18,-0.008094,-0.029073
456.75,210.18,0.025036,0.002787
460.43,210.18,0.056185,0.033382
463.93,210.18,0.084349,0.061771
467.6,210.18,0.111777,0.088616
471.1,210.18,0.136373,0.11283
474.6,210.18,0.15865,0.135437
478.28,210.18,0.179189,0.15547
481.78,210.18,0.198619,0.174802
485.28,210.18,0.217236,0.193271
488.78,210.18,0.234552,0.210501
492.28,210.18,0.250945,0.226123
495.6,210.18,0.266049,0.241256
499.45,210.18,0.280365,0.254728
503.13,210.18,0.29348,0.267713
506.45,210.18,0.304983,0.277913
510.3,210.18,0.314358,0.286656
513.8,210.18,0.320353,0.293914
517.48,210.18,0.323612,0.297291
520.98,210.18,0.32295,0.296736
524.48,210.18,0.318455,0.292007
527.98,210.18,0.309959,0.284435
531.48,210.18,0.297907,0.27267
535.15,210.18,0.283163,0.258582
538.65,210.18,0.266897,0.243295
542.15,210.18,0.249657,0.226321
545.65,210.18,0.232168,0.208952
549.33,210.18,0.2147,0.19202
552.83,210.18,0.198625,0.176157
556.5,210.18,0.185372,0.16227
560.0,210.18,0.176037,0.153677
563.5,210.18,0.170523,0.147501
567.18,210.18,0.168289,0.144934
570.68,210.18,0.169706,0.145905
574.35,210.18,0.173699,0.149506
577.85,210.18,0.179996,0.156207
581.35,210.18,0.187879,0.163671
584.85,210.18,0.197479,0.173258
588.53,210.18,0.207574,0.1834
592.03,210.18,0.218,0.193576
595.53,210.18,0.227913,0.203104
599.03,210.18,0.237078,0.212436
602.53,210.18,0.246308,0.221598
606.2,210.18,0.254777,0.230082
609.7,210.18,0.262836,0.238403
613.2,210.18,0.270415,0.245781
616.87,210.18,0.277956,0.252537
620.55,210.18,0.283884,0.2586
624.05,210.18,0.288961,0.263711
627.55,210.18,0.293135,0.268033
631.05,210.18,0.29633,0.26926
634.72,210.18,0.298557,0.272442
638.22,210.18,0.300486,0.273951
641.72,210.18,0.30189,0.275741
645.22,210.18,0.303092,0.277017
648.9,210.18,0.304386,0.278271
652.4,210.18,0.304959,0.279373
656.07,210.18,0.305587,0.279558
659.57,210.18,0.305717,0.280261
663.07,210.18,0.306866,0.281755
666.57,210.18,0.308397,0.283252
670.25,210.18,0.310482,0.284894
673.75,210.18,0.311983,0.287134
677.25,210.18,0.314013,0.288837
680.75,210.18,0.315726,0.290347
684.25,210.18,0.317186,0.291638
687.92,210.18,0.318169,0.292735
691.25,210.18,0.318462,0.292873
694.75,210.18,0.318668,0.293372
698.42,210.18,0.318298,0.291727
702.1,210.18,0.317648,0.290806
705.6,210.18,0.317165,0.289746
709.45,210.18,0.316921,0.290609
12.78,245.18,0.12487,0.092605
16.28,245.18,0.110726,0.088422
19.78,245.18,0.096352,0.074103
23.45,245.18,0.084266,0.062806
26.95,245.18,0.074254,0.052858
30.63,245.18,0.066389,0.045816
34.13,245.18,0.061241,0.040717
37.63,245.18,0.058299,0.037473
41.3,245.18,0.057042,0.037227
44.8,245.18,0.057698,0.037304
48.3,245.18,0.059731,0.039186
51.98,245.18,0.062747,0.042014
55.48,245.18,0.066552,0.044808
58.98,245.18,0.070816,0.049836
62.48,245.18,0.075739,0.054993
65.98,245.18,0.080594,0.05922
69.48,245.18,0.085788,0.064343
73.15,245.18,0.091472,0.069093
76.65,245.18,0.096798,0.074297
80.15,245.18,0.102889,0.080705
83.65,245.18,0.108973,0.086968
87.33,245.18,0.115772,0.092535
90.83,245.18,0.123218,0.100113
94.33,245.18,0.130396,0.107303
97.83,245.18,0.138748,0.11507
101.33,245.18,0.147282,0.124023
105.0,245.18,0.157615,0.134485
108.5,245.18,0.168628,0.145344
112.0,245.18,0.181114,0.157494
115.5,245.18,0.195954,0.172171
119.0,245.18,0.213181,0.188791
122.68,245.18,0.232953,0.208292
126.18,245.18,0.253813,0.229072
129.68,245.18,0.276176,0.250923
133.35,245.18,0.298378,0.272642
136.68,245.18,0.319466,0.293449
140.35,245.18,0.337186,0.311197
143.85,245.18,0.350661,0.324275
147.35,245.18,0.357962,0.331031
151.03,245.18,0.358178,0.331684
154.53,245.18,0.351474,0.325322
158.03,245.18,0.337186,0.311518
161.53,245.18,0.31572,0.2899
165.2,245.18,0.289044,0.263723
168.7,245.18,0.260341,0.236394
172.2,245.18,0.231626,0.207331
175.7,245.18,0.203126,0.180011
179.38,245.18,0.178172,0.155326
182.88,245.18,0.158631,0.13609
186.38,245.18,0.143868,0.121657
190.05,245.18,0.134198,0.112233
193.55,245.18,0.129438,0.107384
197.05,245.18,0.129127,0.106943
200.55,245.18,0.132387,0.11072
204.05,245.18,0.138748,0.116234
207.55,245.18,0.146564,0.123782
211.23,245.18,0.155985,0.133674
214.73,245.18,0.165486,0.142855
218.23,245.18,0.175082,0.152645
221.9,245.18,0.184885,0.161533
225.4,245.18,0.19336,0.169632
228.9,245.18,0.201857,0.177698
232.58,245.18,0.20913,0.184127
236.08,245.18,0.216515,0.190785
239.75,245.18,0.223246,0.198283
243.25,245.18,0.229752,0.204882
246.75,245.18,0.235085,0.210375
250.25,245.18,0.239598,0.214768
253.93,245.18,0.243569,0.218523
257.43,245.18,0.246327,0.221746
261.1,245.18,0.24771,0.224062
264.6,245.18,0.248671,0.224565
268.1,245.18,0.249244,0.225282
271.6,245.18,0.249555,0.225667
275.1,245.18,0.249919,0.225504
278.78,245.18,0.250754,0.226764
282.28,245.18,0.25271,0.228511
285.78,245.18,0.255399,0.230871
289.28,245.18,0.258609,0.234235
292.95,245.18,0.263104,0.237642
296.28,245.18,0.268329,0.242969
299.95,245.18,0.274833,0.249845
303.45,245.18,0.28218,0.256826
306.95,245.18,0.290501,0.26491
310.28,245.18,0.298757,0.272975
314.13,245.18,0.306844,0.28011
317.63,245.18,0.313483,0.286752
321.13,245.18,0.31864,0.292232
324.8,245.18,0.321579,0.295137
328.3,245.18,0.321246,0.29523
331.8,245.18,0.317701,0.29218
335.3,245.18,0.310723,0.285387
338.8,245.18,0.299629,0.274201
342.48,245.18,0.284186,0.260621
345.98,245.18,0.267014,0.243603
349.65,245.18,0.24743,0.224337
353.15,245.18,0.225399,0.202762
356.65,245.18,0.201998,0.1793
360.33,245.18,0.178751,0.156567
363.83,245.18,0.157916,0.13572
367.5,245.18,0.13803,0.11617
371.0,245.18,0.120292,0.098557
374.5,245.18,0.105397,0.083668
378.0,245.18,0.094007,0.072208
381.5,245.18,0.08523,0.063323
385.18,245.18,0.07897,0.057307
388.68,245.18,0.074232,0.052485
392.35,245.18,0.070307,0.048838
395.85,245.18,0.066555,0.045578
399.35,245.18,0.062821,0.042448
403.03,245.18,0.057282,0.037267
406.53,245.18,0.050335,0.030233
410.03,245.18,0.041669,0.022029
413.53,245.18,0.031044,0.011592
417.2,245.18,0.017451,-0.001618
420.7,245.18,0.00105,-0.018029
424.2,245.18,-0.016969,-0.035509
427.7,245.18,-0.036818,-0.055078
431.38,245.18,-0.059887,-0.078201
434.88,245.18,-0.086131,-0.103676
438.55,245.18,-0.114887,-0.132958
442.05,245.18,-0.141214,-0.158112
445.55,245.18,-0.164973,-0.181532
449.23,245.18,-0.18167,-0.198069
452.73,245.18,-0.188836,-0.20525
456.23,245.18,-0.187209,-0.20395
459.73,245.18,-0.177391,-0.194615
463.23,245.18,-0.161692,-0.17923
466.9,245.18,-0.141553,-0.159458
470.4,245.18,-0.119625,-0.13749
473.9,245.18,-0.096812,-0.115081
477.58,245.18,-0.073657,-0.092169
481.08,245.18,-0.052311,-0.071218
484.58,245.18,-0.032875,-0.051855
488.25,245.18,-0.016298,-0.035937
492.45,245.18,0.000591,-0.021322
495.95,245.18,0.010816,-0.010623
499.45,245.18,0.018939,-0.001248
502.95,245.18,0.024466,0.004513
506.63,245.18,0.02727,0.007624
510.13,245.18,0.028342,0.008129
513.63,245.18,0.027818,0.007898
517.3,245.18,0.027196,0.007467
520.8,245.18,0.026724,0.006777
524.3,245.18,0.02739,0.007529
527.98,245.18,0.029867,0.009491
531.3,245.18,0.03434,0.013764
534.98,245.18,0.040301,0.019556
538.48,245.18,0.047485,0.026441
541.98,245.18,0.054663,0.033413
545.48,245.18,0.063101,0.041309
549.15,245.18,0.070834,0.048702
552.65,245.18,0.079087,0.056349
556.5,245.18,0.087026,0.065566
560.0,245.18,0.095871,0.073687
563.5,245.18,0.106198,0.084047
566.48,245.18,0.117116,0.094731
570.5,245.18,0.129081,0.106684
574.18,245.18,0.141601,0.119559
577.68,245.18,0.154719,0.132183
581.35,245.18,0.168453,0.145631
584.85,245.18,0.182119,0.158071
588.35,245.18,0.194922,0.172143
592.03,245.18,0.208628,0.184025
595.53,245.18,0.220994,0.196339
599.03,245.18,0.232704,0.207802
602.7,245.18,0.242722,0.216536
606.2,245.18,0.25108,0.225054
609.7,245.18,0.258899,0.232861
613.2,245.18,0.265221,0.239752
616.88,245.18,0.270988,0.245248
620.37,245.18,0.276046,0.250929
623.87,245.18,0.279851,0.254796
628.07,245.18,0.283991,0.258483
631.75,245.18,0.286826,0.260775
635.25,245.18,0.289327,0.262839
638.75,245.18,0.29128,0.265307
642.25,245.18,0.292892,0.26625
645.92,245.18,0.293951,0.268283
649.42,245.18,0.295187,0.269451
652.92,245.18,0.295686,0.270017
656.6,245.18,0.296422,0.270778
660.1,245.18,0.296607,0.27165
663.6,245.18,0.297272,0.271887
667.1,245.18,0.297661,0.272426
670.77,245.18,0.297775,0.272944
674.27,245.18,0.297587,0.272562
677.77,245.18,0.297694,0.272688
681.45,245.18,0.297784,0.27267
684.95,245.18,0.298006,0.271961
688.62,245.18,0.298443,0.270914
692.12,245.18,0.299232,0.273154
695.8,245.18,0.299688,0.273874
699.3,245.18,0.299688,0.273391
702.62,245.18,0.3001,0.273828
706.47,245.18,0.29982,0.274176
709.97,245.18,0.299931,0.274423
13.3,280.18,-0.009255,-0.03342
16.98,280.18,-0.015195,-0.035832
20.83,280.18,-0.021353,-0.040438
24.5,280.18,-0.025303,-0.04395
28.0,280.18,-0.028106,-0.047136
31.5,280.18,-0.030127,-0.048466
35.18,280.18,-0.030977,-0.049982
38.68,280.18,-0.03135,-0.050617
42.35,280.18,-0.030635,-0.05001
45.85,280.18,-0.029317,-0.048648
49.35,280.18,-0.027576,-0.046843
53.03,280.18,-0.024782,-0.046011
56.53,280.18,-0.02156,-0.041763
60.03,280.18,-0.018189,-0.038682
63.7,280.18,-0.014631,-0.034896
67.55,280.18,-0.010709,-0.028032
71.22,280.18,-0.006698,-0.026202
74.72,280.18,-0.002521,-0.021905
78.4,280.18,0.001755,-0.018066
82.6,280.18,0.006897,-0.014314
86.27,280.18,0.011919,-0.007394
89.95,280.18,0.017288,-0.002924
93.45,280.18,0.023009,0.002609
97.3,280.18,0.030464,0.007057
100.8,280.18,0.037242,0.015988
104.47,280.18,0.045206,0.023872
107.97,280.18,0.053197,0.031493
111.82,280.18,0.063807,0.04454
115.32,280.18,0.073209,0.052538
119.0,280.18,0.08442,0.063169
122.5,280.18,0.097217,0.075495
126.0,280.18,0.11186,0.089802
129.67,280.18,0.128077,0.105363
133.17,280.18,0.145021,0.121681
136.67,280.18,0.162772,0.138388
140.35,280.18,0.18011,0.155338
143.85,280.18,0.196398,0.171583
147.35,280.18,0.210566,0.185458
151.03,280.18,0.22059,0.195483
154.7,280.18,0.225951,0.202864
158.38,280.18,0.224928,0.201875
161.88,280.18,0.219247,0.195791
165.38,280.18,0.208807,0.186151
168.88,280.18,0.195304,0.172796
172.55,280.18,0.179611,0.156616
176.23,280.18,0.165298,0.143024
179.73,280.18,0.151672,0.128591
183.58,280.18,0.13979,0.11596
187.43,280.18,0.130655,0.110735
191.1,280.18,0.126533,0.104725
194.6,280.18,0.125292,0.103203
198.1,280.18,0.126499,0.104525
201.6,280.18,0.13051,0.107359
205.28,280.18,0.136281,0.113634
208.78,280.18,0.142482,0.119103
212.45,280.18,0.149879,0.126496
215.95,280.18,0.157377,0.133499
219.63,280.18,0.164679,0.141087
223.13,280.18,0.171564,0.147923
226.63,280.18,0.17791,0.154432
230.3,280.18,0.183992,0.160757
233.8,280.18,0.189432,0.165914
237.3,280.18,0.194867,0.171869
240.98,280.18,0.199358,0.176462
244.48,280.18,0.203372,0.180384
248.15,280.18,0.207993,0.184386
251.65,280.18,0.21242,0.188884
255.15,280.18,0.217537,0.193206
258.83,280.18,0.222162,0.197738
263.03,280.18,0.228203,0.203317
266.53,280.18,0.232202,0.208249
270.03,280.18,0.236071,0.212291
273.7,280.18,0.239004,0.215202
277.2,280.18,0.242143,0.217445
280.88,280.18,0.244984,0.221361
284.38,280.18,0.24824,0.223178
287.88,280.18,0.251317,0.226515
292.08,280.18,0.257544,0.231844
295.58,280.18,0.262525,0.237938
299.08,280.18,0.268958,0.244546
302.58,280.18,0.27702,0.251989
306.25,280.18,0.284987,0.259814
309.75,280.18,0.293998,0.268505
313.25,280.18,0.30258,0.276669
316.75,280.18,0.31132,0.285375
320.43,280.18,0.318908,0.292423
323.93,280.18,0.32572,0.29872
327.43,280.18,0.330079,0.303511
331.1,280.18,0.332919,0.305547
334.6,280.18,0.332466,0.306059
338.28,280.18,0.329133,0.302026
341.78,280.18,0.322473,0.296607
345.45,280.18,0.312319,0.287248
348.95,280.18,0.300643,0.275587
352.45,280.18,0.287109,0.261915
355.95,280.18,0.272032,0.24807
359.63,280.18,0.257017,0.23336
363.13,280.18,0.242356,0.218911
366.63,280.18,0.229081,0.205954
370.13,280.18,0.218258,0.194799
373.63,280.18,0.209343,0.186207
377.3,280.18,0.203234,0.180406
380.8,280.18,0.19999,0.176428
384.3,280.18,0.19893,0.175218
387.98,280.18,0.199823,0.175584
391.48,280.18,0.202639,0.178314
395.15,280.18,0.206351,0.181456
399.18,280.18,0.211447,0.188218
402.68,280.18,0.216262,0.192833
406.35,280.18,0.219993,0.196284
409.85,280.18,0.224143,0.200295
413.35,280.18,0.227873,0.203129
417.03,280.18,0.230874,0.20612
420.7,280.18,0.233724,0.208428
424.2,280.18,0.235597,0.210452
427.7,280.18,0.236678,0.211894
431.2,280.18,0.237396,0.212137
434.7,280.18,0.237768,0.21304
438.2,280.18,0.237818,0.212633
441.7,280.18,0.237821,0.213089
444.85,280.18,0.23804,0.213486
448.88,280.18,0.238154,0.213816
452.38,280.18,0.238206,0.213794
455.88,280.18,0.238009,0.214361
459.38,280.18,0.238271,0.214441
463.05,280.18,0.238141,0.214863
466.55,280.18,0.238351,0.214937
470.23,280.18,0.239152,0.21555
473.73,280.18,0.239669,0.215976
477.23,280.18,0.241176,0.216841
480.9,280.18,0.24299,0.218471
484.4,280.18,0.245769,0.221706
487.9,280.18,0.248881,0.224552
491.4,280.18,0.252522,0.22755
495.08,280.18,0.256727,0.231533
498.58,280.18,0.261179,0.235618
502.25,280.18,0.264953,0.239287
505.4,280.18,0.26946,0.243656
509.25,280.18,0.273597,0.247778
512.75,280.18,0.276918,0.251598
516.43,280.18,0.279164,0.253677
520.1,280.18,0.279601,0.255744
523.6,280.18,0.277205,0.252787
527.1,280.18,0.272919,0.248163
530.6,280.18,0.265868,0.241715
534.1,280.18,0.256595,0.23275
537.6,280.18,0.245504,0.221974
541.1,280.18,0.232396,0.209216
544.78,280.18,0.218585,0.194931
548.28,280.18,0.203422,0.180852
551.95,280.18,0.188533,0.165627
555.45,280.18,0.17413,0.151046
558.95,280.18,0.159669,0.137156
562.45,280.18,0.144907,0.122433
566.13,280.18,0.127963,0.105242
569.63,280.18,0.107803,0.086198
573.13,280.18,0.081891,0.060504
576.8,280.18,0.052205,0.031718
580.65,280.18,0.020982,0.003585
584.15,280.18,0.001952,-0.017012
587.82,280.18,-0.006476,-0.025213
591.32,280.18,-0.003759,-0.022921
595.35,280.18,0.009824,-0.014117
598.85,280.18,0.027886,0.006398
602.35,280.18,0.048601,0.026586
605.85,280.18,0.07003,0.047602
609.87,280.18,0.093388,0.073203
613.37,280.18,0.112913,0.090735
617.05,280.18,0.130261,0.108
620.55,280.18,0.145279,0.122109
624.05,280.18,0.157883,0.134038
627.55,280.18,0.168637,0.14495
631.22,280.18,0.177035,0.153459
634.72,280.18,0.183794,0.159759
638.22,280.18,0.188465,0.164549
641.9,280.18,0.192072,0.167929
645.4,280.18,0.194811,0.170674
649.07,280.18,0.196123,0.171958
652.57,280.18,0.196308,0.172833
656.25,280.18,0.195822,0.172953
659.75,280.18,0.194685,0.172331
663.42,280.18,0.193083,0.170245
666.92,280.18,0.19088,0.168086
670.6,280.18,0.188043,0.164999
674.1,280.18,0.185058,0.162082
677.6,280.18,0.181284,0.158237
681.1,280.18,0.176838,0.153791
684.77,280.18,0.172464,0.147294
688.27,280.18,0.167762,0.144383
691.77,280.18,0.163037,0.139971
695.45,280.18,0.158271,0.134783
698.95,280.18,0.153166,0.13056
702.62,280.18,0.148071,0.125427
706.12,280.18,0.142202,0.120304
709.8,280.18,0.135868,0.114463
12.6,315.18,-0.041828,-0.066328
16.1,315.18,-0.030873,-0.050275
20.3,315.18,-0.01599,-0.035457
23.8,315.18,-0.003017,-0.023408
27.3,315.18,0.009562,-0.011618
30.97,315.18,0.021379,-0.000765
34.47,315.18,0.031657,0.009895
38.15,315.18,0.03971,0.018197
41.65,315.18,0.046404,0.025015
45.15,315.18,0.051278,0.030637
48.82,315.18,0.055421,0.034756
52.32,315.18,0.058453,0.037411
56.0,315.18,0.060378,0.040332
59.5,315.18,0.061478,0.040923
62.65,315.18,0.061838,0.041419
66.5,315.18,0.060803,0.040994
70.0,315.18,0.059417,0.038576
73.5,315.18,0.056484,0.036204
77.35,315.18,0.051801,0.030122
80.85,315.18,0.046099,0.025045
84.35,315.18,0.037288,0.016349
87.85,315.18,0.025526,0.004956
91.52,315.18,0.006999,-0.013698
95.02,315.18,-0.016279,-0.035497
98.52,315.18,-0.043084,-0.06192
102.2,315.18,-0.071067,-0.088895
105.7,315.18,-0.094295,-0.111276
109.37,315.18,-0.109206,-0.126584
112.87,315.18,-0.115543,-0.132527
116.37,315.18,-0.112533,-0.130395
119.87,315.18,-0.101578,-0.119323
123.55,315.18,-0.08168,-0.099908
127.05,315.18,-0.056097,-0.075065
130.55,315.18,-0.027003,-0.04667
134.05,315.18,0.004288,-0.016202
137.72,315.18,0.038012,0.016558
141.22,315.18,0.070101,0.048052
144.72,315.18,0.100005,0.076965
148.22,315.18,0.126447,0.103228
151.9,315.18,0.146589,0.123154
155.4,315.18,0.160295,0.136099
158.9,315.18,0.16726,0.14332
162.4,315.18,0.167664,0.143952
166.07,315.18,0.16239,0.139035
169.57,315.18,0.153135,0.130141
173.25,315.18,0.140486,0.118727
176.92,315.18,0.127159,0.105474
180.42,315.18,0.11482,0.093936
184.1,315.18,0.10438,0.083915
187.6,315.18,0.09718,0.076253
191.1,315.18,0.09361,0.072128
194.77,315.18,0.092972,0.071275
198.27,315.18,0.095597,0.073884
201.77,315.18,0.10096,0.07869
205.27,315.18,0.108921,0.086194
208.95,315.18,0.118671,0.095381
212.62,315.18,0.129599,0.106056
216.12,315.18,0.141518,0.118083
219.8,315.18,0.152639,0.129506
223.3,315.18,0.163092,0.140147
226.97,315.18,0.173292,0.150701
230.48,315.18,0.182658,0.159266
233.98,315.18,0.191505,0.168261
237.48,315.18,0.200329,0.176851
240.63,315.18,0.209004,0.185409
244.65,315.18,0.217876,0.194146
248.15,315.18,0.226699,0.202719
251.65,315.18,0.235091,0.211108
255.15,315.18,0.243043,0.218348
258.83,315.18,0.249546,0.224451
262.5,315.18,0.255603,0.229774
266.0,315.18,0.261071,0.23572
269.68,315.18,0.265911,0.239876
273.18,315.18,0.270871,0.245218
276.68,315.18,0.275664,0.249962
280.18,315.18,0.280199,0.254712
283.85,315.18,0.285045,0.260073
287.0,315.18,0.290729,0.265698
291.03,315.18,0.297143,0.271869
294.53,315.18,0.304925,0.279506
298.03,315.18,0.313921,0.28832
301.53,315.18,0.324272,0.298619
305.2,315.18,0.335267,0.309497
308.7,315.18,0.347109,0.320741
312.2,315.18,0.359266,0.332802
315.0,315.18,0.371511,0.344506
319.2,315.18,0.38319,0.35551
322.88,315.18,0.393132,0.365526
326.38,315.18,0.400849,0.372965
329.88,315.18,0.405165,0.37641
333.38,315.18,0.405125,0.377066
337.05,315.18,0.400818,0.372528
340.55,315.18,0.391148,0.363748
344.23,315.18,0.377633,0.350824
347.73,315.18,0.361262,0.334891
351.23,315.18,0.342602,0.316736
354.73,315.18,0.321718,0.296493
358.23,315.18,0.299611,0.274962
361.9,315.18,0.27865,0.254491
365.23,315.18,0.260205,0.236163
368.73,315.18,0.244343,0.2208
372.4,315.18,0.231669,0.208816
375.9,315.18,0.222827,0.19933
379.58,315.18,0.218086,0.194805
383.08,315.18,0.217504,0.193884
386.58,315.18,0.219343,0.196083
390.08,315.18,0.224457,0.200726
393.23,315.18,0.231542,0.207051
397.25,315.18,0.239229,0.214537
400.93,315.18,0.247799,0.221586
404.43,315.18,0.255637,0.230039
408.1,315.18,0.263976,0.238471
411.6,315.18,0.27108,0.245652
415.28,315.18,0.278298,0.252494
418.78,315.18,0.284558,0.259697
422.28,315.18,0.290809,0.265341
425.95,315.18,0.296228,0.270828
429.45,315.18,0.30096,0.275735
432.95,315.18,0.30503,0.279734
436.28,315.18,0.308495,0.283616
440.13,315.18,0.311015,0.285741
443.63,315.18,0.312913,0.287269
447.3,315.18,0.315033,0.287962
450.98,315.18,0.317322,0.290513
454.48,315.18,0.319318,0.292599
458.15,315.18,0.320704,0.294158
461.65,315.18,0.322771,0.296012
465.15,315.18,0.324361,0.297728
468.83,315.18,0.326108,0.29945
472.33,315.18,0.328095,0.301333
475.83,315.18,0.330516,0.304836
479.33,315.18,0.334139,0.308425
483.0,315.18,0.338237,0.312359
486.5,315.18,0.342377,0.317386
490.0,315.18,0.348024,0.3221
493.68,315.18,0.354189,0.328101
497.18,315.18,0.360439,0.33368
500.68,315.18,0.367084,0.340233
504.35,315.18,0.373329,0.345353
507.85,315.18,0.379256,0.351052
511.35,315.18,0.383064,0.355535
515.03,315.18,0.385005,0.357278
518.53,315.18,0.383973,0.356351
522.2,315.18,0.380224,0.352417
525.7,315.18,0.373563,0.346591
529.2,315.18,0.36397,0.337392
532.7,315.18,0.351693,0.325507
536.2,315.18,0.336259,0.310541
539.7,315.18,0.31864,0.294007
543.38,315.18,0.299802,0.275723
547.05,315.18,0.281191,0.257362
550.73,315.18,0.265196,0.241305
554.23,315.18,0.251317,0.227541
557.73,315.18,0.240504,0.217038
561.23,315.18,0.232738,0.208844
564.73,315.18,0.228184,0.204346
568.4,315.18,0.226502,0.201826
571.9,315.18,0.227226,0.203237
575.4,315.18,0.229565,0.204987
578.9,315.18,0.233828,0.208391
582.57,315.18,0.237969,0.212688
586.07,315.18,0.242821,0.21746
589.57,315.18,0.24754,0.221949
593.07,315.18,0.251333,0.226262
596.57,315.18,0.255994,0.230815
600.25,315.18,0.260436,0.235979
603.75,315.18,0.264275,0.238911
607.25,315.18,0.266927,0.242171
610.92,315.18,0.2693,0.244666
614.42,315.18,0.271157,0.246616
617.92,315.18,0.272762,0.248437
621.42,315.18,0.27376,0.249278
625.1,315.18,0.274315,0.249759
628.6,315.18,0.27438,0.249315
632.1,315.18,0.274863,0.25015
635.6,315.18,0.274691,0.250079
639.27,315.18,0.275486,0.250384
642.77,315.18,0.27608,0.251077
646.27,315.18,0.276715,0.250988
649.77,315.18,0.277208,0.25178
653.45,315.18,0.277177,0.251607
656.95,315.18,0.276308,0.250202
660.62,315.18,0.274358,0.248665
664.12,315.18,0.271712,0.246157
667.62,315.18,0.26804,0.242809
671.12,315.18,0.263945,0.239062
674.62,315.18,0.259204,0.234389
678.12,315.18,0.254164,0.229796
681.62,315.18,0.249734,0.225212
685.12,315.18,0.245637,0.221096
688.62,315.18,0.241438,0.217504
692.3,315.18,0.237719,0.213619
695.8,315.18,0.233871,0.209996
699.3,315.18,0.2293,0.205871
702.8,315.18,0.223995,0.200892
706.47,315.18,0.218687,0.195667
709.97,315.18,0.212929,0.189722
12.25,350.18,0.087889,0.057464
15.93,350.18,0.086635,0.064617
19.43,350.18,0.083228,0.06105
22.58,350.18,0.078064,0.056114
26.6,350.18,0.070739,0.049044
29.93,350.18,0.061869,0.041567
33.78,350.18,0.051706,0.031604
37.28,350.18,0.040575,0.020782
40.78,350.18,0.027294,0.008139
44.28,350.18,0.011986,-0.007148
47.95,350.18,-0.006815,-0.02534
51.45,350.18,-0.029021,-0.047102
54.95,350.18,-0.055685,-0.073072
58.45,350.18,-0.083513,-0.100798
61.95,350.18,-0.108938,-0.125487
65.63,350.18,-0.129375,-0.146156
69.13,350.18,-0.143235,-0.159828
72.63,350.18,-0.150626,-0.167856
76.3,350.18,-0.150931,-0.16874
79.8,350.18,-0.146119,-0.16391
83.3,350.18,-0.136239,-0.154261
86.8,350.18,-0.122903,-0.141473
90.47,350.18,-0.10663,-0.125761
93.97,350.18,-0.088497,-0.107527
97.47,350.18,-0.068094,-0.087539
101.15,350.18,-0.046892,-0.06668
104.65,350.18,-0.025555,-0.046008
108.15,350.18,-0.003294,-0.023146
111.82,350.18,0.020517,0.000458
115.5,350.18,0.044978,0.02414
119.0,350.18,0.068705,0.047282
122.5,350.18,0.093237,0.07105
126.0,350.18,0.119112,0.09678
129.5,350.18,0.146034,0.122612
133.17,350.18,0.171761,0.14796
136.68,350.18,0.196204,0.17186
140.18,350.18,0.219096,0.193982
143.68,350.18,0.23832,0.212082
147.18,350.18,0.252417,0.226123
150.85,350.18,0.260714,0.235584
154.35,350.18,0.26267,0.237171
158.03,350.18,0.257987,0.233092
161.53,350.18,0.247648,0.223606
165.2,350.18,0.232245,0.208677
168.7,350.18,0.212901,0.190575
172.38,350.18,0.190843,0.168711
175.88,350.18,0.170242,0.14852
179.55,350.18,0.150748,0.129115
183.05,350.18,0.133887,0.112547
186.55,350.18,0.120384,0.098856
190.05,350.18,0.110766,0.088665
193.55,350.18,0.105323,0.083921
197.23,350.18,0.104383,0.083123
200.73,350.18,0.107279,0.085246
204.23,350.18,0.113702,0.090973
207.9,350.18,0.123684,0.100477
211.4,350.18,0.135594,0.112149
214.9,350.18,0.149478,0.125963
218.4,350.18,0.164198,0.140323
221.9,350.18,0.178742,0.154614
225.4,350.18,0.192507,0.168302
229.08,350.18,0.205101,0.180778
232.58,350.18,0.217254,0.192346
236.08,350.18,0.227559,0.203191
239.58,350.18,0.236391,0.212143
243.08,350.18,0.244897,0.220717
246.58,350.18,0.252436,0.22787
250.25,350.18,0.259866,0.235809
253.75,350.18,0.266564,0.242048
257.25,350.18,0.272963,0.248178
260.75,350.18,0.277953,0.253492
264.25,350.18,0.281921,0.25698
267.93,350.18,0.285076,0.260221
271.43,350.18,0.288027,0.262627
275.1,350.18,0.291496,0.265652
278.6,350.18,0.29531,0.268237
282.28,350.18,0.299601,0.273406
285.78,350.18,0.304897,0.278529
289.28,350.18,0.311028,0.284398
293.13,350.18,0.319407,0.294549
296.8,350.18,0.328415,0.30283
300.3,350.18,0.339435,0.313234
303.8,350.18,0.35075,0.324543
307.3,350.18,0.363612,0.336974
310.98,350.18,0.376856,0.349617
314.65,350.18,0.390562,0.362673
318.15,350.18,0.403347,0.375541
321.65,350.18,0.414142,0.385596
325.33,350.18,0.421702,0.392605
328.83,350.18,0.425932,0.39734
332.33,350.18,0.426012,0.39779
335.83,350.18,0.422177,0.393683
339.33,350.18,0.413578,0.385766
343.0,350.18,0.400541,0.373123
346.5,350.18,0.383079,0.356126
350.0,350.18,0.363141,0.336764
353.68,350.18,0.341351,0.31588
357.18,350.18,0.317959,0.29344
360.68,350.18,0.294084,0.270295
364.18,350.18,0.272174,0.248529
367.85,350.18,0.253012,0.229759
371.35,350.18,0.236937,0.213785
374.85,350.18,0.224315,0.201213
378.35,350.18,0.21535,0.192371
381.68,350.18,0.210128,0.186709
385.53,350.18,0.208875,0.185714
389.03,350.18,0.210729,0.186924
392.53,350.18,0.21564,0.191515
396.03,350.18,0.222337,0.197728
399.7,350.18,0.230849,0.20552
403.2,350.18,0.239136,0.213822
406.7,350.18,0.248073,0.222732
410.2,350.18,0.256749,0.23092
413.88,350.18,0.265067,0.239333
417.38,350.18,0.27307,0.247562
420.88,350.18,0.28096,0.255101
424.2,350.18,0.289099,0.263098
427.53,350.18,0.296206,0.270202
431.55,350.18,0.303009,0.277328
435.05,350.18,0.309697,0.284044
438.55,350.18,0.315301,0.289145
442.05,350.18,0.320467,0.294762
445.55,350.18,0.324494,0.299155
449.23,350.18,0.327183,0.301592
452.73,350.18,0.329894,0.304543
456.4,350.18,0.332121,0.306194
459.9,350.18,0.334185,0.308409
463.4,350.18,0.336733,0.311194
466.9,350.18,0.340224,0.31409
470.4,350.18,0.343711,0.317728
473.9,350.18,0.348344,0.3221
477.58,350.18,0.353967,0.327023
481.08,350.18,0.360338,0.332494
484.58,350.18,0.367636,0.339783
488.08,350.18,0.375405,0.347078
491.75,350.18,0.384161,0.356129
495.43,350.18,0.392959,0.365073
498.93,350.18,0.402186,0.374216
502.43,350.18,0.410572,0.382651
506.1,350.18,0.418261,0.390387
509.6,350.18,0.423363,0.395787
513.1,350.18,0.426721,0.399423
516.6,350.18,0.42726,0.400017
520.45,350.18,0.424238,0.396253
523.95,350.18,0.418144,0.390556
527.45,350.18,0.407429,0.380356
531.13,350.18,0.39263,0.365427
534.63,350.18,0.374848,0.347617
538.3,350.18,0.355344,0.328418
541.8,350.18,0.334691,0.308921
545.3,350.18,0.312417,0.286613
549.5,350.18,0.286736,0.263394
553.0,350.18,0.267312,0.243301
556.68,350.18,0.250504,0.225781
560.18,350.18,0.237473,0.213006
564.2,350.18,0.226863,0.202738
567.7,350.18,0.221955,0.197343
571.2,350.18,0.219947,0.196388
574.7,350.18,0.221268,0.197374
578.2,350.18,0.225202,0.201733
581.7,350.18,0.231034,0.207217
585.38,350.18,0.237805,0.214112
588.88,350.18,0.246108,0.222189
592.38,350.18,0.253717,0.229675
595.88,350.18,0.26149,0.236977
599.55,350.18,0.26811,0.243345
603.05,350.18,0.274765,0.249512
606.55,350.18,0.280168,0.254392
610.23,350.18,0.285184,0.259823
613.73,350.18,0.290227,0.264266
617.23,350.18,0.295104,0.269053
620.72,350.18,0.298819,0.273009
624.22,350.18,0.302522,0.275769
627.72,350.18,0.305951,0.279429
631.4,350.18,0.309013,0.282839
634.9,350.18,0.311086,0.28511
638.57,350.18,0.313323,0.287356
642.07,350.18,0.314728,0.288948
645.57,350.18,0.31547,0.290067
649.25,350.18,0.315104,0.290267
653.27,350.18,0.314629,0.285498
656.77,350.18,0.314062,0.288311
660.45,350.18,0.3136,0.287442
663.95,350.18,0.312861,0.286878
667.45,350.18,0.312343,0.286268
670.95,350.18,0.311604,0.285064
674.45,350.18,0.311336,0.285292
677.95,350.18,0.311179,0.284971
681.45,350.18,0.311148,0.285079
684.95,350.18,0.310489,0.284241
688.45,350.18,0.31003,0.284226
692.12,350.18,0.309481,0.283616
695.62,350.18,0.308865,0.283243
699.12,350.18,0.30816,0.28372
702.8,350.18,0.307525,0.28181
706.3,350.18,0.305905,0.280855
709.8,350.18,0.304598,0.279638
11.9,385.18,-0.003069,-0.026547
15.4,385.18,0.011078,-0.009499
19.08,385.18,0.026595,0.003964
22.58,385.18,0.040933,0.019251
26.25,385.18,0.0541,0.032106
29.93,385.18,0.066287,0.044925
33.6,385.18,0.075569,0.054491
37.28,385.18,0.083108,0.062997
40.95,385.18,0.090141,0.06881
44.8,385.18,0.095976,0.071607
48.3,385.18,0.101114,0.078832
51.8,385.18,0.105529,0.082981
55.3,385.18,0.109746,0.087328
58.98,385.18,0.113151,0.090498
62.3,385.18,0.116573,0.09393
65.98,385.18,0.119639,0.096989
69.48,385.18,0.122821,0.100674
73.15,385.18,0.126339,0.104334
77.0,385.18,0.130492,0.109066
80.68,385.18,0.134934,0.112458
84.18,385.18,0.139722,0.117162
87.68,385.18,0.144559,0.121244
91.18,385.18,0.150258,0.127239
94.68,385.18,0.156712,0.133077
98.18,385.18,0.163856,0.140461
101.85,385.18,0.171934,0.148015
105.35,385.18,0.180319,0.156419
109.03,385.18,0.190267,0.165988
112.53,385.18,0.201635,0.177371
116.03,385.18,0.213884,0.189672
119.7,385.18,0.227568,0.203412
123.2,385.18,0.242966,0.218496
126.7,385.18,0.260048,0.235113
130.2,385.18,0.277574,0.252577
133.88,385.18,0.295461,0.269903
137.38,385.18,0.311478,0.28596
140.88,385.18,0.325652,0.299546
144.55,385.18,0.335482,0.309293
147.88,385.18,0.340898,0.314845
151.55,385.18,0.340375,0.314466
155.05,385.18,0.334016,0.307913
158.55,385.18,0.321598,0.296305
162.05,385.18,0.303794,0.278813
165.55,385.18,0.281971,0.257263
169.05,385.18,0.258462,0.234423
172.73,385.18,0.232768,0.208813
176.23,385.18,0.207035,0.18348
179.73,385.18,0.183677,0.160874
183.4,385.18,0.163434,0.14064
186.9,385.18,0.147689,0.124854
190.4,385.18,0.136201,0.11356
193.9,385.18,0.128881,0.106466
197.58,385.18,0.126176,0.103896
200.9,385.18,0.127085,0.105061
204.4,385.18,0.131817,0.109109
208.25,385.18,0.139864,0.118665
211.75,385.18,0.15035,0.12795
215.25,385.18,0.161897,0.139737
218.75,385.18,0.174642,0.151669
222.25,385.18,0.187547,0.164349
225.93,385.18,0.200452,0.177017
229.43,385.18,0.212251,0.188428
232.93,385.18,0.222691,0.198637
236.43,385.18,0.231706,0.207901
239.23,385.18,0.238902,0.214602
243.43,385.18,0.244916,0.220806
247.1,385.18,0.249725,0.224894
250.6,385.18,0.253708,0.228979
254.28,385.18,0.25767,0.231188
257.78,385.18,0.261086,0.235476
261.28,385.18,0.26425,0.238813
264.95,385.18,0.267359,0.241653
268.45,385.18,0.271166,0.24543
271.95,385.18,0.275624,0.25015
275.45,385.18,0.280282,0.25486
279.13,385.18,0.286043,0.261425
282.63,385.18,0.29308,0.267966
286.13,385.18,0.300932,0.275375
289.63,385.18,0.309521,0.284241
293.3,385.18,0.318785,0.292987
296.8,385.18,0.327756,0.301767
300.65,385.18,0.338816,0.310091
304.15,385.18,0.348656,0.321746
307.65,385.18,0.359808,0.332433
311.33,385.18,0.371946,0.343751
315.0,385.18,0.38454,0.35758
318.68,385.18,0.394586,0.366086
322.18,385.18,0.40372,0.376305
325.68,385.18,0.41075,0.382796
329.88,385.18,0.415063,0.38352
333.55,385.18,0.414438,0.386228
337.05,385.18,0.409312,0.381647
340.55,385.18,0.399894,0.372408
344.05,385.18,0.385495,0.358566
347.55,385.18,0.367611,0.341367
351.23,385.18,0.347235,0.321598
354.73,385.18,0.325054,0.300332
358.23,385.18,0.301471,0.277645
361.9,385.18,0.279355,0.255701
365.4,385.18,0.260452,0.236746
368.9,385.18,0.24311,0.220042
372.4,385.18,0.22897,0.20576
376.08,385.18,0.217772,0.194004
379.4,385.18,0.210193,0.187411
383.08,385.18,0.206348,0.183261
386.58,385.18,0.20649,0.18246
390.43,385.18,0.209488,0.183955
393.93,385.18,0.215252,0.190436
397.43,385.18,0.222587,0.198052
400.93,385.18,0.231431,0.206666
404.43,385.18,0.24048,0.215304
408.1,385.18,0.249719,0.224287
411.6,385.18,0.257969,0.232485
415.1,385.18,0.265239,0.24023
418.6,385.18,0.271712,0.246681
422.1,385.18,0.277747,0.252565
425.6,385.18,0.282399,0.257081
429.28,385.18,0.286548,0.261897
432.78,385.18,0.290985,0.266237
436.63,385.18,0.295778,0.270168
440.13,385.18,0.300211,0.275141
443.63,385.18,0.305239,0.279531
447.13,385.18,0.310279,0.284352
450.63,385.18,0.314771,0.288674
454.3,385.18,0.319891,0.292916
457.8,385.18,0.324888,0.298092
461.48,385.18,0.329494,0.302556
464.98,385.18,0.33454,0.307839
468.48,385.18,0.339752,0.312716
471.98,385.18,0.344333,0.3175
475.48,385.18,0.349487,0.322328
479.15,385.18,0.3547,0.327741
482.65,385.18,0.36043,0.333967
486.15,385.18,0.367941,0.340519
489.65,385.18,0.375504,0.34819
493.15,385.18,0.384644,0.35754
496.83,385.18,0.393908,0.367362
500.33,385.18,0.403166,0.375908
503.83,385.18,0.411271,0.38429
507.5,385.18,0.41836,0.391006
511.0,385.18,0.423464,0.395763
514.5,385.18,0.426311,0.39876
518.0,385.18,0.426117,0.398113
521.68,385.18,0.421964,0.394555
525.18,385.18,0.414044,0.386869
528.68,385.18,0.401468,0.374623
532.18,385.18,0.384681,0.35763
535.68,385.18,0.365526,0.33933
539.18,385.18,0.344071,0.317959
541.98,385.18,0.320341,0.294102
546.53,385.18,0.298301,0.273489
550.03,385.18,0.277765,0.254361
553.7,385.18,0.260843,0.236967
557.2,385.18,0.245837,0.222725
560.88,385.18,0.234725,0.211333
564.55,385.18,0.227103,0.203622
568.05,385.18,0.222787,0.199253
571.73,385.18,0.222319,0.196647
575.23,385.18,0.22507,0.200098
578.9,385.18,0.22995,0.205301
582.4,385.18,0.236012,0.211185
585.9,385.18,0.243492,0.218166
589.58,385.18,0.250523,0.225258
593.08,385.18,0.257408,0.23214
596.58,385.18,0.264293,0.239509
600.25,385.18,0.270322,0.245353
603.75,385.18,0.276666,0.251931
607.25,385.18,0.281878,0.257026
610.75,385.18,0.286496,0.262017
614.25,385.18,0.290399,0.265399
617.4,385.18,0.293431,0.268779
621.43,385.18,0.295627,0.270821
624.93,385.18,0.297553,0.272778
628.6,385.18,0.299762,0.27393
632.1,385.18,0.301413,0.275649
635.6,385.18,0.30308,0.277276
639.28,385.18,0.304244,0.277701
642.78,385.18,0.304648,0.278375
646.28,385.18,0.305147,0.279118
649.77,385.18,0.305122,0.279216
653.27,385.18,0.305104,0.278859
656.95,385.18,0.305615,0.279386
660.45,385.18,0.305868,0.279398
663.95,385.18,0.305587,0.279543
667.45,385.18,0.304873,0.279112
671.12,385.18,0.304355,0.278954
674.8,385.18,0.303095,0.278656
677.77,385.18,0.302242,0.277192
681.8,385.18,0.301302,0.276475
685.47,385.18,0.300744,0.275754
688.97,385.18,0.300566,0.275301
692.65,385.18,0.300239,0.274105
696.15,385.18,0.299278,0.273613
699.82,385.18,0.298073,0.271579
703.32,385.18,0.295855,0.269592
706.82,385.18,0.293819,0.267457
710.5,385.18,0.291111,0.265433
12.78,420.18,0.099753,0.06983
16.45,420.18,0.097901,0.075908
20.13,420.18,0.095437,0.072491
23.8,420.18,0.093077,0.070945
27.3,420.18,0.090634,0.069207
30.8,420.18,0.088822,0.06743
34.48,420.18,0.087704,0.066632
37.98,420.18,0.087448,0.066385
41.65,420.18,0.087895,0.067565
45.15,420.18,0.089109,0.068188
48.65,420.18,0.090754,0.069827
52.15,420.18,0.093117,0.072029
55.65,420.18,0.095332,0.073844
59.15,420.18,0.097673,0.076117
62.83,420.18,0.100806,0.079201
66.33,420.18,0.104081,0.08206
69.83,420.18,0.10726,0.085381
73.5,420.18,0.111111,0.088178
77.0,420.18,0.115061,0.092322
80.5,420.18,0.118887,0.096521
84.18,420.18,0.123499,0.100603
87.68,420.18,0.12795,0.105101
91.18,420.18,0.133034,0.11011
94.68,420.18,0.138967,0.115498
98.35,420.18,0.14499,0.121817
101.85,420.18,0.152266,0.129559
105.35,420.18,0.159629,0.136447
108.85,420.18,0.168742,0.14592
112.35,420.18,0.179321,0.156253
116.03,420.18,0.191949,0.168539
119.7,420.18,0.205594,0.182149
123.2,420.18,0.220501,0.196838
126.88,420.18,0.236438,0.21174
130.38,420.18,0.253261,0.227584
134.05,420.18,0.270258,0.244072
137.55,420.18,0.286499,0.260239
141.05,420.18,0.301062,0.274836
144.55,420.18,0.313178,0.286031
148.23,420.18,0.321493,0.294842
151.73,420.18,0.324577,0.298135
155.23,420.18,0.322254,0.29584
158.73,420.18,0.313871,0.288418
162.4,420.18,0.300837,0.276034
166.08,420.18,0.283012,0.259213
169.58,420.18,0.263224,0.239913
173.25,420.18,0.241068,0.217769
176.58,420.18,0.218791,0.195991
180.25,420.18,0.197963,0.175353
183.75,420.18,0.17991,0.157196
187.43,420.18,0.165818,0.143671
190.93,420.18,0.156318,0.133286
194.43,420.18,0.150729,0.128055
197.93,420.18,0.149244,0.125865
201.6,420.18,0.150754,0.127414
205.1,420.18,0.154691,0.130911
208.78,420.18,0.159885,0.136435
212.28,420.18,0.166804,0.143252
215.78,420.18,0.174176,0.150628
219.28,420.18,0.182266,0.158924
222.95,420.18,0.189931,0.167152
226.45,420.18,0.197858,0.174281
230.13,420.18,0.204281,0.181225
233.63,420.18,0.210775,0.187131
237.13,420.18,0.216567,0.192818
240.63,420.18,0.221031,0.197279
244.3,420.18,0.22551,0.201521
247.8,420.18,0.229469,0.205341
251.3,420.18,0.233314,0.208576
254.8,420.18,0.236361,0.212186
258.3,420.18,0.239481,0.215208
261.98,420.18,0.242744,0.217876
265.48,420.18,0.245855,0.220714
268.98,420.18,0.248828,0.22389
272.48,420.18,0.251545,0.22653
275.98,420.18,0.254906,0.229565
279.65,420.18,0.258557,0.232827
283.15,420.18,0.262685,0.23739
286.65,420.18,0.267004,0.241798
290.15,420.18,0.272827,0.247149
293.65,420.18,0.279337,0.253884
297.33,420.18,0.287149,0.261573
300.83,420.18,0.296268,0.271191
304.33,420.18,0.306394,0.280791
308.0,420.18,0.317312,0.291693
311.5,420.18,0.328218,0.302297
315.0,420.18,0.340002,0.314303
318.5,420.18,0.351567,0.325159
322.18,420.18,0.36189,0.335529
325.68,420.18,0.370119,0.343569
329.18,420.18,0.374721,0.347901
332.85,420.18,0.375328,0.348156
336.35,420.18,0.371616,0.344466
339.85,420.18,0.363538,0.337192
343.35,420.18,0.352001,0.325316
347.03,420.18,0.336462,0.310036
350.53,420.18,0.318366,0.292189
354.03,420.18,0.298477,0.27279
357.7,420.18,0.278572,0.253748
361.2,420.18,0.26043,0.235803
364.7,420.18,0.244189,0.219974
368.2,420.18,0.229974,0.206096
371.7,420.18,0.21828,0.195135
375.38,420.18,0.210212,0.1871
378.88,420.18,0.205249,0.18287
382.55,420.18,0.204044,0.180982
386.05,420.18,0.204903,0.181826
389.55,420.18,0.208394,0.185033
393.05,420.18,0.213801,0.190298
396.55,420.18,0.220652,0.196533
400.05,420.18,0.228597,0.204327
403.73,420.18,0.236422,0.212393
407.23,420.18,0.244913,0.220147
410.73,420.18,0.252627,0.227232
414.4,420.18,0.259863,0.234232
417.9,420.18,0.265837,0.241096
421.4,420.18,0.271977,0.245766
424.9,420.18,0.277402,0.251154
428.4,420.18,0.281706,0.255957
432.25,420.18,0.286339,0.260954
435.75,420.18,0.290125,0.265273
439.43,420.18,0.293677,0.269139
442.93,420.18,0.296345,0.270784
446.43,420.18,0.298649,0.273412
449.93,420.18,0.300415,0.275677
453.43,420.18,0.30197,0.276974
457.1,420.18,0.303899,0.27876
460.6,420.18,0.305892,0.28076
464.1,420.18,0.309309,0.284068
467.6,420.18,0.313545,0.287944
471.28,420.18,0.319401,0.293218
474.78,420.18,0.325584,0.298837
478.28,420.18,0.331856,0.305171
481.95,420.18,0.339182,0.311428
485.45,420.18,0.346687,0.319463
488.95,420.18,0.355442,0.328384
492.28,420.18,0.364894,0.336844
496.13,420.18,0.374607,0.346601
499.63,420.18,0.384555,0.356659
503.13,420.18,0.393295,0.36519
506.8,420.18,0.401034,0.373347
510.3,420.18,0.406681,0.3788
513.8,420.18,0.410618,0.383163
517.3,420.18,0.411838,0.384044
520.8,420.18,0.40921,0.381804
524.3,420.18,0.402987,0.376151
527.8,420.18,0.392882,0.366394
531.3,420.18,0.379574,0.353243
534.98,420.18,0.363181,0.337762
538.3,420.18,0.344521,0.319355
542.15,420.18,0.325085,0.300242
545.65,420.18,0.304438,0.279589
549.15,420.18,0.284959,0.26056
552.83,420.18,0.267799,0.243594
556.15,420.18,0.253702,0.229062
559.83,420.18,0.242254,0.217919
563.33,420.18,0.234389,0.209216
567.0,420.18,0.229651,0.204472
570.5,420.18,0.227956,0.203489
574.0,420.18,0.228542,0.203677
577.68,420.18,0.231265,0.206496
581.18,420.18,0.235476,0.21068
584.68,420.18,0.241117,0.216767
588.18,420.18,0.247562,0.22299
591.85,420.18,0.254078,0.229407
595.35,420.18,0.260563,0.236219
599.03,420.18,0.266502,0.242504
602.53,420.18,0.271582,0.246813
606.03,420.18,0.276086,0.251376
609.35,420.18,0.2799,0.25515
613.38,420.18,0.28332,0.256487
616.88,420.18,0.285714,0.259648
620.38,420.18,0.28754,0.261629
623.88,420.18,0.288166,0.26169
627.55,420.18,0.288326,0.262627
631.05,420.18,0.28848,0.262343
634.55,420.18,0.288422,0.262873
638.22,420.18,0.288095,0.263064
641.72,420.18,0.287121,0.261841
645.22,420.18,0.286062,0.261031
648.72,420.18,0.2847,0.259715
652.4,420.18,0.283194,0.258138
655.9,420.18,0.281339,0.256841
659.57,420.18,0.279364,0.255372
663.07,420.18,0.276653,0.25243
666.57,420.18,0.27376,0.248924
670.25,420.18,0.270427,0.245763
673.75,420.18,0.266388,0.241776
677.42,420.18,0.262488,0.236641
680.92,420.18,0.257704,0.232722
684.42,420.18,0.252494,0.227658
687.92,420.18,0.247288,0.22242
691.42,420.18,0.240704,0.215708
695.27,420.18,0.233569,0.209315
698.77,420.18,0.225359,0.201074
702.45,420.18,0.215763,0.19303
705.77,420.18,0.205138,0.182143
709.45,420.18,0.192744,0.17039
11.9,455.18,0.028634,0.003878
15.4,455.18,0.018896,-0.000663
18.9,455.18,0.009084,-0.01111
22.58,455.18,0.000264,-0.019804
26.08,455.18,-0.007598,-0.026923
29.58,455.18,-0.013584,-0.03383
33.25,455.18,-0.018269,-0.038195
36.75,455.18,-0.021563,-0.041698
40.08,455.18,-0.023617,-0.043359
43.93,455.18,-0.024452,-0.044203
47.43,455.18,-0.024388,-0.044153
50.93,455.18,-0.023679,-0.043371
54.6,455.18,-0.022136,-0.04127
58.1,455.18,-0.020204,-0.039388
61.6,455.18,-0.017971,-0.037299
65.28,455.18,-0.015423,-0.034856
68.6,455.18,-0.01265,-0.031791
72.28,455.18,-0.009699,-0.02899
75.95,455.18,-0.00655,-0.025583
79.45,455.18,-0.002758,-0.022675
82.95,455.18,0.000846,-0.01891
86.45,455.18,0.004063,-0.015691
90.13,455.18,0.008098,-0.012302
93.63,455.18,0.01235,-0.008374
97.13,455.18,0.01666,-0.004329
100.8,455.18,0.021068,-0.000102
104.3,455.18,0.026108,0.0052
107.8,455.18,0.032316,0.011084
111.48,455.18,0.038551,0.017291
114.98,455.18,0.046081,0.024531
118.48,455.18,0.054398,0.033058
122.15,455.18,0.064056,0.043114
125.65,455.18,0.07474,0.0534
129.15,455.18,0.086435,0.064938
132.65,455.18,0.099552,0.078271
136.15,455.18,0.113791,0.091958
139.65,455.18,0.127689,0.10543
143.33,455.18,0.141601,0.119244
146.83,455.18,0.15397,0.131607
150.33,455.18,0.164404,0.141518
153.83,455.18,0.172112,0.149324
157.33,455.18,0.176629,0.153844
161.0,455.18,0.178302,0.155409
164.5,455.18,0.176598,0.154084
168.0,455.18,0.17234,0.150073
171.5,455.18,0.166262,0.143539
175.0,455.18,0.159041,0.135692
178.5,455.18,0.151629,0.129297
182.18,455.18,0.144713,0.121894
185.68,455.18,0.139223,0.11649
189.18,455.18,0.134956,0.112254
192.68,455.18,0.132799,0.110045
196.18,455.18,0.132861,0.109787
199.68,455.18,0.134398,0.111546
203.18,455.18,0.13771,0.114771
206.85,455.18,0.141986,0.118918
210.35,455.18,0.147248,0.124355
213.85,455.18,0.153024,0.13039
217.35,455.18,0.158391,0.135144
220.85,455.18,0.164494,0.141173
224.35,455.18,0.170209,0.146974
227.85,455.18,0.175597,0.152648
231.53,455.18,0.181311,0.158077
235.2,455.18,0.186854,0.164112
238.7,455.18,0.191598,0.168098
242.38,455.18,0.196154,0.172796
245.88,455.18,0.200778,0.176733
249.55,455.18,0.204546,0.17917
253.05,455.18,0.208616,0.185424
256.55,455.18,0.212291,0.188037
260.05,455.18,0.215618,0.191401
263.73,455.18,0.218915,0.194962
267.4,455.18,0.221376,0.196204
270.9,455.18,0.223982,0.199907
274.4,455.18,0.226866,0.202559
277.9,455.18,0.229586,0.20556
281.58,455.18,0.232476,0.208634
284.9,455.18,0.235387,0.211502
288.58,455.18,0.238942,0.21495
292.08,455.18,0.242821,0.218887
295.75,455.18,0.247205,0.223264
299.25,455.18,0.251718,0.227565
302.75,455.18,0.257112,0.232679
306.25,455.18,0.263517,0.238699
309.75,455.18,0.269722,0.244876
313.25,455.18,0.276632,0.251536
316.93,455.18,0.282762,0.258101
320.43,455.18,0.289401,0.263727
323.93,455.18,0.294959,0.268616
327.43,455.18,0.298357,0.272346
331.1,455.18,0.299783,0.273215
334.6,455.18,0.297744,0.271736
338.45,455.18,0.293338,0.26811
341.95,455.18,0.285692,0.261151
345.63,455.18,0.276305,0.252211
349.13,455.18,0.265529,0.241644
352.63,455.18,0.253606,0.230128
356.3,455.18,0.241795,0.218511
359.8,455.18,0.230667,0.207134
363.3,455.18,0.220553,0.197519
366.8,455.18,0.212544,0.189013
370.3,455.18,0.206204,0.182975
373.98,455.18,0.202457,0.178945
377.48,455.18,0.201136,0.177565
380.98,455.18,0.202032,0.178107
384.48,455.18,0.204574,0.18027
387.98,455.18,0.208554,0.184435
391.48,455.18,0.213822,0.1893
395.15,455.18,0.219044,0.194645
398.83,455.18,0.225227,0.200125
402.33,455.18,0.230781,0.205923
405.83,455.18,0.235557,0.211059
409.33,455.18,0.240581,0.21629
412.83,455.18,0.245288,0.221629
416.5,455.18,0.24954,0.225341
420.18,455.18,0.253573,0.229142
423.68,455.18,0.257787,0.233536
427.18,455.18,0.262349,0.238212
430.68,455.18,0.266277,0.241817
434.18,455.18,0.270794,0.246305
437.85,455.18,0.275544,0.2508
441.35,455.18,0.279882,0.254854
444.85,455.18,0.2838,0.258298
448.35,455.18,0.287368,0.261604
452.03,455.18,0.290957,0.265532
455.53,455.18,0.294632,0.269044
458.85,455.18,0.29746,0.271311
462.53,455.18,0.30031,0.274506
466.03,455.18,0.302682,0.276471
469.53,455.18,0.304854,0.278372
472.85,455.18,0.307069,0.281832
477.05,455.18,0.309934,0.284839
480.55,455.18,0.312716,0.287781
484.05,455.18,0.316311,0.291037
487.55,455.18,0.320513,0.294919
491.05,455.18,0.325285,0.300165
494.73,455.18,0.330553,0.305107
498.23,455.18,0.336074,0.310113
501.73,455.18,0.341231,0.31482
505.4,455.18,0.345313,0.319383
509.25,455.18,0.349398,0.319832
512.75,455.18,0.351271,0.324515
516.25,455.18,0.35201,0.325107
519.75,455.18,0.350596,0.324108
523.43,455.18,0.34722,0.321388
526.93,455.18,0.342171,0.316068
530.43,455.18,0.334725,0.309047
533.93,455.18,0.325501,0.300624
537.6,455.18,0.314731,0.290088
540.75,455.18,0.303406,0.27893
544.6,455.18,0.292411,0.268292
548.28,455.18,0.281776,0.256317
551.95,455.18,0.273006,0.24808
555.45,455.18,0.265338,0.240338
558.95,455.18,0.259167,0.234614
562.63,455.18,0.254851,0.228801
566.13,455.18,0.252707,0.227516
569.63,455.18,0.252303,0.227482
573.13,455.18,0.253277,0.228027
576.63,455.18,0.255424,0.230027
580.13,455.18,0.258434,0.23307
583.8,455.18,0.261644,0.236431
587.3,455.18,0.264971,0.239842
590.8,455.18,0.268542,0.243579
594.48,455.18,0.272155,0.246943
597.98,455.18,0.275372,0.250784
601.65,455.18,0.278271,0.253979
605.15,455.18,0.280489,0.255843
608.65,455.18,0.282131,0.257624
612.15,455.18,0.283523,0.258982
615.48,455.18,0.284543,0.259931
619.33,455.18,0.28498,0.259928
622.83,455.18,0.285051,0.25994
626.33,455.18,0.284303,0.258967
629.83,455.18,0.283049,0.258326
633.5,455.18,0.281508,0.255606
637.0,455.18,0.2797,0.254025
640.68,455.18,0.277069,0.250538
644.18,455.18,0.274099,0.248844
647.85,455.18,0.271302,0.246277
651.35,455.18,0.268804,0.244364
654.85,455.18,0.266499,0.241715
658.53,455.18,0.264463,0.240359
662.2,455.18,0.261493,0.237842
665.53,455.18,0.258687,0.234845
669.2,455.18,0.255455,0.231743
672.7,455.18,0.252143,0.228073
676.2,455.18,0.248437,0.224509
679.88,455.18,0.244315,0.220061
683.55,455.18,0.238545,0.212229
687.05,455.18,0.232972,0.207923
690.55,455.18,0.224842,0.20052
694.23,455.18,0.2158,0.191512
697.72,455.18,0.205396,0.181555
701.22,455.18,0.193893,0.170936
704.72,455.18,0.181693,0.158243
708.4,455.18,0.167969,0.145326
12.6,490.35,-0.004477,-0.031495
16.1,490.35,0.010335,-0.010247
19.95,490.35,0.027538,0.008792
23.63,490.35,0.0415,0.020631
27.13,490.35,0.05393,0.0332
30.63,490.35,0.065471,0.044038
34.3,490.35,0.075067,0.05361
37.8,490.35,0.083271,0.061854
41.3,490.35,0.090831,0.068832
44.8,490.35,0.096786,0.074897
48.48,490.35,0.102747,0.080375
51.8,490.35,0.108031,0.08539
55.48,490.35,0.112362,0.089454
58.98,490.35,0.116718,0.09406
62.83,490.35,0.121265,0.09852
66.33,490.35,0.125563,0.103129
69.83,490.35,0.129146,0.106672
73.5,490.35,0.132963,0.111712
77.18,490.35,0.136869,0.115147
80.68,490.35,0.140797,0.118625
84.18,490.35,0.144238,0.121998
87.85,490.35,0.148791,0.125763
91.53,490.35,0.153791,0.128625
95.03,490.35,0.158339,0.135477
98.53,490.35,0.164143,0.14047
102.03,490.35,0.17027,0.146629
105.88,490.35,0.178018,0.155209
109.38,490.35,0.186151,0.161903
113.05,490.35,0.195569,0.172291
116.55,490.35,0.206271,0.182547
120.4,490.35,0.219814,0.194521
124.08,490.35,0.233357,0.208154
127.58,490.35,0.247183,0.221555
131.08,490.35,0.261154,0.235344
134.75,490.35,0.275874,0.249176
138.08,490.35,0.289663,0.263662
141.75,490.35,0.302839,0.276219
145.25,490.35,0.313212,0.28645
148.93,490.35,0.320538,0.294115
152.25,490.35,0.322858,0.296681
155.93,490.35,0.320572,0.294768
159.43,490.35,0.312664,0.287389
162.93,490.35,0.300405,0.275174
166.6,490.35,0.284022,0.259484
170.1,490.35,0.265627,0.241937
173.6,490.35,0.245637,0.222445
177.1,490.35,0.223862,0.201123
180.6,490.35,0.201573,0.179364
184.1,490.35,0.178539,0.156829
187.78,490.35,0.155107,0.133391
191.28,490.35,0.126302,0.105227
194.95,490.35,0.091321,0.070292
198.63,490.35,0.055535,0.034891
202.13,490.35,0.022932,0.002846
205.63,490.35,-0.000731,-0.0203
209.13,490.35,-0.013725,-0.033423
212.8,490.35,-0.016646,-0.0366
216.3,490.35,-0.011051,-0.031057
219.8,490.35,0.001915,-0.018735
223.3,490.35,0.019602,-0.00107
226.8,490.35,0.039198,0.018065
230.48,490.35,0.059962,0.03861
234.15,490.35,0.079922,0.058724
237.65,490.35,0.098998,0.077273
241.15,490.35,0.116962,0.094944
244.65,490.35,0.133277,0.111139
248.33,490.35,0.147427,0.124352
251.83,490.35,0.159522,0.136207
255.5,490.35,0.170141,0.146268
259.0,490.35,0.179019,0.155501
262.5,490.35,0.187306,0.162852
266.0,490.35,0.194808,0.170495
269.68,490.35,0.202078,0.177248
273.18,490.35,0.208221,0.183505
276.68,490.35,0.214136,0.189438
280.18,490.35,0.219293,0.19442
283.68,490.35,0.225282,0.200107
287.35,490.35,0.230862,0.205843
290.85,490.35,0.236274,0.211468
294.35,490.35,0.242115,0.217294
298.03,490.35,0.248526,0.224632
301.53,490.35,0.254293,0.229959
305.03,490.35,0.260865,0.236435
308.53,490.35,0.267248,0.242725
312.03,490.35,0.27364,0.248807
315.7,490.35,0.279472,0.254792
319.2,490.35,0.283708,0.258893
322.7,490.35,0.287106,0.26198
326.38,490.35,0.287999,0.263317
329.88,490.35,0.287044,0.262044
333.38,490.35,0.283135,0.258363
336.88,490.35,0.277054,0.252279
340.38,490.35,0.268243,0.243865
344.05,490.35,0.258227,0.233625
347.55,490.35,0.246579,0.222162
351.05,490.35,0.233776,0.208976
354.55,490.35,0.220424,0.195504
358.23,490.35,0.207907,0.184047
361.73,490.35,0.197122,0.173773
365.23,490.35,0.188298,0.164602
368.9,490.35,0.181961,0.158878
372.23,490.35,0.178375,0.155932
376.08,490.35,0.177436,0.15478
379.58,490.35,0.178856,0.156456
383.08,490.35,0.182242,0.159454
386.58,490.35,0.187177,0.164346
390.25,490.35,0.192651,0.169414
393.75,490.35,0.199377,0.175664
397.25,490.35,0.206059,0.182263
400.75,490.35,0.212978,0.188684
404.43,490.35,0.219515,0.194857
407.93,490.35,0.225886,0.201299
411.43,490.35,0.232143,0.206348
415.1,490.35,0.237713,0.212303
418.6,490.35,0.243483,0.218372
422.1,490.35,0.249297,0.224078
425.6,490.35,0.255094,0.229876
429.28,490.35,0.261068,0.235609
432.78,490.35,0.266222,0.241062
436.45,490.35,0.272106,0.243881
440.83,490.35,0.276228,0.250486
444.33,490.35,0.279743,0.254112
447.83,490.35,0.283009,0.257494
451.33,490.35,0.286129,0.260128
454.83,490.35,0.288366,0.263015
458.5,490.35,0.289925,0.264013
462.0,490.35,0.290405,0.265094
465.5,490.35,0.290405,0.265547
469.18,490.35,0.290014,0.265211
472.5,490.35,0.289762,0.264555
476.18,490.35,0.289105,0.264213
479.68,490.35,0.289373,0.264531
483.18,490.35,0.290168,0.265144
486.68,490.35,0.291718,0.266949
490.18,490.35,0.294226,0.269207
493.85,490.35,0.296601,0.271299
497.35,490.35,0.299355,0.274401
500.85,490.35,0.301191,0.275606
504.35,490.35,0.301299,0.275985
507.85,490.35,0.299324,0.273591
511.53,490.35,0.295498,0.269608
515.03,490.35,0.289968,0.264608
518.7,490.35,0.282337,0.256336
522.2,490.35,0.273117,0.247427
525.88,490.35,0.262621,0.237581
529.38,490.35,0.25112,0.226619
532.88,490.35,0.239762,0.215618
536.38,490.35,0.228317,0.204885
540.05,490.35,0.217929,0.194984
543.55,490.35,0.208502,0.186173
547.23,490.35,0.20145,0.178905
550.55,490.35,0.19633,0.173576
554.23,490.35,0.193517,0.170831
557.73,490.35,0.193647,0.170406
561.23,490.35,0.195948,0.172873
564.9,490.35,0.20027,0.176952
568.23,490.35,0.206659,0.181964
571.9,490.35,0.215171,0.190587
575.58,490.35,0.224623,0.199688
579.08,490.35,0.234321,0.209216
582.75,490.35,0.24462,0.218647
586.25,490.35,0.253455,0.227753
589.93,490.35,0.261983,0.236663
593.43,490.35,0.26905,0.243948
596.93,490.35,0.275384,0.250144
600.43,490.35,0.280473,0.255479
603.93,490.35,0.284407,0.259913
607.6,490.35,0.287762,0.262966
611.1,490.35,0.290726,0.266262
614.6,490.35,0.292926,0.268018
618.28,490.35,0.294759,0.270045
621.78,490.35,0.296348,0.271481
625.28,490.35,0.297842,0.272735
628.95,490.35,0.299133,0.270929
632.63,490.35,0.299956,0.274065
636.13,490.35,0.300085,0.273341
639.63,490.35,0.299663,0.273847
643.13,490.35,0.299155,0.272858
646.63,490.35,0.297892,0.27178
650.3,490.35,0.29649,0.270732
653.8,490.35,0.295292,0.269638
657.48,490.35,0.293246,0.268375
660.98,490.35,0.291262,0.266743
664.48,490.35,0.289201,0.264392
668.15,490.35,0.287112,0.262599
671.65,490.35,0.284943,0.260516
675.33,490.35,0.282892,0.258326
678.83,490.35,0.280945,0.25637
682.33,490.35,0.279743,0.254571
686.0,490.35,0.27828,0.252944
689.67,490.35,0.276302,0.249078
693.17,490.35,0.273505,0.247842
696.85,490.35,0.269534,0.244352
700.35,490.35,0.265027,0.239913
703.85,490.35,0.259469,0.23511
707.52,490.35,0.253277,0.228647
711.02,490.35,0.246339,0.222356
12.95,525.35,0.136447,0.106003
16.45,525.35,0.143502,0.121145
20.48,525.35,0.152137,0.125843
24.15,525.35,0.158607,0.135372
27.65,525.35,0.16491,0.141204
31.33,525.35,0.171459,0.149885
35.18,525.35,0.177177,0.150775
38.85,525.35,0.181931,0.158773
42.35,525.35,0.186629,0.161968
46.03,525.35,0.189669,0.165415
49.53,525.35,0.192981,0.168955
53.2,525.35,0.196228,0.172072
56.7,525.35,0.199518,0.175668
60.2,525.35,0.202919,0.179374
63.88,525.35,0.205985,0.183274
67.55,525.35,0.209367,0.186053
71.05,525.35,0.212732,0.189472
74.73,525.35,0.216696,0.192879
78.23,525.35,0.219922,0.196154
81.73,525.35,0.224056,0.19987
85.4,525.35,0.228252,0.202839
88.9,525.35,0.232494,0.206613
92.4,525.35,0.236277,0.211093
96.08,525.35,0.240624,0.215606
99.58,525.35,0.24568,0.220412
103.08,525.35,0.251601,0.22613
106.58,525.35,0.25893,0.233582
110.25,525.35,0.267081,0.242473
113.93,525.35,0.276373,0.251582
117.43,525.35,0.286897,0.261564
120.93,525.35,0.298613,0.273052
124.25,525.35,0.311678,0.286438
128.1,525.35,0.32474,0.298791
131.6,525.35,0.336949,0.310489
135.1,525.35,0.348067,0.321046
138.78,525.35,0.357205,0.330677
142.28,525.35,0.364007,0.337044
145.78,525.35,0.368357,0.341465
149.28,525.35,0.368708,0.341132
152.95,525.35,0.364743,0.337898
156.28,525.35,0.356672,0.329949
159.95,525.35,0.343816,0.317229
163.45,525.35,0.326779,0.300791
166.95,525.35,0.305667,0.280436
170.63,525.35,0.280717,0.256419
174.3,525.35,0.257199,0.233231
177.8,525.35,0.232593,0.209469
181.3,525.35,0.207759,0.185387
184.98,525.35,0.184679,0.162559
188.48,525.35,0.163536,0.141542
191.98,525.35,0.142707,0.12149
195.48,525.35,0.118459,0.097867
199.15,525.35,0.088215,0.067809
202.65,525.35,0.056567,0.036946
206.15,525.35,0.026096,0.00727
209.83,525.35,0.002793,-0.016689
213.33,525.35,-0.010315,-0.029914
216.83,525.35,-0.012305,-0.032425
220.5,525.35,-0.004767,-0.025229
224.0,525.35,0.010886,-0.010524
227.5,525.35,0.031108,0.009984
231.18,525.35,0.054251,0.032408
234.68,525.35,0.077461,0.055665
238.18,525.35,0.10019,0.077753
241.85,525.35,0.122901,0.100283
245.18,525.35,0.143132,0.120711
248.85,525.35,0.160119,0.137362
252.53,525.35,0.174398,0.151564
256.03,525.35,0.186669,0.163502
259.53,525.35,0.197054,0.173764
263.03,525.35,0.205852,0.182303
266.7,525.35,0.213582,0.189685
270.2,525.35,0.220098,0.195748
273.7,525.35,0.226321,0.201875
277.38,525.35,0.232325,0.206604
281.05,525.35,0.237913,0.21206
284.55,525.35,0.24364,0.218363
288.23,525.35,0.249216,0.224349
291.73,525.35,0.254675,0.23002
295.23,525.35,0.260338,0.23588
298.9,525.35,0.265452,0.240674
302.4,525.35,0.270979,0.246197
305.9,525.35,0.276518,0.252291
309.58,525.35,0.280972,0.256441
313.08,525.35,0.285298,0.260556
316.75,525.35,0.288255,0.26307
320.6,525.35,0.289709,0.260781
324.1,525.35,0.288117,0.262685
327.78,525.35,0.284287,0.258468
331.28,525.35,0.277852,0.253264
335.13,525.35,0.267411,0.243455
338.63,525.35,0.256487,0.233123
342.3,525.35,0.243114,0.219112
345.8,525.35,0.227861,0.204226
349.65,525.35,0.209568,0.184223
353.33,525.35,0.193733,0.1706
356.83,525.35,0.178979,0.156281
360.5,525.35,0.165738,0.143742
364.0,525.35,0.154956,0.133339
367.68,525.35,0.146703,0.124937
371.18,525.35,0.141928,0.119703
374.68,525.35,0.139466,0.117522
378.18,525.35,0.139817,0.117932
381.85,525.35,0.142729,0.119981
385.35,525.35,0.147756,0.12487
388.85,525.35,0.154562,0.131616
392.53,525.35,0.162257,0.137895
396.03,525.35,0.171311,0.146774
399.7,525.35,0.179919,0.155991
403.2,525.35,0.188912,0.164802
406.7,525.35,0.19828,0.174026
410.2,525.35,0.207177,0.182735
413.88,525.35,0.215797,0.191928
417.38,525.35,0.223323,0.199269
421.05,525.35,0.230187,0.206
424.55,525.35,0.235467,0.211582
428.05,525.35,0.240119,0.216237
431.55,525.35,0.244186,0.219931
435.05,525.35,0.246878,0.22307
438.55,525.35,0.249207,0.225215
442.23,525.35,0.250735,0.226367
445.73,525.35,0.25214,0.227473
449.23,525.35,0.253138,0.22877
452.73,525.35,0.253958,0.229614
456.23,525.35,0.254352,0.228859
459.9,525.35,0.253708,0.228154
463.58,525.35,0.252781,0.227152
467.08,525.35,0.251943,0.226441
470.75,525.35,0.250818,0.225532
474.08,525.35,0.249669,0.224805
477.75,525.35,0.247923,0.222611
481.25,525.35,0.245042,0.220618
484.75,525.35,0.241484,0.216823
488.25,525.35,0.236746,0.212611
491.75,525.35,0.231385,0.207273
495.43,525.35,0.224297,0.201083
498.93,525.35,0.216647,0.19307
502.25,525.35,0.206515,0.184139
506.1,525.35,0.195366,0.172695
509.6,525.35,0.18271,0.160378
513.1,525.35,0.16893,0.146971
516.6,525.35,0.153794,0.131709
520.28,525.35,0.138027,0.116444
523.78,525.35,0.121324,0.099697
527.28,525.35,0.105689,0.084238
530.78,525.35,0.090692,0.069642
534.28,525.35,0.077793,0.056549
537.95,525.35,0.066435,0.045369
541.45,525.35,0.057716,0.03654
545.13,525.35,0.051065,0.029753
548.63,525.35,0.047578,0.02657
552.13,525.35,0.046641,0.025329
555.63,525.35,0.048699,0.027467
559.13,525.35,0.053065,0.031614
562.63,525.35,0.0608,0.039408
566.3,525.35,0.070557,0.049248
569.8,525.35,0.082565,0.061845
573.48,525.35,0.097156,0.075997
577.15,525.35,0.114066,0.091604
580.83,525.35,0.13105,0.107381
584.33,525.35,0.147729,0.124448
587.83,525.35,0.164066,0.140477
591.5,525.35,0.179756,0.155501
595.0,525.35,0.195104,0.170655
598.5,525.35,0.209817,0.184651
602.0,525.35,0.223191,0.197842
605.68,525.35,0.235504,0.210094
609.18,525.35,0.246647,0.221419
612.68,525.35,0.256361,0.231351
616.18,525.35,0.265205,0.239632
619.85,525.35,0.273304,0.248003
623.35,525.35,0.280335,0.255886
626.85,525.35,0.286397,0.261629
630.53,525.35,0.291724,0.266746
634.03,525.35,0.295596,0.270353
637.7,525.35,0.298859,0.273576
641.2,525.35,0.30169,0.276333
644.7,525.35,0.303979,0.278357
648.2,525.35,0.305963,0.280372
651.7,525.35,0.307131,0.280945
655.38,525.35,0.307605,0.281324
658.88,525.35,0.307953,0.281992
662.38,525.35,0.30779,0.281847
665.88,525.35,0.307775,0.281487
669.55,525.35,0.307411,0.281
673.05,525.35,0.306736,0.280781
676.55,525.35,0.305791,0.279876
680.22,525.35,0.304592,0.278819
683.72,525.35,0.303064,0.277544
687.22,525.35,0.301872,0.276271
690.72,525.35,0.300898,0.275356
694.22,525.35,0.299598,0.274327
697.72,525.35,0.298064,0.272922
701.4,525.35,0.296028,0.271391
704.9,525.35,0.294232,0.268933
708.4,525.35,0.291342,0.266721
12.6,560.52,0.205523,0.171281
16.1,560.52,0.20877,0.185486
19.78,560.52,0.211961,0.188437
23.28,560.52,0.215162,0.191638
26.78,560.52,0.218308,0.19487
30.45,560.52,0.221167,0.195969
34.13,560.52,0.223754,0.199414
37.63,560.52,0.226117,0.201385
41.13,560.52,0.227695,0.202947
44.63,560.52,0.229472,0.205091
48.13,560.52,0.231179,0.206204
51.8,560.52,0.233154,0.207929
55.3,560.52,0.234503,0.20942
58.98,560.52,0.235855,0.211111
62.48,560.52,0.237316,0.212926
66.15,560.52,0.238714,0.214275
69.65,560.52,0.240215,0.216145
73.15,560.52,0.24177,0.218009
76.83,560.52,0.244038,0.220128
80.33,560.52,0.246613,0.222608
84.0,560.52,0.249595,0.224947
87.5,560.52,0.252427,0.227953
91.0,560.52,0.256093,0.230862
94.68,560.52,0.259706,0.234312
98.18,560.52,0.263548,0.238261
101.68,560.52,0.267858,0.241955
105.18,560.52,0.27312,0.247504
108.85,560.52,0.279571,0.253348
112.53,560.52,0.286382,0.260532
116.03,560.52,0.294675,0.269025
119.53,560.52,0.302913,0.277189
123.2,560.52,0.312211,0.287131
126.7,560.52,0.321345,0.295621
130.38,560.52,0.329842,0.304031
133.88,560.52,0.338175,0.312331
137.38,560.52,0.344654,0.318828
140.88,560.52,0.350107,0.323643
144.55,560.52,0.352488,0.325772
148.05,560.52,0.351425,0.324321
151.73,560.52,0.34673,0.319965
155.23,560.52,0.338354,0.311687
158.73,560.52,0.32535,0.298988
162.4,560.52,0.30819,0.282075
165.9,560.52,0.287596,0.262235
169.4,560.52,0.264906,0.240433
173.08,560.52,0.241379,0.217026
176.58,560.52,0.215895,0.193061
180.08,560.52,0.189676,0.167501
183.75,560.52,0.164503,0.143027
187.08,560.52,0.137069,0.115698
190.75,560.52,0.104041,0.084272
194.25,560.52,0.068594,0.049189
197.75,560.52,0.035705,0.016724
201.25,560.52,0.009377,-0.009375
204.93,560.52,-0.006381,-0.025253
208.43,560.52,-0.010888,-0.030204
212.1,560.52,-0.00485,-0.02501
215.6,560.52,0.008838,-0.011513
219.1,560.52,0.028289,0.007513
222.78,560.52,0.050985,0.028909
226.28,560.52,0.075252,0.051724
229.78,560.52,0.09795,0.074931
233.28,560.52,0.12117,0.097861
236.78,560.52,0.142482,0.11881
240.28,560.52,0.161102,0.137276
243.95,560.52,0.17791,0.154029
247.45,560.52,0.192553,0.168764
250.95,560.52,0.205175,0.18141
254.63,560.52,0.215899,0.192165
258.13,560.52,0.223924,0.200131
261.8,560.52,0.230991,0.207035
265.3,560.52,0.235778,0.21185
268.98,560.52,0.240064,0.216022
272.48,560.52,0.243927,0.219752
275.98,560.52,0.247177,0.222676
279.48,560.52,0.249931,0.224845
282.98,560.52,0.252359,0.227765
286.65,560.52,0.255033,0.229229
290.15,560.52,0.257778,0.233132
293.65,560.52,0.260498,0.234919
297.15,560.52,0.263049,0.237772
300.83,560.52,0.265261,0.239561
304.33,560.52,0.267094,0.241407
307.83,560.52,0.268329,0.243015
311.5,560.52,0.26815,0.242932
315.0,560.52,0.26689,0.241857
318.5,560.52,0.264013,0.239429
322.35,560.52,0.257695,0.233258
326.03,560.52,0.250495,0.226321
329.53,560.52,0.241151,0.216493
333.2,560.52,0.230162,0.205899
336.7,560.52,0.216271,0.191
340.38,560.52,0.202254,0.178671
343.88,560.52,0.187057,0.163896
347.38,560.52,0.172427,0.149451
351.58,560.52,0.155732,0.134284
355.08,560.52,0.142396,0.120397
358.75,560.52,0.129984,0.106666
362.43,560.52,0.120258,0.097719
365.58,560.52,0.112738,0.090794
369.43,560.52,0.108329,0.086077
372.93,560.52,0.105985,0.083844
376.43,560.52,0.10649,0.083998
379.93,560.52,0.109149,0.086838
383.6,560.52,0.113921,0.091857
387.1,560.52,0.120966,0.098523
390.6,560.52,0.128539,0.106194
394.28,560.52,0.137436,0.115397
397.78,560.52,0.146274,0.123939
401.28,560.52,0.15555,0.133265
404.95,560.52,0.163955,0.141355
408.45,560.52,0.172356,0.14942
411.95,560.52,0.180033,0.156844
415.45,560.52,0.187279,0.164287
419.13,560.52,0.194346,0.170575
422.63,560.52,0.200926,0.17751
425.95,560.52,0.206462,0.181176
429.8,560.52,0.211188,0.186561
433.3,560.52,0.214484,0.189937
436.8,560.52,0.216721,0.192282
439.95,560.52,0.218508,0.193748
443.98,560.52,0.219232,0.194448
447.48,560.52,0.21962,0.19511
451.15,560.52,0.219176,0.195162
454.83,560.52,0.218801,0.195649
458.15,560.52,0.217078,0.19356
461.65,560.52,0.215045,0.191592
465.33,560.52,0.211644,0.188643
468.83,560.52,0.208188,0.184857
472.33,560.52,0.204001,0.180828
475.83,560.52,0.199281,0.176339
479.33,560.52,0.193742,0.170951
482.83,560.52,0.187266,0.164759
486.5,560.52,0.179485,0.156992
490.0,560.52,0.17104,0.148665
493.5,560.52,0.16047,0.138126
497.0,560.52,0.148939,0.126807
500.5,560.52,0.135834,0.113299
504.18,560.52,0.121755,0.099713
507.68,560.52,0.106198,0.084084
511.18,560.52,0.090246,0.06857
514.68,560.52,0.074805,0.052883
518.35,560.52,0.059734,0.038462
522.03,560.52,0.044916,0.024038
525.53,560.52,0.030581,0.010427
528.85,560.52,0.018259,-0.001972
532.53,560.52,0.00718,-0.012527
536.03,560.52,-0.002025,-0.021544
539.53,560.52,-0.00908,-0.028605
543.2,560.52,-0.013522,-0.032989
546.7,560.52,-0.016424,-0.035222
550.2,560.52,-0.016861,-0.03639
553.7,560.52,-0.015802,-0.03473
557.2,560.52,-0.012521,-0.031695
560.7,560.52,-0.006643,-0.025697
564.38,560.52,0.001364,-0.017964
567.88,560.52,0.011527,-0.00843
571.38,560.52,0.023631,0.002938
575.05,560.52,0.037664,0.015557
578.55,560.52,0.052106,0.031176
582.05,560.52,0.067769,0.045695
585.73,560.52,0.084127,0.061481
589.23,560.52,0.101404,0.078505
592.73,560.52,0.119349,0.096142
596.23,560.52,0.136388,0.113052
599.73,560.52,0.152858,0.128801
603.23,560.52,0.167673,0.143557
606.9,560.52,0.181974,0.158027
610.4,560.52,0.194944,0.170822
613.9,560.52,0.207562,0.183027
617.58,560.52,0.219053,0.194783
621.08,560.52,0.229349,0.205245
624.58,560.52,0.238129,0.21409
628.08,560.52,0.24653,0.222537
631.58,560.52,0.253674,0.229598
635.08,560.52,0.260898,0.236364
638.75,560.52,0.266595,0.24202
642.25,560.52,0.271838,0.246736
645.75,560.52,0.276062,0.251287
649.43,560.52,0.279678,0.254685
652.93,560.52,0.282882,0.257929
656.43,560.52,0.286986,0.261333
659.93,560.52,0.291068,0.265889
663.43,560.52,0.295064,0.268711
667.1,560.52,0.298049,0.271434
670.6,560.52,0.300914,0.274728
674.1,560.52,0.303656,0.277454
677.78,560.52,0.306401,0.280325
681.28,560.52,0.309044,0.283024
684.78,560.52,0.311117,0.284894
688.28,560.52,0.312032,0.285852
691.95,560.52,0.312778,0.286709
695.45,560.52,0.313178,0.287423
698.95,560.52,0.313036,0.287097
702.45,560.52,0.313446,0.288468
705.95,560.52,0.314293,0.289044
709.62,560.52,0.314922,0.289854
12.43,595.87,0.232125,0.197245
15.93,595.87,0.232362,0.207855
19.6,595.87,0.232211,0.20555
23.1,595.87,0.231629,0.206736
26.6,595.87,0.231216,0.206324
30.28,595.87,0.230147,0.204928
33.78,595.87,0.229845,0.205236
37.45,595.87,0.229401,0.205008
40.95,595.87,0.229207,0.204879
44.45,595.87,0.229651,0.205202
47.95,595.87,0.230054,0.206006
51.63,595.87,0.230609,0.206435
54.95,595.87,0.231493,0.207568
58.63,595.87,0.232661,0.208838
62.13,595.87,0.234152,0.210664
65.63,595.87,0.236216,0.211946
69.13,595.87,0.237735,0.214056
72.8,595.87,0.238985,0.215486
76.65,595.87,0.240609,0.213363
80.15,595.87,0.242106,0.217017
83.83,595.87,0.243813,0.218372
87.33,595.87,0.245979,0.22047
90.65,595.87,0.248107,0.223021
94.33,595.87,0.250362,0.225273
97.83,595.87,0.253591,0.22832
101.5,595.87,0.257146,0.232214
105.0,595.87,0.261881,0.236496
108.5,595.87,0.266629,0.241447
112.0,595.87,0.271961,0.247276
115.5,595.87,0.277993,0.252688
119.0,595.87,0.28405,0.259105
122.5,595.87,0.2906,0.265556
126.18,595.87,0.297648,0.27255
129.68,595.87,0.304808,0.279475
133.35,595.87,0.311145,0.285886
136.85,595.87,0.316268,0.290701
140.35,595.87,0.319457,0.294038
143.85,595.87,0.320208,0.294746
147.35,595.87,0.318748,0.292858
150.85,595.87,0.31372,0.287593
154.53,595.87,0.305227,0.279765
158.03,595.87,0.293144,0.26799
161.53,595.87,0.277081,0.251475
165.03,595.87,0.258166,0.233705
168.7,595.87,0.236099,0.211767
172.2,595.87,0.211425,0.187904
175.7,595.87,0.184583,0.161749
179.2,595.87,0.154451,0.131749
182.7,595.87,0.117682,0.096653
186.38,595.87,0.079041,0.058394
189.88,595.87,0.042541,0.023169
193.38,595.87,0.013095,-0.005617
197.05,595.87,-0.005725,-0.024631
200.55,595.87,-0.012533,-0.031319
204.05,595.87,-0.008753,-0.027804
207.73,595.87,0.00418,-0.015435
211.23,595.87,0.023807,0.003391
214.73,595.87,0.0471,0.026
218.4,595.87,0.071718,0.049306
221.9,595.87,0.096469,0.073453
225.4,595.87,0.120908,0.097458
229.08,595.87,0.143218,0.119374
232.58,595.87,0.162818,0.139152
236.08,595.87,0.180652,0.156127
239.75,595.87,0.19698,0.172288
243.25,595.87,0.210239,0.185985
246.93,595.87,0.221176,0.19669
250.43,595.87,0.229589,0.205098
253.93,595.87,0.235449,0.211358
257.6,595.87,0.240199,0.216108
261.1,595.87,0.243511,0.219595
264.6,595.87,0.245883,0.221832
268.1,595.87,0.247485,0.223465
271.6,595.87,0.248409,0.224426
275.28,595.87,0.248243,0.224167
278.78,595.87,0.247214,0.222913
282.28,595.87,0.245858,0.220741
286.13,595.87,0.243779,0.21759
289.63,595.87,0.241524,0.216422
293.3,595.87,0.238868,0.213724
296.8,595.87,0.235871,0.21104
300.3,595.87,0.232981,0.208379
303.8,595.87,0.228788,0.204525
307.48,595.87,0.223742,0.199266
310.98,595.87,0.217636,0.193807
314.48,595.87,0.209136,0.186296
317.98,595.87,0.199783,0.17666
321.48,595.87,0.188366,0.165615
324.98,595.87,0.176447,0.153699
328.65,595.87,0.163,0.141302
332.15,595.87,0.149254,0.127208
335.65,595.87,0.134497,0.113339
339.15,595.87,0.119645,0.098148
342.83,595.87,0.104996,0.083899
346.5,595.87,0.091447,0.069183
350.0,595.87,0.079857,0.05913
353.5,595.87,0.070193,0.049204
357.0,595.87,0.06219,0.04032
360.68,595.87,0.055569,0.033927
364.18,595.87,0.051629,0.030643
367.68,595.87,0.049873,0.028758
371.35,595.87,0.050686,0.029663
374.5,595.87,0.053674,0.033736
378.53,595.87,0.058597,0.037615
382.03,595.87,0.065455,0.04474
385.7,595.87,0.073443,0.052719
389.2,595.87,0.082387,0.061044
392.7,595.87,0.092319,0.071056
396.2,595.87,0.102821,0.081336
399.7,595.87,0.113437,0.091241
403.38,595.87,0.124047,0.101789
406.88,595.87,0.133804,0.110785
410.38,595.87,0.142883,0.119651
414.05,595.87,0.151718,0.128286
417.55,595.87,0.159398,0.135378
421.4,595.87,0.16674,0.14239
424.9,595.87,0.172149,0.148745
428.4,595.87,0.176515,0.153335
432.08,595.87,0.180313,0.156958
435.58,595.87,0.183043,0.161
439.08,595.87,0.1856,0.162461
442.75,595.87,0.186527,0.163468
446.25,595.87,0.186866,0.163998
449.58,595.87,0.185862,0.163191
453.43,595.87,0.184417,0.161416
456.93,595.87,0.182297,0.159164
460.43,595.87,0.179913,0.156841
463.93,595.87,0.176564,0.153502
467.6,595.87,0.172562,0.148647
471.1,595.87,0.167892,0.143745
474.78,595.87,0.162085,0.138246
478.28,595.87,0.155273,0.131841
481.78,595.87,0.147008,0.124546
485.45,595.87,0.138151,0.115939
488.95,595.87,0.127633,0.105856
492.45,595.87,0.116247,0.094614
495.95,595.87,0.103761,0.08345
499.45,595.87,0.090994,0.069922
503.13,595.87,0.077532,0.05743
506.63,595.87,0.063625,0.043927
509.95,595.87,0.049211,0.029796
513.63,595.87,0.035292,0.016031
517.3,595.87,0.021342,0.001931
520.98,595.87,0.007855,-0.012154
524.48,595.87,-0.003919,-0.023312
527.98,595.87,-0.01383,-0.033793
531.65,595.87,-0.022776,-0.042348
535.15,595.87,-0.029129,-0.048913
538.65,595.87,-0.034283,-0.053855
542.15,595.87,-0.037764,-0.057129
545.83,595.87,-0.039625,-0.059311
549.15,595.87,-0.039828,-0.059773
552.83,595.87,-0.038232,-0.057946
556.15,595.87,-0.034905,-0.053698
560.0,595.87,-0.029877,-0.049064
563.5,595.87,-0.022983,-0.041886
567.0,595.87,-0.014043,-0.03367
570.5,595.87,-0.003568,-0.023121
574.18,595.87,0.008588,-0.011406
577.68,595.87,0.021996,0.001617
581.35,595.87,0.036524,0.016093
584.85,595.87,0.051644,0.030776
588.35,595.87,0.067239,0.045535
591.85,595.87,0.0828,0.060504
595.35,595.87,0.098329,0.075816
599.03,595.87,0.113801,0.091271
602.53,595.87,0.128862,0.105865
606.03,595.87,0.143425,0.119589
609.53,595.87,0.156841,0.133138
613.03,595.87,0.169469,0.145778
616.53,595.87,0.181385,0.157146
620.2,595.87,0.192242,0.16775
623.7,595.87,0.202793,0.178169
627.38,595.87,0.212115,0.187445
630.88,595.87,0.220119,0.195569
634.38,595.87,0.227972,0.203415
637.88,595.87,0.234947,0.210504
641.38,595.87,0.24234,0.217802
645.05,595.87,0.249183,0.224346
648.2,595.87,0.254792,0.230353
652.05,595.87,0.260178,0.235726
655.55,595.87,0.264561,0.240541
659.05,595.87,0.268739,0.244577
662.72,595.87,0.27312,0.248443
666.22,595.87,0.2769,0.252035
669.72,595.87,0.280076,0.254746
673.4,595.87,0.283335,0.257303
676.9,595.87,0.285584,0.25999
680.4,595.87,0.287636,0.261521
684.07,595.87,0.288767,0.263086
687.4,595.87,0.290017,0.264072
691.07,595.87,0.290858,0.264762
694.57,595.87,0.292001,0.266148
698.25,595.87,0.293489,0.267223
701.75,595.87,0.295162,0.268825
705.25,595.87,0.296545,0.270495
709.1,595.87,0.298628,0.275076
12.08,630.87,0.225418,0.191043
15.58,630.87,0.223927,0.200048
19.08,630.87,0.22174,0.198468
22.75,630.87,0.219441,0.195982
26.25,630.87,0.217507,0.193329
29.75,630.87,0.21519,0.190597
33.43,630.87,0.213268,0.18848
37.1,630.87,0.211327,0.186866
40.6,630.87,0.210369,0.185846
44.28,630.87,0.209722,0.185572
47.78,630.87,0.209786,0.185689
51.28,630.87,0.209038,0.185326
54.78,630.87,0.20864,0.185162
58.45,630.87,0.208184,0.184697
62.13,630.87,0.207775,0.184645
65.45,630.87,0.207846,0.184167
69.13,630.87,0.207747,0.184666
72.63,630.87,0.207849,0.184549
76.13,630.87,0.207679,0.184768
79.63,630.87,0.20731,0.184072
83.3,630.87,0.207325,0.184025
86.8,630.87,0.207337,0.183862
90.3,630.87,0.207938,0.184401
93.8,630.87,0.208505,0.185036
97.3,630.87,0.209987,0.185926
100.98,630.87,0.211847,0.187387
104.48,630.87,0.213948,0.189294
107.98,630.87,0.216456,0.191663
111.65,630.87,0.218908,0.193952
115.15,630.87,0.222322,0.197214
118.65,630.87,0.226358,0.201635
122.33,630.87,0.231062,0.206314
125.65,630.87,0.235356,0.210701
129.33,630.87,0.240285,0.215464
132.83,630.87,0.244808,0.220513
136.5,630.87,0.248388,0.22486
140.0,630.87,0.250396,0.225871
143.5,630.87,0.251114,0.227045
147.18,630.87,0.249361,0.225529
150.68,630.87,0.244158,0.220236
154.18,630.87,0.235476,0.211629
157.85,630.87,0.222642,0.198976
161.35,630.87,0.205618,0.18287
164.85,630.87,0.184706,0.162119
168.35,630.87,0.158773,0.137205
171.85,630.87,0.125246,0.103748
175.35,630.87,0.086219,0.065942
179.03,630.87,0.047479,0.026996
182.53,630.87,0.012227,-0.007083
186.03,630.87,-0.013744,-0.033134
189.7,630.87,-0.028956,-0.048069
193.38,630.87,-0.032653,-0.051898
196.88,630.87,-0.027277,-0.046717
200.38,630.87,-0.013873,-0.033189
203.88,630.87,0.005474,-0.014132
207.55,630.87,0.028967,0.008025
211.05,630.87,0.054167,0.033252
214.73,630.87,0.079817,0.058049
218.23,630.87,0.104947,0.082846
221.73,630.87,0.129512,0.106401
225.23,630.87,0.151786,0.127997
228.9,630.87,0.17105,0.147565
232.4,630.87,0.188268,0.163819
235.9,630.87,0.203853,0.178964
239.58,630.87,0.217479,0.192186
243.08,630.87,0.228138,0.203129
246.75,630.87,0.235649,0.210822
250.43,630.87,0.241259,0.216844
253.93,630.87,0.24482,0.220273
257.43,630.87,0.246407,0.222633
260.93,630.87,0.246558,0.222054
264.6,630.87,0.245578,0.221918
268.28,630.87,0.243739,0.219685
271.78,630.87,0.240578,0.216167
275.28,630.87,0.236921,0.212867
278.95,630.87,0.232618,0.206983
282.45,630.87,0.227251,0.202722
286.13,630.87,0.220939,0.196647
289.63,630.87,0.214595,0.190233
293.13,630.87,0.206783,0.182938
296.63,630.87,0.198794,0.17442
300.13,630.87,0.189315,0.166025
303.8,630.87,0.179346,0.15605
307.3,630.87,0.168425,0.145655
310.98,630.87,0.156,0.133878
314.48,630.87,0.141958,0.120886
317.98,630.87,0.127707,0.105902
321.65,630.87,0.111647,0.091121
325.15,630.87,0.095621,0.074993
328.65,630.87,0.080323,0.060055
332.15,630.87,0.065406,0.045018
335.65,630.87,0.050933,0.03117
339.33,630.87,0.037732,0.017895
342.83,630.87,0.025797,0.005563
346.33,630.87,0.015665,-0.003944
349.83,630.87,0.007082,-0.013007
353.33,630.87,0.000905,-0.018719
357.0,630.87,-0.003445,-0.023534
360.5,630.87,-0.005768,-0.025802
364.0,630.87,-0.005808,-0.026381
367.68,630.87,-0.004073,-0.024511
371.18,630.87,3.3e-05,-0.020145
374.68,630.87,0.005883,-0.014708
378.18,630.87,0.013878,-0.006732
381.85,630.87,0.023542,0.003496
385.53,630.87,0.034241,0.014488
389.03,630.87,0.046108,0.026124
392.7,630.87,0.057963,0.037519
396.2,630.87,0.069571,0.048573
399.88,630.87,0.081472,0.05902
403.38,630.87,0.092535,0.07043
406.88,630.87,0.103,0.081176
410.55,630.87,0.113154,0.090175
414.05,630.87,0.122726,0.099882
417.55,630.87,0.130655,0.107344
421.05,630.87,0.137858,0.114731
424.55,630.87,0.144189,0.121016
428.05,630.87,0.149851,0.126139
431.73,630.87,0.154087,0.13092
435.23,630.87,0.157439,0.134044
438.73,630.87,0.159294,0.136083
442.23,630.87,0.160436,0.136992
445.73,630.87,0.160671,0.13755
449.4,630.87,0.160372,0.137658
452.9,630.87,0.159478,0.136804
456.58,630.87,0.157775,0.135714
460.08,630.87,0.155877,0.13373
463.58,630.87,0.152565,0.130886
467.25,630.87,0.148893,0.126764
470.75,630.87,0.143708,0.120791
474.25,630.87,0.138231,0.116398
477.93,630.87,0.131194,0.108721
481.43,630.87,0.123523,0.100695
485.1,630.87,0.114189,0.090991
488.6,630.87,0.104284,0.081786
492.28,630.87,0.093847,0.072146
495.78,630.87,0.082609,0.061191
499.28,630.87,0.071105,0.049657
502.78,630.87,0.058554,0.037883
506.1,630.87,0.045397,0.025461
509.95,630.87,0.032251,0.012097
513.45,630.87,0.01926,-0.000534
516.95,630.87,0.006346,-0.012185
520.63,630.87,-0.00526,-0.023919
524.13,630.87,-0.01538,-0.034073
527.63,630.87,-0.024455,-0.043306
531.13,630.87,-0.032062,-0.050133
534.63,630.87,-0.038017,-0.05667
538.3,630.87,-0.042521,-0.061362
541.8,630.87,-0.045263,-0.063608
545.3,630.87,-0.046535,-0.06501
548.8,630.87,-0.046381,-0.065469
552.83,630.87,-0.044212,-0.065389
556.33,630.87,-0.041455,-0.060758
559.83,630.87,-0.036051,-0.05562
563.33,630.87,-0.029597,-0.049283
567.0,630.87,-0.021757,-0.040222
570.68,630.87,-0.012105,-0.03155
574.18,630.87,-0.001178,-0.020783
577.85,630.87,0.01133,-0.008605
581.35,630.87,0.024839,0.004303
584.85,630.87,0.038813,0.017843
588.53,630.87,0.053262,0.031068
592.03,630.87,0.06759,0.04536
595.7,630.87,0.081786,0.058628
599.38,630.87,0.09621,0.073764
602.88,630.87,0.110128,0.08759
606.38,630.87,0.123995,0.10149
609.88,630.87,0.137035,0.114016
613.73,630.87,0.150507,0.128915
617.23,630.87,0.161863,0.139318
620.73,630.87,0.172892,0.150168
624.23,630.87,0.183985,0.160711
627.9,630.87,0.194195,0.169876
631.4,630.87,0.203357,0.179327
635.08,630.87,0.211499,0.187313
638.57,630.87,0.218865,0.194013
642.07,630.87,0.225935,0.200664
645.75,630.87,0.232088,0.207026
649.25,630.87,0.237122,0.211706
652.75,630.87,0.241887,0.216653
656.25,630.87,0.246154,0.220855
659.92,630.87,0.249934,0.224768
663.42,630.87,0.253545,0.228289
666.92,630.87,0.257639,0.232479
670.6,630.87,0.262041,0.237155
674.1,630.87,0.265788,0.241638
677.6,630.87,0.270433,0.245707
681.27,630.87,0.274715,0.250627
684.77,630.87,0.278394,0.253776
688.27,630.87,0.280436,0.255304
691.95,630.87,0.282402,0.257331
695.45,630.87,0.283813,0.257987
699.12,630.87,0.285236,0.259269
702.62,630.87,0.286271,0.260655
706.12,630.87,0.287325,0.261607
709.62,630.87,0.288218,0.2621
12.6,665.87,0.189096,0.154654
16.1,665.87,0.184669,0.161385
19.6,665.87,0.178791,0.156478
23.28,665.87,0.172839,0.150603
26.95,665.87,0.167473,0.144891
30.28,665.87,0.162282,0.139808
33.95,665.87,0.156789,0.135104
37.45,665.87,0.151629,0.128921
41.13,665.87,0.145184,0.122347
44.8,665.87,0.138286,0.115298
48.13,665.87,0.130923,0.108077
51.63,665.87,0.122103,0.099747
55.3,665.87,0.112692,0.090674
58.98,665.87,0.102454,0.079777
62.48,665.87,0.091478,0.069873
65.8,665.87,0.079254,0.058862
69.65,665.87,0.065849,0.04625
73.33,665.87,0.051111,0.031466
76.83,665.87,0.034614,0.015418
80.33,665.87,0.016429,-0.002259
83.83,665.87,-0.004046,-0.022798
87.5,665.87,-0.025617,-0.044129
91.0,665.87,-0.048793,-0.066553
94.68,665.87,-0.073707,-0.091251
98.18,665.87,-0.098882,-0.115552
101.5,665.87,-0.122339,-0.139464
105.18,665.87,-0.144797,-0.161837
108.68,665.87,-0.165114,-0.181695
112.35,665.87,-0.181569,-0.1985
115.85,665.87,-0.192967,-0.209209
119.35,665.87,-0.198848,-0.214837
123.03,665.87,-0.198762,-0.215176
126.53,665.87,-0.192773,-0.209181
130.03,665.87,-0.181476,-0.198207
133.7,665.87,-0.166066,-0.183226
137.2,665.87,-0.147308,-0.163402
141.05,665.87,-0.125644,-0.143217
144.55,665.87,-0.106239,-0.124634
148.05,665.87,-0.08802,-0.106526
151.73,665.87,-0.072524,-0.091834
155.75,665.87,-0.061479,-0.080866
159.25,665.87,-0.059637,-0.078275
162.75,665.87,-0.066057,-0.083925
166.43,665.87,-0.078756,-0.09643
170.28,665.87,-0.096103,-0.115968
173.95,665.87,-0.106221,-0.124252
177.45,665.87,-0.111076,-0.128987
180.95,665.87,-0.108691,-0.127342
184.8,665.87,-0.097724,-0.114662
188.3,665.87,-0.081791,-0.100798
191.98,665.87,-0.060025,-0.079206
195.3,665.87,-0.036338,-0.056014
199.15,665.87,-0.009381,-0.028584
202.65,665.87,0.018912,-0.001923
206.15,665.87,0.047193,0.026336
209.83,665.87,0.075166,0.052615
213.33,665.87,0.101456,0.078339
216.83,665.87,0.126792,0.103798
220.33,665.87,0.150042,0.125658
224.18,665.87,0.171308,0.145461
227.68,665.87,0.18848,0.163942
231.18,665.87,0.204525,0.17987
234.68,665.87,0.218415,0.193859
238.35,665.87,0.229746,0.205258
242.03,665.87,0.238141,0.214161
245.35,665.87,0.244109,0.219743
249.03,665.87,0.247371,0.22271
252.53,665.87,0.24812,0.224531
256.03,665.87,0.24694,0.222836
259.7,665.87,0.243951,0.219574
263.38,665.87,0.239888,0.215122
266.88,665.87,0.234198,0.210224
270.38,665.87,0.228246,0.20348
274.05,665.87,0.221077,0.196345
277.55,665.87,0.213157,0.188317
281.05,665.87,0.204164,0.180581
284.73,665.87,0.194642,0.170923
288.23,665.87,0.184823,0.16116
291.73,665.87,0.173721,0.150387
295.4,665.87,0.162313,0.139663
298.9,665.87,0.150036,0.127541
302.4,665.87,0.136746,0.114968
305.9,665.87,0.121866,0.101204
309.58,665.87,0.106521,0.08547
313.08,665.87,0.090088,0.069725
316.58,665.87,0.073912,0.053536
320.25,665.87,0.057239,0.036641
323.75,665.87,0.040581,0.020406
327.25,665.87,0.024777,0.004488
330.75,665.87,0.009879,-0.009674
334.43,665.87,-0.003078,-0.023014
337.93,665.87,-0.013956,-0.034286
341.6,665.87,-0.023245,-0.043925
345.1,665.87,-0.03033,-0.049733
348.78,665.87,-0.035765,-0.05485
352.28,665.87,-0.039338,-0.058359
355.78,665.87,-0.040592,-0.059702
359.28,665.87,-0.040759,-0.059505
362.95,665.87,-0.03936,-0.058103
366.8,665.87,-0.035789,-0.054458
370.3,665.87,-0.031621,-0.050755
373.8,665.87,-0.026097,-0.045149
377.48,665.87,-0.018525,-0.038735
380.98,665.87,-0.009807,-0.030426
384.48,665.87,0.000267,-0.020383
387.98,665.87,0.011201,-0.009881
391.48,665.87,0.022892,0.001906
394.98,665.87,0.035261,0.013881
398.65,665.87,0.047951,0.026278
402.33,665.87,0.060024,0.038647
405.83,665.87,0.071999,0.050344
409.33,665.87,0.082766,0.061238
412.83,665.87,0.09349,0.071413
416.33,665.87,0.103104,0.081142
420.0,665.87,0.111536,0.089839
423.5,665.87,0.119223,0.097288
427.18,665.87,0.125612,0.103677
430.68,665.87,0.130575,0.108674
434.18,665.87,0.134978,0.112796
437.85,665.87,0.138292,0.115643
441.35,665.87,0.140742,0.117075
444.85,665.87,0.141888,0.119263
448.53,665.87,0.142168,0.118887
452.03,665.87,0.141536,0.1184
455.7,665.87,0.139959,0.116336
459.2,665.87,0.137408,0.114916
462.7,665.87,0.13393,0.111191
466.38,665.87,0.129238,0.107365
469.88,665.87,0.124053,0.102002
473.38,665.87,0.117334,0.096068
477.05,665.87,0.110412,0.089201
480.55,665.87,0.102374,0.081549
484.05,665.87,0.094075,0.073064
487.55,665.87,0.08458,0.064195
491.05,665.87,0.075532,0.054861
494.55,665.87,0.065144,0.044648
498.23,665.87,0.054007,0.033909
501.73,665.87,0.042387,0.022227
505.23,665.87,0.030501,0.010523
508.9,665.87,0.018123,-0.001498
512.4,665.87,0.005973,-0.014283
515.9,665.87,-0.005561,-0.025598
519.58,665.87,-0.015641,-0.035315
523.08,665.87,-0.025213,-0.045065
526.58,665.87,-0.033402,-0.052995
530.08,665.87,-0.039877,-0.059348
533.58,665.87,-0.045189,-0.064369
537.25,665.87,-0.048879,-0.068322
540.75,665.87,-0.051482,-0.070768
544.25,665.87,-0.05281,-0.071624
547.93,665.87,-0.052274,-0.070524
551.43,665.87,-0.050601,-0.069113
554.93,665.87,-0.047567,-0.065906
558.6,665.87,-0.043078,-0.061831
561.93,665.87,-0.037613,-0.056125
565.6,665.87,-0.030518,-0.04936
569.1,665.87,-0.022401,-0.041399
572.6,665.87,-0.012681,-0.032062
576.63,665.87,-0.000343,-0.023617
580.13,665.87,0.011835,-0.009126
583.63,665.87,0.02507,0.003785
587.13,665.87,0.039097,0.017356
591.15,665.87,0.055329,0.036253
594.65,665.87,0.068456,0.047596
598.15,665.87,0.082377,0.061238
601.83,665.87,0.096355,0.074531
605.32,665.87,0.110458,0.087781
609.0,665.87,0.123665,0.10121
612.5,665.87,0.136395,0.112556
616.0,665.87,0.147916,0.124765
619.5,665.87,0.159217,0.135276
623.17,665.87,0.169996,0.146013
626.67,665.87,0.180076,0.155723
630.17,665.87,0.189152,0.164392
633.67,665.87,0.19775,0.173702
637.17,665.87,0.205775,0.181669
640.85,665.87,0.213526,0.189352
644.35,665.87,0.220141,0.195646
647.85,665.87,0.226228,0.201974
651.35,665.87,0.232091,0.207787
655.02,665.87,0.237063,0.212883
658.52,665.87,0.241706,0.21799
662.02,665.87,0.246083,0.221616
665.7,665.87,0.249796,0.226016
669.2,665.87,0.252691,0.228982
672.7,665.87,0.255458,0.230871
676.37,665.87,0.258036,0.233194
679.87,665.87,0.260452,0.236105
683.37,665.87,0.26393,0.238945
687.05,665.87,0.266721,0.240942
690.55,665.87,0.270014,0.244333
694.05,665.87,0.272482,0.246662
697.55,665.87,0.274534,0.249333
701.22,665.87,0.27657,0.250341
704.55,665.87,0.278662,0.252701
708.22,665.87,0.280008,0.254229
12.25,700.87,0.092599,0.064534
15.58,700.87,0.073068,0.052904
19.6,700.87,0.047584,0.025153
23.1,700.87,0.018129,-0.001184
26.78,700.87,-0.016328,-0.035518
30.28,700.87,-0.051479,-0.070195
33.78,700.87,-0.084776,-0.102471
37.45,700.87,-0.110956,-0.127508
40.95,700.87,-0.128013,-0.144951
44.45,700.87,-0.136174,-0.153137
47.95,700.87,-0.13622,-0.153029
51.45,700.87,-0.129412,-0.146772
55.13,700.87,-0.117077,-0.134347
58.63,700.87,-0.100493,-0.118454
62.13,700.87,-0.080383,-0.098778
65.8,700.87,-0.058648,-0.077404
69.3,700.87,-0.036402,-0.055953
72.8,700.87,-0.013895,-0.034175
76.3,700.87,0.007935,-0.01245
79.98,700.87,0.029429,0.008862
83.48,700.87,0.049257,0.027852
86.98,700.87,0.067405,0.045418
90.48,700.87,0.085184,0.062072
94.15,700.87,0.102029,0.079626
97.65,700.87,0.118071,0.095387
100.98,700.87,0.133471,0.109897
104.65,700.87,0.147448,0.123644
108.15,700.87,0.160301,0.136207
111.83,700.87,0.171792,0.148154
115.33,700.87,0.182578,0.158465
118.83,700.87,0.192541,0.168477
121.98,700.87,0.201998,0.177929
125.83,700.87,0.20983,0.185908
129.5,700.87,0.216881,0.192578
133.0,700.87,0.221727,0.197809
136.5,700.87,0.224728,0.201096
140.18,700.87,0.224836,0.201364
143.68,700.87,0.221391,0.197997
147.18,700.87,0.213483,0.190079
150.68,700.87,0.200982,0.1782
154.35,700.87,0.185033,0.162534
157.85,700.87,0.165754,0.143813
161.35,700.87,0.145249,0.123154
165.03,700.87,0.124894,0.103037
168.53,700.87,0.105313,0.084238
172.03,700.87,0.089571,0.068425
175.53,700.87,0.077553,0.056077
179.03,700.87,0.070132,0.048477
182.35,700.87,0.067402,0.045526
186.2,700.87,0.068918,0.047239
189.7,700.87,0.073973,0.052288
193.38,700.87,0.081912,0.059793
197.05,700.87,0.092766,0.071509
200.55,700.87,0.10564,0.084192
204.05,700.87,0.120501,0.098206
207.55,700.87,0.136429,0.114026
211.05,700.87,0.15316,0.13052
214.73,700.87,0.170067,0.147236
218.23,700.87,0.185976,0.162476
221.73,700.87,0.200892,0.177445
225.4,700.87,0.214977,0.190507
228.73,700.87,0.22681,0.201995
232.4,700.87,0.236339,0.211764
235.9,700.87,0.243822,0.218899
239.4,700.87,0.249327,0.224734
243.6,700.87,0.252574,0.227439
246.93,700.87,0.253135,0.228443
250.6,700.87,0.251789,0.227605
254.1,700.87,0.249062,0.224531
257.6,700.87,0.243942,0.219947
261.1,700.87,0.237747,0.213643
264.6,700.87,0.229866,0.205483
268.45,700.87,0.221231,0.197978
271.95,700.87,0.2119,0.188058
275.45,700.87,0.201416,0.177328
279.13,700.87,0.190353,0.166721
282.63,700.87,0.178828,0.155892
286.13,700.87,0.166432,0.143015
289.63,700.87,0.153517,0.130514
293.3,700.87,0.139629,0.11702
296.8,700.87,0.124897,0.103034
300.3,700.87,0.109361,0.08791
304.15,700.87,0.091617,0.07287
307.83,700.87,0.076114,0.055714
311.33,700.87,0.059771,0.039916
315.0,700.87,0.043625,0.023169
318.5,700.87,0.027069,0.00755
322.0,700.87,0.011379,-0.008288
325.5,700.87,-0.003685,-0.023266
329.18,700.87,-0.016837,-0.035783
332.68,700.87,-0.02842,-0.047699
336.18,700.87,-0.038155,-0.057684
339.68,700.87,-0.046344,-0.066079
343.35,700.87,-0.05298,-0.072194
346.85,700.87,-0.057588,-0.077105
351.4,700.87,-0.06143,-0.081097
355.08,700.87,-0.06236,-0.081754
358.58,700.87,-0.062108,-0.080768
362.25,700.87,-0.060142,-0.077055
365.75,700.87,-0.057182,-0.076002
369.43,700.87,-0.052721,-0.071248
372.93,700.87,-0.046858,-0.06558
376.43,700.87,-0.040401,-0.059203
380.1,700.87,-0.032142,-0.051279
383.6,700.87,-0.023007,-0.042364
387.1,700.87,-0.012986,-0.032638
390.6,700.87,-0.002342,-0.022505
394.28,700.87,0.009827,-0.012166
397.78,700.87,0.021657,0.000853
401.28,700.87,0.033502,0.012418
405.13,700.87,0.045434,0.023477
408.63,700.87,0.05629,0.034472
412.13,700.87,0.06629,0.04491
415.63,700.87,0.07608,0.054469
419.3,700.87,0.084398,0.063126
422.8,700.87,0.092408,0.070831
426.48,700.87,0.098942,0.077689
429.98,700.87,0.105061,0.083825
433.48,700.87,0.109842,0.088724
436.98,700.87,0.113567,0.091798
440.65,700.87,0.116453,0.094827
443.98,700.87,0.118191,0.096583
447.65,700.87,0.119401,0.097923
451.15,700.87,0.119475,0.097513
454.83,700.87,0.11836,0.094318
458.5,700.87,0.116432,0.093644
462.0,700.87,0.113409,0.091256
465.5,700.87,0.109694,0.087467
469.0,700.87,0.104938,0.082507
472.68,700.87,0.098659,0.076456
476.18,700.87,0.092205,0.070378
479.68,700.87,0.084263,0.063234
483.18,700.87,0.075948,0.055806
486.85,700.87,0.066358,0.046284
490.53,700.87,0.056777,0.036872
494.03,700.87,0.046256,0.026173
497.53,700.87,0.034614,0.015163
501.03,700.87,0.022168,0.002581
504.53,700.87,0.010464,-0.008882
508.2,700.87,-0.001895,-0.020943
511.7,700.87,-0.013214,-0.032582
515.55,700.87,-0.024979,-0.046649
519.05,700.87,-0.034705,-0.054067
522.55,700.87,-0.043103,-0.062592
526.4,700.87,-0.051282,-0.06777
530.08,700.87,-0.057515,-0.075235
533.75,700.87,-0.061923,-0.07993
537.25,700.87,-0.06509,-0.083251
540.93,700.87,-0.066895,-0.085192
544.43,700.87,-0.067049,-0.085968
547.93,700.87,-0.066492,-0.08566
551.43,700.87,-0.064628,-0.083463
554.93,700.87,-0.061258,-0.080842
558.6,700.87,-0.057065,-0.076476
562.1,700.87,-0.051091,-0.071322
565.43,700.87,-0.044397,-0.064465
569.1,700.87,-0.037034,-0.056972
572.6,700.87,-0.027641,-0.048171
576.1,700.87,-0.017293,-0.037357
579.6,700.87,-0.006464,-0.026732
583.28,700.87,0.005732,-0.015219
586.78,700.87,0.018622,-0.001815
590.28,700.87,0.032532,0.012331
593.78,700.87,0.046361,0.025692
597.45,700.87,0.060076,0.038391
600.95,700.87,0.073742,0.052405
604.45,700.87,0.087156,0.065159
607.95,700.87,0.100936,0.079084
611.45,700.87,0.113847,0.092461
615.13,700.87,0.126616,0.104759
618.63,700.87,0.138878,0.116114
622.3,700.87,0.149888,0.126921
625.8,700.87,0.160557,0.137655
629.13,700.87,0.170668,0.147513
632.8,700.87,0.180406,0.156271
636.3,700.87,0.189528,0.164688
639.98,700.87,0.198366,0.17328
643.65,700.87,0.206462,0.181564
647.15,700.87,0.213887,0.189414
650.65,700.87,0.220603,0.196592
654.15,700.87,0.22682,0.201838
657.82,700.87,0.232559,0.208191
661.32,700.87,0.237251,0.212769
664.82,700.87,0.241937,0.21738
668.32,700.87,0.245852,0.221438
672.0,700.87,0.248797,0.224894
675.5,700.87,0.251173,0.226666
679.0,700.87,0.253215,0.229155
682.5,700.87,0.25486,0.231025
686.0,700.87,0.256838,0.231817
689.67,700.87,0.259192,0.234515
693.17,700.87,0.262026,0.237454
696.67,700.87,0.264725,0.240193
700.17,700.87,0.26755,0.242485
703.85,700.87,0.270532,0.245609
707.35,700.87,0.273847,0.247614
710.5,700.87,0.276921,0.250732
0.0,3.5,-0.008337,-0.034218
0.0,7.0,-0.008568,-0.02838
0.0,10.68,-0.009551,-0.028146
0.0,14.35,-0.012305,-0.03123
0.0,17.85,-0.017585,-0.036932
0.0,21.18,-0.026908,-0.045466
0.0,24.85,-0.040075,-0.058198
0.0,28.53,-0.057434,-0.075546
0.0,32.03,-0.080435,-0.09806
0.0,35.53,-0.106624,-0.123525
0.0,39.2,-0.131211,-0.147749
0.0,42.7,-0.151689,-0.168383
0.0,46.2,-0.165543,-0.183241
0.0,49.87,-0.170441,-0.187607
0.0,53.37,-0.168885,-0.185737
0.0,56.87,-0.164042,-0.181661
0.0,60.37,-0.160241,-0.177712
0.0,63.87,-0.160493,-0.177946
0.0,67.37,-0.163266,-0.180518
0.0,71.05,-0.162853,-0.180241
0.0,74.55,-0.154757,-0.171914
0.0,78.05,-0.135805,-0.153149
0.0,81.72,-0.106683,-0.124991
0.0,85.22,-0.066988,-0.086116
0.0,88.72,-0.020993,-0.04135
0.0,92.4,0.027923,0.006518
0.0,96.07,0.075323,0.052769
0.0,99.4,0.119096,0.096037
0.0,102.9,0.159315,0.135304
0.0,106.57,0.194411,0.169719
0.0,110.07,0.226431,0.201065
0.0,113.57,0.25316,0.227192
0.0,117.25,0.276108,0.249069
0.0,120.75,0.295236,0.268514
0.0,124.25,0.311511,0.284296
0.0,127.75,0.3251,0.297858
0.0,131.25,0.336012,0.308671
0.0,134.92,0.344571,0.317269
0.0,138.42,0.352124,0.324953
0.0,142.1,0.357571,0.330372
0.0,145.6,0.361588,0.334401
0.0,149.27,0.36425,0.338046
0.0,152.77,0.36543,0.339155
0.0,156.27,0.36507,0.338526
0.0,159.77,0.363255,0.337195
0.0,163.45,0.360439,0.334386
0.0,166.77,0.357433,0.331022
0.0,170.45,0.35438,0.328323
0.0,173.95,0.350606,0.324531
0.0,177.45,0.346342,0.319232
0.0,181.13,0.341702,0.315547
0.0,184.63,0.336776,0.310319
0.0,188.13,0.33161,0.304934
0.0,191.63,0.326182,0.299873
0.0,195.13,0.3199,0.293671
0.0,198.8,0.312698,0.28588
0.0,202.3,0.30556,0.279497
0.0,205.98,0.29754,0.271921
0.0,209.48,0.289586,0.263745
0.0,213.85,0.27893,0.252081
0.0,217.35,0.269478,0.243899
0.0,221.03,0.259414,0.234007
0.0,224.53,0.248643,0.223973
0.0,228.38,0.235526,0.21352
0.0,231.88,0.22376,0.199731
0.0,235.38,0.209888,0.187192
0.0,238.88,0.195692,0.17312
0.0,242.9,0.179059,0.153379
0.0,246.58,0.163733,0.140335
0.0,250.08,0.147987,0.125227
0.0,253.58,0.131429,0.108875
0.0,257.6,0.112063,0.092655
0.0,261.1,0.094901,0.073819
0.0,264.78,0.078841,0.058271
0.0,268.28,0.063585,0.043012
0.0,271.95,0.048644,0.026096
0.0,275.63,0.035135,0.013887
0.0,279.13,0.022633,0.001891
0.0,282.63,0.011798,-0.008309
0.0,286.13,0.002455,-0.017841
0.0,289.8,-0.005725,-0.025777
0.0,293.3,-0.012376,-0.032071
0.0,296.8,-0.018149,-0.037964
0.0,300.48,-0.025013,-0.044058
0.0,303.98,-0.032844,-0.050879
0.0,307.65,-0.040189,-0.058701
0.0,311.15,-0.043698,-0.062444
0.0,314.65,-0.043047,-0.061458
0.0,318.15,-0.037416,-0.056729
0.0,321.83,-0.027767,-0.047145
0.0,325.33,-0.015028,-0.035047
0.0,328.83,-0.000124,-0.021328
0.0,332.5,0.015295,-0.005531
0.0,336.0,0.030868,0.008915
0.0,339.5,0.045541,0.023829
0.0,343.18,0.059078,0.036475
0.0,346.68,0.070107,0.048077
0.0,350.18,0.079232,0.057285
0.0,353.68,0.085665,0.063711
0.0,357.18,0.089029,0.066632
0.0,360.68,0.086601,0.064851
0.0,364.18,0.076561,0.055033
0.0,367.85,0.05873,0.037981
0.0,371.35,0.0378,0.018077
0.0,375.03,0.019362,0.000233
0.0,378.7,0.006195,-0.013146
0.0,382.38,0.002676,-0.016849
0.0,385.88,0.004999,-0.01533
0.0,389.55,0.013511,-0.007102
0.0,393.05,0.025468,0.004251
0.0,396.55,0.039063,0.017707
0.0,400.05,0.053117,0.030816
0.0,403.55,0.066235,0.044146
0.0,407.05,0.078206,0.056114
0.0,410.55,0.088222,0.065532
0.0,414.23,0.096339,0.073986
0.0,417.73,0.102766,0.080286
0.0,421.4,0.106558,0.084346
0.0,425.08,0.108138,0.087778
0.0,428.58,0.107525,0.085908
0.0,432.08,0.104787,0.083332
0.0,435.75,0.100529,0.078976
0.0,439.08,0.094389,0.071983
0.0,442.93,0.087368,0.065902
0.0,446.6,0.079072,0.05783
0.0,449.93,0.070276,0.048933
0.0,453.95,0.059931,0.038779
0.0,457.45,0.049935,0.029269
0.0,461.13,0.039195,0.019023
0.0,464.63,0.027282,0.007991
0.0,468.48,0.011724,-0.00895
0.0,472.15,-0.002471,-0.02282
0.0,475.65,-0.013405,-0.03358
0.0,479.33,-0.019483,-0.039671
0.0,483.18,-0.019979,-0.038698
0.0,486.68,-0.014905,-0.034271
0.0,490.18,-0.006446,-0.02643
0.0,493.85,0.005064,-0.014548
0.0,497.7,0.01979,-0.001794
0.0,501.2,0.0343,0.012713
0.0,504.88,0.048933,0.027174
0.0,508.38,0.063718,0.041524
0.0,511.88,0.078487,0.055772
0.0,515.55,0.092125,0.06917
0.0,519.05,0.105606,0.083311
0.0,522.55,0.118671,0.095449
0.0,526.23,0.132328,0.111293
0.0,529.73,0.142633,0.119343
0.0,533.4,0.152876,0.130295
0.0,536.73,0.162045,0.138973
0.0,540.23,0.170791,0.147809
0.0,543.9,0.178339,0.155464
0.0,547.4,0.185766,0.162692
0.0,550.9,0.192479,0.168958
0.0,554.4,0.199287,0.175686
0.0,558.08,0.205498,0.181878
0.0,561.58,0.211484,0.187682
0.0,565.08,0.217082,0.1934
0.0,568.58,0.221663,0.197565
0.0,572.08,0.226407,0.2019
0.0,575.58,0.230711,0.20649
0.0,579.08,0.234682,0.210409
0.0,582.58,0.237895,0.213141
0.0,586.25,0.240476,0.214968
0.0,589.75,0.242368,0.217048
0.0,593.25,0.243745,0.218683
0.0,596.75,0.244491,0.219192
0.0,600.77,0.245285,0.221508
0.0,604.27,0.245914,0.221635
0.0,607.95,0.245677,0.221632
0.0,611.45,0.245464,0.221099
0.0,615.12,0.245175,0.220144
0.0,618.62,0.2445,0.219836
0.0,622.12,0.243446,0.219275
0.0,625.62,0.24251,0.217796
0.0,629.3,0.241244,0.214401
0.0,632.97,0.239719,0.214925
0.0,636.47,0.238378,0.213311
0.0,640.15,0.236582,0.211906
0.0,643.65,0.234515,0.209558
0.0,647.15,0.232476,0.208135
0.0,650.65,0.230387,0.205683
0.0,654.15,0.228317,0.20381
0.0,657.65,0.226083,0.202199
0.0,661.32,0.223492,0.199894
0.0,664.82,0.219737,0.195982
0.0,668.32,0.215689,0.192436
0.0,671.82,0.210695,0.187377
0.0,675.32,0.204595,0.181758
0.0,678.82,0.198459,0.17544
0.0,682.32,0.190917,0.167904
0.0,686.0,0.183169,0.160966
36.05,12.6,-0.083636,-0.105795
36.05,16.1,-0.082915,-0.101187
36.05,19.95,-0.083143,-0.099714
36.05,23.45,-0.084477,-0.102585
36.05,27.12,-0.086649,-0.104729
36.05,30.62,-0.089064,-0.107006
36.05,34.12,-0.091088,-0.109692
36.05,37.8,-0.093047,-0.112308
36.05,41.47,-0.094443,-0.113288
36.05,44.97,-0.094908,-0.11395
36.05,48.47,-0.094634,-0.113593
36.05,51.97,-0.092927,-0.111587
36.05,55.65,-0.089274,-0.107918
36.05,59.15,-0.082548,-0.100457
36.05,62.65,-0.073158,-0.091975
36.05,66.32,-0.060192,-0.079588
36.05,70.0,-0.04265,-0.060826
36.05,73.5,-0.022505,-0.042222
36.05,77.17,0.002131,-0.018556
36.05,80.67,0.029352,0.008175
36.05,84.17,0.057686,0.035578
36.05,87.85,0.085748,0.062873
36.05,91.35,0.114019,0.090782
36.05,94.85,0.141536,0.117596
36.05,98.35,0.16743,0.142636
36.05,101.85,0.191046,0.166148
36.05,105.35,0.213739,0.188798
36.05,109.02,0.234404,0.208754
36.05,112.52,0.25214,0.226438
36.05,116.02,0.268582,0.242251
36.05,119.52,0.283582,0.257235
36.05,123.2,0.296909,0.270627
36.05,126.7,0.308927,0.282587
36.05,130.2,0.318659,0.293267
36.05,133.87,0.326521,0.30059
36.05,137.37,0.332389,0.306706
36.05,140.87,0.337602,0.311508
36.05,144.37,0.341209,0.3151
36.05,148.05,0.34315,0.317491
36.05,151.55,0.344204,0.3182
36.05,155.05,0.343924,0.317864
36.05,158.72,0.342848,0.316111
36.05,162.22,0.341527,0.315526
36.05,165.72,0.339567,0.313086
36.05,168.87,0.337882,0.31133
36.05,172.9,0.335319,0.308157
36.05,176.57,0.332645,0.305291
36.05,180.07,0.329352,0.302784
36.05,183.57,0.326287,0.300073
36.05,187.25,0.322885,0.296761
36.05,190.92,0.319016,0.294571
36.05,194.42,0.314759,0.289589
36.05,198.1,0.310011,0.284783
36.05,201.6,0.304808,0.27974
36.05,204.92,0.299004,0.27376
36.05,208.6,0.293431,0.268671
36.05,212.27,0.287232,0.262775
36.05,215.77,0.280532,0.255439
36.05,219.27,0.273517,0.247685
36.05,222.95,0.265828,0.240624
36.05,226.45,0.257981,0.232661
36.05,229.95,0.249216,0.223967
36.05,233.62,0.238964,0.214013
36.05,237.3,0.2284,0.204143
36.05,240.8,0.217085,0.193277
36.05,244.3,0.204568,0.18174
36.05,247.97,0.192008,0.169602
36.05,251.47,0.179491,0.157531
36.05,254.97,0.166749,0.144426
36.05,258.65,0.153206,0.130723
36.05,262.15,0.138982,0.117085
36.05,265.65,0.12401,0.102522
36.05,269.15,0.109007,0.087695
36.05,272.65,0.094038,0.073194
36.05,276.32,0.080292,0.059488
36.05,279.47,0.067411,0.046851
36.05,283.32,0.055588,0.034439
36.05,286.82,0.044971,0.023403
36.05,290.5,0.035132,0.014094
36.05,293.82,0.026321,0.005563
36.05,297.5,0.018801,-0.001686
36.05,301.17,0.011419,-0.009317
36.05,304.67,0.001777,-0.018226
36.05,308.17,-0.01078,-0.029967
36.05,311.85,-0.022145,-0.040928
36.05,315.52,-0.029526,-0.047964
36.05,319.02,-0.03131,-0.050056
36.05,322.52,-0.027755,-0.046627
36.05,326.02,-0.019012,-0.038482
36.05,329.7,-0.006966,-0.026436
36.05,333.2,0.007572,-0.012592
36.05,336.7,0.022307,0.001814
36.05,340.2,0.035828,0.015452
36.05,343.87,0.047938,0.026321
36.05,347.37,0.056099,0.034861
36.05,350.87,0.060572,0.039063
36.05,354.37,0.058182,0.036743
36.05,357.88,0.046694,0.026265
36.05,361.38,0.02739,0.007529
36.05,365.05,0.0052,-0.015004
36.05,368.73,-0.013525,-0.033485
36.05,372.23,-0.025219,-0.044409
36.05,375.73,-0.028584,-0.047967
36.05,379.23,-0.025059,-0.044819
36.05,382.73,-0.015124,-0.034804
36.05,386.4,-0.001498,-0.021251
36.05,389.9,0.015292,-0.004847
36.05,393.4,0.03279,0.012334
36.05,397.08,0.049565,0.028718
36.05,400.58,0.06523,0.044269
36.05,404.08,0.079328,0.058215
36.05,407.75,0.091755,0.070101
36.05,411.25,0.102079,0.080347
36.05,414.58,0.110942,0.088178
36.05,418.43,0.117627,0.094438
36.05,421.93,0.121986,0.098955
36.05,425.6,0.124451,0.101222
36.05,429.1,0.124746,0.101848
36.05,432.6,0.12377,0.101352
36.05,436.28,0.121154,0.098967
36.05,439.78,0.116998,0.094663
36.05,443.28,0.111487,0.08975
36.05,446.78,0.104589,0.083191
36.05,450.45,0.096684,0.07593
36.05,453.95,0.088252,0.067029
36.05,457.45,0.078739,0.058471
36.05,460.95,0.06852,0.047852
36.05,464.63,0.056687,0.03658
36.05,468.13,0.041761,0.022146
36.05,471.63,0.025073,0.005634
36.05,474.95,0.00922,-0.009948
36.05,478.8,-0.00103,-0.020201
36.05,482.3,-0.004868,-0.024788
36.05,485.8,-0.002345,-0.022539
36.05,489.3,0.005612,-0.015577
36.05,492.98,0.017763,-0.0031
36.05,496.48,0.032088,0.010843
36.05,499.98,0.04776,0.026336
36.05,503.48,0.063912,0.04174
36.05,506.98,0.079719,0.057267
36.05,510.48,0.09527,0.072568
36.05,513.98,0.110889,0.08783
36.05,517.65,0.125477,0.101986
36.05,521.15,0.13922,0.115763
36.05,524.83,0.151542,0.12808
36.05,528.33,0.162935,0.139719
36.05,532.0,0.173252,0.15003
36.05,534.98,0.182987,0.160088
36.05,539.18,0.191727,0.168474
36.05,542.68,0.200745,0.177008
36.05,546.18,0.208289,0.184518
36.05,549.68,0.215701,0.192008
36.05,553.35,0.221706,0.197531
36.05,556.85,0.227115,0.202947
36.05,560.35,0.231743,0.20681
36.05,564.02,0.235353,0.209623
36.05,567.52,0.23864,0.213348
36.05,571.02,0.241176,0.216302
36.05,574.52,0.243514,0.217799
36.05,578.2,0.24498,0.220128
36.05,581.7,0.246216,0.221207
36.05,585.2,0.246813,0.221542
36.05,588.87,0.247513,0.222451
36.05,592.37,0.248286,0.223847
36.05,595.87,0.249195,0.22474
36.05,599.55,0.249642,0.225892
36.05,603.05,0.250104,0.226031
36.05,606.55,0.249999,0.226176
36.05,610.05,0.250134,0.226053
36.05,613.55,0.249657,0.225689
36.05,617.22,0.248517,0.224469
36.05,620.72,0.247605,0.223369
36.05,624.22,0.246287,0.221974
36.05,627.72,0.244805,0.220806
36.05,631.22,0.24332,0.218979
36.05,634.72,0.241804,0.217648
36.05,638.4,0.240523,0.216037
36.05,641.2,0.238631,0.214022
36.05,645.4,0.235908,0.21133
36.05,648.9,0.232648,0.207661
36.05,652.57,0.227892,0.202756
36.05,655.9,0.221866,0.197152
36.05,659.57,0.215584,0.191308
36.05,663.25,0.207784,0.183566
36.05,666.75,0.199361,0.175658
36.05,670.42,0.189485,0.166385
36.05,673.92,0.178819,0.155849
36.05,677.42,0.165674,0.143508
36.05,680.92,0.149703,0.127553
36.05,684.6,0.128483,0.107257
36.05,688.1,0.100745,0.080498
72.27,12.42,-0.170848,-0.188516
72.27,15.92,-0.18867,-0.204144
72.27,19.6,-0.205339,-0.21928
72.27,23.1,-0.21964,-0.234125
72.27,26.6,-0.232853,-0.24749
72.27,30.27,-0.243463,-0.257844
72.27,33.77,-0.249785,-0.264202
72.27,37.27,-0.251177,-0.265955
72.27,40.95,-0.246904,-0.262462
72.27,44.27,-0.238032,-0.2535
72.27,47.95,-0.224677,-0.240617
72.27,51.45,-0.207357,-0.224166
72.27,54.95,-0.185832,-0.203676
72.27,58.45,-0.161565,-0.180019
72.27,62.12,-0.135684,-0.154159
72.27,65.62,-0.109027,-0.128004
72.27,69.12,-0.079539,-0.099597
72.27,72.27,-0.049816,-0.070176
72.27,76.3,-0.019033,-0.03981
72.27,79.8,0.012399,-0.009178
72.27,83.12,0.044315,0.022627
72.27,86.97,0.074694,0.052467
72.27,90.47,0.104546,0.081869
72.27,93.97,0.133508,0.11068
72.27,97.65,0.16039,0.13743
72.27,101.15,0.184931,0.161425
72.27,104.65,0.207938,0.184035
72.27,108.15,0.229377,0.204506
72.27,111.82,0.24771,0.222809
72.27,115.15,0.263711,0.23864
72.27,118.82,0.277932,0.252768
72.27,122.32,0.291062,0.2649
72.27,125.82,0.302701,0.276351
72.27,129.32,0.312473,0.286139
72.27,132.82,0.320646,0.294512
72.27,136.32,0.327143,0.30064
72.27,140.0,0.332996,0.306173
72.27,143.5,0.337691,0.310578
72.27,147.0,0.341385,0.314309
72.27,150.5,0.343794,0.316191
72.27,154.17,0.346089,0.319102
72.27,157.67,0.347922,0.320495
72.27,161.17,0.348603,0.321555
72.27,164.67,0.348511,0.321786
72.27,168.17,0.347642,0.321074
72.27,171.85,0.346132,0.319552
72.27,175.35,0.344949,0.318224
72.27,178.85,0.343529,0.317463
72.27,182.52,0.342263,0.316712
72.27,186.02,0.340455,0.314928
72.27,189.7,0.338018,0.31254
72.27,193.2,0.335633,0.309857
72.27,196.7,0.332848,0.307121
72.27,200.2,0.330202,0.303847
72.27,203.87,0.327328,0.301305
72.27,207.72,0.324102,0.295538
72.27,211.22,0.320519,0.294429
72.27,214.72,0.316404,0.290402
72.27,218.4,0.311616,0.28592
72.27,221.9,0.306462,0.280744
72.27,225.4,0.300224,0.274826
72.27,228.9,0.293828,0.269383
72.27,232.57,0.286656,0.262121
72.27,236.07,0.279774,0.255181
72.27,239.57,0.271918,0.247852
72.27,243.07,0.263446,0.239494
72.27,246.75,0.254056,0.229937
72.27,250.25,0.243797,0.219669
72.27,253.92,0.232386,0.208594
72.27,257.42,0.2197,0.196151
72.27,260.92,0.206268,0.182886
72.27,264.42,0.192273,0.168631
72.27,267.92,0.178385,0.155162
72.27,271.42,0.164509,0.141626
72.27,275.1,0.150603,0.127424
72.27,278.6,0.136949,0.113899
72.27,282.27,0.123403,0.10096
72.27,285.77,0.111213,0.089121
72.27,289.27,0.100156,0.078234
72.27,292.77,0.090424,0.068462
72.27,296.45,0.08117,0.060766
72.27,299.95,0.073425,0.052405
72.27,303.62,0.065255,0.045002
72.27,307.12,0.055766,0.035739
72.27,310.62,0.043219,0.023798
72.27,314.12,0.024728,0.005689
72.27,317.62,0.00207,-0.016575
72.27,321.3,-0.01915,-0.037702
72.27,324.8,-0.035657,-0.054095
72.27,328.3,-0.045722,-0.064083
72.27,331.8,-0.050031,-0.068701
72.27,335.47,-0.050552,-0.070149
72.27,338.97,-0.05042,-0.070001
72.27,342.47,-0.05415,-0.072884
72.27,345.97,-0.063645,-0.082327
72.27,349.47,-0.077465,-0.095721
72.27,353.15,-0.091196,-0.110001
72.27,356.47,-0.101008,-0.119181
72.27,360.32,-0.102875,-0.120906
72.27,363.82,-0.096372,-0.114511
72.27,367.32,-0.082712,-0.101291
72.27,370.82,-0.062789,-0.081803
72.27,374.5,-0.039995,-0.05944
72.27,378.0,-0.015638,-0.03529
72.27,381.67,0.009719,-0.010303
72.27,385.17,0.034623,0.013878
72.27,388.67,0.057439,0.036004
72.27,392.35,0.07787,0.056191
72.27,395.85,0.096275,0.074137
72.27,399.35,0.112907,0.090486
72.27,402.85,0.127334,0.104774
72.27,406.35,0.139836,0.116133
72.27,410.02,0.149617,0.126013
72.27,413.87,0.157747,0.133206
72.27,417.37,0.163551,0.140193
72.27,420.87,0.167488,0.144337
72.27,424.55,0.169965,0.147183
72.27,428.05,0.170664,0.148114
72.27,431.55,0.169956,0.148034
72.27,435.22,0.168126,0.145661
72.27,438.72,0.164334,0.142402
72.27,442.22,0.159922,0.137673
72.27,446.25,0.153711,0.127655
72.27,449.92,0.146946,0.123865
72.27,453.42,0.139392,0.116512
72.27,456.92,0.130378,0.107581
72.27,460.42,0.119953,0.09816
72.27,464.1,0.107667,0.086487
72.27,467.25,0.092072,0.071466
72.27,471.27,0.072251,0.052353
72.27,474.77,0.051798,0.031915
72.27,478.27,0.034673,0.015508
72.27,481.77,0.025073,0.005517
72.27,485.45,0.024303,0.004248
72.27,488.95,0.031265,0.010769
72.27,492.45,0.04377,0.022756
72.27,496.12,0.05983,0.038379
72.27,499.45,0.078046,0.056195
72.27,503.12,0.097399,0.074324
72.27,506.8,0.117374,0.093564
72.27,510.3,0.136419,0.112347
72.27,513.8,0.153637,0.129522
72.27,517.47,0.169608,0.145717
72.27,520.97,0.183853,0.160467
72.27,524.47,0.19702,0.172802
72.27,527.97,0.208206,0.183967
72.27,531.47,0.218804,0.194102
72.27,535.15,0.227633,0.203471
72.27,538.65,0.235205,0.211305
72.27,542.32,0.241952,0.217685
72.27,545.82,0.248006,0.224001
72.27,549.32,0.252993,0.22881
72.27,552.82,0.258271,0.233591
72.27,556.32,0.262793,0.238317
72.27,560.0,0.266265,0.241598
72.27,563.5,0.269549,0.244309
72.27,567.0,0.272306,0.246773
72.27,570.5,0.274272,0.249124
72.27,574.0,0.275689,0.250196
72.27,577.67,0.276601,0.250837
72.27,581.35,0.276915,0.250387
72.27,584.85,0.277011,0.251194
72.27,588.35,0.276878,0.251287
72.27,591.85,0.276339,0.250806
72.27,595.52,0.275858,0.250723
72.27,599.02,0.275279,0.250369
72.27,602.7,0.273998,0.249842
72.27,606.2,0.273181,0.248255
72.27,609.7,0.271875,0.247565
72.27,613.37,0.27064,0.246481
72.27,616.87,0.269435,0.245107
72.27,620.37,0.268206,0.243683
72.27,623.7,0.266475,0.241715
72.27,627.55,0.264601,0.239441
72.27,631.05,0.261536,0.236641
72.27,634.55,0.257932,0.233024
72.27,638.05,0.253625,0.228425
72.27,641.9,0.248884,0.222886
72.27,645.4,0.24332,0.218727
72.27,648.9,0.236878,0.212402
72.27,652.4,0.229737,0.205476
72.27,655.9,0.220674,0.196807
72.27,659.57,0.210196,0.186687
72.27,663.07,0.197183,0.174389
72.27,666.75,0.181472,0.159195
72.27,670.25,0.161863,0.13991
72.27,673.75,0.135107,0.114291
72.27,677.25,0.097923,0.078172
72.27,680.75,0.057251,0.03816
72.27,684.25,0.015227,-0.002903
72.27,687.92,-0.019797,-0.037844
108.32,12.42,0.002233,-0.025062
108.32,15.92,0.045572,0.022901
108.32,19.6,0.086296,0.062963
108.32,23.1,0.123129,0.099226
108.32,26.6,0.154053,0.130249
108.32,30.45,0.177112,0.154934
108.32,33.95,0.190218,0.166814
108.32,37.45,0.193705,0.170517
108.32,41.12,0.186527,0.163274
108.32,44.62,0.168551,0.14584
108.32,48.12,0.137156,0.115914
108.32,51.62,0.091885,0.071432
108.32,55.12,0.042344,0.023111
108.32,58.8,-0.007915,-0.026532
108.32,62.12,-0.047253,-0.065919
108.32,65.8,-0.075182,-0.09362
108.32,69.3,-0.086797,-0.105118
108.32,72.8,-0.082601,-0.102117
108.32,76.47,-0.065105,-0.084754
108.32,79.97,-0.036119,-0.056646
108.32,83.65,-0.000161,-0.021159
108.32,87.15,0.041407,0.019851
108.32,90.65,0.082907,0.060498
108.32,94.15,0.126404,0.103206
108.32,97.82,0.167642,0.143924
108.32,101.32,0.205708,0.180945
108.32,104.82,0.241937,0.216712
108.32,108.5,0.274632,0.249256
108.32,112.0,0.306225,0.279503
108.32,115.85,0.337275,0.306388
108.32,119.52,0.361043,0.333234
108.32,123.02,0.38381,0.355322
108.32,126.87,0.405233,0.377922
108.32,130.37,0.423585,0.395316
108.32,134.05,0.440257,0.411785
108.32,137.55,0.454081,0.42596
108.32,141.05,0.467177,0.437978
108.32,144.55,0.478233,0.449068
108.32,148.22,0.487485,0.45827
108.32,151.72,0.495707,0.465855
108.32,155.4,0.502861,0.472611
108.32,158.9,0.509124,0.478686
108.32,162.4,0.51433,0.483612
108.32,165.9,0.51864,0.488045
108.32,169.57,0.52181,0.491286
108.32,173.07,0.523985,0.493794
108.32,176.57,0.525171,0.494925
108.32,180.07,0.525119,0.495263
108.32,183.75,0.524336,0.494962
108.32,187.07,0.523242,0.493751
108.32,190.92,0.521295,0.491983
108.32,194.42,0.51848,0.489629
108.32,197.92,0.515707,0.486767
108.32,201.42,0.5121,0.483803
108.32,204.92,0.509533,0.480584
108.32,208.42,0.506166,0.477395
108.32,212.1,0.503252,0.474469
108.32,215.6,0.501369,0.472386
108.32,219.1,0.499863,0.47051
108.32,222.6,0.498258,0.469275
108.32,226.1,0.495766,0.466748
108.32,229.6,0.492189,0.464016
108.32,232.75,0.487722,0.458695
108.32,236.77,0.481862,0.453394
108.32,240.27,0.475458,0.446413
108.32,243.77,0.467633,0.438612
108.32,247.27,0.458825,0.430054
108.32,250.95,0.448754,0.420399
108.32,254.45,0.436487,0.408227
108.32,257.95,0.423175,0.395313
108.32,261.45,0.408184,0.380199
108.32,264.95,0.39177,0.364256
108.32,268.45,0.374463,0.347583
108.32,272.12,0.356727,0.330452
108.32,275.62,0.338551,0.312611
108.32,279.12,0.31946,0.293742
108.32,282.62,0.300461,0.275402
108.32,286.12,0.282017,0.257627
108.32,289.62,0.265775,0.241647
108.32,293.3,0.250233,0.226915
108.32,296.8,0.236105,0.212842
108.32,300.3,0.223348,0.200289
108.32,303.8,0.211675,0.188597
108.32,307.47,0.201093,0.178215
108.32,310.97,0.190597,0.167953
108.32,314.47,0.180375,0.157833
108.32,318.15,0.169253,0.146447
108.32,321.65,0.156561,0.134158
108.32,325.15,0.142818,0.120646
108.32,328.82,0.128419,0.105951
108.32,332.32,0.11487,0.093594
108.32,335.82,0.103265,0.081613
108.32,339.32,0.094891,0.072371
108.32,342.82,0.090501,0.068625
108.32,346.5,0.090606,0.068539
108.32,350.17,0.095489,0.07328
108.32,353.67,0.104793,0.083225
108.32,357.17,0.117094,0.094642
108.32,360.67,0.131447,0.108453
108.32,364.17,0.147987,0.125061
108.32,367.85,0.164629,0.141598
108.32,371.35,0.181339,0.158286
108.32,374.85,0.19868,0.175045
108.32,378.35,0.21527,0.191385
108.32,382.02,0.23109,0.206875
108.32,385.52,0.245433,0.220948
108.32,389.02,0.258536,0.233757
108.32,392.7,0.270504,0.244762
108.32,396.2,0.281188,0.255578
108.32,399.7,0.291274,0.264876
108.32,403.2,0.299534,0.273375
108.32,406.7,0.306638,0.28023
108.32,410.2,0.311816,0.285292
108.32,413.88,0.316117,0.289826
108.32,417.38,0.319266,0.292913
108.32,420.88,0.321823,0.294755
108.32,424.55,0.32312,0.296598
108.32,428.05,0.323307,0.29693
108.32,431.2,0.322408,0.296136
108.32,435.05,0.320113,0.294155
108.32,438.73,0.316379,0.290824
108.32,442.23,0.311222,0.285905
108.32,445.55,0.303948,0.279367
108.32,449.4,0.295168,0.270889
108.32,452.9,0.28502,0.260667
108.32,456.4,0.273572,0.249528
108.32,460.08,0.260131,0.235766
108.32,463.58,0.244213,0.220517
108.32,467.08,0.223431,0.1997
108.32,470.75,0.19551,0.173037
108.32,474.25,0.162929,0.14031
108.32,477.75,0.132417,0.11035
108.32,481.43,0.111324,0.089328
108.32,484.93,0.102042,0.079814
108.32,488.43,0.104996,0.082186
108.32,491.93,0.117482,0.094574
108.32,495.43,0.137467,0.11356
108.32,498.93,0.160837,0.136586
108.32,502.6,0.186053,0.161712
108.32,505.93,0.21222,0.187565
108.32,509.6,0.236931,0.212199
108.32,513.1,0.259605,0.234223
108.32,516.78,0.279068,0.253394
108.32,520.28,0.296712,0.271123
108.32,523.78,0.312728,0.286847
108.32,527.28,0.327168,0.301548
108.32,530.78,0.339666,0.313597
108.32,534.45,0.349349,0.323283
108.32,537.95,0.357519,0.331234
108.32,541.45,0.364617,0.338058
108.32,544.95,0.371197,0.344515
108.32,548.45,0.376613,0.34974
108.32,551.77,0.381185,0.353341
108.32,555.62,0.384324,0.356761
108.32,559.12,0.386092,0.357932
108.32,562.8,0.386373,0.358098
108.32,566.12,0.385741,0.35758
108.32,569.97,0.384654,0.356752
108.32,573.47,0.383594,0.355757
108.32,576.97,0.382032,0.354509
108.32,580.47,0.380362,0.353126
108.32,583.97,0.378794,0.351194
108.32,587.65,0.37685,0.350033
108.32,591.15,0.374894,0.347793
108.32,594.65,0.372423,0.345858
108.32,598.15,0.369805,0.343249
108.32,601.65,0.36649,0.340023
108.32,605.15,0.362328,0.336511
108.32,608.65,0.358079,0.332177
108.32,612.32,0.353954,0.328252
108.32,615.82,0.349241,0.323477
108.32,619.5,0.344734,0.31889
108.32,623.0,0.341129,0.314953
108.32,626.5,0.336632,0.310433
108.32,630.17,0.332254,0.305291
108.32,633.67,0.327155,0.300969
108.32,637.17,0.321382,0.295362
108.32,640.67,0.314675,0.288837
108.32,644.17,0.307088,0.280966
108.32,647.85,0.297812,0.271974
108.32,651.35,0.287836,0.262072
108.32,654.85,0.27621,0.251108
108.32,658.35,0.263446,0.238699
108.32,661.85,0.248289,0.223613
108.32,665.52,0.229293,0.205726
108.32,669.02,0.204971,0.182162
108.32,672.7,0.17271,0.151228
108.32,676.2,0.131543,0.110994
108.32,679.7,0.083089,0.063995
108.32,683.37,0.037833,0.019586
108.32,686.7,-0.000303,-0.018239
144.38,12.25,0.247232,0.208973
144.38,15.75,0.219882,0.196327
144.38,19.25,0.188064,0.164198
144.38,22.92,0.157137,0.134485
144.38,26.42,0.12677,0.104771
144.38,29.92,0.097975,0.076952
144.38,33.6,0.074195,0.053061
144.38,37.1,0.05194,0.031996
144.38,40.77,0.032951,0.013499
144.38,44.27,0.014713,-0.004197
144.38,47.77,-0.002133,-0.021285
144.38,51.27,-0.019696,-0.037903
144.38,54.77,-0.039172,-0.057314
144.38,58.27,-0.060752,-0.078017
144.38,61.77,-0.082533,-0.099696
144.38,65.45,-0.102407,-0.118879
144.38,68.95,-0.116273,-0.132906
144.38,72.45,-0.124012,-0.141467
144.38,76.12,-0.125968,-0.143562
144.38,79.62,-0.121784,-0.139674
144.38,83.12,-0.112733,-0.131184
144.38,86.8,-0.099563,-0.118623
144.38,90.3,-0.082367,-0.1024
144.38,93.8,-0.063491,-0.083066
144.38,97.3,-0.043205,-0.063636
144.38,100.97,-0.022656,-0.042952
144.38,104.47,-0.001458,-0.022632
144.38,107.97,0.019454,-0.001664
144.38,111.65,0.039352,0.018345
144.38,114.97,0.057448,0.035658
144.38,118.65,0.073271,0.05141
144.38,122.15,0.088024,0.065831
144.38,125.47,0.101592,0.079845
144.38,129.15,0.113782,0.091866
144.38,132.82,0.124944,0.103135
144.38,136.32,0.133896,0.111789
144.38,139.82,0.142063,0.119756
144.38,143.32,0.148631,0.125862
144.38,146.65,0.153847,0.130581
144.38,150.5,0.15747,0.134759
144.38,154.17,0.160631,0.13686
144.38,157.85,0.163006,0.138252
144.38,161.35,0.164796,0.141364
144.38,164.85,0.166422,0.142953
144.38,168.52,0.167889,0.144663
144.38,172.02,0.169426,0.14601
144.38,175.52,0.17108,0.147861
144.38,179.2,0.172621,0.149876
144.38,182.7,0.174796,0.152066
144.38,186.2,0.177134,0.154414
144.38,189.7,0.179642,0.156546
144.38,193.2,0.182122,0.159254
144.38,196.7,0.184457,0.161549
144.38,200.37,0.186872,0.163865
144.38,203.87,0.188705,0.165855
144.38,207.55,0.191382,0.168027
144.38,211.05,0.193967,0.170393
144.38,214.55,0.196669,0.173539
144.38,218.05,0.199466,0.175042
144.38,221.72,0.202014,0.177476
144.38,225.22,0.203776,0.179195
144.38,228.9,0.205563,0.181278
144.38,232.22,0.207269,0.182504
144.38,235.9,0.208773,0.183791
144.38,239.4,0.20994,0.185138
144.38,243.07,0.210698,0.186786
144.38,246.57,0.212026,0.187883
144.38,250.07,0.212886,0.188594
144.38,253.57,0.213606,0.189981
144.38,257.25,0.214608,0.190862
144.38,260.75,0.215193,0.191635
144.38,264.25,0.215803,0.192396
144.38,267.92,0.216237,0.192772
144.38,271.42,0.216404,0.192756
144.38,274.92,0.2158,0.192343
144.38,278.42,0.214697,0.191117
144.38,281.92,0.213382,0.189981
144.38,285.42,0.211425,0.187673
144.38,289.1,0.209195,0.185292
144.38,292.6,0.206773,0.182744
144.38,296.1,0.203668,0.179281
144.38,299.77,0.200396,0.175825
144.38,303.27,0.19678,0.172676
144.38,306.77,0.192747,0.168804
144.38,310.45,0.18864,0.164925
144.38,313.95,0.184404,0.160794
144.38,317.45,0.179888,0.156302
144.38,320.95,0.174867,0.151496
144.38,324.62,0.170131,0.147461
144.38,328.12,0.165473,0.14263
144.38,331.62,0.16101,0.138175
144.38,335.12,0.157473,0.135255
144.38,338.62,0.155054,0.132803
144.38,342.12,0.15357,0.131543
144.38,345.8,0.153813,0.131604
144.38,349.3,0.15454,0.13214
144.38,352.8,0.156231,0.133733
144.38,356.47,0.158151,0.135326
144.38,359.97,0.161194,0.138175
144.38,363.65,0.164836,0.142029
144.38,367.15,0.16926,0.145279
144.38,370.65,0.173788,0.149996
144.38,374.32,0.17922,0.154783
144.38,377.82,0.184765,0.160769
144.38,381.32,0.18934,0.165199
144.38,385.0,0.193588,0.169703
144.38,388.5,0.196983,0.173471
144.38,392.17,0.199706,0.17592
144.38,395.5,0.202199,0.17864
144.38,399.17,0.203625,0.180671
144.38,402.85,0.205495,0.182045
144.38,406.35,0.207387,0.184309
144.38,409.85,0.209706,0.186749
144.38,413.35,0.213067,0.18933
144.38,416.85,0.216659,0.193151
144.38,420.52,0.220279,0.195865
144.38,424.02,0.223757,0.199401
144.38,427.52,0.227115,0.203289
144.38,431.2,0.230036,0.205661
144.38,434.7,0.23263,0.20694
144.38,438.37,0.234469,0.20869
144.38,441.87,0.235224,0.210667
144.38,445.37,0.236527,0.211567
144.38,449.05,0.236114,0.211379
144.38,452.55,0.23442,0.210107
144.38,456.05,0.2321,0.208018
144.38,459.72,0.227291,0.204106
144.38,463.22,0.221219,0.197809
144.38,466.72,0.212239,0.189096
144.38,470.22,0.198188,0.17572
144.38,473.9,0.176071,0.154103
144.38,477.57,0.148428,0.12673
144.38,481.07,0.121727,0.100304
144.38,484.57,0.103077,0.082294
144.38,488.07,0.095341,0.073724
144.38,491.75,0.098628,0.075166
144.38,495.25,0.110018,0.08759
144.38,498.75,0.126318,0.103465
144.38,502.25,0.145495,0.12129
144.38,505.75,0.164796,0.140252
144.38,509.42,0.182457,0.158148
144.38,513.1,0.198557,0.174047
144.38,516.6,0.211974,0.187371
144.38,520.1,0.222605,0.197944
144.38,523.6,0.232232,0.207679
144.38,527.1,0.239497,0.215375
144.38,530.6,0.245615,0.221595
144.38,534.27,0.250344,0.226071
144.38,537.77,0.254028,0.230205
144.38,541.27,0.257041,0.232599
144.38,544.77,0.258927,0.234774
144.38,548.45,0.260147,0.235406
144.38,551.95,0.260461,0.236308
144.38,555.45,0.260415,0.235917
144.38,558.95,0.260436,0.236016
144.38,562.45,0.259546,0.234672
144.38,566.12,0.258052,0.233018
144.38,569.62,0.256675,0.23145
144.38,573.12,0.254734,0.229962
144.38,576.62,0.252864,0.227457
144.38,580.3,0.250923,0.225634
144.38,583.8,0.249337,0.22377
144.38,587.3,0.247128,0.222319
144.38,590.8,0.244848,0.219752
144.38,594.47,0.242038,0.217488
144.38,598.15,0.239229,0.215356
144.38,601.65,0.236472,0.212553
144.38,605.15,0.233887,0.209577
144.38,608.65,0.230353,0.207155
144.38,612.15,0.226986,0.203354
144.38,615.65,0.222753,0.199537
144.38,619.32,0.218674,0.195526
144.38,622.82,0.213613,0.190322
144.38,626.5,0.20807,0.184845
144.38,630.0,0.202433,0.179217
144.38,633.5,0.195643,0.172661
144.38,637.0,0.188209,0.165048
144.38,640.5,0.180242,0.157189
144.38,644.17,0.17137,0.148181
144.38,647.67,0.16096,0.137599
144.38,651.17,0.150187,0.127039
144.38,654.85,0.138252,0.1154
144.38,658.35,0.125323,0.102932
144.38,661.85,0.110923,0.088828
144.38,665.52,0.094913,0.073893
144.38,669.02,0.078311,0.057621
144.38,672.52,0.058483,0.038416
144.38,676.02,0.034556,0.014919
144.38,680.05,0.002066,-0.015204
144.38,683.55,-0.029517,-0.047906
144.38,687.05,-0.05952,-0.077151
180.43,12.07,-0.046285,-0.070758
180.43,15.57,-0.050149,-0.069625
180.43,19.07,-0.056547,-0.075962
180.43,22.75,-0.066914,-0.085327
180.43,26.25,-0.082052,-0.0996
180.43,30.27,-0.105136,-0.123744
180.43,33.77,-0.120786,-0.134967
180.43,37.27,-0.135869,-0.153063
180.43,40.77,-0.147,-0.163586
180.43,44.45,-0.152366,-0.169828
180.43,47.95,-0.152699,-0.169964
180.43,51.45,-0.148414,-0.166245
180.43,54.95,-0.13952,-0.157293
180.43,58.62,-0.128149,-0.146427
180.43,62.3,-0.113389,-0.132099
180.43,65.8,-0.097927,-0.116356
180.43,69.3,-0.080503,-0.098784
180.43,72.8,-0.062872,-0.081969
180.43,76.47,-0.044905,-0.063815
180.43,79.97,-0.027592,-0.047133
180.43,83.47,-0.010589,-0.030259
180.43,86.97,0.007159,-0.01289
180.43,90.65,0.024802,0.004232
180.43,94.15,0.041789,0.020794
180.43,97.65,0.057491,0.036453
180.43,101.15,0.072362,0.051188
180.43,104.65,0.086422,0.064645
180.43,108.32,0.099525,0.07763
180.43,111.82,0.11259,0.089081
180.43,115.32,0.124232,0.10105
180.43,119.0,0.133831,0.110729
180.43,122.5,0.142328,0.118828
180.43,126.17,0.149706,0.125831
180.43,129.67,0.155252,0.131921
180.43,133.35,0.159589,0.136583
180.43,136.85,0.162744,0.139993
180.43,140.35,0.165341,0.142559
180.43,143.85,0.166844,0.144093
180.43,147.52,0.167374,0.144805
180.43,151.37,0.16714,0.143717
180.43,154.87,0.166361,0.143163
180.43,158.37,0.165323,0.142266
180.43,162.05,0.164103,0.140135
180.43,165.55,0.162935,0.139026
180.43,169.05,0.161552,0.138822
180.43,172.55,0.160572,0.136693
180.43,176.22,0.159494,0.136176
180.43,179.72,0.158567,0.135258
180.43,183.22,0.157953,0.134746
180.43,186.9,0.157248,0.134562
180.43,190.4,0.157479,0.134956
180.43,194.07,0.157045,0.134515
180.43,197.57,0.15665,0.133976
180.43,201.07,0.157002,0.134682
180.43,204.57,0.157174,0.13482
180.43,208.25,0.157402,0.135169
180.43,211.75,0.157818,0.135649
180.43,215.25,0.158348,0.135474
180.43,218.75,0.158989,0.136056
180.43,222.42,0.159679,0.136506
180.43,225.92,0.160058,0.136903
180.43,229.6,0.160591,0.136429
180.43,233.1,0.161509,0.138083
180.43,236.6,0.161888,0.138157
180.43,240.27,0.162876,0.139247
180.43,243.77,0.164595,0.140843
180.43,247.27,0.166367,0.142907
180.43,250.77,0.167873,0.145082
180.43,254.45,0.169478,0.146641
180.43,257.95,0.170926,0.14767
180.43,261.45,0.172063,0.149472
180.43,264.95,0.173274,0.150769
180.43,268.45,0.17434,0.151857
180.43,272.12,0.175464,0.152716
180.43,275.62,0.175782,0.153055
180.43,279.12,0.176108,0.153246
180.43,282.8,0.176031,0.153252
180.43,286.3,0.175809,0.152802
180.43,289.8,0.175113,0.151524
180.43,293.3,0.173739,0.150748
180.43,296.97,0.172316,0.145467
180.43,300.47,0.170095,0.147054
180.43,304.15,0.167975,0.145461
180.43,307.65,0.165165,0.141351
180.43,311.15,0.16222,0.138003
180.43,314.82,0.158893,0.13523
180.43,318.32,0.155587,0.130729
180.43,322.0,0.151629,0.127812
180.43,325.5,0.147846,0.125495
180.43,329.17,0.144417,0.122396
180.43,332.67,0.141995,0.120014
180.43,336.17,0.139965,0.117408
180.43,339.85,0.138095,0.115766
180.43,343.35,0.13657,0.114275
180.43,346.85,0.134996,0.113262
180.43,350.35,0.134081,0.111857
180.43,353.85,0.133477,0.110963
180.43,357.52,0.132775,0.109857
180.43,360.5,0.13291,0.108151
180.43,364.7,0.132873,0.109284
180.43,368.2,0.132528,0.109605
180.43,371.52,0.133197,0.109888
180.43,375.02,0.133878,0.112344
180.43,379.05,0.134266,0.111937
180.43,382.55,0.135172,0.113262
180.43,386.05,0.135902,0.113813
180.43,389.55,0.13678,0.115409
180.43,393.05,0.137738,0.115871
180.43,396.72,0.138739,0.117035
180.43,400.22,0.139509,0.117322
180.43,403.72,0.140812,0.118422
180.43,407.4,0.142319,0.120018
180.43,410.9,0.143936,0.120717
180.43,414.4,0.145698,0.122633
180.43,418.07,0.14783,0.12425
180.43,421.57,0.150138,0.12657
180.43,425.07,0.152781,0.129278
180.43,428.57,0.155778,0.132433
180.43,432.25,0.158613,0.134688
180.43,435.57,0.161438,0.138015
180.43,439.42,0.163425,0.140514
180.43,442.92,0.164722,0.141869
180.43,446.42,0.165501,0.14312
180.43,449.92,0.166142,0.144485
180.43,453.77,0.16621,0.143459
180.43,457.27,0.165982,0.143092
180.43,460.77,0.165233,0.143277
180.43,464.27,0.164062,0.141136
180.43,467.95,0.162109,0.139149
180.43,471.45,0.159364,0.136909
180.43,474.95,0.155597,0.13263
180.43,478.45,0.149796,0.126481
180.43,482.12,0.141419,0.117849
180.43,485.8,0.12832,0.106404
180.43,489.12,0.110356,0.088434
180.43,492.8,0.084383,0.063188
180.43,496.12,0.053268,0.033154
180.43,499.97,0.020982,0.002556
180.43,503.65,-0.005081,-0.023445
180.43,507.15,-0.021282,-0.040145
180.43,510.65,-0.028035,-0.046242
180.43,514.15,-0.027407,-0.046381
180.43,517.65,-0.021301,-0.04054
180.43,521.15,-0.012043,-0.031362
180.43,524.82,-0.001446,-0.021467
180.43,528.5,0.008493,-0.011883
180.43,532.0,0.017519,-0.003781
180.43,535.5,0.023484,0.003548
180.43,539.17,0.027285,0.007482
180.43,542.67,0.02767,0.00682
180.43,546.35,0.023662,0.003228
180.43,550.02,0.016087,-0.003664
180.43,553.52,0.003804,-0.015543
180.43,557.02,-0.013183,-0.031735
180.43,560.52,-0.035105,-0.053054
180.43,564.2,-0.06127,-0.078242
180.43,567.52,-0.088457,-0.105247
180.43,571.2,-0.112139,-0.12862
180.43,574.17,-0.130549,-0.147456
180.43,578.37,-0.142622,-0.158999
180.43,581.87,-0.148895,-0.165721
180.43,585.37,-0.148657,-0.165992
180.43,589.05,-0.143574,-0.162185
180.43,592.72,-0.134954,-0.153439
180.43,596.22,-0.123556,-0.142431
180.43,599.72,-0.110555,-0.12899
180.43,603.4,-0.095626,-0.113904
180.43,606.9,-0.079517,-0.098189
180.43,610.4,-0.063208,-0.082185
180.43,614.07,-0.046868,-0.065583
180.43,618.1,-0.029471,-0.050777
180.43,621.6,-0.015447,-0.035722
180.43,625.1,-0.002453,-0.023214
180.43,628.77,0.010705,-0.01095
180.43,632.45,0.023024,0.002929
180.43,635.95,0.033856,0.012812
180.43,639.62,0.043893,0.023465
180.43,643.12,0.053225,0.032744
180.43,647.15,0.062824,0.039688
180.43,650.65,0.069817,0.047716
180.43,654.32,0.076265,0.054053
180.43,657.82,0.08202,0.060067
180.43,661.5,0.08775,0.066031
180.43,665.0,0.092966,0.071878
180.43,668.5,0.097649,0.07593
180.43,672.0,0.101958,0.080495
180.43,675.67,0.106416,0.084472
180.43,679.17,0.11112,0.090113
180.43,682.85,0.115212,0.093416
180.43,686.35,0.119586,0.09771
216.65,12.25,-0.136014,-0.155213
216.65,15.92,-0.121239,-0.14042
216.65,19.07,-0.104902,-0.123858
216.65,22.92,-0.087062,-0.10675
216.65,26.42,-0.069212,-0.088617
216.65,30.1,-0.051526,-0.07062
216.65,33.77,-0.034951,-0.054221
216.65,37.27,-0.019954,-0.039711
216.65,40.77,-0.004939,-0.024609
216.65,44.45,0.009685,-0.009884
216.65,47.95,0.023089,0.002984
216.65,51.45,0.035101,0.015079
216.65,54.95,0.045834,0.025427
216.65,58.62,0.055597,0.033933
216.65,62.12,0.064201,0.042766
216.65,65.8,0.072371,0.050381
216.65,69.3,0.080387,0.058379
216.65,72.8,0.089365,0.066398
216.65,76.47,0.09788,0.075067
216.65,79.97,0.106219,0.083662
216.65,83.47,0.11418,0.091469
216.65,86.97,0.121903,0.098647
216.65,90.65,0.128739,0.105939
216.65,94.15,0.135849,0.112935
216.65,97.47,0.142722,0.119546
216.65,101.15,0.1499,0.126543
216.65,104.65,0.157322,0.134155
216.65,108.15,0.164321,0.141268
216.65,111.82,0.172091,0.149771
216.65,115.32,0.17934,0.156542
216.65,118.82,0.187128,0.164124
216.65,122.5,0.194632,0.171299
216.65,126.0,0.202054,0.178634
216.65,129.5,0.208844,0.185529
216.65,133.0,0.215597,0.191693
216.65,136.67,0.221354,0.197356
216.65,140.17,0.226968,0.202199
216.65,143.67,0.231986,0.207137
216.65,147.17,0.235794,0.210985
216.65,150.67,0.239512,0.213976
216.65,154.35,0.24242,0.218292
216.65,157.85,0.244793,0.219903
216.65,161.35,0.246641,0.221327
216.65,164.85,0.248308,0.222405
216.65,168.52,0.24958,0.224247
216.65,172.02,0.250236,0.224842
216.65,175.52,0.251475,0.226222
216.65,179.55,0.252731,0.228995
216.65,183.05,0.254152,0.230754
216.65,186.55,0.255208,0.230917
216.65,190.05,0.256533,0.232146
216.65,193.72,0.257698,0.231481
216.65,197.22,0.259059,0.235409
216.65,200.72,0.260258,0.23519
216.65,204.22,0.261219,0.236025
216.65,207.72,0.262128,0.236576
216.65,211.4,0.262987,0.237516
216.65,214.9,0.26385,0.237987
216.65,218.4,0.264568,0.23869
216.65,222.07,0.265523,0.239789
216.65,225.4,0.267269,0.241592
216.65,229.07,0.269441,0.244028
216.65,232.57,0.271601,0.245932
216.65,236.07,0.273184,0.247793
216.65,239.22,0.274383,0.250082
216.65,243.25,0.275898,0.251009
216.65,246.75,0.277325,0.252916
216.65,250.42,0.278172,0.253523
216.65,254.1,0.277719,0.252864
216.65,257.6,0.276632,0.251626
216.65,261.1,0.274558,0.249885
216.65,264.77,0.272106,0.246974
216.65,268.27,0.269487,0.244306
216.65,271.77,0.266866,0.241989
216.65,275.27,0.264943,0.239069
216.65,278.95,0.263209,0.237423
216.65,282.45,0.262214,0.236333
216.65,286.12,0.26076,0.235988
216.65,289.62,0.259167,0.234537
216.65,293.12,0.257707,0.232707
216.65,296.8,0.256536,0.232504
216.65,300.47,0.255362,0.232131
216.65,303.97,0.25381,0.230051
216.65,307.47,0.252029,0.227713
216.65,310.97,0.250017,0.22596
216.65,314.47,0.248305,0.224087
216.65,318.15,0.246564,0.222276
216.65,321.65,0.245236,0.220935
216.65,325.15,0.244589,0.220011
216.65,328.65,0.244789,0.220116
216.65,332.32,0.245828,0.220553
216.65,335.82,0.247349,0.2219
216.65,339.32,0.24934,0.223727
216.65,343.0,0.251256,0.225726
216.65,346.5,0.253896,0.228582
216.65,350.0,0.25694,0.231545
216.65,353.5,0.260498,0.235159
216.65,357.0,0.264377,0.238856
216.65,360.67,0.267842,0.243554
216.65,364.35,0.271324,0.246367
216.65,367.85,0.274685,0.2506
216.65,371.35,0.278043,0.253449
216.65,374.85,0.280741,0.255942
216.65,378.52,0.28251,0.257876
216.65,382.02,0.282873,0.25803
216.65,385.52,0.282121,0.257531
216.65,389.2,0.280421,0.254601
216.65,392.7,0.278243,0.253249
216.65,396.2,0.275267,0.249977
216.65,399.7,0.272701,0.24783
216.65,403.2,0.270553,0.245159
216.65,406.87,0.268372,0.2432
216.65,410.37,0.26706,0.241659
216.65,413.7,0.265932,0.240316
216.65,417.37,0.265409,0.239568
216.65,420.87,0.265446,0.239777
216.65,424.37,0.265538,0.239943
216.65,428.05,0.265674,0.240125
216.65,431.55,0.265097,0.240061
216.65,434.7,0.264546,0.239903
216.65,438.55,0.262827,0.237833
216.65,442.22,0.26056,0.236431
216.65,445.72,0.258258,0.23381
216.65,449.4,0.255156,0.231413
216.65,453.07,0.251872,0.227448
216.65,456.57,0.248591,0.224343
216.65,460.07,0.244712,0.220486
216.65,463.75,0.240439,0.215507
216.65,467.25,0.2362,0.21145
216.65,470.75,0.232239,0.207423
216.65,474.25,0.227698,0.202809
216.65,477.92,0.223141,0.198375
216.65,481.42,0.218884,0.194232
216.65,484.92,0.214762,0.190338
216.65,488.6,0.21055,0.186336
216.65,491.92,0.206462,0.182368
216.65,495.6,0.202769,0.179571
216.65,499.27,0.198724,0.175754
216.65,502.77,0.195239,0.171986
216.65,506.27,0.191718,0.169093
216.65,510.3,0.188871,0.163976
216.65,513.8,0.187399,0.1643
216.65,517.3,0.186194,0.16206
216.65,520.97,0.185822,0.161318
216.65,524.47,0.185704,0.161623
216.65,527.97,0.186305,0.162676
216.65,531.65,0.187935,0.164253
216.65,535.15,0.191096,0.167682
216.65,538.82,0.195107,0.171835
216.65,542.5,0.19999,0.177544
216.65,546.0,0.204546,0.181336
216.65,549.67,0.208921,0.185532
216.65,553.17,0.212821,0.189056
216.65,556.67,0.216207,0.191906
216.65,560.17,0.21872,0.19507
216.65,563.67,0.221299,0.197085
216.65,567.35,0.223702,0.198884
216.65,570.67,0.225683,0.200868
216.65,574.35,0.227775,0.202122
216.65,577.85,0.2299,0.205205
216.65,581.52,0.231958,0.206533
216.65,585.02,0.234136,0.209293
216.65,588.52,0.236573,0.211832
216.65,592.02,0.239441,0.21454
216.65,595.7,0.242531,0.217655
216.65,599.2,0.245387,0.220443
216.65,602.7,0.248067,0.223434
216.65,606.2,0.250239,0.225954
216.65,609.87,0.252479,0.227787
216.65,613.37,0.254374,0.229943
216.65,617.05,0.255615,0.231579
216.65,620.55,0.256487,0.231964
216.65,624.05,0.257356,0.232741
216.65,627.55,0.257633,0.23311
216.65,631.22,0.258006,0.233187
216.65,634.72,0.258437,0.233086
216.65,638.05,0.259065,0.233585
216.65,641.9,0.259792,0.234241
216.65,645.4,0.260455,0.234897
216.65,648.9,0.260932,0.235609
216.65,652.4,0.261616,0.235865
216.65,656.07,0.262291,0.236906
216.65,659.57,0.262963,0.237516
216.65,663.07,0.263822,0.238665
216.65,666.57,0.264269,0.23938
216.65,670.25,0.264931,0.239685
216.65,673.75,0.264965,0.240467
216.65,677.42,0.265701,0.241465
216.65,680.92,0.266324,0.24181
216.65,684.42,0.26661,0.242553
216.65,687.92,0.267168,0.242824
252.7,11.55,0.044263,0.015082
252.7,15.22,0.053576,0.031789
252.7,19.07,0.063314,0.044528
252.7,22.57,0.0708,0.050209
252.7,26.07,0.077689,0.056755
252.7,29.75,0.083163,0.061789
252.7,33.25,0.088711,0.066499
252.7,36.92,0.094241,0.071992
252.7,40.6,0.099451,0.075477
252.7,44.27,0.104673,0.081952
252.7,47.77,0.109361,0.086675
252.7,51.27,0.113071,0.09101
252.7,54.95,0.116875,0.09629
252.7,58.62,0.119555,0.097618
252.7,62.12,0.122196,0.100806
252.7,65.62,0.124904,0.10284
252.7,69.47,0.127079,0.101915
252.7,73.15,0.129876,0.106629
252.7,76.65,0.133117,0.109762
252.7,80.32,0.136404,0.113397
252.7,83.82,0.140276,0.118135
252.7,87.5,0.143382,0.120381
252.7,91.0,0.146678,0.125162
252.7,94.67,0.150366,0.127812
252.7,98.17,0.154096,0.13247
252.7,101.85,0.158077,0.13568
252.7,105.35,0.162836,0.140132
252.7,108.85,0.167399,0.144971
252.7,112.35,0.172547,0.149241
252.7,116.02,0.178043,0.154811
252.7,119.35,0.183613,0.160443
252.7,123.02,0.189441,0.165544
252.7,126.52,0.195766,0.171737
252.7,130.02,0.202402,0.177966
252.7,133.7,0.208357,0.183588
252.7,137.2,0.214577,0.189642
252.7,140.7,0.219891,0.195098
252.7,144.2,0.225224,0.20015
252.7,147.87,0.229857,0.205051
252.7,151.37,0.233856,0.209263
252.7,154.87,0.236869,0.212464
252.7,158.55,0.239802,0.216167
252.7,162.22,0.2423,0.218369
252.7,165.72,0.24441,0.220113
252.7,169.22,0.246564,0.222165
252.7,172.9,0.248502,0.224115
252.7,176.4,0.250778,0.2258
252.7,179.9,0.253711,0.228902
252.7,183.4,0.256431,0.230557
252.7,187.07,0.258428,0.233619
252.7,190.75,0.260054,0.233191
252.7,194.25,0.260689,0.235393
252.7,197.92,0.261558,0.236277
252.7,201.6,0.262266,0.238283
252.7,205.27,0.263354,0.239638
252.7,208.77,0.264186,0.239475
252.7,212.45,0.264829,0.240513
252.7,215.95,0.265495,0.240932
252.7,219.8,0.266407,0.23913
252.7,223.3,0.266758,0.241274
252.7,226.8,0.267386,0.242189
252.7,230.3,0.267867,0.242667
252.7,233.8,0.268218,0.242919
252.7,237.47,0.26901,0.243723
252.7,240.97,0.269287,0.243995
252.7,244.47,0.269648,0.244457
252.7,247.97,0.269814,0.245141
252.7,251.65,0.270042,0.245184
252.7,255.15,0.270332,0.24617
252.7,258.65,0.270261,0.245858
252.7,262.15,0.270292,0.245754
252.7,265.82,0.270439,0.24556
252.7,269.32,0.269953,0.245341
252.7,273.0,0.269675,0.244682
252.7,276.5,0.268656,0.243536
252.7,280.0,0.267682,0.241961
252.7,283.67,0.266444,0.241468
252.7,287.17,0.26547,0.240104
252.7,290.67,0.264805,0.238998
252.7,294.17,0.264115,0.238631
252.7,297.85,0.263431,0.238212
252.7,301.35,0.263394,0.238234
252.7,305.02,0.263853,0.238942
252.7,308.52,0.26482,0.239657
252.7,312.02,0.266487,0.241549
252.7,315.52,0.268961,0.244463
252.7,319.2,0.272254,0.248311
252.7,322.87,0.27559,0.251108
252.7,326.37,0.27869,0.254019
252.7,329.87,0.281068,0.256481
252.7,333.37,0.283422,0.258459
252.7,336.87,0.285621,0.259993
252.7,340.55,0.286986,0.260714
252.7,344.22,0.288603,0.2625
252.7,347.72,0.289934,0.264053
252.7,351.22,0.291065,0.264996
252.7,354.72,0.292349,0.26596
252.7,358.4,0.293378,0.267368
252.7,361.9,0.29494,0.268794
252.7,365.4,0.295858,0.269848
252.7,368.9,0.297491,0.271444
252.7,372.05,0.299068,0.273708
252.7,376.07,0.300784,0.275242
252.7,379.75,0.302821,0.277882
252.7,383.25,0.305048,0.280119
252.7,386.22,0.30657,0.281616
252.7,390.25,0.307741,0.282014
252.7,393.92,0.307386,0.281635
252.7,397.42,0.306567,0.280969
252.7,400.92,0.30555,0.279259
252.7,404.6,0.304207,0.278711
252.7,408.1,0.302694,0.276518
252.7,411.6,0.30157,0.27535
252.7,415.1,0.300526,0.27413
252.7,418.77,0.299586,0.273237
252.7,422.27,0.298674,0.272171
252.7,425.95,0.297953,0.27214
252.7,429.45,0.296678,0.270649
252.7,432.95,0.294882,0.26929
252.7,436.45,0.29234,0.267121
252.7,439.95,0.28925,0.264115
252.7,443.62,0.285886,0.260929
252.7,447.12,0.281844,0.257008
252.7,450.62,0.277845,0.253218
252.7,454.12,0.273569,0.249041
252.7,457.62,0.269081,0.244829
252.7,461.3,0.264731,0.240547
252.7,464.8,0.260076,0.235834
252.7,468.3,0.25572,0.231567
252.7,471.8,0.251317,0.227112
252.7,475.47,0.24734,0.22312
252.7,478.8,0.244112,0.219602
252.7,482.47,0.240883,0.216385
252.7,485.97,0.238674,0.21401
252.7,489.47,0.23677,0.212106
252.7,492.97,0.235233,0.211025
252.7,496.65,0.234463,0.209716
252.7,500.15,0.233757,0.208875
252.7,503.65,0.233385,0.208067
252.7,507.15,0.233653,0.208683
252.7,510.82,0.23405,0.209204
252.7,514.32,0.234851,0.209706
252.7,517.82,0.236317,0.211256
252.7,521.32,0.238268,0.213637
252.7,525.0,0.240754,0.216481
252.7,528.67,0.24381,0.219626
252.7,532.17,0.246629,0.22243
252.7,535.67,0.249404,0.225723
252.7,539.17,0.252088,0.22812
252.7,542.85,0.2547,0.230446
252.7,546.35,0.257818,0.233292
252.7,549.85,0.260618,0.235581
252.7,553.35,0.263144,0.237981
252.7,557.02,0.264885,0.240686
252.7,560.52,0.266823,0.242048
252.7,564.02,0.268388,0.243231
252.7,567.52,0.269669,0.243271
252.7,571.2,0.270938,0.245415
252.7,574.7,0.272038,0.246428
252.7,578.2,0.272534,0.246715
252.7,582.05,0.273227,0.248277
252.7,585.55,0.273659,0.24852
252.7,589.05,0.27373,0.248514
252.7,592.55,0.273542,0.248693
252.7,596.05,0.273073,0.248566
252.7,599.72,0.272522,0.248095
252.7,603.22,0.271653,0.247732
252.7,606.72,0.270677,0.245991
252.7,610.22,0.26974,0.245242
252.7,613.72,0.268443,0.244093
252.7,617.4,0.266863,0.242309
252.7,620.9,0.265054,0.240402
252.7,624.4,0.263323,0.238606
252.7,627.55,0.261573,0.236681
252.7,631.57,0.259583,0.234515
252.7,635.07,0.257685,0.232768
252.7,638.57,0.255218,0.230205
252.7,642.07,0.252701,0.227815
252.7,645.57,0.250104,0.22507
252.7,649.25,0.247504,0.221659
252.7,652.75,0.244663,0.21938
252.7,656.25,0.241743,0.216773
252.7,659.75,0.238924,0.21397
252.7,663.25,0.236524,0.211727
252.7,666.75,0.234333,0.210282
252.7,670.42,0.231795,0.207319
252.7,674.1,0.229306,0.206006
252.7,677.6,0.226724,0.203761
252.7,681.27,0.224022,0.200498
252.7,684.77,0.220972,0.197473
252.7,688.27,0.217972,0.194525
288.75,12.6,0.114888,0.083499
288.75,16.1,0.118416,0.095683
288.75,19.95,0.121,0.098089
288.75,23.45,0.120939,0.098634
288.75,27.12,0.118514,0.097048
288.75,30.62,0.114639,0.093339
288.75,34.12,0.110162,0.088841
288.75,37.8,0.105181,0.084278
288.75,41.3,0.100649,0.079324
288.75,44.8,0.097149,0.075739
288.75,48.47,0.095517,0.073419
288.75,52.15,0.095862,0.073434
288.75,55.65,0.098104,0.07576
288.75,59.15,0.102316,0.079497
288.75,62.82,0.10849,0.085837
288.75,66.32,0.115763,0.093921
288.75,70.17,0.124441,0.102396
288.75,73.67,0.133758,0.111623
288.75,77.17,0.142941,0.120415
288.75,80.67,0.152485,0.130091
288.75,84.17,0.161253,0.138548
288.75,87.85,0.169968,0.146961
288.75,91.35,0.177544,0.154713
288.75,94.85,0.184882,0.161586
288.75,98.35,0.190911,0.167775
288.75,102.02,0.197091,0.172969
288.75,105.52,0.202393,0.178225
288.75,109.02,0.206866,0.18279
288.75,112.52,0.211712,0.18702
288.75,116.2,0.216391,0.191684
288.75,119.7,0.221006,0.196361
288.75,123.2,0.22665,0.201435
288.75,126.87,0.232325,0.206829
288.75,130.37,0.237587,0.212775
288.75,134.05,0.243452,0.219056
288.75,137.55,0.249549,0.224931
288.75,141.05,0.254842,0.23068
288.75,144.72,0.260855,0.236456
288.75,148.22,0.265701,0.24129
288.75,151.72,0.270942,0.246336
288.75,155.22,0.27543,0.250892
288.75,158.9,0.279497,0.254916
288.75,162.4,0.282987,0.258033
288.75,165.9,0.286339,0.261256
288.75,169.4,0.288733,0.26377
288.75,172.9,0.290812,0.265307
288.75,176.57,0.292728,0.266943
288.75,180.07,0.294306,0.268317
288.75,183.57,0.295483,0.269484
288.75,187.07,0.297599,0.27104
288.75,190.57,0.300156,0.274161
288.75,194.07,0.303267,0.277057
288.75,197.75,0.30677,0.279836
288.75,201.42,0.310008,0.283471
288.75,204.92,0.312439,0.285948
288.75,208.42,0.314598,0.288422
288.75,211.92,0.316311,0.29064
288.75,215.42,0.318169,0.292621
288.75,218.92,0.319851,0.293788
288.75,222.42,0.321416,0.295344
288.75,226.1,0.323221,0.297485
288.75,229.6,0.325461,0.299996
288.75,233.27,0.327389,0.301878
288.75,236.77,0.329749,0.303779
288.75,240.27,0.331404,0.30519
288.75,243.95,0.332858,0.306123
288.75,247.45,0.33462,0.307969
288.75,250.95,0.336407,0.31003
288.75,254.62,0.338766,0.311324
288.75,258.12,0.341407,0.314025
288.75,261.8,0.344161,0.316866
288.75,265.3,0.346915,0.319737
288.75,268.97,0.348634,0.321783
288.75,272.47,0.349564,0.323203
288.75,276.15,0.349854,0.324497
288.75,279.65,0.349795,0.323773
288.75,283.15,0.349648,0.32352
288.75,286.82,0.348828,0.32323
288.75,290.67,0.348409,0.317805
288.75,294.35,0.348046,0.321111
288.75,297.85,0.348532,0.322063
288.75,301.35,0.349737,0.323209
288.75,305.37,0.352001,0.326511
288.75,308.87,0.354247,0.327984
288.75,312.37,0.356986,0.330187
288.75,316.05,0.359774,0.332651
288.75,319.72,0.363495,0.334885
288.75,323.22,0.36767,0.339965
288.75,326.9,0.371767,0.343489
288.75,330.4,0.375547,0.347688
288.75,333.9,0.380162,0.351961
288.75,337.4,0.384475,0.356832
288.75,340.9,0.388905,0.361166
288.75,344.57,0.393625,0.366206
288.75,348.07,0.398295,0.370911
288.75,351.57,0.402442,0.374879
288.75,355.07,0.404919,0.377747
288.75,358.57,0.407235,0.379614
288.75,362.25,0.408597,0.38202
288.75,365.57,0.409472,0.382155
288.75,369.42,0.41015,0.382463
288.75,373.1,0.410482,0.381801
288.75,376.6,0.410944,0.383542
288.75,380.27,0.411859,0.382063
288.75,383.95,0.413156,0.384644
288.75,387.45,0.414392,0.386228
288.75,391.12,0.415535,0.387697
288.75,394.62,0.415288,0.387808
288.75,398.12,0.414435,0.386668
288.75,401.8,0.412716,0.386046
288.75,405.3,0.410843,0.383883
288.75,408.8,0.408754,0.381644
288.75,412.3,0.407161,0.379346
288.75,416.15,0.406169,0.378421
288.75,419.82,0.405122,0.376576
288.75,423.32,0.403776,0.375889
288.75,426.82,0.401672,0.372408
288.75,430.5,0.398853,0.370883
288.75,434.0,0.395008,0.367124
288.75,437.5,0.390559,0.363101
288.75,440.47,0.385479,0.357922
288.75,444.67,0.37905,0.352599
288.75,448.35,0.372639,0.345966
288.75,451.85,0.36564,0.339789
288.75,455.35,0.358403,0.332186
288.75,458.85,0.351484,0.325686
288.75,462.35,0.344278,0.3188
288.75,466.02,0.337565,0.311881
288.75,469.52,0.330486,0.304666
288.75,473.02,0.323674,0.297858
288.75,476.7,0.316872,0.29092
288.75,480.2,0.310821,0.285131
288.75,483.7,0.305569,0.279876
288.75,487.37,0.300917,0.274321
288.75,490.87,0.297356,0.270698
288.75,494.37,0.295156,0.269213
288.75,497.87,0.294072,0.267898
288.75,501.72,0.294062,0.269743
288.75,505.22,0.294802,0.269854
288.75,508.9,0.29621,0.270935
288.75,512.4,0.298246,0.273385
288.75,515.9,0.30056,0.275458
288.75,519.4,0.303046,0.27755
288.75,523.07,0.305615,0.280119
288.75,526.57,0.308021,0.282417
288.75,530.07,0.310791,0.284392
288.75,533.57,0.312839,0.28718
288.75,537.25,0.315384,0.288431
288.75,540.75,0.317543,0.290433
288.75,544.42,0.31933,0.291949
288.75,547.92,0.32063,0.294025
288.75,551.42,0.321089,0.294521
288.75,555.1,0.320606,0.294546
288.75,558.6,0.319531,0.293662
288.75,562.27,0.317704,0.292202
288.75,565.77,0.315332,0.290085
288.75,569.27,0.312747,0.287408
288.75,572.95,0.309635,0.284568
288.75,575.75,0.306139,0.281096
288.75,579.95,0.301579,0.27661
288.75,583.45,0.296733,0.272001
288.75,586.95,0.291767,0.266992
288.75,590.45,0.285988,0.261305
288.75,593.95,0.280365,0.25535
288.75,597.62,0.274799,0.249127
288.75,601.3,0.268714,0.243428
288.75,604.8,0.262987,0.237778
288.75,608.3,0.257008,0.231435
288.75,611.8,0.249993,0.225171
288.75,615.3,0.242855,0.218021
288.75,618.97,0.2349,0.209888
288.75,622.47,0.226567,0.202112
288.75,625.97,0.218012,0.193736
288.75,629.65,0.208757,0.185085
288.75,633.15,0.199635,0.176958
288.75,636.82,0.190205,0.167932
288.75,640.32,0.181539,0.15905
288.75,643.82,0.172559,0.150359
288.75,647.5,0.163603,0.141278
288.75,651.0,0.154688,0.132839
288.75,654.67,0.145698,0.123351
288.75,658.17,0.137072,0.115011
288.75,661.67,0.127953,0.105218
288.75,665.35,0.119685,0.097307
288.75,668.85,0.111518,0.088699
288.75,672.35,0.103564,0.081349
288.75,676.02,0.096262,0.074137
288.75,679.52,0.089515,0.067646
288.75,683.2,0.082568,0.061185
288.75,686.7,0.076444,0.055785
324.8,12.25,-0.056637,-0.077786
324.8,15.75,-0.092632,-0.109551
324.8,19.6,-0.120429,-0.139575
324.8,23.1,-0.13354,-0.151264
324.8,26.77,-0.134751,-0.152373
324.8,30.27,-0.125725,-0.144033
324.8,33.77,-0.111177,-0.130007
324.8,37.27,-0.094489,-0.113186
324.8,40.95,-0.079816,-0.097351
324.8,44.45,-0.073941,-0.09281
324.8,47.95,-0.078205,-0.096153
324.8,51.45,-0.090065,-0.106935
324.8,55.12,-0.102887,-0.120071
324.8,58.62,-0.110595,-0.127551
324.8,62.12,-0.110697,-0.127853
324.8,65.62,-0.101861,-0.119175
324.8,69.12,-0.08383,-0.101991
324.8,72.8,-0.057644,-0.077354
324.8,76.3,-0.02769,-0.048426
324.8,79.97,0.004525,-0.017157
324.8,83.47,0.037713,0.015708
324.8,86.97,0.069574,0.046154
324.8,90.47,0.098357,0.074922
324.8,93.97,0.124706,0.100979
324.8,97.65,0.147353,0.12348
324.8,101.32,0.166767,0.143289
324.8,104.82,0.181946,0.158151
324.8,108.32,0.194639,0.171179
324.8,112.0,0.204139,0.180433
324.8,115.5,0.211696,0.187926
324.8,119.0,0.216755,0.193511
324.8,122.67,0.219759,0.19621
324.8,126.17,0.221715,0.19791
324.8,129.85,0.22246,0.198228
324.8,133.35,0.22145,0.197417
324.8,136.85,0.219441,0.194515
324.8,140.35,0.216595,0.192464
324.8,143.85,0.212639,0.188526
324.8,147.52,0.208077,0.183927
324.8,151.02,0.203129,0.178998
324.8,154.7,0.198406,0.174066
324.8,158.2,0.193696,0.169919
324.8,161.7,0.189103,0.165862
324.8,165.37,0.185359,0.161795
324.8,168.87,0.180634,0.157913
324.8,172.37,0.176123,0.153172
324.8,176.05,0.172045,0.149226
324.8,179.37,0.16796,0.145544
324.8,183.05,0.164309,0.142035
324.8,186.55,0.160923,0.138545
324.8,190.05,0.157531,0.135172
324.8,193.72,0.154312,0.13206
324.8,197.22,0.151715,0.129555
324.8,200.72,0.149334,0.126921
324.8,204.22,0.146804,0.12413
324.8,207.9,0.143982,0.121835
324.8,211.4,0.141536,0.119284
324.8,214.9,0.138668,0.114697
324.8,218.57,0.136139,0.112901
324.8,222.07,0.134537,0.111247
324.8,225.75,0.133431,0.110578
324.8,229.25,0.134149,0.111484
324.8,232.75,0.135945,0.113437
324.8,236.42,0.139805,0.116761
324.8,239.75,0.145116,0.122451
324.8,243.42,0.152648,0.129663
324.8,246.92,0.161663,0.138844
324.8,250.42,0.17182,0.149377
324.8,254.1,0.182744,0.159552
324.8,257.6,0.194038,0.170606
324.8,261.1,0.205033,0.181626
324.8,264.77,0.21608,0.192038
324.8,268.27,0.226222,0.201167
324.8,271.77,0.23511,0.210683
324.8,275.27,0.243517,0.218184
324.8,278.95,0.250874,0.226234
324.8,282.45,0.258471,0.232467
324.8,285.95,0.265211,0.2395
324.8,289.45,0.27242,0.246524
324.8,293.12,0.279235,0.252756
324.8,296.62,0.285507,0.259075
324.8,300.3,0.291798,0.26584
324.8,303.8,0.29742,0.272032
324.8,307.3,0.302901,0.277075
324.8,310.97,0.307624,0.282245
324.8,314.3,0.311832,0.286308
324.8,317.97,0.315498,0.290267
324.8,321.47,0.318665,0.293526
324.8,324.97,0.321613,0.296311
324.8,328.65,0.324857,0.298847
324.8,332.32,0.328027,0.301508
324.8,335.82,0.331678,0.304632
324.8,339.32,0.335067,0.308492
324.8,342.82,0.337701,0.311456
324.8,346.5,0.339968,0.312775
324.8,350.0,0.341567,0.314293
324.8,353.5,0.34194,0.315137
324.8,357.17,0.342768,0.315812
324.8,360.67,0.343193,0.316604
324.8,364.17,0.343234,0.316197
324.8,367.67,0.342436,0.316145
324.8,371.7,0.34104,0.316598
324.8,375.2,0.338822,0.31299
324.8,378.7,0.336385,0.310415
324.8,382.37,0.334112,0.30759
324.8,386.05,0.332494,0.305954
324.8,389.37,0.331887,0.305273
324.8,393.05,0.331555,0.304577
324.8,396.55,0.331052,0.304682
324.8,400.05,0.33015,0.303597
324.8,403.72,0.329081,0.302094
324.8,407.22,0.327429,0.301003
324.8,410.72,0.325781,0.299574
324.8,414.4,0.323726,0.297898
324.8,417.9,0.321659,0.295572
324.8,421.4,0.319284,0.293597
324.8,424.9,0.316456,0.290843
324.8,428.4,0.313113,0.287682
324.8,431.9,0.30995,0.285054
324.8,435.57,0.306675,0.281364
324.8,439.07,0.303597,0.278791
324.8,442.57,0.300079,0.275054
324.8,446.07,0.296505,0.271989
324.8,449.57,0.293486,0.268896
324.8,453.25,0.289635,0.26491
324.8,456.75,0.285483,0.260772
324.8,460.25,0.281163,0.256589
324.8,463.75,0.277229,0.252805
324.8,467.25,0.272836,0.247704
324.8,470.75,0.268391,0.242491
324.8,474.25,0.264115,0.239786
324.8,478.1,0.25946,0.23267
324.8,481.6,0.255138,0.230125
324.8,485.27,0.250997,0.226071
324.8,488.77,0.247294,0.222621
324.8,492.27,0.243727,0.2195
324.8,495.95,0.240061,0.215997
324.8,499.45,0.236931,0.21328
324.8,502.95,0.234062,0.210264
324.8,506.45,0.231157,0.207504
324.8,510.12,0.22807,0.204571
324.8,513.62,0.225196,0.201712
324.8,517.12,0.221887,0.19836
324.8,520.8,0.218794,0.195218
324.8,524.3,0.215322,0.191416
324.8,527.8,0.211364,0.187993
324.8,531.3,0.207427,0.183554
324.8,534.8,0.203505,0.179796
324.8,538.3,0.200165,0.17609
324.8,541.8,0.196348,0.17247
324.8,545.47,0.193064,0.168788
324.8,548.97,0.189386,0.165701
324.8,552.12,0.186083,0.162001
324.8,556.15,0.182174,0.158625
324.8,559.65,0.17812,0.154395
324.8,563.15,0.173964,0.150437
324.8,566.82,0.16942,0.148169
324.8,570.5,0.165107,0.142602
324.8,574.0,0.160058,0.137987
324.8,577.5,0.155473,0.133046
324.8,581.0,0.149802,0.12759
324.8,584.67,0.143591,0.121644
324.8,588.17,0.137664,0.115661
324.8,591.67,0.130948,0.10962
324.8,595.17,0.124568,0.102652
324.8,598.85,0.117199,0.095289
324.8,602.35,0.109904,0.087602
324.8,605.85,0.102445,0.080991
324.8,609.35,0.094639,0.073055
324.8,612.67,0.086429,0.063992
324.8,616.52,0.078816,0.057029
324.8,620.2,0.070702,0.049494
324.8,623.7,0.06263,0.041577
324.8,627.37,0.054106,0.035067
324.8,631.05,0.046515,0.026694
324.8,634.55,0.038687,0.018789
324.8,638.22,0.031432,0.011724
324.8,641.72,0.023875,0.004352
324.8,645.22,0.016755,-0.002949
324.8,648.9,0.010018,-0.009865
324.8,652.4,0.003447,-0.017065
324.8,655.9,-0.002761,-0.022789
324.8,659.57,-0.008845,-0.029884
324.8,663.07,-0.014067,-0.034076
324.8,666.75,-0.01908,-0.038889
324.8,670.25,-0.023775,-0.043436
324.8,673.75,-0.028041,-0.046966
324.8,677.42,-0.032539,-0.051578
324.8,680.92,-0.036492,-0.055164
324.8,684.42,-0.040438,-0.059043
324.8,688.1,-0.043889,-0.062123
361.03,11.55,-0.179948,-0.195241
361.03,15.22,-0.161233,-0.178466
361.03,18.72,-0.141716,-0.160383
361.03,22.22,-0.124156,-0.142403
361.03,25.72,-0.108778,-0.127425
361.03,29.22,-0.095641,-0.115016
361.03,32.9,-0.085278,-0.104708
361.03,36.57,-0.076806,-0.096054
361.03,40.07,-0.071051,-0.089582
361.03,43.57,-0.065715,-0.084924
361.03,47.25,-0.060894,-0.079643
361.03,50.75,-0.055909,-0.073405
361.03,54.42,-0.050149,-0.068374
361.03,57.92,-0.043577,-0.062169
361.03,61.6,-0.036347,-0.055303
361.03,65.1,-0.028177,-0.047444
361.03,68.6,-0.019597,-0.039412
361.03,72.27,-0.010355,-0.030414
361.03,75.77,-7.2e-05,-0.020512
361.03,79.27,0.010582,-0.010139
361.03,82.95,0.02149,0.000449
361.03,86.27,0.032837,0.010994
361.03,90.12,0.043582,0.021712
361.03,93.45,0.053594,0.031724
361.03,97.12,0.063357,0.041555
361.03,100.62,0.07092,0.049429
361.03,104.12,0.077451,0.055557
361.03,107.62,0.081592,0.059928
361.03,111.3,0.084494,0.062926
361.03,114.8,0.085541,0.064303
361.03,118.3,0.085671,0.065122
361.03,121.97,0.084515,0.063902
361.03,125.82,0.081231,0.058083
361.03,129.32,0.077109,0.055742
361.03,133.0,0.071182,0.049254
361.03,136.5,0.064543,0.042575
361.03,140.17,0.055791,0.035671
361.03,143.85,0.047941,0.027322
361.03,147.35,0.039167,0.018893
361.03,150.85,0.030655,0.011062
361.03,154.52,0.021894,0.003225
361.03,158.2,0.014383,-0.004825
361.03,161.52,0.007193,-0.012324
361.03,165.2,0.00072,-0.018941
361.03,168.87,-0.005749,-0.027505
361.03,172.37,-0.011208,-0.031251
361.03,176.05,-0.015783,-0.035851
361.03,179.55,-0.020139,-0.039961
361.03,183.05,-0.023858,-0.043734
361.03,186.72,-0.02717,-0.047163
361.03,190.05,-0.029619,-0.049304
361.03,193.72,-0.032327,-0.051926
361.03,197.22,-0.034366,-0.053694
361.03,200.72,-0.03631,-0.055287
361.03,204.22,-0.037502,-0.056559
361.03,207.72,-0.038852,-0.05781
361.03,211.4,-0.039671,-0.058584
361.03,214.37,-0.039899,-0.058306
361.03,218.4,-0.039529,-0.058328
361.03,221.9,-0.038316,-0.057129
361.03,225.4,-0.036338,-0.054785
361.03,229.07,-0.033362,-0.051926
361.03,232.75,-0.028975,-0.048642
361.03,236.07,-0.024157,-0.043608
361.03,239.75,-0.017508,-0.037598
361.03,243.25,-0.010281,-0.030638
361.03,246.92,-0.001322,-0.0222
361.03,250.42,0.00832,-0.01208
361.03,253.92,0.019543,-0.001778
361.03,257.42,0.03218,0.010723
361.03,261.1,0.044426,0.022886
361.03,264.6,0.057288,0.035387
361.03,268.1,0.070714,0.048758
361.03,271.77,0.084198,0.062347
361.03,275.27,0.098807,0.077051
361.03,278.95,0.113594,0.09178
361.03,282.45,0.127726,0.105711
361.03,285.95,0.141792,0.119368
361.03,289.27,0.154374,0.131684
361.03,292.95,0.165735,0.142498
361.03,296.45,0.176179,0.153622
361.03,300.12,0.186462,0.163221
361.03,303.62,0.196314,0.172146
361.03,307.3,0.204401,0.180067
361.03,310.8,0.211854,0.187165
361.03,314.47,0.218003,0.192932
361.03,317.97,0.222057,0.196968
361.03,321.47,0.225159,0.200535
361.03,324.97,0.227393,0.20231
361.03,328.47,0.228274,0.203391
361.03,332.15,0.228844,0.203921
361.03,335.65,0.228345,0.203985
361.03,339.15,0.227491,0.203533
361.03,342.82,0.226179,0.20226
361.03,346.32,0.225125,0.201179
361.03,349.82,0.223733,0.200455
361.03,353.5,0.222393,0.199087
361.03,357.0,0.221043,0.197796
361.03,360.5,0.219521,0.195674
361.03,364.0,0.218474,0.195082
361.03,367.5,0.217303,0.193566
361.03,371.17,0.215424,0.191872
361.03,374.67,0.213825,0.189977
361.03,378.52,0.211157,0.184956
361.03,382.02,0.209173,0.184879
361.03,385.52,0.207263,0.183206
361.03,389.02,0.205671,0.181459
361.03,392.7,0.204401,0.180446
361.03,396.2,0.203671,0.179676
361.03,399.7,0.203043,0.179475
361.03,403.2,0.203576,0.179931
361.03,406.87,0.20389,0.181179
361.03,410.37,0.204278,0.181469
361.03,414.05,0.204654,0.181616
361.03,417.55,0.204617,0.181395
361.03,421.05,0.204691,0.181342
361.03,424.72,0.203955,0.179811
361.03,428.22,0.203372,0.179546
361.03,431.72,0.203138,0.17978
361.03,435.4,0.203037,0.178668
361.03,438.9,0.203286,0.179081
361.03,442.4,0.204669,0.180495
361.03,445.9,0.206564,0.182257
361.03,449.57,0.20869,0.184127
361.03,453.07,0.210698,0.186053
361.03,456.57,0.212454,0.187741
361.03,460.07,0.214059,0.189823
361.03,463.57,0.215378,0.190751
361.03,467.25,0.216653,0.19226
361.03,470.75,0.217673,0.193998
361.03,474.25,0.218289,0.194287
361.03,477.75,0.218545,0.194805
361.03,481.42,0.218505,0.194608
361.03,484.75,0.217963,0.194648
361.03,488.42,0.217744,0.193989
361.03,491.92,0.216952,0.193412
361.03,495.42,0.21621,0.192772
361.03,499.1,0.214648,0.190646
361.03,502.6,0.212519,0.189099
361.03,506.27,0.210196,0.186382
361.03,509.77,0.207522,0.183018
361.03,513.62,0.203825,0.178181
361.03,517.3,0.200862,0.176807
361.03,520.62,0.196838,0.173027
361.03,524.3,0.192879,0.169842
361.03,527.97,0.188875,0.166404
361.03,531.47,0.185344,0.162793
361.03,534.97,0.181964,0.159676
361.03,538.47,0.178773,0.155806
361.03,542.15,0.175569,0.152867
361.03,545.65,0.172464,0.149863
361.03,549.15,0.170378,0.147408
361.03,552.65,0.167907,0.144626
361.03,556.32,0.165763,0.142562
361.03,559.82,0.163043,0.139195
361.03,563.32,0.160926,0.137615
361.03,567.0,0.158514,0.135205
361.03,570.5,0.156336,0.133151
361.03,574.0,0.153921,0.130107
361.03,577.5,0.150963,0.128098
361.03,581.17,0.147984,0.124734
361.03,584.67,0.14515,0.121891
361.03,588.7,0.142072,0.121447
361.03,592.2,0.139408,0.117396
361.03,595.7,0.136179,0.113939
361.03,599.2,0.132624,0.111043
361.03,603.22,0.128622,0.105024
361.03,606.72,0.125196,0.102122
361.03,610.22,0.121284,0.098884
361.03,613.72,0.117528,0.095486
361.03,617.92,0.113034,0.090742
361.03,621.42,0.109854,0.089087
361.03,625.1,0.105936,0.083111
361.03,628.6,0.101921,0.079177
361.03,632.1,0.097843,0.075899
361.03,635.6,0.094158,0.071684
361.03,639.1,0.090048,0.068265
361.03,642.6,0.08601,0.063628
361.03,646.27,0.081968,0.059971
361.03,649.77,0.07836,0.056275
361.03,653.27,0.074417,0.052787
361.03,656.77,0.070375,0.049063
361.03,660.45,0.06654,0.045209
361.03,663.95,0.06287,0.042036
361.03,667.45,0.058551,0.038243
361.03,671.12,0.054713,0.034435
361.03,674.62,0.050828,0.030585
361.03,677.95,0.047159,0.026903
361.03,681.8,0.04312,0.022747
361.03,685.3,0.039398,0.018943
397.08,11.37,0.060203,0.030394
397.08,15.05,0.074164,0.052023
397.08,18.55,0.087125,0.064904
397.08,22.05,0.098582,0.076533
397.08,25.55,0.108443,0.085609
397.08,29.22,0.116164,0.095584
397.08,32.9,0.121579,0.099851
397.08,36.4,0.125202,0.103302
397.08,40.07,0.127109,0.105159
397.08,43.57,0.127963,0.106293
397.08,47.07,0.128471,0.106031
397.08,50.57,0.128123,0.105199
397.08,54.25,0.127732,0.105677
397.08,57.75,0.127273,0.1045
397.08,61.42,0.126835,0.103554
397.08,64.92,0.126755,0.103989
397.08,68.42,0.126767,0.103791
397.08,72.1,0.126752,0.103939
397.08,75.6,0.126579,0.104084
397.08,79.1,0.126586,0.105098
397.08,82.77,0.126678,0.10475
397.08,86.27,0.12661,0.105326
397.08,89.95,0.126543,0.105443
397.08,93.45,0.125933,0.104401
397.08,96.95,0.124805,0.102766
397.08,100.62,0.122223,0.099528
397.08,104.3,0.118631,0.096441
397.08,107.8,0.113764,0.09137
397.08,111.3,0.107682,0.085172
397.08,114.8,0.099676,0.077929
397.08,118.3,0.090535,0.068906
397.08,121.97,0.079747,0.058046
397.08,125.47,0.066857,0.045452
397.08,128.97,0.052402,0.031416
397.08,132.47,0.036358,0.01625
397.08,135.97,0.019405,-0.000478
397.08,139.47,0.0017,-0.017718
397.08,143.15,-0.016097,-0.03541
397.08,146.65,-0.033676,-0.052151
397.08,150.15,-0.050207,-0.06863
397.08,153.82,-0.067034,-0.084289
397.08,157.32,-0.08192,-0.099532
397.08,161.0,-0.096245,-0.112977
397.08,164.5,-0.108368,-0.125167
397.08,168.0,-0.119351,-0.135875
397.08,171.5,-0.128494,-0.145139
397.08,175.0,-0.136467,-0.153266
397.08,178.5,-0.14387,-0.160758
397.08,182.17,-0.150269,-0.167132
397.08,185.67,-0.155456,-0.17188
397.08,189.0,-0.159923,-0.176716
397.08,192.67,-0.164015,-0.180592
397.08,196.35,-0.166846,-0.183589
397.08,199.85,-0.169609,-0.186698
397.08,203.35,-0.171593,-0.188571
397.08,206.67,-0.173146,-0.190728
397.08,210.52,-0.173987,-0.190931
397.08,214.02,-0.174298,-0.191011
397.08,217.7,-0.173913,-0.190256
397.08,221.2,-0.172548,-0.188879
397.08,224.87,-0.17005,-0.185586
397.08,228.37,-0.166507,-0.182514
397.08,231.87,-0.16224,-0.178337
397.08,235.37,-0.156408,-0.173278
397.08,238.87,-0.149874,-0.166741
397.08,242.55,-0.141128,-0.157961
397.08,245.87,-0.130395,-0.147533
397.08,249.37,-0.11793,-0.135527
397.08,253.05,-0.10293,-0.120768
397.08,256.55,-0.085195,-0.103722
397.08,260.05,-0.064917,-0.083845
397.08,263.72,-0.042749,-0.062407
397.08,267.57,-0.015266,-0.037644
397.08,271.25,0.010973,-0.010186
397.08,274.75,0.038862,0.018379
397.08,278.42,0.066484,0.044981
397.08,282.1,0.093508,0.071971
397.08,285.42,0.120375,0.097812
397.08,289.1,0.145606,0.122405
397.08,292.6,0.168831,0.145686
397.08,296.1,0.18979,0.166139
397.08,299.77,0.210683,0.185449
397.08,303.27,0.228573,0.20364
397.08,306.77,0.244441,0.219303
397.08,310.45,0.258227,0.232094
397.08,313.95,0.270128,0.244041
397.08,317.62,0.28039,0.253764
397.08,321.12,0.289102,0.26299
397.08,324.62,0.296838,0.270828
397.08,327.95,0.303656,0.277596
397.08,331.8,0.309749,0.284096
397.08,335.3,0.314604,0.288911
397.08,338.97,0.318274,0.292383
397.08,342.47,0.321025,0.295479
397.08,345.97,0.32323,0.29734
397.08,349.47,0.324959,0.299232
397.08,352.97,0.326194,0.300763
397.08,357.35,0.326755,0.297439
397.08,360.85,0.326647,0.300686
397.08,364.52,0.326484,0.300831
397.08,368.02,0.32564,0.299956
397.08,371.87,0.323847,0.296524
397.08,375.37,0.321779,0.296958
397.08,378.87,0.319851,0.294275
397.08,382.55,0.317805,0.291496
397.08,386.22,0.315612,0.287611
397.08,389.72,0.313499,0.287405
397.08,393.22,0.31186,0.285698
397.08,396.9,0.310664,0.284475
397.08,400.4,0.309195,0.283511
397.08,403.9,0.307885,0.282282
397.08,407.4,0.306422,0.281573
397.08,411.07,0.305288,0.279931
397.08,414.57,0.303785,0.278804
397.08,418.07,0.302297,0.277121
397.08,421.75,0.300883,0.276114
397.08,425.25,0.29893,0.273831
397.08,428.75,0.296875,0.27128
397.08,432.25,0.294731,0.268585
397.08,435.92,0.292864,0.267953
397.08,439.42,0.291342,0.266126
397.08,442.92,0.290017,0.26413
397.08,446.6,0.289605,0.263471
397.08,450.27,0.289635,0.263197
397.08,453.77,0.289876,0.263736
397.08,457.27,0.290427,0.264447
397.08,460.77,0.290674,0.265027
397.08,464.45,0.289913,0.264389
397.08,467.77,0.288871,0.263594
397.08,471.45,0.28754,0.262226
397.08,474.95,0.286034,0.261256
397.08,478.45,0.284515,0.259417
397.08,482.12,0.283144,0.258215
397.08,485.62,0.281471,0.256927
397.08,489.3,0.280433,0.255446
397.08,492.8,0.279987,0.255057
397.08,496.3,0.279577,0.254149
397.08,499.8,0.278705,0.253908
397.08,503.12,0.277978,0.253067
397.08,506.97,0.277048,0.252168
397.08,510.47,0.276,0.250597
397.08,513.97,0.274962,0.24962
397.08,517.47,0.273471,0.247972
397.08,521.15,0.2719,0.245344
397.08,524.65,0.270526,0.245196
397.08,528.15,0.269509,0.243557
397.08,531.65,0.268394,0.242929
397.08,535.15,0.267035,0.241841
397.08,538.65,0.265923,0.240446
397.08,542.32,0.264441,0.239044
397.08,545.82,0.262504,0.237257
397.08,549.32,0.260347,0.235689
397.08,552.82,0.258221,0.23389
397.08,556.5,0.255982,0.231367
397.08,560.0,0.25376,0.229266
397.08,563.67,0.251841,0.227725
397.08,567.17,0.249728,0.225862
397.08,570.85,0.247701,0.223597
397.08,574.35,0.245421,0.220969
397.08,577.85,0.242796,0.218496
397.08,581.35,0.240322,0.215874
397.08,584.85,0.237679,0.213529
397.08,588.52,0.235273,0.209549
397.08,592.02,0.232698,0.208332
397.08,595.52,0.229931,0.205418
397.08,598.5,0.227128,0.202223
397.08,602.7,0.223995,0.199543
397.08,606.37,0.220939,0.196345
397.08,609.87,0.218375,0.194284
397.08,613.55,0.215446,0.192189
397.08,617.05,0.212362,0.189253
397.08,620.72,0.209186,0.186188
397.08,624.05,0.205812,0.182692
397.08,627.72,0.202707,0.179731
397.08,631.22,0.198893,0.176093
397.08,634.72,0.19555,0.172214
397.08,638.75,0.191607,0.165323
397.08,642.42,0.188391,0.164417
397.08,646.1,0.18552,0.162658
397.08,649.6,0.182436,0.159059
397.08,653.1,0.178979,0.156068
397.08,656.6,0.175763,0.153166
397.08,660.1,0.17255,0.150286
397.08,663.77,0.17015,0.147744
397.08,667.27,0.167479,0.144941
397.08,670.95,0.165005,0.142233
397.08,674.45,0.162334,0.139278
397.08,678.12,0.159546,0.136857
397.08,681.62,0.156875,0.133656
397.08,685.12,0.153841,0.13047
397.08,688.62,0.150477,0.127143
433.13,11.55,0.159688,0.125128
433.13,15.05,0.161287,0.13783
433.13,18.9,0.162531,0.141185
433.13,22.4,0.163308,0.140723
433.13,25.9,0.163366,0.140637
433.13,29.4,0.162547,0.139984
433.13,33.42,0.16109,0.135051
433.13,36.92,0.159802,0.135908
433.13,40.42,0.157608,0.13422
433.13,43.92,0.155655,0.132199
433.13,47.6,0.152901,0.131136
433.13,51.27,0.150886,0.127408
433.13,54.77,0.148437,0.126231
433.13,58.27,0.146678,0.124161
433.13,61.95,0.144281,0.122362
433.13,65.62,0.142969,0.121311
433.13,68.95,0.141644,0.119512
433.13,72.62,0.140088,0.117424
433.13,76.47,0.137519,0.111958
433.13,80.15,0.135005,0.112143
433.13,83.47,0.13177,0.10905
433.13,86.97,0.12795,0.105523
433.13,90.65,0.123905,0.100849
433.13,94.15,0.117726,0.0958
433.13,97.65,0.111145,0.088714
433.13,101.15,0.10243,0.080766
433.13,104.82,0.092008,0.070437
433.13,108.32,0.078905,0.058095
433.13,111.82,0.062612,0.042528
433.13,115.32,0.042307,0.022488
433.13,119.0,0.016121,-0.002401
433.13,122.5,-0.014378,-0.032545
433.13,126.0,-0.04497,-0.062561
433.13,129.67,-0.072336,-0.089631
433.13,133.17,-0.090158,-0.10736
433.13,136.5,-0.097086,-0.115266
433.13,140.35,-0.093667,-0.112129
433.13,143.85,-0.082548,-0.10114
433.13,147.35,-0.065321,-0.085309
433.13,151.02,-0.045068,-0.065472
433.13,154.52,-0.025158,-0.045524
433.13,158.2,-0.004083,-0.025238
433.13,161.7,0.016195,-0.005044
433.13,165.2,0.034423,0.013102
433.13,168.7,0.050292,0.028829
433.13,172.37,0.064975,0.043909
433.13,175.87,0.077587,0.05665
433.13,179.37,0.087519,0.065988
433.13,182.87,0.096632,0.074894
433.13,186.37,0.104916,0.08356
433.13,190.05,0.111422,0.090067
433.13,193.55,0.116604,0.094999
433.13,197.05,0.120369,0.098795
433.13,200.72,0.123012,0.10121
433.13,204.22,0.125159,0.10247
433.13,207.9,0.126589,0.103259
433.13,211.22,0.127035,0.103166
433.13,214.9,0.126952,0.104528
433.13,218.57,0.127088,0.103936
433.13,222.07,0.126502,0.103579
433.13,225.57,0.125113,0.101995
433.13,229.07,0.122476,0.100058
433.13,232.75,0.119081,0.096462
433.13,236.25,0.113838,0.091817
433.13,239.75,0.106321,0.084676
433.13,243.42,0.095172,0.074528
433.13,247.1,0.07938,0.059161
433.13,250.6,0.056034,0.036435
433.13,254.1,0.025295,0.006644
433.13,257.77,-0.008069,-0.026307
433.13,261.1,-0.035466,-0.053238
433.13,264.77,-0.054455,-0.072736
433.13,268.27,-0.060438,-0.07973
433.13,271.77,-0.053962,-0.073177
433.13,275.45,-0.036606,-0.05663
433.13,278.95,-0.010454,-0.032219
433.13,282.62,0.022193,-1.9e-05
433.13,286.12,0.057073,0.034543
433.13,289.62,0.090933,0.067886
433.13,293.3,0.125196,0.101607
433.13,296.8,0.156875,0.133172
433.13,300.3,0.184294,0.160024
433.13,303.97,0.210199,0.185911
433.13,307.47,0.233104,0.208797
433.13,310.97,0.251875,0.227122
433.13,314.65,0.268545,0.243486
433.13,318.15,0.282251,0.257288
433.13,321.65,0.294715,0.269447
433.13,325.32,0.305279,0.279386
433.13,328.82,0.313665,0.287636
433.13,332.32,0.321231,0.294931
433.13,335.82,0.327275,0.300803
433.13,339.32,0.333104,0.305325
433.13,343.0,0.337892,0.310442
433.13,346.85,0.342161,0.315612
433.13,350.7,0.344768,0.319318
433.13,354.2,0.346943,0.320905
433.13,357.7,0.348788,0.322873
433.13,361.37,0.350587,0.323837
433.13,364.87,0.352152,0.325778
433.13,368.37,0.353178,0.32625
433.13,372.05,0.353498,0.326767
433.13,375.55,0.353039,0.32677
433.13,379.05,0.352319,0.324885
433.13,382.55,0.351043,0.324121
433.13,386.05,0.349247,0.322781
433.13,389.72,0.347331,0.32011
433.13,393.22,0.345094,0.318261
433.13,396.72,0.343357,0.316564
433.13,400.22,0.34214,0.315168
433.13,403.72,0.340658,0.31401
433.13,407.05,0.338988,0.312389
433.13,410.9,0.337362,0.311197
433.13,414.4,0.336009,0.309746
433.13,418.07,0.334155,0.308668
433.13,421.57,0.332457,0.307309
433.13,425.25,0.330184,0.304315
433.13,428.75,0.32787,0.302676
433.13,432.42,0.326293,0.300587
433.13,435.92,0.324293,0.298113
433.13,439.42,0.322513,0.29689
433.13,442.92,0.320945,0.295467
433.13,446.6,0.319238,0.29258
433.13,450.1,0.316927,0.290763
433.13,453.6,0.314232,0.287131
433.13,457.1,0.311234,0.285313
433.13,460.77,0.308505,0.282423
433.13,464.27,0.306003,0.279925
433.13,467.6,0.304355,0.27791
433.13,471.45,0.303862,0.277845
433.13,474.95,0.304192,0.278733
433.13,478.45,0.304666,0.278985
433.13,481.95,0.304595,0.279235
433.13,485.62,0.303847,0.278834
433.13,489.12,0.302648,0.277596
433.13,492.8,0.301059,0.276096
433.13,496.3,0.29946,0.274404
433.13,499.97,0.297969,0.27169
433.13,503.65,0.296225,0.27027
433.13,507.15,0.294743,0.269315
433.13,510.65,0.292704,0.266693
433.13,514.15,0.290495,0.264324
433.13,517.65,0.288286,0.262377
433.13,521.32,0.286438,0.260313
433.13,524.82,0.284768,0.258899
433.13,528.32,0.282999,0.257279
433.13,532.0,0.28108,0.255797
433.13,535.5,0.279595,0.254524
433.13,539.17,0.277279,0.253212
433.13,542.67,0.274789,0.250097
433.13,546.17,0.271961,0.247411
433.13,549.67,0.269041,0.244469
433.13,553.17,0.265979,0.241481
433.13,556.67,0.263369,0.239139
433.13,560.35,0.260282,0.236247
433.13,563.85,0.25734,0.233166
433.13,567.35,0.254589,0.230677
433.13,570.85,0.251604,0.227359
433.13,574.52,0.248329,0.223714
433.13,578.02,0.244583,0.220073
433.13,581.7,0.240279,0.215218
433.13,585.37,0.236046,0.209919
433.13,589.22,0.231558,0.208992
433.13,592.72,0.227796,0.204454
433.13,596.4,0.223884,0.200375
433.13,599.9,0.220255,0.196755
433.13,603.75,0.216672,0.19088
433.13,607.25,0.213323,0.189343
433.13,610.75,0.210313,0.186117
433.13,614.25,0.207014,0.183169
433.13,617.92,0.203261,0.178757
433.13,621.6,0.200563,0.176462
433.13,625.1,0.197353,0.173339
433.13,628.6,0.194195,0.170498
433.13,632.1,0.190985,0.167775
433.13,635.77,0.18796,0.165011
433.13,639.27,0.185621,0.162898
433.13,642.77,0.182944,0.159928
433.13,646.27,0.180113,0.157559
433.13,649.77,0.177507,0.15535
433.13,653.45,0.175427,0.15295
433.13,656.95,0.173369,0.150606
433.13,660.62,0.171398,0.148961
433.13,664.12,0.168976,0.146271
433.13,667.45,0.166392,0.144177
433.13,671.12,0.16425,0.141287
433.13,674.62,0.161814,0.139232
433.13,678.12,0.159445,0.136579
433.13,681.8,0.157343,0.133893
433.13,685.3,0.154981,0.132051
469.35,11.9,0.14364,0.111709
469.35,15.4,0.134919,0.112904
469.35,18.9,0.123409,0.102913
469.35,22.57,0.11048,0.089414
469.35,26.07,0.096188,0.075634
469.35,29.75,0.083018,0.062356
469.35,33.25,0.071382,0.050631
469.35,36.92,0.061949,0.040927
469.35,40.6,0.05405,0.031108
469.35,44.1,0.049922,0.028887
469.35,47.6,0.049707,0.028456
469.35,51.1,0.051555,0.030569
469.35,54.77,0.057596,0.036419
469.35,58.45,0.065212,0.044164
469.35,61.95,0.074938,0.053092
469.35,65.45,0.084762,0.063542
469.35,69.12,0.095363,0.073613
469.35,72.62,0.105446,0.083671
469.35,76.12,0.114238,0.092525
469.35,79.62,0.122581,0.100372
469.35,83.12,0.128061,0.105957
469.35,86.8,0.131499,0.109269
469.35,90.3,0.132251,0.110209
469.35,93.8,0.13003,0.108388
469.35,97.3,0.123656,0.101749
469.35,100.8,0.112072,0.090803
469.35,104.47,0.093764,0.072873
469.35,107.97,0.067747,0.046885
469.35,111.47,0.037781,0.017904
469.35,114.97,0.012079,-0.007783
469.35,118.65,-0.003513,-0.023467
469.35,122.15,-0.005293,-0.025571
469.35,125.65,0.005089,-0.015583
469.35,129.15,0.026327,0.004636
469.35,132.65,0.053237,0.03109
469.35,136.15,0.082701,0.05982
469.35,139.65,0.113758,0.090455
469.35,143.15,0.14417,0.11999
469.35,146.65,0.171484,0.147254
469.35,150.15,0.196031,0.171502
469.35,153.82,0.218385,0.193295
469.35,157.32,0.237199,0.211844
469.35,160.82,0.253089,0.227655
469.35,164.32,0.265979,0.240409
469.35,167.82,0.277054,0.251678
469.35,171.5,0.28592,0.260843
469.35,175.17,0.294207,0.26941
469.35,178.67,0.299999,0.27466
469.35,182.17,0.305008,0.279574
469.35,185.67,0.308822,0.28303
469.35,189.17,0.311148,0.285806
469.35,192.67,0.313246,0.287713
469.35,196.35,0.314629,0.288856
469.35,199.85,0.315258,0.289404
469.35,203.35,0.315784,0.289829
469.35,206.85,0.315332,0.289383
469.35,210.35,0.315156,0.288958
469.35,214.02,0.314977,0.2888
469.35,217.52,0.314229,0.28743
469.35,221.02,0.313144,0.286317
469.35,224.7,0.311394,0.284645
469.35,228.2,0.308723,0.28263
469.35,231.7,0.304682,0.278763
469.35,235.2,0.299136,0.273588
469.35,238.87,0.292325,0.267174
469.35,242.37,0.283113,0.258609
469.35,246.05,0.271185,0.247029
469.35,249.55,0.253215,0.229666
469.35,253.05,0.224571,0.20153
469.35,256.55,0.184672,0.163024
469.35,260.05,0.142356,0.121533
469.35,263.72,0.103791,0.083296
469.35,267.05,0.077377,0.057291
469.35,270.72,0.064629,0.044556
469.35,274.22,0.064534,0.044007
469.35,277.72,0.076022,0.054491
469.35,281.22,0.095557,0.073105
469.35,284.9,0.121068,0.098443
469.35,288.4,0.14925,0.124845
469.35,291.9,0.176453,0.151743
469.35,295.75,0.20429,0.178003
469.35,299.25,0.22865,0.203169
469.35,302.92,0.250544,0.225643
469.35,306.42,0.269823,0.244146
469.35,309.92,0.28726,0.261314
469.35,313.42,0.303295,0.277032
469.35,316.92,0.318123,0.292279
469.35,320.6,0.331234,0.304857
469.35,324.1,0.342876,0.316548
469.35,327.77,0.354269,0.327417
469.35,331.27,0.363754,0.336672
469.35,334.77,0.372211,0.345116
469.35,338.27,0.380294,0.352648
469.35,341.6,0.387848,0.358988
469.35,345.45,0.394379,0.366964
469.35,348.95,0.400544,0.372263
469.35,352.62,0.405023,0.376869
469.35,356.12,0.40986,0.381613
469.35,359.62,0.41392,0.385692
469.35,363.12,0.417839,0.388964
469.35,366.8,0.420572,0.392229
469.35,370.12,0.423489,0.39506
469.35,373.8,0.426061,0.397414
469.35,377.12,0.428122,0.399789
469.35,380.8,0.430014,0.40201
469.35,384.47,0.431727,0.404127
469.35,387.97,0.433172,0.405704
469.35,391.47,0.434176,0.406903
469.35,395.15,0.434888,0.407137
469.35,398.65,0.435137,0.407346
469.35,402.15,0.434647,0.40648
469.35,405.82,0.433933,0.405818
469.35,409.5,0.432654,0.404703
469.35,413.0,0.431588,0.402528
469.35,416.5,0.429783,0.401065
469.35,420.17,0.427549,0.398591
469.35,423.67,0.424641,0.396012
469.35,427.17,0.421148,0.39291
469.35,430.85,0.418113,0.389937
469.35,434.35,0.41478,0.387192
469.35,437.85,0.411598,0.383773
469.35,441.52,0.408548,0.380818
469.35,445.02,0.405316,0.378092
469.35,448.35,0.402318,0.375615
469.35,452.2,0.398169,0.371437
469.35,455.7,0.393335,0.366234
469.35,459.2,0.387374,0.360824
469.35,462.52,0.380676,0.354105
469.35,466.37,0.374093,0.347978
469.35,469.87,0.368264,0.342069
469.35,473.37,0.362651,0.336407
469.35,476.87,0.357636,0.331912
469.35,480.37,0.353776,0.3269
469.35,483.87,0.35047,0.32393
469.35,487.37,0.347331,0.320587
469.35,491.05,0.34437,0.317614
469.35,494.55,0.341696,0.315291
469.35,498.05,0.338335,0.311958
469.35,501.55,0.334472,0.307725
469.35,505.05,0.329943,0.3032
469.35,508.55,0.325689,0.299521
469.35,512.22,0.320824,0.294124
469.35,515.72,0.315064,0.288723
469.35,519.22,0.308911,0.282765
469.35,522.55,0.301471,0.276093
469.35,526.4,0.29373,0.268788
469.35,529.9,0.285224,0.260279
469.35,533.57,0.27661,0.252251
469.35,537.07,0.26775,0.24324
469.35,540.57,0.258813,0.234432
469.35,544.07,0.249574,0.2258
469.35,547.57,0.240156,0.216622
469.35,551.07,0.231182,0.207975
469.35,554.75,0.222171,0.199007
469.35,558.25,0.212956,0.189568
469.35,561.75,0.204001,0.180664
469.35,565.42,0.195153,0.171579
469.35,568.92,0.186669,0.163339
469.35,572.6,0.178225,0.154173
469.35,576.1,0.170292,0.146709
469.35,579.6,0.161952,0.138622
469.35,583.1,0.15486,0.131462
469.35,586.77,0.147347,0.124244
469.35,590.1,0.140714,0.117639
469.35,593.77,0.133979,0.111065
469.35,597.27,0.127433,0.105002
469.35,600.77,0.121601,0.099398
469.35,604.27,0.116,0.094361
469.35,607.95,0.110628,0.089469
469.35,611.45,0.105624,0.084457
469.35,615.12,0.100874,0.079408
469.35,618.62,0.095797,0.075095
469.35,621.77,0.091635,0.067716
469.35,626.15,0.087809,0.066349
469.35,629.65,0.08438,0.06259
469.35,633.15,0.081071,0.059081
469.35,636.82,0.078299,0.05592
469.35,640.32,0.075381,0.053385
469.35,643.82,0.072615,0.051099
469.35,647.67,0.070184,0.050779
469.35,651.17,0.067784,0.046955
469.35,654.85,0.065116,0.044537
469.35,658.35,0.063052,0.042273
469.35,662.02,0.060353,0.039762
469.35,665.52,0.057926,0.037088
469.35,669.02,0.055665,0.034167
469.35,672.7,0.053172,0.031509
469.35,676.02,0.050514,0.02942
469.35,679.7,0.048366,0.026999
469.35,683.2,0.045779,0.024685
469.35,686.7,0.042861,0.021768
505.58,11.2,0.03767,0.009842
505.58,14.7,0.074602,0.052433
505.58,18.37,0.111161,0.088986
505.58,21.17,0.144629,0.121502
505.58,25.55,0.171737,0.148151
505.58,29.05,0.193157,0.169327
505.58,32.55,0.208908,0.185122
505.58,36.05,0.218955,0.194953
505.58,39.55,0.222245,0.198388
505.58,43.22,0.218394,0.194848
505.58,46.72,0.203979,0.180563
505.58,49.87,0.176136,0.153221
505.58,53.9,0.138181,0.116382
505.58,57.4,0.095726,0.07446
505.58,60.9,0.060175,0.039796
505.58,64.4,0.034586,0.014485
505.58,67.9,0.021641,0.001028
505.58,71.4,0.021857,0.000957
505.58,75.07,0.032932,0.011509
505.58,78.57,0.050492,0.028748
505.58,82.25,0.071647,0.049731
505.58,85.75,0.093166,0.070544
505.58,89.25,0.113955,0.09145
505.58,92.75,0.131718,0.109398
505.58,96.42,0.144491,0.122202
505.58,99.92,0.150547,0.128209
505.58,103.42,0.14621,0.124241
505.58,107.1,0.130353,0.108909
505.58,110.6,0.11019,0.089106
505.58,114.1,0.094183,0.073363
505.58,117.77,0.088391,0.067054
505.58,121.27,0.094426,0.072134
505.58,124.77,0.109857,0.087538
505.58,128.45,0.132334,0.108003
505.58,131.95,0.157063,0.133058
505.58,135.45,0.182457,0.157735
505.58,138.95,0.208095,0.182285
505.58,142.45,0.231404,0.205899
505.58,145.95,0.251804,0.225865
505.58,149.62,0.269198,0.24315
505.58,153.12,0.283483,0.257522
505.58,156.62,0.295541,0.269226
505.58,160.12,0.305085,0.279229
505.58,163.8,0.311684,0.285815
505.58,167.3,0.31694,0.290945
505.58,170.97,0.320677,0.295144
505.58,173.95,0.323101,0.297812
505.58,178.15,0.324765,0.299031
505.58,181.82,0.325633,0.2993
505.58,185.32,0.325569,0.299737
505.58,188.65,0.325177,0.298991
505.58,192.32,0.324022,0.298292
505.58,195.82,0.322848,0.295994
505.58,199.5,0.321065,0.294201
505.58,203.0,0.319216,0.293172
505.58,206.5,0.317177,0.290532
505.58,210.0,0.314219,0.287962
505.58,213.67,0.311148,0.284595
505.58,217.0,0.307405,0.281259
505.58,220.5,0.303144,0.277158
505.58,224.17,0.298326,0.272562
505.58,227.85,0.293357,0.268194
505.58,231.35,0.287651,0.262451
505.58,235.02,0.280689,0.256767
505.58,238.52,0.273036,0.24861
505.58,242.02,0.263995,0.240024
505.58,245.7,0.252288,0.228514
505.58,249.2,0.235788,0.212072
505.58,252.87,0.209093,0.185452
505.58,256.37,0.173268,0.151034
505.58,260.05,0.13474,0.112941
505.58,263.55,0.099167,0.077704
505.58,267.05,0.074962,0.053647
505.58,270.72,0.062938,0.041832
505.58,274.22,0.062377,0.040711
505.58,277.72,0.071219,0.049204
505.58,280.52,0.087442,0.065375
505.58,284.9,0.108123,0.085702
505.58,288.4,0.132082,0.109066
505.58,291.9,0.156527,0.133607
505.58,295.4,0.181656,0.158428
505.58,299.25,0.20446,0.180387
505.58,302.92,0.225683,0.200677
505.58,306.42,0.244247,0.218936
505.58,309.92,0.260042,0.234719
505.58,313.42,0.274155,0.247895
505.58,316.92,0.286739,0.260288
505.58,320.6,0.298129,0.271099
505.58,324.1,0.308323,0.281866
505.58,327.6,0.317414,0.290461
505.58,331.27,0.325544,0.298936
505.58,334.77,0.33214,0.305837
505.58,338.45,0.337962,0.31128
505.58,341.6,0.342608,0.316548
505.58,345.45,0.347263,0.320433
505.58,348.95,0.351293,0.324367
505.58,352.45,0.354299,0.328018
505.58,355.95,0.357017,0.331086
505.58,359.62,0.358597,0.332334
505.58,363.12,0.360254,0.334068
505.58,366.62,0.3619,0.33568
505.58,370.3,0.36368,0.33669
505.58,373.8,0.365063,0.338002
505.58,377.47,0.365904,0.338653
505.58,380.97,0.366699,0.338788
505.58,384.65,0.367128,0.339272
505.58,387.8,0.366573,0.33889
505.58,391.47,0.366102,0.338708
505.58,395.32,0.366086,0.338662
505.58,398.82,0.366151,0.339016
505.58,402.32,0.366354,0.339426
505.58,406.0,0.366712,0.340193
505.58,409.5,0.366764,0.339946
505.58,413.0,0.366672,0.340288
505.58,416.5,0.366511,0.33966
505.58,420.17,0.365695,0.339715
505.58,423.67,0.36518,0.338779
505.58,427.17,0.364685,0.33836
505.58,430.67,0.363831,0.33775
505.58,434.35,0.362885,0.334376
505.58,438.02,0.36136,0.333794
505.58,441.7,0.359407,0.332217
505.58,445.2,0.357128,0.329752
505.58,448.52,0.355107,0.327731
505.58,452.37,0.352214,0.325538
505.58,456.05,0.349438,0.323089
505.58,459.55,0.346228,0.319863
505.58,463.05,0.342614,0.316582
505.58,466.55,0.339238,0.313129
505.58,470.22,0.334586,0.308979
505.58,473.72,0.330008,0.304506
505.58,477.22,0.325559,0.300082
505.58,480.72,0.320544,0.295399
505.58,484.22,0.31502,0.289731
505.58,487.9,0.30897,0.283871
505.58,491.4,0.301616,0.276049
505.58,494.9,0.293212,0.267953
505.58,498.57,0.283486,0.258286
505.58,502.07,0.272941,0.246946
505.58,505.57,0.261074,0.236
505.58,509.25,0.246512,0.221173
505.58,513.1,0.231632,0.207753
505.58,516.6,0.215575,0.191912
505.58,520.1,0.198822,0.175973
505.58,523.6,0.181835,0.15974
505.58,527.27,0.165547,0.143499
505.58,530.77,0.149389,0.127735
505.58,534.45,0.133258,0.111783
505.58,537.95,0.117766,0.096484
505.58,541.45,0.102855,0.081848
505.58,545.12,0.089053,0.067775
505.58,548.62,0.076321,0.055467
505.58,552.12,0.064454,0.043209
505.58,555.8,0.053215,0.031191
505.58,559.3,0.043493,0.023015
505.58,562.8,0.033825,0.013049
505.58,566.47,0.025243,0.004556
505.58,569.97,0.017082,-0.002986
505.58,573.47,0.009824,-0.009868
505.58,576.97,0.003157,-0.016686
505.58,580.65,-0.002416,-0.021861
505.58,584.15,-0.008038,-0.02647
505.58,587.65,-0.012662,-0.031544
505.58,591.32,-0.016384,-0.034985
505.58,594.82,-0.020256,-0.038599
505.58,598.32,-0.023337,-0.04225
505.58,601.82,-0.026695,-0.045648
505.58,605.32,-0.029246,-0.048047
505.58,609.0,-0.032305,-0.051122
505.58,612.5,-0.034822,-0.054301
505.58,616.17,-0.03732,-0.056368
505.58,619.67,-0.039187,-0.05854
505.58,623.17,-0.040651,-0.060681
505.58,626.85,-0.042117,-0.062699
505.58,630.35,-0.043054,-0.062746
505.58,634.02,-0.043966,-0.063611
505.58,637.52,-0.044905,-0.063999
505.58,641.02,-0.045417,-0.064917
505.58,644.7,-0.046581,-0.065253
505.58,648.02,-0.047333,-0.066372
505.58,651.7,-0.048192,-0.067194
505.58,655.2,-0.049141,-0.067619
505.58,658.7,-0.050355,-0.068888
505.58,662.2,-0.051039,-0.069628
505.58,665.87,-0.051978,-0.070392
505.58,669.37,-0.052915,-0.070934
505.58,672.87,-0.053657,-0.072105
505.58,676.37,-0.054471,-0.072819
505.58,680.05,-0.055722,-0.073962
505.58,683.55,-0.05676,-0.075124
505.58,687.05,-0.057875,-0.076519
541.63,12.25,0.14466,0.113979
541.63,15.75,0.118117,0.097183
541.63,19.6,0.087371,0.064774
541.63,23.27,0.058773,0.037424
541.63,26.77,0.029719,0.009503
541.63,30.45,-0.002071,-0.021606
541.63,33.95,-0.033143,-0.052015
541.63,37.45,-0.063497,-0.081843
541.63,40.95,-0.089887,-0.107773
541.63,44.62,-0.10887,-0.126532
541.63,48.12,-0.119652,-0.137231
541.63,51.45,-0.121843,-0.139461
541.63,55.12,-0.11737,-0.135078
541.63,58.62,-0.106408,-0.124868
541.63,62.12,-0.091119,-0.1094
541.63,65.62,-0.072564,-0.091177
541.63,69.3,-0.051578,-0.069954
541.63,72.8,-0.031498,-0.050882
541.63,76.47,-0.01233,-0.032287
541.63,79.97,0.005979,-0.0142
541.63,83.47,0.022646,0.00215
541.63,87.15,0.037248,0.016188
541.63,90.65,0.048483,0.026931
541.63,94.15,0.055264,0.033484
541.63,97.82,0.056395,0.034531
541.63,101.32,0.050027,0.028607
541.63,104.82,0.036407,0.01596
541.63,108.5,0.022008,0.001641
541.63,112.0,0.012738,-0.007431
541.63,115.5,0.011423,-0.008861
541.63,119.0,0.018813,-0.002515
541.63,122.67,0.032473,0.011395
541.63,126.17,0.049873,0.028317
541.63,129.67,0.069211,0.047701
541.63,133.17,0.088366,0.0667
541.63,136.67,0.106604,0.084214
541.63,140.35,0.12263,0.100458
541.63,143.85,0.135982,0.113758
541.63,147.35,0.146493,0.124223
541.63,150.85,0.154688,0.132017
541.63,154.52,0.160178,0.137873
541.63,158.02,0.164371,0.140939
541.63,161.52,0.166432,0.143656
541.63,165.2,0.167371,0.144158
541.63,168.7,0.167316,0.144657
541.63,172.2,0.166521,0.143499
541.63,175.7,0.16568,0.142421
541.63,179.2,0.165212,0.141761
541.63,182.87,0.164201,0.141225
541.63,186.37,0.163668,0.139756
541.63,189.87,0.162747,0.139294
541.63,193.37,0.162516,0.138751
541.63,197.05,0.162134,0.138785
541.63,200.55,0.161838,0.138225
541.63,204.05,0.161823,0.138428
541.63,207.55,0.161894,0.138671
541.63,211.22,0.161872,0.13901
541.63,214.72,0.161324,0.138397
541.63,218.22,0.161222,0.13796
541.63,221.9,0.160517,0.138721
541.63,225.4,0.160307,0.13771
541.63,228.9,0.159919,0.137827
541.63,232.57,0.159053,0.136422
541.63,236.07,0.158502,0.135988
541.63,239.75,0.15788,0.134552
541.63,243.25,0.157411,0.134611
541.63,247.27,0.156469,0.131496
541.63,250.77,0.155523,0.132334
541.63,254.27,0.154374,0.131527
541.63,257.77,0.153551,0.131432
541.63,261.45,0.152387,0.130606
541.63,264.95,0.150705,0.128699
541.63,268.62,0.147559,0.125615
541.63,272.12,0.141293,0.119063
541.63,275.8,0.12783,0.106034
541.63,279.12,0.108477,0.087575
541.63,282.8,0.087362,0.066432
541.63,286.3,0.071918,0.051225
541.63,289.8,0.063921,0.043108
541.63,293.3,0.064047,0.041925
541.63,296.97,0.071339,0.049793
541.63,300.47,0.084315,0.061706
541.63,303.97,0.101013,0.078259
541.63,307.47,0.119136,0.095726
541.63,310.97,0.136549,0.113083
541.63,314.65,0.152673,0.128838
541.63,318.15,0.166931,0.142883
541.63,321.82,0.179109,0.155859
541.63,325.32,0.188908,0.165489
541.63,329.0,0.197248,0.174056
541.63,332.5,0.203446,0.179971
541.63,336.0,0.208724,0.185452
541.63,339.67,0.212673,0.189395
541.63,343.17,0.215908,0.191823
541.63,346.67,0.217796,0.194019
541.63,350.35,0.219146,0.195021
541.63,353.85,0.220076,0.196105
541.63,357.35,0.220381,0.196496
541.63,360.85,0.220406,0.196487
541.63,364.35,0.22031,0.196447
541.63,367.85,0.220017,0.19608
541.63,371.35,0.219706,0.195627
541.63,374.85,0.219315,0.194931
541.63,378.52,0.21881,0.193964
541.63,381.85,0.218841,0.193908
541.63,385.52,0.218804,0.194377
541.63,389.02,0.21885,0.194053
541.63,392.7,0.219263,0.194614
541.63,396.02,0.219922,0.195985
541.63,399.87,0.220467,0.19742
541.63,403.55,0.220649,0.197377
541.63,407.05,0.221225,0.197658
541.63,410.72,0.221764,0.198021
541.63,414.22,0.22194,0.198009
541.63,417.72,0.221949,0.198329
541.63,421.4,0.221927,0.197602
541.63,424.9,0.222417,0.197775
541.63,428.4,0.22308,0.198822
541.63,432.07,0.224873,0.19962
541.63,435.57,0.226601,0.201724
541.63,439.07,0.228936,0.203908
541.63,442.57,0.231006,0.20604
541.63,446.07,0.233813,0.208696
541.63,449.75,0.235707,0.210892
541.63,453.25,0.238181,0.213761
541.63,456.4,0.241157,0.216524
541.63,460.42,0.243995,0.219377
541.63,463.92,0.247137,0.222725
541.63,467.6,0.250051,0.226512
541.63,470.92,0.253397,0.229534
541.63,474.6,0.256832,0.232427
541.63,478.27,0.259737,0.235273
541.63,481.77,0.261844,0.236946
541.63,485.27,0.263135,0.238406
541.63,488.95,0.263298,0.23811
541.63,492.45,0.262405,0.237565
541.63,495.95,0.260353,0.235643
541.63,499.45,0.256499,0.23133
541.63,502.95,0.251755,0.226293
541.63,506.62,0.246222,0.220963
541.63,510.12,0.239173,0.214697
541.63,513.62,0.232199,0.207664
541.63,517.3,0.223425,0.198668
541.63,520.8,0.214352,0.190498
541.63,524.3,0.204722,0.180631
541.63,527.8,0.194414,0.170957
541.63,531.47,0.183634,0.161484
541.63,534.97,0.172981,0.150945
541.63,538.65,0.162867,0.140692
541.63,542.15,0.152932,0.130788
541.63,545.65,0.142682,0.121234
541.63,549.15,0.133443,0.111881
541.63,552.65,0.124368,0.103286
541.63,556.15,0.115751,0.094787
541.63,559.82,0.107855,0.087171
541.63,563.32,0.100082,0.078385
541.63,567.0,0.093299,0.07149
541.63,570.5,0.086617,0.065705
541.63,574.0,0.080529,0.059223
541.63,577.5,0.074556,0.052581
541.63,581.17,0.068915,0.046992
541.63,584.67,0.063339,0.041851
541.63,588.17,0.058049,0.036915
541.63,591.67,0.053175,0.031866
541.63,595.17,0.049158,0.028142
541.63,598.67,0.045332,0.02406
541.63,602.17,0.041863,0.021136
541.63,605.85,0.038687,0.01775
541.63,609.35,0.035742,0.015156
541.63,612.85,0.033382,0.013025
541.63,616.52,0.030893,0.011352
541.63,619.85,0.028841,0.009063
541.63,623.7,0.026546,0.007199
541.63,627.2,0.024614,0.005064
541.63,630.7,0.022744,0.003012
541.63,634.37,0.020674,0.00109
541.63,637.7,0.019321,-0.000648
541.63,641.37,0.018246,-0.002354
541.63,645.05,0.016937,-0.003553
541.63,648.55,0.015763,-0.005065
541.63,652.22,0.014605,-0.006424
541.63,655.72,0.013721,-0.007302
541.63,659.22,0.012818,-0.007703
541.63,662.72,0.011949,-0.008698
541.63,666.4,0.01117,-0.009394
541.63,669.9,0.009891,-0.010608
541.63,673.4,0.008607,-0.011788
541.63,676.9,0.0071,-0.012921
541.63,680.4,0.0054,-0.014187
541.63,684.07,0.003822,-0.014976
541.63,687.57,0.002485,-0.017163
577.68,11.55,-0.050377,-0.074884
577.68,15.05,-0.029107,-0.049683
577.68,18.55,-0.007003,-0.026809
577.68,22.22,0.013561,-0.007213
577.68,25.72,0.03247,0.011669
577.68,29.22,0.04934,0.029124
577.68,32.9,0.063573,0.042747
577.68,36.57,0.075967,0.054645
577.68,40.07,0.08649,0.065166
577.68,43.57,0.096022,0.07413
577.68,47.07,0.10487,0.083009
577.68,50.75,0.113295,0.090963
577.68,54.25,0.120809,0.097889
577.68,57.75,0.126854,0.104251
577.68,60.9,0.132125,0.10779
577.68,64.92,0.135794,0.113154
577.68,68.6,0.138533,0.114999
577.68,72.1,0.14043,0.117045
577.68,75.42,0.141382,0.118339
577.68,79.1,0.140969,0.117849
577.68,82.77,0.139568,0.116601
577.68,86.27,0.13616,0.113499
577.68,89.77,0.130276,0.108422
577.68,93.27,0.121388,0.099666
577.68,96.95,0.107125,0.085572
577.68,100.45,0.085514,0.065215
577.68,103.95,0.061774,0.041835
577.68,107.45,0.040708,0.021216
577.68,110.95,0.028659,0.009063
577.68,114.62,0.027171,0.007143
577.68,118.12,0.035206,0.014885
577.68,121.8,0.05165,0.029389
577.68,125.3,0.072097,0.049821
577.68,128.8,0.094614,0.07166
577.68,132.47,0.117849,0.094934
577.68,135.97,0.140757,0.116419
577.68,139.65,0.161164,0.136721
577.68,143.15,0.179315,0.15507
577.68,146.65,0.19551,0.170846
577.68,150.5,0.211586,0.188588
577.68,154.0,0.222356,0.198533
577.68,157.67,0.232248,0.208203
577.68,161.17,0.240418,0.216284
577.68,165.2,0.248613,0.22019
577.68,168.87,0.254226,0.228961
577.68,172.37,0.258933,0.233859
577.68,175.87,0.262556,0.237417
577.68,179.72,0.264968,0.241419
577.68,183.4,0.266872,0.242377
577.68,186.9,0.268794,0.244244
577.68,190.4,0.270732,0.245652
577.68,194.25,0.272473,0.244115
577.68,197.75,0.274053,0.248785
577.68,201.25,0.275236,0.249016
577.68,204.92,0.275874,0.249888
577.68,208.42,0.275988,0.250649
577.68,211.92,0.276681,0.250908
577.68,215.6,0.276059,0.25169
577.68,219.1,0.275824,0.25088
577.68,222.6,0.27564,0.251065
577.68,226.1,0.274771,0.25059
577.68,229.77,0.274651,0.250366
577.68,233.27,0.274885,0.25015
577.68,236.77,0.27506,0.250017
577.68,240.45,0.27564,0.250794
577.68,243.95,0.275883,0.250942
577.68,247.45,0.276222,0.251096
577.68,250.95,0.276059,0.251549
577.68,254.45,0.27633,0.250892
577.68,258.12,0.275658,0.250418
577.68,261.45,0.275088,0.250233
577.68,265.12,0.273951,0.24848
577.68,268.8,0.272519,0.246746
577.68,272.3,0.270024,0.244278
577.68,275.8,0.266844,0.241182
577.68,279.3,0.262913,0.23763
577.68,283.32,0.255667,0.232747
577.68,286.82,0.2434,0.220036
577.68,290.32,0.222488,0.199583
577.68,293.82,0.198452,0.176111
577.68,297.32,0.176669,0.154642
577.68,301.0,0.161958,0.140193
577.68,304.5,0.156059,0.133505
577.68,308.0,0.157762,0.135467
577.68,311.5,0.16665,0.143505
577.68,315.17,0.179253,0.155794
577.68,318.67,0.194562,0.170415
577.68,322.17,0.210671,0.18629
577.68,325.85,0.226675,0.201207
577.68,329.35,0.240748,0.21547
577.68,332.85,0.253147,0.228135
577.68,336.35,0.264614,0.239204
577.68,340.02,0.274438,0.247975
577.68,343.52,0.282353,0.256524
577.68,347.02,0.289139,0.263144
577.68,350.52,0.294802,0.268748
577.68,354.02,0.298745,0.272808
577.68,357.7,0.30218,0.27596
577.68,361.2,0.304743,0.279198
577.68,364.7,0.306588,0.28112
577.68,368.2,0.307775,0.281924
577.68,371.87,0.308126,0.282599
577.68,375.55,0.30771,0.282602
577.68,379.05,0.307091,0.281733
577.68,382.72,0.307017,0.281074
577.68,386.22,0.306693,0.279965
577.68,389.9,0.306083,0.278982
577.68,393.4,0.306225,0.280088
577.68,397.07,0.306998,0.280359
577.68,400.57,0.30868,0.281992
577.68,404.25,0.310248,0.284041
577.68,407.57,0.311339,0.285227
577.68,411.25,0.312088,0.286484
577.68,414.75,0.312054,0.286706
577.68,418.42,0.311635,0.286
577.68,421.92,0.311009,0.285664
577.68,425.42,0.310258,0.284799
577.68,428.92,0.309078,0.284025
577.68,432.42,0.307587,0.282442
577.68,435.92,0.30682,0.281853
577.68,439.42,0.306188,0.281056
577.68,443.1,0.305338,0.280387
577.68,446.6,0.305002,0.279574
577.68,450.27,0.304336,0.279007
577.68,453.6,0.304127,0.278603
577.68,457.27,0.304229,0.278252
577.68,460.77,0.304555,0.278625
577.68,464.27,0.304986,0.27865
577.68,467.77,0.305809,0.279752
577.68,471.27,0.306102,0.280587
577.68,474.95,0.306786,0.279682
577.68,478.45,0.307679,0.281259
577.68,482.12,0.308776,0.282359
577.68,485.62,0.310218,0.283702
577.68,489.12,0.311231,0.285424
577.68,492.97,0.312494,0.28673
577.68,496.47,0.313175,0.287654
577.68,499.97,0.313914,0.288015
577.68,503.65,0.314022,0.288622
577.68,507.32,0.315193,0.28991
577.68,510.82,0.316176,0.290633
577.68,514.32,0.316835,0.290985
577.68,518.17,0.316955,0.288221
577.68,521.67,0.315726,0.289149
577.68,525.35,0.313471,0.287405
577.68,528.85,0.310932,0.284481
577.68,532.87,0.306299,0.281564
577.68,536.37,0.301508,0.276527
577.68,539.87,0.29657,0.271364
577.68,543.55,0.291838,0.266385
577.68,547.4,0.28625,0.258779
577.68,551.07,0.28185,0.256715
577.68,554.4,0.278098,0.252809
577.68,558.07,0.273887,0.248801
577.68,561.92,0.269013,0.244977
577.68,565.6,0.264568,0.240057
577.68,569.1,0.260024,0.234102
577.68,572.77,0.255507,0.229842
577.68,576.62,0.251268,0.225205
577.68,580.12,0.247208,0.222913
577.68,583.62,0.242778,0.218178
577.68,587.3,0.23791,0.214444
577.68,590.97,0.233098,0.209922
577.68,594.47,0.228637,0.205329
577.68,598.15,0.224007,0.200399
577.68,601.65,0.21934,0.195723
577.68,605.67,0.214019,0.187907
577.68,609.35,0.209611,0.185575
577.68,612.85,0.205249,0.181635
577.68,616.35,0.201533,0.17889
577.68,620.37,0.197599,0.173644
577.68,623.87,0.194355,0.171065
577.68,627.37,0.190723,0.166724
577.68,630.87,0.187796,0.164229
577.68,634.72,0.18503,0.159762
577.68,638.22,0.182402,0.158557
577.68,641.72,0.179811,0.156053
577.68,645.22,0.17738,0.154229
577.68,648.9,0.175279,0.151924
577.68,652.4,0.173385,0.149925
577.68,655.9,0.171958,0.148736
577.68,659.4,0.170018,0.147633
577.68,663.07,0.168388,0.14605
577.68,666.57,0.167011,0.144574
577.68,670.07,0.165899,0.143542
577.68,673.57,0.164534,0.141616
577.68,677.07,0.163046,0.140698
577.68,680.57,0.161083,0.138551
577.68,684.25,0.158758,0.136675
577.68,687.75,0.156949,0.134432
613.73,12.07,0.138964,0.107929
613.73,15.75,0.143893,0.120578
613.73,19.07,0.148625,0.124907
613.73,22.75,0.153046,0.129857
613.73,26.42,0.157288,0.132454
613.73,30.1,0.160708,0.137291
613.73,33.6,0.164518,0.1408
613.73,37.1,0.167673,0.144254
613.73,40.6,0.170775,0.14909
613.73,44.62,0.172843,0.149894
613.73,48.3,0.174297,0.150323
613.73,51.97,0.175344,0.151108
613.73,55.47,0.175627,0.151324
613.73,59.15,0.175587,0.151965
613.73,62.82,0.174916,0.151355
613.73,66.32,0.173582,0.15019
613.73,69.82,0.172162,0.148446
613.73,73.32,0.169331,0.146151
613.73,77.0,0.165664,0.142836
613.73,80.5,0.160566,0.138108
613.73,84.0,0.154697,0.132168
613.73,87.32,0.146293,0.124968
613.73,91.17,0.136367,0.114873
613.73,94.67,0.123172,0.101549
613.73,98.17,0.10495,0.083924
613.73,101.5,0.080809,0.060261
613.73,105.35,0.057781,0.037661
613.73,108.85,0.039229,0.019426
613.73,112.35,0.029297,0.009241
613.73,115.85,0.028859,0.008293
613.73,119.52,0.037026,0.016204
613.73,123.02,0.051727,0.03003
613.73,126.52,0.070221,0.047793
613.73,130.02,0.090714,0.068154
613.73,133.52,0.112149,0.089294
613.73,137.2,0.13357,0.109497
613.73,140.7,0.1534,0.12925
613.73,144.2,0.171361,0.147162
613.73,147.87,0.187756,0.163616
613.73,151.37,0.20246,0.178027
613.73,154.87,0.215929,0.191518
613.73,158.37,0.227725,0.203123
613.73,161.87,0.237559,0.213015
613.73,165.37,0.246459,0.221589
613.73,168.87,0.253764,0.228951
613.73,172.55,0.260218,0.235729
613.73,176.05,0.265489,0.24048
613.73,179.72,0.269833,0.245279
613.73,183.22,0.274158,0.249635
613.73,186.72,0.278335,0.253717
613.73,190.4,0.281847,0.25722
613.73,193.9,0.285479,0.260578
613.73,197.4,0.289149,0.263622
613.73,200.9,0.29238,0.266878
613.73,204.4,0.295375,0.26958
613.73,207.55,0.298092,0.271746
613.73,211.57,0.300335,0.274765
613.73,215.07,0.302248,0.275929
613.73,218.57,0.303683,0.277596
613.73,222.07,0.304552,0.278172
613.73,225.75,0.304876,0.278462
613.73,229.25,0.304888,0.278973
613.73,232.92,0.304685,0.278554
613.73,236.42,0.30429,0.278449
613.73,239.92,0.304278,0.278378
613.73,243.42,0.303964,0.278606
613.73,247.1,0.30373,0.278363
613.73,250.6,0.303418,0.277938
613.73,254.1,0.303101,0.27799
613.73,257.77,0.302171,0.277633
613.73,261.27,0.300969,0.275886
613.73,264.95,0.299105,0.273927
613.73,268.45,0.296447,0.271203
613.73,271.95,0.29352,0.267882
613.73,275.45,0.289099,0.263579
613.73,278.95,0.283603,0.257876
613.73,282.62,0.277057,0.250427
613.73,286.3,0.268406,0.242941
613.73,289.8,0.257423,0.232393
613.73,293.3,0.240929,0.216314
613.73,296.8,0.217205,0.193579
613.73,300.3,0.192085,0.168619
613.73,303.97,0.171835,0.148696
613.73,307.47,0.15914,0.135754
613.73,310.97,0.154457,0.131469
613.73,314.65,0.157802,0.135982
613.73,318.15,0.167725,0.1449
613.73,321.82,0.181114,0.157852
613.73,325.32,0.197057,0.173526
613.73,329.0,0.214783,0.190609
613.73,332.5,0.231958,0.206783
613.73,336.17,0.247088,0.221358
613.73,339.67,0.260834,0.233924
613.73,343.35,0.272765,0.246089
613.73,347.02,0.28279,0.256635
613.73,350.52,0.292094,0.265738
613.73,354.02,0.299189,0.273089
613.73,357.52,0.305005,0.278961
613.73,361.2,0.309441,0.283653
613.73,364.7,0.312405,0.286644
613.73,368.2,0.315298,0.289142
613.73,371.7,0.317389,0.292044
613.73,375.2,0.318622,0.292839
613.73,378.7,0.319367,0.294189
613.73,382.37,0.319795,0.294682
613.73,385.87,0.319515,0.294084
613.73,389.37,0.318979,0.293372
613.73,392.87,0.318089,0.292488
613.73,396.55,0.317214,0.291548
613.73,400.05,0.315948,0.290387
613.73,403.2,0.314586,0.288985
613.73,407.22,0.312827,0.287497
613.73,410.72,0.311163,0.284956
613.73,414.22,0.309466,0.282892
613.73,417.72,0.307624,0.280923
613.73,421.4,0.30632,0.279943
613.73,425.07,0.305147,0.279146
613.73,428.57,0.304099,0.278089
613.73,432.07,0.303049,0.277091
613.73,435.57,0.301977,0.275797
613.73,439.07,0.300513,0.274826
613.73,442.57,0.299595,0.273745
613.73,446.25,0.298572,0.272839
613.73,449.57,0.298012,0.271641
613.73,453.25,0.297134,0.271669
613.73,456.75,0.296647,0.271213
613.73,460.25,0.296012,0.270486
613.73,463.75,0.29568,0.270584
613.73,467.42,0.295107,0.270005
613.73,471.1,0.294611,0.269626
613.73,474.6,0.295122,0.2697
613.73,478.27,0.295455,0.268662
613.73,481.77,0.295341,0.269407
613.73,485.27,0.296188,0.271049
613.73,488.77,0.297294,0.271465
613.73,492.45,0.298862,0.272627
613.73,495.95,0.300868,0.275116
613.73,499.45,0.30307,0.276687
613.73,502.95,0.305227,0.278884
613.73,506.45,0.307959,0.281274
613.73,509.95,0.310455,0.283918
613.73,513.62,0.312771,0.286576
613.73,517.12,0.315168,0.288631
613.73,520.62,0.31714,0.29055
613.73,523.77,0.318443,0.293203
613.73,527.8,0.319598,0.293686
613.73,531.3,0.321034,0.294759
613.73,534.8,0.322112,0.296465
613.73,538.47,0.322975,0.297534
613.73,541.62,0.323825,0.298163
613.73,545.47,0.323902,0.297731
613.73,548.97,0.323163,0.297907
613.73,552.3,0.322198,0.296576
613.73,555.97,0.320507,0.29523
613.73,559.65,0.319053,0.293425
613.73,563.15,0.317359,0.29165
613.73,566.65,0.315291,0.289605
613.73,570.15,0.312889,0.287377
613.73,573.82,0.310279,0.284398
613.73,577.32,0.30686,0.281527
613.73,580.82,0.302719,0.277177
613.73,584.32,0.298653,0.272935
613.73,587.82,0.295168,0.269568
613.73,590.62,0.291786,0.264007
613.73,595.17,0.289534,0.263529
613.73,598.67,0.287402,0.261795
613.73,602.17,0.285637,0.259808
613.73,605.85,0.283918,0.258834
613.73,609.35,0.282288,0.256712
613.73,612.85,0.280322,0.254802
613.73,616.52,0.279256,0.255402
613.73,620.2,0.277993,0.253856
613.73,623.7,0.276582,0.252063
613.73,627.02,0.274601,0.250393
613.73,630.52,0.272152,0.247316
613.73,634.37,0.26941,0.24487
613.73,637.87,0.26693,0.241937
613.73,641.55,0.264463,0.238606
613.73,645.05,0.26181,0.236333
613.73,648.2,0.259062,0.233548
613.73,652.22,0.256847,0.231056
613.73,655.72,0.254478,0.228973
613.73,658.87,0.2521,0.227294
613.73,662.72,0.249759,0.224845
613.73,666.22,0.248015,0.223157
613.73,669.72,0.245966,0.220899
613.73,673.22,0.243881,0.219241
613.73,676.9,0.24186,0.217966
613.73,680.4,0.240242,0.215575
613.73,684.07,0.238465,0.214605
613.73,687.57,0.236989,0.212883
649.77,12.77,0.175723,0.142251
649.77,16.45,0.178779,0.155815
649.77,19.95,0.181318,0.158317
649.77,23.45,0.183425,0.160732
649.77,27.12,0.184799,0.161635
649.77,30.62,0.186034,0.162464
649.77,34.12,0.186582,0.163588
649.77,37.62,0.187205,0.163674
649.77,41.65,0.187501,0.160966
649.77,45.15,0.187433,0.163819
649.77,48.82,0.187085,0.163822
649.77,52.32,0.186425,0.163489
649.77,56.17,0.184987,0.161912
649.77,59.67,0.183557,0.160797
649.77,63.17,0.181484,0.158588
649.77,66.85,0.17893,0.156237
649.77,70.35,0.17564,0.15231
649.77,74.02,0.171586,0.148129
649.77,77.52,0.166598,0.143335
649.77,81.02,0.160455,0.136672
649.77,84.52,0.152938,0.130048
649.77,88.02,0.144047,0.120973
649.77,91.7,0.133591,0.110769
649.77,95.2,0.120378,0.098138
649.77,98.7,0.103262,0.081407
649.77,102.2,0.081373,0.059981
649.77,105.7,0.059451,0.0384
649.77,109.2,0.041281,0.02096
649.77,112.87,0.031081,0.010865
649.77,116.55,0.029861,0.010742
649.77,120.05,0.036635,0.016173
649.77,123.72,0.04934,0.028841
649.77,127.22,0.065572,0.044725
649.77,130.72,0.083949,0.062174
649.77,134.22,0.103573,0.081176
649.77,137.9,0.1234,0.100517
649.77,141.4,0.141539,0.118751
649.77,145.07,0.15848,0.13482
649.77,148.57,0.17417,0.149934
649.77,152.07,0.18861,0.163634
649.77,155.57,0.20255,0.178237
649.77,159.07,0.215338,0.190624
649.77,162.75,0.227479,0.201675
649.77,166.25,0.237787,0.212772
649.77,169.75,0.247482,0.221949
649.77,173.25,0.255969,0.230387
649.77,176.75,0.263782,0.23807
649.77,180.42,0.269987,0.244321
649.77,183.92,0.275698,0.250535
649.77,187.6,0.280698,0.255128
649.77,191.1,0.285375,0.260818
649.77,194.77,0.289333,0.264648
649.77,198.27,0.293169,0.267864
649.77,201.77,0.296213,0.27076
649.77,205.45,0.299253,0.273508
649.77,208.95,0.302189,0.27641
649.77,212.62,0.3045,0.278252
649.77,216.12,0.306453,0.280301
649.77,219.62,0.308036,0.281028
649.77,222.77,0.308776,0.281915
649.77,226.8,0.309361,0.283144
649.77,230.3,0.31006,0.283468
649.77,233.8,0.31035,0.28385
649.77,237.12,0.310988,0.284472
649.77,240.97,0.310938,0.284605
649.77,244.47,0.310677,0.284842
649.77,248.15,0.310492,0.284543
649.77,251.82,0.309413,0.284589
649.77,255.32,0.307821,0.282855
649.77,258.82,0.305985,0.280328
649.77,262.32,0.303736,0.278317
649.77,265.82,0.300803,0.275492
649.77,269.32,0.296656,0.271826
649.77,273.0,0.292066,0.267303
649.77,276.5,0.284953,0.260415
649.77,280.0,0.276872,0.252174
649.77,283.85,0.265359,0.237685
649.77,287.35,0.253659,0.22807
649.77,290.85,0.240282,0.215513
649.77,294.52,0.224146,0.199811
649.77,298.02,0.20295,0.179783
649.77,301.52,0.17783,0.155091
649.77,305.2,0.153973,0.132236
649.77,308.7,0.135144,0.113508
649.77,312.37,0.124284,0.103302
649.77,316.05,0.122313,0.100923
649.77,319.2,0.127772,0.10629
649.77,323.05,0.140658,0.117904
649.77,326.55,0.157042,0.133952
649.77,330.05,0.175597,0.151231
649.77,333.72,0.194395,0.170067
649.77,337.22,0.213394,0.1884
649.77,340.9,0.230649,0.205877
649.77,343.7,0.246139,0.220985
649.77,347.9,0.259617,0.233342
649.77,351.4,0.271234,0.244971
649.77,355.07,0.28092,0.254503
649.77,358.4,0.289722,0.264118
649.77,362.25,0.296955,0.270911
649.77,365.75,0.302664,0.276484
649.77,369.25,0.307229,0.281364
649.77,372.75,0.310171,0.284608
649.77,376.42,0.312007,0.286317
649.77,379.92,0.312892,0.287251
649.77,383.42,0.313126,0.287559
649.77,387.1,0.312873,0.288157
649.77,389.9,0.313412,0.288338
649.77,394.1,0.313911,0.288212
649.77,397.6,0.314512,0.288791
649.77,401.1,0.314226,0.288138
649.77,404.6,0.313175,0.286074
649.77,408.45,0.311256,0.284534
649.77,411.95,0.308612,0.282707
649.77,415.45,0.305362,0.279059
649.77,418.95,0.301416,0.275131
649.77,422.62,0.297611,0.271703
649.77,426.12,0.293847,0.267775
649.77,429.8,0.289777,0.264121
649.77,433.3,0.285101,0.259506
649.77,436.62,0.280381,0.255141
649.77,440.3,0.275791,0.250751
649.77,443.97,0.270938,0.24685
649.77,447.47,0.266653,0.242242
649.77,450.97,0.263326,0.239013
649.77,454.47,0.259934,0.23564
649.77,457.97,0.257294,0.233249
649.77,461.65,0.255082,0.231244
649.77,465.15,0.253733,0.229682
649.77,468.65,0.254183,0.22986
649.77,472.15,0.255199,0.230772
649.77,475.65,0.257217,0.232732
649.77,479.15,0.260057,0.235994
649.77,482.65,0.263767,0.239047
649.77,486.32,0.267276,0.242664
649.77,489.82,0.271287,0.246253
649.77,493.32,0.275079,0.249885
649.77,496.82,0.279044,0.253566
649.77,500.32,0.28299,0.257528
649.77,504.0,0.287109,0.261034
649.77,507.5,0.29141,0.265079
649.77,511.0,0.295239,0.268502
649.77,514.67,0.298271,0.271894
649.77,518.17,0.302269,0.275584
649.77,521.5,0.305772,0.279417
649.77,525.17,0.309167,0.282926
649.77,528.85,0.311897,0.286194
649.77,532.35,0.31515,0.288794
649.77,535.85,0.317651,0.291123
649.77,539.35,0.319903,0.293717
649.77,542.85,0.321644,0.2962
649.77,546.52,0.323332,0.297408
649.77,550.02,0.324722,0.299275
649.77,553.52,0.325559,0.299866
649.77,557.2,0.326718,0.301314
649.77,560.7,0.327685,0.301746
649.77,564.37,0.328911,0.302969
649.77,567.87,0.329863,0.303274
649.77,571.55,0.329922,0.301404
649.77,575.05,0.329244,0.302528
649.77,578.72,0.328662,0.30193
649.77,582.22,0.32836,0.301188
649.77,585.72,0.327393,0.301003
649.77,589.22,0.326872,0.299987
649.77,592.72,0.325707,0.299352
649.77,596.4,0.324361,0.298422
649.77,599.9,0.322688,0.29669
649.77,603.4,0.320612,0.294457
649.77,606.9,0.318046,0.292232
649.77,610.57,0.315738,0.290618
649.77,614.07,0.313471,0.288206
649.77,617.75,0.311305,0.286071
649.77,621.25,0.309361,0.284293
649.77,624.92,0.306792,0.28133
649.77,628.42,0.304247,0.278517
649.77,631.92,0.301937,0.275036
649.77,635.6,0.299118,0.273086
649.77,639.1,0.296293,0.270646
649.77,642.77,0.294149,0.267784
649.77,646.1,0.291739,0.266062
649.77,649.77,0.290954,0.264996
649.77,653.27,0.290597,0.264987
649.77,656.77,0.290412,0.264568
649.77,660.45,0.290045,0.264019
649.77,663.95,0.288649,0.262959
649.77,667.45,0.286755,0.261641
649.77,670.95,0.284823,0.259722
649.77,674.45,0.282704,0.257125
649.77,678.12,0.280027,0.254826
649.77,681.62,0.277442,0.252935
649.77,685.12,0.274648,0.249762
649.77,688.62,0.271971,0.247269
685.82,11.37,0.177895,0.144143
685.82,14.87,0.178788,0.154725
685.82,18.55,0.179746,0.155267
685.82,22.05,0.181284,0.157208
685.82,25.55,0.182852,0.159146
685.82,29.05,0.184361,0.160292
685.82,32.72,0.185973,0.162042
685.82,36.22,0.187199,0.163995
685.82,39.9,0.187559,0.164266
685.82,43.4,0.187923,0.164626
685.82,46.9,0.187636,0.164993
685.82,50.57,0.187618,0.164371
685.82,54.07,0.186804,0.164035
685.82,57.57,0.185181,0.162504
685.82,61.07,0.182781,0.160196
685.82,64.57,0.179716,0.15698
685.82,68.07,0.17572,0.152984
685.82,71.75,0.171145,0.148557
685.82,75.25,0.165514,0.142482
685.82,78.75,0.158579,0.136102
685.82,82.42,0.15133,0.128363
685.82,85.92,0.142612,0.119953
685.82,89.42,0.133108,0.110159
685.82,93.1,0.121804,0.099408
685.82,96.6,0.108425,0.086398
685.82,100.27,0.091022,0.069272
685.82,103.77,0.070236,0.049044
685.82,107.27,0.049817,0.029223
685.82,110.77,0.034503,0.013936
685.82,114.27,0.026481,0.006093
685.82,117.77,0.026564,0.006466
685.82,121.45,0.033844,0.013037
685.82,124.95,0.045828,0.024355
685.82,128.62,0.062106,0.042331
685.82,132.3,0.07917,0.057461
685.82,135.8,0.096438,0.074546
685.82,139.3,0.114552,0.091999
685.82,142.8,0.132541,0.108893
685.82,146.47,0.14885,0.12536
685.82,149.97,0.164007,0.140319
685.82,153.47,0.177719,0.153841
685.82,156.97,0.19117,0.166709
685.82,160.65,0.204062,0.179115
685.82,164.15,0.21645,0.191404
685.82,167.82,0.227698,0.202226
685.82,171.32,0.237451,0.212565
685.82,174.65,0.247427,0.221986
685.82,178.32,0.255877,0.230547
685.82,182.0,0.263782,0.238711
685.82,185.5,0.270674,0.245711
685.82,189.17,0.277085,0.252805
685.82,192.67,0.282414,0.257445
685.82,196.17,0.287269,0.262393
685.82,199.85,0.292245,0.267032
685.82,203.35,0.296388,0.271505
685.82,206.85,0.301102,0.275766
685.82,210.35,0.30515,0.27995
685.82,213.85,0.308785,0.283117
685.82,217.35,0.311133,0.285861
685.82,221.02,0.312519,0.285359
685.82,224.52,0.313631,0.287651
685.82,228.02,0.313899,0.287614
685.82,231.35,0.31433,0.287691
685.82,234.67,0.314574,0.288345
685.82,238.7,0.314928,0.288249
685.82,242.2,0.314851,0.288126
685.82,245.7,0.313569,0.287202
685.82,249.37,0.312143,0.285658
685.82,252.87,0.310356,0.284087
685.82,256.55,0.307833,0.281866
685.82,260.05,0.3049,0.27905
685.82,263.55,0.30104,0.27572
685.82,267.05,0.295938,0.270741
685.82,270.72,0.289186,0.264614
685.82,274.22,0.280436,0.255942
685.82,277.72,0.268961,0.244925
685.82,281.22,0.255273,0.231416
685.82,284.72,0.239022,0.215255
685.82,288.22,0.220208,0.19714
685.82,291.72,0.200175,0.177738
685.82,295.4,0.179112,0.156949
685.82,298.9,0.158077,0.135917
685.82,302.4,0.133573,0.112267
685.82,305.9,0.10861,0.087522
685.82,309.57,0.087636,0.06662
685.82,313.07,0.074882,0.053976
685.82,316.57,0.070218,0.048447
685.82,320.25,0.074371,0.052381
685.82,323.75,0.085166,0.062652
685.82,327.42,0.102947,0.079503
685.82,330.92,0.124309,0.101299
685.82,334.42,0.147023,0.123351
685.82,337.92,0.169894,0.145902
685.82,341.6,0.193046,0.169466
685.82,345.27,0.214503,0.190517
685.82,348.77,0.232873,0.208338
685.82,352.27,0.248298,0.223908
685.82,355.77,0.260741,0.235969
685.82,359.27,0.271401,0.246154
685.82,362.95,0.279826,0.255097
685.82,366.45,0.286364,0.261302
685.82,369.95,0.291465,0.266037
685.82,373.62,0.295168,0.268982
685.82,377.12,0.297386,0.271262
685.82,380.8,0.299608,0.273412
685.82,384.3,0.30076,0.274016
685.82,387.97,0.301083,0.274404
685.82,391.47,0.300504,0.273877
685.82,394.97,0.298859,0.272735
685.82,398.65,0.296816,0.270593
685.82,402.15,0.294059,0.268927
685.82,405.65,0.290399,0.264826
685.82,409.15,0.285612,0.260692
685.82,412.65,0.280178,0.254608
685.82,416.15,0.273067,0.248948
685.82,419.82,0.265097,0.240806
685.82,423.32,0.255868,0.232029
685.82,426.82,0.245079,0.221542
685.82,430.5,0.232784,0.209395
685.82,434.17,0.218107,0.194746
685.82,437.67,0.202568,0.179349
685.82,441.17,0.186422,0.163742
685.82,444.67,0.170877,0.148268
685.82,448.17,0.156641,0.134294
685.82,451.67,0.144198,0.121832
685.82,455.35,0.134793,0.112667
685.82,458.85,0.128397,0.105729
685.82,462.35,0.125452,0.102559
685.82,465.85,0.124842,0.102023
685.82,469.52,0.126392,0.103283
685.82,473.02,0.129562,0.10625
685.82,476.7,0.134127,0.11165
685.82,480.2,0.139953,0.117094
685.82,483.7,0.146185,0.123998
685.82,487.2,0.154022,0.131321
685.82,490.7,0.162325,0.139559
685.82,494.37,0.171915,0.148924
685.82,497.87,0.182565,0.159731
685.82,501.55,0.194694,0.171314
685.82,505.05,0.207944,0.184173
685.82,508.72,0.221388,0.196906
685.82,512.22,0.233837,0.20958
685.82,515.72,0.245353,0.220322
685.82,519.22,0.255005,0.230236
685.82,522.72,0.26425,0.239044
685.82,526.22,0.272402,0.246422
685.82,529.9,0.279373,0.253341
685.82,533.4,0.28519,0.259309
685.82,537.07,0.290932,0.264149
685.82,540.57,0.295664,0.269395
685.82,544.07,0.299866,0.273714
685.82,547.57,0.304275,0.278215
685.82,551.25,0.308665,0.282235
685.82,554.75,0.312393,0.28617
685.82,558.25,0.315861,0.28958
685.82,561.75,0.319173,0.293301
685.82,565.25,0.322476,0.29621
685.82,568.92,0.325445,0.299755
685.82,572.42,0.32763,0.301706
685.82,575.92,0.330211,0.304423
685.82,579.6,0.332383,0.30665
685.82,583.27,0.333865,0.307753
685.82,586.77,0.335122,0.309013
685.82,590.27,0.335556,0.309145
685.82,593.77,0.335325,0.30925
685.82,597.45,0.333979,0.306401
685.82,601.12,0.332688,0.306012
685.82,604.45,0.330951,0.304318
685.82,607.95,0.329407,0.302861
685.82,611.62,0.328514,0.301444
685.82,615.12,0.328012,0.301169
685.82,618.62,0.32754,0.300935
685.82,622.12,0.327423,0.300637
685.82,625.62,0.327171,0.300516
685.82,629.12,0.326687,0.300211
685.82,632.8,0.325088,0.298767
685.82,636.3,0.323261,0.296718
685.82,639.8,0.320381,0.294527
685.82,643.3,0.317762,0.292408
685.82,646.8,0.315128,0.289401
685.82,650.47,0.312568,0.286927
685.82,653.97,0.310328,0.285008
685.82,657.47,0.307716,0.282534
685.82,661.15,0.305141,0.280325
685.82,664.65,0.302543,0.277433
685.82,668.15,0.300079,0.27478
685.82,671.65,0.297254,0.272143
685.82,675.15,0.294909,0.269543
685.82,678.82,0.292593,0.267688
685.82,682.32,0.290439,0.265566
685.82,685.82,0.288603,0.263237
722.05,11.9,0.181398,0.148166
722.05,15.4,0.182248,0.159013
722.05,18.72,0.183175,0.159827
722.05,22.4,0.184139,0.16137
722.05,25.9,0.18499,0.162091
722.05,29.57,0.185865,0.162997
722.05,33.25,0.186425,0.162987
722.05,36.92,0.186878,0.161844
722.05,40.42,0.187029,0.16259
722.05,44.1,0.186558,0.162593
722.05,47.6,0.185985,0.162026
722.05,51.45,0.184839,0.162091
722.05,54.95,0.183184,0.159836
722.05,58.45,0.180855,0.157855
722.05,62.12,0.177701,0.155446
722.05,65.62,0.174041,0.151635
722.05,69.12,0.169737,0.14743
722.05,72.8,0.164229,0.141752
722.05,76.3,0.158049,0.135643
722.05,79.97,0.150892,0.128
722.05,83.47,0.142109,0.117864
722.05,87.15,0.132719,0.110085
722.05,90.65,0.122183,0.09954
722.05,94.15,0.110082,0.088228
722.05,97.65,0.096724,0.074864
722.05,101.15,0.080794,0.059614
722.05,104.47,0.061764,0.040732
722.05,108.32,0.042146,0.0219
722.05,111.82,0.026053,0.006891
722.05,115.5,0.017602,-0.001929
722.05,119.0,0.016309,-0.003411
722.05,122.67,0.021151,0.001638
722.05,126.17,0.031567,0.011324
722.05,129.67,0.044953,0.024211
722.05,133.35,0.060366,0.039084
722.05,136.85,0.076749,0.055156
722.05,140.35,0.093745,0.071271
722.05,143.85,0.111108,0.088117
722.05,147.52,0.127762,0.104475
722.05,151.02,0.143696,0.119546
722.05,154.7,0.158884,0.134691
722.05,158.37,0.173779,0.149213
722.05,161.87,0.187482,0.163212
722.05,165.37,0.200994,0.176678
722.05,169.05,0.213847,0.189466
722.05,172.55,0.226056,0.201509
722.05,176.05,0.237584,0.212972
722.05,179.55,0.248542,0.223736
722.05,183.05,0.257858,0.23279
722.05,186.72,0.266277,0.241173
722.05,190.22,0.273295,0.248816
722.05,193.9,0.279873,0.25515
722.05,197.4,0.285433,0.26031
722.05,200.9,0.29132,0.265988
722.05,204.4,0.296324,0.270902
722.05,207.9,0.301133,0.275609
722.05,211.4,0.305393,0.279617
722.05,215.07,0.3084,0.281274
722.05,218.75,0.31076,0.283763
722.05,222.25,0.311724,0.284876
722.05,225.75,0.312571,0.286111
722.05,229.42,0.313828,0.287202
722.05,232.92,0.314075,0.287953
722.05,236.42,0.314201,0.288089
722.05,239.92,0.31368,0.28755
722.05,243.42,0.312987,0.28702
722.05,246.92,0.311841,0.285901
722.05,250.6,0.310596,0.285332
722.05,254.1,0.308508,0.283206
722.05,257.77,0.305461,0.280643
722.05,261.27,0.300553,0.275476
722.05,264.95,0.293252,0.26856
722.05,268.45,0.282895,0.258338
722.05,271.95,0.26978,0.245433
722.05,275.62,0.252636,0.2282
722.05,279.12,0.232346,0.208462
722.05,282.8,0.208613,0.184241
722.05,286.12,0.184143,0.160973
722.05,289.8,0.159454,0.136764
722.05,293.3,0.135119,0.112704
722.05,296.8,0.111783,0.090323
722.05,300.3,0.089534,0.068157
722.05,303.97,0.067251,0.04613
722.05,307.47,0.045948,0.025233
722.05,310.97,0.027411,0.007646
722.05,314.65,0.0145,-0.00509
722.05,318.15,0.008795,-0.01066
722.05,321.65,0.011336,-0.008759
722.05,325.15,0.021426,0.001293
722.05,328.3,0.038154,0.017338
722.05,332.15,0.059817,0.038745
722.05,335.82,0.084177,0.062923
722.05,339.32,0.110658,0.088807
722.05,342.82,0.137889,0.114993
722.05,346.5,0.163095,0.139762
722.05,350.0,0.186496,0.16251
722.05,353.5,0.207565,0.183529
722.05,357.17,0.226321,0.201573
722.05,360.5,0.241715,0.216964
722.05,364.17,0.253865,0.228868
722.05,367.67,0.26393,0.238434
722.05,371.17,0.271274,0.245914
722.05,374.85,0.277476,0.251339
722.05,378.35,0.281419,0.255572
722.05,381.67,0.284592,0.258
722.05,385.35,0.286561,0.260667
722.05,389.02,0.28722,0.261259
722.05,392.52,0.286813,0.260905
722.05,395.67,0.284802,0.259207
722.05,399.52,0.281401,0.255757
722.05,403.02,0.275942,0.250831
722.05,406.7,0.267306,0.242845
722.05,410.2,0.255424,0.230917
722.05,413.7,0.237353,0.213502
722.05,417.2,0.209364,0.187279
722.05,420.87,0.175113,0.153255
722.05,424.37,0.142042,0.12117
722.05,427.87,0.115449,0.094466
722.05,431.37,0.098887,0.078185
722.05,434.87,0.092726,0.072245
722.05,438.37,0.094485,0.073468
722.05,441.87,0.100329,0.078927
722.05,445.55,0.108354,0.0869
722.05,449.05,0.114337,0.092738
722.05,452.55,0.116903,0.094842
722.05,456.22,0.112849,0.09101
722.05,459.72,0.100544,0.07942
722.05,463.22,0.08166,0.061013
722.05,466.72,0.060323,0.040258
722.05,470.22,0.038696,0.018151
722.05,473.9,0.020335,-0.000333
722.05,477.4,0.006857,-0.01355
722.05,481.07,-0.002419,-0.022881
722.05,484.4,-0.007284,-0.027123
722.05,487.72,-0.007915,-0.028337
722.05,491.57,-0.004816,-0.025401
722.05,495.25,0.001817,-0.01879
722.05,498.75,0.012199,-0.007943
722.05,502.07,0.026309,0.005837
722.05,505.75,0.043382,0.022307
722.05,509.25,0.062439,0.040834
722.05,512.75,0.081946,0.060024
722.05,516.42,0.102153,0.080298
722.05,519.92,0.122396,0.100449
722.05,523.42,0.140477,0.118031
722.05,527.1,0.156037,0.133197
722.05,530.6,0.169435,0.146539
722.05,534.27,0.181746,0.157414
722.05,537.77,0.19275,0.168714
