x,y,z,z2
0.0,3.54,0.023776,-0.001747
0.0,7.13,0.023684,0.0034
0.0,10.59,0.02332,0.003049
0.0,14.35,0.023185,0.002365
0.0,17.89,0.023289,0.002886
0.0,21.48,0.023379,0.001537
0.0,24.98,0.022812,0.001903
0.0,28.48,0.022732,0.001139
0.0,32.24,0.021647,-0.000688
0.0,35.74,0.020736,-0.000682
0.0,39.33,0.019001,-0.001966
0.0,42.83,0.017784,-0.003451
0.0,46.33,0.01556,-0.005457
0.0,49.96,0.013521,-0.00708
0.0,53.46,0.012211,-0.007816
0.0,57.05,0.011996,-0.007666
0.0,60.55,0.013721,-0.006248
0.0,64.14,0.017227,-0.003063
0.0,67.68,0.021586,0.001185
0.0,71.18,0.027658,0.007214
0.0,74.86,0.034479,0.013573
0.0,78.36,0.042008,0.020736
0.0,81.99,0.049321,0.028068
0.0,85.49,0.056737,0.034556
0.0,89.12,0.064254,0.040514
0.0,92.66,0.070963,0.04812
0.0,96.29,0.077374,0.05474
0.0,99.75,0.083031,0.060304
0.0,103.34,0.087978,0.065335
0.0,106.84,0.092695,0.069759
0.0,110.43,0.096416,0.073798
0.0,113.97,0.100991,0.078403
0.0,117.51,0.106293,0.083456
0.0,121.1,0.112784,0.090341
0.0,124.6,0.121392,0.098628
0.0,128.1,0.131124,0.10799
0.0,131.6,0.142063,0.119004
0.0,135.1,0.153104,0.12991
0.0,138.69,0.16357,0.140455
0.0,142.32,0.172556,0.1486
0.0,145.86,0.179577,0.155547
0.0,149.36,0.184025,0.160014
0.0,152.86,0.186241,0.162809
0.0,156.41,0.186444,0.162476
0.0,160.04,0.183979,0.158653
0.0,163.58,0.17966,0.155319
0.0,167.17,0.173819,0.149725
0.0,170.49,0.166746,0.14251
0.0,174.26,0.158465,0.134404
0.0,177.84,0.15035,0.126767
0.0,181.48,0.140914,0.117812
0.0,184.98,0.131718,0.108912
0.0,188.56,0.122744,0.100298
0.0,192.15,0.113539,0.091613
0.0,195.65,0.105289,0.083576
0.0,199.24,0.097063,0.075535
0.0,202.74,0.090052,0.068607
0.0,206.24,0.0834,0.062045
0.0,209.87,0.077596,0.05645
0.0,213.46,0.071786,0.050822
0.0,217.0,0.066382,0.045517
0.0,220.54,0.06194,0.04089
0.0,224.13,0.057495,0.035963
0.0,227.59,0.053653,0.031718
0.0,231.18,0.049799,0.028628
0.0,234.72,0.046709,0.025049
0.0,238.44,0.043336,0.021333
0.0,241.98,0.040532,0.019146
0.0,245.53,0.03784,0.016423
0.0,249.03,0.035421,0.014315
0.0,252.61,0.033299,0.012304
0.0,256.16,0.03096,0.009799
0.0,259.7,0.028782,0.007806
0.0,263.2,0.026398,0.006016
0.0,266.74,0.024352,0.004445
0.0,270.29,0.022297,0.001346
0.0,274.18,0.020637,0.000301
0.0,277.77,0.019201,-0.001279
0.0,281.31,0.018336,-0.002869
0.0,284.73,0.017492,-0.003793
0.0,288.36,0.016755,-0.004403
0.0,291.94,0.01601,-0.005398
0.0,295.49,0.015166,-0.006011
0.0,299.03,0.014069,-0.006991
0.0,302.53,0.012867,-0.008121
0.0,306.12,0.011429,-0.009237
0.0,309.66,0.010163,-0.010001
0.0,313.25,0.009291,-0.010608
0.0,316.71,0.007994,-0.011476
0.0,320.38,0.007436,-0.012604
0.0,323.92,0.006728,-0.01294
0.0,327.51,0.005757,-0.013787
0.0,330.97,0.00479,-0.015429
0.0,334.69,0.003807,-0.016104
0.0,338.23,0.003243,-0.017262
0.0,341.73,0.002834,-0.017401
0.0,345.23,0.003175,-0.017518
0.0,348.86,0.005375,-0.01631
0.0,352.41,0.008407,-0.012049
0.0,355.91,0.012495,-0.008383
0.0,359.49,0.018108,-0.003297
0.0,362.95,0.024174,0.00272
0.0,366.45,0.031771,0.009916
0.0,370.04,0.039269,0.017572
0.0,373.49,0.048077,0.02601
0.0,377.08,0.056974,0.035329
0.0,380.62,0.065711,0.04288
0.0,384.17,0.074522,0.052088
0.0,387.76,0.082584,0.060206
0.0,391.3,0.090119,0.067796
0.0,394.8,0.095852,0.073446
0.0,398.34,0.101003,0.078373
0.0,401.84,0.104377,0.082476
0.0,405.39,0.107005,0.084759
0.0,408.93,0.109509,0.087744
0.0,412.56,0.113027,0.091506
0.0,416.06,0.120101,0.097759
0.0,419.69,0.129965,0.106974
0.0,423.19,0.142957,0.119605
0.0,426.78,0.157997,0.133952
0.0,430.32,0.173425,0.149016
0.0,433.78,0.188111,0.163557
0.0,437.37,0.20153,0.176459
0.0,440.91,0.212374,0.186268
0.0,444.46,0.219392,0.193677
0.0,448.0,0.22328,0.197741
0.0,451.67,0.223551,0.197491
0.0,455.26,0.220267,0.195276
0.0,458.89,0.214389,0.19023
0.0,462.39,0.205723,0.181536
0.0,466.16,0.194728,0.171604
0.0,469.74,0.183416,0.160193
0.0,473.33,0.171256,0.14795
0.0,476.83,0.159029,0.136114
0.0,480.37,0.146961,0.12414
0.0,483.87,0.134836,0.112652
0.0,487.37,0.123098,0.100886
0.0,490.96,0.111771,0.089519
0.0,494.51,0.101404,0.078961
0.0,498.01,0.091952,0.06983
0.0,501.55,0.083336,0.060837
0.0,505.09,0.075424,0.05381
0.0,508.59,0.067898,0.045477
0.0,511.7,0.061,0.038949
0.0,515.94,0.054318,0.033231
0.0,519.49,0.0484,0.027763
0.0,523.07,0.042495,0.022535
0.0,526.62,0.037658,0.017294
0.0,530.16,0.033342,0.013542
0.0,533.66,0.029519,0.009285
0.0,537.25,0.026161,0.006632
0.0,540.71,0.023878,0.003989
0.0,544.34,0.022325,0.002008
0.0,547.88,0.021302,0.001198
0.0,551.47,0.020813,0.000273
0.0,555.01,0.020914,0.000461
0.0,558.56,0.021299,9.8e-05
0.0,562.1,0.022168,0.0008
0.0,565.69,0.023336,0.001968
0.0,569.23,0.024318,0.003037
0.0,572.77,0.025461,0.003899
0.0,576.32,0.026382,0.00519
0.0,579.91,0.027618,0.00589
0.0,583.36,0.028665,0.007519
0.0,586.99,0.029426,0.008844
0.0,590.54,0.030323,0.009525
0.0,594.04,0.030865,0.009972
0.0,597.54,0.031327,0.010618
0.0,601.17,0.031429,0.011093
0.0,604.8,0.031305,0.011564
0.0,608.26,0.031244,0.010702
0.0,611.89,0.030508,0.010354
0.0,615.34,0.029549,0.009565
0.0,618.89,0.028403,0.008323
0.0,622.47,0.026792,0.006099
0.0,626.06,0.025147,0.004066
0.0,629.56,0.02279,0.002036
0.0,632.49,0.02068,-0.000617
0.0,636.69,0.018656,-0.002533
0.0,640.24,0.01568,-0.004908
0.0,643.69,0.012399,-0.008423
0.0,647.06,0.008366,-0.012998
0.0,650.87,0.004053,-0.016587
0.0,654.41,0.001155,-0.019884
0.0,657.96,0.004626,-0.016433
0.0,661.72,0.010637,-0.008999
0.0,665.26,0.016943,-0.003168
0.0,668.81,0.023536,0.003
0.0,672.39,0.031496,0.010662
0.0,675.89,0.039907,0.019047
0.0,679.44,0.04946,0.028296
0.0,682.94,0.059411,0.038249
0.0,686.48,0.070036,0.04861
36.14,12.6,0.019904,-0.007752
36.14,16.19,0.020566,-0.000139
36.14,19.73,0.021028,0.001469
36.14,23.41,0.02105,0.000505
36.14,26.91,0.020763,0.00032
36.14,30.45,0.019787,9e-06
36.14,34.08,0.018989,-0.001224
36.14,37.41,0.018687,-0.002287
36.14,41.26,0.017991,-0.002336
36.14,44.71,0.017396,-0.002847
36.14,48.3,0.017593,-0.003272
36.14,51.84,0.01743,-0.003229
36.14,55.34,0.018083,-0.002946
36.14,58.93,0.019001,-0.00318
36.14,62.61,0.021549,0.000116
36.14,66.15,0.02471,0.003733
36.14,69.74,0.029325,0.008228
36.14,73.24,0.034435,0.013219
36.14,76.74,0.040098,0.018631
36.14,80.28,0.04605,0.024411
36.14,83.43,0.052676,0.032735
36.14,87.63,0.058705,0.037233
36.14,91.17,0.063597,0.042646
36.14,94.67,0.067239,0.046037
36.14,98.22,0.069395,0.047667
36.14,101.89,0.069491,0.047488
36.14,105.48,0.067892,0.045711
36.14,108.98,0.064907,0.04235
36.14,112.57,0.061607,0.039549
36.14,116.29,0.059543,0.037359
36.14,120.01,0.061355,0.039925
36.14,123.55,0.068009,0.046302
36.14,127.14,0.079284,0.057661
36.14,130.64,0.092627,0.070809
36.14,134.27,0.107088,0.084953
36.14,137.81,0.12056,0.097932
36.14,141.31,0.132035,0.109475
36.14,144.68,0.14145,0.118446
36.14,148.36,0.147685,0.124448
36.14,151.9,0.15137,0.128302
36.14,155.4,0.152042,0.129318
36.14,158.9,0.150159,0.127377
36.14,162.4,0.146025,0.123493
36.14,165.94,0.140671,0.118308
36.14,169.44,0.133699,0.111117
36.14,172.99,0.126043,0.103693
36.14,176.62,0.117624,0.094013
36.14,180.21,0.109368,0.08665
36.14,183.75,0.100748,0.078317
36.14,187.29,0.093003,0.070581
36.14,190.62,0.085437,0.06292
36.14,194.34,0.078773,0.056521
36.14,197.88,0.072498,0.050255
36.14,201.38,0.066404,0.044469
36.14,204.92,0.061546,0.039891
36.14,208.51,0.0569,0.03515
36.14,212.1,0.052439,0.031268
36.14,215.69,0.048761,0.028095
36.14,219.23,0.044925,0.024753
36.14,223.04,0.041503,0.020674
36.14,226.54,0.038795,0.018425
36.14,230.08,0.036059,0.014556
36.14,233.54,0.033869,0.012861
36.14,237.21,0.031595,0.01027
36.14,240.71,0.029549,0.008893
36.14,244.39,0.02759,0.006093
36.14,247.89,0.026158,0.004987
36.14,251.26,0.025224,0.003653
36.14,255.06,0.023819,0.003021
36.14,258.61,0.022633,0.001798
36.14,262.15,0.021259,0.000606
36.14,265.78,0.019975,0.000283
36.14,269.37,0.018862,-0.001011
36.14,272.87,0.017316,-0.003069
36.14,276.37,0.015853,-0.004083
36.14,279.87,0.014719,-0.005293
36.14,283.37,0.01369,-0.005943
36.14,287.0,0.012846,-0.006861
36.14,290.5,0.012088,-0.007589
36.14,294.09,0.011376,-0.008605
36.14,297.72,0.010917,-0.010127
36.14,301.22,0.010597,-0.009742
36.14,304.76,0.010159,-0.009942
36.14,308.48,0.010116,-0.011883
36.14,312.07,0.00995,-0.010605
36.14,315.66,0.00974,-0.010595
36.14,319.2,0.009762,-0.011329
36.14,322.74,0.009109,-0.011054
36.14,326.24,0.008838,-0.011442
36.14,329.87,0.00841,-0.011581
36.14,333.42,0.008083,-0.011258
36.14,336.96,0.008046,-0.011504
36.14,340.42,0.008139,-0.012188
36.14,343.96,0.008782,-0.01107
36.14,347.55,0.009611,-0.01009
36.14,351.09,0.01157,-0.008205
36.14,354.64,0.014907,-0.005367
36.14,358.14,0.018838,-0.001153
36.14,361.72,0.024476,0.003712
36.14,365.27,0.030991,0.010218
36.14,368.86,0.03804,0.016395
36.14,372.22,0.046028,0.023326
36.14,375.94,0.053668,0.031869
36.14,379.44,0.062106,0.039593
36.14,383.03,0.069482,0.04698
36.14,386.31,0.076657,0.054235
36.14,390.03,0.082168,0.059127
36.14,393.62,0.086173,0.063634
36.14,397.07,0.088785,0.06629
36.14,400.66,0.089694,0.067005
36.14,404.16,0.090261,0.067291
36.14,407.71,0.090181,0.067914
36.14,411.21,0.092649,0.070079
36.14,414.84,0.097987,0.075464
36.14,418.38,0.107957,0.085434
36.14,421.97,0.120966,0.098305
36.14,425.47,0.135828,0.112707
36.14,429.06,0.15137,0.128181
36.14,432.12,0.165735,0.142285
36.14,436.1,0.177997,0.154583
36.14,439.64,0.187947,0.163868
36.14,443.19,0.194799,0.170963
36.14,446.77,0.198215,0.173366
36.14,450.36,0.197849,0.173314
36.14,453.95,0.193958,0.169213
36.14,457.54,0.187217,0.162436
36.14,461.08,0.178844,0.15462
36.14,464.67,0.168887,0.144703
36.14,468.21,0.157473,0.133662
36.14,471.71,0.145172,0.121965
36.14,475.26,0.13328,0.109987
36.14,478.84,0.121087,0.098502
36.14,482.39,0.109269,0.086669
36.14,485.93,0.097451,0.075578
36.14,489.56,0.086826,0.066164
36.14,493.15,0.077304,0.056712
36.14,496.69,0.068554,0.047815
36.14,500.15,0.060514,0.040024
36.14,503.65,0.052954,0.032627
36.14,507.37,0.046231,0.025215
36.14,510.96,0.039956,0.019121
36.14,514.5,0.034516,0.013628
36.14,518.0,0.029836,0.009075
36.14,521.59,0.025486,0.004565
36.14,525.04,0.022039,0.001506
36.14,528.63,0.020101,-0.001113
36.14,532.17,0.019577,-0.00123
36.14,535.67,0.020304,-0.000851
36.14,539.22,0.022036,0.000736
36.14,542.81,0.024614,0.003206
36.14,546.31,0.027146,0.005397
36.14,549.85,0.029639,0.008246
36.14,553.22,0.032042,0.010979
36.14,556.94,0.034417,0.013357
36.14,560.48,0.03604,0.014975
36.14,564.02,0.038009,0.017257
36.14,567.31,0.03987,0.018829
36.14,571.11,0.041472,0.020603
36.14,574.61,0.043151,0.022297
36.14,578.11,0.044824,0.023511
36.14,581.66,0.045902,0.025572
36.14,585.2,0.046946,0.026373
36.14,588.7,0.048172,0.027017
36.14,592.33,0.048591,0.028182
36.14,595.83,0.048616,0.028182
36.14,599.42,0.048918,0.028222
36.14,602.96,0.048979,0.027988
36.14,606.42,0.048573,0.027991
36.14,610.05,0.048302,0.026506
36.14,613.46,0.047843,0.02495
36.14,617.27,0.047159,0.025209
36.14,620.81,0.04645,0.024787
36.14,624.31,0.045772,0.023856
36.14,627.86,0.044756,0.023182
36.14,631.44,0.043625,0.022153
36.14,635.03,0.042165,0.021182
36.14,638.53,0.040535,0.019251
36.14,642.12,0.038425,0.017864
36.14,645.71,0.035933,0.015397
36.14,649.21,0.033887,0.013742
36.14,652.79,0.030988,0.011244
36.14,656.34,0.028049,0.007889
36.14,660.01,0.024285,0.00406
36.14,663.56,0.02076,-8.7e-05
36.14,667.1,0.018018,-0.002222
36.14,670.6,0.016426,-0.003359
36.14,674.19,0.018012,-0.004175
36.14,677.82,0.021583,0.000643
36.14,681.41,0.02808,0.00629
36.14,684.91,0.035526,0.013847
36.14,688.45,0.044365,0.022572
72.19,12.16,0.012849,-0.010999
72.19,15.71,0.01206,-0.00818
72.19,19.12,0.010665,-0.009502
72.19,22.71,0.00938,-0.010358
72.19,26.25,0.008363,-0.01152
72.19,29.75,0.007393,-0.012422
72.19,33.34,0.006481,-0.013571
72.19,36.84,0.005498,-0.014887
72.19,40.29,0.004944,-0.016603
72.19,44.01,0.005504,-0.015004
72.19,47.51,0.007147,-0.013728
72.19,51.36,0.009898,-0.010759
72.19,54.95,0.013376,-0.007761
72.19,58.45,0.017199,-0.002755
72.19,62.17,0.021835,0.002122
72.19,65.62,0.027153,0.006755
72.19,69.21,0.033342,0.013043
72.19,72.84,0.040129,0.017402
72.19,76.52,0.047048,0.025538
72.19,80.06,0.053902,0.031068
72.19,83.82,0.059691,0.037716
72.19,87.46,0.06474,0.043068
72.19,91.0,0.067923,0.046191
72.19,94.41,0.069124,0.047775
72.19,98.13,0.067947,0.047026
72.19,101.67,0.064512,0.043277
72.19,105.22,0.05779,0.037146
72.19,108.81,0.049164,0.029285
72.19,112.35,0.03974,0.0197
72.19,115.81,0.033641,0.013317
72.19,119.35,0.034759,0.014435
72.19,122.94,0.045092,0.024275
72.19,126.52,0.060089,0.037815
72.19,130.07,0.075307,0.052907
72.19,133.66,0.089934,0.066897
72.19,137.24,0.103249,0.079623
72.19,140.7,0.114096,0.090846
72.19,144.29,0.122116,0.098739
72.19,147.79,0.127149,0.103225
72.19,151.42,0.129454,0.106062
72.19,155.14,0.129149,0.107307
72.19,158.81,0.126432,0.104324
72.19,162.31,0.122008,0.099731
72.19,165.86,0.115634,0.093887
72.19,169.62,0.108295,0.085871
72.19,173.12,0.100597,0.078838
72.19,176.62,0.093055,0.071364
72.19,180.25,0.085055,0.062923
72.19,183.71,0.077177,0.053554
72.19,187.29,0.070169,0.049075
72.19,190.84,0.063924,0.042193
72.19,194.34,0.057448,0.035702
72.19,198.19,0.051703,0.030236
72.19,201.69,0.047353,0.025991
72.19,205.32,0.043,0.02255
72.19,208.82,0.039158,0.018462
72.19,212.36,0.03556,0.015554
72.19,215.29,0.033018,0.012445
72.19,219.54,0.029858,0.009793
72.19,223.04,0.027562,0.007553
72.19,226.58,0.02507,0.004978
72.19,230.12,0.022646,0.002763
72.19,233.76,0.020625,0.000381
72.19,237.21,0.01885,-0.001667
72.19,240.76,0.017405,-0.002749
72.19,243.73,0.015705,-0.004634
72.19,247.84,0.014291,-0.00635
72.19,251.34,0.012695,-0.008507
72.19,254.89,0.011644,-0.009536
72.19,258.43,0.01027,-0.011255
72.19,262.06,0.009494,-0.011125
72.19,265.65,0.008634,-0.012
72.19,269.19,0.007978,-0.012675
72.19,272.74,0.007581,-0.013109
72.19,276.11,0.006777,-0.012998
72.19,279.91,0.005997,-0.013959
72.19,283.5,0.00544,-0.014123
72.19,287.04,0.004611,-0.014773
72.19,290.54,0.00369,-0.015719
72.19,294.13,0.00288,-0.016852
72.19,297.67,0.002399,-0.017573
72.19,301.17,0.001346,-0.018691
72.19,303.84,5e-06,-0.020318
72.19,308.39,-0.000645,-0.02102
72.19,311.89,0.000347,-0.020287
72.19,315.48,0.001312,-0.019582
72.19,318.72,0.00227,-0.018685
72.19,322.57,0.003169,-0.018319
72.19,326.11,0.004075,-0.016692
72.19,329.61,0.005394,-0.015247
72.19,333.11,0.006891,-0.014335
72.19,336.7,0.008927,-0.012404
72.19,340.2,0.011315,-0.009542
72.19,343.79,0.01385,-0.006831
72.19,347.29,0.017057,-0.004181
72.19,350.83,0.02007,-0.000685
72.19,354.37,0.024291,0.004244
72.19,358.01,0.029066,0.00784
72.19,361.46,0.034288,0.013422
72.19,365.01,0.039824,0.019522
72.19,368.59,0.046401,0.026114
72.19,372.14,0.05271,0.031694
72.19,375.64,0.059583,0.038659
72.19,379.18,0.066308,0.043992
72.19,382.99,0.07222,0.050341
72.19,386.49,0.078225,0.055446
72.19,390.03,0.081561,0.059026
72.19,393.31,0.083792,0.060283
72.19,397.34,0.083018,0.060769
72.19,400.92,0.080249,0.058215
72.19,404.42,0.07544,0.053736
72.19,407.92,0.070939,0.049494
72.19,411.51,0.068782,0.047036
72.19,415.06,0.071447,0.049885
72.19,418.6,0.079503,0.057926
72.19,422.06,0.092414,0.070572
72.19,425.6,0.108308,0.086154
72.19,429.19,0.12409,0.101663
72.19,432.69,0.138302,0.115218
72.19,436.23,0.149281,0.12609
72.19,439.77,0.157085,0.133776
72.19,443.32,0.161518,0.138067
72.19,446.73,0.161903,0.139272
72.19,450.36,0.159007,0.136114
72.19,453.95,0.153425,0.130008
72.19,457.49,0.144885,0.122094
72.19,461.04,0.134605,0.111271
72.19,464.58,0.123557,0.100631
72.19,468.3,0.11035,0.085939
72.19,471.89,0.097485,0.075215
72.19,475.47,0.085076,0.063061
72.19,478.97,0.073406,0.051552
72.19,482.56,0.061422,0.041586
72.19,486.24,0.050729,0.030535
72.19,489.78,0.041527,0.020957
72.19,493.28,0.03284,0.012837
72.19,496.82,0.024626,0.004482
72.19,500.41,0.018958,-0.001131
72.19,503.96,0.015332,-0.004967
72.19,507.46,0.01434,-0.005494
72.19,511.0,0.016638,-0.003691
72.19,514.54,0.019879,-0.00033
72.19,518.13,0.024722,0.003678
72.19,521.63,0.029075,0.007898
72.19,525.13,0.033638,0.012935
72.19,528.67,0.037513,0.01662
72.19,532.26,0.041703,0.020018
72.19,535.76,0.04535,0.023921
72.19,539.31,0.048724,0.027224
72.19,542.76,0.051342,0.029389
72.19,546.35,0.054429,0.032415
72.19,549.81,0.057433,0.035329
72.19,553.48,0.060276,0.037981
72.19,556.81,0.06291,0.041139
72.19,560.52,0.065175,0.042833
72.19,564.07,0.067236,0.044968
72.19,567.57,0.069232,0.047402
72.19,571.37,0.071401,0.051429
72.19,575.01,0.073021,0.051882
72.19,578.51,0.074904,0.053613
72.19,582.05,0.076509,0.055409
72.19,585.77,0.078305,0.053801
72.19,589.36,0.079925,0.058385
72.19,592.9,0.081053,0.058514
72.19,596.44,0.082396,0.059978
72.19,599.9,0.084081,0.061456
72.19,603.49,0.085437,0.062639
72.19,607.03,0.086734,0.064186
72.19,610.53,0.087796,0.065326
72.19,614.07,0.088958,0.066296
72.19,617.79,0.089648,0.068413
72.19,621.42,0.089848,0.068493
72.19,624.97,0.090313,0.069211
72.19,628.51,0.09088,0.069201
72.19,632.19,0.090575,0.068807
72.19,635.73,0.090184,0.068715
72.19,639.23,0.089787,0.068197
72.19,642.82,0.089201,0.066764
72.19,646.32,0.088696,0.064728
72.19,650.04,0.08719,0.065092
72.19,653.54,0.085905,0.062991
72.19,657.08,0.084174,0.061823
72.19,661.15,0.082008,0.061878
72.19,664.91,0.080224,0.058533
72.19,668.46,0.078983,0.057227
72.19,672.0,0.077381,0.055631
72.19,675.15,0.07604,0.052208
72.19,679.26,0.074848,0.052572
72.19,682.81,0.074445,0.05239
72.19,686.35,0.074395,0.052079
108.41,12.21,0.019907,-0.004955
108.41,15.71,0.02544,0.004854
108.41,19.34,0.031361,0.008952
108.41,22.75,0.036567,0.015058
108.41,26.47,0.041136,0.019608
108.41,29.92,0.045098,0.023342
108.41,33.56,0.047849,0.026148
108.41,37.1,0.050113,0.027679
108.41,40.64,0.050529,0.029087
108.41,44.14,0.051355,0.029808
108.41,47.69,0.051734,0.030052
108.41,51.23,0.052005,0.030732
108.41,54.77,0.052066,0.030991
108.41,58.27,0.053068,0.031687
108.41,61.77,0.054688,0.033379
108.41,65.32,0.057245,0.035723
108.41,69.21,0.061401,0.040794
108.41,72.93,0.065609,0.043431
108.41,76.43,0.070689,0.048262
108.41,79.97,0.075563,0.053114
108.41,83.47,0.079882,0.057904
108.41,87.02,0.082935,0.060415
108.41,90.65,0.084888,0.062267
108.41,94.15,0.084408,0.061897
108.41,97.61,0.081268,0.058647
108.41,101.24,0.075335,0.053406
108.41,104.74,0.066681,0.04487
108.41,108.32,0.055914,0.03475
108.41,111.91,0.044229,0.023548
108.41,115.37,0.034041,0.013015
108.41,118.96,0.030045,0.009395
108.41,122.5,0.035643,0.014722
108.41,126.04,0.047756,0.027134
108.41,129.59,0.060418,0.039214
108.41,133.09,0.071795,0.050184
108.41,136.67,0.080609,0.059291
108.41,140.17,0.087291,0.065434
108.41,143.72,0.090945,0.069075
108.41,147.22,0.091345,0.069796
108.41,150.72,0.088899,0.067787
108.41,154.22,0.084614,0.063631
108.41,157.85,0.078755,0.056724
108.41,161.39,0.071481,0.050634
108.41,164.94,0.063973,0.042646
108.41,168.48,0.055625,0.03474
108.41,172.07,0.048021,0.025409
108.41,175.66,0.041358,0.019707
108.41,179.24,0.035089,0.013933
108.41,182.83,0.031555,0.010264
108.41,186.37,0.029744,0.008853
108.41,189.87,0.029811,0.008647
108.41,193.37,0.031382,0.010529
108.41,196.96,0.034355,0.013123
108.41,200.55,0.037464,0.016453
108.41,204.14,0.040874,0.020668
108.41,207.68,0.044586,0.023628
108.41,211.22,0.047402,0.027322
108.41,214.68,0.05031,0.029654
108.41,218.27,0.053172,0.032353
108.41,221.77,0.056204,0.035045
108.41,225.31,0.058508,0.037849
108.41,228.81,0.060908,0.039993
108.41,232.31,0.063366,0.042057
108.41,235.9,0.065116,0.043561
108.41,239.44,0.066903,0.045461
108.41,243.34,0.068656,0.043961
108.41,247.58,0.070594,0.049771
108.41,251.21,0.072023,0.050597
108.41,254.8,0.074029,0.051299
108.41,258.3,0.075255,0.053166
108.41,261.93,0.076496,0.05348
108.41,265.52,0.077593,0.055178
108.41,269.11,0.078622,0.05654
108.41,272.65,0.079993,0.057451
108.41,277.07,0.080581,0.05791
108.41,280.57,0.081558,0.058696
108.41,284.11,0.082732,0.060005
108.41,287.7,0.083745,0.061117
108.41,291.86,0.084965,0.065175
108.41,295.31,0.086108,0.064796
108.41,298.86,0.086906,0.065369
108.41,302.44,0.087713,0.065917
108.41,306.29,0.088865,0.064814
108.41,309.88,0.089925,0.06682
108.41,313.47,0.090973,0.068625
108.41,317.06,0.092011,0.070132
108.41,320.6,0.093459,0.07165
108.41,324.14,0.095088,0.072824
108.41,327.69,0.095859,0.074482
108.41,331.19,0.097689,0.076108
108.41,334.77,0.099666,0.078172
108.41,338.45,0.102057,0.07975
108.41,341.99,0.104568,0.082279
108.41,345.54,0.107171,0.08495
108.41,349.12,0.11023,0.087661
108.41,353.06,0.113677,0.088955
108.41,356.61,0.117248,0.094457
108.41,360.19,0.121333,0.098816
108.41,364.0,0.126,0.104482
108.41,367.72,0.130551,0.107233
108.41,371.31,0.134984,0.111583
108.41,374.76,0.139158,0.116077
108.41,378.35,0.142676,0.119401
108.41,381.59,0.145705,0.121952
108.41,385.39,0.147843,0.123785
108.41,388.98,0.148055,0.123847
108.41,392.44,0.145966,0.122319
108.41,395.94,0.141869,0.118252
108.41,399.61,0.134796,0.111275
108.41,403.11,0.125584,0.102639
108.41,406.61,0.113847,0.09108
108.41,410.2,0.101059,0.078936
108.41,413.7,0.088582,0.066503
108.41,417.24,0.077464,0.055985
108.41,420.83,0.068468,0.047344
108.41,424.29,0.063336,0.04165
108.41,427.48,0.060316,0.040089
108.41,431.51,0.059115,0.03832
108.41,435.09,0.057827,0.037005
108.41,438.64,0.055427,0.0345
108.41,442.09,0.05145,0.02966
108.41,445.86,0.046897,0.026139
108.41,449.44,0.041484,0.020249
108.41,452.99,0.037874,0.01605
108.41,456.53,0.037981,0.01678
108.41,459.77,0.043151,0.021401
108.41,463.62,0.052485,0.030082
108.41,467.12,0.064254,0.041931
108.41,470.62,0.076783,0.053979
108.41,474.29,0.089549,0.06674
108.41,477.84,0.102026,0.079124
108.41,481.42,0.114167,0.091398
108.41,484.88,0.125384,0.102122
108.41,488.38,0.135819,0.113345
108.41,492.1,0.144888,0.12202
108.41,495.6,0.154001,0.131016
108.41,499.14,0.162066,0.138788
108.41,502.77,0.170554,0.145674
108.41,506.36,0.176955,0.154371
108.41,509.91,0.184066,0.159956
108.41,513.45,0.189743,0.165498
108.41,517.47,0.196589,0.170976
108.41,521.02,0.201958,0.176783
108.41,524.56,0.206767,0.181986
108.41,528.06,0.212192,0.187621
108.41,532.09,0.217956,0.191995
108.41,535.67,0.222614,0.197445
108.41,539.22,0.227852,0.20267
108.41,542.67,0.232815,0.207507
108.41,546.22,0.237023,0.211296
108.41,549.89,0.241398,0.21491
108.41,553.39,0.24543,0.21946
108.41,556.94,0.248757,0.222929
108.41,560.48,0.25125,0.225322
108.41,563.98,0.253921,0.228338
108.41,567.48,0.256413,0.23055
108.41,571.24,0.259096,0.234035
108.41,574.74,0.261197,0.236225
108.41,578.29,0.263613,0.238465
108.41,581.83,0.265436,0.240276
108.41,585.33,0.267796,0.242784
108.41,588.96,0.270433,0.245452
108.41,592.46,0.273351,0.247633
108.41,596.09,0.276265,0.250544
108.41,599.55,0.279013,0.253511
108.41,603.09,0.281684,0.255991
108.41,606.68,0.284645,0.258363
108.41,610.09,0.287245,0.261539
108.41,613.64,0.289663,0.263764
108.41,617.22,0.29202,0.265646
108.41,620.68,0.29437,0.267892
108.41,624.27,0.296163,0.268514
108.41,627.81,0.297728,0.270975
108.41,631.36,0.298643,0.272004
108.41,634.86,0.299977,0.27324
108.41,638.4,0.300288,0.273117
108.41,641.99,0.300316,0.27304
108.41,645.62,0.299993,0.27304
108.41,649.12,0.299167,0.272328
108.41,653.01,0.297624,0.272953
108.41,656.56,0.296481,0.270578
108.41,660.1,0.295285,0.269592
108.41,663.6,0.29417,0.268382
108.41,667.27,0.292731,0.265523
108.41,670.86,0.291579,0.264626
108.41,674.41,0.289891,0.263154
108.41,677.91,0.288261,0.261937
108.41,681.49,0.286154,0.259561
108.41,685.17,0.283588,0.256287
108.41,688.71,0.280615,0.253998
144.51,12.21,0.127424,0.096422
144.51,15.53,0.142935,0.117424
144.51,19.64,0.157698,0.133172
144.51,23.19,0.169623,0.145332
144.51,26.77,0.179629,0.155674
144.51,30.32,0.18743,0.16348
144.51,33.86,0.193529,0.169026
144.51,37.36,0.197501,0.173434
144.51,41.17,0.199885,0.175902
144.51,44.76,0.200806,0.175024
144.51,48.3,0.200852,0.17755
144.51,51.97,0.20011,0.173955
144.51,55.52,0.198499,0.173292
144.51,59.06,0.197165,0.171903
144.51,62.61,0.195356,0.170513
144.51,66.19,0.193548,0.168483
144.51,69.69,0.191983,0.167239
144.51,73.28,0.190369,0.166318
144.51,76.78,0.189294,0.164817
144.51,80.28,0.187661,0.163412
144.51,83.87,0.186271,0.162547
144.51,87.46,0.183754,0.160221
144.51,90.65,0.179848,0.157451
144.51,94.5,0.176102,0.152729
144.51,98.04,0.170871,0.14783
144.51,101.54,0.163949,0.141351
144.51,105.26,0.155803,0.132953
144.51,108.76,0.146777,0.123982
144.51,112.31,0.137088,0.114509
144.51,115.89,0.127023,0.104161
144.51,119.39,0.117719,0.095304
144.51,122.94,0.109713,0.087405
144.51,126.44,0.103163,0.081484
144.51,129.98,0.098736,0.076771
144.51,133.52,0.096053,0.07344
144.51,137.07,0.095514,0.072633
144.51,140.7,0.09735,0.074506
144.51,144.2,0.100649,0.077766
144.51,147.7,0.105652,0.082615
144.51,151.24,0.111623,0.088545
144.51,154.87,0.118986,0.095794
144.51,158.37,0.126395,0.103305
144.51,161.87,0.133982,0.110501
144.51,165.37,0.141311,0.11771
144.51,168.96,0.148172,0.124685
144.51,172.51,0.154981,0.13182
144.51,176.05,0.160741,0.137116
144.51,179.59,0.166046,0.143329
144.51,183.14,0.170815,0.147513
144.51,186.64,0.174549,0.151003
144.51,190.18,0.177725,0.154485
144.51,194.07,0.181009,0.15474
144.51,197.62,0.183107,0.158782
144.51,201.12,0.185239,0.16044
144.51,204.71,0.186823,0.162048
144.51,208.86,0.187494,0.164549
144.51,212.41,0.188141,0.164679
144.51,215.95,0.18881,0.165319
144.51,219.49,0.188967,0.165307
144.51,223.12,0.189294,0.164056
144.51,226.71,0.1893,0.165489
144.51,230.26,0.189025,0.164639
144.51,233.8,0.188308,0.163576
144.51,237.56,0.187454,0.162285
144.51,241.15,0.186958,0.162578
144.51,244.78,0.185895,0.1623
144.51,248.28,0.185141,0.16149
144.51,251.78,0.184164,0.160942
144.51,255.37,0.183779,0.160091
144.51,258.91,0.183061,0.159574
144.51,262.46,0.18231,0.158708
144.51,265.87,0.181127,0.157645
144.51,269.41,0.179682,0.156388
144.51,272.96,0.178089,0.154916
144.51,276.54,0.17637,0.153188
144.51,280.17,0.174364,0.150239
144.51,283.76,0.172451,0.148644
144.51,287.26,0.170754,0.147149
144.51,290.81,0.168976,0.145196
144.51,294.35,0.166992,0.142997
144.51,297.94,0.164996,0.140615
144.51,301.44,0.163206,0.139106
144.51,304.98,0.161453,0.137602
144.51,308.52,0.159543,0.135483
144.51,312.07,0.157571,0.13336
144.51,315.61,0.155375,0.131447
144.51,319.16,0.152775,0.12869
144.51,322.7,0.149497,0.126287
144.51,326.42,0.146108,0.124401
144.51,329.96,0.142658,0.1197
144.51,333.51,0.138908,0.116546
144.51,337.05,0.134913,0.112806
144.51,341.07,0.130329,0.104137
144.51,344.66,0.126549,0.103342
144.51,348.16,0.122873,0.099783
144.51,351.79,0.119093,0.096216
144.51,355.29,0.115122,0.092978
144.51,358.88,0.11178,0.088828
144.51,362.47,0.10901,0.086894
144.51,366.01,0.106173,0.084189
144.51,369.56,0.103659,0.081358
144.51,373.1,0.101157,0.079928
144.51,376.64,0.099177,0.07787
144.51,380.14,0.097405,0.075735
144.51,383.73,0.095295,0.073825
144.51,387.27,0.093191,0.072109
144.51,390.77,0.090286,0.068887
144.51,394.32,0.086194,0.064753
144.51,397.86,0.080655,0.059328
144.51,401.62,0.073644,0.049577
144.51,405.21,0.065677,0.043373
144.51,408.76,0.058003,0.036262
144.51,412.3,0.050184,0.029174
144.51,416.54,0.044269,0.02397
144.51,420.13,0.041922,0.020997
144.51,423.63,0.042285,0.02089
144.51,427.17,0.043893,0.022784
144.51,431.07,0.045896,0.023859
144.51,434.66,0.04706,0.025902
144.51,438.2,0.047883,0.027097
144.51,441.74,0.047507,0.026407
144.51,445.55,0.045976,0.025757
144.51,449.09,0.044297,0.024263
144.51,452.59,0.04218,0.021558
144.51,456.14,0.04032,0.019959
144.51,459.64,0.039414,0.017498
144.51,463.22,0.039303,0.018773
144.51,466.86,0.040541,0.018342
144.51,470.36,0.042824,0.020914
144.51,473.94,0.046284,0.024232
144.51,477.44,0.050135,0.028594
144.51,480.99,0.054318,0.03222
144.51,484.53,0.059429,0.037217
144.51,488.07,0.064599,0.042544
144.51,491.62,0.069962,0.047427
144.51,495.16,0.075107,0.053105
144.51,498.66,0.080424,0.058089
144.51,502.25,0.085739,0.063973
144.51,505.71,0.091706,0.069568
144.51,509.38,0.097328,0.07588
144.51,512.92,0.103413,0.081737
144.51,516.47,0.109608,0.087954
144.51,520.06,0.1156,0.093761
144.51,523.69,0.121395,0.098733
144.51,527.19,0.126712,0.104497
144.51,530.77,0.132806,0.109056
144.51,534.84,0.139152,0.11401
144.51,538.34,0.143949,0.119981
144.51,541.84,0.148893,0.125782
144.51,545.34,0.153647,0.129891
144.51,548.89,0.157584,0.134229
144.51,552.43,0.162091,0.13873
144.51,556.02,0.16629,0.142966
144.51,559.56,0.170406,0.147384
144.51,563.15,0.174392,0.151573
144.51,566.69,0.178757,0.155433
144.51,570.24,0.183289,0.159725
144.51,573.87,0.187522,0.163831
144.51,577.32,0.191881,0.167799
144.51,580.87,0.196468,0.17235
144.51,584.37,0.200661,0.176687
144.51,587.96,0.204675,0.179743
144.51,591.54,0.208474,0.183462
144.51,595.39,0.212494,0.185634
144.51,598.94,0.215714,0.190458
144.51,602.44,0.218767,0.1936
144.51,605.94,0.221783,0.196656
144.51,610.05,0.225406,0.200452
144.51,613.68,0.2286,0.203221
144.51,617.18,0.231472,0.205455
144.51,620.68,0.234253,0.209022
144.51,624.27,0.236866,0.210624
144.51,627.86,0.239808,0.213526
144.51,631.49,0.242423,0.216564
144.51,634.99,0.245171,0.219426
144.51,638.53,0.247812,0.222383
144.51,642.07,0.249977,0.224558
144.51,645.62,0.252266,0.226718
144.51,649.16,0.254364,0.229013
144.51,652.71,0.256108,0.230612
144.51,656.21,0.257476,0.231838
144.51,659.75,0.258009,0.232956
144.51,663.29,0.258338,0.233301
144.51,666.84,0.258138,0.233603
144.51,669.86,0.25775,0.232593
144.51,673.92,0.256607,0.231706
144.51,677.51,0.254774,0.229414
144.51,681.1,0.252171,0.22686
144.51,684.77,0.249361,0.223089
144.51,688.32,0.24552,0.22015
180.6,12.21,0.167242,0.134318
180.6,15.79,0.165991,0.142987
180.6,19.38,0.17169,0.148351
180.6,22.97,0.183188,0.159099
180.6,26.51,0.198363,0.174294
180.6,29.79,0.214645,0.189851
180.6,33.56,0.229509,0.204531
180.6,37.1,0.241967,0.216622
180.6,40.42,0.251468,0.225754
180.6,44.19,0.258961,0.232577
180.6,47.69,0.263693,0.237685
180.6,51.32,0.265877,0.239358
180.6,54.77,0.266456,0.240221
180.6,58.32,0.264937,0.238468
180.6,61.64,0.262374,0.235732
180.6,65.49,0.257691,0.231946
180.6,69.12,0.252559,0.226983
180.6,72.58,0.246675,0.221188
180.6,76.12,0.239256,0.214478
180.6,79.8,0.231715,0.207624
180.6,83.34,0.22438,0.200375
180.6,86.89,0.218178,0.194099
180.6,90.39,0.212565,0.188591
180.6,94.02,0.208385,0.184518
180.6,97.47,0.206151,0.182427
180.6,101.06,0.206154,0.182306
180.6,104.65,0.208502,0.18422
180.6,108.19,0.213157,0.188456
180.6,111.69,0.219466,0.194192
180.6,115.32,0.227852,0.202485
180.6,118.87,0.23698,0.210803
180.6,122.37,0.247115,0.220868
180.6,126.04,0.256783,0.230094
180.6,129.63,0.265769,0.239571
180.6,133.26,0.274438,0.248249
180.6,136.59,0.281314,0.255501
180.6,140.39,0.287473,0.261687
180.6,143.94,0.292636,0.266755
180.6,147.48,0.296739,0.270821
180.6,151.11,0.300184,0.274318
180.6,154.61,0.30307,0.277177
180.6,158.02,0.305258,0.279484
180.6,161.66,0.307414,0.281114
180.6,165.11,0.309041,0.282815
180.6,168.7,0.310858,0.284694
180.6,172.29,0.311878,0.285181
180.6,175.79,0.313329,0.286921
180.6,179.42,0.314429,0.286989
180.6,182.87,0.31576,0.288859
180.6,186.51,0.317051,0.28966
180.6,190.09,0.318458,0.290541
180.6,193.55,0.319672,0.292559
180.6,197.05,0.32128,0.293723
180.6,200.64,0.322842,0.295214
180.6,204.14,0.324099,0.296515
180.6,207.72,0.325458,0.298018
180.6,210.83,0.326508,0.299398
180.6,214.72,0.327352,0.299817
180.6,218.27,0.32836,0.300726
180.6,221.81,0.329269,0.301934
180.6,225.18,0.32994,0.303157
180.6,228.94,0.330378,0.303649
180.6,232.44,0.330877,0.304333
180.6,235.99,0.331493,0.304808
180.6,239.57,0.332118,0.305519
180.6,243.07,0.332624,0.306228
180.6,246.62,0.33255,0.306317
180.6,250.16,0.332562,0.306163
180.6,253.71,0.332571,0.305923
180.6,257.16,0.332707,0.306308
180.6,260.71,0.332356,0.305643
180.6,264.21,0.331967,0.305301
180.6,267.75,0.331551,0.305125
180.6,271.21,0.33125,0.304746
180.6,274.84,0.330732,0.303868
180.6,278.34,0.330362,0.303261
180.6,281.88,0.33043,0.30368
180.6,285.82,0.329765,0.299703
180.6,289.45,0.329192,0.301798
180.6,292.95,0.327993,0.301068
180.6,296.49,0.326588,0.3001
180.6,300.43,0.325695,0.29962
180.6,303.93,0.324537,0.297735
180.6,307.47,0.323523,0.296699
180.6,311.02,0.322285,0.295593
180.6,314.96,0.320957,0.291277
180.6,318.5,0.319281,0.291853
180.6,322.0,0.317371,0.290181
180.6,325.54,0.315344,0.288024
180.6,329.48,0.312374,0.287032
180.6,333.02,0.309882,0.28381
180.6,336.48,0.306373,0.2806
180.6,339.98,0.302611,0.276638
180.6,344.22,0.296958,0.268246
180.6,347.81,0.292356,0.266468
180.6,351.4,0.286123,0.260766
180.6,355.07,0.279337,0.254386
180.6,358.71,0.271619,0.246068
180.6,362.21,0.26324,0.238132
180.6,365.75,0.252772,0.227861
180.6,369.29,0.242165,0.217658
180.6,372.92,0.22991,0.204679
180.6,376.42,0.217784,0.193338
180.6,379.97,0.204802,0.18011
180.6,383.47,0.192941,0.168465
180.6,387.1,0.182661,0.158111
180.6,390.6,0.174605,0.150415
180.6,394.14,0.169232,0.145372
180.6,397.69,0.167319,0.143172
180.6,401.23,0.16832,0.143989
180.6,404.73,0.172205,0.147568
180.6,408.32,0.179019,0.154648
180.6,411.86,0.188594,0.164626
180.6,415.45,0.20108,0.17616
180.6,419.04,0.21364,0.18958
180.6,422.54,0.226832,0.20251
180.6,426.12,0.239247,0.214198
180.6,429.62,0.250175,0.22491
180.6,434.48,0.262121,0.234833
180.6,437.94,0.268003,0.242664
180.6,441.48,0.272168,0.246826
180.6,445.02,0.274472,0.248258
180.6,448.61,0.274605,0.24869
180.6,452.16,0.27352,0.247183
180.6,455.7,0.271148,0.245125
180.6,459.24,0.267808,0.241776
180.6,462.79,0.264047,0.237833
180.6,466.29,0.259996,0.23401
180.6,469.92,0.255449,0.229374
180.6,473.46,0.251228,0.22527
180.6,476.87,0.247294,0.221604
180.6,480.51,0.243462,0.217679
180.6,484.01,0.239586,0.213939
180.6,487.55,0.235855,0.210433
180.6,491.14,0.23259,0.208166
180.6,494.64,0.228998,0.204081
180.6,498.18,0.225735,0.201049
180.6,501.77,0.222328,0.198117
180.6,505.92,0.218844,0.191065
180.6,509.56,0.215917,0.19044
180.6,513.06,0.212966,0.188323
180.6,516.6,0.210248,0.18511
180.6,520.32,0.207334,0.184192
180.6,523.95,0.204531,0.180587
180.6,527.41,0.201838,0.178308
180.6,530.99,0.199411,0.175575
180.6,534.54,0.196653,0.17295
180.6,538.12,0.194013,0.17027
180.6,541.62,0.191167,0.168089
180.6,545.12,0.188662,0.165304
180.6,548.71,0.186958,0.163148
180.6,552.26,0.184438,0.161111
180.6,555.8,0.182417,0.159152
180.6,559.34,0.180224,0.156351
180.6,562.84,0.178061,0.154374
180.6,566.43,0.175745,0.151299
180.6,570.02,0.173628,0.149457
180.6,573.61,0.171887,0.146669
180.6,577.19,0.169987,0.145766
180.6,581.35,0.167719,0.145828
180.6,584.94,0.165868,0.142377
180.6,588.44,0.163955,0.140387
180.6,591.98,0.161801,0.138305
180.6,595.61,0.159626,0.135347
180.6,599.2,0.15763,0.133631
180.6,602.83,0.156151,0.132063
180.6,606.42,0.154506,0.130809
180.6,609.7,0.152827,0.128992
180.6,613.46,0.151197,0.127393
180.6,616.96,0.149448,0.125942
180.6,620.46,0.147753,0.124386
180.6,624.01,0.145988,0.123027
180.6,627.59,0.144334,0.121256
180.6,631.18,0.142374,0.119959
180.6,634.64,0.1406,0.118209
180.6,638.18,0.138151,0.115726
180.6,641.77,0.135658,0.113576
180.6,645.31,0.13295,0.110695
180.6,648.94,0.129867,0.107377
180.6,652.44,0.126681,0.103958
180.6,655.46,0.123265,0.100988
180.6,659.66,0.119549,0.095856
180.6,663.25,0.115267,0.091869
180.6,666.79,0.110726,0.087923
180.6,670.29,0.105637,0.082639
180.6,674.01,0.099645,0.077347
180.6,677.6,0.092923,0.07129
180.6,681.14,0.085631,0.063634
180.6,684.64,0.077719,0.056293
180.6,688.19,0.068862,0.047833
216.69,12.25,0.256884,0.21946
216.69,15.88,0.238157,0.214001
216.69,19.51,0.217291,0.19369
216.69,22.97,0.196456,0.17356
216.69,26.47,0.177276,0.154534
216.69,30.14,0.159509,0.136441
216.69,33.69,0.144026,0.121564
216.69,37.27,0.130892,0.107701
216.69,40.82,0.118927,0.09666
216.69,44.41,0.108868,0.085877
216.69,47.99,0.099161,0.075957
216.69,51.54,0.090896,0.06848
216.69,55.08,0.083049,0.060871
216.69,58.58,0.076345,0.054398
216.69,62.61,0.069371,0.049925
216.69,66.11,0.064716,0.044368
216.69,69.65,0.06243,0.041777
216.69,73.19,0.062661,0.041768
216.69,76.69,0.065116,0.043561
216.69,80.28,0.069121,0.047984
216.69,83.87,0.073641,0.052051
216.69,87.37,0.077562,0.055769
216.69,90.87,0.079953,0.058191
216.69,94.46,0.08088,0.058243
216.69,97.96,0.080862,0.058702
216.69,101.5,0.081216,0.058933
216.69,105.09,0.083151,0.060203
216.69,109.2,0.088527,0.068413
216.69,112.74,0.095945,0.074374
216.69,116.24,0.106247,0.084324
216.69,119.83,0.117843,0.094873
216.69,123.33,0.128979,0.106151
216.69,126.92,0.139509,0.116124
216.69,130.46,0.147479,0.124112
216.69,133.96,0.153342,0.130122
216.69,137.55,0.156977,0.133148
216.69,141.05,0.157913,0.134592
216.69,144.64,0.157374,0.132775
216.69,148.18,0.154987,0.130982
216.69,151.72,0.150926,0.127125
216.69,155.31,0.145729,0.121795
216.69,158.81,0.140313,0.117097
216.69,162.36,0.134475,0.111053
216.69,165.81,0.128409,0.104959
216.69,168.83,0.123064,0.100098
216.69,172.9,0.117658,0.094981
216.69,176.44,0.11284,0.090092
216.69,179.94,0.1086,0.085606
216.69,183.18,0.103924,0.081918
216.69,186.99,0.100209,0.077741
216.69,190.53,0.096595,0.074685
216.69,194.12,0.093674,0.072337
216.69,197.71,0.09096,0.0693
216.69,201.25,0.088576,0.066955
216.69,204.79,0.08637,0.06528
216.69,208.38,0.084549,0.063333
216.69,212.06,0.082753,0.060548
216.69,215.69,0.081558,0.059845
216.69,219.19,0.080243,0.058234
216.69,222.69,0.079626,0.057418
216.69,226.27,0.078548,0.056154
216.69,230.12,0.077812,0.055289
216.69,233.71,0.077146,0.055224
216.69,237.26,0.076592,0.054864
216.69,240.8,0.075803,0.054842
216.69,244.39,0.075243,0.054281
216.69,247.93,0.074882,0.053881
216.69,251.43,0.07462,0.053197
216.69,254.93,0.074358,0.052855
216.69,258.78,0.073844,0.051312
216.69,262.32,0.073474,0.051432
216.69,265.87,0.073095,0.050979
216.69,269.46,0.07271,0.050412
216.69,272.96,0.07206,0.049109
216.69,276.59,0.071456,0.048881
216.69,280.13,0.070427,0.048132
216.69,283.72,0.069568,0.047559
216.69,287.26,0.068973,0.046999
216.69,290.81,0.068182,0.04645
216.69,294.35,0.067516,0.046031
216.69,297.85,0.0673,0.045908
216.69,301.35,0.067421,0.045353
216.69,304.63,0.067365,0.045883
216.69,308.44,0.066737,0.046031
216.69,311.94,0.066179,0.045169
216.69,315.57,0.065686,0.044596
216.69,318.94,0.064941,0.043748
216.69,322.74,0.063376,0.042239
216.69,326.33,0.061666,0.040061
216.69,329.92,0.059177,0.037402
216.69,333.51,0.056296,0.034365
216.69,336.92,0.052652,0.031133
216.69,340.55,0.049075,0.027661
216.69,344.05,0.044084,0.022772
216.69,347.59,0.038465,0.017381
216.69,351.27,0.032513,0.010868
216.69,354.86,0.025705,0.004722
216.69,358.36,0.019226,-0.001353
216.69,361.9,0.015347,-0.004794
216.69,365.62,0.017054,-0.001572
216.69,369.21,0.02381,0.00344
216.69,372.75,0.033259,0.012824
216.69,376.29,0.042667,0.021974
216.69,380.01,0.051392,0.028813
216.69,383.56,0.057815,0.036524
216.69,387.1,0.061808,0.039981
216.69,390.73,0.061657,0.038748
216.69,394.1,0.057618,0.035776
216.69,397.95,0.04926,0.028058
216.69,401.45,0.036996,0.016299
216.69,405.04,0.020772,0.000979
216.69,408.62,0.00222,-0.017105
216.69,412.08,0.017994,-0.003066
216.69,415.62,0.039642,0.01837
216.69,419.21,0.061148,0.040024
216.69,422.84,0.081521,0.059549
216.69,426.39,0.098779,0.076469
216.69,430.02,0.113622,0.090942
216.69,433.61,0.125239,0.101807
216.69,437.15,0.132667,0.109284
216.69,440.78,0.136484,0.112898
216.69,444.28,0.137621,0.113807
216.69,447.82,0.135433,0.111872
216.69,451.32,0.131225,0.107876
216.69,454.52,0.12527,0.101771
216.69,458.41,0.118181,0.09531
216.69,462.09,0.110258,0.088074
216.69,465.67,0.102125,0.080304
216.69,469.04,0.094383,0.072855
216.69,472.76,0.087458,0.065742
216.69,476.35,0.080668,0.059978
216.69,479.89,0.07515,0.053727
216.69,483.48,0.0693,0.048638
216.69,487.07,0.064824,0.043739
216.69,490.61,0.060218,0.039559
216.69,494.11,0.056386,0.035501
216.69,497.61,0.052892,0.031786
216.69,501.24,0.049636,0.028702
216.69,504.79,0.046866,0.025976
216.69,508.29,0.044312,0.022951
216.69,511.74,0.042036,0.020797
216.69,515.29,0.039907,0.018859
216.69,518.87,0.038403,0.017103
216.69,522.42,0.036974,0.015588
216.69,525.92,0.035797,0.014586
216.69,529.55,0.035113,0.013453
216.69,533.22,0.034426,0.013129
216.69,536.81,0.034398,0.013604
216.69,540.22,0.03398,0.013015
216.69,543.86,0.03344,0.012957
216.69,547.36,0.033767,0.013166
216.69,550.94,0.033893,0.013274
216.69,554.49,0.034318,0.013582
216.69,557.99,0.034389,0.013912
216.69,561.44,0.034602,0.014679
216.69,565.07,0.035323,0.014996
216.69,568.66,0.035936,0.015415
216.69,572.16,0.0367,0.016111
216.69,575.71,0.037812,0.017461
216.69,579.21,0.038958,0.017932
216.69,582.75,0.040181,0.019485
216.69,586.29,0.041188,0.020458
216.69,589.75,0.042196,0.021349
216.69,593.25,0.043471,0.022686
216.69,596.84,0.044497,0.023185
216.69,600.42,0.045819,0.024171
216.69,604.01,0.046604,0.024553
216.69,607.21,0.047547,0.025501
216.69,611.06,0.04844,0.026561
216.69,614.51,0.049312,0.027442
216.69,618.1,0.049685,0.028065
216.69,621.34,0.049827,0.027719
216.69,625.27,0.050535,0.028798
216.69,628.73,0.050945,0.029297
216.69,632.32,0.051201,0.029808
216.69,635.77,0.051432,0.029888
216.69,639.36,0.051324,0.030384
216.69,642.95,0.051013,0.029796
216.69,646.49,0.050449,0.030018
216.69,650.04,0.049774,0.029257
216.69,653.54,0.049288,0.028995
216.69,657.04,0.048373,0.027904
216.69,660.67,0.047202,0.026524
216.69,664.12,0.045849,0.02556
216.69,667.58,0.044626,0.024312
216.69,671.3,0.043838,0.023299
216.69,674.89,0.043185,0.021666
216.69,678.43,0.043065,0.022365
216.69,682.54,0.043483,0.022316
216.69,686.13,0.045076,0.02422
252.74,12.42,0.11405,0.084765
252.74,15.92,0.127978,0.105156
252.74,19.56,0.144531,0.121053
252.74,23.14,0.16011,0.136502
252.74,26.69,0.174522,0.150738
252.74,30.27,0.187313,0.162347
252.74,33.77,0.197741,0.173043
252.74,37.32,0.205042,0.180769
252.74,40.91,0.211696,0.18686
252.74,44.41,0.216619,0.191678
252.74,47.69,0.220008,0.194703
252.74,51.23,0.223268,0.197827
252.74,55.04,0.225957,0.200156
252.74,58.58,0.228261,0.202633
252.74,61.64,0.230489,0.204602
252.74,65.76,0.232812,0.207772
252.74,69.43,0.234786,0.20987
252.74,73.02,0.236508,0.212014
252.74,76.43,0.23783,0.213289
252.74,80.11,0.237313,0.212596
252.74,83.65,0.235587,0.210935
252.74,87.28,0.231798,0.20714
252.74,90.78,0.225658,0.200868
252.74,94.41,0.216549,0.192091
252.74,98.0,0.205458,0.180591
252.74,101.59,0.193104,0.168822
252.74,105.13,0.180554,0.155819
252.74,108.72,0.170409,0.146105
252.74,112.26,0.161123,0.13734
252.74,115.94,0.154254,0.131043
252.74,119.44,0.149509,0.125957
252.74,122.94,0.145218,0.12295
252.74,126.74,0.141724,0.118893
252.74,130.24,0.137186,0.115122
252.74,133.74,0.13235,0.1104
252.74,137.68,0.125868,0.100015
252.74,141.36,0.118764,0.095831
252.74,144.94,0.110896,0.088141
252.74,148.4,0.101974,0.079722
252.74,152.21,0.092649,0.072978
252.74,155.75,0.084599,0.063296
252.74,159.29,0.077365,0.056151
252.74,162.79,0.070544,0.049334
252.74,166.86,0.063576,0.039331
252.74,170.41,0.058385,0.037069
252.74,173.91,0.053705,0.031946
252.74,177.49,0.049894,0.028326
252.74,181.04,0.046885,0.025187
252.74,184.49,0.044263,0.022584
252.74,188.08,0.041752,0.020329
252.74,191.62,0.039765,0.018943
252.74,195.17,0.038474,0.017162
252.74,198.76,0.037156,0.016321
252.74,202.39,0.036423,0.01585
252.74,205.93,0.036031,0.015582
252.74,209.43,0.035766,0.015363
252.74,213.02,0.035369,0.015486
252.74,216.61,0.035203,0.014824
252.74,220.19,0.035008,0.013779
252.74,223.74,0.034442,0.014454
252.74,227.28,0.034762,0.014368
252.74,230.82,0.035329,0.014657
252.74,234.37,0.035997,0.014913
252.74,237.91,0.037818,0.01653
252.74,241.46,0.039854,0.01775
252.74,244.96,0.042082,0.020806
252.74,248.46,0.045095,0.023594
252.74,252.04,0.048209,0.025951
252.74,255.63,0.051287,0.029053
252.74,259.17,0.054734,0.033169
252.74,262.76,0.058542,0.03658
252.74,266.26,0.061869,0.039697
252.74,269.81,0.065236,0.043086
252.74,273.35,0.068764,0.046727
252.74,276.85,0.073046,0.050511
252.74,280.35,0.077599,0.055317
252.74,283.89,0.082621,0.060008
252.74,287.39,0.088249,0.06657
252.74,290.94,0.094552,0.07215
252.74,294.48,0.10141,0.078961
252.74,298.02,0.109106,0.086555
252.74,301.92,0.11787,0.095338
252.74,305.46,0.126432,0.103918
252.74,308.92,0.134485,0.11117
252.74,312.51,0.142553,0.119238
252.74,315.96,0.150224,0.126623
252.74,319.64,0.156847,0.132732
252.74,323.14,0.161604,0.137994
252.74,326.68,0.165892,0.140267
252.74,330.4,0.167652,0.143545
252.74,333.94,0.167957,0.143831
252.74,337.44,0.166201,0.142143
252.74,341.07,0.163132,0.139848
252.74,344.62,0.158557,0.135014
252.74,348.16,0.153021,0.129944
252.74,351.62,0.146284,0.122735
252.74,355.21,0.139164,0.116718
252.74,358.79,0.131512,0.109685
252.74,362.34,0.124904,0.10291
252.74,365.92,0.118912,0.09682
252.74,369.47,0.113881,0.092156
252.74,373.27,0.111062,0.086546
252.74,376.86,0.109355,0.085936
252.74,380.36,0.107618,0.084392
252.74,383.91,0.105911,0.082689
252.74,387.45,0.102473,0.079679
252.74,391.04,0.0967,0.074063
252.74,394.54,0.088446,0.066081
252.74,398.08,0.077002,0.055005
252.74,401.67,0.062106,0.040809
252.74,405.39,0.043172,0.024349
252.74,409.02,0.023838,0.004472
252.74,412.43,0.009928,-0.009579
252.74,416.06,0.021441,0.001
252.74,419.65,0.040754,0.019577
252.74,423.28,0.057981,0.036536
252.74,426.82,0.07235,0.050273
252.74,430.41,0.083302,0.060591
252.74,434.26,0.091281,0.067304
252.74,437.81,0.094164,0.071647
252.74,441.31,0.093637,0.071154
252.74,444.81,0.090162,0.068108
252.74,448.31,0.084494,0.062381
252.74,451.98,0.076626,0.055769
252.74,455.48,0.067747,0.046965
252.74,459.02,0.059093,0.037991
252.74,462.57,0.0497,0.029309
252.74,466.11,0.041324,0.020948
252.74,469.66,0.033739,0.013616
252.74,473.24,0.026586,0.006681
252.74,476.83,0.021182,0.001037
252.74,480.37,0.018006,-0.001637
252.74,483.87,0.016912,-0.003078
252.74,487.42,0.016974,-0.003719
252.74,490.92,0.01812,-0.001911
252.74,494.51,0.019525,-0.000947
252.74,498.05,0.021364,0.000449
252.74,501.64,0.023148,0.00161
252.74,505.18,0.024888,0.003499
252.74,508.72,0.026413,0.005119
252.74,512.18,0.027929,0.006598
252.74,515.77,0.029445,0.008373
252.74,519.22,0.030871,0.009503
252.74,522.94,0.032495,0.011
252.74,526.53,0.034482,0.013034
252.74,530.07,0.035766,0.015092
252.74,533.66,0.037981,0.017011
252.74,537.16,0.040008,0.019044
252.74,540.75,0.042183,0.022331
252.74,544.25,0.045101,0.023995
252.74,547.79,0.047584,0.027322
252.74,551.34,0.050403,0.029482
252.74,554.88,0.053379,0.032775
252.74,559.56,0.058289,0.036222
252.74,563.06,0.061712,0.040196
252.74,566.69,0.065172,0.043748
252.74,570.19,0.068872,0.047322
252.74,573.69,0.072568,0.051413
252.74,577.28,0.076835,0.05479
252.74,580.82,0.080535,0.058767
252.74,584.37,0.085024,0.062464
252.74,587.82,0.089432,0.067242
252.74,591.37,0.094056,0.071074
252.74,594.96,0.098813,0.076256
252.74,598.46,0.103807,0.080877
252.74,601.96,0.108878,0.086207
252.74,605.54,0.113872,0.090856
252.74,609.09,0.119324,0.095809
252.74,612.67,0.124937,0.101034
252.74,616.22,0.129497,0.105865
252.74,619.72,0.134713,0.11113
252.74,623.26,0.140147,0.116151
252.74,626.81,0.144756,0.121502
252.74,630.39,0.150144,0.126552
252.74,633.89,0.15551,0.13223
252.74,637.44,0.160156,0.136986
252.74,640.98,0.165085,0.141761
252.74,644.52,0.169907,0.146305
252.74,648.16,0.173939,0.151164
252.74,651.61,0.178323,0.154762
252.74,655.29,0.181826,0.158446
252.74,658.92,0.185347,0.16174
252.74,662.42,0.187913,0.163933
252.74,665.87,0.190332,0.16649
252.74,669.42,0.19206,0.16807
252.74,672.87,0.193375,0.169253
252.74,676.55,0.194448,0.169327
252.74,679.92,0.194571,0.169833
252.74,683.55,0.193936,0.170236
252.74,687.01,0.193151,0.167679
288.84,12.38,0.393018,0.350295
288.84,15.88,0.414056,0.384617
288.84,19.12,0.431847,0.400612
288.84,23.14,0.444798,0.414838
288.84,26.69,0.455017,0.425119
288.84,30.01,0.463979,0.432288
288.84,33.47,0.47092,0.438951
288.84,37.45,0.47665,0.445673
288.84,40.95,0.481539,0.450353
288.84,44.49,0.485972,0.454878
288.84,48.04,0.489533,0.457962
288.84,51.54,0.491308,0.460347
288.84,55.08,0.491511,0.460495
288.84,58.58,0.489349,0.458474
288.84,62.17,0.484598,0.45409
288.84,65.71,0.477978,0.447503
288.84,69.26,0.469638,0.439453
288.84,72.76,0.46035,0.430538
288.84,76.26,0.449573,0.420257
288.84,80.02,0.437226,0.409469
288.84,83.61,0.424309,0.395871
288.84,87.28,0.409805,0.381293
288.84,90.78,0.393911,0.36632
288.84,94.41,0.376055,0.347346
288.84,97.96,0.35767,0.329281
288.84,101.54,0.33909,0.311416
288.84,105.13,0.319583,0.292744
288.84,108.76,0.300328,0.273702
288.84,112.22,0.282011,0.255831
288.84,115.81,0.2656,0.240282
288.84,119.39,0.249863,0.225338
288.84,123.07,0.235245,0.211228
288.84,126.83,0.221601,0.19742
288.84,130.37,0.210584,0.186807
288.84,133.92,0.201321,0.176767
288.84,137.51,0.194066,0.170107
288.84,141.05,0.188915,0.1647
288.84,144.55,0.186096,0.162088
288.84,148.05,0.184019,0.16011
288.84,151.59,0.183406,0.158831
288.84,155.36,0.183539,0.157809
288.84,158.94,0.184334,0.160042
288.84,162.49,0.185914,0.161087
288.84,166.03,0.186909,0.162849
288.84,169.36,0.188416,0.165461
288.84,173.29,0.189731,0.165886
288.84,176.84,0.191274,0.167507
288.84,180.38,0.192624,0.168721
288.84,183.84,0.193933,0.170255
288.84,187.51,0.194913,0.171151
288.84,191.01,0.195797,0.171758
288.84,194.56,0.196693,0.172719
288.84,198.1,0.197907,0.172889
288.84,201.6,0.198871,0.174873
288.84,205.19,0.200356,0.175877
288.84,208.73,0.202115,0.177337
288.84,212.27,0.203274,0.178745
288.84,215.34,0.204959,0.179894
288.84,219.36,0.206376,0.181068
288.84,222.86,0.207827,0.183095
288.84,226.45,0.209411,0.183801
288.84,229.56,0.21109,0.185569
288.84,233.45,0.212685,0.187488
288.84,237.08,0.214799,0.189407
288.84,240.62,0.216777,0.191539
288.84,244.17,0.21872,0.193486
288.84,247.67,0.220825,0.19531
288.84,251.26,0.223539,0.198668
288.84,254.76,0.22637,0.200812
288.84,258.3,0.229318,0.204451
288.84,261.84,0.232294,0.207353
288.84,265.39,0.234956,0.209814
288.84,268.89,0.238012,0.212926
288.84,272.43,0.241398,0.216367
288.84,276.06,0.244829,0.220301
288.84,279.61,0.248646,0.223551
288.84,283.15,0.25259,0.227365
288.84,286.69,0.257707,0.232451
288.84,290.24,0.264638,0.239053
288.84,293.78,0.275088,0.249093
288.84,297.37,0.289863,0.263206
288.84,300.91,0.307824,0.280122
288.84,304.54,0.322584,0.294016
288.84,308.09,0.33047,0.302494
288.84,311.63,0.330159,0.30234
288.84,315.22,0.322091,0.295027
288.84,318.72,0.308566,0.281826
288.84,322.31,0.290452,0.264333
288.84,325.81,0.272066,0.245972
288.84,329.44,0.253671,0.228446
288.84,332.94,0.23669,0.211961
288.84,336.48,0.222162,0.197769
288.84,340.07,0.211561,0.187439
288.84,343.66,0.205803,0.182078
288.84,347.2,0.207769,0.184022
288.84,350.74,0.219882,0.19543
288.84,354.46,0.242485,0.216835
288.84,357.96,0.268948,0.242778
288.84,361.72,0.295969,0.266786
288.84,365.36,0.313563,0.284897
288.84,368.94,0.319099,0.291702
288.84,372.53,0.313397,0.286253
288.84,376.03,0.297901,0.271847
288.84,379.44,0.277205,0.251333
288.84,383.12,0.25336,0.228351
288.84,386.71,0.229281,0.204984
288.84,390.25,0.206656,0.182655
288.84,393.75,0.18722,0.164087
288.84,397.29,0.171928,0.14922
288.84,400.79,0.159928,0.137211
288.84,404.38,0.151626,0.1284
288.84,407.92,0.145058,0.122772
288.84,411.34,0.141262,0.118899
288.84,415.01,0.139189,0.116857
288.84,418.56,0.138345,0.115911
288.84,422.1,0.139127,0.116771
288.84,425.6,0.141176,0.118218
288.84,429.19,0.143567,0.120566
288.84,432.82,0.14755,0.123702
288.84,436.41,0.152408,0.128268
288.84,439.91,0.15767,0.133416
288.84,443.49,0.163761,0.139195
288.84,447.08,0.170557,0.146074
288.84,450.62,0.177347,0.152377
288.84,454.17,0.183942,0.1593
288.84,457.67,0.190005,0.165427
288.84,461.12,0.196225,0.171499
288.84,464.67,0.20194,0.176644
288.84,468.17,0.206281,0.181173
288.84,471.8,0.211083,0.187876
288.84,475.65,0.21486,0.19068
288.84,479.15,0.217935,0.193782
288.84,482.78,0.220282,0.196013
288.84,485.89,0.222414,0.197673
288.84,489.96,0.223868,0.199223
288.84,493.54,0.224894,0.199703
288.84,496.96,0.225717,0.201216
288.84,500.41,0.226401,0.201345
288.84,504.04,0.227057,0.201709
288.84,507.63,0.227762,0.202242
288.84,511.17,0.228231,0.202892
288.84,514.72,0.228936,0.203369
288.84,518.22,0.229583,0.204099
288.84,521.76,0.229811,0.204321
288.84,525.31,0.230196,0.204269
288.84,528.89,0.23047,0.205094
288.84,531.82,0.23072,0.20507
288.84,536.02,0.230979,0.205831
288.84,539.57,0.231025,0.206059
288.84,543.07,0.231724,0.206641
288.84,546.7,0.232229,0.207414
288.84,550.24,0.233095,0.207886
288.84,553.7,0.233653,0.208955
288.84,557.2,0.23454,0.209583
288.84,560.83,0.235757,0.211388
288.84,564.37,0.237134,0.212722
288.84,567.96,0.239047,0.214164
288.84,571.51,0.240932,0.216277
288.84,575.09,0.243092,0.218274
288.84,578.64,0.245461,0.22011
288.84,582.18,0.248172,0.22246
288.84,585.77,0.250775,0.224931
288.84,589.31,0.2532,0.227531
288.84,592.86,0.256089,0.229675
288.84,596.36,0.258856,0.232488
288.84,599.86,0.261404,0.234984
288.84,603.44,0.264032,0.237467
288.84,606.59,0.266798,0.239558
288.84,610.62,0.269888,0.243492
288.84,614.21,0.273234,0.246829
288.84,617.84,0.276601,0.250892
288.84,621.34,0.280255,0.2538
288.84,624.88,0.284084,0.258224
288.84,628.38,0.288295,0.262235
288.84,631.92,0.292722,0.265772
288.84,635.42,0.297001,0.270541
288.84,638.79,0.301992,0.276154
288.84,642.6,0.307519,0.281234
288.84,646.23,0.312642,0.286093
288.84,649.73,0.318686,0.292011
288.84,653.27,0.324346,0.297731
288.84,656.77,0.330233,0.303181
288.84,660.36,0.336317,0.309336
288.84,663.95,0.342377,0.314795
288.84,667.41,0.348908,0.321364
288.84,670.99,0.355898,0.327775
288.84,674.54,0.362836,0.334232
288.84,678.08,0.369968,0.341277
288.84,681.62,0.377451,0.34856
288.84,685.21,0.385264,0.356228
288.84,688.71,0.393076,0.364025
325.06,12.86,0.217568,0.180569
325.06,16.41,0.208234,0.183533
325.06,20.21,0.213995,0.190837
325.06,24.06,0.232112,0.203375
325.06,27.78,0.252001,0.225732
325.06,31.28,0.273665,0.246776
325.06,34.82,0.295261,0.267688
325.06,38.54,0.317066,0.289463
325.06,42.09,0.333212,0.305402
325.06,45.63,0.346952,0.318662
325.06,49.13,0.357722,0.32958
325.06,52.72,0.36633,0.339259
325.06,56.31,0.371561,0.343563
325.06,59.85,0.374136,0.346311
325.06,63.39,0.374472,0.346782
325.06,66.85,0.372753,0.345467
325.06,70.44,0.369879,0.343067
325.06,73.98,0.365356,0.338113
325.06,77.52,0.35954,0.332417
325.06,81.07,0.353369,0.326764
325.06,84.7,0.346761,0.31913
325.06,88.29,0.340815,0.313409
325.06,91.79,0.336018,0.308415
325.06,95.33,0.331955,0.304484
325.06,98.92,0.328917,0.300791
325.06,102.46,0.326709,0.298693
325.06,106.05,0.326638,0.298683
325.06,109.59,0.326592,0.298893
325.06,113.14,0.326564,0.299222
325.06,116.59,0.327488,0.299869
325.06,120.18,0.328175,0.300409
325.06,123.64,0.328434,0.300895
325.06,127.22,0.328696,0.301425
325.06,130.77,0.328763,0.301354
325.06,134.36,0.328012,0.300926
325.06,137.99,0.32702,0.300316
325.06,141.49,0.325898,0.2984
325.06,144.99,0.324226,0.297525
325.06,148.66,0.322315,0.296456
325.06,152.16,0.32068,0.294586
325.06,155.75,0.319512,0.29332
325.06,159.29,0.318776,0.292081
325.06,162.79,0.317685,0.291798
325.06,166.34,0.317654,0.291086
325.06,169.88,0.317149,0.290578
325.06,173.42,0.317306,0.290273
325.06,176.97,0.317368,0.290101
325.06,180.56,0.317725,0.290664
325.06,184.1,0.318366,0.291385
325.06,187.6,0.31958,0.291622
325.06,191.23,0.321037,0.293628
325.06,194.73,0.322494,0.294909
325.06,198.27,0.324549,0.296739
325.06,201.91,0.326385,0.298887
325.06,205.49,0.327741,0.30064
325.06,208.99,0.330153,0.302704
325.06,212.58,0.332309,0.305211
325.06,216.17,0.334644,0.307901
325.06,219.71,0.336847,0.309956
325.06,223.17,0.339527,0.312168
325.06,226.76,0.341779,0.314888
325.06,230.3,0.344041,0.317322
325.06,233.84,0.346675,0.319863
325.06,237.43,0.349592,0.322728
325.06,240.93,0.352325,0.325572
325.06,244.52,0.355643,0.328206
325.06,247.97,0.358049,0.331222
325.06,251.52,0.360874,0.333951
325.06,255.02,0.363985,0.336551
325.06,258.61,0.367414,0.339324
325.06,262.15,0.370325,0.341675
325.06,265.78,0.373354,0.344891
325.06,269.28,0.376869,0.348163
325.06,272.87,0.380298,0.352285
325.06,276.5,0.384062,0.354361
325.06,280.04,0.387691,0.358671
325.06,283.54,0.39129,0.362396
325.06,287.04,0.394721,0.365849
325.06,290.67,0.397968,0.369087
325.06,294.22,0.401058,0.371927
325.06,297.72,0.40328,0.373773
325.06,301.31,0.404607,0.375821
325.06,304.85,0.404838,0.376653
325.06,308.35,0.404081,0.375532
325.06,311.94,0.401819,0.37377
325.06,315.35,0.39831,0.369854
325.06,319.02,0.392605,0.364765
325.06,322.52,0.386228,0.358884
325.06,326.02,0.37832,0.350772
325.06,329.57,0.369993,0.342827
325.06,333.16,0.360559,0.333332
325.06,337.09,0.348723,0.317827
325.06,340.64,0.338594,0.311635
325.06,344.14,0.327365,0.300298
325.06,347.68,0.315646,0.289032
325.06,351.18,0.303246,0.27718
325.06,354.72,0.290208,0.264161
325.06,358.36,0.276718,0.250751
325.06,361.86,0.262765,0.236974
325.06,365.31,0.248243,0.222476
325.06,368.94,0.232057,0.207359
325.06,372.49,0.215495,0.190908
325.06,376.03,0.198526,0.174632
325.06,379.49,0.182673,0.158936
325.06,383.25,0.167057,0.145415
325.06,386.84,0.154229,0.13125
325.06,390.34,0.142987,0.120597
325.06,393.84,0.135677,0.113616
325.06,397.42,0.131475,0.10942
325.06,401.01,0.13117,0.108597
325.06,404.56,0.133151,0.110779
325.06,408.1,0.138095,0.115162
325.06,411.69,0.144577,0.119482
325.06,415.32,0.152667,0.128748
325.06,418.82,0.161878,0.137374
325.06,422.45,0.172516,0.147276
325.06,426.26,0.185467,0.16105
325.06,429.8,0.198955,0.17422
325.06,433.3,0.213542,0.188391
325.06,436.84,0.228955,0.203542
325.06,440.56,0.245775,0.220769
325.06,444.19,0.260775,0.235011
325.06,447.74,0.274836,0.248955
325.06,451.32,0.287824,0.261626
325.06,454.82,0.2999,0.272368
325.06,458.5,0.310205,0.28295
325.06,462.0,0.318542,0.290603
325.06,465.59,0.32506,0.297537
325.06,469.09,0.329971,0.301887
325.06,472.63,0.333646,0.30576
325.06,476.17,0.336037,0.308535
325.06,479.63,0.337787,0.31015
325.06,483.17,0.339198,0.311672
325.06,486.67,0.340319,0.312023
325.06,490.31,0.340963,0.313169
325.06,493.76,0.341576,0.313434
325.06,497.35,0.341441,0.313502
325.06,500.94,0.341887,0.314367
325.06,504.44,0.342014,0.314358
325.06,507.94,0.342907,0.315424
325.06,511.61,0.343911,0.316706
325.06,514.94,0.344444,0.317614
325.06,518.66,0.34559,0.318733
325.06,522.24,0.346749,0.319771
325.06,525.7,0.347593,0.320504
325.06,529.24,0.348927,0.321946
325.06,532.74,0.350547,0.323622
325.06,536.37,0.35234,0.325584
325.06,539.87,0.354549,0.327004
325.06,543.42,0.356545,0.329916
325.06,546.92,0.358286,0.331179
325.06,550.51,0.360331,0.333175
325.06,554.01,0.362774,0.335011
325.06,557.55,0.365011,0.337047
325.06,560.7,0.367097,0.338748
325.06,564.77,0.369007,0.340769
325.06,568.27,0.370778,0.342198
325.06,571.81,0.372306,0.343776
325.06,575.53,0.373976,0.344524
325.06,579.07,0.375837,0.3471
325.06,582.66,0.377534,0.348637
325.06,586.21,0.379275,0.350874
325.06,589.75,0.380646,0.352842
325.06,593.29,0.382241,0.354019
325.06,596.88,0.383585,0.356009
325.06,600.42,0.384577,0.356468
325.06,603.88,0.385498,0.357543
325.06,607.47,0.386484,0.358292
325.06,611.01,0.387383,0.3597
325.06,614.6,0.388203,0.36015
325.06,618.14,0.388982,0.360855
325.06,621.64,0.389472,0.361564
325.06,625.19,0.389721,0.361983
325.06,628.77,0.389845,0.361635
325.06,632.27,0.390033,0.362149
325.06,635.86,0.389885,0.361961
325.06,639.36,0.390282,0.361518
325.06,642.91,0.389765,0.361459
325.06,646.41,0.38974,0.361527
325.06,649.99,0.38954,0.360846
325.06,653.54,0.388924,0.360051
325.06,657.04,0.388261,0.359225
325.06,660.58,0.387623,0.359207
325.06,664.12,0.386407,0.357399
325.06,667.89,0.384256,0.355242
325.06,671.52,0.381958,0.353532
325.06,675.06,0.378773,0.351052
325.06,678.61,0.37506,0.346866
325.06,681.54,0.370729,0.343421
325.06,685.65,0.36503,0.337852
361.24,12.73,0.252753,0.216604
361.24,16.27,0.227765,0.203508
361.24,19.86,0.200794,0.175852
361.24,23.49,0.176875,0.152932
361.24,27.04,0.156792,0.13303
361.24,30.62,0.140896,0.117285
361.24,34.17,0.129463,0.106641
361.24,37.71,0.123332,0.100295
361.24,41.34,0.122023,0.099087
361.24,44.89,0.124118,0.101564
361.24,48.43,0.13011,0.106971
361.24,51.93,0.138502,0.115135
361.24,55.43,0.148681,0.125098
361.24,58.93,0.159879,0.136379
361.24,62.78,0.172772,0.15003
361.24,66.41,0.184771,0.160985
361.24,69.96,0.19612,0.172162
361.24,73.46,0.206441,0.181792
361.24,76.87,0.215415,0.190322
361.24,80.54,0.221906,0.196589
361.24,84.13,0.227001,0.20121
361.24,87.67,0.230171,0.203782
361.24,91.17,0.231422,0.205646
361.24,94.76,0.231995,0.206558
361.24,98.26,0.232128,0.206582
361.24,101.81,0.231995,0.206441
361.24,105.35,0.232661,0.206619
361.24,108.85,0.233622,0.207842
361.24,112.44,0.234685,0.208452
361.24,115.98,0.235464,0.209706
361.24,119.52,0.23556,0.210221
361.24,123.2,0.234383,0.209438
361.24,126.7,0.231955,0.207094
361.24,130.33,0.227719,0.20303
361.24,133.83,0.221718,0.197685
361.24,137.55,0.214734,0.190769
361.24,141.14,0.206586,0.182883
361.24,144.68,0.198419,0.174589
361.24,148.18,0.189106,0.164851
361.24,151.77,0.179965,0.156795
361.24,155.31,0.171345,0.147716
361.24,158.9,0.162393,0.138702
361.24,162.4,0.154204,0.130403
361.24,166.03,0.146656,0.123052
361.24,169.49,0.139146,0.115202
361.24,173.25,0.132618,0.109568
361.24,176.79,0.126909,0.103699
361.24,180.38,0.121536,0.098902
361.24,183.71,0.116216,0.095914
361.24,187.73,0.11165,0.089916
361.24,191.27,0.107858,0.086382
361.24,194.86,0.104241,0.082427
361.24,198.23,0.101438,0.079158
361.24,201.95,0.09849,0.076549
361.24,205.49,0.096099,0.073853
361.24,209.12,0.094562,0.072186
361.24,212.58,0.09316,0.070729
361.24,216.12,0.091644,0.069494
361.24,219.71,0.091053,0.067618
361.24,223.17,0.089743,0.06755
361.24,226.76,0.088909,0.066416
361.24,230.34,0.087827,0.065092
361.24,233.84,0.086814,0.064334
361.24,237.3,0.085705,0.063514
361.24,240.89,0.084685,0.062291
361.24,244.47,0.083924,0.06215
361.24,248.19,0.083268,0.061207
361.24,251.65,0.082642,0.060307
361.24,255.24,0.082365,0.06028
361.24,259.13,0.081626,0.060699
361.24,262.72,0.081361,0.059765
361.24,266.22,0.081071,0.059762
361.24,269.72,0.080862,0.059281
361.24,273.44,0.080689,0.056426
361.24,277.02,0.080557,0.058086
361.24,280.66,0.080406,0.058028
361.24,284.2,0.080141,0.058447
361.24,287.74,0.08056,0.058148
361.24,291.24,0.080449,0.058268
361.24,294.79,0.080255,0.058231
361.24,298.29,0.07999,0.057809
361.24,301.79,0.080227,0.057806
361.24,305.29,0.079629,0.057525
361.24,308.83,0.079072,0.057091
361.24,312.33,0.077957,0.056093
361.24,315.83,0.076558,0.054488
361.24,319.46,0.074389,0.052744
361.24,323.05,0.0721,0.051053
361.24,326.55,0.069235,0.047855
361.24,330.09,0.065769,0.045058
361.24,333.64,0.062337,0.041216
361.24,337.14,0.057587,0.03747
361.24,340.72,0.052655,0.032193
361.24,344.22,0.047137,0.026955
361.24,347.81,0.041114,0.02076
361.24,351.44,0.035313,0.014654
361.24,354.94,0.031607,0.01117
361.24,358.53,0.032211,0.010668
361.24,362.16,0.038052,0.015809
361.24,365.75,0.048483,0.026962
361.24,369.34,0.061037,0.037917
361.24,372.79,0.073342,0.050776
361.24,376.38,0.085273,0.062442
361.24,379.84,0.096068,0.072538
361.24,383.47,0.104706,0.08174
361.24,386.92,0.111117,0.087753
361.24,390.42,0.114124,0.090769
361.24,394.06,0.114512,0.092063
361.24,397.73,0.113071,0.090985
361.24,401.27,0.111804,0.089577
361.24,404.86,0.112048,0.09032
361.24,408.36,0.116496,0.094568
361.24,411.91,0.125517,0.102864
361.24,415.45,0.137941,0.115261
361.24,418.99,0.153295,0.130526
361.24,422.54,0.170803,0.147054
361.24,426.12,0.188326,0.16418
361.24,429.71,0.206607,0.181546
361.24,433.3,0.223496,0.197929
361.24,436.8,0.238104,0.212174
361.24,440.39,0.249552,0.223788
361.24,443.89,0.25734,0.231185
361.24,447.43,0.261493,0.235698
361.24,450.93,0.261016,0.235236
361.24,454.47,0.256431,0.230178
361.24,458.06,0.249007,0.223089
361.24,461.61,0.238335,0.212396
361.24,465.15,0.225982,0.200723
361.24,468.69,0.212091,0.187627
361.24,472.28,0.19787,0.173674
361.24,475.91,0.184244,0.160606
361.24,479.41,0.171795,0.148597
361.24,483.04,0.160258,0.137211
361.24,486.59,0.149463,0.127501
361.24,490.17,0.140381,0.118215
361.24,493.76,0.132122,0.109916
361.24,497.26,0.125615,0.103434
361.24,500.85,0.119753,0.097759
361.24,504.31,0.114981,0.093203
361.24,507.89,0.111105,0.089118
361.24,511.44,0.10784,0.085883
361.24,515.02,0.104999,0.082686
361.24,518.66,0.102575,0.080452
361.24,522.29,0.10048,0.077103
361.24,525.83,0.098536,0.075526
361.24,529.37,0.096906,0.073631
361.24,532.87,0.095557,0.072445
361.24,536.37,0.094297,0.071783
361.24,540.09,0.09283,0.070166
361.24,543.86,0.091355,0.070982
361.24,547.49,0.090301,0.069324
361.24,551.03,0.089759,0.068443
361.24,554.62,0.08942,0.067846
361.24,558.25,0.089408,0.067116
361.24,561.84,0.088881,0.066727
361.24,565.42,0.088795,0.066176
361.24,568.97,0.088579,0.066084
361.24,572.64,0.088622,0.06483
361.24,576.19,0.08844,0.066222
361.24,579.77,0.08865,0.066333
361.24,583.36,0.088909,0.066888
361.24,586.95,0.088804,0.067208
361.24,590.49,0.088989,0.066857
361.24,594.08,0.089026,0.067436
361.24,597.54,0.08897,0.067276
361.24,601.17,0.089019,0.067454
361.24,604.67,0.089004,0.067488
361.24,608.26,0.089109,0.067753
361.24,611.8,0.089349,0.067947
361.24,615.34,0.089251,0.067408
361.24,619.24,0.0891,0.06475
361.24,622.78,0.089204,0.066444
361.24,626.32,0.088828,0.06609
361.24,630.09,0.088758,0.066955
361.24,633.63,0.088567,0.066592
361.24,637.17,0.088548,0.0667
361.24,640.85,0.088132,0.067054
361.24,644.35,0.087242,0.066176
361.24,648.02,0.086536,0.065156
361.24,651.61,0.085446,0.063979
361.24,655.11,0.08446,0.062735
361.24,658.66,0.083092,0.061401
361.24,662.33,0.080717,0.059121
361.24,665.87,0.079337,0.056854
361.24,669.37,0.077522,0.055387
361.24,673.05,0.075264,0.05271
361.24,676.64,0.073591,0.050982
361.24,680.18,0.072365,0.050209
361.24,683.72,0.072498,0.050255
361.24,687.27,0.073881,0.051675
397.42,12.21,0.197346,0.16104
397.42,15.71,0.201545,0.17605
397.42,19.16,0.19348,0.170359
397.42,22.97,0.181299,0.157661
397.42,25.55,0.169635,0.146675
397.42,29.71,0.164022,0.140501
397.42,33.6,0.170957,0.14739
397.42,37.19,0.19125,0.167171
397.42,40.77,0.221299,0.194706
397.42,44.49,0.246835,0.220563
397.42,48.04,0.262713,0.236225
397.42,51.71,0.265566,0.238224
397.42,55.12,0.255184,0.22864
397.42,58.89,0.232661,0.207454
397.42,62.39,0.20194,0.178092
397.42,65.93,0.167088,0.14422
397.42,69.56,0.130363,0.108486
397.42,72.97,0.095501,0.074386
397.42,76.56,0.06857,0.047491
397.42,80.19,0.054639,0.034358
397.42,83.82,0.059029,0.037837
397.42,87.28,0.073748,0.052051
397.42,90.82,0.092214,0.070218
397.42,94.37,0.110828,0.088795
397.42,97.91,0.128536,0.105591
397.42,100.93,0.144753,0.121373
397.42,104.82,0.158684,0.135196
397.42,108.67,0.170652,0.146909
397.42,112.35,0.180292,0.155138
397.42,115.72,0.187226,0.162079
397.42,119.48,0.190763,0.165175
397.42,122.94,0.191407,0.166733
397.42,126.48,0.189805,0.165042
397.42,130.02,0.186274,0.161663
397.42,133.57,0.180187,0.155892
397.42,137.11,0.173459,0.149146
397.42,140.66,0.165855,0.142116
397.42,144.29,0.157522,0.133727
397.42,147.83,0.149115,0.126071
397.42,151.42,0.141382,0.11857
397.42,154.92,0.133446,0.110621
397.42,158.55,0.126265,0.104392
397.42,161.92,0.118924,0.096952
397.42,165.59,0.112189,0.090156
397.42,169.14,0.106398,0.085064
397.42,172.72,0.101287,0.079873
397.42,176.27,0.096712,0.07519
397.42,179.77,0.093434,0.07198
397.42,183.36,0.089968,0.068779
397.42,186.81,0.086804,0.065304
397.42,190.4,0.083446,0.06194
397.42,193.9,0.080649,0.059152
397.42,197.49,0.078354,0.056472
397.42,201.07,0.075606,0.053607
397.42,204.62,0.073613,0.051995
397.42,208.12,0.071943,0.049854
397.42,211.66,0.071068,0.049334
397.42,215.29,0.070751,0.048123
397.42,218.79,0.069854,0.047877
397.42,223.17,0.069549,0.049482
397.42,226.62,0.069056,0.048003
397.42,230.12,0.068656,0.047134
397.42,233.76,0.067855,0.04661
397.42,237.39,0.067581,0.044321
397.42,241.02,0.066955,0.044469
397.42,244.56,0.06613,0.043958
397.42,248.02,0.065483,0.043305
397.42,251.91,0.064642,0.044996
397.42,255.54,0.063588,0.042587
397.42,259.13,0.062864,0.041845
397.42,262.67,0.062039,0.040973
397.42,266.26,0.06145,0.039876
397.42,269.81,0.061145,0.040169
397.42,273.35,0.061056,0.039968
397.42,276.85,0.06125,0.040332
397.42,280.44,0.061392,0.039777
397.42,284.02,0.061774,0.039971
397.42,287.52,0.061663,0.039602
397.42,291.07,0.062362,0.040544
397.42,294.66,0.06215,0.040098
397.42,298.46,0.06223,0.040788
397.42,302.18,0.062461,0.041601
397.42,305.68,0.062458,0.041293
397.42,309.22,0.06279,0.041235
397.42,312.64,0.063163,0.042223
397.42,316.36,0.063591,0.042636
397.42,319.94,0.064411,0.043582
397.42,323.57,0.065246,0.043872
397.42,327.16,0.067177,0.045338
397.42,330.75,0.069725,0.047106
397.42,334.25,0.072852,0.050532
397.42,337.79,0.076971,0.05479
397.42,341.42,0.081937,0.058946
397.42,345.01,0.088031,0.065199
397.42,348.56,0.095375,0.072267
397.42,352.1,0.104207,0.081007
397.42,355.64,0.113705,0.090501
397.42,359.23,0.124802,0.102612
397.42,362.82,0.135877,0.112436
397.42,366.36,0.146669,0.123117
397.42,370.04,0.157762,0.134731
397.42,373.58,0.167368,0.144269
397.42,377.12,0.174444,0.15109
397.42,380.76,0.179444,0.155403
397.42,384.56,0.180193,0.154981
397.42,388.11,0.178077,0.152966
397.42,391.65,0.172279,0.148563
397.42,395.15,0.164894,0.141382
397.42,398.69,0.157079,0.132815
397.42,402.19,0.150329,0.126096
397.42,405.82,0.146684,0.122479
397.42,409.5,0.14783,0.123936
397.42,412.96,0.152328,0.12824
397.42,416.67,0.158828,0.136225
397.42,420.22,0.166213,0.142689
397.42,423.81,0.171955,0.148403
397.42,427.31,0.175131,0.151669
397.42,430.85,0.176062,0.152682
397.42,434.35,0.174324,0.150705
397.42,437.94,0.169919,0.146866
397.42,441.48,0.163585,0.140458
397.42,445.02,0.156216,0.133554
397.42,448.57,0.148425,0.125732
397.42,452.16,0.140849,0.118132
397.42,455.66,0.133582,0.111472
397.42,459.2,0.126965,0.103986
397.42,462.79,0.122236,0.098893
397.42,466.33,0.11795,0.094669
397.42,469.96,0.114814,0.091462
397.42,473.46,0.112414,0.089371
397.42,477.09,0.110711,0.087562
397.42,480.59,0.109451,0.086613
397.42,484.09,0.108613,0.085834
397.42,487.59,0.108681,0.085825
397.42,491.14,0.109013,0.086124
397.42,494.72,0.109706,0.086814
397.42,498.36,0.11023,0.088034
397.42,501.86,0.110902,0.08856
397.42,505.4,0.11194,0.089084
397.42,508.94,0.112236,0.090273
397.42,512.53,0.113222,0.091037
397.42,516.16,0.113912,0.092186
397.42,519.62,0.114925,0.093009
397.42,523.29,0.115886,0.093936
397.42,526.84,0.117023,0.095125
397.42,530.38,0.118514,0.096231
397.42,533.88,0.119398,0.097344
397.42,536.9,0.120384,0.097639
397.42,541.01,0.121275,0.097836
397.42,544.56,0.122032,0.098973
397.42,548.1,0.122655,0.098884
397.42,551.73,0.123443,0.098875
397.42,555.41,0.124626,0.101068
397.42,558.95,0.125547,0.102267
397.42,562.41,0.126592,0.103018
397.42,565.95,0.128178,0.104605
397.42,569.49,0.12966,0.106475
397.42,573.08,0.131361,0.10865
397.42,576.62,0.132744,0.109768
397.42,580.12,0.133841,0.110729
397.42,583.67,0.135091,0.112572
397.42,587.21,0.136814,0.113992
397.42,590.76,0.138862,0.116096
397.42,594.34,0.141253,0.11849
397.42,597.89,0.143117,0.120618
397.42,601.47,0.144993,0.122334
397.42,604.97,0.147208,0.124374
397.42,608.61,0.149053,0.126077
397.42,612.15,0.151034,0.12783
397.42,615.74,0.153215,0.130252
397.42,619.28,0.156148,0.132769
397.42,622.78,0.158939,0.134799
397.42,626.37,0.162109,0.137636
397.42,629.91,0.165409,0.141857
397.42,633.37,0.169075,0.145119
397.42,636.96,0.17255,0.148419
397.42,640.41,0.176928,0.152279
397.42,644.61,0.182106,0.158696
397.42,648.2,0.187032,0.163246
397.42,651.74,0.191857,0.16783
397.42,655.29,0.197325,0.17348
397.42,658.74,0.203351,0.178489
397.42,662.42,0.20885,0.184903
397.42,665.92,0.215865,0.191237
397.42,669.46,0.223061,0.198255
397.42,673.18,0.231678,0.204826
397.42,676.77,0.240766,0.214525
397.42,680.31,0.250948,0.224518
397.42,683.81,0.262134,0.235618
397.42,687.36,0.273474,0.246823
433.56,12.34,0.03129,0.003582
433.56,15.88,0.031678,0.01044
433.56,19.42,0.035973,0.014463
433.56,23.01,0.04478,0.022991
433.56,26.47,0.054719,0.032636
433.56,30.01,0.065548,0.043918
433.56,33.77,0.075088,0.05369
433.56,37.23,0.083637,0.061503
433.56,40.86,0.091623,0.070252
433.56,44.45,0.097901,0.075994
433.56,47.91,0.104078,0.081965
433.56,51.45,0.109642,0.08637
433.56,55.3,0.113825,0.091185
433.56,58.76,0.11686,0.094405
433.56,62.34,0.117796,0.094491
433.56,65.89,0.113872,0.089959
433.56,69.61,0.111854,0.088853
433.56,73.06,0.121259,0.09784
433.56,76.65,0.138262,0.114389
433.56,80.24,0.152045,0.127704
433.56,83.74,0.155896,0.131564
433.56,87.32,0.149463,0.126071
433.56,90.91,0.135544,0.113114
433.56,94.41,0.118825,0.096302
433.56,98.0,0.103373,0.081506
433.56,101.54,0.094019,0.072461
433.56,105.09,0.092199,0.070831
433.56,108.67,0.096795,0.07507
433.56,112.17,0.105591,0.083487
433.56,115.72,0.115239,0.092655
433.56,119.26,0.125883,0.103074
433.56,122.72,0.135578,0.112655
433.56,126.35,0.145754,0.122806
433.56,129.94,0.156108,0.132673
433.56,133.48,0.165674,0.142202
433.56,136.98,0.175119,0.151435
433.56,140.44,0.185178,0.161345
433.56,144.02,0.194768,0.170319
433.56,147.57,0.204001,0.179574
433.56,151.11,0.213477,0.188218
433.56,154.96,0.222386,0.194725
433.56,158.51,0.229555,0.203988
433.56,162.05,0.23621,0.210282
433.56,165.68,0.242054,0.216431
433.56,169.14,0.2471,0.220846
433.56,172.64,0.250831,0.224592
433.56,176.22,0.2549,0.228696
433.56,179.81,0.258209,0.232796
433.56,183.4,0.261219,0.235895
433.56,186.9,0.263847,0.238536
433.56,190.49,0.266022,0.240455
433.56,193.94,0.268403,0.242454
433.56,197.53,0.270104,0.244987
433.56,201.07,0.272217,0.247029
433.56,204.66,0.274521,0.248834
433.56,208.12,0.27621,0.250717
433.56,211.31,0.277507,0.251887
433.56,214.81,0.27856,0.253526
433.56,218.79,0.279943,0.253961
433.56,222.47,0.280763,0.253699
433.56,225.97,0.281869,0.25499
433.56,229.64,0.283052,0.255341
433.56,233.23,0.283973,0.257269
433.56,236.82,0.28556,0.259075
433.56,240.36,0.287097,0.260729
433.56,243.86,0.288662,0.261974
433.56,247.45,0.290101,0.263674
433.56,250.99,0.291641,0.265187
433.56,254.54,0.292996,0.266678
433.56,258.08,0.294491,0.268351
433.56,261.62,0.295846,0.269435
433.56,265.12,0.297275,0.271373
433.56,268.67,0.298699,0.272254
433.56,272.3,0.300233,0.274605
433.56,275.89,0.302263,0.27592
433.56,279.43,0.303486,0.277636
433.56,283.02,0.305134,0.279059
433.56,286.52,0.30698,0.280304
433.56,289.49,0.308526,0.28194
433.56,293.61,0.309805,0.283588
433.56,297.15,0.311012,0.284583
433.56,300.69,0.312522,0.285646
433.56,304.06,0.313985,0.286736
433.56,307.78,0.315794,0.288881
433.56,311.32,0.317673,0.290344
433.56,314.87,0.319552,0.292057
433.56,318.41,0.321173,0.29389
433.56,321.91,0.323332,0.295874
433.56,325.46,0.325273,0.297617
433.56,329.04,0.326964,0.29897
433.56,332.63,0.328948,0.301693
433.56,336.22,0.331243,0.303311
433.56,339.72,0.333421,0.305831
433.56,343.26,0.335963,0.308009
433.56,346.76,0.338301,0.310741
433.56,350.26,0.3414,0.313887
433.56,353.89,0.344056,0.316539
433.56,357.44,0.347319,0.32027
433.56,360.98,0.350556,0.323421
433.56,364.0,0.35385,0.326533
433.56,368.11,0.356172,0.329152
433.56,371.74,0.357263,0.330396
433.56,375.33,0.357337,0.329937
433.56,378.79,0.355408,0.328557
433.56,382.33,0.350969,0.324028
433.56,385.87,0.344047,0.317177
433.56,389.37,0.335338,0.309004
433.56,392.87,0.324053,0.297919
433.56,396.51,0.311422,0.285381
433.56,400.01,0.298406,0.273036
433.56,403.46,0.285763,0.259811
433.56,407.05,0.274457,0.249152
433.56,410.64,0.26523,0.239574
433.56,414.14,0.258609,0.232935
433.56,417.68,0.254484,0.228936
433.56,421.14,0.253166,0.227562
433.56,424.86,0.25405,0.226903
433.56,428.4,0.256992,0.230507
433.56,431.9,0.261721,0.235221
433.56,435.44,0.267414,0.24088
433.56,439.21,0.275378,0.249297
433.56,442.75,0.284192,0.25795
433.56,446.29,0.294133,0.267975
433.56,449.84,0.30454,0.278015
433.56,453.42,0.315027,0.288958
433.56,457.01,0.324669,0.298317
433.56,460.56,0.333206,0.306665
433.56,464.1,0.341444,0.314124
433.56,467.69,0.348104,0.320726
433.56,471.19,0.35458,0.326912
433.56,474.73,0.359971,0.332171
433.56,478.19,0.364835,0.337171
433.56,481.73,0.369266,0.342137
433.56,485.23,0.373304,0.345717
433.56,488.77,0.377907,0.34978
433.56,492.36,0.381896,0.3532
433.56,495.91,0.385639,0.357087
433.56,499.41,0.38876,0.359611
433.56,502.99,0.39157,0.363505
433.56,506.45,0.394339,0.365655
433.56,509.95,0.396705,0.36746
433.56,513.71,0.398846,0.368538
433.56,517.3,0.401259,0.371856
433.56,520.8,0.403397,0.374349
433.56,524.34,0.406302,0.376742
433.56,527.84,0.408646,0.379441
433.56,531.3,0.410991,0.381964
433.56,534.89,0.413794,0.384241
433.56,538.47,0.416336,0.38718
433.56,542.02,0.418883,0.389832
433.56,545.47,0.422577,0.393283
433.56,549.11,0.426453,0.397217
433.56,552.61,0.430368,0.400686
433.56,556.15,0.434456,0.405208
433.56,559.39,0.439121,0.409379
433.56,563.15,0.443769,0.414339
433.56,566.69,0.448387,0.419105
433.56,570.28,0.45214,0.423184
433.56,573.82,0.456197,0.426521
433.56,577.37,0.4601,0.430424
433.56,580.87,0.463461,0.434376
433.56,584.41,0.466388,0.43698
433.56,588.0,0.469601,0.439986
433.56,591.5,0.472768,0.443147
433.56,595.04,0.476385,0.446111
433.56,598.63,0.479841,0.449614
433.56,602.17,0.483837,0.454059
433.56,605.63,0.488076,0.456631
433.56,609.31,0.492506,0.461169
433.56,612.89,0.496847,0.465242
433.56,616.44,0.50226,0.47031
433.56,619.72,0.507605,0.475892
433.56,623.61,0.513335,0.481299
433.56,627.07,0.518671,0.486955
433.56,630.61,0.523449,0.491292
433.56,634.16,0.526736,0.494555
433.56,637.79,0.529352,0.497901
433.56,641.29,0.531508,0.499857
433.56,644.79,0.533498,0.501687
433.56,648.37,0.534718,0.503279
433.56,652.01,0.535285,0.504096
433.56,655.59,0.534546,0.503717
433.56,659.09,0.533307,0.502257
433.56,662.72,0.530957,0.499885
433.56,665.74,0.527703,0.494617
433.56,670.07,0.524456,0.493249
433.56,673.62,0.52019,0.48901
433.56,677.21,0.514389,0.483372
433.56,680.66,0.507475,0.476819
433.56,684.16,0.498529,0.467106
433.56,687.75,0.488896,0.458437
469.61,11.51,0.138185,0.106697
469.61,15.05,0.159463,0.135301
469.61,18.59,0.179913,0.156124
469.61,22.22,0.19925,0.174737
469.61,25.68,0.21739,0.192658
469.61,29.01,0.233166,0.207316
469.61,32.9,0.245017,0.219734
469.61,36.44,0.2538,0.227984
469.61,40.03,0.25909,0.233773
469.61,43.31,0.261601,0.235825
469.61,47.07,0.260874,0.234836
469.61,50.57,0.257504,0.231333
469.61,54.21,0.251428,0.225852
469.61,57.71,0.244047,0.218656
469.61,61.25,0.235141,0.209377
469.61,64.75,0.226302,0.201342
469.61,68.34,0.218049,0.193043
469.61,71.84,0.211031,0.186065
469.61,75.34,0.206623,0.181755
469.61,78.84,0.20543,0.180282
469.61,82.38,0.207442,0.182291
469.61,85.92,0.212842,0.18755
469.61,89.29,0.220618,0.195116
469.61,93.1,0.230852,0.204793
469.61,96.64,0.241049,0.215443
469.61,100.23,0.251388,0.225489
469.61,103.82,0.261385,0.236487
469.61,107.49,0.269928,0.244327
469.61,110.99,0.276804,0.251197
469.61,114.54,0.282408,0.256817
469.61,118.21,0.287334,0.260997
469.61,121.8,0.29133,0.264632
469.61,125.34,0.294321,0.267852
469.61,128.89,0.296659,0.270332
469.61,132.43,0.298301,0.271912
469.61,135.97,0.300261,0.273231
469.61,139.43,0.301441,0.274722
469.61,142.97,0.302812,0.276176
469.61,146.52,0.304497,0.276533
469.61,150.06,0.305627,0.278532
469.61,153.65,0.307466,0.279663
469.61,157.15,0.30885,0.281333
469.61,160.65,0.310239,0.28295
469.61,164.19,0.311422,0.284081
469.61,167.74,0.312953,0.285535
469.61,171.19,0.314192,0.286425
469.61,174.82,0.315298,0.288117
469.61,178.37,0.316487,0.289244
469.61,181.91,0.31759,0.290547
469.61,185.59,0.318646,0.292165
469.61,189.09,0.320276,0.293197
469.61,192.89,0.321801,0.295489
469.61,196.39,0.323086,0.296761
469.61,199.98,0.324164,0.297414
469.61,203.57,0.325147,0.29828
469.61,207.46,0.326225,0.295652
469.61,210.96,0.326684,0.298924
469.61,214.46,0.327953,0.30063
469.61,218.05,0.32945,0.301909
469.61,221.46,0.331299,0.304971
469.61,225.4,0.332932,0.306228
469.61,228.9,0.3347,0.307858
469.61,232.4,0.336333,0.309891
469.61,235.9,0.337969,0.311243
469.61,239.62,0.339321,0.312602
469.61,243.21,0.340563,0.313603
469.61,246.75,0.34194,0.314943
469.61,250.25,0.343437,0.315729
469.61,253.79,0.344604,0.318092
469.61,257.34,0.346314,0.319118
469.61,260.88,0.347925,0.319872
469.61,264.38,0.34945,0.321675
469.61,267.97,0.351071,0.322808
469.61,271.51,0.352901,0.324247
469.61,275.1,0.354777,0.326659
469.61,278.6,0.356465,0.327765
469.61,282.14,0.357596,0.328714
469.61,285.73,0.358924,0.330479
469.61,289.27,0.36047,0.332128
469.61,292.91,0.361477,0.33356
469.61,295.75,0.362282,0.335199
469.61,300.04,0.363637,0.335772
469.61,303.58,0.364755,0.337297
469.61,307.12,0.365963,0.338274
469.61,310.54,0.367349,0.340076
469.61,314.3,0.36885,0.341715
469.61,317.84,0.370227,0.342682
469.61,321.43,0.371659,0.343354
469.61,325.81,0.37201,0.342411
469.61,329.39,0.372516,0.344959
469.61,332.98,0.373018,0.345482
469.61,336.57,0.372491,0.345125
469.61,340.46,0.371718,0.340504
469.61,344.09,0.370119,0.341555
469.61,347.64,0.367759,0.339201
469.61,351.18,0.364299,0.336117
469.61,355.07,0.359355,0.332824
469.61,358.62,0.353773,0.326829
469.61,362.16,0.346924,0.320372
469.61,365.66,0.340476,0.313776
469.61,369.47,0.3325,0.30385
469.61,373.06,0.32649,0.299928
469.61,376.56,0.321456,0.29429
469.61,380.1,0.318261,0.291428
469.61,384.26,0.318067,0.291397
469.61,387.84,0.321028,0.294839
469.61,391.3,0.326878,0.299919
469.61,394.89,0.334863,0.307707
469.61,398.96,0.346114,0.314534
469.61,402.46,0.357423,0.328865
469.61,406.04,0.369309,0.340544
469.61,409.63,0.381357,0.352158
469.61,413.39,0.394151,0.366422
469.61,416.94,0.404404,0.375707
469.61,420.57,0.413692,0.385033
469.61,424.07,0.420476,0.391995
469.61,428.01,0.42706,0.395399
469.61,431.55,0.431246,0.401271
469.61,435.05,0.434496,0.404737
469.61,438.59,0.436477,0.406807
469.61,442.09,0.43803,0.407294
469.61,445.64,0.438369,0.408557
469.61,449.18,0.438369,0.408304
469.61,452.77,0.438138,0.408101
469.61,455.79,0.43763,0.407158
469.61,459.81,0.436936,0.406798
469.61,463.4,0.437007,0.407189
469.61,466.9,0.437038,0.406724
469.61,470.49,0.437149,0.407691
469.61,474.42,0.437217,0.408637
469.61,477.92,0.437482,0.408505
469.61,481.47,0.437599,0.408659
469.61,485.01,0.437559,0.408677
469.61,488.6,0.437611,0.408474
469.61,492.1,0.437599,0.408464
469.61,495.64,0.437571,0.407922
469.61,499.1,0.437713,0.407118
469.61,502.86,0.437719,0.408073
469.61,506.41,0.437972,0.407392
469.61,509.95,0.438126,0.408082
469.61,513.45,0.43827,0.408508
469.61,516.95,0.438449,0.408169
469.61,520.45,0.43856,0.408375
469.61,524.04,0.438199,0.40835
469.61,527.54,0.438363,0.408748
469.61,530.73,0.438283,0.40978
469.61,535.11,0.43787,0.408834
469.61,538.74,0.437208,0.408307
469.61,542.24,0.436419,0.407654
469.61,545.3,0.435128,0.405621
469.61,549.37,0.434222,0.405187
469.61,552.91,0.432845,0.404139
469.61,556.46,0.431416,0.401699
469.61,560.0,0.429891,0.399262
469.61,563.67,0.428813,0.398745
469.61,567.26,0.427891,0.398233
469.61,570.85,0.427873,0.398351
469.61,574.35,0.428618,0.398874
469.61,577.85,0.431052,0.401157
469.61,581.48,0.435033,0.405378
469.61,584.98,0.442035,0.412152
469.61,588.57,0.453107,0.423119
469.61,592.07,0.469121,0.438954
469.61,595.7,0.489281,0.458692
469.61,599.24,0.508403,0.477642
469.61,602.79,0.521671,0.490796
469.61,606.33,0.527364,0.496496
469.61,609.87,0.526305,0.495279
469.61,613.42,0.519906,0.489173
469.61,616.96,0.5108,0.480439
469.61,620.68,0.500396,0.468024
469.61,624.22,0.491844,0.461243
469.61,627.72,0.485291,0.454777
469.61,631.31,0.480818,0.449632
469.61,634.77,0.478806,0.448036
469.61,638.4,0.478538,0.447195
469.61,642.03,0.479518,0.448286
469.61,645.57,0.481006,0.450026
469.61,649.07,0.482978,0.452355
469.61,652.66,0.485113,0.454145
469.61,656.12,0.486628,0.455763
469.61,659.75,0.486973,0.456561
469.61,663.42,0.486564,0.457035
469.61,666.97,0.484952,0.455223
469.61,670.42,0.481989,0.451955
469.61,674.1,0.478375,0.448853
469.61,677.6,0.472851,0.443816
469.61,681.1,0.466111,0.437177
469.61,684.69,0.45795,0.428769
469.61,688.19,0.448159,0.41925
505.71,12.34,0.268859,0.232519
505.71,15.92,0.250082,0.225492
505.71,19.56,0.227627,0.202707
505.71,23.14,0.204922,0.181182
505.71,26.64,0.183708,0.160058
505.71,30.27,0.16369,0.139676
505.71,33.77,0.146238,0.123376
505.71,37.32,0.130403,0.107125
505.71,41.21,0.115748,0.093776
505.71,44.8,0.107063,0.084953
505.71,48.3,0.103185,0.080837
505.71,51.84,0.104796,0.08291
505.71,55.47,0.112439,0.090794
505.71,59.02,0.124164,0.101407
505.71,62.56,0.138138,0.115412
505.71,66.06,0.153819,0.130698
505.71,69.56,0.169854,0.146136
505.71,73.11,0.185054,0.16112
505.71,76.61,0.199429,0.17491
505.71,80.15,0.21243,0.188055
505.71,83.69,0.224589,0.199709
505.71,87.19,0.235634,0.210714
505.71,90.74,0.246743,0.221746
505.71,94.28,0.257085,0.231459
505.71,97.87,0.266567,0.239937
505.71,101.54,0.275369,0.247762
505.71,105.09,0.28206,0.254768
505.71,108.76,0.287051,0.25991
505.71,112.26,0.289922,0.263335
505.71,116.02,0.290861,0.264916
505.71,119.61,0.289198,0.26336
505.71,123.16,0.285113,0.259549
505.71,126.66,0.279999,0.254309
505.71,130.29,0.273354,0.248098
505.71,133.96,0.265516,0.240316
505.71,137.59,0.257353,0.231607
505.71,141.14,0.249235,0.224041
505.71,144.86,0.240415,0.213224
505.71,148.44,0.232907,0.20734
505.71,151.99,0.225138,0.200033
505.71,155.49,0.218505,0.193329
505.71,159.21,0.211681,0.187488
505.71,162.75,0.205788,0.181644
505.71,166.25,0.201083,0.177017
505.71,169.79,0.196127,0.172538
505.71,173.51,0.191826,0.168881
505.71,177.06,0.188258,0.165212
505.71,180.64,0.185473,0.162051
505.71,184.19,0.183237,0.159845
505.71,187.69,0.180852,0.157303
505.71,191.23,0.178933,0.155292
505.71,194.73,0.176887,0.153391
505.71,198.27,0.175215,0.151752
505.71,201.73,0.173711,0.150292
505.71,205.32,0.172587,0.149004
505.71,208.77,0.1717,0.148194
505.71,212.32,0.170896,0.146992
505.71,215.91,0.16995,0.145483
505.71,218.97,0.169552,0.144716
505.71,223.08,0.168948,0.144669
505.71,226.62,0.167799,0.143567
505.71,230.08,0.167177,0.143049
505.71,233.54,0.16608,0.141783
505.71,237.26,0.165366,0.141456
505.71,240.84,0.164398,0.140424
505.71,244.39,0.163456,0.139636
505.71,247.93,0.162633,0.139075
505.71,251.52,0.161709,0.13836
505.71,254.97,0.160597,0.137494
505.71,258.65,0.159512,0.136965
505.71,262.19,0.158631,0.135708
505.71,265.78,0.157916,0.13511
505.71,269.24,0.157531,0.134626
505.71,272.82,0.157334,0.134398
505.71,276.32,0.156724,0.133872
505.71,279.87,0.156428,0.133798
505.71,283.46,0.156444,0.13295
505.71,287.04,0.156598,0.133363
505.71,290.54,0.15633,0.132183
505.71,294.09,0.155437,0.131918
505.71,297.67,0.154565,0.130828
505.71,301.22,0.15369,0.129494
505.71,304.72,0.152337,0.128665
505.71,308.35,0.150822,0.126539
505.71,311.94,0.14938,0.125458
505.71,315.44,0.147454,0.123933
505.71,318.98,0.145677,0.122205
505.71,322.74,0.143456,0.121906
505.71,326.29,0.142011,0.118952
505.71,329.87,0.140233,0.117923
505.71,333.51,0.138604,0.116043
505.71,337.09,0.137263,0.114368
505.71,340.51,0.136518,0.113625
505.71,344.18,0.136432,0.114109
505.71,347.68,0.137205,0.114346
505.71,351.22,0.139885,0.117288
505.71,354.77,0.144346,0.121108
505.71,358.31,0.152183,0.128101
505.71,361.86,0.162208,0.138391
505.71,365.44,0.174152,0.149235
505.71,368.64,0.187143,0.162531
505.71,372.44,0.200443,0.174765
505.71,375.94,0.211974,0.186838
505.71,379.53,0.221921,0.195972
505.71,382.99,0.23015,0.204269
505.71,386.79,0.23608,0.21048
505.71,390.29,0.240566,0.214944
505.71,393.92,0.245061,0.220372
505.71,397.42,0.249845,0.224669
505.71,401.06,0.256089,0.230908
505.71,404.6,0.263785,0.238394
505.71,408.14,0.271314,0.245945
505.71,411.73,0.279179,0.253459
505.71,415.23,0.285128,0.259149
505.71,418.82,0.289121,0.263064
505.71,422.41,0.290421,0.264364
505.71,425.95,0.289145,0.262741
505.71,429.45,0.28502,0.258924
505.71,433.08,0.279238,0.252562
505.71,436.54,0.271666,0.245575
505.71,440.12,0.2632,0.237898
505.71,443.62,0.253668,0.227858
505.71,447.21,0.243471,0.216838
505.71,450.76,0.23365,0.207886
505.71,454.3,0.223918,0.199081
505.71,458.41,0.213776,0.191256
505.71,462.0,0.205406,0.181435
505.71,465.59,0.197685,0.173342
505.71,469.17,0.190384,0.165945
505.71,472.67,0.18405,0.159472
505.71,476.31,0.178656,0.155018
505.71,479.81,0.17368,0.14917
505.71,483.35,0.170101,0.146382
505.71,486.85,0.166364,0.142384
505.71,490.39,0.162627,0.137972
505.71,493.94,0.159309,0.135424
505.71,497.44,0.156342,0.132091
505.71,501.07,0.153009,0.129136
505.71,504.57,0.14986,0.125976
505.71,508.2,0.14669,0.12316
505.71,511.7,0.143644,0.12039
505.71,515.24,0.141416,0.117747
505.71,518.74,0.138702,0.11531
505.71,522.29,0.135609,0.112935
505.71,525.92,0.132701,0.110329
505.71,529.37,0.12987,0.107186
505.71,532.57,0.127109,0.10539
505.71,536.51,0.124854,0.103021
505.71,540.09,0.122439,0.100597
505.71,543.59,0.120073,0.098302
505.71,547.18,0.117652,0.095218
505.71,550.68,0.115279,0.093182
505.71,554.27,0.112818,0.090893
505.71,557.81,0.110757,0.089047
505.71,561.36,0.108188,0.086164
505.71,564.9,0.105437,0.083209
505.71,568.44,0.103086,0.080939
505.71,571.94,0.101185,0.078976
505.71,575.53,0.099867,0.077359
505.71,579.07,0.099947,0.077267
505.71,582.66,0.10169,0.078622
505.71,586.16,0.104953,0.082461
505.71,589.71,0.110933,0.087519
505.71,593.34,0.120252,0.096447
505.71,596.84,0.132907,0.10856
505.71,600.38,0.149136,0.12495
505.71,603.88,0.169851,0.144937
505.71,607.51,0.196398,0.171114
505.71,611.01,0.228606,0.202464
505.71,614.6,0.265945,0.239715
505.71,618.19,0.305519,0.277987
505.71,621.69,0.339232,0.311527
505.71,625.27,0.360563,0.332343
505.71,628.77,0.367855,0.340042
505.71,632.27,0.361123,0.33425
505.71,635.77,0.343425,0.317017
505.71,639.71,0.314937,0.287245
505.71,643.21,0.283847,0.258474
505.71,646.84,0.253455,0.227886
505.71,650.65,0.221998,0.19641
505.71,654.37,0.196653,0.174106
505.71,657.87,0.179817,0.156638
505.71,661.46,0.170147,0.147125
505.71,664.91,0.166854,0.143576
505.71,668.67,0.16986,0.145942
505.71,672.17,0.176641,0.153878
505.71,675.76,0.187251,0.163271
505.71,679.31,0.199451,0.174854
505.71,682.89,0.212919,0.184666
505.71,686.48,0.222371,0.198111
541.8,12.12,0.100406,0.070178
541.8,15.66,0.102042,0.07921
541.8,19.6,0.106071,0.083175
541.8,23.1,0.110344,0.087935
541.8,26.64,0.115985,0.093699
541.8,30.27,0.123403,0.101342
541.8,33.86,0.13255,0.10971
541.8,37.41,0.143114,0.120156
541.8,40.95,0.156472,0.133163
541.8,44.45,0.171616,0.147565
541.8,48.17,0.188372,0.162957
541.8,51.67,0.206616,0.181964
541.8,55.26,0.225476,0.199056
541.8,58.84,0.242707,0.216407
541.8,62.82,0.261348,0.234491
541.8,66.41,0.275523,0.250082
541.8,69.91,0.288264,0.262048
541.8,73.5,0.299222,0.272386
541.8,77.04,0.308788,0.282279
541.8,80.63,0.315954,0.289032
541.8,84.13,0.322322,0.295701
541.8,87.63,0.327553,0.300449
541.8,91.61,0.332417,0.301678
541.8,95.16,0.335874,0.307935
541.8,98.7,0.338643,0.310581
541.8,102.16,0.340137,0.312713
541.8,106.05,0.340476,0.313385
541.8,109.68,0.338957,0.312377
541.8,113.18,0.33498,0.308237
541.8,116.72,0.329075,0.302291
541.8,120.66,0.319583,0.290298
541.8,124.25,0.309053,0.281924
541.8,127.79,0.297337,0.270393
541.8,131.42,0.284192,0.257103
541.8,135.41,0.27121,0.247199
541.8,138.95,0.260218,0.235476
541.8,142.54,0.249019,0.224592
541.8,146.04,0.238606,0.214084
541.8,149.8,0.22706,0.199629
541.8,153.43,0.217778,0.193317
541.8,156.97,0.20808,0.183496
541.8,160.52,0.199614,0.174685
541.8,164.54,0.190128,0.16799
541.8,168.13,0.183671,0.160646
541.8,171.67,0.177673,0.154691
541.8,175.17,0.17255,0.14938
541.8,178.89,0.168252,0.144349
541.8,182.48,0.164257,0.140936
541.8,186.02,0.160748,0.136869
541.8,189.57,0.157525,0.132969
541.8,193.16,0.154528,0.130547
541.8,196.7,0.15169,0.12783
541.8,200.24,0.148363,0.124392
541.8,203.7,0.145239,0.121352
541.8,207.24,0.142263,0.118372
541.8,210.83,0.139811,0.116404
541.8,214.33,0.13677,0.113299
541.8,217.87,0.134232,0.11043
541.8,221.37,0.131515,0.107963
541.8,224.96,0.128964,0.105908
541.8,228.55,0.126524,0.103727
541.8,232.09,0.125079,0.101903
541.8,235.64,0.123369,0.099928
541.8,239.18,0.12153,0.099824
541.8,242.77,0.120181,0.097664
541.8,246.4,0.11897,0.097011
541.8,249.86,0.118243,0.096256
541.8,253.53,0.117917,0.095874
541.8,257.03,0.117359,0.095498
541.8,260.53,0.117759,0.09568
541.8,264.07,0.117799,0.095643
541.8,267.57,0.117941,0.095375
541.8,271.12,0.117568,0.095138
541.8,274.66,0.116712,0.094774
541.8,278.21,0.115464,0.092852
541.8,282.01,0.114361,0.08901
541.8,285.6,0.112886,0.08987
541.8,289.19,0.112279,0.088899
541.8,292.73,0.111185,0.08828
541.8,296.58,0.111339,0.090726
541.8,300.21,0.111804,0.089925
541.8,303.62,0.113104,0.090732
541.8,307.21,0.114685,0.092464
541.8,311.32,0.117741,0.091644
541.8,314.87,0.120538,0.097088
541.8,318.41,0.124053,0.100628
541.8,322.0,0.127519,0.103946
541.8,325.67,0.131607,0.110551
541.8,329.39,0.136373,0.113955
541.8,332.94,0.141758,0.118832
541.8,336.48,0.147803,0.12486
541.8,340.16,0.156222,0.131139
541.8,343.74,0.165477,0.141817
541.8,347.2,0.176983,0.152846
541.8,350.74,0.190168,0.165837
541.8,354.24,0.205988,0.1808
541.8,357.87,0.22283,0.196666
541.8,361.37,0.239219,0.21344
541.8,364.87,0.255325,0.228292
541.8,368.46,0.270208,0.243086
541.8,372.05,0.283437,0.25649
541.8,375.55,0.296099,0.268403
541.8,379.18,0.306752,0.278868
541.8,382.68,0.314876,0.287229
541.8,386.09,0.32129,0.293301
541.8,389.72,0.32596,0.298508
541.8,393.27,0.328954,0.301665
541.8,396.81,0.331323,0.303631
541.8,400.31,0.332793,0.305627
541.8,403.86,0.33449,0.307158
541.8,407.36,0.336043,0.308828
541.8,410.99,0.337177,0.31015
541.8,414.53,0.337088,0.31063
541.8,417.68,0.335593,0.309065
541.8,421.57,0.332017,0.305307
541.8,425.16,0.326364,0.299718
541.8,428.71,0.317291,0.291056
541.8,431.94,0.306182,0.278428
541.8,435.97,0.294275,0.267944
541.8,439.51,0.280982,0.25487
541.8,443.19,0.267941,0.240677
541.8,446.82,0.254675,0.229139
541.8,450.58,0.242661,0.217775
541.8,454.08,0.231225,0.206167
541.8,457.62,0.219931,0.195529
541.8,461.21,0.209857,0.185828
541.8,464.76,0.200899,0.176998
541.8,468.26,0.191949,0.168831
541.8,471.8,0.184602,0.161059
541.8,475.34,0.177541,0.154078
541.8,478.89,0.17153,0.148486
541.8,482.43,0.165378,0.142414
541.8,486.06,0.159793,0.136989
541.8,489.56,0.155128,0.131734
541.8,493.59,0.149081,0.12308
541.8,497.17,0.144124,0.120991
541.8,500.72,0.139737,0.116416
541.8,504.31,0.134876,0.112214
541.8,507.85,0.130135,0.108409
541.8,511.44,0.126348,0.10345
541.8,514.98,0.121823,0.100101
541.8,518.44,0.117667,0.095652
541.8,522.68,0.112759,0.0873
541.8,526.22,0.10901,0.086148
541.8,529.86,0.105153,0.082362
541.8,533.36,0.100948,0.078299
541.8,537.12,0.096453,0.075945
541.8,540.66,0.093175,0.071382
541.8,544.16,0.08926,0.067535
541.8,547.71,0.085341,0.063998
541.8,551.38,0.081466,0.06036
541.8,554.84,0.07836,0.057017
541.8,558.34,0.07426,0.053219
541.8,562.1,0.070292,0.048776
541.8,565.6,0.066053,0.043875
541.8,569.19,0.061841,0.039722
541.8,572.73,0.057325,0.035886
541.8,576.27,0.052864,0.030806
541.8,579.82,0.048403,0.027153
541.8,583.36,0.044146,0.022649
541.8,586.86,0.040095,0.018471
541.8,590.49,0.03597,0.014192
541.8,593.99,0.033366,0.01219
541.8,597.54,0.032214,0.010406
541.8,601.08,0.03405,0.012199
541.8,604.54,0.039161,0.017316
541.8,608.12,0.04857,0.026447
541.8,611.67,0.061783,0.039429
541.8,615.26,0.078265,0.056213
541.8,618.76,0.098613,0.075794
541.8,622.21,0.123918,0.100088
541.8,625.8,0.153819,0.130122
541.8,629.47,0.189506,0.164968
541.8,632.93,0.23145,0.205279
541.8,636.56,0.271173,0.244605
541.8,640.76,0.306056,0.274293
541.8,644.31,0.317559,0.290082
541.8,647.81,0.312855,0.285513
541.8,651.35,0.293033,0.267134
541.8,655.29,0.259768,0.236428
541.8,658.83,0.222981,0.199651
541.8,662.37,0.184404,0.162196
541.8,665.96,0.150381,0.128591
541.8,669.51,0.122806,0.100397
541.8,673.05,0.110042,0.087707
541.8,676.68,0.114559,0.090763
541.8,680.27,0.132042,0.107436
541.8,683.77,0.153758,0.128785
541.8,687.36,0.173117,0.148262
577.81,12.29,0.151025,0.120738
577.81,15.84,0.149032,0.126379
577.81,19.38,0.148342,0.125886
577.81,22.92,0.149688,0.126872
577.81,26.51,0.153003,0.129728
577.81,30.23,0.159438,0.133557
577.81,33.64,0.168751,0.143459
577.81,37.32,0.179238,0.154602
577.81,40.91,0.192827,0.167655
577.81,44.41,0.209207,0.183283
577.81,48.12,0.228566,0.202402
577.81,51.67,0.248532,0.222886
577.81,55.17,0.268579,0.241937
577.81,58.76,0.287781,0.261351
577.81,62.3,0.305227,0.27881
577.81,65.93,0.319774,0.292627
577.81,69.39,0.33104,0.304259
577.81,73.06,0.339826,0.312691
577.81,76.69,0.345387,0.317775
577.81,80.24,0.350572,0.323033
577.81,83.87,0.355655,0.326986
577.81,87.37,0.361339,0.333656
577.81,90.87,0.368391,0.340476
577.81,94.5,0.375097,0.345732
577.81,98.04,0.380261,0.351508
577.81,101.63,0.384047,0.354601
577.81,105.17,0.384133,0.355144
577.81,108.72,0.381665,0.352691
577.81,112.31,0.376311,0.347685
577.81,115.85,0.368773,0.340855
577.81,119.44,0.359148,0.331342
577.81,123.02,0.347568,0.321022
577.81,126.57,0.334731,0.308252
577.81,130.16,0.320886,0.295137
577.81,133.66,0.30621,0.280643
577.81,137.16,0.291712,0.265972
577.81,140.66,0.278046,0.253055
577.81,144.24,0.26511,0.240362
577.81,147.74,0.253474,0.228985
577.81,151.29,0.242935,0.218157
577.81,154.7,0.232898,0.208933
577.81,158.37,0.223274,0.199321
577.81,161.87,0.214746,0.190436
577.81,165.37,0.206167,0.182587
577.81,169.05,0.198736,0.174793
577.81,172.55,0.191721,0.168101
577.81,176.14,0.185458,0.161635
577.81,179.55,0.179321,0.155735
577.81,183.18,0.173733,0.149303
577.81,186.68,0.168616,0.144981
577.81,190.22,0.163508,0.139244
577.81,193.81,0.159158,0.135227
577.81,197.36,0.155473,0.131339
577.81,200.99,0.1521,0.128234
577.81,204.57,0.149389,0.125412
577.81,208.12,0.146644,0.122953
577.81,211.71,0.143896,0.120615
577.81,215.25,0.141669,0.118942
577.81,218.79,0.13922,0.116204
577.81,222.29,0.137103,0.11373
577.81,225.79,0.135116,0.112593
577.81,229.38,0.132726,0.110908
577.81,233.06,0.130587,0.10852
577.81,236.64,0.128169,0.106148
577.81,240.1,0.126521,0.104386
577.81,243.69,0.124864,0.102602
577.81,247.19,0.122923,0.100957
577.81,250.69,0.121296,0.099525
577.81,254.19,0.120055,0.09747
577.81,257.73,0.11816,0.095994
577.81,261.32,0.116595,0.094848
577.81,264.91,0.115159,0.092035
577.81,268.41,0.113853,0.092048
577.81,271.91,0.113191,0.090868
577.81,275.41,0.112568,0.090104
577.81,278.91,0.112279,0.090329
577.81,282.49,0.112476,0.089731
577.81,285.99,0.112461,0.089922
577.81,289.49,0.11283,0.08995
577.81,292.99,0.113397,0.090708
577.81,296.49,0.114355,0.091749
577.81,300.04,0.116077,0.092097
577.81,303.67,0.117679,0.094916
577.81,307.26,0.119894,0.096333
577.81,310.8,0.122242,0.09865
577.81,314.3,0.12503,0.101499
577.81,317.89,0.127994,0.104694
577.81,321.43,0.132032,0.108637
577.81,324.97,0.137112,0.113748
577.81,328.52,0.143058,0.119494
577.81,332.06,0.151373,0.128342
577.81,335.69,0.161247,0.137852
577.81,339.28,0.172839,0.149512
577.81,342.87,0.186133,0.162297
577.81,347.2,0.20482,0.176961
577.81,350.7,0.221958,0.196552
577.81,354.24,0.24108,0.215076
577.81,357.79,0.261111,0.234749
577.81,361.46,0.282654,0.2573
577.81,365.05,0.303462,0.276715
577.81,368.55,0.321989,0.295156
577.81,372.14,0.33762,0.31002
577.81,376.03,0.351323,0.319515
577.81,379.66,0.359953,0.331792
577.81,383.21,0.367063,0.338326
577.81,386.75,0.371906,0.342987
577.81,390.64,0.37551,0.348939
577.81,394.14,0.378887,0.351083
577.81,397.69,0.383083,0.355331
577.81,401.23,0.387636,0.359943
577.81,405.21,0.39332,0.360704
577.81,408.8,0.396465,0.36767
577.81,412.3,0.397214,0.367947
577.81,415.84,0.394691,0.36568
577.81,419.74,0.388218,0.360898
577.81,423.41,0.38006,0.352229
577.81,426.96,0.369644,0.342266
577.81,430.46,0.357408,0.330695
577.81,434.57,0.341619,0.310633
577.81,438.11,0.327017,0.299712
577.81,441.61,0.311967,0.284928
577.81,445.2,0.296804,0.270322
577.81,448.87,0.282137,0.257131
577.81,452.42,0.269574,0.244124
577.81,456.05,0.257402,0.232753
577.81,459.55,0.246428,0.221792
577.81,463.18,0.235239,0.21059
577.81,466.77,0.225122,0.200658
577.81,470.31,0.215754,0.191749
577.81,473.86,0.206589,0.18239
577.81,477.44,0.19824,0.17409
577.81,480.99,0.189635,0.165252
577.81,484.53,0.182784,0.158644
577.81,488.03,0.176096,0.152744
577.81,491.57,0.169863,0.1456
577.81,495.12,0.163721,0.139546
577.81,498.71,0.158268,0.134189
577.81,502.21,0.153012,0.12885
577.81,505.75,0.147534,0.123674
577.81,509.16,0.141928,0.118674
577.81,512.92,0.136977,0.113336
577.81,516.42,0.13169,0.108816
577.81,519.97,0.126838,0.104084
577.81,523.51,0.122766,0.100008
577.81,527.14,0.118191,0.096422
577.81,530.64,0.113773,0.091213
577.81,534.14,0.109605,0.087356
577.81,537.77,0.104974,0.083705
577.81,541.32,0.100347,0.078751
577.81,544.91,0.095631,0.074152
577.81,548.49,0.091395,0.070021
577.81,551.99,0.086539,0.065239
577.81,555.54,0.081937,0.060896
577.81,559.08,0.07787,0.056687
577.81,562.67,0.073031,0.050939
577.81,566.26,0.068234,0.046429
577.81,569.8,0.063859,0.041912
577.81,573.34,0.059023,0.037726
577.81,576.97,0.054118,0.031555
577.81,580.52,0.049137,0.027174
577.81,584.28,0.043061,0.022701
577.81,587.74,0.037208,0.016232
577.81,591.32,0.031891,0.011672
577.81,594.87,0.026749,0.006885
577.81,598.37,0.023949,0.00337
577.81,601.87,0.025501,0.005113
577.81,605.46,0.033024,0.012772
577.81,609.0,0.045172,0.023656
577.81,612.5,0.061552,0.039374
577.81,616.17,0.081986,0.060153
577.81,619.76,0.108641,0.085541
577.81,623.31,0.141401,0.117732
577.81,626.94,0.179922,0.15527
577.81,630.61,0.226194,0.197125
577.81,634.2,0.261333,0.234179
577.81,637.83,0.283425,0.255396
577.81,641.29,0.289065,0.262131
577.81,644.83,0.279161,0.252645
577.81,648.37,0.256632,0.230806
577.81,651.92,0.22462,0.200443
577.81,655.37,0.188828,0.165825
577.81,659.09,0.154713,0.133064
577.81,662.59,0.128613,0.106694
577.81,666.14,0.116657,0.094747
577.81,669.77,0.122282,0.100344
577.81,673.49,0.142799,0.11865
577.81,677.07,0.167793,0.143163
577.81,680.57,0.192864,0.168178
577.81,684.07,0.216086,0.190929
577.81,687.62,0.233499,0.208067
613.9,12.21,0.146931,0.114596
613.9,15.71,0.141028,0.118332
613.9,20.04,0.13507,0.109294
613.9,23.54,0.132488,0.108924
613.9,27.04,0.132131,0.108844
613.9,30.58,0.135366,0.111647
613.9,34.08,0.142904,0.119312
613.9,37.32,0.155329,0.131006
613.9,41.17,0.171117,0.146296
613.9,44.58,0.190375,0.165338
613.9,48.3,0.211869,0.186148
613.9,51.36,0.233714,0.208887
613.9,55.43,0.253295,0.226989
613.9,58.93,0.269947,0.243341
613.9,62.47,0.282559,0.256089
613.9,66.06,0.29254,0.266401
613.9,69.56,0.298677,0.272217
613.9,73.06,0.302827,0.276416
613.9,76.65,0.307081,0.281154
613.9,80.19,0.312694,0.285954
613.9,83.78,0.321364,0.294746
613.9,87.32,0.33299,0.3056
613.9,90.82,0.346305,0.318924
613.9,94.32,0.360526,0.332802
613.9,97.91,0.374527,0.345347
613.9,101.5,0.385914,0.357272
613.9,105.04,0.392688,0.364158
613.9,108.54,0.395208,0.366659
613.9,112.22,0.392728,0.362208
613.9,115.81,0.386727,0.357664
613.9,119.39,0.376998,0.348585
613.9,122.89,0.366031,0.337848
613.9,126.48,0.3538,0.326216
613.9,129.98,0.340304,0.31311
613.9,133.57,0.325985,0.299229
613.9,137.11,0.31137,0.285144
613.9,140.57,0.296934,0.271099
613.9,144.2,0.283187,0.257577
613.9,147.74,0.270849,0.245461
613.9,151.24,0.259226,0.2343
613.9,154.83,0.248637,0.22385
613.9,158.55,0.237408,0.212627
613.9,162.18,0.228083,0.203536
613.9,165.77,0.219022,0.194469
613.9,169.36,0.210563,0.185005
613.9,172.9,0.203188,0.178289
613.9,176.49,0.196056,0.171358
613.9,180.03,0.189398,0.164269
613.9,183.62,0.183351,0.158853
613.9,187.16,0.177645,0.153462
613.9,190.62,0.172769,0.148003
613.9,194.16,0.168021,0.143933
613.9,197.71,0.163717,0.139894
613.9,201.29,0.159753,0.136407
613.9,204.88,0.156459,0.133533
613.9,208.38,0.152661,0.129438
613.9,211.92,0.149013,0.125862
613.9,215.42,0.14511,0.122661
613.9,218.97,0.141992,0.118819
613.9,222.38,0.137873,0.115421
613.9,226.1,0.134019,0.111724
613.9,229.64,0.130128,0.107975
613.9,233.27,0.12674,0.104463
613.9,236.77,0.123782,0.101438
613.9,240.36,0.120661,0.09824
613.9,243.86,0.117621,0.095551
613.9,246.84,0.115113,0.092867
613.9,250.91,0.112621,0.090175
613.9,254.54,0.110849,0.087701
613.9,258.04,0.109158,0.086422
613.9,261.67,0.107051,0.082572
613.9,265.39,0.104777,0.082183
613.9,268.93,0.102596,0.080218
613.9,272.52,0.100307,0.077975
613.9,276.06,0.098425,0.076466
613.9,279.65,0.096518,0.074306
613.9,283.19,0.094731,0.0734
613.9,286.78,0.092852,0.071407
613.9,290.28,0.09149,0.069509
613.9,293.52,0.089922,0.068958
613.9,297.37,0.088798,0.067282
613.9,300.91,0.087137,0.065939
613.9,304.5,0.085621,0.064531
613.9,308.0,0.085125,0.06361
613.9,311.63,0.084257,0.062519
613.9,315.13,0.085267,0.063483
613.9,318.67,0.086663,0.065132
613.9,322.22,0.089639,0.067738
613.9,325.72,0.094269,0.072461
613.9,329.22,0.100347,0.077331
613.9,332.76,0.108403,0.085375
613.9,336.31,0.119284,0.096256
613.9,339.76,0.133739,0.110347
613.9,343.35,0.152045,0.127171
613.9,346.94,0.172846,0.14722
613.9,350.48,0.196114,0.17039
613.9,354.07,0.220649,0.194811
613.9,357.61,0.244374,0.217929
613.9,361.11,0.264383,0.237433
613.9,364.74,0.28011,0.253375
613.9,368.29,0.290563,0.264158
613.9,371.87,0.293209,0.267257
613.9,375.42,0.288964,0.263591
613.9,378.96,0.280523,0.254919
613.9,382.55,0.268813,0.243523
613.9,386.14,0.257309,0.232411
613.9,389.68,0.24946,0.224549
613.9,393.22,0.248634,0.223594
613.9,396.81,0.256173,0.230757
613.9,400.36,0.271841,0.24539
613.9,403.94,0.293348,0.266213
613.9,407.44,0.318144,0.289965
613.9,410.99,0.341773,0.312999
613.9,414.49,0.361413,0.33307
613.9,418.12,0.376561,0.347537
613.9,421.62,0.386367,0.356776
613.9,425.25,0.38941,0.359851
613.9,428.75,0.387633,0.358412
613.9,432.25,0.381397,0.352972
613.9,435.79,0.372469,0.343954
613.9,439.38,0.361209,0.333018
613.9,442.66,0.348465,0.321699
613.9,446.6,0.335584,0.309232
613.9,450.19,0.321977,0.296015
613.9,453.73,0.308252,0.282722
613.9,457.27,0.294657,0.269429
613.9,460.82,0.281311,0.255834
613.9,464.36,0.269022,0.243748
613.9,467.99,0.256983,0.231955
613.9,471.54,0.245513,0.220899
613.9,475.08,0.23454,0.210171
613.9,478.23,0.225134,0.200212
613.9,482.12,0.215751,0.19113
613.9,485.67,0.206749,0.182442
613.9,488.86,0.198191,0.173308
613.9,492.8,0.189759,0.165372
613.9,496.3,0.1817,0.15788
613.9,499.8,0.174337,0.149796
613.9,502.86,0.167516,0.143246
613.9,506.97,0.160369,0.135926
613.9,510.52,0.153949,0.13027
613.9,514.11,0.147513,0.124324
613.9,517.56,0.141912,0.11848
613.9,521.24,0.135948,0.113496
613.9,524.82,0.130101,0.108172
613.9,528.37,0.124703,0.102763
613.9,532.04,0.119075,0.09722
613.9,535.63,0.1132,0.091567
613.9,539.09,0.108289,0.08649
613.9,542.72,0.102565,0.080751
613.9,546.26,0.097112,0.075375
613.9,549.81,0.092149,0.070541
613.9,553.31,0.086752,0.064716
613.9,556.89,0.08093,0.058838
613.9,560.48,0.075646,0.053493
613.9,564.02,0.069288,0.047581
613.9,567.57,0.0634,0.041213
613.9,571.16,0.056577,0.034728
613.9,574.7,0.049879,0.028098
613.9,578.37,0.042572,0.021361
613.9,581.87,0.034922,0.014158
613.9,585.42,0.028379,0.007723
613.9,588.96,0.024362,0.004235
613.9,592.59,0.026894,0.007713
613.9,596.14,0.036466,0.016025
613.9,599.68,0.052556,0.031321
613.9,603.31,0.072895,0.051259
613.9,606.77,0.099645,0.076912
613.9,610.31,0.133921,0.110264
613.9,613.99,0.174488,0.149716
613.9,617.49,0.217004,0.19116
613.9,620.99,0.250871,0.224669
613.9,624.53,0.270701,0.244186
613.9,628.12,0.274509,0.248366
613.9,631.62,0.263511,0.237879
613.9,635.12,0.240948,0.216632
613.9,638.79,0.209642,0.184454
613.9,642.34,0.177722,0.154229
613.9,645.88,0.150846,0.127726
613.9,649.34,0.132627,0.109666
613.9,653.01,0.128274,0.105036
613.9,656.64,0.137331,0.113302
613.9,660.14,0.155344,0.13125
613.9,663.64,0.177753,0.152966
613.9,666.75,0.203301,0.177997
613.9,670.69,0.229638,0.204056
613.9,674.19,0.253536,0.22698
613.9,677.73,0.274749,0.248286
613.9,681.36,0.29169,0.265575
613.9,684.91,0.301376,0.274928
613.9,688.45,0.301724,0.275846
650.26,11.46,0.052405,0.022929
650.26,14.96,0.088927,0.064861
650.26,18.68,0.144368,0.11999
650.26,22.27,0.206188,0.180014
650.26,25.81,0.270393,0.243237
650.26,29.44,0.330455,0.30222
650.26,32.94,0.376022,0.346977
650.26,36.44,0.40344,0.37466
650.26,40.12,0.406946,0.378277
650.26,43.62,0.38665,0.359284
650.26,47.12,0.347094,0.321092
650.26,50.66,0.294155,0.270024
650.26,54.21,0.236693,0.213354
650.26,57.75,0.18048,0.158727
650.26,61.25,0.130772,0.109395
650.26,64.84,0.088687,0.067501
650.26,68.38,0.057165,0.03613
650.26,71.88,0.040039,0.019309
650.26,75.47,0.050332,0.028061
650.26,78.97,0.078369,0.055313
650.26,82.51,0.114734,0.090507
650.26,86.1,0.155865,0.130279
650.26,89.64,0.198338,0.171835
650.26,93.19,0.239863,0.212852
650.26,96.73,0.278258,0.250618
650.26,100.36,0.313255,0.285205
650.26,103.91,0.341672,0.313499
650.26,107.41,0.361684,0.333394
650.26,110.91,0.374669,0.346148
650.26,114.49,0.380655,0.352522
650.26,118.04,0.380969,0.352833
650.26,121.62,0.376166,0.34889
650.26,125.17,0.368603,0.341345
650.26,128.71,0.358341,0.331705
650.26,132.21,0.347047,0.320224
650.26,135.8,0.334558,0.308314
650.26,139.34,0.321545,0.29511
650.26,142.89,0.3084,0.282596
650.26,146.78,0.293317,0.264509
650.26,150.28,0.280464,0.254401
650.26,153.91,0.268237,0.241903
650.26,157.37,0.256983,0.231185
650.26,160.91,0.245701,0.220005
650.26,164.46,0.234943,0.209623
650.26,168.0,0.225335,0.200193
650.26,171.59,0.216545,0.191921
650.26,175.52,0.207291,0.183545
650.26,179.11,0.199611,0.176105
650.26,182.66,0.192125,0.167938
650.26,186.24,0.185683,0.161555
650.26,189.74,0.178742,0.153262
650.26,193.33,0.172531,0.149494
650.26,196.87,0.166484,0.142759
650.26,200.46,0.160486,0.136093
650.26,204.01,0.154605,0.130609
650.26,207.51,0.149478,0.125692
650.26,211.09,0.144361,0.12104
650.26,214.59,0.13987,0.116524
650.26,218.09,0.135267,0.112183
650.26,221.55,0.130874,0.107011
650.26,225.18,0.126792,0.103323
650.26,228.68,0.122451,0.099497
650.26,232.22,0.118126,0.09532
650.26,235.77,0.11389,0.091256
650.26,239.36,0.109531,0.087562
650.26,242.94,0.104642,0.082633
650.26,246.44,0.099907,0.077809
650.26,250.16,0.094633,0.073792
650.26,253.66,0.089531,0.068419
650.26,257.29,0.084226,0.062596
650.26,260.79,0.079152,0.057704
650.26,264.69,0.072196,0.047877
650.26,268.27,0.065658,0.043604
650.26,271.86,0.057917,0.036355
650.26,275.36,0.049482,0.028305
650.26,279.39,0.038887,0.020341
650.26,282.93,0.029765,0.009657
650.26,286.47,0.023813,0.003336
650.26,290.06,0.029901,0.009094
650.26,294.09,0.052704,0.029244
650.26,297.76,0.082994,0.060424
650.26,301.26,0.123582,0.100098
650.26,304.89,0.168129,0.143705
650.26,308.52,0.207996,0.182645
650.26,312.16,0.231675,0.206505
650.26,315.66,0.237365,0.212245
650.26,319.2,0.226604,0.202584
650.26,322.74,0.201549,0.177553
650.26,326.24,0.168985,0.146475
650.26,329.87,0.133289,0.110606
650.26,333.37,0.102134,0.080144
650.26,337.05,0.087347,0.064864
650.26,340.55,0.092353,0.069546
650.26,344.14,0.105372,0.082193
650.26,347.68,0.112319,0.089118
650.26,351.18,0.103175,0.080452
650.26,355.34,0.068764,0.048083
650.26,359.06,0.034201,0.014962
650.26,362.51,0.026872,0.005495
650.26,366.1,0.054355,0.032048
650.26,369.64,0.079959,0.057146
650.26,373.1,0.098483,0.075172
650.26,376.69,0.110227,0.086484
650.26,380.27,0.114232,0.090994
650.26,383.82,0.113434,0.090347
650.26,387.36,0.110175,0.087365
650.26,391.04,0.106321,0.084229
650.26,394.49,0.106096,0.083502
650.26,398.08,0.112051,0.089284
650.26,401.58,0.126518,0.103071
650.26,405.12,0.149916,0.126456
650.26,408.67,0.179106,0.154266
650.26,412.17,0.215738,0.19064
650.26,415.8,0.252349,0.226438
650.26,419.3,0.285994,0.259324
650.26,422.84,0.317531,0.290362
650.26,426.39,0.34246,0.314678
650.26,430.02,0.35946,0.331465
650.26,433.52,0.369715,0.341915
650.26,437.06,0.372922,0.345248
650.26,440.61,0.371576,0.343807
650.26,444.11,0.365985,0.339096
650.26,447.56,0.357716,0.331083
650.26,451.11,0.347999,0.321148
650.26,454.65,0.336234,0.309515
650.26,458.19,0.323742,0.296967
650.26,461.74,0.310079,0.283286
650.26,465.28,0.296197,0.269669
650.26,468.78,0.282704,0.256468
650.26,472.32,0.270255,0.244044
650.26,475.82,0.257981,0.23239
650.26,479.46,0.246277,0.220264
650.26,482.96,0.234571,0.209192
650.26,486.54,0.223757,0.198875
650.26,490.17,0.213588,0.188625
650.26,493.67,0.203958,0.179297
650.26,497.26,0.195138,0.170782
650.26,500.81,0.186647,0.162784
650.26,504.35,0.177852,0.154657
650.26,507.89,0.169629,0.146807
650.26,511.48,0.161444,0.138594
650.26,515.07,0.153862,0.131182
650.26,518.48,0.145969,0.123117
650.26,522.11,0.138671,0.116385
650.26,525.61,0.131499,0.109364
650.26,529.16,0.124854,0.102587
650.26,532.66,0.117775,0.096047
650.26,536.2,0.110893,0.088733
650.26,539.74,0.10409,0.082322
650.26,543.33,0.096918,0.075329
650.26,546.87,0.090064,0.068286
650.26,550.42,0.082778,0.061136
650.26,553.92,0.075353,0.053946
650.26,557.51,0.066678,0.045141
650.26,561.01,0.05759,0.036447
650.26,564.46,0.047861,0.026851
650.26,568.05,0.037855,0.016617
650.26,571.64,0.02954,0.008761
650.26,575.09,0.026915,0.006111
650.26,578.77,0.034525,0.012713
650.26,582.27,0.050532,0.028514
650.26,585.81,0.072935,0.050107
650.26,589.36,0.102442,0.078607
650.26,592.81,0.140517,0.115732
650.26,596.49,0.183305,0.157972
650.26,600.07,0.222765,0.196783
650.26,603.57,0.249657,0.223437
650.26,607.12,0.260874,0.235495
650.26,610.71,0.257174,0.23218
650.26,614.21,0.241126,0.217035
650.26,617.79,0.216724,0.193144
650.26,621.29,0.188135,0.165427
650.26,624.88,0.16304,0.140732
650.26,628.42,0.143973,0.121385
650.26,632.01,0.134811,0.112753
650.26,635.51,0.137722,0.115064
650.26,638.97,0.149518,0.126432
650.26,642.56,0.167501,0.143055
650.26,646.1,0.187303,0.162695
650.26,649.64,0.208406,0.183573
650.26,653.1,0.229854,0.204139
650.26,656.69,0.250828,0.22442
650.26,660.23,0.271277,0.244682
650.26,663.69,0.291746,0.265174
650.26,667.36,0.312617,0.283597
650.26,670.91,0.330744,0.302408
650.26,674.54,0.344956,0.316379
650.26,678.08,0.354142,0.325288
650.26,681.67,0.35474,0.327195
650.26,685.26,0.345658,0.318255
686.26,11.99,0.070166,0.042504
686.26,15.53,0.08027,0.057723
686.26,19.03,0.112189,0.088311
686.26,22.62,0.149078,0.123788
686.26,26.12,0.182374,0.157048
686.26,29.84,0.213927,0.18666
686.26,33.42,0.237402,0.211049
686.26,37.06,0.251644,0.225714
686.26,40.6,0.254142,0.228606
686.26,44.14,0.24056,0.215935
686.26,47.64,0.207956,0.184833
686.26,51.19,0.161225,0.139127
686.26,54.69,0.109685,0.088899
686.26,58.23,0.063693,0.044408
686.26,61.77,0.032196,0.012297
686.26,65.62,0.032602,0.011749
686.26,69.34,0.044861,0.022026
686.26,72.84,0.055178,0.033049
686.26,76.74,0.066801,0.044371
686.26,80.19,0.082411,0.060055
686.26,83.78,0.106222,0.082898
686.26,87.32,0.137442,0.113795
686.26,91.0,0.174977,0.151293
686.26,94.72,0.215276,0.189324
686.26,98.26,0.253951,0.227621
686.26,101.85,0.289641,0.261758
686.26,105.39,0.32088,0.291582
686.26,108.94,0.343452,0.315418
686.26,112.66,0.359601,0.329466
686.26,116.24,0.368378,0.339453
686.26,119.7,0.371055,0.341998
686.26,123.33,0.368702,0.339885
686.26,126.92,0.362346,0.334885
686.26,130.51,0.354192,0.326508
686.26,134.01,0.343625,0.315954
686.26,137.59,0.331185,0.305769
686.26,141.22,0.319065,0.293246
686.26,144.72,0.306182,0.280575
686.26,148.36,0.292845,0.26714
686.26,152.07,0.278828,0.252781
686.26,155.53,0.266123,0.241145
686.26,159.07,0.254281,0.229115
686.26,162.62,0.243036,0.21807
686.26,166.29,0.231465,0.204411
686.26,169.88,0.220436,0.195806
686.26,173.42,0.211407,0.186496
686.26,176.97,0.202692,0.178292
686.26,180.47,0.194774,0.170104
686.26,184.01,0.187196,0.162747
686.26,187.6,0.180249,0.155819
686.26,191.14,0.172876,0.149346
686.26,194.73,0.166487,0.143104
686.26,198.23,0.159364,0.136835
686.26,201.86,0.153034,0.130366
686.26,205.32,0.146093,0.123597
686.26,208.86,0.140039,0.117451
686.26,212.19,0.132759,0.110754
686.26,216.12,0.126352,0.104041
686.26,219.67,0.119962,0.098046
686.26,223.26,0.113422,0.091287
686.26,226.62,0.106829,0.083523
686.26,230.47,0.100289,0.076952
686.26,234.02,0.093791,0.071139
686.26,237.52,0.087116,0.064888
686.26,241.11,0.07971,0.057294
686.26,244.65,0.071798,0.049857
686.26,248.24,0.063289,0.041848
686.26,251.74,0.053554,0.031764
686.26,255.28,0.043132,0.022153
686.26,258.91,0.034491,0.013912
686.26,262.37,0.035471,0.01405
686.26,265.87,0.053715,0.031697
686.26,269.5,0.087655,0.064938
686.26,273.09,0.130005,0.106567
686.26,276.67,0.167263,0.143037
686.26,280.17,0.191293,0.167057
686.26,283.72,0.200677,0.176339
686.26,287.74,0.193181,0.16572
686.26,291.33,0.176641,0.15275
686.26,294.92,0.158086,0.134414
686.26,298.46,0.142254,0.119331
686.26,302.14,0.137451,0.115418
686.26,305.86,0.145282,0.122621
686.26,309.4,0.163705,0.140443
686.26,312.9,0.187266,0.163157
686.26,316.66,0.216502,0.189802
686.26,320.16,0.244256,0.218203
686.26,323.71,0.27133,0.244297
686.26,327.21,0.297411,0.269962
686.26,330.75,0.321542,0.293335
686.26,334.25,0.340547,0.312032
686.26,337.88,0.352128,0.323209
686.26,341.34,0.353656,0.325544
686.26,344.92,0.343773,0.315985
686.26,348.42,0.322506,0.29555
686.26,351.97,0.287775,0.261736
686.26,355.56,0.245014,0.220366
686.26,359.23,0.193351,0.170427
686.26,362.99,0.135735,0.116102
686.26,366.62,0.084565,0.064777
686.26,370.17,0.060175,0.039968
686.26,373.67,0.085316,0.062994
686.26,377.17,0.130655,0.106518
686.26,380.62,0.17299,0.148252
686.26,384.26,0.210406,0.184595
686.26,387.93,0.239947,0.212587
686.26,391.52,0.259774,0.233437
686.26,395.15,0.271293,0.243908
686.26,398.74,0.27438,0.2475
686.26,402.32,0.269691,0.243335
686.26,405.82,0.258942,0.233268
686.26,409.41,0.245963,0.220883
686.26,412.91,0.235871,0.210236
686.26,416.41,0.23429,0.209143
686.26,420.04,0.244253,0.219275
686.26,423.63,0.263662,0.238046
686.26,427.17,0.286903,0.260162
686.26,430.67,0.311311,0.284885
686.26,434.31,0.331188,0.303877
686.26,437.85,0.344737,0.31751
686.26,441.35,0.352633,0.325057
686.26,444.98,0.354743,0.327242
686.26,448.52,0.352174,0.324586
686.26,452.16,0.345449,0.31767
686.26,455.66,0.335812,0.308338
686.26,459.29,0.324601,0.297011
686.26,462.79,0.311684,0.284688
686.26,466.51,0.297088,0.270378
686.26,470.09,0.28271,0.257032
686.26,473.55,0.268905,0.243114
686.26,477.09,0.255529,0.22986
686.26,480.59,0.242368,0.217531
686.26,484.22,0.229675,0.205215
686.26,487.77,0.217725,0.193545
686.26,491.31,0.205846,0.182251
686.26,494.81,0.195162,0.171758
686.26,498.27,0.184977,0.161804
686.26,501.99,0.174953,0.152069
686.26,505.53,0.165806,0.142855
686.26,509.16,0.156533,0.133656
686.26,512.14,0.14767,0.125316
686.26,516.16,0.139611,0.117267
686.26,519.75,0.130674,0.107966
686.26,523.21,0.121918,0.099454
686.26,526.53,0.112362,0.089512
686.26,530.42,0.103499,0.080612
686.26,534.01,0.094318,0.071845
686.26,537.51,0.085236,0.062698
686.26,541.01,0.076715,0.054423
686.26,544.6,0.067014,0.045227
686.26,548.14,0.057488,0.035788
686.26,551.64,0.047633,0.026265
686.26,555.19,0.038061,0.016934
686.26,558.73,0.033286,0.012005
686.26,562.41,0.038172,0.017689
686.26,565.95,0.054808,0.033542
686.26,569.41,0.079577,0.05723
686.26,572.99,0.113976,0.090566
686.26,576.58,0.155329,0.131102
686.26,580.17,0.196475,0.171465
686.26,583.62,0.229272,0.204056
686.26,587.39,0.247467,0.221096
686.26,590.93,0.248844,0.223443
686.26,594.47,0.237091,0.212001
686.26,598.02,0.216561,0.191841
686.26,601.56,0.191034,0.167263
686.26,605.15,0.167688,0.143989
686.26,608.69,0.149297,0.125313
686.26,612.24,0.139568,0.116392
686.26,615.78,0.139497,0.115834
686.26,619.28,0.147608,0.123736
686.26,622.74,0.161684,0.136801
686.26,626.28,0.178588,0.153764
686.26,629.82,0.19674,0.171619
686.26,633.41,0.21624,0.190091
686.26,636.87,0.234309,0.208412
686.26,640.46,0.251884,0.225245
686.26,643.96,0.268683,0.241844
686.26,647.5,0.284879,0.257614
686.26,651.09,0.302066,0.275375
686.26,654.63,0.319703,0.292553
686.26,658.22,0.33698,0.309241
686.26,661.72,0.353067,0.325621
686.26,665.26,0.367821,0.339928
686.26,668.76,0.379956,0.351921
686.26,672.31,0.387352,0.359272
686.26,675.89,0.387251,0.359315
686.26,679.39,0.377322,0.350193
686.26,682.89,0.357978,0.331323
686.26,686.48,0.326595,0.300541
722.4,12.16,0.332713,0.290187
722.4,15.71,0.346896,0.317698
722.4,19.07,0.358588,0.329543
722.4,22.88,0.368924,0.339928
722.4,26.21,0.375603,0.346665
722.4,29.75,0.377864,0.349373
722.4,33.56,0.373098,0.344792
722.4,37.14,0.359968,0.332925
722.4,40.6,0.334561,0.308178
722.4,44.67,0.301977,0.276459
722.4,48.17,0.262408,0.237818
722.4,51.71,0.21474,0.190923
722.4,55.39,0.159639,0.135775
722.4,58.97,0.109787,0.088292
722.4,62.47,0.081022,0.059306
722.4,66.11,0.086182,0.063718
722.4,69.65,0.109401,0.085665
722.4,73.15,0.13121,0.107445
722.4,76.78,0.147596,0.123875
722.4,80.28,0.158711,0.135058
722.4,83.87,0.167806,0.144537
722.4,87.37,0.178566,0.154361
722.4,90.91,0.1945,0.16999
722.4,94.46,0.217984,0.193012
722.4,97.96,0.245122,0.219035
722.4,101.5,0.273671,0.247805
722.4,105.13,0.3006,0.273998
722.4,108.63,0.323511,0.296542
722.4,112.13,0.340341,0.312882
722.4,115.28,0.350883,0.322368
722.4,119.39,0.355566,0.327315
722.4,122.98,0.354906,0.326961
722.4,126.52,0.350051,0.3223
722.4,129.94,0.341823,0.313492
722.4,133.7,0.331853,0.304213
722.4,137.2,0.320384,0.292898
722.4,140.74,0.30767,0.280744
722.4,144.33,0.294173,0.267747
722.4,147.92,0.280483,0.254691
722.4,151.37,0.267143,0.241875
722.4,154.92,0.254124,0.229124
722.4,158.55,0.241521,0.216545
722.4,162.01,0.229389,0.205138
722.4,165.59,0.21779,0.194062
722.4,169.18,0.206629,0.182602
722.4,172.72,0.196136,0.173049
722.4,176.22,0.187078,0.163634
722.4,179.77,0.178369,0.155338
722.4,183.31,0.170729,0.147639
722.4,186.81,0.162898,0.140153
722.4,190.4,0.15588,0.133061
722.4,193.9,0.148422,0.125695
722.4,197.49,0.141315,0.118474
722.4,201.12,0.134537,0.111176
722.4,204.66,0.12784,0.10483
722.4,208.29,0.121385,0.097288
722.4,211.79,0.114408,0.091268
722.4,215.34,0.107692,0.084605
722.4,218.92,0.100726,0.078296
722.4,222.47,0.093915,0.071613
722.4,226.01,0.086154,0.063986
722.4,229.64,0.078138,0.056841
722.4,233.14,0.069435,0.047892
722.4,236.77,0.060052,0.039457
722.4,240.32,0.049509,0.02909
722.4,243.91,0.039824,0.019947
722.4,247.45,0.035138,0.014978
722.4,251.04,0.04365,0.022969
722.4,254.23,0.067923,0.045856
722.4,258.17,0.104639,0.081352
722.4,261.62,0.144636,0.120144
722.4,265.12,0.176712,0.152405
722.4,268.41,0.196234,0.170224
722.4,272.3,0.200449,0.17617
722.4,275.84,0.191807,0.167171
722.4,279.34,0.175775,0.151829
722.4,282.89,0.158613,0.134706
722.4,286.47,0.144919,0.121604
722.4,289.93,0.140812,0.117707
722.4,293.61,0.147134,0.12291
722.4,297.06,0.16222,0.137239
722.4,300.12,0.182337,0.157633
722.4,304.28,0.20507,0.179688
722.4,307.74,0.229124,0.203449
722.4,311.37,0.251832,0.225754
722.4,314.69,0.274167,0.247966
722.4,318.32,0.296576,0.270292
722.4,322.04,0.318958,0.292217
722.4,325.59,0.34019,0.312562
722.4,329.09,0.359832,0.332057
722.4,332.63,0.377186,0.349022
722.4,336.13,0.389912,0.361086
722.4,339.59,0.394475,0.3662
722.4,343.22,0.387771,0.360165
722.4,346.67,0.369118,0.341681
722.4,350.39,0.339685,0.312439
722.4,354.02,0.298773,0.272839
722.4,357.57,0.253218,0.228338
722.4,360.94,0.202485,0.177886
722.4,364.92,0.163739,0.141465
722.4,368.46,0.142439,0.119663
722.4,372.05,0.144272,0.121179
722.4,375.37,0.165911,0.142183
722.4,379.14,0.19673,0.17202
722.4,382.72,0.232417,0.206826
722.4,386.22,0.266841,0.240858
722.4,389.77,0.299355,0.272667
722.4,393.27,0.325612,0.298495
722.4,396.9,0.340849,0.31373
722.4,400.4,0.343689,0.316644
722.4,403.94,0.336012,0.309851
722.4,407.44,0.31942,0.293261
722.4,411.03,0.299327,0.273637
722.4,414.57,0.281706,0.255396
722.4,418.21,0.27243,0.246536
722.4,421.44,0.272205,0.245569
722.4,425.21,0.27941,0.253086
722.4,428.75,0.290328,0.262765
722.4,432.38,0.301533,0.273308
722.4,435.92,0.309857,0.282017
722.4,439.47,0.314383,0.286616
722.4,442.97,0.315353,0.287393
722.4,446.47,0.312405,0.285113
722.4,450.06,0.307152,0.280215
722.4,453.6,0.29885,0.272393
722.4,457.19,0.288671,0.262836
722.4,460.64,0.277414,0.251502
722.4,464.19,0.264869,0.239749
722.4,467.86,0.251419,0.227048
722.4,471.45,0.238083,0.214106
722.4,475.04,0.224577,0.200618
722.4,478.54,0.21177,0.188123
722.4,482.08,0.199293,0.175627
722.4,485.58,0.187497,0.16442
722.4,489.08,0.176866,0.153724
722.4,492.67,0.166712,0.144223
722.4,496.17,0.156669,0.133979
722.4,499.67,0.147032,0.125008
722.4,503.3,0.137171,0.11413
722.4,506.84,0.126838,0.104229
722.4,510.34,0.116884,0.093973
722.4,513.89,0.106244,0.083286
722.4,517.47,0.095544,0.073206
722.4,520.97,0.085609,0.063157
722.4,524.61,0.075132,0.05316
722.4,527.62,0.064938,0.042735
722.4,531.65,0.055045,0.033
722.4,535.11,0.0456,0.024365
722.4,538.78,0.037994,0.016996
722.4,542.46,0.037057,0.017855
722.4,546.13,0.046841,0.026044
722.4,549.67,0.065397,0.043718
722.4,553.17,0.092251,0.069894
722.4,556.72,0.129488,0.105732
722.4,560.26,0.171626,0.146697
722.4,563.81,0.211752,0.18588
722.4,567.35,0.241382,0.215344
722.4,570.89,0.255852,0.230153
722.4,574.48,0.255199,0.229682
722.4,578.02,0.242531,0.216462
