x,y,z,z2
0.0,3.5,-0.0281,-0.052804
0.0,7.0,-0.027672,-0.046523
0.0,10.68,-0.026997,-0.046036
0.0,14.18,-0.025882,-0.044921
0.0,17.85,-0.024782,-0.044012
0.0,21.35,-0.02351,-0.04261
0.0,24.85,-0.021929,-0.040158
0.0,28.53,-0.020447,-0.038698
0.0,32.03,-0.017841,-0.037142
0.0,35.53,-0.016615,-0.03484
0.0,39.02,-0.015235,-0.033143
0.0,42.52,-0.014033,-0.032783
0.0,46.2,-0.013282,-0.031874
0.0,49.7,-0.012909,-0.031908
0.0,53.2,-0.013593,-0.032176
0.0,56.7,-0.014554,-0.033907
0.0,60.37,-0.016242,-0.035105
0.0,63.87,-0.018276,-0.037247
0.0,67.37,-0.020574,-0.039649
0.0,71.05,-0.023833,-0.042194
0.0,74.55,-0.027481,-0.046067
0.0,78.05,-0.031156,-0.050121
0.0,81.72,-0.035284,-0.0535
0.0,85.22,-0.040222,-0.05875
0.0,88.72,-0.045694,-0.063818
0.0,92.4,-0.052222,-0.070065
0.0,95.9,-0.058962,-0.077493
0.0,99.57,-0.068842,-0.086541
0.0,103.25,-0.077927,-0.095641
0.0,106.75,-0.089354,-0.107437
0.0,110.42,-0.10318,-0.12049
0.0,113.92,-0.119314,-0.136254
0.0,117.42,-0.137009,-0.153697
0.0,120.92,-0.157154,-0.173318
0.0,124.42,-0.180278,-0.196208
0.0,128.1,-0.205974,-0.221316
0.0,131.42,-0.232474,-0.24834
0.0,135.1,-0.260164,-0.275216
0.0,138.42,-0.287345,-0.302243
0.0,142.1,-0.31391,-0.328176
0.0,145.6,-0.335943,-0.349803
0.0,149.1,-0.35333,-0.367086
0.0,152.6,-0.364369,-0.378635
0.0,156.28,-0.367147,-0.381494
0.0,159.95,-0.361239,-0.37634
0.0,163.63,-0.346621,-0.362006
0.0,167.13,-0.324128,-0.339711
0.0,170.8,-0.292169,-0.309193
0.0,174.83,-0.247915,-0.265721
0.0,178.33,-0.202323,-0.22054
0.0,181.83,-0.150651,-0.169295
0.0,185.5,-0.094224,-0.114289
0.0,189.35,-0.027237,-0.047943
0.0,193.03,0.036577,0.014663
0.0,196.53,0.101734,0.07901
0.0,200.2,0.167051,0.143443
0.0,203.88,0.233492,0.209417
0.0,207.2,0.293058,0.268733
0.0,210.88,0.349075,0.324071
0.0,214.38,0.398551,0.373597
0.0,218.05,0.439228,0.414148
0.0,221.55,0.470353,0.444524
0.0,225.05,0.490935,0.465187
0.0,228.73,0.499543,0.474373
0.0,232.23,0.496847,0.471758
0.0,235.73,0.482451,0.458677
0.0,239.23,0.460596,0.437442
0.0,242.73,0.431548,0.408557
0.0,246.23,0.39726,0.374078
0.0,250.08,0.354484,0.331718
0.0,253.75,0.315569,0.294429
0.0,257.25,0.276573,0.255892
0.0,260.75,0.238933,0.218431
0.0,264.43,0.204306,0.18385
0.0,267.93,0.171502,0.151345
0.0,271.43,0.143662,0.123936
0.0,275.1,0.118795,0.099016
0.0,278.6,0.09665,0.077322
0.0,282.1,0.078182,0.059371
0.0,285.6,0.062917,0.043299
0.0,289.1,0.049568,0.030766
0.0,292.78,0.038955,0.020301
0.0,296.28,0.030424,0.011749
0.0,299.78,0.023046,0.004032
0.0,303.45,0.017066,-0.001569
0.0,306.95,0.011518,-0.006957
0.0,310.45,0.00711,-0.01184
0.0,314.13,0.003887,-0.014967
0.0,317.63,0.001265,-0.01802
0.0,321.48,-0.001812,-0.020417
0.0,324.98,-0.00338,-0.022015
0.0,328.65,-0.004736,-0.023528
0.0,332.33,-0.004622,-0.023812
0.0,335.83,-0.00529,-0.02436
0.0,339.5,-0.005623,-0.025072
0.0,343.18,-0.005916,-0.024292
0.0,346.68,-0.005857,-0.024705
0.0,350.18,-0.005367,-0.024455
0.0,353.68,-0.005001,-0.024446
0.0,357.35,-0.005444,-0.024006
0.0,360.85,-0.004723,-0.02415
0.0,364.35,-0.00513,-0.024027
0.0,367.85,-0.004579,-0.0235
0.0,371.53,-0.003796,-0.022305
0.0,375.03,-0.003328,-0.022185
0.0,378.53,-0.002684,-0.021843
0.0,382.2,-0.002388,-0.020906
0.0,385.88,-0.00204,-0.021131
0.0,389.38,-0.001375,-0.020343
0.0,392.88,-0.001144,-0.019868
0.0,396.38,-0.001113,-0.020004
0.0,400.05,-0.000383,-0.019791
0.0,403.55,-0.000167,-0.019674
0.0,407.23,7.3e-05,-0.019129
0.0,410.73,-0.000192,-0.018753
0.0,414.23,9e-06,-0.018753
0.0,417.9,0.000563,-0.017986
0.0,421.23,0.000461,-0.01863
0.0,424.9,0.000957,-0.018075
0.0,428.75,0.001192,-0.017659
0.0,432.25,0.001478,-0.017228
0.0,435.75,0.002535,-0.016615
0.0,439.25,0.003277,-0.015943
0.0,442.93,0.003856,-0.01509
0.0,446.43,0.004288,-0.014529
0.0,449.93,0.004879,-0.014123
0.0,453.6,0.005455,-0.013568
0.0,457.1,0.006463,-0.013177
0.0,460.6,0.007193,-0.011535
0.0,464.28,0.008413,-0.011054
0.0,467.78,0.009657,-0.009856
0.0,471.28,0.0106,-0.007971
0.0,474.78,0.012134,-0.007093
0.0,478.45,0.013077,-0.006227
0.0,481.95,0.014208,-0.004754
0.0,485.45,0.015187,-0.003584
0.0,489.13,0.016034,-0.003029
0.0,492.8,0.017553,-0.00167
0.0,496.3,0.018561,-0.001088
0.0,499.8,0.019223,9.2e-05
0.0,503.48,0.019793,6.4e-05
0.0,507.15,0.020486,0.000591
0.0,510.65,0.020927,0.001195
0.0,514.15,0.021684,0.001986
0.0,517.65,0.021937,0.003102
0.0,521.5,0.022307,0.003517
0.0,525.0,0.023564,0.004352
0.0,528.68,0.024331,0.005597
0.0,532.0,0.026466,0.007147
0.0,535.85,0.028594,0.008986
0.0,539.35,0.03072,0.011749
0.0,542.85,0.033262,0.013071
0.0,546.35,0.035267,0.016013
0.0,549.85,0.036761,0.017784
0.0,553.53,0.038634,0.018748
0.0,557.03,0.039691,0.019925
0.0,560.7,0.041037,0.021376
0.0,564.2,0.042337,0.022341
0.0,567.7,0.043265,0.024365
0.0,571.2,0.044691,0.025166
0.0,574.7,0.04613,0.026093
0.0,578.73,0.046456,0.02658
0.0,582.4,0.047532,0.027698
0.0,586.08,0.048034,0.028484
0.0,589.93,0.04828,0.028702
0.0,593.43,0.048668,0.029146
0.0,596.93,0.04901,0.029528
0.0,600.43,0.049534,0.030474
0.0,603.93,0.050911,0.031386
0.0,607.43,0.051814,0.032732
0.0,610.93,0.053243,0.033702
0.0,614.6,0.054303,0.034774
0.0,618.1,0.054965,0.035409
0.0,621.78,0.054796,0.035409
0.0,625.45,0.054519,0.034993
0.0,628.95,0.054041,0.034207
0.0,632.63,0.053369,0.032818
0.0,636.3,0.052103,0.033206
0.0,639.8,0.051496,0.031783
0.0,643.3,0.050233,0.031235
0.0,646.8,0.049956,0.030255
0.0,650.3,0.049432,0.02999
0.0,653.97,0.048739,0.029448
0.0,657.47,0.048471,0.028391
0.0,661.15,0.047994,0.0284
0.0,664.65,0.047901,0.028148
0.0,668.15,0.047528,0.027984
0.0,671.65,0.047267,0.027837
0.0,675.15,0.046845,0.027538
0.0,678.65,0.046604,0.027396
0.0,682.32,0.046053,0.026349
0.0,685.82,0.045437,0.025791
36.05,12.25,-0.022684,-0.047918
36.05,15.75,-0.020728,-0.039286
36.05,19.25,-0.018374,-0.037049
36.05,22.93,-0.015962,-0.034659
36.05,26.43,-0.013882,-0.031948
36.05,29.93,-0.010891,-0.030093
36.05,33.6,-0.00916,-0.027724
36.05,37.1,-0.007681,-0.026803
36.05,40.6,-0.006128,-0.025192
36.05,44.1,-0.004742,-0.023867
36.05,47.6,-0.003328,-0.022481
36.05,51.28,-0.001969,-0.020903
36.05,54.78,0.000107,-0.019107
36.05,58.1,0.002134,-0.017225
36.05,61.95,0.004355,-0.014893
36.05,65.45,0.006586,-0.01221
36.05,68.95,0.00905,-0.010543
36.05,72.45,0.010714,-0.007934
36.05,75.95,0.013129,-0.006544
36.05,79.63,0.014583,-0.004696
36.05,83.13,0.015394,-0.003852
36.05,86.63,0.015754,-0.003614
36.05,90.13,0.015455,-0.003051
36.05,93.8,0.015101,-0.004385
36.05,97.3,0.012236,-0.006492
36.05,100.8,0.008678,-0.010173
36.05,104.48,0.002183,-0.01586
36.05,107.98,-0.0066,-0.024763
36.05,111.48,-0.019006,-0.036612
36.05,115.15,-0.034517,-0.052293
36.05,118.48,-0.053975,-0.072052
36.05,122.15,-0.077927,-0.095672
36.05,125.83,-0.107521,-0.124498
36.05,129.33,-0.140256,-0.155977
36.05,132.83,-0.1746,-0.189957
36.05,136.5,-0.21139,-0.226485
36.05,140.0,-0.246168,-0.260684
36.05,143.5,-0.278124,-0.292955
36.05,147.0,-0.306849,-0.320937
36.05,150.5,-0.328457,-0.342948
36.05,154.0,-0.342834,-0.357342
36.05,157.68,-0.348072,-0.362443
36.05,161.35,-0.34411,-0.359021
36.05,164.85,-0.329892,-0.345918
36.05,168.35,-0.306223,-0.322511
36.05,172.03,-0.273432,-0.289643
36.05,175.53,-0.233922,-0.251282
36.05,179.2,-0.183398,-0.200928
36.05,182.88,-0.13363,-0.152006
36.05,186.38,-0.076692,-0.097015
36.05,189.88,-0.017564,-0.038239
36.05,193.9,0.053631,0.031423
36.05,197.58,0.118197,0.095042
36.05,201.08,0.180557,0.157685
36.05,204.75,0.242146,0.218305
36.05,208.25,0.304102,0.278699
36.05,211.93,0.355088,0.329913
36.05,215.43,0.400966,0.375911
36.05,218.93,0.437103,0.411718
36.05,222.43,0.463089,0.438523
36.05,226.1,0.479016,0.453914
36.05,229.6,0.483381,0.45832
36.05,233.28,0.475954,0.451591
36.05,236.78,0.458914,0.434891
36.05,240.28,0.434743,0.411018
36.05,243.95,0.404204,0.381148
36.05,247.45,0.368566,0.345963
36.05,250.95,0.331786,0.310778
36.05,254.8,0.290618,0.269494
36.05,258.3,0.252762,0.232691
36.05,261.98,0.217457,0.196866
36.05,265.48,0.184512,0.164793
36.05,269.15,0.15165,0.131422
36.05,272.83,0.126931,0.106647
36.05,276.33,0.103209,0.083961
36.05,279.83,0.082716,0.063551
36.05,283.33,0.065446,0.046527
36.05,286.83,0.050052,0.031379
36.05,290.68,0.037433,0.018607
36.05,294.18,0.026623,0.008419
36.05,297.68,0.017578,-0.000894
36.05,301.18,0.009522,-0.009468
36.05,304.68,0.003379,-0.015426
36.05,308.35,-0.002114,-0.021205
36.05,311.85,-0.006895,-0.025497
36.05,315.35,-0.010032,-0.02899
36.05,319.03,-0.013463,-0.03168
36.05,322.53,-0.015355,-0.034218
36.05,326.03,-0.017176,-0.036402
36.05,329.53,-0.018922,-0.037773
36.05,333.2,-0.02025,-0.039289
36.05,336.7,-0.020879,-0.039452
36.05,340.38,-0.021107,-0.03997
36.05,344.4,-0.020789,-0.039954
36.05,347.9,-0.020836,-0.039477
36.05,351.58,-0.020928,-0.040031
36.05,355.08,-0.019822,-0.039418
36.05,358.75,-0.019499,-0.038636
36.05,362.43,-0.019369,-0.038352
36.05,365.93,-0.019261,-0.038334
36.05,369.43,-0.019859,-0.038617
36.05,373.45,-0.021011,-0.039699
36.05,376.95,-0.02102,-0.039825
36.05,380.63,-0.021618,-0.03981
36.05,384.13,-0.02237,-0.040497
36.05,387.63,-0.023291,-0.041516
36.05,391.13,-0.02375,-0.042622
36.05,394.8,-0.025109,-0.043818
36.05,398.3,-0.025343,-0.044418
36.05,401.8,-0.026479,-0.045595
36.05,405.48,-0.02725,-0.045826
36.05,408.98,-0.027585,-0.046584
36.05,412.48,-0.028756,-0.046609
36.05,415.98,-0.029717,-0.047582
36.05,419.48,-0.030598,-0.048892
36.05,423.15,-0.030999,-0.049597
36.05,426.65,-0.032003,-0.050226
36.05,430.33,-0.032595,-0.051184
36.05,433.83,-0.033765,-0.05184
36.05,437.33,-0.034036,-0.052502
36.05,441.0,-0.034187,-0.053195
36.05,444.5,-0.03444,-0.053171
36.05,448.18,-0.034631,-0.053522
36.05,451.5,-0.034767,-0.053778
36.05,455.18,-0.034871,-0.053543
36.05,458.68,-0.034982,-0.054489
36.05,462.18,-0.035062,-0.05347
36.05,465.85,-0.034887,-0.053784
36.05,469.35,-0.035229,-0.053466
36.05,472.85,-0.034523,-0.053103
36.05,476.35,-0.033744,-0.052567
36.05,479.68,-0.033054,-0.052385
36.05,483.35,-0.031889,-0.050953
36.05,487.03,-0.030623,-0.04952
36.05,490.53,-0.029335,-0.047401
36.05,493.85,-0.02729,-0.046214
36.05,497.53,-0.02582,-0.044264
36.05,501.2,-0.023664,-0.042542
36.05,504.7,-0.021803,-0.040093
36.05,508.2,-0.020213,-0.039255
36.05,511.7,-0.01802,-0.037247
36.05,515.2,-0.015506,-0.033848
36.05,518.7,-0.012915,-0.031498
36.05,522.2,-0.009569,-0.028873
36.05,525.88,-0.006449,-0.025657
36.05,529.55,-0.003112,-0.022675
36.05,533.05,0.000615,-0.018192
36.05,536.73,0.004435,-0.014117
36.05,540.23,0.008065,-0.010974
36.05,543.73,0.011758,-0.007413
36.05,547.23,0.01552,-0.00387
36.05,550.9,0.019072,-0.00033
36.05,554.4,0.022991,0.003403
36.05,557.9,0.025794,0.00694
36.05,561.58,0.029069,0.009164
36.05,565.08,0.030692,0.011191
36.05,568.75,0.032156,0.012482
36.05,572.25,0.033314,0.014824
36.05,575.75,0.035317,0.01597
36.05,579.25,0.037334,0.018006
36.05,582.93,0.039633,0.02031
36.05,586.43,0.042587,0.022686
36.05,589.93,0.044888,0.02503
36.05,593.43,0.047553,0.027944
36.05,596.93,0.05039,0.031253
36.05,600.6,0.053219,0.034251
36.05,604.28,0.056336,0.03678
36.05,607.78,0.058406,0.038594
36.05,611.45,0.059408,0.039864
36.05,614.95,0.060166,0.040347
36.05,618.63,0.059864,0.03978
36.05,622.13,0.058804,0.039365
36.05,625.63,0.057772,0.038249
36.05,629.13,0.056697,0.037113
36.05,632.8,0.056336,0.036638
36.05,636.3,0.055822,0.035754
36.05,639.8,0.055745,0.035951
36.05,643.48,0.055233,0.035138
36.05,647.15,0.05543,0.03621
36.05,650.65,0.055554,0.035757
36.05,654.15,0.055196,0.035985
36.05,657.65,0.055384,0.036188
36.05,661.15,0.055917,0.035933
36.05,664.82,0.055803,0.035988
36.05,668.32,0.055668,0.036164
36.05,671.82,0.055843,0.035772
36.05,675.32,0.055566,0.035963
36.05,679.0,0.054796,0.035049
36.05,682.5,0.053268,0.033807
36.05,686.0,0.051678,0.031463
72.1,12.78,0.072421,0.042781
72.1,16.28,0.090403,0.069639
72.1,19.78,0.107664,0.08662
72.1,23.28,0.123822,0.102254
72.1,26.78,0.137562,0.116342
72.1,30.63,0.14983,0.128175
72.1,34.13,0.1593,0.137793
72.1,37.63,0.166355,0.144891
72.1,40.95,0.170932,0.148995
72.1,44.8,0.172913,0.150923
72.1,48.3,0.17247,0.152042
72.1,51.98,0.171234,0.149762
72.1,55.48,0.167966,0.147501
72.1,58.98,0.163228,0.142402
72.1,62.65,0.158074,0.137439
72.1,65.98,0.151761,0.130942
72.1,69.13,0.144743,0.124623
72.1,73.33,0.136576,0.116173
72.1,76.83,0.128523,0.108015
72.1,80.33,0.119827,0.099358
72.1,84.18,0.108169,0.088853
72.1,87.68,0.097664,0.07841
72.1,91.18,0.085665,0.066934
72.1,94.68,0.073037,0.053098
72.1,98.35,0.058751,0.039759
72.1,102.03,0.044238,0.025021
72.1,105.35,0.02796,0.008829
72.1,109.03,0.008872,-0.009043
72.1,112.53,-0.011261,-0.029745
72.1,116.03,-0.034381,-0.052471
72.1,119.7,-0.057795,-0.07558
72.1,123.2,-0.082943,-0.100195
72.1,126.7,-0.109437,-0.125657
72.1,130.38,-0.134107,-0.150506
72.1,133.88,-0.156008,-0.172265
72.1,137.38,-0.17964,-0.195352
72.1,140.88,-0.20476,-0.220114
72.1,144.55,-0.231036,-0.246787
72.1,148.05,-0.253993,-0.26964
72.1,151.55,-0.274415,-0.289113
72.1,155.23,-0.288592,-0.303811
72.1,158.55,-0.295241,-0.310419
72.1,162.05,-0.293232,-0.308762
72.1,165.73,-0.282018,-0.297967
72.1,169.23,-0.262083,-0.278392
72.1,172.9,-0.23391,-0.250992
72.1,176.58,-0.195709,-0.213654
72.1,180.08,-0.151898,-0.170537
72.1,183.58,-0.102937,-0.122502
72.1,187.08,-0.049933,-0.069877
72.1,190.75,0.009035,-0.011957
72.1,194.43,0.06791,0.045948
72.1,197.75,0.128018,0.104996
72.1,201.43,0.188782,0.165045
72.1,204.93,0.246259,0.221872
72.1,208.6,0.301283,0.276995
72.1,212.1,0.349145,0.324327
72.1,215.6,0.391385,0.366046
72.1,219.28,0.422925,0.398406
72.1,222.78,0.444937,0.419937
72.1,226.28,0.457041,0.431644
72.1,229.95,0.458215,0.432817
72.1,233.45,0.448652,0.42515
72.1,236.95,0.430202,0.406333
72.1,240.63,0.404259,0.380775
72.1,244.13,0.371946,0.349537
72.1,247.63,0.335587,0.314025
72.1,251.13,0.297503,0.276268
72.1,254.8,0.259876,0.238702
72.1,258.3,0.223566,0.203046
72.1,261.8,0.186666,0.166586
72.1,265.3,0.153754,0.134093
72.1,268.98,0.124026,0.104241
72.1,272.48,0.097458,0.078068
72.1,276.15,0.072248,0.053126
72.1,279.65,0.052726,0.033536
72.1,283.33,0.03584,0.017026
72.1,286.83,0.021641,0.002988
72.1,290.33,0.009346,-0.009058
72.1,293.83,-0.000583,-0.018922
72.1,297.15,-0.00887,-0.027009
72.1,301.0,-0.01631,-0.034412
72.1,304.5,-0.022231,-0.040004
72.1,308.18,-0.027105,-0.044881
72.1,311.68,-0.030879,-0.049267
72.1,315.18,-0.033698,-0.052478
72.1,318.85,-0.036809,-0.055007
72.1,322.35,-0.039234,-0.057619
72.1,325.85,-0.041295,-0.060019
72.1,329.53,-0.043698,-0.06249
72.1,333.03,-0.045888,-0.064172
72.1,336.53,-0.04745,-0.0657
72.1,340.03,-0.048929,-0.066963
72.1,343.35,-0.049942,-0.068691
72.1,347.2,-0.051208,-0.069825
72.1,350.88,-0.05249,-0.070854
72.1,354.38,-0.054455,-0.072209
72.1,357.88,-0.055518,-0.074335
72.1,361.55,-0.057043,-0.075601
72.1,365.05,-0.058744,-0.076532
72.1,368.55,-0.059548,-0.077699
72.1,372.05,-0.061356,-0.079083
72.1,375.73,-0.062545,-0.080703
72.1,379.23,-0.064597,-0.0822
72.1,382.73,-0.066402,-0.084098
72.1,386.4,-0.068473,-0.086199
72.1,389.9,-0.070808,-0.088522
72.1,393.58,-0.07245,-0.090721
72.1,397.95,-0.075512,-0.093399
72.1,401.45,-0.077287,-0.096045
72.1,405.65,-0.080096,-0.098254
72.1,409.33,-0.081553,-0.099859
72.1,412.83,-0.083288,-0.100999
72.1,416.33,-0.084252,-0.102536
72.1,420.0,-0.085925,-0.105001
72.1,423.5,-0.087832,-0.105121
72.1,427.0,-0.089643,-0.107123
72.1,430.68,-0.092132,-0.1098
72.1,434.18,-0.094391,-0.111846
72.1,437.85,-0.096917,-0.115324
72.1,441.35,-0.100142,-0.117813
72.1,445.03,-0.102872,-0.120558
72.1,448.53,-0.106661,-0.123694
72.1,452.55,-0.110333,-0.127631
72.1,456.05,-0.114033,-0.131257
72.1,459.73,-0.11806,-0.1348
72.1,463.05,-0.122009,-0.139563
72.1,466.9,-0.125534,-0.142487
72.1,470.58,-0.129098,-0.147049
72.1,474.08,-0.133562,-0.149794
72.1,477.58,-0.136606,-0.15362
72.1,481.25,-0.14066,-0.157573
72.1,484.75,-0.144446,-0.161073
72.1,488.25,-0.147212,-0.164517
72.1,491.75,-0.149954,-0.167487
72.1,495.43,-0.153081,-0.169923
72.1,498.93,-0.155161,-0.171679
72.1,502.43,-0.156091,-0.173016
72.1,505.93,-0.156732,-0.173432
72.1,509.43,-0.156612,-0.174498
72.1,512.93,-0.155552,-0.173072
72.1,516.6,-0.153229,-0.170469
72.1,520.1,-0.149298,-0.166966
72.1,523.6,-0.144394,-0.161445
72.1,527.1,-0.137382,-0.15496
72.1,530.6,-0.12972,-0.146464
72.1,533.93,-0.119625,-0.137511
72.1,537.78,-0.108651,-0.126701
72.1,541.28,-0.096843,-0.114665
72.1,544.95,-0.084255,-0.101963
72.1,548.45,-0.07167,-0.090031
72.1,552.13,-0.058349,-0.077018
72.1,555.63,-0.044545,-0.063328
72.1,559.13,-0.030866,-0.049763
72.1,562.63,-0.016695,-0.036082
72.1,566.13,-0.002949,-0.022114
72.1,569.63,0.010203,-0.009381
72.1,573.13,0.022827,0.002941
72.1,576.8,0.034281,0.014389
72.1,580.3,0.045048,0.025067
72.1,583.8,0.054583,0.034204
72.1,587.3,0.06283,0.04276
72.1,590.98,0.069747,0.049155
72.1,594.65,0.075027,0.05487
72.1,598.15,0.079552,0.059044
72.1,601.65,0.082701,0.062168
72.1,605.15,0.08466,0.063927
72.1,608.83,0.085175,0.065129
72.1,612.33,0.085085,0.064984
72.1,615.65,0.084528,0.064087
72.1,619.33,0.083511,0.063283
72.1,622.83,0.08251,0.06251
72.1,626.5,0.082119,0.062183
72.1,630.0,0.08125,0.061071
72.1,633.5,0.080116,0.060187
72.1,637.18,0.078804,0.058881
72.1,640.68,0.077211,0.057242
72.1,644.17,0.075757,0.055517
72.1,647.67,0.074284,0.054038
72.1,651.17,0.072199,0.052501
72.1,654.67,0.070196,0.050612
72.1,658.17,0.068123,0.048576
72.1,662.02,0.065418,0.045372
72.1,665.52,0.062556,0.043055
72.1,669.02,0.060092,0.040008
72.1,672.7,0.057211,0.037458
72.1,676.55,0.055039,0.034553
72.1,680.05,0.052011,0.033206
72.1,683.55,0.049029,0.029734
72.1,687.22,0.045705,0.026
108.15,12.78,0.211096,0.17483
108.15,16.45,0.212205,0.19064
108.15,20.13,0.212075,0.190107
108.15,23.63,0.210187,0.188637
108.15,27.13,0.207704,0.185769
108.15,30.8,0.204679,0.183132
108.15,34.3,0.202208,0.17995
108.15,37.8,0.199367,0.178104
108.15,41.48,0.197608,0.176071
108.15,44.98,0.196635,0.175301
108.15,48.48,0.195745,0.173665
108.15,51.98,0.193908,0.172559
108.15,55.48,0.192306,0.17133
108.15,58.98,0.190939,0.16918
108.15,62.65,0.189047,0.16832
108.15,66.15,0.18605,0.164639
108.15,69.65,0.182608,0.161678
108.15,73.15,0.177799,0.15641
108.15,76.65,0.171832,0.15043
108.15,80.33,0.163773,0.142969
108.15,83.65,0.154759,0.134315
108.15,87.33,0.1445,0.124247
108.15,91.0,0.132094,0.111496
108.15,94.68,0.116804,0.096419
108.15,98.35,0.097553,0.077904
108.15,102.03,0.077615,0.057812
108.15,105.53,0.055575,0.036635
108.15,109.2,0.031111,0.012695
108.15,112.7,0.002809,-0.015392
108.15,116.38,-0.025759,-0.043368
108.15,119.88,-0.055552,-0.072508
108.15,123.38,-0.086026,-0.1033
108.15,127.05,-0.119612,-0.135681
108.15,130.38,-0.14944,-0.165416
108.15,134.05,-0.177459,-0.192462
108.15,137.55,-0.199902,-0.215564
108.15,141.23,-0.217601,-0.2333
108.15,144.73,-0.231048,-0.246482
108.15,148.23,-0.241562,-0.256895
108.15,151.9,-0.249819,-0.265191
108.15,155.4,-0.253583,-0.269507
108.15,158.9,-0.252243,-0.268599
108.15,162.4,-0.245487,-0.261454
108.15,165.9,-0.231507,-0.248525
108.15,169.4,-0.210352,-0.227844
108.15,172.9,-0.181969,-0.199705
108.15,176.58,-0.147943,-0.166085
108.15,180.25,-0.108765,-0.127437
108.15,183.75,-0.064455,-0.083716
108.15,187.43,-0.015848,-0.036683
108.15,190.93,0.033807,0.012883
108.15,194.6,0.084241,0.06231
108.15,198.1,0.135221,0.112233
108.15,201.78,0.18523,0.161626
108.15,205.28,0.232574,0.208437
108.15,208.78,0.275051,0.251157
108.15,212.28,0.312368,0.288548
108.15,215.78,0.342232,0.317574
108.15,219.45,0.363606,0.338988
108.15,222.78,0.375821,0.352081
108.15,226.45,0.377137,0.353917
108.15,229.95,0.368782,0.345365
108.15,233.45,0.35149,0.328489
108.15,236.95,0.325285,0.302454
108.15,240.63,0.292343,0.271314
108.15,244.48,0.251598,0.230698
108.15,248.15,0.210905,0.190557
108.15,251.65,0.169278,0.149867
108.15,255.33,0.129626,0.11052
108.15,258.83,0.090748,0.072498
108.15,262.5,0.053373,0.034611
108.15,266.0,0.021228,0.002834
108.15,269.5,-0.00854,-0.026658
108.15,273.0,-0.03469,-0.052345
108.15,276.5,-0.057474,-0.075075
108.15,280.18,-0.077012,-0.093768
108.15,283.68,-0.094542,-0.112169
108.15,287.18,-0.109834,-0.12708
108.15,290.68,-0.122234,-0.138938
108.15,294.53,-0.133623,-0.150919
108.15,298.03,-0.140752,-0.157493
108.15,301.53,-0.147675,-0.164538
108.15,305.2,-0.152782,-0.169455
108.15,308.7,-0.157524,-0.174212
108.15,312.38,-0.161091,-0.178439
108.15,315.88,-0.164902,-0.181353
108.15,319.38,-0.168358,-0.18492
108.15,323.05,-0.171273,-0.188201
108.15,326.55,-0.174012,-0.190586
108.15,330.05,-0.176008,-0.193143
108.15,333.73,-0.178691,-0.195727
108.15,337.23,-0.180626,-0.197028
108.15,340.38,-0.183069,-0.199273
108.15,344.23,-0.184776,-0.20147
108.15,347.9,-0.186975,-0.20301
108.15,351.4,-0.18798,-0.20444
108.15,354.9,-0.189144,-0.205561
108.15,358.58,-0.190028,-0.207
108.15,362.43,-0.191381,-0.207878
108.15,365.93,-0.192028,-0.208882
108.15,370.3,-0.192413,-0.209036
108.15,373.8,-0.191957,-0.209061
108.15,377.48,-0.191849,-0.208577
108.15,380.98,-0.191273,-0.20806
108.15,385.18,-0.191088,-0.207798
108.15,388.68,-0.190041,-0.206981
108.15,392.18,-0.189412,-0.206368
108.15,395.68,-0.188451,-0.204523
108.15,399.35,-0.186914,-0.203965
108.15,402.85,-0.186026,-0.202403
108.15,406.35,-0.184329,-0.201334
108.15,409.85,-0.182739,-0.200096
108.15,413.35,-0.181257,-0.197336
108.15,417.03,-0.179058,-0.195694
108.15,420.7,-0.176981,-0.193827
108.15,424.2,-0.174323,-0.191014
108.15,427.53,-0.170703,-0.1874
108.15,431.2,-0.162813,-0.180108
108.15,435.05,-0.146362,-0.164166
108.15,438.55,-0.105179,-0.12484
108.15,442.05,-0.034791,-0.055805
108.15,445.55,0.063832,0.040015
108.15,449.23,0.176167,0.150701
108.15,452.73,0.295667,0.267916
108.15,456.23,0.406675,0.379185
108.15,459.73,0.50709,0.478511
108.15,463.23,0.59311,0.564715
108.15,466.73,0.665045,0.635824
108.15,470.4,0.722965,0.693701
108.15,473.9,0.768045,0.738002
108.15,477.23,0.803621,0.772879
108.15,481.08,0.829012,0.798174
108.15,484.58,0.84786,0.818174
108.15,488.08,0.862706,0.83225
108.15,491.75,0.873381,0.842706
108.15,495.25,0.880248,0.850118
108.15,498.75,0.885565,0.855127
108.15,502.43,0.888991,0.859129
108.15,505.93,0.89128,0.861939
108.15,509.43,0.893214,0.863057
108.15,512.93,0.894234,0.864336
108.15,516.43,0.895189,0.864995
108.15,519.93,0.895987,0.865423
108.15,523.6,0.896199,0.86574
108.15,527.1,0.896215,0.866603
108.15,530.6,0.896421,0.866501
108.15,534.1,0.896883,0.867118
108.15,537.78,0.897065,0.866803
108.15,541.28,0.896575,0.867533
108.15,544.78,0.896788,0.866455
108.15,548.28,0.897028,0.866933
108.15,551.95,0.896856,0.866809
108.15,555.45,0.897016,0.86684
108.15,558.95,0.896945,0.866566
108.15,562.45,0.896933,0.866529
108.15,566.3,0.896557,0.865244
108.15,569.8,0.885509,0.856477
108.15,573.3,0.850451,0.822555
108.15,576.8,0.791107,0.765124
108.15,580.83,0.697244,0.671566
108.15,584.33,0.604992,0.581798
108.15,587.83,0.511597,0.48974
108.15,591.5,0.422651,0.402291
108.15,595.0,0.340159,0.319857
108.15,598.68,0.262633,0.242667
108.15,602.18,0.197879,0.179093
108.15,605.85,0.137448,0.118443
108.15,609.35,0.084318,0.066367
108.15,613.2,0.042436,0.023779
108.15,616.7,0.016133,-0.002049
108.15,620.2,0.003163,-0.014733
108.15,623.7,0.002615,-0.016538
108.15,627.38,0.011983,-0.007894
108.15,631.05,0.025098,0.005329
108.15,634.55,0.040846,0.020551
108.15,638.05,0.055714,0.035526
108.15,642.25,0.068865,0.048465
108.15,645.75,0.074334,0.054053
108.15,649.43,0.070591,0.050973
108.15,653.1,0.057698,0.038246
108.15,656.6,0.034999,0.016706
108.15,660.1,0.010298,-0.006994
108.15,663.77,-0.017983,-0.035839
108.15,667.27,-0.043217,-0.060226
108.15,670.77,-0.06334,-0.080494
108.15,674.45,-0.078605,-0.096276
108.15,677.95,-0.088454,-0.10619
108.15,681.45,-0.094785,-0.112206
108.15,684.95,-0.097625,-0.114859
108.15,688.62,-0.098389,-0.115663
144.2,12.6,-0.007804,-0.032983
144.2,16.1,-0.052518,-0.069982
144.2,19.95,-0.097222,-0.113587
144.2,23.45,-0.136852,-0.152936
144.2,26.95,-0.170379,-0.185832
144.2,30.63,-0.200573,-0.215881
144.2,34.13,-0.224979,-0.2398
144.2,37.8,-0.244412,-0.25952
144.2,41.3,-0.260444,-0.276171
144.2,44.8,-0.273549,-0.288537
144.2,48.48,-0.283922,-0.298642
144.2,51.98,-0.291994,-0.307348
144.2,55.65,-0.298685,-0.313934
144.2,59.15,-0.302868,-0.317628
144.2,62.65,-0.304939,-0.320299
144.2,66.15,-0.304668,-0.31976
144.2,69.65,-0.300977,-0.31586
144.2,73.15,-0.291932,-0.308589
144.2,77.0,-0.279566,-0.29574
144.2,80.5,-0.265657,-0.282369
144.2,84.0,-0.252896,-0.26972
144.2,87.68,-0.241063,-0.256815
144.2,91.35,-0.227893,-0.243519
144.2,95.2,-0.216131,-0.232588
144.2,98.7,-0.206313,-0.223941
144.2,102.2,-0.200808,-0.21814
144.2,105.7,-0.200238,-0.215589
144.2,109.2,-0.202798,-0.219243
144.2,112.7,-0.209776,-0.225108
144.2,116.38,-0.218648,-0.234227
144.2,119.88,-0.228839,-0.24444
144.2,123.55,-0.239018,-0.254831
144.2,127.05,-0.249483,-0.265096
144.2,130.55,-0.258438,-0.273904
144.2,134.05,-0.26525,-0.281125
144.2,137.73,-0.270321,-0.286457
144.2,141.23,-0.273648,-0.288867
144.2,144.9,-0.273475,-0.288907
144.2,148.4,-0.269874,-0.285462
144.2,151.9,-0.263451,-0.279726
144.2,155.4,-0.252791,-0.268848
144.2,159.08,-0.237927,-0.254547
144.2,162.75,-0.219421,-0.236362
144.2,166.25,-0.195256,-0.212696
144.2,169.93,-0.168017,-0.186227
144.2,173.43,-0.13814,-0.156402
144.2,176.93,-0.105697,-0.124711
144.2,180.6,-0.070629,-0.090056
144.2,184.1,-0.036255,-0.056156
144.2,187.78,-0.001369,-0.021661
144.2,191.28,0.032328,0.011792
144.2,194.78,0.06352,0.042605
144.2,198.28,0.09235,0.071358
144.2,201.95,0.11784,0.096376
144.2,205.45,0.137913,0.116986
144.2,208.95,0.152485,0.131573
144.2,212.45,0.160942,0.140064
144.2,215.95,0.163126,0.14255
144.2,219.45,0.159691,0.138363
144.2,223.13,0.150144,0.129398
144.2,226.63,0.135908,0.115529
144.2,230.13,0.117935,0.098212
144.2,233.8,0.096087,0.077414
144.2,237.3,0.071604,0.05296
144.2,240.8,0.044744,0.026543
144.2,244.3,0.013961,-0.003614
144.2,247.98,-0.021744,-0.039714
144.2,251.48,-0.061769,-0.078701
144.2,254.8,-0.10765,-0.123771
144.2,258.65,-0.150503,-0.166926
144.2,262.15,-0.189868,-0.205231
144.2,265.83,-0.225623,-0.240715
144.2,269.5,-0.256655,-0.271787
144.2,273.0,-0.282416,-0.296889
144.2,276.68,-0.302893,-0.31679
144.2,280.18,-0.316652,-0.331045
144.2,283.68,-0.324547,-0.338962
144.2,287.18,-0.326756,-0.341547
144.2,290.68,-0.325376,-0.340391
144.2,294.35,-0.321605,-0.336374
144.2,297.85,-0.317034,-0.332101
144.2,301.35,-0.313161,-0.328374
144.2,305.03,-0.310558,-0.325595
144.2,308.53,-0.309286,-0.324624
144.2,312.03,-0.310256,-0.324649
144.2,315.53,-0.311627,-0.326208
144.2,319.03,-0.314304,-0.328876
144.2,322.53,-0.316402,-0.331189
144.2,326.03,-0.318713,-0.334427
144.2,329.7,-0.321504,-0.336149
144.2,333.2,-0.322841,-0.338534
144.2,336.7,-0.323817,-0.339363
144.2,340.2,-0.324387,-0.33951
144.2,344.05,-0.323645,-0.338531
144.2,347.73,-0.322406,-0.337548
144.2,351.23,-0.319464,-0.334849
144.2,354.73,-0.31598,-0.331383
144.2,358.4,-0.311735,-0.327616
144.2,362.08,-0.305786,-0.32114
144.2,365.58,-0.299868,-0.314597
144.2,369.08,-0.291417,-0.306994
144.2,372.58,-0.283161,-0.299467
144.2,376.08,-0.274526,-0.29086
144.2,379.75,-0.265352,-0.282098
144.2,383.25,-0.256399,-0.272434
144.2,386.75,-0.24687,-0.263657
144.2,390.43,-0.23728,-0.253947
144.2,393.93,-0.227604,-0.244329
144.2,397.43,-0.218488,-0.234612
144.2,400.93,-0.208734,-0.225496
144.2,404.43,-0.198694,-0.215715
144.2,408.1,-0.189868,-0.206692
144.2,411.6,-0.180823,-0.198097
144.2,415.1,-0.173103,-0.190004
144.2,418.6,-0.16537,-0.181861
144.2,422.28,-0.157801,-0.17452
144.2,425.78,-0.150148,-0.167373
144.2,429.45,-0.141516,-0.159505
144.2,432.95,-0.119098,-0.137243
144.2,436.45,-0.065722,-0.086831
144.2,440.13,0.018866,-0.003411
144.2,443.63,0.124854,0.100162
144.2,447.13,0.240402,0.214549
144.2,450.8,0.35694,0.328976
144.2,454.48,0.465371,0.436148
144.2,457.98,0.560396,0.531206
144.2,461.65,0.639117,0.609123
144.2,465.15,0.704188,0.673452
144.2,468.83,0.751375,0.721274
144.2,472.33,0.790442,0.760661
144.2,475.83,0.820291,0.788938
144.2,479.5,0.841135,0.810648
144.2,483.0,0.857235,0.826834
144.2,486.5,0.868818,0.838679
144.2,490.0,0.877259,0.847475
144.2,493.68,0.883122,0.852989
144.2,497.18,0.887629,0.857641
144.2,500.68,0.890562,0.860583
144.2,504.18,0.892715,0.862669
144.2,507.68,0.89396,0.864468
144.2,511.35,0.895442,0.864416
144.2,514.85,0.895799,0.865525
144.2,518.35,0.896076,0.866809
144.2,521.85,0.89635,0.866939
144.2,525.35,0.896708,0.867191
144.2,529.03,0.896603,0.86721
144.2,532.53,0.896902,0.867145
144.2,536.2,0.896387,0.866655
144.2,539.35,0.897145,0.86668
144.2,543.38,0.89741,0.8675
144.2,546.88,0.896843,0.867389
144.2,550.55,0.897558,0.866683
144.2,554.05,0.897333,0.86778
144.2,557.55,0.897426,0.867161
144.2,561.23,0.897198,0.867071
144.2,564.73,0.896942,0.867213
144.2,568.23,0.897025,0.867124
144.2,571.73,0.897179,0.867114
144.2,575.93,0.897093,0.865389
144.2,579.43,0.897358,0.867333
144.2,583.1,0.897247,0.866893
144.2,586.6,0.897305,0.867339
144.2,590.28,0.897521,0.867275
144.2,593.95,0.897133,0.866745
144.2,597.45,0.897401,0.867034
144.2,600.95,0.897389,0.867761
144.2,604.45,0.897259,0.867031
144.2,608.13,0.896843,0.867694
144.2,611.63,0.897096,0.866723
144.2,615.13,0.897308,0.867158
144.2,618.8,0.897623,0.866649
144.2,622.3,0.89692,0.867635
144.2,625.63,0.897105,0.867124
144.2,629.3,0.89481,0.865466
144.2,632.8,0.877549,0.849493
144.2,636.3,0.832527,0.805294
144.2,639.98,0.761933,0.736415
144.2,643.48,0.674197,0.650045
144.2,646.98,0.582429,0.559897
144.2,650.65,0.493905,0.47173
144.2,654.15,0.412408,0.391598
144.2,657.65,0.341736,0.321567
144.2,661.15,0.276669,0.256706
144.2,664.65,0.218154,0.199127
144.2,668.32,0.160988,0.141955
144.2,671.82,0.104685,0.086487
144.2,675.32,0.047458,0.029836
144.2,679.0,-0.009782,-0.026621
144.2,682.5,-0.066917,-0.083051
144.2,686.0,-0.120725,-0.136612
180.25,12.43,0.038699,0.010184
180.25,16.1,0.08637,0.064947
180.25,20.3,0.137769,0.114343
180.25,23.8,0.176003,0.153915
180.25,27.48,0.210464,0.187695
180.25,30.98,0.23942,0.216891
180.25,34.48,0.265295,0.241946
180.25,37.98,0.288117,0.264987
180.25,41.65,0.308643,0.285218
180.25,45.15,0.325612,0.302316
180.25,48.83,0.340199,0.316669
180.25,52.33,0.352701,0.329361
180.25,56.0,0.362248,0.339016
180.25,59.5,0.369361,0.346487
180.25,63.0,0.375088,0.351736
180.25,66.5,0.378514,0.354315
180.25,70.18,0.379638,0.35571
180.25,73.68,0.380023,0.356394
180.25,77.18,0.379324,0.356434
180.25,80.68,0.378615,0.354789
180.25,84.18,0.376832,0.353782
180.25,87.68,0.375618,0.352325
180.25,91.35,0.373529,0.349648
180.25,94.5,0.371604,0.347932
180.25,98.35,0.368729,0.345627
180.25,101.85,0.366425,0.342876
180.25,105.53,0.363782,0.340375
180.25,108.85,0.360596,0.337128
180.25,112.53,0.356804,0.334278
180.25,116.03,0.35238,0.329035
180.25,119.53,0.346789,0.324293
180.25,123.2,0.339512,0.316669
180.25,126.7,0.330889,0.308557
180.25,130.2,0.319531,0.297091
180.25,133.7,0.306552,0.284115
180.25,137.03,0.290017,0.267106
180.25,140.88,0.271684,0.249959
180.25,144.38,0.252513,0.231629
180.25,148.05,0.23259,0.210991
180.25,151.55,0.212038,0.191635
180.25,155.23,0.192618,0.171832
180.25,158.73,0.174186,0.153274
180.25,162.23,0.158924,0.138776
180.25,165.73,0.147787,0.127384
180.25,169.75,0.139549,0.11865
180.25,173.43,0.137045,0.116225
180.25,176.93,0.138804,0.118576
180.25,180.43,0.145246,0.124272
180.25,184.63,0.157836,0.135529
180.25,188.13,0.172017,0.150966
180.25,191.63,0.190865,0.168708
180.25,195.3,0.212199,0.189743
180.25,199.33,0.239463,0.215815
180.25,203.0,0.262713,0.239829
180.25,206.5,0.286545,0.262855
180.25,210.0,0.307799,0.283979
180.25,213.5,0.325596,0.302414
180.25,217.18,0.339919,0.316271
180.25,220.68,0.350202,0.326508
180.25,224.35,0.356804,0.332639
180.25,227.85,0.359885,0.336625
180.25,231.35,0.360331,0.336749
180.25,234.85,0.358523,0.335581
180.25,238.35,0.356896,0.333471
180.25,242.03,0.354472,0.331428
180.25,245.53,0.351998,0.328557
180.25,249.38,0.350584,0.326887
180.25,252.88,0.348227,0.325156
180.25,256.55,0.345948,0.322352
180.25,259.7,0.34393,0.321588
180.25,263.55,0.343311,0.319583
180.25,267.23,0.343699,0.321659
180.25,270.73,0.347417,0.324638
180.25,274.23,0.353948,0.330868
180.25,277.9,0.364712,0.341142
180.25,281.4,0.378394,0.354999
180.25,285.08,0.395926,0.371425
180.25,289.28,0.41897,0.392793
180.25,292.78,0.438076,0.413169
180.25,296.45,0.455686,0.431172
180.25,299.95,0.472334,0.446604
180.25,303.63,0.485575,0.459044
180.25,307.3,0.492827,0.467787
180.25,310.8,0.495186,0.469721
180.25,314.3,0.493905,0.469151
180.25,317.8,0.489746,0.464364
180.25,321.48,0.481557,0.456958
180.25,324.98,0.472371,0.448064
180.25,328.48,0.463048,0.438206
180.25,332.15,0.453101,0.428224
180.25,335.65,0.443098,0.418905
180.25,339.15,0.434718,0.410695
180.25,342.83,0.4275,0.403733
180.25,346.33,0.421061,0.397993
180.25,349.83,0.415849,0.391789
180.25,353.33,0.41259,0.387984
180.25,357.0,0.409632,0.385713
180.25,360.5,0.407331,0.383341
180.25,364.35,0.406286,0.381927
180.25,367.85,0.406028,0.381887
180.25,371.53,0.406009,0.38242
180.25,375.03,0.406964,0.382993
180.25,377.65,0.408572,0.38409
180.25,382.2,0.409903,0.385251
180.25,385.88,0.411268,0.387232
180.25,389.38,0.412999,0.389111
180.25,393.4,0.415864,0.390652
180.25,397.25,0.41795,0.394099
180.25,400.75,0.420584,0.397007
180.25,404.43,0.423572,0.399999
180.25,407.75,0.426625,0.4025
180.25,411.43,0.429198,0.405005
180.25,414.93,0.43181,0.406724
180.25,418.43,0.433803,0.4095
180.25,422.1,0.435957,0.411558
180.25,425.78,0.438243,0.41328
180.25,429.28,0.440236,0.415122
180.25,432.95,0.440827,0.417257
180.25,436.28,0.442676,0.418252
180.25,439.95,0.443446,0.419004
180.25,443.45,0.444127,0.419453
180.25,447.13,0.44523,0.420236
180.25,450.63,0.445584,0.421148
180.25,454.48,0.445966,0.421289
180.25,457.98,0.446151,0.422485
180.25,461.48,0.447127,0.42254
180.25,464.98,0.447728,0.423344
180.25,467.95,0.448276,0.423954
180.25,472.15,0.449244,0.42437
180.25,475.65,0.449262,0.424694
180.25,479.15,0.449062,0.424419
180.25,482.65,0.448843,0.424142
180.25,486.33,0.448252,0.424025
180.25,489.83,0.447719,0.423116
180.25,493.33,0.446995,0.422941
180.25,497.0,0.446105,0.421598
180.25,500.5,0.444817,0.420797
180.25,504.18,0.443659,0.418887
180.25,507.68,0.441995,0.4171
180.25,511.18,0.441068,0.416142
180.25,514.85,0.440415,0.416209
180.25,518.35,0.449358,0.424783
180.25,522.03,0.473834,0.447947
180.25,525.7,0.515424,0.487494
180.25,529.38,0.562278,0.535032
180.25,532.88,0.614854,0.586388
180.25,536.38,0.665177,0.636197
180.25,539.88,0.712189,0.682198
180.25,543.03,0.752389,0.722574
180.25,547.05,0.786825,0.756961
180.25,550.55,0.81343,0.783011
180.25,554.23,0.834333,0.804638
180.25,557.73,0.851344,0.820694
180.25,561.23,0.863883,0.834185
180.25,564.73,0.873439,0.843033
180.25,568.4,0.88002,0.849983
180.25,571.9,0.885291,0.854838
180.25,575.4,0.889046,0.858529
180.25,578.9,0.890756,0.860796
180.25,582.58,0.893146,0.862737
180.25,586.08,0.893994,0.864699
180.25,589.93,0.895251,0.863861
180.25,593.43,0.896033,0.866067
180.25,596.93,0.896378,0.866779
180.25,600.6,0.896501,0.866221
180.25,604.1,0.897077,0.866372
180.25,607.78,0.896674,0.866948
180.25,611.28,0.896532,0.867028
180.25,614.78,0.896871,0.86672
180.25,618.28,0.897195,0.867712
180.25,621.95,0.897401,0.867487
180.25,625.45,0.897345,0.867222
180.25,628.95,0.897453,0.867401
180.25,632.45,0.897376,0.866893
180.25,636.13,0.89693,0.867198
180.25,639.63,0.897459,0.866902
180.25,643.13,0.89717,0.86737
180.25,646.63,0.895836,0.866375
180.25,650.13,0.886994,0.857746
180.25,653.63,0.86452,0.83627
180.25,657.3,0.829804,0.801637
180.25,660.8,0.785756,0.758498
180.25,664.65,0.731582,0.703932
180.25,668.15,0.682229,0.656582
180.25,671.83,0.632124,0.60705
180.25,675.5,0.587515,0.563178
180.25,679.0,0.54628,0.521868
180.25,682.5,0.511185,0.487814
180.25,686.17,0.480362,0.457315
216.3,11.9,0.343009,0.301893
216.3,15.75,0.33136,0.308449
216.3,19.43,0.318246,0.295236
216.3,23.1,0.305097,0.282658
216.3,26.6,0.293153,0.271102
216.3,30.1,0.281801,0.259577
216.3,33.6,0.271028,0.248646
216.3,37.1,0.259854,0.238505
216.3,40.95,0.249025,0.226524
216.3,44.63,0.239746,0.217581
216.3,48.13,0.230322,0.20889
216.3,51.63,0.22177,0.200264
216.3,55.3,0.21515,0.193761
216.3,58.8,0.211567,0.189404
216.3,62.48,0.209956,0.188354
216.3,65.98,0.210991,0.188643
216.3,69.48,0.212975,0.190926
216.3,73.15,0.216213,0.194913
216.3,76.65,0.221253,0.199435
216.3,80.33,0.225332,0.203363
216.3,83.83,0.229555,0.207365
216.3,86.98,0.233261,0.210646
216.3,90.83,0.2356,0.213191
216.3,94.5,0.236262,0.214069
216.3,98.0,0.235541,0.2136
216.3,101.68,0.233163,0.211
216.3,105.18,0.228619,0.206626
216.3,108.85,0.220979,0.1999
216.3,112.53,0.210538,0.189226
216.3,116.03,0.197051,0.175529
216.3,119.7,0.17999,0.159565
216.3,123.2,0.160366,0.140119
216.3,126.7,0.139186,0.119192
216.3,130.38,0.114808,0.095098
216.3,133.88,0.088468,0.069321
216.3,137.38,0.061426,0.042756
216.3,140.88,0.034707,0.016056
216.3,144.38,0.009134,-0.008349
216.3,147.53,-0.013735,-0.031794
216.3,151.55,-0.03253,-0.050161
216.3,155.23,-0.04468,-0.063161
216.3,158.73,-0.051088,-0.069206
216.3,162.23,-0.050672,-0.06871
216.3,165.73,-0.043408,-0.062009
216.3,169.4,-0.029613,-0.048845
216.3,172.9,-0.009418,-0.028198
216.3,176.4,0.015933,-0.003892
216.3,180.08,0.043955,0.023055
216.3,183.58,0.074808,0.05413
216.3,187.08,0.108668,0.086808
216.3,190.58,0.142624,0.120433
216.3,194.25,0.178234,0.155822
216.3,197.75,0.214999,0.191672
216.3,201.25,0.250455,0.226937
216.3,204.75,0.285439,0.261761
216.3,208.43,0.319762,0.295498
216.3,211.93,0.350883,0.326672
216.3,215.43,0.379971,0.355168
216.3,218.93,0.406009,0.380331
216.3,222.6,0.426416,0.40157
216.3,226.28,0.441296,0.416166
216.3,229.78,0.450741,0.425643
216.3,233.28,0.454114,0.429601
216.3,236.78,0.452959,0.4286
216.3,240.1,0.44701,0.422608
216.3,243.78,0.438187,0.414136
216.3,247.45,0.42714,0.403061
216.3,250.95,0.414287,0.390378
216.3,254.45,0.400464,0.376444
216.3,257.95,0.385107,0.362183
216.3,261.45,0.370596,0.347442
216.3,265.13,0.357124,0.333656
216.3,268.63,0.344333,0.322032
216.3,272.13,0.333532,0.310458
216.3,275.63,0.323369,0.300948
216.3,279.3,0.314068,0.291937
216.3,282.8,0.306065,0.283662
216.3,286.3,0.299303,0.277232
216.3,289.8,0.293708,0.271277
216.3,293.48,0.288628,0.266317
216.3,296.98,0.284987,0.262205
216.3,300.48,0.28124,0.259318
216.3,303.98,0.27787,0.255784
216.3,307.65,0.275686,0.253585
216.3,311.15,0.273791,0.251034
216.3,314.65,0.270612,0.249099
216.3,318.15,0.268881,0.246259
216.3,321.83,0.266089,0.244528
216.3,325.33,0.26478,0.241693
216.3,328.83,0.262516,0.240695
216.3,332.33,0.261108,0.239608
216.3,336.0,0.260304,0.238545
216.3,339.5,0.259115,0.236971
216.3,343.0,0.258341,0.235895
216.3,346.68,0.257165,0.23474
216.3,350.18,0.256687,0.234688
216.3,353.68,0.256059,0.233927
216.3,357.35,0.255252,0.233184
216.3,360.85,0.254617,0.233055
216.3,364.35,0.254438,0.232926
216.3,368.03,0.255002,0.23247
216.3,371.88,0.255178,0.233107
216.3,375.38,0.255997,0.233942
216.3,379.05,0.256937,0.234565
216.3,382.55,0.257941,0.235606
216.3,386.05,0.259099,0.236761
216.3,389.73,0.261259,0.238459
216.3,393.4,0.262658,0.24003
216.3,396.9,0.264814,0.242497
216.3,400.58,0.266977,0.245017
216.3,404.08,0.268782,0.246361
216.3,407.75,0.270858,0.248754
216.3,411.25,0.272476,0.250233
216.3,414.75,0.274475,0.252122
216.3,418.25,0.275535,0.253301
216.3,421.93,0.27767,0.254229
216.3,425.43,0.279001,0.256906
216.3,428.93,0.281074,0.25876
216.3,432.6,0.28311,0.26011
216.3,436.1,0.284873,0.261863
216.3,439.6,0.286823,0.264044
216.3,443.28,0.28836,0.265427
216.3,446.78,0.29011,0.267402
216.3,450.28,0.291841,0.269398
216.3,453.78,0.293649,0.270544
216.3,457.45,0.295341,0.272621
216.3,460.95,0.296034,0.274004
216.3,464.45,0.297534,0.274595
216.3,468.13,0.298508,0.274857
216.3,471.63,0.298662,0.2762
216.3,475.13,0.299013,0.276345
216.3,478.63,0.299336,0.275905
216.3,482.3,0.299549,0.277112
216.3,485.8,0.300153,0.277568
216.3,489.3,0.300948,0.278742
216.3,492.98,0.300609,0.277993
216.3,496.48,0.299275,0.27608
216.3,500.15,0.294968,0.272177
216.3,503.48,0.288945,0.266666
216.3,507.15,0.282781,0.259879
216.3,510.65,0.27474,0.252929
216.3,514.15,0.266518,0.24425
216.3,517.65,0.257698,0.235674
216.3,521.15,0.24881,0.227165
216.3,524.65,0.239672,0.218154
216.3,528.15,0.230436,0.209346
216.3,531.65,0.221619,0.199648
216.3,535.33,0.211339,0.189657
216.3,538.83,0.201022,0.179577
216.3,542.5,0.187442,0.166656
216.3,546.18,0.173194,0.152584
216.3,549.68,0.157762,0.137445
216.3,553.18,0.145951,0.125393
216.3,556.85,0.148693,0.127679
216.3,560.35,0.179897,0.157162
216.3,563.85,0.238425,0.214109
216.3,567.53,0.315347,0.289577
216.3,571.03,0.400954,0.374315
216.3,574.53,0.48717,0.459241
216.3,578.03,0.566456,0.537466
216.3,581.7,0.637802,0.608252
216.3,585.2,0.697309,0.66746
216.3,588.7,0.74497,0.715713
216.3,592.2,0.784453,0.754059
216.3,595.88,0.814339,0.78376
216.3,599.2,0.836357,0.806042
216.3,602.88,0.852906,0.822798
216.3,606.38,0.866104,0.83559
216.3,609.88,0.875241,0.845041
216.3,613.38,0.881455,0.851563
216.3,616.88,0.886292,0.855861
216.3,620.55,0.888599,0.85823
216.3,623.88,0.879274,0.850143
216.3,627.55,0.849869,0.82185
216.3,631.05,0.800226,0.77258
216.3,634.73,0.737035,0.711862
216.3,638.23,0.668341,0.643646
216.3,641.73,0.601228,0.577207
216.3,645.58,0.53149,0.507343
216.3,649.08,0.478397,0.455396
216.3,652.75,0.433156,0.410122
216.3,656.25,0.396477,0.374068
216.3,660.63,0.360563,0.336499
216.3,664.13,0.338107,0.316
216.3,667.63,0.320864,0.29836
216.3,671.13,0.306105,0.284004
216.3,674.63,0.293905,0.272094
216.3,678.3,0.284438,0.262482
216.3,681.8,0.276558,0.25433
216.3,685.3,0.271287,0.249112
252.35,12.6,0.171555,0.137374
252.35,16.1,0.162818,0.141955
252.35,19.78,0.154463,0.133225
252.35,23.28,0.146062,0.125609
252.35,26.95,0.139315,0.118758
252.35,30.8,0.132233,0.111703
252.35,34.3,0.126333,0.105951
252.35,37.98,0.12027,0.100273
252.35,41.48,0.114756,0.094383
252.35,45.15,0.109189,0.089081
252.35,48.65,0.103641,0.083776
252.35,52.15,0.098406,0.078699
252.35,55.65,0.093388,0.073671
252.35,59.33,0.089041,0.068517
252.35,62.83,0.084207,0.064167
252.35,66.5,0.080865,0.060994
252.35,70.18,0.076533,0.056835
252.35,73.68,0.071657,0.051404
252.35,77.35,0.066872,0.046906
252.35,80.85,0.061515,0.042288
252.35,84.35,0.055914,0.036342
252.35,88.03,0.049876,0.03031
252.35,91.53,0.043745,0.023542
252.35,95.03,0.03532,0.016533
252.35,98.7,0.026573,0.007501
252.35,102.2,0.016589,-0.002493
252.35,105.7,0.005375,-0.013269
252.35,109.2,-0.008735,-0.026701
252.35,112.88,-0.024153,-0.042496
252.35,116.38,-0.041707,-0.059924
252.35,120.05,-0.062203,-0.079492
252.35,123.55,-0.085829,-0.102601
252.35,127.23,-0.113805,-0.12984
252.35,130.73,-0.140774,-0.157163
252.35,134.23,-0.164973,-0.18078
252.35,137.9,-0.184461,-0.200472
252.35,141.4,-0.194261,-0.210327
252.35,144.9,-0.192862,-0.208968
252.35,148.58,-0.180195,-0.197212
252.35,152.08,-0.158722,-0.176562
252.35,155.58,-0.130047,-0.148245
252.35,159.25,-0.094311,-0.112952
252.35,162.75,-0.055112,-0.075056
252.35,166.25,-0.014859,-0.0348
252.35,169.75,0.027325,0.006644
252.35,173.43,0.068468,0.046894
252.35,176.93,0.108958,0.086995
252.35,180.43,0.148425,0.125754
252.35,183.93,0.186019,0.16316
252.35,187.6,0.223064,0.200058
252.35,191.1,0.257488,0.23421
252.35,194.6,0.293092,0.269118
252.35,198.28,0.327044,0.302762
252.35,201.78,0.361619,0.33698
252.35,205.63,0.395584,0.370375
252.35,209.13,0.426249,0.40104
252.35,212.63,0.455014,0.429111
252.35,216.3,0.482978,0.456918
252.35,219.98,0.505344,0.47954
252.35,223.48,0.522669,0.496816
252.35,226.98,0.534629,0.508418
252.35,230.3,0.541123,0.515063
252.35,234.15,0.541656,0.515414
252.35,237.65,0.535994,0.51088
252.35,241.33,0.525692,0.499922
252.35,244.83,0.509946,0.485322
252.35,248.33,0.490495,0.465987
252.35,252.0,0.468095,0.443748
252.35,255.5,0.445119,0.421323
252.35,259.18,0.420732,0.396915
252.35,262.15,0.395766,0.373119
252.35,266.18,0.370735,0.348523
252.35,269.85,0.347781,0.325079
252.35,273.53,0.326012,0.304413
252.35,276.15,0.30535,0.283674
252.35,280.53,0.285895,0.264823
252.35,284.2,0.267784,0.246271
252.35,287.7,0.25238,0.230399
252.35,291.2,0.237679,0.21568
252.35,294.88,0.224525,0.203582
252.35,298.38,0.212929,0.191533
252.35,302.05,0.202451,0.181299
252.35,305.55,0.193582,0.172587
252.35,309.05,0.185313,0.164075
252.35,312.73,0.178329,0.157131
252.35,316.23,0.172229,0.151234
252.35,319.9,0.16657,0.145587
252.35,323.4,0.161413,0.140427
252.35,326.9,0.156955,0.136512
252.35,330.4,0.15291,0.132042
252.35,333.9,0.149254,0.128773
252.35,337.58,0.146234,0.125563
252.35,341.08,0.143708,0.122747
252.35,344.75,0.140973,0.120014
252.35,348.25,0.138622,0.117519
252.35,351.75,0.136194,0.115122
252.35,355.6,0.133896,0.113332
252.35,359.1,0.131848,0.111173
252.35,362.6,0.129334,0.109528
252.35,366.1,0.127186,0.106632
252.35,369.6,0.12478,0.104361
252.35,373.28,0.122482,0.102445
252.35,376.78,0.120868,0.100717
252.35,380.28,0.119808,0.099364
252.35,383.78,0.118428,0.097722
252.35,387.45,0.1171,0.096164
252.35,390.95,0.115674,0.095116
252.35,394.45,0.114072,0.093936
252.35,398.13,0.112938,0.092159
252.35,401.63,0.111355,0.090942
252.35,405.13,0.109753,0.089303
252.35,408.63,0.108086,0.087963
252.35,412.3,0.107202,0.087153
252.35,415.8,0.105162,0.085095
252.35,419.48,0.10353,0.083779
252.35,422.98,0.101697,0.081641
252.35,426.65,0.099734,0.080119
252.35,430.15,0.097565,0.077544
252.35,433.83,0.095541,0.0747
252.35,437.33,0.093721,0.073557
252.35,440.83,0.09158,0.072039
252.35,444.5,0.089805,0.06942
252.35,448.18,0.088083,0.068416
252.35,451.68,0.086358,0.066093
252.35,455.35,0.085212,0.064623
252.35,458.85,0.083474,0.063413
252.35,462.35,0.08239,0.062199
252.35,465.85,0.082153,0.062085
252.35,469.53,0.082202,0.062186
252.35,473.03,0.081875,0.062264
252.35,476.35,0.080289,0.060301
252.35,480.03,0.074596,0.055122
252.35,483.7,0.067775,0.048123
252.35,487.2,0.059143,0.039377
252.35,490.88,0.049996,0.031207
252.35,494.38,0.042276,0.022288
252.35,497.88,0.03414,0.015292
252.35,501.38,0.02816,0.008299
252.35,505.05,0.022713,0.00398
252.35,508.55,0.018924,-0.000645
252.35,512.05,0.017011,-0.001837
252.35,515.73,0.016167,-0.002829
252.35,519.23,0.016487,-0.003103
252.35,523.08,0.018132,-0.001193
252.35,526.58,0.020618,0.000477
252.35,530.25,0.023576,0.003813
252.35,533.75,0.027294,0.00784
252.35,537.25,0.031882,0.012005
252.35,541.1,0.03722,0.017652
252.35,544.6,0.043163,0.023188
252.35,548.1,0.049134,0.02926
252.35,551.6,0.055825,0.035424
252.35,555.1,0.061724,0.042125
252.35,558.78,0.068391,0.04848
252.35,562.28,0.073727,0.053625
252.35,565.95,0.079509,0.05922
252.35,569.45,0.084605,0.064121
252.35,573.13,0.089312,0.069121
252.35,576.63,0.093976,0.073779
252.35,580.3,0.097433,0.077119
252.35,583.8,0.100769,0.080209
252.35,587.3,0.103283,0.083012
252.35,590.8,0.105449,0.085178
252.35,594.3,0.107763,0.087411
252.35,597.8,0.110128,0.089827
252.35,601.65,0.112649,0.092267
252.35,605.15,0.115215,0.094432
252.35,608.65,0.118,0.096857
252.35,612.33,0.121761,0.100501
252.35,616.0,0.126299,0.105511
252.35,619.5,0.130856,0.110283
252.35,623.18,0.134934,0.114349
252.35,626.5,0.13743,0.11658
252.35,630.35,0.138619,0.117713
252.35,633.85,0.138231,0.117649
252.35,637.35,0.136752,0.116358
252.35,641.03,0.134851,0.114146
252.35,644.53,0.132833,0.11198
252.35,648.03,0.130085,0.109525
252.35,651.7,0.126367,0.106071
252.35,655.2,0.123049,0.102331
252.35,658.7,0.118902,0.099149
252.35,662.2,0.115181,0.094971
252.35,665.7,0.111616,0.090951
252.35,669.38,0.108188,0.087676
252.35,673.23,0.105375,0.08475
252.35,676.9,0.103508,0.083123
252.35,680.4,0.103369,0.083776
252.35,684.08,0.105677,0.08536
252.35,687.58,0.108391,0.088105
288.58,12.6,0.104251,0.073853
288.58,16.1,0.100338,0.080329
288.58,20.13,0.094888,0.074953
288.58,23.8,0.090107,0.069617
288.58,27.13,0.08482,0.06458
288.58,30.8,0.079876,0.060212
288.58,34.48,0.075942,0.056376
288.58,37.98,0.072716,0.052488
288.58,41.65,0.069938,0.049617
288.58,45.15,0.068674,0.048351
288.58,48.65,0.066989,0.046992
288.58,52.15,0.065874,0.046185
288.58,55.83,0.065507,0.045495
288.58,59.33,0.064922,0.044793
288.58,62.83,0.063693,0.043554
288.58,66.33,0.062288,0.042679
288.58,69.83,0.061198,0.042153
288.58,73.5,0.060671,0.041025
288.58,77.0,0.058884,0.039426
288.58,80.68,0.057365,0.038348
288.58,84.18,0.056173,0.036845
288.58,87.68,0.055689,0.035754
288.58,91.18,0.053406,0.034291
288.58,94.85,0.051928,0.032128
288.58,98.53,0.050415,0.030085
288.58,102.03,0.048465,0.028964
288.58,105.7,0.046617,0.027091
288.58,109.38,0.044907,0.025403
288.58,112.88,0.042005,0.022399
288.58,116.55,0.036971,0.017606
288.58,120.05,0.029651,0.010914
288.58,123.55,0.018453,-0.000269
288.58,127.05,0.002729,-0.015762
288.58,130.73,-0.018953,-0.037102
288.58,134.23,-0.044086,-0.06164
288.58,137.9,-0.073922,-0.090635
288.58,141.4,-0.107249,-0.123728
288.58,145.08,-0.142055,-0.157838
288.58,148.58,-0.174828,-0.190586
288.58,152.08,-0.204055,-0.219621
288.58,155.58,-0.225127,-0.240262
288.58,159.43,-0.237714,-0.252745
288.58,163.1,-0.23797,-0.253947
288.58,166.6,-0.227979,-0.24436
288.58,170.45,-0.205925,-0.222739
288.58,173.95,-0.175087,-0.192681
288.58,177.63,-0.137998,-0.156356
288.58,181.3,-0.090623,-0.109696
288.58,184.98,-0.04082,-0.060848
288.58,188.48,0.011262,-0.009742
288.58,192.15,0.062827,0.040452
288.58,195.83,0.117485,0.095187
288.58,199.5,0.164753,0.141971
288.58,203.0,0.211388,0.187621
288.58,206.68,0.254925,0.230991
288.58,210.18,0.295966,0.271259
288.58,213.68,0.332029,0.306961
288.58,217.18,0.3638,0.339466
288.58,220.68,0.393461,0.368027
288.58,224.35,0.417876,0.392919
288.58,227.85,0.436992,0.412472
288.58,231.35,0.451819,0.42665
288.58,235.03,0.46214,0.437161
288.58,238.53,0.467759,0.442189
288.58,242.2,0.46897,0.443397
288.58,245.88,0.465227,0.440239
288.58,249.38,0.456733,0.432266
288.58,253.05,0.444752,0.421182
288.58,256.55,0.430217,0.405901
288.58,260.05,0.412417,0.38909
288.58,263.55,0.392885,0.369019
288.58,267.23,0.371742,0.347738
288.58,270.73,0.350858,0.327642
288.58,274.23,0.330023,0.307858
288.58,277.73,0.31015,0.287365
288.58,281.23,0.289207,0.267325
288.58,284.9,0.269226,0.247537
288.58,288.4,0.250218,0.228868
288.58,291.9,0.233243,0.211358
288.58,295.4,0.216789,0.19543
288.58,299.08,0.201373,0.180409
288.58,302.58,0.187599,0.167082
288.58,306.25,0.175658,0.154863
288.58,309.75,0.164432,0.144026
288.58,313.25,0.155356,0.134719
288.58,316.75,0.146496,0.126598
288.58,320.25,0.139355,0.118967
288.58,323.93,0.132772,0.112091
288.58,327.43,0.126644,0.106022
288.58,330.93,0.121154,0.100905
288.58,334.6,0.116093,0.095578
288.58,338.1,0.111016,0.090393
288.58,341.78,0.106703,0.08727
288.58,345.28,0.103459,0.083314
288.58,348.78,0.100742,0.080597
288.58,352.28,0.098523,0.07861
288.58,355.78,0.097066,0.076552
288.58,359.45,0.096145,0.075748
288.58,362.95,0.09539,0.074833
288.58,366.63,0.095196,0.074568
288.58,370.13,0.094691,0.074361
288.58,373.8,0.094756,0.074331
288.58,377.3,0.094694,0.074158
288.58,380.8,0.094888,0.074931
288.58,384.48,0.095125,0.075107
288.58,388.33,0.0956,0.074824
288.58,391.83,0.09576,0.075877
288.58,395.33,0.09592,0.076022
288.58,398.83,0.095578,0.075076
288.58,402.5,0.095384,0.075628
288.58,406.0,0.094956,0.075258
288.58,409.5,0.094857,0.074491
288.58,413.0,0.093551,0.074019
288.58,416.68,0.092248,0.072377
288.58,420.18,0.090085,0.070073
288.58,423.68,0.087784,0.067682
288.58,427.35,0.083853,0.06426
288.58,430.85,0.079549,0.059882
288.58,434.35,0.074759,0.054186
288.58,437.85,0.069602,0.049725
288.58,441.35,0.066746,0.047094
288.58,445.03,0.063148,0.043727
288.58,448.53,0.059093,0.039386
288.58,452.03,0.053157,0.03353
288.58,455.7,0.044325,0.025409
288.58,459.03,0.035437,0.01661
288.58,462.88,0.025156,0.005317
288.58,466.55,0.015997,-0.002512
288.58,470.05,0.008517,-0.010093
288.58,473.55,0.003123,-0.016362
288.58,477.05,-0.001593,-0.020438
288.58,480.73,-0.004354,-0.022983
288.58,484.23,-0.005494,-0.024884
288.58,487.9,-0.005796,-0.024936
288.58,491.4,-0.004335,-0.023747
288.58,494.9,-0.002333,-0.021735
288.58,498.58,-0.000219,-0.019566
288.58,502.08,0.002519,-0.016828
288.58,505.58,0.005024,-0.013999
288.58,509.25,0.00792,-0.011141
288.58,512.93,0.01223,-0.007234
288.58,516.6,0.016721,-0.002117
288.58,519.93,0.022233,0.002156
288.58,523.78,0.027205,0.007507
288.58,527.45,0.032005,0.012359
288.58,531.13,0.036284,0.016364
288.58,534.63,0.040544,0.020856
288.58,537.95,0.044494,0.023961
288.58,541.8,0.047618,0.028561
288.58,545.3,0.051801,0.031324
288.58,548.8,0.054525,0.035156
288.58,552.3,0.056885,0.037525
288.58,556.15,0.059482,0.040495
288.58,559.65,0.06255,0.042411
288.58,563.15,0.064999,0.044845
288.58,566.65,0.067562,0.047775
288.58,570.33,0.069938,0.050434
288.58,573.65,0.073921,0.05402
288.58,577.33,0.077448,0.057652
288.58,580.83,0.080834,0.060973
288.58,584.33,0.084432,0.064232
288.58,587.83,0.087932,0.068148
288.58,591.5,0.091302,0.070628
288.58,595.0,0.092895,0.072381
288.58,598.5,0.093656,0.07328
288.58,602.18,0.09349,0.07353
288.58,605.68,0.092476,0.072689
288.58,609.53,0.091539,0.07121
288.58,613.03,0.090199,0.069857
288.58,616.53,0.089469,0.069161
288.58,620.2,0.088872,0.06877
288.58,623.7,0.089312,0.068542
288.58,627.38,0.089688,0.069605
288.58,630.88,0.090363,0.070372
288.58,634.38,0.090557,0.070868
288.58,638.05,0.090212,0.069968
288.58,641.55,0.088459,0.067547
288.58,645.23,0.085566,0.065849
288.58,648.73,0.082119,0.06202
288.58,652.23,0.078397,0.058061
288.58,655.73,0.073825,0.053983
288.58,659.4,0.070239,0.050218
288.58,662.9,0.067957,0.04812
288.58,666.4,0.066823,0.047153
288.58,669.9,0.066647,0.047162
288.58,673.58,0.067738,0.048305
288.58,677.08,0.069497,0.049762
288.58,680.58,0.07288,0.052673
288.58,684.6,0.078542,0.058074
288.58,688.28,0.083905,0.063453
324.63,12.78,0.078844,0.049549
324.63,16.28,0.078662,0.058302
324.63,19.95,0.077729,0.056768
324.63,23.45,0.076804,0.056305
324.63,26.95,0.075227,0.054805
324.63,30.8,0.073286,0.053604
324.63,34.48,0.071771,0.051761
324.63,37.98,0.070526,0.050618
324.63,41.48,0.068875,0.048594
324.63,45.15,0.067957,0.048551
324.63,48.65,0.066943,0.046746
324.63,52.15,0.06544,0.046102
324.63,55.83,0.064503,0.044158
324.63,59.33,0.063252,0.043511
324.63,63.0,0.062501,0.043142
324.63,66.5,0.062593,0.04304
324.63,70.18,0.062747,0.04369
324.63,73.68,0.063114,0.043274
324.63,77.7,0.063693,0.043551
324.63,81.2,0.063597,0.043671
324.63,84.7,0.063859,0.044556
324.63,88.38,0.065008,0.04531
324.63,91.88,0.06641,0.046666
324.63,95.38,0.067646,0.047855
324.63,98.88,0.068406,0.048613
324.63,102.55,0.068499,0.048721
324.63,106.4,0.066761,0.046617
324.63,109.9,0.062907,0.043357
324.63,113.4,0.056672,0.037458
324.63,116.9,0.048065,0.027778
324.63,120.58,0.034817,0.016071
324.63,124.08,0.017932,-0.000608
324.63,127.58,-0.004486,-0.022971
324.63,131.08,-0.032641,-0.050256
324.63,134.75,-0.065222,-0.081794
324.63,138.25,-0.103288,-0.119363
324.63,141.75,-0.142952,-0.158583
324.63,145.25,-0.182902,-0.198691
324.63,148.93,-0.220154,-0.234295
324.63,152.43,-0.249794,-0.265216
324.63,155.93,-0.271226,-0.285925
324.63,159.43,-0.28212,-0.297323
324.63,163.1,-0.282015,-0.297634
324.63,166.6,-0.270965,-0.287228
324.63,170.1,-0.250549,-0.267302
324.63,173.78,-0.222129,-0.238897
324.63,177.28,-0.186528,-0.204544
324.63,180.78,-0.147095,-0.165327
324.63,184.45,-0.103744,-0.12294
324.63,187.95,-0.058245,-0.078568
324.63,191.45,-0.012727,-0.033312
324.63,194.95,0.033465,0.012655
324.63,198.45,0.079195,0.058
324.63,202.13,0.125381,0.102898
324.63,205.63,0.16905,0.146607
324.63,209.13,0.211838,0.188838
324.63,212.8,0.251102,0.227571
324.63,216.3,0.287328,0.263258
324.63,219.8,0.318508,0.294001
324.63,223.48,0.344087,0.319709
324.63,227.15,0.362211,0.337879
324.63,230.83,0.373557,0.349472
324.63,234.15,0.377778,0.353961
324.63,237.83,0.375513,0.35124
324.63,241.5,0.365821,0.342349
324.63,245.0,0.351755,0.328067
324.63,248.68,0.332038,0.309407
324.63,252.0,0.309971,0.287753
324.63,255.68,0.285335,0.264127
324.63,259.18,0.260011,0.23815
324.63,262.85,0.234854,0.213249
324.63,266.35,0.209743,0.188804
324.63,269.85,0.185597,0.165326
324.63,273.35,0.162772,0.142824
324.63,277.03,0.142756,0.12227
324.63,280.53,0.123619,0.103166
324.63,284.2,0.106198,0.086644
324.63,287.7,0.090353,0.070511
324.63,291.2,0.075326,0.056496
324.63,294.7,0.063135,0.043477
324.63,298.2,0.052048,0.033012
324.63,301.88,0.042904,0.023721
324.63,305.55,0.034294,0.015366
324.63,309.05,0.027741,0.008616
324.63,312.73,0.021293,0.001888
324.63,316.23,0.015791,-0.003026
324.63,319.73,0.011173,-0.007059
324.63,323.23,0.0069,-0.011658
324.63,326.73,0.003647,-0.015093
324.63,330.4,0.000304,-0.017857
324.63,333.9,-0.002853,-0.021384
324.63,337.4,-0.005435,-0.02436
324.63,340.9,-0.007585,-0.026871
324.63,344.58,-0.010118,-0.029351
324.63,348.08,-0.012736,-0.031655
324.63,351.58,-0.01505,-0.033969
324.63,355.08,-0.017206,-0.036529
324.63,358.75,-0.019711,-0.037937
324.63,362.25,-0.021322,-0.039631
324.63,365.75,-0.022924,-0.04208
324.63,369.25,-0.025161,-0.043165
324.63,372.75,-0.026107,-0.044677
324.63,376.43,-0.027419,-0.045919
324.63,379.93,-0.02822,-0.046791
324.63,383.43,-0.028691,-0.047542
324.63,386.93,-0.02984,-0.04798
324.63,390.43,-0.030102,-0.049086
324.63,394.1,-0.030836,-0.049181
324.63,397.6,-0.031553,-0.050244
324.63,401.45,-0.031892,-0.050555
324.63,404.95,-0.031624,-0.050186
324.63,408.63,-0.032234,-0.050863
324.63,411.95,-0.031997,-0.050632
324.63,415.8,-0.032696,-0.051359
324.63,419.3,-0.032804,-0.051569
324.63,422.8,-0.033497,-0.051889
324.63,426.48,-0.033547,-0.052271
324.63,429.98,-0.033747,-0.052145
324.63,433.48,-0.034308,-0.05233
324.63,436.98,-0.034067,-0.052197
324.63,440.65,-0.033747,-0.052684
324.63,444.15,-0.03408,-0.052428
324.63,447.65,-0.033701,-0.05273
324.63,451.33,-0.033839,-0.052515
324.63,454.83,-0.033198,-0.051405
324.63,458.33,-0.031988,-0.050906
324.63,461.83,-0.030259,-0.049434
324.63,465.33,-0.028738,-0.047484
324.63,469.0,-0.026492,-0.0448
324.63,472.33,-0.023331,-0.042893
324.63,476.0,-0.020706,-0.039748
324.63,479.5,-0.017108,-0.036547
324.63,483.0,-0.013673,-0.0329
324.63,486.5,-0.010032,-0.029147
324.63,490.18,-0.006381,-0.025725
324.63,493.68,-0.002672,-0.021677
324.63,497.35,0.001232,-0.018044
324.63,500.85,0.004704,-0.014859
324.63,504.35,0.007156,-0.012089
324.63,508.03,0.009472,-0.009502
324.63,511.53,0.011151,-0.007733
324.63,515.03,0.012667,-0.00574
324.63,518.53,0.014833,-0.003953
324.63,522.2,0.017033,-0.002669
324.63,525.7,0.018604,-0.000648
324.63,529.38,0.021056,0.001749
324.63,533.23,0.024457,0.004565
324.63,536.73,0.0271,0.00788
324.63,540.23,0.029879,0.010582
324.63,543.9,0.032174,0.012344
324.63,547.4,0.034525,0.014611
324.63,551.08,0.035976,0.017026
324.63,554.58,0.038111,0.017874
324.63,558.08,0.039811,0.020218
324.63,561.75,0.04178,0.021654
324.63,565.43,0.043434,0.024312
324.63,568.93,0.044867,0.025646
324.63,572.6,0.04715,0.02747
324.63,576.1,0.048594,0.028847
324.63,579.6,0.049941,0.029891
324.63,583.1,0.050896,0.031352
324.63,586.78,0.051971,0.032032
324.63,590.28,0.052929,0.032941
324.63,593.78,0.053594,0.033752
324.63,597.28,0.05434,0.034593
324.63,600.95,0.055092,0.035196
324.63,604.63,0.054842,0.035403
324.63,608.3,0.054435,0.034725
324.63,611.8,0.053721,0.034358
324.63,615.3,0.052969,0.033222
324.63,619.15,0.052399,0.032642
324.63,622.65,0.051419,0.032177
324.63,626.5,0.051034,0.03109
324.63,630.0,0.049626,0.030427
324.63,633.5,0.048077,0.029087
324.63,637.0,0.046872,0.027898
324.63,640.68,0.046074,0.026814
324.63,644.0,0.044987,0.024904
324.63,647.68,0.043992,0.024543
324.63,651.18,0.043631,0.023804
324.63,654.85,0.043028,0.023172
324.63,658.35,0.042448,0.023243
324.63,661.85,0.04336,0.023964
324.63,665.35,0.044565,0.024722
324.63,669.03,0.047119,0.02776
324.63,672.35,0.050739,0.030606
324.63,676.03,0.054827,0.035387
324.63,679.53,0.05946,0.039516
324.63,683.2,0.064617,0.044817
324.63,686.7,0.069361,0.049867
360.68,12.25,0.067719,0.038028
360.68,15.75,0.065757,0.045748
360.68,19.25,0.064417,0.044571
360.68,22.75,0.063123,0.042923
360.68,26.25,0.061607,0.042023
360.68,30.1,0.060144,0.039817
360.68,33.6,0.058696,0.038557
360.68,37.28,0.057294,0.038351
360.68,40.78,0.056885,0.037621
360.68,44.28,0.056986,0.036888
360.68,47.78,0.056995,0.036533
360.68,51.28,0.056081,0.036564
360.68,54.78,0.055976,0.036121
360.68,58.45,0.055806,0.035471
360.68,61.95,0.055212,0.035076
360.68,65.45,0.054438,0.0347
360.68,69.13,0.053979,0.034315
360.68,72.63,0.053622,0.034405
360.68,76.3,0.053767,0.034355
360.68,79.8,0.053551,0.033576
360.68,83.3,0.052741,0.033413
360.68,86.98,0.052652,0.032935
360.68,90.48,0.052048,0.032803
360.68,94.15,0.052347,0.032273
360.68,97.65,0.051918,0.033024
360.68,101.15,0.05113,0.031885
360.68,104.65,0.049377,0.030203
360.68,108.15,0.046139,0.027698
360.68,111.83,0.041657,0.022368
360.68,115.33,0.03458,0.015791
360.68,119.0,0.027023,0.008049
360.68,122.5,0.016521,-0.002077
360.68,126.0,0.003955,-0.014123
360.68,129.5,-0.01127,-0.029295
360.68,132.83,-0.028245,-0.04619
360.68,136.68,-0.045121,-0.063543
360.68,140.18,-0.062099,-0.079141
360.68,143.85,-0.077339,-0.095013
360.68,147.35,-0.090432,-0.107887
360.68,151.03,-0.09899,-0.116107
360.68,154.53,-0.10322,-0.120654
360.68,158.2,-0.102049,-0.120102
360.68,161.7,-0.096812,-0.114366
360.68,165.2,-0.085835,-0.104628
360.68,168.7,-0.072065,-0.091233
360.68,172.38,-0.055423,-0.07505
360.68,175.88,-0.036911,-0.056063
360.68,179.73,-0.014776,-0.033935
360.68,183.23,0.008151,-0.011627
360.68,186.9,0.032137,0.011795
360.68,190.4,0.057288,0.036493
360.68,194.25,0.088101,0.067159
360.68,197.75,0.116962,0.095834
360.68,201.25,0.147051,0.1256
360.68,204.75,0.178465,0.15548
360.68,208.25,0.21238,0.189204
360.68,211.93,0.24153,0.218477
360.68,215.43,0.270486,0.246826
360.68,219.1,0.296961,0.273495
360.68,222.6,0.318914,0.29507
360.68,226.1,0.335233,0.311493
360.68,229.78,0.345193,0.321108
360.68,233.28,0.349232,0.325076
360.68,236.95,0.346678,0.323304
360.68,240.45,0.33921,0.316025
360.68,244.13,0.326447,0.303539
360.68,247.63,0.310421,0.287648
360.68,251.13,0.289937,0.26816
360.68,254.63,0.268098,0.246552
360.68,258.3,0.246379,0.225399
360.68,261.8,0.224934,0.204133
360.68,265.13,0.203699,0.182445
360.68,268.8,0.182956,0.162103
360.68,272.3,0.163459,0.142932
360.68,275.8,0.1458,0.125871
360.68,279.48,0.130042,0.110122
360.68,282.98,0.115541,0.095255
360.68,286.65,0.102531,0.082978
360.68,290.15,0.091191,0.071219
360.68,293.65,0.080797,0.061709
360.68,297.15,0.071339,0.051869
360.68,300.83,0.063634,0.043493
360.68,304.33,0.056429,0.036595
360.68,308.0,0.04974,0.03023
360.68,311.5,0.0441,0.024694
360.68,315.0,0.039891,0.019941
360.68,318.5,0.034941,0.015865
360.68,322.18,0.031749,0.012353
360.68,325.68,0.028471,0.00909
360.68,329.18,0.025541,0.006031
360.68,332.68,0.022642,0.003021
360.68,336.35,0.019898,0.000877
360.68,339.85,0.017778,-0.001307
360.68,343.35,0.014522,-0.003497
360.68,347.03,0.012196,-0.007428
360.68,350.53,0.009442,-0.009674
360.68,354.2,0.006743,-0.011963
360.68,357.88,0.004728,-0.014406
360.68,361.38,0.002439,-0.016519
360.68,365.05,7.9e-05,-0.018605
360.68,368.55,-0.001544,-0.021045
360.68,372.05,-0.004027,-0.022308
360.68,375.55,-0.005478,-0.024003
360.68,379.23,-0.007431,-0.026621
360.68,382.73,-0.008882,-0.028694
360.68,386.4,-0.011439,-0.030072
360.68,389.9,-0.013485,-0.032071
360.68,393.4,-0.015555,-0.034184
360.68,396.9,-0.017256,-0.035925
360.68,400.58,-0.019385,-0.038565
360.68,404.08,-0.021322,-0.039693
360.68,407.58,-0.023661,-0.042447
360.68,411.25,-0.026674,-0.045235
360.68,414.75,-0.029964,-0.0485
360.68,418.25,-0.0331,-0.051276
360.68,421.75,-0.035808,-0.053879
360.68,425.43,-0.0381,-0.056575
360.68,428.93,-0.040466,-0.059138
360.68,432.6,-0.042154,-0.060549
360.68,436.1,-0.043426,-0.061757
360.68,439.6,-0.044243,-0.062783
360.68,443.28,-0.044844,-0.062792
360.68,447.3,-0.045028,-0.063685
360.68,450.98,-0.045429,-0.063682
360.68,454.48,-0.045777,-0.063904
360.68,458.15,-0.046064,-0.064964
360.68,461.83,-0.046174,-0.065253
360.68,465.5,-0.046908,-0.066107
360.68,469.0,-0.048177,-0.06668
360.68,472.5,-0.048747,-0.06733
360.68,476.18,-0.04915,-0.067419
360.68,479.85,-0.048808,-0.067311
360.68,483.35,-0.04798,-0.066131
360.68,486.85,-0.045934,-0.064856
360.68,490.35,-0.04416,-0.062727
360.68,493.85,-0.040601,-0.059104
360.68,497.35,-0.037096,-0.056051
360.68,501.03,-0.033987,-0.052459
360.68,504.53,-0.030682,-0.049483
360.68,508.03,-0.027284,-0.046264
360.68,511.7,-0.023852,-0.042749
360.68,515.2,-0.020478,-0.03956
360.68,518.7,-0.017271,-0.03562
360.68,522.2,-0.013513,-0.032154
360.68,525.88,-0.009677,-0.028827
360.68,529.38,-0.006396,-0.025139
360.68,532.88,-0.002817,-0.021436
360.68,536.38,0.000794,-0.018553
360.68,539.88,0.003345,-0.015189
360.68,543.55,0.005742,-0.013426
360.68,547.23,0.008533,-0.010873
360.68,550.9,0.010834,-0.008485
360.68,554.4,0.013326,-0.006064
360.68,557.9,0.015372,-0.003969
360.68,561.4,0.017498,-0.002089
360.68,565.08,0.018351,-0.001051
360.68,568.58,0.020101,0.000674
360.68,572.25,0.021752,0.002772
360.68,575.75,0.024094,0.004916
360.68,579.25,0.026835,0.006897
360.68,582.75,0.028225,0.0091
360.68,586.43,0.030375,0.010905
360.68,589.93,0.030816,0.011882
360.68,593.6,0.032128,0.012667
360.68,597.1,0.031878,0.012171
360.68,600.6,0.03157,0.012254
360.68,604.1,0.030902,0.011404
360.68,607.78,0.029931,0.010304
360.68,611.28,0.027824,0.009352
360.68,614.95,0.026136,0.007581
360.68,618.45,0.024676,0.005837
360.68,622.13,0.023508,0.004531
360.68,625.63,0.022763,0.003268
360.68,629.3,0.022304,0.003206
360.68,632.8,0.02129,0.002048
360.68,636.48,0.020699,0.001805
360.68,639.98,0.02109,0.001851
360.68,643.48,0.023958,0.004922
360.68,646.98,0.029614,0.010086
360.68,650.65,0.034765,0.014833
360.68,654.15,0.038813,0.019217
360.68,657.65,0.040751,0.021521
360.68,661.15,0.041734,0.021928
360.68,664.83,0.04089,0.021327
360.68,668.33,0.040504,0.021327
360.68,671.83,0.040514,0.021398
360.68,675.5,0.041422,0.021826
360.68,679.0,0.043151,0.023194
360.68,682.5,0.04499,0.025206
360.68,685.65,0.047183,0.027738
396.73,12.6,0.031386,0.003696
396.73,16.1,0.028872,0.009081
396.73,20.3,0.025739,0.006074
396.73,23.8,0.022988,0.004084
396.73,27.3,0.020763,0.001068
396.73,30.98,0.017621,-0.000768
396.73,34.65,0.014858,-0.00404
396.73,38.15,0.012353,-0.006523
396.73,41.65,0.010036,-0.009452
396.73,45.15,0.007633,-0.011556
396.73,48.83,0.005779,-0.013849
396.73,52.33,0.004645,-0.014696
396.73,55.83,0.003061,-0.016178
396.73,59.5,0.001996,-0.016877
396.73,63.0,0.001327,-0.017314
396.73,66.5,0.000652,-0.017656
396.73,70.0,0.000307,-0.018488
396.73,73.5,-0.000642,-0.018898
396.73,77.0,-0.001581,-0.02111
396.73,80.5,-0.002866,-0.02188
396.73,84.18,-0.00407,-0.022746
396.73,87.68,-0.004551,-0.023374
396.73,91.18,-0.005645,-0.024357
396.73,94.85,-0.006101,-0.025438
396.73,98.53,-0.006911,-0.026295
396.73,102.03,-0.008085,-0.027407
396.73,105.7,-0.011794,-0.030641
396.73,109.2,-0.017046,-0.036122
396.73,112.7,-0.024431,-0.043088
396.73,116.2,-0.033885,-0.052499
396.73,119.88,-0.046014,-0.064181
396.73,123.38,-0.061295,-0.07899
396.73,126.88,-0.080376,-0.097884
396.73,130.38,-0.10346,-0.120798
396.73,133.88,-0.130216,-0.146892
396.73,137.38,-0.15672,-0.172524
396.73,141.05,-0.181559,-0.198134
396.73,144.55,-0.201723,-0.217625
396.73,148.05,-0.214529,-0.230441
396.73,151.73,-0.221174,-0.237034
396.73,155.58,-0.22061,-0.236772
396.73,159.08,-0.212625,-0.229125
396.73,162.58,-0.197801,-0.214418
396.73,166.25,-0.175789,-0.193475
396.73,169.75,-0.146378,-0.164005
396.73,173.43,-0.114668,-0.133944
396.73,176.93,-0.076353,-0.096005
396.73,180.6,-0.035324,-0.055016
396.73,184.8,0.018216,-0.003211
396.73,188.3,0.060791,0.039309
396.73,191.8,0.103437,0.081607
396.73,195.3,0.14385,0.12149
396.73,198.8,0.182199,0.158628
396.73,202.48,0.218061,0.19434
396.73,205.98,0.25019,0.226416
396.73,209.48,0.279725,0.256293
396.73,212.98,0.305738,0.281792
396.73,216.48,0.325957,0.301561
396.73,220.15,0.339534,0.316031
396.73,223.65,0.347084,0.32384
396.73,227.15,0.348076,0.324139
396.73,230.65,0.341508,0.317892
396.73,234.33,0.329062,0.305532
396.73,237.83,0.310978,0.2888
396.73,241.33,0.288643,0.26637
396.73,244.83,0.262617,0.241025
396.73,248.5,0.237103,0.215332
396.73,252.0,0.210184,0.188397
396.73,255.68,0.183976,0.163129
396.73,259.18,0.159854,0.139867
396.73,262.68,0.138305,0.117799
396.73,266.35,0.118129,0.098773
396.73,269.85,0.10044,0.080372
396.73,273.35,0.08438,0.06458
396.73,276.85,0.070064,0.050609
396.73,280.53,0.058336,0.039904
396.73,284.03,0.049244,0.029904
396.73,287.53,0.041198,0.022069
396.73,291.03,0.034395,0.014972
396.73,294.53,0.029026,0.009546
396.73,298.03,0.023893,0.00474
396.73,301.7,0.019975,0.000622
396.73,305.2,0.017362,-0.001747
396.73,308.7,0.015156,-0.004261
396.73,312.38,0.013542,-0.00566
396.73,315.88,0.012187,-0.006892
396.73,319.38,0.011456,-0.007662
396.73,322.88,0.011518,-0.008128
396.73,326.55,0.010809,-0.008491
396.73,330.05,0.010443,-0.009141
396.73,333.55,0.010058,-0.009634
396.73,337.23,0.009087,-0.009428
396.73,340.73,0.00857,-0.010099
396.73,344.4,0.008847,-0.01029
396.73,347.9,0.008819,-0.010432
396.73,351.4,0.009072,-0.010161
396.73,355.08,0.008986,-0.009572
396.73,358.58,0.009041,-0.009499
396.73,362.25,0.009294,-0.010263
396.73,365.75,0.008949,-0.011014
396.73,369.25,0.008009,-0.01131
396.73,372.93,0.007307,-0.011513
396.73,376.43,0.006272,-0.013396
396.73,379.93,0.005082,-0.014314
396.73,383.6,0.0019,-0.016704
396.73,387.1,-0.001982,-0.020635
396.73,390.6,-0.006988,-0.025931
396.73,394.28,-0.014135,-0.032142
396.73,397.78,-0.021935,-0.040617
396.73,401.28,-0.030044,-0.048488
396.73,404.95,-0.035564,-0.053084
396.73,408.45,-0.037299,-0.055903
396.73,411.95,-0.03387,-0.052246
396.73,415.63,-0.023701,-0.043152
396.73,419.3,-0.008223,-0.027792
396.73,422.8,0.011068,-0.008876
396.73,426.3,0.033567,0.012994
396.73,429.98,0.054586,0.034244
396.73,433.48,0.075501,0.054682
396.73,436.98,0.094719,0.073687
396.73,440.48,0.11186,0.090655
396.73,443.98,0.126016,0.104947
396.73,447.48,0.137689,0.11698
396.73,451.15,0.146943,0.125677
396.73,454.65,0.154805,0.133622
396.73,458.15,0.161071,0.139531
396.73,461.65,0.166148,0.144953
396.73,465.15,0.170418,0.149026
396.73,468.83,0.172864,0.151262
396.73,471.98,0.173899,0.153169
396.73,475.83,0.173902,0.15238
396.73,479.33,0.17267,0.151074
396.73,483.0,0.17044,0.149389
396.73,486.5,0.16653,0.145341
396.73,490.0,0.162011,0.140852
396.73,493.5,0.156558,0.135258
396.73,497.18,0.149546,0.128696
396.73,500.68,0.141278,0.121087
396.73,504.18,0.130304,0.110332
396.73,507.68,0.115933,0.095816
396.73,511.35,0.098644,0.0791
396.73,514.85,0.078998,0.059528
396.73,518.0,0.056755,0.037883
396.73,522.2,0.034651,0.015588
396.73,525.7,0.014001,-0.004499
396.73,529.2,-0.004628,-0.023057
396.73,532.53,-0.019406,-0.0383
396.73,536.38,-0.030441,-0.049215
396.73,539.88,-0.037573,-0.055836
396.73,543.55,-0.041621,-0.060472
396.73,547.05,-0.043519,-0.062253
396.73,550.73,-0.042977,-0.061963
396.73,554.23,-0.040762,-0.0596
396.73,557.73,-0.03769,-0.056633
396.73,561.23,-0.033756,-0.052413
396.73,564.9,-0.029893,-0.049086
396.73,568.58,-0.025675,-0.044526
396.73,572.08,-0.020469,-0.039123
396.73,575.58,-0.012635,-0.031569
396.73,579.08,-0.00367,-0.022955
396.73,582.75,0.005132,-0.014757
396.73,586.25,0.011148,-0.007601
396.73,589.58,0.015141,-0.003932
396.73,593.25,0.017362,-0.001532
396.73,596.93,0.018647,-0.001393
396.73,600.43,0.022233,0.003225
396.73,603.93,0.034254,0.014023
396.73,607.6,0.063333,0.04226
396.73,611.1,0.118037,0.095698
396.73,614.6,0.193856,0.169873
396.73,618.28,0.285436,0.259374
396.73,621.95,0.384518,0.357047
396.73,625.45,0.476915,0.448766
396.73,628.95,0.560824,0.531348
396.73,632.45,0.634216,0.604034
396.73,635.95,0.696086,0.665605
396.73,639.45,0.744628,0.714089
396.73,642.95,0.784052,0.753982
396.73,646.63,0.81282,0.781696
396.73,650.13,0.82323,0.792715
396.73,653.63,0.804635,0.776126
396.73,657.3,0.753686,0.727432
396.73,660.8,0.679336,0.653689
396.73,664.3,0.588205,0.564918
396.73,667.98,0.494564,0.472312
396.73,671.48,0.40397,0.382574
396.73,674.98,0.321493,0.301
396.73,678.48,0.250587,0.230369
396.73,682.15,0.192981,0.173539
396.73,685.65,0.14775,0.12849
432.95,12.25,-0.062511,-0.084933
432.95,15.75,-0.079264,-0.097099
432.95,19.6,-0.097875,-0.114498
432.95,23.1,-0.114723,-0.131569
432.95,26.6,-0.129887,-0.146889
432.95,30.28,-0.144696,-0.161362
432.95,34.3,-0.155219,-0.17244
432.95,37.8,-0.164948,-0.181756
432.95,41.3,-0.173873,-0.190167
432.95,44.8,-0.181448,-0.197594
432.95,48.48,-0.187961,-0.204012
432.95,51.98,-0.194027,-0.210808
432.95,55.48,-0.19948,-0.216048
432.95,58.98,-0.203885,-0.220201
432.95,62.48,-0.208109,-0.223996
432.95,66.15,-0.211359,-0.227169
432.95,69.65,-0.213269,-0.229689
432.95,73.33,-0.214939,-0.231137
432.95,76.83,-0.216217,-0.232074
432.95,80.33,-0.217366,-0.233112
432.95,83.83,-0.217748,-0.233691
432.95,87.5,-0.217391,-0.233315
432.95,90.83,-0.216793,-0.232631
432.95,94.5,-0.215915,-0.232308
432.95,98.18,-0.215179,-0.231371
432.95,101.68,-0.213919,-0.230555
432.95,104.83,-0.213457,-0.229837
432.95,108.85,-0.213032,-0.229507
432.95,112.35,-0.215167,-0.231205
432.95,115.85,-0.220102,-0.236522
432.95,119.35,-0.226248,-0.242114
432.95,123.03,-0.228106,-0.244578
432.95,126.53,-0.223278,-0.239538
432.95,130.2,-0.209045,-0.225715
432.95,133.7,-0.187758,-0.205087
432.95,137.2,-0.162628,-0.180296
432.95,140.88,-0.136871,-0.155139
432.95,144.38,-0.114292,-0.131914
432.95,147.88,-0.095373,-0.11355
432.95,151.55,-0.08358,-0.102126
432.95,155.05,-0.078953,-0.096809
432.95,158.55,-0.079782,-0.097425
432.95,162.23,-0.079733,-0.097709
432.95,165.73,-0.061045,-0.08005
432.95,169.23,-0.010814,-0.032012
432.95,172.9,0.070615,0.047633
432.95,176.4,0.171395,0.146783
432.95,179.9,0.283637,0.257137
432.95,183.4,0.392636,0.365008
432.95,187.08,0.494382,0.465359
432.95,190.58,0.580913,0.551696
432.95,194.08,0.656455,0.626188
432.95,197.75,0.715312,0.684826
432.95,201.25,0.761406,0.730722
432.95,204.93,0.797688,0.767038
432.95,208.25,0.82489,0.793254
432.95,211.93,0.844095,0.813932
432.95,215.43,0.859789,0.829132
432.95,218.93,0.870814,0.840312
432.95,222.43,0.878615,0.847875
432.95,226.1,0.883738,0.853331
432.95,229.6,0.878301,0.848208
432.95,233.28,0.845334,0.816366
432.95,236.78,0.781502,0.75453
432.95,240.45,0.689293,0.664736
432.95,243.95,0.579154,0.556967
432.95,247.63,0.465886,0.444364
432.95,250.95,0.354743,0.334986
432.95,255.15,0.238754,0.219749
432.95,258.65,0.150526,0.132384
432.95,262.33,0.075548,0.058357
432.95,266.0,0.013206,-0.00387
432.95,269.68,-0.038186,-0.054542
432.95,273.35,-0.072712,-0.089498
432.95,276.68,-0.100044,-0.116294
432.95,280.18,-0.120333,-0.136646
432.95,283.68,-0.133728,-0.150524
432.95,287.18,-0.143245,-0.159708
432.95,290.85,-0.15017,-0.166923
432.95,294.35,-0.155056,-0.171966
432.95,298.03,-0.159147,-0.175971
432.95,301.53,-0.161473,-0.178611
432.95,305.03,-0.163682,-0.180604
432.95,308.53,-0.165379,-0.181544
432.95,312.03,-0.165934,-0.18293
432.95,315.53,-0.165712,-0.18237
432.95,319.2,-0.165145,-0.18192
432.95,322.7,-0.163765,-0.180592
432.95,326.2,-0.16159,-0.178309
432.95,329.7,-0.158987,-0.175721
432.95,333.2,-0.155444,-0.17236
432.95,336.7,-0.151492,-0.168306
432.95,340.38,-0.146975,-0.164474
432.95,343.88,-0.141341,-0.159082
432.95,347.73,-0.135139,-0.152363
432.95,351.4,-0.127859,-0.145509
432.95,354.9,-0.121079,-0.138285
432.95,358.58,-0.112699,-0.130561
432.95,362.43,-0.102422,-0.120195
432.95,366.28,-0.092462,-0.111048
432.95,369.78,-0.08306,-0.101418
432.95,373.28,-0.073349,-0.09208
432.95,376.78,-0.064893,-0.083291
432.95,380.28,-0.057373,-0.076375
432.95,383.78,-0.052182,-0.070413
432.95,387.45,-0.049961,-0.068959
432.95,390.95,-0.053365,-0.071486
432.95,394.45,-0.062656,-0.080974
432.95,398.13,-0.076153,-0.092878
432.95,401.63,-0.085321,-0.102644
432.95,405.13,-0.08688,-0.104668
432.95,408.63,-0.079566,-0.097456
432.95,412.13,-0.063473,-0.083047
432.95,415.63,-0.043417,-0.06237
432.95,419.3,-0.019249,-0.039385
432.95,422.8,0.005122,-0.01469
432.95,426.3,0.027418,0.006866
432.95,429.98,0.046312,0.025988
432.95,433.48,0.063064,0.041885
432.95,437.15,0.077658,0.057427
432.95,440.83,0.091099,0.070822
432.95,444.15,0.102112,0.081345
432.95,447.83,0.111734,0.090658
432.95,451.5,0.120563,0.099697
432.95,455.18,0.127904,0.106838
432.95,458.68,0.134303,0.113379
432.95,462.18,0.140005,0.119269
432.95,465.85,0.146438,0.124928
432.95,469.35,0.151795,0.130467
432.95,473.03,0.156817,0.135794
432.95,476.53,0.161019,0.140064
432.95,480.03,0.16544,0.143785
432.95,483.53,0.168545,0.146783
432.95,487.03,0.169136,0.147738
432.95,490.7,0.168465,0.147193
432.95,494.03,0.164734,0.143912
432.95,495.25,0.158283,0.137359
432.95,501.2,0.148443,0.127439
432.95,504.88,0.136216,0.115923
432.95,508.38,0.122344,0.101811
432.95,511.88,0.106185,0.08621
432.95,515.55,0.089004,0.069106
432.95,519.23,0.069479,0.050625
432.95,522.73,0.048865,0.030024
432.95,526.23,0.023832,0.005714
432.95,529.9,-0.006107,-0.024006
432.95,533.4,-0.040022,-0.056938
432.95,536.9,-0.074317,-0.090937
432.95,540.4,-0.106963,-0.123907
432.95,544.25,-0.136871,-0.153208
432.95,547.75,-0.159181,-0.175577
432.95,551.43,-0.175922,-0.192561
432.95,554.93,-0.188103,-0.20444
432.95,558.43,-0.195872,-0.211846
432.95,562.1,-0.199403,-0.215296
432.95,565.43,-0.199856,-0.216947
432.95,569.28,-0.198657,-0.214976
432.95,572.78,-0.195025,-0.21122
432.95,576.45,-0.185573,-0.202902
432.95,579.95,-0.161941,-0.180133
432.95,583.45,-0.117209,-0.136772
432.95,586.95,-0.04505,-0.065734
432.95,590.63,0.050335,0.027741
432.95,594.13,0.161241,0.136361
432.95,597.63,0.276345,0.249475
432.95,601.3,0.387562,0.359681
432.95,604.8,0.48884,0.459915
432.95,608.3,0.577195,0.547916
432.95,611.8,0.649693,0.6203
432.95,615.3,0.710556,0.680547
432.95,618.98,0.757913,0.727552
432.95,622.48,0.794863,0.764625
432.95,625.98,0.822832,0.791729
432.95,629.65,0.843082,0.811899
432.95,633.5,0.859484,0.827577
432.95,637.0,0.870442,0.839521
432.95,640.5,0.87806,0.847302
432.95,644.0,0.883575,0.852878
432.95,647.68,0.887691,0.857188
432.95,651.18,0.890549,0.859268
432.95,654.68,0.892114,0.861107
432.95,658.18,0.893698,0.862715
432.95,661.85,0.894551,0.863713
432.95,665.35,0.895152,0.864271
432.95,668.85,0.895315,0.864363
432.95,672.35,0.890284,0.860146
432.95,676.03,0.869502,0.840248
432.95,679.53,0.823593,0.796218
432.95,683.03,0.750473,0.724709
432.95,686.53,0.655365,0.631375
469.0,12.6,-0.228854,-0.243842
469.0,16.1,-0.276257,-0.290006
469.0,19.6,-0.318728,-0.33183
469.0,23.28,-0.35318,-0.366534
469.0,26.78,-0.380903,-0.393435
469.0,30.45,-0.397114,-0.410333
469.0,33.95,-0.399005,-0.412418
469.0,37.45,-0.387573,-0.402264
469.0,41.13,-0.365019,-0.380185
469.0,44.63,-0.335992,-0.351618
469.0,48.13,-0.303066,-0.319132
469.0,51.63,-0.266923,-0.283676
469.0,55.13,-0.232776,-0.249982
469.0,58.8,-0.200228,-0.21781
469.0,62.3,-0.170959,-0.188959
469.0,65.8,-0.146371,-0.164209
469.0,69.48,-0.124434,-0.143208
469.0,72.98,-0.106831,-0.125115
469.0,76.65,-0.092484,-0.110601
469.0,80.15,-0.082031,-0.100041
469.0,83.83,-0.076295,-0.095068
469.0,87.33,-0.076221,-0.094033
469.0,90.83,-0.080324,-0.098879
469.0,94.33,-0.09009,-0.106935
469.0,97.83,-0.103198,-0.120866
469.0,101.33,-0.122086,-0.13903
469.0,105.0,-0.143423,-0.160222
469.0,108.5,-0.168395,-0.184313
469.0,112.0,-0.196575,-0.212542
469.0,115.5,-0.225863,-0.241168
469.0,119.0,-0.254273,-0.268679
469.0,122.5,-0.281987,-0.296331
469.0,126.18,-0.309298,-0.322835
469.0,129.68,-0.33313,-0.347049
469.0,133.18,-0.354088,-0.368102
469.0,136.85,-0.372804,-0.386402
469.0,140.35,-0.388845,-0.401923
469.0,143.85,-0.401436,-0.414757
469.0,147.53,-0.410413,-0.423272
469.0,151.03,-0.414917,-0.42841
469.0,154.53,-0.400521,-0.414501
469.0,158.03,-0.347576,-0.364027
469.0,161.7,-0.251516,-0.270536
469.0,165.2,-0.124002,-0.145919
469.0,168.7,0.022954,-0.001338
469.0,172.2,0.170969,0.144238
469.0,175.88,0.311046,0.282833
469.0,179.38,0.435442,0.406166
469.0,183.05,0.540658,0.510676
469.0,186.55,0.62673,0.596634
469.0,190.05,0.69473,0.664012
469.0,193.55,0.746991,0.716018
469.0,197.05,0.788125,0.757589
469.0,200.73,0.818686,0.787321
469.0,204.23,0.839986,0.809591
469.0,207.73,0.857244,0.82538
469.0,211.4,0.869015,0.838639
469.0,214.9,0.877481,0.846736
469.0,218.4,0.883729,0.852851
469.0,221.9,0.887777,0.857373
469.0,225.4,0.890614,0.859419
469.0,229.08,0.892721,0.861905
469.0,232.58,0.894259,0.863036
469.0,236.25,0.895035,0.864668
469.0,239.58,0.896033,0.865124
469.0,243.25,0.896394,0.865432
469.0,246.75,0.896301,0.865506
469.0,250.25,0.896856,0.866227
469.0,253.75,0.896394,0.866064
469.0,257.43,0.896726,0.866049
469.0,260.93,0.896717,0.866079
469.0,264.43,0.896668,0.866178
469.0,267.93,0.89693,0.865938
469.0,271.6,0.896837,0.86603
469.0,275.1,0.896486,0.866215
469.0,278.6,0.896732,0.865885
469.0,282.1,0.896273,0.864872
469.0,285.78,0.879373,0.849025
469.0,289.45,0.82493,0.796853
469.0,292.95,0.731348,0.70636
469.0,296.63,0.604638,0.582201
469.0,300.48,0.450855,0.430901
469.0,303.98,0.305113,0.287676
469.0,307.48,0.169919,0.153428
469.0,311.15,0.04478,0.02987
469.0,314.83,-0.06342,-0.077407
469.0,318.33,-0.151085,-0.16501
469.0,321.83,-0.226519,-0.23988
469.0,325.5,-0.287912,-0.300863
469.0,329.0,-0.339745,-0.352677
469.0,332.68,-0.384686,-0.396926
469.0,336.18,-0.426442,-0.437998
469.0,339.68,-0.465179,-0.477073
469.0,343.18,-0.507264,-0.517652
469.0,346.85,-0.533395,-0.544516
469.0,350.35,-0.514165,-0.526805
469.0,354.03,-0.435373,-0.451309
469.0,357.53,-0.307456,-0.326559
469.0,361.38,-0.135922,-0.15842
469.0,365.05,0.033564,0.008077
469.0,368.55,0.195172,0.167735
469.0,372.23,0.343532,0.314309
469.0,375.73,0.467423,0.438187
469.0,379.23,0.569148,0.538902
469.0,382.9,0.650396,0.620294
469.0,386.4,0.71502,0.684364
469.0,389.9,0.764887,0.733735
469.0,393.58,0.801649,0.77119
469.0,397.08,0.828729,0.797598
469.0,400.58,0.848183,0.817358
469.0,404.25,0.862691,0.832515
469.0,407.75,0.873606,0.842398
469.0,411.25,0.879089,0.848627
469.0,414.75,0.869129,0.839154
469.0,418.25,0.822604,0.794071
469.0,421.93,0.738775,0.713097
469.0,425.43,0.647512,0.622947
469.0,429.1,0.57725,0.553184
469.0,432.6,0.542783,0.517124
469.0,436.1,0.541117,0.514915
469.0,439.6,0.56409,0.537315
469.0,443.28,0.602863,0.57535
469.0,446.78,0.647238,0.617919
469.0,450.28,0.692672,0.663402
469.0,453.78,0.733122,0.703741
469.0,457.45,0.770041,0.739681
469.0,460.95,0.800084,0.769736
469.0,464.63,0.824884,0.793763
469.0,468.13,0.843415,0.813165
469.0,471.8,0.858365,0.827515
469.0,475.3,0.869308,0.838254
469.0,478.98,0.877238,0.846585
469.0,482.48,0.883353,0.852198
469.0,485.98,0.887598,0.856754
469.0,489.48,0.890531,0.859619
469.0,492.98,0.892389,0.861736
469.0,496.65,0.893387,0.863433
469.0,500.15,0.895001,0.863535
469.0,503.65,0.895297,0.864407
469.0,507.33,0.896153,0.865007
469.0,510.83,0.89615,0.865318
469.0,514.33,0.896384,0.865805
469.0,517.83,0.896902,0.865796
469.0,521.5,0.896609,0.866326
469.0,525.18,0.896591,0.865713
469.0,528.68,0.896831,0.865925
469.0,532.35,0.896812,0.865913
469.0,536.03,0.896769,0.865414
469.0,539.35,0.896674,0.866258
469.0,543.03,0.896905,0.866064
469.0,546.53,0.896837,0.866067
469.0,550.03,0.89689,0.865919
469.0,553.7,0.89355,0.863282
469.0,557.2,0.866135,0.837185
469.0,560.7,0.796221,0.769117
469.0,564.2,0.686394,0.662096
469.0,567.88,0.557096,0.535461
469.0,571.2,0.443637,0.422682
469.0,574.88,0.367241,0.346474
469.0,578.38,0.337919,0.315486
469.0,581.88,0.350159,0.326376
469.0,585.38,0.394968,0.36909
469.0,589.05,0.457124,0.430618
469.0,592.55,0.527503,0.498849
469.0,596.05,0.595186,0.566228
469.0,599.55,0.656114,0.626412
469.0,603.23,0.711468,0.681261
469.0,606.73,0.755562,0.724946
469.0,610.4,0.791391,0.76055
469.0,613.9,0.818815,0.788202
469.0,617.93,0.842013,0.809305
469.0,621.43,0.856813,0.826597
469.0,624.93,0.868337,0.837413
469.0,628.43,0.876791,0.845848
469.0,631.93,0.882629,0.851745
469.0,635.43,0.886886,0.855559
469.0,639.1,0.889927,0.859012
469.0,642.6,0.891649,0.86099
469.0,646.1,0.893073,0.862441
469.0,649.78,0.893719,0.864373
469.0,653.28,0.89481,0.864317
469.0,656.78,0.895251,0.864407
469.0,660.28,0.895737,0.865032
469.0,663.95,0.895771,0.865038
469.0,667.45,0.896018,0.865731
469.0,671.13,0.896067,0.865617
469.0,674.63,0.896295,0.865285
469.0,678.3,0.896332,0.865167
469.0,681.8,0.896273,0.865947
469.0,685.3,0.896166,0.865516
505.23,12.6,0.286259,0.245935
505.23,16.1,0.407654,0.378708
505.23,19.78,0.517121,0.486773
505.23,23.28,0.606302,0.576483
505.23,26.95,0.67945,0.648778
505.23,30.63,0.734659,0.703969
505.23,34.13,0.778328,0.747586
505.23,37.63,0.811578,0.780266
505.23,41.3,0.835232,0.804305
505.23,44.8,0.852869,0.822167
505.23,48.3,0.865901,0.835402
505.23,51.98,0.875947,0.844776
505.23,55.48,0.882561,0.851227
505.23,58.98,0.886782,0.85603
505.23,63.0,0.890525,0.857361
505.23,66.68,0.892382,0.861036
505.23,70.18,0.893855,0.862919
505.23,74.03,0.894514,0.863353
505.23,77.53,0.895503,0.865143
505.23,81.2,0.895753,0.865063
505.23,84.7,0.896474,0.865731
505.23,88.2,0.896363,0.866015
505.23,91.7,0.896585,0.865959
505.23,95.03,0.896449,0.865383
505.23,98.88,0.896729,0.865867
505.23,102.55,0.896631,0.866061
505.23,106.23,0.896526,0.865334
505.23,109.73,0.896504,0.866166
505.23,113.23,0.897102,0.865833
505.23,116.73,0.896997,0.865753
505.23,120.4,0.897284,0.866563
505.23,123.9,0.896948,0.865611
505.23,127.58,0.896868,0.865688
505.23,131.08,0.89676,0.865931
505.23,134.58,0.896957,0.865858
505.23,138.08,0.896902,0.866092
505.23,141.75,0.896634,0.866055
505.23,145.25,0.896914,0.865636
505.23,149.1,0.896908,0.865362
505.23,152.6,0.896782,0.866427
505.23,156.28,0.896914,0.86506
505.23,160.13,0.897102,0.864832
505.23,163.63,0.897164,0.865737
505.23,167.3,0.897148,0.866511
505.23,170.8,0.897207,0.866779
505.23,174.3,0.897111,0.866218
505.23,177.8,0.896979,0.866486
505.23,181.65,0.897456,0.865617
505.23,185.33,0.896991,0.86623
505.23,189.0,0.895981,0.86461
505.23,192.5,0.888621,0.858171
505.23,196.18,0.86831,0.838328
505.23,199.68,0.835796,0.806387
505.23,203.35,0.802993,0.77461
505.23,206.85,0.778067,0.748954
505.23,210.35,0.765001,0.736486
505.23,213.85,0.764709,0.736092
505.23,217.35,0.773911,0.743957
505.23,221.03,0.788325,0.758664
505.23,224.53,0.804829,0.774977
505.23,228.03,0.822108,0.790488
505.23,231.53,0.836434,0.80595
505.23,235.03,0.850124,0.819388
505.23,238.7,0.861199,0.830392
505.23,242.2,0.870207,0.839576
505.23,245.7,0.877349,0.846899
505.23,249.55,0.882795,0.851554
505.23,252.88,0.886942,0.856224
505.23,256.55,0.889659,0.859052
505.23,260.05,0.891742,0.860663
505.23,263.55,0.893316,0.862025
505.23,267.05,0.890312,0.859819
505.23,270.73,0.875765,0.845802
505.23,274.23,0.844499,0.815799
505.23,277.73,0.799434,0.771298
505.23,281.4,0.742789,0.715667
505.23,284.9,0.685821,0.659672
505.23,288.4,0.629324,0.604096
505.23,291.9,0.580553,0.555602
505.23,295.4,0.540393,0.515775
505.23,299.08,0.513172,0.48807
505.23,302.05,0.495707,0.471249
505.23,306.08,0.487731,0.462207
505.23,309.4,0.48319,0.4573
505.23,313.43,0.479644,0.454549
505.23,317.1,0.474265,0.449164
505.23,320.6,0.465904,0.441098
505.23,324.1,0.454191,0.429675
505.23,327.95,0.442368,0.418049
505.23,331.45,0.431413,0.407399
505.23,334.95,0.422235,0.397993
505.23,338.45,0.415193,0.390433
505.23,341.95,0.410162,0.385639
505.23,345.63,0.406675,0.381958
505.23,349.13,0.403526,0.379284
505.23,352.8,0.400606,0.376062
505.23,356.3,0.396431,0.372355
505.23,359.8,0.390547,0.366062
505.23,363.48,0.383797,0.35954
505.23,366.98,0.383409,0.35945
505.23,370.48,0.40072,0.375975
505.23,373.98,0.43604,0.409808
505.23,377.65,0.486453,0.460193
505.23,381.15,0.543871,0.515815
505.23,384.65,0.603741,0.574792
505.23,388.15,0.658532,0.628692
505.23,391.83,0.709564,0.679601
505.23,395.5,0.753895,0.722543
505.23,399.0,0.787872,0.757355
505.23,402.5,0.815275,0.784441
505.23,406.35,0.837225,0.805888
505.23,409.85,0.853581,0.822139
505.23,413.88,0.867346,0.834545
505.23,417.55,0.876126,0.845408
505.23,421.05,0.882007,0.851461
505.23,424.55,0.886486,0.855845
505.23,428.58,0.89006,0.857746
505.23,432.08,0.892182,0.861323
505.23,435.75,0.893698,0.862641
505.23,439.25,0.894641,0.863359
505.23,442.75,0.895263,0.864289
505.23,446.43,0.895663,0.864825
505.23,449.93,0.896005,0.865146
505.23,453.43,0.896508,0.865272
505.23,456.93,0.896729,0.865639
505.23,460.6,0.896877,0.865703
505.23,463.93,0.896809,0.865947
505.23,467.6,0.896538,0.865765
505.23,471.1,0.896751,0.865907
505.23,474.78,0.89664,0.865429
505.23,478.28,0.896471,0.866301
505.23,481.78,0.896951,0.866332
505.23,485.28,0.896942,0.866501
505.23,488.95,0.897195,0.865938
505.23,492.45,0.897312,0.866067
505.23,495.95,0.89729,0.866723
505.23,499.63,0.897308,0.866175
505.23,503.83,0.897355,0.863938
505.23,507.33,0.896967,0.866708
505.23,510.83,0.897336,0.866243
505.23,514.33,0.896926,0.866076
505.23,518.18,0.897099,0.864887
505.23,521.68,0.896816,0.866508
505.23,525.35,0.897164,0.866021
505.23,528.85,0.897198,0.866101
505.23,532.35,0.897053,0.865799
505.23,535.85,0.896939,0.866917
505.23,539.53,0.897093,0.866504
505.23,543.03,0.896751,0.867025
505.23,546.53,0.89725,0.866615
505.23,550.2,0.896976,0.866246
505.23,553.7,0.89717,0.866381
505.23,557.2,0.897016,0.866517
505.23,560.7,0.896643,0.866585
505.23,564.2,0.892364,0.861751
505.23,567.88,0.88079,0.850395
505.23,571.38,0.864283,0.834453
505.23,575.05,0.847965,0.818393
505.23,578.38,0.837213,0.808174
505.23,582.05,0.832912,0.803066
505.23,585.73,0.83404,0.803261
505.23,589.23,0.83859,0.808661
505.23,592.73,0.846236,0.81583
505.23,596.23,0.854311,0.823525
505.23,599.73,0.862496,0.831603
505.23,603.23,0.869443,0.83871
505.23,606.9,0.876101,0.845408
505.23,610.4,0.880623,0.85034
505.23,613.9,0.885164,0.853883
505.23,617.58,0.888538,0.857373
505.23,621.08,0.890408,0.85941
505.23,624.58,0.892074,0.8618
505.23,628.25,0.893498,0.863279
505.23,631.75,0.894508,0.863954
505.23,635.25,0.895318,0.865041
505.23,638.75,0.895879,0.864893
505.23,642.43,0.896073,0.86509
505.23,645.93,0.896452,0.864933
505.23,649.6,0.896735,0.865744
505.23,653.1,0.897062,0.865651
505.23,656.6,0.896637,0.866378
505.23,660.1,0.896723,0.86607
505.23,663.78,0.896705,0.865925
505.23,667.45,0.896868,0.865728
505.23,670.95,0.896991,0.865087
505.23,674.63,0.897398,0.865821
505.23,678.13,0.897121,0.866591
505.23,681.63,0.897037,0.866622
505.23,685.13,0.897133,0.865691
505.23,688.8,0.897031,0.865602
541.28,12.08,0.896381,0.82932
541.28,15.58,0.888846,0.85733
541.28,19.08,0.865728,0.836058
541.28,22.75,0.826159,0.797416
541.28,26.25,0.773695,0.746699
541.28,29.75,0.714564,0.688255
541.28,33.43,0.655923,0.630621
541.28,36.93,0.602173,0.577167
541.28,40.25,0.553406,0.528631
541.28,44.1,0.513572,0.488843
541.28,47.78,0.480689,0.456086
541.28,51.1,0.455217,0.430331
541.28,54.78,0.436394,0.411862
541.28,58.28,0.422386,0.397802
541.28,61.95,0.4127,0.387833
541.28,65.45,0.405969,0.381524
541.28,68.95,0.401785,0.377368
541.28,72.63,0.398751,0.374219
541.28,76.13,0.396967,0.372941
541.28,79.63,0.395661,0.371499
541.28,83.13,0.395045,0.370575
541.28,86.63,0.394765,0.370063
541.28,89.78,0.393428,0.368979
541.28,93.8,0.391958,0.366989
541.28,97.3,0.389555,0.365821
541.28,100.98,0.386111,0.362383
541.28,104.13,0.381222,0.357513
541.28,108.15,0.375529,0.352001
541.28,111.65,0.368347,0.345017
541.28,115.15,0.360057,0.336616
541.28,119.0,0.349651,0.326191
541.28,122.5,0.339096,0.315778
541.28,126.0,0.327522,0.304367
541.28,129.68,0.315276,0.292654
541.28,133.18,0.303489,0.280464
541.28,136.68,0.292719,0.270356
541.28,140.35,0.284195,0.262109
541.28,143.85,0.279253,0.256872
541.28,147.35,0.278058,0.255211
541.28,151.03,0.280273,0.257805
541.28,154.53,0.286561,0.263203
541.28,158.03,0.294232,0.271003
541.28,161.53,0.302291,0.279447
541.28,165.03,0.309789,0.286003
541.28,168.7,0.313791,0.291089
541.28,172.2,0.315008,0.291662
541.28,175.7,0.312593,0.289275
541.28,179.2,0.307377,0.284075
541.28,182.88,0.300815,0.277916
541.28,186.38,0.295895,0.272704
541.28,189.88,0.29267,0.270402
541.28,193.55,0.293868,0.270221
541.28,197.05,0.298834,0.27491
541.28,200.55,0.308009,0.284404
541.28,204.05,0.321216,0.297861
541.28,207.73,0.338218,0.314195
541.28,211.23,0.35795,0.333384
541.28,214.73,0.380153,0.355375
541.28,218.4,0.403508,0.378797
541.28,221.9,0.425824,0.400636
541.28,225.58,0.447164,0.42124
541.28,229.08,0.467312,0.441188
541.28,232.58,0.487013,0.460596
541.28,236.08,0.503729,0.477214
541.28,239.58,0.517173,0.490901
541.28,243.08,0.527127,0.50092
541.28,246.75,0.535969,0.509395
541.28,250.25,0.542346,0.515833
541.28,253.75,0.547306,0.520772
541.28,257.43,0.552133,0.525035
541.28,260.93,0.555605,0.528886
541.28,264.6,0.557965,0.531203
541.28,268.1,0.559398,0.532978
541.28,271.6,0.560177,0.533193
541.28,275.1,0.559293,0.532793
541.28,278.6,0.557669,0.530904
541.28,282.28,0.555719,0.529789
541.28,285.78,0.553175,0.527053
541.28,289.28,0.550701,0.524703
541.28,292.78,0.54831,0.521764
541.28,296.45,0.546295,0.520146
541.28,299.95,0.544379,0.518458
541.28,303.45,0.543489,0.51661
541.28,307.13,0.541607,0.515445
541.28,310.63,0.540063,0.51417
541.28,314.13,0.539105,0.512633
541.28,317.63,0.538138,0.511068
541.28,321.3,0.536973,0.51039
541.28,324.8,0.536181,0.50953
541.28,328.3,0.535667,0.508754
541.28,331.98,0.534096,0.50811
541.28,335.48,0.533042,0.507189
541.28,339.15,0.531634,0.505528
541.28,342.65,0.529774,0.504496
541.28,346.15,0.527442,0.501748
541.28,349.83,0.523874,0.498434
541.28,353.33,0.519425,0.494216
541.28,357.0,0.51372,0.487075
541.28,360.5,0.50551,0.480217
541.28,364.18,0.497731,0.472534
541.28,367.68,0.499758,0.474124
541.28,371.18,0.516665,0.48957
541.28,374.68,0.546915,0.519361
541.28,378.18,0.588359,0.560011
541.28,381.85,0.63482,0.605883
541.28,385.35,0.680987,0.651964
541.28,388.85,0.723507,0.693024
541.28,392.53,0.760312,0.72965
541.28,395.85,0.792044,0.761461
541.28,399.53,0.818153,0.786973
541.28,402.5,0.837835,0.806834
541.28,406.7,0.853362,0.822105
541.28,410.38,0.865959,0.834145
541.28,413.88,0.874715,0.843495
541.28,417.38,0.881196,0.850115
541.28,421.05,0.886147,0.854616
541.28,424.55,0.889406,0.858405
541.28,428.05,0.89143,0.860365
541.28,431.55,0.891119,0.860075
541.28,435.05,0.881991,0.851517
541.28,438.73,0.860063,0.829813
541.28,442.23,0.828489,0.799521
541.28,445.73,0.792524,0.764348
541.28,449.4,0.755362,0.727182
541.28,453.08,0.722857,0.695103
541.28,456.58,0.697475,0.669761
541.28,460.25,0.677762,0.650054
541.28,463.58,0.663144,0.635593
541.28,467.25,0.653473,0.626403
541.28,470.75,0.646184,0.618566
541.28,474.25,0.640655,0.613344
541.28,477.75,0.63547,0.608436
541.28,481.25,0.631064,0.603877
541.28,484.75,0.626415,0.599013
541.28,488.43,0.621911,0.59441
541.28,491.93,0.617438,0.590556
541.28,495.43,0.613587,0.585636
541.28,499.1,0.608797,0.582149
541.28,502.6,0.60534,0.578304
541.28,506.28,0.600966,0.574102
541.28,509.43,0.595639,0.568973
541.28,513.28,0.590396,0.563957
541.28,516.78,0.58266,0.556542
541.28,520.45,0.57445,0.548014
541.28,523.78,0.565424,0.538899
541.28,527.45,0.556151,0.530726
541.28,530.78,0.54913,0.522497
541.28,534.45,0.542848,0.517287
541.28,537.95,0.538119,0.512546
541.28,541.63,0.535642,0.509278
541.28,545.13,0.534013,0.507352
541.28,548.63,0.53429,0.508233
541.28,552.3,0.536434,0.509786
541.28,555.8,0.540214,0.513224
541.28,559.3,0.544102,0.518455
541.28,562.98,0.549878,0.523169
541.28,566.65,0.555223,0.5286
541.28,570.15,0.56079,0.534043
541.28,573.65,0.567269,0.540091
541.28,577.33,0.57291,0.545498
541.28,580.83,0.578726,0.551865
541.28,584.33,0.584481,0.557177
541.28,588.0,0.589767,0.56336
541.28,591.5,0.595063,0.567799
541.28,595.0,0.599542,0.572183
541.28,598.68,0.603307,0.57575
541.28,601.83,0.606428,0.579114
541.28,605.68,0.608205,0.581533
541.28,609.18,0.610688,0.583788
541.28,612.85,0.612263,0.585192
541.28,616.35,0.614379,0.586283
541.28,620.03,0.615122,0.587537
541.28,623.7,0.615997,0.588381
541.28,627.03,0.615846,0.588421
541.28,630.7,0.614934,0.58779
541.28,634.38,0.613307,0.585658
541.28,637.88,0.610716,0.583375
541.28,641.55,0.607491,0.579961
541.28,645.05,0.602746,0.575439
541.28,648.73,0.597386,0.570239
541.28,652.23,0.592722,0.565812
541.28,655.73,0.592309,0.565066
541.28,659.23,0.601594,0.574028
541.28,662.9,0.622099,0.593979
541.28,666.4,0.650738,0.622528
541.28,669.9,0.685491,0.656394
541.28,673.4,0.720861,0.690396
541.28,677.25,0.755636,0.724552
541.28,680.75,0.785787,0.755436
541.28,684.43,0.810895,0.779973
541.28,687.93,0.831107,0.800623
577.33,12.6,0.418366,0.37299
577.33,16.1,0.429423,0.403748
577.33,20.13,0.448064,0.420572
577.33,23.8,0.465091,0.439327
577.33,27.3,0.479419,0.45315
577.33,30.8,0.488175,0.462392
577.33,34.48,0.491681,0.466246
577.33,37.98,0.49088,0.465615
577.33,41.65,0.487429,0.461456
577.33,45.15,0.482121,0.456761
577.33,48.65,0.476212,0.450827
577.33,52.15,0.470424,0.444537
577.33,55.83,0.465495,0.44043
577.33,59.33,0.461071,0.435772
577.33,62.83,0.457115,0.431601
577.33,66.33,0.453745,0.428181
577.33,70.0,0.450547,0.425797
577.33,73.5,0.447814,0.422571
577.33,77.0,0.445008,0.420485
577.33,80.5,0.442713,0.418024
577.33,84.0,0.440606,0.416219
577.33,87.68,0.4384,0.413742
577.33,91.18,0.435898,0.411271
577.33,94.68,0.433437,0.409219
577.33,98.18,0.430704,0.406098
577.33,101.85,0.427214,0.403009
577.33,105.35,0.422913,0.398739
577.33,108.85,0.417479,0.393477
577.33,112.53,0.412355,0.387623
577.33,115.85,0.405763,0.38157
577.33,119.53,0.398566,0.373656
577.33,123.03,0.390356,0.36596
577.33,126.7,0.38133,0.356952
577.33,130.2,0.372238,0.348446
577.33,133.7,0.363381,0.339512
577.33,137.2,0.354965,0.331299
577.33,140.7,0.347682,0.324065
577.33,144.38,0.341478,0.318123
577.33,147.88,0.337346,0.313662
577.33,151.55,0.333763,0.310153
577.33,155.05,0.331998,0.308252
577.33,158.55,0.330898,0.307584
577.33,162.23,0.331761,0.308206
577.33,165.73,0.334102,0.310372
577.33,169.4,0.338203,0.313686
577.33,173.08,0.343468,0.319638
577.33,176.58,0.351052,0.326844
577.33,180.08,0.360661,0.336434
577.33,183.58,0.374567,0.349096
577.33,187.6,0.389897,0.364429
577.33,191.1,0.407355,0.382269
577.33,194.6,0.427805,0.402257
577.33,198.28,0.449604,0.423686
577.33,201.78,0.4734,0.447041
577.33,205.45,0.497842,0.470969
577.33,208.95,0.520242,0.4934
577.33,212.45,0.540362,0.513335
577.33,216.13,0.558156,0.530402
577.33,219.63,0.570356,0.543775
577.33,223.3,0.578292,0.551594
577.33,226.8,0.580698,0.554576
577.33,230.13,0.577672,0.551591
577.33,233.8,0.570057,0.543945
577.33,237.3,0.558273,0.532038
577.33,240.98,0.543575,0.517522
577.33,244.48,0.526104,0.500522
577.33,247.98,0.50685,0.482007
577.33,251.65,0.486678,0.462038
577.33,255.15,0.465735,0.441548
577.33,258.83,0.445627,0.421191
577.33,262.33,0.427793,0.403468
577.33,265.83,0.409999,0.386521
577.33,269.5,0.393545,0.369457
577.33,273.0,0.37937,0.355378
577.33,276.33,0.36592,0.342815
577.33,280.0,0.355051,0.331801
577.33,283.5,0.345948,0.322537
577.33,287.18,0.337371,0.314207
577.33,290.15,0.330239,0.307226
577.33,294.18,0.324527,0.301052
577.33,297.68,0.318344,0.295655
577.33,301.35,0.31323,0.289999
577.33,304.85,0.308024,0.284891
577.33,308.53,0.302519,0.27934
577.33,312.03,0.297685,0.274651
577.33,315.53,0.292457,0.269746
577.33,319.2,0.287374,0.264913
577.33,322.53,0.282014,0.259688
577.33,326.2,0.275141,0.252377
577.33,329.7,0.267081,0.245369
577.33,333.2,0.257451,0.235134
577.33,336.7,0.245273,0.223569
577.33,340.38,0.229749,0.208403
577.33,343.88,0.210951,0.190039
577.33,347.38,0.190883,0.170255
577.33,350.88,0.176222,0.155024
577.33,354.38,0.182562,0.160501
577.33,358.05,0.217553,0.193656
577.33,361.73,0.278656,0.254044
577.33,365.05,0.35742,0.330501
577.33,368.9,0.443424,0.414601
577.33,372.58,0.526255,0.497247
577.33,376.08,0.602093,0.572793
577.33,379.75,0.669117,0.638279
577.33,383.25,0.722571,0.692321
577.33,386.93,0.765574,0.734354
577.33,390.43,0.800124,0.769163
577.33,393.93,0.825214,0.794715
577.33,397.43,0.844573,0.813559
577.33,401.1,0.859675,0.828864
577.33,404.6,0.870349,0.839718
577.33,408.1,0.878066,0.847158
577.33,411.25,0.884182,0.852518
577.33,415.1,0.887934,0.85688
577.33,418.78,0.890768,0.859379
577.33,422.28,0.892774,0.86115
577.33,425.95,0.894031,0.863029
577.33,429.45,0.894998,0.863461
577.33,433.13,0.895466,0.864668
577.33,436.63,0.896338,0.864838
577.33,439.95,0.896394,0.865081
577.33,443.8,0.896865,0.865824
577.33,447.48,0.89644,0.865894
577.33,450.98,0.896474,0.865747
577.33,454.48,0.896874,0.865663
577.33,458.15,0.896427,0.866206
577.33,461.65,0.897117,0.866175
577.33,465.33,0.897293,0.86571
577.33,468.83,0.897179,0.865685
577.33,472.33,0.89729,0.866224
577.33,475.83,0.897361,0.866286
577.33,479.33,0.897367,0.866264
577.33,483.0,0.896652,0.8657
577.33,486.5,0.889604,0.858433
577.33,490.18,0.86558,0.835898
577.33,493.85,0.822703,0.79372
577.33,497.35,0.767266,0.739764
577.33,501.03,0.702971,0.676301
577.33,504.7,0.639194,0.614167
577.33,508.2,0.58092,0.555889
577.33,511.88,0.528104,0.503298
577.33,515.38,0.483347,0.4588
577.33,519.05,0.447251,0.42335
577.33,522.55,0.41905,0.395291
577.33,526.05,0.395898,0.372636
577.33,529.73,0.378465,0.355144
577.33,533.23,0.37206,0.34799
577.33,536.73,0.375211,0.350784
577.33,540.23,0.388012,0.363634
577.33,543.9,0.413825,0.388526
577.33,547.4,0.452873,0.426385
577.33,550.9,0.504641,0.477722
577.33,554.4,0.5599,0.531394
577.33,558.08,0.617697,0.58815
577.33,561.4,0.670094,0.640528
577.33,565.08,0.718877,0.68859
577.33,568.58,0.757768,0.72693
577.33,572.08,0.790978,0.760473
577.33,575.75,0.81562,0.783914
577.33,579.25,0.820956,0.791847
577.33,582.75,0.805362,0.776193
577.33,586.25,0.769878,0.741511
577.33,589.93,0.718738,0.691714
577.33,593.43,0.664373,0.639013
577.33,597.1,0.618745,0.592759
577.33,600.6,0.581647,0.556317
577.33,604.1,0.551576,0.526181
577.33,607.78,0.534543,0.50872
577.33,611.28,0.529746,0.503637
577.33,614.78,0.533058,0.506653
577.33,618.28,0.538889,0.512244
577.33,621.95,0.539906,0.513397
577.33,625.45,0.530744,0.505408
577.33,629.13,0.512109,0.487272
577.33,632.8,0.486983,0.462106
577.33,636.3,0.457611,0.433338
577.33,639.8,0.430378,0.406342
577.33,643.3,0.404952,0.381274
577.33,646.98,0.384253,0.36088
577.33,650.48,0.371896,0.348049
577.33,653.98,0.366903,0.343391
577.33,657.65,0.367707,0.343979
577.33,661.15,0.369457,0.345295
577.33,664.83,0.369706,0.345861
577.33,668.33,0.368067,0.343757
577.33,671.83,0.364182,0.341148
577.33,675.33,0.360131,0.336274
577.33,678.83,0.355137,0.331197
577.33,682.5,0.350405,0.327097
577.33,686.0,0.34698,0.32299
613.38,12.6,0.298967,0.258878
613.38,15.93,0.274389,0.252115
613.38,19.6,0.252029,0.230439
613.38,23.1,0.233126,0.210942
613.38,26.78,0.214679,0.193024
613.38,30.28,0.202005,0.181188
613.38,33.95,0.191407,0.170135
613.38,37.45,0.182975,0.161185
613.38,40.95,0.175818,0.15417
613.38,44.63,0.170544,0.149069
613.38,48.13,0.166087,0.144981
613.38,51.63,0.162836,0.141595
613.38,55.13,0.160002,0.13922
613.38,58.63,0.159257,0.137374
613.38,62.3,0.15812,0.136795
613.38,65.8,0.157217,0.136595
613.38,69.3,0.15678,0.135889
613.38,72.8,0.156484,0.135557
613.38,76.48,0.155634,0.134799
613.38,79.98,0.155427,0.133758
613.38,83.65,0.154602,0.13353
613.38,87.15,0.154599,0.133314
613.38,90.83,0.154605,0.132913
613.38,94.33,0.154053,0.1323
613.38,97.83,0.153631,0.132208
613.38,101.33,0.153172,0.132273
613.38,105.0,0.152938,0.131392
613.38,108.68,0.152978,0.131499
613.38,112.18,0.152112,0.131219
613.38,115.68,0.15165,0.130393
613.38,119.18,0.15056,0.129106
613.38,122.85,0.149013,0.127994
613.38,126.35,0.147029,0.125701
613.38,130.03,0.145051,0.123693
613.38,133.53,0.14288,0.122153
613.38,137.03,0.141019,0.120107
613.38,140.53,0.139121,0.118372
613.38,144.2,0.137846,0.116709
613.38,147.7,0.136225,0.115726
613.38,151.2,0.135125,0.114401
613.38,154.7,0.134981,0.114552
613.38,158.38,0.135729,0.114552
613.38,161.88,0.136881,0.115702
613.38,165.55,0.138483,0.117149
613.38,169.05,0.140637,0.119592
613.38,172.55,0.143607,0.122498
613.38,176.05,0.14661,0.125591
613.38,179.73,0.149611,0.128554
613.38,183.05,0.152704,0.131598
613.38,186.73,0.156176,0.134654
613.38,190.23,0.159007,0.13755
613.38,193.9,0.162242,0.140778
613.38,197.4,0.165406,0.144072
613.38,200.9,0.168351,0.146632
613.38,204.4,0.170973,0.149971
613.38,208.08,0.173434,0.151961
613.38,211.58,0.175458,0.154155
613.38,215.25,0.177171,0.155741
613.38,218.93,0.178668,0.157162
613.38,222.43,0.179623,0.15828
613.38,225.93,0.179777,0.157972
613.38,229.43,0.178905,0.157402
613.38,232.93,0.176866,0.155846
613.38,236.6,0.175054,0.153456
613.38,240.1,0.171887,0.150165
613.38,243.78,0.167876,0.146345
613.38,247.28,0.163788,0.142439
613.38,250.78,0.159038,0.137701
613.38,254.28,0.154691,0.133409
613.38,257.95,0.14966,0.129358
613.38,261.45,0.145079,0.124549
613.38,265.13,0.139814,0.118832
613.38,268.63,0.1341,0.113228
613.38,272.13,0.128881,0.108074
613.38,275.63,0.123394,0.102642
613.38,279.13,0.118234,0.097818
613.38,282.8,0.113502,0.092381
613.38,286.48,0.108015,0.08845
613.38,289.98,0.103551,0.08352
613.38,293.48,0.098591,0.077701
613.38,296.98,0.093647,0.07324
613.38,300.65,0.087763,0.067926
613.38,304.15,0.081709,0.062227
613.38,307.83,0.075788,0.055677
613.38,311.33,0.068899,0.048684
613.38,315.0,0.062344,0.042399
613.38,318.5,0.055437,0.035754
613.38,322.0,0.0473,0.02784
613.38,325.5,0.037895,0.018816
613.38,329.0,0.026986,0.007883
613.38,332.68,0.014063,-0.004326
613.38,336.18,-0.001775,-0.020281
613.38,339.68,-0.020839,-0.038543
613.38,343.18,-0.041344,-0.059073
613.38,346.85,-0.065475,-0.082795
613.38,350.35,-0.090038,-0.107203
613.38,353.68,-0.113805,-0.131187
613.38,357.53,-0.12619,-0.143389
613.38,361.2,-0.109615,-0.127724
613.38,364.7,-0.054178,-0.074797
613.38,368.2,0.03328,0.011102
613.38,371.7,0.143607,0.118222
613.38,375.38,0.261305,0.234447
613.38,378.88,0.376194,0.347993
613.38,382.38,0.48202,0.45295
613.38,385.88,0.571508,0.541912
613.38,389.55,0.648714,0.617842
613.38,393.23,0.712047,0.680892
613.38,396.73,0.758877,0.727469
613.38,400.23,0.796535,0.76501
613.38,403.73,0.823917,0.792152
613.38,407.4,0.843907,0.812931
613.38,410.9,0.859718,0.828097
613.38,414.58,0.871138,0.839958
613.38,418.08,0.878849,0.847842
613.38,421.75,0.884776,0.853658
613.38,425.43,0.887734,0.856501
613.38,429.1,0.878273,0.847241
613.38,432.6,0.848165,0.818704
613.38,436.1,0.798449,0.770072
613.38,439.78,0.735645,0.709148
613.38,443.1,0.670017,0.644336
613.38,446.95,0.606496,0.581024
613.38,450.45,0.550895,0.525895
613.38,453.95,0.506653,0.482657
613.38,457.63,0.47075,0.446727
613.38,461.13,0.441619,0.41759
613.38,464.8,0.418948,0.395532
613.38,468.3,0.399062,0.37519
613.38,471.8,0.379426,0.355458
613.38,475.48,0.359469,0.335957
613.38,479.15,0.340917,0.317707
613.38,482.65,0.321616,0.299395
613.38,486.15,0.301305,0.278594
613.38,489.83,0.280612,0.258696
613.38,493.33,0.260825,0.23848
613.38,497.0,0.242627,0.220932
613.38,500.5,0.225021,0.20324
613.38,503.83,0.208181,0.186496
613.38,507.5,0.193012,0.170914
613.38,511.18,0.17775,0.156829
613.38,514.68,0.165566,0.144919
613.38,518.18,0.154559,0.134096
613.38,521.85,0.1456,0.124937
613.38,525.35,0.138419,0.117516
613.38,528.85,0.137645,0.116811
613.38,532.35,0.145729,0.123801
613.38,535.85,0.156678,0.134823
613.38,539.35,0.164934,0.143579
613.38,542.85,0.168493,0.147002
613.38,546.53,0.165631,0.144204
613.38,550.03,0.157738,0.137202
613.38,553.53,0.146921,0.125852
613.38,557.2,0.134087,0.113083
613.38,560.7,0.12133,0.100618
613.38,564.73,0.107488,0.086857
613.38,568.4,0.096121,0.075523
613.38,571.9,0.086096,0.066127
613.38,575.75,0.076558,0.056204
613.38,580.13,0.068182,0.047652
613.38,583.63,0.062914,0.042461
613.38,587.13,0.058875,0.038721
613.38,590.63,0.056213,0.036604
613.38,594.48,0.055366,0.035273
613.38,598.15,0.054808,0.035603
613.38,601.65,0.055162,0.035002
613.38,605.15,0.055625,0.036037
613.38,609.0,0.056302,0.036241
613.38,612.68,0.058135,0.037713
613.38,616.18,0.059713,0.039639
613.38,619.68,0.062156,0.042615
613.38,623.88,0.065437,0.045372
613.38,627.55,0.069112,0.049063
613.38,631.05,0.072747,0.052818
613.38,634.55,0.076278,0.05633
613.38,638.23,0.08019,0.060042
613.38,641.9,0.082556,0.062698
613.38,645.4,0.085338,0.065098
613.38,648.9,0.087682,0.067642
613.38,652.93,0.09027,0.06893
613.38,656.43,0.091308,0.071302
613.38,660.1,0.091271,0.07153
613.38,663.6,0.091771,0.071333
613.38,667.28,0.090809,0.070187
613.38,670.95,0.090597,0.070304
613.38,674.45,0.090156,0.069759
613.38,677.95,0.090218,0.069925
613.38,681.45,0.090218,0.069515
613.38,685.13,0.090356,0.070588
613.38,688.63,0.090923,0.069996
649.42,12.25,0.093185,0.063382
649.42,15.93,0.084873,0.064762
649.42,19.43,0.077596,0.056601
649.42,23.1,0.071305,0.051352
649.42,26.6,0.067196,0.04751
649.42,30.28,0.063795,0.044044
649.42,33.78,0.061789,0.042094
649.42,37.28,0.060135,0.040073
649.42,41.3,0.058536,0.038031
649.42,44.98,0.057085,0.037119
649.42,48.48,0.056044,0.036037
649.42,51.98,0.054694,0.035421
649.42,55.48,0.054155,0.034093
649.42,59.15,0.053511,0.033822
649.42,62.65,0.05255,0.032904
649.42,66.15,0.05243,0.032615
649.42,69.83,0.052639,0.032572
649.42,73.5,0.052482,0.032301
649.42,77.0,0.052864,0.032756
649.42,80.5,0.053342,0.033841
649.42,84.18,0.053782,0.033819
649.42,87.68,0.054146,0.03467
649.42,91.18,0.055119,0.03536
649.42,94.85,0.056228,0.035791
649.42,98.35,0.057045,0.037279
649.42,101.85,0.058496,0.038283
649.42,105.53,0.059251,0.038933
649.42,108.85,0.060159,0.039953
649.42,112.53,0.059931,0.039984
649.42,116.03,0.059472,0.039528
649.42,119.7,0.057778,0.03861
649.42,123.2,0.057119,0.037347
649.42,126.7,0.056404,0.036047
649.42,130.38,0.055591,0.036167
649.42,133.88,0.05539,0.035455
649.42,137.38,0.055523,0.035209
649.42,140.88,0.055162,0.035834
649.42,144.38,0.055594,0.035495
649.42,148.05,0.056161,0.035791
649.42,151.55,0.056496,0.036268
649.42,155.23,0.056928,0.037655
649.42,158.73,0.057784,0.037501
649.42,162.23,0.05873,0.038727
649.42,165.73,0.060224,0.039839
649.42,169.23,0.060631,0.039975
649.42,172.9,0.060877,0.041133
649.42,176.4,0.060967,0.041244
649.42,179.9,0.061315,0.041262
649.42,183.4,0.06145,0.041182
649.42,187.08,0.06092,0.041315
649.42,190.4,0.061441,0.040671
649.42,194.08,0.061336,0.041456
649.42,197.58,0.060822,0.040825
649.42,201.08,0.060575,0.040686
649.42,204.75,0.060544,0.040353
649.42,208.43,0.059799,0.040076
649.42,211.93,0.060039,0.039836
649.42,215.43,0.059867,0.039971
649.42,218.93,0.059645,0.039639
649.42,222.6,0.059377,0.039238
649.42,226.1,0.059069,0.038801
649.42,229.6,0.05836,0.038705
649.42,233.1,0.05751,0.037843
649.42,236.78,0.056567,0.036567
649.42,240.45,0.055708,0.035723
649.42,243.95,0.054207,0.034663
649.42,247.63,0.053311,0.033711
649.42,251.13,0.052384,0.032436
649.42,254.8,0.051241,0.032239
649.42,258.13,0.05092,0.031309
649.42,261.8,0.050387,0.031179
649.42,265.3,0.049593,0.029944
649.42,268.98,0.04918,0.029325
649.42,272.48,0.048194,0.028573
649.42,275.98,0.046604,0.027069
649.42,279.65,0.045048,0.025708
649.42,283.15,0.043296,0.023832
649.42,286.65,0.041352,0.022187
649.42,290.33,0.038798,0.019516
649.42,293.65,0.036435,0.017242
649.42,297.33,0.03296,0.014066
649.42,300.83,0.029898,0.0102
649.42,304.5,0.025846,0.006672
649.42,308.18,0.021564,0.001977
649.42,311.68,0.017849,-0.001674
649.42,315.18,0.013403,-0.005466
649.42,318.68,0.009007,-0.010564
649.42,322.35,0.004331,-0.01529
649.42,325.85,-0.002413,-0.021085
649.42,329.53,-0.009003,-0.027835
649.42,333.03,-0.017302,-0.036174
649.42,336.7,-0.026424,-0.045084
649.42,340.2,-0.037185,-0.0555
649.42,343.7,-0.048731,-0.067317
649.42,347.2,-0.062505,-0.08033
649.42,350.7,-0.078454,-0.09651
649.42,354.38,-0.097961,-0.115053
649.42,358.05,-0.12042,-0.137148
649.42,361.55,-0.145993,-0.162949
649.42,365.23,-0.174745,-0.190124
649.42,368.73,-0.207228,-0.222942
649.42,372.4,-0.238959,-0.253756
649.42,375.9,-0.267924,-0.282148
649.42,379.4,-0.288488,-0.302665
649.42,382.9,-0.279822,-0.295299
649.42,386.4,-0.229326,-0.247132
649.42,389.9,-0.137764,-0.158457
649.42,393.4,-0.016646,-0.039896
649.42,397.08,0.120951,0.095058
649.42,400.58,0.254586,0.227867
649.42,404.08,0.379768,0.350877
649.42,407.58,0.491699,0.461613
649.42,411.25,0.585128,0.5547
649.42,414.75,0.660316,0.630115
649.42,418.25,0.721917,0.69063
649.42,421.93,0.767484,0.736914
649.42,425.43,0.804086,0.772201
649.42,428.93,0.830306,0.798424
649.42,432.6,0.84945,0.817946
649.42,436.1,0.863211,0.831945
649.42,439.6,0.873205,0.842136
649.42,443.28,0.880414,0.849222
649.42,446.78,0.885682,0.854715
649.42,450.28,0.887084,0.855814
649.42,453.95,0.874921,0.844705
649.42,457.45,0.843716,0.81376
649.42,460.95,0.796505,0.768057
649.42,464.45,0.73575,0.708193
649.42,467.95,0.668917,0.642786
649.42,471.63,0.599302,0.573806
649.42,474.78,0.531024,0.506644
649.42,478.63,0.467093,0.443689
649.42,482.3,0.409407,0.386906
649.42,485.8,0.35543,0.333446
649.42,489.3,0.308967,0.287322
649.42,492.8,0.26641,0.244959
649.42,496.48,0.229053,0.208338
649.42,500.15,0.195982,0.175818
649.42,503.65,0.167698,0.147313
649.42,507.15,0.144913,0.12442
649.42,510.65,0.125791,0.104922
649.42,514.33,0.109417,0.090199
649.42,517.83,0.096478,0.076727
649.42,521.5,0.084805,0.065384
649.42,525.0,0.075255,0.055449
649.42,528.68,0.066949,0.047864
649.42,532.18,0.059873,0.039971
649.42,535.85,0.053816,0.033678
649.42,539.35,0.048219,0.028804
649.42,542.85,0.043693,0.02413
649.42,546.35,0.040085,0.020865
649.42,549.85,0.036382,0.01755
649.42,553.35,0.033859,0.014938
649.42,557.03,0.03174,0.012606
649.42,560.53,0.030452,0.011269
649.42,564.03,0.028856,0.009731
649.42,567.7,0.027664,0.008995
649.42,571.2,0.027054,0.00735
649.42,574.7,0.026469,0.006752
649.42,578.38,0.025834,0.006845
649.42,582.05,0.025129,0.00572
649.42,585.55,0.024589,0.005252
649.42,589.05,0.023866,0.004941
649.42,592.55,0.023265,0.003712
649.42,596.23,0.022861,0.003656
649.42,599.73,0.022809,0.003816
649.42,603.4,0.023594,0.004617
649.42,607.08,0.024442,0.0052
649.42,610.58,0.025939,0.006509
649.42,614.25,0.027485,0.007969
649.42,617.58,0.028259,0.009392
649.42,621.25,0.028884,0.00926
649.42,624.75,0.029633,0.009559
649.42,628.25,0.029325,0.009435
649.42,631.93,0.028157,0.008718
649.42,635.43,0.027726,0.008634
649.42,638.93,0.027322,0.007649
649.42,642.43,0.027624,0.007978
649.42,646.1,0.028533,0.008878
649.42,649.6,0.029516,0.009839
649.42,653.1,0.030628,0.010822
649.42,656.78,0.030905,0.011731
649.42,660.28,0.031108,0.012325
649.42,663.95,0.032162,0.012827
649.42,667.45,0.032322,0.012448
649.42,671.3,0.03279,0.013061
649.42,674.98,0.032501,0.012701
649.42,678.48,0.032455,0.012824
649.42,681.98,0.031946,0.01259
649.42,686.0,0.031114,0.011561
685.65,12.78,0.114777,0.083813
685.65,16.28,0.105252,0.084315
685.65,20.48,0.113311,0.091623
685.65,24.15,0.136191,0.114358
685.65,27.65,0.173215,0.150301
685.65,31.33,0.228224,0.203603
685.65,34.83,0.288791,0.264124
685.65,38.33,0.343828,0.318015
685.65,41.83,0.378471,0.353492
685.65,45.33,0.387627,0.362519
685.65,49.0,0.371795,0.348381
685.65,52.5,0.340744,0.318431
685.65,56.0,0.30385,0.281823
685.65,59.68,0.276687,0.254337
685.65,63.18,0.271783,0.248776
685.65,66.68,0.290461,0.266967
685.65,70.18,0.329038,0.303844
685.65,73.85,0.379509,0.353428
685.65,77.35,0.436742,0.409771
685.65,80.85,0.498162,0.470051
685.65,84.53,0.553594,0.525476
685.65,88.03,0.605303,0.576348
685.65,91.53,0.650676,0.620581
685.65,95.2,0.693418,0.663406
685.65,98.7,0.729672,0.698926
685.65,102.2,0.760128,0.729863
685.65,105.88,0.77425,0.743886
685.65,109.38,0.75957,0.730848
685.65,112.88,0.726009,0.698285
685.65,116.38,0.682306,0.655522
685.65,119.88,0.631104,0.604743
685.65,123.55,0.573107,0.548474
685.65,126.88,0.513714,0.490122
685.65,130.55,0.453384,0.429857
685.65,134.05,0.395479,0.373384
685.65,137.73,0.342999,0.320901
685.65,141.23,0.302297,0.280208
685.65,144.73,0.273338,0.251764
685.65,148.23,0.261068,0.239247
685.65,151.73,0.265735,0.242775
685.65,155.23,0.286274,0.262842
685.65,158.9,0.317944,0.293505
685.65,162.58,0.354583,0.329176
685.65,166.08,0.392346,0.366474
685.65,169.58,0.425914,0.399447
685.65,173.08,0.451936,0.425781
685.65,176.58,0.47421,0.447549
685.65,180.25,0.4912,0.464484
685.65,183.75,0.502833,0.476576
685.65,187.43,0.51059,0.484084
685.65,190.93,0.515091,0.48848
685.65,194.43,0.516742,0.490781
685.65,198.1,0.517614,0.491573
685.65,201.6,0.518424,0.491311
685.65,205.1,0.518209,0.491825
685.65,208.6,0.521379,0.494598
685.65,212.1,0.530202,0.503255
685.65,215.78,0.547272,0.520251
685.65,219.28,0.575722,0.547793
685.65,222.95,0.608261,0.580316
685.65,226.45,0.640651,0.611742
685.65,229.95,0.670913,0.640938
685.65,233.8,0.696911,0.667352
685.65,237.3,0.716677,0.686902
685.65,240.8,0.730753,0.701224
685.65,244.3,0.739955,0.710235
685.65,247.98,0.74579,0.71575
685.65,251.48,0.747823,0.718874
685.65,254.98,0.748141,0.718831
685.65,258.48,0.747281,0.717965
685.65,261.98,0.745962,0.716366
685.65,265.65,0.744022,0.714518
685.65,269.33,0.741693,0.712004
685.65,272.83,0.739989,0.711234
685.65,276.5,0.738729,0.709256
685.65,280.0,0.737309,0.708218
685.65,283.5,0.735072,0.706455
685.65,287.18,0.730226,0.701283
685.65,290.68,0.720907,0.691819
685.65,294.35,0.70173,0.673695
685.65,297.85,0.668692,0.641194
685.65,301.35,0.619502,0.593646
685.65,305.03,0.553218,0.529142
685.65,308.53,0.479543,0.456567
685.65,312.03,0.403927,0.381884
685.65,315.53,0.329925,0.30816
685.65,319.2,0.260544,0.240399
685.65,322.88,0.201928,0.182082
685.65,326.38,0.151201,0.131721
685.65,329.88,0.111065,0.09161
685.65,333.38,0.077726,0.05897
685.65,337.05,0.050655,0.032045
685.65,340.55,0.029001,0.00995
685.65,344.23,0.01011,-0.008861
685.65,347.73,-0.006402,-0.024958
685.65,351.23,-0.020839,-0.039668
685.65,354.9,-0.036211,-0.054403
685.65,358.58,-0.050725,-0.068667
685.65,362.08,-0.066569,-0.083904
685.65,365.75,-0.084264,-0.101482
685.65,369.25,-0.105518,-0.122092
685.65,372.75,-0.12749,-0.144215
685.65,376.43,-0.153365,-0.169471
685.65,379.93,-0.183294,-0.199341
685.65,384.13,-0.227604,-0.241605
685.65,387.8,-0.264926,-0.278787
685.65,391.13,-0.308041,-0.321279
685.65,394.8,-0.352905,-0.364837
685.65,398.48,-0.401479,-0.412841
685.65,401.98,-0.443934,-0.455632
685.65,405.48,-0.478737,-0.489661
685.65,409.15,-0.506131,-0.517329
685.65,412.65,-0.520853,-0.531664
685.65,416.33,-0.522351,-0.53357
685.65,419.83,-0.510749,-0.522828
685.65,423.33,-0.484704,-0.498367
685.65,427.0,-0.446408,-0.460767
685.65,430.5,-0.396796,-0.411691
685.65,434.0,-0.339091,-0.355629
685.65,437.68,-0.273254,-0.290632
685.65,441.18,-0.202878,-0.22155
685.65,444.68,-0.132314,-0.152708
685.65,448.35,-0.062471,-0.083479
685.65,451.85,0.001922,-0.019585
685.65,455.35,0.057763,0.03596
685.65,459.03,0.10649,0.084346
685.65,462.53,0.142479,0.120209
685.65,466.2,0.166998,0.144697
685.65,469.7,0.180976,0.158825
685.65,473.2,0.184722,0.162753
685.65,476.7,0.180526,0.158985
685.65,480.38,0.169503,0.148221
685.65,483.88,0.153754,0.133434
685.65,487.38,0.135575,0.115261
685.65,491.23,0.115064,0.09483
685.65,494.73,0.096336,0.076349
685.65,498.23,0.079106,0.059941
685.65,501.73,0.063391,0.043785
685.65,505.75,0.047981,0.028505
685.65,509.25,0.038126,0.018385
685.65,512.75,0.029251,0.00979
685.65,516.43,0.021521,0.002821
685.65,519.93,0.016087,-0.002795
685.65,523.6,0.011426,-0.00745
685.65,527.1,0.008265,-0.010987
685.65,530.6,0.005806,-0.013035
685.65,534.28,0.005523,-0.013688
685.65,537.78,0.005246,-0.014086
685.65,541.45,0.005203,-0.014443
685.65,544.95,0.005529,-0.013577
685.65,548.45,0.005523,-0.013707
685.65,551.78,0.005686,-0.013451
685.65,555.45,0.006044,-0.012813
685.65,558.95,0.006761,-0.012256
685.65,562.45,0.007405,-0.011852
685.65,566.65,0.00905,-0.011036
685.65,570.15,0.010421,-0.009434
685.65,573.83,0.010622,-0.008596
685.65,577.33,0.01161,-0.008353
685.65,581.0,0.010677,-0.00859
685.65,584.5,0.010705,-0.008433
685.65,588.0,0.010541,-0.00847
685.65,591.68,0.010554,-0.00867
685.65,595.18,0.010061,-0.009665
685.65,598.68,0.01011,-0.009563
685.65,602.18,0.010249,-0.009397
685.65,605.68,0.010317,-0.008778
685.65,609.35,0.010757,-0.008146
685.65,612.68,0.011321,-0.008112
685.65,616.53,0.012134,-0.007176
685.65,620.03,0.012655,-0.006643
685.65,623.7,0.013095,-0.006427
685.65,627.38,0.014349,-0.005688
685.65,630.88,0.014559,-0.003864
685.65,634.38,0.015732,-0.003587
685.65,637.88,0.016573,-0.002918
685.65,642.08,0.017387,-0.002413
685.65,645.58,0.017233,-0.002009
685.65,649.08,0.017304,-0.001825
685.65,652.75,0.0169,-0.002357
685.65,656.25,0.016835,-0.002678
685.65,659.75,0.016623,-0.002992
685.65,663.25,0.016037,-0.003738
685.65,666.75,0.015212,-0.004582
685.65,670.43,0.014053,-0.0053
685.65,674.1,0.013579,-0.005484
685.65,677.6,0.012646,-0.006224
685.65,681.28,0.012242,-0.00667
685.65,684.78,0.011857,-0.007539
685.65,688.28,0.012162,-0.007715
721.7,12.6,0.037005,0.009867
721.7,16.1,0.036586,0.01715
721.7,19.6,0.036142,0.016247
721.7,23.28,0.035412,0.016037
721.7,26.78,0.035252,0.016333
721.7,30.45,0.034928,0.015224
721.7,33.95,0.034765,0.015424
721.7,37.45,0.034938,0.015354
721.7,41.13,0.035366,0.015856
721.7,44.63,0.035489,0.016259
721.7,48.13,0.03572,0.0169
721.7,51.8,0.037023,0.017381
721.7,55.3,0.037926,0.018231
721.7,58.8,0.038813,0.018998
721.7,62.3,0.039405,0.019688
721.7,65.98,0.039106,0.019864
721.7,69.48,0.039029,0.019229
721.7,72.98,0.038622,0.018659
721.7,76.48,0.037371,0.018357
721.7,80.15,0.036533,0.017131
721.7,83.83,0.035261,0.015779
721.7,87.33,0.034303,0.015187
721.7,90.83,0.033856,0.014405
721.7,94.33,0.03349,0.013594
721.7,98.0,0.033006,0.013459
721.7,101.5,0.033493,0.013906
721.7,105.18,0.033835,0.01434
721.7,108.68,0.034839,0.014941
721.7,112.35,0.034984,0.015563
721.7,115.85,0.035415,0.015357
721.7,119.35,0.035418,0.015853
721.7,122.85,0.035212,0.015736
721.7,126.53,0.035954,0.01605
721.7,130.03,0.035545,0.016241
721.7,133.53,0.036148,0.01653
721.7,137.03,0.036487,0.016789
721.7,140.53,0.036284,0.01706
721.7,144.2,0.036795,0.017498
721.7,147.7,0.036826,0.017054
721.7,151.38,0.036838,0.016792
721.7,154.7,0.03686,0.017147
721.7,158.38,0.036503,0.016635
721.7,161.88,0.036105,0.017288
721.7,165.55,0.036493,0.016127
721.7,169.23,0.03617,0.015933
721.7,172.73,0.036179,0.01657
721.7,176.4,0.035732,0.016681
721.7,179.9,0.036158,0.017202
721.7,183.4,0.036318,0.016376
721.7,186.9,0.036447,0.016838
721.7,190.58,0.036142,0.016074
721.7,194.25,0.035588,0.015945
721.7,197.75,0.035363,0.015646
721.7,201.25,0.035264,0.016071
721.7,204.75,0.035603,0.015776
721.7,208.43,0.035384,0.015366
721.7,211.93,0.035409,0.015209
721.7,215.6,0.035276,0.015504
721.7,219.1,0.035021,0.01539
721.7,222.78,0.034898,0.015446
721.7,226.28,0.03487,0.015255
721.7,229.78,0.035446,0.015659
721.7,233.28,0.03588,0.015779
721.7,236.78,0.035674,0.016204
721.7,240.45,0.035357,0.015615
721.7,243.78,0.034867,0.014891
721.7,247.45,0.033921,0.014177
721.7,250.95,0.032467,0.012713
721.7,254.63,0.031407,0.011647
721.7,258.13,0.029285,0.009756
721.7,261.8,0.027704,0.008521
721.7,265.48,0.026041,0.006854
721.7,268.98,0.024285,0.004365
721.7,272.48,0.022689,0.002861
721.7,276.15,0.021047,0.002196
721.7,279.65,0.020215,0.000797
721.7,283.15,0.018573,-0.00042
721.7,286.83,0.018619,-0.001202
721.7,290.33,0.017245,-0.001784
721.7,293.83,0.016401,-0.00277
721.7,297.33,0.015582,-0.003707
721.7,300.83,0.014368,-0.004887
721.7,304.5,0.012387,-0.006461
721.7,308.0,0.011053,-0.008802
721.7,311.5,0.00913,-0.010364
721.7,315.18,0.007227,-0.011846
721.7,318.85,0.005714,-0.013913
721.7,322.53,0.003946,-0.015275
721.7,326.03,0.001934,-0.017284
721.7,329.53,-0.000407,-0.019841
721.7,333.03,-0.003722,-0.02338
721.7,336.88,-0.007884,-0.026954
721.7,340.38,-0.01212,-0.031433
721.7,343.88,-0.017807,-0.036396
721.7,347.38,-0.023494,-0.041815
721.7,350.88,-0.030124,-0.048574
721.7,354.55,-0.037367,-0.055583
721.7,358.05,-0.045703,-0.064486
721.7,361.55,-0.055454,-0.074036
721.7,365.23,-0.067317,-0.084723
721.7,368.73,-0.080564,-0.098433
721.7,372.4,-0.097394,-0.114369
721.7,376.08,-0.11724,-0.13379
721.7,379.58,-0.138919,-0.155105
721.7,383.25,-0.16297,-0.17952
721.7,386.75,-0.190379,-0.206177
721.7,390.25,-0.220746,-0.235512
721.7,393.93,-0.251969,-0.266984
721.7,397.43,-0.284092,-0.298152
721.7,401.1,-0.316171,-0.329581
721.7,404.6,-0.343811,-0.357446
721.7,407.93,-0.367123,-0.379818
721.7,411.78,-0.382462,-0.394886
721.7,415.28,-0.388484,-0.402003
721.7,418.78,-0.383768,-0.39776
721.7,422.28,-0.367634,-0.38187
721.7,425.78,-0.33947,-0.354889
721.7,429.45,-0.298278,-0.314461
721.7,432.95,-0.244809,-0.262351
721.7,436.45,-0.177859,-0.197077
721.7,439.78,-0.094061,-0.114917
721.7,443.63,0.011607,-0.011153
721.7,447.13,0.126444,0.101293
721.7,450.63,0.246401,0.219561
721.7,454.48,0.368619,0.33994
721.7,457.98,0.475414,0.446058
721.7,461.48,0.566212,0.536326
721.7,464.98,0.642774,0.612087
721.7,468.65,0.705195,0.674006
721.7,472.15,0.753938,0.722155
721.7,475.65,0.7925,0.760352
721.7,479.15,0.820928,0.789012
721.7,482.83,0.841079,0.81042
721.7,486.33,0.858005,0.826206
721.7,489.83,0.869474,0.837826
721.7,493.33,0.877598,0.846298
721.7,496.83,0.883458,0.852281
721.7,500.5,0.887952,0.855824
721.7,504.0,0.889653,0.858224
721.7,507.5,0.877614,0.847829
721.7,511.18,0.837934,0.808994
721.7,514.68,0.76611,0.738615
721.7,518.18,0.673027,0.647802
721.7,521.68,0.56884,0.545125
721.7,525.35,0.464934,0.443782
721.7,528.85,0.368825,0.34734
721.7,532.35,0.284145,0.263372
721.7,536.03,0.213483,0.193345
721.7,539.53,0.156315,0.1367
721.7,543.03,0.111863,0.092294
721.7,546.53,0.077285,0.058684
721.7,550.03,0.052467,0.033708
721.7,553.53,0.033973,0.014836
721.7,557.2,0.020036,0.001158
721.7,560.7,0.010289,-0.008507
721.7,564.38,0.003705,-0.015524
721.7,567.88,-0.001396,-0.020044
721.7,571.38,-0.004696,-0.02415
721.7,574.88,-0.007616,-0.026276
721.7,578.38,-0.008636,-0.027231
721.7,581.88,-0.009677,-0.028032
721.7,585.38,-0.00965,-0.028491
721.7,589.05,-0.00968,-0.028457
721.7,592.55,-0.009462,-0.02846
721.7,596.05,-0.008765,-0.027853
721.7,599.73,-0.008134,-0.027413
721.7,603.23,-0.007613,-0.027019
721.7,606.73,-0.006886,-0.025669
721.7,610.4,-0.005891,-0.025145
