x,y,z,z2
7.04,0.0,0.027042,0.005702
10.98,0.0,0.027122,0.005923
14.53,0.0,0.027146,0.006728
18.11,0.0,0.027347,0.007541
21.7,0.0,0.02751,0.007076
25.2,0.0,0.027273,0.007467
28.79,0.0,0.027636,0.007538
32.29,0.0,0.027676,0.007581
35.79,0.0,0.027719,0.007837
39.46,0.0,0.02771,0.006469
43.09,0.0,0.027744,0.006164
46.59,0.0,0.027553,0.006438
50.14,0.0,0.027254,0.005668
54.07,0.0,0.026694,0.004993
57.53,0.0,0.02613,0.00535
61.12,0.0,0.026028,0.00568
64.66,0.0,0.025578,0.004848
68.25,0.0,0.025363,0.006423
72.01,0.0,0.025532,0.005406
75.47,0.0,0.025911,0.005776
79.1,0.0,0.026198,0.005871
82.64,0.0,0.026182,0.005591
86.14,0.0,0.026731,0.006235
89.73,0.0,0.026943,0.006318
93.28,0.0,0.027538,0.006718
96.82,0.0,0.028166,0.007301
100.36,0.0,0.028493,0.007418
103.91,0.0,0.029063,0.007553
107.45,0.0,0.029318,0.0084
110.99,0.0,0.030076,0.008671
114.54,0.0,0.030794,0.009041
118.17,0.0,0.031536,0.010529
121.67,0.0,0.032473,0.01089
125.17,0.0,0.033256,0.011805
128.84,0.0,0.033872,0.013856
132.39,0.0,0.03418,0.013656
135.84,0.0,0.034586,0.013715
139.48,0.0,0.03499,0.014737
143.02,0.0,0.03531,0.015686
146.61,0.0,0.035791,0.015387
150.11,0.0,0.035914,0.015899
153.74,0.0,0.036232,0.015868
157.19,0.0,0.035997,0.015702
160.83,0.0,0.036019,0.015252
164.37,0.0,0.036398,0.015273
167.87,0.0,0.036318,0.015203
171.5,0.0,0.036182,0.014907
175.04,0.0,0.03645,0.01446
178.5,0.0,0.036213,0.015073
182.13,0.0,0.036148,0.014848
185.68,0.0,0.03637,0.014469
189.26,0.0,0.036031,0.014663
192.72,0.0,0.036447,0.015104
196.31,0.0,0.036638,0.015357
199.85,0.0,0.03641,0.015178
203.44,0.0,0.03665,0.015736
206.98,0.0,0.036179,0.0154
210.53,0.0,0.036081,0.015061
214.03,0.0,0.035655,0.014571
217.57,0.0,0.035588,0.015144
220.5,0.0,0.035831,0.015141
224.79,0.0,0.03596,0.015788
228.29,0.0,0.036219,0.015902
231.79,0.0,0.036965,0.016481
235.38,0.0,0.037584,0.016755
238.88,0.0,0.037673,0.01719
242.51,0.0,0.03796,0.017464
246.27,0.0,0.038256,0.015363
249.77,0.0,0.038487,0.017267
253.36,0.0,0.038662,0.016666
256.81,0.0,0.038493,0.017073
260.49,0.0,0.038659,0.016909
263.99,0.0,0.03812,0.0171
267.58,0.0,0.037646,0.017008
270.81,0.0,0.036872,0.016158
274.75,0.0,0.035769,0.015126
278.25,0.0,0.034402,0.014177
282.1,0.0,0.033745,0.013388
285.64,0.0,0.032698,0.011176
289.19,0.0,0.031071,0.010628
292.69,0.0,0.030957,0.009811
296.89,0.0,0.030406,0.009269
300.56,0.0,0.030178,0.010181
304.06,0.0,0.030212,0.00958
307.56,0.0,0.029864,0.010406
311.63,0.0,0.030042,0.005806
315.22,0.0,0.029589,0.008527
318.81,0.0,0.030067,0.008792
322.35,0.0,0.029497,0.008296
326.38,0.0,0.028665,0.009503
330.05,0.0,0.02784,0.006891
333.59,0.0,0.027205,0.006198
337.05,0.0,0.026992,0.006376
341.56,0.0,0.027723,0.007079
345.01,0.0,0.028012,0.007713
348.56,0.0,0.028462,0.008055
352.1,0.0,0.029195,0.009217
356.39,0.0,0.030372,0.009442
359.93,0.0,0.031459,0.011216
363.56,0.0,0.032187,0.011928
367.11,0.0,0.032498,0.011928
371.35,0.0,0.032809,0.010856
374.98,0.0,0.033111,0.011863
378.52,0.0,0.033736,0.013699
382.07,0.0,0.034146,0.013795
385.61,0.0,0.034223,0.014041
389.2,0.0,0.034272,0.013856
392.74,0.0,0.034251,0.014032
396.24,0.0,0.034374,0.013702
399.92,0.0,0.034506,0.014309
403.42,0.0,0.035236,0.014562
406.92,0.0,0.035372,0.01471
410.51,0.0,0.035862,0.015036
414.05,0.0,0.036459,0.015431
417.59,0.0,0.03711,0.016139
421.18,0.0,0.037827,0.015933
424.68,0.0,0.03828,0.016746
428.22,0.0,0.038912,0.01715
431.86,0.0,0.039026,0.017624
435.44,0.0,0.039882,0.018419
438.94,0.0,0.04027,0.018681
442.53,0.0,0.041158,0.020409
446.25,0.0,0.041549,0.021962
449.79,0.0,0.041749,0.02145
453.42,0.0,0.042245,0.02178
456.92,0.0,0.042328,0.021657
460.47,0.0,0.042565,0.021894
464.01,0.0,0.042987,0.022254
467.6,0.0,0.043345,0.022658
471.14,0.0,0.043326,0.022723
474.69,0.0,0.043979,0.022285
478.23,0.0,0.043936,0.022196
481.82,0.0,0.043798,0.022267
485.27,0.0,0.043798,0.022063
488.82,0.0,0.043943,0.021789
492.41,0.0,0.043939,0.022485
495.95,0.0,0.044485,0.022698
499.49,0.0,0.044996,0.023012
502.99,0.0,0.045489,0.023551
506.67,0.0,0.045628,0.025212
510.3,0.0,0.046047,0.025012
513.89,0.0,0.04592,0.025554
517.39,0.0,0.045754,0.024867
521.06,0.0,0.045538,0.025344
524.61,0.0,0.045045,0.02405
528.24,0.0,0.044839,0.023792
531.78,0.0,0.0443,0.02284
535.32,0.0,0.043557,0.022642
538.82,0.0,0.043936,0.022507
542.41,0.0,0.043622,0.021912
545.96,0.0,0.043576,0.021672
549.5,0.0,0.043634,0.021475
553.17,0.0,0.043138,0.021598
556.76,0.0,0.0432,0.021845
560.35,0.0,0.043795,0.022424
563.89,0.0,0.044269,0.022636
567.44,0.0,0.044395,0.023302
570.85,0.0,0.044512,0.02353
574.48,0.0,0.04462,0.024599
577.98,0.0,0.044864,0.024053
581.87,0.0,0.045732,0.024013
585.51,0.0,0.046272,0.024602
589.09,0.0,0.046811,0.025301
592.77,0.0,0.047609,0.025535
596.36,0.0,0.047753,0.026715
599.9,0.0,0.048499,0.02657
603.49,0.0,0.048443,0.027519
607.07,0.0,0.048862,0.028308
610.97,0.0,0.049429,0.028838
614.56,0.0,0.049657,0.029405
618.1,0.0,0.050233,0.028641
621.64,0.0,0.050649,0.029183
625.32,0.0,0.050649,0.027858
628.95,0.0,0.051475,0.02966
631.92,0.0,0.051472,0.02999
635.95,0.0,0.051755,0.030175
640.11,0.0,0.052211,0.032738
643.69,0.0,0.052877,0.031386
647.24,0.0,0.053166,0.031721
650.74,0.0,0.053406,0.032248
654.72,0.0,0.054127,0.03133
658.31,0.0,0.054223,0.032285
661.81,0.0,0.054694,0.032867
665.44,0.0,0.055335,0.033983
668.98,0.0,0.055578,0.034984
672.52,0.0,0.055779,0.034747
676.11,0.0,0.05568,0.034981
679.61,0.0,0.055548,0.034981
683.24,0.0,0.055381,0.034503
686.7,0.0,0.055215,0.034848
690.07,0.0,0.055597,0.034583
693.79,0.0,0.055609,0.03507
697.37,0.0,0.056105,0.034682
701.05,0.0,0.056401,0.032562
704.72,0.0,0.056,0.034072
708.31,0.0,0.056238,0.033986
11.2,35.13,0.027396,0.001324
14.92,35.13,0.026965,0.007599
18.11,35.13,0.026774,0.006814
20.82,35.13,0.026798,0.006426
25.51,35.13,0.026352,0.005859
28.74,35.13,0.026028,0.005095
32.64,35.13,0.025803,0.004787
36.27,35.13,0.026056,0.004688
39.77,35.13,0.025945,0.004248
43.31,35.13,0.026626,0.00556
46.9,35.13,0.026808,0.005052
50.4,35.13,0.0269,0.005948
54.03,35.13,0.027381,0.006321
57.57,35.13,0.02714,0.006426
61.16,35.13,0.027997,0.006731
64.75,35.13,0.02787,0.007525
69.17,35.13,0.027575,0.005055
72.76,35.13,0.027914,0.006617
76.3,35.13,0.027741,0.00694
79.84,35.13,0.027803,0.007113
84.26,35.13,0.027639,0.007066
88.29,35.13,0.027864,0.007609
91.87,35.13,0.027978,0.007445
95.37,35.13,0.028206,0.007941
98.96,35.13,0.028918,0.005252
102.55,35.13,0.029266,0.010699
106.14,35.13,0.030101,0.009744
109.68,35.13,0.03064,0.009907
114.19,35.13,0.03166,0.009617
117.86,35.13,0.031909,0.011801
121.49,35.13,0.032408,0.01007
124.99,35.13,0.032584,0.011801
128.8,35.13,0.032907,0.012301
132.47,35.13,0.033163,0.012686
135.97,35.13,0.0334,0.012581
139.56,35.13,0.033373,0.013246
143.11,35.13,0.034063,0.013813
146.65,35.13,0.034362,0.01406
150.24,35.13,0.034355,0.013869
153.78,35.13,0.034583,0.014362
157.32,35.13,0.034509,0.014235
160.82,35.13,0.034802,0.013767
164.46,35.13,0.034854,0.013052
168.0,35.13,0.034996,0.013582
171.76,35.13,0.035135,0.013037
175.83,35.13,0.034978,0.016155
179.42,35.13,0.034965,0.014534
182.96,35.13,0.035332,0.014642
186.46,35.13,0.035156,0.014617
190.36,35.13,0.034888,0.011805
193.86,35.13,0.0345,0.013145
197.4,35.13,0.035045,0.013619
200.94,35.13,0.035156,0.013678
204.53,35.13,0.035538,0.013684
208.07,35.13,0.035711,0.014078
211.57,35.13,0.035323,0.014494
215.12,35.13,0.03483,0.013915
218.66,35.13,0.034882,0.014269
222.07,35.13,0.035283,0.014793
225.84,35.13,0.034845,0.014873
229.38,35.13,0.035492,0.015298
232.88,35.13,0.036025,0.015273
236.07,35.13,0.035788,0.015381
239.92,35.13,0.036302,0.015766
243.42,35.13,0.036392,0.016198
246.97,35.13,0.037257,0.016543
250.6,35.13,0.037273,0.017245
254.06,35.13,0.037399,0.017307
257.6,35.13,0.038179,0.01759
261.1,35.13,0.038619,0.017569
264.69,35.13,0.039069,0.018105
268.23,35.13,0.039035,0.018317
271.82,35.13,0.038406,0.016845
275.41,35.13,0.037639,0.015751
278.95,35.13,0.036386,0.014756
282.49,35.13,0.034589,0.013074
285.99,35.13,0.033188,0.011875
289.58,35.13,0.031204,0.009953
293.08,35.13,0.029808,0.008283
296.54,35.13,0.028628,0.007196
300.17,35.13,0.027846,0.006882
303.71,35.13,0.027578,0.006392
307.17,35.13,0.027011,0.005923
310.76,35.13,0.026592,0.005905
314.3,35.13,0.026379,0.005412
317.84,35.13,0.026312,0.005409
321.39,35.13,0.02645,0.005887
324.93,35.13,0.026148,0.006084
328.47,35.13,0.026305,0.006188
331.97,35.13,0.026309,0.006426
335.52,35.13,0.026546,0.006416
339.11,35.13,0.027143,0.007057
342.69,35.13,0.027544,0.006983
346.24,35.13,0.028499,0.008025
349.82,35.13,0.029171,0.008779
353.5,35.13,0.029999,0.007433
357.09,35.13,0.030569,0.009241
360.63,35.13,0.031053,0.009731
364.13,35.13,0.032162,0.010655
367.72,35.13,0.032747,0.011269
371.22,35.13,0.033366,0.012411
374.94,35.13,0.034201,0.013872
378.39,35.13,0.034525,0.013496
382.02,35.13,0.034596,0.014377
386.09,35.13,0.035209,0.012947
389.64,35.13,0.035705,0.015236
393.14,35.13,0.036373,0.015008
396.64,35.13,0.036857,0.015674
400.66,35.13,0.037778,0.017689
404.21,35.13,0.038391,0.017418
407.75,35.13,0.038761,0.018299
411.25,35.13,0.039851,0.018613
415.1,35.13,0.039913,0.018391
418.69,35.13,0.039867,0.01926
422.19,35.13,0.040304,0.019235
425.77,35.13,0.040273,0.018693
429.36,35.13,0.040618,0.018397
432.91,35.13,0.040329,0.018973
436.36,35.13,0.039833,0.018604
439.95,35.13,0.039916,0.018256
443.45,35.13,0.040138,0.018252
447.04,35.13,0.040292,0.018779
450.62,35.13,0.040554,0.019445
454.12,35.13,0.041081,0.019941
457.58,35.13,0.04165,0.020184
461.21,35.13,0.042199,0.020994
464.71,35.13,0.042507,0.021382
468.3,35.13,0.043114,0.022294
471.84,35.13,0.043126,0.02259
475.17,35.13,0.043524,0.022769
478.89,35.13,0.043299,0.023083
482.47,35.13,0.043853,0.02348
486.06,35.13,0.044004,0.02332
489.56,35.13,0.043952,0.022963
493.15,35.13,0.043952,0.023493
496.69,35.13,0.044109,0.023083
500.28,35.13,0.04438,0.023237
503.87,35.13,0.04438,0.022997
507.28,35.13,0.044657,0.022297
510.91,35.13,0.04458,0.022646
514.5,35.13,0.04474,0.023172
518.04,35.13,0.045126,0.023071
521.5,35.13,0.044848,0.022938
525.09,35.13,0.044821,0.023129
528.59,35.13,0.044337,0.022858
532.04,35.13,0.044472,0.022923
535.59,35.13,0.044183,0.022803
539.13,35.13,0.04393,0.022365
542.67,35.13,0.043912,0.022384
546.26,35.13,0.043662,0.022384
549.72,35.13,0.044386,0.022476
553.31,35.13,0.04418,0.023351
556.94,35.13,0.044482,0.023656
560.39,35.13,0.044827,0.024075
563.89,35.13,0.044639,0.023859
567.7,35.13,0.045002,0.025726
571.29,35.13,0.045572,0.02523
574.74,35.13,0.045973,0.025498
578.29,35.13,0.046811,0.025957
581.79,35.13,0.047507,0.026164
585.33,35.13,0.047535,0.026792
588.83,35.13,0.047923,0.026931
592.37,35.13,0.048502,0.027627
595.92,35.13,0.049192,0.027599
599.24,35.13,0.049408,0.028123
602.96,35.13,0.049876,0.028641
606.51,35.13,0.049586,0.02844
610.01,35.13,0.049854,0.028388
613.51,35.13,0.050073,0.028256
617.09,35.13,0.050378,0.028767
620.68,35.13,0.050874,0.028884
624.14,35.13,0.050816,0.029309
627.68,35.13,0.051253,0.02974
631.18,35.13,0.051703,0.030024
634.68,35.13,0.052242,0.030129
638.22,35.13,0.052036,0.030119
641.77,35.13,0.051774,0.030147
645.27,35.13,0.0519,0.031614
649.07,35.13,0.052322,0.031235
652.53,35.13,0.052602,0.031352
656.12,35.13,0.052824,0.03141
659.62,35.13,0.052907,0.032658
663.16,35.13,0.053369,0.032877
666.75,35.13,0.053413,0.033095
670.34,35.13,0.053921,0.033391
673.97,35.13,0.054143,0.033388
677.42,35.13,0.055027,0.034269
680.97,35.13,0.055169,0.034272
684.47,35.13,0.055609,0.034442
688.01,35.13,0.056007,0.034996
691.56,35.13,0.055945,0.034734
695.14,35.13,0.055911,0.034383
698.73,35.13,0.05564,0.033533
702.23,35.13,0.055427,0.033548
705.6,35.13,0.055184,0.033413
709.36,35.13,0.055002,0.032784
11.9,70.48,0.024497,-0.002755
15.49,70.48,0.024586,0.004029
18.99,70.48,0.023998,0.005012
22.66,70.48,0.024097,0.00414
26.21,70.48,0.024448,0.004448
29.79,70.48,0.024617,0.004571
33.34,70.48,0.024291,0.004312
36.88,70.48,0.024445,0.003946
40.42,70.48,0.024811,0.004383
43.92,70.48,0.024685,0.004402
47.51,70.48,0.025061,0.004325
51.06,70.48,0.025415,0.004435
54.69,70.48,0.02592,0.004611
58.19,70.48,0.026207,0.005092
61.73,70.48,0.026561,0.005692
65.32,70.48,0.027066,0.006247
68.86,70.48,0.027602,0.005806
72.41,70.48,0.028015,0.006771
75.99,70.48,0.028425,0.007673
79.58,70.48,0.028715,0.008354
83.17,70.48,0.02881,0.008268
86.62,70.48,0.029423,0.009013
90.17,70.48,0.029811,0.009574
93.8,70.48,0.030049,0.009959
97.3,70.48,0.030434,0.010813
100.84,70.48,0.030883,0.010529
104.34,70.48,0.031022,0.011207
108.06,70.48,0.031093,0.010726
111.69,70.48,0.031564,0.010323
115.28,70.48,0.031647,0.009993
118.82,70.48,0.03218,0.010468
122.41,70.48,0.032282,0.011081
125.96,70.48,0.03287,0.011629
129.46,70.48,0.033074,0.011888
133.04,70.48,0.033542,0.012045
136.54,70.48,0.033862,0.012658
140.09,70.48,0.034522,0.012975
143.54,70.48,0.034469,0.013197
147.13,70.48,0.034559,0.012864
150.67,70.48,0.034771,0.013893
154.26,70.48,0.03475,0.014174
157.89,70.48,0.034879,0.015129
161.48,70.48,0.03475,0.014636
165.07,70.48,0.034879,0.014602
168.57,70.48,0.034568,0.014103
172.11,70.48,0.034257,0.013835
175.61,70.48,0.03422,0.014257
179.24,70.48,0.034654,0.013819
182.79,70.48,0.034645,0.013345
186.33,70.48,0.034152,0.013899
190.14,70.48,0.034278,0.01093
193.72,70.48,0.034534,0.012883
197.27,70.48,0.034251,0.013021
200.72,70.48,0.033779,0.01276
204.92,70.48,0.033496,0.014688
208.47,70.48,0.033748,0.012907
211.97,70.48,0.03308,0.012297
215.6,70.48,0.033413,0.012276
219.27,70.48,0.033524,0.011586
222.82,70.48,0.033554,0.012051
226.32,70.48,0.033724,0.01218
229.86,70.48,0.034152,0.012482
233.49,70.48,0.034278,0.013428
236.91,70.48,0.034269,0.013188
240.45,70.48,0.034833,0.013508
243.99,70.48,0.035079,0.014469
247.58,70.48,0.035483,0.014556
251.12,70.48,0.036404,0.015431
254.67,70.48,0.036792,0.01617
258.26,70.48,0.037827,0.016977
261.76,70.48,0.038037,0.017821
265.96,70.48,0.038631,0.01459
269.46,70.48,0.038348,0.016882
273.09,70.48,0.037599,0.016275
276.98,70.48,0.036065,0.01714
280.44,70.48,0.034777,0.014355
283.98,70.48,0.033604,0.013631
287.66,70.48,0.032239,0.011604
291.24,70.48,0.030988,0.010563
294.87,70.48,0.03028,0.007704
298.51,70.48,0.029543,0.008739
302.05,70.48,0.028779,0.007088
305.68,70.48,0.028613,0.00711
309.18,70.48,0.027723,0.006691
312.81,70.48,0.02751,0.006376
316.31,70.48,0.026808,0.005705
319.86,70.48,0.026346,0.005424
323.4,70.48,0.02609,0.005317
326.99,70.48,0.025819,0.005538
330.44,70.48,0.026093,0.006007
334.03,70.48,0.025911,0.005732
337.57,70.48,0.026025,0.00584
340.86,70.48,0.025954,0.006068
344.71,70.48,0.026204,0.006299
348.25,70.48,0.027125,0.006783
351.66,70.48,0.027778,0.007026
355.38,70.48,0.02914,0.008727
359.01,70.48,0.029787,0.008973
362.56,70.48,0.030788,0.009309
366.06,70.48,0.031185,0.010548
369.6,70.48,0.032079,0.010973
373.1,70.48,0.032747,0.011543
376.73,70.48,0.033348,0.011663
380.27,70.48,0.034201,0.012501
383.82,70.48,0.034362,0.012658
387.32,70.48,0.035055,0.014143
390.86,70.48,0.035856,0.014737
394.32,70.48,0.036102,0.015027
397.91,70.48,0.036734,0.015233
401.32,70.48,0.036996,0.016962
405.17,70.48,0.037128,0.016758
408.76,70.48,0.037695,0.018021
412.3,70.48,0.038601,0.018212
415.84,70.48,0.038804,0.018206
419.43,70.48,0.039762,0.019171
422.97,70.48,0.039666,0.020024
426.52,70.48,0.040055,0.019152
430.06,70.48,0.039876,0.019765
433.56,70.48,0.040122,0.019383
437.11,70.48,0.039663,0.01877
440.61,70.48,0.039768,0.018459
444.19,70.48,0.039771,0.018573
447.78,70.48,0.04039,0.019075
451.24,70.48,0.040686,0.019737
454.91,70.48,0.041148,0.019066
458.46,70.48,0.041118,0.019586
461.96,70.48,0.041253,0.019371
465.5,70.48,0.040982,0.019623
469.0,70.48,0.041136,0.019522
472.5,70.48,0.041053,0.019907
475.96,70.48,0.041598,0.019888
479.59,70.48,0.041749,0.020994
483.09,70.48,0.042461,0.021105
486.72,70.48,0.042488,0.021096
490.22,70.48,0.042652,0.021604
493.76,70.48,0.042861,0.021564
497.31,70.48,0.043182,0.022599
500.89,70.48,0.043259,0.02255
504.44,70.48,0.043166,0.022889
507.98,70.48,0.043585,0.023003
511.48,70.48,0.043323,0.022596
515.02,70.48,0.043191,0.022821
518.61,70.48,0.042849,0.022652
522.46,70.48,0.042855,0.020196
526.01,70.48,0.043376,0.021401
529.51,70.48,0.043326,0.021654
533.05,70.48,0.043391,0.021364
536.64,70.48,0.043425,0.021783
540.22,70.48,0.043585,0.021697
543.72,70.48,0.044263,0.02219
547.31,70.48,0.044623,0.023573
550.9,70.48,0.045064,0.024164
554.49,70.48,0.045045,0.024972
558.07,70.48,0.045554,0.025218
561.62,70.48,0.045652,0.025135
565.29,70.48,0.046133,0.025526
568.79,70.48,0.046191,0.025218
572.34,70.48,0.046352,0.026176
575.92,70.48,0.046478,0.025313
579.42,70.48,0.046438,0.024793
582.97,70.48,0.046743,0.025779
586.56,70.48,0.046968,0.025052
590.1,70.48,0.047091,0.025914
593.64,70.48,0.047378,0.026475
597.14,70.48,0.047538,0.02568
600.69,70.48,0.047889,0.026154
604.27,70.48,0.047793,0.025859
607.82,70.48,0.048373,0.026555
611.36,70.48,0.048788,0.027368
614.86,70.48,0.048705,0.026903
618.54,70.48,0.049146,0.027467
622.04,70.48,0.048964,0.027381
625.62,70.48,0.049811,0.029935
629.17,70.48,0.049562,0.028613
632.76,70.48,0.050541,0.029919
636.3,70.48,0.051161,0.029953
640.06,70.48,0.051835,0.030692
643.69,70.48,0.052374,0.031232
647.19,70.48,0.053166,0.032205
650.69,70.48,0.053594,0.032227
654.24,70.48,0.053434,0.031715
657.78,70.48,0.053755,0.03251
661.32,70.48,0.053887,0.032227
664.87,70.48,0.054195,0.032624
668.46,70.48,0.0541,0.032362
672.04,70.48,0.053958,0.032833
675.67,70.48,0.054358,0.0328
679.22,70.48,0.054442,0.033622
682.54,70.48,0.054556,0.033351
686.04,70.48,0.054583,0.033887
689.89,70.48,0.054463,0.033551
693.35,70.48,0.054559,0.033752
696.94,70.48,0.054993,0.034251
700.26,70.48,0.054901,0.03446
704.11,70.48,0.054839,0.034383
707.7,70.48,0.054802,0.034097
711.24,70.48,0.054968,0.03406
12.69,105.7,0.025283,-0.000226
16.41,105.7,0.024824,0.005255
19.99,105.7,0.02426,0.003705
23.58,105.7,0.024189,0.00409
27.12,105.7,0.02426,0.003989
30.58,105.7,0.024405,0.002566
34.21,105.7,0.024596,0.004463
37.71,105.7,0.025258,0.0041
41.17,105.7,0.025686,0.003699
44.89,105.7,0.026382,0.004975
48.47,105.7,0.02723,0.005763
52.02,105.7,0.027667,0.007331
55.61,105.7,0.028524,0.007168
59.15,105.7,0.028912,0.008157
63.26,105.7,0.029639,0.009639
66.76,105.7,0.030203,0.009472
70.35,105.7,0.030591,0.009325
73.89,105.7,0.031515,0.010203
77.48,105.7,0.031866,0.009352
81.16,105.7,0.032211,0.010622
84.7,105.7,0.032393,0.011355
88.24,105.7,0.032424,0.011401
91.92,105.7,0.032347,0.01214
95.51,105.7,0.032368,0.012183
99.01,105.7,0.032421,0.012264
102.51,105.7,0.03271,0.012658
106.01,105.7,0.033302,0.012713
109.59,105.7,0.034072,0.013773
113.18,105.7,0.034204,0.014211
116.72,105.7,0.034571,0.013875
120.27,105.7,0.034756,0.01406
123.86,105.7,0.034907,0.013588
127.49,105.7,0.035005,0.013675
130.94,105.7,0.034762,0.014013
134.53,105.7,0.034605,0.012889
138.07,105.7,0.034808,0.012944
141.66,105.7,0.034519,0.013231
145.21,105.7,0.034879,0.013638
148.79,105.7,0.034395,0.012701
152.38,105.7,0.03454,0.012784
155.92,105.7,0.034429,0.013462
159.42,105.7,0.034337,0.012815
162.92,105.7,0.034278,0.012883
166.42,105.7,0.034204,0.013259
170.01,105.7,0.033675,0.013092
173.51,105.7,0.033413,0.012418
177.01,105.7,0.032951,0.012405
180.6,105.7,0.032498,0.011959
184.1,105.7,0.032516,0.011561
187.6,105.7,0.032008,0.011379
191.23,105.7,0.032063,0.012408
194.73,105.7,0.031986,0.011398
198.32,105.7,0.031814,0.01218
201.82,105.7,0.031943,0.012128
205.45,105.7,0.03198,0.011755
209.08,105.7,0.031943,0.011878
212.58,105.7,0.032381,0.011848
216.12,105.7,0.032898,0.011885
219.62,105.7,0.033074,0.011743
223.12,105.7,0.033333,0.012442
226.67,105.7,0.033376,0.011962
229.82,105.7,0.033832,0.01211
233.84,105.7,0.033628,0.012082
237.39,105.7,0.034075,0.012464
241.06,105.7,0.033952,0.013222
244.52,105.7,0.034494,0.012923
248.19,105.7,0.034509,0.013447
251.74,105.7,0.034713,0.014078
255.24,105.7,0.035609,0.014439
258.82,105.7,0.035692,0.01596
262.37,105.7,0.036071,0.015939
265.91,105.7,0.036256,0.016244
269.5,105.7,0.035742,0.015933
273.04,105.7,0.034965,0.014802
276.63,105.7,0.033779,0.013517
280.13,105.7,0.031989,0.011903
283.63,105.7,0.030714,0.010203
287.13,105.7,0.029297,0.00869
290.76,105.7,0.02784,0.006601
294.35,105.7,0.026983,0.006114
297.94,105.7,0.026931,0.005421
301.44,105.7,0.026247,0.004466
305.16,105.7,0.026056,0.004925
308.7,105.7,0.02593,0.004851
312.2,105.7,0.025622,0.004688
315.66,105.7,0.025695,0.004392
319.33,105.7,0.025677,0.004349
322.87,105.7,0.025098,0.004528
326.42,105.7,0.025036,0.004891
330.01,105.7,0.025073,0.00511
333.51,105.7,0.025233,0.004851
337.09,105.7,0.024978,0.005095
340.64,105.7,0.025612,0.005394
344.18,105.7,0.026216,0.005877
347.72,105.7,0.026478,0.006626
351.31,105.7,0.027479,0.007106
354.86,105.7,0.02796,0.007547
358.44,105.7,0.028545,0.007522
362.03,105.7,0.02897,0.008015
365.62,105.7,0.029734,0.007997
369.16,105.7,0.030326,0.009768
372.66,105.7,0.030751,0.009876
376.12,105.7,0.030997,0.010261
379.71,105.7,0.031549,0.010618
383.25,105.7,0.032131,0.010717
386.84,105.7,0.032689,0.011706
390.38,105.7,0.033209,0.011632
393.92,105.7,0.033936,0.013135
397.47,105.7,0.034469,0.01312
401.06,105.7,0.035181,0.014201
404.6,105.7,0.035273,0.014993
408.1,105.7,0.036207,0.016
411.69,105.7,0.036768,0.016339
415.32,105.7,0.037085,0.016777
418.86,105.7,0.037276,0.017236
422.41,105.7,0.037436,0.017297
425.91,105.7,0.037667,0.017874
429.41,105.7,0.037886,0.017803
432.99,105.7,0.038638,0.018052
436.49,105.7,0.038357,0.01783
440.08,105.7,0.038785,0.018339
443.58,105.7,0.03905,0.018471
447.04,105.7,0.039235,0.018909
450.1,105.7,0.03974,0.018724
454.17,105.7,0.039968,0.019614
457.71,105.7,0.04068,0.019543
461.26,105.7,0.04096,0.019703
465.5,105.7,0.041087,0.020508
468.96,105.7,0.041475,0.021068
472.46,105.7,0.041663,0.02096
476.0,105.7,0.041946,0.021657
479.98,105.7,0.04288,0.019238
483.48,105.7,0.043428,0.022122
487.11,105.7,0.043548,0.021549
490.57,105.7,0.044097,0.022396
494.2,105.7,0.044673,0.022547
497.83,105.7,0.044854,0.023675
501.33,105.7,0.045058,0.023459
504.96,105.7,0.044984,0.023915
508.51,105.7,0.044824,0.024263
512.01,105.7,0.045008,0.023998
515.64,105.7,0.044405,0.024331
519.14,105.7,0.044596,0.024257
522.59,105.7,0.044257,0.023653
526.18,105.7,0.044103,0.02389
529.77,105.7,0.044309,0.023748
533.36,105.7,0.044013,0.023527
536.86,105.7,0.043702,0.023357
540.4,105.7,0.043989,0.02304
544.03,105.7,0.043493,0.021968
547.66,105.7,0.042846,0.021681
551.21,105.7,0.042707,0.021407
554.71,105.7,0.0428,0.019959
558.42,105.7,0.042741,0.020692
561.88,105.7,0.042994,0.021669
565.51,105.7,0.043434,0.021555
569.01,105.7,0.04381,0.022217
572.6,105.7,0.044519,0.023314
576.19,105.7,0.045015,0.024075
579.77,105.7,0.04527,0.024861
583.32,105.7,0.045563,0.025338
586.82,105.7,0.045859,0.025335
590.41,105.7,0.046284,0.02621
593.95,105.7,0.04654,0.025631
597.54,105.7,0.046808,0.026087
601.08,105.7,0.046678,0.026309
604.67,105.7,0.047341,0.025816
608.21,105.7,0.047519,0.027224
611.71,105.7,0.048132,0.027485
615.12,105.7,0.048619,0.026432
618.89,105.7,0.049097,0.02722
622.43,105.7,0.049469,0.027492
625.97,105.7,0.049839,0.02767
629.69,105.7,0.050486,0.029072
633.24,105.7,0.051121,0.029395
636.78,105.7,0.051404,0.029639
640.32,105.7,0.051296,0.029953
643.82,105.7,0.051459,0.030058
647.37,105.7,0.051512,0.031013
650.87,105.7,0.051903,0.030908
654.41,105.7,0.052288,0.03088
657.91,105.7,0.053215,0.031937
661.46,105.7,0.053391,0.032975
664.96,105.7,0.053465,0.032418
668.5,105.7,0.053681,0.032747
672.0,105.7,0.053832,0.03287
675.54,105.7,0.054097,0.033015
679.09,105.7,0.054023,0.033597
682.63,105.7,0.05377,0.033366
686.26,105.7,0.053431,0.032978
689.85,105.7,0.053536,0.032353
693.39,105.7,0.052997,0.032239
696.94,105.7,0.053363,0.032553
700.39,105.7,0.053616,0.03211
703.98,105.7,0.053939,0.031986
707.52,105.7,0.0543,0.0332
711.07,105.7,0.054469,0.033169
12.34,140.83,0.027297,0.001512
15.97,140.83,0.027365,0.00739
19.42,140.83,0.027245,0.007753
23.1,140.83,0.027535,0.007458
26.64,140.83,0.027399,0.007498
29.88,140.83,0.027347,0.007473
33.69,140.83,0.027378,0.007565
36.92,140.83,0.027522,0.006989
40.47,140.83,0.02796,0.007492
44.32,140.83,0.027775,0.007131
47.91,140.83,0.028024,0.007488
51.41,140.83,0.028185,0.007606
54.95,140.83,0.028671,0.007411
58.49,140.83,0.028499,0.007455
61.99,140.83,0.028733,0.007698
65.54,140.83,0.02869,0.007033
69.04,140.83,0.029081,0.007889
72.62,140.83,0.029343,0.007609
76.21,140.83,0.029898,0.008548
79.76,140.83,0.030668,0.009768
83.69,140.83,0.031931,0.012812
87.28,140.83,0.03276,0.012294
90.78,140.83,0.033499,0.012988
94.41,140.83,0.034112,0.013727
98.22,140.83,0.034448,0.011814
101.72,140.83,0.035156,0.013616
105.26,140.83,0.035443,0.014158
108.85,140.83,0.036133,0.014731
112.44,140.83,0.036755,0.014987
115.98,140.83,0.036487,0.015326
119.52,140.83,0.0371,0.015729
122.98,140.83,0.03719,0.015991
126.52,140.83,0.037458,0.015927
130.16,140.83,0.03759,0.016521
133.7,140.83,0.037242,0.015948
137.24,140.83,0.036567,0.016358
140.74,140.83,0.036552,0.016151
144.29,140.83,0.036164,0.015705
147.83,140.83,0.036287,0.015498
151.46,140.83,0.03584,0.015289
154.87,140.83,0.035729,0.015939
158.51,140.83,0.03507,0.014833
161.96,140.83,0.034608,0.014303
165.59,140.83,0.033976,0.013644
169.09,140.83,0.033286,0.013006
172.64,140.83,0.032393,0.012137
176.22,140.83,0.031626,0.010831
179.72,140.83,0.030458,0.009639
183.27,140.83,0.029626,0.009549
186.81,140.83,0.029457,0.007621
190.4,140.83,0.028973,0.007643
193.94,140.83,0.028366,0.007227
197.49,140.83,0.028434,0.007476
201.03,140.83,0.029177,0.007932
204.57,140.83,0.029472,0.007988
208.16,140.83,0.030338,0.008665
211.75,140.83,0.030427,0.009571
215.25,140.83,0.031401,0.009904
218.84,140.83,0.031493,0.010902
222.34,140.83,0.031854,0.011093
225.79,140.83,0.032202,0.011053
229.34,140.83,0.032341,0.011533
233.1,140.83,0.032815,0.013456
236.64,140.83,0.033514,0.012781
240.14,140.83,0.033551,0.013443
243.77,140.83,0.033801,0.013585
247.14,140.83,0.034186,0.013776
250.91,140.83,0.034152,0.013832
254.41,140.83,0.034645,0.014097
257.91,140.83,0.034799,0.013967
261.45,140.83,0.034448,0.013721
264.95,140.83,0.034395,0.013582
268.49,140.83,0.033579,0.012941
271.99,140.83,0.032658,0.011989
275.58,140.83,0.03153,0.010717
278.86,140.83,0.030483,0.009596
282.62,140.83,0.028866,0.007427
286.21,140.83,0.027504,0.006463
289.76,140.83,0.026124,0.005206
293.21,140.83,0.025276,0.004106
296.89,140.83,0.025045,0.003659
300.47,140.83,0.024762,0.004112
303.97,140.83,0.024537,0.003573
307.47,140.83,0.024355,0.003607
311.02,140.83,0.024174,0.003564
314.65,140.83,0.023933,0.004109
318.24,140.83,0.023862,0.00336
321.69,140.83,0.023339,0.003508
325.24,140.83,0.023616,0.00361
328.78,140.83,0.024137,0.003798
332.37,140.83,0.024241,0.004586
335.87,140.83,0.024346,0.004516
339.41,140.83,0.024676,0.005039
343.0,140.83,0.02532,0.004753
346.5,140.83,0.025504,0.005449
350.17,140.83,0.026041,0.005437
353.67,140.83,0.026256,0.005769
357.17,140.83,0.026949,0.006589
360.76,140.83,0.027787,0.006546
364.31,140.83,0.028594,0.00755
367.85,140.83,0.029186,0.007827
371.35,140.83,0.030024,0.008265
375.11,140.83,0.030748,0.009811
378.7,140.83,0.031561,0.010686
382.24,140.83,0.032196,0.011503
384.96,140.83,0.032695,0.013135
389.46,140.83,0.03332,0.01276
392.96,140.83,0.033964,0.012994
396.42,140.83,0.034349,0.013687
399.83,140.83,0.034571,0.014155
403.55,140.83,0.034685,0.014697
407.14,140.83,0.035027,0.014697
410.68,140.83,0.035172,0.014614
414.18,140.83,0.035119,0.014851
417.72,140.83,0.035258,0.015258
421.27,140.83,0.035421,0.015298
424.77,140.83,0.035603,0.01475
428.31,140.83,0.035486,0.015002
431.81,140.83,0.035769,0.015637
435.4,140.83,0.035779,0.015267
438.9,140.83,0.036244,0.015702
442.44,140.83,0.036974,0.015729
445.94,140.83,0.037507,0.016167
449.49,140.83,0.037784,0.016623
453.03,140.83,0.037787,0.016595
456.62,140.83,0.038323,0.016302
459.68,140.83,0.038678,0.016891
463.71,140.83,0.039777,0.018311
467.21,140.83,0.039925,0.018219
470.79,140.83,0.040286,0.018742
474.25,140.83,0.040717,0.019254
477.88,140.83,0.041299,0.019405
481.42,140.83,0.041644,0.020424
484.97,140.83,0.041657,0.020363
488.47,140.83,0.042017,0.020606
492.01,140.83,0.042196,0.02125
495.6,140.83,0.042877,0.022227
499.14,140.83,0.042646,0.022273
502.73,140.83,0.043049,0.022593
506.27,140.83,0.043058,0.022405
509.82,140.83,0.043138,0.022784
513.36,140.83,0.043471,0.023068
516.91,140.83,0.043246,0.022852
520.49,140.83,0.043437,0.022821
524.08,140.83,0.04361,0.022516
527.62,140.83,0.043511,0.021771
531.17,140.83,0.043548,0.022652
534.71,140.83,0.043745,0.021737
538.3,140.83,0.043074,0.021302
541.89,140.83,0.04312,0.020939
545.39,140.83,0.042609,0.021342
548.84,140.83,0.042057,0.021022
552.61,140.83,0.042205,0.020692
556.19,140.83,0.042208,0.021312
559.69,140.83,0.042257,0.020994
562.97,140.83,0.042217,0.021059
566.74,140.83,0.042054,0.021392
570.32,140.83,0.04259,0.021863
573.87,140.83,0.04316,0.022402
577.5,140.83,0.043308,0.023296
581.17,140.83,0.043721,0.023511
584.72,140.83,0.044306,0.023065
588.22,140.83,0.044516,0.023428
591.76,140.83,0.044565,0.024078
595.48,140.83,0.044916,0.022304
598.98,140.83,0.045122,0.023231
602.57,140.83,0.04613,0.024269
606.11,140.83,0.046389,0.0245
609.79,140.83,0.046952,0.025471
613.37,140.83,0.047297,0.026518
616.92,140.83,0.047874,0.026962
620.51,140.83,0.047861,0.028031
624.14,140.83,0.048148,0.027547
627.86,140.83,0.048329,0.02735
631.44,140.83,0.048496,0.028031
634.99,140.83,0.048875,0.028259
638.53,140.83,0.049211,0.027938
642.16,140.83,0.049626,0.028308
645.57,140.83,0.049867,0.028474
649.21,140.83,0.049981,0.02889
652.62,140.83,0.050699,0.029432
656.25,140.83,0.051259,0.029263
659.92,140.83,0.051727,0.030304
663.47,140.83,0.052488,0.030692
667.01,140.83,0.052692,0.031256
670.64,140.83,0.053228,0.032532
674.14,140.83,0.053024,0.032131
677.64,140.83,0.053474,0.03235
681.14,140.83,0.053339,0.032344
684.73,140.83,0.053517,0.032371
688.19,140.83,0.053785,0.03304
691.73,140.83,0.053804,0.032969
695.45,140.83,0.054337,0.034281
698.91,140.83,0.054349,0.033487
702.67,140.83,0.054405,0.031857
706.3,140.83,0.054325,0.032368
709.89,140.83,0.05414,0.032501
12.07,176.01,0.032504,0.006872
15.75,176.01,0.033259,0.011213
19.38,176.01,0.033505,0.012014
22.84,176.01,0.034186,0.013037
26.47,176.01,0.034281,0.013055
30.06,176.01,0.034229,0.012963
33.51,176.01,0.034238,0.013185
37.14,176.01,0.034343,0.013132
40.56,176.01,0.034848,0.013357
44.1,176.01,0.034516,0.013524
47.6,176.01,0.035049,0.013958
51.19,176.01,0.034931,0.013964
54.69,176.01,0.035449,0.014392
58.27,176.01,0.035406,0.014787
61.73,176.01,0.035813,0.014935
65.27,176.01,0.036703,0.015754
68.86,176.01,0.037082,0.016161
72.45,176.01,0.037461,0.017051
75.95,176.01,0.038166,0.017402
79.58,176.01,0.038548,0.018474
83.12,176.01,0.038758,0.018474
86.62,176.01,0.039251,0.01865
90.21,176.01,0.039697,0.01922
92.92,176.01,0.039898,0.019127
97.34,176.01,0.040227,0.019611
100.89,176.01,0.040822,0.019534
104.56,176.01,0.040255,0.018231
108.06,176.01,0.040603,0.018869
111.65,176.01,0.039796,0.01787
115.28,176.01,0.03902,0.018055
118.82,176.01,0.038761,0.017387
122.32,176.01,0.038357,0.017436
126.26,176.01,0.038376,0.019177
129.85,176.01,0.038175,0.017559
133.31,176.01,0.037735,0.017224
136.85,176.01,0.037498,0.017264
140.92,176.01,0.037137,0.013407
144.37,176.01,0.037029,0.015837
147.96,176.01,0.036882,0.015714
151.51,176.01,0.036158,0.014605
155.36,176.01,0.035849,0.016965
158.99,176.01,0.03524,0.015101
162.53,176.01,0.034722,0.014562
166.16,176.01,0.034512,0.013742
169.22,176.01,0.034226,0.013262
173.29,176.01,0.034405,0.013459
176.84,176.01,0.033835,0.013573
180.38,176.01,0.033702,0.01223
183.88,176.01,0.033505,0.012211
187.51,176.01,0.033194,0.011681
191.1,176.01,0.032602,0.011188
194.64,176.01,0.032569,0.011074
198.19,176.01,0.032418,0.011228
201.73,176.01,0.031607,0.010511
205.27,176.01,0.031342,0.010292
208.86,176.01,0.030751,0.010557
212.41,176.01,0.030566,0.010354
216.04,176.01,0.030588,0.010391
219.54,176.01,0.030079,0.009781
223.04,176.01,0.029771,0.009999
226.54,176.01,0.029593,0.009374
230.04,176.01,0.029793,0.009919
233.62,176.01,0.029719,0.00963
237.21,176.01,0.029694,0.009941
240.76,176.01,0.03003,0.009851
244.65,176.01,0.030674,0.00714
248.32,176.01,0.031949,0.010261
251.78,176.01,0.032445,0.011376
255.37,176.01,0.033225,0.011977
258.69,176.01,0.033524,0.012559
262.5,176.01,0.033542,0.012954
266.04,176.01,0.033296,0.012609
269.72,176.01,0.032689,0.012316
273.26,176.01,0.03158,0.01178
276.81,176.01,0.030138,0.010295
280.39,176.01,0.028505,0.008188
283.98,176.01,0.026866,0.006139
287.48,176.01,0.024953,0.00507
291.02,176.01,0.023379,0.003203
294.61,176.01,0.021965,0.001838
298.16,176.01,0.021352,0.001269
301.79,176.01,0.021352,0.000464
305.24,176.01,0.02145,0.000418
308.83,176.01,0.021629,0.00117
312.37,176.01,0.021986,0.000806
315.92,176.01,0.02215,0.001084
319.46,176.01,0.02272,0.001487
322.92,176.01,0.023354,0.002113
326.51,176.01,0.023493,0.002079
330.01,176.01,0.023681,0.002362
333.46,176.01,0.023598,0.002914
337.18,176.01,0.023696,0.002957
340.72,176.01,0.023604,0.002997
344.27,176.01,0.023175,0.002701
347.86,176.01,0.023493,0.003354
351.4,176.01,0.023748,0.003419
354.94,176.01,0.024032,0.003887
358.49,176.01,0.024685,0.004935
362.03,176.01,0.025461,0.005967
365.62,176.01,0.026697,0.007033
369.12,176.01,0.027679,0.007393
372.75,176.01,0.028647,0.00841
376.25,176.01,0.0293,0.009066
379.75,176.01,0.030236,0.009928
383.34,176.01,0.031059,0.010427
386.88,176.01,0.031345,0.010979
390.38,176.01,0.0321,0.011111
393.4,176.01,0.031798,0.009152
397.64,176.01,0.032455,0.011259
401.14,176.01,0.032381,0.011758
404.73,176.01,0.032347,0.011016
408.19,176.01,0.032667,0.011506
411.77,176.01,0.033061,0.011654
415.27,176.01,0.033197,0.012125
418.86,176.01,0.032984,0.012205
422.41,176.01,0.033068,0.012572
425.95,176.01,0.033163,0.012279
429.49,176.01,0.0332,0.012371
432.99,176.01,0.033591,0.013052
436.62,176.01,0.034146,0.01413
440.17,176.01,0.034694,0.014719
443.71,176.01,0.035273,0.015273
447.26,176.01,0.035865,0.015994
450.8,176.01,0.036321,0.016096
454.47,176.01,0.036709,0.015434
458.06,176.01,0.037267,0.016463
461.56,176.01,0.037599,0.017026
465.15,176.01,0.038037,0.016595
468.69,176.01,0.038471,0.017069
472.28,176.01,0.038979,0.017291
475.78,176.01,0.039553,0.018065
479.32,176.01,0.039793,0.018776
482.91,176.01,0.040699,0.018887
486.46,176.01,0.041401,0.019494
490.0,176.01,0.041841,0.020193
493.46,176.01,0.042233,0.020766
497.0,176.01,0.042901,0.021124
500.59,176.01,0.043031,0.022088
504.09,176.01,0.043305,0.022014
507.63,176.01,0.043434,0.022301
511.13,176.01,0.04357,0.022325
514.76,176.01,0.043456,0.022683
518.35,176.01,0.043089,0.022599
521.89,176.01,0.042886,0.022704
525.35,176.01,0.042695,0.022479
528.94,176.01,0.042301,0.0221
532.52,176.01,0.042131,0.021647
536.02,176.01,0.04198,0.021728
539.57,176.01,0.041151,0.021216
543.07,176.01,0.041148,0.020575
546.66,176.01,0.0408,0.020067
550.24,176.01,0.040837,0.019978
553.79,176.01,0.040785,0.019633
557.37,176.01,0.040927,0.019817
560.87,176.01,0.041543,0.01979
564.46,176.01,0.0417,0.020406
567.96,176.01,0.041801,0.020052
571.59,176.01,0.041925,0.020018
575.05,176.01,0.04178,0.020307
578.59,176.01,0.042199,0.020572
582.18,176.01,0.042787,0.021124
585.72,176.01,0.042981,0.021373
589.14,176.01,0.043246,0.022267
592.68,176.01,0.044269,0.022815
596.18,176.01,0.044774,0.023477
599.77,176.01,0.045092,0.023789
603.31,176.01,0.045535,0.024204
606.33,176.01,0.046037,0.025594
610.44,176.01,0.04645,0.025572
613.94,176.01,0.046885,0.026065
617.49,176.01,0.047698,0.026546
620.86,176.01,0.048015,0.027415
624.57,176.01,0.048644,0.02836
628.07,176.01,0.049195,0.028573
631.71,176.01,0.049894,0.029161
635.16,176.01,0.04995,0.029426
638.75,176.01,0.050492,0.030141
642.29,176.01,0.050529,0.030082
645.84,176.01,0.050458,0.030052
649.34,176.01,0.050498,0.02983
652.88,176.01,0.050834,0.030181
656.47,176.01,0.050849,0.029164
660.06,176.01,0.051019,0.029174
663.6,176.01,0.05113,0.030406
667.14,176.01,0.051247,0.029226
670.73,176.01,0.051617,0.029248
674.27,176.01,0.052109,0.029885
677.82,176.01,0.051866,0.030144
681.84,176.01,0.052174,0.033222
685.47,176.01,0.052344,0.032433
688.97,176.01,0.052596,0.032556
692.56,176.01,0.053222,0.032036
696.15,176.01,0.053483,0.033194
699.69,176.01,0.054337,0.033061
703.24,176.01,0.054004,0.032935
706.69,176.01,0.05426,0.033108
710.28,176.01,0.053943,0.032325
12.38,211.14,0.041583,0.013585
15.92,211.14,0.043203,0.023773
19.6,211.14,0.045286,0.023071
23.14,211.14,0.047288,0.025692
26.64,211.14,0.049186,0.026814
30.32,211.14,0.050652,0.028474
33.82,211.14,0.051875,0.029713
37.32,211.14,0.053,0.031053
40.95,211.14,0.053875,0.032421
44.54,211.14,0.054177,0.032932
47.95,211.14,0.054873,0.033456
51.54,211.14,0.054722,0.03353
55.08,211.14,0.054824,0.033866
58.67,211.14,0.055249,0.03471
62.17,211.14,0.056031,0.035246
65.8,211.14,0.056521,0.035794
69.26,211.14,0.056755,0.036164
73.24,211.14,0.056959,0.033699
76.74,211.14,0.056586,0.03535
80.19,211.14,0.056253,0.034703
83.78,211.14,0.055147,0.033644
87.46,211.14,0.054719,0.032492
90.96,211.14,0.053681,0.032097
94.5,211.14,0.052849,0.030945
98.04,211.14,0.051647,0.030304
101.54,211.14,0.050591,0.029047
105.09,211.14,0.049728,0.028132
108.59,211.14,0.049408,0.028434
112.13,211.14,0.049229,0.028215
115.85,211.14,0.04873,0.029497
119.35,211.14,0.048135,0.026681
122.89,211.14,0.04755,0.027023
126.44,211.14,0.046959,0.026811
130.02,211.14,0.046207,0.025942
133.52,211.14,0.045381,0.024867
137.07,211.14,0.044626,0.024106
140.7,211.14,0.04418,0.023798
144.16,211.14,0.043462,0.022787
147.7,211.14,0.042784,0.021943
151.29,211.14,0.041345,0.021074
154.87,211.14,0.040418,0.019725
158.33,211.14,0.039183,0.018314
161.96,211.14,0.038028,0.017147
165.46,211.14,0.036795,0.015622
169.01,211.14,0.035846,0.01422
172.64,211.14,0.034808,0.013145
176.31,211.14,0.034093,0.012424
179.9,211.14,0.032661,0.011928
183.44,211.14,0.031373,0.010381
186.94,211.14,0.030055,0.00963
190.88,211.14,0.029349,0.009996
194.47,211.14,0.02853,0.008262
197.92,211.14,0.027935,0.007538
201.51,211.14,0.027356,0.007168
205.41,211.14,0.027106,0.004189
209.04,211.14,0.027251,0.006078
212.54,211.14,0.027393,0.00674
216.12,211.14,0.027639,0.007488
220.15,211.14,0.028299,0.008265
223.65,211.14,0.028379,0.007806
227.24,211.14,0.028653,0.007729
230.74,211.14,0.028465,0.008031
234.63,211.14,0.028219,0.005708
238.17,211.14,0.028305,0.007347
241.72,211.14,0.028893,0.007553
245.22,211.14,0.029516,0.008326
249.11,211.14,0.030945,0.012291
252.66,211.14,0.032211,0.01227
256.29,211.14,0.033628,0.01215
259.83,211.14,0.034472,0.013967
263.55,211.14,0.0345,0.011108
267.22,211.14,0.034586,0.01324
270.72,211.14,0.034063,0.012473
274.22,211.14,0.032652,0.011265
277.77,211.14,0.030717,0.009981
281.36,211.14,0.028822,0.007421
284.9,211.14,0.026527,0.006065
288.49,211.14,0.024679,0.003955
292.07,211.14,0.02287,0.003302
295.62,211.14,0.021731,0.001355
299.16,211.14,0.021321,0.001099
302.62,211.14,0.021697,0.001555
306.21,211.14,0.022501,0.002045
309.66,211.14,0.022775,0.002864
313.25,211.14,0.023622,0.003696
316.84,211.14,0.024321,0.004765
320.34,211.14,0.024596,0.004704
323.92,211.14,0.025381,0.003203
327.77,211.14,0.025027,0.003419
331.23,211.14,0.025283,0.00401
334.77,211.14,0.024879,0.003579
338.62,211.14,0.024734,0.003909
342.08,211.14,0.024827,0.004066
345.67,211.14,0.02463,0.004383
349.26,211.14,0.024854,0.004704
352.76,211.14,0.0254,0.005012
356.34,211.14,0.025979,0.005994
359.84,211.14,0.026456,0.006805
363.34,211.14,0.02711,0.007116
366.93,211.14,0.028108,0.007713
370.43,211.14,0.028995,0.008705
374.02,211.14,0.029642,0.009811
377.56,211.14,0.03044,0.01023
381.15,211.14,0.030933,0.010175
384.74,211.14,0.031367,0.010095
388.24,211.14,0.031678,0.01084
391.78,211.14,0.032199,0.011589
395.24,211.14,0.032621,0.011872
398.96,211.14,0.033028,0.010055
402.54,211.14,0.033222,0.011885
406.13,211.14,0.033471,0.01222
409.63,211.14,0.033644,0.012522
413.22,211.14,0.033869,0.013366
416.67,211.14,0.034349,0.012861
420.22,211.14,0.034204,0.013061
423.72,211.14,0.034303,0.013385
427.22,211.14,0.034469,0.013138
430.76,211.14,0.034312,0.013431
434.31,211.14,0.034611,0.013995
437.85,211.14,0.03532,0.014127
441.35,211.14,0.035859,0.014525
444.85,211.14,0.035973,0.015378
448.44,211.14,0.036426,0.015776
451.98,211.14,0.036382,0.016201
455.52,211.14,0.037264,0.016878
459.59,211.14,0.037695,0.014885
463.09,211.14,0.038055,0.016456
466.64,211.14,0.0382,0.016232
470.22,211.14,0.038314,0.016842
473.86,211.14,0.038459,0.017134
477.36,211.14,0.039127,0.018089
480.94,211.14,0.039617,0.018228
484.49,211.14,0.040027,0.018579
488.03,211.14,0.04039,0.01905
491.66,211.14,0.040674,0.019833
495.21,211.14,0.041074,0.021398
498.84,211.14,0.041062,0.020692
502.34,211.14,0.041481,0.020776
505.92,211.14,0.041364,0.021016
509.51,211.14,0.041379,0.021124
513.01,211.14,0.041678,0.021469
516.64,211.14,0.042054,0.02068
520.19,211.14,0.042109,0.020637
523.77,211.14,0.041974,0.020323
527.27,211.14,0.04161,0.020326
530.82,211.14,0.041059,0.019962
534.19,211.14,0.041312,0.019211
537.91,211.14,0.040769,0.018866
541.45,211.14,0.040819,0.019232
544.91,211.14,0.040532,0.019026
548.49,211.14,0.040261,0.018807
551.99,211.14,0.039904,0.018884
555.54,211.14,0.040575,0.018995
559.04,211.14,0.040492,0.019001
562.54,211.14,0.040569,0.019386
566.08,211.14,0.041256,0.02019
569.76,211.14,0.042054,0.021025
573.3,211.14,0.042365,0.021629
577.15,211.14,0.042464,0.023098
580.78,211.14,0.042852,0.022519
584.24,211.14,0.043339,0.022596
587.82,211.14,0.043225,0.022291
591.32,211.14,0.043191,0.022911
594.87,211.14,0.043413,0.022532
598.37,211.14,0.043727,0.022556
601.96,211.14,0.043671,0.022214
605.46,211.14,0.044026,0.023403
609.26,211.14,0.044722,0.02243
612.81,211.14,0.045532,0.02418
616.35,211.14,0.046327,0.025092
619.89,211.14,0.047187,0.026028
623.39,211.14,0.047772,0.027874
626.98,211.14,0.04873,0.026952
630.44,211.14,0.049035,0.028425
634.16,211.14,0.049303,0.02938
638.31,211.14,0.050002,0.025791
641.9,211.14,0.049497,0.028391
645.4,211.14,0.049765,0.028277
648.99,211.14,0.050273,0.028425
652.53,211.14,0.05028,0.028758
655.99,211.14,0.050464,0.028779
659.57,211.14,0.050831,0.029349
663.03,211.14,0.051028,0.029189
666.66,211.14,0.051087,0.030341
670.25,211.14,0.051798,0.031176
673.84,211.14,0.051749,0.031272
677.42,211.14,0.052008,0.031472
680.92,211.14,0.052578,0.031965
684.51,211.14,0.052146,0.03178
688.06,211.14,0.052538,0.031395
691.6,211.14,0.051946,0.031287
695.19,211.14,0.052008,0.030862
698.73,211.14,0.051743,0.030585
702.19,211.14,0.051238,0.030249
705.82,211.14,0.050837,0.029429
709.32,211.14,0.05023,0.029248
11.86,246.22,0.058976,0.029392
15.44,246.22,0.062036,0.040443
18.99,246.22,0.066084,0.04536
22.62,246.22,0.070304,0.048742
26.21,246.22,0.074411,0.052541
29.79,246.22,0.078219,0.057618
33.42,246.22,0.081527,0.059898
36.97,246.22,0.084522,0.063101
40.51,246.22,0.087002,0.065662
43.97,246.22,0.089368,0.066811
47.64,246.22,0.091601,0.070095
51.27,246.22,0.093739,0.070471
54.91,246.22,0.095289,0.072535
58.49,246.22,0.09722,0.074124
62.04,246.22,0.098422,0.075692
65.58,246.22,0.09974,0.077149
69.12,246.22,0.101475,0.078767
72.62,246.22,0.103718,0.080692
76.12,246.22,0.106068,0.083702
79.71,246.22,0.108511,0.085634
83.21,246.22,0.110128,0.087701
86.8,246.22,0.110982,0.088314
90.3,246.22,0.110779,0.088631
93.89,246.22,0.11068,0.089328
97.52,246.22,0.110058,0.088456
101.02,246.22,0.108844,0.086789
104.3,246.22,0.107079,0.085295
108.02,246.22,0.105002,0.083305
111.56,246.22,0.103218,0.081225
115.15,246.22,0.101213,0.079297
118.65,246.22,0.099429,0.077812
122.19,246.22,0.097729,0.076333
125.74,246.22,0.096789,0.07535
129.32,246.22,0.095871,0.07353
132.87,246.22,0.095292,0.073369
136.37,246.22,0.094241,0.072559
139.91,246.22,0.093231,0.070791
143.41,246.22,0.092149,0.070643
147.04,246.22,0.091117,0.068832
150.54,246.22,0.090187,0.067883
154.0,246.22,0.08921,0.067227
157.32,246.22,0.087467,0.064343
161.26,246.22,0.085129,0.063089
164.89,246.22,0.082612,0.060828
168.26,246.22,0.080033,0.058912
172.02,246.22,0.077732,0.05669
175.66,246.22,0.075378,0.054226
178.94,246.22,0.07324,0.052045
182.96,246.22,0.070936,0.050181
186.46,246.22,0.068225,0.047627
190.05,246.22,0.065307,0.04385
193.37,246.22,0.062624,0.040748
197.22,246.22,0.059679,0.037858
200.77,246.22,0.056536,0.034894
204.31,246.22,0.052704,0.031432
207.81,246.22,0.049608,0.028262
211.09,246.22,0.045797,0.024426
214.9,246.22,0.043175,0.02202
218.44,246.22,0.041278,0.019691
221.94,246.22,0.039537,0.018474
225.49,246.22,0.038687,0.016755
229.03,246.22,0.037892,0.016718
232.53,246.22,0.038548,0.017073
236.07,246.22,0.039879,0.018514
239.53,246.22,0.042079,0.021176
243.16,246.22,0.045193,0.024266
246.71,246.22,0.048949,0.027569
250.25,246.22,0.05214,0.031404
253.92,246.22,0.056161,0.035474
257.42,246.22,0.059626,0.038129
260.92,246.22,0.062753,0.041986
264.51,246.22,0.065286,0.044525
268.06,246.22,0.067387,0.046764
271.6,246.22,0.069161,0.048215
275.19,246.22,0.070076,0.048933
278.73,246.22,0.070523,0.049451
282.32,246.22,0.070313,0.048403
285.86,246.22,0.069405,0.047128
289.41,246.22,0.067947,0.045991
293.04,246.22,0.066013,0.044137
296.54,246.22,0.064593,0.042655
300.08,246.22,0.062602,0.040129
303.71,246.22,0.060412,0.038604
307.3,246.22,0.058385,0.036524
310.89,246.22,0.056207,0.035153
314.52,246.22,0.053899,0.034248
318.11,246.22,0.051524,0.030723
321.65,246.22,0.048872,0.028262
325.15,246.22,0.04576,0.025409
328.87,246.22,0.042344,0.021906
332.46,246.22,0.039762,0.019442
336.09,246.22,0.037707,0.015779
339.59,246.22,0.035668,0.014676
343.17,246.22,0.034315,0.012624
346.76,246.22,0.03259,0.011305
350.13,246.22,0.031238,0.01032
353.81,246.22,0.030085,0.008724
357.35,246.22,0.029032,0.008145
360.85,246.22,0.028841,0.00763
364.39,246.22,0.027861,0.006823
367.94,246.22,0.027331,0.006401
371.39,246.22,0.02759,0.006191
375.33,246.22,0.027642,0.009013
378.92,246.22,0.027781,0.008554
382.46,246.22,0.028058,0.007741
386.14,246.22,0.028456,0.007649
389.33,246.22,0.028557,0.007954
393.27,246.22,0.029448,0.008545
396.77,246.22,0.029645,0.009611
400.27,246.22,0.029922,0.009472
403.9,246.22,0.030156,0.008434
407.49,246.22,0.030199,0.008243
411.03,246.22,0.030344,0.009223
414.53,246.22,0.030492,0.009402
418.21,246.22,0.030831,0.009608
421.71,246.22,0.031047,0.010255
425.29,246.22,0.031743,0.010729
428.79,246.22,0.031955,0.01109
432.29,246.22,0.032581,0.011533
435.84,246.22,0.033037,0.01344
439.56,246.22,0.033058,0.01296
443.14,246.22,0.033308,0.012889
446.69,246.22,0.032738,0.013095
450.19,246.22,0.03271,0.012652
453.82,246.22,0.03263,0.012547
457.36,246.22,0.032867,0.01202
460.99,246.22,0.033065,0.012116
464.58,246.22,0.03341,0.012011
468.17,246.22,0.033906,0.012399
471.71,246.22,0.034398,0.013265
475.34,246.22,0.034688,0.01348
478.89,246.22,0.035273,0.013789
482.43,246.22,0.035535,0.01459
486.02,246.22,0.035883,0.014882
489.52,246.22,0.036429,0.015199
493.11,246.22,0.036734,0.015637
496.65,246.22,0.03649,0.016096
500.15,246.22,0.036293,0.015218
503.61,246.22,0.03633,0.015708
507.24,246.22,0.036028,0.015991
510.82,246.22,0.0358,0.016558
514.37,246.22,0.036059,0.015409
517.91,246.22,0.035569,0.015187
521.5,246.22,0.035489,0.014876
525.26,246.22,0.035557,0.013699
528.76,246.22,0.035575,0.014922
532.35,246.22,0.035372,0.014417
535.85,246.22,0.035511,0.014026
539.39,246.22,0.035883,0.014084
542.98,246.22,0.035652,0.014861
546.52,246.22,0.036127,0.014787
550.11,246.22,0.036801,0.015055
553.74,246.22,0.037328,0.016241
557.24,246.22,0.037861,0.01662
560.74,246.22,0.038406,0.01771
564.33,246.22,0.038875,0.017874
567.87,246.22,0.038798,0.018148
571.42,246.22,0.03926,0.019377
574.96,246.22,0.039568,0.01926
578.51,246.22,0.040055,0.019953
582.05,246.22,0.039996,0.019291
585.46,246.22,0.040529,0.020344
589.36,246.22,0.04093,0.019103
592.99,246.22,0.041395,0.020372
596.53,246.22,0.041854,0.020572
600.21,246.22,0.041777,0.018992
603.79,246.22,0.042273,0.02096
607.29,246.22,0.042128,0.020806
610.88,246.22,0.042615,0.021241
614.95,246.22,0.042815,0.02381
618.49,246.22,0.043015,0.02255
622.04,246.22,0.04336,0.02276
625.62,246.22,0.043684,0.022014
629.12,246.22,0.043906,0.021952
632.71,246.22,0.044023,0.022904
636.26,246.22,0.044744,0.023366
639.84,246.22,0.044885,0.023095
643.43,246.22,0.044799,0.023496
646.97,246.22,0.045021,0.023123
650.43,246.22,0.045255,0.023727
653.97,246.22,0.045563,0.023638
657.56,246.22,0.04523,0.023702
661.19,246.22,0.045196,0.024368
664.69,246.22,0.045187,0.023973
668.19,246.22,0.045273,0.024038
671.78,246.22,0.045541,0.024371
675.32,246.22,0.045252,0.024288
678.78,246.22,0.045335,0.024808
682.37,246.22,0.045144,0.024556
685.87,246.22,0.044854,0.024057
689.54,246.22,0.044768,0.024214
693.13,246.22,0.044152,0.023884
696.67,246.22,0.043906,0.023252
700.17,246.22,0.043761,0.023323
703.72,246.22,0.044198,0.023459
707.13,246.22,0.044303,0.024358
710.72,246.22,0.044996,0.024312
12.38,281.31,0.117836,0.0858
15.88,281.31,0.111385,0.088388
20.26,281.31,0.098252,0.076549
23.76,281.31,0.086256,0.065141
27.3,281.31,0.073123,0.051709
30.8,281.31,0.059707,0.038052
34.65,281.31,0.044442,0.024485
38.19,281.31,0.032781,0.011438
41.74,281.31,0.021959,0.001441
45.32,281.31,0.01402,-0.006181
49.0,281.31,0.009657,-0.00903
52.63,281.31,0.009599,-0.009881
56.17,281.31,0.013903,-0.006362
59.76,281.31,0.022033,0.001623
63.74,281.31,0.035597,0.010982
67.33,281.31,0.049466,0.027045
70.87,281.31,0.063397,0.041438
74.42,281.31,0.077159,0.054158
77.96,281.31,0.089805,0.067399
81.51,281.31,0.101167,0.078551
85.01,281.31,0.111875,0.089531
88.55,281.31,0.121524,0.09889
92.09,281.31,0.129041,0.106281
95.68,281.31,0.135008,0.11263
99.18,281.31,0.13869,0.115865
102.72,281.31,0.140532,0.117793
106.18,281.31,0.140769,0.117935
109.72,281.31,0.139993,0.117273
113.31,281.31,0.138714,0.116327
116.81,281.31,0.137273,0.115199
120.44,281.31,0.136521,0.114146
123.94,281.31,0.136352,0.114084
127.49,281.31,0.137125,0.114297
131.03,281.31,0.137353,0.114965
134.49,281.31,0.138446,0.115803
138.07,281.31,0.138912,0.116462
141.57,281.31,0.139448,0.116795
145.16,281.31,0.13966,0.11661
148.66,281.31,0.140304,0.117223
152.34,281.31,0.14076,0.115492
155.92,281.31,0.141318,0.117935
159.42,281.31,0.141884,0.118326
162.84,281.31,0.142347,0.119195
166.21,281.31,0.143588,0.119894
169.97,281.31,0.144916,0.121253
173.69,281.31,0.145896,0.122963
177.32,281.31,0.146586,0.12348
180.86,281.31,0.145846,0.122892
184.36,281.31,0.142923,0.120637
187.91,281.31,0.138825,0.11645
191.49,281.31,0.132226,0.109934
195.04,281.31,0.124426,0.102202
198.58,281.31,0.114947,0.093625
202.12,281.31,0.10503,0.083354
205.8,281.31,0.094371,0.072701
209.21,281.31,0.083539,0.062701
212.71,281.31,0.073523,0.051838
216.43,281.31,0.065243,0.043524
220.02,281.31,0.058098,0.036136
223.39,281.31,0.052686,0.031506
227.19,281.31,0.04966,0.027966
230.69,281.31,0.048631,0.026869
234.19,281.31,0.049734,0.027849
237.74,281.31,0.05194,0.029944
241.24,281.31,0.056068,0.034087
244.26,281.31,0.06141,0.039226
248.28,281.31,0.067208,0.045215
251.74,281.31,0.074232,0.052316
255.5,281.31,0.080215,0.058872
259.26,281.31,0.085899,0.065042
262.81,281.31,0.090886,0.069303
266.26,281.31,0.095323,0.073551
269.85,281.31,0.099294,0.077495
273.44,281.31,0.103502,0.081339
276.98,281.31,0.106552,0.08466
280.57,281.31,0.108194,0.0856
284.07,281.31,0.107923,0.085831
287.66,281.31,0.104931,0.082023
291.2,281.31,0.0993,0.077387
294.74,281.31,0.092707,0.071284
298.29,281.31,0.084454,0.062476
301.87,281.31,0.074426,0.051786
305.68,281.31,0.064334,0.043151
309.18,281.31,0.053631,0.033234
312.77,281.31,0.043776,0.02324
316.31,281.31,0.033619,0.014081
319.9,281.31,0.024482,0.004402
323.4,281.31,0.016195,-0.003177
326.99,281.31,0.008431,-0.010638
330.53,281.31,0.002279,-0.017099
334.07,281.31,-0.003131,-0.022099
337.57,281.31,-0.006849,-0.025882
341.16,281.31,-0.009271,-0.028765
344.71,281.31,-0.010438,-0.030235
348.25,281.31,-0.01037,-0.030312
351.79,281.31,-0.009797,-0.029332
355.29,281.31,-0.008562,-0.028654
358.92,281.31,-0.006791,-0.027475
362.47,281.31,-0.00432,-0.024918
365.97,281.31,-0.001664,-0.021951
369.51,281.31,0.00141,-0.019329
373.01,281.31,0.004035,-0.016741
376.6,281.31,0.007427,-0.013343
380.23,281.31,0.011022,-0.009967
383.82,281.31,0.013634,-0.006932
387.36,281.31,0.016077,-0.003969
390.73,281.31,0.018416,-0.001273
394.45,281.31,0.020129,-0.000377
398.04,281.31,0.021666,0.001811
401.54,281.31,0.0228,0.002763
405.12,281.31,0.023881,0.004183
408.67,281.31,0.025261,0.005095
412.17,281.31,0.02597,0.006108
415.76,281.31,0.026888,0.007069
419.34,281.31,0.028009,0.008197
422.93,281.31,0.028989,0.008829
426.47,281.31,0.029777,0.008764
429.97,281.31,0.030008,0.009565
433.52,281.31,0.030369,0.010058
437.02,281.31,0.031047,0.009106
440.69,281.31,0.031555,0.010652
444.28,281.31,0.032328,0.010391
447.87,281.31,0.033024,0.011044
451.02,281.31,0.033425,0.012485
454.96,281.31,0.034174,0.013074
458.59,281.31,0.034278,0.013453
462.09,281.31,0.035005,0.014291
465.72,281.31,0.035498,0.015896
469.39,281.31,0.035967,0.016037
472.94,281.31,0.036478,0.016339
476.57,281.31,0.037008,0.01666
480.11,281.31,0.037716,0.016934
483.79,281.31,0.038249,0.017088
487.16,281.31,0.038681,0.018018
490.44,281.31,0.039281,0.018733
494.29,281.31,0.039559,0.018354
497.83,281.31,0.039405,0.018394
501.46,281.31,0.039368,0.01722
504.96,281.31,0.039318,0.018194
508.59,281.31,0.039328,0.018003
511.87,281.31,0.03873,0.017288
515.64,281.31,0.038662,0.017251
519.31,281.31,0.03816,0.017128
522.81,281.31,0.038172,0.017378
526.4,281.31,0.037679,0.017633
529.99,281.31,0.037596,0.017538
533.4,281.31,0.037917,0.017156
537.16,281.31,0.037793,0.017649
540.53,281.31,0.0378,0.01787
543.9,281.31,0.037615,0.017553
547.66,281.31,0.037467,0.01763
551.21,281.31,0.037957,0.017738
554.27,281.31,0.038219,0.017713
558.21,281.31,0.038342,0.018132
561.79,281.31,0.038354,0.01828
565.38,281.31,0.038456,0.018126
568.92,281.31,0.039066,0.017488
572.51,281.31,0.03877,0.016614
576.06,281.31,0.038862,0.017698
579.69,281.31,0.039174,0.017975
583.23,281.31,0.039787,0.018468
586.6,281.31,0.039861,0.018545
590.32,281.31,0.040994,0.019238
593.86,281.31,0.041315,0.019694
597.36,281.31,0.041928,0.019993
600.99,281.31,0.041851,0.020769
604.54,281.31,0.042103,0.020301
607.99,281.31,0.042214,0.021429
611.67,281.31,0.042285,0.021632
615.17,281.31,0.042593,0.02206
618.62,281.31,0.043083,0.023009
622.17,281.31,0.044047,0.023462
625.71,281.31,0.044996,0.023918
629.26,281.31,0.045501,0.025406
632.23,281.31,0.045997,0.025341
636.34,281.31,0.046687,0.025742
639.93,281.31,0.047217,0.026614
643.61,281.31,0.047867,0.027023
647.02,281.31,0.048597,0.028089
650.39,281.31,0.049408,0.028939
654.15,281.31,0.049731,0.028838
657.69,281.31,0.050492,0.028939
661.32,281.31,0.05089,0.028607
664.82,281.31,0.051293,0.029824
668.46,281.31,0.051691,0.029075
672.13,281.31,0.051623,0.030138
675.63,281.31,0.051481,0.029873
679.26,281.31,0.051764,0.030711
682.72,281.31,0.051247,0.030172
686.31,281.31,0.05125,0.03015
689.89,281.31,0.050603,0.030129
693.39,281.31,0.049916,0.029522
697.02,281.31,0.049802,0.029414
700.57,281.31,0.04922,0.028918
704.16,281.31,0.048634,0.028379
707.74,281.31,0.047719,0.026047
711.33,281.31,0.047528,0.027892
11.72,316.36,-0.140552,-0.159902
15.27,316.36,-0.148747,-0.165669
18.9,316.36,-0.15371,-0.168759
22.36,316.36,-0.157169,-0.173223
26.16,316.36,-0.160204,-0.176316
29.66,316.36,-0.164175,-0.180453
33.34,316.36,-0.172789,-0.188546
36.53,316.36,-0.188124,-0.203882
40.47,316.36,-0.204942,-0.219871
43.97,316.36,-0.219683,-0.234945
47.47,316.36,-0.22915,-0.244196
51.01,316.36,-0.232024,-0.247791
54.6,316.36,-0.229621,-0.245318
58.19,316.36,-0.222379,-0.238586
61.73,316.36,-0.212052,-0.228303
65.14,316.36,-0.1996,-0.21623
68.77,316.36,-0.186538,-0.203756
72.36,316.36,-0.173731,-0.191698
75.95,316.36,-0.162656,-0.179779
79.45,316.36,-0.152132,-0.169378
83.04,316.36,-0.142789,-0.159221
86.76,316.36,-0.135287,-0.152212
90.3,316.36,-0.128642,-0.145808
93.84,316.36,-0.123204,-0.140395
97.3,316.36,-0.119415,-0.136143
101.02,316.36,-0.116051,-0.133223
104.52,316.36,-0.113574,-0.130552
108.11,316.36,-0.111769,-0.129415
111.65,316.36,-0.110654,-0.127952
115.15,316.36,-0.109677,-0.127206
118.74,316.36,-0.108768,-0.126408
122.19,316.36,-0.107927,-0.125654
125.69,316.36,-0.107219,-0.125078
129.28,316.36,-0.106381,-0.124692
132.78,316.36,-0.105401,-0.123189
136.37,316.36,-0.1046,-0.122551
139.91,316.36,-0.103596,-0.121941
143.37,316.36,-0.102511,-0.120931
147.26,316.36,-0.101168,-0.119816
150.81,316.36,-0.099782,-0.118272
154.39,316.36,-0.098303,-0.116393
157.94,316.36,-0.096809,-0.114138
161.44,316.36,-0.095278,-0.113014
165.07,316.36,-0.093587,-0.111482
168.66,316.36,-0.092173,-0.109853
172.2,316.36,-0.090971,-0.10862
175.74,316.36,-0.089837,-0.107943
179.33,316.36,-0.089415,-0.107616
182.83,316.36,-0.089033,-0.107422
186.37,316.36,-0.08891,-0.106676
189.96,316.36,-0.089113,-0.107915
193.51,316.36,-0.089153,-0.107407
197.05,316.36,-0.089449,-0.108235
200.59,316.36,-0.089686,-0.108396
203.83,316.36,-0.090993,-0.109887
207.64,316.36,-0.093047,-0.11208
211.27,316.36,-0.0957,-0.114563
214.77,316.36,-0.099526,-0.117881
218.49,316.36,-0.103944,-0.121886
221.94,316.36,-0.108445,-0.126593
225.49,316.36,-0.113399,-0.131261
229.03,316.36,-0.118368,-0.135734
232.66,316.36,-0.122601,-0.13931
236.21,316.36,-0.126858,-0.143941
239.71,316.36,-0.130472,-0.147487
243.16,316.36,-0.133707,-0.150604
246.75,316.36,-0.135715,-0.152813
250.34,316.36,-0.137807,-0.153691
253.92,316.36,-0.13883,-0.155296
257.47,316.36,-0.138756,-0.155004
261.1,316.36,-0.137142,-0.154206
264.69,316.36,-0.135278,-0.152745
268.23,316.36,-0.132163,-0.149723
271.73,316.36,-0.12911,-0.146353
275.27,316.36,-0.125601,-0.143602
278.86,316.36,-0.122786,-0.141618
282.45,316.36,-0.120333,-0.138596
286.08,316.36,-0.119101,-0.137135
289.62,316.36,-0.118744,-0.136615
293.21,316.36,-0.118722,-0.136855
296.71,316.36,-0.119637,-0.137336
300.26,316.36,-0.120515,-0.13806
303.84,316.36,-0.121726,-0.139098
307.34,316.36,-0.12253,-0.140105
310.84,316.36,-0.122866,-0.139813
314.39,316.36,-0.121686,-0.1392
317.89,316.36,-0.120118,-0.137718
321.47,316.36,-0.117031,-0.13432
325.02,316.36,-0.113091,-0.13009
328.56,316.36,-0.108189,-0.125755
332.06,316.36,-0.103044,-0.120783
335.61,316.36,-0.096538,-0.1144
339.19,316.36,-0.089461,-0.107246
342.78,316.36,-0.081504,-0.099656
346.32,316.36,-0.073568,-0.09261
349.87,316.36,-0.065059,-0.084234
353.46,316.36,-0.056698,-0.076171
356.96,316.36,-0.047746,-0.067185
360.5,316.36,-0.039452,-0.059566
364.09,316.36,-0.031137,-0.051279
367.81,316.36,-0.023195,-0.043497
371.35,316.36,-0.016134,-0.037311
374.89,316.36,-0.010195,-0.030866
378.39,316.36,-0.004434,-0.024844
381.94,316.36,0.000773,-0.01972
385.44,316.36,0.00544,-0.015386
389.07,316.36,0.00942,-0.011415
392.52,316.36,0.012966,-0.007724
396.11,316.36,0.016281,-0.004129
399.66,316.36,0.019026,-0.001347
403.2,316.36,0.020772,0.00048
406.7,316.36,0.022353,0.002251
410.2,316.36,0.024288,0.004047
413.87,316.36,0.025877,0.005853
417.37,316.36,0.027128,0.007143
420.92,316.36,0.028548,0.00824
424.55,316.36,0.029737,0.0093
428.01,316.36,0.030729,0.00983
431.59,316.36,0.031349,0.010452
435.14,316.36,0.032276,0.011407
438.68,316.36,0.033212,0.012482
442.27,316.36,0.034303,0.013228
445.72,316.36,0.034968,0.014211
449.36,316.36,0.0358,0.014371
452.86,316.36,0.036429,0.014947
456.4,316.36,0.037023,0.015671
459.94,316.36,0.036829,0.015551
463.44,316.36,0.036955,0.015169
467.03,316.36,0.036358,0.015224
470.53,316.36,0.036219,0.015236
474.07,316.36,0.035689,0.014586
477.57,316.36,0.035723,0.014719
481.16,316.36,0.035982,0.014682
484.66,316.36,0.036228,0.015015
488.16,316.36,0.03641,0.015323
491.66,316.36,0.037325,0.01592
495.25,316.36,0.037818,0.016549
498.79,316.36,0.037809,0.016894
502.34,316.36,0.038234,0.017411
505.88,316.36,0.038031,0.017599
509.42,316.36,0.038086,0.017886
513.01,316.36,0.038283,0.01792
516.47,316.36,0.037901,0.017877
519.92,316.36,0.038416,0.018299
523.6,316.36,0.038671,0.018619
527.14,316.36,0.039288,0.018936
530.64,316.36,0.039657,0.019035
533.66,316.36,0.039805,0.01922
537.73,316.36,0.040119,0.019636
541.32,316.36,0.040335,0.019845
544.91,316.36,0.040353,0.019599
548.49,316.36,0.040467,0.018687
551.99,316.36,0.040301,0.019516
555.36,316.36,0.039885,0.018604
559.08,316.36,0.039189,0.018111
562.62,316.36,0.038792,0.017187
566.21,316.36,0.038499,0.016845
569.8,316.36,0.038373,0.016743
573.3,316.36,0.038576,0.017122
576.84,316.36,0.038638,0.017461
580.43,316.36,0.039284,0.017892
583.93,316.36,0.039713,0.018422
587.52,316.36,0.040489,0.018835
591.02,316.36,0.041459,0.019525
594.61,316.36,0.042476,0.021737
598.15,316.36,0.04344,0.023219
601.74,316.36,0.044506,0.023899
605.32,316.36,0.045347,0.024811
608.82,316.36,0.045896,0.025803
612.41,316.36,0.046949,0.02658
615.96,316.36,0.047596,0.0267
619.5,316.36,0.047935,0.027113
623.09,316.36,0.048317,0.027756
626.59,316.36,0.04881,0.027692
630.17,316.36,0.049694,0.028795
633.72,316.36,0.049861,0.028687
637.22,316.36,0.050122,0.029432
640.81,316.36,0.050649,0.028585
644.35,316.36,0.051,0.029137
647.89,316.36,0.051077,0.029476
651.52,316.36,0.051764,0.029543
655.07,316.36,0.051592,0.029984
658.52,316.36,0.051983,0.030431
662.02,316.36,0.051922,0.030856
665.61,316.36,0.052436,0.030418
669.11,316.36,0.052344,0.030736
672.74,316.36,0.052276,0.031019
676.29,316.36,0.052507,0.030609
679.83,316.36,0.052455,0.031355
683.37,316.36,0.052282,0.031687
687.05,316.36,0.052732,0.032501
690.64,316.36,0.053092,0.032686
694.14,316.36,0.053477,0.033037
697.64,316.36,0.053653,0.033148
701.22,316.36,0.054164,0.033675
704.81,316.36,0.054509,0.033419
708.36,316.36,0.054743,0.033699
12.6,351.44,-0.227431,-0.240157
15.88,351.44,-0.210832,-0.226313
19.6,351.44,-0.191424,-0.207206
23.27,351.44,-0.170164,-0.187037
26.91,351.44,-0.150395,-0.167903
30.54,351.44,-0.132015,-0.150635
34.08,351.44,-0.11639,-0.134979
37.58,351.44,-0.10289,-0.121199
40.99,351.44,-0.089899,-0.109274
44.71,351.44,-0.078488,-0.097884
48.21,351.44,-0.068811,-0.0883
51.8,351.44,-0.060167,-0.080065
55.26,351.44,-0.053023,-0.07261
58.89,351.44,-0.045469,-0.065817
62.34,351.44,-0.039569,-0.059326
65.93,351.44,-0.033337,-0.053269
69.43,351.44,-0.027844,-0.048075
72.93,351.44,-0.022644,-0.042838
76.17,351.44,-0.018075,-0.038805
80.11,351.44,-0.014406,-0.034847
83.61,351.44,-0.011646,-0.032194
87.28,351.44,-0.008836,-0.027955
90.34,351.44,-0.006711,-0.027043
94.41,351.44,-0.004773,-0.023651
98.04,351.44,-0.003125,-0.022687
101.5,351.44,-0.001245,-0.020987
105.09,351.44,0.000612,-0.019197
108.59,351.44,0.002328,-0.017247
112.17,351.44,0.003826,-0.015768
115.67,351.44,0.005079,-0.014277
119.22,351.44,0.007057,-0.013128
122.76,351.44,0.008628,-0.01163
126.31,351.44,0.009753,-0.010512
129.89,351.44,0.011013,-0.009381
133.44,351.44,0.012325,-0.008131
136.98,351.44,0.013382,-0.008069
140.52,351.44,0.013989,-0.006945
144.11,351.44,0.014725,-0.00635
147.66,351.44,0.015233,-0.005574
150.89,351.44,0.015942,-0.004782
154.74,351.44,0.016647,-0.004246
158.2,351.44,0.017273,-0.003707
161.74,351.44,0.017565,-0.003208
165.33,351.44,0.016897,-0.004123
168.92,351.44,0.015042,-0.005484
172.42,351.44,0.01271,-0.00737
176.01,351.44,0.009885,-0.010105
179.55,351.44,0.006515,-0.013463
183.05,351.44,0.003249,-0.017074
186.59,351.44,0.000501,-0.019492
190.18,351.44,-0.002946,-0.022555
193.68,351.44,-0.006569,-0.026288
197.14,351.44,-0.010389,-0.029548
200.72,351.44,-0.013815,-0.032844
204.27,351.44,-0.017736,-0.036766
207.86,351.44,-0.021985,-0.040971
212.27,351.44,-0.027456,-0.047977
215.86,351.44,-0.031415,-0.049726
219.41,351.44,-0.035457,-0.053793
223.04,351.44,-0.039717,-0.05761
227.41,351.44,-0.043873,-0.064763
230.91,351.44,-0.047333,-0.066673
234.59,351.44,-0.049782,-0.06789
238.09,351.44,-0.051187,-0.06977
241.98,351.44,-0.052484,-0.072619
245.61,351.44,-0.052678,-0.071566
249.2,351.44,-0.052798,-0.072659
252.74,351.44,-0.052437,-0.071781
257.21,351.44,-0.051763,-0.070629
260.84,351.44,-0.050694,-0.069689
264.29,351.44,-0.048898,-0.068155
267.79,351.44,-0.047222,-0.066486
271.42,351.44,-0.045099,-0.065583
275.06,351.44,-0.042983,-0.062875
278.6,351.44,-0.041214,-0.060697
282.06,351.44,-0.038688,-0.058734
285.6,351.44,-0.036963,-0.056951
289.14,351.44,-0.035447,-0.055651
292.64,351.44,-0.034298,-0.054098
296.1,351.44,-0.033291,-0.053312
299.77,351.44,-0.032274,-0.051864
303.45,351.44,-0.031855,-0.051421
306.99,351.44,-0.031427,-0.050115
310.45,351.44,-0.030222,-0.049585
314.04,351.44,-0.028725,-0.048476
317.54,351.44,-0.027478,-0.046378
321.12,351.44,-0.024637,-0.043426
324.62,351.44,-0.021587,-0.040608
328.17,351.44,-0.018269,-0.037878
331.19,351.44,-0.015675,-0.035115
335.26,351.44,-0.013202,-0.032394
338.84,351.44,-0.010823,-0.030158
342.43,351.44,-0.008001,-0.027746
345.97,351.44,-0.005118,-0.025866
349.56,351.44,-0.002573,-0.02233
353.06,351.44,0.000169,-0.019961
356.69,351.44,0.002649,-0.017795
360.24,351.44,0.005159,-0.01602
363.69,351.44,0.007267,-0.013605
367.24,351.44,0.009371,-0.011529
370.78,351.44,0.01121,-0.00952
374.37,351.44,0.012815,-0.007573
377.91,351.44,0.014867,-0.00606
381.41,351.44,0.016577,-0.004255
384.87,351.44,0.018209,-0.003078
388.54,351.44,0.018998,-0.002028
391.87,351.44,0.020366,-0.000309
395.63,351.44,0.021265,0.000471
399.13,351.44,0.022547,0.001829
402.76,351.44,0.023317,0.003225
406.39,351.44,0.024476,0.004685
409.85,351.44,0.025471,0.005526
413.44,351.44,0.0267,0.006355
416.94,351.44,0.027969,0.007843
420.52,351.44,0.028995,0.008752
424.02,351.44,0.029858,0.009448
427.61,351.44,0.030508,0.010489
431.16,351.44,0.031096,0.010461
434.66,351.44,0.031518,0.011167
438.33,351.44,0.032183,0.011389
441.83,351.44,0.032957,0.012334
445.37,351.44,0.033745,0.013607
448.87,351.44,0.034676,0.013866
452.51,351.44,0.035763,0.01369
456.05,351.44,0.0365,0.015606
459.59,351.44,0.037408,0.016133
463.14,351.44,0.038126,0.0169
466.68,351.44,0.038841,0.017572
470.22,351.44,0.039842,0.018209
473.77,351.44,0.040745,0.019626
477.22,351.44,0.041857,0.020772
480.81,351.44,0.042646,0.02113
484.36,351.44,0.043366,0.021912
487.94,351.44,0.044177,0.02251
491.4,351.44,0.044574,0.023203
494.94,351.44,0.044737,0.023548
498.49,351.44,0.045252,0.024016
502.03,351.44,0.045144,0.024103
505.62,351.44,0.045434,0.02426
509.16,351.44,0.044993,0.024201
512.88,351.44,0.044984,0.024657
516.42,351.44,0.043881,0.023912
520.01,351.44,0.043366,0.023077
523.51,351.44,0.042421,0.021795
527.01,351.44,0.041715,0.0206
530.56,351.44,0.040187,0.020264
534.19,351.44,0.039251,0.01836
537.73,351.44,0.038132,0.016712
541.62,351.44,0.036949,0.014423
545.21,351.44,0.036358,0.01487
548.76,351.44,0.035341,0.01454
552.3,351.44,0.03495,0.014408
556.24,351.44,0.035153,0.015437
559.82,351.44,0.035098,0.014331
563.37,351.44,0.035212,0.014882
566.96,351.44,0.035785,0.014657
570.46,351.44,0.036561,0.014602
574.13,351.44,0.036885,0.015637
577.72,351.44,0.037636,0.016256
581.31,351.44,0.03824,0.016687
584.89,351.44,0.038687,0.017723
588.44,351.44,0.039069,0.018123
591.98,351.44,0.039516,0.018336
595.52,351.44,0.039894,0.019204
599.16,351.44,0.04052,0.020403
602.0,351.44,0.041105,0.02039
606.2,351.44,0.041703,0.021592
609.74,351.44,0.042747,0.022301
613.29,351.44,0.043311,0.022633
616.87,351.44,0.043841,0.023539
620.42,351.44,0.044682,0.024294
624.01,351.44,0.045424,0.024888
627.51,351.44,0.046598,0.025748
631.09,351.44,0.047612,0.026805
634.68,351.44,0.049097,0.027837
638.14,351.44,0.050159,0.029146
641.68,351.44,0.051731,0.030806
645.22,351.44,0.05284,0.031472
648.72,351.44,0.054241,0.033363
652.18,351.44,0.055335,0.034226
655.81,351.44,0.056336,0.034959
659.57,351.44,0.057464,0.034559
663.21,351.44,0.058604,0.036801
666.79,351.44,0.058832,0.037781
670.34,351.44,0.059195,0.037969
673.88,351.44,0.059925,0.038678
677.47,351.44,0.059864,0.038933
681.01,351.44,0.059808,0.039186
684.56,351.44,0.060199,0.039512
688.06,351.44,0.060295,0.039546
691.69,351.44,0.061034,0.04036
695.23,351.44,0.061915,0.040908
698.77,351.44,0.062205,0.041238
702.32,351.44,0.062763,0.042171
705.91,351.44,0.063314,0.039362
709.45,351.44,0.063597,0.044639
12.29,386.58,-0.026335,-0.051193
15.79,386.58,-0.020564,-0.040641
19.38,386.58,-0.014314,-0.035186
23.1,386.58,-0.008707,-0.029344
26.56,386.58,-0.003433,-0.024492
30.19,386.58,0.001373,-0.019267
33.69,386.58,0.004722,-0.015931
37.14,386.58,0.008055,-0.012878
40.64,386.58,0.010498,-0.009723
44.32,386.58,0.012532,-0.008513
47.77,386.58,0.013708,-0.006538
51.36,386.58,0.014716,-0.005229
54.91,386.58,0.015612,-0.004135
58.49,386.58,0.016265,-0.003608
61.99,386.58,0.016644,-0.002958
65.54,386.58,0.017165,-0.002881
69.04,386.58,0.017803,-0.001794
72.62,386.58,0.018792,-0.001393
76.08,386.58,0.01914,-0.00078
79.67,386.58,0.020184,-3.2e-05
83.21,386.58,0.02089,0.001272
86.76,386.58,0.022288,0.002085
90.26,386.58,0.023742,0.003668
93.8,386.58,0.025498,0.004901
97.34,386.58,0.027427,0.006801
100.93,386.58,0.029315,0.008388
104.47,386.58,0.030973,0.010209
107.97,386.58,0.032368,0.011463
111.52,386.58,0.033431,0.012384
115.32,386.58,0.033447,0.011392
118.91,386.58,0.033413,0.012116
122.41,386.58,0.032575,0.011814
126.0,386.58,0.031604,0.010557
129.85,386.58,0.029728,0.009023
133.79,386.58,0.028102,0.00715
137.24,386.58,0.026697,0.005597
140.79,386.58,0.024999,0.004053
144.33,386.58,0.023524,0.002476
148.31,386.58,0.021826,0.002297
151.81,386.58,0.020702,-7.2e-05
155.36,386.58,0.019845,-4.4e-05
159.12,386.58,0.018508,-0.001014
162.71,386.58,0.018219,-0.001609
166.29,386.58,0.017707,-0.002598
169.88,386.58,0.017196,-0.003112
173.38,386.58,0.016321,-0.004594
176.92,386.58,0.015816,-0.005229
180.56,386.58,0.014864,-0.006507
184.06,386.58,0.014195,-0.006766
187.64,386.58,0.013089,-0.00782
191.23,386.58,0.012082,-0.009012
194.69,386.58,0.010557,-0.010087
198.32,386.58,0.00922,-0.011094
201.86,386.58,0.008139,-0.012336
205.62,386.58,0.007048,-0.010799
209.26,386.58,0.006364,-0.013035
212.84,386.58,0.005061,-0.014523
216.34,386.58,0.00381,-0.015752
219.89,386.58,0.002784,-0.01667
223.47,386.58,0.001028,-0.018356
227.02,386.58,-0.000146,-0.020192
230.65,386.58,-0.001979,-0.021969
234.19,386.58,-0.003516,-0.024572
237.82,386.58,-0.005355,-0.026211
241.41,386.58,-0.006535,-0.027006
244.82,386.58,-0.007875,-0.028217
248.5,386.58,-0.008658,-0.029098
252.09,386.58,-0.009468,-0.029797
255.63,386.58,-0.009991,-0.030004
259.31,386.58,-0.009902,-0.029918
262.76,386.58,-0.009791,-0.029613
265.87,386.58,-0.009434,-0.02785
270.11,386.58,-0.009104,-0.02863
273.66,386.58,-0.008648,-0.027937
277.24,386.58,-0.008451,-0.027875
281.01,386.58,-0.008451,-0.030894
284.86,386.58,-0.008014,-0.02822
288.49,386.58,-0.007998,-0.027974
292.03,386.58,-0.007989,-0.027786
295.66,386.58,-0.0083,-0.026935
299.21,386.58,-0.008753,-0.028066
302.79,386.58,-0.00847,-0.028026
306.29,386.58,-0.008048,-0.027382
309.88,386.58,-0.006775,-0.026267
313.42,386.58,-0.004982,-0.024378
316.97,386.58,-0.00245,-0.022394
320.56,386.58,0.000277,-0.019656
324.1,386.58,0.003046,-0.017142
327.64,386.58,0.005736,-0.014893
331.19,386.58,0.007778,-0.012687
334.73,386.58,0.009586,-0.010802
338.32,386.58,0.011056,-0.009736
341.82,386.58,0.012301,-0.008731
345.41,386.58,0.013456,-0.007438
348.95,386.58,0.014756,-0.006264
352.54,386.58,0.015954,-0.005176
355.95,386.58,0.01706,-0.003513
359.62,386.58,0.018074,-0.002912
363.21,386.58,0.018718,-0.001997
366.71,386.58,0.019331,-0.001014
370.3,386.58,0.020289,0.001318
373.93,386.58,0.020902,0.000634
377.47,386.58,0.021133,0.001361
381.11,386.58,0.021632,0.002066
384.91,386.58,0.0221,-0.000324
388.54,386.58,0.022334,0.0019
392.04,386.58,0.022827,0.001623
395.63,386.58,0.023428,0.002051
399.22,386.58,0.024355,0.002874
402.81,386.58,0.025116,0.003594
406.35,386.58,0.025748,0.004685
409.85,386.58,0.026268,0.005652
413.39,386.58,0.02726,0.006663
416.94,386.58,0.028265,0.007307
420.48,386.58,0.029053,0.008502
424.07,386.58,0.03011,0.009454
427.61,386.58,0.031632,0.010708
431.07,386.58,0.032618,0.012353
434.66,386.58,0.033527,0.012867
438.16,386.58,0.034439,0.013779
441.74,386.58,0.034848,0.014996
445.59,386.58,0.036108,0.01462
449.09,386.58,0.037442,0.016626
452.68,386.58,0.038391,0.017707
456.18,386.58,0.039528,0.018616
460.16,386.58,0.040967,0.018228
463.75,386.58,0.041721,0.02129
467.29,386.58,0.042732,0.02222
470.84,386.58,0.043419,0.023172
474.42,386.58,0.044137,0.02348
478.19,386.58,0.044864,0.024094
481.73,386.58,0.045649,0.02528
485.27,386.58,0.046379,0.02592
488.77,386.58,0.046635,0.026423
492.23,386.58,0.04706,0.026466
495.86,386.58,0.048105,0.026087
499.45,386.58,0.048425,0.026669
502.99,386.58,0.048678,0.026915
506.45,386.58,0.049118,0.027313
510.08,386.58,0.048884,0.027313
513.67,386.58,0.04836,0.026872
517.21,386.58,0.047747,0.026213
520.67,386.58,0.047208,0.026148
524.39,386.58,0.046407,0.025119
527.93,386.58,0.045606,0.02442
531.47,386.58,0.044297,0.023431
535.06,386.58,0.043018,0.023554
538.65,386.58,0.041564,0.021071
542.24,386.58,0.040372,0.020012
545.78,386.58,0.039032,0.018924
549.89,386.58,0.03804,0.014057
553.44,386.58,0.037193,0.01593
556.98,386.58,0.037029,0.015686
560.52,386.58,0.036697,0.015153
564.07,386.58,0.036721,0.015372
567.57,386.58,0.036965,0.015813
571.16,386.58,0.037094,0.016259
574.7,386.58,0.037334,0.016577
578.24,386.58,0.037679,0.01711
581.83,386.58,0.038117,0.017898
585.42,386.58,0.038884,0.018591
588.96,386.58,0.039402,0.018428
592.51,386.58,0.039975,0.020064
596.05,386.58,0.040307,0.020344
599.64,386.58,0.040806,0.020686
603.22,386.58,0.041422,0.020819
606.77,386.58,0.04223,0.021697
610.22,386.58,0.04291,0.022168
613.77,386.58,0.044254,0.023638
617.27,386.58,0.045246,0.024432
620.81,386.58,0.04662,0.025739
624.36,386.58,0.048299,0.027387
627.99,386.58,0.049734,0.027929
631.53,386.58,0.051546,0.0297
635.12,386.58,0.052981,0.031265
638.66,386.58,0.054423,0.033006
642.21,386.58,0.05536,0.033459
645.75,386.58,0.055575,0.034001
649.25,386.58,0.056062,0.034383
652.75,386.58,0.055957,0.034362
656.29,386.58,0.056191,0.035514
660.1,386.58,0.055933,0.03544
663.69,386.58,0.056478,0.035652
667.19,386.58,0.056758,0.035957
670.91,386.58,0.057371,0.036888
674.45,386.58,0.05804,0.037097
678.04,386.58,0.058388,0.037356
681.58,386.58,0.058674,0.037633
685.69,386.58,0.059374,0.035982
689.28,386.58,0.059817,0.03844
692.82,386.58,0.05987,0.0384
696.37,386.58,0.059728,0.03828
699.82,386.58,0.059842,0.038678
703.41,386.58,0.060181,0.039589
706.96,386.58,0.060671,0.039469
710.5,386.58,0.060751,0.040212
12.07,421.79,0.021537,-0.003645
15.53,421.79,0.020683,0.001318
19.29,421.79,0.020655,-1.6e-05
22.88,421.79,0.020107,-0.000491
26.38,421.79,0.019537,-0.000537
29.79,421.79,0.019602,-0.001282
33.51,421.79,0.019063,-0.001741
37.06,421.79,0.018795,-0.001581
40.6,421.79,0.019211,-0.00213
43.66,421.79,0.019586,-0.001479
47.69,421.79,0.019959,-0.001008
51.01,421.79,0.020689,-0.000691
54.77,421.79,0.021703,0.000508
58.32,421.79,0.022889,0.00243
62.04,421.79,0.024026,0.003431
65.58,421.79,0.025313,0.005526
69.08,421.79,0.02682,0.006062
72.62,421.79,0.027914,0.007556
76.12,421.79,0.029365,0.008366
79.62,421.79,0.030458,0.010412
83.21,421.79,0.031866,0.011537
86.8,421.79,0.032498,0.012547
90.3,421.79,0.033061,0.012763
93.93,421.79,0.033357,0.013179
97.47,421.79,0.033345,0.01333
100.97,421.79,0.033028,0.0132
104.65,421.79,0.032384,0.011392
108.24,421.79,0.031198,0.010625
111.74,421.79,0.029885,0.009328
115.28,421.79,0.028194,0.007399
118.65,421.79,0.026496,0.005551
122.32,421.79,0.024765,0.004229
125.91,421.79,0.023031,0.001989
129.41,421.79,0.021638,0.001065
132.96,421.79,0.02064,-0.000947
136.5,421.79,0.019765,-0.001101
140.04,421.79,0.018819,-0.002102
143.63,421.79,0.018286,-0.003134
147.09,421.79,0.017316,-0.003346
150.63,421.79,0.016666,-0.004135
154.22,421.79,0.016037,-0.004819
157.76,421.79,0.015674,-0.005229
161.31,421.79,0.015076,-0.005638
164.19,421.79,0.014753,-0.005463
168.39,421.79,0.014821,-0.005876
171.94,421.79,0.014608,-0.005743
175.48,421.79,0.014244,-0.00513
179.16,421.79,0.01398,-0.005284
182.61,421.79,0.013764,-0.006236
186.24,421.79,0.013533,-0.006014
189.74,421.79,0.013484,-0.006347
193.33,421.79,0.013212,-0.006581
196.87,421.79,0.013098,-0.006483
200.37,421.79,0.012809,-0.006979
203.87,421.79,0.0128,-0.007031
207.46,421.79,0.012827,-0.007185
211.01,421.79,0.013351,-0.006994
214.55,421.79,0.013102,-0.006972
218.14,421.79,0.013132,-0.007536
221.64,421.79,0.013123,-0.008029
225.14,421.79,0.013,-0.007333
228.68,421.79,0.012313,-0.007934
232.22,421.79,0.012279,-0.009301
235.77,421.79,0.011623,-0.008624
239.22,421.79,0.011687,-0.009582
242.86,421.79,0.011678,-0.009203
246.4,421.79,0.011463,-0.009363
249.94,421.79,0.011564,-0.009606
253.53,421.79,0.011118,-0.009175
257.12,421.79,0.011065,-0.009865
260.62,421.79,0.010634,-0.00952
264.07,421.79,0.010002,-0.010974
267.66,421.79,0.008881,-0.011538
271.16,421.79,0.007895,-0.012382
274.71,421.79,0.006765,-0.013152
278.21,421.79,0.005748,-0.014717
281.71,421.79,0.004325,-0.015182
284.9,421.79,0.003385,-0.016975
288.79,421.79,0.002612,-0.016997
292.29,421.79,0.00157,-0.01818
295.84,421.79,0.000957,-0.019064
299.34,421.79,0.000501,-0.018713
302.97,421.79,0.000659,-0.018759
306.47,421.79,0.001327,-0.018276
309.92,421.79,0.002618,-0.017253
313.56,421.79,0.003554,-0.015953
317.01,421.79,0.005335,-0.014338
320.56,421.79,0.007525,-0.012216
324.1,421.79,0.009574,-0.010284
327.69,421.79,0.011814,-0.008393
330.62,421.79,0.012944,-0.00676
334.73,421.79,0.013684,-0.006141
338.27,421.79,0.014451,-0.005789
341.82,421.79,0.015119,-0.005617
345.14,421.79,0.015732,-0.005044
348.95,421.79,0.0165,-0.00379
352.45,421.79,0.017581,-0.00314
355.95,421.79,0.018903,-0.002398
359.71,421.79,0.019722,-0.00249
363.3,421.79,0.021016,-0.000269
366.89,421.79,0.021962,0.000976
370.47,421.79,0.022775,0.003169
374.02,421.79,0.023613,0.003296
377.52,421.79,0.024183,0.003293
381.06,421.79,0.024571,0.004355
384.65,421.79,0.025233,0.004704
388.19,421.79,0.025326,0.005113
391.61,421.79,0.02552,0.005779
395.37,421.79,0.025831,0.006188
398.96,421.79,0.026777,0.006564
402.46,421.79,0.027553,0.007073
406.17,421.79,0.028487,0.007211
409.72,421.79,0.029288,0.007723
413.22,421.79,0.03032,0.009537
416.81,421.79,0.031114,0.010166
420.31,421.79,0.032683,0.010927
423.94,421.79,0.033561,0.01178
427.52,421.79,0.034793,0.013813
431.16,421.79,0.036546,0.015298
434.7,421.79,0.038074,0.017171
438.29,421.79,0.039167,0.018884
441.79,421.79,0.040517,0.01959
445.42,421.79,0.041749,0.021731
448.96,421.79,0.042824,0.022901
452.55,421.79,0.044402,0.023909
456.14,421.79,0.045483,0.025101
459.68,421.79,0.046561,0.02556
463.18,421.79,0.047146,0.026453
466.68,421.79,0.047331,0.02637
470.27,421.79,0.047387,0.02596
473.81,421.79,0.04735,0.025911
477.36,421.79,0.046996,0.026004
480.86,421.79,0.046731,0.025853
484.36,421.79,0.046598,0.025575
487.86,421.79,0.046512,0.025699
491.49,421.79,0.046028,0.02422
495.03,421.79,0.046077,0.024463
498.62,421.79,0.04613,0.02405
502.16,421.79,0.04609,0.024734
505.71,421.79,0.046638,0.024685
509.25,421.79,0.046774,0.025557
513.01,421.79,0.047106,0.026792
516.6,421.79,0.047547,0.026691
520.1,421.79,0.047405,0.026684
523.64,421.79,0.047544,0.026749
527.19,421.79,0.047522,0.0267
530.69,421.79,0.047285,0.026453
534.23,421.79,0.047042,0.026413
537.77,421.79,0.046281,0.026118
541.67,421.79,0.045806,0.021512
545.26,421.79,0.044811,0.023973
548.8,421.79,0.043976,0.022519
552.3,421.79,0.042787,0.021438
555.84,421.79,0.042076,0.020628
559.34,421.79,0.041349,0.020144
562.89,421.79,0.040739,0.019127
566.47,421.79,0.040461,0.018776
569.93,421.79,0.039962,0.018604
573.52,421.79,0.040076,0.018539
577.11,421.79,0.040335,0.018955
580.65,421.79,0.040813,0.020082
584.24,421.79,0.041472,0.020871
587.82,421.79,0.042328,0.021466
591.37,421.79,0.043132,0.022988
594.91,421.79,0.044158,0.02352
598.46,421.79,0.045141,0.025354
601.69,421.79,0.046521,0.02596
605.63,421.79,0.047861,0.02706
609.22,421.79,0.049127,0.02853
612.72,421.79,0.050156,0.029553
616.13,421.79,0.051623,0.030896
619.81,421.79,0.052747,0.031675
623.31,421.79,0.053662,0.032402
626.81,421.79,0.054472,0.033776
630.35,421.79,0.05507,0.033946
633.94,421.79,0.055794,0.034383
637.44,421.79,0.056093,0.034802
641.02,421.79,0.056124,0.034306
644.48,421.79,0.0558,0.033973
647.98,421.79,0.055384,0.033557
651.66,421.79,0.054938,0.033206
655.16,421.79,0.054845,0.033219
658.52,421.79,0.055264,0.033406
661.5,421.79,0.055455,0.033896
665.83,421.79,0.055489,0.03369
669.2,421.79,0.055732,0.03406
672.87,421.79,0.055548,0.03426
676.46,421.79,0.056185,0.034679
680.05,421.79,0.056305,0.034941
683.64,421.79,0.056897,0.036241
687.14,421.79,0.057307,0.036167
691.56,421.79,0.05787,0.034023
695.1,421.79,0.058385,0.036459
698.64,421.79,0.058767,0.037063
702.23,421.79,0.059546,0.037812
705.82,421.79,0.060178,0.039451
709.41,421.79,0.061034,0.039697
12.34,457.19,0.016087,-0.011221
15.88,457.19,0.01593,-0.005672
19.69,457.19,0.015292,-0.003728
23.23,457.19,0.015135,-0.004157
26.82,457.19,0.014814,-0.004609
30.45,457.19,0.015498,-0.004551
33.99,457.19,0.015024,-0.004459
37.54,457.19,0.014984,-0.004412
41.04,457.19,0.015375,-0.005065
44.58,457.19,0.015437,-0.004255
48.12,457.19,0.01588,-0.004588
51.71,457.19,0.015967,-0.004412
55.17,457.19,0.016663,-0.003417
58.67,457.19,0.017461,-0.002653
62.3,457.19,0.018936,-0.002709
65.84,457.19,0.019762,-0.000786
68.99,457.19,0.021783,-0.000241
73.02,457.19,0.023638,0.002374
76.56,457.19,0.02519,0.003856
80.11,457.19,0.026518,0.005652
83.52,457.19,0.027716,0.006549
87.19,457.19,0.028533,0.007547
90.69,457.19,0.028792,0.008314
94.28,457.19,0.02893,0.008548
97.87,457.19,0.028943,0.008665
101.37,457.19,0.028329,0.007784
104.82,457.19,0.027716,0.006965
108.37,457.19,0.026768,0.00645
111.91,457.19,0.02588,0.005674
115.54,457.19,0.025169,0.005856
119.04,457.19,0.024398,0.004402
122.67,457.19,0.023329,0.003117
126.17,457.19,0.022304,0.002612
129.41,457.19,0.021718,0.00154
133.31,457.19,0.021259,0.001453
136.89,457.19,0.020883,0.000819
140.44,457.19,0.020585,-0.000213
143.89,457.19,0.020107,-0.000346
147.48,457.19,0.019574,-0.00152
151.07,457.19,0.019494,-0.002083
154.61,457.19,0.01873,-0.001806
158.11,457.19,0.018607,-0.002157
161.66,457.19,0.018825,-0.002404
165.16,457.19,0.018453,-0.002345
168.83,457.19,0.018693,-0.002582
172.37,457.19,0.018212,-0.002136
176.36,457.19,0.018465,-0.00038
180.03,457.19,0.01837,-0.001932
183.62,457.19,0.017972,-0.002364
187.07,457.19,0.01804,-0.002724
190.97,457.19,0.017689,-0.004252
194.56,457.19,0.017479,-0.003325
198.1,457.19,0.017793,-0.003294
201.6,457.19,0.017676,-0.002918
205.14,457.19,0.017818,-0.002684
208.73,457.19,0.017994,-0.002145
212.27,457.19,0.018385,-0.001378
215.82,457.19,0.018487,-0.001492
219.41,457.19,0.018801,-0.001119
222.95,457.19,0.018862,-0.001258
226.49,457.19,0.01857,-0.00099
230.04,457.19,0.018841,-0.00095
233.62,457.19,0.018527,-0.001436
237.21,457.19,0.018755,-0.00192
240.8,457.19,0.018545,-0.001837
244.34,457.19,0.018718,-0.002305
247.84,457.19,0.01853,-0.001464
251.43,457.19,0.01869,-0.00282
255.02,457.19,0.018622,-0.002434
258.52,457.19,0.017704,-0.00281
262.06,457.19,0.017251,-0.004061
265.52,457.19,0.016564,-0.004403
269.28,457.19,0.01524,-0.005361
272.87,457.19,0.014164,-0.006319
276.19,457.19,0.01283,-0.007422
280.0,457.19,0.011632,-0.00802
283.02,457.19,0.01027,-0.009381
287.09,457.19,0.008684,-0.010817
290.63,457.19,0.007436,-0.012302
294.22,457.19,0.005905,-0.013442
297.63,457.19,0.005264,-0.014594
301.35,457.19,0.005437,-0.014434
304.89,457.19,0.005612,-0.014514
308.44,457.19,0.006053,-0.014169
311.98,457.19,0.007183,-0.012989
315.57,457.19,0.008958,-0.011969
319.11,457.19,0.010649,-0.009884
322.61,457.19,0.012451,-0.008346
326.16,457.19,0.014251,-0.00692
330.01,457.19,0.015819,-0.005263
333.51,457.19,0.017177,-0.003513
337.09,457.19,0.018308,-0.002515
340.59,457.19,0.018616,-0.001606
344.18,457.19,0.019531,-0.000586
347.72,457.19,0.020015,-0.000663
351.27,457.19,0.020089,0.000446
354.86,457.19,0.020406,0.000307
358.44,457.19,0.020816,0.000874
361.94,457.19,0.021527,0.001192
365.49,457.19,0.021595,0.001552
369.07,457.19,0.02218,0.00166
372.62,457.19,0.022741,0.002784
376.12,457.19,0.023397,0.002941
379.66,457.19,0.024146,0.003484
383.21,457.19,0.025005,0.003912
386.79,457.19,0.025994,0.004762
390.42,457.19,0.0271,0.005646
394.06,457.19,0.028641,0.007113
397.56,457.19,0.03024,0.009001
401.1,457.19,0.031866,0.010782
404.64,457.19,0.033557,0.011854
408.41,457.19,0.035008,0.01585
412.04,457.19,0.036484,0.016191
415.67,457.19,0.038265,0.017689
419.12,457.19,0.039586,0.019482
422.71,457.19,0.041074,0.020461
426.34,457.19,0.042113,0.020942
429.84,457.19,0.042787,0.021854
433.52,457.19,0.043499,0.021857
437.46,457.19,0.043718,0.02251
441.0,457.19,0.044214,0.023212
444.63,457.19,0.044349,0.023958
448.0,457.19,0.044861,0.02491
451.46,457.19,0.045449,0.02463
455.31,457.19,0.045243,0.024744
458.59,457.19,0.045363,0.024466
462.44,457.19,0.044784,0.024383
465.89,457.19,0.044346,0.023471
469.52,457.19,0.043262,0.022156
473.07,457.19,0.042131,0.021382
476.61,457.19,0.041475,0.020668
480.07,457.19,0.040597,0.019842
483.61,457.19,0.040193,0.019044
487.2,457.19,0.039722,0.018061
490.7,457.19,0.039429,0.017818
494.29,457.19,0.039309,0.017341
497.39,457.19,0.038727,0.017322
501.37,457.19,0.038752,0.017676
505.01,457.19,0.03893,0.017612
508.42,457.19,0.038776,0.017692
512.01,457.19,0.039195,0.017911
515.51,457.19,0.039753,0.018499
519.01,457.19,0.040252,0.019143
522.64,457.19,0.04097,0.02027
526.14,457.19,0.041672,0.020699
529.68,457.19,0.04235,0.020979
533.22,457.19,0.042538,0.022143
536.72,457.19,0.043668,0.022387
540.27,457.19,0.043878,0.023348
543.94,457.19,0.044278,0.024155
547.49,457.19,0.044454,0.024057
550.99,457.19,0.045067,0.024229
554.53,457.19,0.045418,0.024796
558.07,457.19,0.045138,0.024965
561.57,457.19,0.045674,0.024799
565.16,457.19,0.045683,0.024805
568.66,457.19,0.045646,0.023724
572.29,457.19,0.04572,0.02385
575.84,457.19,0.046087,0.024891
579.42,457.19,0.046392,0.024762
582.88,457.19,0.047356,0.025541
586.56,457.19,0.04804,0.025535
590.1,457.19,0.048699,0.026694
593.6,457.19,0.049488,0.027609
597.19,457.19,0.049556,0.028561
600.73,457.19,0.050474,0.029177
604.23,457.19,0.050843,0.029238
607.82,457.19,0.051074,0.029691
611.41,457.19,0.051376,0.030658
614.95,457.19,0.051663,0.031309
618.49,457.19,0.051691,0.031093
622.08,457.19,0.05219,0.031721
625.71,457.19,0.051666,0.031198
629.3,457.19,0.051613,0.031182
632.76,457.19,0.05145,0.030335
636.39,457.19,0.050434,0.029235
639.71,457.19,0.050119,0.029509
643.43,457.19,0.049506,0.028801
646.67,457.19,0.049035,0.027304
650.56,457.19,0.048151,0.026743
654.19,457.19,0.047575,0.025338
657.69,457.19,0.047402,0.025369
661.32,457.19,0.047316,0.025628
664.82,457.19,0.047495,0.026272
668.37,457.19,0.048305,0.026792
671.87,457.19,0.048986,0.027864
675.5,457.19,0.049928,0.029038
679.04,457.19,0.05043,0.028634
682.54,457.19,0.050979,0.030052
686.09,457.19,0.051521,0.030394
689.63,457.19,0.052088,0.030988
693.13,457.19,0.052698,0.032116
696.67,457.19,0.053607,0.032658
700.31,457.19,0.054288,0.033792
703.85,457.19,0.054623,0.034106
707.35,457.19,0.055024,0.0345
710.94,457.19,0.055717,0.035249
11.94,492.23,0.015095,-0.010601
15.49,492.23,0.014938,-0.005836
18.94,492.23,0.014688,-0.005842
22.53,492.23,0.014654,-0.005712
25.77,492.23,0.014633,-0.005728
29.62,492.23,0.01475,-0.006892
33.25,492.23,0.014651,-0.005956
36.84,492.23,0.0147,-0.005829
40.25,492.23,0.014781,-0.005771
43.88,492.23,0.014574,-0.006264
47.38,492.23,0.014765,-0.006489
50.88,492.23,0.014895,-0.004486
54.56,492.23,0.015187,-0.005678
58.14,492.23,0.015116,-0.00407
61.69,492.23,0.015551,-0.004157
65.19,492.23,0.016191,-0.004132
68.77,492.23,0.016601,-0.00379
72.32,492.23,0.017458,-0.002699
75.82,492.23,0.01739,-0.001997
79.41,492.23,0.018172,-0.001501
82.91,492.23,0.018662,-0.001406
86.54,492.23,0.01905,-0.001624
89.99,492.23,0.019303,-0.000497
93.58,492.23,0.01979,-0.000802
97.17,492.23,0.020307,-0.000617
100.76,492.23,0.02019,-0.001147
104.3,492.23,0.02036,-0.000925
107.84,492.23,0.02011,-0.00078
111.43,492.23,0.020015,-0.001125
115.06,492.23,0.019947,-0.000515
118.3,492.23,0.019941,-0.00054
122.15,492.23,0.020061,-0.000626
125.69,492.23,0.020156,-0.000324
129.24,492.23,0.020261,0.000156
132.65,492.23,0.020061,0.000936
136.37,492.23,0.019876,-0.000426
139.91,492.23,0.019836,0.000178
143.46,492.23,0.019811,0.00023
147.0,492.23,0.019836,-0.000275
150.5,492.23,0.019728,-0.000324
154.13,492.23,0.019309,-0.000598
157.67,492.23,0.018896,-0.001276
161.17,492.23,0.018872,-0.001236
164.81,492.23,0.01922,-0.00192
168.39,492.23,0.018955,-0.002077
171.98,492.23,0.019294,-0.002431
175.48,492.23,0.019195,-0.002207
179.11,492.23,0.018721,-0.002194
182.66,492.23,0.018693,-0.00208
186.2,492.23,0.018625,-0.002213
189.74,492.23,0.018641,-0.00196
193.24,492.23,0.018391,-0.002345
196.79,492.23,0.018228,-0.002373
200.42,492.23,0.018727,-0.001735
203.92,492.23,0.018733,-0.0018
207.46,492.23,0.018878,-0.001803
210.7,492.23,0.018665,-0.001215
214.46,492.23,0.018835,-0.001504
218.01,492.23,0.018838,-0.001042
221.55,492.23,0.019177,-0.000706
224.92,492.23,0.019278,-0.000506
228.72,492.23,0.019346,-0.0005
232.22,492.23,0.01966,-0.000583
235.77,492.23,0.019451,-0.000509
239.27,492.23,0.019651,-0.000296
242.86,492.23,0.019648,-0.000605
246.36,492.23,0.020132,-0.00021
249.9,492.23,0.020477,-5.6e-05
253.4,492.23,0.020588,-6.5e-05
256.9,492.23,0.020637,-0.001147
260.57,492.23,0.020206,-0.001458
264.16,492.23,0.019466,-0.001329
267.66,492.23,0.018496,-0.002293
271.07,492.23,0.018129,-0.003171
274.88,492.23,0.016829,-0.003559
278.47,492.23,0.015594,-0.004653
282.01,492.23,0.013955,-0.006134
285.51,492.23,0.012442,-0.007764
289.1,492.23,0.010569,-0.009268
292.64,492.23,0.009226,-0.010555
296.19,492.23,0.007941,-0.011593
299.69,492.23,0.007371,-0.012524
302.79,492.23,0.007649,-0.012034
306.82,492.23,0.00812,-0.011378
310.32,492.23,0.009362,-0.010657
313.82,492.23,0.010939,-0.00903
317.19,492.23,0.012492,-0.007579
320.95,492.23,0.014278,-0.005743
324.49,492.23,0.016034,-0.004357
327.99,492.23,0.017593,-0.0029
331.54,492.23,0.018468,-0.001828
335.17,492.23,0.018921,-0.003023
338.76,492.23,0.019531,-0.00107
342.3,492.23,0.020199,-0.001116
345.84,492.23,0.020794,-0.000863
349.74,492.23,0.02137,0.0017
353.24,492.23,0.02215,0.002411
356.87,492.23,0.022797,0.002948
360.41,492.23,0.023733,0.00385
364.13,492.23,0.02475,0.003878
367.72,492.23,0.025566,0.005267
371.17,492.23,0.026487,0.00597
374.76,492.23,0.027504,0.006598
378.57,492.23,0.028634,0.005751
382.16,492.23,0.029349,0.008135
385.61,492.23,0.030622,0.009328
389.16,492.23,0.031626,0.010859
393.36,492.23,0.033061,0.013708
396.81,492.23,0.034106,0.013785
400.36,492.23,0.035153,0.014426
403.9,492.23,0.036253,0.016025
407.84,492.23,0.037837,0.014556
411.34,492.23,0.039069,0.018256
414.92,492.23,0.040307,0.018884
418.47,492.23,0.041521,0.021423
421.97,492.23,0.042356,0.020369
425.6,492.23,0.042926,0.022103
429.1,492.23,0.043271,0.022313
432.64,492.23,0.043453,0.02328
436.93,492.23,0.043545,0.019485
440.47,492.23,0.043416,0.021955
444.02,492.23,0.043416,0.022205
447.56,492.23,0.042994,0.021687
451.5,492.23,0.042183,0.023219
455.04,492.23,0.040699,0.021028
458.59,492.23,0.039848,0.019534
462.09,492.23,0.038708,0.018222
465.76,492.23,0.037522,0.016296
469.26,492.23,0.036493,0.014762
472.85,492.23,0.035252,0.013986
476.44,492.23,0.034214,0.012701
479.94,492.23,0.033619,0.012147
483.52,492.23,0.033021,0.011469
487.11,492.23,0.032448,0.011324
490.57,492.23,0.031928,0.010252
494.16,492.23,0.03141,0.010455
497.7,492.23,0.03093,0.009931
501.11,492.23,0.030415,0.00914
504.66,492.23,0.030585,0.009445
508.29,492.23,0.030067,0.009494
511.87,492.23,0.030594,0.010526
515.46,492.23,0.030933,0.011016
519.05,492.23,0.031835,0.011235
522.55,492.23,0.032849,0.012572
524.96,492.23,0.033681,0.013613
529.59,492.23,0.034531,0.014479
533.22,492.23,0.036256,0.015338
536.77,492.23,0.037602,0.016589
540.44,492.23,0.039512,0.016222
544.03,492.23,0.040517,0.018434
547.62,492.23,0.041795,0.019916
551.12,492.23,0.042932,0.021478
554.75,492.23,0.043755,0.022387
558.21,492.23,0.044867,0.023829
561.79,492.23,0.045467,0.024429
565.34,492.23,0.04625,0.02499
568.84,492.23,0.047143,0.025474
572.29,492.23,0.047414,0.026296
575.84,492.23,0.047735,0.025782
579.38,492.23,0.048175,0.026669
582.97,492.23,0.048222,0.027066
586.64,492.23,0.048807,0.028733
590.14,492.23,0.049284,0.029103
593.64,492.23,0.049611,0.028742
597.27,492.23,0.050332,0.029509
600.69,492.23,0.050788,0.030153
604.27,492.23,0.05141,0.031102
607.82,492.23,0.052122,0.031056
611.36,492.23,0.051974,0.031195
615.3,492.23,0.051962,0.027858
618.93,492.23,0.051644,0.029426
622.47,492.23,0.050951,0.029309
625.93,492.23,0.050092,0.028477
629.52,492.23,0.049004,0.028
633.15,492.23,0.04747,0.026598
636.65,492.23,0.045779,0.024556
640.28,492.23,0.044312,0.023502
643.78,492.23,0.042464,0.022183
647.28,492.23,0.041389,0.02096
650.87,492.23,0.040594,0.020218
654.37,492.23,0.039694,0.019198
657.91,492.23,0.039118,0.018936
661.41,492.23,0.038715,0.018548
665.0,492.23,0.039115,0.018961
668.46,492.23,0.039728,0.018776
672.09,492.23,0.040249,0.019617
675.63,492.23,0.04096,0.01999
679.13,492.23,0.04154,0.020606
682.63,492.23,0.042036,0.020874
686.17,492.23,0.04243,0.021632
689.81,492.23,0.043018,0.021272
693.35,492.23,0.043795,0.022242
696.94,492.23,0.044642,0.022532
700.39,492.23,0.045045,0.023505
703.94,492.23,0.045634,0.023964
707.48,492.23,0.046515,0.024494
711.07,492.23,0.046647,0.025166
12.16,527.45,0.01596,-0.010799
15.75,527.45,0.015791,-0.005999
19.42,527.45,0.015563,-0.004871
23.01,527.45,0.015646,-0.00497
26.51,527.45,0.015649,-0.005213
30.06,527.45,0.01593,-0.004459
33.6,527.45,0.015886,-0.003963
37.14,527.45,0.016327,-0.003642
40.69,527.45,0.016198,-0.003919
44.19,527.45,0.016309,-0.003497
47.91,527.45,0.016293,-0.004551
51.58,527.45,0.016592,-0.003793
55.17,527.45,0.017119,-0.003553
58.62,527.45,0.017069,-0.003285
62.43,527.45,0.017196,-0.005906
66.02,527.45,0.017732,-0.003322
69.52,527.45,0.017458,-0.003374
73.11,527.45,0.01788,-0.003199
76.96,527.45,0.017778,-0.000256
80.5,527.45,0.018228,-0.001242
84.0,527.45,0.018286,-0.002009
87.54,527.45,0.018363,-0.001181
91.44,527.45,0.018539,-0.004585
95.02,527.45,0.018665,-0.002191
98.57,527.45,0.018641,-0.002561
102.11,527.45,0.019084,-0.002345
106.22,527.45,0.019707,0.001004
109.81,527.45,0.019864,-0.000136
113.27,527.45,0.020326,7.9e-05
116.9,527.45,0.020625,-1.6e-05
120.88,527.45,0.021632,-0.002219
124.47,527.45,0.02158,0.001108
128.01,527.45,0.021592,0.000936
131.51,527.45,0.021709,0.00101
134.97,527.45,0.021678,0.002445
138.51,527.45,0.021333,-0.000484
142.19,527.45,0.021041,0.001352
145.69,527.45,0.021108,0.001108
149.23,527.45,0.020692,0.000406
152.77,527.45,0.02028,0.000443
156.27,527.45,0.02036,2.4e-05
159.86,527.45,0.020215,0.00011
163.36,527.45,0.020344,-5.9e-05
166.56,527.45,0.020569,-0.00106
170.67,527.45,0.020643,-0.001011
174.3,527.45,0.020541,-0.000568
177.84,527.45,0.020902,-8.7e-05
182.0,527.45,0.020914,0.002233
185.5,527.45,0.021238,0.001238
189.04,527.45,0.021321,0.00133
192.5,527.45,0.021533,0.001358
196.61,527.45,0.020791,-0.002739
200.11,527.45,0.020988,0.000172
203.66,527.45,0.020776,-0.000571
207.24,527.45,0.020409,-0.000364
210.74,527.45,0.020378,0.001022
214.46,527.45,0.020144,7.3e-05
218.01,527.45,0.020372,0.000101
221.55,527.45,0.02032,0.00023
225.27,527.45,0.020677,0.000591
228.81,527.45,0.02048,0.000945
232.4,527.45,0.020036,-0.000115
235.9,527.45,0.020153,-0.000506
240.23,527.45,0.01995,-0.000182
243.86,527.45,0.020634,0.000825
247.41,527.45,0.020772,0.001081
250.91,527.45,0.020939,0.001053
254.41,527.45,0.02125,0.001423
258.04,527.45,0.020976,0.000751
261.54,527.45,0.020588,0.000341
265.08,527.45,0.020159,4.5e-05
268.62,527.45,0.019938,-0.000497
272.26,527.45,0.018909,-0.00228
275.76,527.45,0.018212,-0.002093
279.26,527.45,0.016651,-0.004129
282.8,527.45,0.015098,-0.006073
286.47,527.45,0.013006,-0.007937
289.89,527.45,0.011222,-0.009492
293.43,527.45,0.009553,-0.011609
297.02,527.45,0.008102,-0.012921
300.69,527.45,0.007248,-0.013386
304.19,527.45,0.006829,-0.013787
307.78,527.45,0.00719,-0.012413
311.24,527.45,0.008114,-0.012123
314.87,527.45,0.009026,-0.010441
318.5,527.45,0.010548,-0.009175
322.09,527.45,0.012233,-0.007542
325.63,527.45,0.014069,-0.00598
329.26,527.45,0.01564,-0.005207
332.85,527.45,0.016977,-0.003125
336.39,527.45,0.018216,-0.00224
339.94,527.45,0.018819,-0.002096
343.44,527.45,0.019577,-0.001208
346.98,527.45,0.020526,0.000326
350.57,527.45,0.021607,-0.00046
354.07,527.45,0.021989,0.001592
357.7,527.45,0.02283,0.001561
361.24,527.45,0.023773,0.002612
364.83,527.45,0.024845,0.003936
368.37,527.45,0.025551,0.004682
371.92,527.45,0.02674,0.006062
375.46,527.45,0.027735,0.007482
379.09,527.45,0.028899,0.008936
382.68,527.45,0.030354,0.010206
386.22,527.45,0.031734,0.01129
389.72,527.45,0.032864,0.013105
393.27,527.45,0.034309,0.014112
396.72,527.45,0.035532,0.014833
400.36,527.45,0.036915,0.016324
403.81,527.45,0.038074,0.017569
407.31,527.45,0.039063,0.018955
410.81,527.45,0.040184,0.019648
414.4,527.45,0.040834,0.020622
417.9,527.45,0.041515,0.020871
421.44,527.45,0.04215,0.021894
424.99,527.45,0.042793,0.021774
428.53,527.45,0.042495,0.021681
432.03,527.45,0.042408,0.021071
435.62,527.45,0.041654,0.02048
439.12,527.45,0.040877,0.019553
442.71,527.45,0.040045,0.01901
446.21,527.45,0.039038,0.0171
449.84,527.45,0.037951,0.015769
453.42,527.45,0.03674,0.01524
456.92,527.45,0.035791,0.014023
460.38,527.45,0.034633,0.013197
463.92,527.45,0.034118,0.013289
467.51,527.45,0.033545,0.011934
471.1,527.45,0.032458,0.011808
474.69,527.45,0.03157,0.010954
478.23,527.45,0.030708,0.010175
481.73,527.45,0.029762,0.009457
485.23,527.45,0.028893,0.008471
488.86,527.45,0.027917,0.008055
492.41,527.45,0.027501,0.007208
495.91,527.45,0.027297,0.006728
499.41,527.45,0.026965,0.006718
502.95,527.45,0.027143,0.006721
506.45,527.45,0.026875,0.007051
510.04,527.45,0.027445,0.007827
513.54,527.45,0.027408,0.007578
517.04,527.45,0.027719,0.007837
520.62,527.45,0.028018,0.007704
524.17,527.45,0.028847,0.008046
527.76,527.45,0.028822,0.008437
531.26,527.45,0.030002,0.00942
534.84,527.45,0.031857,0.010936
538.34,527.45,0.033416,0.011691
541.89,527.45,0.034753,0.01418
545.43,527.45,0.036607,0.01535
548.97,527.45,0.038554,0.017165
552.61,527.45,0.040504,0.018594
556.11,527.45,0.042248,0.020431
559.65,527.45,0.044121,0.022233
563.15,527.45,0.045538,0.02357
566.74,527.45,0.046764,0.025138
570.19,527.45,0.047969,0.026358
573.74,527.45,0.049155,0.027553
577.32,527.45,0.049682,0.028675
580.82,527.45,0.04974,0.02845
584.46,527.45,0.049703,0.028946
588.0,527.45,0.04983,0.02909
591.54,527.45,0.049821,0.028927
595.09,527.45,0.049719,0.029134
598.63,527.45,0.049636,0.029432
602.22,527.45,0.049103,0.028604
605.76,527.45,0.048394,0.027692
609.26,527.45,0.047254,0.026687
613.02,527.45,0.045828,0.02418
616.61,527.45,0.044747,0.022991
620.2,527.45,0.042966,0.021426
623.7,527.45,0.041749,0.020138
627.29,527.45,0.040742,0.0193
630.74,527.45,0.040067,0.018416
634.33,527.45,0.039562,0.01763
637.92,527.45,0.03897,0.017168
641.42,527.45,0.038582,0.01714
645.01,527.45,0.038545,0.017895
648.51,527.45,0.038403,0.017458
652.09,527.45,0.038742,0.017565
655.64,527.45,0.03889,0.017704
659.14,527.45,0.03881,0.017923
662.68,527.45,0.038822,0.018065
666.22,527.45,0.038899,0.018342
669.68,527.45,0.038539,0.017797
673.31,527.45,0.03812,0.018326
676.9,527.45,0.038163,0.017815
680.44,527.45,0.038086,0.01784
684.03,527.45,0.038231,0.017667
687.4,527.45,0.038145,0.017162
691.12,527.45,0.038145,0.01739
694.66,527.45,0.038163,0.017578
698.16,527.45,0.038068,0.017451
701.71,527.45,0.037889,0.017282
705.21,527.45,0.038166,0.01747
708.75,527.45,0.038625,0.017781
12.21,562.54,0.013477,-0.011008
15.79,562.54,0.01336,-0.006541
19.34,562.54,0.013373,-0.00656
23.01,562.54,0.013745,-0.006886
26.56,562.54,0.014204,-0.006797
30.23,562.54,0.014559,-0.006701
33.73,562.54,0.015714,-0.00477
37.23,562.54,0.016503,-0.004656
40.77,562.54,0.017076,-0.004015
44.27,562.54,0.017676,-0.003442
47.91,562.54,0.017895,-0.003852
51.58,562.54,0.018058,-0.003312
55.08,562.54,0.01775,-0.003199
58.58,562.54,0.017162,-0.003519
62.08,562.54,0.016296,-0.004422
65.58,562.54,0.015776,-0.004529
68.64,562.54,0.015846,-0.004218
72.84,562.54,0.015816,-0.004132
76.43,562.54,0.015677,-0.003802
79.93,562.54,0.016552,-0.003602
83.3,562.54,0.016845,-0.003149
87.11,562.54,0.017264,-0.002943
90.65,562.54,0.017488,-0.002471
94.19,562.54,0.018357,-0.002136
97.74,562.54,0.018816,-0.001652
101.28,562.54,0.019084,-0.000879
104.87,562.54,0.019605,-0.001427
108.37,562.54,0.019978,-0.000987
111.96,562.54,0.020486,-0.000857
115.46,562.54,0.020437,-0.00026
119.09,562.54,0.020766,-0.000139
122.54,562.54,0.021201,0.00035
126.09,562.54,0.022174,0.001078
129.54,562.54,0.022504,0.001352
133.22,562.54,0.023376,0.001697
136.67,562.54,0.02377,0.002747
140.17,562.54,0.024106,0.002966
144.46,562.54,0.024639,0.005005
148.01,562.54,0.024836,0.004593
151.59,562.54,0.024611,0.003813
155.18,562.54,0.024476,0.002775
159.73,562.54,0.024149,0.003487
163.23,562.54,0.023634,0.003009
166.86,562.54,0.023333,0.001278
170.36,562.54,0.023006,0.00243
173.86,562.54,0.022633,0.001647
177.49,562.54,0.022627,0.001118
181.04,562.54,0.022661,0.001133
184.54,562.54,0.022562,0.001607
188.04,562.54,0.022205,0.000578
191.67,562.54,0.02186,0.000791
195.21,562.54,0.021992,0.000871
198.8,562.54,0.021432,0.000828
202.26,562.54,0.021093,0.000424
205.84,562.54,0.021084,0.000689
209.39,562.54,0.021068,0.000317
212.93,562.54,0.020997,0.000856
216.47,562.54,0.02085,0.000834
220.24,562.54,0.021617,0.002224
223.78,562.54,0.022146,0.002236
227.37,562.54,0.022448,0.002177
230.91,562.54,0.023209,0.00239
234.46,562.54,0.023077,0.001771
238.13,562.54,0.023499,0.002874
241.63,562.54,0.023844,0.003188
245.17,562.54,0.024281,0.003114
248.76,562.54,0.024337,0.003058
252.31,562.54,0.02446,0.00296
255.76,562.54,0.02426,0.002803
259.39,562.54,0.023314,0.002029
262.89,562.54,0.022085,0.001423
266.39,562.54,0.020874,0.000277
270.02,562.54,0.019602,-0.001258
273.61,562.54,0.018443,-0.001319
277.16,562.54,0.01682,-0.003463
281.05,562.54,0.014814,-0.004804
284.55,562.54,0.012812,-0.00712
288.14,562.54,0.010982,-0.0092
291.64,562.54,0.009134,-0.010635
295.22,562.54,0.007541,-0.015099
298.94,562.54,0.006592,-0.014455
302.49,562.54,0.006204,-0.015044
306.07,562.54,0.006635,-0.014412
309.66,562.54,0.007288,-0.012807
313.21,562.54,0.008468,-0.012595
316.71,562.54,0.010092,-0.010392
320.21,562.54,0.01235,-0.007613
323.79,562.54,0.015024,-0.005521
327.34,562.54,0.016395,-0.003747
330.88,562.54,0.017892,-0.002062
334.38,562.54,0.019149,-0.000814
338.01,562.54,0.01995,-0.000161
341.6,562.54,0.020141,0.000505
345.1,562.54,0.020896,0.000917
348.64,562.54,0.021204,0.001379
352.19,562.54,0.021925,0.001783
355.69,562.54,0.022707,0.002482
359.19,562.54,0.023761,0.003696
362.77,562.54,0.024466,0.004278
366.27,562.54,0.025637,0.005409
369.91,562.54,0.026721,0.005887
373.49,562.54,0.028259,0.006919
376.99,562.54,0.029491,0.008336
380.45,562.54,0.030646,0.009922
384.08,562.54,0.031851,0.009562
387.62,562.54,0.033437,0.012559
391.26,562.54,0.034707,0.013117
394.8,562.54,0.036074,0.0147
398.78,562.54,0.037812,0.018973
402.37,562.54,0.038708,0.018397
405.87,562.54,0.039291,0.018598
409.37,562.54,0.039666,0.019432
413.61,562.54,0.039608,0.015628
417.16,562.54,0.039642,0.01857
420.79,562.54,0.038816,0.018246
424.29,562.54,0.038154,0.017732
427.74,562.54,0.037002,0.016986
431.51,562.54,0.036318,0.016019
435.05,562.54,0.035076,0.014728
438.59,562.54,0.03409,0.013983
442.14,562.54,0.032784,0.012307
445.72,562.54,0.031635,0.010578
449.22,562.54,0.030116,0.010196
452.81,562.54,0.029512,0.009217
456.31,562.54,0.028638,0.007368
459.99,562.54,0.027975,0.006466
463.49,562.54,0.02767,0.006598
467.07,562.54,0.027492,0.005634
470.66,562.54,0.027291,0.006142
474.25,562.54,0.027658,0.006185
477.84,562.54,0.027094,0.006293
481.38,562.54,0.026543,0.005785
484.92,562.54,0.02674,0.005979
488.42,562.54,0.026416,0.007516
492.01,562.54,0.026974,0.006392
495.6,562.54,0.027042,0.007307
499.23,562.54,0.02743,0.007433
502.82,562.54,0.027073,0.007011
506.36,562.54,0.027023,0.007082
509.82,562.54,0.026885,0.007276
513.36,562.54,0.027116,0.006684
516.86,562.54,0.027023,0.007128
520.36,562.54,0.027427,0.007261
523.95,562.54,0.027753,0.007565
527.58,562.54,0.0284,0.007331
531.04,562.54,0.028702,0.008049
534.62,562.54,0.029697,0.009112
538.12,562.54,0.030973,0.009821
541.67,562.54,0.032396,0.01105
545.26,562.54,0.033782,0.013126
548.41,562.54,0.034845,0.013357
552.39,562.54,0.036379,0.014895
555.89,562.54,0.037898,0.016327
559.34,562.54,0.038902,0.01763
564.11,562.54,0.040575,0.017914
567.66,562.54,0.041401,0.019996
571.2,562.54,0.042205,0.020828
574.79,562.54,0.042649,0.021148
578.24,562.54,0.043058,0.023342
582.01,562.54,0.043554,0.023548
585.59,562.54,0.043425,0.023286
589.14,562.54,0.043028,0.022615
592.77,562.54,0.042541,0.021435
596.36,562.54,0.041617,0.02097
599.9,562.54,0.040945,0.020076
603.44,562.54,0.039879,0.018564
607.12,562.54,0.039519,0.017735
610.57,562.54,0.038505,0.017137
614.16,562.54,0.038028,0.016755
617.75,562.54,0.037849,0.016524
621.25,562.54,0.037365,0.015776
624.92,562.54,0.037116,0.015323
628.51,562.54,0.036912,0.015748
631.97,562.54,0.037156,0.015846
635.51,562.54,0.036752,0.01621
639.19,562.54,0.037319,0.01722
642.69,562.54,0.038015,0.017627
646.19,562.54,0.038579,0.018197
649.73,562.54,0.039429,0.01836
653.32,562.54,0.039984,0.019919
656.82,562.54,0.04031,0.020409
660.36,562.54,0.04024,0.02027
663.82,562.54,0.040384,0.020113
667.49,562.54,0.040301,0.019805
670.73,562.54,0.040523,0.019466
674.62,562.54,0.040498,0.019553
678.21,562.54,0.040548,0.019161
681.84,562.54,0.040212,0.019355
685.17,562.54,0.040449,0.018973
688.84,562.54,0.040196,0.018986
692.43,562.54,0.040378,0.018416
696.02,562.54,0.040849,0.019023
699.56,562.54,0.040911,0.018887
703.06,562.54,0.041321,0.019568
706.56,562.54,0.041268,0.019719
710.15,562.54,0.040942,0.020064
11.59,597.54,0.011866,-0.012154
15.14,597.54,0.011148,-0.008889
18.99,597.54,0.010585,-0.011769
22.53,597.54,0.010055,-0.010204
26.03,597.54,0.010585,-0.010691
29.57,597.54,0.010153,-0.010133
33.21,597.54,0.010486,-0.010894
36.75,597.54,0.011099,-0.010044
40.29,597.54,0.011573,-0.00948
43.84,597.54,0.012294,-0.008978
47.56,597.54,0.01279,-0.005657
51.14,597.54,0.013601,-0.00643
54.64,597.54,0.014414,-0.004893
58.27,597.54,0.015252,-0.004791
62.26,597.54,0.015659,-0.007385
65.8,597.54,0.015914,-0.004409
69.34,597.54,0.016432,-0.004375
72.89,597.54,0.016869,-0.003938
77.0,597.54,0.017547,-0.000857
80.54,597.54,0.018031,-0.002188
84.09,597.54,0.018853,-0.001094
87.59,597.54,0.018924,-0.001057
91.35,597.54,0.019362,-0.001969
94.81,597.54,0.020427,-0.000694
98.39,597.54,0.020665,-0.000792
101.98,597.54,0.021007,-0.000213
105.35,597.54,0.021484,-0.000139
109.11,597.54,0.021564,0.000612
112.61,597.54,0.022193,0.001099
116.07,597.54,0.02219,0.000825
119.7,597.54,0.022301,0.001533
122.59,597.54,0.022408,0.001835
126.96,597.54,0.022833,0.002818
130.46,597.54,0.022793,0.00288
133.96,597.54,0.023216,0.002975
137.37,597.54,0.023647,0.003712
141.09,597.54,0.024389,0.004479
144.64,597.54,0.024697,0.004694
148.27,597.54,0.024768,0.004827
151.86,597.54,0.024827,0.004691
155.36,597.54,0.024408,0.004759
158.86,597.54,0.024223,0.004232
162.57,597.54,0.024321,0.002556
166.07,597.54,0.024352,0.004118
169.09,597.54,0.024586,0.002994
173.16,597.54,0.024016,0.003357
176.84,597.54,0.024275,0.002387
180.38,597.54,0.023872,0.002307
183.53,597.54,0.023601,0.002843
187.47,597.54,0.023484,0.002362
191.06,597.54,0.024106,0.00287
194.64,597.54,0.0241,0.003015
198.19,597.54,0.024094,0.003671
201.69,597.54,0.024211,0.002895
205.23,597.54,0.023656,0.003521
208.69,597.54,0.023588,0.002929
212.27,597.54,0.023761,0.00365
215.82,597.54,0.023912,0.003317
219.36,597.54,0.024044,0.004266
222.91,597.54,0.024081,0.00357
226.41,597.54,0.024004,0.004269
230.26,597.54,0.024435,0.003431
233.84,597.54,0.024549,0.003653
237.39,597.54,0.024827,0.004152
240.89,597.54,0.025292,0.004405
244.47,597.54,0.025085,0.003055
248.11,597.54,0.024996,0.003949
251.69,597.54,0.024805,0.003853
255.28,597.54,0.024491,0.003912
258.87,597.54,0.024143,0.003293
262.41,597.54,0.023271,0.002297
265.91,597.54,0.021983,0.001167
269.46,597.54,0.020729,0.00044
272.96,597.54,0.019346,-0.001325
276.46,597.54,0.017846,-0.002083
280.04,597.54,0.016309,-0.004268
283.54,597.54,0.014318,-0.005592
287.13,597.54,0.012307,-0.007324
290.72,597.54,0.010541,-0.009147
294.22,597.54,0.00857,-0.010719
297.76,597.54,0.0071,-0.012773
301.26,597.54,0.006105,-0.013346
304.63,597.54,0.005933,-0.013467
308.26,597.54,0.006586,-0.013402
311.85,597.54,0.007744,-0.012083
315.44,597.54,0.009562,-0.010164
318.89,597.54,0.01182,-0.008507
322.7,597.54,0.014762,-0.006661
326.2,597.54,0.017073,-0.003503
329.79,597.54,0.019106,-0.001972
333.33,597.54,0.02092,-6.2e-05
336.87,597.54,0.022713,0.001256
340.46,597.54,0.023182,0.00227
343.96,597.54,0.024118,0.003043
347.55,597.54,0.024885,0.00381
350.96,597.54,0.025443,0.004152
354.68,597.54,0.025554,0.004626
358.22,597.54,0.025951,0.004848
361.77,597.54,0.026493,0.005834
364.96,597.54,0.02711,0.006463
368.81,597.54,0.028151,0.007569
372.27,597.54,0.029343,0.009106
375.9,597.54,0.031071,0.010813
379.31,597.54,0.03279,0.011977
382.9,597.54,0.034118,0.013598
386.49,597.54,0.035603,0.015045
389.99,597.54,0.036841,0.016386
393.57,597.54,0.038068,0.017932
397.07,597.54,0.039355,0.01893
400.66,597.54,0.039602,0.018952
404.25,597.54,0.039851,0.019639
407.75,597.54,0.039605,0.018973
411.38,597.54,0.038696,0.017886
414.84,597.54,0.037636,0.017328
418.42,597.54,0.036882,0.015883
421.97,597.54,0.035415,0.014355
425.56,597.54,0.034186,0.012855
429.1,597.54,0.03377,0.012488
432.6,597.54,0.032735,0.011493
436.14,597.54,0.031986,0.01096
439.25,597.54,0.031275,0.00954
443.27,597.54,0.030994,0.009457
446.77,597.54,0.030437,0.009294
450.36,597.54,0.029713,0.008533
453.91,597.54,0.029078,0.008015
457.49,597.54,0.028419,0.007972
461.04,597.54,0.028271,0.00751
464.58,597.54,0.028246,0.007858
468.12,597.54,0.028462,0.007726
471.71,597.54,0.028668,0.00865
475.21,597.54,0.029171,0.008545
478.76,597.54,0.029371,0.008964
482.3,597.54,0.029623,0.009734
485.89,597.54,0.02991,0.009066
489.47,597.54,0.029925,0.009802
493.06,597.54,0.03052,0.010301
496.56,597.54,0.030757,0.010394
501.16,597.54,0.030976,0.009938
504.74,597.54,0.031278,0.011071
508.2,597.54,0.031031,0.011059
511.74,597.54,0.030991,0.009975
515.59,597.54,0.030415,0.007341
519.18,597.54,0.030156,0.008866
522.72,597.54,0.02975,0.008222
526.14,597.54,0.029395,0.008058
529.86,597.54,0.029321,0.00812
533.4,597.54,0.029768,0.008524
536.99,597.54,0.030292,0.009466
540.53,597.54,0.030831,0.010532
544.03,597.54,0.031444,0.011232
547.57,597.54,0.031925,0.01161
551.21,597.54,0.032892,0.012726
554.79,597.54,0.033761,0.013579
558.34,597.54,0.034398,0.014272
561.84,597.54,0.034374,0.013856
565.47,597.54,0.034762,0.014411
569.06,597.54,0.035076,0.01426
572.56,597.54,0.035141,0.01459
576.1,597.54,0.03519,0.014232
579.69,597.54,0.035122,0.013939
583.19,597.54,0.034565,0.013616
586.73,597.54,0.034167,0.013499
590.32,597.54,0.034377,0.013175
593.91,597.54,0.034663,0.012812
597.54,597.54,0.034633,0.012602
601.12,597.54,0.034229,0.013126
604.71,597.54,0.034343,0.013594
608.26,597.54,0.034124,0.014032
611.8,597.54,0.034993,0.014753
615.39,597.54,0.035581,0.015243
618.93,597.54,0.03593,0.01548
622.56,597.54,0.0367,0.016342
626.02,597.54,0.036989,0.016654
629.56,597.54,0.037803,0.017562
633.15,597.54,0.038625,0.017966
636.65,597.54,0.039294,0.018354
640.24,597.54,0.03995,0.019525
643.69,597.54,0.040292,0.019941
647.28,597.54,0.04084,0.019987
651.17,597.54,0.041096,0.017498
654.76,597.54,0.041398,0.02007
658.31,597.54,0.041666,0.020027
661.76,597.54,0.041968,0.020412
665.35,597.54,0.042316,0.021697
668.98,597.54,0.042689,0.021333
672.48,597.54,0.043003,0.022575
676.07,597.54,0.04373,0.022304
679.57,597.54,0.044093,0.023443
683.2,597.54,0.044389,0.023727
686.7,597.54,0.044654,0.023665
690.24,597.54,0.044682,0.024639
693.83,597.54,0.045116,0.025042
697.42,597.54,0.04535,0.0245
700.96,597.54,0.045329,0.024781
704.46,597.54,0.044861,0.023638
708.05,597.54,0.044509,0.023829
11.81,632.54,0.008675,-0.017977
15.36,632.54,0.008326,-0.012179
19.03,632.54,0.007636,-0.011184
22.53,632.54,0.007495,-0.012367
26.12,632.54,0.008148,-0.011532
29.44,632.54,0.008342,-0.011421
33.12,632.54,0.009208,-0.010629
36.66,632.54,0.009907,-0.010226
40.25,632.54,0.010606,-0.008544
43.79,632.54,0.011983,-0.008035
47.29,632.54,0.013191,-0.006483
50.75,632.54,0.014463,-0.005349
54.38,632.54,0.015695,-0.004588
57.92,632.54,0.016386,-0.004052
61.64,632.54,0.017313,-0.004415
65.19,632.54,0.017698,-0.003627
68.73,632.54,0.017972,-0.002739
72.27,632.54,0.018508,-0.003128
75.77,632.54,0.018946,-0.002487
79.45,632.54,0.018443,-0.002102
82.95,632.54,0.019448,-0.001852
86.49,632.54,0.019399,-0.001227
90.04,632.54,0.019799,-0.001033
93.41,632.54,0.019648,-0.000487
97.04,632.54,0.020323,-0.000207
100.58,632.54,0.020129,-0.000136
103.64,632.54,0.020563,0.000338
107.76,632.54,0.020923,0.001022
111.3,632.54,0.020973,0.001429
114.8,632.54,0.021808,0.001364
118.34,632.54,0.022069,0.002365
121.89,632.54,0.022951,0.003262
125.43,632.54,0.023166,0.003345
129.06,632.54,0.023739,0.004013
132.56,632.54,0.023403,0.003437
136.28,632.54,0.023798,0.002566
139.78,632.54,0.023998,0.003668
143.32,632.54,0.023933,0.003351
146.82,632.54,0.024358,0.00369
150.37,632.54,0.02471,0.004226
153.96,632.54,0.024765,0.003638
157.5,632.54,0.025301,0.003995
161.04,632.54,0.025304,0.004097
164.54,632.54,0.025264,0.004112
168.09,632.54,0.025763,0.004371
171.59,632.54,0.025588,0.004251
175.13,632.54,0.025163,0.003912
178.63,632.54,0.024774,0.003976
182.09,632.54,0.024935,0.003736
185.76,632.54,0.024793,0.00365
189.31,632.54,0.024935,0.003795
192.81,632.54,0.024919,0.003551
196.35,632.54,0.024796,0.003604
199.81,632.54,0.024439,0.003237
203.31,632.54,0.024571,0.003505
206.89,632.54,0.024081,0.003554
210.44,632.54,0.023807,0.003508
213.98,632.54,0.023604,0.002981
217.57,632.54,0.023222,0.003219
221.11,632.54,0.023403,0.003336
224.61,632.54,0.02352,0.00333
228.2,632.54,0.023631,0.003986
231.74,632.54,0.024377,0.004121
235.33,632.54,0.024725,0.004645
238.83,632.54,0.025338,0.005384
242.37,632.54,0.025957,0.005692
245.96,632.54,0.026681,0.006392
249.51,632.54,0.027113,0.006919
253.01,632.54,0.027479,0.007076
256.51,632.54,0.027473,0.006339
260.14,632.54,0.027029,0.006761
263.68,632.54,0.026389,0.005153
267.22,632.54,0.024864,0.004395
270.72,632.54,0.02344,0.002042
274.27,632.54,0.02153,0.00024
277.86,632.54,0.019377,-0.001171
281.4,632.54,0.017529,-0.003337
284.94,632.54,0.015206,-0.005577
287.74,632.54,0.012793,-0.006199
292.29,632.54,0.010563,-0.008935
295.84,632.54,0.008539,-0.010906
299.38,632.54,0.007245,-0.012216
302.62,632.54,0.006586,-0.013232
306.42,632.54,0.007039,-0.012934
310.01,632.54,0.007673,-0.011889
313.47,632.54,0.009469,-0.010266
317.06,632.54,0.011466,-0.008186
320.64,632.54,0.013943,-0.006079
324.1,632.54,0.01596,-0.003953
327.64,632.54,0.018225,-0.001895
331.19,632.54,0.019657,-0.000703
334.77,632.54,0.02133,0.000591
338.27,632.54,0.022236,0.001789
341.82,632.54,0.022883,0.002233
345.45,632.54,0.023616,0.002023
349.87,632.54,0.023995,0.00389
353.5,632.54,0.024497,0.004469
357.0,632.54,0.02519,0.004814
360.54,632.54,0.025963,0.005193
363.91,632.54,0.026925,0.00548
367.54,632.54,0.027719,0.007473
371.13,632.54,0.029174,0.008037
374.63,632.54,0.030979,0.009799
378.31,632.54,0.032929,0.011441
381.85,632.54,0.034667,0.012735
385.39,632.54,0.036118,0.014435
388.94,632.54,0.037445,0.016358
392.48,632.54,0.038561,0.017276
395.98,632.54,0.039577,0.017963
399.61,632.54,0.039596,0.018505
403.02,632.54,0.039248,0.017911
406.66,632.54,0.038613,0.017981
410.24,632.54,0.03743,0.017602
413.79,632.54,0.036108,0.015917
417.37,632.54,0.035073,0.014571
420.87,632.54,0.034318,0.013594
424.51,632.54,0.032812,0.012775
428.01,632.54,0.031278,0.011068
431.51,632.54,0.029968,0.009999
435.05,632.54,0.029214,0.008625
438.64,632.54,0.028222,0.008311
442.18,632.54,0.027732,0.007723
445.72,632.54,0.027304,0.007288
449.18,632.54,0.027334,0.007316
452.72,632.54,0.027187,0.00654
456.22,632.54,0.027091,0.006718
459.81,632.54,0.027451,0.007088
463.31,632.54,0.027627,0.006906
466.9,632.54,0.027923,0.006395
470.49,632.54,0.028252,0.006478
474.07,632.54,0.028616,0.007344
477.66,632.54,0.028918,0.007575
481.12,632.54,0.029577,0.008286
484.62,632.54,0.030122,0.008696
488.16,632.54,0.030822,0.009839
491.71,632.54,0.03178,0.010209
495.21,632.54,0.032014,0.011182
498.92,632.54,0.032276,0.011891
502.42,632.54,0.033037,0.012331
505.97,632.54,0.032883,0.012307
509.56,632.54,0.032929,0.012458
513.14,632.54,0.032772,0.013117
516.69,632.54,0.033077,0.012766
520.23,632.54,0.032997,0.01271
523.77,632.54,0.032809,0.012963
527.1,632.54,0.032778,0.01292
530.82,632.54,0.0332,0.013132
534.45,632.54,0.033653,0.012575
538.04,632.54,0.033579,0.012402
541.58,632.54,0.033604,0.012698
545.17,632.54,0.033758,0.012174
548.67,632.54,0.034103,0.012689
552.17,632.54,0.033822,0.012492
555.67,632.54,0.034084,0.01247
559.21,632.54,0.03377,0.012834
562.76,632.54,0.033992,0.012809
566.26,632.54,0.034435,0.013348
569.8,632.54,0.034355,0.013206
573.12,632.54,0.034685,0.012951
576.89,632.54,0.035452,0.014134
580.43,632.54,0.036108,0.015082
583.97,632.54,0.036687,0.015144
587.52,632.54,0.036854,0.015677
591.06,632.54,0.03759,0.015967
594.56,632.54,0.037399,0.016589
598.15,632.54,0.037775,0.016589
601.69,632.54,0.037624,0.017014
605.06,632.54,0.038086,0.017245
608.74,632.54,0.03853,0.017707
612.28,632.54,0.038958,0.018527
615.91,632.54,0.038983,0.018958
619.46,632.54,0.039297,0.019057
623.04,632.54,0.039981,0.019251
626.54,632.54,0.039922,0.019512
630.04,632.54,0.04032,0.01979
633.59,632.54,0.040612,0.019171
637.17,632.54,0.040455,0.019663
640.76,632.54,0.040107,0.019072
644.39,632.54,0.039198,0.018061
647.76,632.54,0.038345,0.01714
651.39,632.54,0.037815,0.017208
654.89,632.54,0.037633,0.015739
658.44,632.54,0.037029,0.015471
662.02,632.54,0.036456,0.015618
665.52,632.54,0.036558,0.015366
669.11,632.54,0.036678,0.014873
672.61,632.54,0.037143,0.015791
676.11,632.54,0.037504,0.016161
679.7,632.54,0.037655,0.016099
683.2,632.54,0.038573,0.017202
686.79,632.54,0.039281,0.017923
690.29,632.54,0.039947,0.018869
693.79,632.54,0.040763,0.019882
697.42,632.54,0.041309,0.020406
700.92,632.54,0.041851,0.021358
704.51,632.54,0.042276,0.021466
708.31,632.54,0.042861,0.023028
12.21,667.54,0.00812,-0.019194
15.79,667.54,0.007187,-0.013584
19.6,667.54,0.005976,-0.012441
23.14,667.54,0.005714,-0.013959
26.73,667.54,0.005517,-0.014046
30.23,667.54,0.006062,-0.013661
33.82,667.54,0.006681,-0.012804
37.32,667.54,0.008028,-0.01192
40.99,667.54,0.009522,-0.01106
44.58,667.54,0.011404,-0.009113
48.08,667.54,0.012837,-0.007296
51.62,667.54,0.014472,-0.006082
55.17,667.54,0.015554,-0.004847
58.71,667.54,0.016151,-0.004686
62.34,667.54,0.01609,-0.004782
65.89,667.54,0.016826,-0.004086
69.43,667.54,0.016992,-0.004323
72.97,667.54,0.016728,-0.004231
76.52,667.54,0.017039,-0.003901
80.06,667.54,0.017904,-0.00282
83.61,667.54,0.018077,-0.002247
87.15,667.54,0.018869,-0.002441
90.65,667.54,0.018727,-0.00196
94.28,667.54,0.019106,-0.00119
97.78,667.54,0.019272,-0.000497
101.46,667.54,0.019814,0.000243
104.96,667.54,0.020141,0.000622
108.5,667.54,0.020785,0.000585
111.96,667.54,0.02141,0.001546
115.63,667.54,0.022224,0.002017
119.13,667.54,0.022636,0.002485
122.67,667.54,0.023296,0.003366
126.35,667.54,0.023505,0.00227
129.81,667.54,0.02463,0.004103
133.48,667.54,0.02474,0.003712
136.98,667.54,0.024879,0.003927
140.52,667.54,0.025261,0.003681
144.02,667.54,0.025129,0.004161
147.61,667.54,0.025695,0.004226
151.2,667.54,0.025942,0.005119
154.79,667.54,0.026293,0.005378
158.33,667.54,0.026382,0.005178
161.92,667.54,0.026151,0.005674
165.51,667.54,0.025886,0.005474
169.01,667.54,0.025729,0.006361
172.64,667.54,0.025776,0.006065
175.61,667.54,0.025871,0.005677
179.81,667.54,0.026543,0.006235
183.31,667.54,0.026256,0.006225
186.86,667.54,0.026309,0.006111
191.06,667.54,0.026293,0.003286
194.6,667.54,0.02593,0.00532
198.14,667.54,0.026161,0.005002
201.69,667.54,0.026044,0.005363
205.27,667.54,0.025292,0.006373
208.86,667.54,0.025317,0.005095
212.41,667.54,0.025276,0.004907
215.86,667.54,0.02471,0.004395
219.41,667.54,0.024719,0.003973
222.82,667.54,0.025498,0.004861
226.41,667.54,0.025455,0.005166
229.99,667.54,0.025468,0.005618
233.58,667.54,0.025945,0.005806
237.12,667.54,0.025843,0.005591
240.62,667.54,0.026305,0.006697
244.21,667.54,0.026949,0.006389
247.67,667.54,0.026709,0.006275
251.26,667.54,0.026198,0.005631
254.8,667.54,0.026087,0.005067
258.34,667.54,0.025224,0.004553
261.89,667.54,0.024343,0.003551
265.43,667.54,0.02369,0.002612
269.02,667.54,0.022337,0.001453
272.52,667.54,0.021198,0.000135
276.37,667.54,0.019516,-0.001526
279.96,667.54,0.017756,-0.002185
283.46,667.54,0.015843,-0.004437
287.09,667.54,0.013792,-0.005642
290.63,667.54,0.011746,-0.00785
294.57,667.54,0.0095,-0.012154
298.2,667.54,0.008052,-0.013038
301.74,667.54,0.006915,-0.01444
305.37,667.54,0.00637,-0.014551
309.22,667.54,0.006845,-0.012194
312.77,667.54,0.007661,-0.012043
316.36,667.54,0.009531,-0.010472
319.86,667.54,0.011666,-0.008417
323.71,667.54,0.014442,-0.008454
327.21,667.54,0.016595,-0.001975
330.71,667.54,0.018798,-0.001634
334.29,667.54,0.020474,-0.000269
338.23,667.54,0.022153,0.000631
341.82,667.54,0.023641,0.002704
345.41,667.54,0.024549,0.003665
348.86,667.54,0.025776,0.004408
352.41,667.54,0.026481,0.006561
355.99,667.54,0.027461,0.006706
359.58,667.54,0.028388,0.007769
363.04,667.54,0.029451,0.008899
366.54,667.54,0.030344,0.010357
370.12,667.54,0.031703,0.011204
373.62,667.54,0.033277,0.012753
377.12,667.54,0.034577,0.013989
380.67,667.54,0.035769,0.015508
384.21,667.54,0.037146,0.016512
387.71,667.54,0.038588,0.01784
391.26,667.54,0.038807,0.018536
394.76,667.54,0.03897,0.018604
398.56,667.54,0.038557,0.016355
402.06,667.54,0.037947,0.017094
405.56,667.54,0.037002,0.016004
409.11,667.54,0.035917,0.01515
412.82,667.54,0.034469,0.012485
416.37,667.54,0.03369,0.011934
419.91,667.54,0.032285,0.011444
423.5,667.54,0.031567,0.010079
427.13,667.54,0.030354,0.011684
430.72,667.54,0.029824,0.008699
434.31,667.54,0.029244,0.009497
437.85,667.54,0.028675,0.008462
441.39,667.54,0.02832,0.008869
444.98,667.54,0.028625,0.008434
448.48,667.54,0.028866,0.008573
452.02,667.54,0.029531,0.009041
455.52,667.54,0.03007,0.009938
459.07,667.54,0.03027,0.010181
462.66,667.54,0.031074,0.010443
466.2,667.54,0.031321,0.010908
469.79,667.54,0.031814,0.010853
472.98,667.54,0.031792,0.008499
476.96,667.54,0.031623,0.011216
480.51,667.54,0.031669,0.01023
484.05,667.54,0.031764,0.010529
487.51,667.54,0.031213,0.010018
491.22,667.54,0.030797,0.009417
494.77,667.54,0.030107,0.009214
498.31,667.54,0.03019,0.009318
501.86,667.54,0.029719,0.008675
505.36,667.54,0.029207,0.008508
508.9,667.54,0.028708,0.008009
512.4,667.54,0.02837,0.007932
515.94,667.54,0.028046,0.007803
519.53,667.54,0.028182,0.008009
523.12,667.54,0.02779,0.007892
526.62,667.54,0.028185,0.008098
530.21,667.54,0.028484,0.008068
533.92,667.54,0.028647,0.008145
537.47,667.54,0.02942,0.008872
541.01,667.54,0.029808,0.009066
544.56,667.54,0.030406,0.009445
548.19,667.54,0.030853,0.009503
551.77,667.54,0.031888,0.009861
555.36,667.54,0.032374,0.010381
558.86,667.54,0.032957,0.011521
562.45,667.54,0.033471,0.012297
565.95,667.54,0.034306,0.013357
569.49,667.54,0.034845,0.013222
573.04,667.54,0.035772,0.014805
576.71,667.54,0.036694,0.015914
580.17,667.54,0.037495,0.016521
583.71,667.54,0.038068,0.017529
587.26,667.54,0.038453,0.017812
590.8,667.54,0.038792,0.018357
594.52,667.54,0.038724,0.019004
598.06,667.54,0.038819,0.018588
601.61,667.54,0.039004,0.018468
605.15,667.54,0.038394,0.018092
608.61,667.54,0.038545,0.017741
612.24,667.54,0.038191,0.017837
615.69,667.54,0.037849,0.017288
619.28,667.54,0.037307,0.016601
622.78,667.54,0.036937,0.016201
626.24,667.54,0.03665,0.016195
629.87,667.54,0.036071,0.014774
633.37,667.54,0.0356,0.014331
637.0,667.54,0.034993,0.013715
640.5,667.54,0.034685,0.013105
644.04,667.54,0.034211,0.013299
647.54,667.54,0.033853,0.012867
651.13,667.54,0.033687,0.012424
654.67,667.54,0.033271,0.011789
658.22,667.54,0.032818,0.011922
661.81,667.54,0.032827,0.011678
665.31,667.54,0.032877,0.01161
668.94,667.54,0.03291,0.011897
672.48,667.54,0.032578,0.012227
675.98,667.54,0.032929,0.012673
679.48,667.54,0.033129,0.011746
683.2,667.54,0.032954,0.013095
686.74,667.54,0.033286,0.012991
690.29,667.54,0.033311,0.012846
693.79,667.54,0.032978,0.012957
697.33,667.54,0.033212,0.012911
700.92,667.54,0.033496,0.013527
704.42,667.54,0.033456,0.012846
707.87,667.54,0.034001,0.013718
711.37,667.54,0.033918,0.013884
11.99,702.58,-0.002317,-0.026972
15.49,702.58,-0.004052,-0.023405
18.99,702.58,-0.005361,-0.024101
22.75,702.58,-0.006255,-0.025925
26.29,702.58,-0.007099,-0.026365
29.49,702.58,-0.007034,-0.027287
33.47,702.58,-0.007077,-0.02749
36.97,702.58,-0.006911,-0.026794
40.34,702.58,-0.005722,-0.025521
43.97,702.58,-0.004311,-0.024616
47.51,702.58,-0.003014,-0.023309
50.92,702.58,-0.001686,-0.022342
54.73,702.58,2.7e-05,-0.020943
58.27,702.58,0.002273,-0.019135
61.77,702.58,0.003798,-0.016575
65.36,702.58,0.005936,-0.01517
68.95,702.58,0.007553,-0.012934
72.54,702.58,0.009035,-0.011279
75.47,702.58,0.010267,-0.010105
79.62,702.58,0.011401,-0.008621
83.17,702.58,0.012606,-0.007632
86.67,702.58,0.013819,-0.006276
90.26,702.58,0.015526,-0.003987
93.36,702.58,0.017224,-0.002638
97.43,702.58,0.01844,-0.001341
101.06,702.58,0.019183,-0.000906
104.65,702.58,0.020233,6.1e-05
108.19,702.58,0.021142,0.000258
111.74,702.58,0.021413,0.000819
115.37,702.58,0.022023,0.000421
118.96,702.58,0.022898,0.001293
122.54,702.58,0.023462,0.002239
126.0,702.58,0.024272,0.002975
129.63,702.58,0.024565,0.003382
133.17,702.58,0.025067,0.00418
136.28,702.58,0.025609,0.004965
140.39,702.58,0.025397,0.005511
143.98,702.58,0.025957,0.005917
147.57,702.58,0.025566,0.005862
150.11,702.58,0.025313,0.005729
154.74,702.58,0.025572,0.005409
158.33,702.58,0.025612,0.005498
161.83,702.58,0.02584,0.005699
165.64,702.58,0.025917,0.002803
169.14,702.58,0.026435,0.005504
172.64,702.58,0.026623,0.005566
176.22,702.58,0.027017,0.005887
179.72,702.58,0.026983,0.005957
183.27,702.58,0.026848,0.005877
186.81,702.58,0.026598,0.005545
190.36,702.58,0.026595,0.00544
193.9,702.58,0.026395,0.005107
197.4,702.58,0.026222,0.005089
200.9,702.58,0.025834,0.004814
204.44,702.58,0.025825,0.005027
207.99,702.58,0.025625,0.004787
211.84,702.58,0.025566,0.007387
215.34,702.58,0.024941,0.005338
218.92,702.58,0.025141,0.004858
222.38,702.58,0.025655,0.005551
225.97,702.58,0.025862,0.005572
229.51,702.58,0.026241,0.00597
233.01,702.58,0.026552,0.006885
236.56,702.58,0.027208,0.007217
240.14,702.58,0.028154,0.007501
243.64,702.58,0.028182,0.008055
247.14,702.58,0.028641,0.008789
250.69,702.58,0.028681,0.008182
254.71,702.58,0.027858,0.00471
258.3,702.58,0.027097,0.00629
261.89,702.58,0.025566,0.005187
265.43,702.58,0.023964,0.003474
268.97,702.58,0.021946,0.00231
272.56,702.58,0.01983,-0.000118
276.02,702.58,0.018351,-0.001729
279.56,702.58,0.016512,-0.003282
283.11,702.58,0.014734,-0.005115
286.69,702.58,0.012929,-0.006418
290.24,702.58,0.011537,-0.008621
293.78,702.58,0.009596,-0.010312
297.28,702.58,0.007602,-0.011868
300.87,702.58,0.006552,-0.013556
304.41,702.58,0.005492,-0.014181
307.91,702.58,0.00568,-0.014443
311.5,702.58,0.005782,-0.013812
315.0,702.58,0.00731,-0.013198
318.59,702.58,0.009321,-0.011051
322.13,702.58,0.01174,-0.009391
325.63,702.58,0.014248,-0.006338
329.35,702.58,0.016996,-0.004686
332.89,702.58,0.018964,-0.002647
336.48,702.58,0.020372,-0.000882
340.24,702.58,0.021527,0.002479
344.14,702.58,0.022513,0.001644
347.68,702.58,0.023607,0.00267
351.18,702.58,0.023995,0.00353
354.77,702.58,0.024784,0.004038
358.57,702.58,0.026099,0.003822
362.25,702.58,0.027381,0.006087
365.79,702.58,0.02869,0.007661
369.29,702.58,0.030283,0.009817
372.88,702.58,0.031601,0.011333
376.51,702.58,0.03337,0.01284
380.06,702.58,0.034719,0.014503
383.6,702.58,0.035927,0.015773
387.14,702.58,0.037014,0.01706
390.69,702.58,0.037371,0.016878
394.19,702.58,0.036934,0.01649
397.73,702.58,0.036459,0.016315
401.32,702.58,0.035307,0.01495
404.82,702.58,0.034389,0.014232
408.41,702.58,0.033616,0.013092
412.04,702.58,0.031946,0.010335
415.62,702.58,0.030612,0.009297
419.12,702.58,0.029124,0.008391
422.67,702.58,0.027895,0.0069
426.26,702.58,0.027479,0.006173
429.84,702.58,0.027079,0.005936
433.39,702.58,0.026999,0.00552
436.97,702.58,0.027642,0.006318
440.47,702.58,0.027522,0.006758
444.06,702.58,0.027883,0.00686
447.61,702.58,0.028283,0.007445
451.19,702.58,0.028354,0.008095
454.69,702.58,0.028536,0.007849
458.32,702.58,0.028234,0.008095
461.78,702.58,0.028203,0.007692
465.32,702.58,0.028105,0.00836
468.87,702.58,0.027883,0.007371
472.46,702.58,0.027528,0.007307
475.96,702.58,0.026851,0.007285
479.5,702.58,0.02657,0.006521
483.09,702.58,0.026213,0.006031
486.67,702.58,0.026145,0.00589
490.26,702.58,0.025893,0.005267
493.76,702.58,0.025387,0.004784
497.35,702.58,0.025187,0.00463
500.81,702.58,0.024808,0.004395
504.39,702.58,0.024799,0.003992
507.94,702.58,0.024935,0.00361
511.52,702.58,0.025273,0.003752
515.02,702.58,0.025138,0.00414
518.61,702.58,0.025474,0.004084
522.42,702.58,0.025905,0.00621
525.96,702.58,0.02637,0.006191
529.55,702.58,0.026654,0.006866
533.09,702.58,0.027002,0.007485
536.99,702.58,0.027334,0.005794
540.53,702.58,0.028037,0.007673
544.12,702.58,0.028619,0.007325
547.66,702.58,0.029297,0.008148
551.56,702.58,0.029651,0.008601
555.1,702.58,0.030082,0.009516
558.69,702.58,0.030092,0.010381
562.27,702.58,0.030397,0.010144
565.77,702.58,0.03109,0.010705
569.32,702.58,0.03174,0.012005
572.82,702.58,0.032735,0.01255
576.36,702.58,0.033705,0.013579
579.91,702.58,0.034365,0.013856
583.41,702.58,0.034405,0.013878
586.95,702.58,0.03466,0.014935
590.54,702.58,0.034879,0.014962
593.99,702.58,0.035292,0.0143
597.58,702.58,0.034922,0.014864
601.17,702.58,0.035369,0.0145
604.58,702.58,0.034546,0.014321
608.21,702.58,0.034177,0.013311
611.76,702.58,0.034288,0.013212
615.34,702.58,0.034032,0.012867
618.84,702.58,0.033601,0.012334
622.39,702.58,0.032766,0.011272
625.41,702.58,0.032683,0.011062
629.47,702.58,0.031823,0.010957
633.02,702.58,0.031022,0.009851
636.56,702.58,0.030153,0.009417
640.06,702.58,0.029836,0.008548
643.65,702.58,0.029556,0.007923
647.15,702.58,0.028992,0.007886
650.69,702.58,0.02865,0.007661
654.28,702.58,0.028548,0.007843
657.78,702.58,0.028631,0.00775
661.32,702.58,0.028505,0.008034
664.82,702.58,0.028514,0.007646
668.41,702.58,0.028326,0.008403
671.96,702.58,0.028317,0.007963
675.46,702.58,0.028468,0.007288
678.96,702.58,0.02784,0.007492
682.37,702.58,0.027501,0.007498
685.96,702.58,0.027833,0.007334
689.54,702.58,0.028363,0.008142
693.09,702.58,0.02848,0.00837
696.63,702.58,0.028422,0.008813
700.13,702.58,0.028536,0.008477
703.67,702.58,0.028366,0.008536
707.17,702.58,0.028259,0.008382
710.72,702.58,0.027692,0.007981
