x,y,z,z2
0.0,3.54,2.532013,2.381638
0.0,7.13,2.555159,2.478323
0.0,10.76,2.555689,2.481444
0.0,14.26,2.536163,2.462559
0.0,17.94,2.508153,2.436283
0.0,21.52,2.48067,2.408646
0.0,25.11,2.462864,2.391342
0.0,28.66,2.455643,2.383834
0.0,32.11,2.447975,2.375979
0.0,35.79,2.438431,2.366776
0.0,39.33,2.426564,2.354404
0.0,42.83,2.416672,2.345911
0.0,46.37,2.409155,2.337768
0.0,49.83,2.400584,2.329463
0.0,53.46,2.393181,2.32222
0.0,57.01,2.387568,2.316579
0.0,60.37,2.387775,2.315994
0.0,64.14,2.390168,2.319549
0.0,67.72,2.38405,2.31271
0.0,71.22,2.365707,2.296407
0.0,75.16,2.327941,2.256844
0.0,78.79,2.294521,2.227608
0.0,82.42,2.273887,2.205332
0.0,85.97,2.262242,2.19389
0.0,90.39,2.249377,2.175187
0.0,93.98,2.238188,2.171521
0.0,97.43,2.231992,2.166093
0.0,100.93,2.231225,2.16471
0.0,104.48,2.227442,2.16056
0.0,108.06,2.211173,2.145181
0.0,111.65,2.183292,2.117488
0.0,115.15,2.149771,2.085831
0.0,118.69,2.115375,2.051225
0.0,122.28,2.08706,2.023025
0.0,125.78,2.070637,2.007424
0.0,129.28,2.06475,2.001423
0.0,132.83,2.057618,1.993536
0.0,136.5,2.043613,1.979448
0.0,139.96,2.032088,1.969698
0.0,143.59,2.022603,1.95963
0.0,147.18,2.01401,1.951491
0.0,150.72,2.004023,1.94194
0.0,154.22,1.990711,1.929405
0.0,157.72,1.973391,1.912575
0.0,161.44,1.946947,1.886534
0.0,164.94,1.90414,1.846232
0.0,168.57,1.843755,1.787948
0.0,172.16,1.771281,1.715477
0.0,175.7,1.708191,1.654399
0.0,179.51,1.64845,1.590872
0.0,183.05,1.592175,1.540305
0.0,186.59,1.536963,1.485736
0.0,190.18,1.48578,1.435278
0.0,193.81,1.436291,1.386873
0.0,197.36,1.392012,1.343885
0.0,201.03,1.354775,1.30773
0.0,204.53,1.323814,1.277132
0.0,208.12,1.293805,1.24773
0.0,211.62,1.257188,1.212684
0.0,215.16,1.204985,1.161982
0.0,218.79,1.128026,1.086593
0.0,222.38,1.031218,0.992472
0.0,225.62,0.918664,0.882737
0.0,229.47,0.783744,0.751055
0.0,232.97,0.62051,0.592574
0.0,236.43,0.420867,0.398101
0.0,240.06,0.159534,0.142236
0.0,243.82,-0.137274,-0.145703
0.0,247.36,-0.483866,-0.483697
0.0,250.91,-0.84837,-0.83999
0.0,254.49,-1.239555,-1.220704
0.0,258.04,-1.592706,-1.56815
0.0,261.67,-1.901988,-1.871375
0.0,265.17,-2.154514,-2.120534
0.0,268.89,-2.374852,-2.33399
0.0,272.48,-2.545459,-2.505302
0.0,276.02,-2.69605,-2.652634
0.0,279.65,-2.842239,-2.795188
0.0,283.24,-2.989636,-2.939972
0.0,286.78,-3.149731,-3.096737
0.0,290.33,-3.336472,-3.277984
0.0,293.83,-3.568714,-3.504093
0.0,297.37,-3.920057,-3.843741
0.0,300.91,-4.485077,-4.389412
0.0,304.41,-5.372873,-5.246034
0.0,308.04,-6.741553,-6.566501
0.0,311.59,-8.649387,-8.410796
0.0,314.74,9.497804,8.78291
0.0,318.67,8.299685,8.097739
0.0,322.35,7.602517,7.416951
0.0,325.85,7.196286,7.017592
0.0,329.48,6.978868,6.801551
0.0,333.02,6.917796,6.74059
0.0,336.61,6.967263,6.786031
0.0,340.16,7.068846,6.884527
0.0,343.66,7.182672,6.994863
0.0,347.2,7.285586,7.096064
0.0,350.83,7.371951,7.176668
0.0,354.33,7.434517,7.239801
0.0,357.96,7.475321,7.278843
0.0,361.46,7.49476,7.299631
0.0,365.09,7.494927,7.298442
0.0,368.68,7.47574,7.278873
0.0,372.27,7.436563,7.244496
0.0,375.9,7.373953,7.1814
0.0,379.44,7.287188,7.099952
0.0,383.07,7.17188,6.988193
0.0,386.66,7.024912,6.847605
0.0,390.25,6.832546,6.658532
0.0,393.88,6.602956,6.441752
0.0,397.47,6.312609,6.158062
0.0,401.06,5.966158,5.822776
0.0,404.51,5.582668,5.45167
0.0,408.1,5.16733,5.046474
0.0,411.64,4.738366,4.625439
0.0,415.27,4.334669,4.230301
0.0,418.77,3.982082,3.886824
0.0,422.32,3.685564,3.595111
0.0,425.95,3.456276,3.368134
0.0,429.49,3.299129,3.213571
0.0,432.99,3.191464,3.106443
0.0,436.62,3.128282,3.04339
0.0,440.17,3.092462,3.008122
0.0,443.76,3.061982,2.978602
0.0,447.26,3.028575,2.946264
0.0,450.58,2.98997,2.90786
0.0,454.34,2.960183,2.879422
0.0,457.89,2.932761,2.852413
0.0,461.56,2.898076,2.818023
0.0,464.89,2.870848,2.79173
0.0,468.61,2.869918,2.790747
0.0,472.15,2.890673,2.808328
0.0,475.78,2.911357,2.829471
0.0,479.28,2.915645,2.833088
0.0,482.82,2.922047,2.840331
0.0,486.46,2.954967,2.87115
0.0,489.82,2.997943,2.911782
0.0,493.54,3.01774,2.932688
0.0,497.13,3.015217,2.930137
0.0,500.67,2.996483,2.913365
0.0,504.26,2.963224,2.88128
0.0,507.89,2.939209,2.857155
0.0,511.0,2.94066,2.858079
0.0,514.98,2.965174,2.88217
0.0,518.57,3.007161,2.922607
0.0,522.16,3.056865,2.971181
0.0,525.61,3.118091,3.029299
0.0,529.37,3.172567,3.084178
0.0,532.87,3.214394,3.125682
0.0,536.51,3.247019,3.156418
0.0,540.05,3.280632,3.191101
0.0,543.55,3.308756,3.217129
0.0,547.14,3.320949,3.229415
0.0,550.77,3.325512,3.233229
0.0,554.31,3.339908,3.246985
0.0,557.94,3.380808,3.286513
0.0,561.53,3.449588,3.353568
0.0,565.07,3.543099,3.444529
0.0,568.57,3.639119,3.539128
0.0,572.21,3.728463,3.626189
0.0,575.79,3.811999,3.708799
0.0,579.25,3.892856,3.788121
0.0,582.97,3.967587,3.859944
0.0,586.42,4.027476,3.918222
0.0,590.1,4.073059,3.96434
0.0,593.64,4.120742,4.012187
0.0,597.19,4.183465,4.070304
0.0,600.51,4.233992,4.119343
0.0,604.32,4.256567,4.144161
0.0,607.86,4.272652,4.159753
0.0,611.36,4.306382,4.19283
0.0,614.91,4.368283,4.251811
0.0,618.54,4.454491,4.334506
0.0,622.04,4.554247,4.432476
0.0,625.49,4.655991,4.533391
0.0,629.04,4.752759,4.626705
0.0,632.1,4.841625,4.713997
0.0,636.17,4.930488,4.799392
0.0,639.76,4.994188,4.862395
0.0,643.21,5.035121,4.904357
0.0,646.8,5.067897,4.936554
0.0,650.3,5.116877,4.983941
0.0,653.89,5.182238,5.045251
0.0,657.43,5.235882,5.09993
0.0,660.89,5.291646,5.152321
0.0,664.69,5.346957,5.207915
0.0,668.19,5.411569,5.271344
0.0,671.74,5.511442,5.367502
0.0,675.32,5.640697,5.490546
0.0,678.96,5.783885,5.630767
0.0,682.5,5.943231,5.78724
0.0,686.0,6.08658,5.926873
36.22,12.69,2.420646,2.279069
36.22,16.19,2.399805,2.32889
36.22,20.26,2.359762,2.283782
36.22,23.93,2.310852,2.240957
36.22,27.47,2.253443,2.186851
36.22,31.06,2.182387,2.118333
36.22,34.65,2.108428,2.045736
36.22,38.37,2.053545,1.99154
36.22,41.91,2.029075,1.967449
36.22,45.5,2.022569,1.960742
36.22,49.0,2.025357,1.963357
36.22,53.37,2.030526,1.959396
36.22,56.92,2.031802,1.969756
36.22,60.86,2.038579,1.972516
36.22,64.36,2.061244,1.997754
36.22,67.99,2.096875,2.03032
36.22,71.49,2.134454,2.069127
36.22,75.07,2.16499,2.096712
36.22,78.62,2.178751,2.111687
36.22,82.34,2.176767,2.108585
36.22,85.92,2.171084,2.105107
36.22,89.47,2.167029,2.101358
36.22,92.97,2.165203,2.099768
36.22,96.47,2.173348,2.107621
36.22,100.06,2.189238,2.122994
36.22,103.6,2.20869,2.142057
36.22,107.1,2.225902,2.158262
36.22,110.86,2.235581,2.169435
36.22,114.36,2.236894,2.170646
36.22,117.95,2.229306,2.162756
36.22,121.49,2.219475,2.153024
36.22,125.04,2.215255,2.148705
36.22,128.62,2.215329,2.148804
36.22,132.21,2.217732,2.151071
36.22,135.67,2.225997,2.157519
36.22,139.3,2.232538,2.16442
36.22,142.67,2.22499,2.156099
36.22,146.56,2.199321,2.133739
36.22,150.11,2.158302,2.093527
36.22,153.61,2.103437,2.041155
36.22,157.19,2.04296,1.981093
36.22,160.82,1.981241,1.921518
36.22,164.28,1.917563,1.859685
36.22,167.91,1.856026,1.799787
36.22,171.5,1.801475,1.745674
36.22,175.0,1.759553,1.704852
36.22,178.5,1.71536,1.661457
36.22,182.0,1.67309,1.619883
36.22,185.54,1.641331,1.588275
36.22,189.13,1.624864,1.571482
36.22,192.67,1.613192,1.560052
36.22,196.22,1.589421,1.537277
36.22,199.76,1.549079,1.498512
36.22,203.35,1.496648,1.44581
36.22,206.98,1.43818,1.389683
36.22,210.44,1.373787,1.326781
36.22,214.02,1.302179,1.256119
36.22,217.74,1.218531,1.173408
36.22,221.33,1.129585,1.088223
36.22,224.87,1.026236,0.987604
36.22,228.37,0.903815,0.868541
36.22,231.96,0.75055,0.719835
36.22,235.55,0.569296,0.543085
36.22,239.09,0.359897,0.339093
36.22,242.55,0.120375,0.105745
36.22,246.14,-0.146874,-0.155392
36.22,249.68,-0.443789,-0.444652
36.22,253.18,-0.759747,-0.753817
36.22,256.72,-1.077975,-1.064996
36.22,260.27,-1.37575,-1.35701
36.22,263.29,-1.641363,-1.617808
36.22,267.31,-1.872515,-1.844995
36.22,270.9,-2.068621,-2.037727
36.22,274.49,-2.241599,-2.207872
36.22,277.86,-2.409021,-2.371636
36.22,281.53,-2.576993,-2.536069
36.22,285.03,-2.756546,-2.710967
36.22,288.53,-2.947784,-2.898071
36.22,292.07,-3.161863,-3.106641
36.22,295.62,-3.411792,-3.349913
36.22,299.16,-3.713156,-3.642759
36.22,302.71,-4.098473,-4.01733
36.22,306.25,-4.684609,-4.582631
36.22,310.14,-5.903677,-5.746181
36.22,313.73,-8.210097,-7.970895
36.22,317.32,9.406738,8.706182
36.22,320.77,8.271648,8.071204
36.22,324.32,7.737295,7.546812
36.22,327.82,7.446319,7.260555
36.22,331.36,7.274089,7.091095
36.22,334.91,7.169302,6.98709
36.22,338.36,7.107105,6.926591
36.22,341.73,7.071375,6.887543
36.22,345.58,7.05213,6.872531
36.22,349.08,7.041153,6.860975
36.22,352.67,7.034099,6.849127
36.22,355.82,7.025239,6.840744
36.22,359.84,7.009247,6.830565
36.22,363.43,6.979256,6.801012
36.22,367.02,6.928726,6.750341
36.22,370.43,6.859647,6.684416
36.22,374.02,6.770424,6.599641
36.22,377.65,6.658927,6.489635
36.22,381.15,6.524897,6.360951
36.22,384.69,6.36328,6.204131
36.22,388.24,6.171922,6.01951
36.22,391.69,5.944291,5.798561
36.22,394.84,5.677301,5.538682
36.22,398.82,5.37424,5.24461
36.22,402.32,5.041659,4.921653
36.22,405.91,4.687331,4.575827
36.22,409.41,4.337017,4.234097
36.22,412.96,4.005585,3.91012
36.22,416.59,3.68582,3.596913
36.22,420.09,3.394064,3.311384
36.22,423.63,3.145657,3.067527
36.22,427.17,2.960559,2.884616
36.22,431.07,2.83193,2.750886
36.22,434.61,2.768347,2.692651
36.22,438.11,2.73851,2.661542
36.22,441.61,2.735208,2.657974
36.22,445.16,2.752096,2.671585
36.22,448.92,2.772435,2.692297
36.22,452.37,2.782272,2.703286
36.22,456.01,2.778304,2.699681
36.22,459.55,2.767645,2.689173
36.22,463.05,2.753855,2.67685
36.22,466.59,2.739586,2.662374
36.22,470.18,2.728156,2.651286
36.22,473.77,2.728615,2.651542
36.22,477.4,2.730057,2.653095
36.22,480.99,2.726573,2.649604
36.22,484.53,2.721533,2.644502
36.22,488.07,2.712475,2.63644
36.22,491.66,2.697922,2.621003
36.22,495.25,2.689666,2.612953
36.22,498.75,2.711034,2.633686
36.22,502.38,2.756237,2.67514
36.22,506.14,2.80778,2.724539
36.22,509.64,2.844484,2.763088
36.22,513.14,2.862722,2.782124
36.22,516.69,2.852047,2.771779
36.22,520.23,2.807463,2.729241
36.22,523.86,2.74051,2.664601
36.22,527.36,2.675935,2.601927
36.22,530.91,2.635855,2.561841
36.22,534.49,2.616804,2.54263
36.22,537.99,2.626246,2.551727
36.22,541.58,2.654595,2.57848
36.22,545.12,2.680713,2.604136
36.22,548.62,2.695279,2.619271
36.22,552.26,2.709512,2.631832
36.22,555.8,2.722786,2.644995
36.22,559.39,2.719928,2.643329
36.22,562.89,2.703433,2.627321
36.22,567.04,2.674804,2.591785
36.22,570.54,2.645328,2.571126
36.22,574.13,2.615316,2.541622
36.22,577.54,2.584238,2.511425
36.22,581.13,2.55136,2.478961
36.22,584.67,2.522269,2.450932
36.22,588.17,2.510797,2.439124
36.22,591.81,2.527808,2.454549
36.22,595.44,2.569835,2.494604
36.22,598.94,2.622047,2.546293
36.22,602.48,2.676924,2.599561
36.22,605.98,2.743187,2.664789
36.22,609.52,2.800223,2.719964
36.22,613.07,2.832737,2.7527
36.22,616.7,2.833375,2.753024
36.22,620.2,2.821043,2.741249
36.22,623.74,2.809632,2.731511
36.22,627.37,2.803507,2.723406
36.22,630.87,2.808307,2.728168
36.22,634.42,2.813618,2.734567
36.22,637.92,2.806653,2.727703
36.22,641.46,2.78539,2.707756
36.22,645.01,2.768264,2.690035
36.22,648.55,2.754484,2.67656
36.22,652.05,2.733871,2.656163
36.22,655.59,2.714977,2.637873
36.22,659.14,2.729404,2.651123
36.22,662.77,2.769937,2.690082
36.22,666.27,2.820999,2.740528
36.22,669.81,2.867641,2.785836
36.22,673.27,2.908473,2.826529
36.22,677.03,2.935328,2.853378
36.22,680.53,2.943892,2.862081
36.22,684.07,2.958661,2.876745
36.22,687.62,3.006846,2.922601
72.32,12.03,2.473237,2.328163
72.32,15.62,2.482238,2.408455
72.32,18.81,2.480713,2.40689
72.32,22.88,2.478169,2.406573
72.32,26.34,2.478338,2.406515
72.32,29.79,2.475837,2.403958
72.32,33.51,2.46397,2.392331
72.32,37.06,2.439423,2.368557
72.32,40.38,2.406444,2.336795
72.32,44.14,2.373693,2.304127
72.32,47.69,2.349053,2.280544
72.32,51.14,2.341502,2.272427
72.32,54.69,2.351321,2.282001
72.32,58.19,2.359549,2.290058
72.32,61.73,2.362436,2.291718
72.32,65.32,2.367075,2.29617
72.32,68.82,2.35986,2.29056
72.32,72.41,2.328317,2.259503
72.32,75.91,2.283791,2.216755
72.32,79.49,2.242605,2.17621
72.32,83.04,2.199685,2.133906
72.32,86.58,2.162418,2.097923
72.32,90.12,2.13483,2.070887
72.32,93.67,2.115979,2.052495
72.32,97.12,2.107519,2.043616
72.32,100.71,2.106888,2.042701
72.32,104.21,2.109097,2.045215
72.32,107.76,2.108878,2.045052
72.32,111.21,2.103816,2.040283
72.32,114.84,2.100129,2.036349
72.32,118.34,2.105535,2.041706
72.32,121.84,2.117769,2.053518
72.32,125.12,2.132803,2.067837
72.32,128.97,2.144337,2.079851
72.32,132.56,2.148684,2.084602
72.32,136.02,2.14596,2.081916
72.32,139.47,2.133933,2.0693
72.32,143.19,2.109155,2.046284
72.32,146.74,2.073234,2.011537
72.32,150.24,2.028176,1.968102
72.32,153.82,1.976142,1.916179
72.32,157.32,1.921497,1.862997
72.32,160.82,1.873308,1.815841
72.32,164.5,1.834522,1.77638
72.32,168.04,1.803789,1.746337
72.32,171.5,1.786358,1.728949
72.32,175.13,1.780674,1.723087
72.32,178.67,1.771901,1.714137
72.32,182.22,1.745681,1.689858
72.32,185.76,1.704569,1.649636
72.32,189.26,1.654908,1.601374
72.32,192.81,1.588429,1.537006
72.32,196.48,1.503478,1.454363
72.32,199.54,1.412132,1.365459
72.32,203.52,1.327711,1.282625
72.32,207.07,1.248405,1.204991
72.32,210.7,1.17924,1.136852
72.32,214.24,1.112416,1.071741
72.32,217.7,1.034958,0.996809
72.32,221.29,0.930537,0.894776
72.32,224.83,0.805599,0.772835
72.32,228.33,0.666717,0.637389
72.32,231.57,0.520005,0.493976
72.32,235.46,0.351123,0.329216
72.32,238.96,0.150782,0.133761
72.32,242.55,-0.079249,-0.090413
72.32,245.74,-0.341923,-0.34781
72.32,249.72,-0.604683,-0.604381
72.32,253.22,-0.864621,-0.858659
72.32,256.77,-1.115535,-1.104811
72.32,260.31,-1.348079,-1.332987
72.32,263.86,-1.560581,-1.541465
72.32,267.22,-1.747765,-1.725399
72.32,270.86,-1.913362,-1.88794
72.32,274.44,-2.057539,-2.029813
72.32,277.99,-2.177089,-2.146975
72.32,281.53,-2.270269,-2.238818
72.32,285.12,-2.337973,-2.305432
72.32,288.71,-2.379021,-2.345989
72.32,291.9,-2.395315,-2.361568
72.32,295.88,-2.381707,-2.349646
72.32,299.47,-2.327927,-2.299206
72.32,303.01,-2.207967,-2.183639
72.32,306.64,-1.955229,-1.939674
72.32,310.14,-1.454013,-1.459518
72.32,313.69,-0.27228,-0.325173
72.32,317.23,2.198009,2.056118
72.32,320.77,4.246974,4.08072
72.32,324.32,5.117928,4.961572
72.32,327.86,5.505697,5.354107
72.32,331.41,5.708364,5.555718
72.32,334.99,5.820514,5.666226
72.32,337.79,5.878302,5.725971
72.32,342.04,5.903823,5.750585
72.32,345.58,5.906371,5.75468
72.32,349.17,5.893943,5.741297
72.32,352.67,5.870025,5.719729
72.32,356.26,5.83727,5.687807
72.32,359.84,5.794332,5.64464
72.32,363.39,5.74468,5.599409
72.32,366.97,5.684969,5.541143
72.32,370.52,5.613106,5.471966
72.32,374.06,5.528703,5.390185
72.32,377.56,5.429227,5.293257
72.32,381.06,5.30911,5.176276
72.32,384.69,5.164145,5.035975
72.32,388.19,4.991021,4.868495
72.32,391.69,4.789093,4.672124
72.32,395.32,4.554028,4.442038
72.32,398.47,4.297815,4.192553
72.32,402.37,4.031028,3.933003
72.32,406.0,3.762261,3.670952
72.32,409.54,3.506926,3.419236
72.32,413.26,3.266214,3.178698
72.32,416.89,3.062771,2.983704
72.32,420.57,2.873242,2.797352
72.32,424.11,2.711397,2.639228
72.32,427.61,2.573637,2.503434
72.32,431.16,2.464469,2.396598
72.32,434.74,2.376022,2.309247
72.32,438.24,2.294503,2.229294
72.32,441.74,2.218875,2.155643
72.32,445.24,2.147818,2.085853
72.32,448.79,2.083514,2.02231
72.32,452.29,2.034325,1.973903
72.32,455.92,1.997208,1.936811
72.32,459.51,1.966654,1.907347
72.32,462.96,1.942359,1.88365
72.32,466.51,1.926503,1.867569
72.32,470.01,1.923,1.863894
72.32,473.59,1.930594,1.870298
72.32,477.18,1.938687,1.877991
72.32,480.72,1.947424,1.887424
72.32,484.22,1.965911,1.905206
72.32,487.77,1.999362,1.936389
72.32,491.27,2.039907,1.976512
72.32,494.81,2.081534,2.017051
72.32,498.31,2.125665,2.060686
72.32,501.81,2.16141,2.095942
72.32,505.4,2.179633,2.113708
72.32,508.9,2.183043,2.117297
72.32,512.44,2.174694,2.109318
72.32,515.94,2.160637,2.095936
72.32,519.4,2.157273,2.090745
72.32,523.12,2.160751,2.095079
72.32,526.57,2.159377,2.094395
72.32,530.12,2.160073,2.094223
72.32,533.4,2.174093,2.107325
72.32,537.29,2.211395,2.143536
72.32,540.75,2.262843,2.193758
72.32,544.29,2.305609,2.236213
72.32,547.79,2.331219,2.261841
72.32,550.99,2.344247,2.273992
72.32,554.84,2.352698,2.2834
72.32,558.38,2.354771,2.285014
72.32,561.84,2.359608,2.289971
72.32,565.42,2.367254,2.297387
72.32,569.01,2.377919,2.308015
72.32,572.38,2.390861,2.320535
72.32,576.01,2.401727,2.331083
72.32,579.29,2.416197,2.345255
72.32,582.92,2.444795,2.373163
72.32,586.6,2.480214,2.407885
72.32,590.1,2.508532,2.435929
72.32,593.51,2.507916,2.435824
72.32,597.1,2.484577,2.41373
72.32,600.64,2.45389,2.383958
72.32,604.01,2.423172,2.354001
72.32,607.69,2.397362,2.328794
72.32,611.23,2.379105,2.310661
72.32,614.56,2.375538,2.306558
72.32,618.19,2.385113,2.315763
72.32,621.69,2.403653,2.333683
72.32,624.84,2.415606,2.343945
72.32,628.99,2.405754,2.335982
72.32,632.49,2.369432,2.301019
72.32,636.12,2.316197,2.249589
72.32,639.71,2.265045,2.196065
72.32,643.34,2.229808,2.163899
72.32,646.84,2.210125,2.144355
72.32,650.39,2.204238,2.13784
72.32,653.93,2.213271,2.145609
72.32,657.47,2.243283,2.174756
72.32,661.02,2.283175,2.214029
72.32,664.56,2.32397,2.253594
72.32,668.15,2.339494,2.269525
72.32,671.65,2.327183,2.258779
72.32,675.19,2.310769,2.243225
72.32,678.69,2.31109,2.242516
72.32,682.28,2.333406,2.264287
72.32,685.87,2.364851,2.292849
108.46,12.16,2.344469,2.203422
108.46,15.75,2.386302,2.313255
108.46,19.03,2.414648,2.340119
108.46,23.1,2.42206,2.352368
108.46,26.64,2.420541,2.35007
108.46,30.19,2.420255,2.35015
108.46,33.56,2.426231,2.355683
108.46,37.19,2.430267,2.359768
108.46,40.73,2.426807,2.356758
108.46,44.19,2.414857,2.345101
108.46,47.64,2.39385,2.324799
108.46,51.27,2.369226,2.300763
108.46,54.86,2.341447,2.27368
108.46,58.41,2.314386,2.247159
108.46,61.91,2.289112,2.22186
108.46,65.45,2.271268,2.204549
108.46,68.95,2.256934,2.190523
108.46,72.54,2.244401,2.178477
108.46,76.08,2.233702,2.167436
108.46,79.06,2.22218,2.152455
108.46,82.91,2.210517,2.145914
108.46,86.76,2.195963,2.129534
108.46,90.26,2.179965,2.11479
108.46,94.11,2.166102,2.097621
108.46,97.69,2.163745,2.098943
108.46,101.15,2.171835,2.106614
108.46,104.69,2.192485,2.125788
108.46,108.24,2.213604,2.14641
108.46,111.78,2.223551,2.157029
108.46,115.32,2.228283,2.161986
108.46,118.91,2.240045,2.173123
108.46,122.41,2.257997,2.190658
108.46,125.69,2.268323,2.201401
108.46,129.54,2.269429,2.202498
108.46,133.09,2.267168,2.200252
108.46,136.59,2.258295,2.191995
108.46,139.91,2.235477,2.168872
108.46,143.76,2.199398,2.134935
108.46,147.35,2.162627,2.098653
108.46,150.81,2.122347,2.058853
108.46,154.44,2.078034,2.014901
108.46,157.94,2.040323,1.978863
108.46,161.48,2.010868,1.94991
108.46,164.98,1.989537,1.928499
108.46,168.52,1.965699,1.904442
108.46,172.07,1.93451,1.874932
108.46,175.66,1.898373,1.838829
108.46,179.2,1.859593,1.801506
108.46,182.7,1.816389,1.759297
108.46,185.94,1.776229,1.719612
108.46,189.79,1.731799,1.676781
108.46,193.37,1.677024,1.623306
108.46,196.87,1.61086,1.559236
108.46,200.64,1.520505,1.471353
108.46,204.27,1.425524,1.379313
108.46,207.9,1.325463,1.281424
108.46,211.4,1.217099,1.175768
108.46,215.03,1.101923,1.062493
108.46,218.57,0.972595,0.936033
108.46,222.07,0.821597,0.789367
108.46,225.57,0.651,0.622771
108.46,229.16,0.455507,0.431265
108.46,232.62,0.233517,0.214466
108.46,236.25,-0.009301,-0.022644
108.46,239.84,-0.268106,-0.275598
108.46,243.56,-0.543275,-0.543817
108.46,246.92,-0.813373,-0.80841
108.46,250.6,-1.083801,-1.072482
108.46,254.14,-1.337128,-1.321585
108.46,257.69,-1.57843,-1.557685
108.46,261.27,-1.802429,-1.776428
108.46,264.86,-1.999049,-1.970093
108.46,268.36,-2.169529,-2.137062
108.46,271.91,-2.309378,-2.275398
108.46,275.45,-2.424717,-2.389095
108.46,278.91,-2.516149,-2.479057
108.46,282.49,-2.585345,-2.546587
108.46,286.08,-2.632529,-2.592961
108.46,289.62,-2.654097,-2.61537
108.46,293.12,-2.652073,-2.614316
108.46,296.76,-2.620943,-2.58516
108.46,300.3,-2.546208,-2.513158
108.46,303.8,-2.403823,-2.376448
108.46,307.39,-2.121421,-2.105019
108.46,311.02,-1.514185,-1.522497
108.46,314.56,0.070591,-0.004708
108.46,318.11,3.012204,2.842035
108.46,321.69,4.674678,4.50958
108.46,325.28,5.310414,5.155669
108.46,328.78,5.601128,5.448836
108.46,332.32,5.755816,5.603691
108.46,335.82,5.843571,5.690915
108.46,339.37,5.88935,5.737052
108.46,342.91,5.906682,5.754199
108.46,346.41,5.902856,5.751288
108.46,349.96,5.88069,5.730998
108.46,353.5,5.842806,5.69508
108.46,357.04,5.789131,5.642696
108.46,360.54,5.719892,5.576091
108.46,364.13,5.631032,5.489394
108.46,367.72,5.52208,5.383057
108.46,371.17,5.393075,5.259905
108.46,374.76,5.238479,5.108602
108.46,378.31,5.061569,4.936597
108.46,381.81,4.870984,4.751835
108.46,385.35,4.672278,4.558027
108.46,388.94,4.47059,4.361228
108.46,392.44,4.269559,4.16467
108.46,395.94,4.077353,3.976725
108.46,399.44,3.905403,3.808287
108.46,402.98,3.755517,3.66081
108.46,406.52,3.62854,3.535863
108.46,410.02,3.518383,3.428488
108.46,413.61,3.413405,3.325155
108.46,417.11,3.310842,3.224594
108.46,420.61,3.216141,3.131292
108.46,424.16,3.137949,3.054323
108.46,427.7,3.081246,2.997783
108.46,431.29,3.047478,2.96351
108.46,434.74,3.032675,2.949619
108.46,438.33,3.017259,2.934832
108.46,441.83,2.98449,2.90188
108.46,445.42,2.940987,2.859924
108.46,449.01,2.899407,2.818658
108.46,452.59,2.868236,2.787983
108.46,456.14,2.858504,2.777759
108.46,459.72,2.850793,2.770966
108.46,463.31,2.821985,2.743439
108.46,466.94,2.77636,2.699995
108.46,470.53,2.733091,2.657355
108.46,474.07,2.698326,2.623175
108.46,477.66,2.668738,2.594355
108.46,481.16,2.631979,2.558597
108.46,484.66,2.581447,2.509127
108.46,487.46,2.536092,2.465433
108.46,491.75,2.503209,2.43247
108.46,495.34,2.474762,2.403745
108.46,498.84,2.437528,2.367901
108.46,502.29,2.387963,2.315754
108.46,506.06,2.350831,2.284324
108.46,509.51,2.32746,2.259331
108.46,513.1,2.32763,2.25804
108.46,516.82,2.345784,2.273006
108.46,521.32,2.375803,2.29429
108.46,524.91,2.392266,2.321986
108.46,528.41,2.398117,2.327584
108.46,532.04,2.386656,2.315073
108.46,535.89,2.360224,2.292322
108.46,539.39,2.334207,2.26686
108.46,543.02,2.311872,2.244368
108.46,546.61,2.28779,2.217482
108.46,550.29,2.27763,2.210732
108.46,553.83,2.289592,2.221241
108.46,557.42,2.321672,2.251435
108.46,561.14,2.368924,2.294411
108.46,564.68,2.413468,2.342242
108.46,568.18,2.434472,2.362442
108.46,571.77,2.420008,2.349577
108.46,575.27,2.387725,2.318517
108.46,578.86,2.360017,2.291395
108.46,582.44,2.34173,2.273536
108.46,586.03,2.328569,2.260748
108.46,589.57,2.311715,2.244475
108.46,593.12,2.282448,2.216299
108.46,596.62,2.249854,2.184556
108.46,600.21,2.217396,2.152686
108.46,603.79,2.183172,2.118354
108.46,607.6,2.154639,2.086441
108.46,611.06,2.140156,2.07678
108.46,614.69,2.136691,2.071518
108.46,618.27,2.139765,2.07312
108.46,621.86,2.13458,2.069531
108.46,625.45,2.117396,2.052981
108.46,628.99,2.086946,2.023838
108.46,632.54,2.054044,1.991922
108.46,636.04,2.031386,1.969319
108.46,639.62,2.025126,1.962791
108.46,643.17,2.034115,1.971586
108.46,646.71,2.039047,1.97699
108.46,650.39,2.03398,1.970714
108.46,653.97,2.018838,1.95833
108.46,657.52,1.999876,1.939402
108.46,660.97,1.991192,1.930714
108.46,664.82,1.992033,1.924183
108.46,668.32,1.996564,1.936367
108.46,671.87,2.014587,1.952008
108.46,675.37,2.04975,1.986142
108.46,679.0,2.088021,2.021173
108.46,682.5,2.117935,2.053628
108.46,686.0,2.144284,2.078822
144.59,11.86,2.175366,2.045606
144.59,15.31,2.166894,2.100994
144.59,18.9,2.166832,2.097381
144.59,22.66,2.174306,2.107248
144.59,26.16,2.184026,2.117069
144.59,29.44,2.197273,2.130098
144.59,33.34,2.205738,2.138348
144.59,36.84,2.195856,2.12975
144.59,40.25,2.166302,2.101604
144.59,43.88,2.129432,2.065501
144.59,47.38,2.097168,2.03406
144.59,50.92,2.079318,2.016361
144.59,54.47,2.081734,2.017784
144.59,58.06,2.098132,2.033197
144.59,61.69,2.121416,2.056648
144.59,65.27,2.150048,2.085098
144.59,68.82,2.183539,2.117334
144.59,72.62,2.219389,2.147769
144.59,76.3,2.246844,2.175939
144.59,79.93,2.264155,2.195794
144.59,83.39,2.266884,2.199186
144.59,86.93,2.252624,2.185698
144.59,90.47,2.220868,2.154439
144.59,94.06,2.173031,2.108477
144.59,97.61,2.125236,2.062048
144.59,101.11,2.084996,2.021986
144.59,104.65,2.048798,1.986743
144.59,108.19,2.014531,1.953471
144.59,111.69,1.982193,1.92162
144.59,115.24,1.95138,1.891749
144.59,118.82,1.923989,1.864904
144.59,122.32,1.903398,1.844365
144.59,125.82,1.889069,1.830533
144.59,129.41,1.880289,1.821562
144.59,132.87,1.880234,1.821466
144.59,136.37,1.892852,1.833733
144.59,139.91,1.912689,1.852865
144.59,143.46,1.924297,1.864538
144.59,146.91,1.91877,1.858687
144.59,150.67,1.893515,1.835286
144.59,154.22,1.86386,1.806192
144.59,157.81,1.841565,1.783931
144.59,161.39,1.824408,1.766491
144.59,164.89,1.804208,1.74748
144.59,168.44,1.784929,1.728629
144.59,171.94,1.772138,1.716078
144.59,175.48,1.765755,1.708299
144.59,179.07,1.759273,1.701331
144.59,182.66,1.748829,1.692409
144.59,186.16,1.725234,1.669387
144.59,189.7,1.686451,1.632243
144.59,192.85,1.635955,1.582594
144.59,196.74,1.585129,1.533081
144.59,200.33,1.527477,1.476402
144.59,203.96,1.452237,1.403629
144.59,207.42,1.357791,1.312215
144.59,211.01,1.239646,1.197256
144.59,214.55,1.101698,1.062894
144.59,218.14,0.939234,0.904767
144.59,221.59,0.753559,0.723544
144.59,225.22,0.530507,0.506659
144.59,228.77,0.279263,0.261373
144.59,232.31,0.006552,-0.004727
144.59,235.81,-0.274427,-0.279735
144.59,239.36,-0.555212,-0.554442
144.59,242.94,-0.831897,-0.82528
144.59,246.49,-1.124007,-1.110791
144.59,250.07,-1.418846,-1.399324
144.59,253.66,-1.702377,-1.677355
144.59,257.25,-1.960463,-1.93127
144.59,260.75,-2.181341,-2.148239
144.59,264.29,-2.368324,-2.332231
144.59,267.92,-2.521824,-2.483201
144.59,271.42,-2.63545,-2.596057
144.59,275.01,-2.718222,-2.677156
144.59,278.56,-2.7691,-2.728604
144.59,282.06,-2.795425,-2.754421
144.59,285.64,-2.800505,-2.759692
144.59,289.23,-2.784023,-2.74386
144.59,292.77,-2.743829,-2.705653
144.59,296.36,-2.671032,-2.635866
144.59,299.91,-2.554082,-2.522597
144.59,303.45,-2.365814,-2.339923
144.59,306.95,-2.04513,-2.031375
144.59,310.54,-1.429589,-1.43897
144.59,314.08,-0.104862,-0.166159
144.59,317.54,2.245326,2.107639
144.59,321.12,4.06008,3.904716
144.59,324.71,4.884955,4.736958
144.59,328.47,5.304104,5.149342
144.59,332.06,5.512955,5.362604
144.59,335.65,5.629356,5.479012
144.59,339.41,5.693928,5.541408
144.59,343.13,5.725102,5.574387
144.59,346.59,5.732927,5.587154
144.59,350.13,5.721741,5.5757
144.59,353.67,5.691189,5.546645
144.59,357.39,5.639862,5.49159
144.59,360.98,5.577902,5.439431
144.59,364.48,5.504317,5.366683
144.59,367.98,5.415654,5.27855
144.59,371.79,5.304865,5.163285
144.59,375.37,5.189,5.058381
144.59,378.92,5.068498,4.941274
144.59,382.51,4.946736,4.821225
144.59,386.01,4.825402,4.703027
144.59,389.59,4.706215,4.587941
144.59,393.18,4.58799,4.471632
144.59,396.68,4.476548,4.363958
144.59,400.18,4.368372,4.258591
144.59,403.72,4.258425,4.150677
144.59,407.22,4.147972,4.042855
144.59,410.77,4.039445,3.936284
144.59,414.4,3.938632,3.837794
144.59,417.94,3.843262,3.744963
144.59,421.49,3.74882,3.652862
144.59,424.99,3.66366,3.569775
144.59,428.57,3.595573,3.501833
144.59,432.12,3.547976,3.453987
144.59,435.71,3.513189,3.420065
144.59,439.25,3.484212,3.392043
144.59,442.75,3.468728,3.376701
144.59,446.42,3.464079,3.36805
144.59,449.97,3.456883,3.364252
144.59,453.47,3.439181,3.34696
144.59,457.06,3.40797,3.316476
144.59,461.12,3.353987,3.258195
144.59,464.67,3.303691,3.216218
144.59,468.21,3.259471,3.172102
144.59,471.8,3.218802,3.132749
144.59,475.78,3.157835,3.063568
144.59,479.24,3.103457,3.02136
144.59,482.78,3.059477,2.975814
144.59,486.37,3.023855,2.940922
144.59,490.44,2.960657,2.875525
144.59,493.98,2.897635,2.819736
144.59,497.52,2.833187,2.756274
144.59,501.07,2.773862,2.698245
144.59,505.09,2.721591,2.636872
144.59,508.68,2.690217,2.614096
144.59,512.22,2.676228,2.600436
144.59,515.77,2.677278,2.601126
144.59,519.22,2.684509,2.607722
144.59,522.81,2.692223,2.615436
144.59,526.36,2.700833,2.624167
144.59,529.86,2.70734,2.630673
144.59,533.44,2.709364,2.632611
144.59,536.9,2.704777,2.628742
144.59,540.53,2.684207,2.609191
144.59,544.03,2.651446,2.577346
144.59,547.57,2.628381,2.554416
144.59,551.12,2.606154,2.532858
144.59,554.71,2.570374,2.498332
144.59,558.25,2.531755,2.460864
144.59,561.75,2.476847,2.407621
144.59,565.34,2.410584,2.339737
144.59,568.97,2.354149,2.287038
144.59,572.51,2.30885,2.243231
144.59,576.36,2.272485,2.200942
144.59,579.99,2.25263,2.18434
144.59,583.62,2.255911,2.188711
144.59,587.26,2.274558,2.206549
144.59,590.8,2.29479,2.226743
144.59,594.82,2.318385,2.241435
144.59,598.41,2.330618,2.261663
144.59,601.96,2.321062,2.253043
144.59,605.5,2.281937,2.215711
144.59,609.83,2.204728,2.131801
144.59,613.37,2.15093,2.089771
144.59,616.87,2.10865,2.046075
144.59,620.37,2.087972,2.026583
144.59,624.09,2.076456,2.010061
144.59,627.64,2.069728,2.006845
144.59,631.22,2.069038,2.005187
144.59,634.77,2.077701,2.013357
144.59,638.44,2.089682,2.024238
144.59,641.86,2.107889,2.043591
144.59,645.49,2.131453,2.066309
144.59,648.99,2.146663,2.08158
144.59,652.57,2.152994,2.087673
144.59,656.12,2.14938,2.084962
144.59,659.71,2.143388,2.079238
144.59,663.16,2.136641,2.072911
144.59,666.71,2.127898,2.06458
144.59,670.25,2.118151,2.05475
144.59,673.79,2.10503,2.042177
144.59,677.42,2.076632,2.014346
144.59,680.97,2.043095,1.982113
144.59,684.47,2.021053,1.960197
144.59,688.01,2.010391,1.949513
180.64,12.29,2.235276,2.101121
180.64,15.84,2.249528,2.180883
180.64,19.34,2.252026,2.184312
180.64,23.06,2.243714,2.177609
180.64,26.56,2.229907,2.163942
180.64,29.92,2.213342,2.147907
180.64,33.64,2.197605,2.132766
180.64,37.14,2.183798,2.119337
180.64,40.51,2.171225,2.106145
180.64,43.71,2.152273,2.087458
180.64,47.86,2.128551,2.064787
180.64,51.1,2.104226,2.041367
180.64,54.91,2.089845,2.025643
180.64,58.49,2.085911,2.019873
180.64,62.12,2.080991,2.016851
180.64,65.45,2.071592,2.007837
180.64,69.26,2.063323,1.999916
180.64,72.8,2.063216,1.999528
180.64,76.26,2.074787,2.010877
180.64,79.8,2.097898,2.032985
180.64,83.43,2.128502,2.062732
180.64,86.97,2.152951,2.08662
180.64,90.56,2.171158,2.104993
180.64,94.06,2.183357,2.117103
180.64,97.69,2.195196,2.129078
180.64,101.06,2.201718,2.136167
180.64,104.69,2.1973,2.131121
180.64,108.32,2.183804,2.119472
180.64,111.87,2.166262,2.101879
180.64,115.5,2.140982,2.076829
180.64,118.43,2.112504,2.050015
180.64,122.5,2.091041,2.028481
180.64,126.0,2.088357,2.02573
180.64,129.5,2.101349,2.037553
180.64,133.09,2.126811,2.061848
180.64,136.63,2.155369,2.089386
180.64,140.22,2.169386,2.10377
180.64,143.81,2.161598,2.096466
180.64,147.39,2.136373,2.071232
180.64,150.94,2.102529,2.038786
180.64,154.48,2.075877,2.012239
180.64,158.02,2.06292,1.999898
180.64,161.7,2.0571,1.993274
180.64,165.2,2.056004,1.99284
180.64,168.66,2.057522,1.994417
180.64,172.2,2.05138,1.989011
180.64,175.74,2.030535,1.968388
180.64,179.24,2.000092,1.939491
180.64,182.87,1.965948,1.905908
180.64,186.46,1.920868,1.863127
180.64,189.92,1.872245,1.815397
180.64,193.33,1.818006,1.762085
180.64,197.09,1.761589,1.707304
180.64,200.64,1.702092,1.649147
180.64,204.05,1.639325,1.588115
180.64,207.64,1.560333,1.511048
180.64,211.14,1.456716,1.410422
180.64,214.68,1.328075,1.285185
180.64,218.22,1.180262,1.140848
180.64,221.77,0.999107,0.96424
180.64,225.36,0.761683,0.733365
180.64,228.81,0.446533,0.427337
180.64,232.4,0.044167,0.03597
180.64,235.86,-0.439584,-0.435299
180.64,239.49,-1.003305,-0.986102
180.64,243.16,-1.545941,-1.51713
180.64,246.66,-2.057234,-2.01835
180.64,250.21,-2.50203,-2.455546
180.64,254.1,-2.906876,-2.847729
180.64,257.64,-3.20165,-3.142187
180.64,261.19,-3.43291,-3.37117
180.64,264.95,-3.626841,-3.557032
180.64,268.49,-3.756455,-3.689847
180.64,272.08,-3.845507,-3.778011
180.64,275.58,-3.898217,-3.830805
180.64,279.12,-3.919025,-3.852256
180.64,282.67,-3.917949,-3.85181
180.64,286.17,-3.897993,-3.833381
180.64,289.71,-3.846116,-3.783852
180.64,293.26,-3.751788,-3.692608
180.64,296.97,-3.601129,-3.544225
180.64,300.69,-3.377824,-3.320911
180.64,304.67,-3.104365,-3.064759
180.64,308.31,-2.66281,-2.638469
180.64,311.76,-1.767124,-1.778664
180.64,315.44,0.502657,0.397189
180.64,318.98,3.376325,3.205186
180.64,322.48,4.621126,4.469266
180.64,326.24,5.183254,5.026939
180.64,329.92,5.451843,5.302089
180.64,333.42,5.607157,5.458836
180.64,337.01,5.708395,5.558161
180.64,340.55,5.77386,5.623836
180.64,344.09,5.817489,5.667933
180.64,347.59,5.846266,5.696842
180.64,351.27,5.869418,5.71833
180.64,354.72,5.889467,5.738494
180.64,358.27,5.907273,5.757579
180.64,361.77,5.923395,5.772526
180.64,365.4,5.936836,5.784541
180.64,368.9,5.943999,5.791682
180.64,373.06,5.945767,5.777052
180.64,376.56,5.943336,5.79151
180.64,380.19,5.936787,5.783777
180.64,383.82,5.922116,5.76719
180.64,387.49,5.892434,5.740314
180.64,391.12,5.842884,5.695521
180.64,394.67,5.768638,5.62309
180.64,398.17,5.66578,5.524138
180.64,401.71,5.531011,5.392382
180.64,405.26,5.371794,5.239671
180.64,408.8,5.188981,5.059939
180.64,412.34,4.990362,4.867472
180.64,415.89,4.78335,4.666724
180.64,419.47,4.563156,4.45047
180.64,423.02,4.326903,4.22035
180.64,426.56,4.078629,3.978013
180.64,430.15,3.831241,3.736168
180.64,433.61,3.602964,3.513392
180.64,437.19,3.39403,3.308359
180.64,440.69,3.199545,3.118008
180.64,444.24,3.026304,2.947731
180.64,447.69,2.880956,2.804767
180.64,451.28,2.754792,2.680685
180.64,454.82,2.639422,2.5673
180.64,458.46,2.538461,2.468307
180.64,461.61,2.456675,2.388492
180.64,465.59,2.386379,2.31925
180.64,469.09,2.329244,2.263169
180.64,472.63,2.270778,2.20604
180.64,476.17,2.207507,2.144257
180.64,479.67,2.153487,2.091601
180.64,483.17,2.111937,2.050061
180.64,486.76,2.088222,2.026669
180.64,490.44,2.074898,2.010474
180.64,493.94,2.060338,1.997815
180.64,497.52,2.040132,1.978277
180.64,500.67,2.014198,1.953995
180.64,504.66,1.981377,1.919836
180.64,507.54,1.947365,1.886814
180.64,511.74,1.922289,1.86272
180.64,515.33,1.907298,1.847085
180.64,518.87,1.906546,1.845896
180.64,522.46,1.910671,1.84987
180.64,526.31,1.902988,1.843721
180.64,529.81,1.885037,1.827141
180.64,533.14,1.867255,1.809753
180.64,536.94,1.844183,1.786019
180.64,540.49,1.81865,1.763056
180.64,544.03,1.80089,1.744639
180.64,547.62,1.788469,1.731953
180.64,551.12,1.770724,1.714957
180.64,554.66,1.750243,1.694957
180.64,558.16,1.738527,1.683346
180.64,561.71,1.749664,1.693644
180.64,565.25,1.78845,1.729642
180.64,568.79,1.843114,1.782008
180.64,572.34,1.89353,1.832859
180.64,575.97,1.936897,1.874001
180.64,579.47,1.972637,1.91
180.64,583.01,2.001515,1.938857
180.64,586.51,2.027045,1.964112
180.64,590.06,2.040733,1.977483
180.64,593.56,2.037033,1.974565
180.64,597.19,2.021946,1.958894
180.64,600.73,2.008601,1.947002
180.64,604.23,1.996457,1.935061
180.64,607.77,1.987067,1.925496
180.64,611.36,1.974426,1.913515
180.64,614.91,1.958354,1.898108
180.64,618.49,1.936657,1.87755
180.64,621.99,1.905274,1.846999
180.64,625.54,1.867107,1.809855
180.64,629.12,1.824285,1.768074
180.64,632.67,1.790391,1.735012
180.64,636.21,1.77044,1.714775
180.64,639.71,1.764972,1.709208
180.64,643.21,1.75792,1.702486
180.64,646.71,1.7267,1.669239
180.64,650.26,1.673543,1.623413
180.64,653.93,1.603913,1.552791
180.64,657.39,1.542572,1.492286
180.64,660.97,1.498993,1.449313
180.64,664.56,1.481969,1.43114
180.64,668.02,1.48387,1.433266
180.64,671.56,1.496562,1.44512
180.64,675.11,1.514843,1.461898
180.64,678.69,1.53386,1.480539
180.64,682.24,1.552754,1.499584
180.64,685.74,1.570043,1.516205
216.83,12.47,2.1604,2.030877
216.83,16.01,2.178548,2.111743
216.83,19.6,2.1956,2.129183
216.83,23.36,2.213788,2.141472
216.83,27.04,2.232032,2.163924
216.83,30.62,2.247439,2.179562
216.83,34.08,2.247778,2.180397
216.83,37.54,2.22531,2.158471
216.83,41.26,2.185486,2.120292
216.83,44.76,2.140005,2.075465
216.83,48.43,2.094691,2.030745
216.83,52.19,2.060702,1.997942
216.83,55.74,2.040705,1.97938
216.83,59.32,2.038878,1.976561
216.83,62.82,2.0558,1.992655
216.83,66.72,2.085144,2.016848
216.83,70.26,2.113342,2.047298
216.83,73.76,2.130267,2.065579
216.83,77.26,2.129667,2.064947
216.83,80.85,2.121835,2.056925
216.83,84.31,2.119257,2.05548
216.83,87.85,2.124512,2.059516
216.83,91.44,2.133594,2.066965
216.83,94.81,2.139682,2.074593
216.83,98.57,2.138237,2.073086
216.83,102.11,2.129975,2.065024
216.83,105.66,2.114149,2.050089
216.83,109.2,2.092846,2.029728
216.83,112.52,2.06751,2.004953
216.83,116.2,2.035862,1.974322
216.83,119.74,2.004522,1.943518
216.83,123.29,1.983656,1.922932
216.83,126.74,1.969855,1.909279
216.83,130.37,1.958428,1.898382
216.83,134.01,1.939855,1.880218
216.83,137.55,1.922695,1.86361
216.83,141.09,1.920483,1.860967
216.83,144.68,1.93487,1.874944
216.83,148.22,1.962704,1.901047
216.83,151.77,1.990437,1.928213
216.83,155.4,2.006765,1.942975
216.83,158.81,2.010163,1.946638
216.83,162.49,2.001663,1.94048
216.83,166.07,1.983499,1.921756
216.83,169.44,1.960064,1.898715
216.83,173.16,1.932017,1.872227
216.83,176.71,1.888801,1.830286
216.83,180.21,1.834615,1.777224
216.83,183.88,1.780755,1.724624
216.83,187.29,1.715135,1.661371
216.83,191.19,1.652153,1.599945
216.83,194.73,1.585955,1.535573
216.83,198.23,1.522995,1.473691
216.83,201.6,1.460022,1.406713
216.83,205.76,1.393152,1.345777
216.83,209.34,1.297829,1.252403
216.83,212.84,1.17355,1.132382
216.83,216.21,1.021421,0.984453
216.83,219.97,0.840494,0.807839
216.83,223.52,0.633932,0.606902
216.83,227.02,0.375935,0.355633
216.83,230.61,0.06694,0.054728
216.83,233.89,-0.313823,-0.315164
216.83,237.82,-0.756768,-0.746848
216.83,241.37,-1.257374,-1.234565
216.83,244.87,-1.772173,-1.738045
216.83,248.37,-2.25761,-2.213195
216.83,252.09,-2.65923,-2.609436
216.83,255.67,-2.973878,-2.919562
216.83,259.22,-3.213835,-3.156179
216.83,262.81,-3.39986,-3.339534
216.83,266.35,-3.543585,-3.481973
216.83,269.89,-3.658458,-3.595267
216.83,273.44,-3.753446,-3.688443
216.83,276.94,-3.831381,-3.765491
216.83,280.44,-3.895026,-3.82827
216.83,283.98,-3.93867,-3.87144
216.83,287.57,-3.957256,-3.889471
216.83,291.11,-3.949601,-3.884022
216.83,294.39,-3.925627,-3.860962
216.83,298.07,-3.892019,-3.828674
216.83,301.66,-3.848372,-3.785781
216.83,305.2,-3.800282,-3.738825
216.83,308.83,-3.74222,-3.680109
216.83,312.37,-3.664367,-3.606431
216.83,315.92,-1.917105,-2.147379
216.83,319.42,6.231629,5.981611
216.83,323.01,6.306001,6.139257
216.83,326.55,6.345141,6.180471
216.83,330.09,6.381466,6.215653
216.83,333.59,6.415227,6.250375
216.83,337.09,6.447476,6.282094
216.83,340.81,6.480492,6.311684
216.83,344.36,6.509863,6.342356
216.83,347.81,6.539414,6.372273
216.83,351.4,6.574269,6.405286
216.83,354.86,6.613763,6.44112
216.83,358.49,6.658123,6.487501
216.83,362.03,6.705812,6.532559
216.83,365.57,6.754373,6.579771
216.83,369.16,6.804506,6.626813
216.83,372.79,6.854783,6.676388
216.83,376.29,6.90039,6.721348
216.83,379.92,6.940614,6.760156
216.83,383.42,6.971976,6.792608
216.83,386.92,6.99083,6.811554
216.83,390.42,6.993674,6.814518
216.83,393.97,6.976668,6.797355
216.83,397.51,6.935602,6.757596
216.83,400.79,6.860313,6.685387
216.83,404.64,6.748335,6.578899
216.83,408.23,6.600094,6.435242
216.83,411.82,6.416641,6.257304
216.83,415.36,6.205261,6.053188
216.83,418.91,5.96849,5.823444
216.83,422.45,5.70435,5.566328
216.83,426.04,5.417533,5.287746
216.83,429.58,5.115152,4.993233
216.83,433.12,4.801449,4.686638
216.83,436.62,4.495714,4.388699
216.83,440.21,4.216743,4.114938
216.83,443.71,3.958761,3.861771
216.83,447.26,3.718444,3.624085
216.83,450.89,3.520237,3.431254
216.83,454.43,3.362884,3.276658
216.83,458.02,3.239064,3.154788
216.83,461.47,3.137164,3.054409
216.83,465.02,3.040894,2.959727
216.83,468.61,2.948282,2.868529
216.83,472.19,2.858701,2.781237
216.83,475.65,2.761181,2.686412
216.83,479.06,2.655236,2.58234
216.83,482.87,2.552491,2.481838
216.83,486.32,2.473424,2.404232
216.83,489.87,2.420276,2.351342
216.83,493.41,2.377808,2.309213
216.83,496.96,2.331971,2.264904
216.83,500.54,2.272476,2.207408
216.83,504.0,2.210184,2.146376
216.83,507.59,2.165372,2.102147
216.83,511.13,2.144851,2.081567
216.83,514.63,2.138949,2.075286
216.83,518.13,2.137501,2.073582
216.83,521.63,2.145169,2.081007
216.83,525.26,2.16657,2.101047
216.83,528.89,2.198591,2.132307
216.83,532.35,2.234731,2.168175
216.83,535.85,2.261419,2.194235
216.83,539.52,2.261746,2.192695
216.83,543.07,2.245538,2.179673
216.83,546.61,2.221047,2.154987
216.83,550.2,2.202085,2.136426
216.83,553.79,2.193662,2.126268
216.83,557.37,2.190005,2.123348
216.83,560.96,2.19218,2.125578
216.83,564.51,2.214029,2.146352
216.83,568.05,2.261724,2.193141
216.83,571.55,2.317775,2.247722
216.83,575.09,2.352864,2.282732
216.83,578.59,2.348696,2.279863
216.83,582.09,2.311163,2.244201
216.83,585.07,2.265193,2.198884
216.83,589.31,2.22962,2.164697
216.83,592.81,2.205138,2.140298
216.83,596.4,2.181299,2.11727
216.83,600.03,2.154056,2.090046
216.83,603.53,2.10974,2.047766
216.83,607.07,2.050347,1.990215
216.83,610.57,1.991512,1.932187
216.83,614.21,1.959904,1.899935
216.83,617.71,1.965668,1.904846
216.83,621.25,2.000837,1.938444
216.83,624.79,2.046361,1.982569
216.83,628.34,2.081928,2.017378
216.83,631.79,2.103727,2.039667
216.83,635.42,2.115098,2.049664
216.83,638.97,2.11714,2.052587
216.83,642.47,2.114198,2.049405
216.83,646.1,2.102522,2.037935
216.83,649.6,2.087978,2.024476
216.83,653.19,2.078641,2.014765
216.83,656.73,2.074697,2.011546
216.83,660.19,2.062464,1.999547
216.83,663.69,2.038114,1.97625
216.83,667.27,2.011235,1.949996
216.83,670.82,1.992926,1.931654
216.83,674.27,1.974935,1.914282
216.83,677.86,1.947372,1.887433
216.83,681.41,1.901839,1.84361
216.83,684.95,1.832822,1.777005
216.83,688.62,1.750955,1.696996
252.88,12.38,2.013074,1.889196
252.88,15.92,2.002584,1.939044
252.88,19.34,1.981712,1.920415
252.88,23.06,1.953203,1.891891
252.88,26.6,1.927455,1.866731
252.88,30.01,1.905647,1.845674
252.88,33.73,1.884722,1.825831
252.88,37.27,1.861337,1.803364
252.88,40.64,1.839143,1.781494
252.88,44.45,1.823506,1.765958
252.88,47.95,1.817196,1.759824
252.88,51.32,1.82085,1.762073
252.88,55.21,1.834664,1.776235
252.88,58.71,1.857544,1.798826
252.88,62.26,1.880055,1.820767
252.88,65.76,1.89731,1.837954
252.88,69.34,1.911565,1.851186
252.88,72.93,1.92328,1.86251
252.88,76.47,1.928056,1.867224
252.88,79.76,1.919174,1.85865
252.88,83.52,1.895443,1.836746
252.88,87.02,1.867763,1.809815
252.88,90.56,1.84126,1.78301
252.88,94.11,1.812581,1.75569
252.88,97.69,1.781857,1.723959
252.88,101.19,1.752264,1.696423
252.88,104.91,1.730021,1.673044
252.88,108.5,1.729331,1.673293
252.88,112.0,1.744513,1.687618
252.88,115.5,1.76369,1.706294
252.88,119.09,1.785705,1.727982
252.88,122.67,1.80617,1.748278
252.88,126.22,1.822286,1.76431
252.88,129.81,1.832899,1.775074
252.88,133.35,1.83898,1.781364
252.88,136.85,1.834584,1.776999
252.88,139.78,1.820693,1.762769
252.88,143.94,1.801029,1.745437
252.88,147.52,1.771078,1.714719
252.88,151.07,1.735514,1.680527
252.88,154.39,1.699636,1.644821
252.88,157.94,1.667335,1.612951
252.88,161.74,1.637782,1.584791
252.88,165.24,1.616827,1.563303
252.88,168.79,1.609507,1.555866
252.88,172.33,1.603238,1.550601
252.88,175.83,1.587338,1.533903
252.88,179.42,1.564208,1.511423
252.88,183.01,1.536981,1.485065
252.88,186.51,1.50728,1.456282
252.88,190.05,1.471815,1.421876
252.88,193.59,1.428799,1.379942
252.88,197.14,1.371556,1.324092
252.88,200.68,1.286374,1.242293
252.88,204.36,1.192157,1.150734
252.88,207.9,1.087379,1.048334
252.88,211.4,0.977681,0.941335
252.88,214.94,0.84843,0.81501
252.88,218.57,0.701739,0.672078
252.88,222.07,0.547368,0.521369
252.88,225.66,0.382482,0.360221
252.88,229.16,0.197812,0.179774
252.88,232.66,-0.022481,-0.034902
252.88,236.21,-0.285185,-0.290567
252.88,239.71,-0.584904,-0.582967
252.88,243.42,-0.923099,-0.913277
252.88,246.92,-1.275513,-1.257941
252.88,250.42,-1.622774,-1.597731
252.88,254.01,-1.94253,-1.911511
252.88,257.56,-2.214794,-2.179575
252.88,260.4,-2.432163,-2.393457
252.88,264.82,-2.597539,-2.556263
252.88,268.32,-2.720443,-2.678192
252.88,271.86,-2.808576,-2.765755
252.88,275.36,-2.873681,-2.825563
252.88,279.17,-2.914217,-2.869075
252.88,282.76,-2.934386,-2.888817
252.88,286.3,-2.941565,-2.896481
252.88,289.89,-2.941404,-2.896836
252.88,293.47,-2.933345,-2.889045
252.88,297.11,-2.910326,-2.867452
252.88,300.56,-2.860597,-2.820329
252.88,304.19,-2.764088,-2.727203
252.88,307.74,-2.579242,-2.550136
252.88,311.32,-2.15659,-2.14452
252.88,314.82,-0.852532,-0.901324
252.88,318.32,3.203513,2.99412
252.88,320.99,5.176815,4.994286
252.88,325.46,5.70598,5.544625
252.88,329.0,5.926719,5.768407
252.88,332.54,6.046201,5.887575
252.88,336.09,6.122483,5.961879
252.88,339.67,6.175705,6.014307
252.88,343.22,6.214885,6.054396
252.88,346.76,6.242587,6.082575
252.88,350.31,6.259876,6.09881
252.88,353.81,6.269691,6.10865
252.88,357.44,6.277251,6.116367
252.88,360.94,6.286185,6.125724
252.88,364.48,6.298043,6.138
252.88,368.07,6.313302,6.151454
252.88,371.61,6.330957,6.167914
252.88,375.11,6.349063,6.187661
252.88,378.7,6.368625,6.206167
252.88,382.33,6.391287,6.224192
252.88,385.87,6.413699,6.249996
252.88,389.37,6.432242,6.268327
252.88,392.92,6.443952,6.280289
252.88,396.59,6.4471,6.273268
252.88,400.14,6.44076,6.277168
252.88,403.72,6.428604,6.263635
252.88,407.22,6.408523,6.245606
252.88,410.77,6.384272,6.22137
252.88,414.36,6.359066,6.196226
252.88,417.9,6.322886,6.162057
252.88,421.44,6.26629,6.107313
252.88,424.99,6.180788,6.025625
252.88,428.53,6.072865,5.9215
252.88,432.07,5.95865,5.809636
252.88,435.62,5.840043,5.6937
252.88,439.21,5.707517,5.565438
252.88,442.75,5.570854,5.4333
252.88,446.25,5.449548,5.314492
252.88,449.84,5.34586,5.212579
252.88,453.38,5.245595,5.114524
252.88,456.92,5.143458,5.013877
252.88,460.47,5.036443,4.910879
252.88,463.97,4.906643,4.784798
252.88,467.25,4.7612,4.642516
252.88,471.01,4.616647,4.496666
252.88,474.77,4.507248,4.393382
252.88,478.32,4.413289,4.300393
252.88,481.86,4.324648,4.21507
252.88,485.45,4.238779,4.129334
252.88,488.77,4.162562,4.054907
252.88,492.62,4.08442,3.978191
252.88,496.08,3.993468,3.891694
252.88,499.71,3.892036,3.792286
252.88,503.17,3.767655,3.671959
252.88,506.8,3.636171,3.542468
252.88,510.3,3.527582,3.436726
252.88,513.93,3.464683,3.372961
252.88,517.52,3.45431,3.361615
252.88,521.15,3.460194,3.366843
252.88,524.78,3.472674,3.37838
252.88,528.24,3.502092,3.406824
252.88,531.78,3.535613,3.440801
252.88,535.32,3.539587,3.444286
252.88,538.91,3.514147,3.420253
252.88,542.5,3.472098,3.379184
252.88,546.0,3.410201,3.315725
252.88,549.81,3.343953,3.254791
252.88,553.39,3.283531,3.195432
252.88,556.89,3.237893,3.15164
252.88,560.48,3.208978,3.122185
252.88,564.07,3.189,3.102952
252.88,567.57,3.170176,3.084502
252.88,571.16,3.175029,3.088485
252.88,574.79,3.216726,3.126969
252.88,578.29,3.260681,3.172884
252.88,581.79,3.280423,3.192167
252.88,585.29,3.261661,3.174403
252.88,588.83,3.213162,3.126698
252.88,592.51,3.15237,3.062031
252.88,596.22,3.098793,3.015901
252.88,599.72,3.051868,2.969114
252.88,603.22,3.034021,2.951082
252.88,606.81,3.024043,2.936828
252.88,610.4,2.998177,2.916883
252.88,613.99,2.975346,2.893532
252.88,617.53,2.966135,2.884129
252.88,621.03,2.992145,2.908233
252.88,624.53,3.072724,2.985155
252.88,628.12,3.199514,3.108011
252.88,631.66,3.321261,3.227582
252.88,635.16,3.393001,3.299369
252.88,638.79,3.39724,3.305755
252.88,642.29,3.339834,3.251738
252.88,645.79,3.254745,3.169483
252.88,649.34,3.174776,3.090851
252.88,652.84,3.107459,3.024906
252.88,656.42,3.057558,2.975349
252.88,659.92,3.017364,2.936258
252.88,663.47,3.003331,2.921298
252.88,667.01,3.004785,2.92225
252.88,670.56,3.006098,2.923812
252.88,674.06,3.000318,2.918738
252.88,677.6,2.980251,2.898963
252.88,682.24,2.946816,2.852789
252.88,685.74,2.936267,2.855543
288.88,12.21,2.13361,2.005911
288.88,15.49,2.127947,2.062217
288.88,19.51,2.123373,2.054959
288.88,23.06,2.120729,2.054673
288.88,26.56,2.119078,2.053998
288.88,30.27,2.117288,2.051989
288.88,33.82,2.119448,2.054371
288.88,37.36,2.136848,2.071401
288.88,41.04,2.174429,2.107602
288.88,44.54,2.215498,2.147914
288.88,48.26,2.250008,2.181767
288.88,51.8,2.271191,2.202686
288.88,55.34,2.280513,2.213292
288.88,58.89,2.282131,2.214121
288.88,62.52,2.279112,2.210449
288.88,66.06,2.277713,2.20917
288.88,69.65,2.287362,2.216814
288.88,73.28,2.309287,2.239777
288.88,76.82,2.338717,2.267676
288.88,80.46,2.358804,2.287732
288.88,84.0,2.362882,2.292682
288.88,87.63,2.35568,2.285831
288.88,91.17,2.340966,2.272652
288.88,94.67,2.325677,2.25792
288.88,98.31,2.312627,2.244978
288.88,101.76,2.294768,2.227621
288.88,105.35,2.280751,2.21442
288.88,108.85,2.269176,2.20292
288.88,112.35,2.253674,2.187861
288.88,115.94,2.233231,2.167726
288.88,119.44,2.219284,2.153496
288.88,122.94,2.208486,2.143508
288.88,126.52,2.196829,2.131888
288.88,130.07,2.182917,2.118028
288.88,133.57,2.170055,2.105748
288.88,137.42,2.163918,2.093283
288.88,141.01,2.173246,2.106786
288.88,144.51,2.190621,2.123906
288.88,148.44,2.208804,2.139894
288.88,152.73,2.222528,2.146567
288.88,156.27,2.222008,2.155286
288.88,159.6,2.213145,2.146469
288.88,163.41,2.198373,2.13239
288.88,167.04,2.180064,2.114167
288.88,170.54,2.155027,2.091306
288.88,174.04,2.120258,2.057516
288.88,177.62,2.079417,2.017824
288.88,181.47,2.021996,1.957615
288.88,184.93,1.955748,1.90016
288.88,188.91,1.860228,1.79817
288.88,192.46,1.780268,1.725711
288.88,196.04,1.694325,1.640219
288.88,199.5,1.61228,1.5613
288.88,203.04,1.533796,1.483863
288.88,206.72,1.463238,1.414378
288.88,210.13,1.394236,1.347292
288.88,214.16,1.304015,1.257896
288.88,217.79,1.217554,1.174958
288.88,221.33,1.117604,1.077296
288.88,225.31,0.982385,0.942287
288.88,228.86,0.839721,0.806384
288.88,232.4,0.6705,0.641754
288.88,235.99,0.452676,0.430504
288.88,239.53,0.193822,0.178009
288.88,242.86,-0.100324,-0.108928
288.88,246.62,-0.418457,-0.419424
288.88,250.21,-0.739799,-0.733777
288.88,253.66,-1.045221,-1.033514
288.88,257.12,-1.355097,-1.335556
288.88,260.92,-1.634287,-1.610448
288.88,264.47,-1.878279,-1.850371
288.88,268.01,-2.083023,-2.051846
288.88,271.64,-2.247031,-2.213916
288.88,275.27,-2.374698,-2.340191
288.88,278.82,-2.46955,-2.43403
288.88,282.41,-2.534184,-2.497714
288.88,285.95,-2.562551,-2.526864
288.88,289.49,-2.543937,-2.508885
288.88,293.12,-2.447311,-2.417754
288.88,296.67,-2.186239,-2.166227
288.88,300.34,-1.45807,-1.470014
288.88,303.89,1.046905,0.920297
288.88,307.47,4.374115,4.1734
288.88,310.97,5.370315,5.207721
288.88,314.69,5.749612,5.589717
288.88,318.02,5.93508,5.775743
288.88,321.74,6.040902,5.883346
288.88,325.37,6.108068,5.948422
288.88,328.96,6.150021,5.986851
288.88,332.28,6.176817,6.018231
288.88,336.04,6.193548,6.033047
288.88,339.67,6.202763,6.041999
288.88,343.26,6.207535,6.046266
288.88,346.76,6.2093,6.050751
288.88,350.31,6.208856,6.049085
288.88,353.89,6.206343,6.047187
288.88,357.39,6.202073,6.042282
288.88,360.94,6.196759,6.038992
288.88,364.52,6.191235,6.031857
288.88,368.07,6.187298,6.030385
288.88,371.61,6.183943,6.026509
288.88,375.16,6.181226,6.023127
288.88,378.61,6.18028,6.023573
288.88,382.29,6.183921,6.025536
288.88,385.74,6.190024,6.033222
288.88,389.33,6.196968,6.037791
288.88,392.31,6.207033,6.050166
288.88,396.42,6.221364,6.062855
288.88,399.96,6.235794,6.075545
288.88,403.55,6.243293,6.083857
288.88,406.87,6.24353,6.077224
288.88,410.81,6.235739,6.074497
288.88,414.49,6.215646,6.053952
288.88,418.07,6.173974,6.016041
288.88,421.57,6.11195,5.955077
288.88,425.25,6.04398,5.892354
288.88,428.79,5.980228,5.828903
288.88,432.38,5.925074,5.775333
288.88,436.01,5.87781,5.728035
288.88,439.51,5.838845,5.690391
288.88,443.1,5.799304,5.652323
288.88,446.64,5.763657,5.617221
288.88,450.23,5.717816,5.572157
288.88,453.86,5.640385,5.496633
288.88,457.45,5.538303,5.398932
288.88,460.99,5.415373,5.277108
288.88,464.58,5.276285,5.143978
288.88,468.26,5.135063,5.00445
288.88,471.76,5.011046,4.885109
288.88,475.39,4.899444,4.775122
288.88,478.97,4.799897,4.678172
288.88,482.39,4.711329,4.592611
288.88,486.06,4.618702,4.502842
288.88,489.56,4.5156,4.402482
288.88,493.19,4.416986,4.305273
288.88,496.61,4.333918,4.224334
288.88,500.11,4.264654,4.155831
288.88,503.78,4.205714,4.09825
288.88,507.32,4.145027,4.038826
288.88,510.91,4.075024,3.970493
288.88,514.5,4.02162,3.916953
288.88,518.0,3.995391,3.891072
288.88,521.59,3.993549,3.888416
288.88,525.09,4.018696,3.912772
288.88,528.59,4.055348,3.947587
288.88,532.22,4.100542,3.99105
288.88,535.81,4.160323,4.048598
288.88,539.35,4.221512,4.108521
288.88,542.85,4.282914,4.169741
288.88,546.35,4.331644,4.217581
288.88,549.89,4.353958,4.23828
288.88,553.39,4.351324,4.238878
288.88,556.76,4.312904,4.200178
288.88,560.61,4.231814,4.122603
288.88,564.16,4.128194,4.02292
288.88,567.74,4.032436,3.92934
288.88,571.07,3.971451,3.868327
288.88,574.79,3.965114,3.861078
288.88,578.11,3.999504,3.894076
288.88,581.87,4.070511,3.962452
288.88,585.37,4.142048,4.032409
288.88,588.92,4.202954,4.092458
288.88,592.51,4.257642,4.145357
288.88,595.96,4.289904,4.177393
288.88,599.59,4.304666,4.191472
288.88,603.09,4.323363,4.211232
288.88,606.72,4.354435,4.240409
288.88,610.18,4.376222,4.261845
288.88,613.77,4.371367,4.258924
288.88,617.27,4.319183,4.209325
288.88,620.72,4.219571,4.113043
288.88,624.31,4.1102,4.006247
288.88,627.81,4.042575,3.938653
288.88,631.66,4.028887,3.915533
288.88,635.25,4.04011,3.933259
288.88,638.79,4.04943,3.942307
288.88,642.29,4.053548,3.946349
288.88,645.79,4.045714,3.938844
288.88,649.38,4.016648,3.913047
288.88,652.97,3.962954,3.85923
288.88,656.56,3.932742,3.830185
288.88,660.1,3.962449,3.857683
288.88,663.6,4.043967,3.935696
288.88,667.14,4.148379,4.037809
288.88,670.69,4.237048,4.124263
288.88,674.27,4.275671,4.1632
288.88,677.86,4.263074,4.152729
288.88,681.45,4.255541,4.144343
288.88,684.99,4.286382,4.173829
288.88,688.58,4.346826,4.231219
324.97,12.51,2.121943,1.992291
324.97,16.06,2.135545,2.068025
324.97,20.34,2.135215,2.060018
324.97,23.84,2.133841,2.074423
324.97,27.39,2.135323,2.0706
324.97,30.93,2.141444,2.076081
324.97,34.47,2.153237,2.086675
324.97,38.06,2.168058,2.102338
324.97,41.56,2.175443,2.10857
324.97,45.11,2.174368,2.108357
324.97,48.61,2.167923,2.102519
324.97,52.15,2.154269,2.089084
324.97,55.69,2.139546,2.074876
324.97,59.24,2.130458,2.065061
324.97,62.82,2.129109,2.063672
324.97,66.41,2.133983,2.069087
324.97,69.87,2.141278,2.075936
324.97,73.5,2.141419,2.075914
324.97,77.0,2.135739,2.071148
324.97,80.63,2.128758,2.064063
324.97,84.22,2.127285,2.06329
324.97,87.81,2.131515,2.067618
324.97,91.26,2.139657,2.075089
324.97,95.24,2.147719,2.076829
324.97,98.83,2.149549,2.084765
324.97,102.33,2.148896,2.082846
324.97,105.96,2.151253,2.085409
324.97,109.59,2.15698,2.089756
324.97,113.14,2.166746,2.101182
324.97,116.59,2.177565,2.111943
324.97,120.18,2.181108,2.115384
324.97,123.72,2.175893,2.110039
324.97,127.22,2.166586,2.101922
324.97,130.81,2.16011,2.094959
324.97,134.31,2.165942,2.100609
324.97,137.81,2.181931,2.116102
324.97,141.36,2.199365,2.132941
324.97,144.94,2.218252,2.151761
324.97,148.49,2.245942,2.178413
324.97,152.07,2.280831,2.212485
324.97,155.57,2.302833,2.23474
324.97,159.12,2.306567,2.238773
324.97,162.66,2.297809,2.230689
324.97,166.25,2.283089,2.215557
324.97,170.1,2.266884,2.194149
324.97,173.69,2.241826,2.17467
324.97,177.27,2.205643,2.139941
324.97,180.86,2.170372,2.105526
324.97,184.06,2.138188,2.073548
324.97,188.04,2.108025,2.044642
324.97,191.58,2.081056,2.018718
324.97,195.17,2.061503,1.999266
324.97,198.71,2.044429,1.982726
324.97,202.26,2.031848,1.970298
324.97,205.8,2.020508,1.959285
324.97,209.3,1.997556,1.937744
324.97,212.84,1.961155,1.901786
324.97,216.39,1.920674,1.862711
324.97,219.93,1.881035,1.823185
324.97,223.52,1.84682,1.78939
324.97,227.15,1.828817,1.771257
324.97,230.69,1.834217,1.775369
324.97,234.24,1.850465,1.791346
324.97,237.78,1.863321,1.804109
324.97,241.28,1.865385,1.806953
324.97,244.82,1.856839,1.798031
324.97,248.32,1.836035,1.778669
324.97,251.87,1.809907,1.753201
324.97,255.41,1.792064,1.73423
324.97,258.91,1.78768,1.730582
324.97,262.46,1.803207,1.744331
324.97,266.0,1.855135,1.794531
324.97,269.59,1.955791,1.891167
324.97,273.26,2.122378,2.051429
324.97,276.81,2.352581,2.276746
324.97,280.35,2.67909,2.592842
324.97,283.89,3.084074,2.987342
324.97,287.57,3.590826,3.47789
324.97,291.11,4.065536,3.946272
324.97,294.7,4.502269,4.372695
324.97,298.24,4.864619,4.728015
324.97,302.01,5.168716,5.018944
324.97,305.59,5.379206,5.236794
324.97,309.09,5.541371,5.395709
324.97,312.64,5.661368,5.513549
324.97,316.14,5.752856,5.59805
324.97,319.68,5.810622,5.664091
324.97,323.22,5.847945,5.695496
324.97,326.77,5.867733,5.716608
324.97,330.27,5.873293,5.722502
324.97,333.86,5.867461,5.716941
324.97,337.36,5.852538,5.703457
324.97,340.86,5.829501,5.679951
324.97,344.44,5.797554,5.649664
324.97,348.03,5.755684,5.609307
324.97,351.53,5.704523,5.5596
324.97,355.07,5.640977,5.498688
324.97,358.57,5.564058,5.424754
324.97,362.21,5.468935,5.329942
324.97,365.75,5.363001,5.228993
324.97,369.34,5.247222,5.115965
324.97,372.88,5.124459,4.99652
324.97,376.51,4.99599,4.870232
324.97,380.01,4.863744,4.742642
324.97,383.56,4.721268,4.604423
324.97,387.06,4.568304,4.455575
324.97,390.6,4.405024,4.295708
324.97,394.27,4.23682,4.128524
324.97,397.73,4.081281,3.979066
324.97,401.27,3.929516,3.830308
324.97,404.82,3.780952,3.685558
324.97,408.32,3.632126,3.53939
324.97,411.99,3.491208,3.399643
324.97,415.49,3.365176,3.277302
324.97,419.04,3.249502,3.163029
324.97,422.58,3.151406,3.068445
324.97,426.08,3.069952,2.987459
324.97,429.58,3.001138,2.920448
324.97,433.12,2.927802,2.847718
324.97,436.71,2.85441,2.776499
324.97,440.39,2.783794,2.706468
324.97,443.93,2.727574,2.652371
324.97,447.47,2.692417,2.617614
324.97,451.02,2.66063,2.586644
324.97,454.56,2.620405,2.546447
324.97,458.28,2.572574,2.500864
324.97,461.78,2.530353,2.458967
324.97,465.32,2.498877,2.428449
324.97,468.87,2.476099,2.404897
324.97,472.46,2.455498,2.384953
324.97,476.0,2.428893,2.357953
324.97,479.5,2.400399,2.331167
324.97,483.09,2.370858,2.301678
324.97,486.72,2.339894,2.27072
324.97,490.31,2.301496,2.233329
324.97,493.89,2.262482,2.196047
324.97,497.44,2.217263,2.151817
324.97,500.98,2.165221,2.101463
324.97,504.48,2.102393,2.040206
324.97,508.07,2.049414,1.988385
324.97,511.61,2.013961,1.95324
324.97,515.11,1.991512,1.930973
324.97,518.79,1.988548,1.927926
324.97,522.29,2.001333,1.939667
324.97,525.83,2.017843,1.956216
324.97,529.29,2.033835,1.971722
324.97,532.87,2.045323,1.983025
324.97,536.37,2.035298,1.974023
324.97,539.92,2.004513,1.944399
324.97,543.46,1.970178,1.911263
324.97,546.96,1.939383,1.880249
324.97,550.46,1.91455,1.856232
324.97,554.01,1.892513,1.834759
324.97,557.51,1.867473,1.809396
324.97,560.57,1.83959,1.7824
324.97,564.68,1.821398,1.764094
324.97,568.18,1.825754,1.767326
324.97,571.77,1.857396,1.798512
324.97,575.36,1.915702,1.85264
324.97,578.86,1.996062,1.93141
324.97,582.4,2.082581,2.016293
324.97,585.99,2.167498,2.098696
324.97,589.53,2.239177,2.169888
324.97,593.03,2.289682,2.220033
324.97,596.57,2.323058,2.253206
324.97,600.16,2.339863,2.269623
324.97,603.66,2.341176,2.272079
324.97,607.12,2.320886,2.252528
324.97,610.75,2.283046,2.215775
324.97,614.29,2.239269,2.173527
324.97,617.79,2.188243,2.124041
324.97,621.47,2.133114,2.070039
324.97,624.97,2.075899,2.014938
324.97,628.51,2.018687,1.958887
324.97,632.06,1.973696,1.91386
324.97,635.6,1.945945,1.886836
324.97,638.97,1.940366,1.880705
324.97,642.6,1.952341,1.891882
324.97,646.1,1.971118,1.910092
324.97,649.69,1.996025,1.934276
324.97,653.19,2.015314,1.953465
324.97,656.73,2.015619,1.954322
324.97,660.27,1.989559,1.929402
324.97,663.77,1.933028,1.87528
324.97,667.27,1.856059,1.800662
324.97,670.91,1.770154,1.716069
324.97,674.41,1.693703,1.640527
324.97,677.95,1.650049,1.597708
324.97,681.45,1.621291,1.568503
324.97,685.04,1.593706,1.541661
324.97,688.54,1.570783,1.519193
361.11,12.64,1.996213,1.872963
361.11,16.23,1.983909,1.921133
361.11,19.73,1.967661,1.906364
361.11,23.32,1.947667,1.88703
361.11,26.82,1.930502,1.870588
361.11,30.76,1.92325,1.86146
361.11,34.3,1.923678,1.863943
361.11,37.89,1.929953,1.868484
361.11,41.43,1.934085,1.873505
361.11,45.02,1.930637,1.867008
361.11,48.74,1.921919,1.86053
361.11,52.24,1.915573,1.855357
361.11,55.78,1.909919,1.849611
361.11,59.37,1.901167,1.840782
361.11,62.91,1.898696,1.838684
361.11,66.41,1.908989,1.848299
361.11,69.96,1.928361,1.867735
361.11,73.63,1.942436,1.881669
361.11,77.17,1.94198,1.88194
361.11,80.72,1.932581,1.873277
361.11,84.35,1.916629,1.857267
361.11,87.85,1.902273,1.843013
361.11,91.35,1.891823,1.833188
361.11,94.98,1.887128,1.828737
361.11,98.48,1.884257,1.824907
361.11,102.02,1.880412,1.822138
361.11,105.7,1.876448,1.813601
361.11,109.37,1.881441,1.820859
361.11,112.83,1.890462,1.829935
361.11,116.46,1.894229,1.833943
361.11,120.01,1.893268,1.832504
361.11,123.59,1.889818,1.830594
361.11,127.09,1.889608,1.829371
361.11,130.59,1.892788,1.832889
361.11,134.18,1.897513,1.837424
361.11,137.72,1.904294,1.844094
361.11,141.27,1.913872,1.853573
361.11,144.77,1.927375,1.867067
361.11,148.57,1.943838,1.88223
361.11,152.34,1.962572,1.897267
361.11,155.92,1.983114,1.919932
361.11,159.56,2.005708,1.941447
361.11,163.1,2.033274,1.969497
361.11,166.69,2.064063,1.998783
361.11,170.36,2.089814,2.024238
361.11,173.91,2.100458,2.035973
361.11,177.45,2.099171,2.035129
361.11,181.26,2.092944,2.028323
361.11,184.76,2.087168,2.023952
361.11,188.39,2.082938,2.020172
361.11,191.93,2.07946,2.016053
361.11,195.52,2.074731,2.011201
361.11,198.97,2.075505,2.01203
361.11,202.56,2.087852,2.024165
361.11,206.11,2.109081,2.044682
361.11,209.61,2.132606,2.067144
361.11,213.15,2.146592,2.08052
361.11,216.74,2.148474,2.082334
361.11,220.28,2.133967,2.06926
361.11,223.82,2.102424,2.038662
361.11,227.37,2.06703,2.004525
361.11,230.91,2.031207,1.96991
361.11,234.32,2.000803,1.939122
361.11,237.96,1.979488,1.918114
361.11,241.5,1.970637,1.908663
361.11,245.31,1.985465,1.922483
361.11,248.89,2.026574,1.963367
361.11,252.39,2.082911,2.018246
361.11,255.85,2.138705,2.072951
361.11,259.61,2.186777,2.118887
361.11,263.11,2.229848,2.162944
361.11,266.74,2.275119,2.206108
361.11,270.2,2.327578,2.257824
361.11,273.74,2.391533,2.320088
361.11,277.29,2.464299,2.390627
361.11,280.83,2.534574,2.458394
361.11,284.42,2.601015,2.524706
361.11,288.01,2.67941,2.598905
361.11,291.64,2.778701,2.695695
361.11,295.18,2.890177,2.80428
361.11,298.81,2.998636,2.911594
361.11,302.36,3.100463,3.011557
361.11,305.9,3.199841,3.108442
361.11,309.53,3.290672,3.19859
361.11,313.03,3.374973,3.281421
361.11,316.62,3.451109,3.356103
361.11,320.21,3.515693,3.418445
361.11,323.84,3.558922,3.462924
361.11,327.34,3.58963,3.493743
361.11,330.92,3.614193,3.516075
361.11,334.47,3.636882,3.536978
361.11,338.01,3.658463,3.560798
361.11,341.56,3.674088,3.575801
361.11,345.06,3.675287,3.576997
361.11,348.95,3.653161,3.550663
361.11,352.41,3.612289,3.516824
361.11,355.91,3.554936,3.460576
361.11,359.45,3.493777,3.401606
361.11,362.95,3.42639,3.335105
361.11,366.49,3.354637,3.265857
361.11,370.08,3.275595,3.18729
361.11,373.67,3.198451,3.113233
361.11,377.34,3.123482,3.039644
361.11,380.84,3.055931,2.973997
361.11,384.34,2.989659,2.909416
361.11,387.93,2.921277,2.841998
361.11,391.43,2.850793,2.774083
361.11,394.84,2.767746,2.689201
361.11,398.74,2.688849,2.615636
361.11,402.24,2.612044,2.539173
361.11,405.87,2.539213,2.467445
361.11,409.37,2.473434,2.403227
361.11,412.96,2.418341,2.349096
361.11,416.46,2.364632,2.296561
361.11,420.0,2.313533,2.246555
361.11,423.54,2.268123,2.201965
361.11,427.13,2.22271,2.156669
361.11,430.59,2.174876,2.110446
361.11,434.22,2.129697,2.065945
361.11,437.72,2.087991,2.024996
361.11,441.22,2.051192,1.989063
361.11,444.85,2.02332,1.961124
361.11,448.35,2.017985,1.955754
361.11,451.89,2.028684,1.965751
361.11,455.48,2.028767,1.966598
361.11,459.07,2.015828,1.95426
361.11,462.57,1.992544,1.931947
361.11,466.11,1.962917,1.902997
361.11,470.4,1.933539,1.864809
361.11,474.03,1.914901,1.855111
361.11,477.62,1.905492,1.845517
361.11,481.12,1.909353,1.849584
361.11,484.71,1.926232,1.865662
361.11,488.34,1.953447,1.892184
361.11,491.79,1.989645,1.92747
361.11,495.25,2.031823,1.968813
361.11,498.84,2.062553,1.999279
361.11,502.34,2.074574,2.011543
361.11,505.92,2.071731,2.009168
361.11,509.47,2.063604,2.00162
361.11,513.01,2.059405,1.99678
361.11,516.51,2.071383,2.008148
361.11,520.01,2.091302,2.027288
361.11,523.73,2.114463,2.048921
361.11,527.19,2.135702,2.071087
361.11,530.73,2.145585,2.0804
361.11,534.32,2.146641,2.080335
361.11,537.82,2.140175,2.075665
361.11,541.54,2.126188,2.059248
361.11,544.6,2.104753,2.041112
361.11,548.58,2.073554,2.010508
361.11,552.17,2.035187,1.973687
361.11,555.76,1.991315,1.930532
361.11,559.26,1.940757,1.88129
361.11,562.76,1.897208,1.838493
361.11,566.34,1.871968,1.813299
361.11,569.84,1.862359,1.803866
361.11,573.47,1.860104,1.801364
361.11,577.06,1.854334,1.796543
361.11,580.52,1.842896,1.785437
361.11,584.15,1.829652,1.772218
361.11,587.69,1.817098,1.760015
361.11,591.19,1.816075,1.758934
361.11,594.74,1.824722,1.766944
361.11,598.24,1.829393,1.771762
361.11,601.78,1.835554,1.777859
361.11,604.89,1.846657,1.788946
361.11,608.3,1.860225,1.80146
361.11,612.46,1.868783,1.80984
361.11,615.91,1.87288,1.81418
361.11,620.07,1.876611,1.810345
361.11,623.7,1.877159,1.817849
361.11,627.2,1.875526,1.816522
361.11,630.83,1.870409,1.811971
361.11,634.51,1.861275,1.802196
361.11,638.05,1.839796,1.783275
361.11,641.59,1.801266,1.745194
361.11,645.09,1.759248,1.704239
361.11,648.68,1.721417,1.666183
361.11,652.22,1.696472,1.641753
361.11,655.72,1.680625,1.626245
361.11,659.31,1.66655,1.611023
361.11,662.86,1.651882,1.597699
361.11,666.44,1.641152,1.586051
361.11,669.94,1.637471,1.583509
361.11,673.44,1.631651,1.577628
361.11,677.03,1.619501,1.565089
361.11,680.66,1.605669,1.551713
361.11,684.25,1.591026,1.537329
361.11,687.79,1.570912,1.518256
397.29,12.51,1.849611,1.734639
397.29,16.14,1.828465,1.769722
397.29,19.56,1.820101,1.762101
397.29,23.19,1.821956,1.764029
397.29,26.69,1.827045,1.768817
397.29,30.23,1.829257,1.770915
397.29,33.77,1.831287,1.773315
397.29,37.41,1.836309,1.77813
397.29,40.64,1.847717,1.788247
397.29,44.62,1.860483,1.800727
397.29,48.12,1.869565,1.81065
397.29,51.76,1.875502,1.814824
397.29,55.3,1.880046,1.819701
397.29,58.84,1.890265,1.828869
397.29,62.43,1.911355,1.849608
397.29,65.97,1.934439,1.872862
397.29,69.56,1.948182,1.886595
397.29,73.5,1.950163,1.887957
397.29,77.0,1.948351,1.888321
397.29,80.54,1.944916,1.884898
397.29,84.09,1.940865,1.880791
397.29,87.59,1.940221,1.880144
397.29,91.22,1.941346,1.880542
397.29,94.63,1.945788,1.885468
397.29,98.31,1.954673,1.893552
397.29,101.94,1.967486,1.905246
397.29,105.26,1.98332,1.920243
397.29,109.02,1.998958,1.935646
397.29,112.52,2.016004,1.953496
397.29,116.07,2.037322,1.973484
397.29,119.7,2.061583,1.996589
397.29,123.2,2.081814,2.017239
397.29,126.57,2.097482,2.03214
397.29,130.24,2.110813,2.045471
397.29,133.48,2.122171,2.057107
397.29,137.24,2.126848,2.06214
397.29,140.92,2.122874,2.058145
397.29,144.37,2.112445,2.048678
397.29,148.05,2.099476,2.033154
397.29,151.94,2.095822,2.03215
397.29,155.49,2.094466,2.030474
397.29,159.07,2.09223,2.029109
397.29,162.57,2.092338,2.028964
397.29,166.12,2.094663,2.030819
397.29,169.66,2.095902,2.032134
397.29,173.16,2.091355,2.028283
397.29,176.88,2.086537,2.01959
397.29,180.42,2.08898,2.024371
397.29,184.01,2.096389,2.031709
397.29,187.56,2.096444,2.03199
397.29,191.1,2.082492,2.018595
397.29,194.64,2.063832,2.000837
397.29,198.19,2.047519,1.98475
397.29,201.73,2.038089,1.975748
397.29,205.32,2.033022,1.970859
397.29,208.91,2.025391,1.963706
397.29,212.41,2.011512,1.950335
397.29,215.99,1.997895,1.937199
397.29,219.54,1.994466,1.933465
397.29,223.04,1.998096,1.935237
397.29,226.8,2.001358,1.939667
397.29,230.3,2.000625,1.939032
397.29,233.89,1.996903,1.93447
397.29,237.52,1.995446,1.931879
397.29,241.06,1.997578,1.935283
397.29,244.65,1.998542,1.936327
397.29,248.11,1.993592,1.931417
397.29,251.96,1.986155,1.923046
397.29,255.63,1.989932,1.928542
397.29,259.22,1.998742,1.937107
397.29,262.76,2.004479,1.942729
397.29,266.35,2.020132,1.957122
397.29,269.89,2.039851,1.976999
397.29,273.48,2.048998,1.986743
397.29,276.98,2.049679,1.986632
397.29,280.57,2.047393,1.984608
397.29,284.07,2.047732,1.98508
397.29,287.61,2.057978,1.994919
397.29,291.11,2.082612,2.017957
397.29,294.66,2.114931,2.04983
397.29,298.16,2.152565,2.086447
397.29,301.7,2.190526,2.123548
397.29,305.2,2.227861,2.159411
397.29,308.74,2.262787,2.194013
397.29,312.68,2.300245,2.227516
397.29,316.18,2.336465,2.266555
397.29,319.72,2.37006,2.299592
397.29,323.27,2.395563,2.324934
397.29,326.86,2.413804,2.342504
397.29,330.4,2.427651,2.357171
397.29,333.99,2.441419,2.370042
397.29,337.36,2.457697,2.386253
397.29,341.12,2.484839,2.41157
397.29,344.66,2.513708,2.440781
397.29,348.21,2.536989,2.463046
397.29,351.71,2.554644,2.480923
397.29,355.29,2.574959,2.500387
397.29,358.88,2.606751,2.530131
397.29,362.34,2.634407,2.558865
397.29,365.88,2.647469,2.571154
397.29,369.42,2.650421,2.57421
397.29,372.62,2.649111,2.573286
397.29,376.56,2.636299,2.56075
397.29,380.06,2.609154,2.534971
397.29,383.51,2.57709,2.504102
397.29,387.01,2.544339,2.471459
397.29,390.6,2.51218,2.439626
397.29,394.14,2.48807,2.415427
397.29,397.77,2.467741,2.395683
397.29,401.32,2.441727,2.37059
397.29,404.86,2.410726,2.340945
397.29,408.32,2.382257,2.313243
397.29,411.86,2.364503,2.295649
397.29,415.45,2.359364,2.289679
397.29,419.04,2.35873,2.289414
397.29,422.54,2.355255,2.285936
397.29,426.08,2.345421,2.276931
397.29,429.62,2.327839,2.259586
397.29,433.08,2.301456,2.234371
397.29,436.71,2.265181,2.199257
397.29,440.3,2.218345,2.154174
397.29,443.8,2.163194,2.100267
397.29,447.12,2.100116,2.038946
397.29,450.84,2.032763,1.972655
397.29,454.39,1.976697,1.917439
397.29,458.02,1.943564,1.884208
397.29,461.61,1.934457,1.873607
397.29,465.11,1.944189,1.882834
397.29,468.65,1.950988,1.889793
397.29,472.24,1.938998,1.878077
397.29,475.82,1.912661,1.853083
397.29,479.41,1.882409,1.822341
397.29,482.96,1.856217,1.797403
397.29,486.5,1.829417,1.77199
397.29,490.0,1.802871,1.7452
397.29,493.37,1.788016,1.730296
397.29,497.22,1.791814,1.73398
397.29,500.76,1.808355,1.749914
397.29,504.26,1.823712,1.765379
397.29,507.81,1.834538,1.776281
397.29,511.39,1.839316,1.781133
397.29,515.02,1.837837,1.780274
397.29,518.52,1.839288,1.781278
397.29,522.07,1.848943,1.79117
397.29,525.66,1.863241,1.804325
397.29,529.16,1.872615,1.813928
397.29,532.7,1.871099,1.812624
397.29,536.2,1.853364,1.795819
397.29,539.57,1.819605,1.762332
397.29,543.37,1.777338,1.721817
397.29,546.87,1.737122,1.681497
397.29,550.51,1.703872,1.648272
397.29,553.96,1.676836,1.623111
397.29,557.46,1.652843,1.599177
397.29,561.09,1.62712,1.572545
397.29,564.59,1.59439,1.541645
397.29,568.14,1.554547,1.50265
397.29,571.64,1.514141,1.463374
397.29,575.27,1.486402,1.435533
397.29,578.81,1.474711,1.4237
397.29,582.31,1.470767,1.420145
397.29,585.99,1.468962,1.417619
397.29,589.53,1.471916,1.421322
397.29,593.07,1.480826,1.429831
397.29,596.62,1.484726,1.434286
397.29,600.34,1.487,1.434661
397.29,603.88,1.49708,1.447305
397.29,607.38,1.51655,1.465071
397.29,610.84,1.532206,1.480327
397.29,614.38,1.544295,1.492452
397.29,617.97,1.559427,1.506679
397.29,621.42,1.576821,1.524248
397.29,625.01,1.594205,1.540752
397.29,628.51,1.610545,1.556981
397.29,632.01,1.626229,1.571824
397.29,635.6,1.645533,1.590989
397.29,639.1,1.664978,1.609772
397.29,642.64,1.680493,1.625108
397.29,646.23,1.696272,1.640052
397.29,649.73,1.714411,1.657209
397.29,653.27,1.727489,1.67077
397.29,656.77,1.735071,1.678053
397.29,660.14,1.736549,1.677092
397.29,664.21,1.734479,1.677785
397.29,667.76,1.736506,1.680046
397.29,671.26,1.738992,1.682726
397.29,674.71,1.73451,1.678105
397.29,678.3,1.721935,1.666171
397.29,681.89,1.705243,1.650169
397.29,685.43,1.689177,1.634683
433.56,12.16,1.962473,1.842806
433.56,15.75,1.958884,1.897301
433.56,19.29,1.93991,1.879639
433.56,22.71,1.912615,1.852113
433.56,26.42,1.886207,1.826072
433.56,30.06,1.867252,1.80459
433.56,33.86,1.85987,1.801232
433.56,37.06,1.853247,1.794639
433.56,40.91,1.851713,1.79305
433.56,44.49,1.854125,1.7956
433.56,48.04,1.855702,1.797249
433.56,52.28,1.866281,1.797849
433.56,55.74,1.88585,1.826463
433.56,59.32,1.912424,1.851078
433.56,62.96,1.937424,1.874673
433.56,66.76,1.96296,1.900452
433.56,70.31,1.986657,1.924963
433.56,73.85,2.00609,1.944245
433.56,77.39,2.020689,1.958302
433.56,80.94,2.030135,1.967794
433.56,84.48,2.034778,1.972775
433.56,88.07,2.029799,1.967886
433.56,91.61,2.018601,1.956081
433.56,95.11,2.011518,1.950508
433.56,98.57,2.007396,1.945905
433.56,102.16,1.997107,1.935881
433.56,105.74,1.980277,1.919479
433.56,109.29,1.963068,1.902492
433.56,112.79,1.947399,1.886882
433.56,116.29,1.933662,1.874011
433.56,119.87,1.921303,1.860172
433.56,123.42,1.908108,1.847745
433.56,127.05,1.897769,1.836589
433.56,130.64,1.892409,1.832409
433.56,134.18,1.88878,1.829057
433.56,137.77,1.890379,1.830135
433.56,141.27,1.903564,1.842621
433.56,144.81,1.92731,1.86605
433.56,148.36,1.957341,1.895052
433.56,151.9,1.988268,1.925813
433.56,155.44,2.015197,1.952353
433.56,159.07,2.03202,1.969072
433.56,162.57,2.037606,1.975267
433.56,166.16,2.036071,1.974017
433.56,169.75,2.030539,1.968715
433.56,172.72,2.026081,1.964701
433.56,176.75,2.022609,1.960557
433.56,180.42,2.021182,1.957861
433.56,183.92,2.020471,1.958844
433.56,187.25,2.020252,1.958533
433.56,191.01,2.01914,1.957538
433.56,194.51,2.015899,1.953049
433.56,198.1,2.012005,1.950283
433.56,201.6,2.006429,1.944328
433.56,205.14,2.000406,1.938813
433.56,208.69,1.994821,1.932236
433.56,212.23,1.987233,1.926001
433.56,215.77,1.97898,1.917446
433.56,219.23,1.974756,1.913669
433.56,222.82,1.976309,1.914701
433.56,226.36,1.982966,1.920338
433.56,229.91,1.984325,1.922076
433.56,233.45,1.973887,1.912017
433.56,237.04,1.952168,1.891571
433.56,240.49,1.927156,1.867298
433.56,244.04,1.9013,1.841962
433.56,247.54,1.879279,1.820135
433.56,251.17,1.870542,1.811811
433.56,254.71,1.877936,1.818509
433.56,258.21,1.893918,1.833992
433.56,262.06,1.913228,1.850209
433.56,265.65,1.928034,1.868613
433.56,269.19,1.941352,1.880714
433.56,272.74,1.961956,1.900126
433.56,276.28,1.991072,1.929337
433.56,279.78,2.027057,1.96337
433.56,283.37,2.060005,1.995166
433.56,286.96,2.089654,2.024251
433.56,290.41,2.122482,2.0569
433.56,294.0,2.154901,2.08808
433.56,297.54,2.179586,2.112766
433.56,301.04,2.189617,2.122424
433.56,304.67,2.18235,2.115988
433.56,308.22,2.165095,2.09974
433.56,311.81,2.149278,2.08434
433.56,315.31,2.13735,2.07272
433.56,318.89,2.127883,2.063397
433.56,322.61,2.114528,2.050092
433.56,326.2,2.096497,2.034097
433.56,329.74,2.080689,2.017941
433.56,333.33,2.077448,2.013601
433.56,336.96,2.085434,2.020126
433.56,340.51,2.104771,2.040754
433.56,344.05,2.135418,2.07015
433.56,347.59,2.169719,2.10316
433.56,351.18,2.201564,2.131191
433.56,354.77,2.228699,2.161087
433.56,358.27,2.253868,2.185625
433.56,361.77,2.276469,2.207889
433.56,365.53,2.294201,2.222689
433.56,369.16,2.296441,2.228376
433.56,372.66,2.296826,2.228557
433.56,376.16,2.312057,2.243114
433.56,379.75,2.338995,2.269306
433.56,383.34,2.35722,2.287427
433.56,386.92,2.357913,2.28857
433.56,390.51,2.341706,2.273203
433.56,394.01,2.321049,2.253428
433.56,397.6,2.30425,2.236592
433.56,401.14,2.291438,2.224294
433.56,404.69,2.271675,2.204839
433.56,408.19,2.237085,2.172254
433.56,411.64,2.189599,2.12584
433.56,415.19,2.139445,2.076771
433.56,418.69,2.091102,2.029556
433.56,422.23,2.055779,1.993576
433.56,425.86,2.035298,1.971746
433.56,429.45,2.02332,1.960403
433.56,432.99,2.01064,1.94772
433.56,436.71,1.993801,1.930597
433.56,440.52,1.972815,1.911315
433.56,444.11,1.949858,1.890249
433.56,447.65,1.920489,1.861823
433.56,451.15,1.886022,1.828327
433.56,454.78,1.848022,1.789451
433.56,458.46,1.813469,1.756568
433.56,461.96,1.786811,1.730277
433.56,465.46,1.773265,1.716254
433.56,469.09,1.762221,1.704371
433.56,472.63,1.741358,1.6854
433.56,476.13,1.708949,1.654039
433.56,479.72,1.671038,1.616312
433.56,483.31,1.635203,1.580921
433.56,486.89,1.609137,1.555388
433.56,490.39,1.590132,1.537264
433.56,493.98,1.569661,1.516929
433.56,497.48,1.545548,1.493666
433.56,501.37,1.515715,1.464738
433.56,504.92,1.493161,1.443355
433.56,508.51,1.482606,1.431427
433.56,512.09,1.482865,1.432394
433.56,515.94,1.491762,1.434788
433.56,519.53,1.506402,1.454335
433.56,523.07,1.534039,1.480841
433.56,526.57,1.574372,1.519547
433.56,530.25,1.622283,1.565863
433.56,533.84,1.663429,1.607723
433.56,537.34,1.693934,1.637705
433.56,540.88,1.708592,1.65236
433.56,544.95,1.708253,1.647914
433.56,548.49,1.700407,1.645764
433.56,552.04,1.689147,1.633721
433.56,555.58,1.677853,1.622545
433.56,559.08,1.674689,1.618444
433.56,562.71,1.674738,1.619433
433.56,566.3,1.671362,1.61528
433.56,569.8,1.663238,1.608509
433.56,573.3,1.655234,1.600154
433.56,576.89,1.649014,1.594587
433.56,580.34,1.649778,1.594846
433.56,583.84,1.662403,1.607104
433.56,587.43,1.680105,1.624097
433.56,590.97,1.697375,1.640958
433.56,594.52,1.708379,1.652092
433.56,598.02,1.719898,1.663389
433.56,601.52,1.738869,1.681848
433.56,605.11,1.764655,1.706959
433.56,608.69,1.783204,1.725739
433.56,612.28,1.788971,1.731916
433.56,615.78,1.786019,1.729146
433.56,619.41,1.780724,1.722702
433.56,623.09,1.767991,1.712649
433.56,626.59,1.748681,1.692914
433.56,630.13,1.740299,1.684042
433.56,633.72,1.750413,1.691633
433.56,637.31,1.773496,1.715505
433.56,640.94,1.808583,1.748768
433.56,644.44,1.852825,1.792775
433.56,647.89,1.891826,1.830884
433.56,651.48,1.916839,1.855474
433.56,654.98,1.930077,1.868465
433.56,658.57,1.929439,1.868401
433.56,662.07,1.918505,1.858281
433.56,665.61,1.904562,1.844303
433.56,669.11,1.893589,1.834146
433.56,672.61,1.88699,1.827048
433.56,676.16,1.887855,1.828031
433.56,679.74,1.898835,1.837982
433.56,683.24,1.912325,1.85154
433.56,686.74,1.90942,1.849273
469.61,11.51,1.71894,1.608611
469.61,15.05,1.692064,1.635764
469.61,18.81,1.654569,1.599248
469.61,22.31,1.61789,1.564901
469.61,25.94,1.590037,1.537548
469.61,29.53,1.573715,1.521485
469.61,33.03,1.570536,1.518032
469.61,36.62,1.581128,1.527508
469.61,40.16,1.6035,1.549535
469.61,43.75,1.639911,1.584356
469.61,47.29,1.683968,1.627384
469.61,50.88,1.728675,1.671306
469.61,54.38,1.767942,1.70979
469.61,57.84,1.793167,1.7352
469.61,61.42,1.805175,1.746636
469.61,65.01,1.80573,1.747076
469.61,68.56,1.800742,1.743419
469.61,72.01,1.795089,1.737055
469.61,75.6,1.786934,1.729914
469.61,79.1,1.774257,1.716158
469.61,82.64,1.764143,1.707498
469.61,86.32,1.757467,1.698213
469.61,89.95,1.758755,1.700866
469.61,93.54,1.766897,1.709411
469.61,97.08,1.778795,1.721167
469.61,100.62,1.794722,1.736648
469.61,104.12,1.818268,1.759612
469.61,107.71,1.843786,1.784913
469.61,111.17,1.859947,1.801118
469.61,114.76,1.865163,1.80638
469.61,118.21,1.864424,1.806066
469.61,121.76,1.859273,1.80105
469.61,125.3,1.853934,1.795865
469.61,128.89,1.847221,1.789223
469.61,131.91,1.836121,1.778678
469.61,135.97,1.821719,1.764775
469.61,139.52,1.806629,1.74955
469.61,143.06,1.79113,1.734069
469.61,146.74,1.776275,1.717603
469.61,150.32,1.765785,1.708161
469.61,153.82,1.760456,1.704039
469.61,157.37,1.756753,1.69988
469.61,160.82,1.752089,1.695773
469.61,164.46,1.748037,1.690582
469.61,168.0,1.748167,1.690268
469.61,171.59,1.748231,1.690604
469.61,175.13,1.747116,1.689797
469.61,178.59,1.747763,1.690573
469.61,182.35,1.755178,1.698309
469.61,185.85,1.768595,1.711244
469.61,189.39,1.78012,1.72272
469.61,193.07,1.783373,1.725505
469.61,196.66,1.773786,1.717717
469.61,200.24,1.756673,1.700505
469.61,203.79,1.74235,1.686928
469.61,207.24,1.738345,1.682668
469.61,210.83,1.74939,1.692067
469.61,214.37,1.772748,1.714852
469.61,218.05,1.8,1.740148
469.61,221.64,1.824781,1.764655
469.61,225.22,1.838943,1.779193
469.61,228.72,1.849152,1.789396
469.61,232.31,1.866623,1.806032
469.61,235.81,1.888764,1.827988
469.61,239.44,1.909926,1.848502
469.61,242.99,1.929815,1.867846
469.61,246.57,1.948357,1.88674
469.61,250.16,1.968502,1.906349
469.61,253.84,1.995982,1.927489
469.61,257.42,2.0243,1.966719
469.61,260.97,2.059014,1.995274
469.61,264.56,2.084864,2.02076
469.61,268.06,2.097282,2.033786
469.61,271.56,2.100936,2.037103
469.61,275.14,2.100612,2.036509
469.61,278.69,2.097448,2.033277
469.61,282.19,2.091423,2.027803
469.61,285.73,2.087291,2.02296
469.61,289.32,2.08714,2.023755
469.61,292.82,2.09283,2.028296
469.61,296.41,2.10922,2.04401
469.61,299.73,2.133551,2.065924
469.61,303.54,2.148385,2.082966
469.61,307.04,2.158998,2.093117
469.61,310.62,2.17028,2.103841
469.61,313.95,2.179358,2.112547
469.61,317.71,2.184645,2.118551
469.61,321.26,2.187997,2.121265
469.61,324.8,2.190751,2.124448
469.61,328.39,2.187578,2.121764
469.61,331.93,2.175665,2.110455
469.61,335.47,2.163958,2.098952
469.61,339.02,2.159186,2.094457
469.61,342.61,2.15491,2.090286
469.61,346.11,2.145723,2.081259
469.61,349.69,2.132763,2.069454
469.61,353.19,2.115514,2.051919
469.61,356.74,2.094208,2.031635
469.61,360.32,2.068758,2.006259
469.61,363.82,2.041934,1.979158
469.61,367.5,2.021275,1.960169
469.61,370.78,2.006928,1.945012
469.61,374.41,2.001364,1.935502
469.61,378.26,1.999716,1.937252
469.61,381.85,1.997202,1.934778
469.61,385.39,1.99321,1.930976
469.61,389.07,1.989574,1.927378
469.61,392.57,1.991857,1.93016
469.61,396.11,1.995982,1.934162
469.61,399.61,2.001685,1.939836
469.61,403.16,2.003952,1.942224
469.61,406.74,1.996555,1.935305
469.61,410.37,1.979337,1.918977
469.61,413.92,1.957532,1.897439
469.61,417.59,1.944146,1.882976
469.61,421.09,1.942892,1.881823
469.61,424.68,1.94256,1.881925
469.61,428.22,1.934106,1.872862
469.61,431.81,1.918478,1.858102
469.61,435.27,1.898773,1.839806
469.61,438.86,1.870009,1.81138
469.61,442.44,1.83548,1.776971
469.61,445.99,1.800554,1.743398
469.61,449.49,1.773937,1.717363
469.61,453.07,1.76118,1.703798
469.61,456.62,1.7567,1.699405
469.61,460.12,1.759029,1.701833
469.61,463.53,1.765376,1.707572
469.61,467.25,1.772979,1.714874
469.61,470.79,1.777159,1.719689
469.61,474.34,1.775286,1.718284
469.61,478.76,1.769162,1.704316
469.61,482.26,1.761765,1.704584
469.61,485.76,1.752501,1.6954
469.61,489.34,1.741013,1.683934
469.61,493.06,1.733481,1.677169
469.61,496.69,1.735915,1.679781
469.61,500.19,1.743007,1.686784
469.61,503.78,1.752338,1.695872
469.61,507.24,1.760129,1.703826
469.61,510.82,1.759328,1.703339
469.61,514.37,1.749365,1.693555
469.61,517.91,1.73365,1.678487
469.61,521.46,1.719892,1.664532
469.61,525.0,1.713281,1.658127
469.61,528.5,1.717313,1.661932
469.61,532.09,1.733915,1.676956
469.61,535.67,1.758521,1.701546
469.61,539.17,1.7776,1.719581
469.61,542.72,1.788053,1.730425
469.61,546.26,1.794131,1.736352
469.61,549.81,1.796666,1.738891
469.61,553.44,1.789316,1.730308
469.61,556.94,1.773204,1.715862
469.61,560.52,1.759223,1.701938
469.61,564.07,1.750533,1.692942
469.61,567.57,1.74415,1.687375
469.61,571.2,1.741164,1.683626
469.61,574.7,1.742566,1.685739
469.61,578.29,1.75016,1.693096
469.61,581.79,1.75935,1.70236
469.61,585.64,1.765259,1.707625
469.61,589.27,1.768047,1.711309
469.61,592.9,1.769793,1.712372
469.61,596.49,1.772569,1.714097
469.61,600.12,1.778435,1.718888
469.61,603.71,1.783808,1.724966
469.61,607.29,1.784251,1.726174
469.61,610.88,1.78232,1.724633
469.61,614.47,1.780548,1.722384
469.61,618.01,1.785299,1.727908
469.61,621.6,1.806177,1.747612
469.61,625.19,1.839396,1.780305
469.61,628.64,1.8769,1.816441
469.61,632.23,1.911293,1.850644
469.61,635.86,1.93451,1.873835
469.61,639.36,1.948767,1.888059
469.61,642.99,1.950178,1.889667
469.61,646.62,1.941025,1.878635
469.61,650.12,1.932837,1.873037
469.61,653.62,1.927168,1.866977
469.61,657.26,1.926897,1.866334
469.61,660.8,1.94166,1.878678
469.61,664.39,1.969507,1.907513
469.61,667.93,1.998296,1.935425
469.61,671.52,2.023678,1.958154
469.61,675.15,2.045948,1.981913
469.61,678.65,2.065603,2.000927
469.61,682.24,2.072877,2.008872
469.61,685.82,2.06532,2.002288
505.71,11.81,1.585669,1.484997
505.71,15.44,1.590635,1.536473
505.71,19.07,1.597157,1.541399
505.71,22.66,1.605967,1.551248
505.71,26.16,1.618749,1.564402
505.71,29.71,1.633145,1.578691
505.71,33.21,1.642822,1.587951
505.71,36.71,1.650049,1.595625
505.71,40.25,1.658743,1.603444
505.71,43.79,1.672049,1.615561
505.71,47.29,1.690918,1.634581
505.71,50.53,1.708444,1.651596
505.71,54.38,1.720351,1.663626
505.71,57.92,1.727227,1.669606
505.71,61.47,1.735594,1.678262
505.71,64.97,1.745068,1.68801
505.71,68.51,1.751217,1.693743
505.71,72.45,1.755859,1.69748
505.71,75.99,1.761097,1.704442
505.71,79.45,1.769263,1.712233
505.71,83.12,1.783441,1.726103
505.71,86.8,1.794303,1.733965
505.71,90.34,1.799501,1.742874
505.71,93.84,1.804282,1.746546
505.71,97.39,1.808265,1.750471
505.71,100.89,1.807923,1.750499
505.71,104.39,1.797726,1.740289
505.71,107.97,1.777449,1.720262
505.71,111.47,1.755363,1.699211
505.71,115.02,1.741488,1.685068
505.71,118.61,1.740289,1.682868
505.71,122.15,1.746389,1.688798
505.71,125.69,1.756405,1.698573
505.71,129.24,1.771944,1.713355
505.71,132.78,1.787997,1.729411
505.71,136.32,1.804815,1.745859
505.71,139.91,1.819883,1.761023
505.71,143.41,1.831993,1.772951
505.71,146.78,1.839602,1.780699
505.71,150.54,1.845985,1.787372
505.71,154.04,1.849066,1.790718
505.71,157.06,1.849448,1.790946
505.71,160.91,1.852591,1.794131
505.71,164.76,1.856398,1.798425
505.71,168.26,1.8589,1.800671
505.71,171.85,1.858302,1.799836
505.71,175.39,1.851768,1.793811
505.71,178.98,1.843481,1.7852
505.71,182.48,1.836232,1.778426
505.71,186.07,1.831192,1.772615
505.71,189.61,1.825967,1.767775
505.71,193.16,1.82175,1.763312
505.71,196.66,1.82085,1.763007
505.71,200.2,1.825064,1.766238
505.71,203.79,1.837107,1.777677
505.71,207.07,1.849676,1.790671
505.71,210.79,1.858921,1.79971
505.71,214.37,1.865496,1.805832
505.71,217.92,1.873324,1.812939
505.71,221.37,1.878696,1.818558
505.71,224.96,1.874861,1.815499
505.71,228.51,1.863194,1.804177
505.71,232.01,1.848758,1.790166
505.71,235.55,1.834584,1.776201
505.71,239.09,1.823099,1.764547
505.71,242.29,1.812929,1.754972
505.71,246.18,1.800548,1.742979
505.71,249.68,1.786713,1.729522
505.71,253.27,1.771984,1.71504
505.71,256.77,1.755382,1.699445
505.71,260.31,1.732061,1.676765
505.71,263.9,1.707412,1.652951
505.71,267.4,1.687341,1.633364
505.71,271.12,1.671312,1.616935
505.71,274.62,1.665058,1.610789
505.71,278.12,1.674966,1.62028
505.71,281.66,1.697412,1.641719
505.71,285.12,1.722532,1.665924
505.71,288.79,1.745788,1.688398
505.71,292.38,1.768321,1.709485
505.71,295.97,1.78142,1.722936
505.71,299.42,1.786081,1.728623
505.71,303.14,1.790037,1.730406
505.71,306.69,1.790909,1.732196
505.71,310.23,1.787467,1.72927
505.71,313.73,1.782434,1.725077
505.71,317.27,1.779208,1.721827
505.71,320.86,1.780681,1.72248
505.71,324.45,1.792738,1.734461
505.71,328.08,1.817982,1.758965
505.71,331.67,1.840662,1.782104
505.71,335.3,1.849236,1.791053
505.71,338.97,1.847834,1.786361
505.71,342.69,1.846811,1.78597
505.71,346.24,1.856842,1.798318
505.71,349.87,1.888897,1.826673
505.71,353.41,1.936337,1.873167
505.71,356.87,1.984836,1.921256
505.71,360.5,2.03137,1.966263
505.71,364.13,2.067606,2.002603
505.71,367.63,2.090366,2.02576
505.71,371.52,2.100609,2.034913
505.71,375.02,2.096493,2.032911
505.71,378.61,2.080769,2.018314
505.71,382.29,2.065957,2.001916
505.71,385.83,2.060147,1.996038
505.71,389.33,2.066629,2.003046
505.71,392.57,2.08105,2.016879
505.71,396.42,2.098256,2.033576
505.71,400.01,2.112812,2.04666
505.71,403.59,2.114553,2.048696
505.71,407.14,2.111188,2.046278
505.71,410.68,2.111108,2.046189
505.71,414.22,2.110261,2.045782
505.71,417.72,2.102248,2.037871
505.71,421.27,2.075699,2.012633
505.71,424.94,2.028305,1.96666
505.71,428.44,1.969245,1.90983
505.71,431.94,1.90772,1.849809
505.71,435.49,1.856488,1.799507
505.71,439.03,1.822489,1.765511
505.71,442.71,1.808056,1.750742
505.71,445.94,1.80813,1.750859
505.71,449.75,1.8104,1.75297
505.71,453.29,1.808336,1.75106
505.71,456.84,1.805804,1.747976
505.71,460.34,1.80508,1.7463
505.71,464.14,1.805262,1.746676
505.71,467.73,1.79675,1.736987
505.71,471.27,1.776666,1.719578
505.71,474.82,1.75479,1.697945
505.71,478.36,1.739667,1.683155
505.71,481.95,1.72931,1.672591
505.71,485.54,1.720194,1.663977
505.71,489.08,1.712443,1.656389
505.71,492.58,1.708188,1.652452
505.71,496.04,1.708133,1.652517
505.71,499.84,1.708912,1.65353
505.71,503.39,1.710009,1.654738
505.71,507.02,1.708315,1.652862
505.71,510.52,1.708324,1.652837
505.71,514.11,1.710986,1.655536
505.71,517.69,1.718903,1.662933
505.71,520.54,1.726938,1.670206
505.71,524.78,1.730576,1.673598
505.71,528.37,1.733613,1.677033
505.71,531.82,1.740998,1.68398
505.71,535.46,1.747782,1.687655
505.71,539.04,1.746848,1.691121
505.71,542.54,1.736355,1.680006
505.71,546.13,1.721411,1.664951
505.71,549.63,1.705333,1.648919
505.71,553.09,1.692227,1.638515
505.71,556.67,1.682258,1.62667
505.71,560.26,1.684424,1.628521
505.71,563.72,1.693906,1.638118
505.71,567.26,1.702603,1.646297
505.71,570.81,1.702982,1.64724
505.71,574.31,1.6963,1.640635
505.71,577.89,1.691469,1.636214
505.71,581.35,1.691534,1.635927
505.71,584.94,1.698878,1.643136
505.71,588.48,1.714938,1.658324
505.71,592.02,1.740123,1.683222
505.71,595.7,1.770751,1.712631
505.71,599.24,1.8015,1.743632
505.71,602.74,1.834116,1.775015
505.71,606.29,1.867295,1.807966
505.71,609.74,1.896213,1.836158
505.71,613.33,1.913829,1.853869
505.71,616.92,1.911352,1.851666
505.71,620.42,1.893222,1.83471
505.71,623.96,1.870739,1.812612
505.71,627.51,1.85166,1.792723
505.71,631.09,1.840758,1.781864
505.71,634.59,1.840406,1.782206
505.71,638.14,1.851623,1.791974
505.71,641.68,1.873432,1.813087
505.71,645.27,1.901065,1.839279
505.71,648.81,1.929633,1.867828
505.71,652.27,1.963934,1.901491
505.71,655.81,2.00833,1.944393
505.71,659.31,2.055403,1.990711
505.71,662.86,2.094362,2.028816
505.71,666.36,2.117159,2.052113
505.71,669.94,2.131678,2.065033
505.71,673.53,2.143351,2.077378
505.71,677.03,2.157368,2.091663
505.71,680.92,2.179666,2.112057
505.71,684.51,2.196124,2.129593
505.71,688.06,2.202097,2.136302
541.93,13.04,1.669504,1.56277
541.93,16.54,1.666919,1.610108
541.93,20.17,1.67407,1.616346
541.93,23.76,1.689639,1.632594
541.93,27.34,1.710693,1.653413
541.93,30.89,1.735579,1.677726
541.93,34.39,1.752569,1.695114
541.93,37.93,1.755397,1.698191
541.93,41.47,1.741192,1.684797
541.93,44.93,1.716081,1.660367
541.93,48.52,1.688765,1.633996
541.93,52.06,1.662782,1.608691
541.93,55.65,1.647865,1.593712
541.93,59.19,1.652431,1.597961
541.93,62.43,1.672843,1.617412
541.93,66.37,1.69976,1.643888
541.93,69.82,1.727187,1.670613
541.93,73.46,1.751435,1.693456
541.93,77.0,1.771851,1.714307
541.93,80.54,1.788925,1.731537
541.93,84.04,1.799525,1.74118
541.93,87.76,1.804387,1.743703
541.93,91.31,1.80105,1.742412
541.93,94.37,1.792735,1.735428
541.93,98.39,1.781842,1.723971
541.93,101.94,1.768287,1.709843
541.93,105.74,1.755844,1.697945
541.93,109.33,1.750739,1.693943
541.93,112.96,1.752169,1.695622
541.93,116.46,1.749507,1.69171
541.93,120.66,1.738296,1.67683
541.93,124.21,1.726007,1.669676
541.93,127.71,1.719837,1.663352
541.93,131.25,1.726244,1.669485
541.93,135.23,1.749491,1.690841
541.93,138.82,1.776725,1.719858
541.93,142.36,1.804054,1.745705
541.93,145.91,1.829494,1.770163
541.93,149.58,1.850594,1.788826
541.93,153.17,1.866306,1.806525
541.93,156.71,1.882249,1.821608
541.93,160.26,1.899497,1.838801
541.93,163.76,1.917415,1.855921
541.93,167.34,1.936213,1.874245
541.93,170.89,1.950914,1.888718
541.93,174.43,1.961623,1.899759
541.93,177.97,1.974137,1.911642
541.93,181.3,1.988964,1.926395
541.93,184.97,2.005582,1.943089
541.93,188.56,2.019051,1.956324
541.93,192.11,2.028736,1.965788
541.93,195.26,2.031161,1.968746
541.93,199.24,2.019756,1.957979
541.93,202.69,1.997787,1.937079
541.93,206.28,1.968059,1.907926
541.93,209.82,1.934753,1.875905
541.93,213.32,1.907061,1.848718
541.93,216.78,1.882547,1.824833
541.93,220.41,1.856115,1.798031
541.93,223.96,1.830961,1.773928
541.93,227.54,1.807409,1.750259
541.93,231.04,1.787742,1.731898
541.93,234.59,1.779174,1.722597
541.93,238.13,1.781503,1.725135
541.93,241.67,1.785021,1.727578
541.93,245.22,1.787486,1.730083
541.93,248.72,1.795154,1.737366
541.93,252.26,1.804226,1.74524
541.93,256.77,1.803546,1.739673
541.93,260.22,1.799553,1.743081
541.93,263.86,1.802162,1.74382
541.93,267.57,1.807665,1.745687
541.93,270.64,1.809328,1.749917
541.93,274.84,1.809963,1.751377
541.93,278.34,1.81304,1.755188
541.93,281.88,1.821968,1.762911
541.93,285.34,1.831522,1.772554
541.93,289.01,1.841414,1.782621
541.93,292.56,1.849445,1.79069
541.93,296.06,1.853308,1.794667
541.93,299.64,1.851241,1.792973
541.93,303.23,1.840363,1.782477
541.93,306.82,1.823536,1.766238
541.93,310.36,1.801494,1.745311
541.93,313.95,1.779183,1.722236
541.93,317.49,1.75979,1.703675
541.93,320.99,1.746506,1.690866
541.93,324.58,1.736318,1.680308
541.93,328.12,1.729747,1.673413
541.93,331.58,1.729319,1.672566
541.93,335.17,1.733213,1.677689
541.93,338.71,1.733268,1.676208
541.93,342.12,1.727538,1.672058
541.93,345.84,1.715262,1.657696
541.93,349.34,1.700752,1.644941
541.93,352.93,1.689763,1.634353
541.93,356.39,1.68244,1.626818
541.93,359.93,1.680804,1.624988
541.93,363.52,1.686131,1.630114
541.93,367.11,1.697474,1.640749
541.93,370.65,1.716479,1.659794
541.93,374.15,1.74106,1.683432
541.93,377.69,1.769131,1.711164
541.93,381.24,1.797517,1.738989
541.93,384.78,1.823274,1.764223
541.93,388.32,1.843623,1.784889
541.93,391.87,1.853392,1.794907
541.93,395.41,1.854756,1.796469
541.93,399.0,1.854778,1.796719
541.93,402.5,1.857757,1.799744
541.93,406.52,1.870166,1.803965
541.93,410.16,1.877436,1.817178
541.93,413.79,1.874273,1.813629
541.93,417.29,1.866103,1.807467
541.93,420.83,1.864815,1.805674
541.93,424.55,1.873804,1.814457
541.93,428.09,1.888992,1.82955
541.93,431.68,1.904066,1.844337
541.93,435.4,1.913743,1.852409
541.93,438.94,1.91695,1.856444
541.93,442.53,1.914137,1.853952
541.93,446.03,1.906213,1.845995
541.93,449.57,1.900181,1.841189
541.93,453.16,1.905009,1.843145
541.93,456.71,1.916808,1.855394
541.93,460.25,1.929365,1.868086
541.93,463.84,1.937113,1.875736
541.93,467.38,1.934251,1.873484
541.93,470.88,1.927051,1.865838
541.93,474.47,1.91853,1.858478
541.93,478.01,1.914556,1.854115
541.93,481.47,1.916007,1.855289
541.93,485.1,1.916638,1.856355
541.93,488.64,1.90491,1.845194
541.93,492.27,1.873527,1.815625
541.93,495.56,1.827532,1.771278
541.93,499.41,1.774661,1.719679
541.93,502.95,1.722403,1.668204
541.93,506.45,1.676522,1.623315
541.93,510.17,1.638179,1.584489
541.93,513.62,1.609079,1.556898
541.93,517.21,1.581577,1.528947
541.93,520.67,1.555678,1.504458
541.93,524.3,1.537748,1.485533
541.93,527.8,1.527536,1.475395
541.93,531.34,1.518916,1.46671
541.93,534.89,1.510783,1.459335
541.93,538.43,1.506621,1.454911
541.93,541.97,1.512918,1.460358
541.93,545.52,1.532991,1.480188
541.93,549.02,1.563903,1.50891
541.93,552.61,1.594914,1.540444
541.93,555.84,1.624963,1.569221
541.93,559.69,1.649809,1.594412
541.93,563.19,1.672126,1.616386
541.93,566.78,1.696032,1.639781
541.93,570.41,1.714485,1.658102
541.93,574.04,1.717711,1.662243
541.93,577.54,1.705471,1.651026
541.93,581.09,1.681722,1.627757
541.93,584.63,1.653269,1.60016
541.93,588.22,1.62459,1.571466
541.93,591.72,1.60719,1.554378
541.93,595.35,1.60159,1.548007
541.93,598.89,1.607132,1.553392
541.93,602.39,1.625105,1.570755
541.93,605.98,1.649251,1.593817
541.93,609.48,1.668487,1.613028
541.93,613.02,1.681888,1.625776
541.93,616.22,1.68894,1.633592
541.93,620.07,1.690579,1.634578
541.93,623.57,1.689294,1.633931
541.93,627.11,1.680222,1.624988
541.93,630.61,1.658306,1.603546
541.93,634.2,1.623423,1.569174
541.93,637.79,1.583811,1.531359
541.93,641.33,1.544831,1.492844
541.93,644.87,1.521738,1.469714
541.93,648.42,1.515025,1.463216
541.93,652.01,1.521426,1.469008
541.93,655.59,1.543869,1.490909
541.93,659.14,1.57602,1.522221
541.93,662.68,1.612942,1.558454
541.93,666.27,1.648435,1.593204
541.93,669.81,1.680253,1.624797
541.93,673.44,1.713623,1.656953
541.93,676.9,1.75431,1.693028
541.93,680.75,1.793262,1.734806
541.93,684.21,1.827227,1.767945
541.93,687.79,1.839174,1.7802
578.07,12.25,1.547976,1.449239
578.07,15.84,1.549769,1.495508
578.07,19.56,1.556605,1.498712
578.07,23.54,1.570924,1.516479
578.07,27.17,1.585213,1.532009
578.07,30.71,1.598971,1.545388
578.07,34.3,1.61597,1.561562
578.07,38.11,1.635425,1.574566
578.07,41.69,1.654113,1.598635
578.07,45.28,1.673524,1.617662
578.07,48.78,1.682196,1.62602
578.07,52.63,1.675151,1.618706
578.07,56.22,1.661756,1.608133
578.07,59.76,1.642329,1.588817
578.07,63.26,1.620927,1.568062
578.07,66.85,1.607156,1.554433
578.07,70.39,1.606778,1.553712
578.07,73.89,1.615727,1.562126
578.07,77.57,1.628983,1.574405
578.07,81.11,1.648909,1.592831
578.07,84.7,1.671078,1.614757
578.07,88.24,1.68849,1.632221
578.07,91.74,1.698888,1.642945
578.07,95.37,1.704747,1.647301
578.07,98.83,1.70479,1.649242
578.07,102.42,1.702159,1.645
578.07,106.01,1.702508,1.645705
578.07,109.59,1.70976,1.652699
578.07,113.01,1.719661,1.663053
578.07,116.59,1.729556,1.672622
578.07,120.22,1.735986,1.678854
578.07,123.72,1.73606,1.679473
578.07,127.4,1.72882,1.672671
578.07,130.86,1.721174,1.665835
578.07,134.49,1.719427,1.663598
578.07,138.07,1.720151,1.664445
578.07,141.66,1.721368,1.66536
578.07,145.21,1.724402,1.668577
578.07,148.71,1.730906,1.674769
578.07,152.21,1.738302,1.682138
578.07,155.75,1.745277,1.689174
578.07,159.29,1.751137,1.694519
578.07,162.79,1.753222,1.696648
578.07,166.38,1.755348,1.6987
578.07,169.92,1.766897,1.709205
578.07,173.42,1.786001,1.72662
578.07,177.06,1.808934,1.750428
578.07,180.6,1.828364,1.768191
578.07,184.14,1.837822,1.778345
578.07,188.17,1.842061,1.780933
578.07,191.84,1.842889,1.78426
578.07,195.34,1.8356,1.777763
578.07,198.97,1.817926,1.761004
578.07,202.87,1.794069,1.730527
578.07,206.5,1.776756,1.718915
578.07,210.09,1.764119,1.706873
578.07,213.59,1.757846,1.700933
578.07,217.52,1.755613,1.696263
578.07,221.16,1.751201,1.695748
578.07,224.74,1.74304,1.686365
578.07,228.29,1.73947,1.683096
578.07,232.05,1.737119,1.676494
578.07,235.59,1.731777,1.675151
578.07,239.18,1.727104,1.670326
578.07,242.72,1.727874,1.670668
578.07,246.27,1.731371,1.674686
578.07,249.86,1.730659,1.674923
578.07,253.4,1.724562,1.668478
578.07,256.94,1.716174,1.660622
578.07,260.49,1.708595,1.653475
578.07,263.94,1.700135,1.645213
578.07,267.53,1.688379,1.633734
578.07,271.03,1.677246,1.622908
578.07,274.57,1.672018,1.617514
578.07,278.12,1.678102,1.623361
578.07,280.83,1.693228,1.637511
578.07,285.25,1.713475,1.656907
578.07,288.79,1.732289,1.67618
578.07,292.16,1.741004,1.683453
578.07,295.97,1.733108,1.676818
578.07,299.51,1.708989,1.653472
578.07,303.06,1.677736,1.622819
578.07,307.12,1.648302,1.591183
578.07,310.67,1.631972,1.578358
578.07,314.21,1.62293,1.569689
578.07,317.76,1.620527,1.567138
578.07,321.26,1.623213,1.569717
578.07,324.84,1.630681,1.577021
578.07,328.39,1.643355,1.58895
578.07,331.97,1.665696,1.610425
578.07,336.09,1.702883,1.639217
578.07,339.67,1.735887,1.678296
578.07,343.22,1.760758,1.703124
578.07,346.81,1.779233,1.721525
578.07,350.87,1.800299,1.734867
578.07,354.42,1.816306,1.759544
578.07,357.96,1.823549,1.763801
578.07,361.59,1.823965,1.764368
578.07,365.71,1.831876,1.768345
578.07,369.29,1.847668,1.790758
578.07,372.84,1.866404,1.807104
578.07,376.38,1.883921,1.823925
578.07,380.01,1.901922,1.83995
578.07,383.56,1.916352,1.855813
578.07,387.14,1.924051,1.862615
578.07,390.69,1.926444,1.865326
578.07,394.19,1.922723,1.862356
578.07,397.82,1.914969,1.852751
578.07,401.36,1.906284,1.845973
578.07,405.04,1.891127,1.831229
578.07,408.54,1.867668,1.808863
578.07,412.08,1.839716,1.782172
578.07,415.71,1.816149,1.758795
578.07,419.21,1.801158,1.744211
578.07,422.76,1.790995,1.734113
578.07,426.3,1.787609,1.730647
578.07,429.84,1.79524,1.73792
578.07,433.34,1.812085,1.754143
578.07,436.89,1.828459,1.770129
578.07,440.3,1.831959,1.771811
578.07,444.11,1.813244,1.756432
578.07,447.65,1.777877,1.722153
578.07,451.15,1.733721,1.679282
578.07,454.87,1.692397,1.635345
578.07,458.37,1.670918,1.61662
578.07,461.87,1.664224,1.609094
578.07,465.46,1.668355,1.613044
578.07,469.52,1.677643,1.620117
578.07,473.07,1.681411,1.627175
578.07,476.57,1.678407,1.62411
578.07,480.16,1.672723,1.617967
578.07,483.79,1.667652,1.609498
578.07,487.42,1.663897,1.610696
578.07,490.92,1.659889,1.604621
578.07,494.55,1.655542,1.600425
578.07,498.62,1.647489,1.589421
578.07,502.16,1.631266,1.578395
578.07,505.75,1.608229,1.555613
578.07,509.34,1.58659,1.53472
578.07,513.06,1.56675,1.511876
578.07,516.69,1.5522,1.499627
578.07,520.14,1.540798,1.488688
578.07,523.69,1.534655,1.48203
578.07,527.8,1.535438,1.480589
578.07,531.39,1.545203,1.493065
578.07,534.93,1.562794,1.50964
578.07,538.56,1.584409,1.530789
578.07,542.15,1.603746,1.547403
578.07,545.69,1.615074,1.560247
578.07,549.24,1.619205,1.566922
578.07,552.78,1.623457,1.569954
578.07,556.28,1.628792,1.574532
578.07,559.82,1.638395,1.583968
578.07,563.37,1.652954,1.597446
578.07,566.87,1.675363,1.618885
578.07,570.46,1.701448,1.644338
578.07,574.04,1.721084,1.663503
578.07,577.59,1.722064,1.665745
578.07,581.17,1.702551,1.645496
578.07,584.81,1.676171,1.621331
578.07,588.35,1.654547,1.600456
578.07,591.85,1.63979,1.585813
578.07,595.44,1.629033,1.575413
578.07,598.94,1.621168,1.567646
578.07,602.57,1.61423,1.560875
578.07,606.07,1.612612,1.559945
578.07,609.66,1.620453,1.566577
578.07,613.2,1.635841,1.581919
578.07,616.61,1.653623,1.599002
578.07,620.24,1.671771,1.617147
578.07,623.74,1.682381,1.627049
578.07,627.33,1.679208,1.624812
578.07,630.87,1.674695,1.619954
578.07,634.37,1.680323,1.625595
578.07,637.87,1.699581,1.643392
578.07,641.42,1.725807,1.668792
578.07,645.01,1.74926,1.69097
578.07,648.59,1.760893,1.703225
578.07,652.09,1.767853,1.709741
578.07,655.72,1.772295,1.714267
578.07,659.27,1.767076,1.708999
578.07,662.94,1.747477,1.690382
578.07,666.44,1.718278,1.662773
578.07,670.03,1.695018,1.639849
578.07,673.62,1.682156,1.627166
578.07,677.12,1.671858,1.616965
578.07,680.71,1.677575,1.621978
578.07,684.16,1.706032,1.649476
578.07,687.79,1.748121,1.690582
614.25,12.25,1.629855,1.524187
614.25,15.75,1.623216,1.567751
614.25,19.29,1.619541,1.564704
614.25,22.66,1.614214,1.559504
614.25,26.38,1.609405,1.555219
614.25,29.88,1.608041,1.554159
614.25,33.47,1.607652,1.554097
614.25,37.01,1.606411,1.552733
614.25,40.51,1.599781,1.54658
614.25,44.1,1.588139,1.535179
614.25,47.6,1.574538,1.522191
614.25,51.32,1.557113,1.504911
614.25,54.82,1.537868,1.486442
614.25,58.41,1.518195,1.467323
614.25,61.91,1.504572,1.453737
614.25,65.49,1.500133,1.449024
614.25,69.04,1.503568,1.452058
614.25,72.54,1.508688,1.456695
614.25,76.12,1.513789,1.461685
614.25,79.62,1.521744,1.469319
614.25,83.26,1.534202,1.480949
614.25,86.71,1.551648,1.498201
614.25,90.34,1.573454,1.518586
614.25,93.89,1.59195,1.537523
614.25,97.47,1.604566,1.550157
614.25,100.97,1.607782,1.553102
614.25,104.52,1.604852,1.551088
614.25,108.02,1.599821,1.546081
614.25,111.52,1.596811,1.542865
614.25,115.11,1.596848,1.542868
614.25,118.61,1.592012,1.538528
614.25,122.15,1.579338,1.526467
614.25,125.65,1.563826,1.51146
614.25,129.15,1.552576,1.500274
614.25,132.69,1.550086,1.497557
614.25,136.19,1.557363,1.504649
614.25,139.78,1.568996,1.515912
614.25,143.32,1.580437,1.527055
614.25,146.78,1.591682,1.53834
614.25,150.32,1.60801,1.554168
614.25,153.87,1.63159,1.57712
614.25,157.5,1.655314,1.60028
614.25,161.04,1.67231,1.617073
614.25,164.59,1.678925,1.624489
614.25,168.13,1.674482,1.620089
614.25,171.63,1.660918,1.606858
614.25,175.26,1.643626,1.589547
614.25,178.81,1.62972,1.575853
614.25,182.31,1.623802,1.570049
614.25,185.85,1.626411,1.572009
614.25,189.39,1.635481,1.580348
614.25,192.98,1.648909,1.593383
614.25,196.52,1.661402,1.606035
614.25,199.98,1.668164,1.612837
614.25,203.52,1.669892,1.614618
614.25,207.02,1.665437,1.610299
614.25,210.61,1.658879,1.60378
614.25,214.11,1.650006,1.594701
614.25,217.61,1.636814,1.582283
614.25,221.2,1.618651,1.564144
614.25,224.7,1.601463,1.548056
614.25,228.33,1.590059,1.536396
614.25,231.87,1.585869,1.531861
614.25,235.33,1.585779,1.532157
614.25,238.96,1.589258,1.535564
614.25,242.46,1.596291,1.542613
614.25,246.01,1.606044,1.552394
614.25,249.55,1.617443,1.5635
614.25,253.14,1.631198,1.576944
614.25,256.64,1.641226,1.586996
614.25,260.18,1.641741,1.587874
614.25,263.81,1.6263,1.573155
614.25,267.36,1.601411,1.548977
614.25,270.86,1.576411,1.524948
614.25,274.4,1.557588,1.506214
614.25,277.9,1.548987,1.496488
614.25,281.49,1.546593,1.494643
614.25,284.94,1.551309,1.499171
614.25,288.53,1.562856,1.510126
614.25,292.07,1.579258,1.525089
614.25,295.62,1.599911,1.546121
614.25,299.12,1.623762,1.568774
614.25,302.71,1.646787,1.590148
614.25,306.25,1.664843,1.607991
614.25,309.88,1.678934,1.622585
614.25,313.34,1.690071,1.633872
614.25,316.88,1.701352,1.644439
614.25,320.42,1.71227,1.656063
614.25,324.01,1.724177,1.666248
614.25,327.6,1.739156,1.681679
614.25,331.19,1.762625,1.704966
614.25,334.69,1.790397,1.731731
614.25,338.19,1.811783,1.753244
614.25,341.77,1.820548,1.762341
614.25,345.27,1.819738,1.76187
614.25,348.82,1.817236,1.759223
614.25,352.41,1.815148,1.757458
614.25,355.91,1.811432,1.754036
614.25,359.32,1.802107,1.745024
614.25,362.91,1.784673,1.728296
614.25,366.45,1.764877,1.708992
614.25,369.51,1.748407,1.69236
614.25,373.62,1.736118,1.680582
614.25,377.12,1.721506,1.666084
614.25,380.67,1.707618,1.652267
614.25,383.91,1.696134,1.640015
614.25,387.84,1.685015,1.629895
614.25,391.3,1.674008,1.619535
614.25,394.93,1.667939,1.612991
614.25,398.47,1.670256,1.613395
614.25,402.06,1.676152,1.620293
614.25,405.61,1.682347,1.626386
614.25,409.15,1.688808,1.632606
614.25,412.65,1.694932,1.638953
614.25,416.19,1.701503,1.645407
614.25,419.74,1.709593,1.653229
614.25,423.24,1.713768,1.65727
614.25,426.74,1.71516,1.658564
614.25,430.32,1.71622,1.659954
614.25,433.78,1.715597,1.65927
614.25,437.41,1.70841,1.652683
614.25,441.0,1.69065,1.635647
614.25,444.54,1.663586,1.609868
614.25,448.04,1.630921,1.577856
614.25,451.54,1.59964,1.547443
614.25,455.09,1.570089,1.518213
614.25,458.37,1.541411,1.490333
614.25,462.09,1.519131,1.468226
614.25,465.63,1.506152,1.455379
614.25,469.17,1.499711,1.4489
614.25,472.72,1.497659,1.446839
614.25,476.26,1.499332,1.448691
614.25,479.81,1.504048,1.452902
614.25,483.35,1.508524,1.457348
614.25,486.85,1.515317,1.464119
614.25,490.35,1.528019,1.47618
614.25,493.89,1.549775,1.497107
614.25,497.44,1.575967,1.522613
614.25,501.02,1.59777,1.543614
614.25,504.39,1.615604,1.560974
614.25,508.11,1.630863,1.57589
614.25,511.61,1.647961,1.592899
614.25,515.11,1.662335,1.60719
614.25,518.74,1.667468,1.611448
614.25,522.29,1.666485,1.611408
614.25,525.79,1.661627,1.606701
614.25,529.33,1.653534,1.598463
614.25,532.79,1.647172,1.592169
614.25,536.37,1.647329,1.592163
614.25,539.87,1.657384,1.602203
614.25,543.46,1.669935,1.614039
614.25,546.96,1.676251,1.620561
614.25,550.29,1.678444,1.622887
614.25,553.96,1.68094,1.625129
614.25,557.51,1.68674,1.630816
614.25,561.05,1.691134,1.634972
614.25,564.29,1.69276,1.636436
614.25,568.14,1.693555,1.637847
614.25,571.68,1.691451,1.635823
614.25,575.18,1.686882,1.63158
614.25,578.77,1.689134,1.633444
614.25,582.31,1.70232,1.646402
614.25,585.94,1.725114,1.6685
614.25,589.53,1.747338,1.690422
614.25,593.07,1.767739,1.710256
614.25,596.66,1.786728,1.729267
614.25,600.21,1.803472,1.745357
614.25,603.71,1.813814,1.755893
614.25,607.25,1.812908,1.755357
614.25,610.84,1.804796,1.747437
614.25,614.34,1.797569,1.739944
614.25,617.84,1.792917,1.735656
614.25,621.42,1.787557,1.730865
614.25,624.92,1.783225,1.725705
614.25,628.51,1.779686,1.722061
614.25,632.06,1.777966,1.719649
614.25,635.6,1.783518,1.725986
614.25,639.32,1.80069,1.739612
614.25,642.82,1.822926,1.763743
614.25,646.41,1.843065,1.783801
614.25,649.95,1.852319,1.792905
614.25,653.8,1.849303,1.789904
614.25,657.43,1.842929,1.784692
614.25,661.02,1.843946,1.785511
614.25,664.56,1.852344,1.79345
614.25,667.97,1.863552,1.801346
614.25,671.78,1.873931,1.813567
614.25,675.32,1.878647,1.818524
614.25,679.09,1.874038,1.812393
614.25,682.76,1.860841,1.802427
614.25,686.35,1.856395,1.797954
650.39,12.12,1.466821,1.370019
650.39,15.66,1.454831,1.403466
650.39,19.56,1.450909,1.39878
650.39,23.19,1.457049,1.405894
650.39,26.73,1.463944,1.413118
650.39,30.32,1.463503,1.411189
650.39,33.91,1.457474,1.406082
650.39,37.45,1.446941,1.395549
650.39,40.95,1.430438,1.380447
650.39,44.49,1.413408,1.363783
650.39,48.04,1.401263,1.350958
650.39,51.62,1.392274,1.34228
650.39,55.21,1.383836,1.334098
650.39,58.76,1.380607,1.331377
650.39,62.26,1.382243,1.332745
650.39,65.89,1.383327,1.334683
650.39,69.52,1.38781,1.338861
650.39,73.11,1.397634,1.348355
650.39,76.65,1.405601,1.356313
650.39,80.32,1.409532,1.359279
650.39,83.87,1.412705,1.362751
650.39,87.46,1.420379,1.370207
650.39,90.96,1.433509,1.38366
650.39,94.46,1.446319,1.395231
650.39,98.04,1.453047,1.401494
650.39,101.59,1.452754,1.402412
650.39,105.09,1.448408,1.397265
650.39,108.72,1.443891,1.392132
650.39,112.35,1.439929,1.387949
650.39,116.02,1.441491,1.390826
650.39,119.52,1.447533,1.39687
650.39,123.02,1.454116,1.403235
650.39,126.61,1.458167,1.407493
650.39,130.29,1.465518,1.415037
650.39,133.83,1.475733,1.424859
650.39,137.37,1.488977,1.437804
650.39,141.01,1.505773,1.453463
650.39,144.55,1.523466,1.471118
650.39,148.05,1.53952,1.487369
650.39,151.59,1.554446,1.502394
650.39,155.09,1.565151,1.511436
650.39,158.64,1.564794,1.512881
650.39,162.27,1.553176,1.500311
650.39,165.77,1.533398,1.481981
650.39,169.27,1.510465,1.459085
650.39,172.86,1.488568,1.436796
650.39,176.44,1.472089,1.420469
650.39,180.07,1.45882,1.407807
650.39,183.57,1.445955,1.39521
650.39,187.21,1.435379,1.384369
650.39,190.75,1.433731,1.3835
650.39,194.29,1.439785,1.389193
650.39,197.79,1.451879,1.400795
650.39,201.38,1.469825,1.418414
650.39,204.88,1.491836,1.439785
650.39,208.42,1.510946,1.459079
650.39,211.88,1.522847,1.470524
650.39,215.47,1.525934,1.473789
650.39,219.06,1.521202,1.469766
650.39,222.6,1.519245,1.467911
650.39,226.1,1.523836,1.472231
650.39,229.64,1.531223,1.479455
650.39,233.23,1.535709,1.483996
650.39,236.73,1.533226,1.481765
650.39,240.32,1.523062,1.471821
650.39,243.77,1.505512,1.454353
650.39,247.19,1.481414,1.43179
650.39,250.82,1.454624,1.405832
650.39,254.36,1.424215,1.37566
650.39,257.99,1.394809,1.345752
650.39,261.45,1.374729,1.326544
650.39,264.82,1.364535,1.316159
650.39,268.54,1.361384,1.312071
650.39,272.12,1.364785,1.315672
650.39,275.71,1.377677,1.326997
650.39,279.26,1.398001,1.346227
650.39,282.93,1.41805,1.367277
650.39,286.52,1.434825,1.384101
650.39,290.11,1.444107,1.393596
650.39,293.3,1.4483,1.397548
650.39,297.24,1.451072,1.400715
650.39,300.78,1.452804,1.402499
650.39,304.28,1.456765,1.40655
650.39,307.91,1.464603,1.41407
650.39,311.41,1.474091,1.423602
650.39,314.91,1.483167,1.432295
650.39,318.5,1.497388,1.445733
650.39,321.96,1.515247,1.463808
650.39,325.54,1.533263,1.480943
650.39,329.22,1.547628,1.494295
650.39,332.72,1.556922,1.50378
650.39,336.17,1.562961,1.510699
650.39,339.32,1.569165,1.511685
650.39,343.61,1.568839,1.514908
650.39,347.11,1.557415,1.504735
650.39,350.74,1.544094,1.491232
650.39,354.37,1.54435,1.491953
650.39,357.92,1.55834,1.505262
650.39,361.64,1.576386,1.522764
650.39,365.09,1.58817,1.535173
650.39,368.68,1.593284,1.540148
650.39,372.14,1.598389,1.545154
650.39,375.77,1.606362,1.552844
650.39,379.31,1.608916,1.555302
650.39,382.94,1.601855,1.54821
650.39,386.49,1.591855,1.536577
650.39,390.21,1.579852,1.525795
650.39,393.79,1.565367,1.511614
650.39,397.29,1.552095,1.499473
650.39,400.22,1.542378,1.488974
650.39,404.64,1.541805,1.489646
650.39,408.58,1.545271,1.490465
650.39,412.12,1.545638,1.493685
650.39,415.41,1.541454,1.48899
650.39,419.17,1.534079,1.481953
650.39,422.71,1.52594,1.473925
650.39,426.34,1.515838,1.463398
650.39,429.89,1.508303,1.45553
650.39,433.43,1.507135,1.454498
650.39,437.02,1.510065,1.457437
650.39,440.56,1.512126,1.459751
650.39,444.06,1.508441,1.45647
650.39,447.34,1.506504,1.454002
650.39,451.19,1.514356,1.46203
650.39,454.69,1.528346,1.475493
650.39,458.15,1.543315,1.490376
650.39,462.0,1.556793,1.502982
650.39,465.63,1.5652,1.512844
650.39,469.22,1.56992,1.517397
650.39,472.76,1.571907,1.519369
650.39,476.31,1.576701,1.521845
650.39,479.85,1.583068,1.531088
650.39,483.39,1.593389,1.539208
650.39,487.02,1.603638,1.549396
650.39,490.52,1.612656,1.55821
650.39,494.02,1.62101,1.566322
650.39,497.61,1.632381,1.577147
650.39,501.11,1.646704,1.591457
650.39,504.61,1.656707,1.601322
650.39,508.16,1.658074,1.6026
650.39,511.79,1.653336,1.597483
650.39,515.24,1.647218,1.592024
650.39,518.79,1.644911,1.590083
650.39,522.29,1.651818,1.596402
650.39,525.83,1.668395,1.612024
650.39,529.2,1.686614,1.630049
650.39,532.92,1.703077,1.646463
650.39,536.24,1.719103,1.662172
650.39,540.05,1.730736,1.673863
650.39,543.59,1.736241,1.679633
650.39,547.09,1.736756,1.680499
650.39,550.64,1.726087,1.670363
650.39,554.22,1.69922,1.644707
650.39,557.81,1.664107,1.610481
650.39,561.4,1.630635,1.578068
650.39,564.99,1.604424,1.551611
650.39,568.49,1.59325,1.540743
650.39,572.07,1.600632,1.546839
650.39,575.62,1.618854,1.564504
650.39,579.21,1.634353,1.577763
650.39,582.75,1.635311,1.580487
650.39,586.34,1.62162,1.568232
650.39,589.88,1.594898,1.541953
650.39,593.38,1.5698,1.516605
650.39,596.88,1.559513,1.506818
650.39,600.42,1.569495,1.515484
650.39,604.01,1.593685,1.539239
650.39,607.51,1.619294,1.563836
650.39,611.06,1.642166,1.586131
650.39,614.69,1.670678,1.614082
650.39,618.23,1.705034,1.648065
650.39,621.73,1.743111,1.685246
650.39,625.23,1.780859,1.722372
650.39,629.04,1.812178,1.753154
650.39,632.58,1.838952,1.780357
650.39,636.08,1.866737,1.807051
650.39,639.93,1.890061,1.826928
650.39,643.43,1.897113,1.836657
650.39,647.06,1.886907,1.827415
650.39,650.61,1.869701,1.810083
650.39,654.15,1.851355,1.792033
650.39,658.0,1.836022,1.775884
650.39,661.59,1.828342,1.770406
650.39,665.09,1.827498,1.769285
650.39,668.63,1.835751,1.777418
650.39,672.57,1.848743,1.786337
650.39,676.07,1.859146,1.800379
650.39,679.57,1.870594,1.811571
650.39,683.2,1.875677,1.815764
650.39,687.09,1.874655,1.810299
686.52,12.16,1.629211,1.52386
686.52,15.71,1.62727,1.571627
686.52,19.34,1.6209,1.566479
686.52,22.97,1.608949,1.55561
686.52,26.47,1.59329,1.5409
686.52,30.27,1.575736,1.521426
686.52,33.73,1.564446,1.511667
686.52,37.32,1.559325,1.506171
686.52,40.91,1.556587,1.503321
686.52,44.54,1.557705,1.50354
686.52,48.43,1.567588,1.511618
686.52,52.02,1.582631,1.529233
686.52,55.52,1.59923,1.54541
686.52,59.11,1.611827,1.557819
686.52,62.61,1.617985,1.564375
686.52,66.19,1.621639,1.567924
686.52,69.69,1.627138,1.57345
686.52,73.28,1.633962,1.579664
686.52,76.82,1.634122,1.579883
686.52,80.37,1.624957,1.571454
686.52,83.91,1.60931,1.556417
686.52,87.5,1.591078,1.53773
686.52,91.04,1.577021,1.524902
686.52,94.67,1.567896,1.512936
686.52,98.22,1.564122,1.511004
686.52,101.81,1.56642,1.512428
686.52,105.31,1.578946,1.523728
686.52,108.98,1.601664,1.546198
686.52,112.57,1.625077,1.569942
686.52,116.11,1.636778,1.581889
686.52,119.61,1.634405,1.579945
686.52,123.2,1.623919,1.570037
686.52,126.74,1.618361,1.564396
686.52,130.24,1.617086,1.563269
686.52,133.83,1.615527,1.56211
686.52,137.42,1.615749,1.56224
686.52,140.92,1.617887,1.564473
686.52,144.42,1.616858,1.563703
686.52,147.96,1.610425,1.557431
686.52,151.51,1.6037,1.550887
686.52,155.05,1.602773,1.546513
686.52,158.59,1.606106,1.555721
686.52,162.09,1.610441,1.557311
686.52,165.59,1.613309,1.560096
686.52,169.14,1.617221,1.563164
686.52,172.72,1.619461,1.565059
686.52,176.31,1.624211,1.569593
686.52,179.81,1.63463,1.579233
686.52,183.4,1.644818,1.590154
686.52,186.99,1.652646,1.596088
686.52,190.53,1.657501,1.602323
686.52,194.07,1.661636,1.60586
686.52,197.62,1.668302,1.612354
686.52,201.16,1.678931,1.623081
686.52,204.66,1.688607,1.632135
686.52,208.16,1.690055,1.634131
686.52,211.71,1.679569,1.624017
686.52,215.34,1.6572,1.602477
686.52,218.84,1.631987,1.577998
686.52,222.38,1.61524,1.56179
686.52,225.92,1.60911,1.555592
686.52,229.6,1.606285,1.552785
686.52,233.19,1.603004,1.54992
686.52,236.69,1.603364,1.550333
686.52,240.23,1.605333,1.552055
686.52,243.86,1.599498,1.546454
686.52,247.45,1.585345,1.532264
686.52,250.95,1.570961,1.518728
686.52,254.49,1.565521,1.513038
686.52,258.04,1.572092,1.518497
686.52,261.58,1.586593,1.532868
686.52,265.12,1.608253,1.553475
686.52,268.62,1.637289,1.58208
686.52,272.08,1.665228,1.609301
686.52,275.67,1.690653,1.634341
686.52,279.17,1.71378,1.656623
686.52,282.76,1.733278,1.675419
686.52,286.3,1.748105,1.690151
686.52,289.8,1.760647,1.703346
686.52,293.34,1.769556,1.7113
686.52,296.89,1.775613,1.717187
686.52,300.43,1.780314,1.721842
686.52,304.24,1.781355,1.723013
686.52,307.82,1.77756,1.720687
686.52,311.37,1.771965,1.715222
686.52,314.87,1.765887,1.709276
686.52,318.59,1.760927,1.702973
686.52,322.13,1.760588,1.704815
686.52,325.67,1.767027,1.710024
686.52,329.26,1.782273,1.72439
686.52,332.98,1.805791,1.742064
686.52,336.61,1.827671,1.768074
686.52,340.11,1.844541,1.784935
686.52,343.74,1.851934,1.792027
686.52,347.24,1.844251,1.785406
686.52,350.83,1.828955,1.770089
686.52,354.33,1.814214,1.756337
686.52,357.87,1.801648,1.743971
686.52,361.46,1.79109,1.733641
686.52,365.01,1.779947,1.722923
686.52,368.59,1.770114,1.713549
686.52,372.09,1.763315,1.707384
686.52,375.59,1.757332,1.701032
686.52,379.14,1.748768,1.692637
686.52,382.72,1.73988,1.683838
686.52,386.27,1.732098,1.676389
686.52,389.81,1.724492,1.668863
686.52,393.49,1.715665,1.658229
686.52,397.07,1.707859,1.65203
686.52,400.62,1.701919,1.646436
686.52,404.38,1.696408,1.637224
686.52,408.1,1.688663,1.632428
686.52,411.6,1.679775,1.62472
686.52,415.14,1.668752,1.613891
686.52,418.77,1.655798,1.601411
686.52,422.67,1.638537,1.582606
686.52,426.12,1.62276,1.569615
686.52,429.67,1.610006,1.557455
686.52,433.26,1.604353,1.550136
686.52,437.15,1.603832,1.544905
686.52,440.69,1.605986,1.551972
686.52,444.28,1.610225,1.555946
686.52,447.78,1.616229,1.56179
686.52,451.81,1.622329,1.566239
686.52,455.44,1.62451,1.570071
686.52,458.94,1.626004,1.571383
686.52,462.48,1.631371,1.577138
686.52,466.46,1.642144,1.582606
686.52,470.05,1.656069,1.600672
686.52,473.59,1.671932,1.616429
686.52,477.14,1.687877,1.632489
686.52,481.03,1.703124,1.644519
686.52,484.62,1.710188,1.653703
686.52,488.12,1.708851,1.652911
686.52,491.66,1.703225,1.648244
686.52,495.34,1.699331,1.640641
686.52,498.92,1.703811,1.647027
686.52,502.51,1.718062,1.660628
686.52,506.14,1.733262,1.675502
686.52,509.6,1.739649,1.682575
686.52,513.19,1.739131,1.682853
686.52,516.73,1.7302,1.673802
686.52,520.32,1.711685,1.656278
686.52,523.91,1.689492,1.634997
686.52,527.45,1.669609,1.615434
686.52,531.04,1.659661,1.60557
686.52,534.49,1.657843,1.60398
686.52,538.12,1.65959,1.605099
686.52,541.06,1.662058,1.607486
686.52,545.17,1.671288,1.616352
686.52,548.76,1.688808,1.632994
686.52,552.3,1.711023,1.653814
686.52,555.76,1.733386,1.672819
686.52,559.69,1.749146,1.690012
686.52,563.24,1.756531,1.698928
686.52,566.74,1.754282,1.697015
686.52,570.28,1.741389,1.684689
686.52,573.87,1.721996,1.665847
686.52,577.19,1.70467,1.649276
686.52,580.96,1.693176,1.637871
686.52,584.5,1.684572,1.629165
686.52,588.0,1.675025,1.620246
686.52,591.67,1.670635,1.616029
686.52,595.22,1.678786,1.623962
686.52,598.81,1.693651,1.638007
686.52,602.35,1.710299,1.65419
686.52,605.85,1.730471,1.674381
686.52,609.35,1.749393,1.692372
686.52,612.89,1.766854,1.709877
686.52,616.44,1.778798,1.716248
686.52,620.29,1.778601,1.721861
686.52,623.79,1.769852,1.712486
686.52,627.33,1.748774,1.692652
686.52,630.83,1.718376,1.662027
686.52,634.42,1.69187,1.636587
686.52,637.96,1.679498,1.624396
686.52,641.51,1.684402,1.62801
686.52,645.01,1.703429,1.646756
686.52,648.64,1.730557,1.672887
686.52,652.18,1.764171,1.706007
686.52,655.77,1.800477,1.741602
686.52,659.27,1.832899,1.773678
686.52,662.51,1.866608,1.806864
686.52,666.36,1.904448,1.843678
686.52,669.9,1.939017,1.877541
686.52,673.44,1.962791,1.899772
686.52,677.07,1.978219,1.915573
686.52,680.79,1.99503,1.932335
686.52,684.38,2.022202,1.958927
686.52,687.84,2.057655,1.993761
722.66,12.42,1.585006,1.481744
722.66,15.97,1.587659,1.532492
722.66,19.73,1.589941,1.53407
722.66,23.23,1.595379,1.540934
722.66,26.77,1.605373,1.550681
722.66,30.23,1.617782,1.563333
722.66,33.91,1.625921,1.571214
722.66,37.45,1.625468,1.571503
722.66,40.86,1.6174,1.56398
722.66,44.45,1.604313,1.55143
722.66,47.99,1.588484,1.535964
722.66,51.49,1.570696,1.518256
722.66,55.08,1.553395,1.501451
722.66,58.67,1.537144,1.485829
722.66,62.17,1.525083,1.473866
722.66,65.76,1.518136,1.466611
722.66,69.3,1.518121,1.46594
722.66,72.84,1.521513,1.469319
722.66,76.43,1.527012,1.474843
722.66,79.97,1.530012,1.476883
722.66,84.09,1.530025,1.474362
722.66,87.98,1.52923,1.475475
722.66,91.52,1.532418,1.480798
722.66,95.02,1.53996,1.487542
722.66,98.79,1.555967,1.496516
722.66,102.46,1.571799,1.518472
722.66,106.05,1.584886,1.530385
722.66,109.68,1.589476,1.535367
722.66,113.49,1.590444,1.536611
722.66,117.12,1.589861,1.536553
722.66,120.71,1.592465,1.539255
722.66,124.25,1.599701,1.545459
722.66,128.58,1.611423,1.551953
722.66,132.12,1.626285,1.572098
722.66,135.8,1.644951,1.5898
722.66,139.3,1.658678,1.603916
722.66,143.59,1.658142,1.596359
722.66,147.17,1.641038,1.586984
722.66,150.76,1.614165,1.56142
722.66,154.35,1.59016,1.537942
722.66,158.29,1.569809,1.511011
722.66,161.92,1.561352,1.509325
722.66,165.37,1.556701,1.503195
722.66,168.96,1.552227,1.499865
722.66,172.51,1.553102,1.499818
722.66,175.96,1.559085,1.50533
722.66,179.59,1.569393,1.514655
722.66,183.05,1.58334,1.52955
722.66,186.64,1.599224,1.544597
722.66,190.22,1.612588,1.558275
722.66,193.77,1.627209,1.572289
722.66,197.4,1.64223,1.587582
722.66,200.99,1.657418,1.602477
722.66,204.53,1.671167,1.615856
722.66,208.07,1.682994,1.627683
722.66,211.62,1.691962,1.63671
722.66,215.12,1.69382,1.638783
722.66,218.75,1.685505,1.628965
722.66,222.34,1.670755,1.616851
722.66,225.84,1.651676,1.598105
722.66,229.38,1.637914,1.583792
722.66,232.97,1.636568,1.582046
722.66,236.51,1.64813,1.593149
722.66,239.97,1.673241,1.61724
722.66,243.51,1.705983,1.64907
722.66,247.06,1.732024,1.6748
722.66,250.6,1.745816,1.687964
722.66,254.19,1.748315,1.690943
722.66,257.69,1.743573,1.685946
722.66,261.19,1.736898,1.680785
722.66,264.82,1.73012,1.672135
722.66,268.45,1.724344,1.667896
722.66,271.95,1.721309,1.664553
722.66,275.54,1.722896,1.666534
722.66,279.3,1.723472,1.667163
722.66,282.84,1.716013,1.66089
722.66,286.34,1.705841,1.651081
722.66,289.93,1.6961,1.641087
722.66,293.47,1.685305,1.630441
722.66,296.97,1.672634,1.618235
722.66,300.56,1.659892,1.605863
722.66,304.06,1.653512,1.599131
722.66,307.65,1.653275,1.598195
722.66,311.24,1.66224,1.606078
722.66,314.78,1.679923,1.623777
722.66,318.37,1.702649,1.64549
722.66,321.96,1.722618,1.664723
722.66,325.46,1.734005,1.676072
722.66,329.04,1.737658,1.680585
722.66,332.59,1.738475,1.681374
722.66,336.17,1.741663,1.683959
722.66,339.76,1.748044,1.690764
722.66,343.35,1.754775,1.698019
722.66,346.89,1.756346,1.699957
722.66,350.52,1.746851,1.690829
722.66,354.11,1.725551,1.668269
722.66,357.87,1.704381,1.648629
722.66,361.46,1.686725,1.631888
722.66,364.96,1.668721,1.613463
722.66,368.46,1.649978,1.595416
722.66,372.14,1.627733,1.573022
722.66,375.68,1.60581,1.551701
722.66,379.18,1.588697,1.535641
722.66,382.77,1.574045,1.52013
722.66,386.36,1.560844,1.507434
722.66,389.94,1.548697,1.495881
722.66,393.53,1.532736,1.480505
722.66,397.03,1.511091,1.459945
722.66,400.62,1.490305,1.439566
722.66,404.16,1.474572,1.424477
722.66,407.71,1.468179,1.418096
722.66,411.21,1.470496,1.419899
722.66,414.88,1.477191,1.426534
722.66,418.38,1.484862,1.43366
722.66,421.92,1.491537,1.440869
722.66,425.42,1.49772,1.446679
722.66,429.01,1.503106,1.451633
722.66,432.56,1.511399,1.459409
722.66,436.1,1.523558,1.470792
722.66,439.64,1.537865,1.485247
722.66,443.1,1.549104,1.496664
722.66,446.64,1.55845,1.50585
722.66,450.19,1.568423,1.515305
722.66,453.69,1.578842,1.525222
722.66,457.41,1.590243,1.533367
722.66,460.99,1.604803,1.550034
722.66,464.49,1.624769,1.569181
722.66,468.12,1.647511,1.591349
722.66,471.58,1.669082,1.612902
722.66,475.12,1.687326,1.631047
722.66,478.71,1.697625,1.640709
722.66,482.3,1.699036,1.643139
722.66,485.8,1.694057,1.638484
722.66,489.39,1.686047,1.630684
722.66,492.89,1.67996,1.624981
722.66,496.47,1.675212,1.620404
722.66,499.97,1.673838,1.619227
722.66,503.91,1.678792,1.620505
722.66,507.5,1.686241,1.630388
722.66,510.96,1.692523,1.636848
722.66,514.5,1.696257,1.63943
722.66,518.04,1.700092,1.642252
722.66,521.76,1.702252,1.645918
722.66,525.22,1.699341,1.643386
722.66,528.81,1.692033,1.635875
722.66,532.39,1.690289,1.633863
722.66,535.89,1.697341,1.641442
722.66,539.52,1.7113,1.654498
722.66,543.02,1.733832,1.676901
722.66,546.66,1.760135,1.702572
722.66,550.2,1.786263,1.728552
722.66,553.79,1.811429,1.752976
722.66,557.29,1.837036,1.778151
722.66,560.79,1.85967,1.800431
722.66,563.94,1.878841,1.818844
722.66,567.92,1.892658,1.833025
722.66,571.42,1.900865,1.841223
722.66,575.01,1.901115,1.841565
722.66,578.59,1.894112,1.833881
722.66,582.09,1.884993,1.826149
722.66,585.68,1.875243,1.816386
722.66,589.14,1.867738,1.808894
722.66,592.68,1.86751,1.808783
722.66,596.18,1.873998,1.814541
722.66,599.81,1.888684,1.827538
722.66,603.36,1.907017,1.845952
722.66,606.86,1.929155,1.867517
722.66,610.31,1.947205,1.885477
