x,y,z,z2
7.0,0.0,0.00783,1.0
10.85,0.0,0.007963,1.0
14.53,0.0,0.007578,1.0
18.03,0.0,0.007325,1.0
21.53,0.0,0.007482,1.0
25.2,0.0,0.007658,1.0
28.7,0.0,0.0071,1.0
32.2,0.0,0.006352,1.0
35.87,0.0,0.005409,1.0
39.37,0.0,0.004389,1.0
43.05,0.0,0.003779,1.0
46.72,0.0,0.002907,1.0
50.05,0.0,0.002907,1.0
53.72,0.0,0.003012,1.0
57.22,0.0,0.003249,1.0
61.77,0.0,0.004201,1.0
65.45,0.0,0.0056,1.0
68.95,0.0,0.00735,1.0
72.45,0.0,0.009032,1.0
75.77,0.0,0.011284,1.0
79.62,0.0,0.013289,1.0
83.12,0.0,0.015301,1.0
86.62,0.0,0.016734,1.0
90.3,0.0,0.017877,1.0
93.8,0.0,0.018225,1.0
97.3,0.0,0.018813,1.0
100.97,0.0,0.019038,1.0
104.47,0.0,0.019035,1.0
107.62,0.0,0.018656,1.0
111.65,0.0,0.018305,1.0
115.15,0.0,0.017944,1.0
118.65,0.0,0.017128,1.0
122.32,0.0,0.016118,1.0
125.82,0.0,0.015249,1.0
129.32,0.0,0.014013,1.0
133.0,0.0,0.012612,1.0
136.5,0.0,0.011207,1.0
140.17,0.0,0.009864,1.0
143.67,0.0,0.008425,1.0
147.17,0.0,0.007208,1.0
150.67,0.0,0.005991,1.0
154.52,0.0,0.005313,1.0
158.03,0.0,0.004842,1.0
161.53,0.0,0.004414,1.0
164.85,0.0,0.004346,1.0
168.53,0.0,0.004362,1.0
172.2,0.0,0.004386,1.0
175.88,0.0,0.004793,1.0
179.38,0.0,0.004851,1.0
183.05,0.0,0.004679,1.0
186.55,0.0,0.004254,1.0
190.05,0.0,0.004395,1.0
193.55,0.0,0.004491,1.0
197.05,0.0,0.004238,1.0
200.73,0.0,0.004663,1.0
204.4,0.0,0.005055,1.0
207.9,0.0,0.005572,1.0
211.4,0.0,0.006339,1.0
214.9,0.0,0.00658,1.0
218.4,0.0,0.006638,1.0
221.9,0.0,0.006598,1.0
225.58,0.0,0.006651,1.0
230.13,0.0,0.006629,1.0
233.63,0.0,0.006219,1.0
237.13,0.0,0.006151,1.0
240.63,0.0,0.006305,1.0
244.3,0.0,0.006903,1.0
247.8,0.0,0.007852,1.0
251.3,0.0,0.008462,1.0
254.8,0.0,0.008502,1.0
258.83,0.0,0.007387,1.0
262.33,0.0,0.005702,1.0
265.83,0.0,0.003539,1.0
269.5,0.0,0.002405,1.0
273.7,0.0,0.004784,1.0
277.2,0.0,0.007972,1.0
280.7,0.0,0.011056,1.0
284.38,0.0,0.013745,1.0
287.88,0.0,0.015788,1.0
291.38,0.0,0.01694,1.0
294.88,0.0,0.016647,1.0
298.55,0.0,0.014756,1.0
302.58,0.0,0.011195,1.0
306.08,0.0,0.00776,1.0
309.58,0.0,0.004075,1.0
313.25,0.0,0.001684,1.0
316.75,0.0,0.004984,1.0
320.25,0.0,0.00962,1.0
323.75,0.0,0.018345,1.0
327.43,0.0,0.028785,1.0
330.93,0.0,0.040323,1.0
334.6,0.0,0.051694,1.0
338.1,0.0,0.063086,1.0
341.6,0.0,0.073271,1.0
345.1,0.0,0.082045,1.0
348.6,0.0,0.089623,1.0
352.1,0.0,0.095045,1.0
355.78,0.0,0.099574,1.0
359.28,0.0,0.101894,1.0
362.78,0.0,0.102088,1.0
366.45,0.0,0.100181,1.0
369.95,0.0,0.096207,1.0
373.45,0.0,0.091062,1.0
377.3,0.0,0.084257,1.0
380.8,0.0,0.077778,1.0
384.48,0.0,0.070397,1.0
388.33,0.0,0.063252,1.0
391.83,0.0,0.056065,1.0
395.5,0.0,0.050012,1.0
399.0,0.0,0.044657,1.0
402.68,0.0,0.039543,1.0
406.53,0.0,0.034571,1.0
410.03,0.0,0.030763,1.0
413.53,0.0,0.027014,1.0
417.03,0.0,0.023718,1.0
421.23,0.0,0.020782,1.0
424.9,0.0,0.018946,1.0
428.4,0.0,0.017892,1.0
431.9,0.0,0.016364,1.0
435.58,0.0,0.015298,1.0
439.08,0.0,0.014232,1.0
442.58,0.0,0.013068,1.0
446.25,0.0,0.01239,1.0
449.75,0.0,0.011367,1.0
453.43,0.0,0.010742,1.0
456.93,0.0,0.010018,1.0
460.43,0.0,0.009608,1.0
464.1,0.0,0.009824,1.0
467.6,0.0,0.009697,1.0
471.1,0.0,0.009537,1.0
474.78,0.0,0.009882,1.0
478.28,0.0,0.010135,1.0
481.78,0.0,0.010089,1.0
485.45,0.0,0.010403,1.0
488.95,0.0,0.01105,1.0
492.45,0.0,0.011466,1.0
496.65,0.0,0.011684,1.0
500.33,0.0,0.012011,1.0
503.83,0.0,0.011989,1.0
507.33,0.0,0.011752,1.0
511.53,0.0,0.01158,1.0
515.2,0.0,0.011299,1.0
518.7,0.0,0.010911,1.0
522.2,0.0,0.010597,1.0
525.7,0.0,0.010434,1.0
529.38,0.0,0.010193,1.0
532.88,0.0,0.010073,1.0
536.38,0.0,0.010119,1.0
539.88,0.0,0.010079,1.0
543.55,0.0,0.010526,1.0
547.05,0.0,0.010813,1.0
550.55,0.0,0.011592,1.0
554.23,0.0,0.012378,1.0
557.73,0.0,0.013179,1.0
561.23,0.0,0.014254,1.0
564.73,0.0,0.014854,1.0
568.23,0.0,0.015458,1.0
571.9,0.0,0.015868,1.0
575.93,0.0,0.015911,1.0
579.43,0.0,0.01633,1.0
582.93,0.0,0.016216,1.0
586.08,0.0,0.01621,1.0
589.93,0.0,0.015732,1.0
593.6,0.0,0.015474,1.0
597.1,0.0,0.015049,1.0
600.78,0.0,0.014626,1.0
604.28,0.0,0.014358,1.0
607.78,0.0,0.014291,1.0
611.27,0.0,0.013983,1.0
614.77,0.0,0.013983,1.0
617.4,0.0,0.01398,1.0
622.12,0.0,0.014272,1.0
625.62,0.0,0.014281,1.0
629.3,0.0,0.014626,1.0
632.8,0.0,0.015039,1.0
636.3,0.0,0.015689,1.0
639.8,0.0,0.016419,1.0
643.47,0.0,0.016635,1.0
647.85,0.0,0.017116,1.0
651.7,0.0,0.017436,1.0
655.2,0.0,0.017008,1.0
658.87,0.0,0.017073,1.0
662.37,0.0,0.017008,1.0
665.87,0.0,0.016718,1.0
669.55,0.0,0.016706,1.0
673.05,0.0,0.016657,1.0
676.55,0.0,0.016315,1.0
680.05,0.0,0.016358,1.0
683.72,0.0,0.016216,1.0
687.22,0.0,0.016333,1.0
690.9,0.0,0.015994,1.0
694.4,0.0,0.015911,1.0
698.07,0.0,0.015572,1.0
701.57,0.0,0.015548,1.0
705.25,0.0,0.01519,1.0
708.75,0.0,0.015132,1.0
12.6,33.07,0.003413,1.0
16.1,33.07,0.003,1.0
19.77,33.07,0.002522,1.0
23.45,33.07,0.002476,1.0
26.95,33.07,0.0021,1.0
30.45,33.07,0.001801,1.0
33.95,33.07,0.002097,1.0
37.62,33.07,0.002356,1.0
41.3,33.07,0.002941,1.0
44.97,33.07,0.00426,1.0
48.47,33.07,0.005591,1.0
52.15,33.07,0.007461,1.0
55.65,33.07,0.009411,1.0
59.15,33.07,0.011857,1.0
62.65,33.07,0.014454,1.0
66.15,33.07,0.016928,1.0
69.82,33.07,0.019164,1.0
73.15,33.07,0.021666,1.0
76.65,33.07,0.024177,1.0
80.32,33.07,0.026404,1.0
83.82,33.07,0.028314,1.0
87.5,33.07,0.030147,1.0
90.82,33.07,0.031552,1.0
94.5,33.07,0.032467,1.0
98.0,33.07,0.033163,1.0
101.67,33.07,0.033197,1.0
105.52,33.07,0.032322,1.0
109.55,33.07,0.031216,1.0
113.22,33.07,0.029793,1.0
116.72,33.07,0.028185,1.0
120.22,33.07,0.026731,1.0
123.9,33.07,0.025005,1.0
127.57,33.07,0.023142,1.0
131.07,33.07,0.021346,1.0
134.75,33.07,0.019694,1.0
138.25,33.07,0.018095,1.0
141.75,33.07,0.017248,1.0
145.25,33.07,0.015948,1.0
148.75,33.07,0.01474,1.0
152.25,33.07,0.013644,1.0
155.92,33.07,0.012658,1.0
159.42,33.07,0.011583,1.0
162.92,33.07,0.010865,1.0
166.95,33.07,0.010129,1.0
170.45,33.07,0.009685,1.0
174.12,33.07,0.009731,1.0
177.62,33.07,0.009278,1.0
181.12,33.07,0.009448,1.0
184.8,33.07,0.009269,1.0
188.3,33.07,0.009405,1.0
191.8,33.07,0.009306,1.0
195.48,33.07,0.008869,1.0
198.98,33.07,0.008899,1.0
202.48,33.07,0.008949,1.0
206.15,33.07,0.008872,1.0
209.65,33.07,0.008551,1.0
213.15,33.07,0.008625,1.0
216.65,33.07,0.008622,1.0
220.33,33.07,0.008517,1.0
223.83,33.07,0.008638,1.0
227.5,33.07,0.008216,1.0
231.0,33.07,0.007889,1.0
234.5,33.07,0.007818,1.0
238.0,33.07,0.007744,1.0
241.68,33.07,0.00816,1.0
245.18,33.07,0.008616,1.0
248.68,33.07,0.009321,1.0
252.18,33.07,0.010338,1.0
255.85,33.07,0.010766,1.0
259.35,33.07,0.010846,1.0
263.03,33.07,0.010166,1.0
266.53,33.07,0.008283,1.0
270.38,33.07,0.005643,1.0
274.05,33.07,0.002861,1.0
277.55,33.07,0.001352,1.0
281.05,33.07,0.002368,1.0
284.55,33.07,0.004352,1.0
288.05,33.07,0.006167,1.0
291.55,33.07,0.006438,1.0
295.23,33.07,0.005427,1.0
298.73,33.07,0.003376,1.0
302.23,33.07,0.00149,1.0
305.73,33.07,0.001755,1.0
309.23,33.07,0.00446,1.0
312.9,33.07,0.009476,1.0
316.4,33.07,0.016561,1.0
319.9,33.07,0.025249,1.0
323.4,33.07,0.035902,1.0
326.9,33.07,0.04722,1.0
330.4,33.07,0.058058,1.0
334.08,33.07,0.067143,1.0
337.58,33.07,0.074857,1.0
341.43,33.07,0.080486,1.0
344.93,33.07,0.084691,1.0
348.43,33.07,0.088329,1.0
352.1,33.07,0.091241,1.0
355.6,33.07,0.094019,1.0
359.1,33.07,0.096389,1.0
362.78,33.07,0.098708,1.0
366.28,33.07,0.100246,1.0
369.95,33.07,0.099617,1.0
373.45,33.07,0.097322,1.0
377.65,33.07,0.092987,1.0
381.15,33.07,0.087615,1.0
384.48,33.07,0.081564,1.0
388.33,33.07,0.075732,1.0
391.83,33.07,0.069306,1.0
395.33,33.07,0.063619,1.0
398.83,33.07,0.058052,1.0
402.5,33.07,0.052784,1.0
406.0,33.07,0.048046,1.0
409.68,33.07,0.043277,1.0
413.18,33.07,0.039306,1.0
416.85,33.07,0.035754,1.0
420.53,33.07,0.033339,1.0
424.03,33.07,0.030973,1.0
427.53,33.07,0.028782,1.0
431.2,33.07,0.026573,1.0
434.7,33.07,0.024365,1.0
438.2,33.07,0.022562,1.0
441.88,33.07,0.020769,1.0
445.38,33.07,0.019124,1.0
448.88,33.07,0.017969,1.0
452.38,33.07,0.016629,1.0
456.05,33.07,0.015384,1.0
459.55,33.07,0.014395,1.0
463.05,33.07,0.01332,1.0
466.73,33.07,0.01243,1.0
470.23,33.07,0.01162,1.0
473.73,33.07,0.01093,1.0
477.4,33.07,0.010517,1.0
481.25,33.07,0.010504,1.0
484.75,33.07,0.010159,1.0
488.25,33.07,0.010021,1.0
491.75,33.07,0.010132,1.0
495.43,33.07,0.010147,1.0
498.93,33.07,0.010045,1.0
502.43,33.07,0.010511,1.0
506.1,33.07,0.010588,1.0
509.78,33.07,0.010594,1.0
514.33,33.07,0.010434,1.0
517.83,33.07,0.01044,1.0
521.5,33.07,0.010489,1.0
524.48,33.07,0.011078,1.0
528.5,33.07,0.011731,1.0
532.18,33.07,0.012732,1.0
535.68,33.07,0.01405,1.0
539.35,33.07,0.015129,1.0
542.85,33.07,0.015883,1.0
546.53,33.07,0.0167,1.0
550.03,33.07,0.017498,1.0
553.88,33.07,0.018225,1.0
557.73,33.07,0.01853,1.0
561.23,33.07,0.019781,1.0
564.73,33.07,0.020871,1.0
568.4,33.07,0.022171,1.0
571.9,33.07,0.022911,1.0
575.4,33.07,0.023419,1.0
578.9,33.07,0.023918,1.0
582.58,33.07,0.024281,1.0
586.08,33.07,0.023819,1.0
589.58,33.07,0.023687,1.0
593.25,33.07,0.023234,1.0
596.75,33.07,0.022581,1.0
599.9,33.07,0.02202,1.0
603.75,33.07,0.021238,1.0
607.25,33.07,0.020566,1.0
610.92,33.07,0.01971,1.0
614.42,33.07,0.01893,1.0
618.1,33.07,0.018105,1.0
621.6,33.07,0.017864,1.0
625.1,33.07,0.017424,1.0
628.6,33.07,0.017066,1.0
632.27,33.07,0.016694,1.0
635.77,33.07,0.016259,1.0
639.27,33.07,0.015557,1.0
642.77,33.07,0.014996,1.0
646.45,33.07,0.014719,1.0
649.95,33.07,0.014667,1.0
653.62,33.07,0.014737,1.0
657.12,33.07,0.015116,1.0
660.97,33.07,0.015575,1.0
664.47,33.07,0.015942,1.0
667.97,33.07,0.016327,1.0
671.65,33.07,0.016768,1.0
675.15,33.07,0.017479,1.0
678.82,33.07,0.018025,1.0
682.32,33.07,0.018274,1.0
685.82,33.07,0.018573,1.0
689.32,33.07,0.019094,1.0
693.0,33.07,0.019854,1.0
696.5,33.07,0.020581,1.0
700.0,33.07,0.021466,1.0
703.67,33.07,0.02263,1.0
707.17,33.07,0.023752,1.0
710.67,33.07,0.024349,1.0
12.95,66.5,0.007569,1.0
16.62,66.5,0.007467,1.0
20.47,66.5,0.007529,1.0
23.1,66.5,0.007042,1.0
27.65,66.5,0.007214,1.0
31.32,66.5,0.007165,1.0
34.82,66.5,0.007498,1.0
38.32,66.5,0.008293,1.0
41.82,66.5,0.009281,1.0
45.32,66.5,0.010945,1.0
49.0,66.5,0.013009,1.0
52.5,66.5,0.015692,1.0
56.0,66.5,0.018293,1.0
59.5,66.5,0.021789,1.0
63.0,66.5,0.025772,1.0
66.15,66.5,0.030939,1.0
70.0,66.5,0.034035,1.0
73.67,66.5,0.038342,1.0
77.17,66.5,0.042716,1.0
80.32,66.5,0.046524,1.0
84.17,66.5,0.049442,1.0
87.85,66.5,0.052051,1.0
91.35,66.5,0.053788,1.0
94.85,66.5,0.054854,1.0
98.35,66.5,0.054867,1.0
101.85,66.5,0.05462,1.0
105.52,66.5,0.053194,1.0
109.02,66.5,0.051561,1.0
112.7,66.5,0.049475,1.0
116.2,66.5,0.047667,1.0
119.87,66.5,0.045255,1.0
123.37,66.5,0.042954,1.0
127.22,66.5,0.040498,1.0
130.72,66.5,0.038557,1.0
134.22,66.5,0.036675,1.0
137.9,66.5,0.034611,1.0
141.22,66.5,0.033206,1.0
145.07,66.5,0.031441,1.0
148.57,66.5,0.029747,1.0
152.07,66.5,0.028098,1.0
155.22,66.5,0.026601,1.0
159.25,66.5,0.024999,1.0
162.92,66.5,0.023545,1.0
166.42,66.5,0.022033,1.0
170.45,66.5,0.020742,1.0
174.3,66.5,0.019639,1.0
177.8,66.5,0.018631,1.0
181.47,66.5,0.01824,1.0
184.97,66.5,0.017156,1.0
188.82,66.5,0.016687,1.0
192.32,66.5,0.016419,1.0
195.83,66.5,0.016019,1.0
199.33,66.5,0.016272,1.0
203.0,66.5,0.016586,1.0
206.5,66.5,0.017418,1.0
210.0,66.5,0.017744,1.0
213.5,66.5,0.018179,1.0
217.53,66.5,0.018222,1.0
221.2,66.5,0.018169,1.0
224.7,66.5,0.018237,1.0
228.2,66.5,0.017815,1.0
231.88,66.5,0.017291,1.0
235.38,66.5,0.016352,1.0
238.88,66.5,0.015471,1.0
242.55,66.5,0.014673,1.0
246.58,66.5,0.013853,1.0
250.08,66.5,0.014035,1.0
253.58,66.5,0.013924,1.0
257.25,66.5,0.014753,1.0
261.63,66.5,0.015501,1.0
265.13,66.5,0.015486,1.0
268.63,66.5,0.014315,1.0
272.13,66.5,0.012242,1.0
275.63,66.5,0.009673,1.0
279.3,66.5,0.006404,1.0
282.8,66.5,0.003675,1.0
286.3,66.5,0.001956,1.0
290.15,66.5,0.001207,1.0
293.65,66.5,0.001496,1.0
297.15,66.5,0.002387,1.0
300.83,66.5,0.003869,1.0
304.5,66.5,0.006635,1.0
308.0,66.5,0.010159,1.0
311.68,66.5,0.016111,1.0
315.18,66.5,0.02369,1.0
318.68,66.5,0.033792,1.0
322.35,66.5,0.044204,1.0
325.85,66.5,0.053708,1.0
329.35,66.5,0.062106,1.0
332.68,66.5,0.068083,1.0
336.53,66.5,0.07169,1.0
340.03,66.5,0.073739,1.0
343.7,66.5,0.074475,1.0
347.2,66.5,0.074802,1.0
350.7,66.5,0.075172,1.0
354.38,66.5,0.076151,1.0
357.88,66.5,0.077954,1.0
361.38,66.5,0.080523,1.0
364.88,66.5,0.084241,1.0
368.55,66.5,0.088496,1.0
372.05,66.5,0.092183,1.0
375.73,66.5,0.094811,1.0
377.83,66.5,0.096025,1.0
382.73,66.5,0.095002,1.0
386.4,66.5,0.092824,1.0
389.9,66.5,0.088813,1.0
393.4,66.5,0.083927,1.0
396.9,66.5,0.078844,1.0
400.4,66.5,0.073246,1.0
403.9,66.5,0.067796,1.0
407.75,66.5,0.062904,1.0
411.25,66.5,0.057895,1.0
414.75,66.5,0.053379,1.0
418.25,66.5,0.049556,1.0
421.93,66.5,0.044864,1.0
425.43,66.5,0.042445,1.0
428.93,66.5,0.039226,1.0
432.6,66.5,0.036315,1.0
436.1,66.5,0.033939,1.0
439.6,66.5,0.031777,1.0
443.28,66.5,0.029435,1.0
446.78,66.5,0.027488,1.0
450.45,66.5,0.025452,1.0
453.6,66.5,0.023422,1.0
457.63,66.5,0.021583,1.0
461.13,66.5,0.019728,1.0
464.63,66.5,0.018237,1.0
468.3,66.5,0.016928,1.0
471.98,66.5,0.015797,1.0
475.48,66.5,0.014959,1.0
479.15,66.5,0.014331,1.0
482.83,66.5,0.013983,1.0
487.2,66.5,0.013539,1.0
490.7,66.5,0.013308,1.0
494.2,66.5,0.013006,1.0
497.7,66.5,0.012781,1.0
501.38,66.5,0.012883,1.0
504.88,66.5,0.013222,1.0
508.55,66.5,0.013132,1.0
512.05,66.5,0.013527,1.0
515.73,66.5,0.013468,1.0
519.23,66.5,0.013989,1.0
522.73,66.5,0.014248,1.0
526.23,66.5,0.015129,1.0
529.2,66.5,0.016247,1.0
533.23,66.5,0.017532,1.0
536.9,66.5,0.019053,1.0
540.4,66.5,0.021074,1.0
541.8,66.5,0.023376,1.0
547.58,66.5,0.025702,1.0
551.08,66.5,0.028348,1.0
554.75,66.5,0.030643,1.0
557.73,66.5,0.032803,1.0
561.75,66.5,0.034198,1.0
565.25,66.5,0.035588,1.0
568.75,66.5,0.036438,1.0
572.25,66.5,0.037313,1.0
575.93,66.5,0.037994,1.0
579.43,66.5,0.037994,1.0
583.1,66.5,0.037994,1.0
586.6,66.5,0.037695,1.0
590.28,66.5,0.036567,1.0
593.78,66.5,0.035449,1.0
597.28,66.5,0.03409,1.0
600.95,66.5,0.033206,1.0
605.15,66.5,0.031552,1.0
608.83,66.5,0.029888,1.0
612.32,66.5,0.02849,1.0
615.82,66.5,0.0271,1.0
619.32,66.5,0.026145,1.0
622.82,66.5,0.025375,1.0
626.32,66.5,0.024737,1.0
630.0,66.5,0.024097,1.0
633.85,66.5,0.022917,1.0
637.35,66.5,0.022202,1.0
640.85,66.5,0.020905,1.0
644.52,66.5,0.019885,1.0
647.5,66.5,0.01902,1.0
651.52,66.5,0.018557,1.0
655.2,66.5,0.018194,1.0
658.87,66.5,0.01836,1.0
662.55,66.5,0.01836,1.0
666.05,66.5,0.018656,1.0
669.55,66.5,0.019399,1.0
673.22,66.5,0.019947,1.0
677.07,66.5,0.020628,1.0
680.75,66.5,0.021577,1.0
684.25,66.5,0.02247,1.0
687.75,66.5,0.02345,1.0
691.25,66.5,0.024248,1.0
694.57,66.5,0.025005,1.0
698.6,66.5,0.025739,1.0
702.1,66.5,0.026731,1.0
705.6,66.5,0.027966,1.0
709.1,66.5,0.0293,1.0
11.9,99.75,0.011715,1.0
15.4,99.75,0.011395,1.0
18.9,99.75,0.011321,1.0
22.58,99.75,0.011315,1.0
26.25,99.75,0.011721,1.0
29.75,99.75,0.012224,1.0
33.25,99.75,0.013172,1.0
36.75,99.75,0.014734,1.0
40.25,99.75,0.016814,1.0
43.75,99.75,0.019078,1.0
47.25,99.75,0.022516,1.0
50.93,99.75,0.026349,1.0
54.25,99.75,0.030862,1.0
57.93,99.75,0.035557,1.0
61.43,99.75,0.04137,1.0
65.1,99.75,0.047451,1.0
69.13,99.75,0.054516,1.0
72.8,99.75,0.061,1.0
76.3,99.75,0.066872,1.0
79.8,99.75,0.072344,1.0
83.3,99.75,0.077205,1.0
86.98,99.75,0.080387,1.0
90.48,99.75,0.083058,1.0
93.98,99.75,0.084448,1.0
97.83,99.75,0.084349,1.0
101.68,99.75,0.083262,1.0
105.18,99.75,0.081225,1.0
108.85,99.75,0.079207,1.0
112.53,99.75,0.075732,1.0
116.2,99.75,0.07226,1.0
119.7,99.75,0.068705,1.0
123.2,99.75,0.065082,1.0
127.23,99.75,0.061247,1.0
130.9,99.75,0.057707,1.0
134.4,99.75,0.054666,1.0
138.08,99.75,0.05165,1.0
141.58,99.75,0.049195,1.0
145.08,99.75,0.046829,1.0
148.58,99.75,0.044386,1.0
152.25,99.75,0.042088,1.0
155.75,99.75,0.039774,1.0
159.25,99.75,0.037559,1.0
162.93,99.75,0.035369,1.0
166.6,99.75,0.033896,1.0
170.1,99.75,0.032227,1.0
173.43,99.75,0.030745,1.0
177.1,99.75,0.029214,1.0
180.78,99.75,0.028138,1.0
184.28,99.75,0.02723,1.0
187.95,99.75,0.026647,1.0
191.28,99.75,0.025948,1.0
194.95,99.75,0.025449,1.0
198.45,99.75,0.025049,1.0
202.3,99.75,0.024713,1.0
205.98,99.75,0.024768,1.0
209.48,99.75,0.024873,1.0
212.98,99.75,0.02507,1.0
216.65,99.75,0.025079,1.0
220.33,99.75,0.025221,1.0
223.83,99.75,0.025156,1.0
227.33,99.75,0.024734,1.0
230.83,99.75,0.024244,1.0
234.68,99.75,0.02357,1.0
238.18,99.75,0.022556,1.0
241.85,99.75,0.021493,1.0
245.53,99.75,0.019922,1.0
248.68,99.75,0.018712,1.0
252.7,99.75,0.018098,1.0
256.2,99.75,0.017467,1.0
259.7,99.75,0.017008,1.0
263.73,99.75,0.016617,1.0
267.23,99.75,0.016355,1.0
270.73,99.75,0.01532,1.0
274.4,99.75,0.014229,1.0
277.9,99.75,0.013037,1.0
281.4,99.75,0.011749,1.0
284.9,99.75,0.010714,1.0
288.4,99.75,0.010603,1.0
292.78,99.75,0.01121,1.0
296.28,99.75,0.012054,1.0
299.78,99.75,0.012914,1.0
303.28,99.75,0.014001,1.0
306.78,99.75,0.016798,1.0
310.45,99.75,0.02154,1.0
313.95,99.75,0.029386,1.0
317.63,99.75,0.038465,1.0
321.3,99.75,0.048256,1.0
324.98,99.75,0.055464,1.0
328.48,99.75,0.060816,1.0
331.98,99.75,0.063788,1.0
335.48,99.75,0.064944,1.0
339.15,99.75,0.065258,1.0
342.83,99.75,0.064676,1.0
346.5,99.75,0.064097,1.0
350.0,99.75,0.063111,1.0
353.15,99.75,0.062695,1.0
357.0,99.75,0.062639,1.0
360.5,99.75,0.063751,1.0
364.0,99.75,0.065658,1.0
367.85,99.75,0.069352,1.0
371.35,99.75,0.07409,1.0
374.5,99.75,0.079152,1.0
378.53,99.75,0.084112,1.0
382.03,99.75,0.088579,1.0
385.88,99.75,0.092091,1.0
389.55,99.75,0.093745,1.0
393.05,99.75,0.093949,1.0
396.55,99.75,0.092544,1.0
400.23,99.75,0.090119,1.0
403.55,99.75,0.086703,1.0
407.23,99.75,0.082698,1.0
410.73,99.75,0.078659,1.0
414.4,99.75,0.07365,1.0
417.9,99.75,0.068819,1.0
421.4,99.75,0.064537,1.0
425.08,99.75,0.060514,1.0
429.45,99.75,0.055776,1.0
432.95,99.75,0.052331,1.0
436.63,99.75,0.049097,1.0
440.13,99.75,0.045834,1.0
443.28,99.75,0.042803,1.0
447.13,99.75,0.039488,1.0
450.8,99.75,0.036389,1.0
454.48,99.75,0.033933,1.0
457.98,99.75,0.031657,1.0
461.48,99.75,0.029509,1.0
465.15,99.75,0.027981,1.0
468.65,99.75,0.026496,1.0
472.33,99.75,0.024996,1.0
476.0,99.75,0.023631,1.0
479.5,99.75,0.022362,1.0
483.0,99.75,0.020893,1.0
486.5,99.75,0.019645,1.0
490.18,99.75,0.018588,1.0
493.5,99.75,0.017852,1.0
497.18,99.75,0.017177,1.0
500.85,99.75,0.016629,1.0
504.35,99.75,0.016232,1.0
508.03,99.75,0.016376,1.0
511.53,99.75,0.016644,1.0
515.03,99.75,0.016937,1.0
518.7,99.75,0.017282,1.0
522.38,99.75,0.018225,1.0
525.88,99.75,0.019303,1.0
529.55,99.75,0.020748,1.0
533.05,99.75,0.022747,1.0
536.55,99.75,0.024894,1.0
540.05,99.75,0.026974,1.0
543.73,99.75,0.029331,1.0
547.23,99.75,0.03186,1.0
550.73,99.75,0.033995,1.0
554.4,99.75,0.036481,1.0
557.55,99.75,0.038924,1.0
561.4,99.75,0.040994,1.0
565.25,99.75,0.043154,1.0
568.93,99.75,0.044922,1.0
572.43,99.75,0.04601,1.0
575.93,99.75,0.046724,1.0
579.43,99.75,0.047066,1.0
583.63,99.75,0.04649,1.0
587.13,99.75,0.045692,1.0
590.63,99.75,0.044873,1.0
594.13,99.75,0.043946,1.0
597.8,99.75,0.042938,1.0
601.3,99.75,0.041789,1.0
604.98,99.75,0.040652,1.0
608.65,99.75,0.039365,1.0
612.15,99.75,0.037883,1.0
615.83,99.75,0.036521,1.0
619.33,99.75,0.034556,1.0
622.83,99.75,0.033018,1.0
626.68,99.75,0.030933,1.0
630.18,99.75,0.029053,1.0
633.85,99.75,0.027196,1.0
637.53,99.75,0.025585,1.0
641.38,99.75,0.024063,1.0
644.88,99.75,0.023138,1.0
648.38,99.75,0.022347,1.0
651.87,99.75,0.021922,1.0
655.37,99.75,0.0219,1.0
660.27,99.75,0.02218,1.0
663.77,99.75,0.02288,1.0
667.45,99.75,0.023915,1.0
671.82,99.75,0.025406,1.0
675.5,99.75,0.026826,1.0
679.17,99.75,0.028317,1.0
682.67,99.75,0.029854,1.0
686.17,99.75,0.031345,1.0
689.85,99.75,0.032615,1.0
693.35,99.75,0.033862,1.0
696.85,99.75,0.034623,1.0
700.35,99.75,0.03556,1.0
703.85,99.75,0.036777,1.0
707.52,99.75,0.037969,1.0
711.02,99.75,0.039722,1.0
12.6,132.83,0.019522,1.0
16.1,132.83,0.018607,1.0
19.6,132.83,0.018234,1.0
23.28,132.83,0.018354,1.0
26.78,132.83,0.018776,1.0
30.45,132.83,0.01967,1.0
33.78,132.83,0.021037,1.0
37.45,132.83,0.022833,1.0
40.95,132.83,0.025196,1.0
44.45,132.83,0.028317,1.0
47.43,132.83,0.032316,1.0
51.63,132.83,0.036955,1.0
55.3,132.83,0.043065,1.0
58.8,132.83,0.04979,1.0
62.65,132.83,0.06007,1.0
67.2,132.83,0.067491,1.0
70.7,132.83,0.07487,1.0
74.55,132.83,0.081536,1.0
78.93,132.83,0.088751,1.0
82.43,132.83,0.093114,1.0
86.1,132.83,0.096432,1.0
89.6,132.83,0.099007,1.0
92.93,132.83,0.100865,1.0
96.78,132.83,0.101598,1.0
100.45,132.83,0.101543,1.0
103.95,132.83,0.100563,1.0
107.45,132.83,0.098807,1.0
111.13,132.83,0.096182,1.0
114.63,132.83,0.093508,1.0
118.3,132.83,0.08974,1.0
121.98,132.83,0.085588,1.0
125.65,132.83,0.081749,1.0
129.15,132.83,0.078105,1.0
132.65,132.83,0.074485,1.0
136.33,132.83,0.071127,1.0
140.0,132.83,0.067843,1.0
143.5,132.83,0.064802,1.0
147.0,132.83,0.062236,1.0
150.5,132.83,0.059346,1.0
153.13,132.83,0.056555,1.0
157.68,132.83,0.05365,1.0
161.18,132.83,0.050902,1.0
164.85,132.83,0.048437,1.0
168.35,132.83,0.045914,1.0
171.85,132.83,0.043699,1.0
175.35,132.83,0.041872,1.0
178.85,132.83,0.040326,1.0
182.53,132.83,0.039284,1.0
186.03,132.83,0.038619,1.0
189.53,132.83,0.037806,1.0
193.03,132.83,0.037384,1.0
196.7,132.83,0.036894,1.0
200.2,132.83,0.037341,1.0
203.88,132.83,0.037655,1.0
207.38,132.83,0.038111,1.0
210.88,132.83,0.038838,1.0
214.38,132.83,0.039571,1.0
217.88,132.83,0.039574,1.0
221.55,132.83,0.039491,1.0
225.05,132.83,0.038659,1.0
228.73,132.83,0.037562,1.0
232.23,132.83,0.036207,1.0
235.73,132.83,0.034833,1.0
239.4,132.83,0.033243,1.0
242.73,132.83,0.03101,1.0
246.58,132.83,0.028517,1.0
250.08,132.83,0.025933,1.0
253.58,132.83,0.023718,1.0
257.25,132.83,0.021857,1.0
261.28,132.83,0.020347,1.0
264.95,132.83,0.019873,1.0
268.45,132.83,0.019426,1.0
272.65,132.83,0.019038,1.0
276.33,132.83,0.01865,1.0
279.83,132.83,0.018216,1.0
283.33,132.83,0.018339,1.0
287.0,132.83,0.018385,1.0
290.33,132.83,0.018354,1.0
294.0,132.83,0.01828,1.0
297.68,132.83,0.018801,1.0
301.18,132.83,0.01914,1.0
304.68,132.83,0.02129,1.0
308.18,132.83,0.025612,1.0
311.68,132.83,0.032741,1.0
315.18,132.83,0.040501,1.0
318.85,132.83,0.049534,1.0
322.88,132.83,0.055834,1.0
326.38,132.83,0.060221,1.0
329.88,132.83,0.062673,1.0
333.38,132.83,0.063446,1.0
337.05,132.83,0.063471,1.0
340.55,132.83,0.062328,1.0
344.05,132.83,0.061022,1.0
347.55,132.83,0.059574,1.0
351.23,132.83,0.05852,1.0
354.73,132.83,0.057951,1.0
358.23,132.83,0.057544,1.0
361.73,132.83,0.058252,1.0
365.23,132.83,0.059916,1.0
368.73,132.83,0.062809,1.0
372.23,132.83,0.06645,1.0
376.43,132.83,0.072485,1.0
380.1,132.83,0.078277,1.0
383.6,132.83,0.083542,1.0
387.1,132.83,0.089103,1.0
390.6,132.83,0.093761,1.0
394.28,132.83,0.096635,1.0
397.78,132.83,0.098865,1.0
401.28,132.83,0.099294,1.0
404.95,132.83,0.098862,1.0
408.45,132.83,0.097461,1.0
412.13,132.83,0.095008,1.0
415.63,132.83,0.092257,1.0
419.13,132.83,0.088607,1.0
422.8,132.83,0.084365,1.0
426.48,132.83,0.080221,1.0
430.15,132.83,0.076438,1.0
433.65,132.83,0.072042,1.0
437.5,132.83,0.067273,1.0
441.18,132.83,0.063456,1.0
444.85,132.83,0.05917,1.0
448.35,132.83,0.055529,1.0
452.38,132.83,0.051142,1.0
456.05,132.83,0.048074,1.0
459.55,132.83,0.044796,1.0
463.05,132.83,0.041521,1.0
466.73,132.83,0.038776,1.0
470.23,132.83,0.036533,1.0
473.73,132.83,0.034682,1.0
477.4,132.83,0.033576,1.0
480.9,132.83,0.032439,1.0
484.58,132.83,0.031213,1.0
488.08,132.83,0.030064,1.0
491.58,132.83,0.029158,1.0
495.25,132.83,0.028203,1.0
498.75,132.83,0.027119,1.0
502.43,132.83,0.026367,1.0
505.93,132.83,0.026275,1.0
509.43,132.83,0.026287,1.0
513.28,132.83,0.026694,1.0
516.95,132.83,0.027254,1.0
520.45,132.83,0.028687,1.0
523.95,132.83,0.030427,1.0
527.45,132.83,0.032624,1.0
530.95,132.83,0.035092,1.0
534.63,132.83,0.03849,1.0
538.13,132.83,0.042609,1.0
541.98,132.83,0.047109,1.0
545.48,132.83,0.051231,1.0
548.98,132.83,0.056,1.0
552.48,132.83,0.060677,1.0
556.15,132.83,0.065113,1.0
559.83,132.83,0.069466,1.0
563.33,132.83,0.073724,1.0
567.0,132.83,0.077507,1.0
570.68,132.83,0.080129,1.0
574.18,132.83,0.082371,1.0
577.68,132.83,0.083912,1.0
581.18,132.83,0.084414,1.0
584.85,132.83,0.08393,1.0
588.35,132.83,0.083111,1.0
592.03,132.83,0.081546,1.0
595.35,132.83,0.079663,1.0
599.03,132.83,0.077427,1.0
602.53,132.83,0.074608,1.0
606.2,132.83,0.071521,1.0
609.7,132.83,0.068317,1.0
613.38,132.83,0.064636,1.0
616.88,132.83,0.061312,1.0
620.55,132.83,0.057719,1.0
624.23,132.83,0.054491,1.0
627.73,132.83,0.051632,1.0
631.23,132.83,0.049244,1.0
635.25,132.83,0.046305,1.0
638.75,132.83,0.044214,1.0
642.25,132.83,0.042236,1.0
646.28,132.83,0.040421,1.0
649.78,132.83,0.038872,1.0
653.45,132.83,0.037818,1.0
656.95,132.83,0.037264,1.0
660.45,132.83,0.036863,1.0
663.95,132.83,0.037642,1.0
667.63,132.83,0.038329,1.0
671.13,132.83,0.039901,1.0
674.8,132.83,0.041589,1.0
678.3,132.83,0.043825,1.0
682.5,132.83,0.046703,1.0
686.0,132.83,0.049392,1.0
689.5,132.83,0.05202,1.0
693.17,132.83,0.05499,1.0
696.67,132.83,0.05808,1.0
700.35,132.83,0.060988,1.0
703.85,132.83,0.063745,1.0
707.35,132.83,0.066019,1.0
711.02,132.83,0.068976,1.0
12.78,165.9,0.031105,1.0
16.28,165.9,0.030172,1.0
19.95,165.9,0.029996,1.0
23.63,165.9,0.030474,1.0
27.13,165.9,0.031758,1.0
30.8,165.9,0.033502,1.0
34.3,165.9,0.03556,1.0
37.8,165.9,0.039007,1.0
41.3,165.9,0.043656,1.0
44.98,165.9,0.049093,1.0
48.48,165.9,0.0558,1.0
51.98,165.9,0.063832,1.0
55.48,165.9,0.071771,1.0
59.5,165.9,0.081065,1.0
63.18,165.9,0.088274,1.0
66.68,165.9,0.09474,1.0
70.18,165.9,0.099971,1.0
74.2,165.9,0.104442,1.0
77.88,165.9,0.107279,1.0
81.38,165.9,0.109226,1.0
84.88,165.9,0.110507,1.0
88.38,165.9,0.111666,1.0
91.88,165.9,0.112954,1.0
95.55,165.9,0.113961,1.0
99.05,165.9,0.114827,1.0
102.55,165.9,0.115618,1.0
106.05,165.9,0.11604,1.0
109.55,165.9,0.116216,1.0
113.05,165.9,0.11641,1.0
116.55,165.9,0.115788,1.0
119.53,165.9,0.114971,1.0
123.73,165.9,0.113326,1.0
127.23,165.9,0.111432,1.0
130.9,165.9,0.10917,1.0
134.4,165.9,0.106293,1.0
138.08,165.9,0.102867,1.0
141.58,165.9,0.099078,1.0
145.08,165.9,0.095119,1.0
148.23,165.9,0.091034,1.0
152.25,165.9,0.086811,1.0
155.93,165.9,0.082242,1.0
159.43,165.9,0.078357,1.0
162.93,165.9,0.074133,1.0
166.6,165.9,0.070144,1.0
169.93,165.9,0.066484,1.0
173.6,165.9,0.063822,1.0
177.1,165.9,0.060933,1.0
180.78,165.9,0.05844,1.0
184.28,165.9,0.05637,1.0
187.78,165.9,0.055125,1.0
191.28,165.9,0.054161,1.0
194.95,165.9,0.05389,1.0
198.45,165.9,0.054137,1.0
202.13,165.9,0.054312,1.0
205.63,165.9,0.055005,1.0
209.3,165.9,0.055683,1.0
213.5,165.9,0.05665,1.0
217.0,165.9,0.05723,1.0
220.68,165.9,0.057177,1.0
224.88,165.9,0.056466,1.0
228.9,165.9,0.055076,1.0
232.4,165.9,0.053188,1.0
235.9,165.9,0.050994,1.0
239.4,165.9,0.04905,1.0
243.25,165.9,0.045988,1.0
246.75,165.9,0.042723,1.0
250.25,165.9,0.039217,1.0
254.45,165.9,0.034975,1.0
258.13,165.9,0.03178,1.0
261.63,165.9,0.028539,1.0
265.13,165.9,0.02593,1.0
268.63,165.9,0.023785,1.0
272.3,165.9,0.022156,1.0
275.8,165.9,0.02084,1.0
279.48,165.9,0.019975,1.0
282.98,165.9,0.019494,1.0
287.18,165.9,0.018952,1.0
290.68,165.9,0.018604,1.0
294.18,165.9,0.018382,1.0
297.68,165.9,0.018277,1.0
301.88,165.9,0.019636,1.0
305.38,165.9,0.023456,1.0
308.7,165.9,0.030141,1.0
312.38,165.9,0.038231,1.0
315.88,165.9,0.047073,1.0
319.55,165.9,0.053256,1.0
323.05,165.9,0.057886,1.0
326.73,165.9,0.060939,1.0
329.88,165.9,0.062199,1.0
333.73,165.9,0.062054,1.0
337.4,165.9,0.061164,1.0
340.9,165.9,0.059688,1.0
344.4,165.9,0.057735,1.0
348.08,165.9,0.056068,1.0
351.58,165.9,0.055036,1.0
355.25,165.9,0.053862,1.0
358.75,165.9,0.053453,1.0
362.25,165.9,0.053095,1.0
365.75,165.9,0.05352,1.0
369.25,165.9,0.054063,1.0
372.93,165.9,0.055809,1.0
376.6,165.9,0.059001,1.0
380.28,165.9,0.062846,1.0
383.78,165.9,0.067384,1.0
387.45,165.9,0.072673,1.0
390.95,165.9,0.078856,1.0
394.45,165.9,0.084247,1.0
397.95,165.9,0.089968,1.0
401.63,165.9,0.094783,1.0
405.48,165.9,0.099177,1.0
408.98,165.9,0.102251,1.0
412.48,165.9,0.104349,1.0
415.98,165.9,0.105061,1.0
419.65,165.9,0.105085,1.0
423.15,165.9,0.104035,1.0
426.65,165.9,0.102168,1.0
430.15,165.9,0.099602,1.0
433.83,165.9,0.09625,1.0
437.33,165.9,0.092907,1.0
440.83,165.9,0.088828,1.0
444.33,165.9,0.084401,1.0
447.83,165.9,0.07967,1.0
451.5,165.9,0.075125,1.0
455.0,165.9,0.070329,1.0
458.68,165.9,0.065754,1.0
462.18,165.9,0.061971,1.0
465.68,165.9,0.058259,1.0
469.18,165.9,0.055015,1.0
472.85,165.9,0.051838,1.0
476.35,165.9,0.049374,1.0
480.03,165.9,0.047162,1.0
483.7,165.9,0.044978,1.0
487.2,165.9,0.043108,1.0
490.7,165.9,0.041256,1.0
494.73,165.9,0.039808,1.0
498.4,165.9,0.038829,1.0
501.9,165.9,0.038459,1.0
505.4,165.9,0.03808,1.0
509.6,165.9,0.038225,1.0
513.1,165.9,0.038844,1.0
516.78,165.9,0.040002,1.0
520.28,165.9,0.0417,1.0
523.78,165.9,0.044272,1.0
527.45,165.9,0.047578,1.0
530.95,165.9,0.051429,1.0
534.45,165.9,0.056456,1.0
538.13,165.9,0.062023,1.0
541.63,165.9,0.067547,1.0
545.13,165.9,0.073533,1.0
548.63,165.9,0.079401,1.0
552.3,165.9,0.085147,1.0
555.8,165.9,0.090665,1.0
559.3,165.9,0.09544,1.0
562.98,165.9,0.099901,1.0
566.48,165.9,0.103218,1.0
569.98,165.9,0.105803,1.0
573.65,165.9,0.107405,1.0
577.15,165.9,0.108326,1.0
580.65,165.9,0.108918,1.0
584.33,165.9,0.109309,1.0
587.83,165.9,0.108964,1.0
591.5,165.9,0.10816,1.0
595.0,165.9,0.106271,1.0
598.68,165.9,0.103289,1.0
602.18,165.9,0.099688,1.0
605.85,165.9,0.095597,1.0
609.35,165.9,0.091558,1.0
613.03,165.9,0.087008,1.0
616.53,165.9,0.082464,1.0
620.03,165.9,0.078579,1.0
623.53,165.9,0.074438,1.0
627.03,165.9,0.070498,1.0
630.7,165.9,0.066774,1.0
634.2,165.9,0.063782,1.0
637.88,165.9,0.060785,1.0
641.38,165.9,0.057926,1.0
645.05,165.9,0.055498,1.0
648.73,165.9,0.053588,1.0
652.23,165.9,0.052559,1.0
655.9,165.9,0.051965,1.0
659.4,165.9,0.052002,1.0
662.9,165.9,0.052991,1.0
666.58,165.9,0.054611,1.0
670.08,165.9,0.056959,1.0
673.75,165.9,0.060089,1.0
677.25,165.9,0.063699,1.0
680.75,165.9,0.068012,1.0
684.25,165.9,0.07296,1.0
687.93,165.9,0.078357,1.0
691.25,165.9,0.083068,1.0
694.93,165.9,0.088493,1.0
698.25,165.9,0.09353,1.0
701.93,165.9,0.097692,1.0
705.25,165.9,0.101974,1.0
709.1,165.9,0.105742,1.0
12.43,199.15,0.052689,1.0
15.93,199.15,0.053077,1.0
20.3,199.15,0.053896,1.0
23.8,199.15,0.055246,1.0
27.3,199.15,0.057128,1.0
31.15,199.15,0.059759,1.0
34.65,199.15,0.063154,1.0
39.38,199.15,0.068619,1.0
42.88,199.15,0.073838,1.0
46.38,199.15,0.07974,1.0
50.23,199.15,0.086121,1.0
53.55,199.15,0.092322,1.0
57.4,199.15,0.097491,1.0
60.9,199.15,0.10149,1.0
64.4,199.15,0.104358,1.0
68.08,199.15,0.105874,1.0
71.75,199.15,0.106336,1.0
75.08,199.15,0.105375,1.0
78.75,199.15,0.104026,1.0
82.25,199.15,0.102196,1.0
85.93,199.15,0.100816,1.0
89.43,199.15,0.100048,1.0
92.93,199.15,0.100122,1.0
96.43,199.15,0.101077,1.0
100.1,199.15,0.102479,1.0
103.6,199.15,0.104251,1.0
107.1,199.15,0.106284,1.0
110.78,199.15,0.108419,1.0
114.28,199.15,0.110424,1.0
117.95,199.15,0.111743,1.0
121.45,199.15,0.113083,1.0
124.95,199.15,0.113973,1.0
128.63,199.15,0.113856,1.0
132.13,199.15,0.113567,1.0
135.8,199.15,0.112291,1.0
139.3,199.15,0.110437,1.0
142.98,199.15,0.108003,1.0
146.3,199.15,0.10482,1.0
149.98,199.15,0.101087,1.0
153.48,199.15,0.097316,1.0
156.98,199.15,0.093755,1.0
160.83,199.15,0.089722,1.0
164.33,199.15,0.085896,1.0
167.83,199.15,0.082282,1.0
171.33,199.15,0.079204,1.0
175.0,199.15,0.075748,1.0
178.5,199.15,0.073237,1.0
182.18,199.15,0.071228,1.0
185.68,199.15,0.069346,1.0
189.18,199.15,0.068191,1.0
192.85,199.15,0.067316,1.0
196.53,199.15,0.067143,1.0
200.03,199.15,0.067294,1.0
203.7,199.15,0.067815,1.0
208.08,199.15,0.068696,1.0
211.75,199.15,0.069109,1.0
215.25,199.15,0.068881,1.0
218.75,199.15,0.068909,1.0
222.25,199.15,0.068108,1.0
225.93,199.15,0.066774,1.0
229.43,199.15,0.065141,1.0
233.28,199.15,0.062944,1.0
236.78,199.15,0.060203,1.0
240.28,199.15,0.057288,1.0
243.78,199.15,0.053995,1.0
247.28,199.15,0.050406,1.0
252.0,199.15,0.046013,1.0
255.5,199.15,0.041983,1.0
259.18,199.15,0.038123,1.0
262.68,199.15,0.034309,1.0
267.05,199.15,0.030378,1.0
270.55,199.15,0.027633,1.0
274.05,199.15,0.02564,1.0
277.55,199.15,0.024078,1.0
281.4,199.15,0.022951,1.0
284.9,199.15,0.022069,1.0
288.58,199.15,0.021336,1.0
292.08,199.15,0.020893,1.0
295.58,199.15,0.020581,1.0
299.25,199.15,0.021909,1.0
302.75,199.15,0.025243,1.0
306.08,199.15,0.031777,1.0
309.93,199.15,0.039516,1.0
313.6,199.15,0.047917,1.0
317.28,199.15,0.054602,1.0
320.78,199.15,0.059411,1.0
324.28,199.15,0.062495,1.0
327.95,199.15,0.063909,1.0
331.45,199.15,0.063696,1.0
334.95,199.15,0.062719,1.0
338.45,199.15,0.061586,1.0
343.18,199.15,0.059697,1.0
346.68,199.15,0.058345,1.0
350.18,199.15,0.05715,1.0
353.68,199.15,0.056321,1.0
357.18,199.15,0.055668,1.0
360.85,199.15,0.054968,1.0
364.35,199.15,0.054488,1.0
368.03,199.15,0.054562,1.0
371.53,199.15,0.055181,1.0
375.2,199.15,0.056225,1.0
378.88,199.15,0.058089,1.0
382.38,199.15,0.060782,1.0
385.7,199.15,0.064164,1.0
389.55,199.15,0.067877,1.0
393.05,199.15,0.072476,1.0
396.55,199.15,0.077593,1.0
400.05,199.15,0.082442,1.0
403.55,199.15,0.08791,1.0
407.05,199.15,0.093034,1.0
410.73,199.15,0.097436,1.0
414.23,199.15,0.101715,1.0
417.73,199.15,0.105187,1.0
421.23,199.15,0.107852,1.0
424.9,199.15,0.109217,1.0
428.4,199.15,0.10974,1.0
431.73,199.15,0.108791,1.0
435.58,199.15,0.106995,1.0
439.25,199.15,0.104053,1.0
442.75,199.15,0.100523,1.0
446.25,199.15,0.096013,1.0
449.75,199.15,0.091749,1.0
453.25,199.15,0.0873,1.0
456.93,199.15,0.082895,1.0
460.78,199.15,0.078887,1.0
464.28,199.15,0.075039,1.0
467.95,199.15,0.071222,1.0
471.45,199.15,0.067732,1.0
475.48,199.15,0.064491,1.0
479.33,199.15,0.061811,1.0
482.83,199.15,0.059602,1.0
486.33,199.15,0.057236,1.0
489.83,199.15,0.055307,1.0
493.33,199.15,0.053727,1.0
497.0,199.15,0.052455,1.0
500.5,199.15,0.051567,1.0
504.35,199.15,0.050569,1.0
508.03,199.15,0.050079,1.0
511.53,199.15,0.050196,1.0
515.03,199.15,0.050973,1.0
518.88,199.15,0.052806,1.0
522.55,199.15,0.055227,1.0
526.05,199.15,0.058225,1.0
529.55,199.15,0.061857,1.0
533.05,199.15,0.065994,1.0
536.73,199.15,0.071472,1.0
540.4,199.15,0.077609,1.0
544.08,199.15,0.083564,1.0
547.58,199.15,0.089657,1.0
551.08,199.15,0.095064,1.0
554.58,199.15,0.100206,1.0
558.25,199.15,0.104879,1.0
561.75,199.15,0.108761,1.0
565.25,199.15,0.111444,1.0
568.75,199.15,0.113875,1.0
572.25,199.15,0.115745,1.0
575.93,199.15,0.117368,1.0
579.43,199.15,0.118527,1.0
583.1,199.15,0.118872,1.0
586.6,199.15,0.11889,1.0
590.1,199.15,0.118523,1.0
593.43,199.15,0.117624,1.0
597.28,199.15,0.116207,1.0
600.95,199.15,0.114719,1.0
604.45,199.15,0.112565,1.0
607.78,199.15,0.110363,1.0
611.63,199.15,0.107344,1.0
615.3,199.15,0.103838,1.0
618.8,199.15,0.100076,1.0
622.3,199.15,0.096179,1.0
625.8,199.15,0.092852,1.0
629.48,199.15,0.089263,1.0
632.98,199.15,0.085603,1.0
636.48,199.15,0.082174,1.0
640.15,199.15,0.079152,1.0
643.65,199.15,0.07637,1.0
647.33,199.15,0.073832,1.0
650.83,199.15,0.072183,1.0
654.33,199.15,0.071561,1.0
657.83,199.15,0.072002,1.0
661.5,199.15,0.07356,1.0
665.0,199.15,0.076355,1.0
668.33,199.15,0.080092,1.0
672.0,199.15,0.084793,1.0
675.5,199.15,0.090008,1.0
679.0,199.15,0.094938,1.0
682.68,199.15,0.100088,1.0
686.18,199.15,0.105064,1.0
689.68,199.15,0.109673,1.0
693.18,199.15,0.112895,1.0
696.85,199.15,0.115572,1.0
700.88,199.15,0.11722,1.0
704.38,199.15,0.118225,1.0
708.05,199.15,0.118092,1.0
12.25,232.23,0.086235,1.0
15.75,232.23,0.087535,1.0
19.43,232.23,0.089605,1.0
22.93,232.23,0.092294,1.0
26.43,232.23,0.095206,1.0
29.75,232.23,0.098881,1.0
33.6,232.23,0.102766,1.0
37.28,232.23,0.106623,1.0
40.6,232.23,0.109546,1.0
44.28,232.23,0.111179,1.0
47.78,232.23,0.112054,1.0
51.45,232.23,0.111059,1.0
54.95,232.23,0.109035,1.0
58.45,232.23,0.105606,1.0
62.13,232.23,0.101065,1.0
65.63,232.23,0.096121,1.0
69.13,232.23,0.091524,1.0
72.8,232.23,0.086774,1.0
76.3,232.23,0.082168,1.0
79.8,232.23,0.078801,1.0
83.3,232.23,0.07552,1.0
86.98,232.23,0.073037,1.0
90.3,232.23,0.07117,1.0
93.98,232.23,0.070196,1.0
97.48,232.23,0.069657,1.0
101.15,232.23,0.070036,1.0
104.65,232.23,0.071077,1.0
108.15,232.23,0.072849,1.0
111.83,232.23,0.075181,1.0
115.33,232.23,0.077963,1.0
119.0,232.23,0.080686,1.0
122.5,232.23,0.084414,1.0
126.0,232.23,0.088111,1.0
129.5,232.23,0.091986,1.0
133.0,232.23,0.095504,1.0
136.5,232.23,0.099254,1.0
140.18,232.23,0.102559,1.0
143.68,232.23,0.105353,1.0
147.18,232.23,0.108006,1.0
150.33,232.23,0.110341,1.0
154.35,232.23,0.111693,1.0
157.85,232.23,0.112873,1.0
161.35,232.23,0.113342,1.0
164.85,232.23,0.11352,1.0
168.53,232.23,0.112679,1.0
172.2,232.23,0.111047,1.0
175.7,232.23,0.109512,1.0
179.2,232.23,0.107485,1.0
182.7,232.23,0.105477,1.0
186.38,232.23,0.103828,1.0
189.88,232.23,0.102689,1.0
193.55,232.23,0.102411,1.0
197.05,232.23,0.102809,1.0
200.73,232.23,0.103505,1.0
204.23,232.23,0.104669,1.0
207.73,232.23,0.105686,1.0
211.4,232.23,0.107045,1.0
214.9,232.23,0.107827,1.0
218.4,232.23,0.108647,1.0
221.9,232.23,0.108277,1.0
225.58,232.23,0.107331,1.0
229.08,232.23,0.105085,1.0
232.58,232.23,0.101589,1.0
236.08,232.23,0.097051,1.0
239.75,232.23,0.091817,1.0
243.95,232.23,0.084968,1.0
247.45,232.23,0.079238,1.0
250.95,232.23,0.073058,1.0
255.33,232.23,0.065424,1.0
259.0,232.23,0.059315,1.0
262.5,232.23,0.052719,1.0
266.0,232.23,0.046854,1.0
269.5,232.23,0.041382,1.0
273.0,232.23,0.036272,1.0
276.68,232.23,0.032569,1.0
280.18,232.23,0.028989,1.0
283.68,232.23,0.026173,1.0
287.35,232.23,0.023638,1.0
290.85,232.23,0.021848,1.0
294.35,232.23,0.021629,1.0
298.03,232.23,0.022664,1.0
301.53,232.23,0.026509,1.0
305.03,232.23,0.033339,1.0
308.7,232.23,0.041481,1.0
312.2,232.23,0.049229,1.0
316.58,232.23,0.05658,1.0
320.25,232.23,0.060156,1.0
323.75,232.23,0.062069,1.0
327.25,232.23,0.062716,1.0
330.75,232.23,0.062599,1.0
334.25,232.23,0.061869,1.0
337.93,232.23,0.060846,1.0
341.43,232.23,0.060196,1.0
345.1,232.23,0.059349,1.0
348.6,232.23,0.058755,1.0
352.1,232.23,0.058163,1.0
355.6,232.23,0.057621,1.0
359.28,232.23,0.057045,1.0
362.78,232.23,0.056475,1.0
366.45,232.23,0.05605,1.0
369.95,232.23,0.055652,1.0
373.45,232.23,0.055834,1.0
377.13,232.23,0.055588,1.0
380.63,232.23,0.056081,1.0
384.13,232.23,0.056792,1.0
387.63,232.23,0.057941,1.0
391.3,232.23,0.059586,1.0
394.98,232.23,0.061731,1.0
398.48,232.23,0.064312,1.0
401.98,232.23,0.066999,1.0
406.35,232.23,0.07109,1.0
409.85,232.23,0.074876,1.0
413.53,232.23,0.078869,1.0
417.03,232.23,0.082547,1.0
421.23,232.23,0.087541,1.0
424.9,232.23,0.091543,1.0
428.4,232.23,0.094925,1.0
431.9,232.23,0.098647,1.0
435.4,232.23,0.102461,1.0
438.9,232.23,0.105298,1.0
442.58,232.23,0.107941,1.0
446.08,232.23,0.109934,1.0
449.75,232.23,0.110945,1.0
453.6,232.23,0.111543,1.0
457.1,232.23,0.111154,1.0
460.6,232.23,0.110486,1.0
464.1,232.23,0.109395,1.0
467.6,232.23,0.107673,1.0
471.28,232.23,0.105637,1.0
474.78,232.23,0.103317,1.0
478.45,232.23,0.100668,1.0
482.13,232.23,0.098225,1.0
485.63,232.23,0.09604,1.0
489.13,232.23,0.094398,1.0
492.63,232.23,0.092596,1.0
497.35,232.23,0.0908,1.0
500.85,232.23,0.090008,1.0
504.53,232.23,0.089626,1.0
508.03,232.23,0.090073,1.0
511.7,232.23,0.090997,1.0
515.2,232.23,0.092716,1.0
518.7,232.23,0.095107,1.0
522.2,232.23,0.098178,1.0
526.58,232.23,0.10259,1.0
530.08,232.23,0.10592,1.0
533.58,232.23,0.108379,1.0
537.25,232.23,0.110169,1.0
541.28,232.23,0.110868,1.0
544.95,232.23,0.110708,1.0
548.45,232.23,0.110393,1.0
552.13,232.23,0.109682,1.0
555.63,232.23,0.107972,1.0
559.3,232.23,0.106148,1.0
562.8,232.23,0.104364,1.0
566.3,232.23,0.102753,1.0
569.8,232.23,0.101392,1.0
573.48,232.23,0.100122,1.0
576.98,232.23,0.098905,1.0
580.48,232.23,0.098101,1.0
584.15,232.23,0.098148,1.0
586.95,232.23,0.098567,1.0
591.5,232.23,0.099614,1.0
595.0,232.23,0.101244,1.0
598.5,232.23,0.103259,1.0
602.18,232.23,0.105292,1.0
605.68,232.23,0.107371,1.0
609.18,232.23,0.1093,1.0
612.68,232.23,0.110424,1.0
616.35,232.23,0.111684,1.0
619.85,232.23,0.112809,1.0
623.53,232.23,0.113,1.0
627.03,232.23,0.112806,1.0
630.53,232.23,0.11198,1.0
634.2,232.23,0.11064,1.0
637.7,232.23,0.109368,1.0
641.2,232.23,0.107904,1.0
644.88,232.23,0.106429,1.0
648.55,232.23,0.10539,1.0
652.05,232.23,0.105082,1.0
655.55,232.23,0.105113,1.0
659.05,232.23,0.105902,1.0
662.55,232.23,0.106983,1.0
666.23,232.23,0.107997,1.0
669.73,232.23,0.109032,1.0
673.4,232.23,0.109697,1.0
677.08,232.23,0.110055,1.0
680.75,232.23,0.109978,1.0
684.25,232.23,0.10889,1.0
687.75,232.23,0.107236,1.0
691.08,232.23,0.104629,1.0
695.1,232.23,0.101549,1.0
698.6,232.23,0.098037,1.0
702.28,232.23,0.094839,1.0
705.95,232.23,0.091318,1.0
709.63,232.23,0.087461,1.0
12.78,265.3,0.117233,1.0
16.28,265.3,0.118949,1.0
19.78,265.3,0.120098,1.0
23.45,265.3,0.121197,1.0
26.43,265.3,0.121607,1.0
30.63,265.3,0.121496,1.0
34.13,265.3,0.120249,1.0
37.63,265.3,0.118104,1.0
41.3,265.3,0.114525,1.0
44.98,265.3,0.1104,1.0
48.65,265.3,0.105544,1.0
52.15,265.3,0.100107,1.0
55.65,265.3,0.094679,1.0
59.15,265.3,0.089438,1.0
62.83,265.3,0.084229,1.0
66.33,265.3,0.079845,1.0
69.83,265.3,0.075902,1.0
73.5,265.3,0.072233,1.0
77.0,265.3,0.06954,1.0
80.68,265.3,0.067328,1.0
84.0,265.3,0.065434,1.0
88.73,265.3,0.063995,1.0
92.23,265.3,0.062806,1.0
95.9,265.3,0.061897,1.0
99.4,265.3,0.061573,1.0
102.9,265.3,0.061546,1.0
106.58,265.3,0.061783,1.0
110.08,265.3,0.062525,1.0
113.75,265.3,0.063798,1.0
117.25,265.3,0.065224,1.0
120.75,265.3,0.067094,1.0
124.25,265.3,0.069432,1.0
127.93,265.3,0.071878,1.0
131.43,265.3,0.074719,1.0
134.93,265.3,0.077396,1.0
138.6,265.3,0.079836,1.0
142.1,265.3,0.083027,1.0
145.25,265.3,0.086225,1.0
149.1,265.3,0.08958,1.0
152.78,265.3,0.092766,1.0
156.28,265.3,0.095794,1.0
159.78,265.3,0.098921,1.0
163.28,265.3,0.101783,1.0
166.78,265.3,0.104454,1.0
170.45,265.3,0.107365,1.0
174.13,265.3,0.109894,1.0
177.63,265.3,0.111783,1.0
181.13,265.3,0.113483,1.0
184.8,265.3,0.114673,1.0
188.3,265.3,0.115409,1.0
191.8,265.3,0.115806,1.0
195.3,265.3,0.115911,1.0
198.98,265.3,0.116216,1.0
202.48,265.3,0.116228,1.0
206.33,265.3,0.115754,1.0
209.83,265.3,0.115905,1.0
213.33,265.3,0.11576,1.0
217.0,265.3,0.115923,1.0
220.68,265.3,0.116154,1.0
224.18,265.3,0.116321,1.0
227.68,265.3,0.11657,1.0
231.35,265.3,0.116034,1.0
234.68,265.3,0.114639,1.0
238.7,265.3,0.112103,1.0
242.38,265.3,0.108631,1.0
245.88,265.3,0.103286,1.0
249.55,265.3,0.095899,1.0
253.23,265.3,0.089962,1.0
256.73,265.3,0.082365,1.0
260.23,265.3,0.074904,1.0
264.43,265.3,0.065575,1.0
268.1,265.3,0.058333,1.0
271.6,265.3,0.051244,1.0
275.1,265.3,0.045317,1.0
278.6,265.3,0.039728,1.0
282.28,265.3,0.034734,1.0
285.78,265.3,0.030794,1.0
289.45,265.3,0.027957,1.0
292.95,265.3,0.026595,1.0
296.45,265.3,0.027738,1.0
300.13,265.3,0.032079,1.0
303.63,265.3,0.038998,1.0
307.13,265.3,0.047109,1.0
310.8,265.3,0.054297,1.0
314.48,265.3,0.060012,1.0
317.98,265.3,0.063767,1.0
321.65,265.3,0.065705,1.0
325.15,265.3,0.066851,1.0
328.65,265.3,0.067236,1.0
332.33,265.3,0.067109,1.0
335.83,265.3,0.067079,1.0
339.33,265.3,0.067162,1.0
342.83,265.3,0.067082,1.0
346.33,265.3,0.066795,1.0
350.0,265.3,0.066808,1.0
353.5,265.3,0.066321,1.0
357.0,265.3,0.065606,1.0
360.5,265.3,0.064673,1.0
363.83,265.3,0.063952,1.0
367.68,265.3,0.062766,1.0
371.18,265.3,0.061382,1.0
374.5,265.3,0.060132,1.0
378.35,265.3,0.059063,1.0
381.85,265.3,0.058268,1.0
385.53,265.3,0.057559,1.0
389.03,265.3,0.057159,1.0
392.7,265.3,0.057109,1.0
396.2,265.3,0.057048,1.0
400.05,265.3,0.057713,1.0
403.55,265.3,0.058369,1.0
407.05,265.3,0.05902,1.0
410.73,265.3,0.05999,1.0
414.05,265.3,0.061204,1.0
417.73,265.3,0.062926,1.0
421.4,265.3,0.064688,1.0
424.9,265.3,0.06714,1.0
428.4,265.3,0.069743,1.0
431.9,265.3,0.072877,1.0
435.58,265.3,0.076327,1.0
439.08,265.3,0.079848,1.0
442.58,265.3,0.083693,1.0
446.25,265.3,0.088055,1.0
449.75,265.3,0.092347,1.0
453.25,265.3,0.096256,1.0
456.75,265.3,0.100446,1.0
460.25,265.3,0.104315,1.0
463.93,265.3,0.107587,1.0
467.43,265.3,0.110474,1.0
470.93,265.3,0.112781,1.0
474.95,265.3,0.114937,1.0
478.45,265.3,0.116164,1.0
481.95,265.3,0.117042,1.0
485.63,265.3,0.117297,1.0
488.95,265.3,0.117365,1.0
492.63,265.3,0.117682,1.0
496.3,265.3,0.117781,1.0
499.8,265.3,0.118037,1.0
503.3,265.3,0.118468,1.0
506.98,265.3,0.119266,1.0
510.48,265.3,0.119944,1.0
514.15,265.3,0.120705,1.0
517.65,265.3,0.120705,1.0
521.33,265.3,0.120779,1.0
524.83,265.3,0.119592,1.0
528.33,265.3,0.117796,1.0
532.0,265.3,0.115258,1.0
535.5,265.3,0.11226,1.0
539.18,265.3,0.109441,1.0
542.68,265.3,0.106133,1.0
546.18,265.3,0.102676,1.0
549.68,265.3,0.098952,1.0
553.18,265.3,0.095347,1.0
556.85,265.3,0.092094,1.0
560.18,265.3,0.088742,1.0
563.85,265.3,0.086062,1.0
567.35,265.3,0.083853,1.0
570.85,265.3,0.082396,1.0
574.35,265.3,0.081238,1.0
578.03,265.3,0.081007,1.0
581.53,265.3,0.081139,1.0
585.03,265.3,0.081906,1.0
588.53,265.3,0.083299,1.0
592.55,265.3,0.085298,1.0
596.23,265.3,0.087615,1.0
599.73,265.3,0.090384,1.0
603.23,265.3,0.093394,1.0
606.9,265.3,0.09608,1.0
610.58,265.3,0.099303,1.0
614.08,265.3,0.102504,1.0
617.58,265.3,0.105683,1.0
621.78,265.3,0.109053,1.0
625.45,265.3,0.111105,1.0
628.95,265.3,0.113234,1.0
632.45,265.3,0.114691,1.0
635.43,265.3,0.115369,1.0
639.63,265.3,0.115831,1.0
643.13,265.3,0.115831,1.0
646.63,265.3,0.115917,1.0
650.3,265.3,0.11544,1.0
653.98,265.3,0.115421,1.0
657.48,265.3,0.115427,1.0
660.98,265.3,0.1154,1.0
664.48,265.3,0.115079,1.0
667.98,265.3,0.114183,1.0
671.65,265.3,0.112624,1.0
675.15,265.3,0.11052,1.0
678.65,265.3,0.108234,1.0
681.63,265.3,0.105101,1.0
685.83,265.3,0.101912,1.0
689.33,265.3,0.098302,1.0
692.83,265.3,0.094857,1.0
697.55,265.3,0.089851,1.0
701.23,265.3,0.086053,1.0
704.73,265.3,0.082106,1.0
708.4,265.3,0.078899,1.0
12.25,298.38,0.114592,1.0
15.75,298.38,0.114038,1.0
19.43,298.38,0.112273,1.0
22.93,298.38,0.110363,1.0
26.6,298.38,0.107226,1.0
30.1,298.38,0.103493,1.0
33.78,298.38,0.099306,1.0
37.28,298.38,0.095104,1.0
40.95,298.38,0.091154,1.0
44.45,298.38,0.08714,1.0
47.78,298.38,0.082944,1.0
51.45,298.38,0.079479,1.0
54.95,298.38,0.076327,1.0
58.63,298.38,0.073268,1.0
62.13,298.38,0.070698,1.0
65.63,298.38,0.068459,1.0
69.3,298.38,0.066558,1.0
72.8,298.38,0.064888,1.0
76.13,298.38,0.06406,1.0
79.98,298.38,0.062966,1.0
83.65,298.38,0.061995,1.0
87.15,298.38,0.061312,1.0
90.65,298.38,0.060797,1.0
94.33,298.38,0.060156,1.0
97.83,298.38,0.059774,1.0
101.33,298.38,0.059879,1.0
104.83,298.38,0.059651,1.0
109.03,298.38,0.059651,1.0
112.53,298.38,0.060082,1.0
116.03,298.38,0.060095,1.0
119.7,298.38,0.060052,1.0
123.55,298.38,0.060514,1.0
127.23,298.38,0.060458,1.0
130.55,298.38,0.061059,1.0
134.23,298.38,0.062032,1.0
137.9,298.38,0.063702,1.0
141.58,298.38,0.06511,1.0
145.08,298.38,0.067082,1.0
148.75,298.38,0.069143,1.0
153.65,298.38,0.072005,1.0
157.15,298.38,0.074405,1.0
160.65,298.38,0.076897,1.0
164.15,298.38,0.079577,1.0
168.0,298.38,0.082066,1.0
171.5,298.38,0.08475,1.0
175.0,298.38,0.087202,1.0
178.5,298.38,0.089639,1.0
182.18,298.38,0.091435,1.0
185.68,298.38,0.093218,1.0
189.18,298.38,0.094648,1.0
192.85,298.38,0.09523,1.0
196.35,298.38,0.095893,1.0
200.03,298.38,0.095849,1.0
203.53,298.38,0.095366,1.0
207.2,298.38,0.094796,1.0
209.83,298.38,0.094839,1.0
214.2,298.38,0.094756,1.0
217.88,298.38,0.095356,1.0
221.38,298.38,0.096918,1.0
224.88,298.38,0.099161,1.0
228.55,298.38,0.101789,1.0
232.05,298.38,0.104343,1.0
235.55,298.38,0.106875,1.0
239.05,298.38,0.108721,1.0
242.9,298.38,0.10979,1.0
246.4,298.38,0.108955,1.0
249.9,298.38,0.106355,1.0
253.4,298.38,0.101925,1.0
256.9,298.38,0.095788,1.0
260.58,298.38,0.089291,1.0
264.08,298.38,0.082149,1.0
267.58,298.38,0.075378,1.0
271.78,298.38,0.066521,1.0
275.45,298.38,0.059586,1.0
278.95,298.38,0.05287,1.0
282.45,298.38,0.047214,1.0
286.13,298.38,0.042227,1.0
289.8,298.38,0.038656,1.0
293.3,298.38,0.037294,1.0
296.8,298.38,0.038909,1.0
301.0,298.38,0.044371,1.0
304.5,298.38,0.050443,1.0
308.0,298.38,0.056419,1.0
311.5,298.38,0.061305,1.0
313.43,298.38,0.064275,1.0
318.68,298.38,0.065498,1.0
322.18,298.38,0.066,1.0
325.85,298.38,0.066367,1.0
329.35,298.38,0.066484,1.0
332.85,298.38,0.066715,1.0
336.53,298.38,0.06722,1.0
340.03,298.38,0.068212,1.0
343.7,298.38,0.068933,1.0
347.2,298.38,0.069734,1.0
350.7,298.38,0.070409,1.0
354.38,298.38,0.070412,1.0
357.88,298.38,0.070095,1.0
361.03,298.38,0.069676,1.0
365.05,298.38,0.068955,1.0
368.55,298.38,0.068145,1.0
372.23,298.38,0.067137,1.0
375.9,298.38,0.06584,1.0
379.4,298.38,0.064531,1.0
382.9,298.38,0.063557,1.0
386.58,298.38,0.062414,1.0
390.08,298.38,0.061278,1.0
393.58,298.38,0.060474,1.0
397.08,298.38,0.059673,1.0
400.75,298.38,0.05901,1.0
404.25,298.38,0.058933,1.0
407.93,298.38,0.058899,1.0
411.43,298.38,0.059075,1.0
414.93,298.38,0.05978,1.0
418.6,298.38,0.060403,1.0
422.1,298.38,0.061382,1.0
425.6,298.38,0.062541,1.0
429.28,298.38,0.064232,1.0
432.95,298.38,0.065683,1.0
436.98,298.38,0.068163,1.0
440.48,298.38,0.070834,1.0
444.15,298.38,0.073859,1.0
447.65,298.38,0.076851,1.0
451.85,298.38,0.079968,1.0
455.35,298.38,0.08271,1.0
459.03,298.38,0.085782,1.0
462.53,298.38,0.089405,1.0
467.08,298.38,0.094642,1.0
470.58,298.38,0.098822,1.0
474.08,298.38,0.103037,1.0
477.75,298.38,0.107035,1.0
481.6,298.38,0.110467,1.0
485.28,298.38,0.112917,1.0
488.95,298.38,0.115581,1.0
492.63,298.38,0.117793,1.0
496.3,298.38,0.11971,1.0
499.98,298.38,0.121284,1.0
503.48,298.38,0.121955,1.0
506.98,298.38,0.122368,1.0
510.65,298.38,0.121804,1.0
514.33,298.38,0.120791,1.0
518.0,298.38,0.118619,1.0
521.68,298.38,0.115911,1.0
525.18,298.38,0.112347,1.0
529.03,298.38,0.108169,1.0
532.7,298.38,0.103403,1.0
536.2,298.38,0.098453,1.0
539.7,298.38,0.093785,1.0
543.2,298.38,0.088832,1.0
546.88,298.38,0.084229,1.0
550.55,298.38,0.080498,1.0
554.05,298.38,0.077143,1.0
557.73,298.38,0.073724,1.0
561.4,298.38,0.070951,1.0
564.9,298.38,0.068715,1.0
568.58,298.38,0.066798,1.0
572.08,298.38,0.065471,1.0
575.58,298.38,0.064666,1.0
579.08,298.38,0.064629,1.0
582.93,298.38,0.064494,1.0
586.43,298.38,0.065326,1.0
589.93,298.38,0.066426,1.0
593.43,298.38,0.067898,1.0
597.1,298.38,0.069802,1.0
600.6,298.38,0.071872,1.0
604.28,298.38,0.074337,1.0
607.78,298.38,0.076743,1.0
611.28,298.38,0.079552,1.0
614.95,298.38,0.082325,1.0
618.45,298.38,0.085538,1.0
621.95,298.38,0.089275,1.0
625.45,298.38,0.093132,1.0
629.13,298.38,0.096469,1.0
632.8,298.38,0.100816,1.0
636.65,298.38,0.10462,1.0
640.15,298.38,0.107972,1.0
643.65,298.38,0.110677,1.0
648.03,298.38,0.114103,1.0
651.53,298.38,0.116444,1.0
655.03,298.38,0.118268,1.0
658.7,298.38,0.119552,1.0
662.9,298.38,0.12047,1.0
666.4,298.38,0.120104,1.0
669.9,298.38,0.11897,1.0
673.58,298.38,0.11723,1.0
677.43,298.38,0.114349,1.0
681.1,298.38,0.111666,1.0
684.6,298.38,0.108939,1.0
688.28,298.38,0.105412,1.0
691.95,298.38,0.101872,1.0
695.63,298.38,0.098376,1.0
699.3,298.38,0.095079,1.0
702.8,298.38,0.092467,1.0
706.3,298.38,0.08966,1.0
710.15,298.38,0.086342,1.0
12.43,331.45,0.081527,1.0
15.93,331.45,0.080326,1.0
19.6,331.45,0.07918,1.0
23.28,331.45,0.077907,1.0
26.6,331.45,0.076546,1.0
30.28,331.45,0.074845,1.0
33.95,331.45,0.073373,1.0
37.45,331.45,0.071814,1.0
41.3,331.45,0.06987,1.0
45.15,331.45,0.068382,1.0
48.83,331.45,0.067131,1.0
52.33,331.45,0.065849,1.0
55.83,331.45,0.064919,1.0
59.5,331.45,0.064312,1.0
63.0,331.45,0.063428,1.0
66.5,331.45,0.062963,1.0
70.0,331.45,0.062242,1.0
73.68,331.45,0.062032,1.0
77.18,331.45,0.0617,1.0
80.68,331.45,0.061324,1.0
84.35,331.45,0.061182,1.0
87.68,331.45,0.060896,1.0
91.35,331.45,0.060498,1.0
95.03,331.45,0.060018,1.0
98.53,331.45,0.059876,1.0
101.85,331.45,0.059315,1.0
105.53,331.45,0.059469,1.0
109.2,331.45,0.059383,1.0
112.7,331.45,0.059361,1.0
116.2,331.45,0.059056,1.0
119.7,331.45,0.058678,1.0
123.38,331.45,0.058678,1.0
126.88,331.45,0.058681,1.0
130.55,331.45,0.059032,1.0
134.93,331.45,0.059537,1.0
138.6,331.45,0.060169,1.0
142.1,331.45,0.060634,1.0
145.6,331.45,0.061278,1.0
148.93,331.45,0.062066,1.0
152.78,331.45,0.063,1.0
156.45,331.45,0.064133,1.0
159.95,331.45,0.065474,1.0
163.63,331.45,0.067162,1.0
167.3,331.45,0.069044,1.0
170.8,331.45,0.070902,1.0
174.13,331.45,0.072744,1.0
177.8,331.45,0.074824,1.0
181.83,331.45,0.076546,1.0
185.33,331.45,0.078024,1.0
188.83,331.45,0.079247,1.0
192.33,331.45,0.07962,1.0
195.3,331.45,0.079719,1.0
199.85,331.45,0.079651,1.0
203.35,331.45,0.079038,1.0
206.85,331.45,0.078255,1.0
210.53,331.45,0.077344,1.0
214.03,331.45,0.07669,1.0
217.53,331.45,0.075923,1.0
221.03,331.45,0.075612,1.0
224.53,331.45,0.07596,1.0
228.03,331.45,0.076915,1.0
231.7,331.45,0.079013,1.0
235.2,331.45,0.081493,1.0
238.88,331.45,0.085538,1.0
242.38,331.45,0.090279,1.0
245.88,331.45,0.094743,1.0
249.55,331.45,0.098299,1.0
253.05,331.45,0.100443,1.0
256.55,331.45,0.100557,1.0
260.23,331.45,0.098342,1.0
263.73,331.45,0.094592,1.0
267.23,331.45,0.089133,1.0
270.73,331.45,0.082849,1.0
274.23,331.45,0.076352,1.0
277.73,331.45,0.06954,1.0
281.4,331.45,0.063308,1.0
284.9,331.45,0.057775,1.0
288.58,331.45,0.053379,1.0
292.08,331.45,0.051691,1.0
295.58,331.45,0.053009,1.0
298.9,331.45,0.05731,1.0
302.93,331.45,0.063043,1.0
306.6,331.45,0.067023,1.0
310.1,331.45,0.069817,1.0
313.78,331.45,0.071422,1.0
317.28,331.45,0.0719,1.0
320.78,331.45,0.071838,1.0
324.28,331.45,0.071598,1.0
327.78,331.45,0.071598,1.0
331.45,331.45,0.071937,1.0
334.95,331.45,0.072633,1.0
338.63,331.45,0.07369,1.0
341.95,331.45,0.074756,1.0
345.28,331.45,0.0758,1.0
349.13,331.45,0.076971,1.0
352.8,331.45,0.077793,1.0
356.3,331.45,0.078086,1.0
359.8,331.45,0.078169,1.0
363.65,331.45,0.077883,1.0
367.15,331.45,0.076746,1.0
370.83,331.45,0.075455,1.0
374.85,331.45,0.073425,1.0
378.53,331.45,0.071694,1.0
382.2,331.45,0.069808,1.0
385.7,331.45,0.068277,1.0
389.2,331.45,0.066438,1.0
393.05,331.45,0.064734,1.0
396.55,331.45,0.063724,1.0
400.05,331.45,0.062377,1.0
403.55,331.45,0.061287,1.0
407.23,331.45,0.060548,1.0
410.73,331.45,0.059824,1.0
414.23,331.45,0.059383,1.0
417.9,331.45,0.058979,1.0
421.4,331.45,0.058724,1.0
424.9,331.45,0.058638,1.0
428.75,331.45,0.058733,1.0
432.25,331.45,0.059023,1.0
435.58,331.45,0.05893,1.0
439.25,331.45,0.059315,1.0
442.93,331.45,0.059802,1.0
446.43,331.45,0.060409,1.0
450.1,331.45,0.061213,1.0
453.78,331.45,0.062039,1.0
457.45,331.45,0.062987,1.0
460.95,331.45,0.063949,1.0
465.15,331.45,0.065061,1.0
468.83,331.45,0.066583,1.0
472.33,331.45,0.068145,1.0
475.83,331.45,0.0697,1.0
479.15,331.45,0.071312,1.0
483.0,331.45,0.072454,1.0
486.5,331.45,0.073801,1.0
490.0,331.45,0.075122,1.0
493.68,331.45,0.076139,1.0
496.83,331.45,0.07706,1.0
500.68,331.45,0.077713,1.0
504.35,331.45,0.078068,1.0
507.85,331.45,0.078141,1.0
511.35,331.45,0.077673,1.0
515.03,331.45,0.076666,1.0
518.53,331.45,0.075668,1.0
522.2,331.45,0.074398,1.0
526.05,331.45,0.072716,1.0
529.55,331.45,0.071407,1.0
533.23,331.45,0.069876,1.0
536.73,331.45,0.068061,1.0
539.88,331.45,0.066429,1.0
543.9,331.45,0.064861,1.0
547.58,331.45,0.063986,1.0
551.08,331.45,0.062846,1.0
554.58,331.45,0.062054,1.0
558.25,331.45,0.061493,1.0
561.75,331.45,0.061201,1.0
565.43,331.45,0.061244,1.0
570.33,331.45,0.060452,1.0
573.83,331.45,0.060048,1.0
577.33,331.45,0.059753,1.0
580.83,331.45,0.059186,1.0
585.55,331.45,0.058604,1.0
589.05,331.45,0.058564,1.0
592.55,331.45,0.058702,1.0
596.23,331.45,0.058976,1.0
599.73,331.45,0.059691,1.0
603.23,331.45,0.060033,1.0
606.9,331.45,0.060945,1.0
610.4,331.45,0.061503,1.0
614.08,331.45,0.061857,1.0
616.53,331.45,0.062405,1.0
621.25,331.45,0.063172,1.0
624.75,331.45,0.063715,1.0
628.43,331.45,0.064574,1.0
631.93,331.45,0.065658,1.0
635.43,331.45,0.067525,1.0
639.1,331.45,0.069556,1.0
642.6,331.45,0.071909,1.0
646.1,331.45,0.074389,1.0
649.6,331.45,0.076663,1.0
653.28,331.45,0.078659,1.0
656.78,331.45,0.079592,1.0
660.45,331.45,0.080239,1.0
663.95,331.45,0.080797,1.0
667.63,331.45,0.080304,1.0
671.13,331.45,0.079648,1.0
674.8,331.45,0.07877,1.0
678.48,331.45,0.077649,1.0
681.98,331.45,0.076213,1.0
685.48,331.45,0.07475,1.0
689.33,331.45,0.073339,1.0
692.83,331.45,0.072072,1.0
696.33,331.45,0.070812,1.0
699.83,331.45,0.069617,1.0
703.5,331.45,0.068748,1.0
707.0,331.45,0.067812,1.0
710.5,331.45,0.067131,1.0
12.78,364.53,0.062337,1.0
16.28,364.53,0.062162,1.0
19.78,364.53,0.062054,1.0
23.28,364.53,0.061918,1.0
26.6,364.53,0.061999,1.0
30.63,364.53,0.061595,1.0
34.13,364.53,0.061478,1.0
37.63,364.53,0.061231,1.0
41.13,364.53,0.061231,1.0
44.63,364.53,0.061358,1.0
48.3,364.53,0.061308,1.0
51.8,364.53,0.061613,1.0
55.48,364.53,0.061564,1.0
58.98,364.53,0.061952,1.0
62.48,364.53,0.062088,1.0
66.15,364.53,0.062316,1.0
69.83,364.53,0.062264,1.0
73.33,364.53,0.062322,1.0
76.83,364.53,0.062381,1.0
80.5,364.53,0.062381,1.0
84.35,364.53,0.062399,1.0
87.85,364.53,0.061878,1.0
91.35,364.53,0.062048,1.0
95.03,364.53,0.061638,1.0
98.88,364.53,0.061598,1.0
102.38,364.53,0.061459,1.0
105.88,364.53,0.061124,1.0
109.38,364.53,0.060816,1.0
113.05,364.53,0.060415,1.0
116.55,364.53,0.0597,1.0
120.05,364.53,0.059069,1.0
123.55,364.53,0.058613,1.0
127.05,364.53,0.058576,1.0
130.73,364.53,0.058231,1.0
134.23,364.53,0.058222,1.0
137.9,364.53,0.057883,1.0
141.05,364.53,0.057513,1.0
145.08,364.53,0.057177,1.0
148.75,364.53,0.057017,1.0
152.25,364.53,0.057131,1.0
155.75,364.53,0.057418,1.0
159.25,364.53,0.0578,1.0
162.93,364.53,0.058274,1.0
166.43,364.53,0.058989,1.0
170.1,364.53,0.059762,1.0
173.6,364.53,0.060042,1.0
177.1,364.53,0.060742,1.0
180.78,364.53,0.061124,1.0
184.28,364.53,0.061481,1.0
187.78,364.53,0.061549,1.0
191.28,364.53,0.061675,1.0
195.3,364.53,0.061589,1.0
198.8,364.53,0.061259,1.0
202.48,364.53,0.061265,1.0
205.98,364.53,0.061231,1.0
209.48,364.53,0.060797,1.0
213.15,364.53,0.060434,1.0
216.65,364.53,0.06015,1.0
220.33,364.53,0.060144,1.0
223.83,364.53,0.060178,1.0
227.5,364.53,0.060856,1.0
231.0,364.53,0.062002,1.0
234.5,364.53,0.063095,1.0
238.0,364.53,0.064593,1.0
241.68,364.53,0.06714,1.0
245.35,364.53,0.070732,1.0
248.85,364.53,0.075323,1.0
252.53,364.53,0.080301,1.0
256.03,364.53,0.085575,1.0
259.53,364.53,0.090298,1.0
263.2,364.53,0.093178,1.0
266.7,364.53,0.093588,1.0
270.2,364.53,0.092069,1.0
273.88,364.53,0.08853,1.0
277.38,364.53,0.083745,1.0
280.88,364.53,0.079158,1.0
284.38,364.53,0.074531,1.0
287.88,364.53,0.071589,1.0
291.03,364.53,0.071216,1.0
295.05,364.53,0.073268,1.0
298.55,364.53,0.076419,1.0
302.05,364.53,0.079164,1.0
305.9,364.53,0.08032,1.0
309.58,364.53,0.08043,1.0
313.08,364.53,0.079808,1.0
316.58,364.53,0.079044,1.0
320.25,364.53,0.077898,1.0
323.93,364.53,0.077288,1.0
327.43,364.53,0.07743,1.0
330.93,364.53,0.077645,1.0
334.95,364.53,0.079309,1.0
338.63,364.53,0.080471,1.0
342.13,364.53,0.08226,1.0
345.8,364.53,0.083708,1.0
349.3,364.53,0.085052,1.0
352.8,364.53,0.08609,1.0
356.3,364.53,0.086466,1.0
359.98,364.53,0.086946,1.0
363.48,364.53,0.086432,1.0
367.15,364.53,0.085665,1.0
370.65,364.53,0.084377,1.0
374.33,364.53,0.082673,1.0
377.83,364.53,0.080979,1.0
381.33,364.53,0.079294,1.0
385.0,364.53,0.077208,1.0
388.5,364.53,0.075181,1.0
392.0,364.53,0.072991,1.0
395.85,364.53,0.070991,1.0
399.53,364.53,0.069035,1.0
403.03,364.53,0.067186,1.0
406.53,364.53,0.06556,1.0
410.03,364.53,0.06442,1.0
413.7,364.53,0.063043,1.0
417.2,364.53,0.061752,1.0
420.7,364.53,0.060498,1.0
424.2,364.53,0.059438,1.0
427.88,364.53,0.058647,1.0
431.38,364.53,0.057781,1.0
434.88,364.53,0.057624,1.0
438.38,364.53,0.056971,1.0
441.0,364.53,0.056675,1.0
445.55,364.53,0.056358,1.0
449.05,364.53,0.056053,1.0
452.55,364.53,0.05544,1.0
456.23,364.53,0.056102,1.0
460.78,364.53,0.056422,1.0
464.28,364.53,0.057239,1.0
467.95,364.53,0.058203,1.0
473.03,364.53,0.059842,1.0
476.53,364.53,0.061053,1.0
480.2,364.53,0.062005,1.0
483.53,364.53,0.062679,1.0
487.2,364.53,0.063012,1.0
490.7,364.53,0.063443,1.0
494.2,364.53,0.063357,1.0
497.7,364.53,0.063354,1.0
501.38,364.53,0.062997,1.0
504.88,364.53,0.062833,1.0
508.55,364.53,0.06243,1.0
512.05,364.53,0.061999,1.0
515.55,364.53,0.0617,1.0
519.05,364.53,0.061349,1.0
522.73,364.53,0.060726,1.0
526.23,364.53,0.060104,1.0
529.73,364.53,0.059691,1.0
533.4,364.53,0.059195,1.0
536.9,364.53,0.058872,1.0
540.58,364.53,0.058564,1.0
544.08,364.53,0.058659,1.0
547.75,364.53,0.058739,1.0
551.25,364.53,0.058992,1.0
554.75,364.53,0.059118,1.0
558.25,364.53,0.059365,1.0
561.93,364.53,0.059361,1.0
565.43,364.53,0.059438,1.0
568.93,364.53,0.058939,1.0
572.6,364.53,0.058333,1.0
576.1,364.53,0.058015,1.0
579.95,364.53,0.057532,1.0
583.45,364.53,0.057137,1.0
586.95,364.53,0.057159,1.0
590.63,364.53,0.057109,1.0
594.13,364.53,0.057156,1.0
597.63,364.53,0.057532,1.0
601.3,364.53,0.057528,1.0
604.63,364.53,0.057843,1.0
608.3,364.53,0.058178,1.0
611.8,364.53,0.0582,1.0
615.48,364.53,0.05852,1.0
618.98,364.53,0.059053,1.0
622.65,364.53,0.059337,1.0
626.15,364.53,0.059753,1.0
629.65,364.53,0.060024,1.0
633.15,364.53,0.0604,1.0
636.65,364.53,0.060859,1.0
640.33,364.53,0.061349,1.0
643.83,364.53,0.061906,1.0
647.33,364.53,0.062384,1.0
651.18,364.53,0.06271,1.0
654.68,364.53,0.063135,1.0
658.35,364.53,0.06275,1.0
661.85,364.53,0.062646,1.0
665.53,364.53,0.062233,1.0
669.03,364.53,0.06158,1.0
672.53,364.53,0.061299,1.0
676.03,364.53,0.06088,1.0
679.7,364.53,0.060203,1.0
683.2,364.53,0.059602,1.0
686.7,364.53,0.059004,1.0
690.38,364.53,0.058942,1.0
693.7,364.53,0.058939,1.0
697.38,364.53,0.059035,1.0
701.23,364.53,0.059374,1.0
704.73,364.53,0.059805,1.0
708.4,364.53,0.060477,1.0
12.08,397.6,0.061453,1.0
15.75,397.6,0.060695,1.0
19.43,397.6,0.060015,1.0
22.93,397.6,0.059605,1.0
26.43,397.6,0.059722,1.0
29.75,397.6,0.059793,1.0
33.6,397.6,0.060153,1.0
37.28,397.6,0.060427,1.0
40.78,397.6,0.060381,1.0
44.45,397.6,0.060911,1.0
47.95,397.6,0.061222,1.0
51.63,397.6,0.062088,1.0
55.13,397.6,0.062716,1.0
58.63,397.6,0.063751,1.0
62.13,397.6,0.064568,1.0
65.63,397.6,0.065172,1.0
69.3,397.6,0.065683,1.0
72.98,397.6,0.066324,1.0
75.95,397.6,0.067267,1.0
80.5,397.6,0.067516,1.0
84.18,397.6,0.067812,1.0
87.68,397.6,0.068166,1.0
91.35,397.6,0.068209,1.0
94.85,397.6,0.068299,1.0
98.35,397.6,0.068191,1.0
102.03,397.6,0.067877,1.0
105.53,397.6,0.067445,1.0
109.2,397.6,0.0671,1.0
112.7,397.6,0.066687,1.0
116.55,397.6,0.065954,1.0
120.58,397.6,0.065206,1.0
124.08,397.6,0.064442,1.0
127.75,397.6,0.064309,1.0
131.25,397.6,0.063739,1.0
134.75,397.6,0.062738,1.0
138.43,397.6,0.061881,1.0
141.93,397.6,0.061281,1.0
145.43,397.6,0.060517,1.0
148.93,397.6,0.060332,1.0
152.6,397.6,0.060129,1.0
156.1,397.6,0.060203,1.0
159.78,397.6,0.060064,1.0
163.28,397.6,0.060135,1.0
167.3,397.6,0.060307,1.0
170.98,397.6,0.060446,1.0
174.48,397.6,0.060486,1.0
177.98,397.6,0.060856,1.0
181.48,397.6,0.061207,1.0
185.15,397.6,0.061617,1.0
188.65,397.6,0.06174,1.0
192.15,397.6,0.062054,1.0
195.83,397.6,0.061955,1.0
199.33,397.6,0.061592,1.0
202.83,397.6,0.061506,1.0
206.33,397.6,0.061367,1.0
210.0,397.6,0.061287,1.0
213.5,397.6,0.060856,1.0
217.0,397.6,0.060458,1.0
220.5,397.6,0.060122,1.0
224.18,397.6,0.060138,1.0
227.5,397.6,0.060033,1.0
231.35,397.6,0.059867,1.0
234.85,397.6,0.060067,1.0
238.53,397.6,0.060621,1.0
241.5,397.6,0.061216,1.0
245.7,397.6,0.062661,1.0
249.2,397.6,0.064617,1.0
252.88,397.6,0.067994,1.0
256.2,397.6,0.072898,1.0
260.05,397.6,0.078939,1.0
263.55,397.6,0.084401,1.0
266.88,397.6,0.089448,1.0
270.55,397.6,0.093049,1.0
274.23,397.6,0.094706,1.0
277.55,397.6,0.09434,1.0
281.23,397.6,0.093175,1.0
284.73,397.6,0.092002,1.0
287.88,397.6,0.092377,1.0
292.25,397.6,0.093656,1.0
295.75,397.6,0.094417,1.0
299.25,397.6,0.094137,1.0
302.58,397.6,0.092414,1.0
306.6,397.6,0.089814,1.0
310.28,397.6,0.087042,1.0
313.78,397.6,0.084888,1.0
317.28,397.6,0.082969,1.0
320.95,397.6,0.082276,1.0
324.45,397.6,0.082125,1.0
327.95,397.6,0.082941,1.0
331.45,397.6,0.084454,1.0
335.13,397.6,0.086811,1.0
338.63,397.6,0.089315,1.0
342.13,397.6,0.091814,1.0
345.8,397.6,0.094537,1.0
349.3,397.6,0.096727,1.0
352.98,397.6,0.098071,1.0
356.48,397.6,0.099041,1.0
360.15,397.6,0.099007,1.0
363.65,397.6,0.098021,1.0
367.15,397.6,0.097214,1.0
370.65,397.6,0.095689,1.0
374.15,397.6,0.094306,1.0
377.83,397.6,0.092168,1.0
380.8,397.6,0.090125,1.0
384.83,397.6,0.087636,1.0
388.33,397.6,0.085578,1.0
391.83,397.6,0.083345,1.0
395.5,397.6,0.081068,1.0
399.35,397.6,0.079115,1.0
402.85,397.6,0.077131,1.0
406.35,397.6,0.074842,1.0
410.03,397.6,0.072461,1.0
413.53,397.6,0.070575,1.0
417.03,397.6,0.068708,1.0
420.53,397.6,0.067017,1.0
424.38,397.6,0.065689,1.0
428.05,397.6,0.064725,1.0
431.55,397.6,0.064442,1.0
435.05,397.6,0.063684,1.0
438.73,397.6,0.063034,1.0
442.23,397.6,0.062347,1.0
445.9,397.6,0.061361,1.0
449.75,397.6,0.06064,1.0
453.78,397.6,0.060039,1.0
457.28,397.6,0.05966,1.0
460.95,397.6,0.059358,1.0
464.45,397.6,0.059254,1.0
468.3,397.6,0.058721,1.0
471.98,397.6,0.058249,1.0
475.48,397.6,0.057827,1.0
478.98,397.6,0.057193,1.0
482.48,397.6,0.057122,1.0
485.98,397.6,0.056731,1.0
489.65,397.6,0.05682,1.0
493.15,397.6,0.056866,1.0
496.65,397.6,0.056777,1.0
500.15,397.6,0.057337,1.0
503.65,397.6,0.057374,1.0
507.33,397.6,0.057599,1.0
510.83,397.6,0.057821,1.0
514.5,397.6,0.058249,1.0
518.0,397.6,0.058776,1.0
521.5,397.6,0.059186,1.0
525.0,397.6,0.059337,1.0
528.15,397.6,0.059694,1.0
532.18,397.6,0.060418,1.0
535.68,397.6,0.061284,1.0
539.18,397.6,0.06194,1.0
542.85,397.6,0.062599,1.0
546.35,397.6,0.063369,1.0
550.03,397.6,0.063878,1.0
553.53,397.6,0.064463,1.0
557.03,397.6,0.064586,1.0
560.53,397.6,0.064842,1.0
564.2,397.6,0.065169,1.0
567.7,397.6,0.06548,1.0
571.2,397.6,0.065834,1.0
574.88,397.6,0.06617,1.0
578.38,397.6,0.06661,1.0
581.88,397.6,0.066977,1.0
585.38,397.6,0.06714,1.0
589.05,397.6,0.067039,1.0
593.25,397.6,0.067017,1.0
596.75,397.6,0.066885,1.0
600.43,397.6,0.066512,1.0
603.93,397.6,0.065994,1.0
607.43,397.6,0.065424,1.0
610.93,397.6,0.064931,1.0
614.78,397.6,0.064546,1.0
618.45,397.6,0.064069,1.0
621.78,397.6,0.063369,1.0
625.63,397.6,0.063052,1.0
629.13,397.6,0.062738,1.0
632.63,397.6,0.062294,1.0
636.3,397.6,0.062334,1.0
639.98,397.6,0.062353,1.0
643.65,397.6,0.06202,1.0
647.15,397.6,0.061983,1.0
650.83,397.6,0.061845,1.0
654.5,397.6,0.06158,1.0
658.0,397.6,0.061885,1.0
661.5,397.6,0.061999,1.0
665.18,397.6,0.062322,1.0
668.85,397.6,0.062673,1.0
672.35,397.6,0.063194,1.0
675.85,397.6,0.063949,1.0
679.53,397.6,0.064448,1.0
683.03,397.6,0.065375,1.0
686.53,397.6,0.065886,1.0
690.03,397.6,0.066358,1.0
693.7,397.6,0.067116,1.0
697.03,397.6,0.067522,1.0
700.7,397.6,0.067414,1.0
704.2,397.6,0.067516,1.0
707.88,397.6,0.067593,1.0
710.68,397.6,0.067427,1.0
13.13,430.68,0.059657,1.0
16.63,430.68,0.059777,1.0
20.13,430.68,0.059891,1.0
23.8,430.68,0.060033,1.0
27.48,430.68,0.060095,1.0
31.15,430.68,0.060535,1.0
34.65,430.68,0.060757,1.0
38.15,430.68,0.061327,1.0
42.35,430.68,0.061872,1.0
46.03,430.68,0.062852,1.0
49.53,430.68,0.063955,1.0
53.03,430.68,0.064984,1.0
56.7,430.68,0.066598,1.0
60.2,430.68,0.068111,1.0
63.88,430.68,0.069617,1.0
67.38,430.68,0.070806,1.0
71.05,430.68,0.072045,1.0
74.55,430.68,0.073268,1.0
78.05,430.68,0.074466,1.0
81.55,430.68,0.075298,1.0
85.05,430.68,0.076096,1.0
88.73,430.68,0.076743,1.0
92.93,430.68,0.07658,1.0
96.6,430.68,0.076663,1.0
100.1,430.68,0.076444,1.0
103.78,430.68,0.075997,1.0
107.28,430.68,0.07531,1.0
111.13,430.68,0.074457,1.0
114.63,430.68,0.073715,1.0
118.3,430.68,0.072704,1.0
122.68,430.68,0.071749,1.0
126.35,430.68,0.070791,1.0
129.85,430.68,0.069928,1.0
134.58,430.68,0.068936,1.0
138.08,430.68,0.068095,1.0
141.4,430.68,0.067467,1.0
145.08,430.68,0.067165,1.0
148.58,430.68,0.066712,1.0
152.43,430.68,0.066364,1.0
155.93,430.68,0.066281,1.0
159.43,430.68,0.066087,1.0
163.8,430.68,0.065504,1.0
168.18,430.68,0.065286,1.0
171.68,430.68,0.06487,1.0
175.18,430.68,0.064475,1.0
178.5,430.68,0.064451,1.0
182.35,430.68,0.064435,1.0
185.85,430.68,0.064559,1.0
189.35,430.68,0.064186,1.0
192.85,430.68,0.063724,1.0
196.53,430.68,0.063807,1.0
200.03,430.68,0.063727,1.0
203.53,430.68,0.063853,1.0
207.03,430.68,0.063816,1.0
210.7,430.68,0.063862,1.0
214.2,430.68,0.063745,1.0
217.88,430.68,0.063711,1.0
221.55,430.68,0.064152,1.0
225.05,430.68,0.064328,1.0
228.55,430.68,0.06409,1.0
232.05,430.68,0.064155,1.0
235.73,430.68,0.063927,1.0
239.4,430.68,0.063758,1.0
243.08,430.68,0.063878,1.0
246.58,430.68,0.064297,1.0
250.08,430.68,0.064605,1.0
253.58,430.68,0.066216,1.0
257.08,430.68,0.06918,1.0
260.75,430.68,0.073373,1.0
264.08,430.68,0.078921,1.0
267.93,430.68,0.084617,1.0
271.43,430.68,0.090837,1.0
274.93,430.68,0.095963,1.0
278.6,430.68,0.100452,1.0
282.1,430.68,0.104411,1.0
285.25,430.68,0.10775,1.0
289.28,430.68,0.110384,1.0
292.78,430.68,0.111124,1.0
296.28,430.68,0.110634,1.0
299.95,430.68,0.108265,1.0
303.45,430.68,0.104257,1.0
307.13,430.68,0.099648,1.0
310.63,430.68,0.0954,1.0
314.83,430.68,0.092063,1.0
318.33,430.68,0.090184,1.0
321.83,430.68,0.089657,1.0
325.33,430.68,0.090144,1.0
329.18,430.68,0.092328,1.0
332.68,430.68,0.095674,1.0
336.18,430.68,0.100708,1.0
339.85,430.68,0.106697,1.0
343.0,430.68,0.112538,1.0
346.85,430.68,0.118055,1.0
350.35,430.68,0.12243,1.0
353.85,430.68,0.12551,1.0
357.35,430.68,0.126509,1.0
361.03,430.68,0.126185,1.0
364.53,430.68,0.125132,1.0
368.03,430.68,0.122414,1.0
371.53,430.68,0.118986,1.0
375.2,430.68,0.114642,1.0
378.7,430.68,0.110313,1.0
382.2,430.68,0.105732,1.0
385.88,430.68,0.101296,1.0
389.38,430.68,0.097029,1.0
393.05,430.68,0.093681,1.0
396.55,430.68,0.090498,1.0
400.05,430.68,0.08775,1.0
403.73,430.68,0.084953,1.0
407.23,430.68,0.082812,1.0
410.9,430.68,0.080862,1.0
414.4,430.68,0.079623,1.0
417.9,430.68,0.078271,1.0
421.93,430.68,0.076481,1.0
425.43,430.68,0.075267,1.0
429.1,430.68,0.074238,1.0
432.95,430.68,0.072695,1.0
436.45,430.68,0.071623,1.0
440.13,430.68,0.070548,1.0
443.63,430.68,0.069639,1.0
447.13,430.68,0.068875,1.0
450.45,430.68,0.067972,1.0
454.3,430.68,0.067199,1.0
457.8,430.68,0.066059,1.0
461.3,430.68,0.065276,1.0
464.98,430.68,0.064682,1.0
468.83,430.68,0.0643,1.0
472.33,430.68,0.063557,1.0
475.83,430.68,0.063049,1.0
479.33,430.68,0.062322,1.0
482.83,430.68,0.061878,1.0
486.33,430.68,0.061259,1.0
490.0,430.68,0.060923,1.0
493.68,430.68,0.060199,1.0
497.35,430.68,0.059938,1.0
500.85,430.68,0.059537,1.0
504.35,430.68,0.059509,1.0
508.03,430.68,0.059756,1.0
511.53,430.68,0.060166,1.0
515.03,430.68,0.060865,1.0
518.53,430.68,0.061583,1.0
522.2,430.68,0.062451,1.0
524.83,430.68,0.063388,1.0
529.73,430.68,0.064611,1.0
533.4,430.68,0.065153,1.0
536.9,430.68,0.066198,1.0
540.4,430.68,0.067451,1.0
544.25,430.68,0.06857,1.0
547.75,430.68,0.069805,1.0
551.25,430.68,0.070757,1.0
554.75,430.68,0.071466,1.0
558.43,430.68,0.072254,1.0
561.93,430.68,0.072707,1.0
565.43,430.68,0.072981,1.0
568.93,430.68,0.072963,1.0
572.43,430.68,0.073046,1.0
575.93,430.68,0.073425,1.0
579.6,430.68,0.073422,1.0
583.1,430.68,0.073764,1.0
586.78,430.68,0.074198,1.0
590.28,430.68,0.074093,1.0
593.78,430.68,0.074112,1.0
597.45,430.68,0.074121,1.0
600.78,430.68,0.073354,1.0
604.45,430.68,0.072682,1.0
607.95,430.68,0.072088,1.0
611.63,430.68,0.071515,1.0
614.78,430.68,0.070772,1.0
618.8,430.68,0.070125,1.0
622.3,430.68,0.06946,1.0
625.98,430.68,0.068816,1.0
629.3,430.68,0.068105,1.0
632.98,430.68,0.067387,1.0
636.48,430.68,0.066848,1.0
640.15,430.68,0.066358,1.0
643.65,430.68,0.066007,1.0
647.15,430.68,0.066059,1.0
650.83,430.68,0.066071,1.0
654.33,430.68,0.066429,1.0
658.0,430.68,0.066786,1.0
662.9,430.68,0.067482,1.0
666.4,430.68,0.068259,1.0
669.9,430.68,0.069047,1.0
673.4,430.68,0.069663,1.0
677.08,430.68,0.070874,1.0
680.58,430.68,0.072273,1.0
684.78,430.68,0.073305,1.0
688.28,430.68,0.074318,1.0
692.48,430.68,0.075301,1.0
695.98,430.68,0.075979,1.0
699.48,430.68,0.076441,1.0
703.15,430.68,0.077091,1.0
706.65,430.68,0.077843,1.0
710.33,430.68,0.078471,1.0
12.6,463.75,0.06417,1.0
16.28,463.75,0.064244,1.0
19.6,463.75,0.064414,1.0
23.28,463.75,0.064546,1.0
26.6,463.75,0.064642,1.0
30.45,463.75,0.064657,1.0
33.95,463.75,0.064633,1.0
37.45,463.75,0.064626,1.0
41.3,463.75,0.065498,1.0
44.8,463.75,0.066108,1.0
48.48,463.75,0.067322,1.0
51.98,463.75,0.068711,1.0
55.48,463.75,0.070039,1.0
59.15,463.75,0.071687,1.0
62.65,463.75,0.073366,1.0
66.15,463.75,0.075002,1.0
69.65,463.75,0.076641,1.0
73.33,463.75,0.078443,1.0
77.0,463.75,0.079645,1.0
80.5,463.75,0.080643,1.0
84.0,463.75,0.081715,1.0
87.15,463.75,0.082233,1.0
91.53,463.75,0.08247,1.0
95.2,463.75,0.08288,1.0
98.7,463.75,0.082923,1.0
102.2,463.75,0.082519,1.0
105.88,463.75,0.082085,1.0
109.38,463.75,0.081971,1.0
112.88,463.75,0.081583,1.0
116.55,463.75,0.081034,1.0
120.05,463.75,0.08068,1.0
123.55,463.75,0.079984,1.0
127.23,463.75,0.079525,1.0
130.73,463.75,0.07844,1.0
134.23,463.75,0.077328,1.0
137.9,463.75,0.076191,1.0
141.4,463.75,0.075138,1.0
145.08,463.75,0.074112,1.0
148.58,463.75,0.073339,1.0
152.25,463.75,0.072575,1.0
155.75,463.75,0.071872,1.0
159.6,463.75,0.070991,1.0
163.28,463.75,0.070061,1.0
166.78,463.75,0.06942,1.0
170.28,463.75,0.068853,1.0
173.95,463.75,0.068255,1.0
177.63,463.75,0.068206,1.0
181.3,463.75,0.068564,1.0
184.8,463.75,0.068671,1.0
188.65,463.75,0.068764,1.0
192.5,463.75,0.068946,1.0
196.0,463.75,0.068986,1.0
199.5,463.75,0.069346,1.0
203.35,463.75,0.06966,1.0
206.85,463.75,0.070132,1.0
210.35,463.75,0.070461,1.0
213.85,463.75,0.070557,1.0
217.7,463.75,0.07011,1.0
221.38,463.75,0.069716,1.0
224.88,463.75,0.069398,1.0
228.38,463.75,0.068721,1.0
232.05,463.75,0.06796,1.0
235.73,463.75,0.067239,1.0
239.23,463.75,0.06637,1.0
242.73,463.75,0.065843,1.0
246.23,463.75,0.065501,1.0
249.73,463.75,0.065335,1.0
253.4,463.75,0.065255,1.0
256.9,463.75,0.065569,1.0
260.4,463.75,0.066533,1.0
263.9,463.75,0.068551,1.0
267.58,463.75,0.071968,1.0
271.08,463.75,0.076897,1.0
274.75,463.75,0.082331,1.0
278.43,463.75,0.08975,1.0
281.93,463.75,0.096194,1.0
285.43,463.75,0.102427,1.0
289.1,463.75,0.106675,1.0
292.78,463.75,0.108148,1.0
296.63,463.75,0.106453,1.0
300.13,463.75,0.103027,1.0
303.63,463.75,0.098742,1.0
307.13,463.75,0.09482,1.0
310.8,463.75,0.091727,1.0
314.48,463.75,0.090027,1.0
317.98,463.75,0.090061,1.0
321.48,463.75,0.092026,1.0
325.33,463.75,0.097109,1.0
328.83,463.75,0.104814,1.0
332.5,463.75,0.114331,1.0
336.0,463.75,0.125079,1.0
340.03,463.75,0.136903,1.0
343.7,463.75,0.146259,1.0
347.2,463.75,0.15483,1.0
350.7,463.75,0.161225,1.0
354.38,463.75,0.16616,1.0
357.88,463.75,0.169217,1.0
361.38,463.75,0.169931,1.0
364.88,463.75,0.168721,1.0
368.38,463.75,0.165184,1.0
371.88,463.75,0.159562,1.0
375.55,463.75,0.153021,1.0
379.05,463.75,0.145591,1.0
382.55,463.75,0.137963,1.0
386.05,463.75,0.130295,1.0
389.73,463.75,0.123508,1.0
393.23,463.75,0.11673,1.0
396.9,463.75,0.110668,1.0
400.4,463.75,0.1058,1.0
403.9,463.75,0.101296,1.0
407.4,463.75,0.097313,1.0
411.08,463.75,0.094716,1.0
414.58,463.75,0.091968,1.0
418.25,463.75,0.089984,1.0
421.75,463.75,0.087926,1.0
425.25,463.75,0.08621,1.0
428.75,463.75,0.084676,1.0
432.43,463.75,0.083326,1.0
435.93,463.75,0.081943,1.0
439.6,463.75,0.080628,1.0
443.1,463.75,0.079596,1.0
446.78,463.75,0.078838,1.0
450.28,463.75,0.077759,1.0
453.95,463.75,0.076641,1.0
457.8,463.75,0.075643,1.0
461.65,463.75,0.074574,1.0
465.33,463.75,0.073779,1.0
468.83,463.75,0.07284,1.0
472.33,463.75,0.0723,1.0
475.83,463.75,0.071438,1.0
479.5,463.75,0.071204,1.0
483.0,463.75,0.070926,1.0
485.28,463.75,0.070326,1.0
490.18,463.75,0.069814,1.0
493.68,463.75,0.068958,1.0
497.35,463.75,0.068268,1.0
500.85,463.75,0.067824,1.0
504.35,463.75,0.067467,1.0
508.03,463.75,0.067491,1.0
511.53,463.75,0.067966,1.0
515.03,463.75,0.068283,1.0
518.53,463.75,0.068776,1.0
522.2,463.75,0.069402,1.0
525.7,463.75,0.070144,1.0
529.38,463.75,0.070785,1.0
532.88,463.75,0.071841,1.0
536.38,463.75,0.072707,1.0
540.05,463.75,0.073767,1.0
543.55,463.75,0.074971,1.0
547.05,463.75,0.076349,1.0
550.73,463.75,0.077759,1.0
554.23,463.75,0.07914,1.0
557.73,463.75,0.079925,1.0
561.4,463.75,0.080976,1.0
564.9,463.75,0.081817,1.0
568.58,463.75,0.082815,1.0
572.08,463.75,0.083696,1.0
575.75,463.75,0.084334,1.0
579.25,463.75,0.084897,1.0
582.75,463.75,0.085199,1.0
586.43,463.75,0.085129,1.0
589.93,463.75,0.085135,1.0
593.43,463.75,0.084747,1.0
597.1,463.75,0.084448,1.0
600.43,463.75,0.084001,1.0
604.1,463.75,0.083259,1.0
607.6,463.75,0.082578,1.0
611.1,463.75,0.081841,1.0
614.78,463.75,0.081068,1.0
617.75,463.75,0.080332,1.0
621.78,463.75,0.079654,1.0
625.45,463.75,0.0791,1.0
628.95,463.75,0.078329,1.0
632.63,463.75,0.07759,1.0
636.13,463.75,0.076986,1.0
639.8,463.75,0.076595,1.0
643.3,463.75,0.076228,1.0
646.63,463.75,0.076065,1.0
650.48,463.75,0.075532,1.0
653.98,463.75,0.075532,1.0
657.48,463.75,0.075224,1.0
660.98,463.75,0.075249,1.0
666.05,463.75,0.075766,1.0
669.55,463.75,0.075902,1.0
673.23,463.75,0.076268,1.0
676.73,463.75,0.077433,1.0
680.4,463.75,0.078255,1.0
684.08,463.75,0.079284,1.0
687.58,463.75,0.079629,1.0
691.25,463.75,0.080514,1.0
694.75,463.75,0.081299,1.0
698.6,463.75,0.08235,1.0
702.28,463.75,0.083422,1.0
705.78,463.75,0.084981,1.0
709.28,463.75,0.08669,1.0
12.08,496.83,0.067146,1.0
15.58,496.83,0.067119,1.0
19.25,496.83,0.067128,1.0
22.75,496.83,0.067223,1.0
26.25,496.83,0.067464,1.0
30.1,496.83,0.067892,1.0
33.43,496.83,0.068255,1.0
37.1,496.83,0.068995,1.0
40.78,496.83,0.069759,1.0
44.28,496.83,0.070831,1.0
47.95,496.83,0.071906,1.0
51.45,496.83,0.073231,1.0
55.13,496.83,0.074876,1.0
58.45,496.83,0.076731,1.0
62.3,496.83,0.078724,1.0
65.8,496.83,0.080255,1.0
69.3,496.83,0.082208,1.0
73.33,496.83,0.084223,1.0
76.83,496.83,0.085923,1.0
80.33,496.83,0.087568,1.0
84.0,496.83,0.088958,1.0
87.5,496.83,0.090239,1.0
91.18,496.83,0.090735,1.0
94.68,496.83,0.09137,1.0
98.18,496.83,0.091712,1.0
101.85,496.83,0.09174,1.0
105.53,496.83,0.090976,1.0
109.03,496.83,0.09031,1.0
112.53,496.83,0.08946,1.0
116.2,496.83,0.088862,1.0
119.53,496.83,0.088166,1.0
123.9,496.83,0.087387,1.0
127.58,496.83,0.086931,1.0
131.08,496.83,0.086576,1.0
134.75,496.83,0.085939,1.0
138.25,496.83,0.085464,1.0
141.75,496.83,0.084851,1.0
145.25,496.83,0.084269,1.0
148.75,496.83,0.083705,1.0
152.43,496.83,0.082929,1.0
155.93,496.83,0.081925,1.0
159.43,496.83,0.081099,1.0
162.93,496.83,0.080212,1.0
166.78,496.83,0.079703,1.0
170.28,496.83,0.079177,1.0
173.78,496.83,0.078936,1.0
177.45,496.83,0.078554,1.0
180.95,496.83,0.078268,1.0
184.63,496.83,0.077741,1.0
188.13,496.83,0.077793,1.0
191.63,496.83,0.077707,1.0
196.0,496.83,0.07787,1.0
199.5,496.83,0.077784,1.0
203.0,496.83,0.078154,1.0
206.5,496.83,0.078502,1.0
210.18,496.83,0.07885,1.0
214.03,496.83,0.078844,1.0
217.53,496.83,0.078924,1.0
221.03,496.83,0.078496,1.0
224.88,496.83,0.078064,1.0
228.38,496.83,0.077689,1.0
232.05,496.83,0.076986,1.0
235.55,496.83,0.076099,1.0
239.05,496.83,0.075101,1.0
242.55,496.83,0.07409,1.0
246.23,496.83,0.073077,1.0
249.73,496.83,0.071943,1.0
253.23,496.83,0.070994,1.0
256.73,496.83,0.070058,1.0
260.23,496.83,0.069466,1.0
263.9,496.83,0.069318,1.0
267.4,496.83,0.070193,1.0
270.9,496.83,0.071595,1.0
274.4,496.83,0.073899,1.0
278.08,496.83,0.077183,1.0
281.58,496.83,0.080033,1.0
284.9,496.83,0.08267,1.0
288.75,496.83,0.084063,1.0
292.25,496.83,0.084331,1.0
295.75,496.83,0.083678,1.0
299.43,496.83,0.082236,1.0
303.1,496.83,0.080896,1.0
306.6,496.83,0.080397,1.0
310.1,496.83,0.080628,1.0
313.78,496.83,0.082877,1.0
317.63,496.83,0.087726,1.0
321.13,496.83,0.09539,1.0
324.8,496.83,0.105458,1.0
329.0,496.83,0.119454,1.0
332.85,496.83,0.128865,1.0
336.53,496.83,0.13616,1.0
340.03,496.83,0.141598,1.0
345.1,496.83,0.14612,1.0
348.6,496.83,0.148034,1.0
352.28,496.83,0.149728,1.0
355.6,496.83,0.151481,1.0
359.45,496.83,0.154485,1.0
363.13,496.83,0.157094,1.0
366.63,496.83,0.160344,1.0
370.13,496.83,0.162935,1.0
373.45,496.83,0.163798,1.0
377.48,496.83,0.162784,1.0
380.98,496.83,0.159842,1.0
384.48,496.83,0.155726,1.0
388.15,496.83,0.150304,1.0
391.65,496.83,0.144223,1.0
395.33,496.83,0.138123,1.0
398.83,496.83,0.131829,1.0
402.33,496.83,0.126207,1.0
406.18,496.83,0.120504,1.0
409.68,496.83,0.115886,1.0
413.35,496.83,0.11169,1.0
416.68,496.83,0.108462,1.0
420.0,496.83,0.105286,1.0
424.03,496.83,0.10284,1.0
427.53,496.83,0.10027,1.0
430.68,496.83,0.097827,1.0
434.18,496.83,0.095692,1.0
438.2,496.83,0.093955,1.0
441.7,496.83,0.091946,1.0
445.2,496.83,0.090286,1.0
448.7,496.83,0.088862,1.0
452.55,496.83,0.087337,1.0
456.05,496.83,0.085926,1.0
459.73,496.83,0.084451,1.0
463.05,496.83,0.083305,1.0
467.78,496.83,0.081789,1.0
471.28,496.83,0.081065,1.0
474.78,496.83,0.080212,1.0
478.28,496.83,0.079636,1.0
481.95,496.83,0.078601,1.0
485.45,496.83,0.077815,1.0
488.95,496.83,0.077103,1.0
492.63,496.83,0.077208,1.0
497.18,496.83,0.077119,1.0
500.68,496.83,0.077088,1.0
504.18,496.83,0.077467,1.0
507.68,496.83,0.077947,1.0
511.53,496.83,0.07824,1.0
515.2,496.83,0.078348,1.0
518.88,496.83,0.078647,1.0
522.38,496.83,0.078989,1.0
525.88,496.83,0.079568,1.0
529.38,496.83,0.080353,1.0
532.88,496.83,0.081595,1.0
536.55,496.83,0.083126,1.0
540.05,496.83,0.084642,1.0
543.55,496.83,0.086718,1.0
547.05,496.83,0.088628,1.0
550.73,496.83,0.090828,1.0
554.23,496.83,0.093018,1.0
558.43,496.83,0.094885,1.0
561.93,496.83,0.096355,1.0
565.6,496.83,0.09788,1.0
569.1,496.83,0.098899,1.0
572.6,496.83,0.099682,1.0
576.28,496.83,0.100495,1.0
579.78,496.83,0.101265,1.0
583.28,496.83,0.10169,1.0
587.3,496.83,0.101694,1.0
590.98,496.83,0.101777,1.0
594.48,496.83,0.10113,1.0
598.15,496.83,0.100153,1.0
601.65,496.83,0.099081,1.0
605.15,496.83,0.097584,1.0
608.65,496.83,0.096234,1.0
612.15,496.83,0.094901,1.0
615.65,496.83,0.093061,1.0
620.03,496.83,0.091589,1.0
623.53,496.83,0.090243,1.0
627.2,496.83,0.088813,1.0
631.05,496.83,0.087374,1.0
634.55,496.83,0.086503,1.0
638.05,496.83,0.085529,1.0
641.73,496.83,0.084916,1.0
644.7,496.83,0.084494,1.0
648.73,496.83,0.084457,1.0
652.23,496.83,0.084032,1.0
655.9,496.83,0.084337,1.0
659.23,496.83,0.084774,1.0
662.9,496.83,0.085141,1.0
666.58,496.83,0.08568,1.0
670.08,496.83,0.086441,1.0
673.58,496.83,0.087633,1.0
677.08,496.83,0.089195,1.0
680.58,496.83,0.091111,1.0
684.08,496.83,0.093366,1.0
687.58,496.83,0.095239,1.0
691.25,496.83,0.097488,1.0
694.75,496.83,0.100212,1.0
698.25,496.83,0.103422,1.0
701.93,496.83,0.106955,1.0
705.78,496.83,0.111241,1.0
709.28,496.83,0.115868,1.0
12.43,529.9,0.071506,1.0
15.93,529.9,0.071259,1.0
19.43,529.9,0.071161,1.0
23.1,529.9,0.07153,1.0
26.6,529.9,0.072008,1.0
30.1,529.9,0.07283,1.0
33.6,529.9,0.073332,1.0
37.1,529.9,0.074485,1.0
40.78,529.9,0.075742,1.0
44.98,529.9,0.077445,1.0
48.48,529.9,0.079454,1.0
52.15,529.9,0.08097,1.0
55.65,529.9,0.083182,1.0
59.68,529.9,0.08576,1.0
63.35,529.9,0.087904,1.0
66.85,529.9,0.089987,1.0
70.35,529.9,0.091734,1.0
73.5,529.9,0.093702,1.0
77.53,529.9,0.095187,1.0
81.03,529.9,0.096962,1.0
84.53,529.9,0.098443,1.0
88.03,529.9,0.099947,1.0
91.7,529.9,0.101124,1.0
95.2,529.9,0.101626,1.0
98.88,529.9,0.101558,1.0
102.55,529.9,0.101752,1.0
106.05,529.9,0.101567,1.0
109.73,529.9,0.101333,1.0
113.23,529.9,0.101121,1.0
116.73,529.9,0.100578,1.0
121.28,529.9,0.099639,1.0
124.78,529.9,0.098622,1.0
128.28,529.9,0.097852,1.0
131.95,529.9,0.096925,1.0
135.45,529.9,0.095936,1.0
139.13,529.9,0.095079,1.0
142.63,529.9,0.094793,1.0
146.13,529.9,0.094084,1.0
150.68,529.9,0.092904,1.0
154.18,529.9,0.092325,1.0
157.85,529.9,0.091777,1.0
161.35,529.9,0.091398,1.0
165.38,529.9,0.090541,1.0
168.88,529.9,0.090449,1.0
172.38,529.9,0.089959,1.0
175.88,529.9,0.089571,1.0
179.55,529.9,0.089254,1.0
183.05,529.9,0.089241,1.0
186.55,529.9,0.088807,1.0
190.05,529.9,0.088425,1.0
193.73,529.9,0.088188,1.0
197.23,529.9,0.087593,1.0
200.9,529.9,0.087735,1.0
204.4,529.9,0.088095,1.0
207.9,529.9,0.088434,1.0
211.4,529.9,0.088755,1.0
214.9,529.9,0.088791,1.0
218.58,529.9,0.089207,1.0
222.25,529.9,0.08917,1.0
225.75,529.9,0.089207,1.0
229.25,529.9,0.089303,1.0
232.93,529.9,0.088949,1.0
236.43,529.9,0.088052,1.0
239.93,529.9,0.087048,1.0
243.6,529.9,0.085957,1.0
247.28,529.9,0.084857,1.0
251.48,529.9,0.082994,1.0
255.15,529.9,0.081222,1.0
258.65,529.9,0.07975,1.0
262.33,529.9,0.077836,1.0
265.65,529.9,0.076413,1.0
269.33,529.9,0.075212,1.0
273.0,529.9,0.074383,1.0
276.5,529.9,0.073986,1.0
280.0,529.9,0.074183,1.0
282.63,529.9,0.074426,1.0
287.18,529.9,0.074475,1.0
290.68,529.9,0.074765,1.0
294.18,529.9,0.074885,1.0
297.68,529.9,0.075252,1.0
301.35,529.9,0.075883,1.0
304.85,529.9,0.077368,1.0
308.35,529.9,0.079774,1.0
311.85,529.9,0.085079,1.0
315.7,529.9,0.092938,1.0
319.2,529.9,0.10218,1.0
322.88,529.9,0.111546,1.0
326.03,529.9,0.11921,1.0
329.7,529.9,0.124592,1.0
333.38,529.9,0.127196,1.0
336.88,529.9,0.128422,1.0
340.55,529.9,0.128308,1.0
344.05,529.9,0.127726,1.0
347.55,529.9,0.126629,1.0
351.23,529.9,0.126059,1.0
354.73,529.9,0.125295,1.0
357.18,529.9,0.124956,1.0
361.73,529.9,0.125852,1.0
365.23,529.9,0.127661,1.0
368.9,529.9,0.131891,1.0
372.4,529.9,0.137784,1.0
375.9,529.9,0.144016,1.0
379.4,529.9,0.150581,1.0
382.9,529.9,0.156404,1.0
387.45,529.9,0.160966,1.0
391.13,529.9,0.162827,1.0
394.63,529.9,0.162433,1.0
398.13,529.9,0.160529,1.0
401.63,529.9,0.157248,1.0
405.3,529.9,0.153468,1.0
408.98,529.9,0.148708,1.0
412.48,529.9,0.143736,1.0
416.15,529.9,0.138853,1.0
419.65,529.9,0.133486,1.0
423.15,529.9,0.128397,1.0
426.65,529.9,0.124186,1.0
430.33,529.9,0.119823,1.0
433.83,529.9,0.116339,1.0
437.5,529.9,0.113702,1.0
441.0,529.9,0.111124,1.0
444.5,529.9,0.1095,1.0
448.0,529.9,0.107251,1.0
451.68,529.9,0.105125,1.0
455.18,529.9,0.103018,1.0
458.68,529.9,0.100852,1.0
462.0,529.9,0.099093,1.0
465.68,529.9,0.097519,1.0
469.35,529.9,0.095763,1.0
472.85,529.9,0.094429,1.0
476.53,529.9,0.093132,1.0
480.03,529.9,0.091706,1.0
483.7,529.9,0.090584,1.0
487.2,529.9,0.08991,1.0
490.88,529.9,0.089207,1.0
494.38,529.9,0.088927,1.0
498.05,529.9,0.088428,1.0
501.55,529.9,0.088015,1.0
505.05,529.9,0.088068,1.0
508.73,529.9,0.088548,1.0
512.23,529.9,0.089053,1.0
515.73,529.9,0.090316,1.0
519.4,529.9,0.091484,1.0
522.03,529.9,0.093132,1.0
526.4,529.9,0.094996,1.0
529.9,529.9,0.09755,1.0
533.58,529.9,0.101077,1.0
537.08,529.9,0.105437,1.0
540.75,529.9,0.110668,1.0
544.25,529.9,0.116949,1.0
547.75,529.9,0.123625,1.0
551.25,529.9,0.129836,1.0
554.93,529.9,0.136499,1.0
558.25,529.9,0.142143,1.0
562.1,529.9,0.147615,1.0
565.6,529.9,0.152402,1.0
568.75,529.9,0.156204,1.0
572.95,529.9,0.158955,1.0
576.45,529.9,0.160945,1.0
580.13,529.9,0.162306,1.0
583.63,529.9,0.162722,1.0
587.3,529.9,0.162248,1.0
590.8,529.9,0.161595,1.0
594.3,529.9,0.160091,1.0
598.15,529.9,0.158089,1.0
601.65,529.9,0.156453,1.0
605.5,529.9,0.154072,1.0
609.0,529.9,0.151315,1.0
612.5,529.9,0.148071,1.0
615.65,529.9,0.144605,1.0
619.68,529.9,0.140917,1.0
623.18,529.9,0.13674,1.0
626.68,529.9,0.132892,1.0
630.0,529.9,0.128804,1.0
633.68,529.9,0.125714,1.0
637.35,529.9,0.122504,1.0
640.85,529.9,0.119626,1.0
643.83,529.9,0.117202,1.0
648.03,529.9,0.115144,1.0
651.7,529.9,0.113868,1.0
655.2,529.9,0.113579,1.0
658.7,529.9,0.114164,1.0
662.38,529.9,0.116315,1.0
665.88,529.9,0.119654,1.0
669.38,529.9,0.123588,1.0
673.05,529.9,0.128055,1.0
676.55,529.9,0.133058,1.0
680.23,529.9,0.13812,1.0
683.55,529.9,0.142313,1.0
687.23,529.9,0.146395,1.0
690.73,529.9,0.149676,1.0
694.23,529.9,0.151894,1.0
697.9,529.9,0.153185,1.0
701.4,529.9,0.153995,1.0
704.9,529.9,0.153332,1.0
708.4,529.9,0.151891,1.0
12.95,563.15,0.077701,1.0
16.45,563.15,0.076946,1.0
20.13,563.15,0.076626,1.0
23.63,563.15,0.076758,1.0
27.48,563.15,0.076758,1.0
31.15,563.15,0.077183,1.0
34.65,563.15,0.07783,1.0
37.8,563.15,0.078527,1.0
41.83,563.15,0.079515,1.0
45.33,563.15,0.080335,1.0
49.0,563.15,0.082008,1.0
52.5,563.15,0.084192,1.0
56.0,563.15,0.086472,1.0
59.5,563.15,0.089291,1.0
63.0,563.15,0.092066,1.0
66.68,563.15,0.095178,1.0
70.35,563.15,0.098905,1.0
73.85,563.15,0.102353,1.0
77.35,563.15,0.105782,1.0
80.85,563.15,0.109192,1.0
84.53,563.15,0.111586,1.0
88.03,563.15,0.114183,1.0
91.53,563.15,0.115886,1.0
95.03,563.15,0.117319,1.0
98.35,563.15,0.118077,1.0
102.2,563.15,0.118397,1.0
105.35,563.15,0.118354,1.0
109.2,563.15,0.11755,1.0
112.35,563.15,0.116432,1.0
116.55,563.15,0.114876,1.0
120.05,563.15,0.113305,1.0
123.55,563.15,0.111737,1.0
127.23,563.15,0.110495,1.0
130.9,563.15,0.108976,1.0
134.4,563.15,0.107667,1.0
138.08,563.15,0.106638,1.0
141.58,563.15,0.105474,1.0
145.43,563.15,0.104759,1.0
148.93,563.15,0.103742,1.0
152.43,563.15,0.102815,1.0
155.93,563.15,0.101539,1.0
159.43,563.15,0.100686,1.0
163.1,563.15,0.099802,1.0
166.78,563.15,0.098893,1.0
170.28,563.15,0.098222,1.0
173.95,563.15,0.097411,1.0
177.63,563.15,0.09702,1.0
181.13,563.15,0.096647,1.0
184.63,563.15,0.096681,1.0
188.13,563.15,0.096706,1.0
191.8,563.15,0.096829,1.0
195.3,563.15,0.097094,1.0
198.8,563.15,0.097476,1.0
202.48,563.15,0.097833,1.0
206.15,563.15,0.098243,1.0
209.65,563.15,0.098942,1.0
213.15,563.15,0.099401,1.0
216.65,563.15,0.099722,1.0
220.33,563.15,0.099774,1.0
224.0,563.15,0.100178,1.0
227.5,563.15,0.100153,1.0
231.0,563.15,0.099953,1.0
234.68,563.15,0.09946,1.0
238.18,563.15,0.098591,1.0
241.68,563.15,0.097498,1.0
245.18,563.15,0.09605,1.0
248.68,563.15,0.094469,1.0
252.35,563.15,0.092538,1.0
256.03,563.15,0.09031,1.0
259.53,563.15,0.087877,1.0
263.03,563.15,0.085535,1.0
266.7,563.15,0.083157,1.0
270.38,563.15,0.081003,1.0
273.88,563.15,0.07966,1.0
277.73,563.15,0.078212,1.0
281.23,563.15,0.077119,1.0
284.9,563.15,0.076413,1.0
288.4,563.15,0.075899,1.0
291.9,563.15,0.075982,1.0
295.4,563.15,0.075779,1.0
299.08,563.15,0.076715,1.0
302.58,563.15,0.078554,1.0
306.08,563.15,0.081228,1.0
309.58,563.15,0.086536,1.0
313.25,563.15,0.094586,1.0
316.75,563.15,0.104149,1.0
319.73,563.15,0.112947,1.0
323.75,563.15,0.120529,1.0
327.95,563.15,0.126111,1.0
331.45,563.15,0.129072,1.0
335.13,563.15,0.131851,1.0
338.8,563.15,0.134056,1.0
342.3,563.15,0.136435,1.0
345.8,563.15,0.138739,1.0
349.48,563.15,0.14112,1.0
352.98,563.15,0.142547,1.0
356.13,563.15,0.143185,1.0
359.98,563.15,0.142944,1.0
363.48,563.15,0.141555,1.0
366.98,563.15,0.140329,1.0
370.65,563.15,0.139035,1.0
374.15,563.15,0.138591,1.0
377.65,563.15,0.139592,1.0
381.33,563.15,0.142328,1.0
384.83,563.15,0.146727,1.0
388.33,563.15,0.152196,1.0
391.83,563.15,0.157544,1.0
395.5,563.15,0.162935,1.0
398.83,563.15,0.167368,1.0
402.5,563.15,0.170951,1.0
405.48,563.15,0.17308,1.0
409.5,563.15,0.174485,1.0
413.0,563.15,0.174885,1.0
416.68,563.15,0.173982,1.0
418.08,563.15,0.172387,1.0
423.68,563.15,0.170332,1.0
427.35,563.15,0.167266,1.0
430.85,563.15,0.16365,1.0
434.53,563.15,0.159629,1.0
437.68,563.15,0.15584,1.0
441.53,563.15,0.15165,1.0
445.2,563.15,0.146968,1.0
448.88,563.15,0.142544,1.0
452.55,563.15,0.138607,1.0
456.05,563.15,0.134297,1.0
459.73,563.15,0.130356,1.0
463.23,563.15,0.12661,1.0
466.9,563.15,0.123751,1.0
470.4,563.15,0.120634,1.0
474.08,563.15,0.11788,1.0
476.88,563.15,0.115631,1.0
481.08,563.15,0.113274,1.0
484.58,563.15,0.111398,1.0
488.25,563.15,0.110464,1.0
491.75,563.15,0.109463,1.0
495.43,563.15,0.109004,1.0
498.93,563.15,0.108536,1.0
502.6,563.15,0.108576,1.0
506.1,563.15,0.1093,1.0
509.78,563.15,0.110415,1.0
513.28,563.15,0.112541,1.0
516.95,563.15,0.116164,1.0
520.45,563.15,0.120547,1.0
524.13,563.15,0.125963,1.0
527.63,563.15,0.131946,1.0
531.13,563.15,0.138449,1.0
534.8,563.15,0.144466,1.0
538.3,563.15,0.150024,1.0
541.8,563.15,0.154284,1.0
545.3,563.15,0.156743,1.0
548.8,563.15,0.157886,1.0
552.3,563.15,0.157091,1.0
556.15,563.15,0.155569,1.0
559.65,563.15,0.152861,1.0
563.15,563.15,0.149848,1.0
566.48,563.15,0.146364,1.0
570.15,563.15,0.143212,1.0
573.83,563.15,0.140905,1.0
577.33,563.15,0.138576,1.0
580.83,563.15,0.137162,1.0
584.85,563.15,0.13608,1.0
588.35,563.15,0.135569,1.0
592.03,563.15,0.135902,1.0
595.53,563.15,0.136888,1.0
599.2,563.15,0.138181,1.0
602.7,563.15,0.139663,1.0
606.2,563.15,0.141601,1.0
609.7,563.15,0.143681,1.0
613.38,563.15,0.146521,1.0
616.88,563.15,0.149518,1.0
620.55,563.15,0.152233,1.0
624.05,563.15,0.155227,1.0
627.55,563.15,0.157457,1.0
631.05,563.15,0.159879,1.0
634.55,563.15,0.161712,1.0
638.23,563.15,0.163831,1.0
641.73,563.15,0.165073,1.0
645.23,563.15,0.166123,1.0
648.73,563.15,0.166318,1.0
652.4,563.15,0.166453,1.0
655.9,563.15,0.165236,1.0
659.4,563.15,0.163348,1.0
663.08,563.15,0.160193,1.0
666.58,563.15,0.156598,1.0
670.08,563.15,0.151607,1.0
673.75,563.15,0.144894,1.0
677.78,563.15,0.139315,1.0
681.45,563.15,0.132778,1.0
685.13,563.15,0.126512,1.0
688.45,563.15,0.120474,1.0
692.3,563.15,0.114648,1.0
695.8,563.15,0.109719,1.0
699.48,563.15,0.105107,1.0
702.98,563.15,0.100939,1.0
706.48,563.15,0.097245,1.0
710.15,563.15,0.094478,1.0
12.6,596.58,0.079589,1.0
16.28,596.58,0.079368,1.0
19.95,596.58,0.079007,1.0
24.15,596.58,0.079026,1.0
27.83,596.58,0.078986,1.0
31.33,596.58,0.079281,1.0
34.83,596.58,0.079608,1.0
38.33,596.58,0.080729,1.0
42.0,596.58,0.082103,1.0
45.5,596.58,0.083875,1.0
49.0,596.58,0.086164,1.0
52.5,596.58,0.088865,1.0
55.13,596.58,0.091983,1.0
59.68,596.58,0.095353,1.0
63.18,596.58,0.099374,1.0
66.68,596.58,0.103721,1.0
70.18,596.58,0.108668,1.0
73.68,596.58,0.113594,1.0
77.18,596.58,0.118684,1.0
80.68,596.58,0.123582,1.0
85.05,596.58,0.12836,1.0
88.73,596.58,0.131817,1.0
92.23,596.58,0.134457,1.0
96.08,596.58,0.136598,1.0
99.58,596.58,0.137855,1.0
103.08,596.58,0.13824,1.0
106.75,596.58,0.137883,1.0
110.25,596.58,0.136835,1.0
113.75,596.58,0.135116,1.0
117.43,596.58,0.133277,1.0
120.93,596.58,0.131108,1.0
124.43,596.58,0.128718,1.0
128.28,596.58,0.126274,1.0
131.95,596.58,0.124426,1.0
135.45,596.58,0.122205,1.0
139.13,596.58,0.120326,1.0
142.63,596.58,0.118493,1.0
146.3,596.58,0.116737,1.0
149.8,596.58,0.115088,1.0
153.3,596.58,0.113483,1.0
156.98,596.58,0.11202,1.0
160.48,596.58,0.110748,1.0
164.15,596.58,0.110153,1.0
167.65,596.58,0.109673,1.0
171.33,596.58,0.108841,1.0
174.83,596.58,0.108336,1.0
178.5,596.58,0.107824,1.0
182.0,596.58,0.107294,1.0
185.68,596.58,0.107322,1.0
188.83,596.58,0.107411,1.0
192.68,596.58,0.107729,1.0
196.35,596.58,0.107812,1.0
199.85,596.58,0.108218,1.0
203.35,596.58,0.108486,1.0
206.85,596.58,0.109137,1.0
210.53,596.58,0.109663,1.0
214.03,596.58,0.110064,1.0
217.53,596.58,0.110433,1.0
221.03,596.58,0.110495,1.0
224.7,596.58,0.110461,1.0
228.2,596.58,0.110375,1.0
231.53,596.58,0.110443,1.0
235.38,596.58,0.110138,1.0
238.88,596.58,0.109411,1.0
242.38,596.58,0.108376,1.0
245.88,596.58,0.106737,1.0
249.55,596.58,0.104642,1.0
253.05,596.58,0.102186,1.0
256.73,596.58,0.099888,1.0
260.23,596.58,0.0971,1.0
263.73,596.58,0.094682,1.0
267.23,596.58,0.092063,1.0
270.9,596.58,0.089315,1.0
274.4,596.58,0.086995,1.0
278.25,596.58,0.084617,1.0
281.93,596.58,0.082892,1.0
285.43,596.58,0.081441,1.0
288.93,596.58,0.08027,1.0
292.43,596.58,0.079592,1.0
296.1,596.58,0.080027,1.0
299.6,596.58,0.08154,1.0
303.28,596.58,0.084728,1.0
306.78,596.58,0.09056,1.0
310.28,596.58,0.098644,1.0
313.78,596.58,0.108012,1.0
317.45,596.58,0.116234,1.0
320.95,596.58,0.123542,1.0
324.63,596.58,0.129411,1.0
328.13,596.58,0.136616,1.0
331.63,596.58,0.147223,1.0
335.3,596.58,0.162402,1.0
338.98,596.58,0.184257,1.0
342.83,596.58,0.212291,1.0
346.33,596.58,0.241416,1.0
349.83,596.58,0.268548,1.0
353.33,596.58,0.297365,1.0
356.13,596.58,0.314321,1.0
360.5,596.58,0.326826,1.0
364.0,596.58,0.330057,1.0
367.5,596.58,0.324081,1.0
371.0,596.58,0.309638,1.0
374.68,596.58,0.289577,1.0
378.18,596.58,0.267004,1.0
381.68,596.58,0.244974,1.0
385.35,596.58,0.222423,1.0
389.03,596.58,0.204318,1.0
392.53,596.58,0.189623,1.0
395.85,596.58,0.178936,1.0
399.53,596.58,0.171542,1.0
403.38,596.58,0.167371,1.0
406.88,596.58,0.165717,1.0
410.55,596.58,0.165708,1.0
414.05,596.58,0.166995,1.0
417.55,596.58,0.169029,1.0
421.05,596.58,0.171093,1.0
424.55,596.58,0.173175,1.0
428.23,596.58,0.175455,1.0
432.6,596.58,0.178234,1.0
436.1,596.58,0.180156,1.0
439.6,596.58,0.181469,1.0
443.63,596.58,0.182488,1.0
447.3,596.58,0.182892,1.0
450.8,596.58,0.182202,1.0
454.3,596.58,0.180664,1.0
457.8,596.58,0.178335,1.0
461.48,596.58,0.175566,1.0
464.98,596.58,0.172688,1.0
468.65,596.58,0.169968,1.0
472.15,596.58,0.167008,1.0
476.7,596.58,0.164013,1.0
480.38,596.58,0.161894,1.0
483.88,596.58,0.160245,1.0
487.55,596.58,0.158995,1.0
491.05,596.58,0.158034,1.0
494.55,596.58,0.157645,1.0
498.23,596.58,0.157648,1.0
501.73,596.58,0.158462,1.0
505.23,596.58,0.160144,1.0
508.9,596.58,0.162119,1.0
512.4,596.58,0.164438,1.0
515.9,596.58,0.166425,1.0
519.58,596.58,0.167396,1.0
523.43,596.58,0.166918,1.0
526.93,596.58,0.164374,1.0
530.43,596.58,0.160042,1.0
534.1,596.58,0.154891,1.0
537.6,596.58,0.148406,1.0
541.1,596.58,0.141613,1.0
544.78,596.58,0.135224,1.0
547.75,596.58,0.129368,1.0
551.78,596.58,0.124482,1.0
555.45,596.58,0.120206,1.0
558.95,596.58,0.117017,1.0
562.63,596.58,0.11442,1.0
566.13,596.58,0.112556,1.0
569.63,596.58,0.111373,1.0
573.3,596.58,0.110624,1.0
576.8,596.58,0.11035,1.0
580.48,596.58,0.10986,1.0
583.98,596.58,0.109454,1.0
587.48,596.58,0.108838,1.0
590.98,596.58,0.108459,1.0
594.3,596.58,0.107682,1.0
598.15,596.58,0.107005,1.0
601.83,596.58,0.106117,1.0
605.33,596.58,0.105529,1.0
608.83,596.58,0.104346,1.0
612.5,596.58,0.103545,1.0
616.0,596.58,0.102719,1.0
619.5,596.58,0.102196,1.0
623.0,596.58,0.102035,1.0
626.5,596.58,0.101669,1.0
630.18,596.58,0.102045,1.0
633.68,596.58,0.101965,1.0
637.35,596.58,0.10243,1.0
640.33,596.58,0.10234,1.0
644.35,596.58,0.102106,1.0
647.85,596.58,0.102076,1.0
651.53,596.58,0.10158,1.0
654.68,596.58,0.100511,1.0
658.7,596.58,0.099568,1.0
662.2,596.58,0.098564,1.0
665.7,596.58,0.097467,1.0
668.68,596.58,0.096672,1.0
672.88,596.58,0.095936,1.0
676.55,596.58,0.096071,1.0
679.88,596.58,0.096712,1.0
683.55,596.58,0.097581,1.0
686.53,596.58,0.099041,1.0
690.55,596.58,0.101173,1.0
694.05,596.58,0.103681,1.0
697.2,596.58,0.107202,1.0
701.23,596.58,0.111157,1.0
704.73,596.58,0.115923,1.0
708.23,596.58,0.120883,1.0
12.78,630.18,0.083718,1.0
16.45,630.18,0.082994,1.0
20.3,630.18,0.082402,1.0
23.8,630.18,0.082575,1.0
27.3,630.18,0.082957,1.0
31.15,630.18,0.083674,1.0
34.83,630.18,0.085052,1.0
38.33,630.18,0.086595,1.0
41.83,630.18,0.088924,1.0
45.33,630.18,0.091918,1.0
49.53,630.18,0.096962,1.0
53.2,630.18,0.102824,1.0
56.7,630.18,0.10999,1.0
60.2,630.18,0.11804,1.0
64.05,630.18,0.127513,1.0
67.55,630.18,0.136567,1.0
71.05,630.18,0.145051,1.0
74.55,630.18,0.153295,1.0
78.05,630.18,0.160381,1.0
81.73,630.18,0.166527,1.0
85.23,630.18,0.17173,1.0
88.73,630.18,0.17576,1.0
92.23,630.18,0.179047,1.0
95.9,630.18,0.181167,1.0
99.4,630.18,0.182165,1.0
103.08,630.18,0.181875,1.0
106.58,630.18,0.180523,1.0
110.25,630.18,0.178582,1.0
113.75,630.18,0.17605,1.0
117.43,630.18,0.172692,1.0
120.93,630.18,0.169537,1.0
124.43,630.18,0.165557,1.0
127.93,630.18,0.161635,1.0
131.43,630.18,0.157165,1.0
134.93,630.18,0.15316,1.0
138.43,630.18,0.148588,1.0
142.1,630.18,0.144411,1.0
145.6,630.18,0.140911,1.0
149.1,630.18,0.137313,1.0
152.78,630.18,0.134223,1.0
156.28,630.18,0.131647,1.0
159.78,630.18,0.129306,1.0
163.28,630.18,0.127454,1.0
166.95,630.18,0.125985,1.0
170.45,630.18,0.124562,1.0
173.95,630.18,0.123163,1.0
177.45,630.18,0.12194,1.0
181.13,630.18,0.120862,1.0
184.63,630.18,0.120008,1.0
188.13,630.18,0.119235,1.0
191.63,630.18,0.118912,1.0
195.13,630.18,0.118523,1.0
198.8,630.18,0.118955,1.0
202.3,630.18,0.119241,1.0
205.8,630.18,0.119981,1.0
209.3,630.18,0.121028,1.0
213.15,630.18,0.121777,1.0
216.3,630.18,0.122698,1.0
220.15,630.18,0.123385,1.0
223.83,630.18,0.123813,1.0
227.33,630.18,0.123853,1.0
230.83,630.18,0.123662,1.0
234.33,630.18,0.123086,1.0
238.0,630.18,0.122242,1.0
241.5,630.18,0.121185,1.0
244.83,630.18,0.119845,1.0
248.85,630.18,0.118274,1.0
252.35,630.18,0.116466,1.0
256.03,630.18,0.113955,1.0
259.7,630.18,0.110896,1.0
263.2,630.18,0.107923,1.0
266.7,630.18,0.104195,1.0
270.2,630.18,0.10048,1.0
274.05,630.18,0.09669,1.0
277.55,630.18,0.093807,1.0
281.05,630.18,0.091345,1.0
284.55,630.18,0.089438,1.0
288.23,630.18,0.088074,1.0
291.9,630.18,0.087562,1.0
295.58,630.18,0.088108,1.0
299.25,630.18,0.090073,1.0
302.75,630.18,0.094254,1.0
306.25,630.18,0.101333,1.0
309.75,630.18,0.109737,1.0
313.25,630.18,0.117584,1.0
316.93,630.18,0.125341,1.0
320.25,630.18,0.13519,1.0
324.1,630.18,0.150649,1.0
327.6,630.18,0.170957,1.0
331.28,630.18,0.192655,1.0
334.43,630.18,0.21169,1.0
338.45,630.18,0.222849,1.0
341.95,630.18,0.226413,1.0
345.45,630.18,0.22352,1.0
348.95,630.18,0.216783,1.0
352.45,630.18,0.207713,1.0
356.13,630.18,0.199093,1.0
359.63,630.18,0.192547,1.0
363.13,630.18,0.189753,1.0
366.8,630.18,0.192229,1.0
370.48,630.18,0.200905,1.0
374.15,630.18,0.215563,1.0
377.65,630.18,0.233526,1.0
381.5,630.18,0.253058,1.0
385.18,630.18,0.2699,1.0
388.68,630.18,0.281111,1.0
392.18,630.18,0.285942,1.0
395.68,630.18,0.283551,1.0
399.18,630.18,0.27584,1.0
402.85,630.18,0.263582,1.0
406.35,630.18,0.248502,1.0
410.03,630.18,0.232001,1.0
413.7,630.18,0.215664,1.0
417.2,630.18,0.201521,1.0
420.88,630.18,0.188847,1.0
424.38,630.18,0.178409,1.0
428.05,630.18,0.170295,1.0
431.55,630.18,0.16357,1.0
435.05,630.18,0.158148,1.0
438.55,630.18,0.15418,1.0
442.23,630.18,0.151022,1.0
445.9,630.18,0.149207,1.0
449.23,630.18,0.148215,1.0
452.9,630.18,0.148665,1.0
456.4,630.18,0.149531,1.0
459.9,630.18,0.150852,1.0
463.58,630.18,0.152729,1.0
467.08,630.18,0.15474,1.0
470.75,630.18,0.15681,1.0
474.25,630.18,0.158483,1.0
477.75,630.18,0.159968,1.0
481.43,630.18,0.161154,1.0
486.33,630.18,0.161968,1.0
490.0,630.18,0.162337,1.0
493.5,630.18,0.161863,1.0
497.18,630.18,0.160991,1.0
501.03,630.18,0.158899,1.0
504.7,630.18,0.156629,1.0
508.2,630.18,0.153197,1.0
511.7,630.18,0.148949,1.0
515.38,630.18,0.144204,1.0
518.88,630.18,0.139577,1.0
522.38,630.18,0.13479,1.0
526.05,630.18,0.130532,1.0
529.73,630.18,0.127513,1.0
533.23,630.18,0.12722,1.0
536.73,630.18,0.130249,1.0
540.23,630.18,0.136971,1.0
543.9,630.18,0.147491,1.0
546.35,630.18,0.163141,1.0
551.08,630.18,0.182676,1.0
554.75,630.18,0.206453,1.0
558.25,630.18,0.232473,1.0
561.93,630.18,0.266743,1.0
566.65,630.18,0.289512,1.0
570.15,630.18,0.310242,1.0
573.65,630.18,0.327925,1.0
577.15,630.18,0.342833,1.0
580.83,630.18,0.353699,1.0
584.33,630.18,0.361604,1.0
587.83,630.18,0.366628,1.0
591.85,630.18,0.369167,1.0
595.7,630.18,0.368243,1.0
599.2,630.18,0.364916,1.0
602.88,630.18,0.358683,1.0
607.08,630.18,0.347848,1.0
610.75,630.18,0.335254,1.0
614.25,630.18,0.319269,1.0
617.93,630.18,0.300677,1.0
621.43,630.18,0.280532,1.0
625.45,630.18,0.259349,1.0
628.95,630.18,0.240402,1.0
632.63,630.18,0.22246,1.0
636.13,630.18,0.204309,1.0
638.93,630.18,0.188844,1.0
643.3,630.18,0.176142,1.0
646.98,630.18,0.165818,1.0
650.48,630.18,0.157414,1.0
653.63,630.18,0.151579,1.0
658.0,630.18,0.149254,1.0
661.5,630.18,0.149562,1.0
665.18,630.18,0.151915,1.0
668.85,630.18,0.156401,1.0
672.53,630.18,0.161425,1.0
676.03,630.18,0.167183,1.0
679.53,630.18,0.172494,1.0
683.2,630.18,0.178385,1.0
686.88,630.18,0.183662,1.0
690.38,630.18,0.188613,1.0
694.05,630.18,0.194543,1.0
697.73,630.18,0.200902,1.0
701.4,630.18,0.206345,1.0
704.9,630.18,0.211832,1.0
708.4,630.18,0.217038,1.0
12.6,663.25,0.089361,1.0
16.28,663.25,0.087485,1.0
19.78,663.25,0.086207,1.0
23.28,663.25,0.085591,1.0
26.78,663.25,0.085486,1.0
30.63,663.25,0.08576,1.0
34.13,663.25,0.087066,1.0
37.63,663.25,0.08918,1.0
41.13,663.25,0.092458,1.0
44.8,663.25,0.096875,1.0
48.3,663.25,0.103336,1.0
51.98,663.25,0.110859,1.0
55.48,663.25,0.12031,1.0
59.15,663.25,0.130474,1.0
62.65,663.25,0.140698,1.0
66.33,663.25,0.149857,1.0
69.83,663.25,0.157531,1.0
73.33,663.25,0.164136,1.0
77.0,663.25,0.169543,1.0
80.68,663.25,0.173967,1.0
84.18,663.25,0.177291,1.0
87.85,663.25,0.180501,1.0
91.35,663.25,0.183292,1.0
94.85,663.25,0.186157,1.0
98.53,663.25,0.188015,1.0
102.03,663.25,0.189836,1.0
105.53,663.25,0.191204,1.0
109.2,663.25,0.192171,1.0
112.7,663.25,0.192205,1.0
116.38,663.25,0.191379,1.0
120.05,663.25,0.19007,1.0
124.95,663.25,0.186995,1.0
128.63,663.25,0.184284,1.0
132.13,663.25,0.180772,1.0
135.63,663.25,0.177242,1.0
139.3,663.25,0.173416,1.0
142.98,663.25,0.169713,1.0
146.48,663.25,0.165701,1.0
149.98,663.25,0.161456,1.0
153.48,663.25,0.157642,1.0
156.98,663.25,0.154367,1.0
160.65,663.25,0.150933,1.0
164.15,663.25,0.147944,1.0
167.83,663.25,0.145178,1.0
171.68,663.25,0.142627,1.0
175.18,663.25,0.141,1.0
178.68,663.25,0.13934,1.0
182.35,663.25,0.137935,1.0
185.85,663.25,0.137116,1.0
189.35,663.25,0.136373,1.0
193.03,663.25,0.135948,1.0
196.53,663.25,0.136376,1.0
200.03,663.25,0.136721,1.0
203.53,663.25,0.137365,1.0
207.2,663.25,0.138526,1.0
210.88,663.25,0.139654,1.0
214.38,663.25,0.140735,1.0
217.88,663.25,0.141539,1.0
221.38,663.25,0.141524,1.0
224.88,663.25,0.141601,1.0
228.38,663.25,0.141373,1.0
232.23,663.25,0.140421,1.0
235.73,663.25,0.139109,1.0
239.23,663.25,0.137263,1.0
242.55,663.25,0.134925,1.0
246.4,663.25,0.13231,1.0
249.9,663.25,0.129321,1.0
253.4,663.25,0.126148,1.0
256.9,663.25,0.12259,1.0
260.75,663.25,0.118711,1.0
264.43,663.25,0.114787,1.0
267.93,663.25,0.110797,1.0
271.43,663.25,0.107722,1.0
275.1,663.25,0.104143,1.0
278.78,663.25,0.101121,1.0
282.28,663.25,0.098585,1.0
285.78,663.25,0.09666,1.0
289.63,663.25,0.095169,1.0
293.13,663.25,0.095162,1.0
296.63,663.25,0.096339,1.0
299.95,663.25,0.100175,1.0
303.63,663.25,0.10723,1.0
307.48,663.25,0.11527,1.0
311.15,663.25,0.124509,1.0
314.65,663.25,0.136595,1.0
318.15,663.25,0.154041,1.0
321.65,663.25,0.172501,1.0
325.33,663.25,0.187605,1.0
328.83,663.25,0.197038,1.0
332.15,663.25,0.19933,1.0
336.0,663.25,0.195664,1.0
339.5,663.25,0.187944,1.0
343.18,663.25,0.178801,1.0
346.85,663.25,0.169509,1.0
350.35,663.25,0.160215,1.0
353.85,663.25,0.152584,1.0
357.35,663.25,0.145375,1.0
361.03,663.25,0.140209,1.0
364.53,663.25,0.136706,1.0
368.03,663.25,0.13511,1.0
371.7,663.25,0.136364,1.0
375.2,663.25,0.140018,1.0
378.7,663.25,0.145563,1.0
382.38,663.25,0.153295,1.0
385.88,663.25,0.16173,1.0
389.38,663.25,0.171453,1.0
392.88,663.25,0.181854,1.0
396.55,663.25,0.192236,1.0
400.05,663.25,0.202895,1.0
403.73,663.25,0.214001,1.0
407.23,663.25,0.225141,1.0
410.73,663.25,0.236934,1.0
414.23,663.25,0.249777,1.0
417.9,663.25,0.262956,1.0
421.4,663.25,0.275905,1.0
424.9,663.25,0.288945,1.0
428.58,663.25,0.301407,1.0
432.08,663.25,0.312115,1.0
435.58,663.25,0.320821,1.0
438.9,663.25,0.325824,1.0
442.75,663.25,0.32625,1.0
446.25,663.25,0.322941,1.0
449.75,663.25,0.315701,1.0
453.25,663.25,0.305812,1.0
457.1,663.25,0.293267,1.0
460.6,663.25,0.280356,1.0
464.28,663.25,0.266912,1.0
467.78,663.25,0.253797,1.0
471.28,663.25,0.241049,1.0
474.78,663.25,0.229173,1.0
478.28,663.25,0.218052,1.0
481.6,663.25,0.207722,1.0
485.45,663.25,0.198853,1.0
488.95,663.25,0.191006,1.0
492.45,663.25,0.184928,1.0
495.95,663.25,0.180393,1.0
499.63,663.25,0.177809,1.0
503.13,663.25,0.177839,1.0
506.63,663.25,0.180513,1.0
510.13,663.25,0.186755,1.0
513.63,663.25,0.197559,1.0
517.3,663.25,0.213335,1.0
520.8,663.25,0.233314,1.0
524.48,663.25,0.253668,1.0
527.98,663.25,0.270646,1.0
531.48,663.25,0.280698,1.0
534.98,663.25,0.283178,1.0
538.48,663.25,0.277935,1.0
542.15,663.25,0.266056,1.0
545.65,663.25,0.249531,1.0
549.15,663.25,0.231487,1.0
552.65,663.25,0.211478,1.0
556.15,663.25,0.19194,1.0
559.65,663.25,0.174672,1.0
563.33,663.25,0.158955,1.0
566.83,663.25,0.145079,1.0
570.5,663.25,0.133191,1.0
574.0,663.25,0.123508,1.0
577.68,663.25,0.115255,1.0
581.18,663.25,0.109192,1.0
584.68,663.25,0.104257,1.0
588.18,663.25,0.100504,1.0
591.85,663.25,0.097938,1.0
595.18,663.25,0.095991,1.0
598.85,663.25,0.095011,1.0
602.35,663.25,0.094728,1.0
606.03,663.25,0.094719,1.0
609.53,663.25,0.095594,1.0
613.03,663.25,0.096758,1.0
616.7,663.25,0.09877,1.0
620.2,663.25,0.101798,1.0
623.88,663.25,0.106161,1.0
627.38,663.25,0.111583,1.0
630.88,663.25,0.119195,1.0
634.38,663.25,0.128456,1.0
638.05,663.25,0.14051,1.0
641.55,663.25,0.154115,1.0
645.23,663.25,0.168591,1.0
648.55,663.25,0.183228,1.0
653.1,663.25,0.199518,1.0
656.6,663.25,0.209096,1.0
660.1,663.25,0.214931,1.0
663.78,663.25,0.216154,1.0
667.1,663.25,0.213095,1.0
670.78,663.25,0.205997,1.0
674.28,663.25,0.196358,1.0
677.78,663.25,0.184635,1.0
681.45,663.25,0.171459,1.0
685.13,663.25,0.157701,1.0
688.63,663.25,0.145301,1.0
692.3,663.25,0.133949,1.0
695.8,663.25,0.123508,1.0
699.83,663.25,0.113067,1.0
703.33,663.25,0.10564,1.0
706.65,663.25,0.099026,1.0
710.33,663.25,0.093865,1.0
12.43,696.32,0.087248,1.0
15.93,696.32,0.083576,1.0
19.43,696.32,0.080501,1.0
23.1,696.32,0.078465,1.0
26.78,696.32,0.077193,1.0
30.28,696.32,0.076623,1.0
33.78,696.32,0.077011,1.0
37.28,696.32,0.078878,1.0
40.78,696.32,0.081524,1.0
44.28,696.32,0.085652,1.0
47.95,696.32,0.091065,1.0
51.45,696.32,0.098012,1.0
54.95,696.32,0.107082,1.0
58.63,696.32,0.117002,1.0
62.3,696.32,0.127088,1.0
65.8,696.32,0.137137,1.0
69.3,696.32,0.145628,1.0
72.8,696.32,0.153539,1.0
75.78,696.32,0.15987,1.0
79.8,696.32,0.165686,1.0
83.3,696.32,0.170366,1.0
86.8,696.32,0.174392,1.0
90.3,696.32,0.17807,1.0
93.8,696.32,0.18125,1.0
97.48,696.32,0.184099,1.0
100.98,696.32,0.186586,1.0
103.78,696.32,0.188175,1.0
107.98,696.32,0.190344,1.0
111.48,696.32,0.192343,1.0
115.15,696.32,0.193727,1.0
118.48,696.32,0.194475,1.0
122.15,696.32,0.194494,1.0
125.65,696.32,0.193785,1.0
129.33,696.32,0.192273,1.0
132.83,696.32,0.190119,1.0
136.33,696.32,0.187377,1.0
140.0,696.32,0.18491,1.0
143.5,696.32,0.181678,1.0
147.0,696.32,0.178554,1.0
150.5,696.32,0.175332,1.0
154.0,696.32,0.172202,1.0
157.68,696.32,0.169281,1.0
161.18,696.32,0.166142,1.0
164.68,696.32,0.163111,1.0
168.18,696.32,0.159885,1.0
171.68,696.32,0.156968,1.0
175.18,696.32,0.154953,1.0
178.68,696.32,0.152932,1.0
182.35,696.32,0.151074,1.0
185.85,696.32,0.149919,1.0
189.35,696.32,0.148961,1.0
192.68,696.32,0.149127,1.0
196.35,696.32,0.149395,1.0
200.03,696.32,0.150594,1.0
203.53,696.32,0.152374,1.0
207.2,696.32,0.154552,1.0
210.7,696.32,0.156909,1.0
214.2,696.32,0.158739,1.0
217.7,696.32,0.160378,1.0
221.2,696.32,0.161339,1.0
224.7,696.32,0.161558,1.0
228.38,696.32,0.161197,1.0
231.88,696.32,0.159842,1.0
235.38,696.32,0.157436,1.0
238.88,696.32,0.154827,1.0
242.55,696.32,0.150991,1.0
246.05,696.32,0.147063,1.0
249.73,696.32,0.14292,1.0
253.05,696.32,0.139066,1.0
256.55,696.32,0.134534,1.0
260.23,696.32,0.130532,1.0
263.73,696.32,0.126444,1.0
267.4,696.32,0.12283,1.0
270.9,696.32,0.118989,1.0
274.4,696.32,0.115547,1.0
277.9,696.32,0.112565,1.0
281.58,696.32,0.109981,1.0
285.08,696.32,0.107479,1.0
288.58,696.32,0.105797,1.0
292.08,696.32,0.105199,1.0
295.58,696.32,0.105966,1.0
299.08,696.32,0.109719,1.0
302.93,696.32,0.11564,1.0
306.6,696.32,0.123862,1.0
310.1,696.32,0.135061,1.0
313.78,696.32,0.151413,1.0
317.28,696.32,0.167972,1.0
320.95,696.32,0.180661,1.0
324.45,696.32,0.187405,1.0
328.48,696.32,0.188104,1.0
331.98,696.32,0.184152,1.0
335.48,696.32,0.177199,1.0
339.15,696.32,0.169571,1.0
343.35,696.32,0.16015,1.0
346.85,696.32,0.153323,1.0
350.35,696.32,0.147171,1.0
354.03,696.32,0.142057,1.0
357.7,696.32,0.138144,1.0
361.55,696.32,0.134213,1.0
365.23,696.32,0.13112,1.0
368.73,696.32,0.12844,1.0
372.23,696.32,0.126358,1.0
375.9,696.32,0.125578,1.0
379.4,696.32,0.125076,1.0
