x,y,z,z2
7.0,0.0,0.001543,4.418428
11.02,0.0,0.001321,4.685556
14.53,0.0,0.001389,5.086384
18.2,0.0,0.000942,5.667551
22.05,0.0,0.000628,6.495717
26.08,0.0,-0.000318,7.499104
32.2,0.0,-0.000987,-7.154319
35.53,0.0,-0.000463,-3.092507
39.55,0.0,0.000794,-2.092801
43.57,0.0,0.001647,-1.470113
47.25,0.0,0.002507,-1.08531
50.75,0.0,0.003061,-0.843231
54.42,0.0,0.003554,-0.763616
57.92,0.0,0.00446,-0.817892
61.42,0.0,0.005209,-0.926494
65.1,0.0,0.006047,-0.994281
68.6,0.0,0.0067,-0.996444
72.1,0.0,0.007525,-0.965036
76.82,0.0,0.008718,-0.939969
80.32,0.0,0.009577,-0.90764
83.82,0.0,0.010024,-0.841675
87.5,0.0,0.01019,-0.745015
91.0,0.0,0.010159,-0.628419
94.67,0.0,0.009839,-0.492683
98.17,0.0,0.009328,-0.377046
101.85,0.0,0.009192,-0.298592
105.52,0.0,0.00828,-0.274242
109.2,0.0,0.007701,-0.311442
112.7,0.0,0.006931,-0.428253
116.37,0.0,0.005954,-0.671534
119.87,0.0,0.005153,-1.05881
123.37,0.0,0.004435,-1.570957
126.87,0.0,0.00406,-2.124794
130.55,0.0,0.003785,-2.516895
134.22,0.0,0.004152,-2.715342
137.72,0.0,0.004115,-2.855471
141.22,0.0,0.004232,-3.031395
144.9,0.0,0.004192,-3.214537
148.05,0.0,0.004115,-3.390406
151.9,0.0,0.003998,-3.581921
155.4,0.0,0.004152,-3.789327
158.9,0.0,0.004556,-3.950941
162.58,0.0,0.004663,-4.01152
166.08,0.0,0.005135,-3.970636
169.58,0.0,0.005769,-3.8681
173.25,0.0,0.006,-3.77343
176.93,0.0,0.006213,-3.686616
180.43,0.0,0.006352,-3.593397
183.93,0.0,0.006783,-3.520264
187.43,0.0,0.007673,-3.478197
191.1,0.0,0.008052,-3.443711
194.6,0.0,0.00885,-3.382269
198.1,0.0,0.009691,-3.297522
201.6,0.0,0.010794,-3.192642
204.75,0.0,0.011604,-3.066811
208.43,0.0,0.012556,-2.945677
212.28,0.0,0.013403,-2.874103
215.25,0.0,0.014395,-2.869738
219.28,0.0,0.015474,-2.930625
222.78,0.0,0.016681,-3.029245
226.45,0.0,0.018071,-3.135366
229.95,0.0,0.019676,-3.221404
233.45,0.0,0.021885,-3.288761
237.13,0.0,0.024288,-3.358326
240.45,0.0,0.026906,-3.440563
244.13,0.0,0.029922,-3.534666
247.63,0.0,0.033866,-3.627894
251.13,0.0,0.037914,-3.710174
254.8,0.0,0.043918,-3.77193
258.3,0.0,0.050877,-3.804552
262.33,0.0,0.060782,-3.811138
265.83,0.0,0.071216,-3.797691
269.5,0.0,0.084482,-3.768187
273.0,0.0,0.100461,-3.733369
276.5,0.0,0.121262,-3.701801
280.18,0.0,0.145865,-3.674727
283.68,0.0,0.173976,-3.652426
287.18,0.0,0.208483,-3.632534
290.68,0.0,0.248274,-3.609157
294.35,0.0,0.292417,-3.573209
297.85,0.0,0.340877,-3.526514
301.35,0.0,0.392855,-3.473834
305.03,0.0,0.443714,-3.426712
308.53,0.0,0.490451,-3.388163
312.2,0.0,0.53026,-3.355467
315.7,0.0,0.557186,-3.326508
319.2,0.0,0.569,-3.296749
322.88,0.0,0.561101,-3.265831
326.38,0.0,0.53214,-3.235772
329.88,0.0,0.479114,-3.204648
333.03,0.0,0.404838,-3.167387
337.05,0.0,0.308976,-3.11694
340.55,0.0,0.198237,-3.01833
344.23,0.0,0.0793,-2.631349
347.73,0.0,0.048961,5.672597
351.23,0.0,0.167297,6.430113
354.9,0.0,0.275538,6.542679
358.4,0.0,0.370852,6.58291
361.9,0.0,0.44775,6.597901
365.58,0.0,0.50401,6.602463
369.08,0.0,0.539241,6.602485
372.58,0.0,0.554641,6.600396
376.08,0.0,0.552793,6.59694
379.58,0.0,0.536502,6.592463
383.25,0.0,0.508375,6.587426
386.75,0.0,0.472041,6.582932
390.43,0.0,0.432392,6.579546
393.93,0.0,0.38897,6.577467
396.2,0.0,0.346527,6.576838
400.93,0.0,0.305837,6.577211
404.6,0.0,0.266703,6.577186
408.1,0.0,0.23153,6.577202
411.6,0.0,0.199066,6.577621
415.1,0.0,0.170825,6.579401
418.6,0.0,0.146444,6.582097
422.1,0.0,0.125276,6.585643
425.78,0.0,0.10674,6.590754
429.28,0.0,0.09129,6.599654
432.78,0.0,0.07828,6.613545
436.28,0.0,0.067183,6.633314
440.3,0.0,0.057328,6.661804
443.8,0.0,0.049251,6.685501
447.3,0.0,0.043095,6.703018
450.8,0.0,0.037257,6.717855
454.3,0.0,0.032947,6.735747
457.8,0.0,0.028952,6.765584
461.48,0.0,0.025692,6.816145
464.98,0.0,0.023065,6.887324
468.48,0.0,0.020893,6.966086
472.15,0.0,0.019232,7.043208
475.65,0.0,0.018065,7.104179
479.15,0.0,0.01637,7.153599
482.83,0.0,0.014938,7.183023
486.33,0.0,0.013638,7.183689
489.83,0.0,0.012251,7.169884
493.33,0.0,0.011284,7.154955
496.83,0.0,0.010384,7.160186
500.5,0.0,0.009463,7.203125
504.0,0.0,0.008983,7.277432
507.68,0.0,0.008333,7.354166
511.18,0.0,0.007649,7.405417
514.85,0.0,0.007002,7.406316
518.35,0.0,0.006466,7.332059
521.85,0.0,0.006272,7.169752
525.35,0.0,0.00584,6.960984
528.85,0.0,0.005631,6.756567
532.53,0.0,0.005221,6.542251
536.03,0.0,0.004845,6.354987
539.53,0.0,0.004793,6.208964
543.2,0.0,0.004309,6.098727
546.7,0.0,0.00434,5.950813
550.2,0.0,0.004463,5.716494
553.7,0.0,0.004158,5.46924
557.38,0.0,0.004306,5.319289
560.88,0.0,0.004429,5.29785
564.38,0.0,0.004762,5.377749
567.88,0.0,0.005169,5.455265
571.38,0.0,0.005184,5.472496
574.88,0.0,0.004817,5.399221
578.55,0.0,0.003936,5.242918
582.05,0.0,0.003675,5.016652
585.55,0.0,0.002855,4.76473
589.23,0.0,0.002621,4.560852
592.73,0.0,0.002439,4.450979
596.23,0.0,0.002387,4.480498
599.9,0.0,0.002405,4.650963
603.4,0.0,0.002399,4.972959
606.9,0.0,0.002424,5.42448
610.58,0.0,0.002455,5.927104
614.08,0.0,0.00275,6.29093
617.58,0.0,0.003135,6.507042
621.25,0.0,0.003638,6.697383
624.75,0.0,0.003881,6.898199
628.25,0.0,0.003878,7.091951
631.75,0.0,0.00438,7.284958
635.25,0.0,0.004417,7.521258
638.75,0.0,0.004805,7.783839
642.25,0.0,0.004759,8.026244
645.92,0.0,0.004765,8.224325
648.9,0.0,0.004633,8.391179
652.92,0.0,0.004451,8.569688
656.42,0.0,0.00393,8.754916
659.92,0.0,0.003681,8.917864
663.6,0.0,0.003622,9.02583
667.1,0.0,0.003286,9.157635
670.6,0.0,0.003271,9.352826
674.1,0.0,0.002707,9.61208
677.77,0.0,0.002621,1.186991
681.27,0.0,0.002753,-9.613375
684.77,0.0,0.002334,-9.39032
688.45,0.0,0.002116,-9.426161
691.95,0.0,0.001888,-9.598613
695.45,0.0,0.001999,-9.749611
699.12,0.0,0.001943,-9.782426
702.62,0.0,0.001872,-9.68966
706.12,0.0,0.001974,-9.424593
709.8,0.0,0.001801,-8.901685
12.43,33.07,0.002063,0.072587
16.1,33.07,0.002747,0.451289
19.78,33.07,0.002498,0.726409
23.28,33.07,0.002205,0.906689
26.78,33.07,0.002168,1.101384
30.28,33.07,0.001814,1.344218
33.78,33.07,0.00178,1.486534
37.45,33.07,0.001672,1.4394
40.95,33.07,0.001882,1.26716
44.45,33.07,0.002073,1.099098
47.95,33.07,0.00247,0.884157
51.63,33.07,0.00345,0.587552
55.13,33.07,0.004793,0.331139
58.8,33.07,0.006777,0.153733
62.48,33.07,0.008936,0.066336
65.98,33.07,0.011222,0.046105
69.48,33.07,0.013527,0.051657
72.98,33.07,0.015933,0.076349
76.48,33.07,0.017911,0.102088
80.15,33.07,0.019399,0.111995
83.65,33.07,0.020495,0.097103
87.15,33.07,0.021355,0.061743
90.65,33.07,0.021407,0.023117
94.15,33.07,0.020927,-0.025583
97.65,33.07,0.020132,-0.087819
101.15,33.07,0.01877,-0.164052
104.3,33.07,0.017562,-0.241495
108.33,33.07,0.015837,-0.305721
111.83,33.07,0.014161,-0.369378
115.33,33.07,0.012464,-0.455136
118.65,33.07,0.011019,-0.563922
122.5,33.07,0.009765,-0.681324
126.0,33.07,0.008758,-0.809288
129.68,33.07,0.008336,-0.938348
133.18,33.07,0.007954,-1.03149
136.68,33.07,0.008037,-1.070772
140.18,33.07,0.007455,-1.064922
143.68,33.07,0.007381,-1.041241
147.18,33.07,0.00787,-1.010283
150.85,33.07,0.007763,-0.97641
154.35,33.07,0.008274,-0.976595
157.85,33.07,0.008302,-1.031342
161.53,33.07,0.008366,-1.166099
165.03,33.07,0.008262,-1.362808
168.53,33.07,0.007837,-1.599915
172.03,33.07,0.007917,-1.873587
175.7,33.07,0.007538,-2.142102
179.2,33.07,0.007482,-2.374279
183.05,33.07,0.007951,-2.52272
186.55,33.07,0.008265,-2.608435
190.05,33.07,0.00877,-2.641855
193.73,33.07,0.009399,-2.627061
197.23,33.07,0.009873,-2.570715
200.73,33.07,0.010763,-2.498984
204.4,33.07,0.011256,-2.450887
207.9,33.07,0.012036,-2.440133
211.58,33.07,0.012944,-2.462717
215.08,33.07,0.013724,-2.523293
218.58,33.07,0.014365,-2.604791
222.08,33.07,0.015637,-2.69609
225.75,33.07,0.016897,-2.786925
229.25,33.07,0.018514,-2.890382
232.75,33.07,0.019774,-3.013801
236.25,33.07,0.02186,-3.150101
239.75,33.07,0.024509,-3.279679
243.25,33.07,0.027504,-3.389879
246.75,33.07,0.031543,-3.485134
250.43,33.07,0.03564,-3.567919
253.93,33.07,0.041037,-3.637371
257.43,33.07,0.047809,-3.690645
261.1,33.07,0.055609,-3.727768
264.6,33.07,0.064873,-3.753951
268.28,33.07,0.07654,-3.771973
271.78,33.07,0.090347,-3.778778
275.28,33.07,0.107938,-3.77205
278.78,33.07,0.129349,-3.753273
282.45,33.07,0.156022,-3.726425
285.95,33.07,0.185014,-3.696077
289.45,33.07,0.221395,-3.657716
293.13,33.07,0.261635,-3.615575
296.63,33.07,0.306647,-3.563831
300.13,33.07,0.355439,-3.506859
303.63,33.07,0.405156,-3.451588
307.13,33.07,0.45295,-3.404343
310.8,33.07,0.495066,-3.362171
314.3,33.07,0.529373,-3.327651
317.8,33.07,0.549308,-3.301995
321.48,33.07,0.552777,-3.281197
324.98,33.07,0.535048,-3.26446
328.65,33.07,0.495029,-3.249854
332.33,33.07,0.434647,-3.23425
335.83,33.07,0.352559,-3.213468
339.5,33.07,0.252815,-3.175089
343.0,33.07,0.141518,-3.074602
346.5,33.07,0.026598,-1.969878
350.0,33.07,0.092171,6.333551
353.68,33.07,0.201385,6.51576
357.18,33.07,0.303646,6.561299
360.68,33.07,0.387503,6.576441
364.35,33.07,0.454201,6.582115
367.85,33.07,0.50108,6.582534
371.35,33.07,0.528242,6.58063
374.85,33.07,0.537432,6.577309
378.35,33.07,0.530411,6.573101
382.03,33.07,0.510473,6.567584
385.53,33.07,0.480082,6.56112
388.68,33.07,0.443258,6.554281
392.7,33.07,0.402485,6.548169
396.2,33.07,0.360214,6.541681
399.7,33.07,0.319725,6.534112
403.55,33.07,0.276382,6.52405
407.05,33.07,0.240415,6.513166
410.55,33.07,0.206478,6.500966
414.05,33.07,0.176028,6.488385
417.73,33.07,0.150661,6.477211
421.4,33.07,0.128329,6.467824
424.9,33.07,0.108995,6.460686
428.4,33.07,0.092673,6.459833
431.9,33.07,0.079389,6.467994
435.58,33.07,0.068098,6.482032
439.08,33.07,0.058906,6.493948
442.58,33.07,0.050378,6.496241
446.08,33.07,0.043758,6.481903
449.58,33.07,0.037495,6.454515
453.25,33.07,0.032661,6.424583
456.75,33.07,0.028283,6.395199
460.25,33.07,0.024703,6.365615
463.58,33.07,0.02186,6.338052
467.43,33.07,0.019352,6.309115
470.93,33.07,0.017091,6.273896
474.43,33.07,0.014682,6.236309
478.1,33.07,0.012673,6.21638
481.6,33.07,0.010954,6.25828
485.1,33.07,0.009614,6.361694
488.6,33.07,0.008696,6.469346
492.28,33.07,0.008373,6.572685
495.43,33.07,0.007676,6.66962
499.45,33.07,0.007485,6.725208
502.95,33.07,0.007005,6.752223
506.45,33.07,0.006583,6.760713
510.13,33.07,0.006145,6.745476
513.8,33.07,0.005569,6.691481
517.3,33.07,0.005064,6.600378
520.8,33.07,0.004839,6.523052
524.65,33.07,0.0041,6.432054
528.15,33.07,0.00373,6.297957
531.65,33.07,0.002889,6.155816
535.33,33.07,0.002387,5.982507
538.83,33.07,0.002048,5.773269
542.5,33.07,0.001811,5.507465
546.0,33.07,0.001358,5.326393
549.5,33.07,0.000585,5.377746
553.0,33.07,0.000212,5.646322
556.5,33.07,0.000196,6.120585
560.0,33.07,1.5e-05,6.658477
563.68,33.07,0.00048,6.912069
567.18,33.07,0.000967,6.819983
570.68,33.07,0.001315,6.539506
574.35,33.07,0.001549,6.195107
577.85,33.07,0.001777,5.8404
581.35,33.07,0.002224,5.504193
584.85,33.07,0.002673,5.270352
588.53,33.07,0.002396,5.164702
592.03,33.07,0.002476,5.173414
595.53,33.07,0.002433,5.225463
599.03,33.07,0.002473,5.288165
602.7,33.07,0.002424,5.304437
606.2,33.07,0.002482,5.191634
609.88,33.07,0.00251,4.952041
613.38,33.07,0.002612,4.677069
616.88,33.07,0.002421,4.460356
620.37,33.07,0.002079,4.334651
624.05,33.07,0.001879,4.30722
627.55,33.07,0.001293,4.447297
631.05,33.07,0.000877,4.795658
634.55,33.07,0.000615,5.271433
638.05,33.07,0.000471,5.719153
641.72,33.07,0.000483,6.122319
645.05,33.07,0.000517,6.590806
648.72,33.07,0.000538,7.285093
652.22,33.07,0.000763,7.897415
655.9,33.07,0.00113,8.288974
659.4,33.07,0.001259,8.542371
663.07,33.07,0.001644,8.656829
666.57,33.07,0.001678,8.657836
670.07,33.07,0.001441,8.632476
673.57,33.07,0.001225,8.650689
677.25,33.07,0.000973,8.610957
680.92,33.07,0.000501,8.394183
684.42,33.07,2.4e-05,8.162018
688.1,33.07,0.000227,7.869553
691.6,33.07,0.000122,7.661673
695.1,33.07,0.000252,7.67135
698.77,33.07,0.00056,7.733617
702.27,33.07,0.000505,7.644153
705.77,33.07,0.000979,7.347364
708.92,33.07,0.000942,6.947115
12.08,66.15,0.001934,-9.145258
15.58,66.15,0.001863,-9.196127
19.25,66.15,0.001829,-8.954871
22.75,66.15,0.001346,-8.486042
26.43,66.15,0.000779,-7.678052
29.93,66.15,-7.2e-05,-6.166218
33.43,66.15,-3.5e-05,-3.626166
37.1,66.15,-0.000112,-1.688815
40.6,66.15,0.000637,-0.93276
44.28,66.15,0.001349,-0.75471
47.78,66.15,0.00247,-0.717889
51.28,66.15,0.003573,-0.672606
54.78,66.15,0.005406,-0.558986
58.28,66.15,0.007436,-0.406202
61.95,66.15,0.009916,-0.2696
65.45,66.15,0.012461,-0.15013
68.95,66.15,0.014941,-0.06619
72.45,66.15,0.017319,-0.018423
76.13,66.15,0.019158,-0.004616
79.63,66.15,0.020772,-0.001184
83.13,66.15,0.022356,-0.000931
86.28,66.15,0.023157,-0.015546
90.3,66.15,0.023333,-0.040962
93.8,66.15,0.022639,-0.078319
97.3,66.15,0.021419,-0.128084
100.98,66.15,0.019956,-0.189273
104.65,66.15,0.01853,-0.259551
107.98,66.15,0.01751,-0.345059
111.65,66.15,0.016355,-0.438688
115.15,66.15,0.015039,-0.533182
118.65,66.15,0.01401,-0.626004
122.15,66.15,0.012954,-0.715831
125.83,66.15,0.012137,-0.800403
129.33,66.15,0.011228,-0.890468
132.48,66.15,0.010209,-1.013779
136.33,66.15,0.009814,-1.18918
140.0,66.15,0.0093,-1.408655
143.5,66.15,0.00905,-1.679807
147.0,66.15,0.009155,-1.994342
150.68,66.15,0.008961,-2.297899
154.18,66.15,0.009094,-2.587874
157.68,66.15,0.008967,-2.855717
161.18,66.15,0.00857,-3.07926
164.68,66.15,0.008736,-3.23365
168.35,66.15,0.008274,-3.316613
171.85,66.15,0.007544,-3.323597
175.35,66.15,0.007208,-3.271382
178.5,66.15,0.007208,-3.202766
182.53,66.15,0.007778,-3.127076
185.85,66.15,0.007957,-3.043348
189.7,66.15,0.008921,-2.94451
193.03,66.15,0.009737,-2.835862
196.88,66.15,0.010677,-2.740357
200.38,66.15,0.011478,-2.677942
203.88,66.15,0.012488,-2.632825
207.38,66.15,0.013021,-2.592477
210.7,66.15,0.013819,-2.578145
214.38,66.15,0.014167,-2.603826
217.88,66.15,0.014901,-2.678703
221.38,66.15,0.015886,-2.801207
224.88,66.15,0.017636,-2.930166
228.55,66.15,0.018881,-3.037227
232.05,66.15,0.020822,-3.132411
235.55,66.15,0.023114,-3.214146
239.05,66.15,0.025819,-3.286025
242.73,66.15,0.028542,-3.343391
246.23,66.15,0.031959,-3.392491
249.73,66.15,0.035563,-3.446031
253.23,66.15,0.040344,-3.51002
256.9,66.15,0.046422,-3.57994
260.4,66.15,0.053342,-3.646548
263.9,66.15,0.062618,-3.700658
267.4,66.15,0.072867,-3.73294
271.08,66.15,0.085554,-3.746739
274.58,66.15,0.101712,-3.74538
278.08,66.15,0.121422,-3.732297
281.58,66.15,0.144275,-3.711551
284.9,66.15,0.171727,-3.68461
288.75,66.15,0.204084,-3.650756
292.25,66.15,0.241576,-3.61315
295.75,66.15,0.28263,-3.565273
299.25,66.15,0.329318,-3.510405
302.93,66.15,0.375914,-3.457257
306.43,66.15,0.423492,-3.411287
309.93,66.15,0.466933,-3.369919
313.43,66.15,0.504632,-3.336117
316.93,66.15,0.530864,-3.310649
320.43,66.15,0.54205,-3.290406
323.93,66.15,0.536699,-3.273326
327.6,66.15,0.511311,-3.258434
331.1,66.15,0.464262,-3.24397
334.6,66.15,0.398039,-3.228955
338.1,66.15,0.312972,-3.209466
341.6,66.15,0.212975,-3.170492
345.28,66.15,0.101034,-3.040012
348.78,66.15,0.015008,4.434278
352.45,66.15,0.126019,6.474731
355.95,66.15,0.23137,6.559207
359.45,66.15,0.324004,6.58218
362.95,66.15,0.401172,6.588505
366.45,66.15,0.460159,6.588381
369.95,66.15,0.499718,6.585378
373.63,66.15,0.52173,6.58064
377.13,66.15,0.525729,6.574444
380.63,66.15,0.514503,6.566921
384.3,66.15,0.491755,6.559223
387.8,66.15,0.460941,6.552023
391.3,66.15,0.423227,6.544943
394.8,66.15,0.382439,6.538178
398.48,66.15,0.341906,6.531968
401.98,66.15,0.301696,6.526225
405.48,66.15,0.263505,6.519885
408.98,66.15,0.228591,6.513194
412.48,66.15,0.196182,6.507615
416.15,66.15,0.168868,6.503693
419.65,66.15,0.144679,6.501469
423.15,66.15,0.123989,6.500119
426.65,66.15,0.105849,6.501983
430.15,66.15,0.090474,6.505621
433.65,66.15,0.077371,6.506003
437.33,66.15,0.065711,6.503647
440.83,66.15,0.056308,6.501582
444.5,66.15,0.048416,6.496385
448.0,66.15,0.041272,6.485883
451.5,66.15,0.035612,6.469238
455.18,66.15,0.031114,6.4482
458.85,66.15,0.026801,6.418619
462.35,66.15,0.023434,6.374315
466.03,66.15,0.020073,6.314765
469.53,66.15,0.017455,6.246167
473.03,66.15,0.015344,6.211614
476.53,66.15,0.013339,6.2371
480.2,66.15,0.01174,6.30218
483.7,66.15,0.010532,6.384063
487.38,66.15,0.009781,6.454475
490.88,66.15,0.009183,6.506595
494.38,66.15,0.008468,6.560088
498.05,66.15,0.007676,6.611203
501.55,66.15,0.006866,6.637463
505.05,66.15,0.006555,6.594842
508.55,66.15,0.005868,6.461786
511.88,66.15,0.00527,6.299516
515.73,66.15,0.004774,6.152569
519.23,66.15,0.004479,6.008148
522.9,66.15,0.00393,5.860419
526.58,66.15,0.004013,5.701054
530.08,66.15,0.003505,5.572191
533.58,66.15,0.003832,5.519754
537.25,66.15,0.003444,5.517958
540.75,66.15,0.003179,5.501947
544.25,66.15,0.003302,5.458285
547.75,66.15,0.003314,5.34899
551.43,66.15,0.003012,5.145183
554.75,66.15,0.002482,4.791234
558.43,66.15,0.002649,4.362538
561.93,66.15,0.002516,4.015255
565.6,66.15,0.002683,3.715832
569.1,66.15,0.002529,3.449332
572.25,66.15,0.002159,3.168753
576.28,66.15,0.002106,2.888529
579.78,66.15,0.001623,2.578914
583.28,66.15,0.001577,2.37612
586.95,66.15,0.001281,2.324805
590.45,66.15,0.001213,2.428067
593.95,66.15,0.001305,2.804191
597.63,66.15,0.001444,3.310986
601.13,66.15,0.001358,3.679618
604.63,66.15,0.001241,3.943937
608.3,66.15,0.001302,4.146179
611.8,66.15,0.001358,4.41185
615.3,66.15,0.001487,4.759931
618.8,66.15,0.001419,5.155999
622.3,66.15,0.001339,5.583223
625.98,66.15,0.00084,5.92939
629.48,66.15,0.001287,6.341099
632.98,66.15,0.001398,6.811363
636.48,66.15,0.001663,7.26107
639.98,66.15,0.001644,7.704165
643.65,66.15,0.001657,8.133136
647.32,66.15,0.001752,8.569679
650.82,66.15,0.001296,9.001964
654.5,66.15,0.000794,9.547259
658.0,66.15,0.00024,-9.666579
661.67,66.15,-0.000176,-8.752616
665.35,66.15,-0.000223,-8.594859
668.85,66.15,-0.00054,-9.686111
672.35,66.15,-0.000642,8.241355
676.02,66.15,-0.000201,6.996043
679.52,66.15,-0.000241,6.105499
683.02,66.15,0.000104,5.176082
686.52,66.15,0.000582,4.337883
690.02,66.15,0.001007,3.721097
693.7,66.15,0.001512,3.172995
697.2,66.15,0.001687,2.595171
700.7,66.15,0.00231,2.073508
704.2,66.15,0.002504,1.687354
707.35,66.15,0.002646,1.485592
711.37,66.15,0.002547,1.445157
12.6,99.4,0.001324,-4.208118
16.1,99.4,0.001444,-4.50537
19.78,99.4,0.001022,-4.445647
23.28,99.4,0.000785,-4.079225
26.78,99.4,0.000705,-3.457189
30.45,99.4,0.001118,-2.724667
34.13,99.4,0.001675,-2.129076
37.45,99.4,0.002174,-1.637386
41.13,99.4,0.003105,-1.258933
44.63,99.4,0.004882,-0.995967
48.3,99.4,0.006992,-0.821213
51.8,99.4,0.009895,-0.658906
55.48,99.4,0.01276,-0.479251
59.15,99.4,0.015683,-0.300912
62.65,99.4,0.018798,-0.154985
66.15,99.4,0.021663,-0.047092
69.65,99.4,0.024358,0.027981
73.33,99.4,0.02662,0.066315
76.83,99.4,0.028437,0.071709
80.33,99.4,0.029824,0.057393
84.0,99.4,0.030557,0.032498
87.5,99.4,0.03068,-0.01204
91.18,99.4,0.030581,-0.06428
94.68,99.4,0.030107,-0.1042
98.18,99.4,0.029331,-0.131301
101.68,99.4,0.028129,-0.155854
105.35,99.4,0.026977,-0.180459
108.85,99.4,0.025064,-0.205429
112.35,99.4,0.023425,-0.238192
116.03,99.4,0.021617,-0.289079
119.53,99.4,0.019993,-0.352147
123.03,99.4,0.018671,-0.431768
126.7,99.4,0.017575,-0.528571
130.2,99.4,0.016364,-0.62699
133.88,99.4,0.015372,-0.722985
137.38,99.4,0.01405,-0.791845
140.88,99.4,0.012957,-0.823071
144.55,99.4,0.011999,-0.860301
148.05,99.4,0.01097,-0.939744
151.55,99.4,0.010215,-1.093841
155.23,99.4,0.009534,-1.339044
158.73,99.4,0.008933,-1.664589
162.4,99.4,0.008554,-1.963294
165.9,99.4,0.008835,-2.175484
169.23,99.4,0.008721,-2.314618
172.73,99.4,0.009229,-2.391806
176.58,99.4,0.009479,-2.425314
180.25,99.4,0.009935,-2.426384
183.75,99.4,0.010172,-2.398038
187.25,99.4,0.010991,-2.341719
190.93,99.4,0.01158,-2.267477
194.43,99.4,0.012476,-2.185848
197.93,99.4,0.013308,-2.108029
201.43,99.4,0.014211,-2.050244
205.1,99.4,0.015159,-2.023812
208.6,99.4,0.0158,-2.039258
212.1,99.4,0.016607,-2.106452
215.6,99.4,0.017264,-2.22391
219.1,99.4,0.018157,-2.378765
222.78,99.4,0.018841,-2.537634
226.28,99.4,0.020172,-2.680896
229.95,99.4,0.02141,-2.806984
233.63,99.4,0.023511,-2.929094
237.3,99.4,0.02539,-3.032821
240.8,99.4,0.027257,-3.131232
244.83,99.4,0.030375,-3.238212
248.33,99.4,0.033289,-3.339232
251.83,99.4,0.03719,-3.441305
255.5,99.4,0.042193,-3.537722
259.0,99.4,0.04845,-3.619999
262.5,99.4,0.055514,-3.680282
266.18,99.4,0.06438,-3.71819
269.68,99.4,0.074876,-3.739462
273.35,99.4,0.088138,-3.749493
276.85,99.4,0.104469,-3.747777
280.53,99.4,0.124599,-3.73295
284.03,99.4,0.148246,-3.708874
287.7,99.4,0.176465,-3.678264
291.2,99.4,0.209429,-3.64461
294.7,99.4,0.248147,-3.608871
298.38,99.4,0.290298,-3.5686
301.88,99.4,0.335492,-3.522891
305.55,99.4,0.382121,-3.4695
309.05,99.4,0.428554,-3.418499
312.55,99.4,0.468458,-3.375369
316.05,99.4,0.501776,-3.34133
319.55,99.4,0.523138,-3.316074
323.23,99.4,0.528914,-3.295846
326.73,99.4,0.516305,-3.279762
330.23,99.4,0.483181,-3.266204
333.73,99.4,0.431114,-3.2534
337.23,99.4,0.357312,-3.237772
340.9,99.4,0.269364,-3.214087
344.4,99.4,0.167075,-3.158943
347.9,99.4,0.058869,-2.895952
351.4,99.4,0.051355,6.229833
354.9,99.4,0.157784,6.539491
358.58,99.4,0.256709,6.58937
362.08,99.4,0.341259,6.603015
365.58,99.4,0.408273,6.606083
369.25,99.4,0.457522,6.60458
372.75,99.4,0.488569,6.599823
376.25,99.4,0.502925,6.592565
379.75,99.4,0.501428,6.582645
383.43,99.4,0.485695,6.570538
387.1,99.4,0.461296,6.558757
390.6,99.4,0.429555,6.546428
394.1,99.4,0.392186,6.533104
397.78,99.4,0.35376,6.518582
401.28,99.4,0.315187,6.503061
404.78,99.4,0.27718,6.487159
408.45,99.4,0.24194,6.4717
411.78,99.4,0.209056,6.457196
415.45,99.4,0.179352,6.44446
418.95,99.4,0.154241,6.435199
422.63,99.4,0.131604,6.427593
426.13,99.4,0.111783,6.41865
429.63,99.4,0.095015,6.406496
433.13,99.4,0.081065,6.390739
436.8,99.4,0.069254,6.373459
440.3,99.4,0.059198,6.353484
443.8,99.4,0.050538,6.327911
447.48,99.4,0.043573,6.293924
450.98,99.4,0.037605,6.253265
454.48,99.4,0.032741,6.220782
458.15,99.4,0.028376,6.198619
461.83,99.4,0.024565,6.188857
465.33,99.4,0.021789,6.186494
468.83,99.4,0.019574,6.180837
472.5,99.4,0.01788,6.182738
476.0,99.4,0.015868,6.183635
479.68,99.4,0.014241,6.161213
483.18,99.4,0.012476,6.103441
486.85,99.4,0.011034,6.023031
490.35,99.4,0.009648,5.944947
494.03,99.4,0.008521,5.849097
497.53,99.4,0.007464,5.714821
501.03,99.4,0.00658,5.542111
504.53,99.4,0.005945,5.356714
508.2,99.4,0.005495,5.149918
511.7,99.4,0.005119,4.959893
515.2,99.4,0.004799,4.818726
518.7,99.4,0.00475,4.721058
522.2,99.4,0.004888,4.630073
525.88,99.4,0.004839,4.565381
529.38,99.4,0.004608,4.529845
532.88,99.4,0.004306,4.51478
536.38,99.4,0.003804,4.489682
540.05,99.4,0.003274,4.401992
543.55,99.4,0.002766,4.276632
547.05,99.4,0.002436,4.188853
550.55,99.4,0.00243,4.170973
554.23,99.4,0.002707,4.161441
557.73,99.4,0.00296,4.140717
561.4,99.4,0.003345,4.074263
564.9,99.4,0.003163,3.993441
568.58,99.4,0.00357,3.946605
572.08,99.4,0.004152,3.857569
575.75,99.4,0.004137,3.650188
579.43,99.4,0.004081,3.379486
582.93,99.4,0.004069,3.141396
586.43,99.4,0.003693,3.039246
589.93,99.4,0.003696,3.111073
593.6,99.4,0.003564,3.228309
597.28,99.4,0.003613,3.283433
600.6,99.4,0.003696,3.247434
604.28,99.4,0.00324,3.153279
607.78,99.4,0.003015,3.078288
611.45,99.4,0.002482,3.044699
614.95,99.4,0.001823,3.039296
618.45,99.4,0.001346,3.06196
621.95,99.4,0.000529,3.139754
625.45,99.4,0.000122,3.297462
629.13,99.4,0.0002,3.410749
632.63,99.4,0.00015,3.228097
636.13,99.4,0.000538,2.877518
639.8,99.4,0.000794,2.681896
643.3,99.4,0.001281,2.696151
646.8,99.4,0.00149,2.80343
650.48,99.4,0.001835,2.802694
653.97,99.4,0.002113,2.653095
657.47,99.4,0.002236,2.466518
660.97,99.4,0.002113,2.304315
664.65,99.4,0.00251,2.186829
668.15,99.4,0.002513,2.102707
671.82,99.4,0.002384,2.074722
675.32,99.4,0.002827,2.120073
678.82,99.4,0.00333,2.138647
682.32,99.4,0.003844,2.075729
686.0,99.4,0.003656,1.963157
689.5,99.4,0.004013,1.727603
693.17,99.4,0.004137,1.370826
696.67,99.4,0.003983,0.960346
700.17,99.4,0.004528,0.573415
703.67,99.4,0.00454,0.291539
707.35,99.4,0.004503,0.18738
710.85,99.4,0.004463,0.27304
12.78,132.47,0.001034,-2.06818
16.45,132.47,0.000723,-2.171359
19.78,132.47,0.000548,-1.607959
23.28,132.47,0.000708,-0.748971
26.95,132.47,0.001426,0.041712
30.45,132.47,0.002088,0.48758
33.95,132.47,0.00272,0.584881
37.45,132.47,0.003647,0.454121
41.13,132.47,0.005372,0.245581
44.8,132.47,0.007806,0.06722
48.13,132.47,0.010606,-0.087015
51.98,132.47,0.014435,-0.183417
55.48,132.47,0.018154,-0.198198
58.98,132.47,0.02178,-0.175623
62.48,132.47,0.024593,-0.135031
66.15,132.47,0.0271,-0.103087
69.65,132.47,0.028822,-0.084449
73.15,132.47,0.029713,-0.068352
76.83,132.47,0.030557,-0.053999
80.33,132.47,0.031475,-0.043966
84.0,132.47,0.03178,-0.04623
87.5,132.47,0.032134,-0.059723
91.18,132.47,0.032797,-0.084619
94.5,132.47,0.03324,-0.115478
98.0,132.47,0.033998,-0.144896
101.85,132.47,0.034007,-0.169711
105.35,132.47,0.034084,-0.191085
109.03,132.47,0.033203,-0.207671
112.53,132.47,0.032399,-0.221177
116.03,132.47,0.031315,-0.237098
119.7,132.47,0.029722,-0.266368
123.2,132.47,0.027929,-0.317215
126.88,132.47,0.026167,-0.374532
130.38,132.47,0.024506,-0.42838
133.88,132.47,0.022895,-0.482896
137.38,132.47,0.021703,-0.543493
140.88,132.47,0.020942,-0.608198
144.03,132.47,0.020224,-0.672668
147.88,132.47,0.019728,-0.747637
151.55,132.47,0.019127,-0.832624
155.05,132.47,0.018259,-0.912113
158.55,132.47,0.018209,-0.972572
162.05,132.47,0.017273,-1.022328
165.73,132.47,0.016429,-1.078465
169.23,132.47,0.015606,-1.152664
172.73,132.47,0.015221,-1.242482
176.4,132.47,0.014596,-1.348887
179.9,132.47,0.01462,-1.473649
183.58,132.47,0.014586,-1.600202
187.08,132.47,0.014996,-1.703584
190.58,132.47,0.015412,-1.76863
194.08,132.47,0.016253,-1.803079
197.58,132.47,0.017103,-1.810984
201.08,132.47,0.017889,-1.800087
204.58,132.47,0.018696,-1.788211
208.25,132.47,0.019272,-1.779185
211.93,132.47,0.020344,-1.780312
215.43,132.47,0.021281,-1.806366
218.93,132.47,0.02206,-1.863353
222.43,132.47,0.023052,-1.94639
226.1,132.47,0.02406,-2.056621
229.6,132.47,0.024904,-2.178787
233.1,132.47,0.026105,-2.316014
236.6,132.47,0.027029,-2.468675
240.1,132.47,0.02841,-2.648515
243.78,132.47,0.030264,-2.845434
247.28,132.47,0.033095,-3.03466
250.78,132.47,0.035572,-3.200008
254.28,132.47,0.0397,-3.334179
257.95,132.47,0.044873,-3.436117
261.45,132.47,0.05064,-3.51332
264.95,132.47,0.058385,-3.572645
268.45,132.47,0.067085,-3.615072
272.13,132.47,0.078394,-3.642118
275.63,132.47,0.091432,-3.657589
279.3,132.47,0.108708,-3.663082
282.8,132.47,0.128764,-3.659814
286.3,132.47,0.153637,-3.649241
289.98,132.47,0.182051,-3.633184
293.48,132.47,0.216647,-3.612519
297.15,132.47,0.255184,-3.588381
300.65,132.47,0.297217,-3.560482
304.15,132.47,0.342186,-3.53124
307.83,132.47,0.386659,-3.501228
311.33,132.47,0.429327,-3.466998
314.83,132.47,0.465612,-3.42856
318.33,132.47,0.494586,-3.386647
321.83,132.47,0.511585,-3.344906
325.5,132.47,0.513344,-3.307741
328.83,132.47,0.49713,-3.276256
332.5,132.47,0.461866,-3.251897
336.0,132.47,0.406006,-3.232667
339.5,132.47,0.330368,-3.21381
343.18,132.47,0.23917,-3.183342
346.5,132.47,0.137818,-3.105434
350.18,132.47,0.031185,-2.412499
353.68,132.47,0.075936,6.345501
357.18,132.47,0.17918,6.53905
360.85,132.47,0.272833,6.584678
364.35,132.47,0.352121,6.600473
367.85,132.47,0.41372,6.60466
371.53,132.47,0.457294,6.60206
375.03,132.47,0.482475,6.594848
378.53,132.47,0.492137,6.583033
382.03,132.47,0.486351,6.565917
385.7,132.47,0.468631,6.543613
389.2,132.47,0.441844,6.518372
392.7,132.47,0.40824,6.490677
396.38,132.47,0.370636,6.460735
399.88,132.47,0.332855,6.429959
403.38,132.47,0.294207,6.399793
406.88,132.47,0.258107,6.368425
410.55,132.47,0.224213,6.335092
414.05,132.47,0.192433,6.300246
417.73,132.47,0.165828,6.265582
421.23,132.47,0.14238,6.23361
424.73,132.47,0.121321,6.204155
428.23,132.47,0.102929,6.173709
431.73,132.47,0.087627,6.143773
435.23,132.47,0.075141,6.120662
438.73,132.47,0.064183,6.10646
442.4,132.47,0.054839,6.1013
445.9,132.47,0.04727,6.099568
449.4,132.47,0.040609,6.095181
452.9,132.47,0.034944,6.084134
456.4,132.47,0.030443,6.073305
460.08,132.47,0.026053,6.072868
463.58,132.47,0.022713,6.082399
467.08,132.47,0.019605,6.09073
470.75,132.47,0.017538,6.086491
474.25,132.47,0.015196,6.079812
477.75,132.47,0.013055,6.053382
481.25,132.47,0.011287,5.979649
484.75,132.47,0.009476,5.845385
488.43,132.47,0.008194,5.674772
491.93,132.47,0.006647,5.485669
495.43,132.47,0.005797,5.268467
499.1,132.47,0.004861,5.057235
502.6,132.47,0.004161,4.865926
506.1,132.47,0.003635,4.695359
509.6,132.47,0.003277,4.543625
513.28,132.47,0.003283,4.400794
516.78,132.47,0.00296,4.344636
520.45,132.47,0.002886,4.365396
523.95,132.47,0.002775,4.346382
527.45,132.47,0.002294,4.246395
531.13,132.47,0.002569,4.102726
534.63,132.47,0.002063,3.935714
538.13,132.47,0.001734,3.633032
541.63,132.47,0.001734,3.105417
545.3,132.47,0.001801,2.538005
548.8,132.47,0.002199,1.999112
552.13,132.47,0.002532,1.546553
555.8,132.47,0.002781,1.235838
559.3,132.47,0.003299,1.029003
562.8,132.47,0.003813,0.899487
566.48,132.47,0.004516,0.860288
569.98,132.47,0.004913,0.893467
573.48,132.47,0.005203,0.936122
577.15,132.47,0.00519,0.970133
580.65,132.47,0.005403,1.049067
584.15,132.47,0.006145,1.199002
587.83,132.47,0.006404,1.40301
591.33,132.47,0.006244,1.643906
595.0,132.47,0.006456,1.871414
598.5,132.47,0.00597,2.039734
602.0,132.47,0.005538,2.138219
605.68,132.47,0.005227,2.129432
609.18,132.47,0.00466,2.045452
612.68,132.47,0.004171,1.910234
616.18,132.47,0.003339,1.709528
619.68,132.47,0.002633,1.399723
623.35,132.47,0.002646,0.980294
626.85,132.47,0.002541,0.624216
630.35,132.47,0.002399,0.43474
633.85,132.47,0.002547,0.310504
638.05,132.47,0.002427,0.13864
641.55,132.47,0.002615,0.068135
645.23,132.47,0.002421,0.060692
648.73,132.47,0.002519,0.025637
652.23,132.47,0.002636,-0.02099
655.9,132.47,0.002763,-0.060124
659.4,132.47,0.002544,-0.08415
663.08,132.47,0.003068,-0.091824
666.75,132.47,0.003342,0.010394
670.43,132.47,0.003305,0.195809
673.93,132.47,0.003607,0.406915
677.43,132.47,0.003782,0.557842
680.93,132.47,0.003527,0.619915
684.6,132.47,0.004032,0.613748
688.1,132.47,0.004417,0.542506
691.77,132.47,0.004956,0.493064
695.27,132.47,0.005446,0.505088
698.77,132.47,0.005951,0.565864
702.45,132.47,0.006395,0.662047
705.95,132.47,0.006287,0.732777
709.45,132.47,0.006259,0.726452
12.25,165.55,0.006617,0.93477
15.75,165.55,0.005927,0.818245
19.6,165.55,0.006121,0.608061
23.1,165.55,0.006336,0.379795
26.43,165.55,0.007803,0.21044
30.1,165.55,0.009537,0.085729
33.78,165.55,0.012048,0.005357
37.28,165.55,0.014321,-0.03786
40.78,165.55,0.017134,-0.050293
44.45,165.55,0.019229,-0.049036
47.95,165.55,0.02137,-0.058614
51.45,165.55,0.023123,-0.089067
54.95,165.55,0.024226,-0.151042
58.45,165.55,0.025132,-0.244199
61.95,165.55,0.025508,-0.353783
65.63,165.55,0.025489,-0.475502
69.13,165.55,0.025273,-0.6039
72.28,165.55,0.024864,-0.725172
76.13,165.55,0.024346,-0.823585
79.8,165.55,0.024072,-0.897335
83.3,165.55,0.023598,-0.94466
86.98,165.55,0.023234,-0.963182
90.48,165.55,0.023037,-0.944023
93.98,165.55,0.022683,-0.886466
97.48,165.55,0.02284,-0.797276
101.15,165.55,0.023527,-0.685231
104.65,165.55,0.024728,-0.548669
108.15,165.55,0.026077,-0.409261
111.65,165.55,0.027729,-0.289828
115.33,165.55,0.029053,-0.195469
118.83,165.55,0.030163,-0.132662
122.33,165.55,0.030341,-0.10606
126.0,165.55,0.030347,-0.101359
129.5,165.55,0.029861,-0.113201
133.0,165.55,0.029297,-0.143322
136.68,165.55,0.028172,-0.198402
140.18,165.55,0.027143,-0.272517
143.68,165.55,0.026456,-0.365139
147.18,165.55,0.025508,-0.482733
150.68,165.55,0.025166,-0.606509
154.18,165.55,0.024836,-0.720157
157.68,165.55,0.024285,-0.82719
161.35,165.55,0.024084,-0.935523
164.85,165.55,0.023687,-1.024802
168.35,165.55,0.023289,-1.086653
171.85,165.55,0.022387,-1.122069
175.53,165.55,0.022091,-1.133225
179.03,165.55,0.021996,-1.124586
182.53,165.55,0.022418,-1.112035
186.03,165.55,0.02279,-1.10726
189.7,165.55,0.023336,-1.104324
193.2,165.55,0.024001,-1.098212
196.7,165.55,0.024734,-1.090606
200.2,165.55,0.025159,-1.099137
203.7,165.55,0.025615,-1.128003
207.38,165.55,0.026222,-1.177652
210.88,165.55,0.026752,-1.240667
214.73,165.55,0.027073,-1.32486
218.23,165.55,0.027525,-1.405593
221.73,165.55,0.027984,-1.503249
225.23,165.55,0.028382,-1.631188
228.9,165.55,0.028671,-1.797278
232.4,165.55,0.028662,-2.009175
235.9,165.55,0.02893,-2.246732
239.4,165.55,0.02958,-2.490388
242.9,165.55,0.030899,-2.72829
246.4,165.55,0.033209,-2.933136
249.9,165.55,0.035471,-3.097667
253.58,165.55,0.039383,-3.230547
257.08,165.55,0.043912,-3.337208
260.58,165.55,0.049192,-3.42145
264.25,165.55,0.055674,-3.488209
267.75,165.55,0.063832,-3.536305
271.25,165.55,0.07352,-3.572047
274.75,165.55,0.085415,-3.601758
278.43,165.55,0.10019,-3.624117
281.75,165.55,0.118909,-3.637971
285.43,165.55,0.14117,-3.640254
289.1,165.55,0.166675,-3.630618
292.6,165.55,0.197177,-3.612346
296.1,165.55,0.232956,-3.5901
299.6,165.55,0.271462,-3.565984
303.28,165.55,0.313668,-3.541588
306.78,165.55,0.356622,-3.516826
310.28,165.55,0.398776,-3.489546
313.78,165.55,0.438178,-3.456422
317.28,165.55,0.470393,-3.41913
320.95,165.55,0.493849,-3.379746
324.45,165.55,0.503544,-3.344805
328.13,165.55,0.496083,-3.318221
331.63,165.55,0.46913,-3.298582
335.13,165.55,0.424244,-3.284093
338.63,165.55,0.357876,-3.270366
342.3,165.55,0.275886,-3.251635
345.8,165.55,0.180683,-3.213336
349.3,165.55,0.077011,-3.057846
352.8,165.55,0.027073,5.836537
356.65,165.55,0.133286,6.498382
360.15,165.55,0.228317,6.557959
363.65,165.55,0.311752,6.57698
367.15,165.55,0.378957,6.583304
371.0,165.55,0.434065,6.583508
374.5,165.55,0.46458,6.580039
378.18,165.55,0.479592,6.573899
382.03,165.55,0.479068,6.564241
385.88,165.55,0.463369,6.55007
389.38,165.55,0.439703,6.533
393.05,165.55,0.408486,6.510427
396.55,165.55,0.372633,6.480209
400.23,165.55,0.332765,6.43852
403.9,165.55,0.294743,6.394691
407.4,165.55,0.25933,6.344928
410.9,165.55,0.22616,6.292387
414.4,165.55,0.193298,6.233305
418.08,165.55,0.167159,6.178736
421.58,165.55,0.143206,6.120856
425.08,165.55,0.122649,6.059156
428.75,165.55,0.103835,5.99545
432.25,165.55,0.088607,5.935493
435.75,165.55,0.075865,5.884809
439.25,165.55,0.064836,5.842277
442.93,165.55,0.055375,5.809661
446.95,165.55,0.046583,5.790878
450.45,165.55,0.039867,5.791959
453.95,165.55,0.034229,5.802754
457.8,165.55,0.029392,5.8098
461.48,165.55,0.025403,5.804519
465.15,165.55,0.022473,5.785783
468.65,165.55,0.019873,5.762246
472.15,165.55,0.017532,5.735934
475.83,165.55,0.014864,5.686377
479.33,165.55,0.013089,5.611476
482.83,165.55,0.011124,5.514853
486.33,165.55,0.009925,5.414545
489.83,165.55,0.00877,5.3057
493.33,165.55,0.00735,5.19513
496.83,165.55,0.006552,5.085574
500.5,165.55,0.005769,4.958556
504.0,165.55,0.004861,4.821724
507.5,165.55,0.004251,4.67075
511.18,165.55,0.00353,4.489115
514.68,165.55,0.003293,4.259623
518.18,165.55,0.002858,4.041102
521.68,165.55,0.003182,3.858395
525.18,165.55,0.003222,3.707163
528.85,165.55,0.003163,3.583759
532.35,165.55,0.003021,3.478934
535.85,165.55,0.003323,3.347265
539.35,165.55,0.003203,3.160786
543.03,165.55,0.003326,2.922493
546.53,165.55,0.003252,2.669305
550.03,165.55,0.003145,2.420378
553.7,165.55,0.003333,2.2206
557.2,165.55,0.003182,2.060985
560.7,165.55,0.003493,1.975286
564.55,165.55,0.004094,1.937421
568.05,165.55,0.004553,1.86349
571.55,165.55,0.005193,1.73008
575.05,165.55,0.005375,1.598071
578.9,165.55,0.00564,1.5215
582.4,165.55,0.006013,1.501645
585.9,165.55,0.005474,1.46549
589.58,165.55,0.005726,1.383746
593.08,165.55,0.005101,1.295697
596.75,165.55,0.005273,1.284899
600.25,165.55,0.005092,1.356051
603.75,165.55,0.004944,1.472138
607.25,165.55,0.004645,1.59167
610.75,165.55,0.004796,1.685043
614.25,165.55,0.004802,1.73935
617.75,165.55,0.004839,1.773404
621.43,165.55,0.004737,1.80191
624.93,165.55,0.004925,1.853367
628.43,165.55,0.00438,1.939781
631.93,165.55,0.004479,2.035982
635.43,165.55,0.004479,2.100492
638.93,165.55,0.004417,2.172341
642.6,165.55,0.004426,2.201598
646.1,165.55,0.0045,2.124827
649.6,165.55,0.004408,1.981056
653.28,165.55,0.004895,1.806056
656.6,165.55,0.005178,1.618629
660.28,165.55,0.005668,1.449021
663.78,165.55,0.005877,1.287471
667.28,165.55,0.005788,1.133651
671.13,165.55,0.005612,0.946341
674.63,165.55,0.005692,0.737534
678.13,165.55,0.005609,0.512666
681.63,165.55,0.005221,0.280328
685.12,165.55,0.005255,0.113034
688.8,165.55,0.004959,0.038887
692.3,165.55,0.004858,0.041053
695.8,165.55,0.004429,0.089269
699.3,165.55,0.00459,0.113262
702.97,165.55,0.004485,0.11027
706.47,165.55,0.004442,0.12044
709.97,165.55,0.004768,0.15836
12.6,198.63,0.022242,0.212602
16.1,198.63,0.023853,0.274389
19.6,198.63,0.025541,0.315963
23.28,198.63,0.027381,0.35129
26.6,198.63,0.028955,0.384527
30.8,198.63,0.030692,0.405618
34.3,198.63,0.031851,0.399737
37.98,198.63,0.032473,0.376684
41.48,198.63,0.032744,0.346009
45.15,198.63,0.03292,0.307978
48.65,198.63,0.032254,0.264364
52.15,198.63,0.031259,0.211613
55.65,198.63,0.03024,0.134987
59.33,198.63,0.028542,0.032504
62.83,198.63,0.026912,-0.085152
66.5,198.63,0.025588,-0.201769
70.0,198.63,0.024134,-0.307912
73.5,198.63,0.022766,-0.384723
77.0,198.63,0.021549,-0.429825
80.5,198.63,0.020723,-0.450444
84.18,198.63,0.020545,-0.460733
87.68,198.63,0.02068,-0.4785
91.18,198.63,0.021241,-0.51386
94.85,198.63,0.021537,-0.545416
98.35,198.63,0.022113,-0.5639
101.85,198.63,0.022405,-0.574273
105.35,198.63,0.023169,-0.565188
109.03,198.63,0.023631,-0.526627
112.53,198.63,0.024069,-0.465937
116.2,198.63,0.025175,-0.391491
119.7,198.63,0.026712,-0.311846
123.2,198.63,0.028496,-0.228016
126.88,198.63,0.030079,-0.14964
130.38,198.63,0.031367,-0.083017
133.88,198.63,0.03267,-0.037126
137.55,198.63,0.033527,-0.012003
141.05,198.63,0.033893,-0.002256
144.55,198.63,0.03389,-0.008334
148.05,198.63,0.033832,-0.028731
151.38,198.63,0.034013,-0.057724
155.23,198.63,0.033878,-0.089816
158.73,198.63,0.033422,-0.118109
162.23,198.63,0.0334,-0.140228
165.9,198.63,0.033819,-0.151464
169.4,198.63,0.033835,-0.153968
172.9,198.63,0.033866,-0.164039
176.58,198.63,0.034121,-0.190068
180.08,198.63,0.033983,-0.232551
183.58,198.63,0.03397,-0.286464
187.08,198.63,0.034294,-0.333152
190.58,198.63,0.034734,-0.354212
194.08,198.63,0.035033,-0.351756
197.75,198.63,0.035504,-0.344889
201.25,198.63,0.035809,-0.347147
204.75,198.63,0.036287,-0.357379
208.25,198.63,0.036151,-0.383447
211.75,198.63,0.036222,-0.433463
215.43,198.63,0.035874,-0.506482
218.93,198.63,0.035335,-0.596731
222.6,198.63,0.035104,-0.70292
226.1,198.63,0.034528,-0.824155
229.6,198.63,0.034248,-0.965733
233.28,198.63,0.034041,-1.135387
236.78,198.63,0.033838,-1.32169
240.28,198.63,0.033983,-1.532993
243.78,198.63,0.034485,-1.776375
247.45,198.63,0.035443,-2.032792
250.95,198.63,0.037294,-2.297194
254.63,198.63,0.040178,-2.545388
258.13,198.63,0.043866,-2.763999
261.63,198.63,0.048536,-2.966124
265.13,198.63,0.054241,-3.151259
268.63,198.63,0.061644,-3.310578
272.48,198.63,0.071989,-3.44954
275.98,198.63,0.083,-3.533458
279.65,198.63,0.097556,-3.589881
283.15,198.63,0.11621,-3.616243
286.83,198.63,0.139734,-3.619567
290.5,198.63,0.16556,-3.610257
294.0,198.63,0.195433,-3.593979
297.68,198.63,0.230766,-3.572722
301.0,198.63,0.268397,-3.547654
304.68,198.63,0.309986,-3.515424
308.18,198.63,0.352389,-3.474586
311.68,198.63,0.394678,-3.430941
315.18,198.63,0.434324,-3.392198
318.85,198.63,0.46591,-3.360369
322.35,198.63,0.487056,-3.336444
325.85,198.63,0.495205,-3.31547
329.53,198.63,0.486068,-3.294235
333.2,198.63,0.45758,-3.272026
336.7,198.63,0.410886,-3.251422
340.2,198.63,0.346157,-3.228258
343.88,198.63,0.265698,-3.19414
347.03,198.63,0.171789,-3.124435
350.88,198.63,0.071814,-2.858758
354.55,198.63,0.031968,5.601091
358.05,198.63,0.13133,6.419177
361.55,198.63,0.224885,6.5186
365.05,198.63,0.305476,6.552741
368.73,198.63,0.371376,6.567427
372.05,198.63,0.42185,6.572728
375.73,198.63,0.454777,6.571484
379.23,198.63,0.470981,6.564346
382.73,198.63,0.472528,6.552183
386.23,198.63,0.461576,6.535748
389.73,198.63,0.440559,6.516034
393.4,198.63,0.411471,6.491484
396.9,198.63,0.37722,6.460628
400.4,198.63,0.341653,6.422042
403.9,198.63,0.304731,6.376355
407.4,198.63,0.268203,6.32235
411.08,198.63,0.234777,6.261463
414.75,198.63,0.202547,6.193903
418.25,198.63,0.174189,6.121093
421.93,198.63,0.148591,6.037963
425.43,198.63,0.127174,5.958151
428.93,198.63,0.107938,5.880675
432.6,198.63,0.091801,5.809381
436.1,198.63,0.078185,5.73756
439.6,198.63,0.066771,5.661091
443.1,198.63,0.057211,5.580216
446.78,198.63,0.049192,5.497795
450.28,198.63,0.042211,5.418636
453.78,198.63,0.036278,5.346279
457.45,198.63,0.031832,5.290016
460.95,198.63,0.027137,5.242841
464.45,198.63,0.023453,5.200118
467.95,198.63,0.020258,5.164197
471.63,198.63,0.018006,5.143153
475.13,198.63,0.015708,5.126757
478.63,198.63,0.014032,5.107607
482.13,198.63,0.01275,5.101384
485.63,198.63,0.011703,5.119865
489.13,198.63,0.010828,5.143627
492.8,198.63,0.009744,5.154613
496.13,198.63,0.008659,5.12233
499.8,198.63,0.007911,5.019856
503.48,198.63,0.007464,4.871536
506.98,198.63,0.006909,4.737663
510.48,198.63,0.006383,4.684007
514.15,198.63,0.00592,4.649737
517.65,198.63,0.004959,4.558514
521.15,198.63,0.003976,4.429019
524.65,198.63,0.003219,4.276222
528.15,198.63,0.002864,4.091521
531.83,198.63,0.002793,3.901959
535.33,198.63,0.00275,3.593907
538.83,198.63,0.003111,3.124385
542.33,198.63,0.003813,2.553206
545.83,198.63,0.004494,1.945717
549.5,198.63,0.005575,1.395108
553.0,198.63,0.006903,1.022009
556.5,198.63,0.008363,0.831914
560.0,198.63,0.009728,0.736643
563.68,198.63,0.011114,0.682826
567.18,198.63,0.012415,0.643403
570.68,198.63,0.013277,0.600876
574.18,198.63,0.013533,0.557192
577.68,198.63,0.013594,0.552546
581.18,198.63,0.013443,0.602706
584.85,198.63,0.012787,0.711003
588.35,198.63,0.012849,0.864755
592.03,198.63,0.012553,1.000112
595.53,198.63,0.012122,1.096233
599.03,198.63,0.011765,1.146082
602.53,198.63,0.011466,1.171187
606.03,198.63,0.010566,1.191347
609.7,198.63,0.009817,1.21106
613.03,198.63,0.009146,1.231408
616.7,198.63,0.008049,1.272102
620.03,198.63,0.006931,1.343938
623.88,198.63,0.006037,1.409868
627.38,198.63,0.004787,1.445484
630.88,198.63,0.004084,1.451504
634.38,198.63,0.00341,1.454051
638.05,198.63,0.002991,1.432258
641.55,198.63,0.002867,1.373198
645.05,198.63,0.002861,1.249831
648.73,198.63,0.002978,1.044268
652.23,198.63,0.003354,0.775229
655.73,198.63,0.003668,0.521533
659.23,198.63,0.004232,0.356108
662.73,198.63,0.004993,0.312405
666.4,198.63,0.005662,0.347109
669.9,198.63,0.006333,0.433045
673.4,198.63,0.007205,0.57714
676.9,198.63,0.007624,0.744019
680.23,198.63,0.007972,0.887888
684.08,198.63,0.008188,1.012207
687.58,198.63,0.008668,1.112453
691.08,198.63,0.008675,1.174252
694.75,198.63,0.009097,1.201858
698.25,198.63,0.009097,1.214283
701.75,198.63,0.009426,1.217912
705.25,198.63,0.009787,1.192465
708.92,198.63,0.010387,1.117373
12.78,231.7,0.032445,0.351148
16.28,231.7,0.03251,0.323914
19.78,231.7,0.032837,0.287211
23.45,231.7,0.032374,0.258804
26.95,231.7,0.032039,0.243588
30.8,231.7,0.031721,0.222155
34.3,231.7,0.031235,0.178668
37.8,231.7,0.030532,0.114722
41.3,231.7,0.029315,0.030427
45.15,231.7,0.027846,-0.075515
48.65,231.7,0.026339,-0.181917
52.15,231.7,0.024174,-0.286476
55.65,231.7,0.022242,-0.365826
59.33,231.7,0.020548,-0.394932
62.83,231.7,0.01848,-0.372301
66.33,231.7,0.017482,-0.321162
69.83,231.7,0.016441,-0.256957
73.33,231.7,0.015671,-0.187955
76.83,231.7,0.01467,-0.108987
80.5,231.7,0.014171,-0.028673
84.0,231.7,0.013795,0.014235
87.5,231.7,0.013582,-0.008593
91.18,231.7,0.013628,-0.110835
94.68,231.7,0.014399,-0.285308
98.18,231.7,0.014965,-0.495542
101.85,231.7,0.015868,-0.696038
105.35,231.7,0.017079,-0.859664
108.85,231.7,0.018111,-0.98686
112.35,231.7,0.019047,-1.062673
116.03,231.7,0.020116,-1.080292
119.53,231.7,0.021549,-1.038561
123.2,231.7,0.023095,-0.94576
126.7,231.7,0.024805,-0.815921
130.2,231.7,0.026318,-0.67114
133.88,231.7,0.027855,-0.530105
137.2,231.7,0.029303,-0.395801
140.88,231.7,0.030649,-0.27411
144.38,231.7,0.032014,-0.18163
147.88,231.7,0.032994,-0.126156
151.38,231.7,0.033964,-0.105343
154.88,231.7,0.034291,-0.113528
158.38,231.7,0.035089,-0.141538
161.88,231.7,0.035498,-0.179717
165.38,231.7,0.035668,-0.217758
168.88,231.7,0.035831,-0.246559
172.55,231.7,0.035566,-0.271987
176.05,231.7,0.035708,-0.291325
179.55,231.7,0.035286,-0.302677
183.05,231.7,0.035455,-0.305961
186.73,231.7,0.035427,-0.305992
190.23,231.7,0.035409,-0.309612
193.73,231.7,0.035849,-0.321497
197.4,231.7,0.03654,-0.345247
200.9,231.7,0.037476,-0.391507
204.4,231.7,0.03832,-0.45651
207.9,231.7,0.039318,-0.523974
211.58,231.7,0.040249,-0.582819
215.08,231.7,0.041074,-0.637304
218.75,231.7,0.042094,-0.700468
222.25,231.7,0.041915,-0.781574
225.75,231.7,0.042217,-0.891614
229.25,231.7,0.041878,-1.030246
232.75,231.7,0.041228,-1.193702
236.43,231.7,0.040954,-1.371062
239.93,231.7,0.040683,-1.561194
243.6,231.7,0.040711,-1.776369
247.1,231.7,0.041016,-1.988026
250.6,231.7,0.041798,-2.201384
254.1,231.7,0.043191,-2.417095
257.78,231.7,0.045464,-2.639498
261.28,231.7,0.049174,-2.84142
264.78,231.7,0.054232,-3.022827
268.28,231.7,0.060997,-3.174349
272.13,231.7,0.070357,-3.313138
275.63,231.7,0.081003,-3.408197
279.13,231.7,0.094161,-3.478628
282.8,231.7,0.110942,-3.52584
286.65,231.7,0.134383,-3.549641
290.15,231.7,0.157556,-3.548843
293.83,231.7,0.185461,-3.535723
297.33,231.7,0.218258,-3.513997
301.18,231.7,0.259546,-3.473086
304.68,231.7,0.298206,-3.430877
308.35,231.7,0.340177,-3.392066
311.85,231.7,0.380821,-3.359284
315.35,231.7,0.419287,-3.332266
319.03,231.7,0.451487,-3.309143
322.53,231.7,0.474031,-3.290809
326.03,231.7,0.484549,-3.278221
329.53,231.7,0.480103,-3.270812
333.03,231.7,0.459561,-3.267223
336.53,231.7,0.420636,-3.264965
340.2,231.7,0.363489,-3.26145
343.7,231.7,0.289931,-3.252356
347.2,231.7,0.204777,-3.230119
350.7,231.7,0.109854,-3.156937
354.2,231.7,0.011518,-1.115489
357.7,231.7,0.08751,6.450742
361.38,231.7,0.182125,6.551854
364.88,231.7,0.265874,6.575593
368.38,231.7,0.336804,6.581086
372.23,231.7,0.396992,6.579623
375.9,231.7,0.434614,6.575125
379.4,231.7,0.454669,6.568163
382.9,231.7,0.460575,6.556413
386.4,231.7,0.45327,6.539414
389.9,231.7,0.435923,6.518372
393.58,231.7,0.409743,6.492935
397.08,231.7,0.378357,6.461903
400.58,231.7,0.344786,6.423702
404.25,231.7,0.308982,6.378788
407.75,231.7,0.272972,6.323314
411.25,231.7,0.240082,6.260406
414.75,231.7,0.208422,6.186885
418.25,231.7,0.179882,6.102763
421.75,231.7,0.155437,6.008105
425.43,231.7,0.13348,5.899849
428.93,231.7,0.113693,5.774372
432.43,231.7,0.096721,5.639566
436.1,231.7,0.082541,5.493562
439.6,231.7,0.071401,5.355814
443.28,231.7,0.061721,5.225444
446.78,231.7,0.05348,5.102592
450.45,231.7,0.046349,4.982848
453.95,231.7,0.040042,4.880741
457.63,231.7,0.034922,4.789432
461.13,231.7,0.030652,4.701117
464.8,231.7,0.026654,4.612044
468.3,231.7,0.023363,4.524814
471.8,231.7,0.020517,4.433237
475.3,231.7,0.018305,4.326977
478.8,231.7,0.016136,4.220834
482.3,231.7,0.014546,4.124636
485.8,231.7,0.013265,4.049627
489.3,231.7,0.011968,3.979769
492.98,231.7,0.010917,3.899233
496.48,231.7,0.010255,3.788059
500.15,231.7,0.009608,3.642998
503.65,231.7,0.009047,3.499668
507.15,231.7,0.008243,3.385561
510.83,231.7,0.007504,3.285219
514.33,231.7,0.006925,3.186615
517.83,231.7,0.00641,3.087459
521.33,231.7,0.005933,2.976517
524.83,231.7,0.005357,2.827601
528.5,231.7,0.005045,2.611138
532.0,231.7,0.005649,2.291696
535.5,231.7,0.006031,1.913056
539.0,231.7,0.007353,1.609864
542.5,231.7,0.008675,1.411624
546.18,231.7,0.010107,1.299625
549.68,231.7,0.011805,1.243417
553.35,231.7,0.013071,1.208534
556.5,231.7,0.014688,1.184326
560.35,231.7,0.015822,1.157573
563.85,231.7,0.016715,1.128922
567.35,231.7,0.017378,1.097136
571.03,231.7,0.018222,1.05798
574.53,231.7,0.018225,1.008941
578.2,231.7,0.01824,0.951215
581.7,231.7,0.018299,0.894671
585.2,231.7,0.017578,0.839964
588.7,231.7,0.017079,0.801554
592.38,231.7,0.016361,0.785799
595.7,231.7,0.015806,0.792869
599.38,231.7,0.014848,0.814021
602.88,231.7,0.013554,0.831837
606.38,231.7,0.01263,0.844866
610.05,231.7,0.011724,0.876529
613.55,231.7,0.010554,0.927644
617.23,231.7,0.009685,0.993704
620.73,231.7,0.008687,1.055004
624.23,231.7,0.008058,1.097977
627.9,231.7,0.007587,1.111104
631.4,231.7,0.00706,1.093519
634.9,231.7,0.006777,1.060149
638.58,231.7,0.006875,1.02034
642.08,231.7,0.006746,0.995294
645.58,231.7,0.006487,0.97209
649.08,231.7,0.005973,0.915753
652.58,231.7,0.006111,0.832737
656.25,231.7,0.005646,0.733122
659.75,231.7,0.005662,0.628902
663.43,231.7,0.005609,0.546234
666.93,231.7,0.006056,0.516554
670.43,231.7,0.006296,0.546567
673.93,231.7,0.006638,0.625769
677.6,231.7,0.006678,0.703861
681.1,231.7,0.007162,0.761218
684.6,231.7,0.007981,0.808445
688.1,231.7,0.008357,0.842269
691.6,231.7,0.009097,0.872114
695.27,231.7,0.009451,0.884847
698.77,231.7,0.010206,0.872552
702.27,231.7,0.010523,0.812993
705.77,231.7,0.011352,0.712059
709.27,231.7,0.012492,0.612112
12.78,264.78,0.030905,0.26917
16.45,264.78,0.030243,0.223893
19.95,264.78,0.029531,0.168656
23.63,264.78,0.028499,0.111278
27.3,264.78,0.027476,0.041811
30.8,264.78,0.026265,-0.037487
34.48,264.78,0.024894,-0.133747
37.98,264.78,0.02369,-0.235164
41.48,264.78,0.022833,-0.317262
44.98,264.78,0.021968,-0.362754
48.48,264.78,0.021305,-0.368632
51.98,264.78,0.020249,-0.336131
55.65,264.78,0.019226,-0.27257
59.15,264.78,0.0182,-0.19878
62.83,264.78,0.017445,-0.114018
66.33,264.78,0.016148,-0.026495
69.83,264.78,0.015329,0.049004
73.5,264.78,0.014827,0.096589
77.0,264.78,0.014352,0.121857
80.68,264.78,0.014377,0.148594
84.18,264.78,0.014697,0.187245
87.68,264.78,0.014753,0.224472
91.35,264.78,0.015335,0.256006
95.03,264.78,0.015163,0.295778
98.53,264.78,0.015233,0.32315
102.2,264.78,0.015313,0.30072
105.7,264.78,0.015122,0.209334
109.2,264.78,0.015729,0.055865
112.7,264.78,0.016333,-0.093546
116.2,264.78,0.016943,-0.218799
119.88,264.78,0.017994,-0.321716
123.38,264.78,0.018499,-0.406263
127.05,264.78,0.019084,-0.471054
130.55,264.78,0.019799,-0.537486
134.05,264.78,0.020464,-0.603986
137.55,264.78,0.021592,-0.652301
141.23,264.78,0.022344,-0.675597
144.73,264.78,0.023154,-0.672923
148.23,264.78,0.024094,-0.658962
151.73,264.78,0.024975,-0.648435
155.4,264.78,0.02593,-0.637341
158.9,264.78,0.02694,-0.625804
162.23,264.78,0.028222,-0.614399
166.08,264.78,0.029725,-0.589239
169.58,264.78,0.031037,-0.538188
173.08,264.78,0.032143,-0.47346
176.58,264.78,0.032883,-0.415755
180.08,264.78,0.033853,-0.376984
183.58,264.78,0.034134,-0.371131
187.25,264.78,0.034571,-0.401349
190.75,264.78,0.035406,-0.451534
194.25,264.78,0.036253,-0.506734
197.75,264.78,0.036419,-0.567541
201.25,264.78,0.036543,-0.63918
204.93,264.78,0.03661,-0.72
208.43,264.78,0.036182,-0.801186
211.93,264.78,0.036321,-0.864131
215.43,264.78,0.036737,-0.890511
218.93,264.78,0.037267,-0.877723
222.43,264.78,0.038034,-0.846737
226.1,264.78,0.039174,-0.827692
229.6,264.78,0.039793,-0.841638
233.1,264.78,0.040615,-0.89942
236.78,264.78,0.041158,-1.003511
240.28,264.78,0.041527,-1.148681
243.78,264.78,0.041912,-1.327719
247.45,264.78,0.04263,-1.540273
250.95,264.78,0.043588,-1.782925
254.45,264.78,0.045175,-2.043688
257.95,264.78,0.047495,-2.300949
261.63,264.78,0.050603,-2.541288
265.13,264.78,0.054959,-2.753543
268.8,264.78,0.060991,-2.941743
272.3,264.78,0.068369,-3.092849
275.8,264.78,0.078031,-3.216521
279.48,264.78,0.089891,-3.309836
283.15,264.78,0.105899,-3.38108
286.65,264.78,0.124719,-3.430412
290.33,264.78,0.146965,-3.459882
293.83,264.78,0.172719,-3.471243
297.5,264.78,0.203751,-3.464949
301.0,264.78,0.238588,-3.439691
304.5,264.78,0.276425,-3.403218
308.18,264.78,0.318415,-3.36502
311.68,264.78,0.359758,-3.334589
315.18,264.78,0.399731,-3.308871
318.85,264.78,0.435941,-3.285464
322.35,264.78,0.462919,-3.266003
325.85,264.78,0.479136,-3.251268
329.53,264.78,0.481659,-3.240671
333.03,264.78,0.468307,-3.231961
336.7,264.78,0.436998,-3.221616
340.2,264.78,0.387904,-3.207011
343.7,264.78,0.32206,-3.182587
347.38,264.78,0.240529,-3.140394
350.88,264.78,0.148912,-3.04264
354.38,264.78,0.050923,-2.537616
357.88,264.78,0.049318,5.902147
361.55,264.78,0.145113,6.424371
365.05,264.78,0.233308,6.520104
368.73,264.78,0.310325,6.554845
372.23,264.78,0.370883,6.566758
375.73,264.78,0.416573,6.567408
379.4,264.78,0.445427,6.5608
382.9,264.78,0.45835,6.549829
386.4,264.78,0.457938,6.53543
389.9,264.78,0.446333,6.517728
393.4,264.78,0.425125,6.495627
396.9,264.78,0.396786,6.467189
400.4,264.78,0.364173,6.4321
404.08,264.78,0.329561,6.390193
407.58,264.78,0.293939,6.337156
411.08,264.78,0.259407,6.272387
414.4,264.78,0.226872,6.196145
418.25,264.78,0.19511,6.104165
421.75,264.78,0.168782,6.000604
425.25,264.78,0.14475,5.885388
428.93,264.78,0.124405,5.759002
431.9,264.78,0.106293,5.629692
435.93,264.78,0.090939,5.500093
439.43,264.78,0.078308,5.370044
442.93,264.78,0.067205,5.231239
446.6,264.78,0.057676,5.070368
450.28,264.78,0.049756,4.891597
453.78,264.78,0.043973,4.691514
457.45,264.78,0.038807,4.483388
460.95,264.78,0.034968,4.292972
464.45,264.78,0.031851,4.128733
467.95,264.78,0.02897,3.996497
471.63,264.78,0.026056,3.904778
475.13,264.78,0.02336,3.840687
478.63,264.78,0.020853,3.775185
482.13,264.78,0.01852,3.705348
485.8,264.78,0.017113,3.643623
489.3,264.78,0.015492,3.580703
492.8,264.78,0.014503,3.521981
496.3,264.78,0.013647,3.482336
499.98,264.78,0.012578,3.451756
503.48,264.78,0.01182,3.413352
507.15,264.78,0.01088,3.320355
510.65,264.78,0.010625,3.170096
514.15,264.78,0.010095,2.984628
517.83,264.78,0.010058,2.801036
521.33,264.78,0.010052,2.647583
525.0,264.78,0.010477,2.503193
528.5,264.78,0.010732,2.32482
532.0,264.78,0.011487,2.086949
535.68,264.78,0.012504,1.808795
539.18,264.78,0.014312,1.535444
542.68,264.78,0.016573,1.27671
546.18,264.78,0.018856,1.046362
549.68,264.78,0.021931,0.873926
553.18,264.78,0.024854,0.783701
556.68,264.78,0.027371,0.76262
560.18,264.78,0.029469,0.776252
563.68,264.78,0.031345,0.79802
567.18,264.78,0.032562,0.813023
570.85,264.78,0.033262,0.819878
574.35,264.78,0.033758,0.814992
577.85,264.78,0.033172,0.795491
581.53,264.78,0.032744,0.769832
585.03,264.78,0.031761,0.754191
588.53,264.78,0.030791,0.751723
592.03,264.78,0.029377,0.753843
595.53,264.78,0.027821,0.768199
599.03,264.78,0.026321,0.791335
602.53,264.78,0.024482,0.812007
606.2,264.78,0.022877,0.819166
609.7,264.78,0.021087,0.81554
613.03,264.78,0.019155,0.819816
616.88,264.78,0.017673,0.83591
620.38,264.78,0.015856,0.867253
623.88,264.78,0.013983,0.910278
627.38,264.78,0.012633,0.974104
631.05,264.78,0.011321,1.043078
634.55,264.78,0.010132,1.085491
638.05,264.78,0.009392,1.122354
641.55,264.78,0.008721,1.160494
645.23,264.78,0.008237,1.177789
648.73,264.78,0.007418,1.135783
652.58,264.78,0.007122,1.034705
655.9,264.78,0.006632,0.898596
659.58,264.78,0.006346,0.730309
663.08,264.78,0.006164,0.556372
666.58,264.78,0.005859,0.386776
670.25,264.78,0.005535,0.242534
673.75,264.78,0.005637,0.159971
677.25,264.78,0.005911,0.17832
680.93,264.78,0.006358,0.299974
684.43,264.78,0.007134,0.434878
688.1,264.78,0.008015,0.557324
691.6,264.78,0.00909,0.653991
695.1,264.78,0.009904,0.724662
698.78,264.78,0.0106,0.765007
702.45,264.78,0.011302,0.756234
706.13,264.78,0.01194,0.700337
709.63,264.78,0.012938,0.589847
12.25,297.85,0.024531,-0.437261
15.75,297.85,0.023678,-0.450145
19.43,297.85,0.022424,-0.445431
23.1,297.85,0.021228,-0.436396
26.6,297.85,0.020012,-0.430934
30.1,297.85,0.01881,-0.427403
33.78,297.85,0.0182,-0.422261
37.28,297.85,0.017211,-0.400536
40.78,297.85,0.016349,-0.353121
44.28,297.85,0.015566,-0.286769
47.78,297.85,0.014925,-0.201784
51.45,297.85,0.014134,-0.093568
54.95,297.85,0.013638,0.027371
58.45,297.85,0.013671,0.133862
61.95,297.85,0.013308,0.201931
65.63,297.85,0.013249,0.22531
68.95,297.85,0.013354,0.20738
72.45,297.85,0.012975,0.173329
76.13,297.85,0.012606,0.145363
79.63,297.85,0.012411,0.143819
83.48,297.85,0.01182,0.160692
87.33,297.85,0.011216,0.137448
90.83,297.85,0.010773,0.039343
94.5,297.85,0.010369,-0.114557
98.0,297.85,0.00995,-0.274766
101.5,297.85,0.009325,-0.396691
105.0,297.85,0.009075,-0.464606
108.68,297.85,0.008816,-0.485813
112.35,297.85,0.009106,-0.500903
115.85,297.85,0.009244,-0.529778
119.35,297.85,0.009663,-0.587588
122.85,297.85,0.010021,-0.685533
126.53,297.85,0.01064,-0.825976
130.03,297.85,0.011537,-0.978838
133.53,297.85,0.012495,-1.092368
137.03,297.85,0.014124,-1.163412
140.53,297.85,0.015415,-1.226764
144.55,297.85,0.016891,-1.292134
148.05,297.85,0.017981,-1.318819
151.73,297.85,0.018465,-1.301114
155.05,297.85,0.019201,-1.224571
158.55,297.85,0.019466,-1.128283
162.4,297.85,0.020144,-1.052073
165.9,297.85,0.02093,-1.007812
169.58,297.85,0.021543,-0.994232
172.9,297.85,0.022433,-1.001977
176.58,297.85,0.023397,-1.027131
180.25,297.85,0.023924,-1.071527
183.75,297.85,0.024386,-1.115212
187.25,297.85,0.024423,-1.14499
190.93,297.85,0.024762,-1.17401
194.43,297.85,0.024808,-1.212956
197.93,297.85,0.025064,-1.26742
201.6,297.85,0.025877,-1.317337
205.1,297.85,0.026503,-1.363027
208.6,297.85,0.027057,-1.40214
212.28,297.85,0.027371,-1.43771
215.78,297.85,0.027923,-1.464777
219.45,297.85,0.028671,-1.473292
222.95,297.85,0.029682,-1.451228
226.63,297.85,0.03137,-1.393409
230.13,297.85,0.033453,-1.322149
233.63,297.85,0.035276,-1.262784
237.3,297.85,0.037612,-1.230267
240.8,297.85,0.040002,-1.233896
244.3,297.85,0.041496,-1.28645
247.63,297.85,0.042898,-1.3958
251.48,297.85,0.04352,-1.542075
255.15,297.85,0.044528,-1.726474
258.65,297.85,0.045652,-1.929209
262.33,297.85,0.047821,-2.161301
266.0,297.85,0.050326,-2.397055
269.5,297.85,0.054454,-2.638158
273.0,297.85,0.060199,-2.857061
276.5,297.85,0.067507,-3.047972
280.18,297.85,0.077935,-3.207957
283.68,297.85,0.09129,-3.329919
287.18,297.85,0.108758,-3.415409
290.68,297.85,0.130686,-3.465455
294.35,297.85,0.157245,-3.489161
297.85,297.85,0.188779,-3.490051
301.35,297.85,0.226872,-3.466477
304.85,297.85,0.269759,-3.426955
308.35,297.85,0.319244,-3.385649
312.03,297.85,0.369343,-3.352229
315.53,297.85,0.420926,-3.324343
319.03,297.85,0.469456,-3.299032
322.7,297.85,0.512824,-3.276894
326.2,297.85,0.544983,-3.261407
329.7,297.85,0.563107,-3.252002
333.2,297.85,0.563526,-3.246647
336.88,297.85,0.542984,-3.243631
340.38,297.85,0.499487,-3.241496
343.88,297.85,0.432904,-3.23852
347.38,297.85,0.347839,-3.232094
351.05,297.85,0.242205,-3.214873
354.38,297.85,0.123326,-3.147627
358.23,297.85,0.008989,1.163368
361.9,297.85,0.118508,6.528696
365.4,297.85,0.231752,6.597812
368.9,297.85,0.334235,6.614811
372.58,297.85,0.417057,6.618274
376.08,297.85,0.480473,6.61506
379.58,297.85,0.523806,6.608822
383.08,297.85,0.546308,6.600772
386.58,297.85,0.550858,6.591046
390.08,297.85,0.54014,6.579549
393.75,297.85,0.515957,6.565307
397.25,297.85,0.481148,6.547328
400.93,297.85,0.441037,6.525461
404.43,297.85,0.398193,6.499318
407.93,297.85,0.354081,6.465224
411.43,297.85,0.310455,6.422984
415.1,297.85,0.267919,6.372513
418.6,297.85,0.230353,6.313311
422.1,297.85,0.19576,6.240477
425.6,297.85,0.166003,6.148841
429.28,297.85,0.139466,6.028025
432.95,297.85,0.117051,5.878721
436.45,297.85,0.098037,5.691211
439.95,297.85,0.083074,5.473423
443.63,297.85,0.071515,5.226541
447.13,297.85,0.062455,4.962728
450.63,297.85,0.054747,4.691468
454.3,297.85,0.048819,4.408326
457.8,297.85,0.043967,4.129214
461.3,297.85,0.040042,3.862883
464.8,297.85,0.036989,3.614781
468.3,297.85,0.034211,3.389982
471.8,297.85,0.032301,3.200204
474.95,297.85,0.029876,3.048402
478.98,297.85,0.027655,2.925349
482.48,297.85,0.025008,2.81831
485.8,297.85,0.022843,2.723119
489.3,297.85,0.020825,2.641668
492.98,297.85,0.019321,2.555288
496.48,297.85,0.01824,2.466847
499.98,297.85,0.017581,2.374571
503.65,297.85,0.016854,2.253714
507.15,297.85,0.01666,2.106829
510.65,297.85,0.016287,1.961139
514.33,297.85,0.016355,1.830665
517.83,297.85,0.016429,1.716442
521.33,297.85,0.016444,1.619051
524.83,297.85,0.016848,1.534587
528.33,297.85,0.017562,1.444914
532.0,297.85,0.018231,1.332055
535.5,297.85,0.0197,1.20879
539.0,297.85,0.022113,1.100472
542.68,297.85,0.02495,1.008263
546.18,297.85,0.027763,0.936107
549.68,297.85,0.030545,0.883683
553.18,297.85,0.032914,0.846218
556.68,297.85,0.034553,0.818544
560.35,297.85,0.036241,0.788621
563.68,297.85,0.037618,0.748911
567.35,297.85,0.038912,0.710075
570.85,297.85,0.039744,0.676754
574.35,297.85,0.040427,0.654022
577.85,297.85,0.040757,0.64266
581.35,297.85,0.040662,0.636409
584.85,297.85,0.040369,0.636403
588.53,297.85,0.039793,0.646576
592.03,297.85,0.039174,0.66428
596.23,297.85,0.038074,0.690694
599.73,297.85,0.036666,0.71876
603.4,297.85,0.034771,0.754496
606.9,297.85,0.033416,0.798251
610.23,297.85,0.03129,0.845288
614.08,297.85,0.029439,0.883904
617.58,297.85,0.027516,0.91013
621.08,297.85,0.025603,0.92944
624.75,297.85,0.023591,0.949656
628.25,297.85,0.021801,0.97586
631.93,297.85,0.019898,1.005398
635.43,297.85,0.018086,1.025558
638.93,297.85,0.017267,1.042964
642.43,297.85,0.015859,1.073331
645.93,297.85,0.014574,1.136572
649.6,297.85,0.013317,1.212034
653.1,297.85,0.012405,1.249492
656.6,297.85,0.011724,1.25302
660.1,297.85,0.011118,1.242142
663.78,297.85,0.010504,1.219686
667.28,297.85,0.01019,1.174902
670.78,297.85,0.009925,1.072678
674.28,297.85,0.009965,0.87396
677.78,297.85,0.009793,0.538199
681.28,297.85,0.009525,0.008887
684.78,297.85,0.009417,-0.7354
688.45,297.85,0.010434,-1.580719
691.95,297.85,0.012264,-2.287477
695.45,297.85,0.01405,-2.791291
698.95,297.85,0.015846,-3.175652
702.62,297.85,0.017384,-3.473175
706.3,297.85,0.01848,-3.649219
709.8,297.85,0.018844,-3.752223
12.6,330.93,0.019469,0.068265
16.1,330.93,0.018745,0.159389
19.78,330.93,0.018256,0.275917
23.45,330.93,0.01726,0.386958
26.95,330.93,0.016466,0.486702
30.45,330.93,0.016259,0.55758
33.95,330.93,0.015939,0.6023
37.63,330.93,0.016081,0.601687
40.95,330.93,0.016,0.555072
44.8,330.93,0.016472,0.486021
48.3,330.93,0.016629,0.42128
51.63,330.93,0.017128,0.366139
55.3,330.93,0.017704,0.321142
58.98,330.93,0.017935,0.258255
62.48,330.93,0.018428,0.167966
65.98,330.93,0.01869,0.090541
69.65,330.93,0.019229,0.052914
73.15,330.93,0.019713,0.04145
76.65,330.93,0.019771,0.045957
80.15,330.93,0.019891,0.074192
83.65,330.93,0.019759,0.117048
87.15,330.93,0.019716,0.158354
90.83,330.93,0.018986,0.187112
94.33,330.93,0.018487,0.211142
97.83,330.93,0.018163,0.23186
101.5,330.93,0.018434,0.244087
105.0,330.93,0.01792,0.233942
108.68,330.93,0.017522,0.195689
112.18,330.93,0.017325,0.145279
115.85,330.93,0.016768,0.093622
119.35,330.93,0.016928,0.056108
122.85,330.93,0.016764,0.042445
126.35,330.93,0.016885,0.021549
130.03,330.93,0.017535,-0.033577
133.53,330.93,0.017858,-0.117487
137.03,330.93,0.018182,-0.219578
140.53,330.93,0.018484,-0.328266
144.2,330.93,0.01905,-0.433829
147.7,330.93,0.019913,-0.52797
151.2,330.93,0.020717,-0.6085
154.35,330.93,0.021395,-0.673592
158.38,330.93,0.021962,-0.740899
161.7,330.93,0.022593,-0.802529
165.38,330.93,0.023351,-0.854845
168.88,330.93,0.023681,-0.903527
172.38,330.93,0.02434,-0.953197
176.05,330.93,0.024728,-1.013228
179.55,330.93,0.025378,-1.067987
183.05,330.93,0.025988,-1.117926
186.38,330.93,0.025859,-1.163286
190.23,330.93,0.026284,-1.196937
193.73,330.93,0.02584,-1.212987
197.23,330.93,0.025979,-1.221687
201.08,330.93,0.025994,-1.238268
204.75,330.93,0.025612,-1.272824
208.08,330.93,0.025588,-1.319999
211.75,330.93,0.025615,-1.378683
215.6,330.93,0.025474,-1.433156
219.1,330.93,0.025862,-1.463261
222.6,330.93,0.026296,-1.476228
226.1,330.93,0.027294,-1.486015
229.95,330.93,0.028998,-1.506431
233.8,330.93,0.030474,-1.516832
237.3,330.93,0.032088,-1.506822
240.8,330.93,0.03398,-1.47945
244.48,330.93,0.035625,-1.442774
247.98,330.93,0.037966,-1.424512
251.48,330.93,0.039956,-1.438012
255.15,330.93,0.041857,-1.490057
258.65,330.93,0.04365,-1.582522
262.15,330.93,0.045412,-1.707598
265.65,330.93,0.047005,-1.864129
269.33,330.93,0.048859,-2.045885
272.83,330.93,0.05137,-2.257496
276.5,330.93,0.055409,-2.462677
280.18,330.93,0.061158,-2.658937
283.68,330.93,0.068443,-2.828755
287.18,330.93,0.078055,-2.975366
290.68,330.93,0.09088,-3.107935
294.35,330.93,0.107849,-3.217245
297.85,330.93,0.12836,-3.300572
301.53,330.93,0.152867,-3.350057
304.68,330.93,0.181459,-3.362836
308.53,330.93,0.216927,-3.344623
312.03,330.93,0.255698,-3.316644
315.7,330.93,0.29673,-3.29129
319.2,330.93,0.340436,-3.269454
322.7,330.93,0.378745,-3.25043
326.38,330.93,0.41324,-3.233668
329.88,330.93,0.438797,-3.220711
333.55,330.93,0.451881,-3.211003
337.23,330.93,0.44966,-3.203314
340.55,330.93,0.430911,-3.195532
344.23,330.93,0.392491,-3.184368
347.73,330.93,0.337543,-3.165692
351.23,330.93,0.26466,-3.129663
354.9,330.93,0.179081,-3.043952
358.4,330.93,0.085544,-2.736577
362.08,330.93,0.021299,3.803959
365.58,330.93,0.1095,6.174784
369.08,330.93,0.195107,6.375532
372.58,330.93,0.270908,6.442531
376.08,330.93,0.333073,6.470905
379.75,330.93,0.379564,6.480969
383.25,330.93,0.410002,6.480449
386.93,330.93,0.424755,6.474149
390.43,330.93,0.425187,6.464053
393.93,330.93,0.412029,6.448573
397.6,330.93,0.391413,6.431897
401.1,330.93,0.363696,6.412294
404.95,330.93,0.330612,6.388117
408.45,330.93,0.296247,6.360523
412.13,330.93,0.262855,6.327824
415.63,330.93,0.230815,6.287787
419.13,330.93,0.199303,6.236426
422.8,330.93,0.17104,6.173579
426.3,330.93,0.146114,6.09593
429.8,330.93,0.123915,5.997412
433.48,330.93,0.104512,5.875077
436.98,330.93,0.08852,5.725268
440.48,330.93,0.075464,5.536772
443.98,330.93,0.064281,5.293353
447.65,330.93,0.055344,4.989684
451.15,330.93,0.048835,4.63323
454.65,330.93,0.043758,4.233767
458.15,330.93,0.04068,3.824011
461.83,330.93,0.039223,3.426384
465.33,330.93,0.038388,3.080368
468.83,330.93,0.038071,2.778732
472.5,330.93,0.037676,2.522503
476.0,330.93,0.037334,2.301136
479.5,330.93,0.036872,2.106031
483.18,330.93,0.036715,1.928465
486.68,330.93,0.035615,1.774707
490.18,330.93,0.034759,1.653694
493.85,330.93,0.033779,1.555857
497.53,330.93,0.032686,1.465302
501.03,330.93,0.031373,1.377724
504.7,330.93,0.030588,1.285657
508.2,330.93,0.029762,1.196575
511.7,330.93,0.029291,1.115509
515.2,330.93,0.029248,1.047894
518.7,330.93,0.029848,0.997663
522.38,330.93,0.030113,0.960519
525.88,330.93,0.030431,0.925941
529.38,330.93,0.031222,0.90201
532.88,330.93,0.032396,0.895198
536.55,330.93,0.033502,0.90668
540.05,330.93,0.034402,0.92111
543.73,330.93,0.035951,0.926107
547.23,330.93,0.037036,0.91319
550.73,330.93,0.038098,0.884915
554.23,330.93,0.038964,0.843667
557.9,330.93,0.039688,0.790959
561.4,330.93,0.039925,0.73128
564.9,330.93,0.039623,0.670966
568.58,330.93,0.039503,0.616462
572.08,330.93,0.038979,0.574906
575.58,330.93,0.038838,0.554173
579.08,330.93,0.038724,0.561342
582.58,330.93,0.038859,0.592364
586.08,330.93,0.038779,0.625294
589.75,330.93,0.039238,0.65047
593.43,330.93,0.040141,0.6673
596.93,330.93,0.041007,0.676455
600.6,330.93,0.041798,0.678196
604.28,330.93,0.042276,0.677284
607.78,330.93,0.042254,0.684314
611.45,330.93,0.042011,0.699271
614.95,330.93,0.041096,0.707093
618.63,330.93,0.039861,0.703279
622.3,330.93,0.038132,0.696246
625.8,330.93,0.036305,0.691606
629.48,330.93,0.034516,0.687805
632.98,330.93,0.032951,0.684382
636.65,330.93,0.031213,0.672512
640.15,330.93,0.029312,0.642814
643.65,330.93,0.027279,0.563011
647.33,330.93,0.024898,0.401305
650.83,330.93,0.022341,0.107698
654.33,330.93,0.019965,-0.334914
657.83,330.93,0.01849,-0.911484
661.33,330.93,0.017461,-1.563298
664.83,330.93,0.017427,-2.206784
668.5,330.93,0.017713,-2.74813
672.0,330.93,0.018262,-3.167063
675.5,330.93,0.019303,-3.463338
679.18,330.93,0.020535,-3.66799
682.85,330.93,0.021423,-3.781357
686.35,330.93,0.021999,-3.826702
689.85,330.93,0.022433,-3.835605
693.53,330.93,0.02251,-3.839274
697.03,330.93,0.022476,-3.847648
700.53,330.93,0.022421,-3.844364
704.2,330.93,0.022683,-3.819619
707.7,330.93,0.022572,-3.779746
711.2,330.93,0.022988,-3.72437
12.43,364.0,0.026919,0.91497
15.93,364.0,0.027202,0.937484
19.25,364.0,0.027464,0.961905
23.1,364.0,0.027344,0.988026
26.6,364.0,0.027501,1.020669
29.93,364.0,0.027461,1.06411
33.78,364.0,0.027026,1.109683
37.45,364.0,0.026768,1.139465
41.48,364.0,0.026537,1.134606
44.98,364.0,0.026737,1.107619
48.48,364.0,0.026706,1.078929
51.98,364.0,0.026968,1.054006
55.83,364.0,0.02739,1.036809
59.33,364.0,0.027381,1.024277
62.83,364.0,0.027689,1.017903
66.33,364.0,0.028296,1.011014
70.18,364.0,0.029226,0.986822
73.85,364.0,0.030375,0.957549
77.18,364.0,0.031241,0.934351
80.85,364.0,0.032146,0.914832
84.35,364.0,0.032633,0.902808
88.03,364.0,0.032698,0.901212
91.53,364.0,0.033234,0.910531
95.03,364.0,0.032793,0.924869
98.53,364.0,0.032593,0.931181
102.03,364.0,0.031946,0.930605
105.7,364.0,0.031764,0.926249
109.2,364.0,0.031047,0.909114
112.7,364.0,0.03044,0.867691
116.73,364.0,0.030012,0.803559
120.23,364.0,0.029389,0.745368
123.73,364.0,0.029066,0.69615
127.58,364.0,0.028215,0.650636
131.08,364.0,0.028246,0.617253
134.58,364.0,0.028252,0.592146
138.25,364.0,0.028142,0.574786
141.75,364.0,0.027766,0.562817
145.25,364.0,0.027538,0.548199
148.93,364.0,0.027042,0.532799
152.43,364.0,0.026607,0.515008
155.93,364.0,0.026268,0.49148
159.43,364.0,0.02593,0.458551
162.93,364.0,0.026339,0.419349
166.6,364.0,0.026382,0.375208
170.1,364.0,0.026567,0.335171
173.6,364.0,0.02706,0.296434
177.1,364.0,0.027661,0.250828
180.6,364.0,0.028151,0.193939
184.28,364.0,0.028816,0.132208
187.78,364.0,0.029472,0.073483
191.45,364.0,0.029516,0.029491
194.95,364.0,0.029667,0.002205
198.45,364.0,0.029805,-0.011218
202.13,364.0,0.029608,-0.010755
205.63,364.0,0.029901,0.000551
209.13,364.0,0.029793,0.012775
212.8,364.0,0.029734,0.010126
216.3,364.0,0.029787,-0.020956
219.8,364.0,0.029839,-0.078146
223.48,364.0,0.03028,-0.144754
226.98,364.0,0.030936,-0.198284
230.48,364.0,0.031093,-0.251901
234.15,364.0,0.032171,-0.317342
237.65,364.0,0.032824,-0.385968
241.33,364.0,0.033909,-0.456349
244.83,364.0,0.035347,-0.507668
248.5,364.0,0.03726,-0.531168
252.0,364.0,0.038992,-0.533993
255.5,364.0,0.040985,-0.526457
259.18,364.0,0.042285,-0.530286
262.5,364.0,0.043123,-0.562924
266.18,364.0,0.043259,-0.628262
269.68,364.0,0.043058,-0.733586
273.35,364.0,0.042322,-0.880816
276.85,364.0,0.041869,-1.058597
280.35,364.0,0.041663,-1.277149
283.85,364.0,0.042307,-1.530214
287.53,364.0,0.043527,-1.81091
291.03,364.0,0.04568,-2.080531
294.53,364.0,0.048785,-2.327117
298.03,364.0,0.052519,-2.533682
301.53,364.0,0.057615,-2.685909
305.03,364.0,0.063502,-2.775145
308.7,364.0,0.070159,-2.80512
312.38,364.0,0.078175,-2.794824
315.88,364.0,0.085772,-2.771284
319.38,364.0,0.09336,-2.74858
322.7,364.0,0.099358,-2.728419
326.38,364.0,0.104565,-2.705191
329.88,364.0,0.108037,-2.673481
333.55,364.0,0.1093,-2.632951
337.05,364.0,0.107796,-2.580484
340.55,364.0,0.103049,-2.516895
344.23,364.0,0.094996,-2.431325
347.73,364.0,0.084386,-2.313805
351.23,364.0,0.07121,-2.133285
354.9,364.0,0.056355,-1.82555
358.4,364.0,0.041096,-1.247827
361.9,364.0,0.028132,0.017051
365.4,364.0,0.024531,2.215828
369.08,364.0,0.033379,3.951069
372.58,364.0,0.046774,4.739493
376.08,364.0,0.059768,5.112968
379.58,364.0,0.071007,5.309052
383.25,364.0,0.080486,5.423072
386.75,364.0,0.086684,5.477665
390.25,364.0,0.090849,5.511615
393.75,364.0,0.092809,5.528747
397.43,364.0,0.092547,5.53696
400.93,364.0,0.090643,5.538722
404.43,364.0,0.08751,5.531211
408.1,364.0,0.083406,5.508291
411.43,364.0,0.078884,5.464545
415.1,364.0,0.073219,5.398984
418.6,364.0,0.067396,5.311436
422.28,364.0,0.061977,5.200534
425.78,364.0,0.056265,5.065442
429.28,364.0,0.050665,4.901107
432.95,364.0,0.046238,4.703461
436.45,364.0,0.041977,4.474937
439.95,364.0,0.038376,4.220554
443.63,364.0,0.035347,3.924454
447.13,364.0,0.033348,3.62435
450.63,364.0,0.03161,3.304046
454.13,364.0,0.03052,2.990103
457.8,364.0,0.029691,2.68864
461.3,364.0,0.030002,2.403163
464.8,364.0,0.030877,2.153268
468.3,364.0,0.032214,1.949731
471.98,364.0,0.033921,1.790336
475.48,364.0,0.035683,1.662939
479.15,364.0,0.03727,1.557625
482.65,364.0,0.038807,1.464557
486.33,364.0,0.039885,1.382976
489.83,364.0,0.040683,1.313445
493.33,364.0,0.041438,1.251051
496.83,364.0,0.04218,1.196559
500.33,364.0,0.042806,1.154332
504.18,364.0,0.042837,1.118565
507.85,364.0,0.043012,1.092626
511.35,364.0,0.043317,1.069406
514.85,364.0,0.043634,1.048969
518.35,364.0,0.044038,1.027194
521.85,364.0,0.044673,0.998374
525.53,364.0,0.044928,0.966649
529.03,364.0,0.045686,0.933655
532.53,364.0,0.045945,0.898304
536.2,364.0,0.046413,0.856317
539.7,364.0,0.046198,0.809906
543.2,364.0,0.045911,0.758162
546.88,364.0,0.045092,0.706434
550.38,364.0,0.044214,0.653781
553.88,364.0,0.042421,0.592808
557.38,364.0,0.041185,0.525384
560.88,364.0,0.039525,0.468526
564.55,364.0,0.038348,0.43213
568.05,364.0,0.037371,0.409614
571.55,364.0,0.036247,0.393267
575.05,364.0,0.035369,0.382651
578.73,364.0,0.034534,0.377257
582.23,364.0,0.033872,0.378412
585.73,364.0,0.033832,0.381647
589.23,364.0,0.033739,0.382405
592.9,364.0,0.033918,0.391416
596.4,364.0,0.034784,0.409312
599.9,364.0,0.03589,0.435516
603.4,364.0,0.036897,0.474216
607.08,364.0,0.038431,0.518547
610.58,364.0,0.039959,0.557854
614.25,364.0,0.041373,0.587753
617.75,364.0,0.043154,0.611416
621.25,364.0,0.044241,0.632565
624.75,364.0,0.044817,0.651443
628.25,364.0,0.04438,0.668267
631.75,364.0,0.043588,0.686009
635.43,364.0,0.042424,0.709829
639.1,364.0,0.04092,0.741831
642.78,364.0,0.039035,0.774715
646.28,364.0,0.036943,0.803547
649.95,364.0,0.034814,0.824986
653.45,364.0,0.033043,0.811887
656.95,364.0,0.030492,0.722869
660.63,364.0,0.028003,0.518483
664.13,364.0,0.025341,0.182029
667.63,364.0,0.023206,-0.273589
671.3,364.0,0.02206,-0.757403
674.8,364.0,0.021684,-1.188502
678.3,364.0,0.022217,-1.534783
681.8,364.0,0.023015,-1.793248
685.3,364.0,0.023924,-1.972749
688.98,364.0,0.024839,-2.08965
692.48,364.0,0.025908,-2.168128
695.98,364.0,0.026743,-2.22179
699.65,364.0,0.027618,-2.266861
703.15,364.0,0.028049,-2.299042
706.65,364.0,0.028764,-2.316867
710.15,364.0,0.029328,-2.326371
11.9,397.08,0.027849,1.389757
15.4,397.08,0.027892,1.41118
19.08,397.08,0.027716,1.42838
22.75,397.08,0.027803,1.44025
26.25,397.08,0.027806,1.438441
29.75,397.08,0.02808,1.420598
33.43,397.08,0.028419,1.398183
36.93,397.08,0.02869,1.370795
40.43,397.08,0.028946,1.339905
43.75,397.08,0.029312,1.315925
47.43,397.08,0.029362,1.290466
51.1,397.08,0.029645,1.249042
54.6,397.08,0.03031,1.211384
58.1,397.08,0.031256,1.186214
61.78,397.08,0.032356,1.160389
65.28,397.08,0.03316,1.13546
68.78,397.08,0.034078,1.113682
72.45,397.08,0.034799,1.098839
75.95,397.08,0.035843,1.091178
79.45,397.08,0.036888,1.08278
82.95,397.08,0.038086,1.071886
86.45,397.08,0.038856,1.063531
89.95,397.08,0.03983,1.061615
93.63,397.08,0.040769,1.066994
97.3,397.08,0.041037,1.068916
100.8,397.08,0.041484,1.062167
104.13,397.08,0.041302,1.05278
107.98,397.08,0.041065,1.043993
111.48,397.08,0.040427,1.02782
114.98,397.08,0.039263,0.996107
118.48,397.08,0.037994,0.950555
122.15,397.08,0.036955,0.902906
125.65,397.08,0.035853,0.867247
129.15,397.08,0.034713,0.846578
132.65,397.08,0.033807,0.830399
136.15,397.08,0.033487,0.812401
139.83,397.08,0.032667,0.793458
143.33,397.08,0.031731,0.769052
146.83,397.08,0.03085,0.748704
150.33,397.08,0.030529,0.748273
154.0,397.08,0.029984,0.762386
157.5,397.08,0.02971,0.786665
161.0,397.08,0.029737,0.813988
164.68,397.08,0.029667,0.828458
168.35,397.08,0.029722,0.818735
171.85,397.08,0.030138,0.7849
175.35,397.08,0.030347,0.73664
178.85,397.08,0.030535,0.684099
182.35,397.08,0.030831,0.631107
185.85,397.08,0.031376,0.581828
189.53,397.08,0.031558,0.538015
193.03,397.08,0.031771,0.508427
196.53,397.08,0.0321,0.499771
200.2,397.08,0.032026,0.510057
203.7,397.08,0.032113,0.532765
207.2,397.08,0.031755,0.560072
210.7,397.08,0.031647,0.580652
214.2,397.08,0.031404,0.602007
217.7,397.08,0.031025,0.620026
221.38,397.08,0.030526,0.626212
224.88,397.08,0.030255,0.62185
228.38,397.08,0.030135,0.611043
231.88,397.08,0.030079,0.580575
235.38,397.08,0.030193,0.520424
239.05,397.08,0.030418,0.432429
242.55,397.08,0.03085,0.326893
246.23,397.08,0.031188,0.215843
249.73,397.08,0.032301,0.124392
253.23,397.08,0.033665,0.057359
256.9,397.08,0.035273,0.017649
260.4,397.08,0.037128,0.003927
263.9,397.08,0.038829,-0.003658
267.4,397.08,0.040283,-0.017767
270.9,397.08,0.040665,-0.037216
274.58,397.08,0.040689,-0.053993
278.08,397.08,0.039568,-0.070755
281.75,397.08,0.037673,-0.102459
285.43,397.08,0.03539,-0.164073
288.93,397.08,0.03328,-0.259504
292.6,397.08,0.031077,-0.377385
296.45,397.08,0.029254,-0.511818
299.95,397.08,0.028447,-0.627184
303.45,397.08,0.028037,-0.712791
307.13,397.08,0.029075,-0.756358
310.63,397.08,0.030957,-0.769408
314.13,397.08,0.033086,-0.76304
317.8,397.08,0.034864,-0.748555
321.3,397.08,0.036173,-0.720955
324.8,397.08,0.037516,-0.673244
329.0,397.08,0.038607,-0.588777
332.68,397.08,0.03942,-0.497822
336.18,397.08,0.039611,-0.387406
339.68,397.08,0.039349,-0.257326
343.18,397.08,0.038844,-0.105339
346.68,397.08,0.037904,0.066595
350.18,397.08,0.036709,0.253859
353.85,397.08,0.035209,0.46112
357.35,397.08,0.033847,0.680845
360.15,397.08,0.032701,0.930688
364.7,397.08,0.031586,1.159893
368.2,397.08,0.030489,1.378867
371.7,397.08,0.030002,1.596879
375.2,397.08,0.029691,1.799938
378.88,397.08,0.030206,1.971897
382.38,397.08,0.030893,2.105424
386.05,397.08,0.032301,2.210119
389.38,397.08,0.033487,2.288348
393.05,397.08,0.03426,2.345156
396.55,397.08,0.035082,2.389645
400.05,397.08,0.03552,2.437728
403.9,397.08,0.035856,2.496721
407.4,397.08,0.035714,2.561739
410.9,397.08,0.035008,2.631924
414.58,397.08,0.034392,2.707805
418.08,397.08,0.03389,2.774336
421.75,397.08,0.033354,2.818187
425.08,397.08,0.032837,2.827269
428.75,397.08,0.032146,2.810913
432.43,397.08,0.031305,2.784542
435.05,397.08,0.030495,2.752537
439.43,397.08,0.029996,2.700929
442.93,397.08,0.02934,2.617124
446.6,397.08,0.028939,2.496773
450.28,397.08,0.028585,2.342818
453.78,397.08,0.028554,2.164593
457.28,397.08,0.028185,1.984605
460.95,397.08,0.027692,1.821873
464.45,397.08,0.027448,1.692206
467.95,397.08,0.027513,1.571617
471.63,397.08,0.028046,1.442231
475.13,397.08,0.028816,1.311917
478.63,397.08,0.029537,1.19204
482.3,397.08,0.030474,1.101221
485.98,397.08,0.031617,1.04363
489.3,397.08,0.032683,1.009443
492.98,397.08,0.033804,0.988248
496.48,397.08,0.034645,0.980395
499.98,397.08,0.035757,0.981051
503.65,397.08,0.037347,0.979616
507.15,397.08,0.038659,0.974277
510.65,397.08,0.040304,0.967737
514.33,397.08,0.041515,0.956498
517.83,397.08,0.042547,0.938599
521.5,397.08,0.043459,0.923174
525.0,397.08,0.043853,0.904037
528.68,397.08,0.043289,0.871862
532.18,397.08,0.042442,0.831314
535.68,397.08,0.041515,0.787663
539.35,397.08,0.040551,0.743054
542.85,397.08,0.039488,0.702626
546.35,397.08,0.038604,0.664533
549.85,397.08,0.037362,0.638476
553.35,397.08,0.036182,0.619838
556.85,397.08,0.035233,0.595436
560.53,397.08,0.034053,0.561533
564.03,397.08,0.033425,0.528936
567.53,397.08,0.032621,0.512916
571.2,397.08,0.032051,0.525904
574.7,397.08,0.031416,0.560051
578.2,397.08,0.031349,0.600288
581.88,397.08,0.031154,0.623652
585.55,397.08,0.031019,0.622762
589.05,397.08,0.030917,0.603295
592.55,397.08,0.030766,0.567078
596.23,397.08,0.030911,0.525969
599.73,397.08,0.030813,0.491434
603.23,397.08,0.031256,0.460883
606.73,397.08,0.031654,0.441277
610.23,397.08,0.032331,0.441607
613.9,397.08,0.033135,0.464025
617.4,397.08,0.033952,0.507805
620.9,397.08,0.035569,0.561995
624.4,397.08,0.037316,0.612481
628.08,397.08,0.039281,0.650075
631.58,397.08,0.041607,0.678412
635.08,397.08,0.043379,0.698874
638.58,397.08,0.044528,0.721483
642.25,397.08,0.045273,0.751649
645.75,397.08,0.04532,0.789089
649.25,397.08,0.044589,0.824283
652.93,397.08,0.04381,0.850836
656.43,397.08,0.042732,0.873353
659.93,397.08,0.041601,0.888784
663.43,397.08,0.040517,0.882632
666.93,397.08,0.0397,0.840858
670.43,397.08,0.038918,0.775648
673.75,397.08,0.0384,0.706714
677.78,397.08,0.038727,0.649715
681.28,397.08,0.039984,0.598098
684.95,397.08,0.041573,0.553178
688.8,397.08,0.043514,0.536243
692.3,397.08,0.045018,0.548714
695.8,397.08,0.046709,0.5753
699.3,397.08,0.048052,0.593116
702.8,397.08,0.04893,0.576816
706.3,397.08,0.049303,0.519111
709.8,397.08,0.049636,0.422999
12.6,430.15,0.034047,1.317354
16.1,430.15,0.033832,1.321935
19.78,430.15,0.033878,1.346017
23.28,430.15,0.033906,1.371954
26.95,430.15,0.034303,1.392178
30.45,430.15,0.034512,1.405154
33.95,430.15,0.035366,1.407933
37.63,430.15,0.036127,1.401636
41.3,430.15,0.036484,1.396741
45.15,430.15,0.036845,1.399319
48.65,430.15,0.037442,1.398491
52.15,430.15,0.037467,1.39887
55.65,430.15,0.03804,1.40383
59.15,430.15,0.038443,1.399899
62.83,430.15,0.039395,1.37533
66.33,430.15,0.040363,1.333768
70.0,430.15,0.04104,1.293553
73.5,430.15,0.042421,1.2655
77.0,430.15,0.043554,1.258611
80.5,430.15,0.04422,1.273365
84.0,430.15,0.045005,1.290694
87.68,430.15,0.045729,1.296042
91.18,430.15,0.04613,1.285546
94.68,430.15,0.046444,1.256948
98.35,430.15,0.046577,1.215059
101.85,430.15,0.046792,1.171766
105.35,430.15,0.046259,1.136643
109.03,430.15,0.046068,1.115047
112.53,430.15,0.045052,1.105121
116.03,430.15,0.044026,1.105047
119.7,430.15,0.042729,1.112866
123.2,430.15,0.041299,1.123756
126.7,430.15,0.039802,1.132749
130.38,430.15,0.038567,1.139255
133.88,430.15,0.037371,1.144341
137.38,430.15,0.036355,1.155108
141.05,430.15,0.035458,1.167613
144.55,430.15,0.034593,1.185561
148.23,430.15,0.034352,1.206079
151.73,430.15,0.034023,1.216904
155.05,430.15,0.03393,1.210355
158.9,430.15,0.03393,1.194612
162.23,430.15,0.033379,1.172823
165.9,430.15,0.033132,1.141415
169.58,430.15,0.032837,1.106828
172.9,430.15,0.032784,1.080549
176.58,430.15,0.032695,1.076979
179.9,430.15,0.032744,1.092915
183.75,430.15,0.033132,1.125186
187.25,430.15,0.033505,1.166985
190.75,430.15,0.033878,1.19749
194.25,430.15,0.033788,1.213177
197.75,430.15,0.033527,1.224748
201.25,430.15,0.0332,1.239101
204.75,430.15,0.032827,1.25009
208.25,430.15,0.03275,1.247206
211.93,430.15,0.032917,1.226717
215.25,430.15,0.032818,1.187974
218.93,430.15,0.032806,1.138118
222.43,430.15,0.033342,1.080799
226.28,430.15,0.033209,1.016144
229.78,430.15,0.033511,0.941224
233.28,430.15,0.033527,0.873245
236.78,430.15,0.033952,0.818344
240.28,430.15,0.033949,0.775309
244.13,430.15,0.033952,0.738473
247.63,430.15,0.034112,0.717854
251.3,430.15,0.033896,0.697854
254.8,430.15,0.034623,0.67241
258.3,430.15,0.035766,0.642183
261.98,430.15,0.037532,0.609083
265.48,430.15,0.039448,0.57567
268.98,430.15,0.04109,0.544697
272.48,430.15,0.042344,0.52116
276.15,430.15,0.042655,0.51958
279.65,430.15,0.041878,0.538772
283.33,430.15,0.040511,0.560756
286.83,430.15,0.038373,0.575045
290.33,430.15,0.035736,0.581748
294.0,430.15,0.033539,0.587928
297.33,430.15,0.031272,0.595559
301.0,430.15,0.029697,0.602334
304.5,430.15,0.028958,0.611588
308.0,430.15,0.029432,0.612297
311.5,430.15,0.030668,0.599336
315.18,430.15,0.032073,0.585565
318.68,430.15,0.033391,0.592223
322.18,430.15,0.034032,0.628285
325.68,430.15,0.03466,0.698615
329.18,430.15,0.035822,0.786474
332.85,430.15,0.036555,0.874869
336.35,430.15,0.03698,0.954644
339.85,430.15,0.036971,1.023054
343.35,430.15,0.036558,1.082074
347.03,430.15,0.035902,1.136261
350.7,430.15,0.035012,1.18355
354.2,430.15,0.034636,1.218762
357.7,430.15,0.034026,1.247034
361.2,430.15,0.033542,1.271455
364.7,430.15,0.032744,1.291473
368.38,430.15,0.032294,1.309991
371.88,430.15,0.032082,1.336233
375.55,430.15,0.03211,1.379825
379.05,430.15,0.032113,1.427548
382.55,430.15,0.032735,1.472342
386.23,430.15,0.033841,1.51029
389.73,430.15,0.034938,1.539692
393.23,430.15,0.036549,1.549162
396.73,430.15,0.038234,1.540019
400.23,430.15,0.039522,1.520253
403.9,430.15,0.040477,1.492021
407.58,430.15,0.040634,1.462801
411.08,430.15,0.040732,1.445777
414.58,430.15,0.040541,1.44813
418.08,430.15,0.039879,1.472477
421.75,430.15,0.039241,1.520493
425.25,430.15,0.038222,1.585092
428.75,430.15,0.037217,1.647116
432.25,430.15,0.03625,1.703903
435.93,430.15,0.035461,1.760604
439.43,430.15,0.034186,1.803601
443.1,430.15,0.033998,1.830918
446.6,430.15,0.033129,1.848838
450.1,430.15,0.032433,1.855107
453.6,430.15,0.032026,1.845203
457.28,430.15,0.0317,1.806959
460.95,430.15,0.031527,1.73926
464.45,430.15,0.031971,1.656734
467.95,430.15,0.032519,1.570856
471.1,430.15,0.03279,1.488213
475.13,430.15,0.033157,1.41138
478.63,430.15,0.033601,1.342613
482.3,430.15,0.033699,1.28395
485.28,430.15,0.034004,1.221596
489.3,430.15,0.034044,1.158316
492.8,430.15,0.034167,1.093442
496.48,430.15,0.034833,1.020583
499.98,430.15,0.035403,0.955657
503.48,430.15,0.036349,0.90567
507.15,430.15,0.036848,0.861985
510.65,430.15,0.037374,0.819918
514.15,430.15,0.037562,0.780121
517.65,430.15,0.037781,0.745479
521.15,430.15,0.037744,0.718794
524.83,430.15,0.03723,0.694299
528.33,430.15,0.037458,0.678516
531.83,430.15,0.037451,0.685581
535.5,430.15,0.036968,0.721224
539.0,430.15,0.036546,0.778556
542.5,430.15,0.035963,0.845491
546.18,430.15,0.034913,0.922789
549.85,430.15,0.034075,0.993793
553.35,430.15,0.033656,1.06046
556.85,430.15,0.032938,1.114024
560.35,430.15,0.032116,1.151538
564.2,430.15,0.031546,1.172404
567.7,430.15,0.030927,1.175817
571.2,430.15,0.030049,1.161482
574.7,430.15,0.029442,1.127937
578.38,430.15,0.028872,1.088772
581.88,430.15,0.028767,1.056461
585.38,430.15,0.028573,1.033159
588.88,430.15,0.028976,1.019933
592.55,430.15,0.028862,1.009474
596.05,430.15,0.029331,0.994083
599.55,430.15,0.029682,0.983242
603.05,430.15,0.03011,0.980398
607.08,430.15,0.031013,0.981874
610.58,430.15,0.031949,0.975971
614.25,430.15,0.033015,0.948756
617.75,430.15,0.033647,0.901976
621.08,430.15,0.034026,0.83371
625.1,430.15,0.034805,0.761831
628.6,430.15,0.035751,0.694983
632.1,430.15,0.036854,0.644622
635.6,430.15,0.038403,0.617451
639.28,430.15,0.040162,0.61108
642.78,430.15,0.0421,0.616603
646.45,430.15,0.043862,0.618227
649.95,430.15,0.045551,0.603846
653.45,430.15,0.046811,0.576289
656.95,430.15,0.048065,0.540861
660.63,430.15,0.048733,0.497294
664.13,430.15,0.049509,0.445251
667.63,430.15,0.04979,0.397081
671.13,430.15,0.050135,0.354762
674.63,430.15,0.050061,0.327035
678.3,430.15,0.049537,0.315279
681.8,430.15,0.049269,0.315048
685.3,430.15,0.048222,0.316795
688.8,430.15,0.047408,0.309176
692.48,430.15,0.046632,0.282919
695.98,430.15,0.046093,0.241345
699.48,430.15,0.045508,0.198302
703.15,430.15,0.045686,0.167738
706.65,430.15,0.045625,0.15682
710.15,430.15,0.045646,0.156225
12.43,463.23,0.038585,1.381106
16.1,463.23,0.03865,1.401146
19.6,463.23,0.038943,1.41171
23.28,463.23,0.039152,1.414461
26.78,463.23,0.039284,1.412939
30.28,463.23,0.039445,1.40858
33.95,463.23,0.040098,1.401775
37.45,463.23,0.040625,1.395764
40.78,463.23,0.041118,1.39631
44.63,463.23,0.041586,1.397138
48.13,463.23,0.041866,1.395974
51.63,463.23,0.042642,1.397215
55.3,463.23,0.043397,1.401183
58.8,463.23,0.044876,1.403796
62.3,463.23,0.046044,1.402388
65.8,463.23,0.047458,1.401116
69.3,463.23,0.048936,1.396054
72.98,463.23,0.049734,1.38781
76.48,463.23,0.050012,1.379785
79.98,463.23,0.050141,1.375995
83.13,463.23,0.050104,1.376544
86.98,463.23,0.049999,1.381424
90.48,463.23,0.050427,1.386652
93.98,463.23,0.050967,1.386445
97.65,463.23,0.051358,1.376926
101.33,463.23,0.051225,1.358463
104.83,463.23,0.051204,1.336726
108.33,463.23,0.050911,1.318639
112.0,463.23,0.050015,1.309708
115.5,463.23,0.049475,1.307687
119.18,463.23,0.048899,1.30712
122.68,463.23,0.048219,1.302209
126.18,463.23,0.047248,1.295044
129.68,463.23,0.046238,1.287585
133.35,463.23,0.045622,1.284357
136.85,463.23,0.044987,1.287856
140.35,463.23,0.044149,1.297727
143.85,463.23,0.043564,1.30817
146.65,463.23,0.042858,1.318934
150.85,463.23,0.042498,1.327998
154.35,463.23,0.04223,1.334246
158.03,463.23,0.041878,1.332203
161.53,463.23,0.041832,1.321002
165.03,463.23,0.041549,1.30326
168.7,463.23,0.041154,1.282151
172.2,463.23,0.0406,1.262961
175.7,463.23,0.039586,1.256375
179.2,463.23,0.038893,1.259458
182.7,463.23,0.038092,1.265293
186.38,463.23,0.037208,1.273152
189.7,463.23,0.037082,1.273198
193.38,463.23,0.036342,1.250888
196.88,463.23,0.036151,1.203673
200.55,463.23,0.036074,1.140891
204.05,463.23,0.036521,1.078448
207.55,463.23,0.036515,1.025811
211.05,463.23,0.036897,0.998732
214.55,463.23,0.037183,0.981717
218.23,463.23,0.037199,0.969563
221.73,463.23,0.037316,0.972006
225.23,463.23,0.037048,0.988063
228.9,463.23,0.036703,1.003186
232.4,463.23,0.036349,1.01029
236.08,463.23,0.035477,1.007441
239.58,463.23,0.03495,0.987395
243.08,463.23,0.034777,0.953051
246.75,463.23,0.034217,0.903156
250.25,463.23,0.033943,0.823113
253.75,463.23,0.034069,0.706267
257.43,463.23,0.033992,0.568948
260.93,463.23,0.034235,0.434198
264.6,463.23,0.035252,0.31649
268.1,463.23,0.0369,0.227732
271.78,463.23,0.038634,0.165458
275.1,463.23,0.039876,0.129488
278.78,463.23,0.040249,0.093576
282.45,463.23,0.039546,0.0482
285.95,463.23,0.038114,-0.002385
289.45,463.23,0.035967,-0.059267
293.13,463.23,0.033872,-0.127653
296.63,463.23,0.03158,-0.195731
300.13,463.23,0.030224,-0.244227
303.8,463.23,0.030147,-0.263845
307.3,463.23,0.031068,-0.272018
310.8,463.23,0.032122,-0.278503
314.13,463.23,0.033179,-0.275114
317.98,463.23,0.03393,-0.260105
321.65,463.23,0.034035,-0.230164
325.15,463.23,0.033983,-0.188346
328.65,463.23,0.034392,-0.148741
332.15,463.23,0.033838,-0.122071
335.65,463.23,0.033853,-0.111147
339.33,463.23,0.033302,-0.112838
342.83,463.23,0.032812,-0.125777
346.33,463.23,0.032076,-0.146452
349.83,463.23,0.031731,-0.171014
353.5,463.23,0.030828,-0.204856
357.0,463.23,0.030218,-0.248346
360.5,463.23,0.029796,-0.287745
364.0,463.23,0.029297,-0.324741
367.5,463.23,0.029143,-0.361103
371.0,463.23,0.028561,-0.39931
374.68,463.23,0.02861,-0.426531
378.18,463.23,0.028259,-0.429852
381.85,463.23,0.028336,-0.420166
385.35,463.23,0.02865,-0.419319
389.03,463.23,0.028859,-0.432012
392.53,463.23,0.02978,-0.444569
396.03,463.23,0.030625,-0.437301
399.53,463.23,0.03162,-0.404378
403.2,463.23,0.032941,-0.356969
406.7,463.23,0.033995,-0.31557
410.2,463.23,0.035224,-0.288947
413.88,463.23,0.036515,-0.284443
417.38,463.23,0.037282,-0.297237
421.05,463.23,0.037578,-0.318056
424.55,463.23,0.037689,-0.33378
428.05,463.23,0.03747,-0.342773
431.55,463.23,0.036475,-0.352955
435.23,463.23,0.035369,-0.375666
438.73,463.23,0.03414,-0.402902
442.23,463.23,0.033524,-0.42956
445.73,463.23,0.032482,-0.456882
449.4,463.23,0.031684,-0.485166
452.9,463.23,0.031207,-0.510924
456.4,463.23,0.030424,-0.53845
459.9,463.23,0.02975,-0.582175
463.4,463.23,0.029312,-0.639602
467.08,463.23,0.02898,-0.704254
470.58,463.23,0.028379,-0.762929
474.08,463.23,0.027926,-0.818459
477.58,463.23,0.027418,-0.870653
481.25,463.23,0.026638,-0.908521
484.75,463.23,0.026527,-0.909633
488.25,463.23,0.026669,-0.866734
491.93,463.23,0.026848,-0.783407
495.43,463.23,0.027587,-0.681993
498.93,463.23,0.028172,-0.588909
502.43,463.23,0.028573,-0.509233
505.93,463.23,0.028909,-0.436565
509.6,463.23,0.029435,-0.369957
513.1,463.23,0.029938,-0.31671
516.6,463.23,0.030434,-0.265666
520.28,463.23,0.030729,-0.218916
523.78,463.23,0.030896,-0.179563
527.28,463.23,0.030486,-0.14801
530.78,463.23,0.030061,-0.121787
534.28,463.23,0.029814,-0.0944
537.95,463.23,0.02897,-0.063371
541.45,463.23,0.028607,-0.041701
544.95,463.23,0.027935,-0.03533
548.45,463.23,0.027106,-0.033944
551.95,463.23,0.0267,-0.036637
555.45,463.23,0.026644,-0.051214
559.13,463.23,0.026657,-0.066356
562.63,463.23,0.027085,-0.071985
566.3,463.23,0.027784,-0.073731
569.8,463.23,0.028172,-0.070444
573.3,463.23,0.029026,-0.062795
576.8,463.23,0.029383,-0.055238
580.3,463.23,0.029214,-0.04753
583.8,463.23,0.0295,-0.048543
587.48,463.23,0.028899,-0.057758
590.98,463.23,0.028514,-0.060355
594.48,463.23,0.028142,-0.04834
598.15,463.23,0.027301,-0.002675
601.65,463.23,0.027544,0.088123
605.15,463.23,0.027091,0.222359
608.65,463.23,0.027353,0.384432
612.15,463.23,0.027516,0.555667
615.83,463.23,0.027969,0.706862
619.33,463.23,0.028665,0.797589
623.0,463.23,0.029457,0.812965
626.5,463.23,0.03027,0.754863
630.0,463.23,0.030856,0.637293
633.5,463.23,0.031564,0.503193
637.0,463.23,0.032217,0.366397
640.68,463.23,0.033252,0.251743
644.35,463.23,0.034013,0.16019
647.85,463.23,0.035008,0.095963
651.35,463.23,0.035985,0.065387
655.03,463.23,0.036906,0.075711
658.35,463.23,0.037837,0.117149
661.85,463.23,0.038379,0.164907
665.53,463.23,0.038896,0.209592
669.03,463.23,0.039442,0.248391
672.53,463.23,0.039174,0.27816
676.03,463.23,0.03918,0.298326
679.7,463.23,0.038798,0.311305
683.2,463.23,0.03893,0.322192
686.7,463.23,0.038308,0.335067
690.2,463.23,0.038142,0.354872
693.88,463.23,0.037935,0.384691
697.38,463.23,0.038182,0.424284
700.88,463.23,0.038496,0.460254
704.55,463.23,0.03837,0.470914
708.05,463.23,0.038453,0.441853
12.78,496.3,0.043764,1.389671
16.28,496.3,0.043832,1.378947
19.95,496.3,0.043755,1.362058
23.63,496.3,0.044214,1.344218
27.13,496.3,0.0445,1.32927
30.45,496.3,0.044891,1.31326
34.13,496.3,0.045594,1.295749
37.63,496.3,0.046487,1.273411
41.3,496.3,0.047116,1.251784
44.8,496.3,0.048148,1.235275
48.48,496.3,0.049226,1.225287
51.98,496.3,0.050184,1.219967
55.48,496.3,0.05165,1.219329
59.15,496.3,0.052313,1.220641
62.48,496.3,0.052747,1.221661
66.15,496.3,0.052877,1.222271
69.65,496.3,0.052433,1.220715
73.15,496.3,0.051632,1.218928
76.65,496.3,0.050575,1.218488
80.33,496.3,0.049996,1.219021
83.83,496.3,0.049186,1.220001
87.33,496.3,0.048909,1.221763
91.0,496.3,0.048095,1.222077
94.5,496.3,0.047596,1.217739
98.0,496.3,0.047168,1.211941
101.68,496.3,0.046678,1.212071
105.18,496.3,0.047294,1.22017
108.5,496.3,0.047559,1.231214
112.18,496.3,0.048222,1.247628
115.68,496.3,0.04893,1.266541
119.18,496.3,0.049343,1.283845
122.85,496.3,0.050206,1.300706
126.53,496.3,0.050538,1.31748
130.03,496.3,0.05089,1.319683
133.53,496.3,0.050942,1.306535
137.03,496.3,0.050923,1.282822
140.7,496.3,0.050686,1.252444
144.2,496.3,0.050372,1.223426
147.7,496.3,0.050464,1.203183
151.2,496.3,0.049811,1.185281
154.7,496.3,0.04938,1.167499
158.38,496.3,0.04946,1.146325
161.88,496.3,0.048647,1.124061
165.55,496.3,0.047941,1.106011
169.05,496.3,0.047692,1.098426
172.55,496.3,0.046854,1.105977
176.05,496.3,0.046265,1.124274
179.73,496.3,0.045963,1.145038
183.23,496.3,0.045646,1.161541
186.73,496.3,0.045104,1.175275
190.58,496.3,0.044537,1.18635
194.08,496.3,0.04417,1.192373
197.58,496.3,0.043989,1.197179
201.08,496.3,0.044626,1.198414
204.75,496.3,0.044888,1.19139
208.25,496.3,0.045655,1.173177
211.75,496.3,0.045535,1.143106
215.43,496.3,0.045674,1.103833
218.93,496.3,0.045421,1.053981
222.43,496.3,0.044935,0.992684
225.93,496.3,0.044137,0.915506
229.43,496.3,0.043687,0.821964
233.1,496.3,0.043071,0.708122
236.6,496.3,0.042239,0.587793
240.1,496.3,0.040942,0.452608
243.6,496.3,0.039328,0.305932
247.28,496.3,0.037313,0.1497
250.78,496.3,0.036121,0.003678
254.28,496.3,0.034978,-0.144582
257.78,496.3,0.034318,-0.287061
261.8,496.3,0.034442,-0.441365
265.48,496.3,0.034716,-0.545243
268.98,496.3,0.035837,-0.617575
272.48,496.3,0.037242,-0.637874
275.98,496.3,0.039118,-0.615702
279.65,496.3,0.040588,-0.568225
283.15,496.3,0.041882,-0.517283
286.65,496.3,0.041641,-0.468953
290.15,496.3,0.041435,-0.427215
293.65,496.3,0.040332,-0.394079
297.33,496.3,0.039408,-0.379212
300.83,496.3,0.039411,-0.376688
304.33,496.3,0.039127,-0.38903
308.0,496.3,0.039867,-0.425533
311.5,496.3,0.040175,-0.482683
315.0,496.3,0.040021,-0.543802
318.5,496.3,0.040301,-0.585299
322.18,496.3,0.040501,-0.599988
325.68,496.3,0.040625,-0.601784
329.18,496.3,0.040304,-0.610074
332.68,496.3,0.039454,-0.627332
336.18,496.3,0.038326,-0.653798
339.68,496.3,0.036937,-0.686845
343.35,496.3,0.035594,-0.715308
346.85,496.3,0.034562,-0.730363
350.35,496.3,0.033912,-0.728706
353.85,496.3,0.033366,-0.715456
357.35,496.3,0.032384,-0.708884
361.03,496.3,0.031712,-0.720607
364.53,496.3,0.031154,-0.728462
368.03,496.3,0.030443,-0.713191
371.53,496.3,0.030477,-0.678632
375.03,496.3,0.030674,-0.643219
378.7,496.3,0.030483,-0.616303
382.2,496.3,0.030517,-0.596392
385.7,496.3,0.030581,-0.577153
389.38,496.3,0.030443,-0.549328
392.88,496.3,0.030936,-0.506309
396.38,496.3,0.03088,-0.448293
399.88,496.3,0.031444,-0.391229
403.55,496.3,0.032214,-0.345524
407.05,496.3,0.032858,-0.313746
410.55,496.3,0.033493,-0.273666
414.05,496.3,0.034303,-0.20269
417.73,496.3,0.035545,-0.094896
421.23,496.3,0.036937,0.046811
424.73,496.3,0.038681,0.216884
428.23,496.3,0.040397,0.391943
431.73,496.3,0.0421,0.543551
435.4,496.3,0.043483,0.660981
438.9,496.3,0.044161,0.745121
442.58,496.3,0.044149,0.809579
446.25,496.3,0.043825,0.849607
449.75,496.3,0.042633,0.875161
453.43,496.3,0.041327,0.880854
456.93,496.3,0.039968,0.857087
460.6,496.3,0.038591,0.805534
464.1,496.3,0.037522,0.721181
467.6,496.3,0.035982,0.606274
471.28,496.3,0.034405,0.472959
474.6,496.3,0.033166,0.327035
478.1,496.3,0.031592,0.16357
481.6,496.3,0.030153,-4.4e-05
485.28,496.3,0.029254,-0.145185
489.13,496.3,0.028336,-0.243842
492.8,496.3,0.027713,-0.261772
496.3,496.3,0.027593,-0.223894
499.8,496.3,0.027467,-0.132043
503.3,496.3,0.027451,-0.008118
506.98,496.3,0.027328,0.125954
510.48,496.3,0.028037,0.25059
513.98,496.3,0.02849,0.36819
517.48,496.3,0.029118,0.478729
521.15,496.3,0.029605,0.564151
524.65,496.3,0.030122,0.607654
528.15,496.3,0.029978,0.599527
531.48,496.3,0.030394,0.553141
535.33,496.3,0.030464,0.495242
538.83,496.3,0.030893,0.436875
542.33,496.3,0.031444,0.387506
546.0,496.3,0.031724,0.362023
549.5,496.3,0.032615,0.374521
553.0,496.3,0.033936,0.422737
556.68,496.3,0.034697,0.485969
560.18,496.3,0.035837,0.530494
563.68,496.3,0.037039,0.554311
567.18,496.3,0.038348,0.583837
570.85,496.3,0.039565,0.630427
574.35,496.3,0.04048,0.678332
577.85,496.3,0.041478,0.719083
581.35,496.3,0.042307,0.755824
584.85,496.3,0.043046,0.79205
588.53,496.3,0.043028,0.826883
592.03,496.3,0.042898,0.863338
595.53,496.3,0.042679,0.896652
599.03,496.3,0.042356,0.925611
602.7,496.3,0.041934,0.953729
606.55,496.3,0.041592,0.982278
610.23,496.3,0.040674,0.997891
613.73,496.3,0.039759,1.016255
617.23,496.3,0.039186,1.054323
620.73,496.3,0.038628,1.104927
624.23,496.3,0.038708,1.148109
627.73,496.3,0.03812,1.169261
631.23,496.3,0.037217,1.15606
634.9,496.3,0.036638,1.115601
638.4,496.3,0.035997,1.058812
641.9,496.3,0.035381,0.990195
645.4,496.3,0.035067,0.914949
648.9,496.3,0.035138,0.840386
652.58,496.3,0.035498,0.765288
656.08,496.3,0.035464,0.694074
659.58,496.3,0.035865,0.635963
663.25,496.3,0.035769,0.603637
666.75,496.3,0.036327,0.590454
670.25,496.3,0.036617,0.589733
673.93,496.3,0.03711,0.595365
677.43,496.3,0.03706,0.608529
680.93,496.3,0.036857,0.625063
684.6,496.3,0.036681,0.645849
688.1,496.3,0.036108,0.676924
691.6,496.3,0.035837,0.706409
695.1,496.3,0.035609,0.725944
698.6,496.3,0.035021,0.743063
702.28,496.3,0.034734,0.763858
705.77,496.3,0.03475,0.787669
709.27,496.3,0.034688,0.819086
11.73,529.38,0.047525,1.296362
15.23,529.38,0.047436,1.300971
18.73,529.38,0.04783,1.299147
22.4,529.38,0.048505,1.296208
26.08,529.38,0.049479,1.288057
29.58,529.38,0.050603,1.27326
33.43,529.38,0.051795,1.264803
36.93,529.38,0.053092,1.262955
40.6,529.38,0.054137,1.266732
44.1,529.38,0.05487,1.273882
47.6,529.38,0.055803,1.282348
51.45,529.38,0.056278,1.292899
54.95,529.38,0.056823,1.301575
58.45,529.38,0.057186,1.311941
62.13,529.38,0.057618,1.32809
65.63,529.38,0.057615,1.344957
69.13,529.38,0.0573,1.352487
72.8,529.38,0.056441,1.350771
76.3,529.38,0.055437,1.344985
79.8,529.38,0.054371,1.331707
83.3,529.38,0.053397,1.307037
86.98,529.38,0.052159,1.275216
90.48,529.38,0.051185,1.249098
93.98,529.38,0.050458,1.234095
97.48,529.38,0.049805,1.22854
101.15,529.38,0.049398,1.228482
104.65,529.38,0.049223,1.232262
108.15,529.38,0.04954,1.238633
111.83,529.38,0.049666,1.239243
115.33,529.38,0.050156,1.232182
118.83,529.38,0.050514,1.226088
122.33,529.38,0.051404,1.226325
126.0,529.38,0.052467,1.230244
129.5,529.38,0.05365,1.236643
133.0,529.38,0.054814,1.239665
136.5,529.38,0.055621,1.232678
140.18,529.38,0.056413,1.212946
143.68,529.38,0.057174,1.184455
147.18,529.38,0.057898,1.153645
150.68,529.38,0.058607,1.128309
154.35,529.38,0.058767,1.115752
158.03,529.38,0.058533,1.119243
161.53,529.38,0.058336,1.137909
165.03,529.38,0.057873,1.163032
168.88,529.38,0.057153,1.181982
172.38,529.38,0.056968,1.19017
175.88,529.38,0.056419,1.192453
180.08,529.38,0.056398,1.196279
183.58,529.38,0.056281,1.201353
187.08,529.38,0.056422,1.204794
190.58,529.38,0.056512,1.206747
194.08,529.38,0.05682,1.208343
197.75,529.38,0.056407,1.209911
201.43,529.38,0.056478,1.210484
204.93,529.38,0.056124,1.208999
208.6,529.38,0.055982,1.199914
212.28,529.38,0.056361,1.185444
215.78,529.38,0.057002,1.179939
219.28,529.38,0.057405,1.184153
222.78,529.38,0.058212,1.185164
226.28,529.38,0.058671,1.174871
229.95,529.38,0.058983,1.158408
233.45,529.38,0.059078,1.146732
236.95,529.38,0.058699,1.143688
240.45,529.38,0.05841,1.149243
244.13,529.38,0.057695,1.164421
247.63,529.38,0.056401,1.179742
251.13,529.38,0.055258,1.191091
254.63,529.38,0.053943,1.197237
258.13,529.38,0.052353,1.194406
261.63,529.38,0.051053,1.176245
265.3,529.38,0.050326,1.14229
268.8,529.38,0.04963,1.10147
272.3,529.38,0.049275,1.061335
275.8,529.38,0.049229,1.028457
279.48,529.38,0.049762,1.009523
282.8,529.38,0.051164,1.004305
286.48,529.38,0.05296,1.013368
289.98,529.38,0.054636,1.023165
293.65,529.38,0.05589,1.024049
297.33,529.38,0.057664,1.017053
300.83,529.38,0.058693,1.007752
304.33,529.38,0.059435,0.997441
308.0,529.38,0.059365,0.99099
311.5,529.38,0.058705,0.997521
315.0,529.38,0.058135,1.019514
318.68,529.38,0.057079,1.05334
322.18,529.38,0.056684,1.094209
325.68,529.38,0.055806,1.135836
329.35,529.38,0.054337,1.180226
332.85,529.38,0.053,1.223469
336.35,529.38,0.051349,1.271328
339.85,529.38,0.049882,1.31464
343.35,529.38,0.049257,1.354997
346.85,529.38,0.048206,1.388349
350.53,529.38,0.047769,1.410222
354.03,529.38,0.047039,1.416516
357.53,529.38,0.046386,1.406528
361.2,529.38,0.046016,1.388303
364.7,529.38,0.04527,1.366781
368.2,529.38,0.044716,1.351365
371.7,529.38,0.044824,1.347271
375.2,529.38,0.044386,1.35009
378.88,529.38,0.044457,1.357718
382.38,529.38,0.044556,1.365638
385.88,529.38,0.044525,1.369738
389.38,529.38,0.04418,1.369584
393.05,529.38,0.043604,1.366664
396.55,529.38,0.043767,1.35789
400.05,529.38,0.044238,1.352419
403.73,529.38,0.044214,1.353534
407.23,529.38,0.044685,1.354889
410.73,529.38,0.044913,1.352564
414.23,529.38,0.045252,1.349649
417.73,529.38,0.045609,1.344683
421.23,529.38,0.045982,1.339397
424.9,529.38,0.046826,1.338528
428.4,529.38,0.047587,1.340888
431.9,529.38,0.04917,1.339655
435.58,529.38,0.050212,1.340127
439.08,529.38,0.051888,1.339698
442.58,529.38,0.053419,1.334837
446.08,529.38,0.054787,1.324363
449.75,529.38,0.056084,1.311772
453.25,529.38,0.056891,1.302921
456.93,529.38,0.05739,1.301029
460.25,529.38,0.057556,1.300161
463.93,529.38,0.057479,1.298753
467.6,529.38,0.056783,1.294942
471.1,529.38,0.056087,1.292203
474.6,529.38,0.055329,1.295731
478.1,529.38,0.054275,1.305389
481.6,529.38,0.053058,1.318617
485.28,529.38,0.052193,1.327881
488.78,529.38,0.051302,1.337795
492.1,529.38,0.050628,1.355598
495.95,529.38,0.05028,1.379039
499.45,529.38,0.050073,1.403639
502.95,529.38,0.04963,1.42309
506.45,529.38,0.04971,1.43635
509.95,529.38,0.049325,1.440327
513.63,529.38,0.049417,1.433478
517.13,529.38,0.049414,1.420447
520.63,529.38,0.049346,1.407363
524.3,529.38,0.049469,1.404467
527.8,529.38,0.049365,1.41456
531.3,529.38,0.049845,1.424461
534.8,529.38,0.050585,1.426735
538.3,529.38,0.051484,1.422012
541.98,529.38,0.05255,1.414797
545.48,529.38,0.053915,1.411276
548.98,529.38,0.054824,1.411926
552.3,529.38,0.055776,1.409138
556.15,529.38,0.056456,1.399199
559.65,529.38,0.056857,1.383457
563.15,529.38,0.05726,1.363334
567.0,529.38,0.056986,1.341143
570.5,529.38,0.057399,1.324369
574.0,529.38,0.057516,1.310062
577.5,529.38,0.05759,1.297567
581.18,529.38,0.057686,1.290429
584.68,529.38,0.057642,1.291125
588.18,529.38,0.0578,1.299458
591.68,529.38,0.058105,1.312145
595.18,529.38,0.058788,1.329162
598.85,529.38,0.058976,1.350453
602.35,529.38,0.059537,1.364911
605.85,529.38,0.059417,1.367628
609.53,529.38,0.059186,1.361294
612.85,529.38,0.058487,1.354276
616.53,529.38,0.057532,1.35086
620.03,529.38,0.056358,1.351387
623.53,529.38,0.055021,1.357363
627.2,529.38,0.053403,1.36619
630.88,529.38,0.051875,1.371735
634.2,529.38,0.050372,1.374902
637.88,529.38,0.049355,1.376707
641.38,529.38,0.048403,1.378026
644.88,529.38,0.047479,1.388605
648.38,529.38,0.046429,1.410484
652.05,529.38,0.046053,1.431051
655.38,529.38,0.045273,1.438518
658.88,529.38,0.044928,1.427203
662.55,529.38,0.044432,1.409051
666.23,529.38,0.044248,1.393602
669.73,529.38,0.043884,1.379735
673.05,529.38,0.043422,1.36297
676.73,529.38,0.043289,1.341488
680.23,529.38,0.042987,1.316895
683.73,529.38,0.043333,1.296667
687.23,529.38,0.043699,1.279729
690.9,529.38,0.044053,1.260872
694.4,529.38,0.044808,1.238112
697.9,529.38,0.045585,1.21477
701.4,529.38,0.046268,1.196649
704.9,529.38,0.047202,1.190238
708.4,529.38,0.047772,1.195755
11.73,562.45,0.054186,1.466082
15.23,562.45,0.054593,1.480013
18.9,562.45,0.055012,1.488244
22.4,562.45,0.055723,1.493654
26.08,562.45,0.056527,1.494704
29.58,562.45,0.05755,1.493857
33.08,562.45,0.05856,1.491602
36.58,562.45,0.059719,1.486085
40.25,562.45,0.060467,1.475049
43.75,562.45,0.060883,1.46265
47.43,562.45,0.061367,1.450582
50.93,562.45,0.061459,1.442918
54.43,562.45,0.06162,1.442798
57.93,562.45,0.061262,1.443888
61.43,562.45,0.060954,1.44455
64.93,562.45,0.060076,1.441692
68.43,562.45,0.059177,1.434791
72.1,562.45,0.058086,1.427366
75.6,562.45,0.057051,1.423731
79.1,562.45,0.056022,1.424646
83.13,562.45,0.054703,1.430228
86.63,562.45,0.053471,1.436756
90.3,562.45,0.0528,1.439828
93.8,562.45,0.052023,1.433595
97.3,562.45,0.051154,1.419538
100.98,562.45,0.050702,1.407637
104.3,562.45,0.050218,1.401137
107.98,562.45,0.049623,1.396824
111.65,562.45,0.049839,1.394088
115.33,562.45,0.049894,1.3959
118.83,562.45,0.050363,1.401522
122.33,562.45,0.051204,1.401328
125.83,562.45,0.052411,1.391913
129.33,562.45,0.053471,1.381575
132.83,562.45,0.054531,1.375558
136.5,562.45,0.05556,1.370068
140.0,562.45,0.056604,1.362896
143.5,562.45,0.057396,1.360352
147.0,562.45,0.058163,1.364976
150.68,562.45,0.058681,1.379846
154.18,562.45,0.059589,1.396867
157.85,562.45,0.059774,1.410632
161.35,562.45,0.060563,1.417449
164.85,562.45,0.060812,1.415487
168.53,562.45,0.060865,1.408543
172.2,562.45,0.061247,1.399507
175.7,562.45,0.061198,1.392283
179.2,562.45,0.061287,1.387662
182.7,562.45,0.060899,1.388814
186.55,562.45,0.060658,1.392394
190.05,562.45,0.060526,1.396112
193.55,562.45,0.060477,1.40069
197.23,562.45,0.060301,1.403469
200.73,562.45,0.060156,1.399788
204.23,562.45,0.059691,1.396741
207.9,562.45,0.059328,1.40077
211.4,562.45,0.058841,1.408337
214.9,562.45,0.058443,1.414997
218.4,562.45,0.058348,1.420296
221.9,562.45,0.057932,1.424769
225.4,562.45,0.057898,1.431849
228.9,562.45,0.057877,1.440823
232.58,562.45,0.058366,1.446137
236.08,562.45,0.058138,1.447308
239.75,562.45,0.05897,1.446707
243.25,562.45,0.059349,1.440693
246.75,562.45,0.059365,1.431072
250.25,562.45,0.059512,1.421747
253.93,562.45,0.059004,1.417449
257.43,562.45,0.057947,1.421242
260.93,562.45,0.056758,1.431593
264.43,562.45,0.055726,1.43566
268.1,562.45,0.054451,1.425336
271.6,562.45,0.053336,1.398728
275.1,562.45,0.052297,1.351907
278.78,562.45,0.051915,1.300173
282.28,562.45,0.052119,1.255155
285.78,562.45,0.053092,1.214905
289.28,562.45,0.05511,1.187622
292.78,562.45,0.057353,1.174862
296.45,562.45,0.059519,1.171812
299.95,562.45,0.061003,1.170016
303.45,562.45,0.061946,1.168448
306.78,562.45,0.06222,1.173925
310.63,562.45,0.061764,1.188362
314.13,562.45,0.061219,1.210839
317.63,562.45,0.060625,1.238023
320.95,562.45,0.059562,1.262952
324.63,562.45,0.058413,1.278047
328.13,562.45,0.05715,1.284495
331.8,562.45,0.055994,1.290071
335.3,562.45,0.054876,1.305918
338.8,562.45,0.053634,1.339076
342.3,562.45,0.05231,1.37944
345.8,562.45,0.051216,1.416257
349.3,562.45,0.049935,1.441864
352.98,562.45,0.049439,1.448645
356.48,562.45,0.048933,1.44456
359.98,562.45,0.048188,1.437964
363.65,562.45,0.047917,1.425364
366.98,562.45,0.047769,1.406895
370.65,562.45,0.048012,1.389301
374.15,562.45,0.047735,1.382283
377.83,562.45,0.04743,1.387483
381.33,562.45,0.047143,1.394366
385.0,562.45,0.046829,1.404335
388.5,562.45,0.04662,1.419289
392.18,562.45,0.046761,1.442163
395.68,562.45,0.046715,1.474609
399.18,562.45,0.047418,1.508977
402.68,562.45,0.047997,1.530641
406.18,562.45,0.04849,1.537767
409.68,562.45,0.049167,1.537104
413.18,562.45,0.049398,1.534541
416.85,562.45,0.04926,1.532471
420.35,562.45,0.049411,1.525622
423.85,562.45,0.049867,1.507221
427.53,562.45,0.050363,1.478466
431.03,562.45,0.050757,1.444048
434.53,562.45,0.051207,1.412668
438.2,562.45,0.051284,1.392878
441.7,562.45,0.051549,1.379107
445.38,562.45,0.051481,1.366236
448.88,562.45,0.051999,1.355235
452.38,562.45,0.052682,1.349853
456.4,562.45,0.053613,1.352425
460.08,562.45,0.054543,1.359735
463.58,562.45,0.055307,1.368864
467.08,562.45,0.056342,1.37874
470.58,562.45,0.057584,1.381482
474.25,562.45,0.058641,1.369258
477.75,562.45,0.059907,1.348124
481.25,562.45,0.06043,1.326781
484.75,562.45,0.061345,1.313944
488.25,562.45,0.061583,1.314849
491.93,562.45,0.062032,1.333303
495.43,562.45,0.062405,1.362336
498.93,562.45,0.062371,1.387413
502.43,562.45,0.061986,1.402517
506.1,562.45,0.061952,1.405943
509.6,562.45,0.061983,1.40265
513.1,562.45,0.062008,1.395607
516.78,562.45,0.062473,1.387308
520.28,562.45,0.062313,1.377585
523.95,562.45,0.062393,1.36756
527.45,562.45,0.062427,1.360881
530.95,562.45,0.062609,1.365401
534.63,562.45,0.062541,1.382933
538.13,562.45,0.062609,1.402369
541.63,562.45,0.062661,1.417813
544.95,562.45,0.06243,1.433583
548.63,562.45,0.062005,1.44671
552.3,562.45,0.061293,1.449165
555.63,562.45,0.060372,1.44691
559.3,562.45,0.059241,1.453444
562.8,562.45,0.058148,1.468207
566.3,562.45,0.056999,1.48419
569.98,562.45,0.056441,1.496353
573.48,562.45,0.05617,1.502496
577.15,562.45,0.055748,1.502218
580.65,562.45,0.055779,1.498648
584.15,562.45,0.055471,1.493943
587.65,562.45,0.05536,1.492603
591.15,562.45,0.055273,1.498056
594.65,562.45,0.055625,1.507483
598.33,562.45,0.056102,1.51817
601.83,562.45,0.056752,1.526568
605.33,562.45,0.057304,1.524809
609.0,562.45,0.057957,1.512234
612.5,562.45,0.05865,1.493186
616.0,562.45,0.059645,1.465567
619.5,562.45,0.060714,1.432659
623.18,562.45,0.061613,1.404828
626.68,562.45,0.062393,1.383115
630.18,562.45,0.062692,1.365315
633.85,562.45,0.062861,1.354055
637.35,562.45,0.062636,1.350154
640.85,562.45,0.061989,1.352342
644.53,562.45,0.060951,1.356938
648.03,562.45,0.059556,1.360872
651.53,562.45,0.057886,1.36403
655.03,562.45,0.056324,1.366692
658.53,562.45,0.055138,1.366029
662.03,562.45,0.054411,1.361442
665.53,562.45,0.053872,1.355429
669.2,562.45,0.053893,1.349209
672.7,562.45,0.053779,1.344951
676.2,562.45,0.054247,1.342699
679.7,562.45,0.054426,1.344397
683.2,562.45,0.054938,1.34805
686.7,562.45,0.055776,1.351445
690.2,562.45,0.05637,1.355623
693.88,562.45,0.057248,1.36094
697.38,562.45,0.058046,1.366716
700.88,562.45,0.058357,1.367992
704.38,562.45,0.058761,1.359092
707.88,562.45,0.058884,1.347218
12.25,595.53,0.061034,1.363475
15.93,595.53,0.061275,1.347326
19.78,595.53,0.061278,1.341424
23.28,595.53,0.061111,1.34834
27.48,595.53,0.061194,1.354819
30.98,595.53,0.061771,1.358491
34.48,595.53,0.062495,1.36561
38.15,595.53,0.06352,1.37944
41.83,595.53,0.064275,1.395734
45.33,595.53,0.064321,1.406957
48.83,595.53,0.064186,1.410302
52.5,595.53,0.063721,1.409865
56.0,595.53,0.062975,1.410616
59.5,595.53,0.061881,1.41329
63.0,595.53,0.060544,1.421772
66.5,595.53,0.058909,1.437397
70.18,595.53,0.057806,1.453404
73.68,595.53,0.056724,1.464313
77.18,595.53,0.055307,1.468833
80.68,595.53,0.054226,1.469467
84.18,595.53,0.053277,1.472844
87.5,595.53,0.05255,1.482625
91.35,595.53,0.05202,1.495093
94.85,595.53,0.051888,1.505253
98.53,595.53,0.052091,1.506975
101.68,595.53,0.052208,1.501608
105.53,595.53,0.052495,1.494325
109.2,595.53,0.053209,1.490006
112.7,595.53,0.053715,1.491923
116.38,595.53,0.054192,1.498287
119.7,595.53,0.054731,1.511839
123.38,595.53,0.054654,1.535607
126.88,595.53,0.054315,1.560622
130.38,595.53,0.054121,1.582181
133.88,595.53,0.054448,1.59532
137.55,595.53,0.054602,1.595893
141.05,595.53,0.054947,1.587129
144.55,595.53,0.055313,1.576922
148.4,595.53,0.055683,1.565632
151.9,595.53,0.055991,1.555625
155.58,595.53,0.055991,1.54927
159.08,595.53,0.056499,1.540336
162.58,595.53,0.056469,1.523802
166.08,595.53,0.056552,1.502807
169.75,595.53,0.056891,1.484809
173.25,595.53,0.056715,1.476005
176.75,595.53,0.056814,1.474101
180.25,595.53,0.05706,1.472221
183.93,595.53,0.057211,1.469932
187.43,595.53,0.057661,1.470339
191.45,595.53,0.058083,1.473774
195.13,595.53,0.058329,1.476066
198.63,595.53,0.0584,1.47387
202.13,595.53,0.058046,1.469538
205.8,595.53,0.057994,1.464159
209.3,595.53,0.057572,1.462887
212.98,595.53,0.056709,1.464979
216.48,595.53,0.056318,1.468241
220.5,595.53,0.055828,1.476781
224.0,595.53,0.055991,1.488346
227.68,595.53,0.055976,1.49898
231.18,595.53,0.056441,1.50098
234.85,595.53,0.057113,1.490216
238.35,595.53,0.057451,1.472905
241.85,595.53,0.058277,1.458953
245.35,595.53,0.059109,1.454976
248.85,595.53,0.059697,1.457077
252.35,595.53,0.060498,1.459292
256.03,595.53,0.061167,1.454393
259.7,595.53,0.061235,1.445037
263.2,595.53,0.061185,1.433509
266.35,595.53,0.060446,1.421849
270.2,595.53,0.059053,1.409492
273.7,595.53,0.058018,1.392856
277.2,595.53,0.057048,1.367357
280.7,595.53,0.056946,1.329129
284.2,595.53,0.056798,1.283842
287.88,595.53,0.057116,1.234997
291.38,595.53,0.05796,1.191239
294.88,595.53,0.058431,1.153328
298.55,595.53,0.059056,1.128969
302.05,595.53,0.059414,1.129083
305.55,595.53,0.059041,1.151754
309.05,595.53,0.059035,1.194723
312.73,595.53,0.05942,1.250155
316.23,595.53,0.059127,1.30468
319.9,595.53,0.058684,1.352912
323.4,595.53,0.057969,1.394812
327.08,595.53,0.056952,1.424054
330.75,595.53,0.05613,1.445231
334.25,595.53,0.055532,1.463694
337.75,595.53,0.054586,1.482998
341.6,595.53,0.054134,1.50326
345.1,595.53,0.053419,1.521959
348.6,595.53,0.053394,1.542209
352.28,595.53,0.053554,1.56029
355.78,595.53,0.053681,1.572027
359.28,595.53,0.054023,1.57545
362.95,595.53,0.05414,1.569831
366.45,595.53,0.054186,1.558799
369.95,595.53,0.054201,1.544073
373.63,595.53,0.05409,1.529082
377.13,595.53,0.054186,1.516833
380.63,595.53,0.053952,1.510043
384.13,595.53,0.053687,1.512354
387.8,595.53,0.05381,1.524818
391.3,595.53,0.053943,1.539251
394.8,595.53,0.053856,1.542563
398.3,595.53,0.054149,1.53533
401.98,595.53,0.054284,1.522625
405.48,595.53,0.053813,1.514467
409.15,595.53,0.053724,1.516011
412.65,595.53,0.053841,1.526719
416.33,595.53,0.053604,1.540533
419.83,595.53,0.052901,1.553715
423.33,595.53,0.05276,1.563598
427.0,595.53,0.052322,1.570487
430.33,595.53,0.052341,1.575924
433.83,595.53,0.05271,1.578299
437.5,595.53,0.05279,1.575585
441.0,595.53,0.05267,1.565927
444.5,595.53,0.052652,1.553383
448.0,595.53,0.05231,1.537474
451.68,595.53,0.052304,1.525237
455.18,595.53,0.052381,1.523417
458.68,595.53,0.052513,1.52561
462.7,595.53,0.052969,1.534094
466.2,595.53,0.05353,1.544258
469.88,595.53,0.05454,1.550921
473.38,595.53,0.055317,1.552129
476.88,595.53,0.056235,1.544982
480.38,595.53,0.056915,1.528053
484.05,595.53,0.057664,1.502
487.55,595.53,0.057753,1.473016
491.05,595.53,0.058758,1.450814
494.55,595.53,0.059762,1.436501
498.05,595.53,0.060243,1.428925
501.73,595.53,0.061684,1.430074
505.23,595.53,0.062368,1.441005
508.9,595.53,0.063142,1.45878
512.58,595.53,0.063718,1.480589
516.08,595.53,0.063875,1.503044
519.58,595.53,0.063798,1.527465
523.08,595.53,0.063782,1.551528
526.58,595.53,0.062997,1.569988
530.08,595.53,0.062273,1.579637
533.58,595.53,0.061503,1.580779
537.25,595.53,0.060273,1.578065
540.75,595.53,0.058946,1.572012
544.25,595.53,0.05788,1.561765
547.93,595.53,0.05723,1.549852
551.25,595.53,0.056549,1.537246
554.75,595.53,0.056016,1.523075
558.43,595.53,0.056031,1.504683
562.1,595.53,0.055711,1.48313
565.6,595.53,0.055658,1.460958
569.1,595.53,0.055221,1.443783
572.6,595.53,0.055394,1.440071
576.28,595.53,0.054633,1.450505
579.78,595.53,0.054244,1.466571
583.28,595.53,0.053902,1.483001
586.78,595.53,0.05296,1.500419
590.45,595.53,0.052676,1.515721
593.95,595.53,0.052223,1.52415
597.45,595.53,0.052328,1.531276
600.95,595.53,0.052741,1.539781
604.63,595.53,0.053034,1.547311
608.13,595.53,0.053548,1.552326
611.63,595.53,0.05381,1.552659
615.3,595.53,0.054294,1.546722
618.63,595.53,0.054676,1.531017
622.3,595.53,0.055437,1.503524
625.98,595.53,0.055945,1.468854
629.48,595.53,0.056721,1.438084
632.98,595.53,0.057818,1.415182
636.65,595.53,0.05906,1.403269
640.15,595.53,0.060381,1.398007
643.65,595.53,0.061897,1.393568
647.33,595.53,0.063178,1.386664
650.83,595.53,0.064207,1.380527
654.33,595.53,0.064857,1.374649
657.83,595.53,0.065301,1.369658
661.33,595.53,0.065849,1.363642
665.0,595.53,0.066447,1.361978
668.5,595.53,0.066718,1.365583
672.0,595.53,0.067359,1.368787
675.5,595.53,0.067609,1.368109
679.18,595.53,0.067803,1.364011
682.68,595.53,0.067396,1.3557
686.18,595.53,0.06723,1.345958
689.68,595.53,0.066906,1.341282
693.18,595.53,0.066444,1.344061
696.85,595.53,0.066453,1.347477
700.7,595.53,0.066096,1.346531
704.2,595.53,0.065933,1.34139
707.7,595.53,0.065625,1.33708
711.2,595.53,0.065153,1.335894
12.43,628.78,0.11015,0.601468
15.93,628.78,0.110018,0.605855
19.95,628.78,0.11031,0.615993
23.45,628.78,0.11076,0.627928
26.95,628.78,0.111392,0.641918
30.8,628.78,0.111253,0.662247
34.13,628.78,0.110849,0.680698
37.8,628.78,0.110452,0.700208
41.3,628.78,0.110415,0.715374
44.98,628.78,0.109448,0.725969
48.48,628.78,0.108302,0.730617
51.98,628.78,0.107017,0.729595
55.65,628.78,0.105572,0.725473
59.15,628.78,0.104414,0.721261
62.65,628.78,0.10304,0.719059
66.33,628.78,0.101672,0.722417
69.83,628.78,0.100005,0.732099
73.5,628.78,0.098702,0.746523
77.0,628.78,0.096971,0.764869
80.5,628.78,0.095547,0.786455
84.0,628.78,0.094753,0.809826
87.68,628.78,0.093998,0.830919
91.0,628.78,0.093237,0.84408
94.68,628.78,0.092485,0.847262
98.18,628.78,0.091607,0.838978
101.68,628.78,0.091499,0.82315
105.0,628.78,0.090957,0.808541
109.03,628.78,0.090683,0.799915
112.53,628.78,0.090569,0.795457
116.03,628.78,0.0906,0.794299
119.7,628.78,0.090819,0.793316
123.38,628.78,0.090581,0.791092
126.88,628.78,0.090381,0.786791
130.38,628.78,0.090397,0.778378
133.88,628.78,0.090406,0.765633
137.38,628.78,0.090332,0.752376
140.88,628.78,0.0906,0.746723
144.38,628.78,0.090541,0.751905
148.05,628.78,0.091108,0.763405
151.55,628.78,0.091764,0.773966
155.23,628.78,0.092183,0.783824
158.73,628.78,0.092544,0.791751
162.23,628.78,0.092482,0.793763
165.9,628.78,0.09214,0.787694
169.23,628.78,0.091617,0.776508
172.9,628.78,0.091734,0.763415
176.4,628.78,0.091419,0.751126
180.08,628.78,0.091586,0.742497
183.58,628.78,0.091429,0.740011
187.08,628.78,0.091506,0.741785
190.58,628.78,0.091352,0.744037
194.25,628.78,0.091413,0.746083
197.75,628.78,0.090973,0.748445
201.43,628.78,0.090584,0.751264
204.93,628.78,0.090249,0.755368
208.43,628.78,0.090055,0.759499
211.93,628.78,0.089928,0.761357
215.43,628.78,0.08991,0.761187
219.1,628.78,0.089928,0.756511
222.6,628.78,0.089596,0.750867
226.1,628.78,0.089882,0.746378
229.78,628.78,0.089907,0.744092
233.28,628.78,0.090329,0.744764
236.78,628.78,0.090739,0.746767
240.45,628.78,0.090899,0.751708
243.78,628.78,0.091607,0.762623
247.45,628.78,0.092439,0.779782
250.95,628.78,0.093637,0.798917
254.45,628.78,0.094848,0.813325
258.13,628.78,0.096191,0.817712
261.45,628.78,0.098068,0.812386
265.13,628.78,0.099442,0.80404
268.63,628.78,0.10048,0.795429
272.13,628.78,0.10039,0.786933
275.63,628.78,0.100085,0.77676
279.3,628.78,0.0993,0.766933
282.8,628.78,0.098231,0.754632
286.48,628.78,0.097291,0.735762
289.98,628.78,0.096552,0.707987
293.48,628.78,0.09625,0.675725
296.98,628.78,0.095569,0.645713
300.65,628.78,0.095101,0.625762
303.98,628.78,0.094901,0.618868
307.48,628.78,0.09478,0.62904
310.98,628.78,0.094771,0.653042
314.65,628.78,0.095233,0.684394
318.15,628.78,0.095175,0.715707
321.65,628.78,0.094824,0.741381
325.33,628.78,0.094491,0.75734
329.0,628.78,0.09365,0.767444
332.5,628.78,0.092793,0.777777
336.0,628.78,0.092578,0.789391
339.5,628.78,0.092186,0.79505
343.0,628.78,0.091798,0.790044
346.68,628.78,0.091817,0.778449
350.18,628.78,0.091912,0.768067
353.68,628.78,0.092313,0.762198
357.35,628.78,0.092159,0.7592
361.03,628.78,0.092547,0.753754
364.53,628.78,0.092495,0.747645
368.03,628.78,0.092766,0.740771
371.7,628.78,0.092975,0.730707
375.38,628.78,0.093259,0.716674
378.88,628.78,0.093527,0.700938
382.38,628.78,0.093465,0.687863
386.05,628.78,0.094053,0.680448
389.55,628.78,0.094127,0.681588
393.05,628.78,0.094016,0.688347
396.55,628.78,0.094186,0.696397
400.23,628.78,0.093779,0.708744
403.73,628.78,0.093348,0.727272
407.4,628.78,0.093024,0.744804
410.9,628.78,0.092362,0.754702
414.4,628.78,0.092076,0.757108
417.9,628.78,0.09186,0.754752
421.4,628.78,0.091681,0.751104
425.08,628.78,0.091558,0.749034
428.58,628.78,0.091694,0.74864
431.9,628.78,0.091817,0.746954
435.58,628.78,0.091552,0.741258
439.25,628.78,0.091392,0.732706
442.75,628.78,0.09109,0.727971
446.25,628.78,0.090655,0.73046
449.93,628.78,0.090702,0.73595
453.43,628.78,0.090652,0.738541
457.1,628.78,0.091105,0.735423
460.6,628.78,0.090973,0.727426
464.1,628.78,0.09157,0.719897
467.78,628.78,0.091299,0.715593
471.28,628.78,0.091231,0.713852
474.78,628.78,0.091783,0.718042
478.28,628.78,0.091804,0.728593
481.95,628.78,0.09182,0.742555
485.45,628.78,0.092257,0.755728
488.95,628.78,0.092254,0.768541
492.45,628.78,0.09219,0.781745
496.13,628.78,0.09198,0.793886
499.63,628.78,0.092085,0.804613
503.13,628.78,0.091971,0.808917
506.63,628.78,0.092039,0.804077
510.3,628.78,0.092082,0.791637
513.8,628.78,0.092069,0.77611
517.3,628.78,0.092291,0.764893
520.98,628.78,0.092969,0.762487
524.65,628.78,0.092753,0.768932
528.15,628.78,0.092787,0.77994
531.65,628.78,0.092482,0.789644
535.33,628.78,0.092143,0.796825
538.83,628.78,0.091687,0.79994
542.33,628.78,0.091284,0.801569
546.0,628.78,0.091315,0.804924
549.5,628.78,0.091074,0.809397
553.0,628.78,0.091533,0.812863
556.5,628.78,0.091641,0.812937
560.18,628.78,0.091925,0.8044
563.68,628.78,0.092624,0.791936
567.18,628.78,0.093255,0.77859
570.68,628.78,0.093357,0.766865
574.18,628.78,0.093548,0.760072
577.68,628.78,0.093453,0.757919
581.35,628.78,0.093117,0.759823
585.03,628.78,0.093311,0.761264
588.53,628.78,0.092873,0.762703
592.03,628.78,0.092889,0.766652
595.53,628.78,0.092744,0.774647
599.2,628.78,0.092476,0.785506
602.7,628.78,0.092997,0.795352
606.2,628.78,0.092895,0.802219
609.88,628.78,0.09283,0.806184
613.55,628.78,0.092578,0.806289
617.05,628.78,0.092491,0.808165
620.55,628.78,0.092149,0.813858
624.05,628.78,0.092165,0.81774
627.55,628.78,0.092143,0.817789
631.23,628.78,0.092513,0.817786
634.9,628.78,0.09271,0.82119
638.23,628.78,0.092784,0.826766
641.73,628.78,0.093545,0.832971
645.4,628.78,0.094066,0.837811
648.9,628.78,0.094676,0.840614
652.4,628.78,0.094731,0.843415
656.08,628.78,0.095085,0.844835
659.58,628.78,0.095252,0.840987
663.25,628.78,0.095588,0.833341
666.75,628.78,0.095511,0.825103
670.25,628.78,0.095988,0.817167
673.93,628.78,0.095988,0.80599
677.43,628.78,0.096003,0.790448
680.93,628.78,0.095991,0.771548
684.43,628.78,0.095945,0.75315
687.93,628.78,0.095828,0.739339
691.43,628.78,0.095948,0.726877
694.93,628.78,0.095914,0.713871
698.6,628.78,0.095859,0.701536
702.1,628.78,0.096275,0.689736
705.6,628.78,0.096194,0.681452
709.28,628.78,0.096345,0.679308
12.25,661.85,0.120467,0.70432
15.93,661.85,0.120846,0.714404
19.6,661.85,0.121253,0.721138
23.28,661.85,0.121693,0.725115
26.78,661.85,0.121432,0.729015
30.28,661.85,0.121154,0.734595
33.78,661.85,0.120353,0.742503
37.45,661.85,0.119525,0.752022
40.95,661.85,0.118385,0.763661
44.45,661.85,0.116918,0.7749
47.95,661.85,0.115279,0.782546
51.45,661.85,0.113295,0.785993
55.13,661.85,0.111324,0.785858
58.63,661.85,0.109583,0.783827
62.13,661.85,0.10792,0.779404
65.63,661.85,0.105831,0.774209
69.13,661.85,0.104029,0.76786
72.8,661.85,0.10234,0.760426
76.3,661.85,0.100933,0.750377
79.8,661.85,0.100002,0.739222
83.3,661.85,0.099047,0.730587
86.8,661.85,0.098496,0.726711
90.3,661.85,0.09808,0.726468
93.8,661.85,0.097809,0.728544
97.3,661.85,0.097689,0.732281
100.8,661.85,0.097904,0.73672
104.48,661.85,0.097541,0.741255
107.98,661.85,0.097267,0.747851
111.65,661.85,0.096644,0.755476
115.15,661.85,0.096336,0.764142
118.83,661.85,0.095449,0.773396
122.33,661.85,0.094814,0.781609
125.83,661.85,0.094827,0.789964
129.5,661.85,0.094312,0.798877
133.0,661.85,0.094417,0.809733
136.5,661.85,0.094592,0.82221
140.0,661.85,0.094802,0.832684
143.68,661.85,0.094814,0.838513
147.18,661.85,0.095082,0.837789
150.68,661.85,0.095541,0.832842
154.18,661.85,0.095535,0.827897
157.85,661.85,0.095563,0.827071
161.35,661.85,0.095745,0.832395
164.85,661.85,0.095243,0.84009
168.53,661.85,0.095005,0.85013
171.85,661.85,0.094747,0.864862
175.53,661.85,0.09442,0.882481
179.03,661.85,0.094096,0.895753
182.53,661.85,0.093188,0.90326
186.2,661.85,0.092923,0.907025
189.7,661.85,0.092587,0.908994
193.38,661.85,0.092454,0.914564
196.88,661.85,0.092513,0.924918
200.38,661.85,0.091903,0.936353
203.7,661.85,0.092307,0.941997
207.38,661.85,0.092627,0.936634
210.88,661.85,0.092605,0.922416
214.55,661.85,0.092393,0.907389
218.05,661.85,0.092479,0.892657
221.73,661.85,0.092066,0.881159
225.23,661.85,0.092251,0.87034
228.73,661.85,0.091718,0.858957
232.4,661.85,0.091925,0.848689
235.9,661.85,0.092356,0.841206
239.4,661.85,0.092408,0.837577
242.9,661.85,0.093027,0.835827
246.4,661.85,0.093422,0.832894
249.9,661.85,0.094038,0.828809
253.58,661.85,0.094691,0.827863
257.08,661.85,0.095138,0.831052
260.58,661.85,0.096515,0.838187
264.08,661.85,0.098055,0.846643
267.58,661.85,0.099522,0.853131
271.25,661.85,0.100464,0.85599
274.75,661.85,0.101191,0.852931
278.25,661.85,0.101475,0.844708
281.75,661.85,0.100874,0.837949
285.25,661.85,0.100523,0.834484
288.93,661.85,0.09983,0.832392
292.43,661.85,0.099118,0.830987
296.1,661.85,0.098363,0.831711
299.6,661.85,0.097944,0.832506
303.1,661.85,0.09771,0.834477
306.78,661.85,0.098071,0.839416
310.45,661.85,0.098591,0.845753
313.95,661.85,0.098905,0.851042
317.45,661.85,0.098887,0.854881
320.95,661.85,0.098613,0.860876
324.45,661.85,0.098185,0.871535
328.13,661.85,0.097344,0.884437
331.63,661.85,0.096915,0.894166
335.13,661.85,0.09674,0.895808
338.63,661.85,0.096398,0.886883
342.3,661.85,0.095775,0.870482
345.8,661.85,0.095581,0.854003
349.48,661.85,0.095082,0.841776
352.8,661.85,0.094743,0.832681
356.48,661.85,0.094928,0.825556
360.15,661.85,0.094663,0.818381
363.65,661.85,0.094885,0.812253
367.15,661.85,0.095011,0.807872
370.65,661.85,0.095292,0.805543
374.33,661.85,0.095846,0.808824
377.83,661.85,0.09592,0.817133
381.5,661.85,0.096352,0.825565
385.0,661.85,0.095828,0.832922
388.5,661.85,0.095544,0.842543
392.18,661.85,0.095098,0.854708
395.68,661.85,0.094799,0.865864
398.83,661.85,0.094679,0.876289
402.68,661.85,0.094528,0.887724
406.18,661.85,0.094204,0.896304
409.85,661.85,0.093579,0.899
413.53,661.85,0.093169,0.895463
417.03,661.85,0.092516,0.886819
420.53,661.85,0.091601,0.874588
424.2,661.85,0.091305,0.858695
427.7,661.85,0.091352,0.842216
431.2,661.85,0.091496,0.831067
434.88,661.85,0.091401,0.828073
438.38,661.85,0.091804,0.831683
441.88,661.85,0.09198,0.840731
445.38,661.85,0.092541,0.85489
449.05,661.85,0.09275,0.866144
452.55,661.85,0.092855,0.870204
456.05,661.85,0.09283,0.86753
459.38,661.85,0.093175,0.86013
463.4,661.85,0.093305,0.849678
466.73,661.85,0.09357,0.838559
470.4,661.85,0.093998,0.82843
473.9,661.85,0.093949,0.819884
477.58,661.85,0.094217,0.812765
481.08,661.85,0.094928,0.810697
484.58,661.85,0.094589,0.815821
488.08,661.85,0.095061,0.82571
491.58,661.85,0.095397,0.835574
495.25,661.85,0.094885,0.841717
498.75,661.85,0.094845,0.845513
502.25,661.85,0.094901,0.851172
505.75,661.85,0.094599,0.857971
509.25,661.85,0.09462,0.86193
512.75,661.85,0.094719,0.86205
516.43,661.85,0.094854,0.860399
519.93,661.85,0.094907,0.857426
523.43,661.85,0.094876,0.857373
526.93,661.85,0.095162,0.858242
530.6,661.85,0.095082,0.857623
534.1,661.85,0.095332,0.857518
537.6,661.85,0.095098,0.857965
541.1,661.85,0.094827,0.859835
544.78,661.85,0.094922,0.859425
548.28,661.85,0.094358,0.857386
551.78,661.85,0.094398,0.853704
555.28,661.85,0.094029,0.849262
558.95,661.85,0.094287,0.848476
562.45,661.85,0.094235,0.85131
565.95,661.85,0.093955,0.855531
569.45,661.85,0.093687,0.85754
572.95,661.85,0.093714,0.858787
576.45,661.85,0.093323,0.859419
580.13,661.85,0.093262,0.857392
583.63,661.85,0.0932,0.85156
587.13,661.85,0.093366,0.843559
590.63,661.85,0.093477,0.835411
594.3,661.85,0.093157,0.82904
597.8,661.85,0.093246,0.82745
601.3,661.85,0.093431,0.830312
604.8,661.85,0.09332,0.834234
608.3,661.85,0.093317,0.836129
611.98,661.85,0.093329,0.837253
615.48,661.85,0.093209,0.839773
618.98,661.85,0.093191,0.844037
622.65,661.85,0.093289,0.847694
626.15,661.85,0.093493,0.852053
629.65,661.85,0.093705,0.856483
633.15,661.85,0.0936,0.862016
636.83,661.85,0.09356,0.868569
640.15,661.85,0.093714,0.875118
643.83,661.85,0.093696,0.877817
647.33,661.85,0.093536,0.874071
651.0,661.85,0.094053,0.865331
654.5,661.85,0.09421,0.851024
658.0,661.85,0.094485,0.831964
661.68,661.85,0.094808,0.809708
665.18,661.85,0.094706,0.787198
669.03,661.85,0.095092,0.767398
672.53,661.85,0.095532,0.757028
676.03,661.85,0.095455,0.756123
679.53,661.85,0.09564,0.763319
683.2,661.85,0.095538,0.774918
686.7,661.85,0.095541,0.782946
690.2,661.85,0.095748,0.786249
693.7,661.85,0.095252,0.789465
697.38,661.85,0.0954,0.797161
700.88,661.85,0.095218,0.809142
704.38,661.85,0.094922,0.821902
707.88,661.85,0.094913,0.832518
711.38,661.85,0.09482,0.837087
12.25,694.92,0.124596,0.760473
15.93,694.92,0.124719,0.762832
19.43,694.92,0.124713,0.76875
23.1,694.92,0.124136,0.777706
26.6,694.92,0.123902,0.787666
30.1,694.92,0.123486,0.798578
33.95,694.92,0.123342,0.808892
37.45,694.92,0.122387,0.817906
41.13,694.92,0.121447,0.820482
44.63,694.92,0.120058,0.816529
48.3,694.92,0.118499,0.809921
51.8,694.92,0.116586,0.804419
55.3,694.92,0.114438,0.801615
58.98,694.92,0.112239,0.801036
62.48,694.92,0.110242,0.805149
65.98,694.92,0.108551,0.814499
69.48,694.92,0.106774,0.829542
73.15,694.92,0.105464,0.846424
76.3,694.92,0.104488,0.858294
80.15,694.92,0.103326,0.864092
83.65,694.92,0.102562,0.865614
87.15,694.92,0.101681,0.863236
90.83,694.92,0.100846,0.859508
94.33,694.92,0.100279,0.858753
97.83,694.92,0.099287,0.859693
101.5,694.92,0.098791,0.861434
105.18,694.92,0.098536,0.859237
108.5,694.92,0.098684,0.848513
112.18,694.92,0.099026,0.833525
115.68,694.92,0.099063,0.822142
119.18,694.92,0.099358,0.81766
122.85,694.92,0.099247,0.818227
126.35,694.92,0.099198,0.819212
129.85,694.92,0.098576,0.819216
133.35,694.92,0.098714,0.821261
136.85,694.92,0.098419,0.828461
140.35,694.92,0.098255,0.839961
144.03,694.92,0.098311,0.851754
147.53,694.92,0.097984,0.860854
151.03,694.92,0.097821,0.86786
154.7,694.92,0.097747,0.87416
158.03,694.92,0.097926,0.879792
161.7,694.92,0.09812,0.886384
165.38,694.92,0.098437,0.896745
169.05,694.92,0.098582,0.910365
172.55,694.92,0.098486,0.922897
176.05,694.92,0.098499,0.930679
179.73,694.92,0.098154,0.932521
183.23,694.92,0.097892,0.929656
186.9,694.92,0.097183,0.924551
190.4,694.92,0.09662,0.919394
193.9,694.92,0.095843,0.916082
197.4,694.92,0.095434,0.915272
200.9,694.92,0.094839,0.917946
204.4,694.92,0.094851,0.922198
208.08,694.92,0.094318,0.924921
211.58,694.92,0.094303,0.928125
215.08,694.92,0.09475,0.933596
218.58,694.92,0.094697,0.945078
222.25,694.92,0.09475,0.961304
225.75,694.92,0.09483,0.974486
229.25,694.92,0.094734,0.982188
232.75,694.92,0.094614,0.987515
236.25,694.92,0.094691,0.990962
239.93,694.92,0.094787,0.990937
243.43,694.92,0.09462,0.991652
247.1,694.92,0.094848,0.997037
250.6,694.92,0.094691,1.00586
254.28,694.92,0.094651,1.011273
257.78,694.92,0.094873,1.010386
261.45,694.92,0.095356,1.005383
264.95,694.92,0.095973,0.997136
268.63,694.92,0.097183,0.989868
272.13,694.92,0.098474,0.987546
275.8,694.92,0.100055,0.990032
279.3,694.92,0.101228,0.994526
282.98,694.92,0.101592,0.999077
286.48,694.92,0.101361,1.000352
289.98,694.92,0.1006,0.99704
293.48,694.92,0.099811,0.99274
296.98,694.92,0.098989,0.990466
300.48,694.92,0.09906,0.986846
303.98,694.92,0.099023,0.97928
307.65,694.92,0.099337,0.970984
311.15,694.92,0.100005,0.96643
314.65,694.92,0.099824,0.964372
318.33,694.92,0.099324,0.961353
321.83,694.92,0.098822,0.955106
325.33,694.92,0.098305,0.950019
329.0,694.92,0.097858,0.948547
332.68,694.92,0.097796,0.948458
336.18,694.92,0.097528,0.945657
339.68,694.92,0.097319,0.941018
343.18,694.92,0.096986,0.936665
346.85,694.92,0.096576,0.934108
350.35,694.92,0.096312,0.937592
354.03,694.92,0.095748,0.945867
357.35,694.92,0.095714,0.954277
361.03,694.92,0.095132,0.962315
364.53,694.92,0.095064,0.968029
368.03,694.92,0.095403,0.966902
371.53,694.92,0.09548,0.96066
375.03,694.92,0.095129,0.950611
378.7,694.92,0.095162,0.938578
382.2,694.92,0.095153,0.927715
385.7,694.92,0.094999,0.918196
389.38,694.92,0.095332,0.911418
392.88,694.92,0.095572,0.910158
396.38,694.92,0.09539,0.915867
399.88,694.92,0.095748,0.924052
403.38,694.92,0.095923,0.93075
406.88,694.92,0.095846,0.936292
410.55,694.92,0.095541,0.94147
414.05,694.92,0.095169,0.944705
417.55,694.92,0.095058,0.945429
421.05,694.92,0.094913,0.943947
424.55,694.92,0.094839,0.940827
428.05,694.92,0.0947,0.93895
431.73,694.92,0.094673,0.937022
435.23,694.92,0.094756,0.93416
438.73,694.92,0.094691,0.931865
442.23,694.92,0.094478,0.932681
445.9,694.92,0.094438,0.939896
449.23,694.92,0.094475,0.951994
452.9,694.92,0.093933,0.964739
456.58,694.92,0.094023,0.976446
459.9,694.92,0.093902,0.986514
463.4,694.92,0.093594,0.993855
467.08,694.92,0.093573,0.99708
470.58,694.92,0.093659,0.995931
474.08,694.92,0.093545,0.99021
477.75,694.92,0.09332,0.979117
481.25,694.92,0.09332,0.96623
484.75,694.92,0.09287,0.952928
488.25,694.92,0.092883,0.940312
491.75,694.92,0.092698,0.930229
495.25,694.92,0.092501,0.925177
498.75,694.92,0.092162,0.923103
502.43,694.92,0.092122,0.921011
505.93,694.92,0.09178,0.917774
509.6,694.92,0.091743,0.911255
513.1,694.92,0.091863,0.898116
516.6,694.92,0.091675,0.880127
520.28,694.92,0.091891,0.86473
523.78,694.92,0.092122,0.858202
527.63,694.92,0.092553,0.862324
531.13,694.92,0.093169,0.871153
534.8,694.92,0.093591,0.880047
538.3,694.92,0.094257,0.885063
541.98,694.92,0.09482,0.885001
545.65,694.92,0.094928,0.883954
549.15,694.92,0.094981,0.886544
552.65,694.92,0.095076,0.892903
556.33,694.92,0.095495,0.899631
559.83,694.92,0.095951,0.906822
563.33,694.92,0.096706,0.915306
566.83,694.92,0.097076,0.921464
570.5,694.92,0.097159,0.923362
574.0,694.92,0.097085,0.922999
577.5,694.92,0.096943,0.920981
