x,y,z,z2
0.0,3.59,0.024349,-0.002921
0.0,7.13,0.023986,0.00348
0.0,10.72,0.024075,0.004383
0.0,14.31,0.024195,0.003807
0.0,17.85,0.02409,0.00397
0.0,21.44,0.02442,0.004626
0.0,25.02,0.024423,0.004423
0.0,28.52,0.024703,0.004657
0.0,32.16,0.024891,0.004158
0.0,35.7,0.024352,0.004263
0.0,39.2,0.024522,0.004238
0.0,42.74,0.024445,0.003767
0.0,46.29,0.024365,0.004026
0.0,49.79,0.024636,0.003822
0.0,54.6,0.025199,0.002066
0.0,58.27,0.025523,0.004408
0.0,61.77,0.025628,0.004531
0.0,65.36,0.025973,0.00467
0.0,68.86,0.026037,0.00491
0.0,72.54,0.026318,0.005357
0.0,76.04,0.026259,0.005942
0.0,79.58,0.026398,0.005582
0.0,83.17,0.025846,0.005843
0.0,86.71,0.025618,0.00519
0.0,90.26,0.025085,0.005261
0.0,93.76,0.024898,0.004349
0.0,97.3,0.024442,0.004682
0.0,100.89,0.024161,0.003748
0.0,104.43,0.024171,0.004066
0.0,107.8,0.024494,0.004269
0.0,111.3,0.024365,0.004439
0.0,115.06,0.024842,0.0047
0.0,118.61,0.024722,0.004522
0.0,122.11,0.024352,0.004405
0.0,125.56,0.02409,0.003274
0.0,129.28,0.024081,0.003413
0.0,132.87,0.023684,0.002624
0.0,136.37,0.023628,0.003061
0.0,140.0,0.023752,0.001355
0.0,143.59,0.023662,0.002707
0.0,147.09,0.023668,0.002599
0.0,150.68,0.023671,0.002464
0.0,154.18,0.023206,0.002026
0.0,157.81,0.023274,0.002445
0.0,161.31,0.022892,0.002088
0.0,164.85,0.022458,0.001644
0.0,168.39,0.022048,0.001475
0.0,171.94,0.022156,0.001589
0.0,175.44,0.022242,0.001552
0.0,178.98,0.022399,0.001909
0.0,182.48,0.022877,0.001832
0.0,185.98,0.023539,0.002855
0.0,189.53,0.023921,0.003157
0.0,193.03,0.024321,0.004167
0.0,196.57,0.024845,0.00462
0.0,200.07,0.024799,0.004565
0.0,203.7,0.02483,0.004762
0.0,207.2,0.024414,0.004488
0.0,210.79,0.024325,0.004429
0.0,214.03,0.024586,0.00361
0.0,218.01,0.024278,0.0041
0.0,221.51,0.02442,0.004029
0.0,225.01,0.024793,0.004346
0.0,228.64,0.025058,0.003875
0.0,232.14,0.025283,0.004029
0.0,235.73,0.025572,0.004633
0.0,239.27,0.025976,0.004562
0.0,242.86,0.025945,0.004688
0.0,246.36,0.026219,0.005332
0.0,249.86,0.026253,0.005141
0.0,253.49,0.026349,0.004944
0.0,257.03,0.02593,0.004793
0.0,260.58,0.02596,0.004996
0.0,264.12,0.025991,0.004941
0.0,267.71,0.025612,0.004916
0.0,271.25,0.025495,0.005055
0.0,274.66,0.025175,0.005699
0.0,278.51,0.025508,0.005406
0.0,282.06,0.026062,0.006004
0.0,285.6,0.026028,0.005887
0.0,289.1,0.026262,0.006074
0.0,292.69,0.026706,0.006481
0.0,296.23,0.02665,0.006567
0.0,299.73,0.027073,0.006805
0.0,303.23,0.027036,0.006814
0.0,306.82,0.02743,0.006755
0.0,310.32,0.027544,0.006986
0.0,313.91,0.027947,0.006919
0.0,317.36,0.027738,0.007214
0.0,320.91,0.028203,0.005662
0.0,324.71,0.028228,0.006577
0.0,328.26,0.028262,0.007153
0.0,331.76,0.02849,0.007399
0.0,335.34,0.028591,0.007904
0.0,338.93,0.028656,0.007559
0.0,342.39,0.028678,0.0078
0.0,345.93,0.02849,0.007633
0.0,349.69,0.028477,0.009747
0.0,353.28,0.028952,0.008789
0.0,356.87,0.028872,0.008761
0.0,360.46,0.029429,0.008554
0.0,364.0,0.029466,0.008487
0.0,367.54,0.029315,0.009124
0.0,371.09,0.029891,0.008835
0.0,374.63,0.029941,0.008866
0.0,378.17,0.030668,0.009204
0.0,381.72,0.030603,0.009007
0.0,385.26,0.030569,0.009097
0.0,388.85,0.030541,0.009001
0.0,392.44,0.030514,0.009026
0.0,395.94,0.030464,0.009285
0.0,399.61,0.030344,0.009343
0.0,403.16,0.030147,0.009408
0.0,406.7,0.029651,0.008804
0.0,410.02,0.029805,0.008795
0.0,413.7,0.029522,0.008708
0.0,417.29,0.029251,0.009121
0.0,420.87,0.029016,0.009072
0.0,424.46,0.028986,0.008508
0.0,427.92,0.028853,0.00885
0.0,431.51,0.029485,0.009208
0.0,435.01,0.029833,0.009457
0.0,438.59,0.030166,0.009833
0.0,442.14,0.030397,0.010175
0.0,445.72,0.030486,0.010138
0.0,449.27,0.030397,0.010052
0.0,452.81,0.030532,0.009534
0.0,456.62,0.030464,0.007473
0.0,460.21,0.030597,0.009294
0.0,463.75,0.030594,0.009457
0.0,467.25,0.030215,0.009026
0.0,470.84,0.029833,0.008422
0.0,474.38,0.029408,0.008345
0.0,477.84,0.028989,0.008031
0.0,481.38,0.028681,0.007904
0.0,484.97,0.028419,0.007793
0.0,488.56,0.028209,0.007753
0.0,492.06,0.028342,0.007824
0.0,495.6,0.028604,0.009097
0.0,499.19,0.028613,0.008323
0.0,502.77,0.028622,0.008557
0.0,506.27,0.028943,0.008693
0.0,509.86,0.029417,0.009294
0.0,513.41,0.029787,0.009321
0.0,516.99,0.030021,0.009506
0.0,520.49,0.030135,0.009568
0.0,523.99,0.030156,0.00983
0.0,527.54,0.029756,0.009281
0.0,531.08,0.029731,0.008139
0.0,534.67,0.029149,0.007784
0.0,538.21,0.028604,0.007621
0.0,541.71,0.02816,0.007495
0.0,545.34,0.027473,0.005856
0.0,548.89,0.026882,0.005742
0.0,552.39,0.026389,0.005233
0.0,555.93,0.025933,0.004568
0.0,559.47,0.02564,0.004442
0.0,562.97,0.025122,0.003906
0.0,566.47,0.024814,0.003804
0.0,570.02,0.024876,0.003721
0.0,573.56,0.024904,0.003912
0.0,577.15,0.024503,0.003286
0.0,580.65,0.024334,0.003613
0.0,584.15,0.023776,0.002938
0.0,587.78,0.02292,0.002467
0.0,591.63,0.021878,0.002242
0.0,595.17,0.020914,0.000862
0.0,598.72,0.019626,-0.000435
0.0,602.31,0.019097,-0.002006
0.0,605.89,0.018764,-0.002348
0.0,609.48,0.018046,-0.003239
0.0,613.02,0.017627,-0.003636
0.0,616.66,0.017612,-0.003679
0.0,620.33,0.017516,-0.003451
0.0,623.83,0.017575,-0.003125
0.0,627.37,0.017587,-0.003195
0.0,630.92,0.017627,-0.003297
0.0,634.46,0.017504,-0.003063
0.0,638.01,0.017507,-0.00237
0.0,641.59,0.01715,-0.002826
0.0,645.14,0.017214,-0.002946
0.0,648.68,0.017156,-0.00257
0.0,652.22,0.017193,-0.003048
0.0,655.72,0.017257,-0.002595
0.0,659.22,0.017082,-0.002585
0.0,662.77,0.017254,-0.002841
0.0,666.27,0.016755,-0.003285
0.0,669.81,0.016438,-0.003852
0.0,673.36,0.016136,-0.004175
0.0,676.86,0.015572,-0.004369
0.0,680.36,0.015289,-0.005189
0.0,684.03,0.014771,-0.005327
0.0,687.57,0.014047,-0.005882
36.14,12.47,0.023323,-0.004865
36.14,16.01,0.023185,0.001854
36.14,19.82,0.022932,0.003884
36.14,23.36,0.022602,0.002519
36.14,26.86,0.02247,0.002261
36.14,30.45,0.022498,0.002467
36.14,33.99,0.022479,0.002368
36.14,37.54,0.022525,0.00247
36.14,41.17,0.022578,0.002208
36.14,44.62,0.022297,0.002082
36.14,48.17,0.022146,0.00223
36.14,51.62,0.022208,0.002196
36.14,55.21,0.022248,0.001909
36.14,58.97,0.0221,-0.000623
36.14,62.61,0.022513,0.000905
36.14,65.97,0.022433,0.001453
36.14,69.78,0.022227,0.001398
36.14,73.24,0.022073,0.001081
36.14,76.74,0.022347,0.001201
36.14,80.28,0.022054,0.00129
36.14,83.87,0.022513,0.00158
36.14,87.37,0.022553,0.001641
36.14,90.91,0.022532,0.00211
36.14,94.37,0.022569,0.002088
36.14,97.96,0.022516,0.002063
36.14,101.5,0.022895,0.00284
36.14,105.31,0.022911,0.003456
36.14,108.81,0.023296,0.003308
36.14,112.35,0.023317,0.003268
36.14,115.98,0.023656,0.002951
36.14,119.52,0.023388,0.002452
36.14,123.02,0.023194,0.00284
36.14,126.52,0.022849,0.002575
36.14,130.11,0.022535,0.001635
36.14,133.66,0.022436,0.000443
36.14,137.29,0.023018,0.001857
36.14,140.83,0.023391,0.002261
36.14,144.37,0.023588,0.002482
36.14,148.01,0.024004,0.002972
36.14,151.55,0.024349,0.003665
36.14,155.14,0.02475,0.003841
36.14,158.64,0.024894,0.003896
36.14,162.14,0.02479,0.004161
36.14,165.64,0.025076,0.00442
36.14,169.18,0.025221,0.004864
36.14,172.72,0.025452,0.005116
36.14,176.27,0.026299,0.005699
36.14,180.16,0.026758,0.0067
36.14,183.71,0.027042,0.006848
36.14,187.21,0.027581,0.007328
36.14,190.71,0.028157,0.007763
36.14,194.25,0.028551,0.007208
36.14,197.92,0.028964,0.007655
36.14,201.42,0.028992,0.007797
36.14,204.97,0.028912,0.008071
36.14,208.51,0.028699,0.007279
36.14,212.1,0.028286,0.00678
36.14,215.6,0.028339,0.007051
36.14,219.23,0.027858,0.0069
36.14,222.77,0.028326,0.007353
36.14,226.32,0.028095,0.007208
36.14,229.91,0.02857,0.008188
36.14,233.41,0.028573,0.007944
36.14,236.95,0.028252,0.00763
36.14,240.45,0.0282,0.007679
36.14,243.99,0.028274,0.008252
36.14,247.54,0.028212,0.007821
36.14,251.04,0.028231,0.007972
36.14,254.71,0.0278,0.007889
36.14,258.39,0.027898,0.007673
36.14,261.89,0.028329,0.007907
36.14,265.47,0.028311,0.007452
36.14,269.02,0.028354,0.006977
36.14,272.65,0.028308,0.00731
36.14,276.15,0.028182,0.007408
36.14,279.69,0.028009,0.006666
36.14,283.24,0.027803,0.006472
36.14,286.78,0.027587,0.006752
36.14,290.41,0.027572,0.006324
36.14,294.0,0.027208,0.006053
36.14,297.59,0.026746,0.006269
36.14,301.17,0.026312,0.006188
36.14,304.72,0.026382,0.006071
36.14,308.39,0.026016,0.006151
36.14,311.89,0.026087,0.006
36.14,315.48,0.025951,0.005948
36.14,318.94,0.025982,0.005985
36.14,322.57,0.026481,0.006207
36.14,326.07,0.026441,0.006235
36.14,329.61,0.02682,0.006148
36.14,333.2,0.026694,0.006176
36.14,336.74,0.02682,0.005437
36.14,340.29,0.026798,0.005659
36.14,343.87,0.026771,0.005575
36.14,347.46,0.026503,0.005203
36.14,351.05,0.026179,0.005079
36.14,354.64,0.025723,0.004389
36.14,358.27,0.025551,0.004716
36.14,361.81,0.025061,0.004537
36.14,365.31,0.025255,0.004469
36.14,368.86,0.02511,0.004358
36.14,372.4,0.025261,0.005126
36.14,375.94,0.025181,0.004993
36.14,379.53,0.024762,0.004676
36.14,383.07,0.024916,0.005009
36.14,386.75,0.024355,0.004525
36.14,390.34,0.024494,0.004362
36.14,393.88,0.024442,0.00426
36.14,397.42,0.02434,0.004377
36.14,400.92,0.024389,0.003776
36.14,404.73,0.024842,0.00182
36.14,408.27,0.024944,0.003752
36.14,411.86,0.025363,0.004057
36.14,415.41,0.025896,0.004756
36.14,419.08,0.026013,0.005424
36.14,422.54,0.026284,0.005575
36.14,426.08,0.026296,0.005354
36.14,429.67,0.026096,0.005643
36.14,433.12,0.025859,0.005625
36.14,436.71,0.026031,0.005652
36.14,440.26,0.026327,0.006195
36.14,443.89,0.026321,0.006398
36.14,447.39,0.026506,0.006241
36.14,450.93,0.026835,0.006614
36.14,454.52,0.02715,0.007051
36.14,458.11,0.027485,0.007276
36.14,461.61,0.02751,0.007261
36.14,465.15,0.027664,0.007137
36.14,468.65,0.027861,0.007519
36.14,472.28,0.027929,0.006934
36.14,475.82,0.02787,0.00722
36.14,479.15,0.027485,0.005923
36.14,482.91,0.02726,0.006213
36.14,486.5,0.027322,0.005806
36.14,490.0,0.027116,0.0056
36.14,493.72,0.027248,0.006478
36.14,497.31,0.027421,0.006687
36.14,500.81,0.027821,0.006968
36.14,504.31,0.027827,0.007482
36.14,507.89,0.027858,0.007729
36.14,511.44,0.027944,0.007701
36.14,514.94,0.027877,0.007334
36.14,518.52,0.027935,0.007834
36.14,521.98,0.027932,0.007735
36.14,525.61,0.028336,0.008437
36.14,529.16,0.028718,0.008564
36.14,532.79,0.029063,0.008829
36.14,536.33,0.029491,0.009078
36.14,539.79,0.029876,0.009694
36.14,543.33,0.030169,0.009753
36.14,546.87,0.030215,0.009802
36.14,550.42,0.030603,0.010187
36.14,553.87,0.030588,0.010036
36.14,557.46,0.031044,0.010323
36.14,561.01,0.030862,0.010277
36.14,564.55,0.031013,0.009854
36.14,568.4,0.030911,0.00938
36.14,571.99,0.030902,0.009288
36.14,575.49,0.03085,0.009885
36.14,578.99,0.030908,0.009608
36.14,582.53,0.030791,0.011792
36.14,585.99,0.031379,0.009192
36.14,589.57,0.031663,0.011161
36.14,593.16,0.031857,0.011376
36.14,596.71,0.032202,0.011786
36.14,600.25,0.032612,0.012639
36.14,603.79,0.032864,0.012208
36.14,607.29,0.032898,0.012387
36.14,610.88,0.033293,0.012923
36.14,614.34,0.032855,0.012587
36.14,617.62,0.032402,0.012587
36.14,621.47,0.032276,0.011912
36.14,624.97,0.031835,0.011423
36.14,627.9,0.031287,0.01097
36.14,632.06,0.030486,0.010532
36.14,635.64,0.030569,0.010403
36.14,639.14,0.030523,0.010338
36.14,642.6,0.030591,0.010514
36.14,646.19,0.030637,0.009984
36.14,649.34,0.030606,0.010252
36.14,653.19,0.030511,0.010095
36.14,656.73,0.030058,0.009667
36.14,660.41,0.030129,0.008764
36.14,663.86,0.030203,0.008779
36.14,667.41,0.030064,0.009198
36.14,670.91,0.029713,0.008668
36.14,674.45,0.02897,0.008157
36.14,678.04,0.028474,0.006774
36.14,681.58,0.02763,0.006441
36.14,685.12,0.026752,0.005446
36.14,688.93,0.025871,0.006121
72.23,12.6,0.027482,0.00207
72.23,16.14,0.028262,0.007621
72.23,19.77,0.028564,0.005492
72.23,23.41,0.029026,0.008394
72.23,26.95,0.029023,0.007504
72.23,30.27,0.029007,0.007815
72.23,31.85,0.028662,0.007442
72.23,37.62,0.028471,0.007384
72.23,41.08,0.028265,0.007005
72.23,44.67,0.027815,0.006845
72.23,47.86,0.02751,0.006761
72.23,51.8,0.026666,0.006142
72.23,55.43,0.026235,0.006891
72.23,59.06,0.025631,0.005335
72.23,62.65,0.025107,0.005126
72.23,66.19,0.024907,0.004891
72.23,69.78,0.024882,0.004439
72.23,73.32,0.025163,0.004559
72.23,76.91,0.025122,0.004349
72.23,80.5,0.025261,0.00377
72.23,84.09,0.025508,0.004411
72.23,87.63,0.025517,0.004362
72.23,91.17,0.025055,0.004017
72.23,94.72,0.025116,0.00422
72.23,98.26,0.025135,0.003832
72.23,101.81,0.024808,0.003567
72.23,105.31,0.024476,0.003132
72.23,108.89,0.02409,0.003308
72.23,112.48,0.023582,0.002775
72.23,115.98,0.023403,0.002424
72.23,119.57,0.02337,0.002396
72.23,123.07,0.022852,0.002415
72.23,126.61,0.023052,0.002855
72.23,130.2,0.023249,0.00276
72.23,133.66,0.023286,0.003212
72.23,137.2,0.023564,0.003314
72.23,140.7,0.023998,0.003748
72.23,144.24,0.024035,0.004035
72.23,147.74,0.024383,0.004337
72.23,151.29,0.024358,0.004531
72.23,154.66,0.02442,0.004195
72.23,158.29,0.024402,0.004161
72.23,161.83,0.024094,0.003755
72.23,165.37,0.024016,0.003779
72.23,169.01,0.024112,0.004269
72.23,172.55,0.024007,0.004047
72.23,176.05,0.023527,0.003533
72.23,179.59,0.023671,0.003554
72.23,183.14,0.023296,0.002923
72.23,186.77,0.023394,0.002482
72.23,190.31,0.023308,0.002439
72.23,193.81,0.023231,0.002217
72.23,197.36,0.023576,0.002415
72.23,200.72,0.023631,0.001989
72.23,204.53,0.023819,0.002445
72.23,208.12,0.023622,0.002572
72.23,211.62,0.023625,0.002707
72.23,214.72,0.023625,0.002683
72.23,218.71,0.023604,0.002655
72.23,222.21,0.024081,0.002917
72.23,225.71,0.023986,0.003083
72.23,229.34,0.024023,0.003462
72.23,232.97,0.024479,0.004251
72.23,236.51,0.024423,0.004183
72.23,240.06,0.024762,0.004586
72.23,243.6,0.024787,0.004938
72.23,247.14,0.024833,0.004651
72.23,250.64,0.024833,0.004993
72.23,254.23,0.024386,0.004442
72.23,257.77,0.023936,0.00406
72.23,261.23,0.024115,0.00369
72.23,264.86,0.02434,0.004568
72.23,268.45,0.024922,0.004395
72.23,271.99,0.02479,0.004174
72.23,275.67,0.024938,0.003074
72.23,279.26,0.025119,0.004081
72.23,282.76,0.025132,0.004278
72.23,286.3,0.025397,0.004352
72.23,289.89,0.025686,0.004417
72.23,293.47,0.025951,0.004854
72.23,297.02,0.026413,0.005298
72.23,300.56,0.026228,0.005397
72.23,304.06,0.026669,0.005671
72.23,307.61,0.02666,0.006034
72.23,311.19,0.026934,0.006432
72.23,314.74,0.027187,0.00661
72.23,318.24,0.027624,0.007257
72.23,321.91,0.028296,0.008718
72.23,325.41,0.028271,0.007929
72.23,328.91,0.02845,0.008363
72.23,332.41,0.028619,0.008493
72.23,336.31,0.028662,0.006728
72.23,339.85,0.028936,0.009171
72.23,343.39,0.029023,0.00808
72.23,346.89,0.029029,0.008354
72.23,350.39,0.029081,0.00853
72.23,353.98,0.028924,0.00784
72.23,357.48,0.029362,0.008625
72.23,360.98,0.029411,0.008638
72.23,364.57,0.029285,0.008098
72.23,368.11,0.029392,0.008453
72.23,371.66,0.028859,0.007618
72.23,375.2,0.029063,0.007997
72.23,378.74,0.02909,0.00788
72.23,382.24,0.028564,0.00755
72.23,385.79,0.028209,0.007063
72.23,389.33,0.028148,0.006956
72.23,392.87,0.02779,0.007042
72.23,396.42,0.027381,0.006952
72.23,400.05,0.027319,0.007079
72.23,403.59,0.027455,0.007106
72.23,407.14,0.027337,0.007211
72.23,410.72,0.027378,0.007602
72.23,414.31,0.027538,0.007313
72.23,417.77,0.027411,0.00739
72.23,421.4,0.02739,0.007553
72.23,424.94,0.027408,0.007264
72.23,428.53,0.027488,0.007211
72.23,432.07,0.027504,0.007193
72.23,435.62,0.027485,0.007017
72.23,439.21,0.027528,0.006207
72.23,442.71,0.027384,0.007396
72.23,446.25,0.027609,0.006592
72.23,449.79,0.027017,0.005634
72.23,453.34,0.026598,0.006145
72.23,457.1,0.026641,0.004768
72.23,460.69,0.026709,0.005652
72.23,464.19,0.026657,0.00576
72.23,467.73,0.027002,0.006543
72.23,471.41,0.02706,0.007331
72.23,474.95,0.027005,0.007029
72.23,478.62,0.026774,0.007008
72.23,482.21,0.026752,0.006749
72.23,485.89,0.026681,0.005446
72.23,489.43,0.026635,0.00592
72.23,493.06,0.027091,0.005702
72.23,496.52,0.027482,0.007153
72.23,500.02,0.027747,0.007156
72.23,503.61,0.027947,0.006419
72.23,507.15,0.028154,0.007187
72.23,510.69,0.028142,0.007125
72.23,514.24,0.028317,0.007045
72.23,517.47,0.028111,0.006952
72.23,521.19,0.028594,0.007602
72.23,524.87,0.028952,0.007834
72.23,528.46,0.028927,0.008046
72.23,531.78,0.029349,0.00918
72.23,535.72,0.029352,0.009244
72.23,539.17,0.029358,0.008967
72.23,542.72,0.029522,0.008952
72.23,546.26,0.029713,0.009571
72.23,549.76,0.029817,0.009509
72.23,553.26,0.029691,0.009395
72.23,556.85,0.029204,0.009291
72.23,560.35,0.02898,0.00877
72.23,564.11,0.028884,0.008425
72.23,567.7,0.028619,0.007935
72.23,571.29,0.028585,0.007374
72.23,574.79,0.028644,0.007556
72.23,578.37,0.028576,0.007513
72.23,582.01,0.029057,0.00755
72.23,585.55,0.029201,0.007991
72.23,589.09,0.029411,0.008145
72.23,592.64,0.028939,0.008037
72.23,596.18,0.028983,0.007778
72.23,599.68,0.029072,0.007587
72.23,603.22,0.028804,0.007436
72.23,607.07,0.028625,0.009389
72.23,610.57,0.029007,0.008964
72.23,614.12,0.029029,0.009137
72.23,617.75,0.029694,0.009565
72.23,621.51,0.029916,0.008499
72.23,625.14,0.030338,0.009201
72.23,628.73,0.030655,0.008462
72.23,632.23,0.030403,0.009297
72.23,635.82,0.030575,0.009097
72.23,639.41,0.030474,0.009392
72.23,642.95,0.030224,0.009121
72.23,646.45,0.030138,0.009192
72.23,650.12,0.029753,0.009041
72.23,653.67,0.029315,0.008933
72.23,657.12,0.028758,0.007914
72.23,660.71,0.028194,0.008293
72.23,664.34,0.027408,0.008098
72.23,668.32,0.027085,0.004762
72.23,671.96,0.026786,0.005283
72.23,675.54,0.026435,0.00507
72.23,679.09,0.025859,0.004941
72.23,682.37,0.025927,0.005791
72.23,686.48,0.02568,0.005452
108.33,12.91,0.028986,0.003425
108.33,16.45,0.029029,0.008585
108.33,20.08,0.028964,0.009053
108.33,23.67,0.029026,0.008826
108.33,27.21,0.028659,0.008462
108.33,30.84,0.028625,0.006549
108.33,34.61,0.028622,0.006999
108.33,38.5,0.028594,0.007753
108.33,42.04,0.029029,0.008407
108.33,45.54,0.028946,0.008219
108.33,49.0,0.029066,0.009534
108.33,52.67,0.028819,0.008539
108.33,56.13,0.029112,0.008647
108.33,59.67,0.029041,0.008524
108.33,63.17,0.028493,0.008576
108.33,66.81,0.027947,0.008123
108.33,70.35,0.027458,0.007353
108.33,73.89,0.02715,0.007174
108.33,77.39,0.027017,0.006992
108.33,80.98,0.026641,0.006426
108.33,84.52,0.026265,0.005813
108.33,88.11,0.026731,0.006463
108.33,91.66,0.026805,0.0067
108.33,95.51,0.027125,0.003869
108.33,99.05,0.027131,0.00617
108.33,102.59,0.027301,0.006151
108.33,106.14,0.02751,0.006318
108.33,109.72,0.027458,0.007026
108.33,113.36,0.027405,0.006731
108.33,116.86,0.027599,0.007036
108.33,120.44,0.027513,0.007405
108.33,124.12,0.027485,0.008025
108.33,127.75,0.027553,0.007356
108.33,131.29,0.027359,0.007073
108.33,134.79,0.027892,0.007763
108.33,138.38,0.027775,0.007381
108.33,141.88,0.028277,0.007522
108.33,145.51,0.028588,0.007347
108.33,149.06,0.028638,0.007867
108.33,152.56,0.028859,0.008351
108.33,156.06,0.028582,0.007353
108.33,159.64,0.02852,0.007424
108.33,163.14,0.028203,0.007267
108.33,166.69,0.028117,0.006999
108.33,170.32,0.028437,0.007291
108.33,173.82,0.028622,0.007744
108.33,177.41,0.028986,0.008025
108.33,180.99,0.029269,0.008505
108.33,184.58,0.029007,0.008376
108.33,188.08,0.028949,0.008373
108.33,191.62,0.028613,0.00804
108.33,195.17,0.028573,0.008108
108.33,198.8,0.028185,0.009081
108.33,202.34,0.028289,0.008302
108.33,205.97,0.027827,0.007837
108.33,209.43,0.02784,0.007991
108.33,212.97,0.027947,0.007741
108.33,216.56,0.028126,0.008182
108.33,220.15,0.028554,0.0082
108.33,223.69,0.029013,0.008157
108.33,227.24,0.028924,0.008413
108.33,230.78,0.028961,0.007911
108.33,234.28,0.02905,0.008339
108.33,237.87,0.028927,0.008622
108.33,241.41,0.029497,0.007932
108.33,244.87,0.029762,0.008826
108.33,248.46,0.029707,0.008939
108.33,251.96,0.030233,0.00873
108.33,255.54,0.030073,0.008961
108.33,259.04,0.030652,0.009127
108.33,262.72,0.030545,0.009636
108.33,266.31,0.030141,0.009263
108.33,269.81,0.029737,0.009047
108.33,273.22,0.029494,0.009571
108.33,277.02,0.02934,0.00897
108.33,280.61,0.028915,0.009217
108.33,284.2,0.028484,0.00849
108.33,287.7,0.028582,0.00849
108.33,291.29,0.028215,0.008018
108.33,294.83,0.028256,0.007938
108.33,298.37,0.02832,0.007963
108.33,301.92,0.028179,0.008182
108.33,305.51,0.02784,0.007365
108.33,309.05,0.027593,0.006875
108.33,312.59,0.027033,0.005794
108.33,316.18,0.026654,0.005652
108.33,319.68,0.026595,0.005751
108.33,323.22,0.026746,0.00585
108.33,326.72,0.026666,0.005954
108.33,330.36,0.026355,0.005092
108.33,333.81,0.025942,0.004565
108.33,337.36,0.025532,0.004506
108.33,340.86,0.025504,0.00467
108.33,344.44,0.025132,0.0043
108.33,348.03,0.025153,0.004266
108.33,351.62,0.025236,0.004131
108.33,355.07,0.025344,0.004469
108.33,358.62,0.025569,0.004602
108.33,362.16,0.025514,0.004654
108.33,365.66,0.025899,0.005477
108.33,369.16,0.026,0.005104
108.33,372.71,0.025976,0.005196
108.33,376.29,0.025902,0.005634
108.33,379.88,0.026013,0.005911
108.33,383.38,0.026028,0.006031
108.33,386.97,0.025936,0.0058
108.33,390.47,0.025803,0.005942
108.33,394.1,0.026346,0.00661
108.33,397.56,0.026663,0.006586
108.33,401.14,0.027168,0.006912
108.33,404.69,0.027464,0.007233
108.33,408.41,0.027812,0.005877
108.33,411.91,0.028277,0.007735
108.33,415.41,0.028484,0.007538
108.33,419.04,0.028724,0.00743
108.33,422.54,0.028976,0.007892
108.33,426.12,0.029654,0.00824
108.33,429.67,0.030172,0.009186
108.33,433.17,0.030566,0.0091
108.33,436.71,0.030967,0.009509
108.33,440.26,0.031253,0.010258
108.33,443.8,0.03149,0.010153
108.33,447.39,0.031845,0.010615
108.33,450.93,0.031647,0.010572
108.33,454.52,0.032057,0.011438
108.33,458.11,0.032162,0.011598
108.33,461.61,0.032088,0.011265
108.33,465.11,0.032168,0.011543
108.33,468.61,0.032032,0.01218
108.33,472.24,0.032156,0.011894
108.33,475.78,0.032442,0.012322
108.33,479.32,0.032556,0.012143
108.33,482.74,0.032153,0.01211
108.33,486.41,0.031761,0.011595
108.33,490.0,0.031416,0.011044
108.33,493.54,0.030911,0.010532
108.33,497.09,0.030997,0.010566
108.33,500.59,0.031081,0.010511
108.33,504.09,0.03141,0.011167
108.33,507.63,0.031265,0.010751
108.33,511.17,0.030973,0.009947
108.33,514.76,0.030532,0.009321
108.33,518.26,0.030089,0.009546
108.33,521.94,0.02978,0.008299
108.33,525.44,0.029395,0.008431
108.33,528.81,0.029377,0.008447
108.33,532.52,0.029383,0.008225
108.33,536.07,0.029827,0.008477
108.33,539.57,0.030175,0.008989
108.33,543.2,0.030615,0.009516
108.33,546.79,0.031275,0.010523
108.33,550.33,0.031915,0.011364
108.33,553.83,0.032544,0.011641
108.33,557.37,0.032578,0.0119
108.33,560.96,0.032627,0.01226
108.33,564.51,0.032525,0.01227
108.33,568.05,0.032371,0.012267
108.33,571.55,0.032418,0.012039
108.33,575.18,0.032507,0.012572
108.33,578.68,0.032405,0.012113
108.33,582.22,0.032639,0.012704
108.33,585.72,0.033009,0.01287
108.33,589.18,0.033265,0.013065
108.33,592.77,0.033252,0.012843
108.33,596.18,0.03341,0.012975
108.33,599.77,0.033607,0.013326
108.33,603.36,0.033647,0.013034
108.33,606.94,0.033724,0.013046
108.33,610.49,0.033588,0.012341
108.33,614.07,0.03312,0.012402
108.33,617.57,0.033194,0.012476
108.33,621.16,0.033225,0.012069
108.33,624.71,0.033194,0.011962
108.33,628.21,0.033283,0.01194
108.33,631.75,0.033163,0.011962
108.33,635.34,0.033185,0.011737
108.33,638.84,0.033126,0.011734
108.33,642.42,0.033175,0.012122
108.33,645.97,0.03365,0.012458
108.33,649.82,0.033884,0.014781
108.33,653.36,0.033829,0.01393
108.33,656.86,0.034306,0.013976
108.33,660.49,0.033983,0.013825
108.33,663.73,0.033915,0.013702
108.33,667.49,0.033964,0.01369
108.33,671.08,0.033554,0.013145
108.33,674.62,0.033145,0.012679
108.33,678.21,0.033259,0.012347
108.33,681.76,0.033249,0.01247
108.33,685.3,0.033293,0.011989
144.55,11.46,0.026734,0.000739
144.55,14.96,0.026968,0.006749
144.55,18.94,0.027119,0.004605
144.55,22.49,0.027073,0.00621
144.55,25.94,0.027039,0.006198
144.55,29.62,0.027119,0.006808
144.55,33.16,0.027017,0.00694
144.55,36.66,0.027451,0.007547
144.55,40.21,0.027901,0.007673
144.55,43.79,0.028086,0.008095
144.55,47.29,0.028215,0.008169
144.55,50.79,0.028172,0.008299
144.55,54.42,0.027858,0.007575
144.55,57.97,0.028394,0.007901
144.55,61.42,0.02828,0.008055
144.55,65.01,0.02865,0.008308
144.55,68.56,0.028607,0.00808
144.55,72.1,0.028431,0.007713
144.55,75.64,0.028138,0.007408
144.55,79.19,0.027867,0.007646
144.55,82.69,0.027867,0.006777
144.55,86.23,0.027935,0.006983
144.55,89.86,0.02776,0.006703
144.55,93.36,0.02784,0.006592
144.55,96.91,0.027812,0.006798
144.55,100.19,0.027655,0.006965
144.55,104.17,0.027769,0.006456
144.55,107.71,0.02783,0.006891
144.55,111.3,0.027864,0.007852
144.55,115.06,0.027402,0.008256
144.55,118.61,0.027362,0.007421
144.55,122.15,0.027741,0.007664
144.55,125.74,0.02779,0.007627
144.55,129.28,0.027772,0.007424
144.55,132.82,0.028138,0.007864
144.55,136.32,0.028554,0.008206
144.55,139.91,0.028921,0.008388
144.55,143.46,0.029522,0.008989
144.55,146.96,0.030199,0.008819
144.55,150.63,0.030052,0.009192
144.55,154.13,0.030415,0.009066
144.55,157.76,0.030609,0.008893
144.55,161.48,0.030834,0.009839
144.55,165.02,0.031293,0.010551
144.55,168.66,0.031148,0.010809
144.55,172.16,0.031342,0.010936
144.55,175.66,0.031278,0.010859
144.55,179.29,0.031099,0.010905
144.55,182.79,0.030326,0.01036
144.55,186.33,0.029993,0.010261
144.55,189.87,0.029546,0.009531
144.55,193.42,0.029306,0.009371
144.55,197.05,0.029038,0.008524
144.55,200.55,0.028542,0.008653
144.55,204.09,0.02844,0.008166
144.55,207.72,0.028591,0.00788
144.55,211.22,0.02848,0.007904
144.55,214.77,0.028428,0.007143
144.55,218.36,0.027843,0.0067
144.55,221.81,0.027793,0.006835
144.55,225.4,0.027556,0.006817
144.55,228.86,0.027507,0.006697
144.55,232.44,0.02779,0.006389
144.55,235.94,0.028114,0.006734
144.55,239.53,0.028179,0.006934
144.55,243.07,0.028323,0.007174
144.55,246.62,0.02832,0.007177
144.55,250.12,0.027806,0.0069
144.55,253.71,0.027294,0.006552
144.55,257.16,0.027066,0.006087
144.55,260.71,0.026731,0.005945
144.55,264.38,0.026614,0.006484
144.55,267.97,0.026407,0.006081
144.55,271.51,0.025748,0.005662
144.55,275.01,0.025236,0.005126
144.55,278.6,0.024768,0.004901
144.55,282.06,0.024562,0.00438
144.55,285.6,0.024075,0.004226
144.55,289.14,0.02442,0.004201
144.55,292.64,0.024512,0.004602
144.55,296.19,0.024386,0.004272
144.55,299.73,0.024836,0.00454
144.55,303.27,0.02523,0.005258
144.55,306.86,0.025535,0.005298
144.55,310.49,0.025649,0.004568
144.55,313.95,0.025563,0.005212
144.55,317.54,0.025181,0.004229
144.55,321.08,0.02519,0.00474
144.55,324.58,0.025027,0.004747
144.55,328.12,0.024765,0.003243
144.55,331.67,0.024848,0.003795
144.55,335.17,0.024851,0.003853
144.55,338.8,0.025132,0.0041
144.55,342.3,0.025548,0.004648
144.55,345.84,0.025791,0.004824
144.55,349.39,0.02589,0.004756
144.55,352.89,0.026105,0.005012
144.55,356.34,0.026336,0.005301
144.55,359.84,0.026342,0.005181
144.55,363.47,0.026703,0.005911
144.55,366.97,0.026623,0.006022
144.55,370.56,0.026715,0.006552
144.55,374.19,0.026691,0.006638
144.55,377.69,0.027134,0.006946
144.55,381.28,0.027125,0.007492
144.55,384.82,0.027017,0.007291
144.55,388.41,0.027384,0.007612
144.55,391.96,0.027883,0.007917
144.55,395.5,0.028647,0.00849
144.55,399.04,0.029315,0.008789
144.55,402.67,0.030215,0.009827
144.55,406.17,0.030834,0.010455
144.55,409.67,0.031376,0.0108
144.55,413.22,0.031684,0.010692
144.55,416.85,0.031795,0.010313
144.55,420.39,0.031697,0.010545
144.55,423.94,0.031786,0.010748
144.55,427.44,0.031863,0.010384
144.55,431.02,0.031872,0.010458
144.55,434.57,0.031567,0.010501
144.55,438.11,0.031691,0.010585
144.55,441.61,0.031755,0.010347
144.55,445.16,0.031635,0.010874
144.55,448.74,0.031361,0.010181
144.55,452.33,0.030911,0.010394
144.55,455.92,0.030249,0.010206
144.55,459.46,0.029762,0.010061
144.55,463.05,0.028946,0.009158
144.55,466.68,0.029026,0.009217
144.55,470.14,0.0291,0.009315
144.55,473.77,0.029352,0.008835
144.55,477.31,0.029787,0.009497
144.55,480.9,0.030098,0.009509
144.55,484.44,0.030578,0.010086
144.55,487.99,0.030976,0.009867
144.55,491.53,0.030862,0.00962
144.55,495.16,0.030683,0.00975
144.55,498.66,0.031105,0.010249
144.55,502.21,0.031407,0.009796
144.55,505.84,0.031416,0.010008
144.55,509.38,0.031509,0.010215
144.55,512.92,0.031709,0.01072
144.55,516.51,0.031734,0.010859
144.55,520.01,0.032076,0.01157
144.55,523.6,0.032091,0.011382
144.55,527.19,0.032501,0.012005
144.55,530.69,0.033271,0.012451
144.55,534.27,0.033557,0.012951
144.55,537.73,0.034371,0.01402
144.55,541.32,0.034392,0.014386
144.55,544.82,0.034827,0.014365
144.55,548.45,0.035378,0.015012
144.55,551.95,0.035563,0.015394
144.55,555.49,0.03552,0.015501
144.55,559.12,0.035862,0.01503
144.55,563.5,0.035936,0.015267
144.55,566.96,0.035896,0.015427
144.55,570.63,0.03592,0.015625
144.55,574.13,0.035504,0.015397
144.55,577.67,0.035566,0.015277
144.55,581.13,0.035147,0.014941
144.55,584.76,0.035052,0.014389
144.55,588.35,0.034824,0.013665
144.55,591.89,0.034845,0.014103
144.55,595.39,0.034657,0.013949
144.55,598.98,0.034633,0.014103
144.55,602.52,0.035045,0.013265
144.55,606.07,0.035196,0.014318
144.55,609.57,0.03556,0.014204
144.55,613.2,0.035424,0.013973
144.55,616.79,0.036084,0.014593
144.55,620.33,0.036287,0.015252
144.55,623.7,0.03662,0.015597
144.55,627.46,0.036996,0.01605
144.55,631.01,0.036922,0.016099
144.55,634.64,0.037414,0.017513
144.55,638.14,0.037704,0.016996
144.55,641.64,0.037658,0.017501
144.55,645.18,0.037664,0.017661
144.55,648.77,0.037353,0.017356
144.55,652.27,0.03694,0.016875
144.55,655.86,0.036638,0.016327
144.55,659.44,0.036336,0.016158
144.55,662.99,0.036309,0.015886
144.55,666.49,0.036013,0.016007
144.55,669.55,0.036302,0.014848
144.55,673.71,0.036182,0.015477
144.55,677.25,0.036238,0.014614
144.55,680.84,0.03625,0.014682
144.55,684.21,0.036164,0.01491
144.55,687.97,0.036386,0.014925
180.69,11.77,0.0278,0.002097
180.69,15.31,0.027923,0.007766
180.69,18.9,0.027578,0.007485
180.69,22.27,0.027402,0.007479
180.69,26.03,0.027775,0.00755
180.69,29.4,0.027797,0.00751
180.69,33.12,0.027858,0.007316
180.69,36.71,0.027812,0.006906
180.69,40.29,0.027898,0.006614
180.69,43.88,0.027883,0.006949
180.69,47.34,0.027439,0.006466
180.69,50.84,0.027445,0.006589
180.69,54.38,0.027593,0.006379
180.69,57.97,0.02747,0.00649
180.69,61.42,0.027504,0.006537
180.69,64.88,0.027353,0.006084
180.69,68.56,0.027313,0.006324
180.69,72.19,0.027393,0.006549
180.69,75.77,0.027498,0.006891
180.69,79.36,0.027485,0.006934
180.69,82.95,0.027325,0.007821
180.69,86.49,0.027485,0.007039
180.69,90.04,0.027245,0.00723
180.69,93.45,0.02702,0.006863
180.69,97.08,0.026869,0.007008
180.69,100.71,0.026466,0.006644
180.69,104.21,0.026195,0.006062
180.69,107.8,0.025853,0.005809
180.69,111.34,0.02556,0.005369
180.69,114.89,0.025458,0.005086
180.69,118.69,0.025483,0.002581
180.69,122.24,0.025572,0.004663
180.69,125.74,0.025541,0.00442
180.69,129.28,0.025535,0.004392
180.69,133.31,0.02592,0.007519
180.69,136.85,0.025911,0.005862
180.69,140.39,0.025585,0.005569
180.69,143.94,0.025474,0.005227
180.69,147.52,0.025243,0.004984
180.69,150.94,0.025172,0.005557
180.69,154.48,0.025156,0.005138
180.69,157.98,0.025446,0.005504
180.69,161.52,0.025899,0.005853
180.69,164.98,0.025923,0.005905
180.69,168.57,0.026315,0.005803
180.69,172.11,0.026247,0.005853
180.69,175.61,0.025973,0.005495
180.69,179.24,0.026241,0.004633
180.69,182.87,0.026349,0.004753
180.69,186.37,0.026614,0.005523
180.69,189.87,0.026752,0.005683
180.69,193.46,0.027137,0.005782
180.69,196.96,0.027421,0.006472
180.69,200.94,0.027384,0.008903
180.69,204.49,0.027495,0.007559
180.69,208.12,0.027479,0.007319
180.69,211.62,0.027476,0.007362
180.69,215.12,0.027461,0.007461
180.69,218.62,0.027393,0.007482
180.69,222.25,0.02739,0.006937
180.69,225.71,0.027291,0.006906
180.69,229.29,0.027066,0.00711
180.69,232.84,0.026703,0.00629
180.69,236.38,0.026053,0.00499
180.69,239.92,0.025622,0.004463
180.69,243.51,0.02479,0.00381
180.69,247.01,0.024556,0.0034
180.69,250.56,0.024377,0.003527
180.69,254.14,0.024371,0.003185
180.69,257.64,0.024115,0.002957
180.69,261.23,0.024023,0.003108
180.69,264.73,0.024392,0.00332
180.69,268.27,0.024331,0.003342
180.69,271.82,0.024759,0.003933
180.69,275.32,0.024839,0.003875
180.69,278.82,0.024777,0.00389
180.69,282.36,0.024685,0.004254
180.69,285.99,0.024479,0.004158
180.69,289.49,0.024426,0.003983
180.69,293.12,0.024106,0.004109
180.69,296.62,0.023379,0.003524
180.69,299.77,0.022984,0.003265
180.69,303.76,0.023003,0.002843
180.69,307.21,0.022476,0.00235
180.69,310.76,0.022368,0.002624
180.69,314.3,0.021959,0.001848
180.69,317.84,0.021379,0.001419
180.69,321.43,0.020982,0.000797
180.69,325.06,0.020649,-0.00021
180.69,328.61,0.020483,-0.000167
180.69,332.15,0.020551,-0.000315
180.69,335.69,0.020566,4.2e-05
180.69,339.28,0.020612,-0.000263
180.69,342.78,0.02084,0.000132
180.69,346.41,0.020964,-0.000469
180.69,350.0,0.021114,0.00023
180.69,353.54,0.021352,0.000575
180.69,357.13,0.021768,0.001537
180.69,360.81,0.022048,0.002661
180.69,364.39,0.022334,0.002507
180.69,367.89,0.022519,0.002495
180.69,371.44,0.022427,0.002661
180.69,375.02,0.022904,0.002914
180.69,378.57,0.02292,0.002673
180.69,382.11,0.023163,0.003394
180.69,385.61,0.023641,0.003209
180.69,389.2,0.023899,0.003739
180.69,392.66,0.023992,0.003653
180.69,396.2,0.024617,0.004328
180.69,399.7,0.025079,0.004913
180.69,403.29,0.02588,0.005196
180.69,406.79,0.026718,0.005809
180.69,410.37,0.027482,0.006438
180.69,413.87,0.027867,0.006894
180.69,417.42,0.027821,0.006894
180.69,420.96,0.027827,0.006352
180.69,424.51,0.027917,0.006635
180.69,428.09,0.027874,0.006712
180.69,431.64,0.027599,0.006463
180.69,435.31,0.027402,0.006835
180.69,438.77,0.027384,0.006752
180.69,442.27,0.027011,0.00629
180.69,445.86,0.027097,0.006398
180.69,449.4,0.027045,0.007134
180.69,452.9,0.027421,0.006777
180.69,456.44,0.027445,0.006891
180.69,459.99,0.027855,0.007679
180.69,463.57,0.027525,0.007572
180.69,467.07,0.027479,0.007821
180.69,470.71,0.027079,0.006965
180.69,474.25,0.027033,0.00686
180.69,477.75,0.027371,0.007245
180.69,481.34,0.027408,0.006543
180.69,484.97,0.0278,0.007415
180.69,488.6,0.027944,0.005042
180.69,492.27,0.02755,0.006423
180.69,495.99,0.027556,0.00706
180.69,499.58,0.026986,0.006718
180.69,503.12,0.02674,0.006222
180.69,506.71,0.026361,0.006124
180.69,510.87,0.026336,0.003025
180.69,514.54,0.025905,0.004827
180.69,518.17,0.026272,0.006034
180.69,521.76,0.02674,0.00605
180.69,525.31,0.02711,0.006731
180.69,528.89,0.02751,0.007584
180.69,532.44,0.027957,0.007815
180.69,535.94,0.02865,0.008249
180.69,539.44,0.029029,0.008819
180.69,543.07,0.029414,0.009383
180.69,546.61,0.02979,0.009682
180.69,550.11,0.029777,0.009626
180.69,553.7,0.0297,0.009469
180.69,556.94,0.029266,0.008927
180.69,560.79,0.029408,0.008884
180.69,564.29,0.029469,0.008561
180.69,567.87,0.029023,0.008567
180.69,571.2,0.028921,0.007793
180.69,575.01,0.028939,0.007944
180.69,578.55,0.02906,0.007735
180.69,582.09,0.02853,0.00747
180.69,585.55,0.028588,0.007488
180.69,589.09,0.02861,0.007639
180.69,592.68,0.028604,0.007261
180.69,596.22,0.028647,0.007562
180.69,599.72,0.028958,0.007827
180.69,603.22,0.029482,0.008274
180.69,606.81,0.030141,0.009081
180.69,610.27,0.031041,0.00967
180.69,613.77,0.031737,0.010643
180.69,617.44,0.032855,0.013607
180.69,621.12,0.033582,0.013437
180.69,624.71,0.033992,0.013804
180.69,628.16,0.034365,0.014294
180.69,631.79,0.034448,0.014309
180.69,635.34,0.034355,0.014078
180.69,638.92,0.034417,0.013899
180.69,642.47,0.034303,0.013333
180.69,646.1,0.034016,0.013028
180.69,649.95,0.03357,0.010914
180.69,653.54,0.033259,0.012365
180.69,657.12,0.033252,0.012479
180.69,660.62,0.033098,0.012519
180.69,664.17,0.033108,0.01271
180.69,667.8,0.032901,0.01284
180.69,671.3,0.032544,0.01227
180.69,674.89,0.031894,0.012187
180.69,678.87,0.031564,0.009075
180.69,682.41,0.031318,0.009827
180.69,686.0,0.031244,0.009827
216.87,11.77,0.028567,0.003194
216.87,15.36,0.028967,0.008065
216.87,18.81,0.029417,0.00808
216.87,22.44,0.029291,0.008684
216.87,25.68,0.029343,0.007954
216.87,29.36,0.029836,0.008379
216.87,33.12,0.02975,0.008712
216.87,36.66,0.030184,0.00865
216.87,39.99,0.030517,0.00926
216.87,43.75,0.030477,0.009226
216.87,47.34,0.030002,0.008989
216.87,50.75,0.030153,0.009127
216.87,54.42,0.029808,0.008949
216.87,57.97,0.02962,0.009084
216.87,61.47,0.029254,0.009272
216.87,65.01,0.028989,0.008869
216.87,68.56,0.028952,0.008665
216.87,72.1,0.028967,0.008859
216.87,75.69,0.028582,0.008419
216.87,79.23,0.028678,0.008936
216.87,82.77,0.02853,0.008761
216.87,86.32,0.028564,0.006842
216.87,90.08,0.028644,0.007809
216.87,93.23,0.028613,0.00771
216.87,97.21,0.028659,0.007821
216.87,100.76,0.028896,0.007331
216.87,104.3,0.029124,0.007646
216.87,107.93,0.029623,0.008317
216.87,111.43,0.029694,0.008561
216.87,114.97,0.030166,0.009026
216.87,118.61,0.030622,0.009944
216.87,122.19,0.030569,0.009999
216.87,125.69,0.030471,0.00999
216.87,129.24,0.030252,0.009876
216.87,132.65,0.029747,0.00991
216.87,136.41,0.029728,0.00999
216.87,140.0,0.029346,0.009285
216.87,143.46,0.02934,0.009106
216.87,146.96,0.029784,0.009639
216.87,150.67,0.029744,0.0091
216.87,154.22,0.029435,0.00844
216.87,157.76,0.029383,0.008407
216.87,161.35,0.02897,0.007944
216.87,164.94,0.028832,0.008009
216.87,168.44,0.028567,0.007504
216.87,171.98,0.028206,0.007097
216.87,175.52,0.027911,0.006826
216.87,179.02,0.027313,0.006302
216.87,182.52,0.027023,0.005942
216.87,186.07,0.026607,0.005837
216.87,189.57,0.026284,0.005508
216.87,192.63,0.025997,0.005526
216.87,196.83,0.02596,0.005782
216.87,200.51,0.02597,0.006108
216.87,204.05,0.026016,0.005809
216.87,207.46,0.025526,0.00535
216.87,211.27,0.025523,0.00568
216.87,214.81,0.026059,0.005468
216.87,218.22,0.025994,0.005776
216.87,221.81,0.025871,0.005702
216.87,225.4,0.025628,0.00511
216.87,228.86,0.025163,0.004833
216.87,232.4,0.024894,0.00397
216.87,235.94,0.02442,0.003853
216.87,239.57,0.023841,0.002411
216.87,243.03,0.023252,0.002384
216.87,246.66,0.022846,0.001601
216.87,250.12,0.022455,0.001503
216.87,253.18,0.022529,0.001321
216.87,257.25,0.022575,0.001552
216.87,260.88,0.02243,0.001792
216.87,264.38,0.022513,0.001835
216.87,267.71,0.022867,0.002692
216.87,271.51,0.023271,0.003271
216.87,275.19,0.023329,0.003601
216.87,278.69,0.023708,0.003718
216.87,282.14,0.023983,0.004269
216.87,285.86,0.02405,0.00397
216.87,289.41,0.024103,0.004044
216.87,292.86,0.023628,0.00373
216.87,296.45,0.023403,0.003006
216.87,299.99,0.02296,0.002997
216.87,303.45,0.022827,0.002809
216.87,307.04,0.023068,0.002042
216.87,310.14,0.022852,0.002445
216.87,314.26,0.022793,0.000748
216.87,317.8,0.023413,0.002147
216.87,321.34,0.023345,0.00227
216.87,324.8,0.02373,0.00288
216.87,328.34,0.024078,0.002895
216.87,331.93,0.024121,0.00292
216.87,335.47,0.024494,0.00344
216.87,339.02,0.024445,0.00336
216.87,342.52,0.024531,0.003708
216.87,346.19,0.024405,0.004377
216.87,349.74,0.024405,0.003789
216.87,353.24,0.024904,0.004297
216.87,356.78,0.024959,0.004472
216.87,360.32,0.025206,0.005464
216.87,363.91,0.025449,0.005668
216.87,367.41,0.025511,0.005495
216.87,370.96,0.025862,0.00597
216.87,374.46,0.026013,0.006031
216.87,378.0,0.026395,0.006373
216.87,381.59,0.026219,0.006238
216.87,385.13,0.026423,0.006241
216.87,388.72,0.026293,0.006019
216.87,392.22,0.026339,0.005551
216.87,395.85,0.02637,0.005492
216.87,399.39,0.026746,0.005227
216.87,402.94,0.026761,0.006007
216.87,406.48,0.026983,0.005668
216.87,410.11,0.027131,0.005785
216.87,413.7,0.027122,0.005779
216.87,417.2,0.027014,0.006087
216.87,420.7,0.02747,0.006718
216.87,424.29,0.027507,0.007106
216.87,427.92,0.027784,0.007652
216.87,431.51,0.028052,0.008243
216.87,435.09,0.02849,0.008742
216.87,438.59,0.028878,0.008758
216.87,442.18,0.029321,0.009648
216.87,445.72,0.029442,0.009352
216.87,449.27,0.029214,0.009355
216.87,452.81,0.029328,0.009057
216.87,456.09,0.029291,0.009032
216.87,459.86,0.029331,0.008899
216.87,463.4,0.029312,0.008967
216.87,466.94,0.029297,0.008807
216.87,470.44,0.029417,0.008844
216.87,474.03,0.029303,0.007926
216.87,477.36,0.028995,0.008114
216.87,480.81,0.029026,0.006959
216.87,484.75,0.028998,0.007649
216.87,488.29,0.02901,0.007944
216.87,491.88,0.029352,0.008391
216.87,494.99,0.029362,0.008336
216.87,499.01,0.029642,0.009235
216.87,502.56,0.029762,0.009491
216.87,506.14,0.030005,0.01032
216.87,509.73,0.030196,0.009944
216.87,513.32,0.030649,0.010797
216.87,516.82,0.030951,0.010828
216.87,520.45,0.031028,0.010773
216.87,523.86,0.030893,0.010748
216.87,527.49,0.03097,0.010899
216.87,530.99,0.030942,0.010446
216.87,534.58,0.030868,0.010711
216.87,538.08,0.030862,0.010646
216.87,542.02,0.031413,0.007948
216.87,545.61,0.031694,0.010837
216.87,549.15,0.032233,0.011216
216.87,552.74,0.032488,0.01166
216.87,556.5,0.032399,0.01389
216.87,560.04,0.03247,0.012331
216.87,563.63,0.032575,0.012008
216.87,567.17,0.032784,0.012513
216.87,570.98,0.03291,0.0097
216.87,574.57,0.033175,0.011943
216.87,578.11,0.033249,0.011956
216.87,581.61,0.033656,0.012467
216.87,585.64,0.034023,0.015557
216.87,589.22,0.034398,0.014208
216.87,592.72,0.034503,0.014001
216.87,596.22,0.034426,0.014309
216.87,600.34,0.034784,0.010893
216.87,603.92,0.034355,0.013274
216.87,607.51,0.034207,0.01348
216.87,611.01,0.034398,0.013628
216.87,614.56,0.034442,0.014291
216.87,618.19,0.034482,0.01434
216.87,621.82,0.03483,0.015122
216.87,625.45,0.03524,0.014987
216.87,628.95,0.035554,0.01528
216.87,632.58,0.035504,0.015126
216.87,636.04,0.035458,0.015326
216.87,639.54,0.035162,0.01474
216.87,643.12,0.034768,0.014063
216.87,646.67,0.034633,0.013517
216.87,650.3,0.034891,0.013049
216.87,653.84,0.034796,0.013591
216.87,657.43,0.034691,0.013225
216.87,660.84,0.03524,0.014278
216.87,664.74,0.035883,0.015424
216.87,668.28,0.036312,0.015699
216.87,671.82,0.036549,0.015668
216.87,675.46,0.0367,0.016965
216.87,678.96,0.036848,0.016891
216.87,682.54,0.037168,0.01698
216.87,686.09,0.036764,0.016734
253.01,12.07,0.034463,0.00845
253.01,15.66,0.034984,0.014137
253.01,19.21,0.035742,0.013675
253.01,22.84,0.036216,0.013875
253.01,26.64,0.037014,0.015717
253.01,30.27,0.037439,0.016444
253.01,33.77,0.038262,0.017525
253.01,37.32,0.038853,0.017849
253.01,40.82,0.039978,0.019321
253.01,44.45,0.041182,0.020871
253.01,47.99,0.042294,0.021863
253.01,51.54,0.04341,0.023179
253.01,55.04,0.044599,0.024244
253.01,58.58,0.045412,0.025132
253.01,62.08,0.046293,0.02613
253.01,65.67,0.047042,0.026764
253.01,69.26,0.047011,0.0265
253.01,72.8,0.047128,0.026133
253.01,76.34,0.047146,0.0265
253.01,79.89,0.047199,0.026176
253.01,83.39,0.047264,0.023761
253.01,87.32,0.047227,0.025936
253.01,90.87,0.046897,0.025791
253.01,94.46,0.046829,0.02592
253.01,98.13,0.046567,0.026869
253.01,101.81,0.046503,0.02588
253.01,105.44,0.046031,0.025443
253.01,108.98,0.046071,0.025326
253.01,112.92,0.045634,0.021952
253.01,116.55,0.045634,0.02458
253.01,120.05,0.045258,0.023967
253.01,123.59,0.045005,0.02361
253.01,127.53,0.044605,0.024854
253.01,131.07,0.043748,0.023601
253.01,134.71,0.04337,0.022384
253.01,138.16,0.042596,0.021952
253.01,141.97,0.042291,0.018906
253.01,145.51,0.041783,0.020575
253.01,149.01,0.0419,0.020603
253.01,152.6,0.041971,0.020431
253.01,156.23,0.041959,0.020942
253.01,159.86,0.041918,0.02096
253.01,163.32,0.041768,0.020976
253.01,166.91,0.041518,0.021315
253.01,170.49,0.040831,0.020745
253.01,174.12,0.040033,0.020141
253.01,177.76,0.039066,0.018582
253.01,181.3,0.038021,0.017147
253.01,184.84,0.037076,0.016795
253.01,188.34,0.036241,0.015751
253.01,191.84,0.035554,0.014814
253.01,195.47,0.03471,0.013813
253.01,198.97,0.034355,0.01349
253.01,201.38,0.033564,0.012248
253.01,206.06,0.032676,0.011453
253.01,209.69,0.031795,0.010181
253.01,213.19,0.031382,0.010301
253.01,216.82,0.030933,0.010141
253.01,220.41,0.030581,0.009525
253.01,223.96,0.030227,0.009707
253.01,227.54,0.029599,0.009439
253.01,231.31,0.02979,0.010387
253.01,234.81,0.029756,0.009503
253.01,238.35,0.029854,0.009451
253.01,241.98,0.029833,0.009195
253.01,245.48,0.030227,0.009965
253.01,249.02,0.030511,0.009784
253.01,252.52,0.031121,0.010809
253.01,256.16,0.032073,0.010597
253.01,259.74,0.032963,0.011204
253.01,263.02,0.03401,0.012224
253.01,266.96,0.034398,0.013154
253.01,270.51,0.035199,0.013801
253.01,273.96,0.035831,0.01466
253.01,277.46,0.036262,0.015098
253.01,281.14,0.036758,0.015967
253.01,284.72,0.037217,0.016684
253.01,288.18,0.037461,0.016512
253.01,291.77,0.037926,0.017846
253.01,295.31,0.038564,0.01796
253.01,298.81,0.038699,0.018514
253.01,302.4,0.03902,0.018382
253.01,305.94,0.038579,0.018237
253.01,309.44,0.038129,0.017815
253.01,312.99,0.037211,0.017384
253.01,316.53,0.036278,0.016124
253.01,320.12,0.03592,0.015344
253.01,323.66,0.03539,0.014676
253.01,327.29,0.035187,0.01393
253.01,330.84,0.034817,0.013752
253.01,334.29,0.03442,0.013413
253.01,337.92,0.034389,0.013071
253.01,341.51,0.033964,0.012331
253.01,345.06,0.033425,0.012565
253.01,348.56,0.033628,0.012513
253.01,351.31,0.033668,0.01235
253.01,355.6,0.033601,0.012368
253.01,359.14,0.03397,0.012726
253.01,362.69,0.034072,0.012661
253.01,366.32,0.03397,0.013459
253.01,369.95,0.034137,0.013366
253.01,373.49,0.03413,0.013382
253.01,376.99,0.034177,0.013228
253.01,380.45,0.034235,0.013598
253.01,383.99,0.033644,0.013274
253.01,387.54,0.033135,0.012855
253.01,391.17,0.03287,0.012806
253.01,394.62,0.032396,0.012525
253.01,398.12,0.032054,0.011965
253.01,401.67,0.031681,0.011737
253.01,405.21,0.031312,0.011235
253.01,408.76,0.030831,0.010788
253.01,412.21,0.030018,0.010067
253.01,415.8,0.029777,0.009435
253.01,419.34,0.029084,0.008752
253.01,422.89,0.028785,0.008613
253.01,425.64,0.028659,0.00824
253.01,429.93,0.028191,0.007535
253.01,433.47,0.027818,0.007621
253.01,436.97,0.027581,0.007239
253.01,440.52,0.02719,0.006694
253.01,444.02,0.026869,0.006158
253.01,447.56,0.026589,0.005323
253.01,451.15,0.026666,0.005455
253.01,454.78,0.02678,0.00527
253.01,458.32,0.026644,0.005662
253.01,461.91,0.02678,0.005625
253.01,465.41,0.026709,0.005717
253.01,469.04,0.0269,0.006108
253.01,472.5,0.027165,0.006441
253.01,476.09,0.027119,0.006355
253.01,479.63,0.027051,0.00706
253.01,483.22,0.026641,0.006641
253.01,486.76,0.026475,0.006574
253.01,490.26,0.025905,0.005859
253.01,493.81,0.025169,0.005335
253.01,497.31,0.024479,0.004349
253.01,500.85,0.023739,0.003573
253.01,504.26,0.023212,0.003117
253.01,507.46,0.022587,0.002452
253.01,511.52,0.022316,0.002766
253.01,515.02,0.022199,0.002128
253.01,518.66,0.022541,0.001124
253.01,522.2,0.022584,0.001863
253.01,525.74,0.022556,0.001386
253.01,529.33,0.022562,0.001771
253.01,532.83,0.02259,0.001392
253.01,536.46,0.022883,0.001586
253.01,539.96,0.023428,0.00219
253.01,543.55,0.023915,0.00275
253.01,547.05,0.02397,0.002988
253.01,550.64,0.024463,0.003983
253.01,554.18,0.024417,0.003659
253.01,557.77,0.024485,0.004183
253.01,561.4,0.024365,0.004811
253.01,565.07,0.024667,0.005221
253.01,568.71,0.024805,0.004691
253.01,572.25,0.024781,0.004306
253.01,575.75,0.024968,0.004583
253.01,579.25,0.02471,0.004374
253.01,582.79,0.024904,0.003915
253.01,586.34,0.024919,0.004177
253.01,590.01,0.024676,0.003718
253.01,593.6,0.024808,0.003256
253.01,597.1,0.024565,0.003289
253.01,600.64,0.024343,0.003114
253.01,604.19,0.02446,0.003336
253.01,607.73,0.024383,0.003573
253.01,611.36,0.024346,0.003841
253.01,614.99,0.024346,0.004161
253.01,618.49,0.023961,0.003511
253.01,622.04,0.024094,0.003715
253.01,625.58,0.023752,0.003684
253.01,629.17,0.023847,0.003764
253.01,632.67,0.023314,0.003557
253.01,636.26,0.02288,0.003139
253.01,640.02,0.022627,0.001777
253.01,643.61,0.022538,0.001672
253.01,647.11,0.022473,0.001108
253.01,650.69,0.022125,0.001084
253.01,654.24,0.022005,0.001056
253.01,657.78,0.022045,0.000883
253.01,661.37,0.021949,0.00101
253.01,664.91,0.021601,0.000726
253.01,668.46,0.021376,0.000508
253.01,671.96,0.020967,0.000298
253.01,675.54,0.020923,-0.000121
253.01,679.04,0.021213,0.000514
253.01,682.59,0.021666,0.001626
253.01,686.26,0.02251,0.003305
289.14,12.16,0.079719,0.049565
289.14,15.71,0.092966,0.070092
289.14,19.51,0.10999,0.086435
289.14,23.01,0.126327,0.102769
289.14,26.6,0.141884,0.11905
289.14,30.32,0.156324,0.133317
289.14,33.86,0.168021,0.144555
289.14,37.36,0.177793,0.154343
289.14,40.95,0.185982,0.16247
289.14,44.49,0.192122,0.168443
289.14,48.04,0.197051,0.172935
289.14,51.54,0.200446,0.176663
289.14,55.08,0.202667,0.178761
289.14,58.62,0.203557,0.179676
289.14,62.17,0.204555,0.180095
289.14,65.71,0.204876,0.180788
289.14,69.17,0.204851,0.180945
289.14,72.67,0.204974,0.180886
289.14,76.26,0.204626,0.179944
289.14,79.84,0.20413,0.178144
289.14,83.39,0.203902,0.179913
289.14,86.89,0.203326,0.178822
289.14,90.43,0.203271,0.178449
289.14,94.24,0.2034,0.179485
289.14,97.82,0.203224,0.178831
289.14,101.32,0.20275,0.178228
289.14,104.96,0.201629,0.178856
289.14,108.59,0.200424,0.176724
289.14,112.17,0.199223,0.175554
289.14,115.72,0.197981,0.174361
289.14,119.26,0.196737,0.172997
289.14,122.76,0.195366,0.171422
289.14,126.35,0.194207,0.170584
289.14,129.81,0.193526,0.16983
289.14,133.39,0.193012,0.16921
289.14,136.89,0.192858,0.168835
289.14,140.39,0.192685,0.168422
289.14,143.98,0.192812,0.16816
289.14,147.48,0.192192,0.167747
289.14,151.02,0.192242,0.16807
289.14,154.57,0.192297,0.167729
289.14,158.11,0.19235,0.167898
289.14,161.66,0.192362,0.167725
289.14,165.2,0.191943,0.167513
289.14,168.74,0.191111,0.166459
289.14,172.29,0.190261,0.165689
289.14,175.83,0.188868,0.164851
289.14,179.33,0.187701,0.163209
289.14,183.01,0.186589,0.163228
289.14,186.55,0.185051,0.161512
289.14,190.14,0.183332,0.159999
289.14,193.68,0.181499,0.15861
289.14,197.22,0.179599,0.15674
289.14,200.81,0.177781,0.154586
289.14,204.36,0.175708,0.152611
289.14,207.94,0.173687,0.150359
289.14,211.49,0.172461,0.149164
289.14,214.94,0.171188,0.147895
289.14,218.53,0.170054,0.14601
289.14,222.16,0.169069,0.144873
289.14,225.62,0.168449,0.144725
289.14,229.12,0.167966,0.144312
289.14,232.75,0.168104,0.143594
289.14,236.34,0.168027,0.143884
289.14,239.88,0.168406,0.144349
289.14,243.42,0.169093,0.144956
289.14,247.06,0.169623,0.145969
289.14,250.56,0.169814,0.145757
289.14,254.14,0.169669,0.146478
289.14,257.69,0.169848,0.146931
289.14,261.23,0.169485,0.145985
289.14,264.77,0.169044,0.145772
289.14,268.27,0.16861,0.145708
289.14,271.77,0.168258,0.145276
289.14,275.32,0.16796,0.144771
289.14,278.86,0.16787,0.144753
289.14,282.41,0.168034,0.145088
289.14,285.95,0.167892,0.144799
289.14,289.54,0.167544,0.144383
289.14,293.12,0.1671,0.143779
289.14,296.67,0.165997,0.14263
289.14,300.21,0.164294,0.141093
289.14,303.71,0.161632,0.137615
289.14,307.3,0.157981,0.134518
289.14,310.84,0.153342,0.129682
289.14,314.43,0.147075,0.123486
289.14,317.97,0.139959,0.116943
289.14,321.47,0.131087,0.107843
289.14,325.02,0.121576,0.098653
289.14,328.61,0.110933,0.088188
289.14,332.24,0.098986,0.077245
289.14,335.78,0.087994,0.066191
289.14,339.28,0.077156,0.056228
289.14,342.78,0.066644,0.045665
289.14,346.41,0.056515,0.036638
289.14,350.0,0.047572,0.027174
289.14,353.54,0.039069,0.019127
289.14,357.04,0.032045,0.012128
289.14,360.54,0.026219,0.006124
289.14,364.09,0.02186,0.002045
289.14,367.67,0.019201,-0.000663
289.14,371.22,0.018625,-0.001156
289.14,374.76,0.01869,-0.001279
289.14,378.26,0.018801,-0.002515
289.14,382.02,0.019546,-0.001627
289.14,385.52,0.019867,-0.00099
289.14,389.02,0.020791,-0.00034
289.14,392.52,0.020951,-0.000266
289.14,396.11,0.021016,0.000156
289.14,399.7,0.021022,-0.000352
289.14,403.2,0.020927,-9.6e-05
289.14,406.74,0.020708,-0.000207
289.14,410.46,0.020369,-0.000102
289.14,413.96,0.02023,0.000116
289.14,417.55,0.020535,0.000776
289.14,421.09,0.02064,0.000437
289.14,424.24,0.021022,0.001358
289.14,428.22,0.021,0.001022
289.14,431.77,0.021025,0.001142
289.14,435.27,0.020939,0.001222
289.14,438.55,0.021031,0.000631
289.14,442.44,0.021034,0.000806
289.14,446.03,0.021047,0.000452
289.14,449.53,0.021185,0.000806
289.14,453.16,0.021703,-0.00095
289.14,456.92,0.022165,0.00093
289.14,460.42,0.022492,0.001389
289.14,464.01,0.022664,0.001555
289.14,467.47,0.022569,0.001416
289.14,470.97,0.022547,0.001715
289.14,474.51,0.022208,0.001253
289.14,478.06,0.022208,0.001724
289.14,481.64,0.021737,0.001574
289.14,484.88,0.021447,0.000649
289.14,488.69,0.021358,0.00105
289.14,492.19,0.02097,0.001053
289.14,495.86,0.021074,0.001444
289.14,499.36,0.02145,0.001533
289.14,502.95,0.021259,0.001678
289.14,506.54,0.021463,0.001444
289.14,510.08,0.021444,0.001207
289.14,513.62,0.021284,0.001167
289.14,517.12,0.021296,0.001321
289.14,520.71,0.021863,0.001059
289.14,524.21,0.021635,0.001447
289.14,527.8,0.021764,0.001053
289.14,531.39,0.021728,-5.6e-05
289.14,534.97,0.021647,0.000662
289.14,538.61,0.021379,0.000301
289.14,542.15,0.021272,0.000326
289.14,545.65,0.021077,2.4e-05
289.14,549.28,0.021016,0.000391
289.14,552.82,0.020905,0.000976
289.14,556.37,0.021074,0.000806
289.14,559.78,0.021309,0.001265
289.14,563.37,0.021318,0.001167
289.14,566.96,0.021324,0.001253
289.14,570.46,0.021398,0.001521
289.14,573.96,0.021342,0.001084
289.14,577.46,0.021401,0.001238
289.14,581.04,0.021382,0.001589
289.14,584.54,0.02125,0.001475
289.14,588.13,0.021235,0.00161
289.14,591.67,0.021321,0.001416
289.14,595.22,0.021432,0.001336
289.14,598.76,0.020973,0.000896
289.14,602.35,0.021139,0.000603
289.14,605.89,0.020671,-0.001443
289.14,609.52,0.020566,-0.000395
289.14,613.11,0.02028,-0.001193
289.14,616.61,0.020236,-0.000611
289.14,619.98,0.019768,-0.001174
289.14,623.7,0.020027,-0.001436
289.14,627.24,0.019999,-0.001236
289.14,630.79,0.020298,-0.000605
289.14,634.33,0.02019,-0.000959
289.14,637.74,0.020209,-0.000746
289.14,641.29,0.019722,-0.000947
289.14,644.83,0.019445,-0.001178
289.14,648.46,0.01885,-0.001828
289.14,652.01,0.018693,-0.001221
289.14,655.55,0.018712,-0.001045
289.14,659.09,0.018286,-0.001584
289.14,662.64,0.018145,-0.001889
289.14,666.14,0.017932,-0.001634
289.14,669.81,0.017615,-0.002299
289.14,673.4,0.017492,-0.002219
289.14,676.9,0.017532,-0.002746
289.14,680.44,0.017618,-0.004286
289.14,684.16,0.017676,-0.00334
289.14,687.71,0.017488,-0.00343
325.28,11.46,0.297121,0.258973
325.28,15.05,0.28096,0.255723
325.28,18.77,0.254811,0.229552
325.28,22.31,0.224672,0.200566
325.28,25.81,0.192547,0.169506
325.28,29.4,0.160991,0.136524
325.28,33.21,0.13523,0.112873
325.28,36.66,0.113613,0.091241
325.28,40.25,0.096573,0.07462
325.28,43.75,0.084106,0.062713
325.28,47.38,0.075711,0.054472
325.28,50.92,0.069611,0.048354
325.28,54.51,0.065461,0.044642
325.28,58.06,0.06304,0.042368
325.28,61.6,0.061444,0.041074
325.28,65.19,0.060732,0.040055
325.28,68.69,0.060594,0.039765
325.28,72.23,0.061167,0.040107
325.28,75.82,0.061946,0.040052
325.28,79.45,0.062914,0.041429
325.28,82.99,0.064383,0.042411
325.28,86.58,0.065591,0.043262
325.28,90.12,0.067399,0.045212
325.28,93.67,0.069654,0.047544
325.28,97.21,0.071885,0.049737
325.28,100.71,0.074531,0.052316
325.28,104.26,0.077069,0.054984
325.28,107.71,0.079599,0.057445
325.28,111.39,0.081302,0.058992
325.28,114.93,0.082984,0.061379
325.28,118.52,0.084605,0.062676
325.28,121.97,0.08613,0.064531
325.28,125.61,0.087239,0.065883
325.28,129.11,0.088391,0.066478
325.28,132.56,0.08905,0.067248
325.28,136.28,0.089811,0.068715
325.28,139.82,0.089968,0.068927
325.28,143.24,0.090421,0.069244
325.28,146.78,0.090739,0.069614
325.28,150.28,0.090988,0.06978
325.28,153.91,0.091453,0.06991
325.28,157.41,0.092421,0.071096
325.28,160.96,0.09356,0.071986
325.28,164.5,0.095052,0.072667
325.28,167.82,0.096031,0.073403
325.28,171.72,0.097975,0.075141
325.28,175.22,0.099919,0.077282
325.28,178.67,0.102328,0.079808
325.28,182.13,0.105387,0.082642
325.28,185.81,0.108622,0.085674
325.28,189.31,0.111832,0.088748
325.28,192.98,0.115671,0.09287
325.28,196.52,0.119377,0.096641
325.28,200.07,0.122913,0.099783
325.28,203.52,0.125994,0.102689
325.28,207.07,0.128098,0.105674
325.28,210.61,0.130418,0.107254
325.28,214.24,0.132538,0.111256
325.28,217.96,0.134873,0.112399
325.28,221.42,0.137205,0.114728
325.28,224.96,0.139833,0.117384
325.28,228.29,0.142652,0.119756
325.28,232.09,0.146096,0.123218
325.28,235.64,0.149743,0.126576
325.28,239.18,0.153536,0.130067
325.28,242.72,0.157023,0.13324
325.28,246.31,0.159805,0.136006
325.28,249.81,0.16239,0.138406
325.28,253.4,0.164451,0.140637
325.28,256.86,0.166244,0.142313
325.28,259.92,0.167892,0.14373
325.28,264.03,0.169962,0.145923
325.28,267.57,0.172467,0.148548
325.28,271.16,0.176382,0.152396
325.28,274.49,0.182128,0.157938
325.28,278.16,0.189475,0.164959
325.28,281.79,0.200171,0.175911
325.28,285.25,0.213157,0.188471
325.28,288.84,0.227667,0.203379
325.28,292.38,0.242537,0.217365
325.28,295.92,0.256709,0.231527
325.28,299.51,0.268452,0.243264
325.28,303.1,0.276656,0.250966
325.28,306.6,0.27945,0.253979
325.28,310.19,0.275766,0.250566
325.28,313.73,0.265215,0.239879
325.28,317.32,0.247402,0.222368
325.28,320.73,0.221287,0.19661
325.28,324.49,0.188523,0.165227
325.28,327.99,0.151841,0.129327
325.28,331.58,0.110702,0.089096
325.28,335.08,0.069519,0.048462
325.28,338.58,0.032384,0.012334
325.28,342.26,0.028376,0.007183
325.28,345.76,0.057387,0.034882
325.28,349.26,0.085434,0.062541
325.28,352.8,0.108942,0.085893
325.28,356.39,0.12572,0.102519
325.28,359.89,0.136164,0.112935
325.28,363.34,0.140778,0.117642
325.28,367.19,0.139636,0.118052
325.28,370.74,0.134599,0.1123
325.28,374.24,0.126746,0.104198
325.28,377.82,0.117214,0.095609
325.28,381.76,0.105443,0.080766
325.28,385.26,0.094867,0.072679
325.28,388.85,0.08474,0.062753
325.28,392.39,0.075511,0.053773
325.28,396.37,0.065954,0.046823
325.28,399.87,0.058631,0.038329
325.28,403.42,0.052051,0.031558
325.28,406.92,0.046952,0.026496
325.28,410.59,0.042066,0.020548
325.28,414.18,0.038237,0.016906
325.28,417.72,0.034679,0.013117
325.28,421.31,0.031724,0.010575
325.28,424.99,0.029248,0.00796
325.28,428.57,0.027553,0.006549
325.28,432.03,0.026216,0.005307
325.28,435.57,0.025224,0.004673
325.28,439.21,0.024472,0.004013
325.28,442.75,0.024013,0.003903
325.28,446.21,0.023721,0.003425
325.28,449.79,0.023764,0.003903
325.28,453.34,0.023437,0.003163
325.28,456.75,0.022818,0.002926
325.28,460.42,0.022587,0.002624
325.28,463.88,0.022492,0.002599
325.28,467.6,0.022279,0.001854
325.28,471.14,0.021795,0.000865
325.28,474.69,0.021302,0.000508
325.28,478.32,0.020637,-0.000552
325.28,481.86,0.020236,-0.000438
325.28,485.41,0.02024,-0.00099
325.28,488.99,0.019891,-0.001285
325.28,492.49,0.019953,-0.001335
325.28,496.04,0.019411,-0.001322
325.28,499.58,0.019362,-0.001446
325.28,503.08,0.019001,-0.001868
325.28,506.62,0.01889,-0.001994
325.28,510.17,0.018801,-0.002157
325.28,513.67,0.018662,-0.00228
325.28,517.21,0.018308,-0.002598
325.28,520.71,0.017969,-0.002653
325.28,524.21,0.017584,-0.002983
325.28,527.8,0.017639,-0.002752
325.28,531.74,0.017042,-0.00212
325.28,535.32,0.017273,-0.003402
325.28,538.91,0.016721,-0.004104
325.28,542.41,0.016697,-0.003895
325.28,545.91,0.016805,-0.00399
325.28,549.46,0.016728,-0.003919
325.28,552.96,0.016897,-0.004172
325.28,556.5,0.016515,-0.004206
325.28,560.13,0.016447,-0.004859
325.28,563.76,0.016044,-0.004782
325.28,567.26,0.015692,-0.005219
325.28,570.85,0.015307,-0.004874
325.28,575.01,0.015221,-0.005358
325.28,578.59,0.015252,-0.006024
325.28,582.14,0.015699,-0.00542
325.28,585.64,0.015668,-0.005133
325.28,589.27,0.015742,-0.005589
325.28,592.9,0.016019,-0.004847
325.28,596.4,0.015634,-0.005028
325.28,599.9,0.015588,-0.005296
325.28,603.44,0.015335,-0.005451
325.28,606.99,0.014925,-0.005349
325.28,610.53,0.014824,-0.00537
325.28,614.07,0.014605,-0.005478
325.28,617.57,0.014457,-0.005839
325.28,621.16,0.014553,-0.005691
325.28,624.66,0.014836,-0.005068
325.28,628.25,0.014405,-0.005269
325.28,631.71,0.014472,-0.005287
325.28,635.25,0.014229,-0.005611
325.28,638.71,0.01414,-0.005897
325.28,642.29,0.01409,-0.005789
325.28,645.79,0.014469,-0.00525
325.28,649.03,0.014898,-0.005906
325.28,653.06,0.015224,-0.005028
325.28,656.56,0.015489,-0.004804
325.28,660.14,0.015692,-0.005531
325.28,663.77,0.016007,-0.005734
325.28,667.36,0.015967,-0.00505
325.28,670.95,0.016047,-0.005019
325.28,674.49,0.016019,-0.004686
325.28,677.95,0.016142,-0.004816
325.28,681.58,0.015985,-0.004403
325.28,685.12,0.01617,-0.004126
325.28,688.67,0.016213,-0.004113
361.42,11.81,0.334894,0.29515
361.42,15.4,0.358828,0.330809
361.42,18.9,0.373098,0.344259
361.42,22.66,0.379358,0.350806
361.42,25.99,0.380184,0.349644
361.42,30.01,0.377796,0.349321
361.42,33.47,0.37372,0.345846
361.42,37.1,0.369333,0.341884
361.42,40.47,0.365193,0.3382
361.42,44.23,0.361474,0.334453
361.42,47.77,0.358394,0.331844
361.42,51.36,0.356404,0.329685
361.42,54.91,0.354651,0.327898
361.42,58.32,0.353415,0.326579
361.42,61.82,0.352466,0.32612
361.42,65.41,0.351856,0.325057
361.42,68.99,0.351924,0.32515
361.42,72.54,0.35193,0.324808
361.42,76.12,0.352232,0.325122
361.42,79.58,0.352587,0.325926
361.42,83.08,0.352962,0.326068
361.42,86.36,0.353847,0.324497
361.42,90.34,0.354497,0.32677
361.42,93.8,0.35527,0.327664
361.42,97.39,0.355911,0.328428
361.42,100.93,0.35673,0.328671
361.42,104.56,0.357168,0.329007
361.42,108.02,0.357439,0.329466
361.42,111.61,0.358175,0.330184
361.42,115.11,0.35884,0.331071
361.42,118.61,0.359475,0.331459
361.42,122.19,0.360045,0.332392
361.42,125.74,0.360717,0.333381
361.42,129.32,0.36112,0.333985
361.42,132.82,0.361407,0.334084
361.42,136.46,0.361419,0.334805
361.42,140.0,0.361203,0.334346
361.42,143.5,0.361034,0.334355
361.42,147.09,0.361089,0.334275
361.42,150.59,0.361015,0.33413
361.42,154.17,0.361092,0.334013
361.42,157.72,0.361391,0.334266
361.42,161.26,0.361733,0.334059
361.42,164.85,0.362251,0.334946
361.42,168.39,0.362996,0.334891
361.42,171.89,0.363628,0.3362
361.42,175.44,0.364318,0.335982
361.42,178.98,0.365196,0.337537
361.42,182.52,0.365969,0.337611
361.42,186.02,0.366524,0.338585
361.42,189.57,0.366866,0.339041
361.42,193.07,0.36754,0.339413
361.42,196.66,0.367987,0.339737
361.42,200.2,0.368092,0.340282
361.42,203.74,0.368517,0.340356
361.42,207.29,0.369185,0.341724
361.42,210.87,0.369832,0.342439
361.42,214.37,0.370636,0.342895
361.42,218.01,0.371656,0.344148
361.42,221.59,0.37201,0.345258
361.42,225.18,0.372996,0.345911
361.42,228.68,0.3738,0.346493
361.42,232.18,0.374312,0.34726
361.42,235.68,0.375017,0.34767
361.42,239.22,0.375082,0.347978
361.42,242.72,0.375408,0.348332
361.42,246.31,0.375368,0.347975
361.42,249.81,0.375418,0.348064
361.42,253.44,0.375544,0.346613
361.42,256.99,0.375103,0.347482
361.42,260.49,0.374983,0.347679
361.42,264.07,0.374617,0.346142
361.42,267.57,0.374108,0.345991
361.42,271.12,0.373594,0.345658
361.42,274.66,0.37323,0.344885
361.42,278.16,0.372818,0.344811
361.42,281.75,0.37287,0.344204
361.42,285.34,0.373378,0.344922
361.42,288.88,0.37445,0.346431
361.42,292.38,0.376866,0.348449
361.42,295.92,0.380627,0.352895
361.42,299.6,0.387081,0.359564
361.42,303.1,0.395442,0.367537
361.42,306.73,0.407004,0.378933
361.42,310.23,0.420747,0.392482
361.42,313.86,0.437747,0.40831
361.42,317.45,0.455378,0.425763
361.42,320.91,0.474081,0.44405
361.42,324.45,0.493412,0.462891
361.42,328.3,0.513511,0.478893
361.42,331.97,0.528335,0.496487
361.42,335.56,0.538868,0.50714
361.42,339.02,0.543286,0.511465
361.42,342.82,0.541277,0.51108
361.42,346.28,0.531252,0.500994
361.42,349.65,0.513218,0.483689
361.42,353.46,0.488732,0.459928
361.42,357.04,0.456336,0.426554
361.42,360.85,0.42035,0.391385
361.42,364.35,0.381499,0.35438
361.42,368.02,0.342128,0.31551
361.42,371.48,0.302051,0.276407
361.42,375.11,0.263292,0.238388
361.42,378.7,0.22743,0.203745
361.42,382.24,0.194882,0.171718
361.42,385.83,0.166567,0.144525
361.42,389.33,0.141364,0.120239
361.42,393.01,0.120252,0.098847
361.42,396.55,0.10162,0.080963
361.42,400.05,0.086977,0.066077
361.42,403.02,0.07499,0.053986
361.42,407.18,0.064685,0.043884
361.42,410.81,0.056216,0.035119
361.42,414.31,0.049666,0.029174
361.42,417.55,0.044793,0.024103
361.42,421.4,0.040357,0.019164
361.42,425.07,0.036848,0.015233
361.42,428.66,0.034389,0.012904
361.42,432.16,0.032254,0.011031
361.42,435.66,0.030498,0.009331
361.42,439.25,0.028927,0.008259
361.42,442.79,0.027646,0.007464
361.42,446.42,0.027085,0.006142
361.42,449.92,0.026768,0.006416
361.42,453.47,0.026792,0.00654
361.42,456.97,0.026265,0.006241
361.42,460.56,0.026041,0.006099
361.42,464.1,0.025557,0.0056
361.42,467.64,0.024925,0.005107
361.42,471.14,0.024408,0.00463
361.42,474.77,0.024044,0.004109
361.42,478.36,0.023804,0.003135
361.42,481.95,0.023277,0.002331
361.42,485.58,0.022917,0.001737
361.42,489.08,0.022532,0.001352
361.42,492.67,0.022433,0.001641
361.42,496.3,0.022405,0.000779
361.42,499.8,0.022143,0.001068
361.42,503.39,0.022202,0.00141
361.42,506.93,0.022088,0.001111
361.42,510.39,0.022137,0.001352
361.42,514.02,0.022057,0.00178
361.42,517.56,0.022014,0.002082
361.42,521.37,0.021617,0.00284
361.42,524.96,0.021342,0.001429
361.42,528.5,0.021318,0.001133
361.42,532.04,0.021053,0.000535
361.42,535.63,0.020979,9.5e-05
361.42,539.61,0.020695,-0.001834
361.42,543.16,0.020736,-0.000198
361.42,546.7,0.020557,0.000421
361.42,550.29,0.020628,0.000637
361.42,553.83,0.020662,0.000794
361.42,557.33,0.020551,0.000551
361.42,560.87,0.020495,0.000529
361.42,564.46,0.020563,0.000917
361.42,568.05,0.020631,0.000711
361.42,571.64,0.020581,0.000397
361.42,575.31,0.020526,-0.00046
361.42,578.86,0.020606,5.2e-05
361.42,582.53,0.020634,-0.001027
361.42,586.03,0.020819,-9.3e-05
361.42,589.66,0.021022,-0.000201
361.42,593.16,0.021475,0.000443
361.42,596.66,0.020964,9.2e-05
361.42,600.21,0.020936,-2.2e-05
361.42,603.75,0.020927,0.00023
361.42,607.25,0.020988,0.000277
361.42,610.79,0.020902,0.000474
361.42,614.34,0.021299,0.001324
361.42,617.92,0.021275,0.001623
361.42,621.42,0.021777,0.001472
361.42,624.97,0.022125,0.002208
361.42,628.51,0.022572,0.002726
361.42,632.06,0.022849,0.002954
361.42,635.56,0.023015,0.002895
361.42,639.1,0.022929,0.002926
361.42,642.64,0.022984,0.002975
361.42,646.19,0.022988,0.002806
361.42,649.77,0.022941,0.002775
361.42,653.32,0.022485,0.0021
361.42,656.86,0.022578,0.002005
361.42,660.41,0.022741,0.002045
361.42,663.91,0.022852,0.00259
361.42,667.41,0.023274,0.00288
361.42,670.95,0.023422,0.002852
361.42,674.49,0.023804,0.002766
361.42,678.04,0.024531,0.003163
361.42,681.62,0.024882,0.003474
361.42,685.17,0.025212,0.00414
361.42,688.71,0.025982,0.004913
397.56,12.07,0.173828,0.14149
397.56,15.66,0.152328,0.129814
397.56,19.16,0.133141,0.110812
397.56,22.71,0.117005,0.094956
397.56,26.25,0.103622,0.081974
397.56,29.75,0.093092,0.071053
397.56,33.34,0.084796,0.062609
397.56,36.84,0.079007,0.056737
397.56,40.42,0.074571,0.051955
397.56,43.97,0.071056,0.049075
397.56,47.47,0.068727,0.046573
397.56,51.06,0.06723,0.045144
397.56,54.56,0.066133,0.044189
397.56,58.19,0.065387,0.043733
397.56,61.73,0.06511,0.04365
397.56,65.32,0.064993,0.04344
397.56,68.82,0.064534,0.043243
397.56,72.36,0.063745,0.043305
397.56,75.95,0.063446,0.042599
397.56,79.49,0.06283,0.042282
397.56,83.12,0.062128,0.041404
397.56,86.62,0.061666,0.040769
397.56,90.17,0.061241,0.040366
397.56,93.84,0.061044,0.038829
397.56,97.39,0.060917,0.03954
397.56,100.97,0.060991,0.038761
397.56,104.65,0.060896,0.038185
397.56,108.19,0.060548,0.038675
397.56,111.69,0.060597,0.038536
397.56,115.19,0.060529,0.038665
397.56,118.82,0.060511,0.038733
397.56,122.37,0.060585,0.039069
397.56,125.87,0.060788,0.039469
397.56,129.46,0.060569,0.039124
397.56,132.87,0.060668,0.039057
397.56,136.5,0.060612,0.039475
397.56,140.04,0.060507,0.039395
397.56,143.54,0.060994,0.039888
397.56,147.09,0.06092,0.040298
397.56,150.63,0.061296,0.040203
397.56,154.17,0.06161,0.040834
397.56,157.72,0.061647,0.040877
397.56,161.22,0.062082,0.04121
397.56,164.81,0.06202,0.041259
397.56,168.44,0.061983,0.03995
397.56,172.07,0.062029,0.040203
397.56,175.61,0.061764,0.040166
397.56,179.07,0.061638,0.040002
397.56,182.61,0.061355,0.039217
397.56,186.29,0.060899,0.039038
397.56,189.83,0.06093,0.038964
397.56,193.33,0.060489,0.038906
397.56,196.83,0.060603,0.038607
397.56,200.33,0.060563,0.038607
397.56,203.92,0.060606,0.038822
397.56,207.46,0.060612,0.038859
397.56,211.05,0.060427,0.039223
397.56,214.55,0.060575,0.039719
397.56,218.14,0.060467,0.039626
397.56,221.72,0.060597,0.03971
397.56,225.31,0.060963,0.040452
397.56,228.94,0.060936,0.04032
397.56,232.49,0.061308,0.040005
397.56,236.07,0.061567,0.040554
397.56,239.66,0.061626,0.039885
397.56,243.56,0.062017,0.038675
397.56,247.14,0.061885,0.040184
397.56,250.69,0.062365,0.040871
397.56,254.19,0.062889,0.042889
397.56,258.04,0.063302,0.04263
397.56,261.54,0.063567,0.042636
397.56,264.95,0.063579,0.042143
397.56,268.67,0.063487,0.04243
397.56,272.26,0.063483,0.042464
397.56,275.71,0.063782,0.042692
397.56,279.34,0.064294,0.042433
397.56,282.84,0.064833,0.042984
397.56,286.43,0.065236,0.043517
397.56,289.97,0.066059,0.043893
397.56,293.52,0.067186,0.044737
397.56,297.06,0.067975,0.045797
397.56,300.61,0.068964,0.046826
397.56,304.11,0.069651,0.047821
397.56,307.69,0.070116,0.048024
397.56,311.19,0.070489,0.048391
397.56,314.69,0.071265,0.049183
397.56,318.59,0.071561,0.051965
397.56,322.13,0.071872,0.051047
397.56,325.72,0.071999,0.051127
397.56,329.26,0.071764,0.050816
397.56,332.76,0.071315,0.050252
397.56,336.26,0.070822,0.050021
397.56,339.81,0.070187,0.049207
397.56,343.26,0.069007,0.047812
397.56,347.02,0.06747,0.044066
397.56,350.61,0.065686,0.043459
397.56,354.16,0.063952,0.042051
397.56,357.7,0.061734,0.039765
397.56,361.2,0.059115,0.037676
397.56,364.79,0.056712,0.035215
397.56,368.29,0.054186,0.032849
397.56,371.87,0.051758,0.030535
397.56,375.46,0.049707,0.028413
397.56,379.01,0.047387,0.026983
397.56,382.55,0.045122,0.025344
397.56,386.18,0.043123,0.022951
397.56,389.77,0.041074,0.020776
397.56,393.62,0.038801,0.016592
397.56,397.12,0.036838,0.015769
397.56,400.71,0.035012,0.013471
397.56,404.6,0.033588,0.012153
397.56,408.1,0.03215,0.011404
397.56,411.73,0.031114,0.010923
397.56,415.32,0.030317,0.010625
397.56,418.91,0.029679,0.009836
397.56,422.41,0.029374,0.009337
397.56,426.04,0.029004,0.008594
397.56,429.62,0.028733,0.008348
397.56,433.17,0.028554,0.008212
397.56,436.54,0.028271,0.00763
397.56,440.3,0.02824,0.00719
397.56,443.8,0.028148,0.00759
397.56,447.34,0.028662,0.007864
397.56,450.89,0.028859,0.007097
397.56,454.43,0.029768,0.0084
397.56,458.06,0.030002,0.008641
397.56,461.56,0.030489,0.009198
397.56,465.11,0.030859,0.009817
397.56,468.34,0.030834,0.00979
397.56,472.28,0.030865,0.010089
397.56,475.87,0.030837,0.010893
397.56,479.37,0.030911,0.010464
397.56,482.69,0.030495,0.011139
397.56,486.63,0.03028,0.010089
397.56,490.13,0.030008,0.009972
397.56,493.63,0.029879,0.009805
397.56,497.17,0.029713,0.009636
397.56,500.72,0.029275,0.00905
397.56,504.31,0.029457,0.008844
397.56,507.76,0.029321,0.009143
397.56,511.26,0.029087,0.008764
397.56,514.76,0.028958,0.008533
397.56,518.39,0.029254,0.008391
397.56,521.85,0.029386,0.008899
397.56,525.39,0.029321,0.008622
397.56,528.98,0.028995,0.007704
397.56,532.52,0.028918,0.007981
397.56,536.11,0.028557,0.007005
397.56,539.7,0.028234,0.006811
397.56,543.2,0.028179,0.007248
397.56,546.79,0.028323,0.007214
397.56,550.37,0.028074,0.007575
397.56,553.87,0.028363,0.007307
397.56,557.59,0.028487,0.009753
397.56,561.22,0.028659,0.00869
397.56,564.72,0.028579,0.008582
397.56,568.18,0.028434,0.008453
397.56,572.12,0.028225,0.005298
397.56,575.66,0.02779,0.007251
397.56,579.16,0.027593,0.006472
397.56,582.75,0.027368,0.006207
397.56,586.38,0.027436,0.006768
397.56,589.92,0.027701,0.006589
397.56,593.47,0.027861,0.006826
397.56,597.01,0.028215,0.007458
397.56,600.64,0.028182,0.008376
397.56,604.06,0.028126,0.007874
397.56,607.69,0.028588,0.008502
397.56,611.32,0.029026,0.008906
397.56,614.82,0.02902,0.008949
397.56,618.41,0.029309,0.009201
397.56,621.91,0.029349,0.009146
397.56,625.54,0.029365,0.009084
397.56,629.04,0.029423,0.009004
397.56,632.58,0.029371,0.00902
397.56,636.04,0.02963,0.009482
397.56,639.58,0.029713,0.009645
397.56,643.17,0.030052,0.009451
397.56,646.84,0.030369,0.008102
397.56,650.34,0.030529,0.009352
397.56,653.93,0.030748,0.009309
397.56,657.47,0.030917,0.009543
397.56,660.97,0.031293,0.010092
397.56,664.56,0.031632,0.010686
397.56,668.11,0.03174,0.010384
397.56,671.65,0.031654,0.011028
397.56,675.19,0.031777,0.010782
397.56,678.74,0.03166,0.011133
397.56,682.19,0.03182,0.011438
397.56,685.74,0.03158,0.010868
433.65,12.42,0.051629,0.022969
433.65,16.01,0.050276,0.028169
433.65,19.47,0.049026,0.027424
433.65,23.41,0.047581,0.027676
433.65,26.99,0.046407,0.025899
433.65,30.41,0.045169,0.024657
433.65,34.04,0.044556,0.024549
433.65,37.58,0.044149,0.023862
433.65,41.08,0.043798,0.023379
433.65,44.67,0.043755,0.023209
433.65,48.12,0.044281,0.023986
433.65,51.71,0.044235,0.023662
433.65,55.3,0.044109,0.023379
433.65,58.84,0.044519,0.023822
433.65,62.34,0.044244,0.023212
433.65,65.93,0.044266,0.022895
433.65,69.52,0.04389,0.021903
433.65,73.11,0.043909,0.022451
433.65,76.52,0.043499,0.022042
433.65,80.11,0.043388,0.021573
433.65,83.82,0.043437,0.022439
433.65,87.46,0.043034,0.022174
433.65,90.96,0.043061,0.02218
433.65,94.46,0.042661,0.021891
433.65,98.26,0.042701,0.021549
433.65,101.81,0.043212,0.02352
433.65,105.35,0.043206,0.022451
433.65,108.89,0.04308,0.02255
433.65,112.7,0.042704,0.018976
433.65,116.29,0.042821,0.021145
433.65,119.87,0.042646,0.02084
433.65,123.37,0.042535,0.021071
433.65,126.92,0.042245,0.020917
433.65,130.42,0.04226,0.021071
433.65,133.96,0.04227,0.02105
433.65,137.59,0.042245,0.02162
433.65,141.09,0.042331,0.021703
433.65,144.68,0.042264,0.021774
433.65,148.14,0.041866,0.021151
433.65,151.68,0.041503,0.020871
433.65,155.27,0.040954,0.020387
433.65,158.77,0.040203,0.020178
433.65,162.27,0.039519,0.019171
433.65,165.77,0.038816,0.018252
433.65,169.31,0.038046,0.017713
433.65,172.9,0.037393,0.016734
433.65,176.4,0.036918,0.016909
433.65,179.94,0.036654,0.016185
433.65,183.53,0.036167,0.015865
433.65,187.16,0.036191,0.012895
433.65,190.71,0.03605,0.015449
433.65,194.25,0.035979,0.014337
433.65,197.88,0.035424,0.01377
433.65,201.64,0.035483,0.015957
433.65,205.19,0.035501,0.014041
433.65,208.73,0.035517,0.014876
433.65,212.23,0.035541,0.015049
433.65,215.77,0.035585,0.015206
433.65,219.32,0.035446,0.014981
433.65,222.86,0.035517,0.015464
433.65,226.41,0.03519,0.015079
433.65,229.86,0.035169,0.014888
433.65,233.41,0.034802,0.014368
433.65,236.95,0.034667,0.014479
433.65,240.49,0.034747,0.014494
433.65,243.99,0.034321,0.013967
433.65,247.49,0.03442,0.013924
433.65,251.12,0.034405,0.013856
433.65,254.58,0.034519,0.013915
433.65,258.12,0.034362,0.013524
433.65,261.89,0.034321,0.011324
433.65,265.52,0.034211,0.013037
433.65,269.06,0.034395,0.013138
433.65,272.61,0.034103,0.012935
433.65,276.37,0.034109,0.014784
433.65,279.96,0.034186,0.01377
433.65,283.46,0.034365,0.014121
433.65,286.91,0.034469,0.014171
433.65,290.76,0.035122,0.012559
433.65,294.31,0.035529,0.016025
433.65,297.81,0.03584,0.015082
433.65,301.31,0.035942,0.015135
433.65,304.81,0.0356,0.014642
433.65,308.39,0.035107,0.014174
433.65,311.89,0.034722,0.013403
433.65,315.44,0.034365,0.012883
433.65,318.98,0.03426,0.013333
433.65,322.52,0.034183,0.013216
433.65,326.02,0.033992,0.012476
433.65,329.48,0.033527,0.012565
433.65,333.07,0.033607,0.012079
433.65,336.66,0.033721,0.012276
433.65,340.16,0.03328,0.012002
433.65,343.7,0.033148,0.012008
433.65,347.24,0.033394,0.011919
433.65,350.79,0.033179,0.012353
433.65,354.33,0.033345,0.012522
433.65,357.83,0.033594,0.01275
433.65,361.37,0.03369,0.01279
433.65,364.92,0.033607,0.013154
433.65,368.42,0.033715,0.013034
433.65,372.01,0.033601,0.01348
433.65,375.51,0.033573,0.013616
433.65,379.09,0.033345,0.013256
433.65,382.59,0.033209,0.013034
433.65,386.18,0.032886,0.012599
433.65,389.68,0.0332,0.012593
433.65,393.14,0.033151,0.013043
433.65,396.68,0.033271,0.012991
433.65,400.36,0.03357,0.012812
433.65,403.86,0.033548,0.012855
433.65,407.4,0.033594,0.012947
433.65,410.94,0.03365,0.012726
433.65,414.53,0.033132,0.012153
433.65,418.03,0.033246,0.012119
433.65,421.53,0.033228,0.012276
433.65,425.07,0.033188,0.011863
433.65,428.62,0.033289,0.012097
433.65,432.07,0.033302,0.012162
433.65,435.71,0.03332,0.011647
433.65,439.25,0.033286,0.012097
433.65,442.79,0.033185,0.012026
433.65,446.29,0.033126,0.012134
433.65,449.88,0.033157,0.012393
433.65,453.51,0.032892,0.012378
433.65,457.06,0.032609,0.01206
433.65,460.56,0.03218,0.011878
433.65,464.1,0.0321,0.011651
433.65,467.64,0.031687,0.011697
433.65,471.19,0.031419,0.011216
433.65,474.77,0.030837,0.01096
433.65,478.23,0.030902,0.010976
433.65,481.77,0.031281,0.011096
433.65,485.27,0.031712,0.011481
433.65,488.91,0.0321,0.011697
433.65,492.45,0.032029,0.011801
433.65,495.99,0.03218,0.011376
433.65,499.54,0.032088,0.010773
433.65,503.08,0.032039,0.010671
433.65,506.62,0.032082,0.010782
433.65,510.17,0.032254,0.011272
433.65,513.58,0.0321,0.010714
433.65,517.21,0.032393,0.01149
433.65,520.71,0.032898,0.011641
433.65,524.3,0.03271,0.011432
433.65,527.84,0.032837,0.011647
433.65,531.39,0.032858,0.011691
433.65,534.93,0.032994,0.011632
433.65,538.43,0.032528,0.011395
433.65,542.02,0.03222,0.011389
433.65,545.74,0.031805,0.01267
433.65,549.28,0.031814,0.011367
433.65,552.78,0.031386,0.010948
433.65,556.28,0.031191,0.011262
433.65,560.0,0.031398,0.01101
433.65,563.54,0.031367,0.011207
433.65,567.04,0.031764,0.011352
433.65,570.63,0.031783,0.011
433.65,574.52,0.031758,0.008625
433.65,578.02,0.031789,0.010649
433.65,581.66,0.031305,0.010409
433.65,585.2,0.031007,0.0102
433.65,588.7,0.03096,0.010196
433.65,592.24,0.03097,0.010135
433.65,595.83,0.0308,0.010529
433.65,599.33,0.031268,0.010702
433.65,602.83,0.031577,0.011509
433.65,606.42,0.031771,0.011712
433.65,609.92,0.031718,0.011543
433.65,613.42,0.031768,0.011305
433.65,617.05,0.031373,0.011025
433.65,621.07,0.030668,0.00719
433.65,624.62,0.030307,0.008967
433.65,628.12,0.029947,0.008964
433.65,631.66,0.029685,0.008585
433.65,635.25,0.029398,0.008693
433.65,638.79,0.029365,0.008671
433.65,642.34,0.028989,0.008188
433.65,645.88,0.028462,0.007917
433.65,649.38,0.028644,0.008139
433.65,652.92,0.028203,0.007778
433.65,656.56,0.028175,0.008289
433.65,660.06,0.028557,0.008508
433.65,663.56,0.028622,0.008265
433.65,667.1,0.028881,0.008721
433.65,670.6,0.029691,0.009839
433.65,674.19,0.029999,0.009851
433.65,677.64,0.030575,0.010335
433.65,681.1,0.030942,0.010874
433.65,684.73,0.030874,0.010902
433.65,688.27,0.03093,0.010671
469.74,13.04,0.043345,0.016376
469.74,16.62,0.042966,0.021093
469.74,20.17,0.042701,0.021068
469.74,23.84,0.042183,0.020427
469.74,27.47,0.041533,0.02036
469.74,31.11,0.040763,0.020742
469.74,34.61,0.040326,0.019577
469.74,38.11,0.040329,0.019519
469.74,41.74,0.04036,0.019978
469.74,45.28,0.040699,0.02044
469.74,48.91,0.040729,0.020809
469.74,52.46,0.04121,0.020806
469.74,56.09,0.041592,0.021204
469.74,59.67,0.041604,0.020169
469.74,63.22,0.041512,0.020994
469.74,66.72,0.041124,0.020369
469.74,70.26,0.041201,0.019965
469.74,73.81,0.040809,0.019599
469.74,77.39,0.040699,0.019331
469.74,80.89,0.041219,0.019993
469.74,84.35,0.041062,0.020107
469.74,87.98,0.041503,0.019821
469.74,91.57,0.041447,0.020036
469.74,95.11,0.041996,0.020548
469.74,98.66,0.041536,0.02015
469.74,102.24,0.04141,0.020548
469.74,105.87,0.040991,0.021087
469.74,109.51,0.040378,0.020264
469.74,113.05,0.040002,0.019679
469.74,116.55,0.039063,0.018829
469.74,120.27,0.038277,0.017504
469.74,123.81,0.037649,0.017211
469.74,127.31,0.036931,0.015862
469.74,130.86,0.036586,0.015837
469.74,134.4,0.036167,0.015366
469.74,137.94,0.035662,0.014765
469.74,141.44,0.035085,0.013712
469.74,145.03,0.035082,0.013967
469.74,148.62,0.035107,0.013607
469.74,152.12,0.035162,0.01393
469.74,155.66,0.03528,0.013638
469.74,159.16,0.035452,0.014531
469.74,162.71,0.03629,0.014944
469.74,166.07,0.036623,0.015218
469.74,169.84,0.037239,0.01601
469.74,173.38,0.037378,0.016222
469.74,176.88,0.037812,0.016811
469.74,180.51,0.037411,0.016607
469.74,184.19,0.037402,0.017975
469.74,187.64,0.037051,0.016607
469.74,191.27,0.036758,0.016734
469.74,194.82,0.036352,0.016247
469.74,198.32,0.035834,0.015625
469.74,201.86,0.035267,0.015209
469.74,205.32,0.035563,0.015267
469.74,208.86,0.035156,0.014802
469.74,212.49,0.035021,0.014429
469.74,216.04,0.035215,0.014248
469.74,219.54,0.03556,0.014611
469.74,223.21,0.035615,0.014204
469.74,226.71,0.035572,0.014275
469.74,230.21,0.035138,0.01442
469.74,233.71,0.035162,0.013795
469.74,237.3,0.034633,0.013736
469.74,240.89,0.0343,0.012877
469.74,244.43,0.034026,0.012643
469.74,247.93,0.033413,0.012153
469.74,251.39,0.032926,0.011728
469.74,254.97,0.032513,0.011398
469.74,258.52,0.03243,0.011444
469.74,262.19,0.032683,0.01255
469.74,265.74,0.033246,0.012529
469.74,269.19,0.033601,0.013175
469.74,272.74,0.033939,0.01345
469.74,276.32,0.034137,0.013986
469.74,279.87,0.034423,0.014069
469.74,283.37,0.034398,0.013952
469.74,286.91,0.034204,0.014217
469.74,290.46,0.034288,0.014137
469.74,293.96,0.034238,0.014161
469.74,297.37,0.034605,0.014571
469.74,301.0,0.034941,0.014694
469.74,304.54,0.035199,0.015024
469.74,308.04,0.035585,0.015292
469.74,311.67,0.035618,0.014768
469.74,315.22,0.035107,0.014793
469.74,318.63,0.035126,0.013869
469.74,322.31,0.035243,0.014158
469.74,325.85,0.034981,0.013893
469.74,329.39,0.034636,0.014026
469.74,332.94,0.034284,0.012535
469.74,336.52,0.034214,0.012781
469.74,340.07,0.034337,0.012846
469.74,343.61,0.034297,0.013129
469.74,347.24,0.034352,0.013129
469.74,350.74,0.034007,0.012994
469.74,354.29,0.033896,0.013216
469.74,357.92,0.034312,0.013899
469.74,361.42,0.034377,0.013936
469.74,365.14,0.034768,0.015261
469.74,368.64,0.035092,0.014907
469.74,372.18,0.035403,0.015329
469.74,375.77,0.035945,0.015301
469.74,379.44,0.03576,0.014488
469.74,382.9,0.035923,0.015486
469.74,386.53,0.035788,0.014346
469.74,390.07,0.035769,0.014707
469.74,393.71,0.035757,0.014171
469.74,397.21,0.035803,0.014623
469.74,400.84,0.035914,0.014439
469.74,404.42,0.035834,0.014549
469.74,407.88,0.035865,0.014679
469.74,411.42,0.035501,0.014448
469.74,414.97,0.034811,0.013758
469.74,418.6,0.034383,0.014229
469.74,422.1,0.033949,0.013095
469.74,425.69,0.033579,0.013527
469.74,429.32,0.032886,0.012538
469.74,432.82,0.032032,0.012282
469.74,436.41,0.031805,0.011389
469.74,439.99,0.031161,0.011346
469.74,443.49,0.031367,0.011044
469.74,447.04,0.031697,0.011078
469.74,450.54,0.031614,0.011598
469.74,454.12,0.03174,0.01097
469.74,457.62,0.032187,0.011392
469.74,461.3,0.032233,0.010129
469.74,464.8,0.032507,0.011647
469.74,467.69,0.032479,0.011512
469.74,471.89,0.032683,0.011244
469.74,475.43,0.032747,0.011305
469.74,478.93,0.032797,0.011737
469.74,482.21,0.03292,0.011546
469.74,485.97,0.032852,0.011654
469.74,489.65,0.032833,0.0119
469.74,493.24,0.03332,0.012322
469.74,496.74,0.033219,0.012356
469.74,500.32,0.033163,0.012695
469.74,503.87,0.033219,0.013086
469.74,507.46,0.033129,0.012892
469.74,510.91,0.033175,0.013077
469.74,514.54,0.033194,0.013357
469.74,518.09,0.033576,0.0134
469.74,521.67,0.033884,0.01373
469.74,525.17,0.034358,0.014047
469.74,528.67,0.034365,0.014143
469.74,532.31,0.034719,0.013585
469.74,535.85,0.035073,0.014426
469.74,539.39,0.035169,0.013878
469.74,542.94,0.035104,0.013293
469.74,546.57,0.034833,0.013249
469.74,550.07,0.03434,0.01336
469.74,553.57,0.034358,0.013274
469.74,557.11,0.03402,0.0128
469.74,560.66,0.033564,0.012187
469.74,564.2,0.03316,0.011814
469.74,567.79,0.032833,0.011801
469.74,571.33,0.032495,0.011506
469.74,574.87,0.032045,0.011213
469.74,578.46,0.031878,0.011155
469.74,582.01,0.031463,0.010985
469.74,585.55,0.031336,0.011013
469.74,589.09,0.031398,0.011364
469.74,592.72,0.030862,0.011016
469.74,596.27,0.03093,0.01072
469.74,599.81,0.030877,0.010677
469.74,603.44,0.030853,0.008909
469.74,607.07,0.031025,0.010283
469.74,610.66,0.031004,0.009417
469.74,614.25,0.030896,0.009491
469.74,618.01,0.031355,0.010954
469.74,621.51,0.031715,0.00966
469.74,625.06,0.032011,0.011185
469.74,628.64,0.032039,0.011275
469.74,632.14,0.032069,0.01186
469.74,635.73,0.032156,0.011382
469.74,639.23,0.032199,0.011718
469.74,642.77,0.03206,0.0115
469.74,646.32,0.031974,0.011749
469.74,649.82,0.03239,0.012307
469.74,653.41,0.032562,0.012334
469.74,656.95,0.032464,0.012427
469.74,660.49,0.032578,0.012384
469.74,663.91,0.032427,0.011894
469.74,667.62,0.032966,0.012726
469.74,671.17,0.032735,0.01218
469.74,674.67,0.032846,0.012316
469.74,678.39,0.032815,0.009737
469.74,682.02,0.032877,0.011752
469.74,685.43,0.033154,0.011971
505.93,12.29,0.040471,0.012174
505.93,15.79,0.040615,0.019509
505.93,19.38,0.041031,0.020427
505.93,22.97,0.041727,0.020985
505.93,26.51,0.042217,0.022217
505.93,30.14,0.043175,0.023009
505.93,33.73,0.043302,0.023151
505.93,37.27,0.043585,0.023182
505.93,40.99,0.043909,0.021657
505.93,44.54,0.044053,0.023132
505.93,48.12,0.044368,0.022661
505.93,51.62,0.044608,0.023391
505.93,55.17,0.044534,0.023052
505.93,58.8,0.044549,0.022565
505.93,62.34,0.044278,0.022559
505.93,65.89,0.043939,0.022649
505.93,69.47,0.043733,0.022532
505.93,73.02,0.043373,0.022137
505.93,76.52,0.043043,0.021989
505.93,79.93,0.042972,0.022085
505.93,83.65,0.043065,0.022411
505.93,87.15,0.043046,0.022276
505.93,90.74,0.043548,0.023052
505.93,94.19,0.044189,0.023394
505.93,97.69,0.044611,0.024291
505.93,101.46,0.044984,0.024697
505.93,104.96,0.045357,0.024999
505.93,108.59,0.045649,0.025061
505.93,112.09,0.045643,0.024602
505.93,115.59,0.045911,0.024978
505.93,119.26,0.045973,0.02414
505.93,122.89,0.046081,0.024032
505.93,126.35,0.045665,0.024198
505.93,129.85,0.04535,0.023687
505.93,133.39,0.044562,0.023209
505.93,137.07,0.043483,0.022291
505.93,140.61,0.042726,0.021537
505.93,144.2,0.042174,0.021626
505.93,147.74,0.041989,0.021281
505.93,151.42,0.041466,0.021191
505.93,154.87,0.041367,0.021105
505.93,158.42,0.041167,0.020692
505.93,162.05,0.041195,0.021071
505.93,165.68,0.041207,0.020529
505.93,169.22,0.04113,0.02076
505.93,172.72,0.041093,0.02052
505.93,176.31,0.040945,0.01967
505.93,179.86,0.04035,0.019451
505.93,183.4,0.039907,0.018681
505.93,186.99,0.03966,0.018098
505.93,190.62,0.03885,0.017291
505.93,194.12,0.038249,0.016915
505.93,197.66,0.037867,0.016395
505.93,201.29,0.037411,0.016142
505.93,204.75,0.036974,0.015671
505.93,208.29,0.036549,0.015166
505.93,211.84,0.036222,0.015588
505.93,215.42,0.035945,0.015277
505.93,218.92,0.035899,0.015156
505.93,222.82,0.035846,0.016299
505.93,226.36,0.035967,0.015791
505.93,229.86,0.035486,0.015045
505.93,233.45,0.035027,0.014103
505.93,236.86,0.034435,0.013219
505.93,240.58,0.034525,0.013191
505.93,244.08,0.034155,0.012855
505.93,247.67,0.033597,0.012017
505.93,251.21,0.0332,0.011965
505.93,254.76,0.032793,0.011238
505.93,258.34,0.032806,0.011592
505.93,261.89,0.032532,0.011269
505.93,265.43,0.032504,0.011367
505.93,268.97,0.032676,0.011675
505.93,272.56,0.032926,0.012168
505.93,276.11,0.032858,0.012387
505.93,279.69,0.032797,0.012763
505.93,283.11,0.033182,0.013095
505.93,286.78,0.033237,0.012951
505.93,290.37,0.033659,0.013527
505.93,293.82,0.033493,0.013521
505.93,297.28,0.034044,0.013758
505.93,300.87,0.033906,0.013878
505.93,304.46,0.033943,0.013665
505.93,308.0,0.03361,0.013576
505.93,311.59,0.033209,0.012387
505.93,315.17,0.033231,0.012301
505.93,318.67,0.032858,0.012393
505.93,322.22,0.032827,0.011601
505.93,325.81,0.03287,0.011392
505.93,329.09,0.032458,0.011216
505.93,332.98,0.032069,0.010763
505.93,336.52,0.031629,0.010508
505.93,339.98,0.031709,0.010403
505.93,343.26,0.031703,0.010689
505.93,347.16,0.032097,0.011022
505.93,350.7,0.032445,0.011996
505.93,354.2,0.032827,0.011971
505.93,357.66,0.033163,0.012217
505.93,361.2,0.033567,0.012673
505.93,364.74,0.033613,0.013043
505.93,368.37,0.033727,0.013542
505.93,371.87,0.033234,0.012944
505.93,375.42,0.032966,0.012627
505.93,379.05,0.032895,0.013003
505.93,382.59,0.032501,0.012088
505.93,386.18,0.032464,0.011851
505.93,389.81,0.032113,0.011512
505.93,393.36,0.032036,0.011709
505.93,396.81,0.032088,0.011155
505.93,400.4,0.032254,0.010822
505.93,404.07,0.03247,0.010578
505.93,407.62,0.032504,0.011238
505.93,411.12,0.032396,0.011358
505.93,414.79,0.032852,0.011712
505.93,418.25,0.033243,0.01214
505.93,421.79,0.033785,0.012701
505.93,425.34,0.034383,0.013625
505.93,428.88,0.034331,0.013758
505.93,432.56,0.034346,0.014072
505.93,435.57,0.034328,0.014235
505.93,439.64,0.034728,0.014861
505.93,443.23,0.034737,0.014571
505.93,446.82,0.034975,0.014916
505.93,450.1,0.035298,0.01426
505.93,453.95,0.035649,0.014895
505.93,457.54,0.035825,0.01438
505.93,461.17,0.036188,0.014639
505.93,464.71,0.036158,0.014577
505.93,468.39,0.036318,0.015018
505.93,471.89,0.036632,0.015406
505.93,475.43,0.036789,0.015705
505.93,478.97,0.037362,0.016272
505.93,482.56,0.037683,0.017091
505.93,486.11,0.037775,0.01702
505.93,489.65,0.037954,0.017495
505.93,493.15,0.037806,0.017501
505.93,496.78,0.037199,0.017538
505.93,500.28,0.03665,0.016367
505.93,503.82,0.035954,0.01597
505.93,507.41,0.035397,0.015252
505.93,511.09,0.035243,0.014084
505.93,514.63,0.034842,0.014257
505.93,518.13,0.034821,0.013548
505.93,521.85,0.034885,0.012405
505.93,525.48,0.035169,0.013656
505.93,528.98,0.035055,0.014007
505.93,532.52,0.035378,0.014281
505.93,536.2,0.035572,0.015323
505.93,539.79,0.035834,0.01527
505.93,543.33,0.036013,0.015317
505.93,546.83,0.036324,0.015967
505.93,550.42,0.036182,0.015816
505.93,554.01,0.036309,0.01657
505.93,557.55,0.036278,0.01589
505.93,561.05,0.035923,0.015643
505.93,564.64,0.035483,0.015381
505.93,568.14,0.035156,0.014944
505.93,571.42,0.034984,0.01413
505.93,575.27,0.034861,0.013647
505.93,578.86,0.035012,0.014075
505.93,582.4,0.035067,0.013955
505.93,586.21,0.035132,0.013006
505.93,589.75,0.035129,0.014235
505.93,593.34,0.034959,0.014432
505.93,596.97,0.034586,0.014466
505.93,600.6,0.034251,0.014901
505.93,604.1,0.033952,0.013653
505.93,607.69,0.033545,0.01365
505.93,611.27,0.03304,0.012886
505.93,614.86,0.032664,0.011721
505.93,618.36,0.032245,0.011965
505.93,621.91,0.032153,0.011284
505.93,625.45,0.031795,0.011
505.93,628.99,0.031262,0.010249
505.93,632.54,0.031305,0.009876
505.93,636.08,0.031028,0.009713
505.93,639.62,0.030905,0.009614
505.93,643.26,0.030886,0.009549
505.93,646.45,0.031034,0.009663
505.93,650.26,0.031318,0.010196
505.93,653.84,0.031376,0.010227
505.93,657.3,0.031278,0.010184
505.93,661.02,0.031407,0.0115
505.93,664.61,0.031355,0.011259
505.93,668.15,0.031395,0.011034
505.93,671.69,0.031225,0.011256
505.93,675.24,0.031235,0.011087
505.93,678.78,0.031475,0.011469
505.93,682.37,0.031691,0.01166
505.93,685.87,0.032057,0.011983
542.02,11.29,0.046777,0.017901
542.02,14.87,0.047575,0.025597
542.02,18.46,0.047861,0.026644
542.02,22.01,0.048564,0.026983
542.02,25.59,0.048644,0.027812
542.02,29.18,0.048902,0.028511
542.02,32.72,0.049124,0.028102
542.02,36.22,0.049204,0.028801
542.02,39.9,0.049312,0.029198
542.02,43.4,0.049189,0.028736
542.02,46.94,0.049383,0.028973
542.02,50.53,0.048995,0.028271
542.02,54.07,0.048902,0.027695
542.02,57.53,0.048641,0.027602
542.02,61.25,0.048283,0.026527
542.02,64.79,0.048305,0.026555
542.02,68.29,0.047935,0.026379
542.02,71.97,0.047935,0.025634
542.02,75.42,0.048172,0.026638
542.02,78.97,0.048157,0.026694
542.02,82.51,0.04828,0.026706
542.02,86.06,0.048219,0.026669
542.02,89.64,0.048305,0.026971
542.02,93.23,0.048305,0.026922
542.02,96.73,0.047935,0.026971
542.02,100.23,0.047787,0.027193
542.02,103.82,0.047907,0.027079
542.02,107.36,0.048169,0.027646
542.02,110.82,0.048289,0.027248
542.02,114.32,0.048215,0.027606
542.02,117.51,0.048289,0.02767
542.02,121.41,0.048249,0.027852
542.02,124.95,0.047895,0.027461
542.02,128.41,0.047858,0.027587
542.02,131.91,0.047408,0.026882
542.02,135.54,0.047541,0.027082
542.02,139.08,0.047199,0.026503
542.02,142.62,0.046789,0.025963
542.02,146.21,0.046413,0.025181
542.02,149.62,0.046272,0.024207
542.02,153.34,0.045997,0.024562
542.02,156.89,0.04596,0.024211
542.02,160.47,0.046081,0.024328
542.02,163.41,0.046361,0.024531
542.02,167.56,0.046389,0.024663
542.02,171.11,0.046872,0.025295
542.02,174.61,0.046838,0.02535
542.02,178.15,0.047171,0.025578
542.02,181.65,0.047205,0.025739
542.02,185.19,0.047097,0.026077
542.02,188.78,0.047202,0.026318
542.02,192.32,0.047005,0.026148
542.02,195.87,0.046712,0.025954
542.02,199.46,0.046364,0.025612
542.02,203.0,0.045899,0.025677
542.02,206.59,0.045991,0.025717
542.02,210.09,0.046044,0.025501
542.02,213.63,0.046007,0.025427
542.02,217.17,0.046164,0.025335
542.02,220.81,0.04649,0.025104
542.02,224.0,0.046392,0.025292
542.02,227.81,0.046059,0.025085
542.02,231.35,0.046114,0.024984
542.02,234.85,0.045551,0.024195
542.02,238.44,0.045353,0.02349
542.02,241.98,0.045366,0.023813
542.02,245.52,0.045301,0.023893
542.02,248.98,0.045236,0.023739
542.02,252.52,0.044953,0.023293
542.02,255.89,0.044848,0.023508
542.02,259.57,0.044503,0.023114
542.02,263.11,0.044303,0.02275
542.02,266.61,0.043721,0.022159
542.02,270.2,0.0432,0.021863
542.02,273.7,0.042683,0.021151
542.02,277.2,0.041882,0.020514
542.02,280.74,0.041493,0.020375
542.02,284.33,0.041204,0.020052
542.02,287.87,0.041108,0.020683
542.02,291.42,0.040954,0.020628
542.02,294.96,0.041148,0.02052
542.02,298.46,0.041013,0.020659
542.02,302.01,0.040816,0.020631
542.02,305.59,0.04027,0.020085
542.02,309.14,0.039688,0.019402
542.02,312.72,0.039081,0.018715
542.02,316.36,0.038545,0.016922
542.02,319.94,0.038117,0.017116
542.02,323.44,0.037753,0.016755
542.02,326.94,0.037411,0.016438
542.02,331.01,0.037328,0.016629
542.02,334.64,0.037781,0.017529
542.02,338.14,0.03767,0.017119
542.02,341.64,0.037658,0.017236
542.02,345.67,0.037667,0.015224
542.02,349.17,0.037667,0.01605
542.02,352.67,0.03767,0.016684
542.02,356.21,0.037846,0.016087
542.02,359.89,0.03784,0.016407
542.02,363.52,0.037738,0.016922
542.02,367.11,0.037279,0.016848
542.02,370.69,0.036999,0.016946
542.02,374.28,0.03686,0.016386
542.02,377.78,0.036604,0.016493
542.02,381.41,0.036077,0.015757
542.02,385.0,0.035538,0.014953
542.02,388.54,0.035104,0.01397
542.02,392.09,0.034442,0.013887
542.02,395.67,0.034349,0.012433
542.02,399.17,0.034038,0.013108
542.02,402.85,0.034072,0.012014
542.02,406.39,0.033967,0.012683
542.02,409.94,0.033998,0.012821
542.02,413.48,0.033616,0.012433
542.02,417.02,0.033188,0.012116
542.02,420.61,0.032963,0.012082
542.02,424.24,0.032479,0.012374
542.02,427.74,0.03223,0.011906
542.02,431.33,0.032159,0.012045
542.02,435.09,0.032069,0.011943
542.02,438.59,0.03231,0.011755
542.02,442.14,0.03243,0.012094
542.02,445.64,0.032393,0.012088
542.02,449.18,0.032932,0.01105
542.02,452.77,0.033132,0.011922
542.02,456.44,0.033687,0.011743
542.02,460.03,0.033912,0.012643
542.02,463.75,0.034352,0.013671
542.02,467.25,0.034398,0.013394
542.02,470.84,0.034352,0.01398
542.02,474.38,0.034309,0.014164
542.02,478.71,0.034445,0.010862
542.02,482.17,0.0343,0.013142
542.02,485.76,0.034346,0.013098
542.02,489.3,0.034389,0.013505
542.02,492.84,0.03442,0.01348
542.02,496.47,0.034426,0.013878
542.02,500.02,0.034278,0.014235
542.02,503.56,0.034395,0.014442
542.02,507.06,0.034281,0.013983
542.02,510.69,0.034432,0.014251
542.02,514.28,0.034315,0.013967
542.02,517.78,0.034398,0.01385
542.02,521.37,0.034383,0.013142
542.02,524.96,0.034377,0.013157
542.02,528.5,0.034343,0.013049
542.02,532.0,0.034334,0.013459
542.02,535.63,0.034747,0.013394
542.02,539.13,0.035421,0.014263
542.02,542.59,0.035813,0.014426
542.02,546.26,0.036564,0.015052
542.02,549.81,0.037011,0.01564
542.02,552.91,0.037402,0.016355
542.02,557.02,0.037812,0.017609
542.02,560.57,0.038083,0.017929
542.02,564.11,0.038487,0.018108
542.02,567.48,0.038918,0.018804
542.02,571.33,0.039284,0.01869
542.02,574.92,0.039312,0.018856
542.02,578.42,0.03918,0.018862
542.02,581.87,0.038779,0.01841
542.02,585.46,0.038896,0.017735
542.02,589.01,0.038983,0.017889
542.02,592.59,0.039238,0.017988
542.02,596.14,0.039232,0.017621
542.02,599.59,0.039682,0.018471
542.02,603.22,0.039623,0.017978
542.02,606.72,0.039297,0.017741
542.02,610.27,0.039155,0.017624
542.02,613.77,0.0393,0.018058
542.02,617.4,0.039201,0.017756
542.02,620.94,0.039297,0.017972
542.02,624.49,0.039254,0.018105
542.02,628.03,0.039251,0.018853
542.02,631.62,0.039257,0.018896
542.02,635.21,0.038841,0.018579
542.02,638.84,0.038939,0.019023
542.02,642.16,0.03852,0.017599
542.02,646.01,0.038185,0.017701
542.02,649.6,0.037793,0.016792
542.02,653.1,0.037319,0.016651
542.02,656.6,0.036999,0.015575
542.02,660.19,0.036798,0.015671
542.02,663.69,0.036564,0.015585
542.02,667.27,0.036543,0.014848
542.02,670.77,0.03657,0.014808
542.02,674.32,0.036188,0.014898
542.02,677.77,0.036179,0.014993
542.02,681.36,0.035963,0.014525
542.02,684.86,0.035347,0.014217
542.02,688.41,0.035027,0.013761
578.24,12.56,0.052544,0.023628
578.24,16.1,0.053126,0.030991
578.24,19.73,0.053487,0.031561
578.24,23.32,0.053865,0.03231
578.24,26.86,0.053979,0.032581
578.24,30.32,0.053869,0.032861
578.24,33.95,0.053428,0.03259
578.24,37.49,0.052944,0.03222
578.24,40.95,0.053175,0.031817
578.24,44.54,0.052704,0.03222
578.24,48.12,0.052778,0.032174
578.24,51.62,0.053163,0.032421
578.24,55.17,0.053246,0.032445
578.24,58.76,0.05316,0.032498
578.24,62.26,0.05308,0.032205
578.24,65.84,0.052769,0.031808
578.24,69.3,0.052676,0.032069
578.24,72.93,0.052291,0.03109
578.24,76.47,0.052106,0.030652
578.24,79.36,0.0519,0.029771
578.24,83.65,0.051555,0.029725
578.24,87.24,0.051198,0.029512
578.24,90.78,0.051173,0.029651
578.24,94.32,0.051709,0.030449
578.24,98.0,0.052069,0.0308
578.24,101.54,0.052362,0.031339
578.24,105.04,0.052276,0.031429
578.24,108.59,0.052729,0.03263
578.24,112.31,0.052418,0.031838
578.24,115.85,0.052054,0.03154
578.24,119.35,0.051989,0.03125
578.24,122.85,0.051694,0.0308
578.24,126.48,0.051339,0.029358
578.24,130.11,0.050985,0.029537
578.24,133.66,0.050631,0.028647
578.24,137.29,0.050209,0.028237
578.24,140.79,0.049756,0.028145
578.24,144.29,0.04958,0.027947
578.24,147.87,0.049743,0.028068
578.24,151.37,0.050329,0.028385
578.24,154.92,0.050166,0.028847
578.24,158.64,0.050196,0.029667
578.24,162.14,0.050082,0.029315
578.24,165.81,0.049873,0.029574
578.24,169.27,0.04963,0.028333
578.24,173.12,0.049756,0.028696
578.24,176.75,0.049854,0.02788
578.24,180.21,0.049787,0.028542
578.24,183.92,0.049802,0.02714
578.24,187.42,0.049725,0.02812
578.24,190.97,0.049873,0.028105
578.24,194.56,0.049756,0.028271
578.24,198.19,0.049759,0.029198
578.24,201.73,0.049765,0.02898
578.24,205.36,0.04946,0.029519
578.24,208.91,0.048973,0.028561
578.24,212.58,0.048545,0.028031
578.24,216.04,0.048551,0.027907
578.24,219.62,0.048215,0.027458
578.24,223.12,0.048009,0.027048
578.24,226.67,0.047938,0.026841
578.24,230.21,0.047775,0.026447
578.24,233.84,0.047507,0.025689
578.24,237.34,0.047208,0.025326
578.24,240.97,0.047223,0.02519
578.24,244.87,0.046755,0.026789
578.24,248.46,0.046755,0.026521
578.24,251.91,0.046786,0.02617
578.24,255.46,0.046835,0.02649
578.24,258.61,0.046727,0.026007
578.24,262.67,0.046487,0.025477
578.24,266.26,0.046349,0.025258
578.24,269.81,0.046019,0.025061
578.24,273.35,0.045763,0.023542
578.24,276.54,0.045618,0.024155
578.24,280.48,0.045341,0.023696
578.24,284.07,0.045233,0.023419
578.24,287.57,0.045021,0.023179
578.24,291.2,0.044494,0.023188
578.24,294.87,0.043835,0.02271
578.24,298.33,0.043527,0.023068
578.24,302.05,0.042898,0.022119
578.24,305.59,0.042707,0.022008
578.24,309.31,0.042032,0.021564
578.24,312.81,0.041496,0.020794
578.24,316.36,0.041204,0.020058
578.24,319.94,0.040766,0.018212
578.24,323.57,0.040384,0.020181
578.24,326.99,0.040264,0.019331
578.24,330.84,0.040064,0.0178
578.24,334.99,0.039919,0.020569
578.24,338.49,0.039987,0.01938
578.24,341.99,0.039851,0.019439
578.24,345.58,0.039978,0.019294
578.24,349.91,0.039962,0.019648
578.24,353.54,0.039586,0.019174
578.24,357.09,0.039586,0.018952
578.24,360.67,0.039127,0.018175
578.24,364.83,0.038869,0.01702
578.24,368.33,0.038872,0.01812
578.24,371.96,0.038388,0.018206
578.24,375.46,0.038447,0.01857
578.24,379.14,0.038336,0.01837
578.24,382.64,0.038502,0.018055
578.24,386.14,0.038425,0.017957
578.24,389.72,0.038126,0.017726
578.24,393.27,0.037766,0.017233
578.24,396.81,0.03739,0.016102
578.24,400.44,0.037396,0.016219
578.24,403.94,0.0371,0.015816
578.24,407.49,0.03706,0.015942
578.24,411.03,0.037032,0.015455
578.24,414.57,0.036949,0.01539
578.24,418.21,0.037371,0.015779
578.24,421.71,0.037325,0.01609
578.24,425.25,0.037337,0.016349
578.24,428.84,0.037451,0.016321
578.24,432.34,0.037707,0.016657
578.24,435.88,0.037701,0.016977
578.24,439.73,0.038132,0.018616
578.24,443.32,0.038191,0.017495
578.24,446.82,0.038505,0.017975
578.24,450.36,0.038653,0.017793
578.24,453.99,0.038875,0.017488
578.24,457.45,0.039204,0.01832
578.24,461.04,0.039562,0.017914
578.24,464.58,0.040027,0.018243
578.24,468.17,0.040723,0.019053
578.24,471.76,0.041139,0.019814
578.24,475.26,0.041472,0.020098
578.24,478.8,0.041882,0.020594
578.24,482.34,0.0419,0.0206
578.24,485.89,0.042223,0.021127
578.24,489.43,0.042146,0.021164
578.24,492.97,0.04222,0.021595
578.24,496.47,0.042217,0.021114
578.24,500.24,0.042254,0.022963
578.24,503.82,0.042254,0.021835
578.24,507.32,0.042294,0.021832
578.24,510.87,0.042374,0.021814
578.24,514.5,0.04275,0.021355
578.24,517.96,0.042618,0.021974
578.24,521.5,0.042716,0.02157
578.24,525.04,0.042414,0.020646
578.24,528.81,0.041894,0.019445
578.24,532.31,0.041912,0.020357
578.24,535.85,0.041641,0.020224
578.24,539.52,0.041161,0.020618
578.24,543.02,0.041096,0.019737
578.24,546.61,0.041518,0.020578
578.24,550.07,0.042002,0.021148
578.24,553.66,0.042307,0.022125
578.24,557.16,0.042642,0.022091
578.24,560.7,0.042957,0.022609
578.24,564.24,0.043665,0.02312
578.24,567.79,0.044161,0.023739
578.24,571.29,0.044155,0.023804
578.24,574.87,0.044414,0.024266
578.24,578.37,0.044057,0.023829
578.24,581.92,0.044106,0.023628
578.24,585.46,0.04389,0.023123
578.24,589.36,0.043363,0.01974
578.24,592.86,0.043034,0.021404
578.24,596.44,0.042646,0.021182
578.24,599.99,0.042116,0.02068
578.24,603.53,0.041783,0.020785
578.24,607.12,0.041644,0.020991
578.24,610.62,0.041062,0.019975
578.24,614.25,0.040862,0.02028
578.24,617.75,0.040779,0.020739
578.24,621.34,0.040917,0.020431
578.24,624.88,0.040717,0.02052
578.24,628.38,0.040686,0.020545
578.24,631.88,0.040828,0.020277
578.24,635.42,0.041191,0.020603
578.24,638.97,0.041068,0.020612
578.24,642.51,0.041262,0.020794
578.24,646.01,0.040994,0.020578
578.24,649.56,0.040797,0.020415
578.24,653.06,0.040458,0.019744
578.24,656.64,0.040092,0.019066
578.24,660.19,0.039626,0.018157
578.24,663.77,0.039528,0.01857
578.24,667.27,0.039497,0.017723
578.24,670.82,0.038921,0.017288
578.24,674.32,0.038983,0.017415
578.24,677.77,0.038847,0.017353
578.24,681.41,0.039241,0.017658
578.24,684.99,0.039275,0.017756
578.24,688.45,0.039608,0.018271
614.25,11.9,0.051983,0.02531
614.25,15.49,0.051971,0.031459
614.25,19.03,0.052156,0.031185
614.25,22.62,0.052029,0.031546
614.25,26.16,0.051644,0.031077
614.25,29.66,0.051392,0.030437
614.25,33.25,0.050803,0.030033
614.25,36.75,0.050243,0.029029
614.25,40.38,0.049842,0.028021
614.25,43.92,0.049663,0.028594
614.25,47.42,0.049368,0.027655
614.25,51.01,0.049093,0.026974
614.25,54.64,0.04934,0.027695
614.25,58.19,0.049429,0.027815
614.25,61.73,0.04946,0.028068
614.25,65.27,0.049442,0.027858
614.25,68.99,0.049365,0.029285
614.25,72.49,0.049485,0.028748
614.25,75.99,0.049454,0.028822
614.25,79.62,0.049463,0.028893
614.25,83.21,0.049408,0.028918
614.25,86.71,0.049719,0.029183
614.25,90.34,0.049787,0.028702
614.25,93.84,0.049731,0.028789
614.25,97.43,0.049716,0.028548
614.25,100.97,0.049824,0.028231
614.25,104.47,0.049691,0.02848
614.25,108.06,0.049802,0.028126
614.25,111.56,0.049814,0.028015
614.25,115.19,0.049713,0.027978
614.25,118.69,0.049916,0.028065
614.25,122.19,0.05019,0.028656
614.25,125.74,0.050119,0.028517
614.25,129.28,0.05015,0.028601
614.25,132.82,0.050218,0.028416
614.25,136.28,0.049854,0.028348
614.25,139.82,0.049707,0.028554
614.25,143.46,0.04967,0.029827
614.25,147.09,0.049417,0.029057
614.25,150.59,0.049457,0.028973
614.25,154.17,0.049007,0.028576
614.25,157.72,0.04869,0.028138
614.25,161.26,0.048354,0.027664
614.25,164.81,0.047815,0.027479
614.25,168.35,0.047966,0.0269
614.25,171.89,0.047914,0.027023
614.25,175.48,0.047519,0.026469
614.25,179.02,0.04751,0.025785
614.25,182.52,0.04726,0.025674
614.25,186.11,0.047063,0.025246
614.25,189.66,0.047208,0.025717
614.25,193.2,0.046801,0.025144
614.25,196.74,0.046774,0.025082
614.25,200.37,0.046367,0.025005
614.25,203.87,0.046071,0.02487
614.25,207.42,0.045384,0.02426
614.25,210.92,0.044931,0.024026
614.25,214.55,0.044787,0.024207
614.25,218.09,0.044688,0.024626
614.25,221.64,0.044491,0.024232
614.25,225.27,0.044565,0.024127
614.25,228.72,0.044238,0.023838
614.25,233.01,0.044053,0.020551
614.25,236.6,0.043924,0.022707
614.25,240.06,0.043776,0.022969
614.25,243.6,0.043357,0.023049
614.25,247.19,0.043388,0.022975
614.25,250.69,0.043416,0.022966
614.25,254.23,0.043376,0.022661
614.25,257.82,0.04332,0.023326
614.25,261.41,0.043419,0.023129
614.25,264.95,0.04345,0.022781
614.25,268.54,0.043049,0.022436
614.25,272.08,0.043,0.021983
614.25,275.54,0.042981,0.022131
614.25,279.12,0.042544,0.02145
614.25,282.67,0.042618,0.021463
614.25,286.17,0.042217,0.020985
614.25,289.76,0.042248,0.020452
614.25,293.26,0.042005,0.020107
614.25,296.76,0.041727,0.020477
614.25,300.39,0.04149,0.019925
614.25,303.89,0.041244,0.01979
614.25,308.31,0.041225,0.018366
614.25,312.07,0.041148,0.019981
614.25,315.66,0.041484,0.020005
614.25,319.11,0.041835,0.020677
614.25,323.22,0.042424,0.022664
614.25,326.77,0.042874,0.022769
614.25,330.27,0.043052,0.022199
614.25,333.81,0.043483,0.022744
614.25,337.88,0.04361,0.021435
614.25,341.47,0.043859,0.023098
614.25,345.01,0.043776,0.023046
614.25,348.51,0.043816,0.023268
614.25,352.1,0.043813,0.023567
614.25,355.69,0.044183,0.024032
614.25,359.19,0.044617,0.024023
614.25,362.77,0.044944,0.024306
614.25,366.27,0.045313,0.024811
614.25,369.86,0.045726,0.025005
614.25,373.32,0.04649,0.025711
614.25,376.91,0.046795,0.025652
614.25,380.45,0.04714,0.02552
614.25,383.95,0.047103,0.024802
614.25,387.67,0.047587,0.025594
614.25,391.17,0.04767,0.026139
614.25,394.71,0.047341,0.025532
614.25,398.21,0.04702,0.027448
614.25,402.19,0.046894,0.026543
614.25,405.78,0.046758,0.026481
614.25,409.28,0.04678,0.026309
614.25,413.0,0.046832,0.024312
614.25,416.54,0.046851,0.025837
614.25,420.13,0.046715,0.025144
614.25,423.63,0.04682,0.025742
614.25,427.35,0.047217,0.024737
614.25,430.89,0.047353,0.026093
614.25,434.35,0.048086,0.026509
614.25,437.94,0.047824,0.02658
614.25,441.44,0.048231,0.026728
614.25,445.02,0.048277,0.027362
614.25,448.57,0.048151,0.027877
614.25,452.07,0.04832,0.027267
614.25,455.7,0.04828,0.028092
614.25,459.24,0.048206,0.027769
614.25,462.79,0.048043,0.027464
614.25,466.33,0.047997,0.027756
614.25,469.87,0.047535,0.026922
614.25,473.42,0.04722,0.026607
614.25,477.01,0.046829,0.026041
614.25,480.46,0.046379,0.025739
614.25,483.96,0.046459,0.025545
614.25,487.59,0.04645,0.024993
614.25,491.09,0.046709,0.025307
614.25,494.59,0.047131,0.025822
614.25,498.14,0.047106,0.025548
614.25,501.72,0.047605,0.025498
614.25,505.36,0.047883,0.026182
614.25,508.9,0.048259,0.026875
614.25,512.49,0.048123,0.026691
614.25,515.99,0.048656,0.027205
614.25,519.57,0.048302,0.027695
614.25,523.07,0.048289,0.027381
614.25,526.62,0.047929,0.027085
614.25,530.16,0.047569,0.027146
614.25,534.01,0.047122,0.026111
614.25,537.56,0.04653,0.025455
614.25,541.1,0.046065,0.025273
614.25,544.69,0.04568,0.023813
614.25,548.27,0.045236,0.023678
614.25,551.77,0.04499,0.023268
614.25,555.36,0.044549,0.02292
614.25,558.86,0.044519,0.02316
614.25,562.49,0.044676,0.023203
614.25,566.12,0.044691,0.023493
614.25,569.62,0.044642,0.02405
614.25,573.21,0.045033,0.024617
614.25,576.89,0.044935,0.02463
614.25,580.61,0.045159,0.024423
614.25,584.11,0.045461,0.024303
614.25,587.65,0.045255,0.024432
614.25,591.15,0.045431,0.023785
614.25,594.91,0.045227,0.022954
614.25,598.37,0.044885,0.0232
614.25,601.91,0.044975,0.023564
614.25,605.46,0.044935,0.023148
614.25,609.04,0.044565,0.023197
614.25,612.54,0.04454,0.023326
614.25,616.17,0.044666,0.023767
614.25,619.81,0.044633,0.02462
614.25,623.39,0.045027,0.024787
614.25,627.11,0.045307,0.025018
614.25,630.61,0.046167,0.025443
614.25,634.16,0.046463,0.025529
614.25,637.7,0.046413,0.02568
614.25,641.33,0.046536,0.02515
614.25,644.79,0.046638,0.025754
614.25,648.42,0.046823,0.025163
614.25,651.96,0.047146,0.025169
614.25,655.51,0.047519,0.025695
614.25,659.09,0.047778,0.02617
614.25,662.64,0.047867,0.026441
614.25,666.14,0.047535,0.025979
614.25,669.77,0.047402,0.026232
614.25,673.36,0.047941,0.027005
614.25,676.81,0.047932,0.026943
614.25,680.44,0.047704,0.027455
614.25,684.07,0.047498,0.027587
614.25,687.57,0.047559,0.027205
650.39,12.21,0.047849,0.01913
650.39,15.79,0.047547,0.025914
650.39,19.29,0.047575,0.02662
650.39,23.01,0.047969,0.027113
650.39,26.6,0.047963,0.027541
650.39,30.14,0.048259,0.027837
650.39,33.12,0.048388,0.027738
650.39,37.23,0.048286,0.027781
650.39,40.47,0.048178,0.027689
650.39,44.36,0.048708,0.028157
650.39,47.69,0.048699,0.027861
650.39,51.36,0.048795,0.028009
650.39,54.95,0.048653,0.027615
650.39,58.49,0.048693,0.027852
650.39,62.08,0.048705,0.026869
650.39,65.67,0.048696,0.026922
650.39,69.26,0.048616,0.026761
650.39,72.8,0.048684,0.026573
650.39,76.43,0.048178,0.026715
650.39,79.89,0.04845,0.026687
650.39,83.47,0.048231,0.026755
650.39,87.02,0.048166,0.027079
650.39,90.61,0.048329,0.027282
650.39,93.67,0.048302,0.027535
650.39,97.65,0.048138,0.027405
650.39,101.19,0.048776,0.027815
650.39,104.74,0.049318,0.029127
650.39,108.11,0.049737,0.029331
650.39,111.87,0.050317,0.029737
650.39,115.28,0.050538,0.029996
650.39,118.91,0.050544,0.030187
650.39,122.46,0.05084,0.030224
650.39,126.0,0.050813,0.030002
650.39,129.59,0.050517,0.029565
650.39,133.04,0.050517,0.029294
650.39,136.63,0.05089,0.030018
650.39,140.13,0.050819,0.029577
650.39,143.67,0.051028,0.029596
650.39,147.22,0.050899,0.028844
650.39,150.76,0.050923,0.028776
650.39,154.31,0.050825,0.029315
650.39,158.07,0.050421,0.029251
650.39,161.7,0.050169,0.029466
650.39,165.2,0.04979,0.028998
650.39,168.61,0.049716,0.030261
650.39,172.46,0.049432,0.028878
650.39,176.05,0.049106,0.028289
650.39,179.59,0.048641,0.027612
650.39,183.14,0.048619,0.026293
650.39,186.77,0.048169,0.026777
650.39,190.4,0.048203,0.026521
650.39,193.94,0.047775,0.026567
650.39,197.44,0.047578,0.026081
650.39,201.03,0.04727,0.025338
650.39,204.57,0.046894,0.025313
650.39,208.16,0.046081,0.024851
650.39,211.71,0.045646,0.024291
650.39,215.16,0.045317,0.024016
650.39,218.75,0.045036,0.024038
650.39,222.29,0.044614,0.023502
650.39,225.79,0.044334,0.023641
650.39,229.34,0.043804,0.023145
650.39,232.79,0.043514,0.022895
650.39,236.34,0.04304,0.022683
650.39,239.92,0.042738,0.022297
650.39,243.38,0.042131,0.021854
650.39,246.97,0.042069,0.021848
650.39,250.56,0.042048,0.021595
650.39,254.06,0.041903,0.021595
650.39,257.95,0.042051,0.018209
650.39,261.54,0.041635,0.020172
650.39,264.99,0.041503,0.019765
650.39,268.62,0.041703,0.019996
650.39,272.21,0.04125,0.020877
650.39,275.76,0.041219,0.019525
650.39,279.3,0.041524,0.021047
650.39,282.84,0.041586,0.020646
650.39,286.3,0.041875,0.021121
650.39,289.84,0.042328,0.021481
650.39,293.39,0.042381,0.021675
650.39,296.93,0.042297,0.021614
650.39,300.43,0.042353,0.021521
650.39,303.67,0.042162,0.022359
650.39,307.65,0.042211,0.022097
650.39,311.11,0.042732,0.022125
650.39,314.65,0.042559,0.02215
650.39,318.28,0.042624,0.021259
650.39,321.87,0.042707,0.021376
650.39,325.37,0.042818,0.021521
650.39,328.96,0.043098,0.021272
650.39,332.46,0.043561,0.022088
650.39,336.0,0.044127,0.022667
650.39,339.54,0.045015,0.023326
650.39,343.09,0.045748,0.024124
650.39,346.63,0.046037,0.024469
650.39,350.17,0.046789,0.025323
650.39,353.72,0.046971,0.025548
650.39,357.22,0.047297,0.026059
650.39,360.76,0.047803,0.026376
650.39,363.91,0.04828,0.027695
650.39,367.94,0.048776,0.028191
650.39,371.44,0.049146,0.028317
650.39,374.98,0.049386,0.028792
650.39,378.44,0.049368,0.028764
650.39,381.98,0.04942,0.028736
650.39,385.57,0.04938,0.028869
650.39,389.11,0.0493,0.028634
650.39,392.74,0.049303,0.028342
650.39,396.42,0.049337,0.027941
650.39,399.92,0.049743,0.028505
650.39,403.46,0.049907,0.028074
650.39,407.01,0.049762,0.028249
650.39,410.55,0.049679,0.027947
650.39,414.18,0.049491,0.027421
650.39,417.64,0.049392,0.027864
650.39,421.18,0.049272,0.027914
650.39,424.72,0.049118,0.027479
650.39,428.27,0.048748,0.027344
650.39,431.86,0.048721,0.027384
650.39,435.36,0.04877,0.02747
650.39,438.94,0.048638,0.027926
650.39,442.44,0.049152,0.028373
650.39,445.99,0.049007,0.028591
650.39,449.62,0.049038,0.028576
650.39,453.21,0.048998,0.028588
650.39,456.71,0.048576,0.028259
650.39,460.29,0.048647,0.027898
650.39,463.84,0.048696,0.027975
650.39,467.38,0.048604,0.027649
650.39,470.92,0.048674,0.027775
650.39,474.42,0.048505,0.027584
650.39,477.92,0.048724,0.027408
650.39,481.56,0.048918,0.026691
650.39,485.14,0.048936,0.027069
650.39,488.69,0.049093,0.027507
650.39,492.23,0.049189,0.02702
650.39,495.73,0.04914,0.027316
650.39,499.36,0.048748,0.027495
650.39,502.86,0.048668,0.027399
650.39,506.41,0.048231,0.027279
650.39,509.95,0.04784,0.027079
650.39,513.54,0.047966,0.027655
650.39,517.08,0.048077,0.027211
650.39,520.62,0.047849,0.027763
650.39,524.21,0.047778,0.027353
650.39,527.76,0.047562,0.027131
650.39,531.3,0.047122,0.026213
650.39,534.89,0.046379,0.025471
650.39,538.43,0.045985,0.025061
650.39,542.06,0.045692,0.023915
650.39,545.56,0.045754,0.024217
650.39,549.11,0.045347,0.023952
650.39,552.69,0.045021,0.023126
650.39,555.89,0.044861,0.023102
650.39,559.87,0.044617,0.02337
650.39,563.41,0.044007,0.022581
650.39,566.91,0.043841,0.022291
650.39,570.63,0.043317,0.023866
650.39,574.17,0.043505,0.022818
650.39,577.72,0.043,0.022612
650.39,581.22,0.043406,0.023166
650.39,584.85,0.043428,0.023194
650.39,588.39,0.043761,0.023487
650.39,591.94,0.04377,0.023333
650.39,595.44,0.043764,0.023222
650.39,598.94,0.043798,0.023246
650.39,602.52,0.043958,0.022944
650.39,606.02,0.044149,0.023138
650.39,609.57,0.044543,0.023379
650.39,613.02,0.044451,0.023533
650.39,616.7,0.04515,0.022732
650.39,620.33,0.045569,0.024118
650.39,623.83,0.046077,0.02454
650.39,627.29,0.046444,0.024848
650.39,630.96,0.046478,0.02588
650.39,634.55,0.046761,0.025757
650.39,638.09,0.046989,0.026312
650.39,641.72,0.047183,0.027128
650.39,645.4,0.047488,0.027069
650.39,649.03,0.047501,0.026145
650.39,652.57,0.047525,0.026287
650.39,656.21,0.04796,0.026404
650.39,659.71,0.04816,0.026339
650.39,663.25,0.048419,0.02649
650.39,666.75,0.048363,0.026614
650.39,670.29,0.048117,0.026635
650.39,673.92,0.047833,0.026268
650.39,677.51,0.047279,0.025945
650.39,681.06,0.046808,0.02588
650.39,684.73,0.046432,0.026496
650.39,688.23,0.045853,0.025027
686.66,12.12,0.050865,0.023277
686.66,15.62,0.050951,0.029226
686.66,19.12,0.050859,0.029633
686.66,22.31,0.050871,0.028724
686.66,26.29,0.050905,0.028992
686.66,29.84,0.050997,0.029608
686.66,33.56,0.05101,0.029851
686.66,36.79,0.050782,0.031022
686.66,40.82,0.050831,0.030566
686.66,44.36,0.050933,0.030323
686.66,47.91,0.051034,0.030794
686.66,51.58,0.051657,0.02999
686.66,55.08,0.051974,0.031265
686.66,58.67,0.052171,0.030757
686.66,62.17,0.051922,0.030705
686.66,65.71,0.051567,0.029762
686.66,69.26,0.051663,0.029654
686.66,72.84,0.051413,0.029257
686.66,76.47,0.051293,0.029411
686.66,80.02,0.050896,0.02946
686.66,83.39,0.051148,0.029731
686.66,87.15,0.050825,0.029802
686.66,90.61,0.050945,0.029423
686.66,94.19,0.050988,0.030455
686.66,97.52,0.050748,0.031296
686.66,101.41,0.05088,0.030523
686.66,104.96,0.05117,0.030606
686.66,108.5,0.051669,0.030945
686.66,112.04,0.052057,0.030982
686.66,115.59,0.052174,0.031253
686.66,119.13,0.052482,0.031185
686.66,122.72,0.052048,0.030495
686.66,126.22,0.052017,0.030446
686.66,129.81,0.051974,0.030557
686.66,133.39,0.052076,0.030067
686.66,136.89,0.052113,0.030424
686.66,140.39,0.052088,0.030347
686.66,143.67,0.051959,0.030246
686.66,147.48,0.051992,0.030529
686.66,151.02,0.052325,0.030837
686.66,154.61,0.052399,0.030902
686.66,157.89,0.052411,0.033182
686.66,161.92,0.052479,0.031823
686.66,165.46,0.052846,0.032267
686.66,169.01,0.05288,0.032236
686.66,172.55,0.052384,0.030893
686.66,176.22,0.052347,0.031358
686.66,179.77,0.051968,0.030828
686.66,183.36,0.0517,0.030008
686.66,186.86,0.051268,0.029941
686.66,190.36,0.050896,0.029466
686.66,193.9,0.050585,0.029134
686.66,197.44,0.050668,0.028425
686.66,200.94,0.05064,0.028912
686.66,204.49,0.050597,0.028939
686.66,208.29,0.05105,0.029922
686.66,211.88,0.050923,0.030375
686.66,215.47,0.051398,0.03093
686.66,218.75,0.050794,0.030748
686.66,222.64,0.050868,0.030286
686.66,226.14,0.050486,0.03007
686.66,229.77,0.049971,0.029201
686.66,233.36,0.049747,0.027088
686.66,237.08,0.049426,0.027513
686.66,240.62,0.049164,0.027371
686.66,244.26,0.049112,0.027513
686.66,247.8,0.048807,0.027304
686.66,251.3,0.048422,0.027066
686.66,254.89,0.047987,0.027137
686.66,258.43,0.047615,0.027026
686.66,261.97,0.047217,0.026367
686.66,265.52,0.046512,0.02596
686.66,269.06,0.046145,0.025677
686.66,272.61,0.04564,0.025338
686.66,276.15,0.045372,0.024959
686.66,279.74,0.045005,0.024571
686.66,283.24,0.044654,0.024269
686.66,286.82,0.044204,0.023311
686.66,290.37,0.043785,0.023006
686.66,294.22,0.043542,0.020369
686.66,297.76,0.043111,0.021629
686.66,301.26,0.042766,0.021432
686.66,304.85,0.042282,0.021139
686.66,308.48,0.042233,0.021342
686.66,311.98,0.04271,0.021715
686.66,315.52,0.042766,0.02239
686.66,319.2,0.043163,0.023034
686.66,322.7,0.043912,0.023422
686.66,326.24,0.044352,0.023973
686.66,329.79,0.044965,0.024546
686.66,333.33,0.045606,0.025378
686.66,336.83,0.046419,0.025967
686.66,340.46,0.047285,0.025705
686.66,344.05,0.04796,0.026309
686.66,347.68,0.048684,0.027113
686.66,351.18,0.049408,0.027947
686.66,354.64,0.049759,0.028132
686.66,358.22,0.050329,0.028702
686.66,361.72,0.051216,0.029734
686.66,365.31,0.051965,0.030341
686.66,368.9,0.05259,0.031151
686.66,372.44,0.053145,0.031712
686.66,375.99,0.053419,0.032254
686.66,379.57,0.053052,0.032291
686.66,383.12,0.053142,0.032448
686.66,386.66,0.052649,0.032119
686.66,390.12,0.052002,0.031835
686.66,393.79,0.051903,0.031712
686.66,397.29,0.051694,0.031222
686.66,400.84,0.051592,0.031136
686.66,404.38,0.052103,0.031204
686.66,407.84,0.052399,0.031866
686.66,411.42,0.052772,0.032073
686.66,414.88,0.053456,0.031774
686.66,418.6,0.053933,0.032658
686.66,422.14,0.053856,0.032014
686.66,425.69,0.053465,0.031533
686.66,428.62,0.05353,0.031718
686.66,432.82,0.053653,0.031764
686.66,436.41,0.053588,0.031761
686.66,439.91,0.053437,0.031875
686.66,443.23,0.053644,0.032131
686.66,447.08,0.053182,0.031823
686.66,450.54,0.052753,0.031509
686.66,454.12,0.052476,0.031401
686.66,457.62,0.052023,0.031142
686.66,461.17,0.051626,0.030776
686.66,464.71,0.05141,0.030853
686.66,468.26,0.051318,0.0308
686.66,471.8,0.051133,0.0308
686.66,475.39,0.051302,0.030662
686.66,478.89,0.050893,0.03028
686.66,482.39,0.050563,0.029916
686.66,485.97,0.050483,0.029583
686.66,489.69,0.050079,0.027242
686.66,493.28,0.050082,0.028588
686.66,496.82,0.050246,0.028259
686.66,500.41,0.050187,0.028366
686.66,504.09,0.050092,0.028995
686.66,507.72,0.049762,0.029044
686.66,511.31,0.049836,0.0293
686.66,514.81,0.04974,0.029235
686.66,518.48,0.049734,0.029235
686.66,522.11,0.049549,0.028782
686.66,525.66,0.049066,0.027867
686.66,529.2,0.048724,0.027784
686.66,533.05,0.048597,0.025788
686.66,536.64,0.048829,0.026728
686.66,540.18,0.048671,0.027236
686.66,543.64,0.048687,0.02743
686.66,547.66,0.049032,0.029186
686.66,551.25,0.049103,0.028293
686.66,554.79,0.048641,0.027738
686.66,558.29,0.048551,0.027418
686.66,562.36,0.047963,0.025813
686.66,565.95,0.047652,0.026053
686.66,569.49,0.047183,0.026657
686.66,573.08,0.046909,0.026617
686.66,576.58,0.046617,0.02576
686.66,580.12,0.046111,0.025504
686.66,583.67,0.045532,0.024981
686.66,587.12,0.044611,0.024257
686.66,590.67,0.04373,0.023576
686.66,594.3,0.043135,0.022606
686.66,597.76,0.04296,0.022033
686.66,601.39,0.042664,0.021694
686.66,604.93,0.04267,0.021478
686.66,608.69,0.042809,0.019442
686.66,612.28,0.042775,0.021139
686.66,615.78,0.04304,0.021666
686.66,619.32,0.043028,0.02153
686.66,622.82,0.042966,0.021771
686.66,626.41,0.043024,0.02174
686.66,629.91,0.042898,0.021808
686.66,633.46,0.043462,0.022578
686.66,637.0,0.043856,0.023333
686.66,640.5,0.044254,0.02352
686.66,644.13,0.044611,0.023776
686.66,647.63,0.044965,0.024398
686.66,651.09,0.045264,0.02471
686.66,654.67,0.045779,0.02528
686.66,658.17,0.046025,0.025665
686.66,661.72,0.04649,0.026151
686.66,665.31,0.046623,0.02641
686.66,668.94,0.047196,0.025942
686.66,672.52,0.047572,0.025532
686.66,676.11,0.047565,0.025603
686.66,679.66,0.047491,0.025766
686.66,683.07,0.047602,0.025588
686.66,686.83,0.047344,0.025557
722.79,12.42,0.052729,0.026333
722.79,15.88,0.052695,0.031992
722.79,19.42,0.052827,0.032199
722.79,23.01,0.052236,0.031666
722.79,26.6,0.051694,0.031238
722.79,30.19,0.051176,0.028699
722.79,33.86,0.050963,0.029395
722.79,37.41,0.050886,0.029189
722.79,40.73,0.050809,0.028949
722.79,44.41,0.050837,0.029134
722.79,47.91,0.050828,0.029112
722.79,51.32,0.051342,0.029445
722.79,55.04,0.051561,0.029854
722.79,58.54,0.051851,0.030005
722.79,62.47,0.052418,0.03304
722.79,66.02,0.052639,0.032146
722.79,69.56,0.053228,0.032476
722.79,73.06,0.053243,0.032368
722.79,76.65,0.053493,0.032609
722.79,80.19,0.053829,0.033043
722.79,83.69,0.054081,0.033274
722.79,87.32,0.054291,0.032683
722.79,90.82,0.054663,0.033453
722.79,94.32,0.054093,0.0328
722.79,97.87,0.054164,0.033129
722.79,101.41,0.054343,0.032473
722.79,104.91,0.053958,0.032168
722.79,108.41,0.05344,0.031774
722.79,112.0,0.053252,0.031487
722.79,115.54,0.053148,0.031207
722.79,119.09,0.053021,0.031401
722.79,122.63,0.05352,0.031857
722.79,126.17,0.053788,0.032153
722.79,129.76,0.053878,0.032445
722.79,133.22,0.054251,0.033006
722.79,136.5,0.054161,0.033363
722.79,140.39,0.054275,0.033142
722.79,143.94,0.053822,0.033246
722.79,147.52,0.053884,0.033468
722.79,151.11,0.053373,0.033135
722.79,154.61,0.053533,0.032957
722.79,158.07,0.053003,0.032424
722.79,161.66,0.053031,0.032119
722.79,165.29,0.053083,0.032227
722.79,168.74,0.053135,0.032036
722.79,172.33,0.053172,0.032048
722.79,175.83,0.05332,0.031996
722.79,179.37,0.053604,0.032014
722.79,182.87,0.053884,0.031296
722.79,186.59,0.053946,0.032378
722.79,190.05,0.053912,0.031959
722.79,193.64,0.053792,0.032217
722.79,197.18,0.053619,0.031983
722.79,200.77,0.053098,0.031792
722.79,204.31,0.053138,0.031888
722.79,207.81,0.052753,0.031829
722.79,211.44,0.052491,0.031577
722.79,214.86,0.051949,0.031253
722.79,218.44,0.051925,0.031275
722.79,221.99,0.051617,0.03109
722.79,225.53,0.051145,0.030695
722.79,229.07,0.051077,0.030501
722.79,232.66,0.050816,0.030412
722.79,236.16,0.050498,0.029975
722.79,239.75,0.050529,0.028711
722.79,243.38,0.050948,0.029731
722.79,246.84,0.051167,0.030357
722.79,250.38,0.051684,0.029796
722.79,254.01,0.05206,0.030045
722.79,257.51,0.051999,0.03015
722.79,261.1,0.051949,0.030184
722.79,264.6,0.051592,0.029787
722.79,268.14,0.051687,0.030209
722.79,271.82,0.051068,0.030132
722.79,275.36,0.050227,0.02946
722.79,278.91,0.04975,0.028825
722.79,282.45,0.048841,0.028034
722.79,286.04,0.048126,0.028702
722.79,289.62,0.047202,0.026577
722.79,293.12,0.046373,0.025779
722.79,296.71,0.045557,0.025098
722.79,300.26,0.044485,0.023524
722.79,303.76,0.043767,0.023419
722.79,307.43,0.042793,0.021235
722.79,310.89,0.042036,0.020902
722.79,314.52,0.041506,0.019737
722.79,318.06,0.041524,0.019765
722.79,321.61,0.041506,0.019972
722.79,325.11,0.041925,0.02027
722.79,328.61,0.042954,0.021275
722.79,332.24,0.044374,0.022615
722.79,335.78,0.04605,0.024294
722.79,339.28,0.047485,0.026093
722.79,342.87,0.049167,0.027504
722.79,346.32,0.050113,0.028998
722.79,349.96,0.050988,0.030261
722.79,353.46,0.051546,0.0306
722.79,357.04,0.052254,0.031875
722.79,360.59,0.052713,0.032492
722.79,364.13,0.053157,0.032719
722.79,367.63,0.053502,0.032701
722.79,371.17,0.053801,0.032766
722.79,374.81,0.053825,0.032719
722.79,378.35,0.054127,0.0334
722.79,381.85,0.05458,0.032963
722.79,385.44,0.055119,0.033958
722.79,388.89,0.0554,0.033631
722.79,392.52,0.055754,0.033718
722.79,396.07,0.056339,0.034509
722.79,399.61,0.056857,0.034583
722.79,403.24,0.057341,0.03536
722.79,406.74,0.057538,0.035853
722.79,410.24,0.057682,0.03593
722.79,413.79,0.057892,0.036395
722.79,417.33,0.057784,0.036333
722.79,420.92,0.057726,0.036262
722.79,424.42,0.05718,0.035997
722.79,427.96,0.056885,0.036496
722.79,431.46,0.05665,0.035723
722.79,435.44,0.056262,0.033681
722.79,439.03,0.055812,0.034386
722.79,442.62,0.05535,0.03292
722.79,446.12,0.054981,0.033132
722.79,449.79,0.054679,0.03275
722.79,453.38,0.05454,0.032935
722.79,456.88,0.054611,0.033354
722.79,460.51,0.054716,0.033428
722.79,464.1,0.054596,0.034546
722.79,467.64,0.054691,0.034032
722.79,471.27,0.054134,0.033986
722.79,474.77,0.054263,0.033576
722.79,478.45,0.053859,0.032467
722.79,481.99,0.05356,0.032248
722.79,485.54,0.053142,0.032282
722.79,489.04,0.052778,0.031222
722.79,492.58,0.052371,0.029894
722.79,496.21,0.051962,0.030292
722.79,499.76,0.051718,0.029707
722.79,503.34,0.051635,0.029919
722.79,506.93,0.051617,0.029864
722.79,510.47,0.051641,0.03035
722.79,513.97,0.051638,0.030338
722.79,517.47,0.051675,0.03027
722.79,521.11,0.051962,0.03161
722.79,524.69,0.051654,0.030862
722.79,528.19,0.051466,0.030717
722.79,531.69,0.051595,0.030782
722.79,535.28,0.051894,0.031324
722.79,538.82,0.051968,0.031364
722.79,542.46,0.052368,0.031398
722.79,545.96,0.05202,0.03125
722.79,549.46,0.051694,0.03085
722.79,553.04,0.050652,0.029204
722.79,556.59,0.04975,0.027498
722.79,560.13,0.048641,0.028037
722.79,563.63,0.047692,0.026047
722.79,567.26,0.046832,0.024947
722.79,570.76,0.045936,0.024149
722.79,574.31,0.045742,0.02397
722.79,577.85,0.045434,0.023739
